# wavelength[A] tau flux flux_error
3.071000e+03 0.000000e+00 1.000000e+00 1.000000e-01
3.071010e+03 0.000000e+00 1.000000e+00 1.000000e-01
3.071020e+03 0.000000e+00 1.000000e+00 1.000000e-01
3.071030e+03 0.000000e+00 1.000000e+00 1.000000e-01
3.071040e+03 0.000000e+00 1.000000e+00 1.000000e-01
3.071050e+03 0.000000e+00 1.000000e+00 1.000000e-01
3.071060e+03 0.000000e+00 1.000000e+00 1.000000e-01
3.071070e+03 0.000000e+00 1.000000e+00 1.000000e-01
3.071080e+03 0.000000e+00 1.000000e+00 1.000000e-01
3.071090e+03 0.000000e+00 1.000000e+00 1.000000e-01
3.071100e+03 0.000000e+00 1.000000e+00 1.000000e-01
3.071110e+03 0.000000e+00 1.000000e+00 1.000000e-01
3.071120e+03 0.000000e+00 1.000000e+00 1.000000e-01
3.071130e+03 0.000000e+00 1.000000e+00 1.000000e-01
3.071140e+03 0.000000e+00 1.000000e+00 1.000000e-01
3.071150e+03 0.000000e+00 1.000000e+00 1.000000e-01
3.071160e+03 0.000000e+00 1.000000e+00 1.000000e-01
3.071170e+03 0.000000e+00 1.000000e+00 1.000000e-01
3.071180e+03 0.000000e+00 1.000000e+00 1.000000e-01
3.071190e+03 0.000000e+00 1.000000e+00 1.000000e-01
3.071200e+03 0.000000e+00 1.000000e+00 1.000000e-01
3.071210e+03 0.000000e+00 1.000000e+00 1.000000e-01
3.071220e+03 0.000000e+00 1.000000e+00 1.000000e-01
3.071230e+03 0.000000e+00 1.000000e+00 1.000000e-01
3.071240e+03 0.000000e+00 1.000000e+00 1.000000e-01
3.071250e+03 0.000000e+00 1.000000e+00 1.000000e-01
3.071260e+03 0.000000e+00 1.000000e+00 1.000000e-01
3.071270e+03 0.000000e+00 1.000000e+00 1.000000e-01
3.071280e+03 0.000000e+00 1.000000e+00 1.000000e-01
3.071290e+03 0.000000e+00 1.000000e+00 1.000000e-01
3.071300e+03 0.000000e+00 1.000000e+00 1.000000e-01
3.071310e+03 0.000000e+00 1.000000e+00 1.000000e-01
3.071320e+03 0.000000e+00 1.000000e+00 1.000000e-01
3.071330e+03 0.000000e+00 1.000000e+00 1.000000e-01
3.071340e+03 0.000000e+00 1.000000e+00 1.000000e-01
3.071350e+03 0.000000e+00 1.000000e+00 1.000000e-01
3.071360e+03 0.000000e+00 1.000000e+00 1.000000e-01
3.071370e+03 0.000000e+00 1.000000e+00 1.000000e-01
3.071380e+03 0.000000e+00 1.000000e+00 1.000000e-01
3.071390e+03 0.000000e+00 1.000000e+00 1.000000e-01
3.071400e+03 0.000000e+00 1.000000e+00 1.000000e-01
3.071410e+03 0.000000e+00 1.000000e+00 1.000000e-01
3.071420e+03 0.000000e+00 1.000000e+00 1.000000e-01
3.071430e+03 0.000000e+00 1.000000e+00 1.000000e-01
3.071440e+03 0.000000e+00 1.000000e+00 1.000000e-01
3.071450e+03 0.000000e+00 1.000000e+00 1.000000e-01
3.071460e+03 0.000000e+00 1.000000e+00 1.000000e-01
3.071470e+03 0.000000e+00 1.000000e+00 1.000000e-01
3.071480e+03 0.000000e+00 1.000000e+00 1.000000e-01
3.071490e+03 0.000000e+00 1.000000e+00 1.000000e-01
3.071500e+03 0.000000e+00 1.000000e+00 1.000000e-01
3.071510e+03 0.000000e+00 1.000000e+00 1.000000e-01
3.071520e+03 0.000000e+00 1.000000e+00 1.000000e-01
3.071530e+03 0.000000e+00 1.000000e+00 1.000000e-01
3.071540e+03 0.000000e+00 1.000000e+00 1.000000e-01
3.071550e+03 0.000000e+00 1.000000e+00 1.000000e-01
3.071560e+03 0.000000e+00 1.000000e+00 1.000000e-01
3.071570e+03 0.000000e+00 1.000000e+00 1.000000e-01
3.071580e+03 0.000000e+00 1.000000e+00 1.000000e-01
3.071590e+03 0.000000e+00 1.000000e+00 1.000000e-01
3.071600e+03 0.000000e+00 1.000000e+00 1.000000e-01
3.071610e+03 0.000000e+00 1.000000e+00 1.000000e-01
3.071620e+03 0.000000e+00 1.000000e+00 1.000000e-01
3.071630e+03 0.000000e+00 1.000000e+00 1.000000e-01
3.071640e+03 0.000000e+00 1.000000e+00 1.000000e-01
3.071650e+03 0.000000e+00 1.000000e+00 1.000000e-01
3.071660e+03 0.000000e+00 1.000000e+00 1.000000e-01
3.071670e+03 0.000000e+00 1.000000e+00 1.000000e-01
3.071680e+03 0.000000e+00 1.000000e+00 1.000000e-01
3.071690e+03 0.000000e+00 1.000000e+00 1.000000e-01
3.071700e+03 0.000000e+00 1.000000e+00 1.000000e-01
3.071710e+03 0.000000e+00 1.000000e+00 1.000000e-01
3.071720e+03 0.000000e+00 1.000000e+00 1.000000e-01
3.071730e+03 0.000000e+00 1.000000e+00 1.000000e-01
3.071740e+03 0.000000e+00 1.000000e+00 1.000000e-01
3.071750e+03 0.000000e+00 1.000000e+00 1.000000e-01
3.071760e+03 0.000000e+00 1.000000e+00 1.000000e-01
3.071770e+03 0.000000e+00 1.000000e+00 1.000000e-01
3.071780e+03 0.000000e+00 1.000000e+00 1.000000e-01
3.071790e+03 0.000000e+00 1.000000e+00 1.000000e-01
3.071800e+03 0.000000e+00 1.000000e+00 1.000000e-01
3.071810e+03 0.000000e+00 1.000000e+00 1.000000e-01
3.071820e+03 0.000000e+00 1.000000e+00 1.000000e-01
3.071830e+03 0.000000e+00 1.000000e+00 1.000000e-01
3.071840e+03 0.000000e+00 1.000000e+00 1.000000e-01
3.071850e+03 0.000000e+00 1.000000e+00 1.000000e-01
3.071860e+03 0.000000e+00 1.000000e+00 1.000000e-01
3.071870e+03 0.000000e+00 1.000000e+00 1.000000e-01
3.071880e+03 0.000000e+00 1.000000e+00 1.000000e-01
3.071890e+03 0.000000e+00 1.000000e+00 1.000000e-01
3.071900e+03 0.000000e+00 1.000000e+00 1.000000e-01
3.071910e+03 0.000000e+00 1.000000e+00 1.000000e-01
3.071920e+03 0.000000e+00 1.000000e+00 1.000000e-01
3.071930e+03 0.000000e+00 1.000000e+00 1.000000e-01
3.071940e+03 0.000000e+00 1.000000e+00 1.000000e-01
3.071950e+03 0.000000e+00 1.000000e+00 1.000000e-01
3.071960e+03 0.000000e+00 1.000000e+00 1.000000e-01
3.071970e+03 0.000000e+00 1.000000e+00 1.000000e-01
3.071980e+03 0.000000e+00 1.000000e+00 1.000000e-01
3.071990e+03 0.000000e+00 1.000000e+00 1.000000e-01
3.072000e+03 0.000000e+00 1.000000e+00 1.000000e-01
3.072010e+03 0.000000e+00 1.000000e+00 1.000000e-01
3.072020e+03 0.000000e+00 1.000000e+00 1.000000e-01
3.072030e+03 0.000000e+00 1.000000e+00 1.000000e-01
3.072040e+03 0.000000e+00 1.000000e+00 1.000000e-01
3.072050e+03 0.000000e+00 1.000000e+00 1.000000e-01
3.072060e+03 0.000000e+00 1.000000e+00 1.000000e-01
3.072070e+03 0.000000e+00 1.000000e+00 1.000000e-01
3.072080e+03 0.000000e+00 1.000000e+00 1.000000e-01
3.072090e+03 0.000000e+00 1.000000e+00 1.000000e-01
3.072100e+03 0.000000e+00 1.000000e+00 1.000000e-01
3.072110e+03 0.000000e+00 1.000000e+00 1.000000e-01
3.072120e+03 0.000000e+00 1.000000e+00 1.000000e-01
3.072130e+03 0.000000e+00 1.000000e+00 1.000000e-01
3.072140e+03 0.000000e+00 1.000000e+00 1.000000e-01
3.072150e+03 0.000000e+00 1.000000e+00 1.000000e-01
3.072160e+03 0.000000e+00 1.000000e+00 1.000000e-01
3.072170e+03 0.000000e+00 1.000000e+00 1.000000e-01
3.072180e+03 0.000000e+00 1.000000e+00 1.000000e-01
3.072190e+03 0.000000e+00 1.000000e+00 1.000000e-01
3.072200e+03 0.000000e+00 1.000000e+00 1.000000e-01
3.072210e+03 0.000000e+00 1.000000e+00 1.000000e-01
3.072220e+03 0.000000e+00 1.000000e+00 1.000000e-01
3.072230e+03 0.000000e+00 1.000000e+00 1.000000e-01
3.072240e+03 0.000000e+00 1.000000e+00 1.000000e-01
3.072250e+03 0.000000e+00 1.000000e+00 1.000000e-01
3.072260e+03 0.000000e+00 1.000000e+00 1.000000e-01
3.072270e+03 0.000000e+00 1.000000e+00 1.000000e-01
3.072280e+03 0.000000e+00 1.000000e+00 1.000000e-01
3.072290e+03 0.000000e+00 1.000000e+00 1.000000e-01
3.072300e+03 0.000000e+00 1.000000e+00 1.000000e-01
3.072310e+03 0.000000e+00 1.000000e+00 1.000000e-01
3.072320e+03 0.000000e+00 1.000000e+00 1.000000e-01
3.072330e+03 0.000000e+00 1.000000e+00 1.000000e-01
3.072340e+03 0.000000e+00 1.000000e+00 1.000000e-01
3.072350e+03 0.000000e+00 1.000000e+00 1.000000e-01
3.072360e+03 0.000000e+00 1.000000e+00 1.000000e-01
3.072370e+03 0.000000e+00 1.000000e+00 1.000000e-01
3.072380e+03 0.000000e+00 1.000000e+00 1.000000e-01
3.072390e+03 0.000000e+00 1.000000e+00 1.000000e-01
3.072400e+03 0.000000e+00 1.000000e+00 1.000000e-01
3.072410e+03 0.000000e+00 1.000000e+00 1.000000e-01
3.072420e+03 0.000000e+00 1.000000e+00 1.000000e-01
3.072430e+03 0.000000e+00 1.000000e+00 1.000000e-01
3.072440e+03 0.000000e+00 1.000000e+00 1.000000e-01
3.072450e+03 0.000000e+00 1.000000e+00 1.000000e-01
3.072460e+03 0.000000e+00 1.000000e+00 1.000000e-01
3.072470e+03 0.000000e+00 1.000000e+00 1.000000e-01
3.072480e+03 0.000000e+00 1.000000e+00 1.000000e-01
3.072490e+03 0.000000e+00 1.000000e+00 1.000000e-01
3.072500e+03 0.000000e+00 1.000000e+00 1.000000e-01
3.072510e+03 0.000000e+00 1.000000e+00 1.000000e-01
3.072520e+03 0.000000e+00 1.000000e+00 1.000000e-01
3.072530e+03 0.000000e+00 1.000000e+00 1.000000e-01
3.072540e+03 0.000000e+00 1.000000e+00 1.000000e-01
3.072550e+03 0.000000e+00 1.000000e+00 1.000000e-01
3.072560e+03 0.000000e+00 1.000000e+00 1.000000e-01
3.072570e+03 0.000000e+00 1.000000e+00 1.000000e-01
3.072580e+03 0.000000e+00 1.000000e+00 1.000000e-01
3.072590e+03 0.000000e+00 1.000000e+00 1.000000e-01
3.072600e+03 0.000000e+00 1.000000e+00 1.000000e-01
3.072610e+03 0.000000e+00 1.000000e+00 1.000000e-01
3.072620e+03 0.000000e+00 1.000000e+00 1.000000e-01
3.072630e+03 0.000000e+00 1.000000e+00 1.000000e-01
3.072640e+03 0.000000e+00 1.000000e+00 1.000000e-01
3.072650e+03 0.000000e+00 1.000000e+00 1.000000e-01
3.072660e+03 0.000000e+00 1.000000e+00 1.000000e-01
3.072670e+03 0.000000e+00 1.000000e+00 1.000000e-01
3.072680e+03 0.000000e+00 1.000000e+00 1.000000e-01
3.072690e+03 0.000000e+00 1.000000e+00 1.000000e-01
3.072700e+03 0.000000e+00 1.000000e+00 1.000000e-01
3.072710e+03 0.000000e+00 1.000000e+00 1.000000e-01
3.072720e+03 0.000000e+00 1.000000e+00 1.000000e-01
3.072730e+03 0.000000e+00 1.000000e+00 1.000000e-01
3.072740e+03 0.000000e+00 1.000000e+00 1.000000e-01
3.072750e+03 0.000000e+00 1.000000e+00 1.000000e-01
3.072760e+03 0.000000e+00 1.000000e+00 1.000000e-01
3.072770e+03 0.000000e+00 1.000000e+00 1.000000e-01
3.072780e+03 0.000000e+00 1.000000e+00 1.000000e-01
3.072790e+03 0.000000e+00 1.000000e+00 1.000000e-01
3.072800e+03 0.000000e+00 1.000000e+00 1.000000e-01
3.072810e+03 0.000000e+00 1.000000e+00 1.000000e-01
3.072820e+03 0.000000e+00 1.000000e+00 1.000000e-01
3.072830e+03 0.000000e+00 1.000000e+00 1.000000e-01
3.072840e+03 0.000000e+00 1.000000e+00 1.000000e-01
3.072850e+03 0.000000e+00 1.000000e+00 1.000000e-01
3.072860e+03 0.000000e+00 1.000000e+00 1.000000e-01
3.072870e+03 0.000000e+00 1.000000e+00 1.000000e-01
3.072880e+03 0.000000e+00 1.000000e+00 1.000000e-01
3.072890e+03 0.000000e+00 1.000000e+00 1.000000e-01
3.072900e+03 0.000000e+00 1.000000e+00 1.000000e-01
3.072910e+03 0.000000e+00 1.000000e+00 1.000000e-01
3.072920e+03 0.000000e+00 1.000000e+00 1.000000e-01
3.072930e+03 0.000000e+00 1.000000e+00 1.000000e-01
3.072940e+03 0.000000e+00 1.000000e+00 1.000000e-01
3.072950e+03 0.000000e+00 1.000000e+00 1.000000e-01
3.072960e+03 0.000000e+00 1.000000e+00 1.000000e-01
3.072970e+03 0.000000e+00 1.000000e+00 1.000000e-01
3.072980e+03 0.000000e+00 1.000000e+00 1.000000e-01
3.072990e+03 0.000000e+00 1.000000e+00 1.000000e-01
3.073000e+03 0.000000e+00 1.000000e+00 1.000000e-01
3.073010e+03 0.000000e+00 1.000000e+00 1.000000e-01
3.073020e+03 0.000000e+00 1.000000e+00 1.000000e-01
3.073030e+03 0.000000e+00 1.000000e+00 1.000000e-01
3.073040e+03 0.000000e+00 1.000000e+00 1.000000e-01
3.073050e+03 0.000000e+00 1.000000e+00 1.000000e-01
3.073060e+03 0.000000e+00 1.000000e+00 1.000000e-01
3.073070e+03 0.000000e+00 1.000000e+00 1.000000e-01
3.073080e+03 0.000000e+00 1.000000e+00 1.000000e-01
3.073090e+03 0.000000e+00 1.000000e+00 1.000000e-01
3.073100e+03 0.000000e+00 1.000000e+00 1.000000e-01
3.073110e+03 0.000000e+00 1.000000e+00 1.000000e-01
3.073120e+03 0.000000e+00 1.000000e+00 1.000000e-01
3.073130e+03 0.000000e+00 1.000000e+00 1.000000e-01
3.073140e+03 0.000000e+00 1.000000e+00 1.000000e-01
3.073150e+03 0.000000e+00 1.000000e+00 1.000000e-01
3.073160e+03 0.000000e+00 1.000000e+00 1.000000e-01
3.073170e+03 0.000000e+00 1.000000e+00 1.000000e-01
3.073180e+03 0.000000e+00 1.000000e+00 1.000000e-01
3.073190e+03 0.000000e+00 1.000000e+00 1.000000e-01
3.073200e+03 0.000000e+00 1.000000e+00 1.000000e-01
3.073210e+03 0.000000e+00 1.000000e+00 1.000000e-01
3.073220e+03 0.000000e+00 1.000000e+00 1.000000e-01
3.073230e+03 0.000000e+00 1.000000e+00 1.000000e-01
3.073240e+03 0.000000e+00 1.000000e+00 1.000000e-01
3.073250e+03 0.000000e+00 1.000000e+00 1.000000e-01
3.073260e+03 0.000000e+00 1.000000e+00 1.000000e-01
3.073270e+03 0.000000e+00 1.000000e+00 1.000000e-01
3.073280e+03 0.000000e+00 1.000000e+00 1.000000e-01
3.073290e+03 0.000000e+00 1.000000e+00 1.000000e-01
3.073300e+03 0.000000e+00 1.000000e+00 1.000000e-01
3.073310e+03 0.000000e+00 1.000000e+00 1.000000e-01
3.073320e+03 0.000000e+00 1.000000e+00 1.000000e-01
3.073330e+03 0.000000e+00 1.000000e+00 1.000000e-01
3.073340e+03 0.000000e+00 1.000000e+00 1.000000e-01
3.073350e+03 0.000000e+00 1.000000e+00 1.000000e-01
3.073360e+03 0.000000e+00 1.000000e+00 1.000000e-01
3.073370e+03 0.000000e+00 1.000000e+00 1.000000e-01
3.073380e+03 0.000000e+00 1.000000e+00 1.000000e-01
3.073390e+03 0.000000e+00 1.000000e+00 1.000000e-01
3.073400e+03 0.000000e+00 1.000000e+00 1.000000e-01
3.073410e+03 0.000000e+00 1.000000e+00 1.000000e-01
3.073420e+03 0.000000e+00 1.000000e+00 1.000000e-01
3.073430e+03 0.000000e+00 1.000000e+00 1.000000e-01
3.073440e+03 0.000000e+00 1.000000e+00 1.000000e-01
3.073450e+03 0.000000e+00 1.000000e+00 1.000000e-01
3.073460e+03 0.000000e+00 1.000000e+00 1.000000e-01
3.073470e+03 0.000000e+00 1.000000e+00 1.000000e-01
3.073480e+03 0.000000e+00 1.000000e+00 1.000000e-01
3.073490e+03 0.000000e+00 1.000000e+00 1.000000e-01
3.073500e+03 0.000000e+00 1.000000e+00 1.000000e-01
3.073510e+03 0.000000e+00 1.000000e+00 1.000000e-01
3.073520e+03 0.000000e+00 1.000000e+00 1.000000e-01
3.073530e+03 0.000000e+00 1.000000e+00 1.000000e-01
3.073540e+03 0.000000e+00 1.000000e+00 1.000000e-01
3.073550e+03 0.000000e+00 1.000000e+00 1.000000e-01
3.073560e+03 0.000000e+00 1.000000e+00 1.000000e-01
3.073570e+03 0.000000e+00 1.000000e+00 1.000000e-01
3.073580e+03 0.000000e+00 1.000000e+00 1.000000e-01
3.073590e+03 0.000000e+00 1.000000e+00 1.000000e-01
3.073600e+03 0.000000e+00 1.000000e+00 1.000000e-01
3.073610e+03 0.000000e+00 1.000000e+00 1.000000e-01
3.073620e+03 0.000000e+00 1.000000e+00 1.000000e-01
3.073630e+03 0.000000e+00 1.000000e+00 1.000000e-01
3.073640e+03 0.000000e+00 1.000000e+00 1.000000e-01
3.073650e+03 0.000000e+00 1.000000e+00 1.000000e-01
3.073660e+03 0.000000e+00 1.000000e+00 1.000000e-01
3.073670e+03 0.000000e+00 1.000000e+00 1.000000e-01
3.073680e+03 0.000000e+00 1.000000e+00 1.000000e-01
3.073690e+03 0.000000e+00 1.000000e+00 1.000000e-01
3.073700e+03 0.000000e+00 1.000000e+00 1.000000e-01
3.073710e+03 0.000000e+00 1.000000e+00 1.000000e-01
3.073720e+03 0.000000e+00 1.000000e+00 1.000000e-01
3.073730e+03 0.000000e+00 1.000000e+00 1.000000e-01
3.073740e+03 0.000000e+00 1.000000e+00 1.000000e-01
3.073750e+03 0.000000e+00 1.000000e+00 1.000000e-01
3.073760e+03 0.000000e+00 1.000000e+00 1.000000e-01
3.073770e+03 0.000000e+00 1.000000e+00 1.000000e-01
3.073780e+03 0.000000e+00 1.000000e+00 1.000000e-01
3.073790e+03 0.000000e+00 1.000000e+00 1.000000e-01
3.073800e+03 0.000000e+00 1.000000e+00 1.000000e-01
3.073810e+03 0.000000e+00 1.000000e+00 1.000000e-01
3.073820e+03 0.000000e+00 1.000000e+00 1.000000e-01
3.073830e+03 0.000000e+00 1.000000e+00 1.000000e-01
3.073840e+03 0.000000e+00 1.000000e+00 1.000000e-01
3.073850e+03 0.000000e+00 1.000000e+00 1.000000e-01
3.073860e+03 0.000000e+00 1.000000e+00 1.000000e-01
3.073870e+03 0.000000e+00 1.000000e+00 1.000000e-01
3.073880e+03 0.000000e+00 1.000000e+00 1.000000e-01
3.073890e+03 0.000000e+00 1.000000e+00 1.000000e-01
3.073900e+03 0.000000e+00 1.000000e+00 1.000000e-01
3.073910e+03 0.000000e+00 1.000000e+00 1.000000e-01
3.073920e+03 0.000000e+00 1.000000e+00 1.000000e-01
3.073930e+03 0.000000e+00 1.000000e+00 1.000000e-01
3.073940e+03 0.000000e+00 1.000000e+00 1.000000e-01
3.073950e+03 0.000000e+00 1.000000e+00 1.000000e-01
3.073960e+03 0.000000e+00 1.000000e+00 1.000000e-01
3.073970e+03 0.000000e+00 1.000000e+00 1.000000e-01
3.073980e+03 0.000000e+00 1.000000e+00 1.000000e-01
3.073990e+03 0.000000e+00 1.000000e+00 1.000000e-01
3.074000e+03 0.000000e+00 1.000000e+00 1.000000e-01
3.074010e+03 0.000000e+00 1.000000e+00 1.000000e-01
3.074020e+03 0.000000e+00 1.000000e+00 1.000000e-01
3.074030e+03 0.000000e+00 1.000000e+00 1.000000e-01
3.074040e+03 0.000000e+00 1.000000e+00 1.000000e-01
3.074050e+03 0.000000e+00 1.000000e+00 1.000000e-01
3.074060e+03 0.000000e+00 1.000000e+00 1.000000e-01
3.074070e+03 0.000000e+00 1.000000e+00 1.000000e-01
3.074080e+03 0.000000e+00 1.000000e+00 1.000000e-01
3.074090e+03 0.000000e+00 1.000000e+00 1.000000e-01
3.074100e+03 0.000000e+00 1.000000e+00 1.000000e-01
3.074110e+03 0.000000e+00 1.000000e+00 1.000000e-01
3.074120e+03 0.000000e+00 1.000000e+00 1.000000e-01
3.074130e+03 0.000000e+00 1.000000e+00 1.000000e-01
3.074140e+03 0.000000e+00 1.000000e+00 1.000000e-01
3.074150e+03 0.000000e+00 1.000000e+00 1.000000e-01
3.074160e+03 0.000000e+00 1.000000e+00 1.000000e-01
3.074170e+03 0.000000e+00 1.000000e+00 1.000000e-01
3.074180e+03 0.000000e+00 1.000000e+00 1.000000e-01
3.074190e+03 0.000000e+00 1.000000e+00 1.000000e-01
3.074200e+03 0.000000e+00 1.000000e+00 1.000000e-01
3.074210e+03 0.000000e+00 1.000000e+00 1.000000e-01
3.074220e+03 0.000000e+00 1.000000e+00 1.000000e-01
3.074230e+03 0.000000e+00 1.000000e+00 1.000000e-01
3.074240e+03 0.000000e+00 1.000000e+00 1.000000e-01
3.074250e+03 0.000000e+00 1.000000e+00 1.000000e-01
3.074260e+03 0.000000e+00 1.000000e+00 1.000000e-01
3.074270e+03 0.000000e+00 1.000000e+00 1.000000e-01
3.074280e+03 0.000000e+00 1.000000e+00 1.000000e-01
3.074290e+03 0.000000e+00 1.000000e+00 1.000000e-01
3.074300e+03 0.000000e+00 1.000000e+00 1.000000e-01
3.074310e+03 0.000000e+00 1.000000e+00 1.000000e-01
3.074320e+03 0.000000e+00 1.000000e+00 1.000000e-01
3.074330e+03 0.000000e+00 1.000000e+00 1.000000e-01
3.074340e+03 0.000000e+00 1.000000e+00 1.000000e-01
3.074350e+03 0.000000e+00 1.000000e+00 1.000000e-01
3.074360e+03 0.000000e+00 1.000000e+00 1.000000e-01
3.074370e+03 0.000000e+00 1.000000e+00 1.000000e-01
3.074380e+03 0.000000e+00 1.000000e+00 1.000000e-01
3.074390e+03 0.000000e+00 1.000000e+00 1.000000e-01
3.074400e+03 0.000000e+00 1.000000e+00 1.000000e-01
3.074410e+03 0.000000e+00 1.000000e+00 1.000000e-01
3.074420e+03 0.000000e+00 1.000000e+00 1.000000e-01
3.074430e+03 0.000000e+00 1.000000e+00 1.000000e-01
3.074440e+03 0.000000e+00 1.000000e+00 1.000000e-01
3.074450e+03 0.000000e+00 1.000000e+00 1.000000e-01
3.074460e+03 0.000000e+00 1.000000e+00 1.000000e-01
3.074470e+03 0.000000e+00 1.000000e+00 1.000000e-01
3.074480e+03 0.000000e+00 1.000000e+00 1.000000e-01
3.074490e+03 0.000000e+00 1.000000e+00 1.000000e-01
3.074500e+03 0.000000e+00 1.000000e+00 1.000000e-01
3.074510e+03 0.000000e+00 1.000000e+00 1.000000e-01
3.074520e+03 0.000000e+00 1.000000e+00 1.000000e-01
3.074530e+03 0.000000e+00 1.000000e+00 1.000000e-01
3.074540e+03 0.000000e+00 1.000000e+00 1.000000e-01
3.074550e+03 0.000000e+00 1.000000e+00 1.000000e-01
3.074560e+03 0.000000e+00 1.000000e+00 1.000000e-01
3.074570e+03 0.000000e+00 1.000000e+00 1.000000e-01
3.074580e+03 0.000000e+00 1.000000e+00 1.000000e-01
3.074590e+03 0.000000e+00 1.000000e+00 1.000000e-01
3.074600e+03 0.000000e+00 1.000000e+00 1.000000e-01
3.074610e+03 0.000000e+00 1.000000e+00 1.000000e-01
3.074620e+03 0.000000e+00 1.000000e+00 1.000000e-01
3.074630e+03 0.000000e+00 1.000000e+00 1.000000e-01
3.074640e+03 0.000000e+00 1.000000e+00 1.000000e-01
3.074650e+03 0.000000e+00 1.000000e+00 1.000000e-01
3.074660e+03 0.000000e+00 1.000000e+00 1.000000e-01
3.074670e+03 0.000000e+00 1.000000e+00 1.000000e-01
3.074680e+03 0.000000e+00 1.000000e+00 1.000000e-01
3.074690e+03 0.000000e+00 1.000000e+00 1.000000e-01
3.074700e+03 0.000000e+00 1.000000e+00 1.000000e-01
3.074710e+03 0.000000e+00 1.000000e+00 1.000000e-01
3.074720e+03 0.000000e+00 1.000000e+00 1.000000e-01
3.074730e+03 0.000000e+00 1.000000e+00 1.000000e-01
3.074740e+03 0.000000e+00 1.000000e+00 1.000000e-01
3.074750e+03 0.000000e+00 1.000000e+00 1.000000e-01
3.074760e+03 0.000000e+00 1.000000e+00 1.000000e-01
3.074770e+03 0.000000e+00 1.000000e+00 1.000000e-01
3.074780e+03 0.000000e+00 1.000000e+00 1.000000e-01
3.074790e+03 0.000000e+00 1.000000e+00 1.000000e-01
3.074800e+03 0.000000e+00 1.000000e+00 1.000000e-01
3.074810e+03 0.000000e+00 1.000000e+00 1.000000e-01
3.074820e+03 0.000000e+00 1.000000e+00 1.000000e-01
3.074830e+03 0.000000e+00 1.000000e+00 1.000000e-01
3.074840e+03 0.000000e+00 1.000000e+00 1.000000e-01
3.074850e+03 0.000000e+00 1.000000e+00 1.000000e-01
3.074860e+03 0.000000e+00 1.000000e+00 1.000000e-01
3.074870e+03 0.000000e+00 1.000000e+00 1.000000e-01
3.074880e+03 0.000000e+00 1.000000e+00 1.000000e-01
3.074890e+03 0.000000e+00 1.000000e+00 1.000000e-01
3.074900e+03 0.000000e+00 1.000000e+00 1.000000e-01
3.074910e+03 0.000000e+00 1.000000e+00 1.000000e-01
3.074920e+03 0.000000e+00 1.000000e+00 1.000000e-01
3.074930e+03 0.000000e+00 1.000000e+00 1.000000e-01
3.074940e+03 0.000000e+00 1.000000e+00 1.000000e-01
3.074950e+03 0.000000e+00 1.000000e+00 1.000000e-01
3.074960e+03 0.000000e+00 1.000000e+00 1.000000e-01
3.074970e+03 0.000000e+00 1.000000e+00 1.000000e-01
3.074980e+03 0.000000e+00 1.000000e+00 1.000000e-01
3.074990e+03 0.000000e+00 1.000000e+00 1.000000e-01
3.075000e+03 0.000000e+00 1.000000e+00 1.000000e-01
3.075010e+03 0.000000e+00 1.000000e+00 1.000000e-01
3.075020e+03 0.000000e+00 1.000000e+00 1.000000e-01
3.075030e+03 0.000000e+00 1.000000e+00 1.000000e-01
3.075040e+03 0.000000e+00 1.000000e+00 1.000000e-01
3.075050e+03 0.000000e+00 1.000000e+00 1.000000e-01
3.075060e+03 0.000000e+00 1.000000e+00 1.000000e-01
3.075070e+03 0.000000e+00 1.000000e+00 1.000000e-01
3.075080e+03 0.000000e+00 1.000000e+00 1.000000e-01
3.075090e+03 0.000000e+00 1.000000e+00 1.000000e-01
3.075100e+03 0.000000e+00 1.000000e+00 1.000000e-01
3.075110e+03 0.000000e+00 1.000000e+00 1.000000e-01
3.075120e+03 0.000000e+00 1.000000e+00 1.000000e-01
3.075130e+03 0.000000e+00 1.000000e+00 1.000000e-01
3.075140e+03 0.000000e+00 1.000000e+00 1.000000e-01
3.075150e+03 0.000000e+00 1.000000e+00 1.000000e-01
3.075160e+03 0.000000e+00 1.000000e+00 1.000000e-01
3.075170e+03 0.000000e+00 1.000000e+00 1.000000e-01
3.075180e+03 0.000000e+00 1.000000e+00 1.000000e-01
3.075190e+03 0.000000e+00 1.000000e+00 1.000000e-01
3.075200e+03 0.000000e+00 1.000000e+00 1.000000e-01
3.075210e+03 0.000000e+00 1.000000e+00 1.000000e-01
3.075220e+03 0.000000e+00 1.000000e+00 1.000000e-01
3.075230e+03 0.000000e+00 1.000000e+00 1.000000e-01
3.075240e+03 0.000000e+00 1.000000e+00 1.000000e-01
3.075250e+03 0.000000e+00 1.000000e+00 1.000000e-01
3.075260e+03 0.000000e+00 1.000000e+00 1.000000e-01
3.075270e+03 0.000000e+00 1.000000e+00 1.000000e-01
3.075280e+03 0.000000e+00 1.000000e+00 1.000000e-01
3.075290e+03 0.000000e+00 1.000000e+00 1.000000e-01
3.075300e+03 0.000000e+00 1.000000e+00 1.000000e-01
3.075310e+03 0.000000e+00 1.000000e+00 1.000000e-01
3.075320e+03 0.000000e+00 1.000000e+00 1.000000e-01
3.075330e+03 0.000000e+00 1.000000e+00 1.000000e-01
3.075340e+03 0.000000e+00 1.000000e+00 1.000000e-01
3.075350e+03 0.000000e+00 1.000000e+00 1.000000e-01
3.075360e+03 0.000000e+00 1.000000e+00 1.000000e-01
3.075370e+03 0.000000e+00 1.000000e+00 1.000000e-01
3.075380e+03 0.000000e+00 1.000000e+00 1.000000e-01
3.075390e+03 0.000000e+00 1.000000e+00 1.000000e-01
3.075400e+03 0.000000e+00 1.000000e+00 1.000000e-01
3.075410e+03 0.000000e+00 1.000000e+00 1.000000e-01
3.075420e+03 0.000000e+00 1.000000e+00 1.000000e-01
3.075430e+03 0.000000e+00 1.000000e+00 1.000000e-01
3.075440e+03 0.000000e+00 1.000000e+00 1.000000e-01
3.075450e+03 0.000000e+00 1.000000e+00 1.000000e-01
3.075460e+03 0.000000e+00 1.000000e+00 1.000000e-01
3.075470e+03 0.000000e+00 1.000000e+00 1.000000e-01
3.075480e+03 0.000000e+00 1.000000e+00 1.000000e-01
3.075490e+03 0.000000e+00 1.000000e+00 1.000000e-01
3.075500e+03 0.000000e+00 1.000000e+00 1.000000e-01
3.075510e+03 0.000000e+00 1.000000e+00 1.000000e-01
3.075520e+03 0.000000e+00 1.000000e+00 1.000000e-01
3.075530e+03 0.000000e+00 1.000000e+00 1.000000e-01
3.075540e+03 0.000000e+00 1.000000e+00 1.000000e-01
3.075550e+03 0.000000e+00 1.000000e+00 1.000000e-01
3.075560e+03 0.000000e+00 1.000000e+00 1.000000e-01
3.075570e+03 0.000000e+00 1.000000e+00 1.000000e-01
3.075580e+03 0.000000e+00 1.000000e+00 1.000000e-01
3.075590e+03 0.000000e+00 1.000000e+00 1.000000e-01
3.075600e+03 0.000000e+00 1.000000e+00 1.000000e-01
3.075610e+03 0.000000e+00 1.000000e+00 1.000000e-01
3.075620e+03 0.000000e+00 1.000000e+00 1.000000e-01
3.075630e+03 0.000000e+00 1.000000e+00 1.000000e-01
3.075640e+03 0.000000e+00 1.000000e+00 1.000000e-01
3.075650e+03 0.000000e+00 1.000000e+00 1.000000e-01
3.075660e+03 0.000000e+00 1.000000e+00 1.000000e-01
3.075670e+03 0.000000e+00 1.000000e+00 1.000000e-01
3.075680e+03 0.000000e+00 1.000000e+00 1.000000e-01
3.075690e+03 0.000000e+00 1.000000e+00 1.000000e-01
3.075700e+03 0.000000e+00 1.000000e+00 1.000000e-01
3.075710e+03 0.000000e+00 1.000000e+00 1.000000e-01
3.075720e+03 0.000000e+00 1.000000e+00 1.000000e-01
3.075730e+03 0.000000e+00 1.000000e+00 1.000000e-01
3.075740e+03 0.000000e+00 1.000000e+00 1.000000e-01
3.075750e+03 0.000000e+00 1.000000e+00 1.000000e-01
3.075760e+03 0.000000e+00 1.000000e+00 1.000000e-01
3.075770e+03 0.000000e+00 1.000000e+00 1.000000e-01
3.075780e+03 0.000000e+00 1.000000e+00 1.000000e-01
3.075790e+03 0.000000e+00 1.000000e+00 1.000000e-01
3.075800e+03 0.000000e+00 1.000000e+00 1.000000e-01
3.075810e+03 0.000000e+00 1.000000e+00 1.000000e-01
3.075820e+03 0.000000e+00 1.000000e+00 1.000000e-01
3.075830e+03 0.000000e+00 1.000000e+00 1.000000e-01
3.075840e+03 0.000000e+00 1.000000e+00 1.000000e-01
3.075850e+03 0.000000e+00 1.000000e+00 1.000000e-01
3.075860e+03 0.000000e+00 1.000000e+00 1.000000e-01
3.075870e+03 0.000000e+00 1.000000e+00 1.000000e-01
3.075880e+03 0.000000e+00 1.000000e+00 1.000000e-01
3.075890e+03 0.000000e+00 1.000000e+00 1.000000e-01
3.075900e+03 0.000000e+00 1.000000e+00 1.000000e-01
3.075910e+03 0.000000e+00 1.000000e+00 1.000000e-01
3.075920e+03 0.000000e+00 1.000000e+00 1.000000e-01
3.075930e+03 0.000000e+00 1.000000e+00 1.000000e-01
3.075940e+03 0.000000e+00 1.000000e+00 1.000000e-01
3.075950e+03 0.000000e+00 1.000000e+00 1.000000e-01
3.075960e+03 0.000000e+00 1.000000e+00 1.000000e-01
3.075970e+03 0.000000e+00 1.000000e+00 1.000000e-01
3.075980e+03 0.000000e+00 1.000000e+00 1.000000e-01
3.075990e+03 0.000000e+00 1.000000e+00 1.000000e-01
3.076000e+03 0.000000e+00 1.000000e+00 1.000000e-01
3.076010e+03 0.000000e+00 1.000000e+00 1.000000e-01
3.076020e+03 0.000000e+00 1.000000e+00 1.000000e-01
3.076030e+03 0.000000e+00 1.000000e+00 1.000000e-01
3.076040e+03 0.000000e+00 1.000000e+00 1.000000e-01
3.076050e+03 0.000000e+00 1.000000e+00 1.000000e-01
3.076060e+03 0.000000e+00 1.000000e+00 1.000000e-01
3.076070e+03 0.000000e+00 1.000000e+00 1.000000e-01
3.076080e+03 0.000000e+00 1.000000e+00 1.000000e-01
3.076090e+03 0.000000e+00 1.000000e+00 1.000000e-01
3.076100e+03 0.000000e+00 1.000000e+00 1.000000e-01
3.076110e+03 0.000000e+00 1.000000e+00 1.000000e-01
3.076120e+03 0.000000e+00 1.000000e+00 1.000000e-01
3.076130e+03 0.000000e+00 1.000000e+00 1.000000e-01
3.076140e+03 0.000000e+00 1.000000e+00 1.000000e-01
3.076150e+03 0.000000e+00 1.000000e+00 1.000000e-01
3.076160e+03 0.000000e+00 1.000000e+00 1.000000e-01
3.076170e+03 0.000000e+00 1.000000e+00 1.000000e-01
3.076180e+03 0.000000e+00 1.000000e+00 1.000000e-01
3.076190e+03 0.000000e+00 1.000000e+00 1.000000e-01
3.076200e+03 0.000000e+00 1.000000e+00 1.000000e-01
3.076210e+03 0.000000e+00 1.000000e+00 1.000000e-01
3.076220e+03 0.000000e+00 1.000000e+00 1.000000e-01
3.076230e+03 0.000000e+00 1.000000e+00 1.000000e-01
3.076240e+03 0.000000e+00 1.000000e+00 1.000000e-01
3.076250e+03 0.000000e+00 1.000000e+00 1.000000e-01
3.076260e+03 0.000000e+00 1.000000e+00 1.000000e-01
3.076270e+03 0.000000e+00 1.000000e+00 1.000000e-01
3.076280e+03 0.000000e+00 1.000000e+00 1.000000e-01
3.076290e+03 0.000000e+00 1.000000e+00 1.000000e-01
3.076300e+03 0.000000e+00 1.000000e+00 1.000000e-01
3.076310e+03 0.000000e+00 1.000000e+00 1.000000e-01
3.076320e+03 0.000000e+00 1.000000e+00 1.000000e-01
3.076330e+03 0.000000e+00 1.000000e+00 1.000000e-01
3.076340e+03 0.000000e+00 1.000000e+00 1.000000e-01
3.076350e+03 0.000000e+00 1.000000e+00 1.000000e-01
3.076360e+03 0.000000e+00 1.000000e+00 1.000000e-01
3.076370e+03 0.000000e+00 1.000000e+00 1.000000e-01
3.076380e+03 0.000000e+00 1.000000e+00 1.000000e-01
3.076390e+03 0.000000e+00 1.000000e+00 1.000000e-01
3.076400e+03 0.000000e+00 1.000000e+00 1.000000e-01
3.076410e+03 0.000000e+00 1.000000e+00 1.000000e-01
3.076420e+03 0.000000e+00 1.000000e+00 1.000000e-01
3.076430e+03 0.000000e+00 1.000000e+00 1.000000e-01
3.076440e+03 0.000000e+00 1.000000e+00 1.000000e-01
3.076450e+03 0.000000e+00 1.000000e+00 1.000000e-01
3.076460e+03 0.000000e+00 1.000000e+00 1.000000e-01
3.076470e+03 0.000000e+00 1.000000e+00 1.000000e-01
3.076480e+03 0.000000e+00 1.000000e+00 1.000000e-01
3.076490e+03 0.000000e+00 1.000000e+00 1.000000e-01
3.076500e+03 0.000000e+00 1.000000e+00 1.000000e-01
3.076510e+03 0.000000e+00 1.000000e+00 1.000000e-01
3.076520e+03 0.000000e+00 1.000000e+00 1.000000e-01
3.076530e+03 0.000000e+00 1.000000e+00 1.000000e-01
3.076540e+03 0.000000e+00 1.000000e+00 1.000000e-01
3.076550e+03 0.000000e+00 1.000000e+00 1.000000e-01
3.076560e+03 0.000000e+00 1.000000e+00 1.000000e-01
3.076570e+03 0.000000e+00 1.000000e+00 1.000000e-01
3.076580e+03 0.000000e+00 1.000000e+00 1.000000e-01
3.076590e+03 0.000000e+00 1.000000e+00 1.000000e-01
3.076600e+03 0.000000e+00 1.000000e+00 1.000000e-01
3.076610e+03 0.000000e+00 1.000000e+00 1.000000e-01
3.076620e+03 0.000000e+00 1.000000e+00 1.000000e-01
3.076630e+03 0.000000e+00 1.000000e+00 1.000000e-01
3.076640e+03 0.000000e+00 1.000000e+00 1.000000e-01
3.076650e+03 0.000000e+00 1.000000e+00 1.000000e-01
3.076660e+03 0.000000e+00 1.000000e+00 1.000000e-01
3.076670e+03 0.000000e+00 1.000000e+00 1.000000e-01
3.076680e+03 0.000000e+00 1.000000e+00 1.000000e-01
3.076690e+03 0.000000e+00 1.000000e+00 1.000000e-01
3.076700e+03 0.000000e+00 1.000000e+00 1.000000e-01
3.076710e+03 0.000000e+00 1.000000e+00 1.000000e-01
3.076720e+03 0.000000e+00 1.000000e+00 1.000000e-01
3.076730e+03 0.000000e+00 1.000000e+00 1.000000e-01
3.076740e+03 0.000000e+00 1.000000e+00 1.000000e-01
3.076750e+03 0.000000e+00 1.000000e+00 1.000000e-01
3.076760e+03 0.000000e+00 1.000000e+00 1.000000e-01
3.076770e+03 0.000000e+00 1.000000e+00 1.000000e-01
3.076780e+03 0.000000e+00 1.000000e+00 1.000000e-01
3.076790e+03 0.000000e+00 1.000000e+00 1.000000e-01
3.076800e+03 0.000000e+00 1.000000e+00 1.000000e-01
3.076810e+03 0.000000e+00 1.000000e+00 1.000000e-01
3.076820e+03 0.000000e+00 1.000000e+00 1.000000e-01
3.076830e+03 0.000000e+00 1.000000e+00 1.000000e-01
3.076840e+03 0.000000e+00 1.000000e+00 1.000000e-01
3.076850e+03 0.000000e+00 1.000000e+00 1.000000e-01
3.076860e+03 0.000000e+00 1.000000e+00 1.000000e-01
3.076870e+03 0.000000e+00 1.000000e+00 1.000000e-01
3.076880e+03 0.000000e+00 1.000000e+00 1.000000e-01
3.076890e+03 0.000000e+00 1.000000e+00 1.000000e-01
3.076900e+03 0.000000e+00 1.000000e+00 1.000000e-01
3.076910e+03 0.000000e+00 1.000000e+00 1.000000e-01
3.076920e+03 0.000000e+00 1.000000e+00 1.000000e-01
3.076930e+03 0.000000e+00 1.000000e+00 1.000000e-01
3.076940e+03 0.000000e+00 1.000000e+00 1.000000e-01
3.076950e+03 0.000000e+00 1.000000e+00 1.000000e-01
3.076960e+03 0.000000e+00 1.000000e+00 1.000000e-01
3.076970e+03 0.000000e+00 1.000000e+00 1.000000e-01
3.076980e+03 0.000000e+00 1.000000e+00 1.000000e-01
3.076990e+03 0.000000e+00 1.000000e+00 1.000000e-01
3.077000e+03 0.000000e+00 1.000000e+00 1.000000e-01
3.077010e+03 0.000000e+00 1.000000e+00 1.000000e-01
3.077020e+03 0.000000e+00 1.000000e+00 1.000000e-01
3.077030e+03 0.000000e+00 1.000000e+00 1.000000e-01
3.077040e+03 0.000000e+00 1.000000e+00 1.000000e-01
3.077050e+03 0.000000e+00 1.000000e+00 1.000000e-01
3.077060e+03 0.000000e+00 1.000000e+00 1.000000e-01
3.077070e+03 0.000000e+00 1.000000e+00 1.000000e-01
3.077080e+03 0.000000e+00 1.000000e+00 1.000000e-01
3.077090e+03 0.000000e+00 1.000000e+00 1.000000e-01
3.077100e+03 0.000000e+00 1.000000e+00 1.000000e-01
3.077110e+03 0.000000e+00 1.000000e+00 1.000000e-01
3.077120e+03 0.000000e+00 1.000000e+00 1.000000e-01
3.077130e+03 0.000000e+00 1.000000e+00 1.000000e-01
3.077140e+03 0.000000e+00 1.000000e+00 1.000000e-01
3.077150e+03 0.000000e+00 1.000000e+00 1.000000e-01
3.077160e+03 0.000000e+00 1.000000e+00 1.000000e-01
3.077170e+03 0.000000e+00 1.000000e+00 1.000000e-01
3.077180e+03 0.000000e+00 1.000000e+00 1.000000e-01
3.077190e+03 0.000000e+00 1.000000e+00 1.000000e-01
3.077200e+03 0.000000e+00 1.000000e+00 1.000000e-01
3.077210e+03 0.000000e+00 1.000000e+00 1.000000e-01
3.077220e+03 0.000000e+00 1.000000e+00 1.000000e-01
3.077230e+03 0.000000e+00 1.000000e+00 1.000000e-01
3.077240e+03 0.000000e+00 1.000000e+00 1.000000e-01
3.077250e+03 0.000000e+00 1.000000e+00 1.000000e-01
3.077260e+03 0.000000e+00 1.000000e+00 1.000000e-01
3.077270e+03 0.000000e+00 1.000000e+00 1.000000e-01
3.077280e+03 0.000000e+00 1.000000e+00 1.000000e-01
3.077290e+03 0.000000e+00 1.000000e+00 1.000000e-01
3.077300e+03 0.000000e+00 1.000000e+00 1.000000e-01
3.077310e+03 0.000000e+00 1.000000e+00 1.000000e-01
3.077320e+03 0.000000e+00 1.000000e+00 1.000000e-01
3.077330e+03 0.000000e+00 1.000000e+00 1.000000e-01
3.077340e+03 0.000000e+00 1.000000e+00 1.000000e-01
3.077350e+03 0.000000e+00 1.000000e+00 1.000000e-01
3.077360e+03 0.000000e+00 1.000000e+00 1.000000e-01
3.077370e+03 0.000000e+00 1.000000e+00 1.000000e-01
3.077380e+03 0.000000e+00 1.000000e+00 1.000000e-01
3.077390e+03 0.000000e+00 1.000000e+00 1.000000e-01
3.077400e+03 0.000000e+00 1.000000e+00 1.000000e-01
3.077410e+03 0.000000e+00 1.000000e+00 1.000000e-01
3.077420e+03 0.000000e+00 1.000000e+00 1.000000e-01
3.077430e+03 0.000000e+00 1.000000e+00 1.000000e-01
3.077440e+03 0.000000e+00 1.000000e+00 1.000000e-01
3.077450e+03 0.000000e+00 1.000000e+00 1.000000e-01
3.077460e+03 0.000000e+00 1.000000e+00 1.000000e-01
3.077470e+03 0.000000e+00 1.000000e+00 1.000000e-01
3.077480e+03 0.000000e+00 1.000000e+00 1.000000e-01
3.077490e+03 0.000000e+00 1.000000e+00 1.000000e-01
3.077500e+03 0.000000e+00 1.000000e+00 1.000000e-01
3.077510e+03 0.000000e+00 1.000000e+00 1.000000e-01
3.077520e+03 0.000000e+00 1.000000e+00 1.000000e-01
3.077530e+03 0.000000e+00 1.000000e+00 1.000000e-01
3.077540e+03 0.000000e+00 1.000000e+00 1.000000e-01
3.077550e+03 0.000000e+00 1.000000e+00 1.000000e-01
3.077560e+03 0.000000e+00 1.000000e+00 1.000000e-01
3.077570e+03 0.000000e+00 1.000000e+00 1.000000e-01
3.077580e+03 0.000000e+00 1.000000e+00 1.000000e-01
3.077590e+03 0.000000e+00 1.000000e+00 1.000000e-01
3.077600e+03 0.000000e+00 1.000000e+00 1.000000e-01
3.077610e+03 0.000000e+00 1.000000e+00 1.000000e-01
3.077620e+03 0.000000e+00 1.000000e+00 1.000000e-01
3.077630e+03 0.000000e+00 1.000000e+00 1.000000e-01
3.077640e+03 0.000000e+00 1.000000e+00 1.000000e-01
3.077650e+03 0.000000e+00 1.000000e+00 1.000000e-01
3.077660e+03 0.000000e+00 1.000000e+00 1.000000e-01
3.077670e+03 0.000000e+00 1.000000e+00 1.000000e-01
3.077680e+03 0.000000e+00 1.000000e+00 1.000000e-01
3.077690e+03 0.000000e+00 1.000000e+00 1.000000e-01
3.077700e+03 0.000000e+00 1.000000e+00 1.000000e-01
3.077710e+03 0.000000e+00 1.000000e+00 1.000000e-01
3.077720e+03 0.000000e+00 1.000000e+00 1.000000e-01
3.077730e+03 0.000000e+00 1.000000e+00 1.000000e-01
3.077740e+03 0.000000e+00 1.000000e+00 1.000000e-01
3.077750e+03 0.000000e+00 1.000000e+00 1.000000e-01
3.077760e+03 0.000000e+00 1.000000e+00 1.000000e-01
3.077770e+03 0.000000e+00 1.000000e+00 1.000000e-01
3.077780e+03 0.000000e+00 1.000000e+00 1.000000e-01
3.077790e+03 0.000000e+00 1.000000e+00 1.000000e-01
3.077800e+03 0.000000e+00 1.000000e+00 1.000000e-01
3.077810e+03 0.000000e+00 1.000000e+00 1.000000e-01
3.077820e+03 0.000000e+00 1.000000e+00 1.000000e-01
3.077830e+03 0.000000e+00 1.000000e+00 1.000000e-01
3.077840e+03 0.000000e+00 1.000000e+00 1.000000e-01
3.077850e+03 0.000000e+00 1.000000e+00 1.000000e-01
3.077860e+03 0.000000e+00 1.000000e+00 1.000000e-01
3.077870e+03 0.000000e+00 1.000000e+00 1.000000e-01
3.077880e+03 0.000000e+00 1.000000e+00 1.000000e-01
3.077890e+03 0.000000e+00 1.000000e+00 1.000000e-01
3.077900e+03 0.000000e+00 1.000000e+00 1.000000e-01
3.077910e+03 0.000000e+00 1.000000e+00 1.000000e-01
3.077920e+03 0.000000e+00 1.000000e+00 1.000000e-01
3.077930e+03 0.000000e+00 1.000000e+00 1.000000e-01
3.077940e+03 0.000000e+00 1.000000e+00 1.000000e-01
3.077950e+03 0.000000e+00 1.000000e+00 1.000000e-01
3.077960e+03 0.000000e+00 1.000000e+00 1.000000e-01
3.077970e+03 0.000000e+00 1.000000e+00 1.000000e-01
3.077980e+03 0.000000e+00 1.000000e+00 1.000000e-01
3.077990e+03 0.000000e+00 1.000000e+00 1.000000e-01
3.078000e+03 0.000000e+00 1.000000e+00 1.000000e-01
3.078010e+03 0.000000e+00 1.000000e+00 1.000000e-01
3.078020e+03 0.000000e+00 1.000000e+00 1.000000e-01
3.078030e+03 0.000000e+00 1.000000e+00 1.000000e-01
3.078040e+03 0.000000e+00 1.000000e+00 1.000000e-01
3.078050e+03 0.000000e+00 1.000000e+00 1.000000e-01
3.078060e+03 0.000000e+00 1.000000e+00 1.000000e-01
3.078070e+03 0.000000e+00 1.000000e+00 1.000000e-01
3.078080e+03 0.000000e+00 1.000000e+00 1.000000e-01
3.078090e+03 0.000000e+00 1.000000e+00 1.000000e-01
3.078100e+03 0.000000e+00 1.000000e+00 1.000000e-01
3.078110e+03 0.000000e+00 1.000000e+00 1.000000e-01
3.078120e+03 0.000000e+00 1.000000e+00 1.000000e-01
3.078130e+03 0.000000e+00 1.000000e+00 1.000000e-01
3.078140e+03 0.000000e+00 1.000000e+00 1.000000e-01
3.078150e+03 0.000000e+00 1.000000e+00 1.000000e-01
3.078160e+03 0.000000e+00 1.000000e+00 1.000000e-01
3.078170e+03 0.000000e+00 1.000000e+00 1.000000e-01
3.078180e+03 0.000000e+00 1.000000e+00 1.000000e-01
3.078190e+03 0.000000e+00 1.000000e+00 1.000000e-01
3.078200e+03 0.000000e+00 1.000000e+00 1.000000e-01
3.078210e+03 0.000000e+00 1.000000e+00 1.000000e-01
3.078220e+03 0.000000e+00 1.000000e+00 1.000000e-01
3.078230e+03 0.000000e+00 1.000000e+00 1.000000e-01
3.078240e+03 0.000000e+00 1.000000e+00 1.000000e-01
3.078250e+03 0.000000e+00 1.000000e+00 1.000000e-01
3.078260e+03 0.000000e+00 1.000000e+00 1.000000e-01
3.078270e+03 0.000000e+00 1.000000e+00 1.000000e-01
3.078280e+03 0.000000e+00 1.000000e+00 1.000000e-01
3.078290e+03 0.000000e+00 1.000000e+00 1.000000e-01
3.078300e+03 0.000000e+00 1.000000e+00 1.000000e-01
3.078310e+03 0.000000e+00 1.000000e+00 1.000000e-01
3.078320e+03 0.000000e+00 1.000000e+00 1.000000e-01
3.078330e+03 0.000000e+00 1.000000e+00 1.000000e-01
3.078340e+03 0.000000e+00 1.000000e+00 1.000000e-01
3.078350e+03 0.000000e+00 1.000000e+00 1.000000e-01
3.078360e+03 0.000000e+00 1.000000e+00 1.000000e-01
3.078370e+03 0.000000e+00 1.000000e+00 1.000000e-01
3.078380e+03 0.000000e+00 1.000000e+00 1.000000e-01
3.078390e+03 0.000000e+00 1.000000e+00 1.000000e-01
3.078400e+03 0.000000e+00 1.000000e+00 1.000000e-01
3.078410e+03 0.000000e+00 1.000000e+00 1.000000e-01
3.078420e+03 0.000000e+00 1.000000e+00 1.000000e-01
3.078430e+03 0.000000e+00 1.000000e+00 1.000000e-01
3.078440e+03 0.000000e+00 1.000000e+00 1.000000e-01
3.078450e+03 0.000000e+00 1.000000e+00 1.000000e-01
3.078460e+03 0.000000e+00 1.000000e+00 1.000000e-01
3.078470e+03 0.000000e+00 1.000000e+00 1.000000e-01
3.078480e+03 0.000000e+00 1.000000e+00 1.000000e-01
3.078490e+03 0.000000e+00 1.000000e+00 1.000000e-01
3.078500e+03 0.000000e+00 1.000000e+00 1.000000e-01
3.078510e+03 0.000000e+00 1.000000e+00 1.000000e-01
3.078520e+03 0.000000e+00 1.000000e+00 1.000000e-01
3.078530e+03 0.000000e+00 1.000000e+00 1.000000e-01
3.078540e+03 0.000000e+00 1.000000e+00 1.000000e-01
3.078550e+03 0.000000e+00 1.000000e+00 1.000000e-01
3.078560e+03 0.000000e+00 1.000000e+00 1.000000e-01
3.078570e+03 0.000000e+00 1.000000e+00 1.000000e-01
3.078580e+03 0.000000e+00 1.000000e+00 1.000000e-01
3.078590e+03 0.000000e+00 1.000000e+00 1.000000e-01
3.078600e+03 0.000000e+00 1.000000e+00 1.000000e-01
3.078610e+03 0.000000e+00 1.000000e+00 1.000000e-01
3.078620e+03 0.000000e+00 1.000000e+00 1.000000e-01
3.078630e+03 0.000000e+00 1.000000e+00 1.000000e-01
3.078640e+03 0.000000e+00 1.000000e+00 1.000000e-01
3.078650e+03 0.000000e+00 1.000000e+00 1.000000e-01
3.078660e+03 0.000000e+00 1.000000e+00 1.000000e-01
3.078670e+03 0.000000e+00 1.000000e+00 1.000000e-01
3.078680e+03 0.000000e+00 1.000000e+00 1.000000e-01
3.078690e+03 0.000000e+00 1.000000e+00 1.000000e-01
3.078700e+03 0.000000e+00 1.000000e+00 1.000000e-01
3.078710e+03 0.000000e+00 1.000000e+00 1.000000e-01
3.078720e+03 0.000000e+00 1.000000e+00 1.000000e-01
3.078730e+03 0.000000e+00 1.000000e+00 1.000000e-01
3.078740e+03 0.000000e+00 1.000000e+00 1.000000e-01
3.078750e+03 0.000000e+00 1.000000e+00 1.000000e-01
3.078760e+03 0.000000e+00 1.000000e+00 1.000000e-01
3.078770e+03 0.000000e+00 1.000000e+00 1.000000e-01
3.078780e+03 0.000000e+00 1.000000e+00 1.000000e-01
3.078790e+03 0.000000e+00 1.000000e+00 1.000000e-01
3.078800e+03 0.000000e+00 1.000000e+00 1.000000e-01
3.078810e+03 0.000000e+00 1.000000e+00 1.000000e-01
3.078820e+03 0.000000e+00 1.000000e+00 1.000000e-01
3.078830e+03 0.000000e+00 1.000000e+00 1.000000e-01
3.078840e+03 0.000000e+00 1.000000e+00 1.000000e-01
3.078850e+03 0.000000e+00 1.000000e+00 1.000000e-01
3.078860e+03 0.000000e+00 1.000000e+00 1.000000e-01
3.078870e+03 0.000000e+00 1.000000e+00 1.000000e-01
3.078880e+03 0.000000e+00 1.000000e+00 1.000000e-01
3.078890e+03 0.000000e+00 1.000000e+00 1.000000e-01
3.078900e+03 0.000000e+00 1.000000e+00 1.000000e-01
3.078910e+03 0.000000e+00 1.000000e+00 1.000000e-01
3.078920e+03 0.000000e+00 1.000000e+00 1.000000e-01
3.078930e+03 0.000000e+00 1.000000e+00 1.000000e-01
3.078940e+03 0.000000e+00 1.000000e+00 1.000000e-01
3.078950e+03 0.000000e+00 1.000000e+00 1.000000e-01
3.078960e+03 0.000000e+00 1.000000e+00 1.000000e-01
3.078970e+03 0.000000e+00 1.000000e+00 1.000000e-01
3.078980e+03 0.000000e+00 1.000000e+00 1.000000e-01
3.078990e+03 0.000000e+00 1.000000e+00 1.000000e-01
3.079000e+03 0.000000e+00 1.000000e+00 1.000000e-01
3.079010e+03 0.000000e+00 1.000000e+00 1.000000e-01
3.079020e+03 0.000000e+00 1.000000e+00 1.000000e-01
3.079030e+03 0.000000e+00 1.000000e+00 1.000000e-01
3.079040e+03 0.000000e+00 1.000000e+00 1.000000e-01
3.079050e+03 0.000000e+00 1.000000e+00 1.000000e-01
3.079060e+03 0.000000e+00 1.000000e+00 1.000000e-01
3.079070e+03 0.000000e+00 1.000000e+00 1.000000e-01
3.079080e+03 0.000000e+00 1.000000e+00 1.000000e-01
3.079090e+03 0.000000e+00 1.000000e+00 1.000000e-01
3.079100e+03 0.000000e+00 1.000000e+00 1.000000e-01
3.079110e+03 0.000000e+00 1.000000e+00 1.000000e-01
3.079120e+03 0.000000e+00 1.000000e+00 1.000000e-01
3.079130e+03 0.000000e+00 1.000000e+00 1.000000e-01
3.079140e+03 0.000000e+00 1.000000e+00 1.000000e-01
3.079150e+03 0.000000e+00 1.000000e+00 1.000000e-01
3.079160e+03 0.000000e+00 1.000000e+00 1.000000e-01
3.079170e+03 0.000000e+00 1.000000e+00 1.000000e-01
3.079180e+03 0.000000e+00 1.000000e+00 1.000000e-01
3.079190e+03 0.000000e+00 1.000000e+00 1.000000e-01
3.079200e+03 0.000000e+00 1.000000e+00 1.000000e-01
3.079210e+03 0.000000e+00 1.000000e+00 1.000000e-01
3.079220e+03 0.000000e+00 1.000000e+00 1.000000e-01
3.079230e+03 0.000000e+00 1.000000e+00 1.000000e-01
3.079240e+03 0.000000e+00 1.000000e+00 1.000000e-01
3.079250e+03 0.000000e+00 1.000000e+00 1.000000e-01
3.079260e+03 0.000000e+00 1.000000e+00 1.000000e-01
3.079270e+03 0.000000e+00 1.000000e+00 1.000000e-01
3.079280e+03 0.000000e+00 1.000000e+00 1.000000e-01
3.079290e+03 0.000000e+00 1.000000e+00 1.000000e-01
3.079300e+03 0.000000e+00 1.000000e+00 1.000000e-01
3.079310e+03 0.000000e+00 1.000000e+00 1.000000e-01
3.079320e+03 0.000000e+00 1.000000e+00 1.000000e-01
3.079330e+03 0.000000e+00 1.000000e+00 1.000000e-01
3.079340e+03 0.000000e+00 1.000000e+00 1.000000e-01
3.079350e+03 0.000000e+00 1.000000e+00 1.000000e-01
3.079360e+03 0.000000e+00 1.000000e+00 1.000000e-01
3.079370e+03 0.000000e+00 1.000000e+00 1.000000e-01
3.079380e+03 0.000000e+00 1.000000e+00 1.000000e-01
3.079390e+03 0.000000e+00 1.000000e+00 1.000000e-01
3.079400e+03 0.000000e+00 1.000000e+00 1.000000e-01
3.079410e+03 0.000000e+00 1.000000e+00 1.000000e-01
3.079420e+03 0.000000e+00 1.000000e+00 1.000000e-01
3.079430e+03 0.000000e+00 1.000000e+00 1.000000e-01
3.079440e+03 0.000000e+00 1.000000e+00 1.000000e-01
3.079450e+03 0.000000e+00 1.000000e+00 1.000000e-01
3.079460e+03 0.000000e+00 1.000000e+00 1.000000e-01
3.079470e+03 0.000000e+00 1.000000e+00 1.000000e-01
3.079480e+03 0.000000e+00 1.000000e+00 1.000000e-01
3.079490e+03 0.000000e+00 1.000000e+00 1.000000e-01
3.079500e+03 0.000000e+00 1.000000e+00 1.000000e-01
3.079510e+03 0.000000e+00 1.000000e+00 1.000000e-01
3.079520e+03 0.000000e+00 1.000000e+00 1.000000e-01
3.079530e+03 0.000000e+00 1.000000e+00 1.000000e-01
3.079540e+03 0.000000e+00 1.000000e+00 1.000000e-01
3.079550e+03 0.000000e+00 1.000000e+00 1.000000e-01
3.079560e+03 0.000000e+00 1.000000e+00 1.000000e-01
3.079570e+03 0.000000e+00 1.000000e+00 1.000000e-01
3.079580e+03 0.000000e+00 1.000000e+00 1.000000e-01
3.079590e+03 0.000000e+00 1.000000e+00 1.000000e-01
3.079600e+03 0.000000e+00 1.000000e+00 1.000000e-01
3.079610e+03 0.000000e+00 1.000000e+00 1.000000e-01
3.079620e+03 0.000000e+00 1.000000e+00 1.000000e-01
3.079630e+03 0.000000e+00 1.000000e+00 1.000000e-01
3.079640e+03 0.000000e+00 1.000000e+00 1.000000e-01
3.079650e+03 0.000000e+00 1.000000e+00 1.000000e-01
3.079660e+03 0.000000e+00 1.000000e+00 1.000000e-01
3.079670e+03 0.000000e+00 1.000000e+00 1.000000e-01
3.079680e+03 0.000000e+00 1.000000e+00 1.000000e-01
3.079690e+03 0.000000e+00 1.000000e+00 1.000000e-01
3.079700e+03 0.000000e+00 1.000000e+00 1.000000e-01
3.079710e+03 0.000000e+00 1.000000e+00 1.000000e-01
3.079720e+03 0.000000e+00 1.000000e+00 1.000000e-01
3.079730e+03 0.000000e+00 1.000000e+00 1.000000e-01
3.079740e+03 0.000000e+00 1.000000e+00 1.000000e-01
3.079750e+03 0.000000e+00 1.000000e+00 1.000000e-01
3.079760e+03 0.000000e+00 1.000000e+00 1.000000e-01
3.079770e+03 0.000000e+00 1.000000e+00 1.000000e-01
3.079780e+03 0.000000e+00 1.000000e+00 1.000000e-01
3.079790e+03 0.000000e+00 1.000000e+00 1.000000e-01
3.079800e+03 0.000000e+00 1.000000e+00 1.000000e-01
3.079810e+03 0.000000e+00 1.000000e+00 1.000000e-01
3.079820e+03 0.000000e+00 1.000000e+00 1.000000e-01
3.079830e+03 0.000000e+00 1.000000e+00 1.000000e-01
3.079840e+03 0.000000e+00 1.000000e+00 1.000000e-01
3.079850e+03 0.000000e+00 1.000000e+00 1.000000e-01
3.079860e+03 0.000000e+00 1.000000e+00 1.000000e-01
3.079870e+03 0.000000e+00 1.000000e+00 1.000000e-01
3.079880e+03 0.000000e+00 1.000000e+00 1.000000e-01
3.079890e+03 0.000000e+00 1.000000e+00 1.000000e-01
3.079900e+03 0.000000e+00 1.000000e+00 1.000000e-01
3.079910e+03 0.000000e+00 1.000000e+00 1.000000e-01
3.079920e+03 0.000000e+00 1.000000e+00 1.000000e-01
3.079930e+03 0.000000e+00 1.000000e+00 1.000000e-01
3.079940e+03 0.000000e+00 1.000000e+00 1.000000e-01
3.079950e+03 0.000000e+00 1.000000e+00 1.000000e-01
3.079960e+03 0.000000e+00 1.000000e+00 1.000000e-01
3.079970e+03 0.000000e+00 1.000000e+00 1.000000e-01
3.079980e+03 0.000000e+00 1.000000e+00 1.000000e-01
3.079990e+03 0.000000e+00 1.000000e+00 1.000000e-01
3.080000e+03 0.000000e+00 1.000000e+00 1.000000e-01
3.080010e+03 0.000000e+00 1.000000e+00 1.000000e-01
3.080020e+03 0.000000e+00 1.000000e+00 1.000000e-01
3.080030e+03 0.000000e+00 1.000000e+00 1.000000e-01
3.080040e+03 0.000000e+00 1.000000e+00 1.000000e-01
3.080050e+03 0.000000e+00 1.000000e+00 1.000000e-01
3.080060e+03 0.000000e+00 1.000000e+00 1.000000e-01
3.080070e+03 0.000000e+00 1.000000e+00 1.000000e-01
3.080080e+03 0.000000e+00 1.000000e+00 1.000000e-01
3.080090e+03 0.000000e+00 1.000000e+00 1.000000e-01
3.080100e+03 0.000000e+00 1.000000e+00 1.000000e-01
3.080110e+03 0.000000e+00 1.000000e+00 1.000000e-01
3.080120e+03 0.000000e+00 1.000000e+00 1.000000e-01
3.080130e+03 0.000000e+00 1.000000e+00 1.000000e-01
3.080140e+03 0.000000e+00 1.000000e+00 1.000000e-01
3.080150e+03 0.000000e+00 1.000000e+00 1.000000e-01
3.080160e+03 0.000000e+00 1.000000e+00 1.000000e-01
3.080170e+03 0.000000e+00 1.000000e+00 1.000000e-01
3.080180e+03 0.000000e+00 1.000000e+00 1.000000e-01
3.080190e+03 0.000000e+00 1.000000e+00 1.000000e-01
3.080200e+03 0.000000e+00 1.000000e+00 1.000000e-01
3.080210e+03 0.000000e+00 1.000000e+00 1.000000e-01
3.080220e+03 0.000000e+00 1.000000e+00 1.000000e-01
3.080230e+03 0.000000e+00 1.000000e+00 1.000000e-01
3.080240e+03 0.000000e+00 1.000000e+00 1.000000e-01
3.080250e+03 0.000000e+00 1.000000e+00 1.000000e-01
3.080260e+03 0.000000e+00 1.000000e+00 1.000000e-01
3.080270e+03 0.000000e+00 1.000000e+00 1.000000e-01
3.080280e+03 0.000000e+00 1.000000e+00 1.000000e-01
3.080290e+03 0.000000e+00 1.000000e+00 1.000000e-01
3.080300e+03 0.000000e+00 1.000000e+00 1.000000e-01
3.080310e+03 0.000000e+00 1.000000e+00 1.000000e-01
3.080320e+03 0.000000e+00 1.000000e+00 1.000000e-01
3.080330e+03 0.000000e+00 1.000000e+00 1.000000e-01
3.080340e+03 0.000000e+00 1.000000e+00 1.000000e-01
3.080350e+03 0.000000e+00 1.000000e+00 1.000000e-01
3.080360e+03 0.000000e+00 1.000000e+00 1.000000e-01
3.080370e+03 0.000000e+00 1.000000e+00 1.000000e-01
3.080380e+03 0.000000e+00 1.000000e+00 1.000000e-01
3.080390e+03 0.000000e+00 1.000000e+00 1.000000e-01
3.080400e+03 0.000000e+00 1.000000e+00 1.000000e-01
3.080410e+03 0.000000e+00 1.000000e+00 1.000000e-01
3.080420e+03 0.000000e+00 1.000000e+00 1.000000e-01
3.080430e+03 0.000000e+00 1.000000e+00 1.000000e-01
3.080440e+03 0.000000e+00 1.000000e+00 1.000000e-01
3.080450e+03 0.000000e+00 1.000000e+00 1.000000e-01
3.080460e+03 0.000000e+00 1.000000e+00 1.000000e-01
3.080470e+03 0.000000e+00 1.000000e+00 1.000000e-01
3.080480e+03 0.000000e+00 1.000000e+00 1.000000e-01
3.080490e+03 0.000000e+00 1.000000e+00 1.000000e-01
3.080500e+03 0.000000e+00 1.000000e+00 1.000000e-01
3.080510e+03 0.000000e+00 1.000000e+00 1.000000e-01
3.080520e+03 0.000000e+00 1.000000e+00 1.000000e-01
3.080530e+03 0.000000e+00 1.000000e+00 1.000000e-01
3.080540e+03 0.000000e+00 1.000000e+00 1.000000e-01
3.080550e+03 0.000000e+00 1.000000e+00 1.000000e-01
3.080560e+03 0.000000e+00 1.000000e+00 1.000000e-01
3.080570e+03 0.000000e+00 1.000000e+00 1.000000e-01
3.080580e+03 0.000000e+00 1.000000e+00 1.000000e-01
3.080590e+03 0.000000e+00 1.000000e+00 1.000000e-01
3.080600e+03 0.000000e+00 1.000000e+00 1.000000e-01
3.080610e+03 0.000000e+00 1.000000e+00 1.000000e-01
3.080620e+03 0.000000e+00 1.000000e+00 1.000000e-01
3.080630e+03 0.000000e+00 1.000000e+00 1.000000e-01
3.080640e+03 0.000000e+00 1.000000e+00 1.000000e-01
3.080650e+03 0.000000e+00 1.000000e+00 1.000000e-01
3.080660e+03 0.000000e+00 1.000000e+00 1.000000e-01
3.080670e+03 0.000000e+00 1.000000e+00 1.000000e-01
3.080680e+03 0.000000e+00 1.000000e+00 1.000000e-01
3.080690e+03 0.000000e+00 1.000000e+00 1.000000e-01
3.080700e+03 0.000000e+00 1.000000e+00 1.000000e-01
3.080710e+03 0.000000e+00 1.000000e+00 1.000000e-01
3.080720e+03 0.000000e+00 1.000000e+00 1.000000e-01
3.080730e+03 0.000000e+00 1.000000e+00 1.000000e-01
3.080740e+03 0.000000e+00 1.000000e+00 1.000000e-01
3.080750e+03 0.000000e+00 1.000000e+00 1.000000e-01
3.080760e+03 0.000000e+00 1.000000e+00 1.000000e-01
3.080770e+03 0.000000e+00 1.000000e+00 1.000000e-01
3.080780e+03 0.000000e+00 1.000000e+00 1.000000e-01
3.080790e+03 0.000000e+00 1.000000e+00 1.000000e-01
3.080800e+03 0.000000e+00 1.000000e+00 1.000000e-01
3.080810e+03 0.000000e+00 1.000000e+00 1.000000e-01
3.080820e+03 0.000000e+00 1.000000e+00 1.000000e-01
3.080830e+03 0.000000e+00 1.000000e+00 1.000000e-01
3.080840e+03 0.000000e+00 1.000000e+00 1.000000e-01
3.080850e+03 0.000000e+00 1.000000e+00 1.000000e-01
3.080860e+03 0.000000e+00 1.000000e+00 1.000000e-01
3.080870e+03 0.000000e+00 1.000000e+00 1.000000e-01
3.080880e+03 0.000000e+00 1.000000e+00 1.000000e-01
3.080890e+03 0.000000e+00 1.000000e+00 1.000000e-01
3.080900e+03 0.000000e+00 1.000000e+00 1.000000e-01
3.080910e+03 0.000000e+00 1.000000e+00 1.000000e-01
3.080920e+03 0.000000e+00 1.000000e+00 1.000000e-01
3.080930e+03 0.000000e+00 1.000000e+00 1.000000e-01
3.080940e+03 0.000000e+00 1.000000e+00 1.000000e-01
3.080950e+03 0.000000e+00 1.000000e+00 1.000000e-01
3.080960e+03 0.000000e+00 1.000000e+00 1.000000e-01
3.080970e+03 0.000000e+00 1.000000e+00 1.000000e-01
3.080980e+03 0.000000e+00 1.000000e+00 1.000000e-01
3.080990e+03 0.000000e+00 1.000000e+00 1.000000e-01
3.081000e+03 0.000000e+00 1.000000e+00 1.000000e-01
3.081010e+03 0.000000e+00 1.000000e+00 1.000000e-01
3.081020e+03 0.000000e+00 1.000000e+00 1.000000e-01
3.081030e+03 0.000000e+00 1.000000e+00 1.000000e-01
3.081040e+03 0.000000e+00 1.000000e+00 1.000000e-01
3.081050e+03 0.000000e+00 1.000000e+00 1.000000e-01
3.081060e+03 0.000000e+00 1.000000e+00 1.000000e-01
3.081070e+03 0.000000e+00 1.000000e+00 1.000000e-01
3.081080e+03 0.000000e+00 1.000000e+00 1.000000e-01
3.081090e+03 0.000000e+00 1.000000e+00 1.000000e-01
3.081100e+03 0.000000e+00 1.000000e+00 1.000000e-01
3.081110e+03 0.000000e+00 1.000000e+00 1.000000e-01
3.081120e+03 0.000000e+00 1.000000e+00 1.000000e-01
3.081130e+03 0.000000e+00 1.000000e+00 1.000000e-01
3.081140e+03 0.000000e+00 1.000000e+00 1.000000e-01
3.081150e+03 0.000000e+00 1.000000e+00 1.000000e-01
3.081160e+03 0.000000e+00 1.000000e+00 1.000000e-01
3.081170e+03 0.000000e+00 1.000000e+00 1.000000e-01
3.081180e+03 0.000000e+00 1.000000e+00 1.000000e-01
3.081190e+03 0.000000e+00 1.000000e+00 1.000000e-01
3.081200e+03 0.000000e+00 1.000000e+00 1.000000e-01
3.081210e+03 0.000000e+00 1.000000e+00 1.000000e-01
3.081220e+03 0.000000e+00 1.000000e+00 1.000000e-01
3.081230e+03 0.000000e+00 1.000000e+00 1.000000e-01
3.081240e+03 0.000000e+00 1.000000e+00 1.000000e-01
3.081250e+03 0.000000e+00 1.000000e+00 1.000000e-01
3.081260e+03 0.000000e+00 1.000000e+00 1.000000e-01
3.081270e+03 0.000000e+00 1.000000e+00 1.000000e-01
3.081280e+03 0.000000e+00 1.000000e+00 1.000000e-01
3.081290e+03 0.000000e+00 1.000000e+00 1.000000e-01
3.081300e+03 0.000000e+00 1.000000e+00 1.000000e-01
3.081310e+03 0.000000e+00 1.000000e+00 1.000000e-01
3.081320e+03 0.000000e+00 1.000000e+00 1.000000e-01
3.081330e+03 0.000000e+00 1.000000e+00 1.000000e-01
3.081340e+03 0.000000e+00 1.000000e+00 1.000000e-01
3.081350e+03 0.000000e+00 1.000000e+00 1.000000e-01
3.081360e+03 0.000000e+00 1.000000e+00 1.000000e-01
3.081370e+03 0.000000e+00 1.000000e+00 1.000000e-01
3.081380e+03 0.000000e+00 1.000000e+00 1.000000e-01
3.081390e+03 0.000000e+00 1.000000e+00 1.000000e-01
3.081400e+03 0.000000e+00 1.000000e+00 1.000000e-01
3.081410e+03 0.000000e+00 1.000000e+00 1.000000e-01
3.081420e+03 0.000000e+00 1.000000e+00 1.000000e-01
3.081430e+03 0.000000e+00 1.000000e+00 1.000000e-01
3.081440e+03 0.000000e+00 1.000000e+00 1.000000e-01
3.081450e+03 0.000000e+00 1.000000e+00 1.000000e-01
3.081460e+03 0.000000e+00 1.000000e+00 1.000000e-01
3.081470e+03 0.000000e+00 1.000000e+00 1.000000e-01
3.081480e+03 0.000000e+00 1.000000e+00 1.000000e-01
3.081490e+03 0.000000e+00 1.000000e+00 1.000000e-01
3.081500e+03 0.000000e+00 1.000000e+00 1.000000e-01
3.081510e+03 0.000000e+00 1.000000e+00 1.000000e-01
3.081520e+03 0.000000e+00 1.000000e+00 1.000000e-01
3.081530e+03 0.000000e+00 1.000000e+00 1.000000e-01
3.081540e+03 0.000000e+00 1.000000e+00 1.000000e-01
3.081550e+03 0.000000e+00 1.000000e+00 1.000000e-01
3.081560e+03 0.000000e+00 1.000000e+00 1.000000e-01
3.081570e+03 0.000000e+00 1.000000e+00 1.000000e-01
3.081580e+03 0.000000e+00 1.000000e+00 1.000000e-01
3.081590e+03 0.000000e+00 1.000000e+00 1.000000e-01
3.081600e+03 0.000000e+00 1.000000e+00 1.000000e-01
3.081610e+03 0.000000e+00 1.000000e+00 1.000000e-01
3.081620e+03 0.000000e+00 1.000000e+00 1.000000e-01
3.081630e+03 0.000000e+00 1.000000e+00 1.000000e-01
3.081640e+03 0.000000e+00 1.000000e+00 1.000000e-01
3.081650e+03 0.000000e+00 1.000000e+00 1.000000e-01
3.081660e+03 0.000000e+00 1.000000e+00 1.000000e-01
3.081670e+03 0.000000e+00 1.000000e+00 1.000000e-01
3.081680e+03 0.000000e+00 1.000000e+00 1.000000e-01
3.081690e+03 0.000000e+00 1.000000e+00 1.000000e-01
3.081700e+03 0.000000e+00 1.000000e+00 1.000000e-01
3.081710e+03 0.000000e+00 1.000000e+00 1.000000e-01
3.081720e+03 0.000000e+00 1.000000e+00 1.000000e-01
3.081730e+03 0.000000e+00 1.000000e+00 1.000000e-01
3.081740e+03 0.000000e+00 1.000000e+00 1.000000e-01
3.081750e+03 0.000000e+00 1.000000e+00 1.000000e-01
3.081760e+03 0.000000e+00 1.000000e+00 1.000000e-01
3.081770e+03 0.000000e+00 1.000000e+00 1.000000e-01
3.081780e+03 0.000000e+00 1.000000e+00 1.000000e-01
3.081790e+03 0.000000e+00 1.000000e+00 1.000000e-01
3.081800e+03 0.000000e+00 1.000000e+00 1.000000e-01
3.081810e+03 0.000000e+00 1.000000e+00 1.000000e-01
3.081820e+03 0.000000e+00 1.000000e+00 1.000000e-01
3.081830e+03 0.000000e+00 1.000000e+00 1.000000e-01
3.081840e+03 0.000000e+00 1.000000e+00 1.000000e-01
3.081850e+03 0.000000e+00 1.000000e+00 1.000000e-01
3.081860e+03 0.000000e+00 1.000000e+00 1.000000e-01
3.081870e+03 0.000000e+00 1.000000e+00 1.000000e-01
3.081880e+03 0.000000e+00 1.000000e+00 1.000000e-01
3.081890e+03 0.000000e+00 1.000000e+00 1.000000e-01
3.081900e+03 0.000000e+00 1.000000e+00 1.000000e-01
3.081910e+03 0.000000e+00 1.000000e+00 1.000000e-01
3.081920e+03 0.000000e+00 1.000000e+00 1.000000e-01
3.081930e+03 0.000000e+00 1.000000e+00 1.000000e-01
3.081940e+03 0.000000e+00 1.000000e+00 1.000000e-01
3.081950e+03 0.000000e+00 1.000000e+00 1.000000e-01
3.081960e+03 0.000000e+00 1.000000e+00 1.000000e-01
3.081970e+03 0.000000e+00 1.000000e+00 1.000000e-01
3.081980e+03 0.000000e+00 1.000000e+00 1.000000e-01
3.081990e+03 0.000000e+00 1.000000e+00 1.000000e-01
3.082000e+03 0.000000e+00 1.000000e+00 1.000000e-01
3.082010e+03 0.000000e+00 1.000000e+00 1.000000e-01
3.082020e+03 0.000000e+00 1.000000e+00 1.000000e-01
3.082030e+03 0.000000e+00 1.000000e+00 1.000000e-01
3.082040e+03 0.000000e+00 1.000000e+00 1.000000e-01
3.082050e+03 0.000000e+00 1.000000e+00 1.000000e-01
3.082060e+03 0.000000e+00 1.000000e+00 1.000000e-01
3.082070e+03 0.000000e+00 1.000000e+00 1.000000e-01
3.082080e+03 0.000000e+00 1.000000e+00 1.000000e-01
3.082090e+03 0.000000e+00 1.000000e+00 1.000000e-01
3.082100e+03 0.000000e+00 1.000000e+00 1.000000e-01
3.082110e+03 0.000000e+00 1.000000e+00 1.000000e-01
3.082120e+03 0.000000e+00 1.000000e+00 1.000000e-01
3.082130e+03 0.000000e+00 1.000000e+00 1.000000e-01
3.082140e+03 0.000000e+00 1.000000e+00 1.000000e-01
3.082150e+03 0.000000e+00 1.000000e+00 1.000000e-01
3.082160e+03 0.000000e+00 1.000000e+00 1.000000e-01
3.082170e+03 0.000000e+00 1.000000e+00 1.000000e-01
3.082180e+03 0.000000e+00 1.000000e+00 1.000000e-01
3.082190e+03 0.000000e+00 1.000000e+00 1.000000e-01
3.082200e+03 0.000000e+00 1.000000e+00 1.000000e-01
3.082210e+03 0.000000e+00 1.000000e+00 1.000000e-01
3.082220e+03 0.000000e+00 1.000000e+00 1.000000e-01
3.082230e+03 0.000000e+00 1.000000e+00 1.000000e-01
3.082240e+03 0.000000e+00 1.000000e+00 1.000000e-01
3.082250e+03 0.000000e+00 1.000000e+00 1.000000e-01
3.082260e+03 0.000000e+00 1.000000e+00 1.000000e-01
3.082270e+03 0.000000e+00 1.000000e+00 1.000000e-01
3.082280e+03 0.000000e+00 1.000000e+00 1.000000e-01
3.082290e+03 0.000000e+00 1.000000e+00 1.000000e-01
3.082300e+03 0.000000e+00 1.000000e+00 1.000000e-01
3.082310e+03 0.000000e+00 1.000000e+00 1.000000e-01
3.082320e+03 0.000000e+00 1.000000e+00 1.000000e-01
3.082330e+03 0.000000e+00 1.000000e+00 1.000000e-01
3.082340e+03 0.000000e+00 1.000000e+00 1.000000e-01
3.082350e+03 0.000000e+00 1.000000e+00 1.000000e-01
3.082360e+03 0.000000e+00 1.000000e+00 1.000000e-01
3.082370e+03 0.000000e+00 1.000000e+00 1.000000e-01
3.082380e+03 0.000000e+00 1.000000e+00 1.000000e-01
3.082390e+03 0.000000e+00 1.000000e+00 1.000000e-01
3.082400e+03 0.000000e+00 1.000000e+00 1.000000e-01
3.082410e+03 0.000000e+00 1.000000e+00 1.000000e-01
3.082420e+03 0.000000e+00 1.000000e+00 1.000000e-01
3.082430e+03 0.000000e+00 1.000000e+00 1.000000e-01
3.082440e+03 0.000000e+00 1.000000e+00 1.000000e-01
3.082450e+03 0.000000e+00 1.000000e+00 1.000000e-01
3.082460e+03 0.000000e+00 1.000000e+00 1.000000e-01
3.082470e+03 0.000000e+00 1.000000e+00 1.000000e-01
3.082480e+03 0.000000e+00 1.000000e+00 1.000000e-01
3.082490e+03 0.000000e+00 1.000000e+00 1.000000e-01
3.082500e+03 0.000000e+00 1.000000e+00 1.000000e-01
3.082510e+03 0.000000e+00 1.000000e+00 1.000000e-01
3.082520e+03 0.000000e+00 1.000000e+00 1.000000e-01
3.082530e+03 0.000000e+00 1.000000e+00 1.000000e-01
3.082540e+03 0.000000e+00 1.000000e+00 1.000000e-01
3.082550e+03 0.000000e+00 1.000000e+00 1.000000e-01
3.082560e+03 0.000000e+00 1.000000e+00 1.000000e-01
3.082570e+03 0.000000e+00 1.000000e+00 1.000000e-01
3.082580e+03 0.000000e+00 1.000000e+00 1.000000e-01
3.082590e+03 0.000000e+00 1.000000e+00 1.000000e-01
3.082600e+03 0.000000e+00 1.000000e+00 1.000000e-01
3.082610e+03 0.000000e+00 1.000000e+00 1.000000e-01
3.082620e+03 0.000000e+00 1.000000e+00 1.000000e-01
3.082630e+03 0.000000e+00 1.000000e+00 1.000000e-01
3.082640e+03 0.000000e+00 1.000000e+00 1.000000e-01
3.082650e+03 0.000000e+00 1.000000e+00 1.000000e-01
3.082660e+03 0.000000e+00 1.000000e+00 1.000000e-01
3.082670e+03 0.000000e+00 1.000000e+00 1.000000e-01
3.082680e+03 0.000000e+00 1.000000e+00 1.000000e-01
3.082690e+03 0.000000e+00 1.000000e+00 1.000000e-01
3.082700e+03 0.000000e+00 1.000000e+00 1.000000e-01
3.082710e+03 0.000000e+00 1.000000e+00 1.000000e-01
3.082720e+03 0.000000e+00 1.000000e+00 1.000000e-01
3.082730e+03 0.000000e+00 1.000000e+00 1.000000e-01
3.082740e+03 0.000000e+00 1.000000e+00 1.000000e-01
3.082750e+03 0.000000e+00 1.000000e+00 1.000000e-01
3.082760e+03 0.000000e+00 1.000000e+00 1.000000e-01
3.082770e+03 0.000000e+00 1.000000e+00 1.000000e-01
3.082780e+03 0.000000e+00 1.000000e+00 1.000000e-01
3.082790e+03 0.000000e+00 1.000000e+00 1.000000e-01
3.082800e+03 0.000000e+00 1.000000e+00 1.000000e-01
3.082810e+03 0.000000e+00 1.000000e+00 1.000000e-01
3.082820e+03 0.000000e+00 1.000000e+00 1.000000e-01
3.082830e+03 0.000000e+00 1.000000e+00 1.000000e-01
3.082840e+03 0.000000e+00 1.000000e+00 1.000000e-01
3.082850e+03 0.000000e+00 1.000000e+00 1.000000e-01
3.082860e+03 0.000000e+00 1.000000e+00 1.000000e-01
3.082870e+03 0.000000e+00 1.000000e+00 1.000000e-01
3.082880e+03 0.000000e+00 1.000000e+00 1.000000e-01
3.082890e+03 0.000000e+00 1.000000e+00 1.000000e-01
3.082900e+03 0.000000e+00 1.000000e+00 1.000000e-01
3.082910e+03 0.000000e+00 1.000000e+00 1.000000e-01
3.082920e+03 0.000000e+00 1.000000e+00 1.000000e-01
3.082930e+03 0.000000e+00 1.000000e+00 1.000000e-01
3.082940e+03 0.000000e+00 1.000000e+00 1.000000e-01
3.082950e+03 0.000000e+00 1.000000e+00 1.000000e-01
3.082960e+03 0.000000e+00 1.000000e+00 1.000000e-01
3.082970e+03 0.000000e+00 1.000000e+00 1.000000e-01
3.082980e+03 0.000000e+00 1.000000e+00 1.000000e-01
3.082990e+03 0.000000e+00 1.000000e+00 1.000000e-01
3.083000e+03 0.000000e+00 1.000000e+00 1.000000e-01
3.083010e+03 0.000000e+00 1.000000e+00 1.000000e-01
3.083020e+03 0.000000e+00 1.000000e+00 1.000000e-01
3.083030e+03 0.000000e+00 1.000000e+00 1.000000e-01
3.083040e+03 0.000000e+00 1.000000e+00 1.000000e-01
3.083050e+03 0.000000e+00 1.000000e+00 1.000000e-01
3.083060e+03 0.000000e+00 1.000000e+00 1.000000e-01
3.083070e+03 0.000000e+00 1.000000e+00 1.000000e-01
3.083080e+03 0.000000e+00 1.000000e+00 1.000000e-01
3.083090e+03 0.000000e+00 1.000000e+00 1.000000e-01
3.083100e+03 0.000000e+00 1.000000e+00 1.000000e-01
3.083110e+03 0.000000e+00 1.000000e+00 1.000000e-01
3.083120e+03 0.000000e+00 1.000000e+00 1.000000e-01
3.083130e+03 0.000000e+00 1.000000e+00 1.000000e-01
3.083140e+03 0.000000e+00 1.000000e+00 1.000000e-01
3.083150e+03 0.000000e+00 1.000000e+00 1.000000e-01
3.083160e+03 0.000000e+00 1.000000e+00 1.000000e-01
3.083170e+03 0.000000e+00 1.000000e+00 1.000000e-01
3.083180e+03 0.000000e+00 1.000000e+00 1.000000e-01
3.083190e+03 0.000000e+00 1.000000e+00 1.000000e-01
3.083200e+03 0.000000e+00 1.000000e+00 1.000000e-01
3.083210e+03 0.000000e+00 1.000000e+00 1.000000e-01
3.083220e+03 0.000000e+00 1.000000e+00 1.000000e-01
3.083230e+03 0.000000e+00 1.000000e+00 1.000000e-01
3.083240e+03 0.000000e+00 1.000000e+00 1.000000e-01
3.083250e+03 0.000000e+00 1.000000e+00 1.000000e-01
3.083260e+03 0.000000e+00 1.000000e+00 1.000000e-01
3.083270e+03 0.000000e+00 1.000000e+00 1.000000e-01
3.083280e+03 0.000000e+00 1.000000e+00 1.000000e-01
3.083290e+03 0.000000e+00 1.000000e+00 1.000000e-01
3.083300e+03 0.000000e+00 1.000000e+00 1.000000e-01
3.083310e+03 0.000000e+00 1.000000e+00 1.000000e-01
3.083320e+03 0.000000e+00 1.000000e+00 1.000000e-01
3.083330e+03 0.000000e+00 1.000000e+00 1.000000e-01
3.083340e+03 0.000000e+00 1.000000e+00 1.000000e-01
3.083350e+03 0.000000e+00 1.000000e+00 1.000000e-01
3.083360e+03 0.000000e+00 1.000000e+00 1.000000e-01
3.083370e+03 0.000000e+00 1.000000e+00 1.000000e-01
3.083380e+03 0.000000e+00 1.000000e+00 1.000000e-01
3.083390e+03 0.000000e+00 1.000000e+00 1.000000e-01
3.083400e+03 0.000000e+00 1.000000e+00 1.000000e-01
3.083410e+03 0.000000e+00 1.000000e+00 1.000000e-01
3.083420e+03 0.000000e+00 1.000000e+00 1.000000e-01
3.083430e+03 0.000000e+00 1.000000e+00 1.000000e-01
3.083440e+03 0.000000e+00 1.000000e+00 1.000000e-01
3.083450e+03 0.000000e+00 1.000000e+00 1.000000e-01
3.083460e+03 0.000000e+00 1.000000e+00 1.000000e-01
3.083470e+03 0.000000e+00 1.000000e+00 1.000000e-01
3.083480e+03 0.000000e+00 1.000000e+00 1.000000e-01
3.083490e+03 0.000000e+00 1.000000e+00 1.000000e-01
3.083500e+03 0.000000e+00 1.000000e+00 1.000000e-01
3.083510e+03 0.000000e+00 1.000000e+00 1.000000e-01
3.083520e+03 0.000000e+00 1.000000e+00 1.000000e-01
3.083530e+03 0.000000e+00 1.000000e+00 1.000000e-01
3.083540e+03 0.000000e+00 1.000000e+00 1.000000e-01
3.083550e+03 0.000000e+00 1.000000e+00 1.000000e-01
3.083560e+03 0.000000e+00 1.000000e+00 1.000000e-01
3.083570e+03 0.000000e+00 1.000000e+00 1.000000e-01
3.083580e+03 0.000000e+00 1.000000e+00 1.000000e-01
3.083590e+03 0.000000e+00 1.000000e+00 1.000000e-01
3.083600e+03 0.000000e+00 1.000000e+00 1.000000e-01
3.083610e+03 0.000000e+00 1.000000e+00 1.000000e-01
3.083620e+03 0.000000e+00 1.000000e+00 1.000000e-01
3.083630e+03 0.000000e+00 1.000000e+00 1.000000e-01
3.083640e+03 0.000000e+00 1.000000e+00 1.000000e-01
3.083650e+03 0.000000e+00 1.000000e+00 1.000000e-01
3.083660e+03 0.000000e+00 1.000000e+00 1.000000e-01
3.083670e+03 0.000000e+00 1.000000e+00 1.000000e-01
3.083680e+03 0.000000e+00 1.000000e+00 1.000000e-01
3.083690e+03 0.000000e+00 1.000000e+00 1.000000e-01
3.083700e+03 0.000000e+00 1.000000e+00 1.000000e-01
3.083710e+03 0.000000e+00 1.000000e+00 1.000000e-01
3.083720e+03 0.000000e+00 1.000000e+00 1.000000e-01
3.083730e+03 0.000000e+00 1.000000e+00 1.000000e-01
3.083740e+03 0.000000e+00 1.000000e+00 1.000000e-01
3.083750e+03 0.000000e+00 1.000000e+00 1.000000e-01
3.083760e+03 0.000000e+00 1.000000e+00 1.000000e-01
3.083770e+03 0.000000e+00 1.000000e+00 1.000000e-01
3.083780e+03 0.000000e+00 1.000000e+00 1.000000e-01
3.083790e+03 0.000000e+00 1.000000e+00 1.000000e-01
3.083800e+03 0.000000e+00 1.000000e+00 1.000000e-01
3.083810e+03 0.000000e+00 1.000000e+00 1.000000e-01
3.083820e+03 0.000000e+00 1.000000e+00 1.000000e-01
3.083830e+03 0.000000e+00 1.000000e+00 1.000000e-01
3.083840e+03 0.000000e+00 1.000000e+00 1.000000e-01
3.083850e+03 0.000000e+00 1.000000e+00 1.000000e-01
3.083860e+03 0.000000e+00 1.000000e+00 1.000000e-01
3.083870e+03 0.000000e+00 1.000000e+00 1.000000e-01
3.083880e+03 0.000000e+00 1.000000e+00 1.000000e-01
3.083890e+03 0.000000e+00 1.000000e+00 1.000000e-01
3.083900e+03 0.000000e+00 1.000000e+00 1.000000e-01
3.083910e+03 0.000000e+00 1.000000e+00 1.000000e-01
3.083920e+03 0.000000e+00 1.000000e+00 1.000000e-01
3.083930e+03 0.000000e+00 1.000000e+00 1.000000e-01
3.083940e+03 0.000000e+00 1.000000e+00 1.000000e-01
3.083950e+03 0.000000e+00 1.000000e+00 1.000000e-01
3.083960e+03 0.000000e+00 1.000000e+00 1.000000e-01
3.083970e+03 0.000000e+00 1.000000e+00 1.000000e-01
3.083980e+03 0.000000e+00 1.000000e+00 1.000000e-01
3.083990e+03 0.000000e+00 1.000000e+00 1.000000e-01
3.084000e+03 0.000000e+00 1.000000e+00 1.000000e-01
3.084010e+03 0.000000e+00 1.000000e+00 1.000000e-01
3.084020e+03 0.000000e+00 1.000000e+00 1.000000e-01
3.084030e+03 0.000000e+00 1.000000e+00 1.000000e-01
3.084040e+03 0.000000e+00 1.000000e+00 1.000000e-01
3.084050e+03 0.000000e+00 1.000000e+00 1.000000e-01
3.084060e+03 0.000000e+00 1.000000e+00 1.000000e-01
3.084070e+03 0.000000e+00 1.000000e+00 1.000000e-01
3.084080e+03 0.000000e+00 1.000000e+00 1.000000e-01
3.084090e+03 0.000000e+00 1.000000e+00 1.000000e-01
3.084100e+03 0.000000e+00 1.000000e+00 1.000000e-01
3.084110e+03 0.000000e+00 1.000000e+00 1.000000e-01
3.084120e+03 0.000000e+00 1.000000e+00 1.000000e-01
3.084130e+03 0.000000e+00 1.000000e+00 1.000000e-01
3.084140e+03 0.000000e+00 1.000000e+00 1.000000e-01
3.084150e+03 0.000000e+00 1.000000e+00 1.000000e-01
3.084160e+03 0.000000e+00 1.000000e+00 1.000000e-01
3.084170e+03 0.000000e+00 1.000000e+00 1.000000e-01
3.084180e+03 0.000000e+00 1.000000e+00 1.000000e-01
3.084190e+03 0.000000e+00 1.000000e+00 1.000000e-01
3.084200e+03 0.000000e+00 1.000000e+00 1.000000e-01
3.084210e+03 0.000000e+00 1.000000e+00 1.000000e-01
3.084220e+03 0.000000e+00 1.000000e+00 1.000000e-01
3.084230e+03 0.000000e+00 1.000000e+00 1.000000e-01
3.084240e+03 0.000000e+00 1.000000e+00 1.000000e-01
3.084250e+03 0.000000e+00 1.000000e+00 1.000000e-01
3.084260e+03 0.000000e+00 1.000000e+00 1.000000e-01
3.084270e+03 0.000000e+00 1.000000e+00 1.000000e-01
3.084280e+03 0.000000e+00 1.000000e+00 1.000000e-01
3.084290e+03 0.000000e+00 1.000000e+00 1.000000e-01
3.084300e+03 0.000000e+00 1.000000e+00 1.000000e-01
3.084310e+03 0.000000e+00 1.000000e+00 1.000000e-01
3.084320e+03 0.000000e+00 1.000000e+00 1.000000e-01
3.084330e+03 0.000000e+00 1.000000e+00 1.000000e-01
3.084340e+03 0.000000e+00 1.000000e+00 1.000000e-01
3.084350e+03 0.000000e+00 1.000000e+00 1.000000e-01
3.084360e+03 0.000000e+00 1.000000e+00 1.000000e-01
3.084370e+03 0.000000e+00 1.000000e+00 1.000000e-01
3.084380e+03 0.000000e+00 1.000000e+00 1.000000e-01
3.084390e+03 0.000000e+00 1.000000e+00 1.000000e-01
3.084400e+03 0.000000e+00 1.000000e+00 1.000000e-01
3.084410e+03 0.000000e+00 1.000000e+00 1.000000e-01
3.084420e+03 0.000000e+00 1.000000e+00 1.000000e-01
3.084430e+03 0.000000e+00 1.000000e+00 1.000000e-01
3.084440e+03 0.000000e+00 1.000000e+00 1.000000e-01
3.084450e+03 0.000000e+00 1.000000e+00 1.000000e-01
3.084460e+03 0.000000e+00 1.000000e+00 1.000000e-01
3.084470e+03 0.000000e+00 1.000000e+00 1.000000e-01
3.084480e+03 0.000000e+00 1.000000e+00 1.000000e-01
3.084490e+03 0.000000e+00 1.000000e+00 1.000000e-01
3.084500e+03 0.000000e+00 1.000000e+00 1.000000e-01
3.084510e+03 0.000000e+00 1.000000e+00 1.000000e-01
3.084520e+03 0.000000e+00 1.000000e+00 1.000000e-01
3.084530e+03 0.000000e+00 1.000000e+00 1.000000e-01
3.084540e+03 0.000000e+00 1.000000e+00 1.000000e-01
3.084550e+03 0.000000e+00 1.000000e+00 1.000000e-01
3.084560e+03 0.000000e+00 1.000000e+00 1.000000e-01
3.084570e+03 0.000000e+00 1.000000e+00 1.000000e-01
3.084580e+03 0.000000e+00 1.000000e+00 1.000000e-01
3.084590e+03 0.000000e+00 1.000000e+00 1.000000e-01
3.084600e+03 0.000000e+00 1.000000e+00 1.000000e-01
3.084610e+03 0.000000e+00 1.000000e+00 1.000000e-01
3.084620e+03 0.000000e+00 1.000000e+00 1.000000e-01
3.084630e+03 0.000000e+00 1.000000e+00 1.000000e-01
3.084640e+03 0.000000e+00 1.000000e+00 1.000000e-01
3.084650e+03 0.000000e+00 1.000000e+00 1.000000e-01
3.084660e+03 0.000000e+00 1.000000e+00 1.000000e-01
3.084670e+03 0.000000e+00 1.000000e+00 1.000000e-01
3.084680e+03 0.000000e+00 1.000000e+00 1.000000e-01
3.084690e+03 0.000000e+00 1.000000e+00 1.000000e-01
3.084700e+03 0.000000e+00 1.000000e+00 1.000000e-01
3.084710e+03 0.000000e+00 1.000000e+00 1.000000e-01
3.084720e+03 0.000000e+00 1.000000e+00 1.000000e-01
3.084730e+03 0.000000e+00 1.000000e+00 1.000000e-01
3.084740e+03 0.000000e+00 1.000000e+00 1.000000e-01
3.084750e+03 0.000000e+00 1.000000e+00 1.000000e-01
3.084760e+03 0.000000e+00 1.000000e+00 1.000000e-01
3.084770e+03 0.000000e+00 1.000000e+00 1.000000e-01
3.084780e+03 0.000000e+00 1.000000e+00 1.000000e-01
3.084790e+03 0.000000e+00 1.000000e+00 1.000000e-01
3.084800e+03 0.000000e+00 1.000000e+00 1.000000e-01
3.084810e+03 0.000000e+00 1.000000e+00 1.000000e-01
3.084820e+03 0.000000e+00 1.000000e+00 1.000000e-01
3.084830e+03 0.000000e+00 1.000000e+00 1.000000e-01
3.084840e+03 0.000000e+00 1.000000e+00 1.000000e-01
3.084850e+03 0.000000e+00 1.000000e+00 1.000000e-01
3.084860e+03 0.000000e+00 1.000000e+00 1.000000e-01
3.084870e+03 0.000000e+00 1.000000e+00 1.000000e-01
3.084880e+03 0.000000e+00 1.000000e+00 1.000000e-01
3.084890e+03 0.000000e+00 1.000000e+00 1.000000e-01
3.084900e+03 0.000000e+00 1.000000e+00 1.000000e-01
3.084910e+03 0.000000e+00 1.000000e+00 1.000000e-01
3.084920e+03 0.000000e+00 1.000000e+00 1.000000e-01
3.084930e+03 0.000000e+00 1.000000e+00 1.000000e-01
3.084940e+03 0.000000e+00 1.000000e+00 1.000000e-01
3.084950e+03 0.000000e+00 1.000000e+00 1.000000e-01
3.084960e+03 0.000000e+00 1.000000e+00 1.000000e-01
3.084970e+03 0.000000e+00 1.000000e+00 1.000000e-01
3.084980e+03 0.000000e+00 1.000000e+00 1.000000e-01
3.084990e+03 0.000000e+00 1.000000e+00 1.000000e-01
3.085000e+03 0.000000e+00 1.000000e+00 1.000000e-01
3.085010e+03 0.000000e+00 1.000000e+00 1.000000e-01
3.085020e+03 0.000000e+00 1.000000e+00 1.000000e-01
3.085030e+03 0.000000e+00 1.000000e+00 1.000000e-01
3.085040e+03 0.000000e+00 1.000000e+00 1.000000e-01
3.085050e+03 0.000000e+00 1.000000e+00 1.000000e-01
3.085060e+03 0.000000e+00 1.000000e+00 1.000000e-01
3.085070e+03 0.000000e+00 1.000000e+00 1.000000e-01
3.085080e+03 0.000000e+00 1.000000e+00 1.000000e-01
3.085090e+03 0.000000e+00 1.000000e+00 1.000000e-01
3.085100e+03 0.000000e+00 1.000000e+00 1.000000e-01
3.085110e+03 0.000000e+00 1.000000e+00 1.000000e-01
3.085120e+03 0.000000e+00 1.000000e+00 1.000000e-01
3.085130e+03 0.000000e+00 1.000000e+00 1.000000e-01
3.085140e+03 0.000000e+00 1.000000e+00 1.000000e-01
3.085150e+03 0.000000e+00 1.000000e+00 1.000000e-01
3.085160e+03 0.000000e+00 1.000000e+00 1.000000e-01
3.085170e+03 0.000000e+00 1.000000e+00 1.000000e-01
3.085180e+03 0.000000e+00 1.000000e+00 1.000000e-01
3.085190e+03 0.000000e+00 1.000000e+00 1.000000e-01
3.085200e+03 0.000000e+00 1.000000e+00 1.000000e-01
3.085210e+03 0.000000e+00 1.000000e+00 1.000000e-01
3.085220e+03 0.000000e+00 1.000000e+00 1.000000e-01
3.085230e+03 0.000000e+00 1.000000e+00 1.000000e-01
3.085240e+03 0.000000e+00 1.000000e+00 1.000000e-01
3.085250e+03 0.000000e+00 1.000000e+00 1.000000e-01
3.085260e+03 0.000000e+00 1.000000e+00 1.000000e-01
3.085270e+03 0.000000e+00 1.000000e+00 1.000000e-01
3.085280e+03 0.000000e+00 1.000000e+00 1.000000e-01
3.085290e+03 0.000000e+00 1.000000e+00 1.000000e-01
3.085300e+03 0.000000e+00 1.000000e+00 1.000000e-01
3.085310e+03 0.000000e+00 1.000000e+00 1.000000e-01
3.085320e+03 0.000000e+00 1.000000e+00 1.000000e-01
3.085330e+03 0.000000e+00 1.000000e+00 1.000000e-01
3.085340e+03 0.000000e+00 1.000000e+00 1.000000e-01
3.085350e+03 0.000000e+00 1.000000e+00 1.000000e-01
3.085360e+03 0.000000e+00 1.000000e+00 1.000000e-01
3.085370e+03 0.000000e+00 1.000000e+00 1.000000e-01
3.085380e+03 0.000000e+00 1.000000e+00 1.000000e-01
3.085390e+03 0.000000e+00 1.000000e+00 1.000000e-01
3.085400e+03 0.000000e+00 1.000000e+00 1.000000e-01
3.085410e+03 0.000000e+00 1.000000e+00 1.000000e-01
3.085420e+03 0.000000e+00 1.000000e+00 1.000000e-01
3.085430e+03 0.000000e+00 1.000000e+00 1.000000e-01
3.085440e+03 0.000000e+00 1.000000e+00 1.000000e-01
3.085450e+03 0.000000e+00 1.000000e+00 1.000000e-01
3.085460e+03 0.000000e+00 1.000000e+00 1.000000e-01
3.085470e+03 0.000000e+00 1.000000e+00 1.000000e-01
3.085480e+03 0.000000e+00 1.000000e+00 1.000000e-01
3.085490e+03 0.000000e+00 1.000000e+00 1.000000e-01
3.085500e+03 0.000000e+00 1.000000e+00 1.000000e-01
3.085510e+03 0.000000e+00 1.000000e+00 1.000000e-01
3.085520e+03 0.000000e+00 1.000000e+00 1.000000e-01
3.085530e+03 0.000000e+00 1.000000e+00 1.000000e-01
3.085540e+03 0.000000e+00 1.000000e+00 1.000000e-01
3.085550e+03 0.000000e+00 1.000000e+00 1.000000e-01
3.085560e+03 0.000000e+00 1.000000e+00 1.000000e-01
3.085570e+03 0.000000e+00 1.000000e+00 1.000000e-01
3.085580e+03 0.000000e+00 1.000000e+00 1.000000e-01
3.085590e+03 0.000000e+00 1.000000e+00 1.000000e-01
3.085600e+03 0.000000e+00 1.000000e+00 1.000000e-01
3.085610e+03 0.000000e+00 1.000000e+00 1.000000e-01
3.085620e+03 0.000000e+00 1.000000e+00 1.000000e-01
3.085630e+03 0.000000e+00 1.000000e+00 1.000000e-01
3.085640e+03 0.000000e+00 1.000000e+00 1.000000e-01
3.085650e+03 0.000000e+00 1.000000e+00 1.000000e-01
3.085660e+03 0.000000e+00 1.000000e+00 1.000000e-01
3.085670e+03 0.000000e+00 1.000000e+00 1.000000e-01
3.085680e+03 0.000000e+00 1.000000e+00 1.000000e-01
3.085690e+03 0.000000e+00 1.000000e+00 1.000000e-01
3.085700e+03 0.000000e+00 1.000000e+00 1.000000e-01
3.085710e+03 0.000000e+00 1.000000e+00 1.000000e-01
3.085720e+03 0.000000e+00 1.000000e+00 1.000000e-01
3.085730e+03 0.000000e+00 1.000000e+00 1.000000e-01
3.085740e+03 0.000000e+00 1.000000e+00 1.000000e-01
3.085750e+03 0.000000e+00 1.000000e+00 1.000000e-01
3.085760e+03 0.000000e+00 1.000000e+00 1.000000e-01
3.085770e+03 0.000000e+00 1.000000e+00 1.000000e-01
3.085780e+03 0.000000e+00 1.000000e+00 1.000000e-01
3.085790e+03 0.000000e+00 1.000000e+00 1.000000e-01
3.085800e+03 0.000000e+00 1.000000e+00 1.000000e-01
3.085810e+03 0.000000e+00 1.000000e+00 1.000000e-01
3.085820e+03 0.000000e+00 1.000000e+00 1.000000e-01
3.085830e+03 0.000000e+00 1.000000e+00 1.000000e-01
3.085840e+03 0.000000e+00 1.000000e+00 1.000000e-01
3.085850e+03 0.000000e+00 1.000000e+00 1.000000e-01
3.085860e+03 0.000000e+00 1.000000e+00 1.000000e-01
3.085870e+03 0.000000e+00 1.000000e+00 1.000000e-01
3.085880e+03 0.000000e+00 1.000000e+00 1.000000e-01
3.085890e+03 0.000000e+00 1.000000e+00 1.000000e-01
3.085900e+03 0.000000e+00 1.000000e+00 1.000000e-01
3.085910e+03 0.000000e+00 1.000000e+00 1.000000e-01
3.085920e+03 0.000000e+00 1.000000e+00 1.000000e-01
3.085930e+03 0.000000e+00 1.000000e+00 1.000000e-01
3.085940e+03 0.000000e+00 1.000000e+00 1.000000e-01
3.085950e+03 0.000000e+00 1.000000e+00 1.000000e-01
3.085960e+03 0.000000e+00 1.000000e+00 1.000000e-01
3.085970e+03 0.000000e+00 1.000000e+00 1.000000e-01
3.085980e+03 0.000000e+00 1.000000e+00 1.000000e-01
3.085990e+03 0.000000e+00 1.000000e+00 1.000000e-01
3.086000e+03 0.000000e+00 1.000000e+00 1.000000e-01
3.086010e+03 0.000000e+00 1.000000e+00 1.000000e-01
3.086020e+03 0.000000e+00 1.000000e+00 1.000000e-01
3.086030e+03 0.000000e+00 1.000000e+00 1.000000e-01
3.086040e+03 0.000000e+00 1.000000e+00 1.000000e-01
3.086050e+03 0.000000e+00 1.000000e+00 1.000000e-01
3.086060e+03 0.000000e+00 1.000000e+00 1.000000e-01
3.086070e+03 0.000000e+00 1.000000e+00 1.000000e-01
3.086080e+03 0.000000e+00 1.000000e+00 1.000000e-01
3.086090e+03 0.000000e+00 1.000000e+00 1.000000e-01
3.086100e+03 0.000000e+00 1.000000e+00 1.000000e-01
3.086110e+03 0.000000e+00 1.000000e+00 1.000000e-01
3.086120e+03 0.000000e+00 1.000000e+00 1.000000e-01
3.086130e+03 0.000000e+00 1.000000e+00 1.000000e-01
3.086140e+03 0.000000e+00 1.000000e+00 1.000000e-01
3.086150e+03 0.000000e+00 1.000000e+00 1.000000e-01
3.086160e+03 0.000000e+00 1.000000e+00 1.000000e-01
3.086170e+03 0.000000e+00 1.000000e+00 1.000000e-01
3.086180e+03 0.000000e+00 1.000000e+00 1.000000e-01
3.086190e+03 0.000000e+00 1.000000e+00 1.000000e-01
3.086200e+03 0.000000e+00 1.000000e+00 1.000000e-01
3.086210e+03 0.000000e+00 1.000000e+00 1.000000e-01
3.086220e+03 0.000000e+00 1.000000e+00 1.000000e-01
3.086230e+03 0.000000e+00 1.000000e+00 1.000000e-01
3.086240e+03 0.000000e+00 1.000000e+00 1.000000e-01
3.086250e+03 0.000000e+00 1.000000e+00 1.000000e-01
3.086260e+03 0.000000e+00 1.000000e+00 1.000000e-01
3.086270e+03 0.000000e+00 1.000000e+00 1.000000e-01
3.086280e+03 0.000000e+00 1.000000e+00 1.000000e-01
3.086290e+03 0.000000e+00 1.000000e+00 1.000000e-01
3.086300e+03 0.000000e+00 1.000000e+00 1.000000e-01
3.086310e+03 0.000000e+00 1.000000e+00 1.000000e-01
3.086320e+03 0.000000e+00 1.000000e+00 1.000000e-01
3.086330e+03 0.000000e+00 1.000000e+00 1.000000e-01
3.086340e+03 0.000000e+00 1.000000e+00 1.000000e-01
3.086350e+03 0.000000e+00 1.000000e+00 1.000000e-01
3.086360e+03 0.000000e+00 1.000000e+00 1.000000e-01
3.086370e+03 0.000000e+00 1.000000e+00 1.000000e-01
3.086380e+03 0.000000e+00 1.000000e+00 1.000000e-01
3.086390e+03 0.000000e+00 1.000000e+00 1.000000e-01
3.086400e+03 0.000000e+00 1.000000e+00 1.000000e-01
3.086410e+03 0.000000e+00 1.000000e+00 1.000000e-01
3.086420e+03 0.000000e+00 1.000000e+00 1.000000e-01
3.086430e+03 0.000000e+00 1.000000e+00 1.000000e-01
3.086440e+03 0.000000e+00 1.000000e+00 1.000000e-01
3.086450e+03 0.000000e+00 1.000000e+00 1.000000e-01
3.086460e+03 0.000000e+00 1.000000e+00 1.000000e-01
3.086470e+03 0.000000e+00 1.000000e+00 1.000000e-01
3.086480e+03 0.000000e+00 1.000000e+00 1.000000e-01
3.086490e+03 0.000000e+00 1.000000e+00 1.000000e-01
3.086500e+03 0.000000e+00 1.000000e+00 1.000000e-01
3.086510e+03 0.000000e+00 1.000000e+00 1.000000e-01
3.086520e+03 0.000000e+00 1.000000e+00 1.000000e-01
3.086530e+03 0.000000e+00 1.000000e+00 1.000000e-01
3.086540e+03 0.000000e+00 1.000000e+00 1.000000e-01
3.086550e+03 0.000000e+00 1.000000e+00 1.000000e-01
3.086560e+03 0.000000e+00 1.000000e+00 1.000000e-01
3.086570e+03 0.000000e+00 1.000000e+00 1.000000e-01
3.086580e+03 0.000000e+00 1.000000e+00 1.000000e-01
3.086590e+03 0.000000e+00 1.000000e+00 1.000000e-01
3.086600e+03 0.000000e+00 1.000000e+00 1.000000e-01
3.086610e+03 0.000000e+00 1.000000e+00 1.000000e-01
3.086620e+03 0.000000e+00 1.000000e+00 1.000000e-01
3.086630e+03 0.000000e+00 1.000000e+00 1.000000e-01
3.086640e+03 0.000000e+00 1.000000e+00 1.000000e-01
3.086650e+03 0.000000e+00 1.000000e+00 1.000000e-01
3.086660e+03 0.000000e+00 1.000000e+00 1.000000e-01
3.086670e+03 0.000000e+00 1.000000e+00 1.000000e-01
3.086680e+03 0.000000e+00 1.000000e+00 1.000000e-01
3.086690e+03 0.000000e+00 1.000000e+00 1.000000e-01
3.086700e+03 0.000000e+00 1.000000e+00 1.000000e-01
3.086710e+03 0.000000e+00 1.000000e+00 1.000000e-01
3.086720e+03 0.000000e+00 1.000000e+00 1.000000e-01
3.086730e+03 0.000000e+00 1.000000e+00 1.000000e-01
3.086740e+03 0.000000e+00 1.000000e+00 1.000000e-01
3.086750e+03 0.000000e+00 1.000000e+00 1.000000e-01
3.086760e+03 0.000000e+00 1.000000e+00 1.000000e-01
3.086770e+03 0.000000e+00 1.000000e+00 1.000000e-01
3.086780e+03 0.000000e+00 1.000000e+00 1.000000e-01
3.086790e+03 0.000000e+00 1.000000e+00 1.000000e-01
3.086800e+03 0.000000e+00 1.000000e+00 1.000000e-01
3.086810e+03 0.000000e+00 1.000000e+00 1.000000e-01
3.086820e+03 0.000000e+00 1.000000e+00 1.000000e-01
3.086830e+03 0.000000e+00 1.000000e+00 1.000000e-01
3.086840e+03 0.000000e+00 1.000000e+00 1.000000e-01
3.086850e+03 0.000000e+00 1.000000e+00 1.000000e-01
3.086860e+03 0.000000e+00 1.000000e+00 1.000000e-01
3.086870e+03 0.000000e+00 1.000000e+00 1.000000e-01
3.086880e+03 0.000000e+00 1.000000e+00 1.000000e-01
3.086890e+03 0.000000e+00 1.000000e+00 1.000000e-01
3.086900e+03 0.000000e+00 1.000000e+00 1.000000e-01
3.086910e+03 0.000000e+00 1.000000e+00 1.000000e-01
3.086920e+03 0.000000e+00 1.000000e+00 1.000000e-01
3.086930e+03 0.000000e+00 1.000000e+00 1.000000e-01
3.086940e+03 0.000000e+00 1.000000e+00 1.000000e-01
3.086950e+03 0.000000e+00 1.000000e+00 1.000000e-01
3.086960e+03 0.000000e+00 1.000000e+00 1.000000e-01
3.086970e+03 0.000000e+00 1.000000e+00 1.000000e-01
3.086980e+03 0.000000e+00 1.000000e+00 1.000000e-01
3.086990e+03 0.000000e+00 1.000000e+00 1.000000e-01
3.087000e+03 0.000000e+00 1.000000e+00 1.000000e-01
3.087010e+03 0.000000e+00 1.000000e+00 1.000000e-01
3.087020e+03 0.000000e+00 1.000000e+00 1.000000e-01
3.087030e+03 0.000000e+00 1.000000e+00 1.000000e-01
3.087040e+03 0.000000e+00 1.000000e+00 1.000000e-01
3.087050e+03 0.000000e+00 1.000000e+00 1.000000e-01
3.087060e+03 0.000000e+00 1.000000e+00 1.000000e-01
3.087070e+03 0.000000e+00 1.000000e+00 1.000000e-01
3.087080e+03 0.000000e+00 1.000000e+00 1.000000e-01
3.087090e+03 0.000000e+00 1.000000e+00 1.000000e-01
3.087100e+03 0.000000e+00 1.000000e+00 1.000000e-01
3.087110e+03 0.000000e+00 1.000000e+00 1.000000e-01
3.087120e+03 0.000000e+00 1.000000e+00 1.000000e-01
3.087130e+03 0.000000e+00 1.000000e+00 1.000000e-01
3.087140e+03 0.000000e+00 1.000000e+00 1.000000e-01
3.087150e+03 0.000000e+00 1.000000e+00 1.000000e-01
3.087160e+03 0.000000e+00 1.000000e+00 1.000000e-01
3.087170e+03 0.000000e+00 1.000000e+00 1.000000e-01
3.087180e+03 0.000000e+00 1.000000e+00 1.000000e-01
3.087190e+03 0.000000e+00 1.000000e+00 1.000000e-01
3.087200e+03 0.000000e+00 1.000000e+00 1.000000e-01
3.087210e+03 0.000000e+00 1.000000e+00 1.000000e-01
3.087220e+03 0.000000e+00 1.000000e+00 1.000000e-01
3.087230e+03 0.000000e+00 1.000000e+00 1.000000e-01
3.087240e+03 1.331717e-07 9.999999e-01 9.999999e-02
3.087250e+03 1.331443e-07 9.999999e-01 9.999999e-02
3.087260e+03 0.000000e+00 1.000000e+00 1.000000e-01
3.087270e+03 0.000000e+00 1.000000e+00 1.000000e-01
3.087280e+03 0.000000e+00 1.000000e+00 1.000000e-01
3.087290e+03 0.000000e+00 1.000000e+00 1.000000e-01
3.087300e+03 0.000000e+00 1.000000e+00 1.000000e-01
3.087310e+03 0.000000e+00 1.000000e+00 1.000000e-01
3.087320e+03 0.000000e+00 1.000000e+00 1.000000e-01
3.087330e+03 0.000000e+00 1.000000e+00 1.000000e-01
3.087340e+03 0.000000e+00 1.000000e+00 1.000000e-01
3.087350e+03 0.000000e+00 1.000000e+00 1.000000e-01
3.087360e+03 0.000000e+00 1.000000e+00 1.000000e-01
3.087370e+03 0.000000e+00 1.000000e+00 1.000000e-01
3.087380e+03 0.000000e+00 1.000000e+00 1.000000e-01
3.087390e+03 0.000000e+00 1.000000e+00 1.000000e-01
3.087400e+03 0.000000e+00 1.000000e+00 1.000000e-01
3.087410e+03 0.000000e+00 1.000000e+00 1.000000e-01
3.087420e+03 0.000000e+00 1.000000e+00 1.000000e-01
3.087430e+03 0.000000e+00 1.000000e+00 1.000000e-01
3.087440e+03 0.000000e+00 1.000000e+00 1.000000e-01
3.087450e+03 0.000000e+00 1.000000e+00 1.000000e-01
3.087460e+03 2.222914e-06 9.999978e-01 9.999989e-02
3.087470e+03 2.223012e-06 9.999978e-01 9.999989e-02
3.087480e+03 0.000000e+00 1.000000e+00 1.000000e-01
3.087490e+03 0.000000e+00 1.000000e+00 1.000000e-01
3.087500e+03 0.000000e+00 1.000000e+00 1.000000e-01
3.087510e+03 0.000000e+00 1.000000e+00 1.000000e-01
3.087520e+03 0.000000e+00 1.000000e+00 1.000000e-01
3.087530e+03 0.000000e+00 1.000000e+00 1.000000e-01
3.087540e+03 0.000000e+00 1.000000e+00 1.000000e-01
3.087550e+03 0.000000e+00 1.000000e+00 1.000000e-01
3.087560e+03 0.000000e+00 1.000000e+00 1.000000e-01
3.087570e+03 0.000000e+00 1.000000e+00 1.000000e-01
3.087580e+03 0.000000e+00 1.000000e+00 1.000000e-01
3.087590e+03 0.000000e+00 1.000000e+00 1.000000e-01
3.087600e+03 0.000000e+00 1.000000e+00 1.000000e-01
3.087610e+03 0.000000e+00 1.000000e+00 1.000000e-01
3.087620e+03 0.000000e+00 1.000000e+00 1.000000e-01
3.087630e+03 0.000000e+00 1.000000e+00 1.000000e-01
3.087640e+03 0.000000e+00 1.000000e+00 1.000000e-01
3.087650e+03 0.000000e+00 1.000000e+00 1.000000e-01
3.087660e+03 0.000000e+00 1.000000e+00 1.000000e-01
3.087670e+03 0.000000e+00 1.000000e+00 1.000000e-01
3.087680e+03 0.000000e+00 1.000000e+00 1.000000e-01
3.087690e+03 0.000000e+00 1.000000e+00 1.000000e-01
3.087700e+03 0.000000e+00 1.000000e+00 1.000000e-01
3.087710e+03 0.000000e+00 1.000000e+00 1.000000e-01
3.087720e+03 0.000000e+00 1.000000e+00 1.000000e-01
3.087730e+03 0.000000e+00 1.000000e+00 1.000000e-01
3.087740e+03 0.000000e+00 1.000000e+00 1.000000e-01
3.087750e+03 0.000000e+00 1.000000e+00 1.000000e-01
3.087760e+03 0.000000e+00 1.000000e+00 1.000000e-01
3.087770e+03 0.000000e+00 1.000000e+00 1.000000e-01
3.087780e+03 0.000000e+00 1.000000e+00 1.000000e-01
3.087790e+03 0.000000e+00 1.000000e+00 1.000000e-01
3.087800e+03 0.000000e+00 1.000000e+00 1.000000e-01
3.087810e+03 0.000000e+00 1.000000e+00 1.000000e-01
3.087820e+03 0.000000e+00 1.000000e+00 1.000000e-01
3.087830e+03 0.000000e+00 1.000000e+00 1.000000e-01
3.087840e+03 0.000000e+00 1.000000e+00 1.000000e-01
3.087850e+03 0.000000e+00 1.000000e+00 1.000000e-01
3.087860e+03 0.000000e+00 1.000000e+00 1.000000e-01
3.087870e+03 0.000000e+00 1.000000e+00 1.000000e-01
3.087880e+03 0.000000e+00 1.000000e+00 1.000000e-01
3.087890e+03 0.000000e+00 1.000000e+00 1.000000e-01
3.087900e+03 0.000000e+00 1.000000e+00 1.000000e-01
3.087910e+03 0.000000e+00 1.000000e+00 1.000000e-01
3.087920e+03 0.000000e+00 1.000000e+00 1.000000e-01
3.087930e+03 0.000000e+00 1.000000e+00 1.000000e-01
3.087940e+03 0.000000e+00 1.000000e+00 1.000000e-01
3.087950e+03 0.000000e+00 1.000000e+00 1.000000e-01
3.087960e+03 0.000000e+00 1.000000e+00 1.000000e-01
3.087970e+03 0.000000e+00 1.000000e+00 1.000000e-01
3.087980e+03 0.000000e+00 1.000000e+00 1.000000e-01
3.087990e+03 0.000000e+00 1.000000e+00 1.000000e-01
3.088000e+03 0.000000e+00 1.000000e+00 1.000000e-01
3.088010e+03 0.000000e+00 1.000000e+00 1.000000e-01
3.088020e+03 0.000000e+00 1.000000e+00 1.000000e-01
3.088030e+03 0.000000e+00 1.000000e+00 1.000000e-01
3.088040e+03 0.000000e+00 1.000000e+00 1.000000e-01
3.088050e+03 0.000000e+00 1.000000e+00 1.000000e-01
3.088060e+03 0.000000e+00 1.000000e+00 1.000000e-01
3.088070e+03 0.000000e+00 1.000000e+00 1.000000e-01
3.088080e+03 0.000000e+00 1.000000e+00 1.000000e-01
3.088090e+03 0.000000e+00 1.000000e+00 1.000000e-01
3.088100e+03 0.000000e+00 1.000000e+00 1.000000e-01
3.088110e+03 0.000000e+00 1.000000e+00 1.000000e-01
3.088120e+03 0.000000e+00 1.000000e+00 1.000000e-01
3.088130e+03 0.000000e+00 1.000000e+00 1.000000e-01
3.088140e+03 0.000000e+00 1.000000e+00 1.000000e-01
3.088150e+03 0.000000e+00 1.000000e+00 1.000000e-01
3.088160e+03 0.000000e+00 1.000000e+00 1.000000e-01
3.088170e+03 0.000000e+00 1.000000e+00 1.000000e-01
3.088180e+03 0.000000e+00 1.000000e+00 1.000000e-01
3.088190e+03 0.000000e+00 1.000000e+00 1.000000e-01
3.088200e+03 0.000000e+00 1.000000e+00 1.000000e-01
3.088210e+03 0.000000e+00 1.000000e+00 1.000000e-01
3.088220e+03 0.000000e+00 1.000000e+00 1.000000e-01
3.088230e+03 0.000000e+00 1.000000e+00 1.000000e-01
3.088240e+03 0.000000e+00 1.000000e+00 1.000000e-01
3.088250e+03 4.880845e-04 9.995120e-01 9.997560e-02
3.088260e+03 4.879337e-04 9.995122e-01 9.997561e-02
3.088270e+03 0.000000e+00 1.000000e+00 1.000000e-01
3.088280e+03 0.000000e+00 1.000000e+00 1.000000e-01
3.088290e+03 0.000000e+00 1.000000e+00 1.000000e-01
3.088300e+03 0.000000e+00 1.000000e+00 1.000000e-01
3.088310e+03 0.000000e+00 1.000000e+00 1.000000e-01
3.088320e+03 0.000000e+00 1.000000e+00 1.000000e-01
3.088330e+03 0.000000e+00 1.000000e+00 1.000000e-01
3.088340e+03 0.000000e+00 1.000000e+00 1.000000e-01
3.088350e+03 0.000000e+00 1.000000e+00 1.000000e-01
3.088360e+03 0.000000e+00 1.000000e+00 1.000000e-01
3.088370e+03 0.000000e+00 1.000000e+00 1.000000e-01
3.088380e+03 0.000000e+00 1.000000e+00 1.000000e-01
3.088390e+03 0.000000e+00 1.000000e+00 1.000000e-01
3.088400e+03 0.000000e+00 1.000000e+00 1.000000e-01
3.088410e+03 0.000000e+00 1.000000e+00 1.000000e-01
3.088420e+03 0.000000e+00 1.000000e+00 1.000000e-01
3.088430e+03 0.000000e+00 1.000000e+00 1.000000e-01
3.088440e+03 0.000000e+00 1.000000e+00 1.000000e-01
3.088450e+03 0.000000e+00 1.000000e+00 1.000000e-01
3.088460e+03 0.000000e+00 1.000000e+00 1.000000e-01
3.088470e+03 0.000000e+00 1.000000e+00 1.000000e-01
3.088480e+03 0.000000e+00 1.000000e+00 1.000000e-01
3.088490e+03 0.000000e+00 1.000000e+00 1.000000e-01
3.088500e+03 0.000000e+00 1.000000e+00 1.000000e-01
3.088510e+03 0.000000e+00 1.000000e+00 1.000000e-01
3.088520e+03 0.000000e+00 1.000000e+00 1.000000e-01
3.088530e+03 4.433436e-05 9.999557e-01 9.999778e-02
3.088540e+03 6.047599e-05 9.999395e-01 9.999698e-02
3.088550e+03 8.172799e-05 9.999183e-01 9.999591e-02
3.088560e+03 1.094043e-04 9.998906e-01 9.999453e-02
3.088570e+03 1.450517e-04 9.998550e-01 9.999275e-02
3.088580e+03 2.000118e-04 9.998000e-01 9.999000e-02
3.088590e+03 2.639690e-04 9.997361e-01 9.998680e-02
3.088600e+03 1.084721e-03 9.989159e-01 9.994578e-02
3.088610e+03 1.858921e-03 9.981428e-01 9.990710e-02
3.088620e+03 3.091169e-03 9.969136e-01 9.984556e-02
3.088630e+03 4.965157e-03 9.950471e-01 9.975205e-02
3.088640e+03 7.740622e-03 9.922893e-01 9.961372e-02
3.088650e+03 1.179656e-02 9.882727e-01 9.941191e-02
3.088660e+03 1.769369e-02 9.824619e-01 9.911922e-02
3.088670e+03 2.607890e-02 9.742582e-01 9.870452e-02
3.088680e+03 3.738936e-02 9.633010e-01 9.814790e-02
3.088690e+03 5.136752e-02 9.499295e-01 9.746433e-02
3.088700e+03 6.667585e-02 9.354984e-01 9.672117e-02
3.088710e+03 8.153477e-02 9.217007e-01 9.600524e-02
3.088720e+03 9.274371e-02 9.114271e-01 9.546869e-02
3.088730e+03 9.915878e-02 9.055989e-01 9.516296e-02
3.088740e+03 1.013016e-01 9.036604e-01 9.506106e-02
3.088750e+03 1.014375e-01 9.035376e-01 9.505460e-02
3.088760e+03 1.019251e-01 9.030972e-01 9.503142e-02
3.088770e+03 1.063070e-01 8.991486e-01 9.482344e-02
3.088780e+03 1.122081e-01 8.938582e-01 9.454408e-02
3.088790e+03 1.197864e-01 8.871099e-01 9.418651e-02
3.088800e+03 1.312400e-01 8.770073e-01 9.364867e-02
3.088810e+03 1.465391e-01 8.636919e-01 9.293503e-02
3.088820e+03 1.653948e-01 8.475590e-01 9.206297e-02
3.088830e+03 1.845141e-01 8.315082e-01 9.118707e-02
3.088840e+03 1.982445e-01 8.201693e-01 9.056320e-02
3.088850e+03 2.008642e-01 8.180235e-01 9.044465e-02
3.088860e+03 1.898213e-01 8.271069e-01 9.094542e-02
3.088870e+03 1.650519e-01 8.478497e-01 9.207875e-02
3.088880e+03 1.325014e-01 8.759017e-01 9.358962e-02
3.088890e+03 9.903307e-02 9.057128e-01 9.516894e-02
3.088900e+03 6.912454e-02 9.332105e-01 9.660282e-02
3.088910e+03 4.624642e-02 9.548066e-01 9.771421e-02
3.088920e+03 3.203759e-02 9.684702e-01 9.841088e-02
3.088930e+03 2.473216e-02 9.755712e-01 9.877101e-02
3.088940e+03 2.170708e-02 9.785268e-01 9.892051e-02
3.088950e+03 2.167611e-02 9.785571e-01 9.892205e-02
3.088960e+03 2.240598e-02 9.778432e-01 9.888595e-02
3.088970e+03 2.090391e-02 9.793131e-01 9.896025e-02
3.088980e+03 1.878502e-02 9.813903e-01 9.906515e-02
3.088990e+03 1.801135e-02 9.821499e-01 9.910348e-02
3.089000e+03 1.961918e-02 9.805720e-01 9.902384e-02
3.089010e+03 2.659096e-02 9.737595e-01 9.867925e-02
3.089020e+03 4.085590e-02 9.599675e-01 9.797793e-02
3.089030e+03 6.225896e-02 9.396395e-01 9.693501e-02
3.089040e+03 8.691269e-02 9.167571e-01 9.574744e-02
3.089050e+03 1.089121e-01 8.968093e-01 9.470001e-02
3.089060e+03 1.203545e-01 8.866061e-01 9.415976e-02
3.089070e+03 1.163295e-01 8.901819e-01 9.434945e-02
3.089080e+03 9.913127e-02 9.056238e-01 9.516427e-02
3.089090e+03 7.523895e-02 9.275218e-01 9.630793e-02
3.089100e+03 5.132748e-02 9.499675e-01 9.746628e-02
3.089110e+03 3.334493e-02 9.672049e-01 9.834658e-02
3.089120e+03 2.311132e-02 9.771537e-01 9.885109e-02
3.089130e+03 1.930468e-02 9.808805e-01 9.903941e-02
3.089140e+03 1.907005e-02 9.811106e-01 9.905103e-02
3.089150e+03 1.953341e-02 9.806561e-01 9.902808e-02
3.089160e+03 1.896852e-02 9.812103e-01 9.905606e-02
3.089170e+03 1.638489e-02 9.837486e-01 9.918410e-02
3.089180e+03 1.238057e-02 9.876957e-01 9.938288e-02
3.089190e+03 8.324163e-03 9.917104e-01 9.958466e-02
3.089200e+03 4.931768e-03 9.950804e-01 9.975372e-02
3.089210e+03 2.552823e-03 9.974504e-01 9.987244e-02
3.089220e+03 1.918989e-03 9.980829e-01 9.990410e-02
3.089230e+03 1.273028e-03 9.987278e-01 9.993637e-02
3.089240e+03 4.703771e-04 9.995297e-01 9.997648e-02
3.089250e+03 2.398480e-04 9.997602e-01 9.998801e-02
3.089260e+03 1.026010e-04 9.998974e-01 9.999487e-02
3.089270e+03 1.178128e-04 9.998822e-01 9.999411e-02
3.089280e+03 1.349385e-04 9.998651e-01 9.999325e-02
3.089290e+03 5.191385e-04 9.994810e-01 9.997405e-02
3.089300e+03 5.127200e-04 9.994874e-01 9.997437e-02
3.089310e+03 1.996946e-04 9.998003e-01 9.999002e-02
3.089320e+03 2.264156e-04 9.997736e-01 9.998868e-02
3.089330e+03 2.560609e-04 9.997440e-01 9.998720e-02
3.089340e+03 1.196109e-03 9.988046e-01 9.994021e-02
3.089350e+03 1.409567e-03 9.985914e-01 9.992955e-02
3.089360e+03 1.689162e-03 9.983123e-01 9.991558e-02
3.089370e+03 1.730495e-03 9.982710e-01 9.991351e-02
3.089380e+03 1.560566e-03 9.984407e-01 9.992200e-02
3.089390e+03 1.443229e-03 9.985578e-01 9.992786e-02
3.089400e+03 1.290897e-03 9.987099e-01 9.993548e-02
3.089410e+03 1.143205e-03 9.988574e-01 9.994286e-02
3.089420e+03 6.911017e-04 9.993091e-01 9.996545e-02
3.089430e+03 7.619396e-04 9.992384e-01 9.996191e-02
3.089440e+03 8.378991e-04 9.991625e-01 9.995811e-02
3.089450e+03 9.190846e-04 9.990813e-01 9.995406e-02
3.089460e+03 1.005568e-03 9.989949e-01 9.994973e-02
3.089470e+03 2.209571e-03 9.977929e-01 9.988958e-02
3.089480e+03 2.571871e-03 9.974314e-01 9.987149e-02
3.089490e+03 2.837266e-03 9.971668e-01 9.985824e-02
3.089500e+03 3.399103e-03 9.966067e-01 9.983019e-02
3.089510e+03 3.415025e-03 9.965908e-01 9.982939e-02
3.089520e+03 3.324643e-03 9.966809e-01 9.983391e-02
3.089530e+03 3.191972e-03 9.968131e-01 9.984053e-02
3.089540e+03 3.079853e-03 9.969249e-01 9.984613e-02
3.089550e+03 2.681402e-03 9.973222e-01 9.986602e-02
3.089560e+03 2.867777e-03 9.971363e-01 9.985671e-02
3.089570e+03 3.066351e-03 9.969383e-01 9.984680e-02
3.089580e+03 3.279678e-03 9.967257e-01 9.983615e-02
3.089590e+03 3.542222e-03 9.964640e-01 9.982305e-02
3.089600e+03 4.055976e-03 9.959522e-01 9.979741e-02
3.089610e+03 4.968013e-03 9.950443e-01 9.975191e-02
3.089620e+03 6.828167e-03 9.931951e-01 9.965917e-02
3.089630e+03 1.048042e-02 9.895743e-01 9.947735e-02
3.089640e+03 1.707665e-02 9.830683e-01 9.914980e-02
3.089650e+03 2.780442e-02 9.725786e-01 9.861940e-02
3.089660e+03 4.330687e-02 9.576175e-01 9.785793e-02
3.089670e+03 6.386702e-02 9.381297e-01 9.685710e-02
3.089680e+03 8.570685e-02 9.178633e-01 9.580518e-02
3.089690e+03 1.059006e-01 8.995141e-01 9.484271e-02
3.089700e+03 1.195380e-01 8.873303e-01 9.419821e-02
3.089710e+03 1.235705e-01 8.837593e-01 9.400847e-02
3.089720e+03 1.175662e-01 8.890816e-01 9.429112e-02
3.089730e+03 1.047631e-01 9.005379e-01 9.489667e-02
3.089740e+03 8.988041e-02 9.140405e-01 9.560546e-02
3.089750e+03 7.702401e-02 9.258676e-01 9.622202e-02
3.089760e+03 6.746909e-02 9.347566e-01 9.668281e-02
3.089770e+03 5.977117e-02 9.419801e-01 9.705566e-02
3.089780e+03 5.297518e-02 9.484036e-01 9.738601e-02
3.089790e+03 4.536193e-02 9.556515e-01 9.775743e-02
3.089800e+03 3.667566e-02 9.639887e-01 9.818293e-02
3.089810e+03 3.070691e-02 9.697598e-01 9.847638e-02
3.089820e+03 2.519569e-02 9.751191e-01 9.874812e-02
3.089830e+03 2.185199e-02 9.783850e-01 9.891335e-02
3.089840e+03 2.402391e-02 9.762624e-01 9.880599e-02
3.089850e+03 2.769936e-02 9.726807e-01 9.862458e-02
3.089860e+03 3.232465e-02 9.681922e-01 9.839676e-02
3.089870e+03 3.587721e-02 9.647587e-01 9.822213e-02
3.089880e+03 3.704052e-02 9.636371e-01 9.816502e-02
3.089890e+03 3.577588e-02 9.648565e-01 9.822711e-02
3.089900e+03 3.172962e-02 9.687685e-01 9.842604e-02
3.089910e+03 2.636760e-02 9.739770e-01 9.869027e-02
3.089920e+03 2.061030e-02 9.796006e-01 9.897478e-02
3.089930e+03 1.575334e-02 9.843701e-01 9.921543e-02
3.089940e+03 1.233484e-02 9.877409e-01 9.938516e-02
3.089950e+03 1.051083e-02 9.895442e-01 9.947584e-02
3.089960e+03 9.560775e-03 9.904848e-01 9.952310e-02
3.089970e+03 8.601625e-03 9.914353e-01 9.957084e-02
3.089980e+03 9.520132e-03 9.905250e-01 9.952512e-02
3.089990e+03 9.429287e-03 9.906150e-01 9.952965e-02
3.090000e+03 8.045248e-03 9.919870e-01 9.959855e-02
3.090010e+03 7.199425e-03 9.928264e-01 9.964068e-02
3.090020e+03 6.406884e-03 9.936136e-01 9.968017e-02
3.090030e+03 5.670873e-03 9.943452e-01 9.971686e-02
3.090040e+03 5.065099e-03 9.949477e-01 9.974707e-02
3.090050e+03 4.612555e-03 9.953981e-01 9.976964e-02
3.090060e+03 4.298597e-03 9.957106e-01 9.978530e-02
3.090070e+03 3.977277e-03 9.960306e-01 9.980133e-02
3.090080e+03 3.904541e-03 9.961031e-01 9.980496e-02
3.090090e+03 3.843888e-03 9.961635e-01 9.980799e-02
3.090100e+03 3.795700e-03 9.962115e-01 9.981039e-02
3.090110e+03 3.807412e-03 9.961998e-01 9.980981e-02
3.090120e+03 3.785637e-03 9.962215e-01 9.981090e-02
3.090130e+03 4.372748e-03 9.956368e-01 9.978160e-02
3.090140e+03 3.992688e-03 9.960153e-01 9.980056e-02
3.090150e+03 3.422285e-03 9.965836e-01 9.982903e-02
3.090160e+03 4.166507e-03 9.958422e-01 9.979189e-02
3.090170e+03 4.175038e-03 9.958337e-01 9.979147e-02
3.090180e+03 3.649983e-03 9.963567e-01 9.981767e-02
3.090190e+03 4.555649e-03 9.954547e-01 9.977248e-02
3.090200e+03 5.209856e-03 9.948037e-01 9.973985e-02
3.090210e+03 5.856646e-03 9.941605e-01 9.970760e-02
3.090220e+03 6.725631e-03 9.932969e-01 9.966428e-02
3.090230e+03 7.906558e-03 9.921246e-01 9.960545e-02
3.090240e+03 9.434972e-03 9.906094e-01 9.952936e-02
3.090250e+03 1.121250e-02 9.888501e-01 9.944094e-02
3.090260e+03 1.413694e-02 9.859625e-01 9.929565e-02
3.090270e+03 1.626218e-02 9.838693e-01 9.919019e-02
3.090280e+03 1.834887e-02 9.818184e-01 9.908675e-02
3.090290e+03 2.109658e-02 9.791244e-01 9.895071e-02
3.090300e+03 2.259846e-02 9.776550e-01 9.887644e-02
3.090310e+03 2.355481e-02 9.767204e-01 9.882917e-02
3.090320e+03 2.489845e-02 9.754090e-01 9.876279e-02
3.090330e+03 2.641543e-02 9.739304e-01 9.868791e-02
3.090340e+03 2.641539e-02 9.739304e-01 9.868791e-02
3.090350e+03 2.934024e-02 9.710860e-01 9.854370e-02
3.090360e+03 3.152573e-02 9.689660e-01 9.843607e-02
3.090370e+03 3.337724e-02 9.671736e-01 9.834499e-02
3.090380e+03 3.394258e-02 9.666270e-01 9.831719e-02
3.090390e+03 3.324912e-02 9.672976e-01 9.835129e-02
3.090400e+03 3.430267e-02 9.662790e-01 9.829949e-02
3.090410e+03 3.330301e-02 9.672454e-01 9.834864e-02
3.090420e+03 3.329563e-02 9.672526e-01 9.834900e-02
3.090430e+03 3.324607e-02 9.673005e-01 9.835144e-02
3.090440e+03 3.478386e-02 9.658141e-01 9.827584e-02
3.090450e+03 3.689297e-02 9.637793e-01 9.817226e-02
3.090460e+03 3.956053e-02 9.612118e-01 9.804141e-02
3.090470e+03 4.312051e-02 9.577960e-01 9.786705e-02
3.090480e+03 4.643338e-02 9.546282e-01 9.770507e-02
3.090490e+03 4.835177e-02 9.527986e-01 9.761140e-02
3.090500e+03 4.886611e-02 9.523086e-01 9.758630e-02
3.090510e+03 4.657783e-02 9.544903e-01 9.769802e-02
3.090520e+03 4.425491e-02 9.567101e-01 9.781156e-02
3.090530e+03 4.160854e-02 9.592452e-01 9.794106e-02
3.090540e+03 3.769181e-02 9.630097e-01 9.813306e-02
3.090550e+03 3.437335e-02 9.662107e-01 9.829602e-02
3.090560e+03 3.126353e-02 9.692201e-01 9.844898e-02
3.090570e+03 3.096959e-02 9.695051e-01 9.846345e-02
3.090580e+03 3.153600e-02 9.689561e-01 9.843557e-02
3.090590e+03 3.505997e-02 9.655475e-01 9.826228e-02
3.090600e+03 3.943573e-02 9.613317e-01 9.804753e-02
3.090610e+03 4.436372e-02 9.566060e-01 9.780624e-02
3.090620e+03 4.850179e-02 9.526556e-01 9.760408e-02
3.090630e+03 5.137222e-02 9.499250e-01 9.746410e-02
3.090640e+03 5.323359e-02 9.481585e-01 9.737343e-02
3.090650e+03 5.618611e-02 9.453632e-01 9.722979e-02
3.090660e+03 6.014490e-02 9.416281e-01 9.703752e-02
3.090670e+03 6.482414e-02 9.372323e-01 9.681076e-02
3.090680e+03 6.762754e-02 9.346085e-01 9.667515e-02
3.090690e+03 7.036289e-02 9.320555e-01 9.654302e-02
3.090700e+03 7.258282e-02 9.299887e-01 9.643592e-02
3.090710e+03 7.495214e-02 9.277879e-01 9.632175e-02
3.090720e+03 7.659795e-02 9.262622e-01 9.624252e-02
3.090730e+03 7.733863e-02 9.255764e-01 9.620688e-02
3.090740e+03 8.103669e-02 9.221599e-01 9.602915e-02
3.090750e+03 8.626561e-02 9.173505e-01 9.577842e-02
3.090760e+03 9.353103e-02 9.107098e-01 9.543111e-02
3.090770e+03 1.040798e-01 9.011534e-01 9.492910e-02
3.090780e+03 1.182016e-01 8.885169e-01 9.426118e-02
3.090790e+03 1.364366e-01 8.724616e-01 9.340565e-02
3.090800e+03 1.609340e-01 8.513482e-01 9.226853e-02
3.090810e+03 1.896441e-01 8.272535e-01 9.095348e-02
3.090820e+03 2.273539e-01 7.966388e-01 8.925462e-02
3.090830e+03 2.697367e-01 7.635805e-01 8.738310e-02
3.090840e+03 3.172473e-01 7.281507e-01 8.533175e-02
3.090850e+03 3.720081e-01 6.893486e-01 8.302702e-02
3.090860e+03 4.331857e-01 6.484401e-01 8.052578e-02
3.090870e+03 4.999209e-01 6.065786e-01 7.788316e-02
3.090880e+03 5.695010e-01 5.658077e-01 7.522019e-02
3.090890e+03 6.424594e-01 5.259972e-01 7.252566e-02
3.090900e+03 7.162727e-01 4.885699e-01 6.989778e-02
3.090910e+03 7.879666e-01 4.547686e-01 6.743653e-02
3.090920e+03 8.552264e-01 4.251869e-01 6.520636e-02
3.090930e+03 9.142528e-01 4.008160e-01 6.331003e-02
3.090940e+03 9.628118e-01 3.818178e-01 6.179141e-02
3.090950e+03 9.996885e-01 3.679940e-01 6.066251e-02
3.090960e+03 1.021991e+00 3.598776e-01 5.998980e-02
3.090970e+03 1.030132e+00 3.569599e-01 5.974612e-02
3.090980e+03 1.021953e+00 3.598915e-01 5.999096e-02
3.090990e+03 9.988419e-01 3.683057e-01 6.068820e-02
3.091000e+03 9.614241e-01 3.823480e-01 6.183429e-02
3.091010e+03 9.111644e-01 4.020558e-01 6.340787e-02
3.091020e+03 8.511114e-01 4.269402e-01 6.534066e-02
3.091030e+03 7.834053e-01 4.568476e-01 6.759051e-02
3.091040e+03 7.145340e-01 4.894201e-01 6.995857e-02
3.091050e+03 6.464593e-01 5.238974e-01 7.238076e-02
3.091060e+03 5.846653e-01 5.572923e-01 7.465202e-02
3.091070e+03 5.320509e-01 5.873991e-01 7.664196e-02
3.091080e+03 4.882134e-01 6.137219e-01 7.834040e-02
3.091090e+03 4.524142e-01 6.360906e-01 7.975529e-02
3.091100e+03 4.218240e-01 6.558494e-01 8.098453e-02
3.091110e+03 3.931578e-01 6.749222e-01 8.215365e-02
3.091120e+03 3.662961e-01 6.932975e-01 8.326449e-02
3.091130e+03 3.406356e-01 7.113180e-01 8.433967e-02
3.091140e+03 3.162675e-01 7.288645e-01 8.537356e-02
3.091150e+03 2.934520e-01 7.456850e-01 8.635306e-02
3.091160e+03 2.700631e-01 7.633313e-01 8.736883e-02
3.091170e+03 2.452445e-01 7.825132e-01 8.845978e-02
3.091180e+03 2.190204e-01 8.033054e-01 8.962730e-02
3.091190e+03 1.927297e-01 8.247049e-01 9.081326e-02
3.091200e+03 1.679516e-01 8.453947e-01 9.194535e-02
3.091210e+03 1.444270e-01 8.655181e-01 9.303323e-02
3.091220e+03 1.219925e-01 8.851550e-01 9.408268e-02
3.091230e+03 1.020649e-01 9.029709e-01 9.502478e-02
3.091240e+03 8.393405e-02 9.194919e-01 9.589014e-02
3.091250e+03 6.761209e-02 9.346229e-01 9.667590e-02
3.091260e+03 5.352306e-02 9.478841e-01 9.735934e-02
3.091270e+03 4.194924e-02 9.589185e-01 9.792438e-02
3.091280e+03 3.322661e-02 9.673193e-01 9.835239e-02
3.091290e+03 2.702577e-02 9.733362e-01 9.865780e-02
3.091300e+03 2.404242e-02 9.762443e-01 9.880508e-02
3.091310e+03 2.450069e-02 9.757970e-01 9.878244e-02
3.091320e+03 2.978695e-02 9.706523e-01 9.852169e-02
3.091330e+03 4.214161e-02 9.587340e-01 9.791496e-02
3.091340e+03 6.286360e-02 9.390715e-01 9.690570e-02
3.091350e+03 9.089710e-02 9.131117e-01 9.555688e-02
3.091360e+03 1.212376e-01 8.858234e-01 9.411819e-02
3.091370e+03 1.455999e-01 8.645035e-01 9.297868e-02
3.091380e+03 1.569480e-01 8.547485e-01 9.245261e-02
3.091390e+03 1.507711e-01 8.600445e-01 9.273859e-02
3.091400e+03 1.288892e-01 8.790714e-01 9.375881e-02
3.091410e+03 1.010870e-01 9.038544e-01 9.507126e-02
3.091420e+03 7.702551e-02 9.258662e-01 9.622194e-02
3.091430e+03 5.955856e-02 9.421804e-01 9.706598e-02
3.091440e+03 5.168632e-02 9.496267e-01 9.744879e-02
3.091450e+03 4.903043e-02 9.521522e-01 9.757828e-02
3.091460e+03 5.058615e-02 9.506720e-01 9.750241e-02
3.091470e+03 5.455835e-02 9.469033e-01 9.730895e-02
3.091480e+03 5.998819e-02 9.417757e-01 9.704513e-02
3.091490e+03 6.789841e-02 9.343554e-01 9.666206e-02
3.091500e+03 7.577070e-02 9.270287e-01 9.628233e-02
3.091510e+03 8.442347e-02 9.190420e-01 9.586668e-02
3.091520e+03 9.678432e-02 9.077518e-01 9.527601e-02
3.091530e+03 1.117795e-01 8.942414e-01 9.456434e-02
3.091540e+03 1.293975e-01 8.786247e-01 9.373498e-02
3.091550e+03 1.489320e-01 8.616277e-01 9.282390e-02
3.091560e+03 1.684000e-01 8.450158e-01 9.192474e-02
3.091570e+03 1.846349e-01 8.314078e-01 9.118157e-02
3.091580e+03 1.952059e-01 8.226653e-01 9.070090e-02
3.091590e+03 2.003028e-01 8.184829e-01 9.047004e-02
3.091600e+03 1.995389e-01 8.191084e-01 9.050461e-02
3.091610e+03 1.959716e-01 8.220356e-01 9.066618e-02
3.091620e+03 1.901290e-01 8.268525e-01 9.093143e-02
3.091630e+03 1.835660e-01 8.322969e-01 9.123031e-02
3.091640e+03 1.769001e-01 8.378634e-01 9.153488e-02
3.091650e+03 1.689799e-01 8.445258e-01 9.189809e-02
3.091660e+03 1.627016e-01 8.498447e-01 9.218702e-02
3.091670e+03 1.558224e-01 8.557112e-01 9.250466e-02
3.091680e+03 1.512524e-01 8.596307e-01 9.271627e-02
3.091690e+03 1.504127e-01 8.603529e-01 9.275521e-02
3.091700e+03 1.531697e-01 8.579841e-01 9.262743e-02
3.091710e+03 1.570345e-01 8.546746e-01 9.244861e-02
3.091720e+03 1.593969e-01 8.526579e-01 9.233948e-02
3.091730e+03 1.544211e-01 8.569111e-01 9.256949e-02
3.091740e+03 1.406077e-01 8.688301e-01 9.321105e-02
3.091750e+03 1.213710e-01 8.857053e-01 9.411192e-02
3.091760e+03 9.964719e-02 9.051567e-01 9.513972e-02
3.091770e+03 7.952989e-02 9.235504e-01 9.610153e-02
3.091780e+03 6.358328e-02 9.383960e-01 9.687084e-02
3.091790e+03 5.236049e-02 9.489867e-01 9.741595e-02
3.091800e+03 4.512247e-02 9.558804e-01 9.776914e-02
3.091810e+03 4.045113e-02 9.603561e-01 9.799776e-02
3.091820e+03 3.765035e-02 9.630496e-01 9.813509e-02
3.091830e+03 3.577586e-02 9.648565e-01 9.822711e-02
3.091840e+03 3.365498e-02 9.669051e-01 9.833133e-02
3.091850e+03 3.250764e-02 9.680151e-01 9.838776e-02
3.091860e+03 3.166455e-02 9.688315e-01 9.842924e-02
3.091870e+03 3.091741e-02 9.695556e-01 9.846602e-02
3.091880e+03 3.017296e-02 9.702777e-01 9.850267e-02
3.091890e+03 2.961601e-02 9.708182e-01 9.853011e-02
3.091900e+03 2.900428e-02 9.714123e-01 9.856025e-02
3.091910e+03 2.830969e-02 9.720873e-01 9.859449e-02
3.091920e+03 2.762939e-02 9.727488e-01 9.862803e-02
3.091930e+03 2.689578e-02 9.734627e-01 9.866421e-02
3.091940e+03 2.610883e-02 9.742291e-01 9.870304e-02
3.091950e+03 2.527331e-02 9.750434e-01 9.874429e-02
3.091960e+03 2.440556e-02 9.758898e-01 9.878714e-02
3.091970e+03 2.351847e-02 9.767559e-01 9.883096e-02
3.091980e+03 2.293617e-02 9.773249e-01 9.885974e-02
3.091990e+03 2.203023e-02 9.782107e-01 9.890453e-02
3.092000e+03 2.085670e-02 9.793593e-01 9.896258e-02
3.092010e+03 2.002564e-02 9.801735e-01 9.900371e-02
3.092020e+03 2.004737e-02 9.801522e-01 9.900264e-02
3.092030e+03 1.947463e-02 9.807138e-01 9.903099e-02
3.092040e+03 1.943491e-02 9.807527e-01 9.903296e-02
3.092050e+03 1.885556e-02 9.813211e-01 9.906165e-02
3.092060e+03 1.773092e-02 9.824253e-01 9.911737e-02
3.092070e+03 1.713979e-02 9.830063e-01 9.914667e-02
3.092080e+03 1.535212e-02 9.847651e-01 9.923533e-02
3.092090e+03 1.515181e-02 9.849624e-01 9.924527e-02
3.092100e+03 1.455269e-02 9.855527e-01 9.927501e-02
3.092110e+03 1.460036e-02 9.855057e-01 9.927264e-02
3.092120e+03 1.475123e-02 9.853570e-01 9.926515e-02
3.092130e+03 1.501101e-02 9.851011e-01 9.925226e-02
3.092140e+03 1.552310e-02 9.845968e-01 9.922685e-02
3.092150e+03 1.635243e-02 9.837805e-01 9.918571e-02
3.092160e+03 1.677591e-02 9.833640e-01 9.916471e-02
3.092170e+03 1.704709e-02 9.830974e-01 9.915127e-02
3.092180e+03 1.771656e-02 9.824395e-01 9.911808e-02
3.092190e+03 1.840904e-02 9.817594e-01 9.908377e-02
3.092200e+03 1.907609e-02 9.811047e-01 9.905073e-02
3.092210e+03 1.918462e-02 9.809982e-01 9.904535e-02
3.092220e+03 1.975229e-02 9.804415e-01 9.901725e-02
3.092230e+03 2.016756e-02 9.800344e-01 9.899669e-02
3.092240e+03 2.040801e-02 9.797988e-01 9.898479e-02
3.092250e+03 2.050344e-02 9.797053e-01 9.898006e-02
3.092260e+03 2.042134e-02 9.797858e-01 9.898413e-02
3.092270e+03 2.050293e-02 9.797058e-01 9.898009e-02
3.092280e+03 2.052977e-02 9.796795e-01 9.897876e-02
3.092290e+03 2.071145e-02 9.795016e-01 9.896977e-02
3.092300e+03 2.230872e-02 9.779383e-01 9.889076e-02
3.092310e+03 2.637668e-02 9.739681e-01 9.868982e-02
3.092320e+03 3.500243e-02 9.656031e-01 9.826510e-02
3.092330e+03 5.112503e-02 9.501599e-01 9.747614e-02
3.092340e+03 7.827003e-02 9.247147e-01 9.616209e-02
3.092350e+03 1.199005e-01 8.870086e-01 9.418114e-02
3.092360e+03 1.786473e-01 8.364009e-01 9.145496e-02
3.092370e+03 2.558960e-01 7.742225e-01 8.798991e-02
3.092380e+03 3.518046e-01 7.034175e-01 8.386999e-02
3.092390e+03 4.649557e-01 6.281629e-01 7.925673e-02
3.092400e+03 5.900660e-01 5.542907e-01 7.445070e-02
3.092410e+03 7.137756e-01 4.897914e-01 6.998510e-02
3.092420e+03 8.125593e-01 4.437210e-01 6.661239e-02
3.092430e+03 8.577720e-01 4.241059e-01 6.512342e-02
3.092440e+03 8.285675e-01 4.366744e-01 6.608134e-02
3.092450e+03 7.263590e-01 4.836668e-01 6.954616e-02
3.092460e+03 5.778278e-01 5.611159e-01 7.490767e-02
3.092470e+03 4.238237e-01 6.545393e-01 8.090360e-02
3.092480e+03 3.011805e-01 7.399442e-01 8.602001e-02
3.092490e+03 2.295380e-01 7.949008e-01 8.915721e-02
3.092500e+03 2.096432e-01 8.108735e-01 9.004851e-02
3.092510e+03 2.303654e-01 7.942433e-01 8.912033e-02
3.092520e+03 2.777680e-01 7.574726e-01 8.703290e-02
3.092530e+03 3.415244e-01 7.106861e-01 8.430220e-02
3.092540e+03 4.157448e-01 6.598487e-01 8.123107e-02
3.092550e+03 4.961360e-01 6.088788e-01 7.803069e-02
3.092560e+03 5.758598e-01 5.622213e-01 7.498142e-02
3.092570e+03 6.456407e-01 5.243265e-01 7.241039e-02
3.092580e+03 6.960528e-01 4.985493e-01 7.060802e-02
3.092590e+03 7.215217e-01 4.860121e-01 6.971457e-02
3.092600e+03 7.291326e-01 4.823272e-01 6.944978e-02
3.092610e+03 7.403155e-01 4.769634e-01 6.906254e-02
3.092620e+03 7.831325e-01 4.569723e-01 6.759973e-02
3.092630e+03 8.797939e-01 4.148684e-01 6.441028e-02
3.092640e+03 1.023103e+00 3.594777e-01 5.995646e-02
3.092650e+03 1.169591e+00 3.104939e-01 5.572198e-02
3.092660e+03 1.258295e+00 2.841381e-01 5.330461e-02
3.092670e+03 1.241024e+00 2.890880e-01 5.376691e-02
3.092680e+03 1.116267e+00 3.275000e-01 5.722761e-02
3.092690e+03 9.282678e-01 3.952378e-01 6.286794e-02
3.092700e+03 7.446644e-01 4.748936e-01 6.891253e-02
3.092710e+03 6.278618e-01 5.337318e-01 7.305695e-02
3.092720e+03 6.124607e-01 5.420155e-01 7.362170e-02
3.092730e+03 7.006045e-01 4.962852e-01 7.044751e-02
3.092740e+03 8.610418e-01 4.227215e-01 6.501703e-02
3.092750e+03 1.035877e+00 3.549149e-01 5.957473e-02
3.092760e+03 1.153628e+00 3.154901e-01 5.616850e-02
3.092770e+03 1.164136e+00 3.121922e-01 5.587416e-02
3.092780e+03 1.058608e+00 3.469386e-01 5.890149e-02
3.092790e+03 8.732907e-01 4.175752e-01 6.462006e-02
3.092800e+03 6.684721e-01 5.124910e-01 7.158848e-02
3.092810e+03 4.994548e-01 6.068614e-01 7.790131e-02
3.092820e+03 4.032057e-01 6.681746e-01 8.174195e-02
3.092830e+03 4.030380e-01 6.682867e-01 8.174881e-02
3.092840e+03 5.119728e-01 5.993121e-01 7.741525e-02
3.092850e+03 7.325922e-01 4.806614e-01 6.932975e-02
3.092860e+03 1.037627e+00 3.542944e-01 5.952264e-02
3.092870e+03 1.358634e+00 2.570115e-01 5.069630e-02
3.092880e+03 1.600719e+00 2.017514e-01 4.491674e-02
3.092890e+03 1.681831e+00 1.860329e-01 4.313154e-02
3.092900e+03 1.583475e+00 2.052606e-01 4.530569e-02
3.092910e+03 1.361032e+00 2.563961e-01 5.063557e-02
3.092920e+03 1.113376e+00 3.284483e-01 5.731041e-02
3.092930e+03 9.284201e-01 3.951776e-01 6.286315e-02
3.092940e+03 8.463108e-01 4.289946e-01 6.549768e-02
3.092950e+03 8.470578e-01 4.286743e-01 6.547322e-02
3.092960e+03 8.714304e-01 4.183527e-01 6.468019e-02
3.092970e+03 8.602163e-01 4.230705e-01 6.504387e-02
3.092980e+03 7.792783e-01 4.587369e-01 6.773012e-02
3.092990e+03 6.338532e-01 5.305436e-01 7.283842e-02
3.093000e+03 4.586687e-01 6.321246e-01 7.950626e-02
3.093010e+03 2.948251e-01 7.446618e-01 8.629379e-02
3.093020e+03 1.696720e-01 8.439416e-01 9.186629e-02
3.093030e+03 8.886640e-02 9.149678e-01 9.565395e-02
3.093040e+03 4.503413e-02 9.559649e-01 9.777346e-02
3.093050e+03 2.567440e-02 9.746524e-01 9.872448e-02
3.093060e+03 1.886162e-02 9.813151e-01 9.906135e-02
3.093070e+03 1.776108e-02 9.823957e-01 9.911588e-02
3.093080e+03 1.884941e-02 9.813271e-01 9.906196e-02
3.093090e+03 2.051323e-02 9.796957e-01 9.897958e-02
3.093100e+03 2.249495e-02 9.777562e-01 9.888155e-02
3.093110e+03 2.445887e-02 9.758378e-01 9.878450e-02
3.093120e+03 2.648779e-02 9.738599e-01 9.868434e-02
3.093130e+03 2.818241e-02 9.722110e-01 9.860076e-02
3.093140e+03 2.944414e-02 9.709851e-01 9.853858e-02
3.093150e+03 3.062600e-02 9.698382e-01 9.848037e-02
3.093160e+03 3.149567e-02 9.689952e-01 9.843755e-02
3.093170e+03 3.201155e-02 9.684954e-01 9.841216e-02
3.093180e+03 3.215568e-02 9.683558e-01 9.840507e-02
3.093190e+03 3.192321e-02 9.685810e-01 9.841651e-02
3.093200e+03 3.132215e-02 9.691633e-01 9.844609e-02
3.093210e+03 3.037338e-02 9.700833e-01 9.849280e-02
3.093220e+03 2.972739e-02 9.707101e-01 9.852462e-02
3.093230e+03 2.819069e-02 9.722030e-01 9.860035e-02
3.093240e+03 2.581075e-02 9.745195e-01 9.871775e-02
3.093250e+03 2.387985e-02 9.764030e-01 9.881311e-02
3.093260e+03 2.183537e-02 9.784013e-01 9.891417e-02
3.093270e+03 1.973278e-02 9.804606e-01 9.901821e-02
3.093280e+03 1.762443e-02 9.825300e-01 9.912265e-02
3.093290e+03 1.555757e-02 9.845628e-01 9.922514e-02
3.093300e+03 1.357278e-02 9.865189e-01 9.932366e-02
3.093310e+03 1.170306e-02 9.883652e-01 9.941656e-02
3.093320e+03 9.973128e-03 9.900764e-01 9.950258e-02
3.093330e+03 8.399747e-03 9.916354e-01 9.958089e-02
3.093340e+03 6.992120e-03 9.930323e-01 9.965100e-02
3.093350e+03 5.752547e-03 9.942640e-01 9.971279e-02
3.093360e+03 4.677603e-03 9.953333e-01 9.976639e-02
3.093370e+03 3.759259e-03 9.962478e-01 9.981221e-02
3.093380e+03 2.986084e-03 9.970184e-01 9.985081e-02
3.093390e+03 2.344387e-03 9.976584e-01 9.988285e-02
3.093400e+03 1.819252e-03 9.981824e-01 9.990908e-02
3.093410e+03 1.395423e-03 9.986056e-01 9.993025e-02
3.093420e+03 1.057993e-03 9.989426e-01 9.994711e-02
3.093430e+03 7.929517e-04 9.992074e-01 9.996036e-02
3.093440e+03 5.875262e-04 9.994126e-01 9.997063e-02
3.093450e+03 4.303920e-04 9.995697e-01 9.997848e-02
3.093460e+03 3.118126e-04 9.996882e-01 9.998441e-02
3.093470e+03 2.234000e-04 9.997766e-01 9.998883e-02
3.093480e+03 1.582957e-04 9.998417e-01 9.999209e-02
3.093490e+03 1.110331e-04 9.998890e-01 9.999445e-02
3.093500e+03 0.000000e+00 1.000000e+00 1.000000e-01
3.093510e+03 1.665763e-09 1.000000e+00 1.000000e-01
3.093520e+03 1.665555e-09 1.000000e+00 1.000000e-01
3.093530e+03 0.000000e+00 1.000000e+00 1.000000e-01
3.093540e+03 1.845097e-11 1.000000e+00 1.000000e-01
3.093550e+03 1.291393e-10 1.000000e+00 1.000000e-01
3.093560e+03 1.380032e-09 1.000000e+00 1.000000e-01
3.093570e+03 2.627335e-09 1.000000e+00 1.000000e-01
3.093580e+03 1.358118e-09 1.000000e+00 1.000000e-01
3.093590e+03 9.685000e-08 9.999999e-01 1.000000e-01
3.093600e+03 9.686670e-08 9.999999e-01 1.000000e-01
3.093610e+03 7.258450e-10 1.000000e+00 1.000000e-01
3.093620e+03 1.298012e-09 1.000000e+00 1.000000e-01
3.093630e+03 5.721822e-10 1.000000e+00 1.000000e-01
3.093640e+03 0.000000e+00 1.000000e+00 1.000000e-01
3.093650e+03 0.000000e+00 1.000000e+00 1.000000e-01
3.093660e+03 1.991554e-06 9.999980e-01 9.999990e-02
3.093670e+03 1.992124e-06 9.999980e-01 9.999990e-02
3.093680e+03 1.147024e-09 1.000000e+00 1.000000e-01
3.093690e+03 1.223103e-07 9.999999e-01 9.999999e-02
3.093700e+03 1.216763e-07 9.999999e-01 9.999999e-02
3.093710e+03 3.348655e-09 1.000000e+00 1.000000e-01
3.093720e+03 1.093645e-06 9.999989e-01 9.999995e-02
3.093730e+03 1.090688e-06 9.999989e-01 9.999995e-02
3.093740e+03 6.256905e-10 1.000000e+00 1.000000e-01
3.093750e+03 4.098298e-09 1.000000e+00 1.000000e-01
3.093760e+03 4.097537e-09 1.000000e+00 1.000000e-01
3.093770e+03 0.000000e+00 1.000000e+00 1.000000e-01
3.093780e+03 2.780784e-10 1.000000e+00 1.000000e-01
3.093790e+03 7.111609e-08 9.999999e-01 1.000000e-01
3.093800e+03 1.087423e-07 9.999999e-01 9.999999e-02
3.093810e+03 3.925576e-08 1.000000e+00 1.000000e-01
3.093820e+03 2.808743e-07 9.999997e-01 9.999999e-02
3.093830e+03 6.277725e-07 9.999994e-01 9.999997e-02
3.093840e+03 4.387151e-07 9.999996e-01 9.999998e-02
3.093850e+03 9.039835e-08 9.999999e-01 1.000000e-01
3.093860e+03 0.000000e+00 1.000000e+00 1.000000e-01
3.093870e+03 8.719315e-06 9.999913e-01 9.999956e-02
3.093880e+03 8.718191e-06 9.999913e-01 9.999956e-02
3.093890e+03 0.000000e+00 1.000000e+00 1.000000e-01
3.093900e+03 7.084016e-09 1.000000e+00 1.000000e-01
3.093910e+03 1.185557e-08 1.000000e+00 1.000000e-01
3.093920e+03 4.773353e-09 1.000000e+00 1.000000e-01
3.093930e+03 1.203333e-08 1.000000e+00 1.000000e-01
3.093940e+03 2.106032e-07 9.999998e-01 9.999999e-02
3.093950e+03 1.259170e-06 9.999987e-01 9.999994e-02
3.093960e+03 1.146592e-05 9.999885e-01 9.999943e-02
3.093970e+03 1.098370e-05 9.999890e-01 9.999945e-02
3.093980e+03 6.558982e-07 9.999993e-01 9.999997e-02
3.093990e+03 1.405744e-07 9.999999e-01 9.999999e-02
3.094000e+03 6.273629e-08 9.999999e-01 1.000000e-01
3.094010e+03 4.430103e-06 9.999956e-01 9.999978e-02
3.094020e+03 1.098748e-05 9.999890e-01 9.999945e-02
3.094030e+03 6.562654e-06 9.999934e-01 9.999967e-02
3.094040e+03 1.594659e-12 1.000000e+00 1.000000e-01
3.094050e+03 1.370570e-06 9.999986e-01 9.999993e-02
3.094060e+03 1.383161e-06 9.999986e-01 9.999993e-02
3.094070e+03 1.702160e-06 9.999983e-01 9.999991e-02
3.094080e+03 8.661149e-06 9.999913e-01 9.999957e-02
3.094090e+03 1.218539e-05 9.999878e-01 9.999939e-02
3.094100e+03 5.213538e-06 9.999948e-01 9.999974e-02
3.094110e+03 0.000000e+00 1.000000e+00 1.000000e-01
3.094120e+03 8.620404e-08 9.999999e-01 1.000000e-01
3.094130e+03 2.184398e-07 9.999998e-01 9.999999e-02
3.094140e+03 1.608666e-07 9.999998e-01 9.999999e-02
3.094150e+03 1.680118e-05 9.999832e-01 9.999916e-02
3.094160e+03 1.690671e-05 9.999831e-01 9.999915e-02
3.094170e+03 1.282508e-05 9.999872e-01 9.999936e-02
3.094180e+03 1.268708e-05 9.999873e-01 9.999937e-02
3.094190e+03 7.011628e-09 1.000000e+00 1.000000e-01
3.094200e+03 6.880230e-08 9.999999e-01 1.000000e-01
3.094210e+03 6.177759e-08 9.999999e-01 1.000000e-01
3.094220e+03 6.750120e-08 9.999999e-01 1.000000e-01
3.094230e+03 7.037363e-08 9.999999e-01 1.000000e-01
3.094240e+03 1.332632e-06 9.999987e-01 9.999993e-02
3.094250e+03 1.330200e-06 9.999987e-01 9.999993e-02
3.094260e+03 7.673263e-10 1.000000e+00 1.000000e-01
3.094270e+03 6.148840e-12 1.000000e+00 1.000000e-01
3.094280e+03 0.000000e+00 1.000000e+00 1.000000e-01
3.094290e+03 0.000000e+00 1.000000e+00 1.000000e-01
3.094300e+03 2.977470e-08 1.000000e+00 1.000000e-01
3.094310e+03 1.215856e-07 9.999999e-01 9.999999e-02
3.094320e+03 2.392459e-04 9.997608e-01 9.998804e-02
3.094330e+03 2.392006e-04 9.997608e-01 9.998804e-02
3.094340e+03 3.623253e-10 1.000000e+00 1.000000e-01
3.094350e+03 3.428634e-09 1.000000e+00 1.000000e-01
3.094360e+03 3.428977e-09 1.000000e+00 1.000000e-01
3.094370e+03 6.312648e-08 9.999999e-01 1.000000e-01
3.094380e+03 6.360742e-08 9.999999e-01 1.000000e-01
3.094390e+03 5.004075e-10 1.000000e+00 1.000000e-01
3.094400e+03 0.000000e+00 1.000000e+00 1.000000e-01
3.094410e+03 0.000000e+00 1.000000e+00 1.000000e-01
3.094420e+03 0.000000e+00 1.000000e+00 1.000000e-01
3.094430e+03 0.000000e+00 1.000000e+00 1.000000e-01
3.094440e+03 2.500526e-06 9.999975e-01 9.999987e-02
3.094450e+03 2.501022e-06 9.999975e-01 9.999987e-02
3.094460e+03 0.000000e+00 1.000000e+00 1.000000e-01
3.094470e+03 0.000000e+00 1.000000e+00 1.000000e-01
3.094480e+03 0.000000e+00 1.000000e+00 1.000000e-01
3.094490e+03 0.000000e+00 1.000000e+00 1.000000e-01
3.094500e+03 0.000000e+00 1.000000e+00 1.000000e-01
3.094510e+03 3.944257e-05 9.999606e-01 9.999803e-02
3.094520e+03 4.151232e-04 9.995850e-01 9.997925e-02
3.094530e+03 7.079200e-04 9.992923e-01 9.996461e-02
3.094540e+03 3.322790e-04 9.996678e-01 9.998339e-02
3.094550e+03 7.905536e-09 1.000000e+00 1.000000e-01
3.094560e+03 0.000000e+00 1.000000e+00 1.000000e-01
3.094570e+03 0.000000e+00 1.000000e+00 1.000000e-01
3.094580e+03 0.000000e+00 1.000000e+00 1.000000e-01
3.094590e+03 0.000000e+00 1.000000e+00 1.000000e-01
3.094600e+03 0.000000e+00 1.000000e+00 1.000000e-01
3.094610e+03 0.000000e+00 1.000000e+00 1.000000e-01
3.094620e+03 0.000000e+00 1.000000e+00 1.000000e-01
3.094630e+03 0.000000e+00 1.000000e+00 1.000000e-01
3.094640e+03 0.000000e+00 1.000000e+00 1.000000e-01
3.094650e+03 0.000000e+00 1.000000e+00 1.000000e-01
3.094660e+03 1.275405e-11 1.000000e+00 1.000000e-01
3.094670e+03 4.475008e-10 1.000000e+00 1.000000e-01
3.094680e+03 2.628293e-06 9.999974e-01 9.999987e-02
3.094690e+03 2.627312e-06 9.999974e-01 9.999987e-02
3.094700e+03 1.646683e-08 1.000000e+00 1.000000e-01
3.094710e+03 1.624548e-08 1.000000e+00 1.000000e-01
3.094720e+03 1.746437e-07 9.999998e-01 9.999999e-02
3.094730e+03 1.746271e-07 9.999998e-01 9.999999e-02
3.094740e+03 0.000000e+00 1.000000e+00 1.000000e-01
3.094750e+03 0.000000e+00 1.000000e+00 1.000000e-01
3.094760e+03 0.000000e+00 1.000000e+00 1.000000e-01
3.094770e+03 0.000000e+00 1.000000e+00 1.000000e-01
3.094780e+03 3.931153e-11 1.000000e+00 1.000000e-01
3.094790e+03 3.706524e-07 9.999996e-01 9.999998e-02
3.094800e+03 3.705446e-07 9.999996e-01 9.999998e-02
3.094810e+03 8.528084e-08 9.999999e-01 1.000000e-01
3.094820e+03 8.699802e-08 9.999999e-01 1.000000e-01
3.094830e+03 1.705091e-09 1.000000e+00 1.000000e-01
3.094840e+03 7.938253e-08 9.999999e-01 1.000000e-01
3.094850e+03 2.608324e-05 9.999739e-01 9.999870e-02
3.094860e+03 2.600451e-05 9.999740e-01 9.999870e-02
3.094870e+03 2.247155e-09 1.000000e+00 1.000000e-01
3.094880e+03 0.000000e+00 1.000000e+00 1.000000e-01
3.094890e+03 0.000000e+00 1.000000e+00 1.000000e-01
3.094900e+03 0.000000e+00 1.000000e+00 1.000000e-01
3.094910e+03 2.786547e-07 9.999997e-01 9.999999e-02
3.094920e+03 3.947223e-07 9.999996e-01 9.999998e-02
3.094930e+03 1.160893e-07 9.999999e-01 9.999999e-02
3.094940e+03 0.000000e+00 1.000000e+00 1.000000e-01
3.094950e+03 0.000000e+00 1.000000e+00 1.000000e-01
3.094960e+03 0.000000e+00 1.000000e+00 1.000000e-01
3.094970e+03 0.000000e+00 1.000000e+00 1.000000e-01
3.094980e+03 0.000000e+00 1.000000e+00 1.000000e-01
3.094990e+03 3.667276e-11 1.000000e+00 1.000000e-01
3.095000e+03 3.667974e-11 1.000000e+00 1.000000e-01
3.095010e+03 0.000000e+00 1.000000e+00 1.000000e-01
3.095020e+03 0.000000e+00 1.000000e+00 1.000000e-01
3.095030e+03 0.000000e+00 1.000000e+00 1.000000e-01
3.095040e+03 0.000000e+00 1.000000e+00 1.000000e-01
3.095050e+03 0.000000e+00 1.000000e+00 1.000000e-01
3.095060e+03 0.000000e+00 1.000000e+00 1.000000e-01
3.095070e+03 0.000000e+00 1.000000e+00 1.000000e-01
3.095080e+03 0.000000e+00 1.000000e+00 1.000000e-01
3.095090e+03 0.000000e+00 1.000000e+00 1.000000e-01
3.095100e+03 2.665035e-07 9.999997e-01 9.999999e-02
3.095110e+03 2.665602e-07 9.999997e-01 9.999999e-02
3.095120e+03 1.753115e-08 1.000000e+00 1.000000e-01
3.095130e+03 1.753043e-08 1.000000e+00 1.000000e-01
3.095140e+03 0.000000e+00 1.000000e+00 1.000000e-01
3.095150e+03 0.000000e+00 1.000000e+00 1.000000e-01
3.095160e+03 0.000000e+00 1.000000e+00 1.000000e-01
3.095170e+03 0.000000e+00 1.000000e+00 1.000000e-01
3.095180e+03 0.000000e+00 1.000000e+00 1.000000e-01
3.095190e+03 0.000000e+00 1.000000e+00 1.000000e-01
3.095200e+03 0.000000e+00 1.000000e+00 1.000000e-01
3.095210e+03 0.000000e+00 1.000000e+00 1.000000e-01
3.095220e+03 0.000000e+00 1.000000e+00 1.000000e-01
3.095230e+03 0.000000e+00 1.000000e+00 1.000000e-01
3.095240e+03 3.139587e-06 9.999969e-01 9.999984e-02
3.095250e+03 3.138576e-06 9.999969e-01 9.999984e-02
3.095260e+03 0.000000e+00 1.000000e+00 1.000000e-01
3.095270e+03 0.000000e+00 1.000000e+00 1.000000e-01
3.095280e+03 0.000000e+00 1.000000e+00 1.000000e-01
3.095290e+03 3.705390e-08 1.000000e+00 1.000000e-01
3.095300e+03 3.705107e-08 1.000000e+00 1.000000e-01
3.095310e+03 0.000000e+00 1.000000e+00 1.000000e-01
3.095320e+03 0.000000e+00 1.000000e+00 1.000000e-01
3.095330e+03 0.000000e+00 1.000000e+00 1.000000e-01
3.095340e+03 0.000000e+00 1.000000e+00 1.000000e-01
3.095350e+03 0.000000e+00 1.000000e+00 1.000000e-01
3.095360e+03 0.000000e+00 1.000000e+00 1.000000e-01
3.095370e+03 0.000000e+00 1.000000e+00 1.000000e-01
3.095380e+03 0.000000e+00 1.000000e+00 1.000000e-01
3.095390e+03 0.000000e+00 1.000000e+00 1.000000e-01
3.095400e+03 0.000000e+00 1.000000e+00 1.000000e-01
3.095410e+03 1.218105e-11 1.000000e+00 1.000000e-01
3.095420e+03 1.218079e-11 1.000000e+00 1.000000e-01
3.095430e+03 0.000000e+00 1.000000e+00 1.000000e-01
3.095440e+03 0.000000e+00 1.000000e+00 1.000000e-01
3.095450e+03 0.000000e+00 1.000000e+00 1.000000e-01
3.095460e+03 0.000000e+00 1.000000e+00 1.000000e-01
3.095470e+03 0.000000e+00 1.000000e+00 1.000000e-01
3.095480e+03 0.000000e+00 1.000000e+00 1.000000e-01
3.095490e+03 3.285886e-10 1.000000e+00 1.000000e-01
3.095500e+03 3.286092e-10 1.000000e+00 1.000000e-01
3.095510e+03 0.000000e+00 1.000000e+00 1.000000e-01
3.095520e+03 0.000000e+00 1.000000e+00 1.000000e-01
3.095530e+03 0.000000e+00 1.000000e+00 1.000000e-01
3.095540e+03 0.000000e+00 1.000000e+00 1.000000e-01
3.095550e+03 0.000000e+00 1.000000e+00 1.000000e-01
3.095560e+03 0.000000e+00 1.000000e+00 1.000000e-01
3.095570e+03 0.000000e+00 1.000000e+00 1.000000e-01
3.095580e+03 0.000000e+00 1.000000e+00 1.000000e-01
3.095590e+03 0.000000e+00 1.000000e+00 1.000000e-01
3.095600e+03 0.000000e+00 1.000000e+00 1.000000e-01
3.095610e+03 0.000000e+00 1.000000e+00 1.000000e-01
3.095620e+03 0.000000e+00 1.000000e+00 1.000000e-01
3.095630e+03 0.000000e+00 1.000000e+00 1.000000e-01
3.095640e+03 0.000000e+00 1.000000e+00 1.000000e-01
3.095650e+03 0.000000e+00 1.000000e+00 1.000000e-01
3.095660e+03 0.000000e+00 1.000000e+00 1.000000e-01
3.095670e+03 0.000000e+00 1.000000e+00 1.000000e-01
3.095680e+03 0.000000e+00 1.000000e+00 1.000000e-01
3.095690e+03 0.000000e+00 1.000000e+00 1.000000e-01
3.095700e+03 0.000000e+00 1.000000e+00 1.000000e-01
3.095710e+03 0.000000e+00 1.000000e+00 1.000000e-01
3.095720e+03 0.000000e+00 1.000000e+00 1.000000e-01
3.095730e+03 0.000000e+00 1.000000e+00 1.000000e-01
3.095740e+03 6.140200e-09 1.000000e+00 1.000000e-01
3.095750e+03 6.141288e-09 1.000000e+00 1.000000e-01
3.095760e+03 0.000000e+00 1.000000e+00 1.000000e-01
3.095770e+03 0.000000e+00 1.000000e+00 1.000000e-01
3.095780e+03 0.000000e+00 1.000000e+00 1.000000e-01
3.095790e+03 0.000000e+00 1.000000e+00 1.000000e-01
3.095800e+03 0.000000e+00 1.000000e+00 1.000000e-01
3.095810e+03 0.000000e+00 1.000000e+00 1.000000e-01
3.095820e+03 0.000000e+00 1.000000e+00 1.000000e-01
3.095830e+03 0.000000e+00 1.000000e+00 1.000000e-01
3.095840e+03 0.000000e+00 1.000000e+00 1.000000e-01
3.095850e+03 0.000000e+00 1.000000e+00 1.000000e-01
3.095860e+03 0.000000e+00 1.000000e+00 1.000000e-01
3.095870e+03 0.000000e+00 1.000000e+00 1.000000e-01
3.095880e+03 0.000000e+00 1.000000e+00 1.000000e-01
3.095890e+03 0.000000e+00 1.000000e+00 1.000000e-01
3.095900e+03 0.000000e+00 1.000000e+00 1.000000e-01
3.095910e+03 0.000000e+00 1.000000e+00 1.000000e-01
3.095920e+03 0.000000e+00 1.000000e+00 1.000000e-01
3.095930e+03 0.000000e+00 1.000000e+00 1.000000e-01
3.095940e+03 0.000000e+00 1.000000e+00 1.000000e-01
3.095950e+03 0.000000e+00 1.000000e+00 1.000000e-01
3.095960e+03 0.000000e+00 1.000000e+00 1.000000e-01
3.095970e+03 0.000000e+00 1.000000e+00 1.000000e-01
3.095980e+03 0.000000e+00 1.000000e+00 1.000000e-01
3.095990e+03 0.000000e+00 1.000000e+00 1.000000e-01
3.096000e+03 0.000000e+00 1.000000e+00 1.000000e-01
3.096010e+03 0.000000e+00 1.000000e+00 1.000000e-01
3.096020e+03 0.000000e+00 1.000000e+00 1.000000e-01
3.096030e+03 0.000000e+00 1.000000e+00 1.000000e-01
3.096040e+03 0.000000e+00 1.000000e+00 1.000000e-01
3.096050e+03 0.000000e+00 1.000000e+00 1.000000e-01
3.096060e+03 0.000000e+00 1.000000e+00 1.000000e-01
3.096070e+03 0.000000e+00 1.000000e+00 1.000000e-01
3.096080e+03 0.000000e+00 1.000000e+00 1.000000e-01
3.096090e+03 0.000000e+00 1.000000e+00 1.000000e-01
3.096100e+03 0.000000e+00 1.000000e+00 1.000000e-01
3.096110e+03 0.000000e+00 1.000000e+00 1.000000e-01
3.096120e+03 0.000000e+00 1.000000e+00 1.000000e-01
3.096130e+03 0.000000e+00 1.000000e+00 1.000000e-01
3.096140e+03 0.000000e+00 1.000000e+00 1.000000e-01
3.096150e+03 0.000000e+00 1.000000e+00 1.000000e-01
3.096160e+03 0.000000e+00 1.000000e+00 1.000000e-01
3.096170e+03 3.131920e-10 1.000000e+00 1.000000e-01
3.096180e+03 3.131904e-10 1.000000e+00 1.000000e-01
3.096190e+03 0.000000e+00 1.000000e+00 1.000000e-01
3.096200e+03 0.000000e+00 1.000000e+00 1.000000e-01
3.096210e+03 0.000000e+00 1.000000e+00 1.000000e-01
3.096220e+03 0.000000e+00 1.000000e+00 1.000000e-01
3.096230e+03 0.000000e+00 1.000000e+00 1.000000e-01
3.096240e+03 0.000000e+00 1.000000e+00 1.000000e-01
3.096250e+03 0.000000e+00 1.000000e+00 1.000000e-01
3.096260e+03 0.000000e+00 1.000000e+00 1.000000e-01
3.096270e+03 0.000000e+00 1.000000e+00 1.000000e-01
3.096280e+03 0.000000e+00 1.000000e+00 1.000000e-01
3.096290e+03 0.000000e+00 1.000000e+00 1.000000e-01
3.096300e+03 0.000000e+00 1.000000e+00 1.000000e-01
3.096310e+03 0.000000e+00 1.000000e+00 1.000000e-01
3.096320e+03 0.000000e+00 1.000000e+00 1.000000e-01
3.096330e+03 0.000000e+00 1.000000e+00 1.000000e-01
3.096340e+03 0.000000e+00 1.000000e+00 1.000000e-01
3.096350e+03 0.000000e+00 1.000000e+00 1.000000e-01
3.096360e+03 0.000000e+00 1.000000e+00 1.000000e-01
3.096370e+03 0.000000e+00 1.000000e+00 1.000000e-01
3.096380e+03 0.000000e+00 1.000000e+00 1.000000e-01
3.096390e+03 0.000000e+00 1.000000e+00 1.000000e-01
3.096400e+03 0.000000e+00 1.000000e+00 1.000000e-01
3.096410e+03 0.000000e+00 1.000000e+00 1.000000e-01
3.096420e+03 0.000000e+00 1.000000e+00 1.000000e-01
3.096430e+03 0.000000e+00 1.000000e+00 1.000000e-01
3.096440e+03 0.000000e+00 1.000000e+00 1.000000e-01
3.096450e+03 0.000000e+00 1.000000e+00 1.000000e-01
3.096460e+03 0.000000e+00 1.000000e+00 1.000000e-01
3.096470e+03 0.000000e+00 1.000000e+00 1.000000e-01
3.096480e+03 0.000000e+00 1.000000e+00 1.000000e-01
3.096490e+03 0.000000e+00 1.000000e+00 1.000000e-01
3.096500e+03 0.000000e+00 1.000000e+00 1.000000e-01
3.096510e+03 0.000000e+00 1.000000e+00 1.000000e-01
3.096520e+03 0.000000e+00 1.000000e+00 1.000000e-01
3.096530e+03 0.000000e+00 1.000000e+00 1.000000e-01
3.096540e+03 0.000000e+00 1.000000e+00 1.000000e-01
3.096550e+03 0.000000e+00 1.000000e+00 1.000000e-01
3.096560e+03 0.000000e+00 1.000000e+00 1.000000e-01
3.096570e+03 0.000000e+00 1.000000e+00 1.000000e-01
3.096580e+03 0.000000e+00 1.000000e+00 1.000000e-01
3.096590e+03 0.000000e+00 1.000000e+00 1.000000e-01
3.096600e+03 0.000000e+00 1.000000e+00 1.000000e-01
3.096610e+03 0.000000e+00 1.000000e+00 1.000000e-01
3.096620e+03 0.000000e+00 1.000000e+00 1.000000e-01
3.096630e+03 3.661957e-11 1.000000e+00 1.000000e-01
3.096640e+03 3.661765e-11 1.000000e+00 1.000000e-01
3.096650e+03 0.000000e+00 1.000000e+00 1.000000e-01
3.096660e+03 0.000000e+00 1.000000e+00 1.000000e-01
3.096670e+03 0.000000e+00 1.000000e+00 1.000000e-01
3.096680e+03 0.000000e+00 1.000000e+00 1.000000e-01
3.096690e+03 0.000000e+00 1.000000e+00 1.000000e-01
3.096700e+03 0.000000e+00 1.000000e+00 1.000000e-01
3.096710e+03 0.000000e+00 1.000000e+00 1.000000e-01
3.096720e+03 0.000000e+00 1.000000e+00 1.000000e-01
3.096730e+03 0.000000e+00 1.000000e+00 1.000000e-01
3.096740e+03 0.000000e+00 1.000000e+00 1.000000e-01
3.096750e+03 0.000000e+00 1.000000e+00 1.000000e-01
3.096760e+03 0.000000e+00 1.000000e+00 1.000000e-01
3.096770e+03 0.000000e+00 1.000000e+00 1.000000e-01
3.096780e+03 0.000000e+00 1.000000e+00 1.000000e-01
3.096790e+03 0.000000e+00 1.000000e+00 1.000000e-01
3.096800e+03 0.000000e+00 1.000000e+00 1.000000e-01
3.096810e+03 0.000000e+00 1.000000e+00 1.000000e-01
3.096820e+03 0.000000e+00 1.000000e+00 1.000000e-01
3.096830e+03 0.000000e+00 1.000000e+00 1.000000e-01
3.096840e+03 0.000000e+00 1.000000e+00 1.000000e-01
3.096850e+03 0.000000e+00 1.000000e+00 1.000000e-01
3.096860e+03 0.000000e+00 1.000000e+00 1.000000e-01
3.096870e+03 0.000000e+00 1.000000e+00 1.000000e-01
3.096880e+03 0.000000e+00 1.000000e+00 1.000000e-01
3.096890e+03 0.000000e+00 1.000000e+00 1.000000e-01
3.096900e+03 0.000000e+00 1.000000e+00 1.000000e-01
3.096910e+03 0.000000e+00 1.000000e+00 1.000000e-01
3.096920e+03 0.000000e+00 1.000000e+00 1.000000e-01
3.096930e+03 0.000000e+00 1.000000e+00 1.000000e-01
3.096940e+03 0.000000e+00 1.000000e+00 1.000000e-01
3.096950e+03 0.000000e+00 1.000000e+00 1.000000e-01
3.096960e+03 0.000000e+00 1.000000e+00 1.000000e-01
3.096970e+03 0.000000e+00 1.000000e+00 1.000000e-01
3.096980e+03 0.000000e+00 1.000000e+00 1.000000e-01
3.096990e+03 0.000000e+00 1.000000e+00 1.000000e-01
3.097000e+03 0.000000e+00 1.000000e+00 1.000000e-01
3.097010e+03 0.000000e+00 1.000000e+00 1.000000e-01
3.097020e+03 0.000000e+00 1.000000e+00 1.000000e-01
3.097030e+03 0.000000e+00 1.000000e+00 1.000000e-01
3.097040e+03 0.000000e+00 1.000000e+00 1.000000e-01
3.097050e+03 0.000000e+00 1.000000e+00 1.000000e-01
3.097060e+03 0.000000e+00 1.000000e+00 1.000000e-01
3.097070e+03 0.000000e+00 1.000000e+00 1.000000e-01
3.097080e+03 0.000000e+00 1.000000e+00 1.000000e-01
3.097090e+03 0.000000e+00 1.000000e+00 1.000000e-01
3.097100e+03 0.000000e+00 1.000000e+00 1.000000e-01
3.097110e+03 0.000000e+00 1.000000e+00 1.000000e-01
3.097120e+03 0.000000e+00 1.000000e+00 1.000000e-01
3.097130e+03 0.000000e+00 1.000000e+00 1.000000e-01
3.097140e+03 0.000000e+00 1.000000e+00 1.000000e-01
3.097150e+03 0.000000e+00 1.000000e+00 1.000000e-01
3.097160e+03 0.000000e+00 1.000000e+00 1.000000e-01
3.097170e+03 0.000000e+00 1.000000e+00 1.000000e-01
3.097180e+03 0.000000e+00 1.000000e+00 1.000000e-01
3.097190e+03 0.000000e+00 1.000000e+00 1.000000e-01
3.097200e+03 0.000000e+00 1.000000e+00 1.000000e-01
3.097210e+03 0.000000e+00 1.000000e+00 1.000000e-01
3.097220e+03 0.000000e+00 1.000000e+00 1.000000e-01
3.097230e+03 0.000000e+00 1.000000e+00 1.000000e-01
3.097240e+03 0.000000e+00 1.000000e+00 1.000000e-01
3.097250e+03 0.000000e+00 1.000000e+00 1.000000e-01
3.097260e+03 0.000000e+00 1.000000e+00 1.000000e-01
3.097270e+03 0.000000e+00 1.000000e+00 1.000000e-01
3.097280e+03 0.000000e+00 1.000000e+00 1.000000e-01
3.097290e+03 0.000000e+00 1.000000e+00 1.000000e-01
3.097300e+03 0.000000e+00 1.000000e+00 1.000000e-01
3.097310e+03 0.000000e+00 1.000000e+00 1.000000e-01
3.097320e+03 0.000000e+00 1.000000e+00 1.000000e-01
3.097330e+03 0.000000e+00 1.000000e+00 1.000000e-01
3.097340e+03 0.000000e+00 1.000000e+00 1.000000e-01
3.097350e+03 0.000000e+00 1.000000e+00 1.000000e-01
3.097360e+03 0.000000e+00 1.000000e+00 1.000000e-01
3.097370e+03 0.000000e+00 1.000000e+00 1.000000e-01
3.097380e+03 0.000000e+00 1.000000e+00 1.000000e-01
3.097390e+03 0.000000e+00 1.000000e+00 1.000000e-01
3.097400e+03 0.000000e+00 1.000000e+00 1.000000e-01
3.097410e+03 0.000000e+00 1.000000e+00 1.000000e-01
3.097420e+03 0.000000e+00 1.000000e+00 1.000000e-01
3.097430e+03 0.000000e+00 1.000000e+00 1.000000e-01
3.097440e+03 0.000000e+00 1.000000e+00 1.000000e-01
3.097450e+03 0.000000e+00 1.000000e+00 1.000000e-01
3.097460e+03 0.000000e+00 1.000000e+00 1.000000e-01
3.097470e+03 0.000000e+00 1.000000e+00 1.000000e-01
3.097480e+03 0.000000e+00 1.000000e+00 1.000000e-01
3.097490e+03 0.000000e+00 1.000000e+00 1.000000e-01
3.097500e+03 0.000000e+00 1.000000e+00 1.000000e-01
3.097510e+03 0.000000e+00 1.000000e+00 1.000000e-01
3.097520e+03 0.000000e+00 1.000000e+00 1.000000e-01
3.097530e+03 0.000000e+00 1.000000e+00 1.000000e-01
3.097540e+03 0.000000e+00 1.000000e+00 1.000000e-01
3.097550e+03 0.000000e+00 1.000000e+00 1.000000e-01
3.097560e+03 0.000000e+00 1.000000e+00 1.000000e-01
3.097570e+03 0.000000e+00 1.000000e+00 1.000000e-01
3.097580e+03 0.000000e+00 1.000000e+00 1.000000e-01
3.097590e+03 0.000000e+00 1.000000e+00 1.000000e-01
3.097600e+03 0.000000e+00 1.000000e+00 1.000000e-01
3.097610e+03 0.000000e+00 1.000000e+00 1.000000e-01
3.097620e+03 0.000000e+00 1.000000e+00 1.000000e-01
3.097630e+03 0.000000e+00 1.000000e+00 1.000000e-01
3.097640e+03 0.000000e+00 1.000000e+00 1.000000e-01
3.097650e+03 0.000000e+00 1.000000e+00 1.000000e-01
3.097660e+03 0.000000e+00 1.000000e+00 1.000000e-01
3.097670e+03 0.000000e+00 1.000000e+00 1.000000e-01
3.097680e+03 0.000000e+00 1.000000e+00 1.000000e-01
3.097690e+03 0.000000e+00 1.000000e+00 1.000000e-01
3.097700e+03 0.000000e+00 1.000000e+00 1.000000e-01
3.097710e+03 0.000000e+00 1.000000e+00 1.000000e-01
3.097720e+03 0.000000e+00 1.000000e+00 1.000000e-01
3.097730e+03 0.000000e+00 1.000000e+00 1.000000e-01
3.097740e+03 0.000000e+00 1.000000e+00 1.000000e-01
3.097750e+03 0.000000e+00 1.000000e+00 1.000000e-01
3.097760e+03 0.000000e+00 1.000000e+00 1.000000e-01
3.097770e+03 0.000000e+00 1.000000e+00 1.000000e-01
3.097780e+03 0.000000e+00 1.000000e+00 1.000000e-01
3.097790e+03 0.000000e+00 1.000000e+00 1.000000e-01
3.097800e+03 0.000000e+00 1.000000e+00 1.000000e-01
3.097810e+03 0.000000e+00 1.000000e+00 1.000000e-01
3.097820e+03 0.000000e+00 1.000000e+00 1.000000e-01
3.097830e+03 0.000000e+00 1.000000e+00 1.000000e-01
3.097840e+03 0.000000e+00 1.000000e+00 1.000000e-01
3.097850e+03 0.000000e+00 1.000000e+00 1.000000e-01
3.097860e+03 0.000000e+00 1.000000e+00 1.000000e-01
3.097870e+03 0.000000e+00 1.000000e+00 1.000000e-01
3.097880e+03 0.000000e+00 1.000000e+00 1.000000e-01
3.097890e+03 0.000000e+00 1.000000e+00 1.000000e-01
3.097900e+03 0.000000e+00 1.000000e+00 1.000000e-01
3.097910e+03 0.000000e+00 1.000000e+00 1.000000e-01
3.097920e+03 0.000000e+00 1.000000e+00 1.000000e-01
3.097930e+03 0.000000e+00 1.000000e+00 1.000000e-01
3.097940e+03 0.000000e+00 1.000000e+00 1.000000e-01
3.097950e+03 0.000000e+00 1.000000e+00 1.000000e-01
3.097960e+03 0.000000e+00 1.000000e+00 1.000000e-01
3.097970e+03 0.000000e+00 1.000000e+00 1.000000e-01
3.097980e+03 0.000000e+00 1.000000e+00 1.000000e-01
3.097990e+03 0.000000e+00 1.000000e+00 1.000000e-01
3.098000e+03 0.000000e+00 1.000000e+00 1.000000e-01
3.098010e+03 0.000000e+00 1.000000e+00 1.000000e-01
3.098020e+03 0.000000e+00 1.000000e+00 1.000000e-01
3.098030e+03 0.000000e+00 1.000000e+00 1.000000e-01
3.098040e+03 0.000000e+00 1.000000e+00 1.000000e-01
3.098050e+03 0.000000e+00 1.000000e+00 1.000000e-01
3.098060e+03 0.000000e+00 1.000000e+00 1.000000e-01
3.098070e+03 0.000000e+00 1.000000e+00 1.000000e-01
3.098080e+03 0.000000e+00 1.000000e+00 1.000000e-01
3.098090e+03 0.000000e+00 1.000000e+00 1.000000e-01
3.098100e+03 0.000000e+00 1.000000e+00 1.000000e-01
3.098110e+03 0.000000e+00 1.000000e+00 1.000000e-01
3.098120e+03 0.000000e+00 1.000000e+00 1.000000e-01
3.098130e+03 0.000000e+00 1.000000e+00 1.000000e-01
3.098140e+03 0.000000e+00 1.000000e+00 1.000000e-01
3.098150e+03 0.000000e+00 1.000000e+00 1.000000e-01
3.098160e+03 0.000000e+00 1.000000e+00 1.000000e-01
3.098170e+03 0.000000e+00 1.000000e+00 1.000000e-01
3.098180e+03 0.000000e+00 1.000000e+00 1.000000e-01
3.098190e+03 0.000000e+00 1.000000e+00 1.000000e-01
3.098200e+03 0.000000e+00 1.000000e+00 1.000000e-01
3.098210e+03 0.000000e+00 1.000000e+00 1.000000e-01
3.098220e+03 0.000000e+00 1.000000e+00 1.000000e-01
3.098230e+03 0.000000e+00 1.000000e+00 1.000000e-01
3.098240e+03 0.000000e+00 1.000000e+00 1.000000e-01
3.098250e+03 0.000000e+00 1.000000e+00 1.000000e-01
3.098260e+03 0.000000e+00 1.000000e+00 1.000000e-01
3.098270e+03 0.000000e+00 1.000000e+00 1.000000e-01
3.098280e+03 0.000000e+00 1.000000e+00 1.000000e-01
3.098290e+03 0.000000e+00 1.000000e+00 1.000000e-01
3.098300e+03 0.000000e+00 1.000000e+00 1.000000e-01
3.098310e+03 0.000000e+00 1.000000e+00 1.000000e-01
3.098320e+03 0.000000e+00 1.000000e+00 1.000000e-01
3.098330e+03 0.000000e+00 1.000000e+00 1.000000e-01
3.098340e+03 0.000000e+00 1.000000e+00 1.000000e-01
3.098350e+03 0.000000e+00 1.000000e+00 1.000000e-01
3.098360e+03 0.000000e+00 1.000000e+00 1.000000e-01
3.098370e+03 0.000000e+00 1.000000e+00 1.000000e-01
3.098380e+03 0.000000e+00 1.000000e+00 1.000000e-01
3.098390e+03 0.000000e+00 1.000000e+00 1.000000e-01
3.098400e+03 0.000000e+00 1.000000e+00 1.000000e-01
3.098410e+03 0.000000e+00 1.000000e+00 1.000000e-01
3.098420e+03 0.000000e+00 1.000000e+00 1.000000e-01
3.098430e+03 0.000000e+00 1.000000e+00 1.000000e-01
3.098440e+03 0.000000e+00 1.000000e+00 1.000000e-01
3.098450e+03 0.000000e+00 1.000000e+00 1.000000e-01
3.098460e+03 0.000000e+00 1.000000e+00 1.000000e-01
3.098470e+03 0.000000e+00 1.000000e+00 1.000000e-01
3.098480e+03 0.000000e+00 1.000000e+00 1.000000e-01
3.098490e+03 0.000000e+00 1.000000e+00 1.000000e-01
3.098500e+03 0.000000e+00 1.000000e+00 1.000000e-01
3.098510e+03 0.000000e+00 1.000000e+00 1.000000e-01
3.098520e+03 0.000000e+00 1.000000e+00 1.000000e-01
3.098530e+03 0.000000e+00 1.000000e+00 1.000000e-01
3.098540e+03 0.000000e+00 1.000000e+00 1.000000e-01
3.098550e+03 0.000000e+00 1.000000e+00 1.000000e-01
3.098560e+03 0.000000e+00 1.000000e+00 1.000000e-01
3.098570e+03 0.000000e+00 1.000000e+00 1.000000e-01
3.098580e+03 0.000000e+00 1.000000e+00 1.000000e-01
3.098590e+03 0.000000e+00 1.000000e+00 1.000000e-01
3.098600e+03 0.000000e+00 1.000000e+00 1.000000e-01
3.098610e+03 0.000000e+00 1.000000e+00 1.000000e-01
3.098620e+03 0.000000e+00 1.000000e+00 1.000000e-01
3.098630e+03 0.000000e+00 1.000000e+00 1.000000e-01
3.098640e+03 0.000000e+00 1.000000e+00 1.000000e-01
3.098650e+03 0.000000e+00 1.000000e+00 1.000000e-01
3.098660e+03 0.000000e+00 1.000000e+00 1.000000e-01
3.098670e+03 0.000000e+00 1.000000e+00 1.000000e-01
3.098680e+03 0.000000e+00 1.000000e+00 1.000000e-01
3.098690e+03 0.000000e+00 1.000000e+00 1.000000e-01
3.098700e+03 0.000000e+00 1.000000e+00 1.000000e-01
3.098710e+03 0.000000e+00 1.000000e+00 1.000000e-01
3.098720e+03 0.000000e+00 1.000000e+00 1.000000e-01
3.098730e+03 0.000000e+00 1.000000e+00 1.000000e-01
3.098740e+03 0.000000e+00 1.000000e+00 1.000000e-01
3.098750e+03 0.000000e+00 1.000000e+00 1.000000e-01
3.098760e+03 0.000000e+00 1.000000e+00 1.000000e-01
3.098770e+03 0.000000e+00 1.000000e+00 1.000000e-01
3.098780e+03 0.000000e+00 1.000000e+00 1.000000e-01
3.098790e+03 0.000000e+00 1.000000e+00 1.000000e-01
3.098800e+03 0.000000e+00 1.000000e+00 1.000000e-01
3.098810e+03 0.000000e+00 1.000000e+00 1.000000e-01
3.098820e+03 0.000000e+00 1.000000e+00 1.000000e-01
3.098830e+03 0.000000e+00 1.000000e+00 1.000000e-01
3.098840e+03 0.000000e+00 1.000000e+00 1.000000e-01
3.098850e+03 0.000000e+00 1.000000e+00 1.000000e-01
3.098860e+03 0.000000e+00 1.000000e+00 1.000000e-01
3.098870e+03 0.000000e+00 1.000000e+00 1.000000e-01
3.098880e+03 0.000000e+00 1.000000e+00 1.000000e-01
3.098890e+03 0.000000e+00 1.000000e+00 1.000000e-01
3.098900e+03 0.000000e+00 1.000000e+00 1.000000e-01
3.098910e+03 0.000000e+00 1.000000e+00 1.000000e-01
3.098920e+03 0.000000e+00 1.000000e+00 1.000000e-01
3.098930e+03 0.000000e+00 1.000000e+00 1.000000e-01
3.098940e+03 0.000000e+00 1.000000e+00 1.000000e-01
3.098950e+03 0.000000e+00 1.000000e+00 1.000000e-01
3.098960e+03 0.000000e+00 1.000000e+00 1.000000e-01
3.098970e+03 0.000000e+00 1.000000e+00 1.000000e-01
3.098980e+03 0.000000e+00 1.000000e+00 1.000000e-01
3.098990e+03 0.000000e+00 1.000000e+00 1.000000e-01
3.099000e+03 0.000000e+00 1.000000e+00 1.000000e-01
3.099010e+03 0.000000e+00 1.000000e+00 1.000000e-01
3.099020e+03 0.000000e+00 1.000000e+00 1.000000e-01
3.099030e+03 0.000000e+00 1.000000e+00 1.000000e-01
3.099040e+03 0.000000e+00 1.000000e+00 1.000000e-01
3.099050e+03 0.000000e+00 1.000000e+00 1.000000e-01
3.099060e+03 0.000000e+00 1.000000e+00 1.000000e-01
3.099070e+03 0.000000e+00 1.000000e+00 1.000000e-01
3.099080e+03 0.000000e+00 1.000000e+00 1.000000e-01
3.099090e+03 0.000000e+00 1.000000e+00 1.000000e-01
3.099100e+03 0.000000e+00 1.000000e+00 1.000000e-01
3.099110e+03 0.000000e+00 1.000000e+00 1.000000e-01
3.099120e+03 0.000000e+00 1.000000e+00 1.000000e-01
3.099130e+03 0.000000e+00 1.000000e+00 1.000000e-01
3.099140e+03 0.000000e+00 1.000000e+00 1.000000e-01
3.099150e+03 0.000000e+00 1.000000e+00 1.000000e-01
3.099160e+03 0.000000e+00 1.000000e+00 1.000000e-01
3.099170e+03 0.000000e+00 1.000000e+00 1.000000e-01
3.099180e+03 0.000000e+00 1.000000e+00 1.000000e-01
3.099190e+03 0.000000e+00 1.000000e+00 1.000000e-01
3.099200e+03 0.000000e+00 1.000000e+00 1.000000e-01
3.099210e+03 0.000000e+00 1.000000e+00 1.000000e-01
3.099220e+03 0.000000e+00 1.000000e+00 1.000000e-01
3.099230e+03 0.000000e+00 1.000000e+00 1.000000e-01
3.099240e+03 0.000000e+00 1.000000e+00 1.000000e-01
3.099250e+03 0.000000e+00 1.000000e+00 1.000000e-01
3.099260e+03 0.000000e+00 1.000000e+00 1.000000e-01
3.099270e+03 0.000000e+00 1.000000e+00 1.000000e-01
3.099280e+03 0.000000e+00 1.000000e+00 1.000000e-01
3.099290e+03 0.000000e+00 1.000000e+00 1.000000e-01
3.099300e+03 0.000000e+00 1.000000e+00 1.000000e-01
3.099310e+03 0.000000e+00 1.000000e+00 1.000000e-01
3.099320e+03 0.000000e+00 1.000000e+00 1.000000e-01
3.099330e+03 0.000000e+00 1.000000e+00 1.000000e-01
3.099340e+03 0.000000e+00 1.000000e+00 1.000000e-01
3.099350e+03 0.000000e+00 1.000000e+00 1.000000e-01
3.099360e+03 0.000000e+00 1.000000e+00 1.000000e-01
3.099370e+03 0.000000e+00 1.000000e+00 1.000000e-01
3.099380e+03 0.000000e+00 1.000000e+00 1.000000e-01
3.099390e+03 0.000000e+00 1.000000e+00 1.000000e-01
3.099400e+03 0.000000e+00 1.000000e+00 1.000000e-01
3.099410e+03 0.000000e+00 1.000000e+00 1.000000e-01
3.099420e+03 0.000000e+00 1.000000e+00 1.000000e-01
3.099430e+03 0.000000e+00 1.000000e+00 1.000000e-01
3.099440e+03 0.000000e+00 1.000000e+00 1.000000e-01
3.099450e+03 0.000000e+00 1.000000e+00 1.000000e-01
3.099460e+03 0.000000e+00 1.000000e+00 1.000000e-01
3.099470e+03 0.000000e+00 1.000000e+00 1.000000e-01
3.099480e+03 0.000000e+00 1.000000e+00 1.000000e-01
3.099490e+03 0.000000e+00 1.000000e+00 1.000000e-01
3.099500e+03 0.000000e+00 1.000000e+00 1.000000e-01
3.099510e+03 0.000000e+00 1.000000e+00 1.000000e-01
3.099520e+03 0.000000e+00 1.000000e+00 1.000000e-01
3.099530e+03 0.000000e+00 1.000000e+00 1.000000e-01
3.099540e+03 0.000000e+00 1.000000e+00 1.000000e-01
3.099550e+03 0.000000e+00 1.000000e+00 1.000000e-01
3.099560e+03 0.000000e+00 1.000000e+00 1.000000e-01
3.099570e+03 0.000000e+00 1.000000e+00 1.000000e-01
3.099580e+03 0.000000e+00 1.000000e+00 1.000000e-01
3.099590e+03 0.000000e+00 1.000000e+00 1.000000e-01
3.099600e+03 0.000000e+00 1.000000e+00 1.000000e-01
3.099610e+03 0.000000e+00 1.000000e+00 1.000000e-01
3.099620e+03 0.000000e+00 1.000000e+00 1.000000e-01
3.099630e+03 0.000000e+00 1.000000e+00 1.000000e-01
3.099640e+03 0.000000e+00 1.000000e+00 1.000000e-01
3.099650e+03 0.000000e+00 1.000000e+00 1.000000e-01
3.099660e+03 0.000000e+00 1.000000e+00 1.000000e-01
3.099670e+03 0.000000e+00 1.000000e+00 1.000000e-01
3.099680e+03 0.000000e+00 1.000000e+00 1.000000e-01
3.099690e+03 0.000000e+00 1.000000e+00 1.000000e-01
3.099700e+03 0.000000e+00 1.000000e+00 1.000000e-01
3.099710e+03 0.000000e+00 1.000000e+00 1.000000e-01
3.099720e+03 0.000000e+00 1.000000e+00 1.000000e-01
3.099730e+03 0.000000e+00 1.000000e+00 1.000000e-01
3.099740e+03 0.000000e+00 1.000000e+00 1.000000e-01
3.099750e+03 0.000000e+00 1.000000e+00 1.000000e-01
3.099760e+03 0.000000e+00 1.000000e+00 1.000000e-01
3.099770e+03 0.000000e+00 1.000000e+00 1.000000e-01
3.099780e+03 0.000000e+00 1.000000e+00 1.000000e-01
3.099790e+03 0.000000e+00 1.000000e+00 1.000000e-01
3.099800e+03 0.000000e+00 1.000000e+00 1.000000e-01
3.099810e+03 0.000000e+00 1.000000e+00 1.000000e-01
3.099820e+03 0.000000e+00 1.000000e+00 1.000000e-01
3.099830e+03 0.000000e+00 1.000000e+00 1.000000e-01
3.099840e+03 0.000000e+00 1.000000e+00 1.000000e-01
3.099850e+03 0.000000e+00 1.000000e+00 1.000000e-01
3.099860e+03 0.000000e+00 1.000000e+00 1.000000e-01
3.099870e+03 0.000000e+00 1.000000e+00 1.000000e-01
3.099880e+03 0.000000e+00 1.000000e+00 1.000000e-01
3.099890e+03 0.000000e+00 1.000000e+00 1.000000e-01
3.099900e+03 0.000000e+00 1.000000e+00 1.000000e-01
3.099910e+03 0.000000e+00 1.000000e+00 1.000000e-01
3.099920e+03 0.000000e+00 1.000000e+00 1.000000e-01
3.099930e+03 0.000000e+00 1.000000e+00 1.000000e-01
3.099940e+03 0.000000e+00 1.000000e+00 1.000000e-01
3.099950e+03 0.000000e+00 1.000000e+00 1.000000e-01
3.099960e+03 0.000000e+00 1.000000e+00 1.000000e-01
3.099970e+03 0.000000e+00 1.000000e+00 1.000000e-01
3.099980e+03 0.000000e+00 1.000000e+00 1.000000e-01
3.099990e+03 0.000000e+00 1.000000e+00 1.000000e-01
3.100000e+03 0.000000e+00 1.000000e+00 1.000000e-01
3.100010e+03 0.000000e+00 1.000000e+00 1.000000e-01
3.100020e+03 0.000000e+00 1.000000e+00 1.000000e-01
3.100030e+03 0.000000e+00 1.000000e+00 1.000000e-01
3.100040e+03 0.000000e+00 1.000000e+00 1.000000e-01
3.100050e+03 0.000000e+00 1.000000e+00 1.000000e-01
3.100060e+03 0.000000e+00 1.000000e+00 1.000000e-01
3.100070e+03 0.000000e+00 1.000000e+00 1.000000e-01
3.100080e+03 0.000000e+00 1.000000e+00 1.000000e-01
3.100090e+03 0.000000e+00 1.000000e+00 1.000000e-01
3.100100e+03 0.000000e+00 1.000000e+00 1.000000e-01
3.100110e+03 0.000000e+00 1.000000e+00 1.000000e-01
3.100120e+03 0.000000e+00 1.000000e+00 1.000000e-01
3.100130e+03 0.000000e+00 1.000000e+00 1.000000e-01
3.100140e+03 0.000000e+00 1.000000e+00 1.000000e-01
3.100150e+03 0.000000e+00 1.000000e+00 1.000000e-01
3.100160e+03 0.000000e+00 1.000000e+00 1.000000e-01
3.100170e+03 0.000000e+00 1.000000e+00 1.000000e-01
3.100180e+03 0.000000e+00 1.000000e+00 1.000000e-01
3.100190e+03 0.000000e+00 1.000000e+00 1.000000e-01
3.100200e+03 0.000000e+00 1.000000e+00 1.000000e-01
3.100210e+03 0.000000e+00 1.000000e+00 1.000000e-01
3.100220e+03 0.000000e+00 1.000000e+00 1.000000e-01
3.100230e+03 0.000000e+00 1.000000e+00 1.000000e-01
3.100240e+03 0.000000e+00 1.000000e+00 1.000000e-01
3.100250e+03 0.000000e+00 1.000000e+00 1.000000e-01
3.100260e+03 0.000000e+00 1.000000e+00 1.000000e-01
3.100270e+03 0.000000e+00 1.000000e+00 1.000000e-01
3.100280e+03 0.000000e+00 1.000000e+00 1.000000e-01
3.100290e+03 0.000000e+00 1.000000e+00 1.000000e-01
3.100300e+03 0.000000e+00 1.000000e+00 1.000000e-01
3.100310e+03 0.000000e+00 1.000000e+00 1.000000e-01
3.100320e+03 0.000000e+00 1.000000e+00 1.000000e-01
3.100330e+03 0.000000e+00 1.000000e+00 1.000000e-01
3.100340e+03 0.000000e+00 1.000000e+00 1.000000e-01
3.100350e+03 0.000000e+00 1.000000e+00 1.000000e-01
3.100360e+03 0.000000e+00 1.000000e+00 1.000000e-01
3.100370e+03 0.000000e+00 1.000000e+00 1.000000e-01
3.100380e+03 0.000000e+00 1.000000e+00 1.000000e-01
3.100390e+03 0.000000e+00 1.000000e+00 1.000000e-01
3.100400e+03 0.000000e+00 1.000000e+00 1.000000e-01
3.100410e+03 0.000000e+00 1.000000e+00 1.000000e-01
3.100420e+03 0.000000e+00 1.000000e+00 1.000000e-01
3.100430e+03 0.000000e+00 1.000000e+00 1.000000e-01
3.100440e+03 0.000000e+00 1.000000e+00 1.000000e-01
3.100450e+03 0.000000e+00 1.000000e+00 1.000000e-01
3.100460e+03 0.000000e+00 1.000000e+00 1.000000e-01
3.100470e+03 0.000000e+00 1.000000e+00 1.000000e-01
3.100480e+03 0.000000e+00 1.000000e+00 1.000000e-01
3.100490e+03 0.000000e+00 1.000000e+00 1.000000e-01
3.100500e+03 0.000000e+00 1.000000e+00 1.000000e-01
3.100510e+03 0.000000e+00 1.000000e+00 1.000000e-01
3.100520e+03 0.000000e+00 1.000000e+00 1.000000e-01
3.100530e+03 0.000000e+00 1.000000e+00 1.000000e-01
3.100540e+03 0.000000e+00 1.000000e+00 1.000000e-01
3.100550e+03 0.000000e+00 1.000000e+00 1.000000e-01
3.100560e+03 0.000000e+00 1.000000e+00 1.000000e-01
3.100570e+03 0.000000e+00 1.000000e+00 1.000000e-01
3.100580e+03 0.000000e+00 1.000000e+00 1.000000e-01
3.100590e+03 0.000000e+00 1.000000e+00 1.000000e-01
3.100600e+03 0.000000e+00 1.000000e+00 1.000000e-01
3.100610e+03 0.000000e+00 1.000000e+00 1.000000e-01
3.100620e+03 0.000000e+00 1.000000e+00 1.000000e-01
3.100630e+03 0.000000e+00 1.000000e+00 1.000000e-01
3.100640e+03 0.000000e+00 1.000000e+00 1.000000e-01
3.100650e+03 0.000000e+00 1.000000e+00 1.000000e-01
3.100660e+03 0.000000e+00 1.000000e+00 1.000000e-01
3.100670e+03 0.000000e+00 1.000000e+00 1.000000e-01
3.100680e+03 0.000000e+00 1.000000e+00 1.000000e-01
3.100690e+03 0.000000e+00 1.000000e+00 1.000000e-01
3.100700e+03 0.000000e+00 1.000000e+00 1.000000e-01
3.100710e+03 0.000000e+00 1.000000e+00 1.000000e-01
3.100720e+03 0.000000e+00 1.000000e+00 1.000000e-01
3.100730e+03 0.000000e+00 1.000000e+00 1.000000e-01
3.100740e+03 0.000000e+00 1.000000e+00 1.000000e-01
3.100750e+03 0.000000e+00 1.000000e+00 1.000000e-01
3.100760e+03 0.000000e+00 1.000000e+00 1.000000e-01
3.100770e+03 0.000000e+00 1.000000e+00 1.000000e-01
3.100780e+03 0.000000e+00 1.000000e+00 1.000000e-01
3.100790e+03 0.000000e+00 1.000000e+00 1.000000e-01
3.100800e+03 0.000000e+00 1.000000e+00 1.000000e-01
3.100810e+03 0.000000e+00 1.000000e+00 1.000000e-01
3.100820e+03 0.000000e+00 1.000000e+00 1.000000e-01
3.100830e+03 0.000000e+00 1.000000e+00 1.000000e-01
3.100840e+03 0.000000e+00 1.000000e+00 1.000000e-01
3.100850e+03 0.000000e+00 1.000000e+00 1.000000e-01
3.100860e+03 0.000000e+00 1.000000e+00 1.000000e-01
3.100870e+03 0.000000e+00 1.000000e+00 1.000000e-01
3.100880e+03 0.000000e+00 1.000000e+00 1.000000e-01
3.100890e+03 0.000000e+00 1.000000e+00 1.000000e-01
3.100900e+03 0.000000e+00 1.000000e+00 1.000000e-01
3.100910e+03 0.000000e+00 1.000000e+00 1.000000e-01
3.100920e+03 0.000000e+00 1.000000e+00 1.000000e-01
3.100930e+03 0.000000e+00 1.000000e+00 1.000000e-01
3.100940e+03 0.000000e+00 1.000000e+00 1.000000e-01
3.100950e+03 0.000000e+00 1.000000e+00 1.000000e-01
3.100960e+03 0.000000e+00 1.000000e+00 1.000000e-01
3.100970e+03 0.000000e+00 1.000000e+00 1.000000e-01
3.100980e+03 0.000000e+00 1.000000e+00 1.000000e-01
3.100990e+03 0.000000e+00 1.000000e+00 1.000000e-01
3.101000e+03 0.000000e+00 1.000000e+00 1.000000e-01
3.101010e+03 0.000000e+00 1.000000e+00 1.000000e-01
3.101020e+03 0.000000e+00 1.000000e+00 1.000000e-01
3.101030e+03 0.000000e+00 1.000000e+00 1.000000e-01
3.101040e+03 0.000000e+00 1.000000e+00 1.000000e-01
3.101050e+03 0.000000e+00 1.000000e+00 1.000000e-01
3.101060e+03 0.000000e+00 1.000000e+00 1.000000e-01
3.101070e+03 0.000000e+00 1.000000e+00 1.000000e-01
3.101080e+03 0.000000e+00 1.000000e+00 1.000000e-01
3.101090e+03 0.000000e+00 1.000000e+00 1.000000e-01
3.101100e+03 0.000000e+00 1.000000e+00 1.000000e-01
3.101110e+03 0.000000e+00 1.000000e+00 1.000000e-01
3.101120e+03 0.000000e+00 1.000000e+00 1.000000e-01
3.101130e+03 0.000000e+00 1.000000e+00 1.000000e-01
3.101140e+03 0.000000e+00 1.000000e+00 1.000000e-01
3.101150e+03 0.000000e+00 1.000000e+00 1.000000e-01
3.101160e+03 0.000000e+00 1.000000e+00 1.000000e-01
3.101170e+03 0.000000e+00 1.000000e+00 1.000000e-01
3.101180e+03 0.000000e+00 1.000000e+00 1.000000e-01
3.101190e+03 0.000000e+00 1.000000e+00 1.000000e-01
3.101200e+03 0.000000e+00 1.000000e+00 1.000000e-01
3.101210e+03 0.000000e+00 1.000000e+00 1.000000e-01
3.101220e+03 0.000000e+00 1.000000e+00 1.000000e-01
3.101230e+03 0.000000e+00 1.000000e+00 1.000000e-01
3.101240e+03 0.000000e+00 1.000000e+00 1.000000e-01
3.101250e+03 0.000000e+00 1.000000e+00 1.000000e-01
3.101260e+03 0.000000e+00 1.000000e+00 1.000000e-01
3.101270e+03 0.000000e+00 1.000000e+00 1.000000e-01
3.101280e+03 0.000000e+00 1.000000e+00 1.000000e-01
3.101290e+03 0.000000e+00 1.000000e+00 1.000000e-01
3.101300e+03 0.000000e+00 1.000000e+00 1.000000e-01
3.101310e+03 0.000000e+00 1.000000e+00 1.000000e-01
3.101320e+03 0.000000e+00 1.000000e+00 1.000000e-01
3.101330e+03 0.000000e+00 1.000000e+00 1.000000e-01
3.101340e+03 0.000000e+00 1.000000e+00 1.000000e-01
3.101350e+03 0.000000e+00 1.000000e+00 1.000000e-01
3.101360e+03 0.000000e+00 1.000000e+00 1.000000e-01
3.101370e+03 0.000000e+00 1.000000e+00 1.000000e-01
3.101380e+03 0.000000e+00 1.000000e+00 1.000000e-01
3.101390e+03 0.000000e+00 1.000000e+00 1.000000e-01
3.101400e+03 0.000000e+00 1.000000e+00 1.000000e-01
3.101410e+03 0.000000e+00 1.000000e+00 1.000000e-01
3.101420e+03 0.000000e+00 1.000000e+00 1.000000e-01
3.101430e+03 0.000000e+00 1.000000e+00 1.000000e-01
3.101440e+03 0.000000e+00 1.000000e+00 1.000000e-01
3.101450e+03 0.000000e+00 1.000000e+00 1.000000e-01
3.101460e+03 0.000000e+00 1.000000e+00 1.000000e-01
3.101470e+03 0.000000e+00 1.000000e+00 1.000000e-01
3.101480e+03 0.000000e+00 1.000000e+00 1.000000e-01
3.101490e+03 0.000000e+00 1.000000e+00 1.000000e-01
3.101500e+03 0.000000e+00 1.000000e+00 1.000000e-01
3.101510e+03 0.000000e+00 1.000000e+00 1.000000e-01
3.101520e+03 0.000000e+00 1.000000e+00 1.000000e-01
3.101530e+03 0.000000e+00 1.000000e+00 1.000000e-01
3.101540e+03 0.000000e+00 1.000000e+00 1.000000e-01
3.101550e+03 0.000000e+00 1.000000e+00 1.000000e-01
3.101560e+03 0.000000e+00 1.000000e+00 1.000000e-01
3.101570e+03 0.000000e+00 1.000000e+00 1.000000e-01
3.101580e+03 0.000000e+00 1.000000e+00 1.000000e-01
3.101590e+03 0.000000e+00 1.000000e+00 1.000000e-01
3.101600e+03 0.000000e+00 1.000000e+00 1.000000e-01
3.101610e+03 0.000000e+00 1.000000e+00 1.000000e-01
3.101620e+03 0.000000e+00 1.000000e+00 1.000000e-01
3.101630e+03 0.000000e+00 1.000000e+00 1.000000e-01
3.101640e+03 0.000000e+00 1.000000e+00 1.000000e-01
3.101650e+03 0.000000e+00 1.000000e+00 1.000000e-01
3.101660e+03 0.000000e+00 1.000000e+00 1.000000e-01
3.101670e+03 0.000000e+00 1.000000e+00 1.000000e-01
3.101680e+03 0.000000e+00 1.000000e+00 1.000000e-01
3.101690e+03 0.000000e+00 1.000000e+00 1.000000e-01
3.101700e+03 0.000000e+00 1.000000e+00 1.000000e-01
3.101710e+03 0.000000e+00 1.000000e+00 1.000000e-01
3.101720e+03 0.000000e+00 1.000000e+00 1.000000e-01
3.101730e+03 0.000000e+00 1.000000e+00 1.000000e-01
3.101740e+03 0.000000e+00 1.000000e+00 1.000000e-01
3.101750e+03 0.000000e+00 1.000000e+00 1.000000e-01
3.101760e+03 0.000000e+00 1.000000e+00 1.000000e-01
3.101770e+03 0.000000e+00 1.000000e+00 1.000000e-01
3.101780e+03 0.000000e+00 1.000000e+00 1.000000e-01
3.101790e+03 0.000000e+00 1.000000e+00 1.000000e-01
3.101800e+03 0.000000e+00 1.000000e+00 1.000000e-01
3.101810e+03 0.000000e+00 1.000000e+00 1.000000e-01
3.101820e+03 0.000000e+00 1.000000e+00 1.000000e-01
3.101830e+03 0.000000e+00 1.000000e+00 1.000000e-01
3.101840e+03 0.000000e+00 1.000000e+00 1.000000e-01
3.101850e+03 0.000000e+00 1.000000e+00 1.000000e-01
3.101860e+03 0.000000e+00 1.000000e+00 1.000000e-01
3.101870e+03 0.000000e+00 1.000000e+00 1.000000e-01
3.101880e+03 0.000000e+00 1.000000e+00 1.000000e-01
3.101890e+03 0.000000e+00 1.000000e+00 1.000000e-01
3.101900e+03 0.000000e+00 1.000000e+00 1.000000e-01
3.101910e+03 0.000000e+00 1.000000e+00 1.000000e-01
3.101920e+03 0.000000e+00 1.000000e+00 1.000000e-01
3.101930e+03 0.000000e+00 1.000000e+00 1.000000e-01
3.101940e+03 0.000000e+00 1.000000e+00 1.000000e-01
3.101950e+03 0.000000e+00 1.000000e+00 1.000000e-01
3.101960e+03 0.000000e+00 1.000000e+00 1.000000e-01
3.101970e+03 0.000000e+00 1.000000e+00 1.000000e-01
3.101980e+03 0.000000e+00 1.000000e+00 1.000000e-01
3.101990e+03 0.000000e+00 1.000000e+00 1.000000e-01
3.102000e+03 0.000000e+00 1.000000e+00 1.000000e-01
3.102010e+03 0.000000e+00 1.000000e+00 1.000000e-01
3.102020e+03 0.000000e+00 1.000000e+00 1.000000e-01
3.102030e+03 0.000000e+00 1.000000e+00 1.000000e-01
3.102040e+03 0.000000e+00 1.000000e+00 1.000000e-01
3.102050e+03 0.000000e+00 1.000000e+00 1.000000e-01
3.102060e+03 0.000000e+00 1.000000e+00 1.000000e-01
3.102070e+03 0.000000e+00 1.000000e+00 1.000000e-01
3.102080e+03 0.000000e+00 1.000000e+00 1.000000e-01
3.102090e+03 0.000000e+00 1.000000e+00 1.000000e-01
3.102100e+03 0.000000e+00 1.000000e+00 1.000000e-01
3.102110e+03 0.000000e+00 1.000000e+00 1.000000e-01
3.102120e+03 0.000000e+00 1.000000e+00 1.000000e-01
3.102130e+03 0.000000e+00 1.000000e+00 1.000000e-01
3.102140e+03 0.000000e+00 1.000000e+00 1.000000e-01
3.102150e+03 0.000000e+00 1.000000e+00 1.000000e-01
3.102160e+03 0.000000e+00 1.000000e+00 1.000000e-01
3.102170e+03 0.000000e+00 1.000000e+00 1.000000e-01
3.102180e+03 0.000000e+00 1.000000e+00 1.000000e-01
3.102190e+03 0.000000e+00 1.000000e+00 1.000000e-01
3.102200e+03 0.000000e+00 1.000000e+00 1.000000e-01
3.102210e+03 0.000000e+00 1.000000e+00 1.000000e-01
3.102220e+03 0.000000e+00 1.000000e+00 1.000000e-01
3.102230e+03 0.000000e+00 1.000000e+00 1.000000e-01
3.102240e+03 0.000000e+00 1.000000e+00 1.000000e-01
3.102250e+03 0.000000e+00 1.000000e+00 1.000000e-01
3.102260e+03 0.000000e+00 1.000000e+00 1.000000e-01
3.102270e+03 0.000000e+00 1.000000e+00 1.000000e-01
3.102280e+03 0.000000e+00 1.000000e+00 1.000000e-01
3.102290e+03 0.000000e+00 1.000000e+00 1.000000e-01
3.102300e+03 0.000000e+00 1.000000e+00 1.000000e-01
3.102310e+03 0.000000e+00 1.000000e+00 1.000000e-01
3.102320e+03 0.000000e+00 1.000000e+00 1.000000e-01
3.102330e+03 0.000000e+00 1.000000e+00 1.000000e-01
3.102340e+03 0.000000e+00 1.000000e+00 1.000000e-01
3.102350e+03 0.000000e+00 1.000000e+00 1.000000e-01
3.102360e+03 0.000000e+00 1.000000e+00 1.000000e-01
3.102370e+03 0.000000e+00 1.000000e+00 1.000000e-01
3.102380e+03 0.000000e+00 1.000000e+00 1.000000e-01
3.102390e+03 0.000000e+00 1.000000e+00 1.000000e-01
3.102400e+03 0.000000e+00 1.000000e+00 1.000000e-01
3.102410e+03 0.000000e+00 1.000000e+00 1.000000e-01
3.102420e+03 0.000000e+00 1.000000e+00 1.000000e-01
3.102430e+03 0.000000e+00 1.000000e+00 1.000000e-01
3.102440e+03 0.000000e+00 1.000000e+00 1.000000e-01
3.102450e+03 0.000000e+00 1.000000e+00 1.000000e-01
3.102460e+03 0.000000e+00 1.000000e+00 1.000000e-01
3.102470e+03 0.000000e+00 1.000000e+00 1.000000e-01
3.102480e+03 0.000000e+00 1.000000e+00 1.000000e-01
3.102490e+03 0.000000e+00 1.000000e+00 1.000000e-01
3.102500e+03 0.000000e+00 1.000000e+00 1.000000e-01
3.102510e+03 0.000000e+00 1.000000e+00 1.000000e-01
3.102520e+03 0.000000e+00 1.000000e+00 1.000000e-01
3.102530e+03 0.000000e+00 1.000000e+00 1.000000e-01
3.102540e+03 0.000000e+00 1.000000e+00 1.000000e-01
3.102550e+03 0.000000e+00 1.000000e+00 1.000000e-01
3.102560e+03 0.000000e+00 1.000000e+00 1.000000e-01
3.102570e+03 0.000000e+00 1.000000e+00 1.000000e-01
3.102580e+03 0.000000e+00 1.000000e+00 1.000000e-01
3.102590e+03 0.000000e+00 1.000000e+00 1.000000e-01
3.102600e+03 0.000000e+00 1.000000e+00 1.000000e-01
3.102610e+03 0.000000e+00 1.000000e+00 1.000000e-01
3.102620e+03 0.000000e+00 1.000000e+00 1.000000e-01
3.102630e+03 0.000000e+00 1.000000e+00 1.000000e-01
3.102640e+03 0.000000e+00 1.000000e+00 1.000000e-01
3.102650e+03 0.000000e+00 1.000000e+00 1.000000e-01
3.102660e+03 0.000000e+00 1.000000e+00 1.000000e-01
3.102670e+03 0.000000e+00 1.000000e+00 1.000000e-01
3.102680e+03 0.000000e+00 1.000000e+00 1.000000e-01
3.102690e+03 0.000000e+00 1.000000e+00 1.000000e-01
3.102700e+03 0.000000e+00 1.000000e+00 1.000000e-01
3.102710e+03 0.000000e+00 1.000000e+00 1.000000e-01
3.102720e+03 0.000000e+00 1.000000e+00 1.000000e-01
3.102730e+03 0.000000e+00 1.000000e+00 1.000000e-01
3.102740e+03 0.000000e+00 1.000000e+00 1.000000e-01
3.102750e+03 0.000000e+00 1.000000e+00 1.000000e-01
3.102760e+03 0.000000e+00 1.000000e+00 1.000000e-01
3.102770e+03 0.000000e+00 1.000000e+00 1.000000e-01
3.102780e+03 0.000000e+00 1.000000e+00 1.000000e-01
3.102790e+03 0.000000e+00 1.000000e+00 1.000000e-01
3.102800e+03 0.000000e+00 1.000000e+00 1.000000e-01
3.102810e+03 0.000000e+00 1.000000e+00 1.000000e-01
3.102820e+03 0.000000e+00 1.000000e+00 1.000000e-01
3.102830e+03 0.000000e+00 1.000000e+00 1.000000e-01
3.102840e+03 0.000000e+00 1.000000e+00 1.000000e-01
3.102850e+03 0.000000e+00 1.000000e+00 1.000000e-01
3.102860e+03 0.000000e+00 1.000000e+00 1.000000e-01
3.102870e+03 0.000000e+00 1.000000e+00 1.000000e-01
3.102880e+03 0.000000e+00 1.000000e+00 1.000000e-01
3.102890e+03 0.000000e+00 1.000000e+00 1.000000e-01
3.102900e+03 0.000000e+00 1.000000e+00 1.000000e-01
3.102910e+03 0.000000e+00 1.000000e+00 1.000000e-01
3.102920e+03 0.000000e+00 1.000000e+00 1.000000e-01
3.102930e+03 0.000000e+00 1.000000e+00 1.000000e-01
3.102940e+03 0.000000e+00 1.000000e+00 1.000000e-01
3.102950e+03 0.000000e+00 1.000000e+00 1.000000e-01
3.102960e+03 0.000000e+00 1.000000e+00 1.000000e-01
3.102970e+03 0.000000e+00 1.000000e+00 1.000000e-01
3.102980e+03 0.000000e+00 1.000000e+00 1.000000e-01
3.102990e+03 0.000000e+00 1.000000e+00 1.000000e-01
3.103000e+03 0.000000e+00 1.000000e+00 1.000000e-01
3.103010e+03 0.000000e+00 1.000000e+00 1.000000e-01
3.103020e+03 0.000000e+00 1.000000e+00 1.000000e-01
3.103030e+03 0.000000e+00 1.000000e+00 1.000000e-01
3.103040e+03 0.000000e+00 1.000000e+00 1.000000e-01
3.103050e+03 0.000000e+00 1.000000e+00 1.000000e-01
3.103060e+03 0.000000e+00 1.000000e+00 1.000000e-01
3.103070e+03 0.000000e+00 1.000000e+00 1.000000e-01
3.103080e+03 0.000000e+00 1.000000e+00 1.000000e-01
3.103090e+03 0.000000e+00 1.000000e+00 1.000000e-01
3.103100e+03 0.000000e+00 1.000000e+00 1.000000e-01
3.103110e+03 0.000000e+00 1.000000e+00 1.000000e-01
3.103120e+03 0.000000e+00 1.000000e+00 1.000000e-01
3.103130e+03 0.000000e+00 1.000000e+00 1.000000e-01
3.103140e+03 0.000000e+00 1.000000e+00 1.000000e-01
3.103150e+03 0.000000e+00 1.000000e+00 1.000000e-01
3.103160e+03 0.000000e+00 1.000000e+00 1.000000e-01
3.103170e+03 0.000000e+00 1.000000e+00 1.000000e-01
3.103180e+03 0.000000e+00 1.000000e+00 1.000000e-01
3.103190e+03 0.000000e+00 1.000000e+00 1.000000e-01
3.103200e+03 0.000000e+00 1.000000e+00 1.000000e-01
3.103210e+03 0.000000e+00 1.000000e+00 1.000000e-01
3.103220e+03 0.000000e+00 1.000000e+00 1.000000e-01
3.103230e+03 0.000000e+00 1.000000e+00 1.000000e-01
3.103240e+03 0.000000e+00 1.000000e+00 1.000000e-01
3.103250e+03 0.000000e+00 1.000000e+00 1.000000e-01
3.103260e+03 0.000000e+00 1.000000e+00 1.000000e-01
3.103270e+03 0.000000e+00 1.000000e+00 1.000000e-01
3.103280e+03 0.000000e+00 1.000000e+00 1.000000e-01
3.103290e+03 0.000000e+00 1.000000e+00 1.000000e-01
3.103300e+03 0.000000e+00 1.000000e+00 1.000000e-01
3.103310e+03 0.000000e+00 1.000000e+00 1.000000e-01
3.103320e+03 0.000000e+00 1.000000e+00 1.000000e-01
3.103330e+03 0.000000e+00 1.000000e+00 1.000000e-01
3.103340e+03 0.000000e+00 1.000000e+00 1.000000e-01
3.103350e+03 0.000000e+00 1.000000e+00 1.000000e-01
3.103360e+03 0.000000e+00 1.000000e+00 1.000000e-01
3.103370e+03 0.000000e+00 1.000000e+00 1.000000e-01
3.103380e+03 0.000000e+00 1.000000e+00 1.000000e-01
3.103390e+03 0.000000e+00 1.000000e+00 1.000000e-01
3.103400e+03 0.000000e+00 1.000000e+00 1.000000e-01
3.103410e+03 0.000000e+00 1.000000e+00 1.000000e-01
3.103420e+03 0.000000e+00 1.000000e+00 1.000000e-01
3.103430e+03 0.000000e+00 1.000000e+00 1.000000e-01
3.103440e+03 0.000000e+00 1.000000e+00 1.000000e-01
3.103450e+03 0.000000e+00 1.000000e+00 1.000000e-01
3.103460e+03 0.000000e+00 1.000000e+00 1.000000e-01
3.103470e+03 0.000000e+00 1.000000e+00 1.000000e-01
3.103480e+03 0.000000e+00 1.000000e+00 1.000000e-01
3.103490e+03 0.000000e+00 1.000000e+00 1.000000e-01
3.103500e+03 0.000000e+00 1.000000e+00 1.000000e-01
3.103510e+03 0.000000e+00 1.000000e+00 1.000000e-01
3.103520e+03 0.000000e+00 1.000000e+00 1.000000e-01
3.103530e+03 0.000000e+00 1.000000e+00 1.000000e-01
3.103540e+03 0.000000e+00 1.000000e+00 1.000000e-01
3.103550e+03 0.000000e+00 1.000000e+00 1.000000e-01
3.103560e+03 0.000000e+00 1.000000e+00 1.000000e-01
3.103570e+03 0.000000e+00 1.000000e+00 1.000000e-01
3.103580e+03 0.000000e+00 1.000000e+00 1.000000e-01
3.103590e+03 0.000000e+00 1.000000e+00 1.000000e-01
3.103600e+03 0.000000e+00 1.000000e+00 1.000000e-01
3.103610e+03 0.000000e+00 1.000000e+00 1.000000e-01
3.103620e+03 0.000000e+00 1.000000e+00 1.000000e-01
3.103630e+03 0.000000e+00 1.000000e+00 1.000000e-01
3.103640e+03 0.000000e+00 1.000000e+00 1.000000e-01
3.103650e+03 0.000000e+00 1.000000e+00 1.000000e-01
3.103660e+03 0.000000e+00 1.000000e+00 1.000000e-01
3.103670e+03 0.000000e+00 1.000000e+00 1.000000e-01
3.103680e+03 0.000000e+00 1.000000e+00 1.000000e-01
3.103690e+03 0.000000e+00 1.000000e+00 1.000000e-01
3.103700e+03 0.000000e+00 1.000000e+00 1.000000e-01
3.103710e+03 0.000000e+00 1.000000e+00 1.000000e-01
3.103720e+03 0.000000e+00 1.000000e+00 1.000000e-01
3.103730e+03 0.000000e+00 1.000000e+00 1.000000e-01
3.103740e+03 0.000000e+00 1.000000e+00 1.000000e-01
3.103750e+03 0.000000e+00 1.000000e+00 1.000000e-01
3.103760e+03 0.000000e+00 1.000000e+00 1.000000e-01
3.103770e+03 0.000000e+00 1.000000e+00 1.000000e-01
3.103780e+03 0.000000e+00 1.000000e+00 1.000000e-01
3.103790e+03 0.000000e+00 1.000000e+00 1.000000e-01
3.103800e+03 0.000000e+00 1.000000e+00 1.000000e-01
3.103810e+03 0.000000e+00 1.000000e+00 1.000000e-01
3.103820e+03 0.000000e+00 1.000000e+00 1.000000e-01
3.103830e+03 0.000000e+00 1.000000e+00 1.000000e-01
3.103840e+03 0.000000e+00 1.000000e+00 1.000000e-01
3.103850e+03 0.000000e+00 1.000000e+00 1.000000e-01
3.103860e+03 0.000000e+00 1.000000e+00 1.000000e-01
3.103870e+03 0.000000e+00 1.000000e+00 1.000000e-01
3.103880e+03 0.000000e+00 1.000000e+00 1.000000e-01
3.103890e+03 0.000000e+00 1.000000e+00 1.000000e-01
3.103900e+03 0.000000e+00 1.000000e+00 1.000000e-01
3.103910e+03 0.000000e+00 1.000000e+00 1.000000e-01
3.103920e+03 0.000000e+00 1.000000e+00 1.000000e-01
3.103930e+03 0.000000e+00 1.000000e+00 1.000000e-01
3.103940e+03 0.000000e+00 1.000000e+00 1.000000e-01
3.103950e+03 0.000000e+00 1.000000e+00 1.000000e-01
3.103960e+03 0.000000e+00 1.000000e+00 1.000000e-01
3.103970e+03 0.000000e+00 1.000000e+00 1.000000e-01
3.103980e+03 0.000000e+00 1.000000e+00 1.000000e-01
3.103990e+03 0.000000e+00 1.000000e+00 1.000000e-01
3.104000e+03 0.000000e+00 1.000000e+00 1.000000e-01
3.104010e+03 0.000000e+00 1.000000e+00 1.000000e-01
3.104020e+03 0.000000e+00 1.000000e+00 1.000000e-01
3.104030e+03 0.000000e+00 1.000000e+00 1.000000e-01
3.104040e+03 0.000000e+00 1.000000e+00 1.000000e-01
3.104050e+03 0.000000e+00 1.000000e+00 1.000000e-01
3.104060e+03 0.000000e+00 1.000000e+00 1.000000e-01
3.104070e+03 0.000000e+00 1.000000e+00 1.000000e-01
3.104080e+03 0.000000e+00 1.000000e+00 1.000000e-01
3.104090e+03 0.000000e+00 1.000000e+00 1.000000e-01
3.104100e+03 0.000000e+00 1.000000e+00 1.000000e-01
3.104110e+03 0.000000e+00 1.000000e+00 1.000000e-01
3.104120e+03 0.000000e+00 1.000000e+00 1.000000e-01
3.104130e+03 0.000000e+00 1.000000e+00 1.000000e-01
3.104140e+03 0.000000e+00 1.000000e+00 1.000000e-01
3.104150e+03 0.000000e+00 1.000000e+00 1.000000e-01
3.104160e+03 0.000000e+00 1.000000e+00 1.000000e-01
3.104170e+03 0.000000e+00 1.000000e+00 1.000000e-01
3.104180e+03 0.000000e+00 1.000000e+00 1.000000e-01
3.104190e+03 0.000000e+00 1.000000e+00 1.000000e-01
3.104200e+03 0.000000e+00 1.000000e+00 1.000000e-01
3.104210e+03 0.000000e+00 1.000000e+00 1.000000e-01
3.104220e+03 0.000000e+00 1.000000e+00 1.000000e-01
3.104230e+03 0.000000e+00 1.000000e+00 1.000000e-01
3.104240e+03 0.000000e+00 1.000000e+00 1.000000e-01
3.104250e+03 0.000000e+00 1.000000e+00 1.000000e-01
3.104260e+03 0.000000e+00 1.000000e+00 1.000000e-01
3.104270e+03 0.000000e+00 1.000000e+00 1.000000e-01
3.104280e+03 0.000000e+00 1.000000e+00 1.000000e-01
3.104290e+03 0.000000e+00 1.000000e+00 1.000000e-01
3.104300e+03 0.000000e+00 1.000000e+00 1.000000e-01
3.104310e+03 0.000000e+00 1.000000e+00 1.000000e-01
3.104320e+03 0.000000e+00 1.000000e+00 1.000000e-01
3.104330e+03 0.000000e+00 1.000000e+00 1.000000e-01
3.104340e+03 0.000000e+00 1.000000e+00 1.000000e-01
3.104350e+03 0.000000e+00 1.000000e+00 1.000000e-01
3.104360e+03 0.000000e+00 1.000000e+00 1.000000e-01
3.104370e+03 0.000000e+00 1.000000e+00 1.000000e-01
3.104380e+03 0.000000e+00 1.000000e+00 1.000000e-01
3.104390e+03 0.000000e+00 1.000000e+00 1.000000e-01
3.104400e+03 0.000000e+00 1.000000e+00 1.000000e-01
3.104410e+03 0.000000e+00 1.000000e+00 1.000000e-01
3.104420e+03 0.000000e+00 1.000000e+00 1.000000e-01
3.104430e+03 0.000000e+00 1.000000e+00 1.000000e-01
3.104440e+03 0.000000e+00 1.000000e+00 1.000000e-01
3.104450e+03 0.000000e+00 1.000000e+00 1.000000e-01
3.104460e+03 0.000000e+00 1.000000e+00 1.000000e-01
3.104470e+03 0.000000e+00 1.000000e+00 1.000000e-01
3.104480e+03 0.000000e+00 1.000000e+00 1.000000e-01
3.104490e+03 0.000000e+00 1.000000e+00 1.000000e-01
3.104500e+03 0.000000e+00 1.000000e+00 1.000000e-01
3.104510e+03 0.000000e+00 1.000000e+00 1.000000e-01
3.104520e+03 0.000000e+00 1.000000e+00 1.000000e-01
3.104530e+03 0.000000e+00 1.000000e+00 1.000000e-01
3.104540e+03 0.000000e+00 1.000000e+00 1.000000e-01
3.104550e+03 0.000000e+00 1.000000e+00 1.000000e-01
3.104560e+03 0.000000e+00 1.000000e+00 1.000000e-01
3.104570e+03 0.000000e+00 1.000000e+00 1.000000e-01
3.104580e+03 0.000000e+00 1.000000e+00 1.000000e-01
3.104590e+03 0.000000e+00 1.000000e+00 1.000000e-01
3.104600e+03 0.000000e+00 1.000000e+00 1.000000e-01
3.104610e+03 0.000000e+00 1.000000e+00 1.000000e-01
3.104620e+03 0.000000e+00 1.000000e+00 1.000000e-01
3.104630e+03 0.000000e+00 1.000000e+00 1.000000e-01
3.104640e+03 0.000000e+00 1.000000e+00 1.000000e-01
3.104650e+03 0.000000e+00 1.000000e+00 1.000000e-01
3.104660e+03 0.000000e+00 1.000000e+00 1.000000e-01
3.104670e+03 0.000000e+00 1.000000e+00 1.000000e-01
3.104680e+03 0.000000e+00 1.000000e+00 1.000000e-01
3.104690e+03 0.000000e+00 1.000000e+00 1.000000e-01
3.104700e+03 0.000000e+00 1.000000e+00 1.000000e-01
3.104710e+03 0.000000e+00 1.000000e+00 1.000000e-01
3.104720e+03 0.000000e+00 1.000000e+00 1.000000e-01
3.104730e+03 0.000000e+00 1.000000e+00 1.000000e-01
3.104740e+03 0.000000e+00 1.000000e+00 1.000000e-01
3.104750e+03 0.000000e+00 1.000000e+00 1.000000e-01
3.104760e+03 0.000000e+00 1.000000e+00 1.000000e-01
3.104770e+03 0.000000e+00 1.000000e+00 1.000000e-01
3.104780e+03 0.000000e+00 1.000000e+00 1.000000e-01
3.104790e+03 0.000000e+00 1.000000e+00 1.000000e-01
3.104800e+03 0.000000e+00 1.000000e+00 1.000000e-01
3.104810e+03 0.000000e+00 1.000000e+00 1.000000e-01
3.104820e+03 0.000000e+00 1.000000e+00 1.000000e-01
3.104830e+03 0.000000e+00 1.000000e+00 1.000000e-01
3.104840e+03 0.000000e+00 1.000000e+00 1.000000e-01
3.104850e+03 0.000000e+00 1.000000e+00 1.000000e-01
3.104860e+03 0.000000e+00 1.000000e+00 1.000000e-01
3.104870e+03 0.000000e+00 1.000000e+00 1.000000e-01
3.104880e+03 0.000000e+00 1.000000e+00 1.000000e-01
3.104890e+03 0.000000e+00 1.000000e+00 1.000000e-01
3.104900e+03 0.000000e+00 1.000000e+00 1.000000e-01
3.104910e+03 0.000000e+00 1.000000e+00 1.000000e-01
3.104920e+03 0.000000e+00 1.000000e+00 1.000000e-01
3.104930e+03 0.000000e+00 1.000000e+00 1.000000e-01
3.104940e+03 0.000000e+00 1.000000e+00 1.000000e-01
3.104950e+03 0.000000e+00 1.000000e+00 1.000000e-01
3.104960e+03 0.000000e+00 1.000000e+00 1.000000e-01
3.104970e+03 0.000000e+00 1.000000e+00 1.000000e-01
3.104980e+03 0.000000e+00 1.000000e+00 1.000000e-01
3.104990e+03 0.000000e+00 1.000000e+00 1.000000e-01
3.105000e+03 0.000000e+00 1.000000e+00 1.000000e-01
3.105010e+03 0.000000e+00 1.000000e+00 1.000000e-01
3.105020e+03 0.000000e+00 1.000000e+00 1.000000e-01
3.105030e+03 0.000000e+00 1.000000e+00 1.000000e-01
3.105040e+03 0.000000e+00 1.000000e+00 1.000000e-01
3.105050e+03 0.000000e+00 1.000000e+00 1.000000e-01
3.105060e+03 0.000000e+00 1.000000e+00 1.000000e-01
3.105070e+03 0.000000e+00 1.000000e+00 1.000000e-01
3.105080e+03 0.000000e+00 1.000000e+00 1.000000e-01
3.105090e+03 0.000000e+00 1.000000e+00 1.000000e-01
3.105100e+03 0.000000e+00 1.000000e+00 1.000000e-01
3.105110e+03 0.000000e+00 1.000000e+00 1.000000e-01
3.105120e+03 0.000000e+00 1.000000e+00 1.000000e-01
3.105130e+03 0.000000e+00 1.000000e+00 1.000000e-01
3.105140e+03 0.000000e+00 1.000000e+00 1.000000e-01
3.105150e+03 0.000000e+00 1.000000e+00 1.000000e-01
3.105160e+03 0.000000e+00 1.000000e+00 1.000000e-01
3.105170e+03 0.000000e+00 1.000000e+00 1.000000e-01
3.105180e+03 0.000000e+00 1.000000e+00 1.000000e-01
3.105190e+03 0.000000e+00 1.000000e+00 1.000000e-01
3.105200e+03 0.000000e+00 1.000000e+00 1.000000e-01
3.105210e+03 0.000000e+00 1.000000e+00 1.000000e-01
3.105220e+03 0.000000e+00 1.000000e+00 1.000000e-01
3.105230e+03 0.000000e+00 1.000000e+00 1.000000e-01
3.105240e+03 0.000000e+00 1.000000e+00 1.000000e-01
3.105250e+03 0.000000e+00 1.000000e+00 1.000000e-01
3.105260e+03 0.000000e+00 1.000000e+00 1.000000e-01
3.105270e+03 0.000000e+00 1.000000e+00 1.000000e-01
3.105280e+03 0.000000e+00 1.000000e+00 1.000000e-01
3.105290e+03 0.000000e+00 1.000000e+00 1.000000e-01
3.105300e+03 0.000000e+00 1.000000e+00 1.000000e-01
3.105310e+03 0.000000e+00 1.000000e+00 1.000000e-01
3.105320e+03 0.000000e+00 1.000000e+00 1.000000e-01
3.105330e+03 0.000000e+00 1.000000e+00 1.000000e-01
3.105340e+03 0.000000e+00 1.000000e+00 1.000000e-01
3.105350e+03 0.000000e+00 1.000000e+00 1.000000e-01
3.105360e+03 0.000000e+00 1.000000e+00 1.000000e-01
3.105370e+03 0.000000e+00 1.000000e+00 1.000000e-01
3.105380e+03 0.000000e+00 1.000000e+00 1.000000e-01
3.105390e+03 0.000000e+00 1.000000e+00 1.000000e-01
3.105400e+03 0.000000e+00 1.000000e+00 1.000000e-01
3.105410e+03 0.000000e+00 1.000000e+00 1.000000e-01
3.105420e+03 0.000000e+00 1.000000e+00 1.000000e-01
3.105430e+03 0.000000e+00 1.000000e+00 1.000000e-01
3.105440e+03 0.000000e+00 1.000000e+00 1.000000e-01
3.105450e+03 0.000000e+00 1.000000e+00 1.000000e-01
3.105460e+03 0.000000e+00 1.000000e+00 1.000000e-01
3.105470e+03 0.000000e+00 1.000000e+00 1.000000e-01
3.105480e+03 0.000000e+00 1.000000e+00 1.000000e-01
3.105490e+03 0.000000e+00 1.000000e+00 1.000000e-01
3.105500e+03 0.000000e+00 1.000000e+00 1.000000e-01
3.105510e+03 0.000000e+00 1.000000e+00 1.000000e-01
3.105520e+03 0.000000e+00 1.000000e+00 1.000000e-01
3.105530e+03 0.000000e+00 1.000000e+00 1.000000e-01
3.105540e+03 0.000000e+00 1.000000e+00 1.000000e-01
3.105550e+03 0.000000e+00 1.000000e+00 1.000000e-01
3.105560e+03 0.000000e+00 1.000000e+00 1.000000e-01
3.105570e+03 0.000000e+00 1.000000e+00 1.000000e-01
3.105580e+03 0.000000e+00 1.000000e+00 1.000000e-01
3.105590e+03 0.000000e+00 1.000000e+00 1.000000e-01
3.105600e+03 0.000000e+00 1.000000e+00 1.000000e-01
3.105610e+03 0.000000e+00 1.000000e+00 1.000000e-01
3.105620e+03 0.000000e+00 1.000000e+00 1.000000e-01
3.105630e+03 0.000000e+00 1.000000e+00 1.000000e-01
3.105640e+03 0.000000e+00 1.000000e+00 1.000000e-01
3.105650e+03 0.000000e+00 1.000000e+00 1.000000e-01
3.105660e+03 0.000000e+00 1.000000e+00 1.000000e-01
3.105670e+03 0.000000e+00 1.000000e+00 1.000000e-01
3.105680e+03 0.000000e+00 1.000000e+00 1.000000e-01
3.105690e+03 0.000000e+00 1.000000e+00 1.000000e-01
3.105700e+03 0.000000e+00 1.000000e+00 1.000000e-01
3.105710e+03 0.000000e+00 1.000000e+00 1.000000e-01
3.105720e+03 0.000000e+00 1.000000e+00 1.000000e-01
3.105730e+03 0.000000e+00 1.000000e+00 1.000000e-01
3.105740e+03 0.000000e+00 1.000000e+00 1.000000e-01
3.105750e+03 0.000000e+00 1.000000e+00 1.000000e-01
3.105760e+03 0.000000e+00 1.000000e+00 1.000000e-01
3.105770e+03 0.000000e+00 1.000000e+00 1.000000e-01
3.105780e+03 0.000000e+00 1.000000e+00 1.000000e-01
3.105790e+03 0.000000e+00 1.000000e+00 1.000000e-01
3.105800e+03 0.000000e+00 1.000000e+00 1.000000e-01
3.105810e+03 0.000000e+00 1.000000e+00 1.000000e-01
3.105820e+03 0.000000e+00 1.000000e+00 1.000000e-01
3.105830e+03 0.000000e+00 1.000000e+00 1.000000e-01
3.105840e+03 0.000000e+00 1.000000e+00 1.000000e-01
3.105850e+03 0.000000e+00 1.000000e+00 1.000000e-01
3.105860e+03 0.000000e+00 1.000000e+00 1.000000e-01
3.105870e+03 0.000000e+00 1.000000e+00 1.000000e-01
3.105880e+03 0.000000e+00 1.000000e+00 1.000000e-01
3.105890e+03 0.000000e+00 1.000000e+00 1.000000e-01
3.105900e+03 0.000000e+00 1.000000e+00 1.000000e-01
3.105910e+03 0.000000e+00 1.000000e+00 1.000000e-01
3.105920e+03 0.000000e+00 1.000000e+00 1.000000e-01
3.105930e+03 0.000000e+00 1.000000e+00 1.000000e-01
3.105940e+03 0.000000e+00 1.000000e+00 1.000000e-01
3.105950e+03 0.000000e+00 1.000000e+00 1.000000e-01
3.105960e+03 0.000000e+00 1.000000e+00 1.000000e-01
3.105970e+03 0.000000e+00 1.000000e+00 1.000000e-01
3.105980e+03 0.000000e+00 1.000000e+00 1.000000e-01
3.105990e+03 0.000000e+00 1.000000e+00 1.000000e-01
3.106000e+03 0.000000e+00 1.000000e+00 1.000000e-01
3.106010e+03 0.000000e+00 1.000000e+00 1.000000e-01
3.106020e+03 0.000000e+00 1.000000e+00 1.000000e-01
3.106030e+03 0.000000e+00 1.000000e+00 1.000000e-01
3.106040e+03 0.000000e+00 1.000000e+00 1.000000e-01
3.106050e+03 0.000000e+00 1.000000e+00 1.000000e-01
3.106060e+03 0.000000e+00 1.000000e+00 1.000000e-01
3.106070e+03 0.000000e+00 1.000000e+00 1.000000e-01
3.106080e+03 0.000000e+00 1.000000e+00 1.000000e-01
3.106090e+03 0.000000e+00 1.000000e+00 1.000000e-01
3.106100e+03 0.000000e+00 1.000000e+00 1.000000e-01
3.106110e+03 0.000000e+00 1.000000e+00 1.000000e-01
3.106120e+03 0.000000e+00 1.000000e+00 1.000000e-01
3.106130e+03 0.000000e+00 1.000000e+00 1.000000e-01
3.106140e+03 0.000000e+00 1.000000e+00 1.000000e-01
3.106150e+03 0.000000e+00 1.000000e+00 1.000000e-01
3.106160e+03 0.000000e+00 1.000000e+00 1.000000e-01
3.106170e+03 0.000000e+00 1.000000e+00 1.000000e-01
3.106180e+03 0.000000e+00 1.000000e+00 1.000000e-01
3.106190e+03 0.000000e+00 1.000000e+00 1.000000e-01
3.106200e+03 0.000000e+00 1.000000e+00 1.000000e-01
3.106210e+03 0.000000e+00 1.000000e+00 1.000000e-01
3.106220e+03 0.000000e+00 1.000000e+00 1.000000e-01
3.106230e+03 0.000000e+00 1.000000e+00 1.000000e-01
3.106240e+03 0.000000e+00 1.000000e+00 1.000000e-01
3.106250e+03 0.000000e+00 1.000000e+00 1.000000e-01
3.106260e+03 0.000000e+00 1.000000e+00 1.000000e-01
3.106270e+03 0.000000e+00 1.000000e+00 1.000000e-01
3.106280e+03 0.000000e+00 1.000000e+00 1.000000e-01
3.106290e+03 0.000000e+00 1.000000e+00 1.000000e-01
3.106300e+03 0.000000e+00 1.000000e+00 1.000000e-01
3.106310e+03 0.000000e+00 1.000000e+00 1.000000e-01
3.106320e+03 0.000000e+00 1.000000e+00 1.000000e-01
3.106330e+03 0.000000e+00 1.000000e+00 1.000000e-01
3.106340e+03 0.000000e+00 1.000000e+00 1.000000e-01
3.106350e+03 0.000000e+00 1.000000e+00 1.000000e-01
3.106360e+03 0.000000e+00 1.000000e+00 1.000000e-01
3.106370e+03 0.000000e+00 1.000000e+00 1.000000e-01
3.106380e+03 0.000000e+00 1.000000e+00 1.000000e-01
3.106390e+03 0.000000e+00 1.000000e+00 1.000000e-01
3.106400e+03 0.000000e+00 1.000000e+00 1.000000e-01
3.106410e+03 0.000000e+00 1.000000e+00 1.000000e-01
3.106420e+03 0.000000e+00 1.000000e+00 1.000000e-01
3.106430e+03 0.000000e+00 1.000000e+00 1.000000e-01
3.106440e+03 0.000000e+00 1.000000e+00 1.000000e-01
3.106450e+03 0.000000e+00 1.000000e+00 1.000000e-01
3.106460e+03 0.000000e+00 1.000000e+00 1.000000e-01
3.106470e+03 0.000000e+00 1.000000e+00 1.000000e-01
3.106480e+03 0.000000e+00 1.000000e+00 1.000000e-01
3.106490e+03 0.000000e+00 1.000000e+00 1.000000e-01
3.106500e+03 0.000000e+00 1.000000e+00 1.000000e-01
3.106510e+03 0.000000e+00 1.000000e+00 1.000000e-01
3.106520e+03 0.000000e+00 1.000000e+00 1.000000e-01
3.106530e+03 0.000000e+00 1.000000e+00 1.000000e-01
3.106540e+03 0.000000e+00 1.000000e+00 1.000000e-01
3.106550e+03 0.000000e+00 1.000000e+00 1.000000e-01
3.106560e+03 0.000000e+00 1.000000e+00 1.000000e-01
3.106570e+03 0.000000e+00 1.000000e+00 1.000000e-01
3.106580e+03 0.000000e+00 1.000000e+00 1.000000e-01
3.106590e+03 0.000000e+00 1.000000e+00 1.000000e-01
3.106600e+03 0.000000e+00 1.000000e+00 1.000000e-01
3.106610e+03 0.000000e+00 1.000000e+00 1.000000e-01
3.106620e+03 0.000000e+00 1.000000e+00 1.000000e-01
3.106630e+03 0.000000e+00 1.000000e+00 1.000000e-01
3.106640e+03 0.000000e+00 1.000000e+00 1.000000e-01
3.106650e+03 0.000000e+00 1.000000e+00 1.000000e-01
3.106660e+03 0.000000e+00 1.000000e+00 1.000000e-01
3.106670e+03 0.000000e+00 1.000000e+00 1.000000e-01
3.106680e+03 0.000000e+00 1.000000e+00 1.000000e-01
3.106690e+03 0.000000e+00 1.000000e+00 1.000000e-01
3.106700e+03 0.000000e+00 1.000000e+00 1.000000e-01
3.106710e+03 0.000000e+00 1.000000e+00 1.000000e-01
3.106720e+03 0.000000e+00 1.000000e+00 1.000000e-01
3.106730e+03 0.000000e+00 1.000000e+00 1.000000e-01
3.106740e+03 0.000000e+00 1.000000e+00 1.000000e-01
3.106750e+03 0.000000e+00 1.000000e+00 1.000000e-01
3.106760e+03 0.000000e+00 1.000000e+00 1.000000e-01
3.106770e+03 0.000000e+00 1.000000e+00 1.000000e-01
3.106780e+03 0.000000e+00 1.000000e+00 1.000000e-01
3.106790e+03 0.000000e+00 1.000000e+00 1.000000e-01
3.106800e+03 0.000000e+00 1.000000e+00 1.000000e-01
3.106810e+03 0.000000e+00 1.000000e+00 1.000000e-01
3.106820e+03 0.000000e+00 1.000000e+00 1.000000e-01
3.106830e+03 0.000000e+00 1.000000e+00 1.000000e-01
3.106840e+03 0.000000e+00 1.000000e+00 1.000000e-01
3.106850e+03 0.000000e+00 1.000000e+00 1.000000e-01
3.106860e+03 0.000000e+00 1.000000e+00 1.000000e-01
3.106870e+03 0.000000e+00 1.000000e+00 1.000000e-01
3.106880e+03 0.000000e+00 1.000000e+00 1.000000e-01
3.106890e+03 0.000000e+00 1.000000e+00 1.000000e-01
3.106900e+03 0.000000e+00 1.000000e+00 1.000000e-01
3.106910e+03 0.000000e+00 1.000000e+00 1.000000e-01
3.106920e+03 0.000000e+00 1.000000e+00 1.000000e-01
3.106930e+03 0.000000e+00 1.000000e+00 1.000000e-01
3.106940e+03 0.000000e+00 1.000000e+00 1.000000e-01
3.106950e+03 0.000000e+00 1.000000e+00 1.000000e-01
3.106960e+03 0.000000e+00 1.000000e+00 1.000000e-01
3.106970e+03 0.000000e+00 1.000000e+00 1.000000e-01
3.106980e+03 0.000000e+00 1.000000e+00 1.000000e-01
3.106990e+03 0.000000e+00 1.000000e+00 1.000000e-01
3.107000e+03 0.000000e+00 1.000000e+00 1.000000e-01
3.107010e+03 0.000000e+00 1.000000e+00 1.000000e-01
3.107020e+03 0.000000e+00 1.000000e+00 1.000000e-01
3.107030e+03 0.000000e+00 1.000000e+00 1.000000e-01
3.107040e+03 0.000000e+00 1.000000e+00 1.000000e-01
3.107050e+03 0.000000e+00 1.000000e+00 1.000000e-01
3.107060e+03 0.000000e+00 1.000000e+00 1.000000e-01
3.107070e+03 0.000000e+00 1.000000e+00 1.000000e-01
3.107080e+03 0.000000e+00 1.000000e+00 1.000000e-01
3.107090e+03 0.000000e+00 1.000000e+00 1.000000e-01
3.107100e+03 0.000000e+00 1.000000e+00 1.000000e-01
3.107110e+03 0.000000e+00 1.000000e+00 1.000000e-01
3.107120e+03 0.000000e+00 1.000000e+00 1.000000e-01
3.107130e+03 0.000000e+00 1.000000e+00 1.000000e-01
3.107140e+03 0.000000e+00 1.000000e+00 1.000000e-01
3.107150e+03 0.000000e+00 1.000000e+00 1.000000e-01
3.107160e+03 0.000000e+00 1.000000e+00 1.000000e-01
3.107170e+03 0.000000e+00 1.000000e+00 1.000000e-01
3.107180e+03 0.000000e+00 1.000000e+00 1.000000e-01
3.107190e+03 0.000000e+00 1.000000e+00 1.000000e-01
3.107200e+03 0.000000e+00 1.000000e+00 1.000000e-01
3.107210e+03 0.000000e+00 1.000000e+00 1.000000e-01
3.107220e+03 0.000000e+00 1.000000e+00 1.000000e-01
3.107230e+03 0.000000e+00 1.000000e+00 1.000000e-01
3.107240e+03 0.000000e+00 1.000000e+00 1.000000e-01
3.107250e+03 0.000000e+00 1.000000e+00 1.000000e-01
3.107260e+03 0.000000e+00 1.000000e+00 1.000000e-01
3.107270e+03 0.000000e+00 1.000000e+00 1.000000e-01
3.107280e+03 0.000000e+00 1.000000e+00 1.000000e-01
3.107290e+03 0.000000e+00 1.000000e+00 1.000000e-01
3.107300e+03 0.000000e+00 1.000000e+00 1.000000e-01
3.107310e+03 0.000000e+00 1.000000e+00 1.000000e-01
3.107320e+03 0.000000e+00 1.000000e+00 1.000000e-01
3.107330e+03 0.000000e+00 1.000000e+00 1.000000e-01
3.107340e+03 0.000000e+00 1.000000e+00 1.000000e-01
3.107350e+03 0.000000e+00 1.000000e+00 1.000000e-01
3.107360e+03 0.000000e+00 1.000000e+00 1.000000e-01
3.107370e+03 0.000000e+00 1.000000e+00 1.000000e-01
3.107380e+03 0.000000e+00 1.000000e+00 1.000000e-01
3.107390e+03 0.000000e+00 1.000000e+00 1.000000e-01
3.107400e+03 0.000000e+00 1.000000e+00 1.000000e-01
3.107410e+03 0.000000e+00 1.000000e+00 1.000000e-01
3.107420e+03 0.000000e+00 1.000000e+00 1.000000e-01
3.107430e+03 0.000000e+00 1.000000e+00 1.000000e-01
3.107440e+03 0.000000e+00 1.000000e+00 1.000000e-01
3.107450e+03 0.000000e+00 1.000000e+00 1.000000e-01
3.107460e+03 0.000000e+00 1.000000e+00 1.000000e-01
3.107470e+03 0.000000e+00 1.000000e+00 1.000000e-01
3.107480e+03 0.000000e+00 1.000000e+00 1.000000e-01
3.107490e+03 0.000000e+00 1.000000e+00 1.000000e-01
3.107500e+03 0.000000e+00 1.000000e+00 1.000000e-01
3.107510e+03 0.000000e+00 1.000000e+00 1.000000e-01
3.107520e+03 0.000000e+00 1.000000e+00 1.000000e-01
3.107530e+03 0.000000e+00 1.000000e+00 1.000000e-01
3.107540e+03 0.000000e+00 1.000000e+00 1.000000e-01
3.107550e+03 0.000000e+00 1.000000e+00 1.000000e-01
3.107560e+03 0.000000e+00 1.000000e+00 1.000000e-01
3.107570e+03 0.000000e+00 1.000000e+00 1.000000e-01
3.107580e+03 0.000000e+00 1.000000e+00 1.000000e-01
3.107590e+03 0.000000e+00 1.000000e+00 1.000000e-01
3.107600e+03 0.000000e+00 1.000000e+00 1.000000e-01
3.107610e+03 0.000000e+00 1.000000e+00 1.000000e-01
3.107620e+03 0.000000e+00 1.000000e+00 1.000000e-01
3.107630e+03 0.000000e+00 1.000000e+00 1.000000e-01
3.107640e+03 0.000000e+00 1.000000e+00 1.000000e-01
3.107650e+03 0.000000e+00 1.000000e+00 1.000000e-01
3.107660e+03 0.000000e+00 1.000000e+00 1.000000e-01
3.107670e+03 0.000000e+00 1.000000e+00 1.000000e-01
3.107680e+03 0.000000e+00 1.000000e+00 1.000000e-01
3.107690e+03 0.000000e+00 1.000000e+00 1.000000e-01
3.107700e+03 0.000000e+00 1.000000e+00 1.000000e-01
3.107710e+03 0.000000e+00 1.000000e+00 1.000000e-01
3.107720e+03 0.000000e+00 1.000000e+00 1.000000e-01
3.107730e+03 0.000000e+00 1.000000e+00 1.000000e-01
3.107740e+03 0.000000e+00 1.000000e+00 1.000000e-01
3.107750e+03 0.000000e+00 1.000000e+00 1.000000e-01
3.107760e+03 0.000000e+00 1.000000e+00 1.000000e-01
3.107770e+03 0.000000e+00 1.000000e+00 1.000000e-01
3.107780e+03 0.000000e+00 1.000000e+00 1.000000e-01
3.107790e+03 0.000000e+00 1.000000e+00 1.000000e-01
3.107800e+03 0.000000e+00 1.000000e+00 1.000000e-01
3.107810e+03 0.000000e+00 1.000000e+00 1.000000e-01
3.107820e+03 0.000000e+00 1.000000e+00 1.000000e-01
3.107830e+03 0.000000e+00 1.000000e+00 1.000000e-01
3.107840e+03 0.000000e+00 1.000000e+00 1.000000e-01
3.107850e+03 0.000000e+00 1.000000e+00 1.000000e-01
3.107860e+03 0.000000e+00 1.000000e+00 1.000000e-01
3.107870e+03 0.000000e+00 1.000000e+00 1.000000e-01
3.107880e+03 0.000000e+00 1.000000e+00 1.000000e-01
3.107890e+03 0.000000e+00 1.000000e+00 1.000000e-01
3.107900e+03 0.000000e+00 1.000000e+00 1.000000e-01
3.107910e+03 0.000000e+00 1.000000e+00 1.000000e-01
3.107920e+03 0.000000e+00 1.000000e+00 1.000000e-01
3.107930e+03 0.000000e+00 1.000000e+00 1.000000e-01
3.107940e+03 0.000000e+00 1.000000e+00 1.000000e-01
3.107950e+03 0.000000e+00 1.000000e+00 1.000000e-01
3.107960e+03 0.000000e+00 1.000000e+00 1.000000e-01
3.107970e+03 0.000000e+00 1.000000e+00 1.000000e-01
3.107980e+03 0.000000e+00 1.000000e+00 1.000000e-01
3.107990e+03 0.000000e+00 1.000000e+00 1.000000e-01
3.108000e+03 0.000000e+00 1.000000e+00 1.000000e-01
3.108010e+03 0.000000e+00 1.000000e+00 1.000000e-01
3.108020e+03 0.000000e+00 1.000000e+00 1.000000e-01
3.108030e+03 0.000000e+00 1.000000e+00 1.000000e-01
3.108040e+03 0.000000e+00 1.000000e+00 1.000000e-01
3.108050e+03 0.000000e+00 1.000000e+00 1.000000e-01
3.108060e+03 0.000000e+00 1.000000e+00 1.000000e-01
3.108070e+03 0.000000e+00 1.000000e+00 1.000000e-01
3.108080e+03 0.000000e+00 1.000000e+00 1.000000e-01
3.108090e+03 0.000000e+00 1.000000e+00 1.000000e-01
3.108100e+03 0.000000e+00 1.000000e+00 1.000000e-01
3.108110e+03 0.000000e+00 1.000000e+00 1.000000e-01
3.108120e+03 0.000000e+00 1.000000e+00 1.000000e-01
3.108130e+03 0.000000e+00 1.000000e+00 1.000000e-01
3.108140e+03 0.000000e+00 1.000000e+00 1.000000e-01
3.108150e+03 0.000000e+00 1.000000e+00 1.000000e-01
3.108160e+03 0.000000e+00 1.000000e+00 1.000000e-01
3.108170e+03 0.000000e+00 1.000000e+00 1.000000e-01
3.108180e+03 0.000000e+00 1.000000e+00 1.000000e-01
3.108190e+03 0.000000e+00 1.000000e+00 1.000000e-01
3.108200e+03 0.000000e+00 1.000000e+00 1.000000e-01
3.108210e+03 0.000000e+00 1.000000e+00 1.000000e-01
3.108220e+03 0.000000e+00 1.000000e+00 1.000000e-01
3.108230e+03 0.000000e+00 1.000000e+00 1.000000e-01
3.108240e+03 0.000000e+00 1.000000e+00 1.000000e-01
3.108250e+03 0.000000e+00 1.000000e+00 1.000000e-01
3.108260e+03 0.000000e+00 1.000000e+00 1.000000e-01
3.108270e+03 0.000000e+00 1.000000e+00 1.000000e-01
3.108280e+03 0.000000e+00 1.000000e+00 1.000000e-01
3.108290e+03 0.000000e+00 1.000000e+00 1.000000e-01
3.108300e+03 0.000000e+00 1.000000e+00 1.000000e-01
3.108310e+03 0.000000e+00 1.000000e+00 1.000000e-01
3.108320e+03 0.000000e+00 1.000000e+00 1.000000e-01
3.108330e+03 0.000000e+00 1.000000e+00 1.000000e-01
3.108340e+03 0.000000e+00 1.000000e+00 1.000000e-01
3.108350e+03 0.000000e+00 1.000000e+00 1.000000e-01
3.108360e+03 0.000000e+00 1.000000e+00 1.000000e-01
3.108370e+03 0.000000e+00 1.000000e+00 1.000000e-01
3.108380e+03 0.000000e+00 1.000000e+00 1.000000e-01
3.108390e+03 0.000000e+00 1.000000e+00 1.000000e-01
3.108400e+03 0.000000e+00 1.000000e+00 1.000000e-01
3.108410e+03 0.000000e+00 1.000000e+00 1.000000e-01
3.108420e+03 0.000000e+00 1.000000e+00 1.000000e-01
3.108430e+03 0.000000e+00 1.000000e+00 1.000000e-01
3.108440e+03 0.000000e+00 1.000000e+00 1.000000e-01
3.108450e+03 0.000000e+00 1.000000e+00 1.000000e-01
3.108460e+03 0.000000e+00 1.000000e+00 1.000000e-01
3.108470e+03 0.000000e+00 1.000000e+00 1.000000e-01
3.108480e+03 0.000000e+00 1.000000e+00 1.000000e-01
3.108490e+03 0.000000e+00 1.000000e+00 1.000000e-01
3.108500e+03 0.000000e+00 1.000000e+00 1.000000e-01
3.108510e+03 0.000000e+00 1.000000e+00 1.000000e-01
3.108520e+03 0.000000e+00 1.000000e+00 1.000000e-01
3.108530e+03 0.000000e+00 1.000000e+00 1.000000e-01
3.108540e+03 0.000000e+00 1.000000e+00 1.000000e-01
3.108550e+03 0.000000e+00 1.000000e+00 1.000000e-01
3.108560e+03 0.000000e+00 1.000000e+00 1.000000e-01
3.108570e+03 0.000000e+00 1.000000e+00 1.000000e-01
3.108580e+03 0.000000e+00 1.000000e+00 1.000000e-01
3.108590e+03 0.000000e+00 1.000000e+00 1.000000e-01
3.108600e+03 0.000000e+00 1.000000e+00 1.000000e-01
3.108610e+03 0.000000e+00 1.000000e+00 1.000000e-01
3.108620e+03 0.000000e+00 1.000000e+00 1.000000e-01
3.108630e+03 0.000000e+00 1.000000e+00 1.000000e-01
3.108640e+03 0.000000e+00 1.000000e+00 1.000000e-01
3.108650e+03 0.000000e+00 1.000000e+00 1.000000e-01
3.108660e+03 0.000000e+00 1.000000e+00 1.000000e-01
3.108670e+03 0.000000e+00 1.000000e+00 1.000000e-01
3.108680e+03 0.000000e+00 1.000000e+00 1.000000e-01
3.108690e+03 0.000000e+00 1.000000e+00 1.000000e-01
3.108700e+03 0.000000e+00 1.000000e+00 1.000000e-01
3.108710e+03 0.000000e+00 1.000000e+00 1.000000e-01
3.108720e+03 0.000000e+00 1.000000e+00 1.000000e-01
3.108730e+03 0.000000e+00 1.000000e+00 1.000000e-01
3.108740e+03 0.000000e+00 1.000000e+00 1.000000e-01
3.108750e+03 0.000000e+00 1.000000e+00 1.000000e-01
3.108760e+03 0.000000e+00 1.000000e+00 1.000000e-01
3.108770e+03 0.000000e+00 1.000000e+00 1.000000e-01
3.108780e+03 0.000000e+00 1.000000e+00 1.000000e-01
3.108790e+03 0.000000e+00 1.000000e+00 1.000000e-01
3.108800e+03 0.000000e+00 1.000000e+00 1.000000e-01
3.108810e+03 0.000000e+00 1.000000e+00 1.000000e-01
3.108820e+03 0.000000e+00 1.000000e+00 1.000000e-01
3.108830e+03 0.000000e+00 1.000000e+00 1.000000e-01
3.108840e+03 0.000000e+00 1.000000e+00 1.000000e-01
3.108850e+03 0.000000e+00 1.000000e+00 1.000000e-01
3.108860e+03 0.000000e+00 1.000000e+00 1.000000e-01
3.108870e+03 0.000000e+00 1.000000e+00 1.000000e-01
3.108880e+03 0.000000e+00 1.000000e+00 1.000000e-01
3.108890e+03 0.000000e+00 1.000000e+00 1.000000e-01
3.108900e+03 0.000000e+00 1.000000e+00 1.000000e-01
3.108910e+03 0.000000e+00 1.000000e+00 1.000000e-01
3.108920e+03 0.000000e+00 1.000000e+00 1.000000e-01
3.108930e+03 0.000000e+00 1.000000e+00 1.000000e-01
3.108940e+03 0.000000e+00 1.000000e+00 1.000000e-01
3.108950e+03 0.000000e+00 1.000000e+00 1.000000e-01
3.108960e+03 0.000000e+00 1.000000e+00 1.000000e-01
3.108970e+03 0.000000e+00 1.000000e+00 1.000000e-01
3.108980e+03 0.000000e+00 1.000000e+00 1.000000e-01
3.108990e+03 0.000000e+00 1.000000e+00 1.000000e-01
3.109000e+03 0.000000e+00 1.000000e+00 1.000000e-01
3.109010e+03 0.000000e+00 1.000000e+00 1.000000e-01
3.109020e+03 0.000000e+00 1.000000e+00 1.000000e-01
3.109030e+03 0.000000e+00 1.000000e+00 1.000000e-01
3.109040e+03 0.000000e+00 1.000000e+00 1.000000e-01
3.109050e+03 0.000000e+00 1.000000e+00 1.000000e-01
3.109060e+03 0.000000e+00 1.000000e+00 1.000000e-01
3.109070e+03 0.000000e+00 1.000000e+00 1.000000e-01
3.109080e+03 0.000000e+00 1.000000e+00 1.000000e-01
3.109090e+03 0.000000e+00 1.000000e+00 1.000000e-01
3.109100e+03 0.000000e+00 1.000000e+00 1.000000e-01
3.109110e+03 0.000000e+00 1.000000e+00 1.000000e-01
3.109120e+03 0.000000e+00 1.000000e+00 1.000000e-01
3.109130e+03 0.000000e+00 1.000000e+00 1.000000e-01
3.109140e+03 0.000000e+00 1.000000e+00 1.000000e-01
3.109150e+03 0.000000e+00 1.000000e+00 1.000000e-01
3.109160e+03 0.000000e+00 1.000000e+00 1.000000e-01
3.109170e+03 0.000000e+00 1.000000e+00 1.000000e-01
3.109180e+03 0.000000e+00 1.000000e+00 1.000000e-01
3.109190e+03 0.000000e+00 1.000000e+00 1.000000e-01
3.109200e+03 0.000000e+00 1.000000e+00 1.000000e-01
3.109210e+03 0.000000e+00 1.000000e+00 1.000000e-01
3.109220e+03 0.000000e+00 1.000000e+00 1.000000e-01
3.109230e+03 0.000000e+00 1.000000e+00 1.000000e-01
3.109240e+03 0.000000e+00 1.000000e+00 1.000000e-01
3.109250e+03 0.000000e+00 1.000000e+00 1.000000e-01
3.109260e+03 0.000000e+00 1.000000e+00 1.000000e-01
3.109270e+03 0.000000e+00 1.000000e+00 1.000000e-01
3.109280e+03 0.000000e+00 1.000000e+00 1.000000e-01
3.109290e+03 0.000000e+00 1.000000e+00 1.000000e-01
3.109300e+03 0.000000e+00 1.000000e+00 1.000000e-01
3.109310e+03 0.000000e+00 1.000000e+00 1.000000e-01
3.109320e+03 0.000000e+00 1.000000e+00 1.000000e-01
3.109330e+03 0.000000e+00 1.000000e+00 1.000000e-01
3.109340e+03 0.000000e+00 1.000000e+00 1.000000e-01
3.109350e+03 0.000000e+00 1.000000e+00 1.000000e-01
3.109360e+03 0.000000e+00 1.000000e+00 1.000000e-01
3.109370e+03 0.000000e+00 1.000000e+00 1.000000e-01
3.109380e+03 0.000000e+00 1.000000e+00 1.000000e-01
3.109390e+03 0.000000e+00 1.000000e+00 1.000000e-01
3.109400e+03 0.000000e+00 1.000000e+00 1.000000e-01
3.109410e+03 0.000000e+00 1.000000e+00 1.000000e-01
3.109420e+03 0.000000e+00 1.000000e+00 1.000000e-01
3.109430e+03 0.000000e+00 1.000000e+00 1.000000e-01
3.109440e+03 0.000000e+00 1.000000e+00 1.000000e-01
3.109450e+03 0.000000e+00 1.000000e+00 1.000000e-01
3.109460e+03 0.000000e+00 1.000000e+00 1.000000e-01
3.109470e+03 0.000000e+00 1.000000e+00 1.000000e-01
3.109480e+03 0.000000e+00 1.000000e+00 1.000000e-01
3.109490e+03 0.000000e+00 1.000000e+00 1.000000e-01
3.109500e+03 0.000000e+00 1.000000e+00 1.000000e-01
3.109510e+03 0.000000e+00 1.000000e+00 1.000000e-01
3.109520e+03 0.000000e+00 1.000000e+00 1.000000e-01
3.109530e+03 0.000000e+00 1.000000e+00 1.000000e-01
3.109540e+03 0.000000e+00 1.000000e+00 1.000000e-01
3.109550e+03 0.000000e+00 1.000000e+00 1.000000e-01
3.109560e+03 0.000000e+00 1.000000e+00 1.000000e-01
3.109570e+03 0.000000e+00 1.000000e+00 1.000000e-01
3.109580e+03 0.000000e+00 1.000000e+00 1.000000e-01
3.109590e+03 0.000000e+00 1.000000e+00 1.000000e-01
3.109600e+03 0.000000e+00 1.000000e+00 1.000000e-01
3.109610e+03 0.000000e+00 1.000000e+00 1.000000e-01
3.109620e+03 0.000000e+00 1.000000e+00 1.000000e-01
3.109630e+03 0.000000e+00 1.000000e+00 1.000000e-01
3.109640e+03 0.000000e+00 1.000000e+00 1.000000e-01
3.109650e+03 0.000000e+00 1.000000e+00 1.000000e-01
3.109660e+03 0.000000e+00 1.000000e+00 1.000000e-01
3.109670e+03 0.000000e+00 1.000000e+00 1.000000e-01
3.109680e+03 0.000000e+00 1.000000e+00 1.000000e-01
3.109690e+03 0.000000e+00 1.000000e+00 1.000000e-01
3.109700e+03 0.000000e+00 1.000000e+00 1.000000e-01
3.109710e+03 0.000000e+00 1.000000e+00 1.000000e-01
3.109720e+03 0.000000e+00 1.000000e+00 1.000000e-01
3.109730e+03 0.000000e+00 1.000000e+00 1.000000e-01
3.109740e+03 0.000000e+00 1.000000e+00 1.000000e-01
3.109750e+03 0.000000e+00 1.000000e+00 1.000000e-01
3.109760e+03 0.000000e+00 1.000000e+00 1.000000e-01
3.109770e+03 0.000000e+00 1.000000e+00 1.000000e-01
3.109780e+03 0.000000e+00 1.000000e+00 1.000000e-01
3.109790e+03 0.000000e+00 1.000000e+00 1.000000e-01
3.109800e+03 0.000000e+00 1.000000e+00 1.000000e-01
3.109810e+03 0.000000e+00 1.000000e+00 1.000000e-01
3.109820e+03 0.000000e+00 1.000000e+00 1.000000e-01
3.109830e+03 0.000000e+00 1.000000e+00 1.000000e-01
3.109840e+03 0.000000e+00 1.000000e+00 1.000000e-01
3.109850e+03 0.000000e+00 1.000000e+00 1.000000e-01
3.109860e+03 0.000000e+00 1.000000e+00 1.000000e-01
3.109870e+03 0.000000e+00 1.000000e+00 1.000000e-01
3.109880e+03 0.000000e+00 1.000000e+00 1.000000e-01
3.109890e+03 0.000000e+00 1.000000e+00 1.000000e-01
3.109900e+03 0.000000e+00 1.000000e+00 1.000000e-01
3.109910e+03 0.000000e+00 1.000000e+00 1.000000e-01
3.109920e+03 0.000000e+00 1.000000e+00 1.000000e-01
3.109930e+03 0.000000e+00 1.000000e+00 1.000000e-01
3.109940e+03 0.000000e+00 1.000000e+00 1.000000e-01
3.109950e+03 0.000000e+00 1.000000e+00 1.000000e-01
3.109960e+03 0.000000e+00 1.000000e+00 1.000000e-01
3.109970e+03 0.000000e+00 1.000000e+00 1.000000e-01
3.109980e+03 0.000000e+00 1.000000e+00 1.000000e-01
3.109990e+03 0.000000e+00 1.000000e+00 1.000000e-01
3.110000e+03 0.000000e+00 1.000000e+00 1.000000e-01
3.110010e+03 0.000000e+00 1.000000e+00 1.000000e-01
3.110020e+03 0.000000e+00 1.000000e+00 1.000000e-01
3.110030e+03 0.000000e+00 1.000000e+00 1.000000e-01
3.110040e+03 0.000000e+00 1.000000e+00 1.000000e-01
3.110050e+03 0.000000e+00 1.000000e+00 1.000000e-01
3.110060e+03 0.000000e+00 1.000000e+00 1.000000e-01
3.110070e+03 0.000000e+00 1.000000e+00 1.000000e-01
3.110080e+03 0.000000e+00 1.000000e+00 1.000000e-01
3.110090e+03 0.000000e+00 1.000000e+00 1.000000e-01
3.110100e+03 0.000000e+00 1.000000e+00 1.000000e-01
3.110110e+03 0.000000e+00 1.000000e+00 1.000000e-01
3.110120e+03 0.000000e+00 1.000000e+00 1.000000e-01
3.110130e+03 0.000000e+00 1.000000e+00 1.000000e-01
3.110140e+03 0.000000e+00 1.000000e+00 1.000000e-01
3.110150e+03 0.000000e+00 1.000000e+00 1.000000e-01
3.110160e+03 0.000000e+00 1.000000e+00 1.000000e-01
3.110170e+03 0.000000e+00 1.000000e+00 1.000000e-01
3.110180e+03 0.000000e+00 1.000000e+00 1.000000e-01
3.110190e+03 0.000000e+00 1.000000e+00 1.000000e-01
3.110200e+03 0.000000e+00 1.000000e+00 1.000000e-01
3.110210e+03 0.000000e+00 1.000000e+00 1.000000e-01
3.110220e+03 0.000000e+00 1.000000e+00 1.000000e-01
3.110230e+03 0.000000e+00 1.000000e+00 1.000000e-01
3.110240e+03 0.000000e+00 1.000000e+00 1.000000e-01
3.110250e+03 0.000000e+00 1.000000e+00 1.000000e-01
3.110260e+03 0.000000e+00 1.000000e+00 1.000000e-01
3.110270e+03 0.000000e+00 1.000000e+00 1.000000e-01
3.110280e+03 0.000000e+00 1.000000e+00 1.000000e-01
3.110290e+03 0.000000e+00 1.000000e+00 1.000000e-01
3.110300e+03 0.000000e+00 1.000000e+00 1.000000e-01
3.110310e+03 0.000000e+00 1.000000e+00 1.000000e-01
3.110320e+03 0.000000e+00 1.000000e+00 1.000000e-01
3.110330e+03 0.000000e+00 1.000000e+00 1.000000e-01
3.110340e+03 0.000000e+00 1.000000e+00 1.000000e-01
3.110350e+03 0.000000e+00 1.000000e+00 1.000000e-01
3.110360e+03 0.000000e+00 1.000000e+00 1.000000e-01
3.110370e+03 0.000000e+00 1.000000e+00 1.000000e-01
3.110380e+03 0.000000e+00 1.000000e+00 1.000000e-01
3.110390e+03 0.000000e+00 1.000000e+00 1.000000e-01
3.110400e+03 0.000000e+00 1.000000e+00 1.000000e-01
3.110410e+03 0.000000e+00 1.000000e+00 1.000000e-01
3.110420e+03 0.000000e+00 1.000000e+00 1.000000e-01
3.110430e+03 0.000000e+00 1.000000e+00 1.000000e-01
3.110440e+03 0.000000e+00 1.000000e+00 1.000000e-01
3.110450e+03 0.000000e+00 1.000000e+00 1.000000e-01
3.110460e+03 0.000000e+00 1.000000e+00 1.000000e-01
3.110470e+03 0.000000e+00 1.000000e+00 1.000000e-01
3.110480e+03 0.000000e+00 1.000000e+00 1.000000e-01
3.110490e+03 0.000000e+00 1.000000e+00 1.000000e-01
3.110500e+03 0.000000e+00 1.000000e+00 1.000000e-01
3.110510e+03 0.000000e+00 1.000000e+00 1.000000e-01
3.110520e+03 0.000000e+00 1.000000e+00 1.000000e-01
3.110530e+03 0.000000e+00 1.000000e+00 1.000000e-01
3.110540e+03 0.000000e+00 1.000000e+00 1.000000e-01
3.110550e+03 0.000000e+00 1.000000e+00 1.000000e-01
3.110560e+03 0.000000e+00 1.000000e+00 1.000000e-01
3.110570e+03 0.000000e+00 1.000000e+00 1.000000e-01
3.110580e+03 0.000000e+00 1.000000e+00 1.000000e-01
3.110590e+03 0.000000e+00 1.000000e+00 1.000000e-01
3.110600e+03 0.000000e+00 1.000000e+00 1.000000e-01
3.110610e+03 0.000000e+00 1.000000e+00 1.000000e-01
3.110620e+03 0.000000e+00 1.000000e+00 1.000000e-01
3.110630e+03 0.000000e+00 1.000000e+00 1.000000e-01
3.110640e+03 0.000000e+00 1.000000e+00 1.000000e-01
3.110650e+03 0.000000e+00 1.000000e+00 1.000000e-01
3.110660e+03 0.000000e+00 1.000000e+00 1.000000e-01
3.110670e+03 0.000000e+00 1.000000e+00 1.000000e-01
3.110680e+03 0.000000e+00 1.000000e+00 1.000000e-01
3.110690e+03 0.000000e+00 1.000000e+00 1.000000e-01
3.110700e+03 0.000000e+00 1.000000e+00 1.000000e-01
3.110710e+03 0.000000e+00 1.000000e+00 1.000000e-01
3.110720e+03 0.000000e+00 1.000000e+00 1.000000e-01
3.110730e+03 0.000000e+00 1.000000e+00 1.000000e-01
3.110740e+03 0.000000e+00 1.000000e+00 1.000000e-01
3.110750e+03 0.000000e+00 1.000000e+00 1.000000e-01
3.110760e+03 0.000000e+00 1.000000e+00 1.000000e-01
3.110770e+03 0.000000e+00 1.000000e+00 1.000000e-01
3.110780e+03 0.000000e+00 1.000000e+00 1.000000e-01
3.110790e+03 0.000000e+00 1.000000e+00 1.000000e-01
3.110800e+03 0.000000e+00 1.000000e+00 1.000000e-01
3.110810e+03 0.000000e+00 1.000000e+00 1.000000e-01
3.110820e+03 0.000000e+00 1.000000e+00 1.000000e-01
3.110830e+03 0.000000e+00 1.000000e+00 1.000000e-01
3.110840e+03 0.000000e+00 1.000000e+00 1.000000e-01
3.110850e+03 0.000000e+00 1.000000e+00 1.000000e-01
3.110860e+03 0.000000e+00 1.000000e+00 1.000000e-01
3.110870e+03 0.000000e+00 1.000000e+00 1.000000e-01
3.110880e+03 0.000000e+00 1.000000e+00 1.000000e-01
3.110890e+03 0.000000e+00 1.000000e+00 1.000000e-01
3.110900e+03 0.000000e+00 1.000000e+00 1.000000e-01
3.110910e+03 0.000000e+00 1.000000e+00 1.000000e-01
3.110920e+03 0.000000e+00 1.000000e+00 1.000000e-01
3.110930e+03 0.000000e+00 1.000000e+00 1.000000e-01
3.110940e+03 0.000000e+00 1.000000e+00 1.000000e-01
3.110950e+03 0.000000e+00 1.000000e+00 1.000000e-01
3.110960e+03 0.000000e+00 1.000000e+00 1.000000e-01
3.110970e+03 0.000000e+00 1.000000e+00 1.000000e-01
3.110980e+03 0.000000e+00 1.000000e+00 1.000000e-01
3.110990e+03 0.000000e+00 1.000000e+00 1.000000e-01
3.111000e+03 0.000000e+00 1.000000e+00 1.000000e-01
3.111010e+03 0.000000e+00 1.000000e+00 1.000000e-01
3.111020e+03 0.000000e+00 1.000000e+00 1.000000e-01
3.111030e+03 0.000000e+00 1.000000e+00 1.000000e-01
3.111040e+03 0.000000e+00 1.000000e+00 1.000000e-01
3.111050e+03 0.000000e+00 1.000000e+00 1.000000e-01
3.111060e+03 0.000000e+00 1.000000e+00 1.000000e-01
3.111070e+03 0.000000e+00 1.000000e+00 1.000000e-01
3.111080e+03 0.000000e+00 1.000000e+00 1.000000e-01
3.111090e+03 0.000000e+00 1.000000e+00 1.000000e-01
3.111100e+03 0.000000e+00 1.000000e+00 1.000000e-01
3.111110e+03 0.000000e+00 1.000000e+00 1.000000e-01
3.111120e+03 0.000000e+00 1.000000e+00 1.000000e-01
3.111130e+03 0.000000e+00 1.000000e+00 1.000000e-01
3.111140e+03 0.000000e+00 1.000000e+00 1.000000e-01
3.111150e+03 0.000000e+00 1.000000e+00 1.000000e-01
3.111160e+03 0.000000e+00 1.000000e+00 1.000000e-01
3.111170e+03 0.000000e+00 1.000000e+00 1.000000e-01
3.111180e+03 0.000000e+00 1.000000e+00 1.000000e-01
3.111190e+03 0.000000e+00 1.000000e+00 1.000000e-01
3.111200e+03 0.000000e+00 1.000000e+00 1.000000e-01
3.111210e+03 0.000000e+00 1.000000e+00 1.000000e-01
3.111220e+03 0.000000e+00 1.000000e+00 1.000000e-01
3.111230e+03 0.000000e+00 1.000000e+00 1.000000e-01
3.111240e+03 0.000000e+00 1.000000e+00 1.000000e-01
3.111250e+03 0.000000e+00 1.000000e+00 1.000000e-01
3.111260e+03 0.000000e+00 1.000000e+00 1.000000e-01
3.111270e+03 0.000000e+00 1.000000e+00 1.000000e-01
3.111280e+03 0.000000e+00 1.000000e+00 1.000000e-01
3.111290e+03 0.000000e+00 1.000000e+00 1.000000e-01
3.111300e+03 0.000000e+00 1.000000e+00 1.000000e-01
3.111310e+03 0.000000e+00 1.000000e+00 1.000000e-01
3.111320e+03 0.000000e+00 1.000000e+00 1.000000e-01
3.111330e+03 0.000000e+00 1.000000e+00 1.000000e-01
3.111340e+03 0.000000e+00 1.000000e+00 1.000000e-01
3.111350e+03 0.000000e+00 1.000000e+00 1.000000e-01
3.111360e+03 0.000000e+00 1.000000e+00 1.000000e-01
3.111370e+03 0.000000e+00 1.000000e+00 1.000000e-01
3.111380e+03 0.000000e+00 1.000000e+00 1.000000e-01
3.111390e+03 0.000000e+00 1.000000e+00 1.000000e-01
3.111400e+03 0.000000e+00 1.000000e+00 1.000000e-01
3.111410e+03 0.000000e+00 1.000000e+00 1.000000e-01
3.111420e+03 0.000000e+00 1.000000e+00 1.000000e-01
3.111430e+03 0.000000e+00 1.000000e+00 1.000000e-01
3.111440e+03 0.000000e+00 1.000000e+00 1.000000e-01
3.111450e+03 0.000000e+00 1.000000e+00 1.000000e-01
3.111460e+03 0.000000e+00 1.000000e+00 1.000000e-01
3.111470e+03 0.000000e+00 1.000000e+00 1.000000e-01
3.111480e+03 0.000000e+00 1.000000e+00 1.000000e-01
3.111490e+03 0.000000e+00 1.000000e+00 1.000000e-01
3.111500e+03 0.000000e+00 1.000000e+00 1.000000e-01
3.111510e+03 0.000000e+00 1.000000e+00 1.000000e-01
3.111520e+03 0.000000e+00 1.000000e+00 1.000000e-01
3.111530e+03 0.000000e+00 1.000000e+00 1.000000e-01
3.111540e+03 0.000000e+00 1.000000e+00 1.000000e-01
3.111550e+03 0.000000e+00 1.000000e+00 1.000000e-01
3.111560e+03 0.000000e+00 1.000000e+00 1.000000e-01
3.111570e+03 0.000000e+00 1.000000e+00 1.000000e-01
3.111580e+03 0.000000e+00 1.000000e+00 1.000000e-01
3.111590e+03 0.000000e+00 1.000000e+00 1.000000e-01
3.111600e+03 0.000000e+00 1.000000e+00 1.000000e-01
3.111610e+03 0.000000e+00 1.000000e+00 1.000000e-01
3.111620e+03 0.000000e+00 1.000000e+00 1.000000e-01
3.111630e+03 0.000000e+00 1.000000e+00 1.000000e-01
3.111640e+03 0.000000e+00 1.000000e+00 1.000000e-01
3.111650e+03 0.000000e+00 1.000000e+00 1.000000e-01
3.111660e+03 0.000000e+00 1.000000e+00 1.000000e-01
3.111670e+03 0.000000e+00 1.000000e+00 1.000000e-01
3.111680e+03 0.000000e+00 1.000000e+00 1.000000e-01
3.111690e+03 0.000000e+00 1.000000e+00 1.000000e-01
3.111700e+03 0.000000e+00 1.000000e+00 1.000000e-01
3.111710e+03 0.000000e+00 1.000000e+00 1.000000e-01
3.111720e+03 0.000000e+00 1.000000e+00 1.000000e-01
3.111730e+03 0.000000e+00 1.000000e+00 1.000000e-01
3.111740e+03 0.000000e+00 1.000000e+00 1.000000e-01
3.111750e+03 0.000000e+00 1.000000e+00 1.000000e-01
3.111760e+03 0.000000e+00 1.000000e+00 1.000000e-01
3.111770e+03 0.000000e+00 1.000000e+00 1.000000e-01
3.111780e+03 0.000000e+00 1.000000e+00 1.000000e-01
3.111790e+03 0.000000e+00 1.000000e+00 1.000000e-01
3.111800e+03 0.000000e+00 1.000000e+00 1.000000e-01
3.111810e+03 0.000000e+00 1.000000e+00 1.000000e-01
3.111820e+03 0.000000e+00 1.000000e+00 1.000000e-01
3.111830e+03 0.000000e+00 1.000000e+00 1.000000e-01
3.111840e+03 0.000000e+00 1.000000e+00 1.000000e-01
3.111850e+03 0.000000e+00 1.000000e+00 1.000000e-01
3.111860e+03 0.000000e+00 1.000000e+00 1.000000e-01
3.111870e+03 0.000000e+00 1.000000e+00 1.000000e-01
3.111880e+03 0.000000e+00 1.000000e+00 1.000000e-01
3.111890e+03 0.000000e+00 1.000000e+00 1.000000e-01
3.111900e+03 0.000000e+00 1.000000e+00 1.000000e-01
3.111910e+03 0.000000e+00 1.000000e+00 1.000000e-01
3.111920e+03 0.000000e+00 1.000000e+00 1.000000e-01
3.111930e+03 0.000000e+00 1.000000e+00 1.000000e-01
3.111940e+03 0.000000e+00 1.000000e+00 1.000000e-01
3.111950e+03 0.000000e+00 1.000000e+00 1.000000e-01
3.111960e+03 0.000000e+00 1.000000e+00 1.000000e-01
3.111970e+03 0.000000e+00 1.000000e+00 1.000000e-01
3.111980e+03 0.000000e+00 1.000000e+00 1.000000e-01
3.111990e+03 0.000000e+00 1.000000e+00 1.000000e-01
3.112000e+03 0.000000e+00 1.000000e+00 1.000000e-01
3.112010e+03 0.000000e+00 1.000000e+00 1.000000e-01
3.112020e+03 0.000000e+00 1.000000e+00 1.000000e-01
3.112030e+03 0.000000e+00 1.000000e+00 1.000000e-01
3.112040e+03 0.000000e+00 1.000000e+00 1.000000e-01
3.112050e+03 0.000000e+00 1.000000e+00 1.000000e-01
3.112060e+03 0.000000e+00 1.000000e+00 1.000000e-01
3.112070e+03 0.000000e+00 1.000000e+00 1.000000e-01
3.112080e+03 0.000000e+00 1.000000e+00 1.000000e-01
3.112090e+03 0.000000e+00 1.000000e+00 1.000000e-01
3.112100e+03 0.000000e+00 1.000000e+00 1.000000e-01
3.112110e+03 0.000000e+00 1.000000e+00 1.000000e-01
3.112120e+03 0.000000e+00 1.000000e+00 1.000000e-01
3.112130e+03 0.000000e+00 1.000000e+00 1.000000e-01
3.112140e+03 0.000000e+00 1.000000e+00 1.000000e-01
3.112150e+03 0.000000e+00 1.000000e+00 1.000000e-01
3.112160e+03 0.000000e+00 1.000000e+00 1.000000e-01
3.112170e+03 0.000000e+00 1.000000e+00 1.000000e-01
3.112180e+03 0.000000e+00 1.000000e+00 1.000000e-01
3.112190e+03 0.000000e+00 1.000000e+00 1.000000e-01
3.112200e+03 0.000000e+00 1.000000e+00 1.000000e-01
3.112210e+03 0.000000e+00 1.000000e+00 1.000000e-01
3.112220e+03 0.000000e+00 1.000000e+00 1.000000e-01
3.112230e+03 0.000000e+00 1.000000e+00 1.000000e-01
3.112240e+03 0.000000e+00 1.000000e+00 1.000000e-01
3.112250e+03 0.000000e+00 1.000000e+00 1.000000e-01
3.112260e+03 0.000000e+00 1.000000e+00 1.000000e-01
3.112270e+03 0.000000e+00 1.000000e+00 1.000000e-01
3.112280e+03 0.000000e+00 1.000000e+00 1.000000e-01
3.112290e+03 0.000000e+00 1.000000e+00 1.000000e-01
3.112300e+03 0.000000e+00 1.000000e+00 1.000000e-01
3.112310e+03 0.000000e+00 1.000000e+00 1.000000e-01
3.112320e+03 0.000000e+00 1.000000e+00 1.000000e-01
3.112330e+03 0.000000e+00 1.000000e+00 1.000000e-01
3.112340e+03 0.000000e+00 1.000000e+00 1.000000e-01
3.112350e+03 0.000000e+00 1.000000e+00 1.000000e-01
3.112360e+03 0.000000e+00 1.000000e+00 1.000000e-01
3.112370e+03 0.000000e+00 1.000000e+00 1.000000e-01
3.112380e+03 0.000000e+00 1.000000e+00 1.000000e-01
3.112390e+03 0.000000e+00 1.000000e+00 1.000000e-01
3.112400e+03 0.000000e+00 1.000000e+00 1.000000e-01
3.112410e+03 0.000000e+00 1.000000e+00 1.000000e-01
3.112420e+03 0.000000e+00 1.000000e+00 1.000000e-01
3.112430e+03 0.000000e+00 1.000000e+00 1.000000e-01
3.112440e+03 0.000000e+00 1.000000e+00 1.000000e-01
3.112450e+03 0.000000e+00 1.000000e+00 1.000000e-01
3.112460e+03 0.000000e+00 1.000000e+00 1.000000e-01
3.112470e+03 0.000000e+00 1.000000e+00 1.000000e-01
3.112480e+03 0.000000e+00 1.000000e+00 1.000000e-01
3.112490e+03 0.000000e+00 1.000000e+00 1.000000e-01
3.112500e+03 0.000000e+00 1.000000e+00 1.000000e-01
3.112510e+03 0.000000e+00 1.000000e+00 1.000000e-01
3.112520e+03 0.000000e+00 1.000000e+00 1.000000e-01
3.112530e+03 0.000000e+00 1.000000e+00 1.000000e-01
3.112540e+03 0.000000e+00 1.000000e+00 1.000000e-01
3.112550e+03 0.000000e+00 1.000000e+00 1.000000e-01
3.112560e+03 0.000000e+00 1.000000e+00 1.000000e-01
3.112570e+03 0.000000e+00 1.000000e+00 1.000000e-01
3.112580e+03 0.000000e+00 1.000000e+00 1.000000e-01
3.112590e+03 0.000000e+00 1.000000e+00 1.000000e-01
3.112600e+03 0.000000e+00 1.000000e+00 1.000000e-01
3.112610e+03 0.000000e+00 1.000000e+00 1.000000e-01
3.112620e+03 0.000000e+00 1.000000e+00 1.000000e-01
3.112630e+03 0.000000e+00 1.000000e+00 1.000000e-01
3.112640e+03 0.000000e+00 1.000000e+00 1.000000e-01
3.112650e+03 0.000000e+00 1.000000e+00 1.000000e-01
3.112660e+03 0.000000e+00 1.000000e+00 1.000000e-01
3.112670e+03 0.000000e+00 1.000000e+00 1.000000e-01
3.112680e+03 0.000000e+00 1.000000e+00 1.000000e-01
3.112690e+03 0.000000e+00 1.000000e+00 1.000000e-01
3.112700e+03 0.000000e+00 1.000000e+00 1.000000e-01
3.112710e+03 0.000000e+00 1.000000e+00 1.000000e-01
3.112720e+03 0.000000e+00 1.000000e+00 1.000000e-01
3.112730e+03 0.000000e+00 1.000000e+00 1.000000e-01
3.112740e+03 0.000000e+00 1.000000e+00 1.000000e-01
3.112750e+03 0.000000e+00 1.000000e+00 1.000000e-01
3.112760e+03 0.000000e+00 1.000000e+00 1.000000e-01
3.112770e+03 0.000000e+00 1.000000e+00 1.000000e-01
3.112780e+03 0.000000e+00 1.000000e+00 1.000000e-01
3.112790e+03 0.000000e+00 1.000000e+00 1.000000e-01
3.112800e+03 0.000000e+00 1.000000e+00 1.000000e-01
3.112810e+03 0.000000e+00 1.000000e+00 1.000000e-01
3.112820e+03 0.000000e+00 1.000000e+00 1.000000e-01
3.112830e+03 0.000000e+00 1.000000e+00 1.000000e-01
3.112840e+03 0.000000e+00 1.000000e+00 1.000000e-01
3.112850e+03 0.000000e+00 1.000000e+00 1.000000e-01
3.112860e+03 0.000000e+00 1.000000e+00 1.000000e-01
3.112870e+03 0.000000e+00 1.000000e+00 1.000000e-01
3.112880e+03 0.000000e+00 1.000000e+00 1.000000e-01
3.112890e+03 0.000000e+00 1.000000e+00 1.000000e-01
3.112900e+03 0.000000e+00 1.000000e+00 1.000000e-01
3.112910e+03 0.000000e+00 1.000000e+00 1.000000e-01
3.112920e+03 0.000000e+00 1.000000e+00 1.000000e-01
3.112930e+03 0.000000e+00 1.000000e+00 1.000000e-01
3.112940e+03 0.000000e+00 1.000000e+00 1.000000e-01
3.112950e+03 0.000000e+00 1.000000e+00 1.000000e-01
3.112960e+03 0.000000e+00 1.000000e+00 1.000000e-01
3.112970e+03 0.000000e+00 1.000000e+00 1.000000e-01
3.112980e+03 0.000000e+00 1.000000e+00 1.000000e-01
3.112990e+03 0.000000e+00 1.000000e+00 1.000000e-01
3.113000e+03 0.000000e+00 1.000000e+00 1.000000e-01
3.113010e+03 0.000000e+00 1.000000e+00 1.000000e-01
3.113020e+03 0.000000e+00 1.000000e+00 1.000000e-01
3.113030e+03 0.000000e+00 1.000000e+00 1.000000e-01
3.113040e+03 0.000000e+00 1.000000e+00 1.000000e-01
3.113050e+03 0.000000e+00 1.000000e+00 1.000000e-01
3.113060e+03 0.000000e+00 1.000000e+00 1.000000e-01
3.113070e+03 0.000000e+00 1.000000e+00 1.000000e-01
3.113080e+03 0.000000e+00 1.000000e+00 1.000000e-01
3.113090e+03 0.000000e+00 1.000000e+00 1.000000e-01
3.113100e+03 0.000000e+00 1.000000e+00 1.000000e-01
3.113110e+03 0.000000e+00 1.000000e+00 1.000000e-01
3.113120e+03 0.000000e+00 1.000000e+00 1.000000e-01
3.113130e+03 0.000000e+00 1.000000e+00 1.000000e-01
3.113140e+03 0.000000e+00 1.000000e+00 1.000000e-01
3.113150e+03 0.000000e+00 1.000000e+00 1.000000e-01
3.113160e+03 0.000000e+00 1.000000e+00 1.000000e-01
3.113170e+03 0.000000e+00 1.000000e+00 1.000000e-01
3.113180e+03 0.000000e+00 1.000000e+00 1.000000e-01
3.113190e+03 0.000000e+00 1.000000e+00 1.000000e-01
3.113200e+03 0.000000e+00 1.000000e+00 1.000000e-01
3.113210e+03 0.000000e+00 1.000000e+00 1.000000e-01
3.113220e+03 0.000000e+00 1.000000e+00 1.000000e-01
3.113230e+03 0.000000e+00 1.000000e+00 1.000000e-01
3.113240e+03 0.000000e+00 1.000000e+00 1.000000e-01
3.113250e+03 0.000000e+00 1.000000e+00 1.000000e-01
3.113260e+03 0.000000e+00 1.000000e+00 1.000000e-01
3.113270e+03 0.000000e+00 1.000000e+00 1.000000e-01
3.113280e+03 0.000000e+00 1.000000e+00 1.000000e-01
3.113290e+03 0.000000e+00 1.000000e+00 1.000000e-01
3.113300e+03 0.000000e+00 1.000000e+00 1.000000e-01
3.113310e+03 0.000000e+00 1.000000e+00 1.000000e-01
3.113320e+03 0.000000e+00 1.000000e+00 1.000000e-01
3.113330e+03 0.000000e+00 1.000000e+00 1.000000e-01
3.113340e+03 0.000000e+00 1.000000e+00 1.000000e-01
3.113350e+03 0.000000e+00 1.000000e+00 1.000000e-01
3.113360e+03 0.000000e+00 1.000000e+00 1.000000e-01
3.113370e+03 0.000000e+00 1.000000e+00 1.000000e-01
3.113380e+03 0.000000e+00 1.000000e+00 1.000000e-01
3.113390e+03 0.000000e+00 1.000000e+00 1.000000e-01
3.113400e+03 0.000000e+00 1.000000e+00 1.000000e-01
3.113410e+03 0.000000e+00 1.000000e+00 1.000000e-01
3.113420e+03 0.000000e+00 1.000000e+00 1.000000e-01
3.113430e+03 0.000000e+00 1.000000e+00 1.000000e-01
3.113440e+03 0.000000e+00 1.000000e+00 1.000000e-01
3.113450e+03 0.000000e+00 1.000000e+00 1.000000e-01
3.113460e+03 0.000000e+00 1.000000e+00 1.000000e-01
3.113470e+03 0.000000e+00 1.000000e+00 1.000000e-01
3.113480e+03 0.000000e+00 1.000000e+00 1.000000e-01
3.113490e+03 0.000000e+00 1.000000e+00 1.000000e-01
3.113500e+03 0.000000e+00 1.000000e+00 1.000000e-01
3.113510e+03 0.000000e+00 1.000000e+00 1.000000e-01
3.113520e+03 0.000000e+00 1.000000e+00 1.000000e-01
3.113530e+03 0.000000e+00 1.000000e+00 1.000000e-01
3.113540e+03 0.000000e+00 1.000000e+00 1.000000e-01
3.113550e+03 0.000000e+00 1.000000e+00 1.000000e-01
3.113560e+03 0.000000e+00 1.000000e+00 1.000000e-01
3.113570e+03 0.000000e+00 1.000000e+00 1.000000e-01
3.113580e+03 0.000000e+00 1.000000e+00 1.000000e-01
3.113590e+03 0.000000e+00 1.000000e+00 1.000000e-01
3.113600e+03 0.000000e+00 1.000000e+00 1.000000e-01
3.113610e+03 0.000000e+00 1.000000e+00 1.000000e-01
3.113620e+03 0.000000e+00 1.000000e+00 1.000000e-01
3.113630e+03 0.000000e+00 1.000000e+00 1.000000e-01
3.113640e+03 0.000000e+00 1.000000e+00 1.000000e-01
3.113650e+03 0.000000e+00 1.000000e+00 1.000000e-01
3.113660e+03 0.000000e+00 1.000000e+00 1.000000e-01
3.113670e+03 0.000000e+00 1.000000e+00 1.000000e-01
3.113680e+03 0.000000e+00 1.000000e+00 1.000000e-01
3.113690e+03 0.000000e+00 1.000000e+00 1.000000e-01
3.113700e+03 0.000000e+00 1.000000e+00 1.000000e-01
3.113710e+03 0.000000e+00 1.000000e+00 1.000000e-01
3.113720e+03 0.000000e+00 1.000000e+00 1.000000e-01
3.113730e+03 0.000000e+00 1.000000e+00 1.000000e-01
3.113740e+03 0.000000e+00 1.000000e+00 1.000000e-01
3.113750e+03 0.000000e+00 1.000000e+00 1.000000e-01
3.113760e+03 0.000000e+00 1.000000e+00 1.000000e-01
3.113770e+03 0.000000e+00 1.000000e+00 1.000000e-01
3.113780e+03 0.000000e+00 1.000000e+00 1.000000e-01
3.113790e+03 0.000000e+00 1.000000e+00 1.000000e-01
3.113800e+03 0.000000e+00 1.000000e+00 1.000000e-01
3.113810e+03 0.000000e+00 1.000000e+00 1.000000e-01
3.113820e+03 0.000000e+00 1.000000e+00 1.000000e-01
3.113830e+03 0.000000e+00 1.000000e+00 1.000000e-01
3.113840e+03 0.000000e+00 1.000000e+00 1.000000e-01
3.113850e+03 0.000000e+00 1.000000e+00 1.000000e-01
3.113860e+03 0.000000e+00 1.000000e+00 1.000000e-01
3.113870e+03 0.000000e+00 1.000000e+00 1.000000e-01
3.113880e+03 0.000000e+00 1.000000e+00 1.000000e-01
3.113890e+03 0.000000e+00 1.000000e+00 1.000000e-01
3.113900e+03 0.000000e+00 1.000000e+00 1.000000e-01
3.113910e+03 0.000000e+00 1.000000e+00 1.000000e-01
3.113920e+03 0.000000e+00 1.000000e+00 1.000000e-01
3.113930e+03 0.000000e+00 1.000000e+00 1.000000e-01
3.113940e+03 0.000000e+00 1.000000e+00 1.000000e-01
3.113950e+03 0.000000e+00 1.000000e+00 1.000000e-01
3.113960e+03 0.000000e+00 1.000000e+00 1.000000e-01
3.113970e+03 0.000000e+00 1.000000e+00 1.000000e-01
3.113980e+03 0.000000e+00 1.000000e+00 1.000000e-01
3.113990e+03 0.000000e+00 1.000000e+00 1.000000e-01
3.114000e+03 0.000000e+00 1.000000e+00 1.000000e-01
3.114010e+03 0.000000e+00 1.000000e+00 1.000000e-01
3.114020e+03 0.000000e+00 1.000000e+00 1.000000e-01
3.114030e+03 0.000000e+00 1.000000e+00 1.000000e-01
3.114040e+03 0.000000e+00 1.000000e+00 1.000000e-01
3.114050e+03 0.000000e+00 1.000000e+00 1.000000e-01
3.114060e+03 0.000000e+00 1.000000e+00 1.000000e-01
3.114070e+03 0.000000e+00 1.000000e+00 1.000000e-01
3.114080e+03 0.000000e+00 1.000000e+00 1.000000e-01
3.114090e+03 0.000000e+00 1.000000e+00 1.000000e-01
3.114100e+03 0.000000e+00 1.000000e+00 1.000000e-01
3.114110e+03 0.000000e+00 1.000000e+00 1.000000e-01
3.114120e+03 0.000000e+00 1.000000e+00 1.000000e-01
3.114130e+03 0.000000e+00 1.000000e+00 1.000000e-01
3.114140e+03 0.000000e+00 1.000000e+00 1.000000e-01
3.114150e+03 0.000000e+00 1.000000e+00 1.000000e-01
3.114160e+03 0.000000e+00 1.000000e+00 1.000000e-01
3.114170e+03 0.000000e+00 1.000000e+00 1.000000e-01
3.114180e+03 0.000000e+00 1.000000e+00 1.000000e-01
3.114190e+03 0.000000e+00 1.000000e+00 1.000000e-01
3.114200e+03 0.000000e+00 1.000000e+00 1.000000e-01
3.114210e+03 0.000000e+00 1.000000e+00 1.000000e-01
3.114220e+03 0.000000e+00 1.000000e+00 1.000000e-01
3.114230e+03 0.000000e+00 1.000000e+00 1.000000e-01
3.114240e+03 0.000000e+00 1.000000e+00 1.000000e-01
3.114250e+03 0.000000e+00 1.000000e+00 1.000000e-01
3.114260e+03 0.000000e+00 1.000000e+00 1.000000e-01
3.114270e+03 0.000000e+00 1.000000e+00 1.000000e-01
3.114280e+03 0.000000e+00 1.000000e+00 1.000000e-01
3.114290e+03 0.000000e+00 1.000000e+00 1.000000e-01
3.114300e+03 0.000000e+00 1.000000e+00 1.000000e-01
3.114310e+03 0.000000e+00 1.000000e+00 1.000000e-01
3.114320e+03 0.000000e+00 1.000000e+00 1.000000e-01
3.114330e+03 0.000000e+00 1.000000e+00 1.000000e-01
3.114340e+03 0.000000e+00 1.000000e+00 1.000000e-01
3.114350e+03 0.000000e+00 1.000000e+00 1.000000e-01
3.114360e+03 0.000000e+00 1.000000e+00 1.000000e-01
3.114370e+03 0.000000e+00 1.000000e+00 1.000000e-01
3.114380e+03 0.000000e+00 1.000000e+00 1.000000e-01
3.114390e+03 0.000000e+00 1.000000e+00 1.000000e-01
3.114400e+03 0.000000e+00 1.000000e+00 1.000000e-01
3.114410e+03 0.000000e+00 1.000000e+00 1.000000e-01
3.114420e+03 0.000000e+00 1.000000e+00 1.000000e-01
3.114430e+03 0.000000e+00 1.000000e+00 1.000000e-01
3.114440e+03 0.000000e+00 1.000000e+00 1.000000e-01
3.114450e+03 0.000000e+00 1.000000e+00 1.000000e-01
3.114460e+03 0.000000e+00 1.000000e+00 1.000000e-01
3.114470e+03 0.000000e+00 1.000000e+00 1.000000e-01
3.114480e+03 0.000000e+00 1.000000e+00 1.000000e-01
3.114490e+03 0.000000e+00 1.000000e+00 1.000000e-01
3.114500e+03 0.000000e+00 1.000000e+00 1.000000e-01
3.114510e+03 0.000000e+00 1.000000e+00 1.000000e-01
3.114520e+03 0.000000e+00 1.000000e+00 1.000000e-01
3.114530e+03 0.000000e+00 1.000000e+00 1.000000e-01
3.114540e+03 0.000000e+00 1.000000e+00 1.000000e-01
3.114550e+03 0.000000e+00 1.000000e+00 1.000000e-01
3.114560e+03 0.000000e+00 1.000000e+00 1.000000e-01
3.114570e+03 0.000000e+00 1.000000e+00 1.000000e-01
3.114580e+03 0.000000e+00 1.000000e+00 1.000000e-01
3.114590e+03 0.000000e+00 1.000000e+00 1.000000e-01
3.114600e+03 0.000000e+00 1.000000e+00 1.000000e-01
3.114610e+03 0.000000e+00 1.000000e+00 1.000000e-01
3.114620e+03 0.000000e+00 1.000000e+00 1.000000e-01
3.114630e+03 0.000000e+00 1.000000e+00 1.000000e-01
3.114640e+03 0.000000e+00 1.000000e+00 1.000000e-01
3.114650e+03 0.000000e+00 1.000000e+00 1.000000e-01
3.114660e+03 0.000000e+00 1.000000e+00 1.000000e-01
3.114670e+03 0.000000e+00 1.000000e+00 1.000000e-01
3.114680e+03 0.000000e+00 1.000000e+00 1.000000e-01
3.114690e+03 0.000000e+00 1.000000e+00 1.000000e-01
3.114700e+03 0.000000e+00 1.000000e+00 1.000000e-01
3.114710e+03 0.000000e+00 1.000000e+00 1.000000e-01
3.114720e+03 0.000000e+00 1.000000e+00 1.000000e-01
3.114730e+03 0.000000e+00 1.000000e+00 1.000000e-01
3.114740e+03 0.000000e+00 1.000000e+00 1.000000e-01
3.114750e+03 0.000000e+00 1.000000e+00 1.000000e-01
3.114760e+03 0.000000e+00 1.000000e+00 1.000000e-01
3.114770e+03 0.000000e+00 1.000000e+00 1.000000e-01
3.114780e+03 0.000000e+00 1.000000e+00 1.000000e-01
3.114790e+03 0.000000e+00 1.000000e+00 1.000000e-01
3.114800e+03 0.000000e+00 1.000000e+00 1.000000e-01
3.114810e+03 0.000000e+00 1.000000e+00 1.000000e-01
3.114820e+03 0.000000e+00 1.000000e+00 1.000000e-01
3.114830e+03 0.000000e+00 1.000000e+00 1.000000e-01
3.114840e+03 0.000000e+00 1.000000e+00 1.000000e-01
3.114850e+03 0.000000e+00 1.000000e+00 1.000000e-01
3.114860e+03 0.000000e+00 1.000000e+00 1.000000e-01
3.114870e+03 0.000000e+00 1.000000e+00 1.000000e-01
3.114880e+03 0.000000e+00 1.000000e+00 1.000000e-01
3.114890e+03 0.000000e+00 1.000000e+00 1.000000e-01
3.114900e+03 0.000000e+00 1.000000e+00 1.000000e-01
3.114910e+03 0.000000e+00 1.000000e+00 1.000000e-01
3.114920e+03 0.000000e+00 1.000000e+00 1.000000e-01
3.114930e+03 0.000000e+00 1.000000e+00 1.000000e-01
3.114940e+03 0.000000e+00 1.000000e+00 1.000000e-01
3.114950e+03 0.000000e+00 1.000000e+00 1.000000e-01
3.114960e+03 0.000000e+00 1.000000e+00 1.000000e-01
3.114970e+03 0.000000e+00 1.000000e+00 1.000000e-01
3.114980e+03 0.000000e+00 1.000000e+00 1.000000e-01
3.114990e+03 0.000000e+00 1.000000e+00 1.000000e-01
3.115000e+03 0.000000e+00 1.000000e+00 1.000000e-01
3.115010e+03 0.000000e+00 1.000000e+00 1.000000e-01
3.115020e+03 0.000000e+00 1.000000e+00 1.000000e-01
3.115030e+03 0.000000e+00 1.000000e+00 1.000000e-01
3.115040e+03 0.000000e+00 1.000000e+00 1.000000e-01
3.115050e+03 0.000000e+00 1.000000e+00 1.000000e-01
3.115060e+03 0.000000e+00 1.000000e+00 1.000000e-01
3.115070e+03 0.000000e+00 1.000000e+00 1.000000e-01
3.115080e+03 0.000000e+00 1.000000e+00 1.000000e-01
3.115090e+03 0.000000e+00 1.000000e+00 1.000000e-01
3.115100e+03 0.000000e+00 1.000000e+00 1.000000e-01
3.115110e+03 0.000000e+00 1.000000e+00 1.000000e-01
3.115120e+03 0.000000e+00 1.000000e+00 1.000000e-01
3.115130e+03 0.000000e+00 1.000000e+00 1.000000e-01
3.115140e+03 0.000000e+00 1.000000e+00 1.000000e-01
3.115150e+03 0.000000e+00 1.000000e+00 1.000000e-01
3.115160e+03 0.000000e+00 1.000000e+00 1.000000e-01
3.115170e+03 0.000000e+00 1.000000e+00 1.000000e-01
3.115180e+03 0.000000e+00 1.000000e+00 1.000000e-01
3.115190e+03 0.000000e+00 1.000000e+00 1.000000e-01
3.115200e+03 0.000000e+00 1.000000e+00 1.000000e-01
3.115210e+03 0.000000e+00 1.000000e+00 1.000000e-01
3.115220e+03 0.000000e+00 1.000000e+00 1.000000e-01
3.115230e+03 0.000000e+00 1.000000e+00 1.000000e-01
3.115240e+03 0.000000e+00 1.000000e+00 1.000000e-01
3.115250e+03 0.000000e+00 1.000000e+00 1.000000e-01
3.115260e+03 0.000000e+00 1.000000e+00 1.000000e-01
3.115270e+03 0.000000e+00 1.000000e+00 1.000000e-01
3.115280e+03 0.000000e+00 1.000000e+00 1.000000e-01
3.115290e+03 0.000000e+00 1.000000e+00 1.000000e-01
3.115300e+03 0.000000e+00 1.000000e+00 1.000000e-01
3.115310e+03 0.000000e+00 1.000000e+00 1.000000e-01
3.115320e+03 0.000000e+00 1.000000e+00 1.000000e-01
3.115330e+03 0.000000e+00 1.000000e+00 1.000000e-01
3.115340e+03 0.000000e+00 1.000000e+00 1.000000e-01
3.115350e+03 0.000000e+00 1.000000e+00 1.000000e-01
3.115360e+03 0.000000e+00 1.000000e+00 1.000000e-01
3.115370e+03 0.000000e+00 1.000000e+00 1.000000e-01
3.115380e+03 0.000000e+00 1.000000e+00 1.000000e-01
3.115390e+03 0.000000e+00 1.000000e+00 1.000000e-01
3.115400e+03 0.000000e+00 1.000000e+00 1.000000e-01
3.115410e+03 0.000000e+00 1.000000e+00 1.000000e-01
3.115420e+03 0.000000e+00 1.000000e+00 1.000000e-01
3.115430e+03 0.000000e+00 1.000000e+00 1.000000e-01
3.115440e+03 0.000000e+00 1.000000e+00 1.000000e-01
3.115450e+03 0.000000e+00 1.000000e+00 1.000000e-01
3.115460e+03 0.000000e+00 1.000000e+00 1.000000e-01
3.115470e+03 0.000000e+00 1.000000e+00 1.000000e-01
3.115480e+03 0.000000e+00 1.000000e+00 1.000000e-01
3.115490e+03 0.000000e+00 1.000000e+00 1.000000e-01
3.115500e+03 0.000000e+00 1.000000e+00 1.000000e-01
3.115510e+03 0.000000e+00 1.000000e+00 1.000000e-01
3.115520e+03 0.000000e+00 1.000000e+00 1.000000e-01
3.115530e+03 0.000000e+00 1.000000e+00 1.000000e-01
3.115540e+03 0.000000e+00 1.000000e+00 1.000000e-01
3.115550e+03 0.000000e+00 1.000000e+00 1.000000e-01
3.115560e+03 0.000000e+00 1.000000e+00 1.000000e-01
3.115570e+03 0.000000e+00 1.000000e+00 1.000000e-01
3.115580e+03 0.000000e+00 1.000000e+00 1.000000e-01
3.115590e+03 0.000000e+00 1.000000e+00 1.000000e-01
3.115600e+03 0.000000e+00 1.000000e+00 1.000000e-01
3.115610e+03 0.000000e+00 1.000000e+00 1.000000e-01
3.115620e+03 0.000000e+00 1.000000e+00 1.000000e-01
3.115630e+03 0.000000e+00 1.000000e+00 1.000000e-01
3.115640e+03 0.000000e+00 1.000000e+00 1.000000e-01
3.115650e+03 0.000000e+00 1.000000e+00 1.000000e-01
3.115660e+03 0.000000e+00 1.000000e+00 1.000000e-01
3.115670e+03 0.000000e+00 1.000000e+00 1.000000e-01
3.115680e+03 0.000000e+00 1.000000e+00 1.000000e-01
3.115690e+03 0.000000e+00 1.000000e+00 1.000000e-01
3.115700e+03 0.000000e+00 1.000000e+00 1.000000e-01
3.115710e+03 0.000000e+00 1.000000e+00 1.000000e-01
3.115720e+03 0.000000e+00 1.000000e+00 1.000000e-01
3.115730e+03 0.000000e+00 1.000000e+00 1.000000e-01
3.115740e+03 0.000000e+00 1.000000e+00 1.000000e-01
3.115750e+03 0.000000e+00 1.000000e+00 1.000000e-01
3.115760e+03 0.000000e+00 1.000000e+00 1.000000e-01
3.115770e+03 0.000000e+00 1.000000e+00 1.000000e-01
3.115780e+03 0.000000e+00 1.000000e+00 1.000000e-01
3.115790e+03 0.000000e+00 1.000000e+00 1.000000e-01
3.115800e+03 0.000000e+00 1.000000e+00 1.000000e-01
3.115810e+03 0.000000e+00 1.000000e+00 1.000000e-01
3.115820e+03 0.000000e+00 1.000000e+00 1.000000e-01
3.115830e+03 0.000000e+00 1.000000e+00 1.000000e-01
3.115840e+03 0.000000e+00 1.000000e+00 1.000000e-01
3.115850e+03 0.000000e+00 1.000000e+00 1.000000e-01
3.115860e+03 0.000000e+00 1.000000e+00 1.000000e-01
3.115870e+03 0.000000e+00 1.000000e+00 1.000000e-01
3.115880e+03 0.000000e+00 1.000000e+00 1.000000e-01
3.115890e+03 0.000000e+00 1.000000e+00 1.000000e-01
3.115900e+03 0.000000e+00 1.000000e+00 1.000000e-01
3.115910e+03 0.000000e+00 1.000000e+00 1.000000e-01
3.115920e+03 0.000000e+00 1.000000e+00 1.000000e-01
3.115930e+03 0.000000e+00 1.000000e+00 1.000000e-01
3.115940e+03 0.000000e+00 1.000000e+00 1.000000e-01
3.115950e+03 0.000000e+00 1.000000e+00 1.000000e-01
3.115960e+03 0.000000e+00 1.000000e+00 1.000000e-01
3.115970e+03 0.000000e+00 1.000000e+00 1.000000e-01
3.115980e+03 0.000000e+00 1.000000e+00 1.000000e-01
3.115990e+03 0.000000e+00 1.000000e+00 1.000000e-01
3.116000e+03 0.000000e+00 1.000000e+00 1.000000e-01
3.116010e+03 0.000000e+00 1.000000e+00 1.000000e-01
3.116020e+03 0.000000e+00 1.000000e+00 1.000000e-01
3.116030e+03 0.000000e+00 1.000000e+00 1.000000e-01
3.116040e+03 0.000000e+00 1.000000e+00 1.000000e-01
3.116050e+03 0.000000e+00 1.000000e+00 1.000000e-01
3.116060e+03 0.000000e+00 1.000000e+00 1.000000e-01
3.116070e+03 0.000000e+00 1.000000e+00 1.000000e-01
3.116080e+03 0.000000e+00 1.000000e+00 1.000000e-01
3.116090e+03 0.000000e+00 1.000000e+00 1.000000e-01
3.116100e+03 0.000000e+00 1.000000e+00 1.000000e-01
3.116110e+03 0.000000e+00 1.000000e+00 1.000000e-01
3.116120e+03 0.000000e+00 1.000000e+00 1.000000e-01
3.116130e+03 0.000000e+00 1.000000e+00 1.000000e-01
3.116140e+03 0.000000e+00 1.000000e+00 1.000000e-01
3.116150e+03 0.000000e+00 1.000000e+00 1.000000e-01
3.116160e+03 0.000000e+00 1.000000e+00 1.000000e-01
3.116170e+03 0.000000e+00 1.000000e+00 1.000000e-01
3.116180e+03 0.000000e+00 1.000000e+00 1.000000e-01
3.116190e+03 0.000000e+00 1.000000e+00 1.000000e-01
3.116200e+03 0.000000e+00 1.000000e+00 1.000000e-01
3.116210e+03 0.000000e+00 1.000000e+00 1.000000e-01
3.116220e+03 0.000000e+00 1.000000e+00 1.000000e-01
3.116230e+03 0.000000e+00 1.000000e+00 1.000000e-01
3.116240e+03 0.000000e+00 1.000000e+00 1.000000e-01
3.116250e+03 0.000000e+00 1.000000e+00 1.000000e-01
3.116260e+03 0.000000e+00 1.000000e+00 1.000000e-01
3.116270e+03 0.000000e+00 1.000000e+00 1.000000e-01
3.116280e+03 0.000000e+00 1.000000e+00 1.000000e-01
3.116290e+03 0.000000e+00 1.000000e+00 1.000000e-01
3.116300e+03 0.000000e+00 1.000000e+00 1.000000e-01
3.116310e+03 0.000000e+00 1.000000e+00 1.000000e-01
3.116320e+03 0.000000e+00 1.000000e+00 1.000000e-01
3.116330e+03 0.000000e+00 1.000000e+00 1.000000e-01
3.116340e+03 0.000000e+00 1.000000e+00 1.000000e-01
3.116350e+03 0.000000e+00 1.000000e+00 1.000000e-01
3.116360e+03 0.000000e+00 1.000000e+00 1.000000e-01
3.116370e+03 0.000000e+00 1.000000e+00 1.000000e-01
3.116380e+03 0.000000e+00 1.000000e+00 1.000000e-01
3.116390e+03 0.000000e+00 1.000000e+00 1.000000e-01
3.116400e+03 0.000000e+00 1.000000e+00 1.000000e-01
3.116410e+03 0.000000e+00 1.000000e+00 1.000000e-01
3.116420e+03 0.000000e+00 1.000000e+00 1.000000e-01
3.116430e+03 0.000000e+00 1.000000e+00 1.000000e-01
3.116440e+03 0.000000e+00 1.000000e+00 1.000000e-01
3.116450e+03 0.000000e+00 1.000000e+00 1.000000e-01
3.116460e+03 0.000000e+00 1.000000e+00 1.000000e-01
3.116470e+03 0.000000e+00 1.000000e+00 1.000000e-01
3.116480e+03 0.000000e+00 1.000000e+00 1.000000e-01
3.116490e+03 0.000000e+00 1.000000e+00 1.000000e-01
3.116500e+03 0.000000e+00 1.000000e+00 1.000000e-01
3.116510e+03 0.000000e+00 1.000000e+00 1.000000e-01
3.116520e+03 0.000000e+00 1.000000e+00 1.000000e-01
3.116530e+03 0.000000e+00 1.000000e+00 1.000000e-01
3.116540e+03 0.000000e+00 1.000000e+00 1.000000e-01
3.116550e+03 0.000000e+00 1.000000e+00 1.000000e-01
3.116560e+03 0.000000e+00 1.000000e+00 1.000000e-01
3.116570e+03 0.000000e+00 1.000000e+00 1.000000e-01
3.116580e+03 0.000000e+00 1.000000e+00 1.000000e-01
3.116590e+03 0.000000e+00 1.000000e+00 1.000000e-01
3.116600e+03 0.000000e+00 1.000000e+00 1.000000e-01
3.116610e+03 0.000000e+00 1.000000e+00 1.000000e-01
3.116620e+03 0.000000e+00 1.000000e+00 1.000000e-01
3.116630e+03 0.000000e+00 1.000000e+00 1.000000e-01
3.116640e+03 0.000000e+00 1.000000e+00 1.000000e-01
3.116650e+03 0.000000e+00 1.000000e+00 1.000000e-01
3.116660e+03 0.000000e+00 1.000000e+00 1.000000e-01
3.116670e+03 0.000000e+00 1.000000e+00 1.000000e-01
3.116680e+03 0.000000e+00 1.000000e+00 1.000000e-01
3.116690e+03 0.000000e+00 1.000000e+00 1.000000e-01
3.116700e+03 0.000000e+00 1.000000e+00 1.000000e-01
3.116710e+03 0.000000e+00 1.000000e+00 1.000000e-01
3.116720e+03 0.000000e+00 1.000000e+00 1.000000e-01
3.116730e+03 0.000000e+00 1.000000e+00 1.000000e-01
3.116740e+03 0.000000e+00 1.000000e+00 1.000000e-01
3.116750e+03 0.000000e+00 1.000000e+00 1.000000e-01
3.116760e+03 0.000000e+00 1.000000e+00 1.000000e-01
3.116770e+03 0.000000e+00 1.000000e+00 1.000000e-01
3.116780e+03 0.000000e+00 1.000000e+00 1.000000e-01
3.116790e+03 0.000000e+00 1.000000e+00 1.000000e-01
3.116800e+03 0.000000e+00 1.000000e+00 1.000000e-01
3.116810e+03 0.000000e+00 1.000000e+00 1.000000e-01
3.116820e+03 0.000000e+00 1.000000e+00 1.000000e-01
3.116830e+03 0.000000e+00 1.000000e+00 1.000000e-01
3.116840e+03 0.000000e+00 1.000000e+00 1.000000e-01
3.116850e+03 0.000000e+00 1.000000e+00 1.000000e-01
3.116860e+03 0.000000e+00 1.000000e+00 1.000000e-01
3.116870e+03 0.000000e+00 1.000000e+00 1.000000e-01
3.116880e+03 0.000000e+00 1.000000e+00 1.000000e-01
3.116890e+03 0.000000e+00 1.000000e+00 1.000000e-01
3.116900e+03 0.000000e+00 1.000000e+00 1.000000e-01
3.116910e+03 0.000000e+00 1.000000e+00 1.000000e-01
3.116920e+03 0.000000e+00 1.000000e+00 1.000000e-01
3.116930e+03 0.000000e+00 1.000000e+00 1.000000e-01
3.116940e+03 0.000000e+00 1.000000e+00 1.000000e-01
3.116950e+03 0.000000e+00 1.000000e+00 1.000000e-01
3.116960e+03 0.000000e+00 1.000000e+00 1.000000e-01
3.116970e+03 0.000000e+00 1.000000e+00 1.000000e-01
3.116980e+03 0.000000e+00 1.000000e+00 1.000000e-01
3.116990e+03 0.000000e+00 1.000000e+00 1.000000e-01
3.117000e+03 0.000000e+00 1.000000e+00 1.000000e-01
3.117010e+03 0.000000e+00 1.000000e+00 1.000000e-01
3.117020e+03 0.000000e+00 1.000000e+00 1.000000e-01
3.117030e+03 0.000000e+00 1.000000e+00 1.000000e-01
3.117040e+03 0.000000e+00 1.000000e+00 1.000000e-01
3.117050e+03 0.000000e+00 1.000000e+00 1.000000e-01
3.117060e+03 0.000000e+00 1.000000e+00 1.000000e-01
3.117070e+03 0.000000e+00 1.000000e+00 1.000000e-01
3.117080e+03 0.000000e+00 1.000000e+00 1.000000e-01
3.117090e+03 0.000000e+00 1.000000e+00 1.000000e-01
3.117100e+03 0.000000e+00 1.000000e+00 1.000000e-01
3.117110e+03 0.000000e+00 1.000000e+00 1.000000e-01
3.117120e+03 0.000000e+00 1.000000e+00 1.000000e-01
3.117130e+03 0.000000e+00 1.000000e+00 1.000000e-01
3.117140e+03 0.000000e+00 1.000000e+00 1.000000e-01
3.117150e+03 0.000000e+00 1.000000e+00 1.000000e-01
3.117160e+03 0.000000e+00 1.000000e+00 1.000000e-01
3.117170e+03 0.000000e+00 1.000000e+00 1.000000e-01
3.117180e+03 0.000000e+00 1.000000e+00 1.000000e-01
3.117190e+03 0.000000e+00 1.000000e+00 1.000000e-01
3.117200e+03 0.000000e+00 1.000000e+00 1.000000e-01
3.117210e+03 0.000000e+00 1.000000e+00 1.000000e-01
3.117220e+03 0.000000e+00 1.000000e+00 1.000000e-01
3.117230e+03 0.000000e+00 1.000000e+00 1.000000e-01
3.117240e+03 0.000000e+00 1.000000e+00 1.000000e-01
3.117250e+03 0.000000e+00 1.000000e+00 1.000000e-01
3.117260e+03 0.000000e+00 1.000000e+00 1.000000e-01
3.117270e+03 0.000000e+00 1.000000e+00 1.000000e-01
3.117280e+03 0.000000e+00 1.000000e+00 1.000000e-01
3.117290e+03 0.000000e+00 1.000000e+00 1.000000e-01
3.117300e+03 0.000000e+00 1.000000e+00 1.000000e-01
3.117310e+03 0.000000e+00 1.000000e+00 1.000000e-01
3.117320e+03 0.000000e+00 1.000000e+00 1.000000e-01
3.117330e+03 0.000000e+00 1.000000e+00 1.000000e-01
3.117340e+03 0.000000e+00 1.000000e+00 1.000000e-01
3.117350e+03 0.000000e+00 1.000000e+00 1.000000e-01
3.117360e+03 0.000000e+00 1.000000e+00 1.000000e-01
3.117370e+03 0.000000e+00 1.000000e+00 1.000000e-01
3.117380e+03 0.000000e+00 1.000000e+00 1.000000e-01
3.117390e+03 0.000000e+00 1.000000e+00 1.000000e-01
3.117400e+03 0.000000e+00 1.000000e+00 1.000000e-01
3.117410e+03 0.000000e+00 1.000000e+00 1.000000e-01
3.117420e+03 0.000000e+00 1.000000e+00 1.000000e-01
3.117430e+03 0.000000e+00 1.000000e+00 1.000000e-01
3.117440e+03 0.000000e+00 1.000000e+00 1.000000e-01
3.117450e+03 0.000000e+00 1.000000e+00 1.000000e-01
3.117460e+03 0.000000e+00 1.000000e+00 1.000000e-01
3.117470e+03 0.000000e+00 1.000000e+00 1.000000e-01
3.117480e+03 0.000000e+00 1.000000e+00 1.000000e-01
3.117490e+03 0.000000e+00 1.000000e+00 1.000000e-01
3.117500e+03 0.000000e+00 1.000000e+00 1.000000e-01
3.117510e+03 0.000000e+00 1.000000e+00 1.000000e-01
3.117520e+03 0.000000e+00 1.000000e+00 1.000000e-01
3.117530e+03 0.000000e+00 1.000000e+00 1.000000e-01
3.117540e+03 0.000000e+00 1.000000e+00 1.000000e-01
3.117550e+03 0.000000e+00 1.000000e+00 1.000000e-01
3.117560e+03 0.000000e+00 1.000000e+00 1.000000e-01
3.117570e+03 0.000000e+00 1.000000e+00 1.000000e-01
3.117580e+03 0.000000e+00 1.000000e+00 1.000000e-01
3.117590e+03 0.000000e+00 1.000000e+00 1.000000e-01
3.117600e+03 0.000000e+00 1.000000e+00 1.000000e-01
3.117610e+03 0.000000e+00 1.000000e+00 1.000000e-01
3.117620e+03 0.000000e+00 1.000000e+00 1.000000e-01
3.117630e+03 0.000000e+00 1.000000e+00 1.000000e-01
3.117640e+03 0.000000e+00 1.000000e+00 1.000000e-01
3.117650e+03 0.000000e+00 1.000000e+00 1.000000e-01
3.117660e+03 0.000000e+00 1.000000e+00 1.000000e-01
3.117670e+03 0.000000e+00 1.000000e+00 1.000000e-01
3.117680e+03 0.000000e+00 1.000000e+00 1.000000e-01
3.117690e+03 0.000000e+00 1.000000e+00 1.000000e-01
3.117700e+03 0.000000e+00 1.000000e+00 1.000000e-01
3.117710e+03 0.000000e+00 1.000000e+00 1.000000e-01
3.117720e+03 0.000000e+00 1.000000e+00 1.000000e-01
3.117730e+03 0.000000e+00 1.000000e+00 1.000000e-01
3.117740e+03 0.000000e+00 1.000000e+00 1.000000e-01
3.117750e+03 0.000000e+00 1.000000e+00 1.000000e-01
3.117760e+03 0.000000e+00 1.000000e+00 1.000000e-01
3.117770e+03 0.000000e+00 1.000000e+00 1.000000e-01
3.117780e+03 0.000000e+00 1.000000e+00 1.000000e-01
3.117790e+03 0.000000e+00 1.000000e+00 1.000000e-01
3.117800e+03 0.000000e+00 1.000000e+00 1.000000e-01
3.117810e+03 0.000000e+00 1.000000e+00 1.000000e-01
3.117820e+03 0.000000e+00 1.000000e+00 1.000000e-01
3.117830e+03 0.000000e+00 1.000000e+00 1.000000e-01
3.117840e+03 0.000000e+00 1.000000e+00 1.000000e-01
3.117850e+03 0.000000e+00 1.000000e+00 1.000000e-01
3.117860e+03 0.000000e+00 1.000000e+00 1.000000e-01
3.117870e+03 0.000000e+00 1.000000e+00 1.000000e-01
3.117880e+03 0.000000e+00 1.000000e+00 1.000000e-01
3.117890e+03 0.000000e+00 1.000000e+00 1.000000e-01
3.117900e+03 0.000000e+00 1.000000e+00 1.000000e-01
3.117910e+03 0.000000e+00 1.000000e+00 1.000000e-01
3.117920e+03 0.000000e+00 1.000000e+00 1.000000e-01
3.117930e+03 0.000000e+00 1.000000e+00 1.000000e-01
3.117940e+03 0.000000e+00 1.000000e+00 1.000000e-01
3.117950e+03 0.000000e+00 1.000000e+00 1.000000e-01
3.117960e+03 0.000000e+00 1.000000e+00 1.000000e-01
3.117970e+03 0.000000e+00 1.000000e+00 1.000000e-01
3.117980e+03 0.000000e+00 1.000000e+00 1.000000e-01
3.117990e+03 0.000000e+00 1.000000e+00 1.000000e-01
3.118000e+03 0.000000e+00 1.000000e+00 1.000000e-01
3.118010e+03 0.000000e+00 1.000000e+00 1.000000e-01
3.118020e+03 0.000000e+00 1.000000e+00 1.000000e-01
3.118030e+03 0.000000e+00 1.000000e+00 1.000000e-01
3.118040e+03 0.000000e+00 1.000000e+00 1.000000e-01
3.118050e+03 0.000000e+00 1.000000e+00 1.000000e-01
3.118060e+03 0.000000e+00 1.000000e+00 1.000000e-01
3.118070e+03 0.000000e+00 1.000000e+00 1.000000e-01
3.118080e+03 0.000000e+00 1.000000e+00 1.000000e-01
3.118090e+03 0.000000e+00 1.000000e+00 1.000000e-01
3.118100e+03 0.000000e+00 1.000000e+00 1.000000e-01
3.118110e+03 0.000000e+00 1.000000e+00 1.000000e-01
3.118120e+03 0.000000e+00 1.000000e+00 1.000000e-01
3.118130e+03 0.000000e+00 1.000000e+00 1.000000e-01
3.118140e+03 0.000000e+00 1.000000e+00 1.000000e-01
3.118150e+03 0.000000e+00 1.000000e+00 1.000000e-01
3.118160e+03 0.000000e+00 1.000000e+00 1.000000e-01
3.118170e+03 0.000000e+00 1.000000e+00 1.000000e-01
3.118180e+03 0.000000e+00 1.000000e+00 1.000000e-01
3.118190e+03 0.000000e+00 1.000000e+00 1.000000e-01
3.118200e+03 0.000000e+00 1.000000e+00 1.000000e-01
3.118210e+03 0.000000e+00 1.000000e+00 1.000000e-01
3.118220e+03 0.000000e+00 1.000000e+00 1.000000e-01
3.118230e+03 0.000000e+00 1.000000e+00 1.000000e-01
3.118240e+03 0.000000e+00 1.000000e+00 1.000000e-01
3.118250e+03 0.000000e+00 1.000000e+00 1.000000e-01
3.118260e+03 0.000000e+00 1.000000e+00 1.000000e-01
3.118270e+03 0.000000e+00 1.000000e+00 1.000000e-01
3.118280e+03 0.000000e+00 1.000000e+00 1.000000e-01
3.118290e+03 0.000000e+00 1.000000e+00 1.000000e-01
3.118300e+03 0.000000e+00 1.000000e+00 1.000000e-01
3.118310e+03 0.000000e+00 1.000000e+00 1.000000e-01
3.118320e+03 0.000000e+00 1.000000e+00 1.000000e-01
3.118330e+03 0.000000e+00 1.000000e+00 1.000000e-01
3.118340e+03 0.000000e+00 1.000000e+00 1.000000e-01
3.118350e+03 0.000000e+00 1.000000e+00 1.000000e-01
3.118360e+03 0.000000e+00 1.000000e+00 1.000000e-01
3.118370e+03 0.000000e+00 1.000000e+00 1.000000e-01
3.118380e+03 0.000000e+00 1.000000e+00 1.000000e-01
3.118390e+03 0.000000e+00 1.000000e+00 1.000000e-01
3.118400e+03 0.000000e+00 1.000000e+00 1.000000e-01
3.118410e+03 0.000000e+00 1.000000e+00 1.000000e-01
3.118420e+03 0.000000e+00 1.000000e+00 1.000000e-01
3.118430e+03 0.000000e+00 1.000000e+00 1.000000e-01
3.118440e+03 0.000000e+00 1.000000e+00 1.000000e-01
3.118450e+03 0.000000e+00 1.000000e+00 1.000000e-01
3.118460e+03 0.000000e+00 1.000000e+00 1.000000e-01
3.118470e+03 0.000000e+00 1.000000e+00 1.000000e-01
3.118480e+03 0.000000e+00 1.000000e+00 1.000000e-01
3.118490e+03 0.000000e+00 1.000000e+00 1.000000e-01
3.118500e+03 0.000000e+00 1.000000e+00 1.000000e-01
3.118510e+03 0.000000e+00 1.000000e+00 1.000000e-01
3.118520e+03 0.000000e+00 1.000000e+00 1.000000e-01
3.118530e+03 0.000000e+00 1.000000e+00 1.000000e-01
3.118540e+03 0.000000e+00 1.000000e+00 1.000000e-01
3.118550e+03 0.000000e+00 1.000000e+00 1.000000e-01
3.118560e+03 0.000000e+00 1.000000e+00 1.000000e-01
3.118570e+03 0.000000e+00 1.000000e+00 1.000000e-01
3.118580e+03 0.000000e+00 1.000000e+00 1.000000e-01
3.118590e+03 0.000000e+00 1.000000e+00 1.000000e-01
3.118600e+03 0.000000e+00 1.000000e+00 1.000000e-01
3.118610e+03 0.000000e+00 1.000000e+00 1.000000e-01
3.118620e+03 0.000000e+00 1.000000e+00 1.000000e-01
3.118630e+03 0.000000e+00 1.000000e+00 1.000000e-01
3.118640e+03 0.000000e+00 1.000000e+00 1.000000e-01
3.118650e+03 0.000000e+00 1.000000e+00 1.000000e-01
3.118660e+03 0.000000e+00 1.000000e+00 1.000000e-01
3.118670e+03 0.000000e+00 1.000000e+00 1.000000e-01
3.118680e+03 0.000000e+00 1.000000e+00 1.000000e-01
3.118690e+03 0.000000e+00 1.000000e+00 1.000000e-01
3.118700e+03 0.000000e+00 1.000000e+00 1.000000e-01
3.118710e+03 0.000000e+00 1.000000e+00 1.000000e-01
3.118720e+03 0.000000e+00 1.000000e+00 1.000000e-01
3.118730e+03 0.000000e+00 1.000000e+00 1.000000e-01
3.118740e+03 0.000000e+00 1.000000e+00 1.000000e-01
3.118750e+03 0.000000e+00 1.000000e+00 1.000000e-01
3.118760e+03 0.000000e+00 1.000000e+00 1.000000e-01
3.118770e+03 0.000000e+00 1.000000e+00 1.000000e-01
3.118780e+03 0.000000e+00 1.000000e+00 1.000000e-01
3.118790e+03 0.000000e+00 1.000000e+00 1.000000e-01
3.118800e+03 0.000000e+00 1.000000e+00 1.000000e-01
3.118810e+03 0.000000e+00 1.000000e+00 1.000000e-01
3.118820e+03 0.000000e+00 1.000000e+00 1.000000e-01
3.118830e+03 0.000000e+00 1.000000e+00 1.000000e-01
3.118840e+03 0.000000e+00 1.000000e+00 1.000000e-01
3.118850e+03 0.000000e+00 1.000000e+00 1.000000e-01
3.118860e+03 0.000000e+00 1.000000e+00 1.000000e-01
3.118870e+03 0.000000e+00 1.000000e+00 1.000000e-01
3.118880e+03 0.000000e+00 1.000000e+00 1.000000e-01
3.118890e+03 0.000000e+00 1.000000e+00 1.000000e-01
3.118900e+03 0.000000e+00 1.000000e+00 1.000000e-01
3.118910e+03 0.000000e+00 1.000000e+00 1.000000e-01
3.118920e+03 0.000000e+00 1.000000e+00 1.000000e-01
3.118930e+03 0.000000e+00 1.000000e+00 1.000000e-01
3.118940e+03 0.000000e+00 1.000000e+00 1.000000e-01
3.118950e+03 0.000000e+00 1.000000e+00 1.000000e-01
3.118960e+03 0.000000e+00 1.000000e+00 1.000000e-01
3.118970e+03 0.000000e+00 1.000000e+00 1.000000e-01
3.118980e+03 0.000000e+00 1.000000e+00 1.000000e-01
3.118990e+03 0.000000e+00 1.000000e+00 1.000000e-01
3.119000e+03 0.000000e+00 1.000000e+00 1.000000e-01
3.119010e+03 0.000000e+00 1.000000e+00 1.000000e-01
3.119020e+03 0.000000e+00 1.000000e+00 1.000000e-01
3.119030e+03 0.000000e+00 1.000000e+00 1.000000e-01
3.119040e+03 0.000000e+00 1.000000e+00 1.000000e-01
3.119050e+03 0.000000e+00 1.000000e+00 1.000000e-01
3.119060e+03 0.000000e+00 1.000000e+00 1.000000e-01
3.119070e+03 0.000000e+00 1.000000e+00 1.000000e-01
3.119080e+03 0.000000e+00 1.000000e+00 1.000000e-01
3.119090e+03 0.000000e+00 1.000000e+00 1.000000e-01
3.119100e+03 0.000000e+00 1.000000e+00 1.000000e-01
3.119110e+03 0.000000e+00 1.000000e+00 1.000000e-01
3.119120e+03 0.000000e+00 1.000000e+00 1.000000e-01
3.119130e+03 0.000000e+00 1.000000e+00 1.000000e-01
3.119140e+03 0.000000e+00 1.000000e+00 1.000000e-01
3.119150e+03 0.000000e+00 1.000000e+00 1.000000e-01
3.119160e+03 0.000000e+00 1.000000e+00 1.000000e-01
3.119170e+03 0.000000e+00 1.000000e+00 1.000000e-01
3.119180e+03 0.000000e+00 1.000000e+00 1.000000e-01
3.119190e+03 0.000000e+00 1.000000e+00 1.000000e-01
3.119200e+03 0.000000e+00 1.000000e+00 1.000000e-01
3.119210e+03 0.000000e+00 1.000000e+00 1.000000e-01
3.119220e+03 0.000000e+00 1.000000e+00 1.000000e-01
3.119230e+03 0.000000e+00 1.000000e+00 1.000000e-01
3.119240e+03 0.000000e+00 1.000000e+00 1.000000e-01
3.119250e+03 0.000000e+00 1.000000e+00 1.000000e-01
3.119260e+03 0.000000e+00 1.000000e+00 1.000000e-01
3.119270e+03 0.000000e+00 1.000000e+00 1.000000e-01
3.119280e+03 0.000000e+00 1.000000e+00 1.000000e-01
3.119290e+03 0.000000e+00 1.000000e+00 1.000000e-01
3.119300e+03 0.000000e+00 1.000000e+00 1.000000e-01
3.119310e+03 0.000000e+00 1.000000e+00 1.000000e-01
3.119320e+03 0.000000e+00 1.000000e+00 1.000000e-01
3.119330e+03 0.000000e+00 1.000000e+00 1.000000e-01
3.119340e+03 0.000000e+00 1.000000e+00 1.000000e-01
3.119350e+03 0.000000e+00 1.000000e+00 1.000000e-01
3.119360e+03 0.000000e+00 1.000000e+00 1.000000e-01
3.119370e+03 0.000000e+00 1.000000e+00 1.000000e-01
3.119380e+03 0.000000e+00 1.000000e+00 1.000000e-01
3.119390e+03 0.000000e+00 1.000000e+00 1.000000e-01
3.119400e+03 0.000000e+00 1.000000e+00 1.000000e-01
3.119410e+03 0.000000e+00 1.000000e+00 1.000000e-01
3.119420e+03 0.000000e+00 1.000000e+00 1.000000e-01
3.119430e+03 0.000000e+00 1.000000e+00 1.000000e-01
3.119440e+03 0.000000e+00 1.000000e+00 1.000000e-01
3.119450e+03 0.000000e+00 1.000000e+00 1.000000e-01
3.119460e+03 0.000000e+00 1.000000e+00 1.000000e-01
3.119470e+03 0.000000e+00 1.000000e+00 1.000000e-01
3.119480e+03 0.000000e+00 1.000000e+00 1.000000e-01
3.119490e+03 0.000000e+00 1.000000e+00 1.000000e-01
3.119500e+03 0.000000e+00 1.000000e+00 1.000000e-01
3.119510e+03 0.000000e+00 1.000000e+00 1.000000e-01
3.119520e+03 0.000000e+00 1.000000e+00 1.000000e-01
3.119530e+03 0.000000e+00 1.000000e+00 1.000000e-01
3.119540e+03 0.000000e+00 1.000000e+00 1.000000e-01
3.119550e+03 0.000000e+00 1.000000e+00 1.000000e-01
3.119560e+03 0.000000e+00 1.000000e+00 1.000000e-01
3.119570e+03 0.000000e+00 1.000000e+00 1.000000e-01
3.119580e+03 0.000000e+00 1.000000e+00 1.000000e-01
3.119590e+03 0.000000e+00 1.000000e+00 1.000000e-01
3.119600e+03 0.000000e+00 1.000000e+00 1.000000e-01
3.119610e+03 0.000000e+00 1.000000e+00 1.000000e-01
3.119620e+03 0.000000e+00 1.000000e+00 1.000000e-01
3.119630e+03 0.000000e+00 1.000000e+00 1.000000e-01
3.119640e+03 0.000000e+00 1.000000e+00 1.000000e-01
3.119650e+03 0.000000e+00 1.000000e+00 1.000000e-01
3.119660e+03 0.000000e+00 1.000000e+00 1.000000e-01
3.119670e+03 0.000000e+00 1.000000e+00 1.000000e-01
3.119680e+03 0.000000e+00 1.000000e+00 1.000000e-01
3.119690e+03 0.000000e+00 1.000000e+00 1.000000e-01
3.119700e+03 0.000000e+00 1.000000e+00 1.000000e-01
3.119710e+03 0.000000e+00 1.000000e+00 1.000000e-01
3.119720e+03 0.000000e+00 1.000000e+00 1.000000e-01
3.119730e+03 0.000000e+00 1.000000e+00 1.000000e-01
3.119740e+03 0.000000e+00 1.000000e+00 1.000000e-01
3.119750e+03 0.000000e+00 1.000000e+00 1.000000e-01
3.119760e+03 0.000000e+00 1.000000e+00 1.000000e-01
3.119770e+03 0.000000e+00 1.000000e+00 1.000000e-01
3.119780e+03 0.000000e+00 1.000000e+00 1.000000e-01
3.119790e+03 0.000000e+00 1.000000e+00 1.000000e-01
3.119800e+03 0.000000e+00 1.000000e+00 1.000000e-01
3.119810e+03 0.000000e+00 1.000000e+00 1.000000e-01
3.119820e+03 0.000000e+00 1.000000e+00 1.000000e-01
3.119830e+03 0.000000e+00 1.000000e+00 1.000000e-01
3.119840e+03 0.000000e+00 1.000000e+00 1.000000e-01
3.119850e+03 0.000000e+00 1.000000e+00 1.000000e-01
3.119860e+03 0.000000e+00 1.000000e+00 1.000000e-01
3.119870e+03 0.000000e+00 1.000000e+00 1.000000e-01
3.119880e+03 0.000000e+00 1.000000e+00 1.000000e-01
3.119890e+03 0.000000e+00 1.000000e+00 1.000000e-01
3.119900e+03 0.000000e+00 1.000000e+00 1.000000e-01
3.119910e+03 0.000000e+00 1.000000e+00 1.000000e-01
3.119920e+03 0.000000e+00 1.000000e+00 1.000000e-01
3.119930e+03 0.000000e+00 1.000000e+00 1.000000e-01
3.119940e+03 0.000000e+00 1.000000e+00 1.000000e-01
3.119950e+03 0.000000e+00 1.000000e+00 1.000000e-01
3.119960e+03 0.000000e+00 1.000000e+00 1.000000e-01
3.119970e+03 0.000000e+00 1.000000e+00 1.000000e-01
3.119980e+03 0.000000e+00 1.000000e+00 1.000000e-01
3.119990e+03 0.000000e+00 1.000000e+00 1.000000e-01
3.120000e+03 0.000000e+00 1.000000e+00 1.000000e-01
3.120010e+03 0.000000e+00 1.000000e+00 1.000000e-01
3.120020e+03 0.000000e+00 1.000000e+00 1.000000e-01
3.120030e+03 0.000000e+00 1.000000e+00 1.000000e-01
3.120040e+03 0.000000e+00 1.000000e+00 1.000000e-01
3.120050e+03 0.000000e+00 1.000000e+00 1.000000e-01
3.120060e+03 0.000000e+00 1.000000e+00 1.000000e-01
3.120070e+03 0.000000e+00 1.000000e+00 1.000000e-01
3.120080e+03 0.000000e+00 1.000000e+00 1.000000e-01
3.120090e+03 0.000000e+00 1.000000e+00 1.000000e-01
3.120100e+03 0.000000e+00 1.000000e+00 1.000000e-01
3.120110e+03 0.000000e+00 1.000000e+00 1.000000e-01
3.120120e+03 0.000000e+00 1.000000e+00 1.000000e-01
3.120130e+03 0.000000e+00 1.000000e+00 1.000000e-01
3.120140e+03 0.000000e+00 1.000000e+00 1.000000e-01
3.120150e+03 0.000000e+00 1.000000e+00 1.000000e-01
3.120160e+03 0.000000e+00 1.000000e+00 1.000000e-01
3.120170e+03 0.000000e+00 1.000000e+00 1.000000e-01
3.120180e+03 0.000000e+00 1.000000e+00 1.000000e-01
3.120190e+03 0.000000e+00 1.000000e+00 1.000000e-01
3.120200e+03 0.000000e+00 1.000000e+00 1.000000e-01
3.120210e+03 0.000000e+00 1.000000e+00 1.000000e-01
3.120220e+03 0.000000e+00 1.000000e+00 1.000000e-01
3.120230e+03 0.000000e+00 1.000000e+00 1.000000e-01
3.120240e+03 0.000000e+00 1.000000e+00 1.000000e-01
3.120250e+03 0.000000e+00 1.000000e+00 1.000000e-01
3.120260e+03 0.000000e+00 1.000000e+00 1.000000e-01
3.120270e+03 0.000000e+00 1.000000e+00 1.000000e-01
3.120280e+03 0.000000e+00 1.000000e+00 1.000000e-01
3.120290e+03 0.000000e+00 1.000000e+00 1.000000e-01
3.120300e+03 0.000000e+00 1.000000e+00 1.000000e-01
3.120310e+03 0.000000e+00 1.000000e+00 1.000000e-01
3.120320e+03 0.000000e+00 1.000000e+00 1.000000e-01
3.120330e+03 0.000000e+00 1.000000e+00 1.000000e-01
3.120340e+03 0.000000e+00 1.000000e+00 1.000000e-01
3.120350e+03 0.000000e+00 1.000000e+00 1.000000e-01
3.120360e+03 0.000000e+00 1.000000e+00 1.000000e-01
3.120370e+03 0.000000e+00 1.000000e+00 1.000000e-01
3.120380e+03 0.000000e+00 1.000000e+00 1.000000e-01
3.120390e+03 0.000000e+00 1.000000e+00 1.000000e-01
3.120400e+03 0.000000e+00 1.000000e+00 1.000000e-01
3.120410e+03 0.000000e+00 1.000000e+00 1.000000e-01
3.120420e+03 0.000000e+00 1.000000e+00 1.000000e-01
3.120430e+03 0.000000e+00 1.000000e+00 1.000000e-01
3.120440e+03 0.000000e+00 1.000000e+00 1.000000e-01
3.120450e+03 0.000000e+00 1.000000e+00 1.000000e-01
3.120460e+03 0.000000e+00 1.000000e+00 1.000000e-01
3.120470e+03 0.000000e+00 1.000000e+00 1.000000e-01
3.120480e+03 0.000000e+00 1.000000e+00 1.000000e-01
3.120490e+03 0.000000e+00 1.000000e+00 1.000000e-01
3.120500e+03 0.000000e+00 1.000000e+00 1.000000e-01
3.120510e+03 0.000000e+00 1.000000e+00 1.000000e-01
3.120520e+03 0.000000e+00 1.000000e+00 1.000000e-01
3.120530e+03 0.000000e+00 1.000000e+00 1.000000e-01
3.120540e+03 0.000000e+00 1.000000e+00 1.000000e-01
3.120550e+03 0.000000e+00 1.000000e+00 1.000000e-01
3.120560e+03 0.000000e+00 1.000000e+00 1.000000e-01
3.120570e+03 0.000000e+00 1.000000e+00 1.000000e-01
3.120580e+03 0.000000e+00 1.000000e+00 1.000000e-01
3.120590e+03 0.000000e+00 1.000000e+00 1.000000e-01
3.120600e+03 0.000000e+00 1.000000e+00 1.000000e-01
3.120610e+03 0.000000e+00 1.000000e+00 1.000000e-01
3.120620e+03 0.000000e+00 1.000000e+00 1.000000e-01
3.120630e+03 0.000000e+00 1.000000e+00 1.000000e-01
3.120640e+03 0.000000e+00 1.000000e+00 1.000000e-01
3.120650e+03 0.000000e+00 1.000000e+00 1.000000e-01
3.120660e+03 0.000000e+00 1.000000e+00 1.000000e-01
3.120670e+03 0.000000e+00 1.000000e+00 1.000000e-01
3.120680e+03 0.000000e+00 1.000000e+00 1.000000e-01
3.120690e+03 0.000000e+00 1.000000e+00 1.000000e-01
3.120700e+03 0.000000e+00 1.000000e+00 1.000000e-01
3.120710e+03 0.000000e+00 1.000000e+00 1.000000e-01
3.120720e+03 0.000000e+00 1.000000e+00 1.000000e-01
3.120730e+03 0.000000e+00 1.000000e+00 1.000000e-01
3.120740e+03 0.000000e+00 1.000000e+00 1.000000e-01
3.120750e+03 0.000000e+00 1.000000e+00 1.000000e-01
3.120760e+03 0.000000e+00 1.000000e+00 1.000000e-01
3.120770e+03 0.000000e+00 1.000000e+00 1.000000e-01
3.120780e+03 0.000000e+00 1.000000e+00 1.000000e-01
3.120790e+03 0.000000e+00 1.000000e+00 1.000000e-01
3.120800e+03 0.000000e+00 1.000000e+00 1.000000e-01
3.120810e+03 0.000000e+00 1.000000e+00 1.000000e-01
3.120820e+03 0.000000e+00 1.000000e+00 1.000000e-01
3.120830e+03 0.000000e+00 1.000000e+00 1.000000e-01
3.120840e+03 0.000000e+00 1.000000e+00 1.000000e-01
3.120850e+03 0.000000e+00 1.000000e+00 1.000000e-01
3.120860e+03 0.000000e+00 1.000000e+00 1.000000e-01
3.120870e+03 0.000000e+00 1.000000e+00 1.000000e-01
3.120880e+03 0.000000e+00 1.000000e+00 1.000000e-01
3.120890e+03 0.000000e+00 1.000000e+00 1.000000e-01
3.120900e+03 0.000000e+00 1.000000e+00 1.000000e-01
3.120910e+03 0.000000e+00 1.000000e+00 1.000000e-01
3.120920e+03 0.000000e+00 1.000000e+00 1.000000e-01
3.120930e+03 0.000000e+00 1.000000e+00 1.000000e-01
3.120940e+03 0.000000e+00 1.000000e+00 1.000000e-01
3.120950e+03 0.000000e+00 1.000000e+00 1.000000e-01
3.120960e+03 0.000000e+00 1.000000e+00 1.000000e-01
3.120970e+03 0.000000e+00 1.000000e+00 1.000000e-01
3.120980e+03 0.000000e+00 1.000000e+00 1.000000e-01
3.120990e+03 0.000000e+00 1.000000e+00 1.000000e-01
3.121000e+03 0.000000e+00 1.000000e+00 1.000000e-01
