# wavelength[A] tau flux flux_error
3.071000e+03 0.000000e+00 1.000000e+00 1.000000e-01
3.071010e+03 0.000000e+00 1.000000e+00 1.000000e-01
3.071020e+03 0.000000e+00 1.000000e+00 1.000000e-01
3.071030e+03 0.000000e+00 1.000000e+00 1.000000e-01
3.071040e+03 0.000000e+00 1.000000e+00 1.000000e-01
3.071050e+03 0.000000e+00 1.000000e+00 1.000000e-01
3.071060e+03 0.000000e+00 1.000000e+00 1.000000e-01
3.071070e+03 0.000000e+00 1.000000e+00 1.000000e-01
3.071080e+03 0.000000e+00 1.000000e+00 1.000000e-01
3.071090e+03 0.000000e+00 1.000000e+00 1.000000e-01
3.071100e+03 0.000000e+00 1.000000e+00 1.000000e-01
3.071110e+03 0.000000e+00 1.000000e+00 1.000000e-01
3.071120e+03 0.000000e+00 1.000000e+00 1.000000e-01
3.071130e+03 0.000000e+00 1.000000e+00 1.000000e-01
3.071140e+03 0.000000e+00 1.000000e+00 1.000000e-01
3.071150e+03 0.000000e+00 1.000000e+00 1.000000e-01
3.071160e+03 0.000000e+00 1.000000e+00 1.000000e-01
3.071170e+03 0.000000e+00 1.000000e+00 1.000000e-01
3.071180e+03 0.000000e+00 1.000000e+00 1.000000e-01
3.071190e+03 0.000000e+00 1.000000e+00 1.000000e-01
3.071200e+03 0.000000e+00 1.000000e+00 1.000000e-01
3.071210e+03 0.000000e+00 1.000000e+00 1.000000e-01
3.071220e+03 0.000000e+00 1.000000e+00 1.000000e-01
3.071230e+03 0.000000e+00 1.000000e+00 1.000000e-01
3.071240e+03 0.000000e+00 1.000000e+00 1.000000e-01
3.071250e+03 0.000000e+00 1.000000e+00 1.000000e-01
3.071260e+03 0.000000e+00 1.000000e+00 1.000000e-01
3.071270e+03 0.000000e+00 1.000000e+00 1.000000e-01
3.071280e+03 0.000000e+00 1.000000e+00 1.000000e-01
3.071290e+03 0.000000e+00 1.000000e+00 1.000000e-01
3.071300e+03 0.000000e+00 1.000000e+00 1.000000e-01
3.071310e+03 0.000000e+00 1.000000e+00 1.000000e-01
3.071320e+03 0.000000e+00 1.000000e+00 1.000000e-01
3.071330e+03 0.000000e+00 1.000000e+00 1.000000e-01
3.071340e+03 0.000000e+00 1.000000e+00 1.000000e-01
3.071350e+03 0.000000e+00 1.000000e+00 1.000000e-01
3.071360e+03 0.000000e+00 1.000000e+00 1.000000e-01
3.071370e+03 0.000000e+00 1.000000e+00 1.000000e-01
3.071380e+03 0.000000e+00 1.000000e+00 1.000000e-01
3.071390e+03 0.000000e+00 1.000000e+00 1.000000e-01
3.071400e+03 0.000000e+00 1.000000e+00 1.000000e-01
3.071410e+03 0.000000e+00 1.000000e+00 1.000000e-01
3.071420e+03 0.000000e+00 1.000000e+00 1.000000e-01
3.071430e+03 0.000000e+00 1.000000e+00 1.000000e-01
3.071440e+03 0.000000e+00 1.000000e+00 1.000000e-01
3.071450e+03 0.000000e+00 1.000000e+00 1.000000e-01
3.071460e+03 0.000000e+00 1.000000e+00 1.000000e-01
3.071470e+03 0.000000e+00 1.000000e+00 1.000000e-01
3.071480e+03 0.000000e+00 1.000000e+00 1.000000e-01
3.071490e+03 0.000000e+00 1.000000e+00 1.000000e-01
3.071500e+03 0.000000e+00 1.000000e+00 1.000000e-01
3.071510e+03 0.000000e+00 1.000000e+00 1.000000e-01
3.071520e+03 0.000000e+00 1.000000e+00 1.000000e-01
3.071530e+03 0.000000e+00 1.000000e+00 1.000000e-01
3.071540e+03 0.000000e+00 1.000000e+00 1.000000e-01
3.071550e+03 0.000000e+00 1.000000e+00 1.000000e-01
3.071560e+03 0.000000e+00 1.000000e+00 1.000000e-01
3.071570e+03 0.000000e+00 1.000000e+00 1.000000e-01
3.071580e+03 0.000000e+00 1.000000e+00 1.000000e-01
3.071590e+03 0.000000e+00 1.000000e+00 1.000000e-01
3.071600e+03 0.000000e+00 1.000000e+00 1.000000e-01
3.071610e+03 0.000000e+00 1.000000e+00 1.000000e-01
3.071620e+03 0.000000e+00 1.000000e+00 1.000000e-01
3.071630e+03 0.000000e+00 1.000000e+00 1.000000e-01
3.071640e+03 0.000000e+00 1.000000e+00 1.000000e-01
3.071650e+03 0.000000e+00 1.000000e+00 1.000000e-01
3.071660e+03 0.000000e+00 1.000000e+00 1.000000e-01
3.071670e+03 0.000000e+00 1.000000e+00 1.000000e-01
3.071680e+03 0.000000e+00 1.000000e+00 1.000000e-01
3.071690e+03 0.000000e+00 1.000000e+00 1.000000e-01
3.071700e+03 0.000000e+00 1.000000e+00 1.000000e-01
3.071710e+03 0.000000e+00 1.000000e+00 1.000000e-01
3.071720e+03 0.000000e+00 1.000000e+00 1.000000e-01
3.071730e+03 0.000000e+00 1.000000e+00 1.000000e-01
3.071740e+03 0.000000e+00 1.000000e+00 1.000000e-01
3.071750e+03 0.000000e+00 1.000000e+00 1.000000e-01
3.071760e+03 0.000000e+00 1.000000e+00 1.000000e-01
3.071770e+03 0.000000e+00 1.000000e+00 1.000000e-01
3.071780e+03 0.000000e+00 1.000000e+00 1.000000e-01
3.071790e+03 0.000000e+00 1.000000e+00 1.000000e-01
3.071800e+03 0.000000e+00 1.000000e+00 1.000000e-01
3.071810e+03 0.000000e+00 1.000000e+00 1.000000e-01
3.071820e+03 0.000000e+00 1.000000e+00 1.000000e-01
3.071830e+03 0.000000e+00 1.000000e+00 1.000000e-01
3.071840e+03 0.000000e+00 1.000000e+00 1.000000e-01
3.071850e+03 0.000000e+00 1.000000e+00 1.000000e-01
3.071860e+03 0.000000e+00 1.000000e+00 1.000000e-01
3.071870e+03 0.000000e+00 1.000000e+00 1.000000e-01
3.071880e+03 0.000000e+00 1.000000e+00 1.000000e-01
3.071890e+03 0.000000e+00 1.000000e+00 1.000000e-01
3.071900e+03 0.000000e+00 1.000000e+00 1.000000e-01
3.071910e+03 0.000000e+00 1.000000e+00 1.000000e-01
3.071920e+03 0.000000e+00 1.000000e+00 1.000000e-01
3.071930e+03 0.000000e+00 1.000000e+00 1.000000e-01
3.071940e+03 0.000000e+00 1.000000e+00 1.000000e-01
3.071950e+03 0.000000e+00 1.000000e+00 1.000000e-01
3.071960e+03 0.000000e+00 1.000000e+00 1.000000e-01
3.071970e+03 0.000000e+00 1.000000e+00 1.000000e-01
3.071980e+03 0.000000e+00 1.000000e+00 1.000000e-01
3.071990e+03 0.000000e+00 1.000000e+00 1.000000e-01
3.072000e+03 0.000000e+00 1.000000e+00 1.000000e-01
3.072010e+03 0.000000e+00 1.000000e+00 1.000000e-01
3.072020e+03 0.000000e+00 1.000000e+00 1.000000e-01
3.072030e+03 0.000000e+00 1.000000e+00 1.000000e-01
3.072040e+03 0.000000e+00 1.000000e+00 1.000000e-01
3.072050e+03 0.000000e+00 1.000000e+00 1.000000e-01
3.072060e+03 0.000000e+00 1.000000e+00 1.000000e-01
3.072070e+03 0.000000e+00 1.000000e+00 1.000000e-01
3.072080e+03 0.000000e+00 1.000000e+00 1.000000e-01
3.072090e+03 0.000000e+00 1.000000e+00 1.000000e-01
3.072100e+03 0.000000e+00 1.000000e+00 1.000000e-01
3.072110e+03 0.000000e+00 1.000000e+00 1.000000e-01
3.072120e+03 0.000000e+00 1.000000e+00 1.000000e-01
3.072130e+03 0.000000e+00 1.000000e+00 1.000000e-01
3.072140e+03 0.000000e+00 1.000000e+00 1.000000e-01
3.072150e+03 0.000000e+00 1.000000e+00 1.000000e-01
3.072160e+03 0.000000e+00 1.000000e+00 1.000000e-01
3.072170e+03 0.000000e+00 1.000000e+00 1.000000e-01
3.072180e+03 0.000000e+00 1.000000e+00 1.000000e-01
3.072190e+03 0.000000e+00 1.000000e+00 1.000000e-01
3.072200e+03 0.000000e+00 1.000000e+00 1.000000e-01
3.072210e+03 0.000000e+00 1.000000e+00 1.000000e-01
3.072220e+03 0.000000e+00 1.000000e+00 1.000000e-01
3.072230e+03 0.000000e+00 1.000000e+00 1.000000e-01
3.072240e+03 0.000000e+00 1.000000e+00 1.000000e-01
3.072250e+03 0.000000e+00 1.000000e+00 1.000000e-01
3.072260e+03 0.000000e+00 1.000000e+00 1.000000e-01
3.072270e+03 0.000000e+00 1.000000e+00 1.000000e-01
3.072280e+03 0.000000e+00 1.000000e+00 1.000000e-01
3.072290e+03 0.000000e+00 1.000000e+00 1.000000e-01
3.072300e+03 0.000000e+00 1.000000e+00 1.000000e-01
3.072310e+03 0.000000e+00 1.000000e+00 1.000000e-01
3.072320e+03 0.000000e+00 1.000000e+00 1.000000e-01
3.072330e+03 0.000000e+00 1.000000e+00 1.000000e-01
3.072340e+03 0.000000e+00 1.000000e+00 1.000000e-01
3.072350e+03 0.000000e+00 1.000000e+00 1.000000e-01
3.072360e+03 0.000000e+00 1.000000e+00 1.000000e-01
3.072370e+03 0.000000e+00 1.000000e+00 1.000000e-01
3.072380e+03 0.000000e+00 1.000000e+00 1.000000e-01
3.072390e+03 0.000000e+00 1.000000e+00 1.000000e-01
3.072400e+03 0.000000e+00 1.000000e+00 1.000000e-01
3.072410e+03 0.000000e+00 1.000000e+00 1.000000e-01
3.072420e+03 0.000000e+00 1.000000e+00 1.000000e-01
3.072430e+03 0.000000e+00 1.000000e+00 1.000000e-01
3.072440e+03 0.000000e+00 1.000000e+00 1.000000e-01
3.072450e+03 0.000000e+00 1.000000e+00 1.000000e-01
3.072460e+03 0.000000e+00 1.000000e+00 1.000000e-01
3.072470e+03 0.000000e+00 1.000000e+00 1.000000e-01
3.072480e+03 0.000000e+00 1.000000e+00 1.000000e-01
3.072490e+03 0.000000e+00 1.000000e+00 1.000000e-01
3.072500e+03 0.000000e+00 1.000000e+00 1.000000e-01
3.072510e+03 0.000000e+00 1.000000e+00 1.000000e-01
3.072520e+03 0.000000e+00 1.000000e+00 1.000000e-01
3.072530e+03 0.000000e+00 1.000000e+00 1.000000e-01
3.072540e+03 0.000000e+00 1.000000e+00 1.000000e-01
3.072550e+03 0.000000e+00 1.000000e+00 1.000000e-01
3.072560e+03 0.000000e+00 1.000000e+00 1.000000e-01
3.072570e+03 0.000000e+00 1.000000e+00 1.000000e-01
3.072580e+03 0.000000e+00 1.000000e+00 1.000000e-01
3.072590e+03 0.000000e+00 1.000000e+00 1.000000e-01
3.072600e+03 0.000000e+00 1.000000e+00 1.000000e-01
3.072610e+03 0.000000e+00 1.000000e+00 1.000000e-01
3.072620e+03 0.000000e+00 1.000000e+00 1.000000e-01
3.072630e+03 0.000000e+00 1.000000e+00 1.000000e-01
3.072640e+03 0.000000e+00 1.000000e+00 1.000000e-01
3.072650e+03 0.000000e+00 1.000000e+00 1.000000e-01
3.072660e+03 0.000000e+00 1.000000e+00 1.000000e-01
3.072670e+03 0.000000e+00 1.000000e+00 1.000000e-01
3.072680e+03 0.000000e+00 1.000000e+00 1.000000e-01
3.072690e+03 0.000000e+00 1.000000e+00 1.000000e-01
3.072700e+03 0.000000e+00 1.000000e+00 1.000000e-01
3.072710e+03 0.000000e+00 1.000000e+00 1.000000e-01
3.072720e+03 0.000000e+00 1.000000e+00 1.000000e-01
3.072730e+03 0.000000e+00 1.000000e+00 1.000000e-01
3.072740e+03 0.000000e+00 1.000000e+00 1.000000e-01
3.072750e+03 0.000000e+00 1.000000e+00 1.000000e-01
3.072760e+03 0.000000e+00 1.000000e+00 1.000000e-01
3.072770e+03 0.000000e+00 1.000000e+00 1.000000e-01
3.072780e+03 0.000000e+00 1.000000e+00 1.000000e-01
3.072790e+03 0.000000e+00 1.000000e+00 1.000000e-01
3.072800e+03 0.000000e+00 1.000000e+00 1.000000e-01
3.072810e+03 0.000000e+00 1.000000e+00 1.000000e-01
3.072820e+03 0.000000e+00 1.000000e+00 1.000000e-01
3.072830e+03 0.000000e+00 1.000000e+00 1.000000e-01
3.072840e+03 0.000000e+00 1.000000e+00 1.000000e-01
3.072850e+03 0.000000e+00 1.000000e+00 1.000000e-01
3.072860e+03 0.000000e+00 1.000000e+00 1.000000e-01
3.072870e+03 0.000000e+00 1.000000e+00 1.000000e-01
3.072880e+03 0.000000e+00 1.000000e+00 1.000000e-01
3.072890e+03 0.000000e+00 1.000000e+00 1.000000e-01
3.072900e+03 0.000000e+00 1.000000e+00 1.000000e-01
3.072910e+03 0.000000e+00 1.000000e+00 1.000000e-01
3.072920e+03 0.000000e+00 1.000000e+00 1.000000e-01
3.072930e+03 0.000000e+00 1.000000e+00 1.000000e-01
3.072940e+03 0.000000e+00 1.000000e+00 1.000000e-01
3.072950e+03 0.000000e+00 1.000000e+00 1.000000e-01
3.072960e+03 0.000000e+00 1.000000e+00 1.000000e-01
3.072970e+03 0.000000e+00 1.000000e+00 1.000000e-01
3.072980e+03 0.000000e+00 1.000000e+00 1.000000e-01
3.072990e+03 0.000000e+00 1.000000e+00 1.000000e-01
3.073000e+03 0.000000e+00 1.000000e+00 1.000000e-01
3.073010e+03 0.000000e+00 1.000000e+00 1.000000e-01
3.073020e+03 0.000000e+00 1.000000e+00 1.000000e-01
3.073030e+03 0.000000e+00 1.000000e+00 1.000000e-01
3.073040e+03 0.000000e+00 1.000000e+00 1.000000e-01
3.073050e+03 0.000000e+00 1.000000e+00 1.000000e-01
3.073060e+03 0.000000e+00 1.000000e+00 1.000000e-01
3.073070e+03 0.000000e+00 1.000000e+00 1.000000e-01
3.073080e+03 0.000000e+00 1.000000e+00 1.000000e-01
3.073090e+03 0.000000e+00 1.000000e+00 1.000000e-01
3.073100e+03 0.000000e+00 1.000000e+00 1.000000e-01
3.073110e+03 0.000000e+00 1.000000e+00 1.000000e-01
3.073120e+03 0.000000e+00 1.000000e+00 1.000000e-01
3.073130e+03 0.000000e+00 1.000000e+00 1.000000e-01
3.073140e+03 0.000000e+00 1.000000e+00 1.000000e-01
3.073150e+03 0.000000e+00 1.000000e+00 1.000000e-01
3.073160e+03 0.000000e+00 1.000000e+00 1.000000e-01
3.073170e+03 0.000000e+00 1.000000e+00 1.000000e-01
3.073180e+03 0.000000e+00 1.000000e+00 1.000000e-01
3.073190e+03 0.000000e+00 1.000000e+00 1.000000e-01
3.073200e+03 0.000000e+00 1.000000e+00 1.000000e-01
3.073210e+03 0.000000e+00 1.000000e+00 1.000000e-01
3.073220e+03 0.000000e+00 1.000000e+00 1.000000e-01
3.073230e+03 0.000000e+00 1.000000e+00 1.000000e-01
3.073240e+03 0.000000e+00 1.000000e+00 1.000000e-01
3.073250e+03 0.000000e+00 1.000000e+00 1.000000e-01
3.073260e+03 0.000000e+00 1.000000e+00 1.000000e-01
3.073270e+03 0.000000e+00 1.000000e+00 1.000000e-01
3.073280e+03 0.000000e+00 1.000000e+00 1.000000e-01
3.073290e+03 0.000000e+00 1.000000e+00 1.000000e-01
3.073300e+03 0.000000e+00 1.000000e+00 1.000000e-01
3.073310e+03 0.000000e+00 1.000000e+00 1.000000e-01
3.073320e+03 0.000000e+00 1.000000e+00 1.000000e-01
3.073330e+03 0.000000e+00 1.000000e+00 1.000000e-01
3.073340e+03 0.000000e+00 1.000000e+00 1.000000e-01
3.073350e+03 0.000000e+00 1.000000e+00 1.000000e-01
3.073360e+03 0.000000e+00 1.000000e+00 1.000000e-01
3.073370e+03 0.000000e+00 1.000000e+00 1.000000e-01
3.073380e+03 0.000000e+00 1.000000e+00 1.000000e-01
3.073390e+03 0.000000e+00 1.000000e+00 1.000000e-01
3.073400e+03 0.000000e+00 1.000000e+00 1.000000e-01
3.073410e+03 0.000000e+00 1.000000e+00 1.000000e-01
3.073420e+03 0.000000e+00 1.000000e+00 1.000000e-01
3.073430e+03 0.000000e+00 1.000000e+00 1.000000e-01
3.073440e+03 0.000000e+00 1.000000e+00 1.000000e-01
3.073450e+03 0.000000e+00 1.000000e+00 1.000000e-01
3.073460e+03 0.000000e+00 1.000000e+00 1.000000e-01
3.073470e+03 0.000000e+00 1.000000e+00 1.000000e-01
3.073480e+03 0.000000e+00 1.000000e+00 1.000000e-01
3.073490e+03 0.000000e+00 1.000000e+00 1.000000e-01
3.073500e+03 0.000000e+00 1.000000e+00 1.000000e-01
3.073510e+03 0.000000e+00 1.000000e+00 1.000000e-01
3.073520e+03 0.000000e+00 1.000000e+00 1.000000e-01
3.073530e+03 0.000000e+00 1.000000e+00 1.000000e-01
3.073540e+03 0.000000e+00 1.000000e+00 1.000000e-01
3.073550e+03 0.000000e+00 1.000000e+00 1.000000e-01
3.073560e+03 0.000000e+00 1.000000e+00 1.000000e-01
3.073570e+03 0.000000e+00 1.000000e+00 1.000000e-01
3.073580e+03 0.000000e+00 1.000000e+00 1.000000e-01
3.073590e+03 0.000000e+00 1.000000e+00 1.000000e-01
3.073600e+03 0.000000e+00 1.000000e+00 1.000000e-01
3.073610e+03 0.000000e+00 1.000000e+00 1.000000e-01
3.073620e+03 0.000000e+00 1.000000e+00 1.000000e-01
3.073630e+03 0.000000e+00 1.000000e+00 1.000000e-01
3.073640e+03 0.000000e+00 1.000000e+00 1.000000e-01
3.073650e+03 0.000000e+00 1.000000e+00 1.000000e-01
3.073660e+03 0.000000e+00 1.000000e+00 1.000000e-01
3.073670e+03 0.000000e+00 1.000000e+00 1.000000e-01
3.073680e+03 0.000000e+00 1.000000e+00 1.000000e-01
3.073690e+03 0.000000e+00 1.000000e+00 1.000000e-01
3.073700e+03 0.000000e+00 1.000000e+00 1.000000e-01
3.073710e+03 0.000000e+00 1.000000e+00 1.000000e-01
3.073720e+03 0.000000e+00 1.000000e+00 1.000000e-01
3.073730e+03 0.000000e+00 1.000000e+00 1.000000e-01
3.073740e+03 0.000000e+00 1.000000e+00 1.000000e-01
3.073750e+03 0.000000e+00 1.000000e+00 1.000000e-01
3.073760e+03 0.000000e+00 1.000000e+00 1.000000e-01
3.073770e+03 0.000000e+00 1.000000e+00 1.000000e-01
3.073780e+03 0.000000e+00 1.000000e+00 1.000000e-01
3.073790e+03 0.000000e+00 1.000000e+00 1.000000e-01
3.073800e+03 0.000000e+00 1.000000e+00 1.000000e-01
3.073810e+03 0.000000e+00 1.000000e+00 1.000000e-01
3.073820e+03 0.000000e+00 1.000000e+00 1.000000e-01
3.073830e+03 0.000000e+00 1.000000e+00 1.000000e-01
3.073840e+03 0.000000e+00 1.000000e+00 1.000000e-01
3.073850e+03 0.000000e+00 1.000000e+00 1.000000e-01
3.073860e+03 0.000000e+00 1.000000e+00 1.000000e-01
3.073870e+03 0.000000e+00 1.000000e+00 1.000000e-01
3.073880e+03 0.000000e+00 1.000000e+00 1.000000e-01
3.073890e+03 0.000000e+00 1.000000e+00 1.000000e-01
3.073900e+03 0.000000e+00 1.000000e+00 1.000000e-01
3.073910e+03 0.000000e+00 1.000000e+00 1.000000e-01
3.073920e+03 0.000000e+00 1.000000e+00 1.000000e-01
3.073930e+03 0.000000e+00 1.000000e+00 1.000000e-01
3.073940e+03 0.000000e+00 1.000000e+00 1.000000e-01
3.073950e+03 0.000000e+00 1.000000e+00 1.000000e-01
3.073960e+03 0.000000e+00 1.000000e+00 1.000000e-01
3.073970e+03 0.000000e+00 1.000000e+00 1.000000e-01
3.073980e+03 0.000000e+00 1.000000e+00 1.000000e-01
3.073990e+03 0.000000e+00 1.000000e+00 1.000000e-01
3.074000e+03 0.000000e+00 1.000000e+00 1.000000e-01
3.074010e+03 0.000000e+00 1.000000e+00 1.000000e-01
3.074020e+03 0.000000e+00 1.000000e+00 1.000000e-01
3.074030e+03 0.000000e+00 1.000000e+00 1.000000e-01
3.074040e+03 0.000000e+00 1.000000e+00 1.000000e-01
3.074050e+03 0.000000e+00 1.000000e+00 1.000000e-01
3.074060e+03 0.000000e+00 1.000000e+00 1.000000e-01
3.074070e+03 0.000000e+00 1.000000e+00 1.000000e-01
3.074080e+03 0.000000e+00 1.000000e+00 1.000000e-01
3.074090e+03 0.000000e+00 1.000000e+00 1.000000e-01
3.074100e+03 0.000000e+00 1.000000e+00 1.000000e-01
3.074110e+03 0.000000e+00 1.000000e+00 1.000000e-01
3.074120e+03 0.000000e+00 1.000000e+00 1.000000e-01
3.074130e+03 0.000000e+00 1.000000e+00 1.000000e-01
3.074140e+03 0.000000e+00 1.000000e+00 1.000000e-01
3.074150e+03 0.000000e+00 1.000000e+00 1.000000e-01
3.074160e+03 0.000000e+00 1.000000e+00 1.000000e-01
3.074170e+03 0.000000e+00 1.000000e+00 1.000000e-01
3.074180e+03 0.000000e+00 1.000000e+00 1.000000e-01
3.074190e+03 0.000000e+00 1.000000e+00 1.000000e-01
3.074200e+03 0.000000e+00 1.000000e+00 1.000000e-01
3.074210e+03 0.000000e+00 1.000000e+00 1.000000e-01
3.074220e+03 0.000000e+00 1.000000e+00 1.000000e-01
3.074230e+03 0.000000e+00 1.000000e+00 1.000000e-01
3.074240e+03 0.000000e+00 1.000000e+00 1.000000e-01
3.074250e+03 0.000000e+00 1.000000e+00 1.000000e-01
3.074260e+03 0.000000e+00 1.000000e+00 1.000000e-01
3.074270e+03 0.000000e+00 1.000000e+00 1.000000e-01
3.074280e+03 0.000000e+00 1.000000e+00 1.000000e-01
3.074290e+03 0.000000e+00 1.000000e+00 1.000000e-01
3.074300e+03 0.000000e+00 1.000000e+00 1.000000e-01
3.074310e+03 0.000000e+00 1.000000e+00 1.000000e-01
3.074320e+03 0.000000e+00 1.000000e+00 1.000000e-01
3.074330e+03 0.000000e+00 1.000000e+00 1.000000e-01
3.074340e+03 0.000000e+00 1.000000e+00 1.000000e-01
3.074350e+03 0.000000e+00 1.000000e+00 1.000000e-01
3.074360e+03 0.000000e+00 1.000000e+00 1.000000e-01
3.074370e+03 0.000000e+00 1.000000e+00 1.000000e-01
3.074380e+03 0.000000e+00 1.000000e+00 1.000000e-01
3.074390e+03 0.000000e+00 1.000000e+00 1.000000e-01
3.074400e+03 0.000000e+00 1.000000e+00 1.000000e-01
3.074410e+03 0.000000e+00 1.000000e+00 1.000000e-01
3.074420e+03 0.000000e+00 1.000000e+00 1.000000e-01
3.074430e+03 0.000000e+00 1.000000e+00 1.000000e-01
3.074440e+03 0.000000e+00 1.000000e+00 1.000000e-01
3.074450e+03 0.000000e+00 1.000000e+00 1.000000e-01
3.074460e+03 0.000000e+00 1.000000e+00 1.000000e-01
3.074470e+03 0.000000e+00 1.000000e+00 1.000000e-01
3.074480e+03 0.000000e+00 1.000000e+00 1.000000e-01
3.074490e+03 0.000000e+00 1.000000e+00 1.000000e-01
3.074500e+03 0.000000e+00 1.000000e+00 1.000000e-01
3.074510e+03 0.000000e+00 1.000000e+00 1.000000e-01
3.074520e+03 0.000000e+00 1.000000e+00 1.000000e-01
3.074530e+03 0.000000e+00 1.000000e+00 1.000000e-01
3.074540e+03 0.000000e+00 1.000000e+00 1.000000e-01
3.074550e+03 0.000000e+00 1.000000e+00 1.000000e-01
3.074560e+03 0.000000e+00 1.000000e+00 1.000000e-01
3.074570e+03 0.000000e+00 1.000000e+00 1.000000e-01
3.074580e+03 0.000000e+00 1.000000e+00 1.000000e-01
3.074590e+03 0.000000e+00 1.000000e+00 1.000000e-01
3.074600e+03 0.000000e+00 1.000000e+00 1.000000e-01
3.074610e+03 0.000000e+00 1.000000e+00 1.000000e-01
3.074620e+03 0.000000e+00 1.000000e+00 1.000000e-01
3.074630e+03 0.000000e+00 1.000000e+00 1.000000e-01
3.074640e+03 0.000000e+00 1.000000e+00 1.000000e-01
3.074650e+03 0.000000e+00 1.000000e+00 1.000000e-01
3.074660e+03 0.000000e+00 1.000000e+00 1.000000e-01
3.074670e+03 0.000000e+00 1.000000e+00 1.000000e-01
3.074680e+03 0.000000e+00 1.000000e+00 1.000000e-01
3.074690e+03 0.000000e+00 1.000000e+00 1.000000e-01
3.074700e+03 0.000000e+00 1.000000e+00 1.000000e-01
3.074710e+03 0.000000e+00 1.000000e+00 1.000000e-01
3.074720e+03 0.000000e+00 1.000000e+00 1.000000e-01
3.074730e+03 0.000000e+00 1.000000e+00 1.000000e-01
3.074740e+03 0.000000e+00 1.000000e+00 1.000000e-01
3.074750e+03 0.000000e+00 1.000000e+00 1.000000e-01
3.074760e+03 0.000000e+00 1.000000e+00 1.000000e-01
3.074770e+03 0.000000e+00 1.000000e+00 1.000000e-01
3.074780e+03 0.000000e+00 1.000000e+00 1.000000e-01
3.074790e+03 0.000000e+00 1.000000e+00 1.000000e-01
3.074800e+03 0.000000e+00 1.000000e+00 1.000000e-01
3.074810e+03 0.000000e+00 1.000000e+00 1.000000e-01
3.074820e+03 0.000000e+00 1.000000e+00 1.000000e-01
3.074830e+03 0.000000e+00 1.000000e+00 1.000000e-01
3.074840e+03 0.000000e+00 1.000000e+00 1.000000e-01
3.074850e+03 0.000000e+00 1.000000e+00 1.000000e-01
3.074860e+03 0.000000e+00 1.000000e+00 1.000000e-01
3.074870e+03 0.000000e+00 1.000000e+00 1.000000e-01
3.074880e+03 0.000000e+00 1.000000e+00 1.000000e-01
3.074890e+03 0.000000e+00 1.000000e+00 1.000000e-01
3.074900e+03 0.000000e+00 1.000000e+00 1.000000e-01
3.074910e+03 0.000000e+00 1.000000e+00 1.000000e-01
3.074920e+03 0.000000e+00 1.000000e+00 1.000000e-01
3.074930e+03 0.000000e+00 1.000000e+00 1.000000e-01
3.074940e+03 0.000000e+00 1.000000e+00 1.000000e-01
3.074950e+03 0.000000e+00 1.000000e+00 1.000000e-01
3.074960e+03 0.000000e+00 1.000000e+00 1.000000e-01
3.074970e+03 0.000000e+00 1.000000e+00 1.000000e-01
3.074980e+03 0.000000e+00 1.000000e+00 1.000000e-01
3.074990e+03 0.000000e+00 1.000000e+00 1.000000e-01
3.075000e+03 0.000000e+00 1.000000e+00 1.000000e-01
3.075010e+03 0.000000e+00 1.000000e+00 1.000000e-01
3.075020e+03 0.000000e+00 1.000000e+00 1.000000e-01
3.075030e+03 0.000000e+00 1.000000e+00 1.000000e-01
3.075040e+03 0.000000e+00 1.000000e+00 1.000000e-01
3.075050e+03 0.000000e+00 1.000000e+00 1.000000e-01
3.075060e+03 0.000000e+00 1.000000e+00 1.000000e-01
3.075070e+03 0.000000e+00 1.000000e+00 1.000000e-01
3.075080e+03 0.000000e+00 1.000000e+00 1.000000e-01
3.075090e+03 0.000000e+00 1.000000e+00 1.000000e-01
3.075100e+03 0.000000e+00 1.000000e+00 1.000000e-01
3.075110e+03 0.000000e+00 1.000000e+00 1.000000e-01
3.075120e+03 0.000000e+00 1.000000e+00 1.000000e-01
3.075130e+03 0.000000e+00 1.000000e+00 1.000000e-01
3.075140e+03 0.000000e+00 1.000000e+00 1.000000e-01
3.075150e+03 0.000000e+00 1.000000e+00 1.000000e-01
3.075160e+03 0.000000e+00 1.000000e+00 1.000000e-01
3.075170e+03 0.000000e+00 1.000000e+00 1.000000e-01
3.075180e+03 0.000000e+00 1.000000e+00 1.000000e-01
3.075190e+03 0.000000e+00 1.000000e+00 1.000000e-01
3.075200e+03 0.000000e+00 1.000000e+00 1.000000e-01
3.075210e+03 0.000000e+00 1.000000e+00 1.000000e-01
3.075220e+03 0.000000e+00 1.000000e+00 1.000000e-01
3.075230e+03 0.000000e+00 1.000000e+00 1.000000e-01
3.075240e+03 0.000000e+00 1.000000e+00 1.000000e-01
3.075250e+03 0.000000e+00 1.000000e+00 1.000000e-01
3.075260e+03 0.000000e+00 1.000000e+00 1.000000e-01
3.075270e+03 0.000000e+00 1.000000e+00 1.000000e-01
3.075280e+03 0.000000e+00 1.000000e+00 1.000000e-01
3.075290e+03 0.000000e+00 1.000000e+00 1.000000e-01
3.075300e+03 0.000000e+00 1.000000e+00 1.000000e-01
3.075310e+03 0.000000e+00 1.000000e+00 1.000000e-01
3.075320e+03 0.000000e+00 1.000000e+00 1.000000e-01
3.075330e+03 0.000000e+00 1.000000e+00 1.000000e-01
3.075340e+03 0.000000e+00 1.000000e+00 1.000000e-01
3.075350e+03 0.000000e+00 1.000000e+00 1.000000e-01
3.075360e+03 0.000000e+00 1.000000e+00 1.000000e-01
3.075370e+03 0.000000e+00 1.000000e+00 1.000000e-01
3.075380e+03 0.000000e+00 1.000000e+00 1.000000e-01
3.075390e+03 0.000000e+00 1.000000e+00 1.000000e-01
3.075400e+03 0.000000e+00 1.000000e+00 1.000000e-01
3.075410e+03 0.000000e+00 1.000000e+00 1.000000e-01
3.075420e+03 0.000000e+00 1.000000e+00 1.000000e-01
3.075430e+03 0.000000e+00 1.000000e+00 1.000000e-01
3.075440e+03 0.000000e+00 1.000000e+00 1.000000e-01
3.075450e+03 0.000000e+00 1.000000e+00 1.000000e-01
3.075460e+03 0.000000e+00 1.000000e+00 1.000000e-01
3.075470e+03 0.000000e+00 1.000000e+00 1.000000e-01
3.075480e+03 0.000000e+00 1.000000e+00 1.000000e-01
3.075490e+03 0.000000e+00 1.000000e+00 1.000000e-01
3.075500e+03 0.000000e+00 1.000000e+00 1.000000e-01
3.075510e+03 0.000000e+00 1.000000e+00 1.000000e-01
3.075520e+03 0.000000e+00 1.000000e+00 1.000000e-01
3.075530e+03 0.000000e+00 1.000000e+00 1.000000e-01
3.075540e+03 0.000000e+00 1.000000e+00 1.000000e-01
3.075550e+03 0.000000e+00 1.000000e+00 1.000000e-01
3.075560e+03 0.000000e+00 1.000000e+00 1.000000e-01
3.075570e+03 0.000000e+00 1.000000e+00 1.000000e-01
3.075580e+03 0.000000e+00 1.000000e+00 1.000000e-01
3.075590e+03 0.000000e+00 1.000000e+00 1.000000e-01
3.075600e+03 0.000000e+00 1.000000e+00 1.000000e-01
3.075610e+03 0.000000e+00 1.000000e+00 1.000000e-01
3.075620e+03 0.000000e+00 1.000000e+00 1.000000e-01
3.075630e+03 0.000000e+00 1.000000e+00 1.000000e-01
3.075640e+03 0.000000e+00 1.000000e+00 1.000000e-01
3.075650e+03 0.000000e+00 1.000000e+00 1.000000e-01
3.075660e+03 0.000000e+00 1.000000e+00 1.000000e-01
3.075670e+03 0.000000e+00 1.000000e+00 1.000000e-01
3.075680e+03 0.000000e+00 1.000000e+00 1.000000e-01
3.075690e+03 0.000000e+00 1.000000e+00 1.000000e-01
3.075700e+03 0.000000e+00 1.000000e+00 1.000000e-01
3.075710e+03 0.000000e+00 1.000000e+00 1.000000e-01
3.075720e+03 0.000000e+00 1.000000e+00 1.000000e-01
3.075730e+03 0.000000e+00 1.000000e+00 1.000000e-01
3.075740e+03 0.000000e+00 1.000000e+00 1.000000e-01
3.075750e+03 0.000000e+00 1.000000e+00 1.000000e-01
3.075760e+03 0.000000e+00 1.000000e+00 1.000000e-01
3.075770e+03 0.000000e+00 1.000000e+00 1.000000e-01
3.075780e+03 0.000000e+00 1.000000e+00 1.000000e-01
3.075790e+03 0.000000e+00 1.000000e+00 1.000000e-01
3.075800e+03 0.000000e+00 1.000000e+00 1.000000e-01
3.075810e+03 0.000000e+00 1.000000e+00 1.000000e-01
3.075820e+03 0.000000e+00 1.000000e+00 1.000000e-01
3.075830e+03 0.000000e+00 1.000000e+00 1.000000e-01
3.075840e+03 0.000000e+00 1.000000e+00 1.000000e-01
3.075850e+03 0.000000e+00 1.000000e+00 1.000000e-01
3.075860e+03 0.000000e+00 1.000000e+00 1.000000e-01
3.075870e+03 0.000000e+00 1.000000e+00 1.000000e-01
3.075880e+03 0.000000e+00 1.000000e+00 1.000000e-01
3.075890e+03 0.000000e+00 1.000000e+00 1.000000e-01
3.075900e+03 0.000000e+00 1.000000e+00 1.000000e-01
3.075910e+03 0.000000e+00 1.000000e+00 1.000000e-01
3.075920e+03 0.000000e+00 1.000000e+00 1.000000e-01
3.075930e+03 0.000000e+00 1.000000e+00 1.000000e-01
3.075940e+03 0.000000e+00 1.000000e+00 1.000000e-01
3.075950e+03 0.000000e+00 1.000000e+00 1.000000e-01
3.075960e+03 0.000000e+00 1.000000e+00 1.000000e-01
3.075970e+03 0.000000e+00 1.000000e+00 1.000000e-01
3.075980e+03 0.000000e+00 1.000000e+00 1.000000e-01
3.075990e+03 0.000000e+00 1.000000e+00 1.000000e-01
3.076000e+03 0.000000e+00 1.000000e+00 1.000000e-01
3.076010e+03 0.000000e+00 1.000000e+00 1.000000e-01
3.076020e+03 0.000000e+00 1.000000e+00 1.000000e-01
3.076030e+03 0.000000e+00 1.000000e+00 1.000000e-01
3.076040e+03 0.000000e+00 1.000000e+00 1.000000e-01
3.076050e+03 0.000000e+00 1.000000e+00 1.000000e-01
3.076060e+03 0.000000e+00 1.000000e+00 1.000000e-01
3.076070e+03 0.000000e+00 1.000000e+00 1.000000e-01
3.076080e+03 0.000000e+00 1.000000e+00 1.000000e-01
3.076090e+03 0.000000e+00 1.000000e+00 1.000000e-01
3.076100e+03 0.000000e+00 1.000000e+00 1.000000e-01
3.076110e+03 0.000000e+00 1.000000e+00 1.000000e-01
3.076120e+03 0.000000e+00 1.000000e+00 1.000000e-01
3.076130e+03 0.000000e+00 1.000000e+00 1.000000e-01
3.076140e+03 0.000000e+00 1.000000e+00 1.000000e-01
3.076150e+03 0.000000e+00 1.000000e+00 1.000000e-01
3.076160e+03 0.000000e+00 1.000000e+00 1.000000e-01
3.076170e+03 0.000000e+00 1.000000e+00 1.000000e-01
3.076180e+03 0.000000e+00 1.000000e+00 1.000000e-01
3.076190e+03 0.000000e+00 1.000000e+00 1.000000e-01
3.076200e+03 0.000000e+00 1.000000e+00 1.000000e-01
3.076210e+03 0.000000e+00 1.000000e+00 1.000000e-01
3.076220e+03 0.000000e+00 1.000000e+00 1.000000e-01
3.076230e+03 0.000000e+00 1.000000e+00 1.000000e-01
3.076240e+03 0.000000e+00 1.000000e+00 1.000000e-01
3.076250e+03 0.000000e+00 1.000000e+00 1.000000e-01
3.076260e+03 0.000000e+00 1.000000e+00 1.000000e-01
3.076270e+03 0.000000e+00 1.000000e+00 1.000000e-01
3.076280e+03 0.000000e+00 1.000000e+00 1.000000e-01
3.076290e+03 0.000000e+00 1.000000e+00 1.000000e-01
3.076300e+03 0.000000e+00 1.000000e+00 1.000000e-01
3.076310e+03 0.000000e+00 1.000000e+00 1.000000e-01
3.076320e+03 0.000000e+00 1.000000e+00 1.000000e-01
3.076330e+03 0.000000e+00 1.000000e+00 1.000000e-01
3.076340e+03 0.000000e+00 1.000000e+00 1.000000e-01
3.076350e+03 0.000000e+00 1.000000e+00 1.000000e-01
3.076360e+03 0.000000e+00 1.000000e+00 1.000000e-01
3.076370e+03 0.000000e+00 1.000000e+00 1.000000e-01
3.076380e+03 0.000000e+00 1.000000e+00 1.000000e-01
3.076390e+03 0.000000e+00 1.000000e+00 1.000000e-01
3.076400e+03 0.000000e+00 1.000000e+00 1.000000e-01
3.076410e+03 0.000000e+00 1.000000e+00 1.000000e-01
3.076420e+03 0.000000e+00 1.000000e+00 1.000000e-01
3.076430e+03 0.000000e+00 1.000000e+00 1.000000e-01
3.076440e+03 0.000000e+00 1.000000e+00 1.000000e-01
3.076450e+03 0.000000e+00 1.000000e+00 1.000000e-01
3.076460e+03 0.000000e+00 1.000000e+00 1.000000e-01
3.076470e+03 0.000000e+00 1.000000e+00 1.000000e-01
3.076480e+03 0.000000e+00 1.000000e+00 1.000000e-01
3.076490e+03 0.000000e+00 1.000000e+00 1.000000e-01
3.076500e+03 0.000000e+00 1.000000e+00 1.000000e-01
3.076510e+03 0.000000e+00 1.000000e+00 1.000000e-01
3.076520e+03 0.000000e+00 1.000000e+00 1.000000e-01
3.076530e+03 0.000000e+00 1.000000e+00 1.000000e-01
3.076540e+03 0.000000e+00 1.000000e+00 1.000000e-01
3.076550e+03 0.000000e+00 1.000000e+00 1.000000e-01
3.076560e+03 0.000000e+00 1.000000e+00 1.000000e-01
3.076570e+03 0.000000e+00 1.000000e+00 1.000000e-01
3.076580e+03 0.000000e+00 1.000000e+00 1.000000e-01
3.076590e+03 0.000000e+00 1.000000e+00 1.000000e-01
3.076600e+03 0.000000e+00 1.000000e+00 1.000000e-01
3.076610e+03 0.000000e+00 1.000000e+00 1.000000e-01
3.076620e+03 0.000000e+00 1.000000e+00 1.000000e-01
3.076630e+03 0.000000e+00 1.000000e+00 1.000000e-01
3.076640e+03 0.000000e+00 1.000000e+00 1.000000e-01
3.076650e+03 0.000000e+00 1.000000e+00 1.000000e-01
3.076660e+03 0.000000e+00 1.000000e+00 1.000000e-01
3.076670e+03 0.000000e+00 1.000000e+00 1.000000e-01
3.076680e+03 0.000000e+00 1.000000e+00 1.000000e-01
3.076690e+03 0.000000e+00 1.000000e+00 1.000000e-01
3.076700e+03 0.000000e+00 1.000000e+00 1.000000e-01
3.076710e+03 0.000000e+00 1.000000e+00 1.000000e-01
3.076720e+03 0.000000e+00 1.000000e+00 1.000000e-01
3.076730e+03 0.000000e+00 1.000000e+00 1.000000e-01
3.076740e+03 0.000000e+00 1.000000e+00 1.000000e-01
3.076750e+03 0.000000e+00 1.000000e+00 1.000000e-01
3.076760e+03 0.000000e+00 1.000000e+00 1.000000e-01
3.076770e+03 0.000000e+00 1.000000e+00 1.000000e-01
3.076780e+03 0.000000e+00 1.000000e+00 1.000000e-01
3.076790e+03 0.000000e+00 1.000000e+00 1.000000e-01
3.076800e+03 0.000000e+00 1.000000e+00 1.000000e-01
3.076810e+03 0.000000e+00 1.000000e+00 1.000000e-01
3.076820e+03 0.000000e+00 1.000000e+00 1.000000e-01
3.076830e+03 0.000000e+00 1.000000e+00 1.000000e-01
3.076840e+03 0.000000e+00 1.000000e+00 1.000000e-01
3.076850e+03 0.000000e+00 1.000000e+00 1.000000e-01
3.076860e+03 0.000000e+00 1.000000e+00 1.000000e-01
3.076870e+03 0.000000e+00 1.000000e+00 1.000000e-01
3.076880e+03 0.000000e+00 1.000000e+00 1.000000e-01
3.076890e+03 0.000000e+00 1.000000e+00 1.000000e-01
3.076900e+03 0.000000e+00 1.000000e+00 1.000000e-01
3.076910e+03 0.000000e+00 1.000000e+00 1.000000e-01
3.076920e+03 0.000000e+00 1.000000e+00 1.000000e-01
3.076930e+03 0.000000e+00 1.000000e+00 1.000000e-01
3.076940e+03 0.000000e+00 1.000000e+00 1.000000e-01
3.076950e+03 0.000000e+00 1.000000e+00 1.000000e-01
3.076960e+03 0.000000e+00 1.000000e+00 1.000000e-01
3.076970e+03 0.000000e+00 1.000000e+00 1.000000e-01
3.076980e+03 0.000000e+00 1.000000e+00 1.000000e-01
3.076990e+03 0.000000e+00 1.000000e+00 1.000000e-01
3.077000e+03 0.000000e+00 1.000000e+00 1.000000e-01
3.077010e+03 0.000000e+00 1.000000e+00 1.000000e-01
3.077020e+03 0.000000e+00 1.000000e+00 1.000000e-01
3.077030e+03 0.000000e+00 1.000000e+00 1.000000e-01
3.077040e+03 0.000000e+00 1.000000e+00 1.000000e-01
3.077050e+03 0.000000e+00 1.000000e+00 1.000000e-01
3.077060e+03 0.000000e+00 1.000000e+00 1.000000e-01
3.077070e+03 0.000000e+00 1.000000e+00 1.000000e-01
3.077080e+03 0.000000e+00 1.000000e+00 1.000000e-01
3.077090e+03 0.000000e+00 1.000000e+00 1.000000e-01
3.077100e+03 0.000000e+00 1.000000e+00 1.000000e-01
3.077110e+03 0.000000e+00 1.000000e+00 1.000000e-01
3.077120e+03 0.000000e+00 1.000000e+00 1.000000e-01
3.077130e+03 0.000000e+00 1.000000e+00 1.000000e-01
3.077140e+03 0.000000e+00 1.000000e+00 1.000000e-01
3.077150e+03 0.000000e+00 1.000000e+00 1.000000e-01
3.077160e+03 0.000000e+00 1.000000e+00 1.000000e-01
3.077170e+03 0.000000e+00 1.000000e+00 1.000000e-01
3.077180e+03 0.000000e+00 1.000000e+00 1.000000e-01
3.077190e+03 0.000000e+00 1.000000e+00 1.000000e-01
3.077200e+03 0.000000e+00 1.000000e+00 1.000000e-01
3.077210e+03 0.000000e+00 1.000000e+00 1.000000e-01
3.077220e+03 0.000000e+00 1.000000e+00 1.000000e-01
3.077230e+03 0.000000e+00 1.000000e+00 1.000000e-01
3.077240e+03 0.000000e+00 1.000000e+00 1.000000e-01
3.077250e+03 0.000000e+00 1.000000e+00 1.000000e-01
3.077260e+03 0.000000e+00 1.000000e+00 1.000000e-01
3.077270e+03 0.000000e+00 1.000000e+00 1.000000e-01
3.077280e+03 0.000000e+00 1.000000e+00 1.000000e-01
3.077290e+03 0.000000e+00 1.000000e+00 1.000000e-01
3.077300e+03 0.000000e+00 1.000000e+00 1.000000e-01
3.077310e+03 0.000000e+00 1.000000e+00 1.000000e-01
3.077320e+03 0.000000e+00 1.000000e+00 1.000000e-01
3.077330e+03 0.000000e+00 1.000000e+00 1.000000e-01
3.077340e+03 0.000000e+00 1.000000e+00 1.000000e-01
3.077350e+03 0.000000e+00 1.000000e+00 1.000000e-01
3.077360e+03 0.000000e+00 1.000000e+00 1.000000e-01
3.077370e+03 0.000000e+00 1.000000e+00 1.000000e-01
3.077380e+03 0.000000e+00 1.000000e+00 1.000000e-01
3.077390e+03 0.000000e+00 1.000000e+00 1.000000e-01
3.077400e+03 0.000000e+00 1.000000e+00 1.000000e-01
3.077410e+03 0.000000e+00 1.000000e+00 1.000000e-01
3.077420e+03 0.000000e+00 1.000000e+00 1.000000e-01
3.077430e+03 0.000000e+00 1.000000e+00 1.000000e-01
3.077440e+03 0.000000e+00 1.000000e+00 1.000000e-01
3.077450e+03 0.000000e+00 1.000000e+00 1.000000e-01
3.077460e+03 0.000000e+00 1.000000e+00 1.000000e-01
3.077470e+03 0.000000e+00 1.000000e+00 1.000000e-01
3.077480e+03 0.000000e+00 1.000000e+00 1.000000e-01
3.077490e+03 0.000000e+00 1.000000e+00 1.000000e-01
3.077500e+03 0.000000e+00 1.000000e+00 1.000000e-01
3.077510e+03 0.000000e+00 1.000000e+00 1.000000e-01
3.077520e+03 0.000000e+00 1.000000e+00 1.000000e-01
3.077530e+03 0.000000e+00 1.000000e+00 1.000000e-01
3.077540e+03 0.000000e+00 1.000000e+00 1.000000e-01
3.077550e+03 0.000000e+00 1.000000e+00 1.000000e-01
3.077560e+03 0.000000e+00 1.000000e+00 1.000000e-01
3.077570e+03 0.000000e+00 1.000000e+00 1.000000e-01
3.077580e+03 0.000000e+00 1.000000e+00 1.000000e-01
3.077590e+03 0.000000e+00 1.000000e+00 1.000000e-01
3.077600e+03 0.000000e+00 1.000000e+00 1.000000e-01
3.077610e+03 0.000000e+00 1.000000e+00 1.000000e-01
3.077620e+03 0.000000e+00 1.000000e+00 1.000000e-01
3.077630e+03 0.000000e+00 1.000000e+00 1.000000e-01
3.077640e+03 0.000000e+00 1.000000e+00 1.000000e-01
3.077650e+03 0.000000e+00 1.000000e+00 1.000000e-01
3.077660e+03 0.000000e+00 1.000000e+00 1.000000e-01
3.077670e+03 0.000000e+00 1.000000e+00 1.000000e-01
3.077680e+03 0.000000e+00 1.000000e+00 1.000000e-01
3.077690e+03 0.000000e+00 1.000000e+00 1.000000e-01
3.077700e+03 0.000000e+00 1.000000e+00 1.000000e-01
3.077710e+03 0.000000e+00 1.000000e+00 1.000000e-01
3.077720e+03 0.000000e+00 1.000000e+00 1.000000e-01
3.077730e+03 0.000000e+00 1.000000e+00 1.000000e-01
3.077740e+03 0.000000e+00 1.000000e+00 1.000000e-01
3.077750e+03 0.000000e+00 1.000000e+00 1.000000e-01
3.077760e+03 0.000000e+00 1.000000e+00 1.000000e-01
3.077770e+03 0.000000e+00 1.000000e+00 1.000000e-01
3.077780e+03 0.000000e+00 1.000000e+00 1.000000e-01
3.077790e+03 0.000000e+00 1.000000e+00 1.000000e-01
3.077800e+03 0.000000e+00 1.000000e+00 1.000000e-01
3.077810e+03 0.000000e+00 1.000000e+00 1.000000e-01
3.077820e+03 0.000000e+00 1.000000e+00 1.000000e-01
3.077830e+03 0.000000e+00 1.000000e+00 1.000000e-01
3.077840e+03 0.000000e+00 1.000000e+00 1.000000e-01
3.077850e+03 0.000000e+00 1.000000e+00 1.000000e-01
3.077860e+03 0.000000e+00 1.000000e+00 1.000000e-01
3.077870e+03 0.000000e+00 1.000000e+00 1.000000e-01
3.077880e+03 0.000000e+00 1.000000e+00 1.000000e-01
3.077890e+03 0.000000e+00 1.000000e+00 1.000000e-01
3.077900e+03 0.000000e+00 1.000000e+00 1.000000e-01
3.077910e+03 0.000000e+00 1.000000e+00 1.000000e-01
3.077920e+03 0.000000e+00 1.000000e+00 1.000000e-01
3.077930e+03 0.000000e+00 1.000000e+00 1.000000e-01
3.077940e+03 0.000000e+00 1.000000e+00 1.000000e-01
3.077950e+03 0.000000e+00 1.000000e+00 1.000000e-01
3.077960e+03 0.000000e+00 1.000000e+00 1.000000e-01
3.077970e+03 0.000000e+00 1.000000e+00 1.000000e-01
3.077980e+03 0.000000e+00 1.000000e+00 1.000000e-01
3.077990e+03 0.000000e+00 1.000000e+00 1.000000e-01
3.078000e+03 0.000000e+00 1.000000e+00 1.000000e-01
3.078010e+03 0.000000e+00 1.000000e+00 1.000000e-01
3.078020e+03 0.000000e+00 1.000000e+00 1.000000e-01
3.078030e+03 0.000000e+00 1.000000e+00 1.000000e-01
3.078040e+03 0.000000e+00 1.000000e+00 1.000000e-01
3.078050e+03 0.000000e+00 1.000000e+00 1.000000e-01
3.078060e+03 0.000000e+00 1.000000e+00 1.000000e-01
3.078070e+03 0.000000e+00 1.000000e+00 1.000000e-01
3.078080e+03 0.000000e+00 1.000000e+00 1.000000e-01
3.078090e+03 0.000000e+00 1.000000e+00 1.000000e-01
3.078100e+03 0.000000e+00 1.000000e+00 1.000000e-01
3.078110e+03 0.000000e+00 1.000000e+00 1.000000e-01
3.078120e+03 0.000000e+00 1.000000e+00 1.000000e-01
3.078130e+03 0.000000e+00 1.000000e+00 1.000000e-01
3.078140e+03 0.000000e+00 1.000000e+00 1.000000e-01
3.078150e+03 0.000000e+00 1.000000e+00 1.000000e-01
3.078160e+03 0.000000e+00 1.000000e+00 1.000000e-01
3.078170e+03 0.000000e+00 1.000000e+00 1.000000e-01
3.078180e+03 0.000000e+00 1.000000e+00 1.000000e-01
3.078190e+03 0.000000e+00 1.000000e+00 1.000000e-01
3.078200e+03 0.000000e+00 1.000000e+00 1.000000e-01
3.078210e+03 0.000000e+00 1.000000e+00 1.000000e-01
3.078220e+03 0.000000e+00 1.000000e+00 1.000000e-01
3.078230e+03 0.000000e+00 1.000000e+00 1.000000e-01
3.078240e+03 0.000000e+00 1.000000e+00 1.000000e-01
3.078250e+03 0.000000e+00 1.000000e+00 1.000000e-01
3.078260e+03 0.000000e+00 1.000000e+00 1.000000e-01
3.078270e+03 0.000000e+00 1.000000e+00 1.000000e-01
3.078280e+03 0.000000e+00 1.000000e+00 1.000000e-01
3.078290e+03 0.000000e+00 1.000000e+00 1.000000e-01
3.078300e+03 0.000000e+00 1.000000e+00 1.000000e-01
3.078310e+03 0.000000e+00 1.000000e+00 1.000000e-01
3.078320e+03 0.000000e+00 1.000000e+00 1.000000e-01
3.078330e+03 0.000000e+00 1.000000e+00 1.000000e-01
3.078340e+03 0.000000e+00 1.000000e+00 1.000000e-01
3.078350e+03 0.000000e+00 1.000000e+00 1.000000e-01
3.078360e+03 0.000000e+00 1.000000e+00 1.000000e-01
3.078370e+03 0.000000e+00 1.000000e+00 1.000000e-01
3.078380e+03 0.000000e+00 1.000000e+00 1.000000e-01
3.078390e+03 0.000000e+00 1.000000e+00 1.000000e-01
3.078400e+03 0.000000e+00 1.000000e+00 1.000000e-01
3.078410e+03 0.000000e+00 1.000000e+00 1.000000e-01
3.078420e+03 0.000000e+00 1.000000e+00 1.000000e-01
3.078430e+03 0.000000e+00 1.000000e+00 1.000000e-01
3.078440e+03 0.000000e+00 1.000000e+00 1.000000e-01
3.078450e+03 0.000000e+00 1.000000e+00 1.000000e-01
3.078460e+03 0.000000e+00 1.000000e+00 1.000000e-01
3.078470e+03 0.000000e+00 1.000000e+00 1.000000e-01
3.078480e+03 0.000000e+00 1.000000e+00 1.000000e-01
3.078490e+03 0.000000e+00 1.000000e+00 1.000000e-01
3.078500e+03 0.000000e+00 1.000000e+00 1.000000e-01
3.078510e+03 0.000000e+00 1.000000e+00 1.000000e-01
3.078520e+03 0.000000e+00 1.000000e+00 1.000000e-01
3.078530e+03 0.000000e+00 1.000000e+00 1.000000e-01
3.078540e+03 0.000000e+00 1.000000e+00 1.000000e-01
3.078550e+03 0.000000e+00 1.000000e+00 1.000000e-01
3.078560e+03 0.000000e+00 1.000000e+00 1.000000e-01
3.078570e+03 0.000000e+00 1.000000e+00 1.000000e-01
3.078580e+03 0.000000e+00 1.000000e+00 1.000000e-01
3.078590e+03 0.000000e+00 1.000000e+00 1.000000e-01
3.078600e+03 0.000000e+00 1.000000e+00 1.000000e-01
3.078610e+03 0.000000e+00 1.000000e+00 1.000000e-01
3.078620e+03 0.000000e+00 1.000000e+00 1.000000e-01
3.078630e+03 0.000000e+00 1.000000e+00 1.000000e-01
3.078640e+03 0.000000e+00 1.000000e+00 1.000000e-01
3.078650e+03 0.000000e+00 1.000000e+00 1.000000e-01
3.078660e+03 0.000000e+00 1.000000e+00 1.000000e-01
3.078670e+03 0.000000e+00 1.000000e+00 1.000000e-01
3.078680e+03 0.000000e+00 1.000000e+00 1.000000e-01
3.078690e+03 0.000000e+00 1.000000e+00 1.000000e-01
3.078700e+03 0.000000e+00 1.000000e+00 1.000000e-01
3.078710e+03 0.000000e+00 1.000000e+00 1.000000e-01
3.078720e+03 0.000000e+00 1.000000e+00 1.000000e-01
3.078730e+03 0.000000e+00 1.000000e+00 1.000000e-01
3.078740e+03 0.000000e+00 1.000000e+00 1.000000e-01
3.078750e+03 0.000000e+00 1.000000e+00 1.000000e-01
3.078760e+03 0.000000e+00 1.000000e+00 1.000000e-01
3.078770e+03 0.000000e+00 1.000000e+00 1.000000e-01
3.078780e+03 0.000000e+00 1.000000e+00 1.000000e-01
3.078790e+03 0.000000e+00 1.000000e+00 1.000000e-01
3.078800e+03 0.000000e+00 1.000000e+00 1.000000e-01
3.078810e+03 0.000000e+00 1.000000e+00 1.000000e-01
3.078820e+03 0.000000e+00 1.000000e+00 1.000000e-01
3.078830e+03 0.000000e+00 1.000000e+00 1.000000e-01
3.078840e+03 0.000000e+00 1.000000e+00 1.000000e-01
3.078850e+03 0.000000e+00 1.000000e+00 1.000000e-01
3.078860e+03 0.000000e+00 1.000000e+00 1.000000e-01
3.078870e+03 0.000000e+00 1.000000e+00 1.000000e-01
3.078880e+03 0.000000e+00 1.000000e+00 1.000000e-01
3.078890e+03 0.000000e+00 1.000000e+00 1.000000e-01
3.078900e+03 0.000000e+00 1.000000e+00 1.000000e-01
3.078910e+03 0.000000e+00 1.000000e+00 1.000000e-01
3.078920e+03 0.000000e+00 1.000000e+00 1.000000e-01
3.078930e+03 0.000000e+00 1.000000e+00 1.000000e-01
3.078940e+03 0.000000e+00 1.000000e+00 1.000000e-01
3.078950e+03 0.000000e+00 1.000000e+00 1.000000e-01
3.078960e+03 0.000000e+00 1.000000e+00 1.000000e-01
3.078970e+03 0.000000e+00 1.000000e+00 1.000000e-01
3.078980e+03 0.000000e+00 1.000000e+00 1.000000e-01
3.078990e+03 0.000000e+00 1.000000e+00 1.000000e-01
3.079000e+03 0.000000e+00 1.000000e+00 1.000000e-01
3.079010e+03 0.000000e+00 1.000000e+00 1.000000e-01
3.079020e+03 0.000000e+00 1.000000e+00 1.000000e-01
3.079030e+03 0.000000e+00 1.000000e+00 1.000000e-01
3.079040e+03 0.000000e+00 1.000000e+00 1.000000e-01
3.079050e+03 0.000000e+00 1.000000e+00 1.000000e-01
3.079060e+03 0.000000e+00 1.000000e+00 1.000000e-01
3.079070e+03 0.000000e+00 1.000000e+00 1.000000e-01
3.079080e+03 0.000000e+00 1.000000e+00 1.000000e-01
3.079090e+03 0.000000e+00 1.000000e+00 1.000000e-01
3.079100e+03 0.000000e+00 1.000000e+00 1.000000e-01
3.079110e+03 0.000000e+00 1.000000e+00 1.000000e-01
3.079120e+03 0.000000e+00 1.000000e+00 1.000000e-01
3.079130e+03 0.000000e+00 1.000000e+00 1.000000e-01
3.079140e+03 0.000000e+00 1.000000e+00 1.000000e-01
3.079150e+03 0.000000e+00 1.000000e+00 1.000000e-01
3.079160e+03 0.000000e+00 1.000000e+00 1.000000e-01
3.079170e+03 0.000000e+00 1.000000e+00 1.000000e-01
3.079180e+03 0.000000e+00 1.000000e+00 1.000000e-01
3.079190e+03 0.000000e+00 1.000000e+00 1.000000e-01
3.079200e+03 0.000000e+00 1.000000e+00 1.000000e-01
3.079210e+03 0.000000e+00 1.000000e+00 1.000000e-01
3.079220e+03 0.000000e+00 1.000000e+00 1.000000e-01
3.079230e+03 0.000000e+00 1.000000e+00 1.000000e-01
3.079240e+03 0.000000e+00 1.000000e+00 1.000000e-01
3.079250e+03 0.000000e+00 1.000000e+00 1.000000e-01
3.079260e+03 0.000000e+00 1.000000e+00 1.000000e-01
3.079270e+03 0.000000e+00 1.000000e+00 1.000000e-01
3.079280e+03 0.000000e+00 1.000000e+00 1.000000e-01
3.079290e+03 0.000000e+00 1.000000e+00 1.000000e-01
3.079300e+03 0.000000e+00 1.000000e+00 1.000000e-01
3.079310e+03 0.000000e+00 1.000000e+00 1.000000e-01
3.079320e+03 0.000000e+00 1.000000e+00 1.000000e-01
3.079330e+03 0.000000e+00 1.000000e+00 1.000000e-01
3.079340e+03 0.000000e+00 1.000000e+00 1.000000e-01
3.079350e+03 0.000000e+00 1.000000e+00 1.000000e-01
3.079360e+03 0.000000e+00 1.000000e+00 1.000000e-01
3.079370e+03 0.000000e+00 1.000000e+00 1.000000e-01
3.079380e+03 0.000000e+00 1.000000e+00 1.000000e-01
3.079390e+03 0.000000e+00 1.000000e+00 1.000000e-01
3.079400e+03 0.000000e+00 1.000000e+00 1.000000e-01
3.079410e+03 0.000000e+00 1.000000e+00 1.000000e-01
3.079420e+03 0.000000e+00 1.000000e+00 1.000000e-01
3.079430e+03 0.000000e+00 1.000000e+00 1.000000e-01
3.079440e+03 0.000000e+00 1.000000e+00 1.000000e-01
3.079450e+03 0.000000e+00 1.000000e+00 1.000000e-01
3.079460e+03 0.000000e+00 1.000000e+00 1.000000e-01
3.079470e+03 0.000000e+00 1.000000e+00 1.000000e-01
3.079480e+03 0.000000e+00 1.000000e+00 1.000000e-01
3.079490e+03 0.000000e+00 1.000000e+00 1.000000e-01
3.079500e+03 0.000000e+00 1.000000e+00 1.000000e-01
3.079510e+03 0.000000e+00 1.000000e+00 1.000000e-01
3.079520e+03 0.000000e+00 1.000000e+00 1.000000e-01
3.079530e+03 0.000000e+00 1.000000e+00 1.000000e-01
3.079540e+03 0.000000e+00 1.000000e+00 1.000000e-01
3.079550e+03 0.000000e+00 1.000000e+00 1.000000e-01
3.079560e+03 0.000000e+00 1.000000e+00 1.000000e-01
3.079570e+03 0.000000e+00 1.000000e+00 1.000000e-01
3.079580e+03 0.000000e+00 1.000000e+00 1.000000e-01
3.079590e+03 0.000000e+00 1.000000e+00 1.000000e-01
3.079600e+03 0.000000e+00 1.000000e+00 1.000000e-01
3.079610e+03 0.000000e+00 1.000000e+00 1.000000e-01
3.079620e+03 0.000000e+00 1.000000e+00 1.000000e-01
3.079630e+03 0.000000e+00 1.000000e+00 1.000000e-01
3.079640e+03 0.000000e+00 1.000000e+00 1.000000e-01
3.079650e+03 0.000000e+00 1.000000e+00 1.000000e-01
3.079660e+03 0.000000e+00 1.000000e+00 1.000000e-01
3.079670e+03 0.000000e+00 1.000000e+00 1.000000e-01
3.079680e+03 0.000000e+00 1.000000e+00 1.000000e-01
3.079690e+03 0.000000e+00 1.000000e+00 1.000000e-01
3.079700e+03 0.000000e+00 1.000000e+00 1.000000e-01
3.079710e+03 0.000000e+00 1.000000e+00 1.000000e-01
3.079720e+03 0.000000e+00 1.000000e+00 1.000000e-01
3.079730e+03 0.000000e+00 1.000000e+00 1.000000e-01
3.079740e+03 0.000000e+00 1.000000e+00 1.000000e-01
3.079750e+03 0.000000e+00 1.000000e+00 1.000000e-01
3.079760e+03 0.000000e+00 1.000000e+00 1.000000e-01
3.079770e+03 0.000000e+00 1.000000e+00 1.000000e-01
3.079780e+03 0.000000e+00 1.000000e+00 1.000000e-01
3.079790e+03 0.000000e+00 1.000000e+00 1.000000e-01
3.079800e+03 0.000000e+00 1.000000e+00 1.000000e-01
3.079810e+03 0.000000e+00 1.000000e+00 1.000000e-01
3.079820e+03 0.000000e+00 1.000000e+00 1.000000e-01
3.079830e+03 0.000000e+00 1.000000e+00 1.000000e-01
3.079840e+03 0.000000e+00 1.000000e+00 1.000000e-01
3.079850e+03 0.000000e+00 1.000000e+00 1.000000e-01
3.079860e+03 0.000000e+00 1.000000e+00 1.000000e-01
3.079870e+03 0.000000e+00 1.000000e+00 1.000000e-01
3.079880e+03 0.000000e+00 1.000000e+00 1.000000e-01
3.079890e+03 0.000000e+00 1.000000e+00 1.000000e-01
3.079900e+03 0.000000e+00 1.000000e+00 1.000000e-01
3.079910e+03 0.000000e+00 1.000000e+00 1.000000e-01
3.079920e+03 0.000000e+00 1.000000e+00 1.000000e-01
3.079930e+03 0.000000e+00 1.000000e+00 1.000000e-01
3.079940e+03 0.000000e+00 1.000000e+00 1.000000e-01
3.079950e+03 0.000000e+00 1.000000e+00 1.000000e-01
3.079960e+03 0.000000e+00 1.000000e+00 1.000000e-01
3.079970e+03 0.000000e+00 1.000000e+00 1.000000e-01
3.079980e+03 0.000000e+00 1.000000e+00 1.000000e-01
3.079990e+03 0.000000e+00 1.000000e+00 1.000000e-01
3.080000e+03 0.000000e+00 1.000000e+00 1.000000e-01
3.080010e+03 0.000000e+00 1.000000e+00 1.000000e-01
3.080020e+03 0.000000e+00 1.000000e+00 1.000000e-01
3.080030e+03 0.000000e+00 1.000000e+00 1.000000e-01
3.080040e+03 0.000000e+00 1.000000e+00 1.000000e-01
3.080050e+03 0.000000e+00 1.000000e+00 1.000000e-01
3.080060e+03 0.000000e+00 1.000000e+00 1.000000e-01
3.080070e+03 0.000000e+00 1.000000e+00 1.000000e-01
3.080080e+03 0.000000e+00 1.000000e+00 1.000000e-01
3.080090e+03 0.000000e+00 1.000000e+00 1.000000e-01
3.080100e+03 0.000000e+00 1.000000e+00 1.000000e-01
3.080110e+03 0.000000e+00 1.000000e+00 1.000000e-01
3.080120e+03 0.000000e+00 1.000000e+00 1.000000e-01
3.080130e+03 0.000000e+00 1.000000e+00 1.000000e-01
3.080140e+03 0.000000e+00 1.000000e+00 1.000000e-01
3.080150e+03 0.000000e+00 1.000000e+00 1.000000e-01
3.080160e+03 0.000000e+00 1.000000e+00 1.000000e-01
3.080170e+03 0.000000e+00 1.000000e+00 1.000000e-01
3.080180e+03 0.000000e+00 1.000000e+00 1.000000e-01
3.080190e+03 0.000000e+00 1.000000e+00 1.000000e-01
3.080200e+03 0.000000e+00 1.000000e+00 1.000000e-01
3.080210e+03 0.000000e+00 1.000000e+00 1.000000e-01
3.080220e+03 0.000000e+00 1.000000e+00 1.000000e-01
3.080230e+03 0.000000e+00 1.000000e+00 1.000000e-01
3.080240e+03 0.000000e+00 1.000000e+00 1.000000e-01
3.080250e+03 0.000000e+00 1.000000e+00 1.000000e-01
3.080260e+03 0.000000e+00 1.000000e+00 1.000000e-01
3.080270e+03 0.000000e+00 1.000000e+00 1.000000e-01
3.080280e+03 0.000000e+00 1.000000e+00 1.000000e-01
3.080290e+03 0.000000e+00 1.000000e+00 1.000000e-01
3.080300e+03 0.000000e+00 1.000000e+00 1.000000e-01
3.080310e+03 0.000000e+00 1.000000e+00 1.000000e-01
3.080320e+03 0.000000e+00 1.000000e+00 1.000000e-01
3.080330e+03 0.000000e+00 1.000000e+00 1.000000e-01
3.080340e+03 0.000000e+00 1.000000e+00 1.000000e-01
3.080350e+03 0.000000e+00 1.000000e+00 1.000000e-01
3.080360e+03 0.000000e+00 1.000000e+00 1.000000e-01
3.080370e+03 0.000000e+00 1.000000e+00 1.000000e-01
3.080380e+03 0.000000e+00 1.000000e+00 1.000000e-01
3.080390e+03 0.000000e+00 1.000000e+00 1.000000e-01
3.080400e+03 0.000000e+00 1.000000e+00 1.000000e-01
3.080410e+03 0.000000e+00 1.000000e+00 1.000000e-01
3.080420e+03 0.000000e+00 1.000000e+00 1.000000e-01
3.080430e+03 0.000000e+00 1.000000e+00 1.000000e-01
3.080440e+03 0.000000e+00 1.000000e+00 1.000000e-01
3.080450e+03 0.000000e+00 1.000000e+00 1.000000e-01
3.080460e+03 0.000000e+00 1.000000e+00 1.000000e-01
3.080470e+03 0.000000e+00 1.000000e+00 1.000000e-01
3.080480e+03 0.000000e+00 1.000000e+00 1.000000e-01
3.080490e+03 0.000000e+00 1.000000e+00 1.000000e-01
3.080500e+03 0.000000e+00 1.000000e+00 1.000000e-01
3.080510e+03 0.000000e+00 1.000000e+00 1.000000e-01
3.080520e+03 0.000000e+00 1.000000e+00 1.000000e-01
3.080530e+03 0.000000e+00 1.000000e+00 1.000000e-01
3.080540e+03 0.000000e+00 1.000000e+00 1.000000e-01
3.080550e+03 0.000000e+00 1.000000e+00 1.000000e-01
3.080560e+03 0.000000e+00 1.000000e+00 1.000000e-01
3.080570e+03 0.000000e+00 1.000000e+00 1.000000e-01
3.080580e+03 0.000000e+00 1.000000e+00 1.000000e-01
3.080590e+03 0.000000e+00 1.000000e+00 1.000000e-01
3.080600e+03 0.000000e+00 1.000000e+00 1.000000e-01
3.080610e+03 0.000000e+00 1.000000e+00 1.000000e-01
3.080620e+03 0.000000e+00 1.000000e+00 1.000000e-01
3.080630e+03 0.000000e+00 1.000000e+00 1.000000e-01
3.080640e+03 0.000000e+00 1.000000e+00 1.000000e-01
3.080650e+03 0.000000e+00 1.000000e+00 1.000000e-01
3.080660e+03 0.000000e+00 1.000000e+00 1.000000e-01
3.080670e+03 0.000000e+00 1.000000e+00 1.000000e-01
3.080680e+03 0.000000e+00 1.000000e+00 1.000000e-01
3.080690e+03 0.000000e+00 1.000000e+00 1.000000e-01
3.080700e+03 0.000000e+00 1.000000e+00 1.000000e-01
3.080710e+03 0.000000e+00 1.000000e+00 1.000000e-01
3.080720e+03 0.000000e+00 1.000000e+00 1.000000e-01
3.080730e+03 0.000000e+00 1.000000e+00 1.000000e-01
3.080740e+03 0.000000e+00 1.000000e+00 1.000000e-01
3.080750e+03 0.000000e+00 1.000000e+00 1.000000e-01
3.080760e+03 0.000000e+00 1.000000e+00 1.000000e-01
3.080770e+03 0.000000e+00 1.000000e+00 1.000000e-01
3.080780e+03 0.000000e+00 1.000000e+00 1.000000e-01
3.080790e+03 0.000000e+00 1.000000e+00 1.000000e-01
3.080800e+03 0.000000e+00 1.000000e+00 1.000000e-01
3.080810e+03 0.000000e+00 1.000000e+00 1.000000e-01
3.080820e+03 0.000000e+00 1.000000e+00 1.000000e-01
3.080830e+03 0.000000e+00 1.000000e+00 1.000000e-01
3.080840e+03 0.000000e+00 1.000000e+00 1.000000e-01
3.080850e+03 0.000000e+00 1.000000e+00 1.000000e-01
3.080860e+03 0.000000e+00 1.000000e+00 1.000000e-01
3.080870e+03 0.000000e+00 1.000000e+00 1.000000e-01
3.080880e+03 0.000000e+00 1.000000e+00 1.000000e-01
3.080890e+03 0.000000e+00 1.000000e+00 1.000000e-01
3.080900e+03 0.000000e+00 1.000000e+00 1.000000e-01
3.080910e+03 0.000000e+00 1.000000e+00 1.000000e-01
3.080920e+03 0.000000e+00 1.000000e+00 1.000000e-01
3.080930e+03 0.000000e+00 1.000000e+00 1.000000e-01
3.080940e+03 0.000000e+00 1.000000e+00 1.000000e-01
3.080950e+03 0.000000e+00 1.000000e+00 1.000000e-01
3.080960e+03 0.000000e+00 1.000000e+00 1.000000e-01
3.080970e+03 0.000000e+00 1.000000e+00 1.000000e-01
3.080980e+03 0.000000e+00 1.000000e+00 1.000000e-01
3.080990e+03 0.000000e+00 1.000000e+00 1.000000e-01
3.081000e+03 0.000000e+00 1.000000e+00 1.000000e-01
3.081010e+03 0.000000e+00 1.000000e+00 1.000000e-01
3.081020e+03 0.000000e+00 1.000000e+00 1.000000e-01
3.081030e+03 0.000000e+00 1.000000e+00 1.000000e-01
3.081040e+03 0.000000e+00 1.000000e+00 1.000000e-01
3.081050e+03 0.000000e+00 1.000000e+00 1.000000e-01
3.081060e+03 0.000000e+00 1.000000e+00 1.000000e-01
3.081070e+03 0.000000e+00 1.000000e+00 1.000000e-01
3.081080e+03 0.000000e+00 1.000000e+00 1.000000e-01
3.081090e+03 0.000000e+00 1.000000e+00 1.000000e-01
3.081100e+03 0.000000e+00 1.000000e+00 1.000000e-01
3.081110e+03 0.000000e+00 1.000000e+00 1.000000e-01
3.081120e+03 0.000000e+00 1.000000e+00 1.000000e-01
3.081130e+03 0.000000e+00 1.000000e+00 1.000000e-01
3.081140e+03 0.000000e+00 1.000000e+00 1.000000e-01
3.081150e+03 0.000000e+00 1.000000e+00 1.000000e-01
3.081160e+03 0.000000e+00 1.000000e+00 1.000000e-01
3.081170e+03 0.000000e+00 1.000000e+00 1.000000e-01
3.081180e+03 0.000000e+00 1.000000e+00 1.000000e-01
3.081190e+03 0.000000e+00 1.000000e+00 1.000000e-01
3.081200e+03 0.000000e+00 1.000000e+00 1.000000e-01
3.081210e+03 0.000000e+00 1.000000e+00 1.000000e-01
3.081220e+03 0.000000e+00 1.000000e+00 1.000000e-01
3.081230e+03 0.000000e+00 1.000000e+00 1.000000e-01
3.081240e+03 0.000000e+00 1.000000e+00 1.000000e-01
3.081250e+03 0.000000e+00 1.000000e+00 1.000000e-01
3.081260e+03 0.000000e+00 1.000000e+00 1.000000e-01
3.081270e+03 0.000000e+00 1.000000e+00 1.000000e-01
3.081280e+03 0.000000e+00 1.000000e+00 1.000000e-01
3.081290e+03 0.000000e+00 1.000000e+00 1.000000e-01
3.081300e+03 0.000000e+00 1.000000e+00 1.000000e-01
3.081310e+03 0.000000e+00 1.000000e+00 1.000000e-01
3.081320e+03 0.000000e+00 1.000000e+00 1.000000e-01
3.081330e+03 0.000000e+00 1.000000e+00 1.000000e-01
3.081340e+03 0.000000e+00 1.000000e+00 1.000000e-01
3.081350e+03 0.000000e+00 1.000000e+00 1.000000e-01
3.081360e+03 0.000000e+00 1.000000e+00 1.000000e-01
3.081370e+03 0.000000e+00 1.000000e+00 1.000000e-01
3.081380e+03 0.000000e+00 1.000000e+00 1.000000e-01
3.081390e+03 0.000000e+00 1.000000e+00 1.000000e-01
3.081400e+03 0.000000e+00 1.000000e+00 1.000000e-01
3.081410e+03 0.000000e+00 1.000000e+00 1.000000e-01
3.081420e+03 0.000000e+00 1.000000e+00 1.000000e-01
3.081430e+03 0.000000e+00 1.000000e+00 1.000000e-01
3.081440e+03 0.000000e+00 1.000000e+00 1.000000e-01
3.081450e+03 0.000000e+00 1.000000e+00 1.000000e-01
3.081460e+03 0.000000e+00 1.000000e+00 1.000000e-01
3.081470e+03 0.000000e+00 1.000000e+00 1.000000e-01
3.081480e+03 0.000000e+00 1.000000e+00 1.000000e-01
3.081490e+03 0.000000e+00 1.000000e+00 1.000000e-01
3.081500e+03 0.000000e+00 1.000000e+00 1.000000e-01
3.081510e+03 0.000000e+00 1.000000e+00 1.000000e-01
3.081520e+03 0.000000e+00 1.000000e+00 1.000000e-01
3.081530e+03 0.000000e+00 1.000000e+00 1.000000e-01
3.081540e+03 0.000000e+00 1.000000e+00 1.000000e-01
3.081550e+03 0.000000e+00 1.000000e+00 1.000000e-01
3.081560e+03 0.000000e+00 1.000000e+00 1.000000e-01
3.081570e+03 0.000000e+00 1.000000e+00 1.000000e-01
3.081580e+03 0.000000e+00 1.000000e+00 1.000000e-01
3.081590e+03 0.000000e+00 1.000000e+00 1.000000e-01
3.081600e+03 0.000000e+00 1.000000e+00 1.000000e-01
3.081610e+03 0.000000e+00 1.000000e+00 1.000000e-01
3.081620e+03 0.000000e+00 1.000000e+00 1.000000e-01
3.081630e+03 0.000000e+00 1.000000e+00 1.000000e-01
3.081640e+03 0.000000e+00 1.000000e+00 1.000000e-01
3.081650e+03 0.000000e+00 1.000000e+00 1.000000e-01
3.081660e+03 0.000000e+00 1.000000e+00 1.000000e-01
3.081670e+03 0.000000e+00 1.000000e+00 1.000000e-01
3.081680e+03 0.000000e+00 1.000000e+00 1.000000e-01
3.081690e+03 0.000000e+00 1.000000e+00 1.000000e-01
3.081700e+03 0.000000e+00 1.000000e+00 1.000000e-01
3.081710e+03 0.000000e+00 1.000000e+00 1.000000e-01
3.081720e+03 0.000000e+00 1.000000e+00 1.000000e-01
3.081730e+03 0.000000e+00 1.000000e+00 1.000000e-01
3.081740e+03 0.000000e+00 1.000000e+00 1.000000e-01
3.081750e+03 0.000000e+00 1.000000e+00 1.000000e-01
3.081760e+03 0.000000e+00 1.000000e+00 1.000000e-01
3.081770e+03 0.000000e+00 1.000000e+00 1.000000e-01
3.081780e+03 0.000000e+00 1.000000e+00 1.000000e-01
3.081790e+03 0.000000e+00 1.000000e+00 1.000000e-01
3.081800e+03 0.000000e+00 1.000000e+00 1.000000e-01
3.081810e+03 0.000000e+00 1.000000e+00 1.000000e-01
3.081820e+03 0.000000e+00 1.000000e+00 1.000000e-01
3.081830e+03 0.000000e+00 1.000000e+00 1.000000e-01
3.081840e+03 0.000000e+00 1.000000e+00 1.000000e-01
3.081850e+03 0.000000e+00 1.000000e+00 1.000000e-01
3.081860e+03 0.000000e+00 1.000000e+00 1.000000e-01
3.081870e+03 0.000000e+00 1.000000e+00 1.000000e-01
3.081880e+03 0.000000e+00 1.000000e+00 1.000000e-01
3.081890e+03 0.000000e+00 1.000000e+00 1.000000e-01
3.081900e+03 0.000000e+00 1.000000e+00 1.000000e-01
3.081910e+03 0.000000e+00 1.000000e+00 1.000000e-01
3.081920e+03 0.000000e+00 1.000000e+00 1.000000e-01
3.081930e+03 0.000000e+00 1.000000e+00 1.000000e-01
3.081940e+03 0.000000e+00 1.000000e+00 1.000000e-01
3.081950e+03 0.000000e+00 1.000000e+00 1.000000e-01
3.081960e+03 0.000000e+00 1.000000e+00 1.000000e-01
3.081970e+03 0.000000e+00 1.000000e+00 1.000000e-01
3.081980e+03 0.000000e+00 1.000000e+00 1.000000e-01
3.081990e+03 0.000000e+00 1.000000e+00 1.000000e-01
3.082000e+03 0.000000e+00 1.000000e+00 1.000000e-01
3.082010e+03 0.000000e+00 1.000000e+00 1.000000e-01
3.082020e+03 0.000000e+00 1.000000e+00 1.000000e-01
3.082030e+03 0.000000e+00 1.000000e+00 1.000000e-01
3.082040e+03 0.000000e+00 1.000000e+00 1.000000e-01
3.082050e+03 0.000000e+00 1.000000e+00 1.000000e-01
3.082060e+03 0.000000e+00 1.000000e+00 1.000000e-01
3.082070e+03 0.000000e+00 1.000000e+00 1.000000e-01
3.082080e+03 0.000000e+00 1.000000e+00 1.000000e-01
3.082090e+03 0.000000e+00 1.000000e+00 1.000000e-01
3.082100e+03 0.000000e+00 1.000000e+00 1.000000e-01
3.082110e+03 0.000000e+00 1.000000e+00 1.000000e-01
3.082120e+03 0.000000e+00 1.000000e+00 1.000000e-01
3.082130e+03 0.000000e+00 1.000000e+00 1.000000e-01
3.082140e+03 0.000000e+00 1.000000e+00 1.000000e-01
3.082150e+03 0.000000e+00 1.000000e+00 1.000000e-01
3.082160e+03 0.000000e+00 1.000000e+00 1.000000e-01
3.082170e+03 0.000000e+00 1.000000e+00 1.000000e-01
3.082180e+03 0.000000e+00 1.000000e+00 1.000000e-01
3.082190e+03 0.000000e+00 1.000000e+00 1.000000e-01
3.082200e+03 0.000000e+00 1.000000e+00 1.000000e-01
3.082210e+03 0.000000e+00 1.000000e+00 1.000000e-01
3.082220e+03 0.000000e+00 1.000000e+00 1.000000e-01
3.082230e+03 0.000000e+00 1.000000e+00 1.000000e-01
3.082240e+03 0.000000e+00 1.000000e+00 1.000000e-01
3.082250e+03 0.000000e+00 1.000000e+00 1.000000e-01
3.082260e+03 0.000000e+00 1.000000e+00 1.000000e-01
3.082270e+03 0.000000e+00 1.000000e+00 1.000000e-01
3.082280e+03 0.000000e+00 1.000000e+00 1.000000e-01
3.082290e+03 0.000000e+00 1.000000e+00 1.000000e-01
3.082300e+03 0.000000e+00 1.000000e+00 1.000000e-01
3.082310e+03 0.000000e+00 1.000000e+00 1.000000e-01
3.082320e+03 0.000000e+00 1.000000e+00 1.000000e-01
3.082330e+03 0.000000e+00 1.000000e+00 1.000000e-01
3.082340e+03 0.000000e+00 1.000000e+00 1.000000e-01
3.082350e+03 0.000000e+00 1.000000e+00 1.000000e-01
3.082360e+03 0.000000e+00 1.000000e+00 1.000000e-01
3.082370e+03 0.000000e+00 1.000000e+00 1.000000e-01
3.082380e+03 0.000000e+00 1.000000e+00 1.000000e-01
3.082390e+03 0.000000e+00 1.000000e+00 1.000000e-01
3.082400e+03 0.000000e+00 1.000000e+00 1.000000e-01
3.082410e+03 0.000000e+00 1.000000e+00 1.000000e-01
3.082420e+03 0.000000e+00 1.000000e+00 1.000000e-01
3.082430e+03 0.000000e+00 1.000000e+00 1.000000e-01
3.082440e+03 0.000000e+00 1.000000e+00 1.000000e-01
3.082450e+03 0.000000e+00 1.000000e+00 1.000000e-01
3.082460e+03 0.000000e+00 1.000000e+00 1.000000e-01
3.082470e+03 0.000000e+00 1.000000e+00 1.000000e-01
3.082480e+03 0.000000e+00 1.000000e+00 1.000000e-01
3.082490e+03 0.000000e+00 1.000000e+00 1.000000e-01
3.082500e+03 0.000000e+00 1.000000e+00 1.000000e-01
3.082510e+03 0.000000e+00 1.000000e+00 1.000000e-01
3.082520e+03 0.000000e+00 1.000000e+00 1.000000e-01
3.082530e+03 0.000000e+00 1.000000e+00 1.000000e-01
3.082540e+03 0.000000e+00 1.000000e+00 1.000000e-01
3.082550e+03 0.000000e+00 1.000000e+00 1.000000e-01
3.082560e+03 0.000000e+00 1.000000e+00 1.000000e-01
3.082570e+03 0.000000e+00 1.000000e+00 1.000000e-01
3.082580e+03 0.000000e+00 1.000000e+00 1.000000e-01
3.082590e+03 0.000000e+00 1.000000e+00 1.000000e-01
3.082600e+03 0.000000e+00 1.000000e+00 1.000000e-01
3.082610e+03 0.000000e+00 1.000000e+00 1.000000e-01
3.082620e+03 0.000000e+00 1.000000e+00 1.000000e-01
3.082630e+03 0.000000e+00 1.000000e+00 1.000000e-01
3.082640e+03 0.000000e+00 1.000000e+00 1.000000e-01
3.082650e+03 0.000000e+00 1.000000e+00 1.000000e-01
3.082660e+03 0.000000e+00 1.000000e+00 1.000000e-01
3.082670e+03 0.000000e+00 1.000000e+00 1.000000e-01
3.082680e+03 0.000000e+00 1.000000e+00 1.000000e-01
3.082690e+03 0.000000e+00 1.000000e+00 1.000000e-01
3.082700e+03 0.000000e+00 1.000000e+00 1.000000e-01
3.082710e+03 0.000000e+00 1.000000e+00 1.000000e-01
3.082720e+03 0.000000e+00 1.000000e+00 1.000000e-01
3.082730e+03 0.000000e+00 1.000000e+00 1.000000e-01
3.082740e+03 0.000000e+00 1.000000e+00 1.000000e-01
3.082750e+03 0.000000e+00 1.000000e+00 1.000000e-01
3.082760e+03 0.000000e+00 1.000000e+00 1.000000e-01
3.082770e+03 0.000000e+00 1.000000e+00 1.000000e-01
3.082780e+03 0.000000e+00 1.000000e+00 1.000000e-01
3.082790e+03 0.000000e+00 1.000000e+00 1.000000e-01
3.082800e+03 0.000000e+00 1.000000e+00 1.000000e-01
3.082810e+03 0.000000e+00 1.000000e+00 1.000000e-01
3.082820e+03 0.000000e+00 1.000000e+00 1.000000e-01
3.082830e+03 0.000000e+00 1.000000e+00 1.000000e-01
3.082840e+03 0.000000e+00 1.000000e+00 1.000000e-01
3.082850e+03 0.000000e+00 1.000000e+00 1.000000e-01
3.082860e+03 0.000000e+00 1.000000e+00 1.000000e-01
3.082870e+03 0.000000e+00 1.000000e+00 1.000000e-01
3.082880e+03 0.000000e+00 1.000000e+00 1.000000e-01
3.082890e+03 0.000000e+00 1.000000e+00 1.000000e-01
3.082900e+03 0.000000e+00 1.000000e+00 1.000000e-01
3.082910e+03 0.000000e+00 1.000000e+00 1.000000e-01
3.082920e+03 0.000000e+00 1.000000e+00 1.000000e-01
3.082930e+03 0.000000e+00 1.000000e+00 1.000000e-01
3.082940e+03 0.000000e+00 1.000000e+00 1.000000e-01
3.082950e+03 0.000000e+00 1.000000e+00 1.000000e-01
3.082960e+03 0.000000e+00 1.000000e+00 1.000000e-01
3.082970e+03 0.000000e+00 1.000000e+00 1.000000e-01
3.082980e+03 0.000000e+00 1.000000e+00 1.000000e-01
3.082990e+03 0.000000e+00 1.000000e+00 1.000000e-01
3.083000e+03 0.000000e+00 1.000000e+00 1.000000e-01
3.083010e+03 0.000000e+00 1.000000e+00 1.000000e-01
3.083020e+03 0.000000e+00 1.000000e+00 1.000000e-01
3.083030e+03 0.000000e+00 1.000000e+00 1.000000e-01
3.083040e+03 0.000000e+00 1.000000e+00 1.000000e-01
3.083050e+03 0.000000e+00 1.000000e+00 1.000000e-01
3.083060e+03 0.000000e+00 1.000000e+00 1.000000e-01
3.083070e+03 0.000000e+00 1.000000e+00 1.000000e-01
3.083080e+03 0.000000e+00 1.000000e+00 1.000000e-01
3.083090e+03 0.000000e+00 1.000000e+00 1.000000e-01
3.083100e+03 0.000000e+00 1.000000e+00 1.000000e-01
3.083110e+03 0.000000e+00 1.000000e+00 1.000000e-01
3.083120e+03 0.000000e+00 1.000000e+00 1.000000e-01
3.083130e+03 0.000000e+00 1.000000e+00 1.000000e-01
3.083140e+03 0.000000e+00 1.000000e+00 1.000000e-01
3.083150e+03 0.000000e+00 1.000000e+00 1.000000e-01
3.083160e+03 0.000000e+00 1.000000e+00 1.000000e-01
3.083170e+03 0.000000e+00 1.000000e+00 1.000000e-01
3.083180e+03 0.000000e+00 1.000000e+00 1.000000e-01
3.083190e+03 0.000000e+00 1.000000e+00 1.000000e-01
3.083200e+03 0.000000e+00 1.000000e+00 1.000000e-01
3.083210e+03 0.000000e+00 1.000000e+00 1.000000e-01
3.083220e+03 0.000000e+00 1.000000e+00 1.000000e-01
3.083230e+03 0.000000e+00 1.000000e+00 1.000000e-01
3.083240e+03 0.000000e+00 1.000000e+00 1.000000e-01
3.083250e+03 0.000000e+00 1.000000e+00 1.000000e-01
3.083260e+03 0.000000e+00 1.000000e+00 1.000000e-01
3.083270e+03 0.000000e+00 1.000000e+00 1.000000e-01
3.083280e+03 0.000000e+00 1.000000e+00 1.000000e-01
3.083290e+03 0.000000e+00 1.000000e+00 1.000000e-01
3.083300e+03 0.000000e+00 1.000000e+00 1.000000e-01
3.083310e+03 0.000000e+00 1.000000e+00 1.000000e-01
3.083320e+03 0.000000e+00 1.000000e+00 1.000000e-01
3.083330e+03 0.000000e+00 1.000000e+00 1.000000e-01
3.083340e+03 0.000000e+00 1.000000e+00 1.000000e-01
3.083350e+03 0.000000e+00 1.000000e+00 1.000000e-01
3.083360e+03 0.000000e+00 1.000000e+00 1.000000e-01
3.083370e+03 0.000000e+00 1.000000e+00 1.000000e-01
3.083380e+03 0.000000e+00 1.000000e+00 1.000000e-01
3.083390e+03 0.000000e+00 1.000000e+00 1.000000e-01
3.083400e+03 0.000000e+00 1.000000e+00 1.000000e-01
3.083410e+03 0.000000e+00 1.000000e+00 1.000000e-01
3.083420e+03 0.000000e+00 1.000000e+00 1.000000e-01
3.083430e+03 0.000000e+00 1.000000e+00 1.000000e-01
3.083440e+03 0.000000e+00 1.000000e+00 1.000000e-01
3.083450e+03 0.000000e+00 1.000000e+00 1.000000e-01
3.083460e+03 0.000000e+00 1.000000e+00 1.000000e-01
3.083470e+03 0.000000e+00 1.000000e+00 1.000000e-01
3.083480e+03 0.000000e+00 1.000000e+00 1.000000e-01
3.083490e+03 0.000000e+00 1.000000e+00 1.000000e-01
3.083500e+03 0.000000e+00 1.000000e+00 1.000000e-01
3.083510e+03 0.000000e+00 1.000000e+00 1.000000e-01
3.083520e+03 0.000000e+00 1.000000e+00 1.000000e-01
3.083530e+03 0.000000e+00 1.000000e+00 1.000000e-01
3.083540e+03 0.000000e+00 1.000000e+00 1.000000e-01
3.083550e+03 0.000000e+00 1.000000e+00 1.000000e-01
3.083560e+03 0.000000e+00 1.000000e+00 1.000000e-01
3.083570e+03 0.000000e+00 1.000000e+00 1.000000e-01
3.083580e+03 0.000000e+00 1.000000e+00 1.000000e-01
3.083590e+03 0.000000e+00 1.000000e+00 1.000000e-01
3.083600e+03 0.000000e+00 1.000000e+00 1.000000e-01
3.083610e+03 0.000000e+00 1.000000e+00 1.000000e-01
3.083620e+03 0.000000e+00 1.000000e+00 1.000000e-01
3.083630e+03 0.000000e+00 1.000000e+00 1.000000e-01
3.083640e+03 0.000000e+00 1.000000e+00 1.000000e-01
3.083650e+03 0.000000e+00 1.000000e+00 1.000000e-01
3.083660e+03 0.000000e+00 1.000000e+00 1.000000e-01
3.083670e+03 0.000000e+00 1.000000e+00 1.000000e-01
3.083680e+03 0.000000e+00 1.000000e+00 1.000000e-01
3.083690e+03 0.000000e+00 1.000000e+00 1.000000e-01
3.083700e+03 0.000000e+00 1.000000e+00 1.000000e-01
3.083710e+03 0.000000e+00 1.000000e+00 1.000000e-01
3.083720e+03 0.000000e+00 1.000000e+00 1.000000e-01
3.083730e+03 0.000000e+00 1.000000e+00 1.000000e-01
3.083740e+03 0.000000e+00 1.000000e+00 1.000000e-01
3.083750e+03 0.000000e+00 1.000000e+00 1.000000e-01
3.083760e+03 0.000000e+00 1.000000e+00 1.000000e-01
3.083770e+03 0.000000e+00 1.000000e+00 1.000000e-01
3.083780e+03 0.000000e+00 1.000000e+00 1.000000e-01
3.083790e+03 0.000000e+00 1.000000e+00 1.000000e-01
3.083800e+03 0.000000e+00 1.000000e+00 1.000000e-01
3.083810e+03 0.000000e+00 1.000000e+00 1.000000e-01
3.083820e+03 0.000000e+00 1.000000e+00 1.000000e-01
3.083830e+03 0.000000e+00 1.000000e+00 1.000000e-01
3.083840e+03 0.000000e+00 1.000000e+00 1.000000e-01
3.083850e+03 0.000000e+00 1.000000e+00 1.000000e-01
3.083860e+03 0.000000e+00 1.000000e+00 1.000000e-01
3.083870e+03 0.000000e+00 1.000000e+00 1.000000e-01
3.083880e+03 0.000000e+00 1.000000e+00 1.000000e-01
3.083890e+03 0.000000e+00 1.000000e+00 1.000000e-01
3.083900e+03 0.000000e+00 1.000000e+00 1.000000e-01
3.083910e+03 0.000000e+00 1.000000e+00 1.000000e-01
3.083920e+03 0.000000e+00 1.000000e+00 1.000000e-01
3.083930e+03 0.000000e+00 1.000000e+00 1.000000e-01
3.083940e+03 0.000000e+00 1.000000e+00 1.000000e-01
3.083950e+03 0.000000e+00 1.000000e+00 1.000000e-01
3.083960e+03 0.000000e+00 1.000000e+00 1.000000e-01
3.083970e+03 0.000000e+00 1.000000e+00 1.000000e-01
3.083980e+03 0.000000e+00 1.000000e+00 1.000000e-01
3.083990e+03 0.000000e+00 1.000000e+00 1.000000e-01
3.084000e+03 0.000000e+00 1.000000e+00 1.000000e-01
3.084010e+03 0.000000e+00 1.000000e+00 1.000000e-01
3.084020e+03 0.000000e+00 1.000000e+00 1.000000e-01
3.084030e+03 0.000000e+00 1.000000e+00 1.000000e-01
3.084040e+03 0.000000e+00 1.000000e+00 1.000000e-01
3.084050e+03 0.000000e+00 1.000000e+00 1.000000e-01
3.084060e+03 0.000000e+00 1.000000e+00 1.000000e-01
3.084070e+03 0.000000e+00 1.000000e+00 1.000000e-01
3.084080e+03 0.000000e+00 1.000000e+00 1.000000e-01
3.084090e+03 0.000000e+00 1.000000e+00 1.000000e-01
3.084100e+03 0.000000e+00 1.000000e+00 1.000000e-01
3.084110e+03 0.000000e+00 1.000000e+00 1.000000e-01
3.084120e+03 0.000000e+00 1.000000e+00 1.000000e-01
3.084130e+03 0.000000e+00 1.000000e+00 1.000000e-01
3.084140e+03 0.000000e+00 1.000000e+00 1.000000e-01
3.084150e+03 0.000000e+00 1.000000e+00 1.000000e-01
3.084160e+03 0.000000e+00 1.000000e+00 1.000000e-01
3.084170e+03 0.000000e+00 1.000000e+00 1.000000e-01
3.084180e+03 0.000000e+00 1.000000e+00 1.000000e-01
3.084190e+03 0.000000e+00 1.000000e+00 1.000000e-01
3.084200e+03 0.000000e+00 1.000000e+00 1.000000e-01
3.084210e+03 0.000000e+00 1.000000e+00 1.000000e-01
3.084220e+03 0.000000e+00 1.000000e+00 1.000000e-01
3.084230e+03 0.000000e+00 1.000000e+00 1.000000e-01
3.084240e+03 0.000000e+00 1.000000e+00 1.000000e-01
3.084250e+03 0.000000e+00 1.000000e+00 1.000000e-01
3.084260e+03 0.000000e+00 1.000000e+00 1.000000e-01
3.084270e+03 0.000000e+00 1.000000e+00 1.000000e-01
3.084280e+03 0.000000e+00 1.000000e+00 1.000000e-01
3.084290e+03 0.000000e+00 1.000000e+00 1.000000e-01
3.084300e+03 0.000000e+00 1.000000e+00 1.000000e-01
3.084310e+03 0.000000e+00 1.000000e+00 1.000000e-01
3.084320e+03 0.000000e+00 1.000000e+00 1.000000e-01
3.084330e+03 0.000000e+00 1.000000e+00 1.000000e-01
3.084340e+03 0.000000e+00 1.000000e+00 1.000000e-01
3.084350e+03 0.000000e+00 1.000000e+00 1.000000e-01
3.084360e+03 0.000000e+00 1.000000e+00 1.000000e-01
3.084370e+03 0.000000e+00 1.000000e+00 1.000000e-01
3.084380e+03 0.000000e+00 1.000000e+00 1.000000e-01
3.084390e+03 0.000000e+00 1.000000e+00 1.000000e-01
3.084400e+03 0.000000e+00 1.000000e+00 1.000000e-01
3.084410e+03 0.000000e+00 1.000000e+00 1.000000e-01
3.084420e+03 0.000000e+00 1.000000e+00 1.000000e-01
3.084430e+03 0.000000e+00 1.000000e+00 1.000000e-01
3.084440e+03 0.000000e+00 1.000000e+00 1.000000e-01
3.084450e+03 0.000000e+00 1.000000e+00 1.000000e-01
3.084460e+03 0.000000e+00 1.000000e+00 1.000000e-01
3.084470e+03 0.000000e+00 1.000000e+00 1.000000e-01
3.084480e+03 0.000000e+00 1.000000e+00 1.000000e-01
3.084490e+03 0.000000e+00 1.000000e+00 1.000000e-01
3.084500e+03 0.000000e+00 1.000000e+00 1.000000e-01
3.084510e+03 0.000000e+00 1.000000e+00 1.000000e-01
3.084520e+03 0.000000e+00 1.000000e+00 1.000000e-01
3.084530e+03 0.000000e+00 1.000000e+00 1.000000e-01
3.084540e+03 0.000000e+00 1.000000e+00 1.000000e-01
3.084550e+03 0.000000e+00 1.000000e+00 1.000000e-01
3.084560e+03 0.000000e+00 1.000000e+00 1.000000e-01
3.084570e+03 0.000000e+00 1.000000e+00 1.000000e-01
3.084580e+03 0.000000e+00 1.000000e+00 1.000000e-01
3.084590e+03 0.000000e+00 1.000000e+00 1.000000e-01
3.084600e+03 0.000000e+00 1.000000e+00 1.000000e-01
3.084610e+03 0.000000e+00 1.000000e+00 1.000000e-01
3.084620e+03 0.000000e+00 1.000000e+00 1.000000e-01
3.084630e+03 0.000000e+00 1.000000e+00 1.000000e-01
3.084640e+03 0.000000e+00 1.000000e+00 1.000000e-01
3.084650e+03 0.000000e+00 1.000000e+00 1.000000e-01
3.084660e+03 0.000000e+00 1.000000e+00 1.000000e-01
3.084670e+03 0.000000e+00 1.000000e+00 1.000000e-01
3.084680e+03 0.000000e+00 1.000000e+00 1.000000e-01
3.084690e+03 0.000000e+00 1.000000e+00 1.000000e-01
3.084700e+03 0.000000e+00 1.000000e+00 1.000000e-01
3.084710e+03 0.000000e+00 1.000000e+00 1.000000e-01
3.084720e+03 0.000000e+00 1.000000e+00 1.000000e-01
3.084730e+03 0.000000e+00 1.000000e+00 1.000000e-01
3.084740e+03 0.000000e+00 1.000000e+00 1.000000e-01
3.084750e+03 0.000000e+00 1.000000e+00 1.000000e-01
3.084760e+03 0.000000e+00 1.000000e+00 1.000000e-01
3.084770e+03 0.000000e+00 1.000000e+00 1.000000e-01
3.084780e+03 0.000000e+00 1.000000e+00 1.000000e-01
3.084790e+03 0.000000e+00 1.000000e+00 1.000000e-01
3.084800e+03 0.000000e+00 1.000000e+00 1.000000e-01
3.084810e+03 0.000000e+00 1.000000e+00 1.000000e-01
3.084820e+03 0.000000e+00 1.000000e+00 1.000000e-01
3.084830e+03 0.000000e+00 1.000000e+00 1.000000e-01
3.084840e+03 0.000000e+00 1.000000e+00 1.000000e-01
3.084850e+03 0.000000e+00 1.000000e+00 1.000000e-01
3.084860e+03 0.000000e+00 1.000000e+00 1.000000e-01
3.084870e+03 0.000000e+00 1.000000e+00 1.000000e-01
3.084880e+03 0.000000e+00 1.000000e+00 1.000000e-01
3.084890e+03 0.000000e+00 1.000000e+00 1.000000e-01
3.084900e+03 0.000000e+00 1.000000e+00 1.000000e-01
3.084910e+03 0.000000e+00 1.000000e+00 1.000000e-01
3.084920e+03 0.000000e+00 1.000000e+00 1.000000e-01
3.084930e+03 0.000000e+00 1.000000e+00 1.000000e-01
3.084940e+03 0.000000e+00 1.000000e+00 1.000000e-01
3.084950e+03 0.000000e+00 1.000000e+00 1.000000e-01
3.084960e+03 0.000000e+00 1.000000e+00 1.000000e-01
3.084970e+03 0.000000e+00 1.000000e+00 1.000000e-01
3.084980e+03 0.000000e+00 1.000000e+00 1.000000e-01
3.084990e+03 0.000000e+00 1.000000e+00 1.000000e-01
3.085000e+03 0.000000e+00 1.000000e+00 1.000000e-01
3.085010e+03 0.000000e+00 1.000000e+00 1.000000e-01
3.085020e+03 0.000000e+00 1.000000e+00 1.000000e-01
3.085030e+03 0.000000e+00 1.000000e+00 1.000000e-01
3.085040e+03 0.000000e+00 1.000000e+00 1.000000e-01
3.085050e+03 0.000000e+00 1.000000e+00 1.000000e-01
3.085060e+03 0.000000e+00 1.000000e+00 1.000000e-01
3.085070e+03 0.000000e+00 1.000000e+00 1.000000e-01
3.085080e+03 0.000000e+00 1.000000e+00 1.000000e-01
3.085090e+03 0.000000e+00 1.000000e+00 1.000000e-01
3.085100e+03 0.000000e+00 1.000000e+00 1.000000e-01
3.085110e+03 0.000000e+00 1.000000e+00 1.000000e-01
3.085120e+03 0.000000e+00 1.000000e+00 1.000000e-01
3.085130e+03 0.000000e+00 1.000000e+00 1.000000e-01
3.085140e+03 0.000000e+00 1.000000e+00 1.000000e-01
3.085150e+03 0.000000e+00 1.000000e+00 1.000000e-01
3.085160e+03 0.000000e+00 1.000000e+00 1.000000e-01
3.085170e+03 0.000000e+00 1.000000e+00 1.000000e-01
3.085180e+03 0.000000e+00 1.000000e+00 1.000000e-01
3.085190e+03 0.000000e+00 1.000000e+00 1.000000e-01
3.085200e+03 0.000000e+00 1.000000e+00 1.000000e-01
3.085210e+03 0.000000e+00 1.000000e+00 1.000000e-01
3.085220e+03 0.000000e+00 1.000000e+00 1.000000e-01
3.085230e+03 0.000000e+00 1.000000e+00 1.000000e-01
3.085240e+03 0.000000e+00 1.000000e+00 1.000000e-01
3.085250e+03 0.000000e+00 1.000000e+00 1.000000e-01
3.085260e+03 0.000000e+00 1.000000e+00 1.000000e-01
3.085270e+03 0.000000e+00 1.000000e+00 1.000000e-01
3.085280e+03 0.000000e+00 1.000000e+00 1.000000e-01
3.085290e+03 0.000000e+00 1.000000e+00 1.000000e-01
3.085300e+03 0.000000e+00 1.000000e+00 1.000000e-01
3.085310e+03 0.000000e+00 1.000000e+00 1.000000e-01
3.085320e+03 0.000000e+00 1.000000e+00 1.000000e-01
3.085330e+03 0.000000e+00 1.000000e+00 1.000000e-01
3.085340e+03 0.000000e+00 1.000000e+00 1.000000e-01
3.085350e+03 0.000000e+00 1.000000e+00 1.000000e-01
3.085360e+03 0.000000e+00 1.000000e+00 1.000000e-01
3.085370e+03 0.000000e+00 1.000000e+00 1.000000e-01
3.085380e+03 0.000000e+00 1.000000e+00 1.000000e-01
3.085390e+03 0.000000e+00 1.000000e+00 1.000000e-01
3.085400e+03 0.000000e+00 1.000000e+00 1.000000e-01
3.085410e+03 0.000000e+00 1.000000e+00 1.000000e-01
3.085420e+03 0.000000e+00 1.000000e+00 1.000000e-01
3.085430e+03 0.000000e+00 1.000000e+00 1.000000e-01
3.085440e+03 0.000000e+00 1.000000e+00 1.000000e-01
3.085450e+03 0.000000e+00 1.000000e+00 1.000000e-01
3.085460e+03 0.000000e+00 1.000000e+00 1.000000e-01
3.085470e+03 0.000000e+00 1.000000e+00 1.000000e-01
3.085480e+03 0.000000e+00 1.000000e+00 1.000000e-01
3.085490e+03 0.000000e+00 1.000000e+00 1.000000e-01
3.085500e+03 0.000000e+00 1.000000e+00 1.000000e-01
3.085510e+03 0.000000e+00 1.000000e+00 1.000000e-01
3.085520e+03 0.000000e+00 1.000000e+00 1.000000e-01
3.085530e+03 0.000000e+00 1.000000e+00 1.000000e-01
3.085540e+03 0.000000e+00 1.000000e+00 1.000000e-01
3.085550e+03 0.000000e+00 1.000000e+00 1.000000e-01
3.085560e+03 0.000000e+00 1.000000e+00 1.000000e-01
3.085570e+03 0.000000e+00 1.000000e+00 1.000000e-01
3.085580e+03 0.000000e+00 1.000000e+00 1.000000e-01
3.085590e+03 0.000000e+00 1.000000e+00 1.000000e-01
3.085600e+03 0.000000e+00 1.000000e+00 1.000000e-01
3.085610e+03 0.000000e+00 1.000000e+00 1.000000e-01
3.085620e+03 0.000000e+00 1.000000e+00 1.000000e-01
3.085630e+03 0.000000e+00 1.000000e+00 1.000000e-01
3.085640e+03 0.000000e+00 1.000000e+00 1.000000e-01
3.085650e+03 0.000000e+00 1.000000e+00 1.000000e-01
3.085660e+03 0.000000e+00 1.000000e+00 1.000000e-01
3.085670e+03 0.000000e+00 1.000000e+00 1.000000e-01
3.085680e+03 0.000000e+00 1.000000e+00 1.000000e-01
3.085690e+03 0.000000e+00 1.000000e+00 1.000000e-01
3.085700e+03 0.000000e+00 1.000000e+00 1.000000e-01
3.085710e+03 0.000000e+00 1.000000e+00 1.000000e-01
3.085720e+03 0.000000e+00 1.000000e+00 1.000000e-01
3.085730e+03 0.000000e+00 1.000000e+00 1.000000e-01
3.085740e+03 0.000000e+00 1.000000e+00 1.000000e-01
3.085750e+03 0.000000e+00 1.000000e+00 1.000000e-01
3.085760e+03 0.000000e+00 1.000000e+00 1.000000e-01
3.085770e+03 0.000000e+00 1.000000e+00 1.000000e-01
3.085780e+03 0.000000e+00 1.000000e+00 1.000000e-01
3.085790e+03 0.000000e+00 1.000000e+00 1.000000e-01
3.085800e+03 0.000000e+00 1.000000e+00 1.000000e-01
3.085810e+03 0.000000e+00 1.000000e+00 1.000000e-01
3.085820e+03 0.000000e+00 1.000000e+00 1.000000e-01
3.085830e+03 0.000000e+00 1.000000e+00 1.000000e-01
3.085840e+03 0.000000e+00 1.000000e+00 1.000000e-01
3.085850e+03 0.000000e+00 1.000000e+00 1.000000e-01
3.085860e+03 0.000000e+00 1.000000e+00 1.000000e-01
3.085870e+03 0.000000e+00 1.000000e+00 1.000000e-01
3.085880e+03 0.000000e+00 1.000000e+00 1.000000e-01
3.085890e+03 0.000000e+00 1.000000e+00 1.000000e-01
3.085900e+03 0.000000e+00 1.000000e+00 1.000000e-01
3.085910e+03 0.000000e+00 1.000000e+00 1.000000e-01
3.085920e+03 0.000000e+00 1.000000e+00 1.000000e-01
3.085930e+03 0.000000e+00 1.000000e+00 1.000000e-01
3.085940e+03 0.000000e+00 1.000000e+00 1.000000e-01
3.085950e+03 0.000000e+00 1.000000e+00 1.000000e-01
3.085960e+03 0.000000e+00 1.000000e+00 1.000000e-01
3.085970e+03 0.000000e+00 1.000000e+00 1.000000e-01
3.085980e+03 0.000000e+00 1.000000e+00 1.000000e-01
3.085990e+03 0.000000e+00 1.000000e+00 1.000000e-01
3.086000e+03 0.000000e+00 1.000000e+00 1.000000e-01
3.086010e+03 0.000000e+00 1.000000e+00 1.000000e-01
3.086020e+03 0.000000e+00 1.000000e+00 1.000000e-01
3.086030e+03 0.000000e+00 1.000000e+00 1.000000e-01
3.086040e+03 0.000000e+00 1.000000e+00 1.000000e-01
3.086050e+03 0.000000e+00 1.000000e+00 1.000000e-01
3.086060e+03 0.000000e+00 1.000000e+00 1.000000e-01
3.086070e+03 0.000000e+00 1.000000e+00 1.000000e-01
3.086080e+03 0.000000e+00 1.000000e+00 1.000000e-01
3.086090e+03 0.000000e+00 1.000000e+00 1.000000e-01
3.086100e+03 0.000000e+00 1.000000e+00 1.000000e-01
3.086110e+03 0.000000e+00 1.000000e+00 1.000000e-01
3.086120e+03 0.000000e+00 1.000000e+00 1.000000e-01
3.086130e+03 0.000000e+00 1.000000e+00 1.000000e-01
3.086140e+03 0.000000e+00 1.000000e+00 1.000000e-01
3.086150e+03 0.000000e+00 1.000000e+00 1.000000e-01
3.086160e+03 0.000000e+00 1.000000e+00 1.000000e-01
3.086170e+03 0.000000e+00 1.000000e+00 1.000000e-01
3.086180e+03 0.000000e+00 1.000000e+00 1.000000e-01
3.086190e+03 0.000000e+00 1.000000e+00 1.000000e-01
3.086200e+03 0.000000e+00 1.000000e+00 1.000000e-01
3.086210e+03 0.000000e+00 1.000000e+00 1.000000e-01
3.086220e+03 0.000000e+00 1.000000e+00 1.000000e-01
3.086230e+03 0.000000e+00 1.000000e+00 1.000000e-01
3.086240e+03 0.000000e+00 1.000000e+00 1.000000e-01
3.086250e+03 0.000000e+00 1.000000e+00 1.000000e-01
3.086260e+03 0.000000e+00 1.000000e+00 1.000000e-01
3.086270e+03 0.000000e+00 1.000000e+00 1.000000e-01
3.086280e+03 0.000000e+00 1.000000e+00 1.000000e-01
3.086290e+03 0.000000e+00 1.000000e+00 1.000000e-01
3.086300e+03 0.000000e+00 1.000000e+00 1.000000e-01
3.086310e+03 0.000000e+00 1.000000e+00 1.000000e-01
3.086320e+03 0.000000e+00 1.000000e+00 1.000000e-01
3.086330e+03 0.000000e+00 1.000000e+00 1.000000e-01
3.086340e+03 0.000000e+00 1.000000e+00 1.000000e-01
3.086350e+03 0.000000e+00 1.000000e+00 1.000000e-01
3.086360e+03 0.000000e+00 1.000000e+00 1.000000e-01
3.086370e+03 0.000000e+00 1.000000e+00 1.000000e-01
3.086380e+03 0.000000e+00 1.000000e+00 1.000000e-01
3.086390e+03 0.000000e+00 1.000000e+00 1.000000e-01
3.086400e+03 0.000000e+00 1.000000e+00 1.000000e-01
3.086410e+03 0.000000e+00 1.000000e+00 1.000000e-01
3.086420e+03 0.000000e+00 1.000000e+00 1.000000e-01
3.086430e+03 0.000000e+00 1.000000e+00 1.000000e-01
3.086440e+03 0.000000e+00 1.000000e+00 1.000000e-01
3.086450e+03 0.000000e+00 1.000000e+00 1.000000e-01
3.086460e+03 0.000000e+00 1.000000e+00 1.000000e-01
3.086470e+03 0.000000e+00 1.000000e+00 1.000000e-01
3.086480e+03 0.000000e+00 1.000000e+00 1.000000e-01
3.086490e+03 0.000000e+00 1.000000e+00 1.000000e-01
3.086500e+03 0.000000e+00 1.000000e+00 1.000000e-01
3.086510e+03 0.000000e+00 1.000000e+00 1.000000e-01
3.086520e+03 0.000000e+00 1.000000e+00 1.000000e-01
3.086530e+03 0.000000e+00 1.000000e+00 1.000000e-01
3.086540e+03 0.000000e+00 1.000000e+00 1.000000e-01
3.086550e+03 0.000000e+00 1.000000e+00 1.000000e-01
3.086560e+03 0.000000e+00 1.000000e+00 1.000000e-01
3.086570e+03 0.000000e+00 1.000000e+00 1.000000e-01
3.086580e+03 0.000000e+00 1.000000e+00 1.000000e-01
3.086590e+03 0.000000e+00 1.000000e+00 1.000000e-01
3.086600e+03 0.000000e+00 1.000000e+00 1.000000e-01
3.086610e+03 0.000000e+00 1.000000e+00 1.000000e-01
3.086620e+03 0.000000e+00 1.000000e+00 1.000000e-01
3.086630e+03 0.000000e+00 1.000000e+00 1.000000e-01
3.086640e+03 0.000000e+00 1.000000e+00 1.000000e-01
3.086650e+03 0.000000e+00 1.000000e+00 1.000000e-01
3.086660e+03 0.000000e+00 1.000000e+00 1.000000e-01
3.086670e+03 0.000000e+00 1.000000e+00 1.000000e-01
3.086680e+03 0.000000e+00 1.000000e+00 1.000000e-01
3.086690e+03 0.000000e+00 1.000000e+00 1.000000e-01
3.086700e+03 0.000000e+00 1.000000e+00 1.000000e-01
3.086710e+03 0.000000e+00 1.000000e+00 1.000000e-01
3.086720e+03 0.000000e+00 1.000000e+00 1.000000e-01
3.086730e+03 0.000000e+00 1.000000e+00 1.000000e-01
3.086740e+03 0.000000e+00 1.000000e+00 1.000000e-01
3.086750e+03 0.000000e+00 1.000000e+00 1.000000e-01
3.086760e+03 0.000000e+00 1.000000e+00 1.000000e-01
3.086770e+03 0.000000e+00 1.000000e+00 1.000000e-01
3.086780e+03 0.000000e+00 1.000000e+00 1.000000e-01
3.086790e+03 0.000000e+00 1.000000e+00 1.000000e-01
3.086800e+03 0.000000e+00 1.000000e+00 1.000000e-01
3.086810e+03 0.000000e+00 1.000000e+00 1.000000e-01
3.086820e+03 0.000000e+00 1.000000e+00 1.000000e-01
3.086830e+03 0.000000e+00 1.000000e+00 1.000000e-01
3.086840e+03 0.000000e+00 1.000000e+00 1.000000e-01
3.086850e+03 0.000000e+00 1.000000e+00 1.000000e-01
3.086860e+03 0.000000e+00 1.000000e+00 1.000000e-01
3.086870e+03 0.000000e+00 1.000000e+00 1.000000e-01
3.086880e+03 0.000000e+00 1.000000e+00 1.000000e-01
3.086890e+03 0.000000e+00 1.000000e+00 1.000000e-01
3.086900e+03 0.000000e+00 1.000000e+00 1.000000e-01
3.086910e+03 0.000000e+00 1.000000e+00 1.000000e-01
3.086920e+03 0.000000e+00 1.000000e+00 1.000000e-01
3.086930e+03 0.000000e+00 1.000000e+00 1.000000e-01
3.086940e+03 0.000000e+00 1.000000e+00 1.000000e-01
3.086950e+03 0.000000e+00 1.000000e+00 1.000000e-01
3.086960e+03 0.000000e+00 1.000000e+00 1.000000e-01
3.086970e+03 0.000000e+00 1.000000e+00 1.000000e-01
3.086980e+03 0.000000e+00 1.000000e+00 1.000000e-01
3.086990e+03 0.000000e+00 1.000000e+00 1.000000e-01
3.087000e+03 0.000000e+00 1.000000e+00 1.000000e-01
3.087010e+03 0.000000e+00 1.000000e+00 1.000000e-01
3.087020e+03 0.000000e+00 1.000000e+00 1.000000e-01
3.087030e+03 0.000000e+00 1.000000e+00 1.000000e-01
3.087040e+03 0.000000e+00 1.000000e+00 1.000000e-01
3.087050e+03 0.000000e+00 1.000000e+00 1.000000e-01
3.087060e+03 0.000000e+00 1.000000e+00 1.000000e-01
3.087070e+03 0.000000e+00 1.000000e+00 1.000000e-01
3.087080e+03 0.000000e+00 1.000000e+00 1.000000e-01
3.087090e+03 0.000000e+00 1.000000e+00 1.000000e-01
3.087100e+03 0.000000e+00 1.000000e+00 1.000000e-01
3.087110e+03 0.000000e+00 1.000000e+00 1.000000e-01
3.087120e+03 0.000000e+00 1.000000e+00 1.000000e-01
3.087130e+03 0.000000e+00 1.000000e+00 1.000000e-01
3.087140e+03 0.000000e+00 1.000000e+00 1.000000e-01
3.087150e+03 0.000000e+00 1.000000e+00 1.000000e-01
3.087160e+03 0.000000e+00 1.000000e+00 1.000000e-01
3.087170e+03 0.000000e+00 1.000000e+00 1.000000e-01
3.087180e+03 0.000000e+00 1.000000e+00 1.000000e-01
3.087190e+03 0.000000e+00 1.000000e+00 1.000000e-01
3.087200e+03 0.000000e+00 1.000000e+00 1.000000e-01
3.087210e+03 0.000000e+00 1.000000e+00 1.000000e-01
3.087220e+03 0.000000e+00 1.000000e+00 1.000000e-01
3.087230e+03 0.000000e+00 1.000000e+00 1.000000e-01
3.087240e+03 0.000000e+00 1.000000e+00 1.000000e-01
3.087250e+03 0.000000e+00 1.000000e+00 1.000000e-01
3.087260e+03 0.000000e+00 1.000000e+00 1.000000e-01
3.087270e+03 0.000000e+00 1.000000e+00 1.000000e-01
3.087280e+03 0.000000e+00 1.000000e+00 1.000000e-01
3.087290e+03 0.000000e+00 1.000000e+00 1.000000e-01
3.087300e+03 0.000000e+00 1.000000e+00 1.000000e-01
3.087310e+03 0.000000e+00 1.000000e+00 1.000000e-01
3.087320e+03 0.000000e+00 1.000000e+00 1.000000e-01
3.087330e+03 0.000000e+00 1.000000e+00 1.000000e-01
3.087340e+03 0.000000e+00 1.000000e+00 1.000000e-01
3.087350e+03 0.000000e+00 1.000000e+00 1.000000e-01
3.087360e+03 0.000000e+00 1.000000e+00 1.000000e-01
3.087370e+03 0.000000e+00 1.000000e+00 1.000000e-01
3.087380e+03 0.000000e+00 1.000000e+00 1.000000e-01
3.087390e+03 0.000000e+00 1.000000e+00 1.000000e-01
3.087400e+03 0.000000e+00 1.000000e+00 1.000000e-01
3.087410e+03 0.000000e+00 1.000000e+00 1.000000e-01
3.087420e+03 0.000000e+00 1.000000e+00 1.000000e-01
3.087430e+03 0.000000e+00 1.000000e+00 1.000000e-01
3.087440e+03 0.000000e+00 1.000000e+00 1.000000e-01
3.087450e+03 0.000000e+00 1.000000e+00 1.000000e-01
3.087460e+03 0.000000e+00 1.000000e+00 1.000000e-01
3.087470e+03 0.000000e+00 1.000000e+00 1.000000e-01
3.087480e+03 0.000000e+00 1.000000e+00 1.000000e-01
3.087490e+03 0.000000e+00 1.000000e+00 1.000000e-01
3.087500e+03 0.000000e+00 1.000000e+00 1.000000e-01
3.087510e+03 0.000000e+00 1.000000e+00 1.000000e-01
3.087520e+03 0.000000e+00 1.000000e+00 1.000000e-01
3.087530e+03 0.000000e+00 1.000000e+00 1.000000e-01
3.087540e+03 0.000000e+00 1.000000e+00 1.000000e-01
3.087550e+03 0.000000e+00 1.000000e+00 1.000000e-01
3.087560e+03 0.000000e+00 1.000000e+00 1.000000e-01
3.087570e+03 0.000000e+00 1.000000e+00 1.000000e-01
3.087580e+03 0.000000e+00 1.000000e+00 1.000000e-01
3.087590e+03 0.000000e+00 1.000000e+00 1.000000e-01
3.087600e+03 0.000000e+00 1.000000e+00 1.000000e-01
3.087610e+03 0.000000e+00 1.000000e+00 1.000000e-01
3.087620e+03 0.000000e+00 1.000000e+00 1.000000e-01
3.087630e+03 0.000000e+00 1.000000e+00 1.000000e-01
3.087640e+03 0.000000e+00 1.000000e+00 1.000000e-01
3.087650e+03 0.000000e+00 1.000000e+00 1.000000e-01
3.087660e+03 0.000000e+00 1.000000e+00 1.000000e-01
3.087670e+03 0.000000e+00 1.000000e+00 1.000000e-01
3.087680e+03 0.000000e+00 1.000000e+00 1.000000e-01
3.087690e+03 0.000000e+00 1.000000e+00 1.000000e-01
3.087700e+03 0.000000e+00 1.000000e+00 1.000000e-01
3.087710e+03 0.000000e+00 1.000000e+00 1.000000e-01
3.087720e+03 0.000000e+00 1.000000e+00 1.000000e-01
3.087730e+03 0.000000e+00 1.000000e+00 1.000000e-01
3.087740e+03 0.000000e+00 1.000000e+00 1.000000e-01
3.087750e+03 0.000000e+00 1.000000e+00 1.000000e-01
3.087760e+03 0.000000e+00 1.000000e+00 1.000000e-01
3.087770e+03 0.000000e+00 1.000000e+00 1.000000e-01
3.087780e+03 0.000000e+00 1.000000e+00 1.000000e-01
3.087790e+03 0.000000e+00 1.000000e+00 1.000000e-01
3.087800e+03 0.000000e+00 1.000000e+00 1.000000e-01
3.087810e+03 0.000000e+00 1.000000e+00 1.000000e-01
3.087820e+03 0.000000e+00 1.000000e+00 1.000000e-01
3.087830e+03 0.000000e+00 1.000000e+00 1.000000e-01
3.087840e+03 0.000000e+00 1.000000e+00 1.000000e-01
3.087850e+03 0.000000e+00 1.000000e+00 1.000000e-01
3.087860e+03 0.000000e+00 1.000000e+00 1.000000e-01
3.087870e+03 0.000000e+00 1.000000e+00 1.000000e-01
3.087880e+03 0.000000e+00 1.000000e+00 1.000000e-01
3.087890e+03 0.000000e+00 1.000000e+00 1.000000e-01
3.087900e+03 0.000000e+00 1.000000e+00 1.000000e-01
3.087910e+03 0.000000e+00 1.000000e+00 1.000000e-01
3.087920e+03 0.000000e+00 1.000000e+00 1.000000e-01
3.087930e+03 0.000000e+00 1.000000e+00 1.000000e-01
3.087940e+03 0.000000e+00 1.000000e+00 1.000000e-01
3.087950e+03 0.000000e+00 1.000000e+00 1.000000e-01
3.087960e+03 0.000000e+00 1.000000e+00 1.000000e-01
3.087970e+03 0.000000e+00 1.000000e+00 1.000000e-01
3.087980e+03 0.000000e+00 1.000000e+00 1.000000e-01
3.087990e+03 0.000000e+00 1.000000e+00 1.000000e-01
3.088000e+03 0.000000e+00 1.000000e+00 1.000000e-01
3.088010e+03 0.000000e+00 1.000000e+00 1.000000e-01
3.088020e+03 0.000000e+00 1.000000e+00 1.000000e-01
3.088030e+03 0.000000e+00 1.000000e+00 1.000000e-01
3.088040e+03 0.000000e+00 1.000000e+00 1.000000e-01
3.088050e+03 0.000000e+00 1.000000e+00 1.000000e-01
3.088060e+03 0.000000e+00 1.000000e+00 1.000000e-01
3.088070e+03 0.000000e+00 1.000000e+00 1.000000e-01
3.088080e+03 0.000000e+00 1.000000e+00 1.000000e-01
3.088090e+03 0.000000e+00 1.000000e+00 1.000000e-01
3.088100e+03 0.000000e+00 1.000000e+00 1.000000e-01
3.088110e+03 0.000000e+00 1.000000e+00 1.000000e-01
3.088120e+03 0.000000e+00 1.000000e+00 1.000000e-01
3.088130e+03 0.000000e+00 1.000000e+00 1.000000e-01
3.088140e+03 0.000000e+00 1.000000e+00 1.000000e-01
3.088150e+03 0.000000e+00 1.000000e+00 1.000000e-01
3.088160e+03 0.000000e+00 1.000000e+00 1.000000e-01
3.088170e+03 0.000000e+00 1.000000e+00 1.000000e-01
3.088180e+03 0.000000e+00 1.000000e+00 1.000000e-01
3.088190e+03 0.000000e+00 1.000000e+00 1.000000e-01
3.088200e+03 0.000000e+00 1.000000e+00 1.000000e-01
3.088210e+03 0.000000e+00 1.000000e+00 1.000000e-01
3.088220e+03 0.000000e+00 1.000000e+00 1.000000e-01
3.088230e+03 0.000000e+00 1.000000e+00 1.000000e-01
3.088240e+03 0.000000e+00 1.000000e+00 1.000000e-01
3.088250e+03 0.000000e+00 1.000000e+00 1.000000e-01
3.088260e+03 0.000000e+00 1.000000e+00 1.000000e-01
3.088270e+03 0.000000e+00 1.000000e+00 1.000000e-01
3.088280e+03 0.000000e+00 1.000000e+00 1.000000e-01
3.088290e+03 0.000000e+00 1.000000e+00 1.000000e-01
3.088300e+03 0.000000e+00 1.000000e+00 1.000000e-01
3.088310e+03 0.000000e+00 1.000000e+00 1.000000e-01
3.088320e+03 0.000000e+00 1.000000e+00 1.000000e-01
3.088330e+03 0.000000e+00 1.000000e+00 1.000000e-01
3.088340e+03 0.000000e+00 1.000000e+00 1.000000e-01
3.088350e+03 0.000000e+00 1.000000e+00 1.000000e-01
3.088360e+03 0.000000e+00 1.000000e+00 1.000000e-01
3.088370e+03 0.000000e+00 1.000000e+00 1.000000e-01
3.088380e+03 0.000000e+00 1.000000e+00 1.000000e-01
3.088390e+03 0.000000e+00 1.000000e+00 1.000000e-01
3.088400e+03 0.000000e+00 1.000000e+00 1.000000e-01
3.088410e+03 0.000000e+00 1.000000e+00 1.000000e-01
3.088420e+03 0.000000e+00 1.000000e+00 1.000000e-01
3.088430e+03 0.000000e+00 1.000000e+00 1.000000e-01
3.088440e+03 0.000000e+00 1.000000e+00 1.000000e-01
3.088450e+03 0.000000e+00 1.000000e+00 1.000000e-01
3.088460e+03 0.000000e+00 1.000000e+00 1.000000e-01
3.088470e+03 0.000000e+00 1.000000e+00 1.000000e-01
3.088480e+03 0.000000e+00 1.000000e+00 1.000000e-01
3.088490e+03 0.000000e+00 1.000000e+00 1.000000e-01
3.088500e+03 0.000000e+00 1.000000e+00 1.000000e-01
3.088510e+03 0.000000e+00 1.000000e+00 1.000000e-01
3.088520e+03 0.000000e+00 1.000000e+00 1.000000e-01
3.088530e+03 0.000000e+00 1.000000e+00 1.000000e-01
3.088540e+03 0.000000e+00 1.000000e+00 1.000000e-01
3.088550e+03 0.000000e+00 1.000000e+00 1.000000e-01
3.088560e+03 0.000000e+00 1.000000e+00 1.000000e-01
3.088570e+03 0.000000e+00 1.000000e+00 1.000000e-01
3.088580e+03 0.000000e+00 1.000000e+00 1.000000e-01
3.088590e+03 0.000000e+00 1.000000e+00 1.000000e-01
3.088600e+03 0.000000e+00 1.000000e+00 1.000000e-01
3.088610e+03 0.000000e+00 1.000000e+00 1.000000e-01
3.088620e+03 0.000000e+00 1.000000e+00 1.000000e-01
3.088630e+03 0.000000e+00 1.000000e+00 1.000000e-01
3.088640e+03 0.000000e+00 1.000000e+00 1.000000e-01
3.088650e+03 0.000000e+00 1.000000e+00 1.000000e-01
3.088660e+03 0.000000e+00 1.000000e+00 1.000000e-01
3.088670e+03 0.000000e+00 1.000000e+00 1.000000e-01
3.088680e+03 0.000000e+00 1.000000e+00 1.000000e-01
3.088690e+03 0.000000e+00 1.000000e+00 1.000000e-01
3.088700e+03 0.000000e+00 1.000000e+00 1.000000e-01
3.088710e+03 0.000000e+00 1.000000e+00 1.000000e-01
3.088720e+03 0.000000e+00 1.000000e+00 1.000000e-01
3.088730e+03 0.000000e+00 1.000000e+00 1.000000e-01
3.088740e+03 0.000000e+00 1.000000e+00 1.000000e-01
3.088750e+03 0.000000e+00 1.000000e+00 1.000000e-01
3.088760e+03 0.000000e+00 1.000000e+00 1.000000e-01
3.088770e+03 3.002014e-05 9.999700e-01 9.999850e-02
3.088780e+03 4.407479e-05 9.999559e-01 9.999780e-02
3.088790e+03 6.409200e-05 9.999359e-01 9.999680e-02
3.088800e+03 9.222755e-05 9.999078e-01 9.999539e-02
3.088810e+03 1.312485e-04 9.998688e-01 9.999344e-02
3.088820e+03 1.846389e-04 9.998154e-01 9.999077e-02
3.088830e+03 2.566980e-04 9.997433e-01 9.998717e-02
3.088840e+03 3.526191e-04 9.996474e-01 9.998237e-02
3.088850e+03 4.785341e-04 9.995216e-01 9.997608e-02
3.088860e+03 6.421088e-04 9.993581e-01 9.996790e-02
3.088870e+03 8.500863e-04 9.991503e-01 9.995750e-02
3.088880e+03 1.111653e-03 9.988890e-01 9.994443e-02
3.088890e+03 1.435839e-03 9.985652e-01 9.992823e-02
3.088900e+03 1.831709e-03 9.981700e-01 9.990846e-02
3.088910e+03 2.307865e-03 9.976948e-01 9.988467e-02
3.088920e+03 2.871831e-03 9.971323e-01 9.985651e-02
3.088930e+03 3.529361e-03 9.964769e-01 9.982369e-02
3.088940e+03 4.283685e-03 9.957255e-01 9.978604e-02
3.088950e+03 5.134760e-03 9.948784e-01 9.974359e-02
3.088960e+03 6.078574e-03 9.939399e-01 9.969653e-02
3.088970e+03 7.117810e-03 9.929075e-01 9.964474e-02
3.088980e+03 8.216621e-03 9.918170e-01 9.959001e-02
3.088990e+03 9.356467e-03 9.906872e-01 9.953327e-02
3.089000e+03 1.053670e-02 9.895186e-01 9.947455e-02
3.089010e+03 1.171867e-02 9.883497e-01 9.941578e-02
3.089020e+03 1.287169e-02 9.872108e-01 9.935848e-02
3.089030e+03 1.419172e-02 9.859085e-01 9.929293e-02
3.089040e+03 1.525106e-02 9.848646e-01 9.924035e-02
3.089050e+03 1.619803e-02 9.839325e-01 9.919337e-02
3.089060e+03 1.700613e-02 9.831377e-01 9.915330e-02
3.089070e+03 1.765374e-02 9.825012e-01 9.912120e-02
3.089080e+03 1.812556e-02 9.820377e-01 9.909782e-02
3.089090e+03 1.841378e-02 9.817547e-01 9.908354e-02
3.089100e+03 1.851875e-02 9.816517e-01 9.907834e-02
3.089110e+03 1.844917e-02 9.817200e-01 9.908178e-02
3.089120e+03 1.822179e-02 9.819432e-01 9.909305e-02
3.089130e+03 1.786061e-02 9.822979e-01 9.911094e-02
3.089140e+03 1.739560e-02 9.827548e-01 9.913399e-02
3.089150e+03 1.774983e-02 9.824068e-01 9.911644e-02
3.089160e+03 1.730723e-02 9.828417e-01 9.913837e-02
3.089170e+03 1.686712e-02 9.832743e-01 9.916019e-02
3.089180e+03 1.646145e-02 9.836733e-01 9.918031e-02
3.089190e+03 1.611942e-02 9.840098e-01 9.919727e-02
3.089200e+03 1.586652e-02 9.842587e-01 9.920981e-02
3.089210e+03 1.572388e-02 9.843991e-01 9.921689e-02
3.089220e+03 1.570793e-02 9.844148e-01 9.921768e-02
3.089230e+03 1.583041e-02 9.842942e-01 9.921160e-02
3.089240e+03 1.609855e-02 9.840303e-01 9.919830e-02
3.089250e+03 1.651545e-02 9.836202e-01 9.917763e-02
3.089260e+03 1.741158e-02 9.827391e-01 9.913320e-02
3.089270e+03 1.815673e-02 9.820071e-01 9.909627e-02
3.089280e+03 1.904212e-02 9.811380e-01 9.905241e-02
3.089290e+03 2.005867e-02 9.801412e-01 9.900208e-02
3.089300e+03 2.119515e-02 9.790279e-01 9.894584e-02
3.089310e+03 2.158092e-02 9.786503e-01 9.892675e-02
3.089320e+03 2.303764e-02 9.772257e-01 9.885473e-02
3.089330e+03 2.456339e-02 9.757358e-01 9.877934e-02
3.089340e+03 2.613726e-02 9.742014e-01 9.870164e-02
3.089350e+03 2.773784e-02 9.726433e-01 9.862268e-02
3.089360e+03 2.934330e-02 9.710830e-01 9.854355e-02
3.089370e+03 3.125671e-02 9.692267e-01 9.844931e-02
3.089380e+03 3.285013e-02 9.676836e-01 9.837091e-02
3.089390e+03 3.429998e-02 9.662816e-01 9.829962e-02
3.089400e+03 3.576062e-02 9.648712e-01 9.822786e-02
3.089410e+03 3.709251e-02 9.635870e-01 9.816247e-02
3.089420e+03 3.834417e-02 9.623817e-01 9.810105e-02
3.089430e+03 3.945282e-02 9.613153e-01 9.804669e-02
3.089440e+03 4.040060e-02 9.604046e-01 9.800024e-02
3.089450e+03 4.117117e-02 9.596649e-01 9.796249e-02
3.089460e+03 4.175020e-02 9.591093e-01 9.793413e-02
3.089470e+03 4.212597e-02 9.587490e-01 9.791573e-02
3.089480e+03 4.228977e-02 9.585920e-01 9.790771e-02
3.089490e+03 4.223631e-02 9.586432e-01 9.791033e-02
3.089500e+03 4.196403e-02 9.589043e-01 9.792366e-02
3.089510e+03 4.147529e-02 9.593730e-01 9.794759e-02
3.089520e+03 4.077638e-02 9.600438e-01 9.798182e-02
3.089530e+03 3.987747e-02 9.609072e-01 9.802587e-02
3.089540e+03 3.879236e-02 9.619504e-01 9.807907e-02
3.089550e+03 3.753810e-02 9.631577e-01 9.814060e-02
3.089560e+03 3.616994e-02 9.644764e-01 9.820776e-02
3.089570e+03 3.463915e-02 9.659539e-01 9.828295e-02
3.089580e+03 3.296917e-02 9.675684e-01 9.836505e-02
3.089590e+03 3.125541e-02 9.692280e-01 9.844938e-02
3.089600e+03 2.948703e-02 9.709435e-01 9.853646e-02
3.089610e+03 2.768813e-02 9.726917e-01 9.862513e-02
3.089620e+03 2.589056e-02 9.744417e-01 9.871381e-02
3.089630e+03 2.409787e-02 9.761902e-01 9.880234e-02
3.089640e+03 2.232927e-02 9.779182e-01 9.888975e-02
3.089650e+03 2.061924e-02 9.795919e-01 9.897433e-02
3.089660e+03 1.914111e-02 9.810409e-01 9.904751e-02
3.089670e+03 1.736395e-02 9.827859e-01 9.913556e-02
3.089680e+03 1.575411e-02 9.843693e-01 9.921539e-02
3.089690e+03 1.439255e-02 9.857105e-01 9.928296e-02
3.089700e+03 1.346612e-02 9.866241e-01 9.932896e-02
3.089710e+03 1.227755e-02 9.877975e-01 9.938800e-02
3.089720e+03 1.082635e-02 9.892320e-01 9.946014e-02
3.089730e+03 9.843126e-03 9.902052e-01 9.950905e-02
3.089740e+03 8.912558e-03 9.911270e-01 9.955536e-02
3.089750e+03 8.030646e-03 9.920015e-01 9.959927e-02
3.089760e+03 7.254797e-03 9.927715e-01 9.963792e-02
3.089770e+03 6.548708e-03 9.934727e-01 9.967310e-02
3.089780e+03 5.906925e-03 9.941105e-01 9.970509e-02
3.089790e+03 5.323987e-03 9.946902e-01 9.973415e-02
3.089800e+03 4.794593e-03 9.952169e-01 9.976056e-02
3.089810e+03 4.313729e-03 9.956956e-01 9.978455e-02
3.089820e+03 3.876748e-03 9.961308e-01 9.980635e-02
3.089830e+03 3.482364e-03 9.965237e-01 9.982603e-02
3.089840e+03 3.224326e-03 9.967809e-01 9.983891e-02
3.089850e+03 2.918863e-03 9.970854e-01 9.985416e-02
3.089860e+03 2.515971e-03 9.974872e-01 9.987428e-02
3.089870e+03 2.217171e-03 9.977853e-01 9.988920e-02
3.089880e+03 1.969436e-03 9.980325e-01 9.990158e-02
3.089890e+03 1.744421e-03 9.982571e-01 9.991282e-02
3.089900e+03 1.241635e-03 9.987591e-01 9.993794e-02
3.089910e+03 1.087825e-03 9.989128e-01 9.994562e-02
3.089920e+03 9.496028e-04 9.990508e-01 9.995253e-02
3.089930e+03 8.257397e-04 9.991746e-01 9.995872e-02
3.089940e+03 7.151108e-04 9.992851e-01 9.996425e-02
3.089950e+03 6.166700e-04 9.993835e-01 9.996917e-02
3.089960e+03 5.294335e-04 9.994707e-01 9.997353e-02
3.089970e+03 4.524684e-04 9.995476e-01 9.997738e-02
3.089980e+03 3.848851e-04 9.996152e-01 9.998076e-02
3.089990e+03 3.258336e-04 9.996742e-01 9.998371e-02
3.090000e+03 2.745026e-04 9.997255e-01 9.998628e-02
3.090010e+03 3.561698e-06 9.999964e-01 9.999982e-02
3.090020e+03 2.714622e-06 9.999973e-01 9.999986e-02
3.090030e+03 8.566145e-05 9.999143e-01 9.999572e-02
3.090040e+03 2.021355e-04 9.997979e-01 9.998989e-02
3.090050e+03 1.181427e-04 9.998819e-01 9.999409e-02
3.090060e+03 1.165350e-06 9.999988e-01 9.999994e-02
3.090070e+03 1.009663e-06 9.999990e-01 9.999995e-02
3.090080e+03 8.963437e-07 9.999991e-01 9.999996e-02
3.090090e+03 8.515344e-07 9.999991e-01 9.999996e-02
3.090100e+03 7.879676e-07 9.999992e-01 9.999996e-02
3.090110e+03 3.471661e-05 9.999653e-01 9.999826e-02
3.090120e+03 3.470581e-05 9.999653e-01 9.999826e-02
3.090130e+03 6.269166e-07 9.999994e-01 9.999997e-02
3.090140e+03 0.000000e+00 1.000000e+00 1.000000e-01
3.090150e+03 0.000000e+00 1.000000e+00 1.000000e-01
3.090160e+03 0.000000e+00 1.000000e+00 1.000000e-01
3.090170e+03 0.000000e+00 1.000000e+00 1.000000e-01
3.090180e+03 0.000000e+00 1.000000e+00 1.000000e-01
3.090190e+03 0.000000e+00 1.000000e+00 1.000000e-01
3.090200e+03 0.000000e+00 1.000000e+00 1.000000e-01
3.090210e+03 0.000000e+00 1.000000e+00 1.000000e-01
3.090220e+03 0.000000e+00 1.000000e+00 1.000000e-01
3.090230e+03 0.000000e+00 1.000000e+00 1.000000e-01
3.090240e+03 0.000000e+00 1.000000e+00 1.000000e-01
3.090250e+03 0.000000e+00 1.000000e+00 1.000000e-01
3.090260e+03 7.720163e-09 1.000000e+00 1.000000e-01
3.090270e+03 7.722537e-09 1.000000e+00 1.000000e-01
3.090280e+03 0.000000e+00 1.000000e+00 1.000000e-01
3.090290e+03 0.000000e+00 1.000000e+00 1.000000e-01
3.090300e+03 1.136847e-05 9.999886e-01 9.999943e-02
3.090310e+03 1.137653e-05 9.999886e-01 9.999943e-02
3.090320e+03 0.000000e+00 1.000000e+00 1.000000e-01
3.090330e+03 0.000000e+00 1.000000e+00 1.000000e-01
3.090340e+03 0.000000e+00 1.000000e+00 1.000000e-01
3.090350e+03 2.107643e-04 9.997893e-01 9.998946e-02
3.090360e+03 2.500573e-04 9.997500e-01 9.998750e-02
3.090370e+03 2.950246e-04 9.997050e-01 9.998525e-02
3.090380e+03 3.461395e-04 9.996539e-01 9.998269e-02
3.090390e+03 4.038471e-04 9.995962e-01 9.997981e-02
3.090400e+03 4.685485e-04 9.995316e-01 9.997658e-02
3.090410e+03 5.405833e-04 9.994596e-01 9.997297e-02
3.090420e+03 6.202127e-04 9.993800e-01 9.996899e-02
3.090430e+03 7.075999e-04 9.992927e-01 9.996463e-02
3.090440e+03 8.027927e-04 9.991975e-01 9.995987e-02
3.090450e+03 9.057060e-04 9.990947e-01 9.995472e-02
3.090460e+03 1.016105e-03 9.989844e-01 9.994921e-02
3.090470e+03 1.134072e-03 9.988666e-01 9.994331e-02
3.090480e+03 1.258081e-03 9.987427e-01 9.993712e-02
3.090490e+03 1.387384e-03 9.986136e-01 9.993065e-02
3.090500e+03 1.522007e-03 9.984792e-01 9.992393e-02
3.090510e+03 1.661705e-03 9.983397e-01 9.991695e-02
3.090520e+03 1.802516e-03 9.981991e-01 9.990991e-02
3.090530e+03 1.943010e-03 9.980589e-01 9.990290e-02
3.090540e+03 2.084551e-03 9.979176e-01 9.989583e-02
3.090550e+03 2.223640e-03 9.977788e-01 9.988888e-02
3.090560e+03 2.358487e-03 9.976443e-01 9.988215e-02
3.090570e+03 2.489935e-03 9.975132e-01 9.987558e-02
3.090580e+03 2.611686e-03 9.973917e-01 9.986950e-02
3.090590e+03 2.721956e-03 9.972817e-01 9.986399e-02
3.090600e+03 2.866907e-03 9.971372e-01 9.985676e-02
3.090610e+03 2.955808e-03 9.970486e-01 9.985232e-02
3.090620e+03 2.987025e-03 9.970174e-01 9.985076e-02
3.090630e+03 3.101541e-03 9.969033e-01 9.984504e-02
3.090640e+03 3.143970e-03 9.968610e-01 9.984292e-02
3.090650e+03 3.116511e-03 9.968883e-01 9.984430e-02
3.090660e+03 3.125708e-03 9.968792e-01 9.984384e-02
3.090670e+03 3.117414e-03 9.968874e-01 9.984425e-02
3.090680e+03 3.091808e-03 9.969130e-01 9.984553e-02
3.090690e+03 3.049239e-03 9.969554e-01 9.984765e-02
3.090700e+03 2.990413e-03 9.970141e-01 9.985059e-02
3.090710e+03 2.916444e-03 9.970878e-01 9.985428e-02
3.090720e+03 3.113665e-03 9.968912e-01 9.984444e-02
3.090730e+03 3.238123e-03 9.967671e-01 9.983822e-02
3.090740e+03 4.304463e-03 9.957048e-01 9.978501e-02
3.090750e+03 4.660816e-03 9.953500e-01 9.976723e-02
3.090760e+03 5.044575e-03 9.949681e-01 9.974809e-02
3.090770e+03 5.376759e-03 9.946377e-01 9.973152e-02
3.090780e+03 5.570491e-03 9.944450e-01 9.972186e-02
3.090790e+03 5.563594e-03 9.944519e-01 9.972221e-02
3.090800e+03 5.346049e-03 9.946682e-01 9.973305e-02
3.090810e+03 4.961448e-03 9.950508e-01 9.975224e-02
3.090820e+03 4.492961e-03 9.955171e-01 9.977560e-02
3.090830e+03 4.031013e-03 9.959771e-01 9.979865e-02
3.090840e+03 3.868236e-03 9.961392e-01 9.980678e-02
3.090850e+03 3.578215e-03 9.964282e-01 9.982125e-02
3.090860e+03 3.159693e-03 9.968453e-01 9.984214e-02
3.090870e+03 3.048820e-03 9.969558e-01 9.984768e-02
3.090880e+03 2.951544e-03 9.970528e-01 9.985253e-02
3.090890e+03 2.955263e-03 9.970491e-01 9.985235e-02
3.090900e+03 2.965063e-03 9.970393e-01 9.985186e-02
3.090910e+03 2.980577e-03 9.970239e-01 9.985108e-02
3.090920e+03 3.001194e-03 9.970033e-01 9.985005e-02
3.090930e+03 3.024583e-03 9.969800e-01 9.984889e-02
3.090940e+03 3.050355e-03 9.969543e-01 9.984760e-02
3.090950e+03 3.078704e-03 9.969260e-01 9.984618e-02
3.090960e+03 3.107864e-03 9.968970e-01 9.984473e-02
3.090970e+03 3.136817e-03 9.968681e-01 9.984328e-02
3.090980e+03 3.164590e-03 9.968404e-01 9.984190e-02
3.090990e+03 3.041698e-03 9.969629e-01 9.984803e-02
3.091000e+03 3.089592e-03 9.969152e-01 9.984564e-02
3.091010e+03 3.129426e-03 9.968755e-01 9.984365e-02
3.091020e+03 3.161726e-03 9.968433e-01 9.984204e-02
3.091030e+03 3.193444e-03 9.968116e-01 9.984046e-02
3.091040e+03 3.208880e-03 9.967963e-01 9.983968e-02
3.091050e+03 3.208005e-03 9.967971e-01 9.983973e-02
3.091060e+03 3.206223e-03 9.967989e-01 9.983982e-02
3.091070e+03 3.195854e-03 9.968092e-01 9.984033e-02
3.091080e+03 3.177307e-03 9.968277e-01 9.984126e-02
3.091090e+03 3.150005e-03 9.968550e-01 9.984262e-02
3.091100e+03 3.114165e-03 9.968907e-01 9.984441e-02
3.091110e+03 3.070802e-03 9.969339e-01 9.984658e-02
3.091120e+03 3.019890e-03 9.969847e-01 9.984912e-02
3.091130e+03 2.961828e-03 9.970426e-01 9.985202e-02
3.091140e+03 2.897063e-03 9.971071e-01 9.985525e-02
3.091150e+03 2.826170e-03 9.971778e-01 9.985879e-02
3.091160e+03 2.749511e-03 9.972543e-01 9.986262e-02
3.091170e+03 2.667647e-03 9.973359e-01 9.986671e-02
3.091180e+03 2.581334e-03 9.974220e-01 9.987102e-02
3.091190e+03 2.491090e-03 9.975120e-01 9.987552e-02
3.091200e+03 2.405082e-03 9.975978e-01 9.987982e-02
3.091210e+03 2.310612e-03 9.976921e-01 9.988454e-02
3.091220e+03 2.214673e-03 9.977878e-01 9.988933e-02
3.091230e+03 2.119282e-03 9.978830e-01 9.989409e-02
3.091240e+03 2.021579e-03 9.979805e-01 9.989897e-02
3.091250e+03 1.922672e-03 9.980792e-01 9.990391e-02
3.091260e+03 1.826552e-03 9.981751e-01 9.990871e-02
3.091270e+03 1.736551e-03 9.982650e-01 9.991321e-02
3.091280e+03 1.644421e-03 9.983569e-01 9.991781e-02
3.091290e+03 1.550762e-03 9.984504e-01 9.992249e-02
3.091300e+03 2.030045e-03 9.979720e-01 9.989855e-02
3.091310e+03 2.148675e-03 9.978536e-01 9.989262e-02
3.091320e+03 2.334621e-03 9.976681e-01 9.988334e-02
3.091330e+03 2.601238e-03 9.974021e-01 9.987002e-02
3.091340e+03 3.332106e-03 9.966734e-01 9.983353e-02
3.091350e+03 3.863894e-03 9.961436e-01 9.980699e-02
3.091360e+03 4.543591e-03 9.954667e-01 9.977308e-02
3.091370e+03 5.396798e-03 9.946177e-01 9.973052e-02
3.091380e+03 5.691532e-03 9.943246e-01 9.971583e-02
3.091390e+03 7.039771e-03 9.929849e-01 9.964863e-02
3.091400e+03 8.641881e-03 9.913954e-01 9.956884e-02
3.091410e+03 1.052539e-02 9.895298e-01 9.947511e-02
3.091420e+03 1.271538e-02 9.873651e-01 9.936625e-02
3.091430e+03 1.523292e-02 9.848825e-01 9.924125e-02
3.091440e+03 1.809297e-02 9.820697e-01 9.909943e-02
3.091450e+03 2.130312e-02 9.789222e-01 9.894050e-02
3.091460e+03 2.492762e-02 9.753805e-01 9.876135e-02
3.091470e+03 2.885583e-02 9.715565e-01 9.856757e-02
3.091480e+03 3.299322e-02 9.675451e-01 9.836387e-02
3.091490e+03 3.765442e-02 9.630457e-01 9.813489e-02
3.091500e+03 4.251229e-02 9.583787e-01 9.789682e-02
3.091510e+03 4.852287e-02 9.526355e-01 9.760305e-02
3.091520e+03 5.379722e-02 9.476242e-01 9.734599e-02
3.091530e+03 5.908898e-02 9.426229e-01 9.708877e-02
3.091540e+03 6.424832e-02 9.377721e-01 9.683863e-02
3.091550e+03 6.911066e-02 9.332234e-01 9.660349e-02
3.091560e+03 7.409807e-02 9.285806e-01 9.636289e-02
3.091570e+03 7.792357e-02 9.250351e-01 9.617875e-02
3.091580e+03 8.050756e-02 9.226479e-01 9.605456e-02
3.091590e+03 8.296362e-02 9.203846e-01 9.593668e-02
3.091600e+03 8.470505e-02 9.187832e-01 9.585318e-02
3.091610e+03 8.573767e-02 9.178350e-01 9.580370e-02
3.091620e+03 8.606835e-02 9.175315e-01 9.578787e-02
3.091630e+03 8.669518e-02 9.169566e-01 9.575785e-02
3.091640e+03 8.563419e-02 9.179300e-01 9.580866e-02
3.091650e+03 8.283065e-02 9.205070e-01 9.594306e-02
3.091660e+03 8.050921e-02 9.226464e-01 9.605448e-02
3.091670e+03 7.759468e-02 9.253394e-01 9.619456e-02
3.091680e+03 7.417459e-02 9.285096e-01 9.635920e-02
3.091690e+03 7.034777e-02 9.320696e-01 9.654375e-02
3.091700e+03 6.628199e-02 9.358669e-01 9.674021e-02
3.091710e+03 6.197591e-02 9.399055e-01 9.694872e-02
3.091720e+03 5.751905e-02 9.441039e-01 9.716501e-02
3.091730e+03 5.315271e-02 9.482352e-01 9.737737e-02
3.091740e+03 4.894863e-02 9.522300e-01 9.758228e-02
3.091750e+03 4.494650e-02 9.560486e-01 9.777774e-02
3.091760e+03 4.125248e-02 9.595868e-01 9.795850e-02
3.091770e+03 3.795406e-02 9.627572e-01 9.812019e-02
3.091780e+03 3.510777e-02 9.655014e-01 9.825993e-02
3.091790e+03 3.276266e-02 9.677682e-01 9.837521e-02
3.091800e+03 3.095262e-02 9.695215e-01 9.846428e-02
3.091810e+03 2.969468e-02 9.707419e-01 9.852623e-02
3.091820e+03 2.898788e-02 9.714282e-01 9.856106e-02
3.091830e+03 2.866722e-02 9.717398e-01 9.857686e-02
3.091840e+03 2.940210e-02 9.710259e-01 9.854065e-02
3.091850e+03 3.061312e-02 9.698507e-01 9.848100e-02
3.091860e+03 3.259448e-02 9.679310e-01 9.838348e-02
3.091870e+03 3.475338e-02 9.658436e-01 9.827734e-02
3.091880e+03 3.730274e-02 9.633844e-01 9.815215e-02
3.091890e+03 4.019439e-02 9.606027e-01 9.801034e-02
3.091900e+03 4.339581e-02 9.575323e-01 9.785358e-02
3.091910e+03 4.689864e-02 9.541841e-01 9.768235e-02
3.091920e+03 5.117170e-02 9.501155e-01 9.747387e-02
3.091930e+03 5.560974e-02 9.459082e-01 9.725781e-02
3.091940e+03 5.930736e-02 9.424171e-01 9.707817e-02
3.091950e+03 6.457187e-02 9.374687e-01 9.682297e-02
3.091960e+03 7.074049e-02 9.317036e-01 9.652480e-02
3.091970e+03 7.781170e-02 9.251386e-01 9.618413e-02
3.091980e+03 8.576829e-02 9.178069e-01 9.580224e-02
3.091990e+03 9.542321e-02 9.089882e-01 9.534087e-02
3.092000e+03 1.066201e-01 8.988671e-01 9.480860e-02
3.092010e+03 1.195727e-01 8.872995e-01 9.419658e-02
3.092020e+03 1.344456e-01 8.742004e-01 9.349869e-02
3.092030e+03 1.513497e-01 8.595471e-01 9.271176e-02
3.092040e+03 1.704110e-01 8.433181e-01 9.183235e-02
3.092050e+03 1.917171e-01 8.255404e-01 9.085925e-02
3.092060e+03 2.153620e-01 8.062495e-01 8.979140e-02
3.092070e+03 2.415079e-01 7.854426e-01 8.862520e-02
3.092080e+03 2.703528e-01 7.631102e-01 8.735618e-02
3.092090e+03 3.029040e-01 7.386700e-01 8.594591e-02
3.092100e+03 3.385259e-01 7.128203e-01 8.442869e-02
3.092110e+03 3.787905e-01 6.846891e-01 8.274594e-02
3.092120e+03 4.245092e-01 6.540908e-01 8.087588e-02
3.092130e+03 4.754867e-01 6.215824e-01 7.884050e-02
3.092140e+03 5.344642e-01 5.859832e-01 7.654954e-02
3.092150e+03 6.025482e-01 5.474149e-01 7.398749e-02
3.092160e+03 6.813453e-01 5.059359e-01 7.112917e-02
3.092170e+03 7.724591e-01 4.618759e-01 6.796145e-02
3.092180e+03 8.784125e-01 4.154419e-01 6.445478e-02
3.092190e+03 9.999345e-01 3.679035e-01 6.065505e-02
3.092200e+03 1.137340e+00 3.206709e-01 5.662781e-02
3.092210e+03 1.292958e+00 2.744578e-01 5.238872e-02
3.092220e+03 1.467592e+00 2.304798e-01 4.800831e-02
3.092230e+03 1.662345e+00 1.896936e-01 4.355382e-02
3.092240e+03 1.877965e+00 1.529009e-01 3.910255e-02
3.092250e+03 2.115758e+00 1.205419e-01 3.471915e-02
3.092260e+03 2.376245e+00 9.289879e-02 3.047930e-02
3.092270e+03 2.660989e+00 6.987907e-02 2.643465e-02
3.092280e+03 2.975366e+00 5.102873e-02 2.258954e-02
3.092290e+03 3.332198e+00 3.571453e-02 1.889829e-02
3.092300e+03 3.750974e+00 2.349485e-02 1.532803e-02
3.092310e+03 4.259125e+00 1.413466e-02 1.188893e-02
3.092320e+03 4.888966e+00 7.529206e-03 8.677100e-03
3.092330e+03 5.672705e+00 3.438552e-03 5.863916e-03
3.092340e+03 6.639180e+00 1.308099e-03 3.616765e-03
3.092350e+03 7.815303e+00 4.035124e-04 2.008762e-03
3.092360e+03 9.218209e+00 9.921627e-05 9.960736e-04
3.092370e+03 1.084932e+01 1.941779e-05 4.406562e-04
3.092380e+03 1.269771e+01 3.058121e-06 1.748749e-04
3.092390e+03 1.474013e+01 3.966807e-07 6.298259e-05
3.092400e+03 1.693943e+01 4.398446e-08 2.097247e-05
3.092410e+03 1.925230e+01 4.353443e-09 6.598062e-06
3.092420e+03 2.163062e+01 4.035901e-10 2.008955e-06
3.092430e+03 2.402089e+01 3.697101e-11 6.080379e-07
3.092440e+03 2.636385e+01 3.550789e-12 1.884354e-07
3.092450e+03 2.859040e+01 3.831313e-13 6.189760e-08
3.092460e+03 3.062833e+01 4.992119e-14 2.234305e-08
3.092470e+03 3.240478e+01 8.448536e-15 9.191592e-09
3.092480e+03 3.385615e+01 1.979059e-15 4.448662e-09
3.092490e+03 3.492797e+01 6.776048e-16 2.603084e-09
3.092500e+03 3.558370e+01 3.517197e-16 1.875419e-09
3.092510e+03 3.580412e+01 2.821421e-16 1.679709e-09
3.092520e+03 3.558632e+01 3.507992e-16 1.872963e-09
3.092530e+03 3.494461e+01 6.664236e-16 2.581518e-09
3.092540e+03 3.390869e+01 1.877781e-15 4.333337e-09
3.092550e+03 3.251966e+01 7.531674e-15 8.678522e-09
3.092560e+03 3.082845e+01 4.086734e-14 2.021567e-08
3.092570e+03 2.889245e+01 2.832500e-13 5.322123e-08
3.092580e+03 2.677305e+01 2.358380e-12 1.535702e-07
3.092590e+03 2.453156e+01 2.218608e-11 4.710211e-07
3.092600e+03 2.222812e+01 2.220507e-10 1.490136e-06
3.092610e+03 1.991728e+01 2.238904e-09 4.731706e-06
3.092620e+03 1.764951e+01 2.162305e-08 1.470478e-05
3.092630e+03 1.546849e+01 1.914783e-07 4.375823e-05
3.092640e+03 1.340929e+01 1.501129e-06 1.225206e-04
3.092650e+03 1.150046e+01 1.012544e-05 3.182050e-04
3.092660e+03 9.763393e+00 5.751914e-05 7.584138e-04
3.092670e+03 8.212828e+00 2.711528e-04 1.646672e-03
3.092680e+03 6.858339e+00 1.050658e-03 3.241385e-03
3.092690e+03 5.706273e+00 3.325042e-03 5.766318e-03
3.092700e+03 4.756470e+00 8.595903e-03 9.271410e-03
3.092710e+03 4.005148e+00 1.822159e-02 1.349874e-02
3.092720e+03 3.443759e+00 3.194437e-02 1.787299e-02
3.092730e+03 3.056889e+00 4.703378e-02 2.168727e-02
3.092740e+03 2.826928e+00 5.919441e-02 2.432990e-02
3.092750e+03 2.734088e+00 6.495320e-02 2.548592e-02
3.092760e+03 2.762757e+00 6.311749e-02 2.512319e-02
3.092770e+03 2.904983e+00 5.474970e-02 2.339865e-02
3.092780e+03 3.163066e+00 4.229588e-02 2.056596e-02
3.092790e+03 3.544997e+00 2.886870e-02 1.699079e-02
3.092800e+03 4.064175e+00 1.717715e-02 1.310616e-02
3.092810e+03 4.731843e+00 8.810218e-03 9.386276e-03
3.092820e+03 5.553260e+00 3.874805e-03 6.224794e-03
3.092830e+03 6.527058e+00 1.463305e-03 3.825317e-03
3.092840e+03 7.644690e+00 4.785787e-04 2.187644e-03
3.092850e+03 8.891336e+00 1.375757e-04 1.172927e-03
3.092860e+03 1.024577e+01 3.550747e-05 5.958814e-04
3.092870e+03 1.168137e+01 8.449799e-06 2.906854e-04
3.092880e+03 1.316639e+01 1.913860e-06 1.383423e-04
3.092890e+03 1.466325e+01 4.283843e-07 6.545108e-05
3.092900e+03 1.613017e+01 9.880028e-08 3.143251e-05
3.092910e+03 1.752263e+01 2.454803e-08 1.566781e-05
3.092920e+03 1.879535e+01 6.875153e-09 8.291654e-06
3.092930e+03 1.990210e+01 2.273155e-09 4.767762e-06
3.092940e+03 2.080326e+01 9.231207e-10 3.038290e-06
3.092950e+03 2.146782e+01 4.749437e-10 2.179320e-06
3.092960e+03 2.187112e+01 3.173185e-10 1.781344e-06
3.092970e+03 2.199989e+01 2.789761e-10 1.670258e-06
3.092980e+03 2.185198e+01 3.234479e-10 1.798466e-06
3.092990e+03 2.143328e+01 4.916366e-10 2.217288e-06
3.093000e+03 2.075739e+01 9.664522e-10 3.108781e-06
3.093010e+03 1.984367e+01 2.409932e-09 4.909106e-06
3.093020e+03 1.871797e+01 7.428324e-09 8.618773e-06
3.093030e+03 1.741693e+01 2.728506e-08 1.651819e-05
3.093040e+03 1.598693e+01 1.140157e-07 3.376621e-05
3.093050e+03 1.448214e+01 5.134365e-07 7.165448e-05
3.093060e+03 1.295592e+01 2.362193e-06 1.536943e-04
3.093070e+03 1.145563e+01 1.058966e-05 3.254176e-04
3.093080e+03 1.001767e+01 4.460494e-05 6.678693e-04
3.093090e+03 8.667484e+00 1.720915e-04 1.311837e-03
3.093100e+03 7.422056e+00 5.979187e-04 2.445238e-03
3.093110e+03 6.296720e+00 1.842338e-03 4.292247e-03
3.093120e+03 5.298033e+00 5.001424e-03 7.072075e-03
3.093130e+03 4.431281e+00 1.189924e-02 1.090836e-02
3.093140e+03 3.696543e+00 2.480915e-02 1.575092e-02
3.093150e+03 3.088806e+00 4.555632e-02 2.134393e-02
3.093160e+03 2.598822e+00 7.436116e-02 2.726924e-02
3.093170e+03 2.213782e+00 1.092865e-01 3.305851e-02
3.093180e+03 1.918241e+00 1.468650e-01 3.832297e-02
3.093190e+03 1.697750e+00 1.830950e-01 4.278960e-02
3.093200e+03 1.541392e+00 2.140828e-01 4.626909e-02
3.093210e+03 1.438132e+00 2.373707e-01 4.872071e-02
3.093220e+03 1.381168e+00 2.512850e-01 5.012833e-02
3.093230e+03 1.364548e+00 2.554962e-01 5.054663e-02
3.093240e+03 1.380139e+00 2.515435e-01 5.015412e-02
3.093250e+03 1.420560e+00 2.415787e-01 4.915066e-02
3.093260e+03 1.477931e+00 2.281091e-01 4.776077e-02
3.093270e+03 1.544958e+00 2.133208e-01 4.618666e-02
3.093280e+03 1.619311e+00 1.980350e-01 4.450113e-02
3.093290e+03 1.697968e+00 1.830551e-01 4.278494e-02
3.093300e+03 1.776088e+00 1.692992e-01 4.114599e-02
3.093310e+03 1.854119e+00 1.565909e-01 3.957157e-02
3.093320e+03 1.930216e+00 1.451168e-01 3.809420e-02
3.093330e+03 2.000709e+00 1.352394e-01 3.677491e-02
3.093340e+03 2.062411e+00 1.271471e-01 3.565769e-02
3.093350e+03 2.111314e+00 1.210788e-01 3.479637e-02
3.093360e+03 2.142422e+00 1.173702e-01 3.425934e-02
3.093370e+03 2.154215e+00 1.159942e-01 3.405792e-02
3.093380e+03 2.148406e+00 1.166700e-01 3.415699e-02
3.093390e+03 2.128714e+00 1.189902e-01 3.449496e-02
3.093400e+03 2.101192e+00 1.223106e-01 3.497293e-02
3.093410e+03 2.071885e+00 1.259481e-01 3.548917e-02
3.093420e+03 2.048821e+00 1.288868e-01 3.590081e-02
3.093430e+03 2.037805e+00 1.303145e-01 3.609910e-02
3.093440e+03 2.042560e+00 1.296963e-01 3.601337e-02
3.093450e+03 2.066347e+00 1.266476e-01 3.558758e-02
3.093460e+03 2.112486e+00 1.209370e-01 3.477600e-02
3.093470e+03 2.174736e+00 1.136382e-01 3.371027e-02
3.093480e+03 2.245330e+00 1.058925e-01 3.254114e-02
3.093490e+03 2.313350e+00 9.892927e-02 3.145302e-02
3.093500e+03 2.362244e+00 9.420858e-02 3.069342e-02
3.093510e+03 2.378071e+00 9.272930e-02 3.045149e-02
3.093520e+03 2.353429e+00 9.504273e-02 3.082900e-02
3.093530e+03 2.289938e+00 1.012727e-01 3.182337e-02
3.093540e+03 2.193291e+00 1.115490e-01 3.339895e-02
3.093550e+03 2.073391e+00 1.257587e-01 3.546247e-02
3.093560e+03 1.938483e+00 1.439221e-01 3.793707e-02
3.093570e+03 1.797295e+00 1.657467e-01 4.071199e-02
3.093580e+03 1.654268e+00 1.912319e-01 4.373007e-02
3.093590e+03 1.512931e+00 2.202634e-01 4.693222e-02
3.093600e+03 1.376864e+00 2.523687e-01 5.023631e-02
3.093610e+03 1.249415e+00 2.866724e-01 5.354179e-02
3.093620e+03 1.131306e+00 3.226116e-01 5.679891e-02
3.093630e+03 1.028253e+00 3.576311e-01 5.980227e-02
3.093640e+03 9.430750e-01 3.894285e-01 6.240421e-02
3.093650e+03 8.812079e-01 4.142822e-01 6.436476e-02
3.093660e+03 8.420194e-01 4.308396e-01 6.563837e-02
3.093670e+03 8.279011e-01 4.369655e-01 6.610336e-02
3.093680e+03 8.361882e-01 4.333593e-01 6.583003e-02
3.093690e+03 8.657935e-01 4.207176e-01 6.486275e-02
3.093700e+03 9.177058e-01 3.994344e-01 6.320082e-02
3.093710e+03 9.902606e-01 3.714799e-01 6.094915e-02
3.093720e+03 1.087807e+00 3.369548e-01 5.804780e-02
3.093730e+03 1.208057e+00 2.987774e-01 5.466053e-02
3.093740e+03 1.351211e+00 2.589264e-01 5.088482e-02
3.093750e+03 1.521083e+00 2.184751e-01 4.674132e-02
3.093760e+03 1.716175e+00 1.797523e-01 4.239721e-02
3.093770e+03 1.937526e+00 1.440598e-01 3.795522e-02
3.093780e+03 2.185970e+00 1.123687e-01 3.352143e-02
3.093790e+03 2.458944e+00 8.552520e-02 2.924469e-02
3.093800e+03 2.752135e+00 6.379150e-02 2.525698e-02
3.093810e+03 3.056633e+00 4.704582e-02 2.169005e-02
3.093820e+03 3.371065e+00 3.435304e-02 1.853457e-02
3.093830e+03 3.679394e+00 2.523825e-02 1.588655e-02
3.093840e+03 3.976475e+00 1.875163e-02 1.369366e-02
3.093850e+03 4.260169e+00 1.411992e-02 1.188273e-02
3.093860e+03 4.522191e+00 1.086519e-02 1.042362e-02
3.093870e+03 4.756823e+00 8.592866e-03 9.269771e-03
3.093880e+03 4.961662e+00 7.001279e-03 8.367365e-03
3.093890e+03 5.128548e+00 5.925156e-03 7.697503e-03
3.093900e+03 5.241717e+00 5.291162e-03 7.274038e-03
3.093910e+03 5.290052e+00 5.041498e-03 7.100351e-03
3.093920e+03 5.263485e+00 5.177232e-03 7.195299e-03
3.093930e+03 5.154446e+00 5.773678e-03 7.598472e-03
3.093940e+03 4.970310e+00 6.940994e-03 8.331263e-03
3.093950e+03 4.717105e+00 8.941028e-03 9.455701e-03
3.093960e+03 4.411035e+00 1.214260e-02 1.101935e-02
3.093970e+03 4.067065e+00 1.712759e-02 1.308724e-02
3.093980e+03 3.696918e+00 2.479983e-02 1.574796e-02
3.093990e+03 3.314837e+00 3.633997e-02 1.906305e-02
3.094000e+03 2.925520e+00 5.363677e-02 2.315961e-02
3.094010e+03 2.538711e+00 7.896810e-02 2.810126e-02
3.094020e+03 2.164560e+00 1.148005e-01 3.388222e-02
3.094030e+03 1.812553e+00 1.632369e-01 4.040259e-02
3.094040e+03 1.490824e+00 2.251869e-01 4.745387e-02
3.094050e+03 1.205020e+00 2.996860e-01 5.474358e-02
3.094060e+03 9.580360e-01 3.836456e-01 6.193913e-02
3.094070e+03 7.514720e-01 4.716718e-01 6.867836e-02
3.094080e+03 5.838692e-01 5.577362e-01 7.468174e-02
3.094090e+03 4.538969e-01 6.351482e-01 7.969619e-02
3.094100e+03 3.561328e-01 7.003796e-01 8.368868e-02
3.094110e+03 2.849306e-01 7.520665e-01 8.672177e-02
3.094120e+03 2.355395e-01 7.901445e-01 8.889007e-02
3.094130e+03 2.009926e-01 8.179185e-01 9.043885e-02
3.094140e+03 1.757500e-01 8.388277e-01 9.158754e-02
3.094150e+03 1.562297e-01 8.553627e-01 9.248582e-02
3.094160e+03 1.381725e-01 8.709484e-01 9.332462e-02
3.094170e+03 1.205216e-01 8.864580e-01 9.415190e-02
3.094180e+03 1.031424e-01 9.019985e-01 9.497360e-02
3.094190e+03 8.655506e-02 9.170851e-01 9.576456e-02
3.094200e+03 7.179835e-02 9.307186e-01 9.647376e-02
3.094210e+03 5.880008e-02 9.428953e-01 9.710279e-02
3.094220e+03 4.864408e-02 9.525201e-01 9.759714e-02
3.094230e+03 4.104150e-02 9.597893e-01 9.796884e-02
3.094240e+03 3.642642e-02 9.642290e-01 9.819516e-02
3.094250e+03 3.315947e-02 9.673843e-01 9.835570e-02
3.094260e+03 3.068188e-02 9.697840e-01 9.847761e-02
3.094270e+03 2.892251e-02 9.714917e-01 9.856428e-02
3.094280e+03 2.681975e-02 9.735367e-01 9.866796e-02
3.094290e+03 2.493052e-02 9.753777e-01 9.876121e-02
3.094300e+03 2.370853e-02 9.765703e-01 9.882157e-02
3.094310e+03 2.239742e-02 9.778515e-01 9.888638e-02
3.094320e+03 2.140022e-02 9.788271e-01 9.893569e-02
3.094330e+03 2.149361e-02 9.787357e-01 9.893107e-02
3.094340e+03 2.407990e-02 9.762077e-01 9.880322e-02
3.094350e+03 2.915175e-02 9.712691e-01 9.855298e-02
3.094360e+03 3.654552e-02 9.641142e-01 9.818932e-02
3.094370e+03 4.503531e-02 9.559637e-01 9.777340e-02
3.094380e+03 5.152230e-02 9.497825e-01 9.745678e-02
3.094390e+03 5.330865e-02 9.480873e-01 9.736978e-02
3.094400e+03 4.938836e-02 9.518114e-01 9.756082e-02
3.094410e+03 4.103996e-02 9.597908e-01 9.796891e-02
3.094420e+03 3.174055e-02 9.687579e-01 9.842550e-02
3.094430e+03 2.342547e-02 9.768468e-01 9.883556e-02
3.094440e+03 1.810477e-02 9.820581e-01 9.909885e-02
3.094450e+03 1.624845e-02 9.838828e-01 9.919087e-02
3.094460e+03 1.798325e-02 9.821775e-01 9.910487e-02
3.094470e+03 2.267580e-02 9.775794e-01 9.887261e-02
3.094480e+03 2.889546e-02 9.715180e-01 9.856561e-02
3.094490e+03 3.465205e-02 9.659415e-01 9.828232e-02
3.094500e+03 3.760885e-02 9.630896e-01 9.813713e-02
3.094510e+03 3.677752e-02 9.638906e-01 9.817793e-02
3.094520e+03 3.315417e-02 9.673894e-01 9.835596e-02
3.094530e+03 2.807418e-02 9.723162e-01 9.860610e-02
3.094540e+03 2.332932e-02 9.769407e-01 9.884031e-02
3.094550e+03 2.070928e-02 9.795037e-01 9.896988e-02
3.094560e+03 2.081324e-02 9.794019e-01 9.896473e-02
3.094570e+03 2.335796e-02 9.769127e-01 9.883890e-02
3.094580e+03 2.768246e-02 9.726972e-01 9.862541e-02
3.094590e+03 3.509127e-02 9.655173e-01 9.826074e-02
3.094600e+03 4.458940e-02 9.563901e-01 9.779520e-02
3.094610e+03 5.633897e-02 9.452187e-01 9.722236e-02
3.094620e+03 6.840127e-02 9.338857e-01 9.663776e-02
3.094630e+03 8.099492e-02 9.221984e-01 9.603116e-02
3.094640e+03 9.496008e-02 9.094092e-01 9.536295e-02
3.094650e+03 1.096374e-01 8.961590e-01 9.466567e-02
3.094660e+03 1.247879e-01 8.826841e-01 9.395127e-02
3.094670e+03 1.386037e-01 8.705730e-01 9.330450e-02
3.094680e+03 1.497761e-01 8.609007e-01 9.278473e-02
3.094690e+03 1.556711e-01 8.558406e-01 9.251165e-02
3.094700e+03 1.557390e-01 8.557826e-01 9.250852e-02
3.094710e+03 1.505249e-01 8.602563e-01 9.275000e-02
3.094720e+03 1.415256e-01 8.680329e-01 9.316828e-02
3.094730e+03 1.305184e-01 8.776403e-01 9.368246e-02
3.094740e+03 1.185619e-01 8.881969e-01 9.424420e-02
3.094750e+03 1.061804e-01 8.992624e-01 9.482945e-02
3.094760e+03 9.432654e-02 9.099856e-01 9.539316e-02
3.094770e+03 8.270771e-02 9.206202e-01 9.594896e-02
3.094780e+03 7.162066e-02 9.308840e-01 9.648233e-02
3.094790e+03 6.140330e-02 9.404439e-01 9.697649e-02
3.094800e+03 5.261745e-02 9.487429e-01 9.740343e-02
3.094810e+03 4.489596e-02 9.560969e-01 9.778021e-02
3.094820e+03 3.898172e-02 9.617683e-01 9.806979e-02
3.094830e+03 3.577505e-02 9.648573e-01 9.822715e-02
3.094840e+03 3.495875e-02 9.656452e-01 9.826725e-02
3.094850e+03 3.815499e-02 9.625637e-01 9.811033e-02
3.094860e+03 4.403201e-02 9.569233e-01 9.782246e-02
3.094870e+03 5.112740e-02 9.501576e-01 9.747603e-02
3.094880e+03 5.710574e-02 9.444942e-01 9.718509e-02
3.094890e+03 5.957351e-02 9.421663e-01 9.706525e-02
3.094900e+03 5.718653e-02 9.444179e-01 9.718117e-02
3.094910e+03 5.037813e-02 9.508698e-01 9.751255e-02
3.094920e+03 4.119595e-02 9.596411e-01 9.796127e-02
3.094930e+03 3.237196e-02 9.681464e-01 9.839443e-02
3.094940e+03 2.657538e-02 9.737746e-01 9.868002e-02
3.094950e+03 2.621084e-02 9.741297e-01 9.869801e-02
3.094960e+03 3.015809e-02 9.702921e-01 9.850341e-02
3.094970e+03 3.940900e-02 9.613574e-01 9.804884e-02
3.094980e+03 5.394939e-02 9.474801e-01 9.733859e-02
3.094990e+03 7.262770e-02 9.299470e-01 9.643376e-02
3.095000e+03 9.327156e-02 9.109461e-01 9.544350e-02
3.095010e+03 1.134940e-01 8.927095e-01 9.448331e-02
3.095020e+03 1.308548e-01 8.773451e-01 9.366670e-02
3.095030e+03 1.435263e-01 8.662980e-01 9.307513e-02
3.095040e+03 1.507726e-01 8.600432e-01 9.273852e-02
3.095050e+03 1.527106e-01 8.583781e-01 9.264870e-02
3.095060e+03 1.511167e-01 8.597474e-01 9.272256e-02
3.095070e+03 1.465245e-01 8.637046e-01 9.293571e-02
3.095080e+03 1.397782e-01 8.695510e-01 9.324972e-02
3.095090e+03 1.314006e-01 8.768664e-01 9.364114e-02
3.095100e+03 1.213880e-01 8.856903e-01 9.411112e-02
3.095110e+03 1.098040e-01 8.960098e-01 9.465779e-02
3.095120e+03 9.690534e-02 9.076419e-01 9.527024e-02
3.095130e+03 8.319399e-02 9.201726e-01 9.592563e-02
3.095140e+03 6.933526e-02 9.330138e-01 9.659264e-02
3.095150e+03 5.591259e-02 9.456218e-01 9.724309e-02
3.095160e+03 4.378535e-02 9.571594e-01 9.783452e-02
3.095170e+03 3.320574e-02 9.673395e-01 9.835342e-02
3.095180e+03 2.438373e-02 9.759112e-01 9.878822e-02
3.095190e+03 1.733249e-02 9.828169e-01 9.913712e-02
3.095200e+03 1.193220e-02 9.881387e-01 9.940517e-02
3.095210e+03 7.954528e-03 9.920770e-01 9.960306e-02
3.095220e+03 5.135888e-03 9.948773e-01 9.974354e-02
3.095230e+03 3.343109e-03 9.966625e-01 9.983298e-02
3.095240e+03 2.078115e-03 9.979240e-01 9.989615e-02
3.095250e+03 1.145332e-03 9.988553e-01 9.994275e-02
3.095260e+03 6.542691e-04 9.993459e-01 9.996729e-02
3.095270e+03 3.639873e-04 9.996361e-01 9.998180e-02
3.095280e+03 1.981283e-04 9.998019e-01 9.999009e-02
3.095290e+03 1.064192e-04 9.998936e-01 9.999468e-02
3.095300e+03 5.879550e-05 9.999412e-01 9.999706e-02
3.095310e+03 3.315859e-05 9.999668e-01 9.999834e-02
3.095320e+03 1.853769e-05 9.999815e-01 9.999907e-02
3.095330e+03 1.193907e-05 9.999881e-01 9.999940e-02
3.095340e+03 8.584470e-06 9.999914e-01 9.999957e-02
3.095350e+03 6.812924e-06 9.999932e-01 9.999966e-02
3.095360e+03 5.801747e-06 9.999942e-01 9.999971e-02
3.095370e+03 5.156340e-06 9.999948e-01 9.999974e-02
3.095380e+03 4.692399e-06 9.999953e-01 9.999977e-02
3.095390e+03 4.325244e-06 9.999957e-01 9.999978e-02
3.095400e+03 4.015884e-06 9.999960e-01 9.999980e-02
3.095410e+03 0.000000e+00 1.000000e+00 1.000000e-01
3.095420e+03 0.000000e+00 1.000000e+00 1.000000e-01
3.095430e+03 0.000000e+00 1.000000e+00 1.000000e-01
3.095440e+03 0.000000e+00 1.000000e+00 1.000000e-01
3.095450e+03 0.000000e+00 1.000000e+00 1.000000e-01
3.095460e+03 0.000000e+00 1.000000e+00 1.000000e-01
3.095470e+03 0.000000e+00 1.000000e+00 1.000000e-01
3.095480e+03 0.000000e+00 1.000000e+00 1.000000e-01
3.095490e+03 0.000000e+00 1.000000e+00 1.000000e-01
3.095500e+03 0.000000e+00 1.000000e+00 1.000000e-01
3.095510e+03 0.000000e+00 1.000000e+00 1.000000e-01
3.095520e+03 0.000000e+00 1.000000e+00 1.000000e-01
3.095530e+03 0.000000e+00 1.000000e+00 1.000000e-01
3.095540e+03 0.000000e+00 1.000000e+00 1.000000e-01
3.095550e+03 0.000000e+00 1.000000e+00 1.000000e-01
3.095560e+03 0.000000e+00 1.000000e+00 1.000000e-01
3.095570e+03 0.000000e+00 1.000000e+00 1.000000e-01
3.095580e+03 0.000000e+00 1.000000e+00 1.000000e-01
3.095590e+03 2.617775e-08 1.000000e+00 1.000000e-01
3.095600e+03 2.617510e-08 1.000000e+00 1.000000e-01
3.095610e+03 0.000000e+00 1.000000e+00 1.000000e-01
3.095620e+03 0.000000e+00 1.000000e+00 1.000000e-01
3.095630e+03 0.000000e+00 1.000000e+00 1.000000e-01
3.095640e+03 9.930732e-10 1.000000e+00 1.000000e-01
3.095650e+03 9.930752e-10 1.000000e+00 1.000000e-01
3.095660e+03 0.000000e+00 1.000000e+00 1.000000e-01
3.095670e+03 0.000000e+00 1.000000e+00 1.000000e-01
3.095680e+03 0.000000e+00 1.000000e+00 1.000000e-01
3.095690e+03 0.000000e+00 1.000000e+00 1.000000e-01
3.095700e+03 0.000000e+00 1.000000e+00 1.000000e-01
3.095710e+03 3.914467e-07 9.999996e-01 9.999998e-02
3.095720e+03 3.733447e-07 9.999996e-01 9.999998e-02
3.095730e+03 0.000000e+00 1.000000e+00 1.000000e-01
3.095740e+03 0.000000e+00 1.000000e+00 1.000000e-01
3.095750e+03 0.000000e+00 1.000000e+00 1.000000e-01
3.095760e+03 0.000000e+00 1.000000e+00 1.000000e-01
3.095770e+03 0.000000e+00 1.000000e+00 1.000000e-01
3.095780e+03 0.000000e+00 1.000000e+00 1.000000e-01
3.095790e+03 0.000000e+00 1.000000e+00 1.000000e-01
3.095800e+03 0.000000e+00 1.000000e+00 1.000000e-01
3.095810e+03 0.000000e+00 1.000000e+00 1.000000e-01
3.095820e+03 0.000000e+00 1.000000e+00 1.000000e-01
3.095830e+03 0.000000e+00 1.000000e+00 1.000000e-01
3.095840e+03 1.623535e-05 9.999838e-01 9.999919e-02
3.095850e+03 1.623629e-05 9.999838e-01 9.999919e-02
3.095860e+03 0.000000e+00 1.000000e+00 1.000000e-01
3.095870e+03 0.000000e+00 1.000000e+00 1.000000e-01
3.095880e+03 0.000000e+00 1.000000e+00 1.000000e-01
3.095890e+03 0.000000e+00 1.000000e+00 1.000000e-01
3.095900e+03 0.000000e+00 1.000000e+00 1.000000e-01
3.095910e+03 0.000000e+00 1.000000e+00 1.000000e-01
3.095920e+03 0.000000e+00 1.000000e+00 1.000000e-01
3.095930e+03 0.000000e+00 1.000000e+00 1.000000e-01
3.095940e+03 0.000000e+00 1.000000e+00 1.000000e-01
3.095950e+03 0.000000e+00 1.000000e+00 1.000000e-01
3.095960e+03 0.000000e+00 1.000000e+00 1.000000e-01
3.095970e+03 0.000000e+00 1.000000e+00 1.000000e-01
3.095980e+03 0.000000e+00 1.000000e+00 1.000000e-01
3.095990e+03 0.000000e+00 1.000000e+00 1.000000e-01
3.096000e+03 0.000000e+00 1.000000e+00 1.000000e-01
3.096010e+03 0.000000e+00 1.000000e+00 1.000000e-01
3.096020e+03 0.000000e+00 1.000000e+00 1.000000e-01
3.096030e+03 0.000000e+00 1.000000e+00 1.000000e-01
3.096040e+03 2.505573e-11 1.000000e+00 1.000000e-01
3.096050e+03 2.505083e-11 1.000000e+00 1.000000e-01
3.096060e+03 0.000000e+00 1.000000e+00 1.000000e-01
3.096070e+03 0.000000e+00 1.000000e+00 1.000000e-01
3.096080e+03 0.000000e+00 1.000000e+00 1.000000e-01
3.096090e+03 0.000000e+00 1.000000e+00 1.000000e-01
3.096100e+03 1.409360e-07 9.999999e-01 9.999999e-02
3.096110e+03 1.409414e-07 9.999999e-01 9.999999e-02
3.096120e+03 0.000000e+00 1.000000e+00 1.000000e-01
3.096130e+03 0.000000e+00 1.000000e+00 1.000000e-01
3.096140e+03 0.000000e+00 1.000000e+00 1.000000e-01
3.096150e+03 0.000000e+00 1.000000e+00 1.000000e-01
3.096160e+03 2.182523e-10 1.000000e+00 1.000000e-01
3.096170e+03 2.182293e-10 1.000000e+00 1.000000e-01
3.096180e+03 0.000000e+00 1.000000e+00 1.000000e-01
3.096190e+03 0.000000e+00 1.000000e+00 1.000000e-01
3.096200e+03 0.000000e+00 1.000000e+00 1.000000e-01
3.096210e+03 0.000000e+00 1.000000e+00 1.000000e-01
3.096220e+03 0.000000e+00 1.000000e+00 1.000000e-01
3.096230e+03 0.000000e+00 1.000000e+00 1.000000e-01
3.096240e+03 0.000000e+00 1.000000e+00 1.000000e-01
3.096250e+03 0.000000e+00 1.000000e+00 1.000000e-01
3.096260e+03 0.000000e+00 1.000000e+00 1.000000e-01
3.096270e+03 0.000000e+00 1.000000e+00 1.000000e-01
3.096280e+03 0.000000e+00 1.000000e+00 1.000000e-01
3.096290e+03 0.000000e+00 1.000000e+00 1.000000e-01
3.096300e+03 0.000000e+00 1.000000e+00 1.000000e-01
3.096310e+03 0.000000e+00 1.000000e+00 1.000000e-01
3.096320e+03 0.000000e+00 1.000000e+00 1.000000e-01
3.096330e+03 0.000000e+00 1.000000e+00 1.000000e-01
3.096340e+03 0.000000e+00 1.000000e+00 1.000000e-01
3.096350e+03 0.000000e+00 1.000000e+00 1.000000e-01
3.096360e+03 0.000000e+00 1.000000e+00 1.000000e-01
3.096370e+03 2.074350e-12 1.000000e+00 1.000000e-01
3.096380e+03 2.074264e-12 1.000000e+00 1.000000e-01
3.096390e+03 0.000000e+00 1.000000e+00 1.000000e-01
3.096400e+03 0.000000e+00 1.000000e+00 1.000000e-01
3.096410e+03 0.000000e+00 1.000000e+00 1.000000e-01
3.096420e+03 3.074469e-09 1.000000e+00 1.000000e-01
3.096430e+03 3.074370e-09 1.000000e+00 1.000000e-01
3.096440e+03 0.000000e+00 1.000000e+00 1.000000e-01
3.096450e+03 0.000000e+00 1.000000e+00 1.000000e-01
3.096460e+03 0.000000e+00 1.000000e+00 1.000000e-01
3.096470e+03 0.000000e+00 1.000000e+00 1.000000e-01
3.096480e+03 0.000000e+00 1.000000e+00 1.000000e-01
3.096490e+03 0.000000e+00 1.000000e+00 1.000000e-01
3.096500e+03 0.000000e+00 1.000000e+00 1.000000e-01
3.096510e+03 0.000000e+00 1.000000e+00 1.000000e-01
3.096520e+03 0.000000e+00 1.000000e+00 1.000000e-01
3.096530e+03 0.000000e+00 1.000000e+00 1.000000e-01
3.096540e+03 0.000000e+00 1.000000e+00 1.000000e-01
3.096550e+03 0.000000e+00 1.000000e+00 1.000000e-01
3.096560e+03 0.000000e+00 1.000000e+00 1.000000e-01
3.096570e+03 0.000000e+00 1.000000e+00 1.000000e-01
3.096580e+03 0.000000e+00 1.000000e+00 1.000000e-01
3.096590e+03 0.000000e+00 1.000000e+00 1.000000e-01
3.096600e+03 0.000000e+00 1.000000e+00 1.000000e-01
3.096610e+03 0.000000e+00 1.000000e+00 1.000000e-01
3.096620e+03 0.000000e+00 1.000000e+00 1.000000e-01
3.096630e+03 0.000000e+00 1.000000e+00 1.000000e-01
3.096640e+03 0.000000e+00 1.000000e+00 1.000000e-01
3.096650e+03 1.229432e-06 9.999988e-01 9.999994e-02
3.096660e+03 1.229540e-06 9.999988e-01 9.999994e-02
3.096670e+03 0.000000e+00 1.000000e+00 1.000000e-01
3.096680e+03 0.000000e+00 1.000000e+00 1.000000e-01
3.096690e+03 0.000000e+00 1.000000e+00 1.000000e-01
3.096700e+03 0.000000e+00 1.000000e+00 1.000000e-01
3.096710e+03 0.000000e+00 1.000000e+00 1.000000e-01
3.096720e+03 0.000000e+00 1.000000e+00 1.000000e-01
3.096730e+03 0.000000e+00 1.000000e+00 1.000000e-01
3.096740e+03 0.000000e+00 1.000000e+00 1.000000e-01
3.096750e+03 0.000000e+00 1.000000e+00 1.000000e-01
3.096760e+03 0.000000e+00 1.000000e+00 1.000000e-01
3.096770e+03 0.000000e+00 1.000000e+00 1.000000e-01
3.096780e+03 0.000000e+00 1.000000e+00 1.000000e-01
3.096790e+03 0.000000e+00 1.000000e+00 1.000000e-01
3.096800e+03 0.000000e+00 1.000000e+00 1.000000e-01
3.096810e+03 0.000000e+00 1.000000e+00 1.000000e-01
3.096820e+03 0.000000e+00 1.000000e+00 1.000000e-01
3.096830e+03 0.000000e+00 1.000000e+00 1.000000e-01
3.096840e+03 0.000000e+00 1.000000e+00 1.000000e-01
3.096850e+03 0.000000e+00 1.000000e+00 1.000000e-01
3.096860e+03 0.000000e+00 1.000000e+00 1.000000e-01
3.096870e+03 0.000000e+00 1.000000e+00 1.000000e-01
3.096880e+03 0.000000e+00 1.000000e+00 1.000000e-01
3.096890e+03 0.000000e+00 1.000000e+00 1.000000e-01
3.096900e+03 0.000000e+00 1.000000e+00 1.000000e-01
3.096910e+03 0.000000e+00 1.000000e+00 1.000000e-01
3.096920e+03 0.000000e+00 1.000000e+00 1.000000e-01
3.096930e+03 0.000000e+00 1.000000e+00 1.000000e-01
3.096940e+03 0.000000e+00 1.000000e+00 1.000000e-01
3.096950e+03 0.000000e+00 1.000000e+00 1.000000e-01
3.096960e+03 0.000000e+00 1.000000e+00 1.000000e-01
3.096970e+03 0.000000e+00 1.000000e+00 1.000000e-01
3.096980e+03 0.000000e+00 1.000000e+00 1.000000e-01
3.096990e+03 0.000000e+00 1.000000e+00 1.000000e-01
3.097000e+03 0.000000e+00 1.000000e+00 1.000000e-01
3.097010e+03 0.000000e+00 1.000000e+00 1.000000e-01
3.097020e+03 0.000000e+00 1.000000e+00 1.000000e-01
3.097030e+03 2.269150e-14 1.000000e+00 1.000000e-01
3.097040e+03 2.269119e-14 1.000000e+00 1.000000e-01
3.097050e+03 0.000000e+00 1.000000e+00 1.000000e-01
3.097060e+03 0.000000e+00 1.000000e+00 1.000000e-01
3.097070e+03 0.000000e+00 1.000000e+00 1.000000e-01
3.097080e+03 0.000000e+00 1.000000e+00 1.000000e-01
3.097090e+03 0.000000e+00 1.000000e+00 1.000000e-01
3.097100e+03 0.000000e+00 1.000000e+00 1.000000e-01
3.097110e+03 0.000000e+00 1.000000e+00 1.000000e-01
3.097120e+03 0.000000e+00 1.000000e+00 1.000000e-01
3.097130e+03 0.000000e+00 1.000000e+00 1.000000e-01
3.097140e+03 0.000000e+00 1.000000e+00 1.000000e-01
3.097150e+03 0.000000e+00 1.000000e+00 1.000000e-01
3.097160e+03 0.000000e+00 1.000000e+00 1.000000e-01
3.097170e+03 0.000000e+00 1.000000e+00 1.000000e-01
3.097180e+03 0.000000e+00 1.000000e+00 1.000000e-01
3.097190e+03 0.000000e+00 1.000000e+00 1.000000e-01
3.097200e+03 0.000000e+00 1.000000e+00 1.000000e-01
3.097210e+03 0.000000e+00 1.000000e+00 1.000000e-01
3.097220e+03 0.000000e+00 1.000000e+00 1.000000e-01
3.097230e+03 0.000000e+00 1.000000e+00 1.000000e-01
3.097240e+03 0.000000e+00 1.000000e+00 1.000000e-01
3.097250e+03 3.401787e-12 1.000000e+00 1.000000e-01
3.097260e+03 3.401978e-12 1.000000e+00 1.000000e-01
3.097270e+03 0.000000e+00 1.000000e+00 1.000000e-01
3.097280e+03 0.000000e+00 1.000000e+00 1.000000e-01
3.097290e+03 0.000000e+00 1.000000e+00 1.000000e-01
3.097300e+03 0.000000e+00 1.000000e+00 1.000000e-01
3.097310e+03 0.000000e+00 1.000000e+00 1.000000e-01
3.097320e+03 1.103311e-09 1.000000e+00 1.000000e-01
3.097330e+03 1.103185e-09 1.000000e+00 1.000000e-01
3.097340e+03 0.000000e+00 1.000000e+00 1.000000e-01
3.097350e+03 0.000000e+00 1.000000e+00 1.000000e-01
3.097360e+03 0.000000e+00 1.000000e+00 1.000000e-01
3.097370e+03 0.000000e+00 1.000000e+00 1.000000e-01
3.097380e+03 0.000000e+00 1.000000e+00 1.000000e-01
3.097390e+03 0.000000e+00 1.000000e+00 1.000000e-01
3.097400e+03 0.000000e+00 1.000000e+00 1.000000e-01
3.097410e+03 0.000000e+00 1.000000e+00 1.000000e-01
3.097420e+03 0.000000e+00 1.000000e+00 1.000000e-01
3.097430e+03 0.000000e+00 1.000000e+00 1.000000e-01
3.097440e+03 0.000000e+00 1.000000e+00 1.000000e-01
3.097450e+03 0.000000e+00 1.000000e+00 1.000000e-01
3.097460e+03 0.000000e+00 1.000000e+00 1.000000e-01
3.097470e+03 0.000000e+00 1.000000e+00 1.000000e-01
3.097480e+03 0.000000e+00 1.000000e+00 1.000000e-01
3.097490e+03 0.000000e+00 1.000000e+00 1.000000e-01
3.097500e+03 0.000000e+00 1.000000e+00 1.000000e-01
3.097510e+03 0.000000e+00 1.000000e+00 1.000000e-01
3.097520e+03 0.000000e+00 1.000000e+00 1.000000e-01
3.097530e+03 0.000000e+00 1.000000e+00 1.000000e-01
3.097540e+03 0.000000e+00 1.000000e+00 1.000000e-01
3.097550e+03 0.000000e+00 1.000000e+00 1.000000e-01
3.097560e+03 0.000000e+00 1.000000e+00 1.000000e-01
3.097570e+03 0.000000e+00 1.000000e+00 1.000000e-01
3.097580e+03 0.000000e+00 1.000000e+00 1.000000e-01
3.097590e+03 0.000000e+00 1.000000e+00 1.000000e-01
3.097600e+03 0.000000e+00 1.000000e+00 1.000000e-01
3.097610e+03 0.000000e+00 1.000000e+00 1.000000e-01
3.097620e+03 0.000000e+00 1.000000e+00 1.000000e-01
3.097630e+03 0.000000e+00 1.000000e+00 1.000000e-01
3.097640e+03 0.000000e+00 1.000000e+00 1.000000e-01
3.097650e+03 0.000000e+00 1.000000e+00 1.000000e-01
3.097660e+03 0.000000e+00 1.000000e+00 1.000000e-01
3.097670e+03 0.000000e+00 1.000000e+00 1.000000e-01
3.097680e+03 0.000000e+00 1.000000e+00 1.000000e-01
3.097690e+03 0.000000e+00 1.000000e+00 1.000000e-01
3.097700e+03 0.000000e+00 1.000000e+00 1.000000e-01
3.097710e+03 0.000000e+00 1.000000e+00 1.000000e-01
3.097720e+03 0.000000e+00 1.000000e+00 1.000000e-01
3.097730e+03 0.000000e+00 1.000000e+00 1.000000e-01
3.097740e+03 0.000000e+00 1.000000e+00 1.000000e-01
3.097750e+03 6.320349e-12 1.000000e+00 1.000000e-01
3.097760e+03 6.320278e-12 1.000000e+00 1.000000e-01
3.097770e+03 0.000000e+00 1.000000e+00 1.000000e-01
3.097780e+03 0.000000e+00 1.000000e+00 1.000000e-01
3.097790e+03 0.000000e+00 1.000000e+00 1.000000e-01
3.097800e+03 0.000000e+00 1.000000e+00 1.000000e-01
3.097810e+03 0.000000e+00 1.000000e+00 1.000000e-01
3.097820e+03 0.000000e+00 1.000000e+00 1.000000e-01
3.097830e+03 0.000000e+00 1.000000e+00 1.000000e-01
3.097840e+03 0.000000e+00 1.000000e+00 1.000000e-01
3.097850e+03 0.000000e+00 1.000000e+00 1.000000e-01
3.097860e+03 0.000000e+00 1.000000e+00 1.000000e-01
3.097870e+03 0.000000e+00 1.000000e+00 1.000000e-01
3.097880e+03 0.000000e+00 1.000000e+00 1.000000e-01
3.097890e+03 0.000000e+00 1.000000e+00 1.000000e-01
3.097900e+03 0.000000e+00 1.000000e+00 1.000000e-01
3.097910e+03 0.000000e+00 1.000000e+00 1.000000e-01
3.097920e+03 0.000000e+00 1.000000e+00 1.000000e-01
3.097930e+03 0.000000e+00 1.000000e+00 1.000000e-01
3.097940e+03 0.000000e+00 1.000000e+00 1.000000e-01
3.097950e+03 0.000000e+00 1.000000e+00 1.000000e-01
3.097960e+03 0.000000e+00 1.000000e+00 1.000000e-01
3.097970e+03 0.000000e+00 1.000000e+00 1.000000e-01
3.097980e+03 0.000000e+00 1.000000e+00 1.000000e-01
3.097990e+03 0.000000e+00 1.000000e+00 1.000000e-01
3.098000e+03 0.000000e+00 1.000000e+00 1.000000e-01
3.098010e+03 0.000000e+00 1.000000e+00 1.000000e-01
3.098020e+03 0.000000e+00 1.000000e+00 1.000000e-01
3.098030e+03 0.000000e+00 1.000000e+00 1.000000e-01
3.098040e+03 0.000000e+00 1.000000e+00 1.000000e-01
3.098050e+03 0.000000e+00 1.000000e+00 1.000000e-01
3.098060e+03 0.000000e+00 1.000000e+00 1.000000e-01
3.098070e+03 0.000000e+00 1.000000e+00 1.000000e-01
3.098080e+03 0.000000e+00 1.000000e+00 1.000000e-01
3.098090e+03 0.000000e+00 1.000000e+00 1.000000e-01
3.098100e+03 0.000000e+00 1.000000e+00 1.000000e-01
3.098110e+03 0.000000e+00 1.000000e+00 1.000000e-01
3.098120e+03 0.000000e+00 1.000000e+00 1.000000e-01
3.098130e+03 0.000000e+00 1.000000e+00 1.000000e-01
3.098140e+03 0.000000e+00 1.000000e+00 1.000000e-01
3.098150e+03 0.000000e+00 1.000000e+00 1.000000e-01
3.098160e+03 0.000000e+00 1.000000e+00 1.000000e-01
3.098170e+03 0.000000e+00 1.000000e+00 1.000000e-01
3.098180e+03 0.000000e+00 1.000000e+00 1.000000e-01
3.098190e+03 0.000000e+00 1.000000e+00 1.000000e-01
3.098200e+03 0.000000e+00 1.000000e+00 1.000000e-01
3.098210e+03 0.000000e+00 1.000000e+00 1.000000e-01
3.098220e+03 0.000000e+00 1.000000e+00 1.000000e-01
3.098230e+03 0.000000e+00 1.000000e+00 1.000000e-01
3.098240e+03 0.000000e+00 1.000000e+00 1.000000e-01
3.098250e+03 0.000000e+00 1.000000e+00 1.000000e-01
3.098260e+03 0.000000e+00 1.000000e+00 1.000000e-01
3.098270e+03 0.000000e+00 1.000000e+00 1.000000e-01
3.098280e+03 0.000000e+00 1.000000e+00 1.000000e-01
3.098290e+03 0.000000e+00 1.000000e+00 1.000000e-01
3.098300e+03 0.000000e+00 1.000000e+00 1.000000e-01
3.098310e+03 0.000000e+00 1.000000e+00 1.000000e-01
3.098320e+03 0.000000e+00 1.000000e+00 1.000000e-01
3.098330e+03 0.000000e+00 1.000000e+00 1.000000e-01
3.098340e+03 0.000000e+00 1.000000e+00 1.000000e-01
3.098350e+03 0.000000e+00 1.000000e+00 1.000000e-01
3.098360e+03 0.000000e+00 1.000000e+00 1.000000e-01
3.098370e+03 0.000000e+00 1.000000e+00 1.000000e-01
3.098380e+03 0.000000e+00 1.000000e+00 1.000000e-01
3.098390e+03 0.000000e+00 1.000000e+00 1.000000e-01
3.098400e+03 0.000000e+00 1.000000e+00 1.000000e-01
3.098410e+03 0.000000e+00 1.000000e+00 1.000000e-01
3.098420e+03 0.000000e+00 1.000000e+00 1.000000e-01
3.098430e+03 0.000000e+00 1.000000e+00 1.000000e-01
3.098440e+03 0.000000e+00 1.000000e+00 1.000000e-01
3.098450e+03 0.000000e+00 1.000000e+00 1.000000e-01
3.098460e+03 0.000000e+00 1.000000e+00 1.000000e-01
3.098470e+03 0.000000e+00 1.000000e+00 1.000000e-01
3.098480e+03 0.000000e+00 1.000000e+00 1.000000e-01
3.098490e+03 0.000000e+00 1.000000e+00 1.000000e-01
3.098500e+03 0.000000e+00 1.000000e+00 1.000000e-01
3.098510e+03 0.000000e+00 1.000000e+00 1.000000e-01
3.098520e+03 0.000000e+00 1.000000e+00 1.000000e-01
3.098530e+03 0.000000e+00 1.000000e+00 1.000000e-01
3.098540e+03 0.000000e+00 1.000000e+00 1.000000e-01
3.098550e+03 0.000000e+00 1.000000e+00 1.000000e-01
3.098560e+03 0.000000e+00 1.000000e+00 1.000000e-01
3.098570e+03 0.000000e+00 1.000000e+00 1.000000e-01
3.098580e+03 0.000000e+00 1.000000e+00 1.000000e-01
3.098590e+03 0.000000e+00 1.000000e+00 1.000000e-01
3.098600e+03 0.000000e+00 1.000000e+00 1.000000e-01
3.098610e+03 0.000000e+00 1.000000e+00 1.000000e-01
3.098620e+03 0.000000e+00 1.000000e+00 1.000000e-01
3.098630e+03 0.000000e+00 1.000000e+00 1.000000e-01
3.098640e+03 0.000000e+00 1.000000e+00 1.000000e-01
3.098650e+03 0.000000e+00 1.000000e+00 1.000000e-01
3.098660e+03 0.000000e+00 1.000000e+00 1.000000e-01
3.098670e+03 0.000000e+00 1.000000e+00 1.000000e-01
3.098680e+03 0.000000e+00 1.000000e+00 1.000000e-01
3.098690e+03 0.000000e+00 1.000000e+00 1.000000e-01
3.098700e+03 0.000000e+00 1.000000e+00 1.000000e-01
3.098710e+03 0.000000e+00 1.000000e+00 1.000000e-01
3.098720e+03 0.000000e+00 1.000000e+00 1.000000e-01
3.098730e+03 0.000000e+00 1.000000e+00 1.000000e-01
3.098740e+03 0.000000e+00 1.000000e+00 1.000000e-01
3.098750e+03 0.000000e+00 1.000000e+00 1.000000e-01
3.098760e+03 0.000000e+00 1.000000e+00 1.000000e-01
3.098770e+03 0.000000e+00 1.000000e+00 1.000000e-01
3.098780e+03 0.000000e+00 1.000000e+00 1.000000e-01
3.098790e+03 0.000000e+00 1.000000e+00 1.000000e-01
3.098800e+03 0.000000e+00 1.000000e+00 1.000000e-01
3.098810e+03 0.000000e+00 1.000000e+00 1.000000e-01
3.098820e+03 0.000000e+00 1.000000e+00 1.000000e-01
3.098830e+03 0.000000e+00 1.000000e+00 1.000000e-01
3.098840e+03 0.000000e+00 1.000000e+00 1.000000e-01
3.098850e+03 0.000000e+00 1.000000e+00 1.000000e-01
3.098860e+03 0.000000e+00 1.000000e+00 1.000000e-01
3.098870e+03 0.000000e+00 1.000000e+00 1.000000e-01
3.098880e+03 0.000000e+00 1.000000e+00 1.000000e-01
3.098890e+03 0.000000e+00 1.000000e+00 1.000000e-01
3.098900e+03 0.000000e+00 1.000000e+00 1.000000e-01
3.098910e+03 0.000000e+00 1.000000e+00 1.000000e-01
3.098920e+03 0.000000e+00 1.000000e+00 1.000000e-01
3.098930e+03 0.000000e+00 1.000000e+00 1.000000e-01
3.098940e+03 0.000000e+00 1.000000e+00 1.000000e-01
3.098950e+03 0.000000e+00 1.000000e+00 1.000000e-01
3.098960e+03 0.000000e+00 1.000000e+00 1.000000e-01
3.098970e+03 0.000000e+00 1.000000e+00 1.000000e-01
3.098980e+03 0.000000e+00 1.000000e+00 1.000000e-01
3.098990e+03 0.000000e+00 1.000000e+00 1.000000e-01
3.099000e+03 0.000000e+00 1.000000e+00 1.000000e-01
3.099010e+03 0.000000e+00 1.000000e+00 1.000000e-01
3.099020e+03 0.000000e+00 1.000000e+00 1.000000e-01
3.099030e+03 0.000000e+00 1.000000e+00 1.000000e-01
3.099040e+03 0.000000e+00 1.000000e+00 1.000000e-01
3.099050e+03 0.000000e+00 1.000000e+00 1.000000e-01
3.099060e+03 0.000000e+00 1.000000e+00 1.000000e-01
3.099070e+03 0.000000e+00 1.000000e+00 1.000000e-01
3.099080e+03 0.000000e+00 1.000000e+00 1.000000e-01
3.099090e+03 0.000000e+00 1.000000e+00 1.000000e-01
3.099100e+03 0.000000e+00 1.000000e+00 1.000000e-01
3.099110e+03 0.000000e+00 1.000000e+00 1.000000e-01
3.099120e+03 0.000000e+00 1.000000e+00 1.000000e-01
3.099130e+03 0.000000e+00 1.000000e+00 1.000000e-01
3.099140e+03 0.000000e+00 1.000000e+00 1.000000e-01
3.099150e+03 0.000000e+00 1.000000e+00 1.000000e-01
3.099160e+03 0.000000e+00 1.000000e+00 1.000000e-01
3.099170e+03 0.000000e+00 1.000000e+00 1.000000e-01
3.099180e+03 0.000000e+00 1.000000e+00 1.000000e-01
3.099190e+03 0.000000e+00 1.000000e+00 1.000000e-01
3.099200e+03 0.000000e+00 1.000000e+00 1.000000e-01
3.099210e+03 0.000000e+00 1.000000e+00 1.000000e-01
3.099220e+03 0.000000e+00 1.000000e+00 1.000000e-01
3.099230e+03 0.000000e+00 1.000000e+00 1.000000e-01
3.099240e+03 0.000000e+00 1.000000e+00 1.000000e-01
3.099250e+03 0.000000e+00 1.000000e+00 1.000000e-01
3.099260e+03 0.000000e+00 1.000000e+00 1.000000e-01
3.099270e+03 0.000000e+00 1.000000e+00 1.000000e-01
3.099280e+03 0.000000e+00 1.000000e+00 1.000000e-01
3.099290e+03 0.000000e+00 1.000000e+00 1.000000e-01
3.099300e+03 0.000000e+00 1.000000e+00 1.000000e-01
3.099310e+03 0.000000e+00 1.000000e+00 1.000000e-01
3.099320e+03 0.000000e+00 1.000000e+00 1.000000e-01
3.099330e+03 0.000000e+00 1.000000e+00 1.000000e-01
3.099340e+03 0.000000e+00 1.000000e+00 1.000000e-01
3.099350e+03 0.000000e+00 1.000000e+00 1.000000e-01
3.099360e+03 0.000000e+00 1.000000e+00 1.000000e-01
3.099370e+03 0.000000e+00 1.000000e+00 1.000000e-01
3.099380e+03 0.000000e+00 1.000000e+00 1.000000e-01
3.099390e+03 0.000000e+00 1.000000e+00 1.000000e-01
3.099400e+03 0.000000e+00 1.000000e+00 1.000000e-01
3.099410e+03 0.000000e+00 1.000000e+00 1.000000e-01
3.099420e+03 0.000000e+00 1.000000e+00 1.000000e-01
3.099430e+03 0.000000e+00 1.000000e+00 1.000000e-01
3.099440e+03 0.000000e+00 1.000000e+00 1.000000e-01
3.099450e+03 0.000000e+00 1.000000e+00 1.000000e-01
3.099460e+03 0.000000e+00 1.000000e+00 1.000000e-01
3.099470e+03 0.000000e+00 1.000000e+00 1.000000e-01
3.099480e+03 0.000000e+00 1.000000e+00 1.000000e-01
3.099490e+03 0.000000e+00 1.000000e+00 1.000000e-01
3.099500e+03 0.000000e+00 1.000000e+00 1.000000e-01
3.099510e+03 0.000000e+00 1.000000e+00 1.000000e-01
3.099520e+03 0.000000e+00 1.000000e+00 1.000000e-01
3.099530e+03 0.000000e+00 1.000000e+00 1.000000e-01
3.099540e+03 0.000000e+00 1.000000e+00 1.000000e-01
3.099550e+03 0.000000e+00 1.000000e+00 1.000000e-01
3.099560e+03 0.000000e+00 1.000000e+00 1.000000e-01
3.099570e+03 0.000000e+00 1.000000e+00 1.000000e-01
3.099580e+03 0.000000e+00 1.000000e+00 1.000000e-01
3.099590e+03 0.000000e+00 1.000000e+00 1.000000e-01
3.099600e+03 0.000000e+00 1.000000e+00 1.000000e-01
3.099610e+03 0.000000e+00 1.000000e+00 1.000000e-01
3.099620e+03 0.000000e+00 1.000000e+00 1.000000e-01
3.099630e+03 0.000000e+00 1.000000e+00 1.000000e-01
3.099640e+03 0.000000e+00 1.000000e+00 1.000000e-01
3.099650e+03 0.000000e+00 1.000000e+00 1.000000e-01
3.099660e+03 0.000000e+00 1.000000e+00 1.000000e-01
3.099670e+03 0.000000e+00 1.000000e+00 1.000000e-01
3.099680e+03 0.000000e+00 1.000000e+00 1.000000e-01
3.099690e+03 0.000000e+00 1.000000e+00 1.000000e-01
3.099700e+03 0.000000e+00 1.000000e+00 1.000000e-01
3.099710e+03 0.000000e+00 1.000000e+00 1.000000e-01
3.099720e+03 0.000000e+00 1.000000e+00 1.000000e-01
3.099730e+03 0.000000e+00 1.000000e+00 1.000000e-01
3.099740e+03 0.000000e+00 1.000000e+00 1.000000e-01
3.099750e+03 0.000000e+00 1.000000e+00 1.000000e-01
3.099760e+03 0.000000e+00 1.000000e+00 1.000000e-01
3.099770e+03 0.000000e+00 1.000000e+00 1.000000e-01
3.099780e+03 0.000000e+00 1.000000e+00 1.000000e-01
3.099790e+03 0.000000e+00 1.000000e+00 1.000000e-01
3.099800e+03 0.000000e+00 1.000000e+00 1.000000e-01
3.099810e+03 0.000000e+00 1.000000e+00 1.000000e-01
3.099820e+03 0.000000e+00 1.000000e+00 1.000000e-01
3.099830e+03 0.000000e+00 1.000000e+00 1.000000e-01
3.099840e+03 0.000000e+00 1.000000e+00 1.000000e-01
3.099850e+03 0.000000e+00 1.000000e+00 1.000000e-01
3.099860e+03 0.000000e+00 1.000000e+00 1.000000e-01
3.099870e+03 0.000000e+00 1.000000e+00 1.000000e-01
3.099880e+03 0.000000e+00 1.000000e+00 1.000000e-01
3.099890e+03 0.000000e+00 1.000000e+00 1.000000e-01
3.099900e+03 0.000000e+00 1.000000e+00 1.000000e-01
3.099910e+03 0.000000e+00 1.000000e+00 1.000000e-01
3.099920e+03 0.000000e+00 1.000000e+00 1.000000e-01
3.099930e+03 0.000000e+00 1.000000e+00 1.000000e-01
3.099940e+03 0.000000e+00 1.000000e+00 1.000000e-01
3.099950e+03 0.000000e+00 1.000000e+00 1.000000e-01
3.099960e+03 0.000000e+00 1.000000e+00 1.000000e-01
3.099970e+03 0.000000e+00 1.000000e+00 1.000000e-01
3.099980e+03 0.000000e+00 1.000000e+00 1.000000e-01
3.099990e+03 0.000000e+00 1.000000e+00 1.000000e-01
3.100000e+03 0.000000e+00 1.000000e+00 1.000000e-01
3.100010e+03 0.000000e+00 1.000000e+00 1.000000e-01
3.100020e+03 0.000000e+00 1.000000e+00 1.000000e-01
3.100030e+03 0.000000e+00 1.000000e+00 1.000000e-01
3.100040e+03 0.000000e+00 1.000000e+00 1.000000e-01
3.100050e+03 0.000000e+00 1.000000e+00 1.000000e-01
3.100060e+03 0.000000e+00 1.000000e+00 1.000000e-01
3.100070e+03 0.000000e+00 1.000000e+00 1.000000e-01
3.100080e+03 0.000000e+00 1.000000e+00 1.000000e-01
3.100090e+03 0.000000e+00 1.000000e+00 1.000000e-01
3.100100e+03 0.000000e+00 1.000000e+00 1.000000e-01
3.100110e+03 0.000000e+00 1.000000e+00 1.000000e-01
3.100120e+03 0.000000e+00 1.000000e+00 1.000000e-01
3.100130e+03 0.000000e+00 1.000000e+00 1.000000e-01
3.100140e+03 0.000000e+00 1.000000e+00 1.000000e-01
3.100150e+03 0.000000e+00 1.000000e+00 1.000000e-01
3.100160e+03 0.000000e+00 1.000000e+00 1.000000e-01
3.100170e+03 0.000000e+00 1.000000e+00 1.000000e-01
3.100180e+03 0.000000e+00 1.000000e+00 1.000000e-01
3.100190e+03 0.000000e+00 1.000000e+00 1.000000e-01
3.100200e+03 0.000000e+00 1.000000e+00 1.000000e-01
3.100210e+03 0.000000e+00 1.000000e+00 1.000000e-01
3.100220e+03 0.000000e+00 1.000000e+00 1.000000e-01
3.100230e+03 0.000000e+00 1.000000e+00 1.000000e-01
3.100240e+03 0.000000e+00 1.000000e+00 1.000000e-01
3.100250e+03 0.000000e+00 1.000000e+00 1.000000e-01
3.100260e+03 0.000000e+00 1.000000e+00 1.000000e-01
3.100270e+03 0.000000e+00 1.000000e+00 1.000000e-01
3.100280e+03 0.000000e+00 1.000000e+00 1.000000e-01
3.100290e+03 0.000000e+00 1.000000e+00 1.000000e-01
3.100300e+03 0.000000e+00 1.000000e+00 1.000000e-01
3.100310e+03 0.000000e+00 1.000000e+00 1.000000e-01
3.100320e+03 0.000000e+00 1.000000e+00 1.000000e-01
3.100330e+03 0.000000e+00 1.000000e+00 1.000000e-01
3.100340e+03 0.000000e+00 1.000000e+00 1.000000e-01
3.100350e+03 0.000000e+00 1.000000e+00 1.000000e-01
3.100360e+03 0.000000e+00 1.000000e+00 1.000000e-01
3.100370e+03 0.000000e+00 1.000000e+00 1.000000e-01
3.100380e+03 0.000000e+00 1.000000e+00 1.000000e-01
3.100390e+03 0.000000e+00 1.000000e+00 1.000000e-01
3.100400e+03 0.000000e+00 1.000000e+00 1.000000e-01
3.100410e+03 0.000000e+00 1.000000e+00 1.000000e-01
3.100420e+03 0.000000e+00 1.000000e+00 1.000000e-01
3.100430e+03 0.000000e+00 1.000000e+00 1.000000e-01
3.100440e+03 0.000000e+00 1.000000e+00 1.000000e-01
3.100450e+03 0.000000e+00 1.000000e+00 1.000000e-01
3.100460e+03 0.000000e+00 1.000000e+00 1.000000e-01
3.100470e+03 0.000000e+00 1.000000e+00 1.000000e-01
3.100480e+03 0.000000e+00 1.000000e+00 1.000000e-01
3.100490e+03 0.000000e+00 1.000000e+00 1.000000e-01
3.100500e+03 0.000000e+00 1.000000e+00 1.000000e-01
3.100510e+03 0.000000e+00 1.000000e+00 1.000000e-01
3.100520e+03 0.000000e+00 1.000000e+00 1.000000e-01
3.100530e+03 0.000000e+00 1.000000e+00 1.000000e-01
3.100540e+03 0.000000e+00 1.000000e+00 1.000000e-01
3.100550e+03 0.000000e+00 1.000000e+00 1.000000e-01
3.100560e+03 0.000000e+00 1.000000e+00 1.000000e-01
3.100570e+03 0.000000e+00 1.000000e+00 1.000000e-01
3.100580e+03 0.000000e+00 1.000000e+00 1.000000e-01
3.100590e+03 0.000000e+00 1.000000e+00 1.000000e-01
3.100600e+03 0.000000e+00 1.000000e+00 1.000000e-01
3.100610e+03 0.000000e+00 1.000000e+00 1.000000e-01
3.100620e+03 0.000000e+00 1.000000e+00 1.000000e-01
3.100630e+03 0.000000e+00 1.000000e+00 1.000000e-01
3.100640e+03 0.000000e+00 1.000000e+00 1.000000e-01
3.100650e+03 0.000000e+00 1.000000e+00 1.000000e-01
3.100660e+03 0.000000e+00 1.000000e+00 1.000000e-01
3.100670e+03 0.000000e+00 1.000000e+00 1.000000e-01
3.100680e+03 0.000000e+00 1.000000e+00 1.000000e-01
3.100690e+03 0.000000e+00 1.000000e+00 1.000000e-01
3.100700e+03 0.000000e+00 1.000000e+00 1.000000e-01
3.100710e+03 0.000000e+00 1.000000e+00 1.000000e-01
3.100720e+03 0.000000e+00 1.000000e+00 1.000000e-01
3.100730e+03 0.000000e+00 1.000000e+00 1.000000e-01
3.100740e+03 0.000000e+00 1.000000e+00 1.000000e-01
3.100750e+03 0.000000e+00 1.000000e+00 1.000000e-01
3.100760e+03 0.000000e+00 1.000000e+00 1.000000e-01
3.100770e+03 0.000000e+00 1.000000e+00 1.000000e-01
3.100780e+03 0.000000e+00 1.000000e+00 1.000000e-01
3.100790e+03 0.000000e+00 1.000000e+00 1.000000e-01
3.100800e+03 0.000000e+00 1.000000e+00 1.000000e-01
3.100810e+03 0.000000e+00 1.000000e+00 1.000000e-01
3.100820e+03 0.000000e+00 1.000000e+00 1.000000e-01
3.100830e+03 0.000000e+00 1.000000e+00 1.000000e-01
3.100840e+03 0.000000e+00 1.000000e+00 1.000000e-01
3.100850e+03 0.000000e+00 1.000000e+00 1.000000e-01
3.100860e+03 0.000000e+00 1.000000e+00 1.000000e-01
3.100870e+03 0.000000e+00 1.000000e+00 1.000000e-01
3.100880e+03 0.000000e+00 1.000000e+00 1.000000e-01
3.100890e+03 0.000000e+00 1.000000e+00 1.000000e-01
3.100900e+03 0.000000e+00 1.000000e+00 1.000000e-01
3.100910e+03 0.000000e+00 1.000000e+00 1.000000e-01
3.100920e+03 0.000000e+00 1.000000e+00 1.000000e-01
3.100930e+03 0.000000e+00 1.000000e+00 1.000000e-01
3.100940e+03 0.000000e+00 1.000000e+00 1.000000e-01
3.100950e+03 0.000000e+00 1.000000e+00 1.000000e-01
3.100960e+03 0.000000e+00 1.000000e+00 1.000000e-01
3.100970e+03 0.000000e+00 1.000000e+00 1.000000e-01
3.100980e+03 0.000000e+00 1.000000e+00 1.000000e-01
3.100990e+03 0.000000e+00 1.000000e+00 1.000000e-01
3.101000e+03 0.000000e+00 1.000000e+00 1.000000e-01
3.101010e+03 0.000000e+00 1.000000e+00 1.000000e-01
3.101020e+03 0.000000e+00 1.000000e+00 1.000000e-01
3.101030e+03 0.000000e+00 1.000000e+00 1.000000e-01
3.101040e+03 0.000000e+00 1.000000e+00 1.000000e-01
3.101050e+03 0.000000e+00 1.000000e+00 1.000000e-01
3.101060e+03 0.000000e+00 1.000000e+00 1.000000e-01
3.101070e+03 0.000000e+00 1.000000e+00 1.000000e-01
3.101080e+03 0.000000e+00 1.000000e+00 1.000000e-01
3.101090e+03 0.000000e+00 1.000000e+00 1.000000e-01
3.101100e+03 0.000000e+00 1.000000e+00 1.000000e-01
3.101110e+03 0.000000e+00 1.000000e+00 1.000000e-01
3.101120e+03 0.000000e+00 1.000000e+00 1.000000e-01
3.101130e+03 0.000000e+00 1.000000e+00 1.000000e-01
3.101140e+03 0.000000e+00 1.000000e+00 1.000000e-01
3.101150e+03 0.000000e+00 1.000000e+00 1.000000e-01
3.101160e+03 0.000000e+00 1.000000e+00 1.000000e-01
3.101170e+03 0.000000e+00 1.000000e+00 1.000000e-01
3.101180e+03 0.000000e+00 1.000000e+00 1.000000e-01
3.101190e+03 0.000000e+00 1.000000e+00 1.000000e-01
3.101200e+03 0.000000e+00 1.000000e+00 1.000000e-01
3.101210e+03 0.000000e+00 1.000000e+00 1.000000e-01
3.101220e+03 0.000000e+00 1.000000e+00 1.000000e-01
3.101230e+03 0.000000e+00 1.000000e+00 1.000000e-01
3.101240e+03 0.000000e+00 1.000000e+00 1.000000e-01
3.101250e+03 0.000000e+00 1.000000e+00 1.000000e-01
3.101260e+03 0.000000e+00 1.000000e+00 1.000000e-01
3.101270e+03 0.000000e+00 1.000000e+00 1.000000e-01
3.101280e+03 0.000000e+00 1.000000e+00 1.000000e-01
3.101290e+03 0.000000e+00 1.000000e+00 1.000000e-01
3.101300e+03 0.000000e+00 1.000000e+00 1.000000e-01
3.101310e+03 0.000000e+00 1.000000e+00 1.000000e-01
3.101320e+03 0.000000e+00 1.000000e+00 1.000000e-01
3.101330e+03 0.000000e+00 1.000000e+00 1.000000e-01
3.101340e+03 0.000000e+00 1.000000e+00 1.000000e-01
3.101350e+03 0.000000e+00 1.000000e+00 1.000000e-01
3.101360e+03 0.000000e+00 1.000000e+00 1.000000e-01
3.101370e+03 0.000000e+00 1.000000e+00 1.000000e-01
3.101380e+03 0.000000e+00 1.000000e+00 1.000000e-01
3.101390e+03 0.000000e+00 1.000000e+00 1.000000e-01
3.101400e+03 0.000000e+00 1.000000e+00 1.000000e-01
3.101410e+03 0.000000e+00 1.000000e+00 1.000000e-01
3.101420e+03 0.000000e+00 1.000000e+00 1.000000e-01
3.101430e+03 0.000000e+00 1.000000e+00 1.000000e-01
3.101440e+03 0.000000e+00 1.000000e+00 1.000000e-01
3.101450e+03 0.000000e+00 1.000000e+00 1.000000e-01
3.101460e+03 0.000000e+00 1.000000e+00 1.000000e-01
3.101470e+03 0.000000e+00 1.000000e+00 1.000000e-01
3.101480e+03 0.000000e+00 1.000000e+00 1.000000e-01
3.101490e+03 0.000000e+00 1.000000e+00 1.000000e-01
3.101500e+03 0.000000e+00 1.000000e+00 1.000000e-01
3.101510e+03 0.000000e+00 1.000000e+00 1.000000e-01
3.101520e+03 0.000000e+00 1.000000e+00 1.000000e-01
3.101530e+03 0.000000e+00 1.000000e+00 1.000000e-01
3.101540e+03 0.000000e+00 1.000000e+00 1.000000e-01
3.101550e+03 0.000000e+00 1.000000e+00 1.000000e-01
3.101560e+03 0.000000e+00 1.000000e+00 1.000000e-01
3.101570e+03 0.000000e+00 1.000000e+00 1.000000e-01
3.101580e+03 0.000000e+00 1.000000e+00 1.000000e-01
3.101590e+03 0.000000e+00 1.000000e+00 1.000000e-01
3.101600e+03 0.000000e+00 1.000000e+00 1.000000e-01
3.101610e+03 0.000000e+00 1.000000e+00 1.000000e-01
3.101620e+03 0.000000e+00 1.000000e+00 1.000000e-01
3.101630e+03 0.000000e+00 1.000000e+00 1.000000e-01
3.101640e+03 0.000000e+00 1.000000e+00 1.000000e-01
3.101650e+03 0.000000e+00 1.000000e+00 1.000000e-01
3.101660e+03 0.000000e+00 1.000000e+00 1.000000e-01
3.101670e+03 0.000000e+00 1.000000e+00 1.000000e-01
3.101680e+03 0.000000e+00 1.000000e+00 1.000000e-01
3.101690e+03 0.000000e+00 1.000000e+00 1.000000e-01
3.101700e+03 0.000000e+00 1.000000e+00 1.000000e-01
3.101710e+03 0.000000e+00 1.000000e+00 1.000000e-01
3.101720e+03 0.000000e+00 1.000000e+00 1.000000e-01
3.101730e+03 0.000000e+00 1.000000e+00 1.000000e-01
3.101740e+03 0.000000e+00 1.000000e+00 1.000000e-01
3.101750e+03 0.000000e+00 1.000000e+00 1.000000e-01
3.101760e+03 0.000000e+00 1.000000e+00 1.000000e-01
3.101770e+03 0.000000e+00 1.000000e+00 1.000000e-01
3.101780e+03 0.000000e+00 1.000000e+00 1.000000e-01
3.101790e+03 0.000000e+00 1.000000e+00 1.000000e-01
3.101800e+03 0.000000e+00 1.000000e+00 1.000000e-01
3.101810e+03 0.000000e+00 1.000000e+00 1.000000e-01
3.101820e+03 0.000000e+00 1.000000e+00 1.000000e-01
3.101830e+03 0.000000e+00 1.000000e+00 1.000000e-01
3.101840e+03 0.000000e+00 1.000000e+00 1.000000e-01
3.101850e+03 0.000000e+00 1.000000e+00 1.000000e-01
3.101860e+03 0.000000e+00 1.000000e+00 1.000000e-01
3.101870e+03 0.000000e+00 1.000000e+00 1.000000e-01
3.101880e+03 0.000000e+00 1.000000e+00 1.000000e-01
3.101890e+03 0.000000e+00 1.000000e+00 1.000000e-01
3.101900e+03 0.000000e+00 1.000000e+00 1.000000e-01
3.101910e+03 0.000000e+00 1.000000e+00 1.000000e-01
3.101920e+03 0.000000e+00 1.000000e+00 1.000000e-01
3.101930e+03 0.000000e+00 1.000000e+00 1.000000e-01
3.101940e+03 0.000000e+00 1.000000e+00 1.000000e-01
3.101950e+03 0.000000e+00 1.000000e+00 1.000000e-01
3.101960e+03 0.000000e+00 1.000000e+00 1.000000e-01
3.101970e+03 0.000000e+00 1.000000e+00 1.000000e-01
3.101980e+03 0.000000e+00 1.000000e+00 1.000000e-01
3.101990e+03 0.000000e+00 1.000000e+00 1.000000e-01
3.102000e+03 0.000000e+00 1.000000e+00 1.000000e-01
3.102010e+03 0.000000e+00 1.000000e+00 1.000000e-01
3.102020e+03 0.000000e+00 1.000000e+00 1.000000e-01
3.102030e+03 0.000000e+00 1.000000e+00 1.000000e-01
3.102040e+03 0.000000e+00 1.000000e+00 1.000000e-01
3.102050e+03 0.000000e+00 1.000000e+00 1.000000e-01
3.102060e+03 0.000000e+00 1.000000e+00 1.000000e-01
3.102070e+03 0.000000e+00 1.000000e+00 1.000000e-01
3.102080e+03 0.000000e+00 1.000000e+00 1.000000e-01
3.102090e+03 0.000000e+00 1.000000e+00 1.000000e-01
3.102100e+03 0.000000e+00 1.000000e+00 1.000000e-01
3.102110e+03 0.000000e+00 1.000000e+00 1.000000e-01
3.102120e+03 0.000000e+00 1.000000e+00 1.000000e-01
3.102130e+03 0.000000e+00 1.000000e+00 1.000000e-01
3.102140e+03 0.000000e+00 1.000000e+00 1.000000e-01
3.102150e+03 0.000000e+00 1.000000e+00 1.000000e-01
3.102160e+03 0.000000e+00 1.000000e+00 1.000000e-01
3.102170e+03 0.000000e+00 1.000000e+00 1.000000e-01
3.102180e+03 0.000000e+00 1.000000e+00 1.000000e-01
3.102190e+03 0.000000e+00 1.000000e+00 1.000000e-01
3.102200e+03 0.000000e+00 1.000000e+00 1.000000e-01
3.102210e+03 0.000000e+00 1.000000e+00 1.000000e-01
3.102220e+03 0.000000e+00 1.000000e+00 1.000000e-01
3.102230e+03 0.000000e+00 1.000000e+00 1.000000e-01
3.102240e+03 0.000000e+00 1.000000e+00 1.000000e-01
3.102250e+03 0.000000e+00 1.000000e+00 1.000000e-01
3.102260e+03 0.000000e+00 1.000000e+00 1.000000e-01
3.102270e+03 0.000000e+00 1.000000e+00 1.000000e-01
3.102280e+03 0.000000e+00 1.000000e+00 1.000000e-01
3.102290e+03 0.000000e+00 1.000000e+00 1.000000e-01
3.102300e+03 0.000000e+00 1.000000e+00 1.000000e-01
3.102310e+03 0.000000e+00 1.000000e+00 1.000000e-01
3.102320e+03 0.000000e+00 1.000000e+00 1.000000e-01
3.102330e+03 0.000000e+00 1.000000e+00 1.000000e-01
3.102340e+03 0.000000e+00 1.000000e+00 1.000000e-01
3.102350e+03 0.000000e+00 1.000000e+00 1.000000e-01
3.102360e+03 0.000000e+00 1.000000e+00 1.000000e-01
3.102370e+03 0.000000e+00 1.000000e+00 1.000000e-01
3.102380e+03 0.000000e+00 1.000000e+00 1.000000e-01
3.102390e+03 0.000000e+00 1.000000e+00 1.000000e-01
3.102400e+03 0.000000e+00 1.000000e+00 1.000000e-01
3.102410e+03 0.000000e+00 1.000000e+00 1.000000e-01
3.102420e+03 0.000000e+00 1.000000e+00 1.000000e-01
3.102430e+03 0.000000e+00 1.000000e+00 1.000000e-01
3.102440e+03 0.000000e+00 1.000000e+00 1.000000e-01
3.102450e+03 0.000000e+00 1.000000e+00 1.000000e-01
3.102460e+03 0.000000e+00 1.000000e+00 1.000000e-01
3.102470e+03 0.000000e+00 1.000000e+00 1.000000e-01
3.102480e+03 0.000000e+00 1.000000e+00 1.000000e-01
3.102490e+03 0.000000e+00 1.000000e+00 1.000000e-01
3.102500e+03 0.000000e+00 1.000000e+00 1.000000e-01
3.102510e+03 0.000000e+00 1.000000e+00 1.000000e-01
3.102520e+03 0.000000e+00 1.000000e+00 1.000000e-01
3.102530e+03 0.000000e+00 1.000000e+00 1.000000e-01
3.102540e+03 0.000000e+00 1.000000e+00 1.000000e-01
3.102550e+03 0.000000e+00 1.000000e+00 1.000000e-01
3.102560e+03 0.000000e+00 1.000000e+00 1.000000e-01
3.102570e+03 0.000000e+00 1.000000e+00 1.000000e-01
3.102580e+03 0.000000e+00 1.000000e+00 1.000000e-01
3.102590e+03 0.000000e+00 1.000000e+00 1.000000e-01
3.102600e+03 0.000000e+00 1.000000e+00 1.000000e-01
3.102610e+03 0.000000e+00 1.000000e+00 1.000000e-01
3.102620e+03 0.000000e+00 1.000000e+00 1.000000e-01
3.102630e+03 0.000000e+00 1.000000e+00 1.000000e-01
3.102640e+03 0.000000e+00 1.000000e+00 1.000000e-01
3.102650e+03 0.000000e+00 1.000000e+00 1.000000e-01
3.102660e+03 0.000000e+00 1.000000e+00 1.000000e-01
3.102670e+03 0.000000e+00 1.000000e+00 1.000000e-01
3.102680e+03 0.000000e+00 1.000000e+00 1.000000e-01
3.102690e+03 0.000000e+00 1.000000e+00 1.000000e-01
3.102700e+03 0.000000e+00 1.000000e+00 1.000000e-01
3.102710e+03 0.000000e+00 1.000000e+00 1.000000e-01
3.102720e+03 0.000000e+00 1.000000e+00 1.000000e-01
3.102730e+03 0.000000e+00 1.000000e+00 1.000000e-01
3.102740e+03 0.000000e+00 1.000000e+00 1.000000e-01
3.102750e+03 0.000000e+00 1.000000e+00 1.000000e-01
3.102760e+03 0.000000e+00 1.000000e+00 1.000000e-01
3.102770e+03 0.000000e+00 1.000000e+00 1.000000e-01
3.102780e+03 0.000000e+00 1.000000e+00 1.000000e-01
3.102790e+03 0.000000e+00 1.000000e+00 1.000000e-01
3.102800e+03 0.000000e+00 1.000000e+00 1.000000e-01
3.102810e+03 0.000000e+00 1.000000e+00 1.000000e-01
3.102820e+03 0.000000e+00 1.000000e+00 1.000000e-01
3.102830e+03 0.000000e+00 1.000000e+00 1.000000e-01
3.102840e+03 0.000000e+00 1.000000e+00 1.000000e-01
3.102850e+03 0.000000e+00 1.000000e+00 1.000000e-01
3.102860e+03 0.000000e+00 1.000000e+00 1.000000e-01
3.102870e+03 0.000000e+00 1.000000e+00 1.000000e-01
3.102880e+03 0.000000e+00 1.000000e+00 1.000000e-01
3.102890e+03 0.000000e+00 1.000000e+00 1.000000e-01
3.102900e+03 0.000000e+00 1.000000e+00 1.000000e-01
3.102910e+03 0.000000e+00 1.000000e+00 1.000000e-01
3.102920e+03 0.000000e+00 1.000000e+00 1.000000e-01
3.102930e+03 0.000000e+00 1.000000e+00 1.000000e-01
3.102940e+03 0.000000e+00 1.000000e+00 1.000000e-01
3.102950e+03 0.000000e+00 1.000000e+00 1.000000e-01
3.102960e+03 0.000000e+00 1.000000e+00 1.000000e-01
3.102970e+03 0.000000e+00 1.000000e+00 1.000000e-01
3.102980e+03 0.000000e+00 1.000000e+00 1.000000e-01
3.102990e+03 0.000000e+00 1.000000e+00 1.000000e-01
3.103000e+03 0.000000e+00 1.000000e+00 1.000000e-01
3.103010e+03 0.000000e+00 1.000000e+00 1.000000e-01
3.103020e+03 0.000000e+00 1.000000e+00 1.000000e-01
3.103030e+03 0.000000e+00 1.000000e+00 1.000000e-01
3.103040e+03 0.000000e+00 1.000000e+00 1.000000e-01
3.103050e+03 0.000000e+00 1.000000e+00 1.000000e-01
3.103060e+03 0.000000e+00 1.000000e+00 1.000000e-01
3.103070e+03 0.000000e+00 1.000000e+00 1.000000e-01
3.103080e+03 0.000000e+00 1.000000e+00 1.000000e-01
3.103090e+03 0.000000e+00 1.000000e+00 1.000000e-01
3.103100e+03 0.000000e+00 1.000000e+00 1.000000e-01
3.103110e+03 0.000000e+00 1.000000e+00 1.000000e-01
3.103120e+03 0.000000e+00 1.000000e+00 1.000000e-01
3.103130e+03 0.000000e+00 1.000000e+00 1.000000e-01
3.103140e+03 0.000000e+00 1.000000e+00 1.000000e-01
3.103150e+03 0.000000e+00 1.000000e+00 1.000000e-01
3.103160e+03 0.000000e+00 1.000000e+00 1.000000e-01
3.103170e+03 0.000000e+00 1.000000e+00 1.000000e-01
3.103180e+03 0.000000e+00 1.000000e+00 1.000000e-01
3.103190e+03 0.000000e+00 1.000000e+00 1.000000e-01
3.103200e+03 0.000000e+00 1.000000e+00 1.000000e-01
3.103210e+03 0.000000e+00 1.000000e+00 1.000000e-01
3.103220e+03 0.000000e+00 1.000000e+00 1.000000e-01
3.103230e+03 0.000000e+00 1.000000e+00 1.000000e-01
3.103240e+03 0.000000e+00 1.000000e+00 1.000000e-01
3.103250e+03 0.000000e+00 1.000000e+00 1.000000e-01
3.103260e+03 0.000000e+00 1.000000e+00 1.000000e-01
3.103270e+03 0.000000e+00 1.000000e+00 1.000000e-01
3.103280e+03 0.000000e+00 1.000000e+00 1.000000e-01
3.103290e+03 0.000000e+00 1.000000e+00 1.000000e-01
3.103300e+03 0.000000e+00 1.000000e+00 1.000000e-01
3.103310e+03 0.000000e+00 1.000000e+00 1.000000e-01
3.103320e+03 0.000000e+00 1.000000e+00 1.000000e-01
3.103330e+03 0.000000e+00 1.000000e+00 1.000000e-01
3.103340e+03 0.000000e+00 1.000000e+00 1.000000e-01
3.103350e+03 0.000000e+00 1.000000e+00 1.000000e-01
3.103360e+03 0.000000e+00 1.000000e+00 1.000000e-01
3.103370e+03 0.000000e+00 1.000000e+00 1.000000e-01
3.103380e+03 0.000000e+00 1.000000e+00 1.000000e-01
3.103390e+03 0.000000e+00 1.000000e+00 1.000000e-01
3.103400e+03 0.000000e+00 1.000000e+00 1.000000e-01
3.103410e+03 0.000000e+00 1.000000e+00 1.000000e-01
3.103420e+03 0.000000e+00 1.000000e+00 1.000000e-01
3.103430e+03 0.000000e+00 1.000000e+00 1.000000e-01
3.103440e+03 0.000000e+00 1.000000e+00 1.000000e-01
3.103450e+03 0.000000e+00 1.000000e+00 1.000000e-01
3.103460e+03 0.000000e+00 1.000000e+00 1.000000e-01
3.103470e+03 0.000000e+00 1.000000e+00 1.000000e-01
3.103480e+03 0.000000e+00 1.000000e+00 1.000000e-01
3.103490e+03 0.000000e+00 1.000000e+00 1.000000e-01
3.103500e+03 0.000000e+00 1.000000e+00 1.000000e-01
3.103510e+03 0.000000e+00 1.000000e+00 1.000000e-01
3.103520e+03 0.000000e+00 1.000000e+00 1.000000e-01
3.103530e+03 0.000000e+00 1.000000e+00 1.000000e-01
3.103540e+03 0.000000e+00 1.000000e+00 1.000000e-01
3.103550e+03 0.000000e+00 1.000000e+00 1.000000e-01
3.103560e+03 0.000000e+00 1.000000e+00 1.000000e-01
3.103570e+03 0.000000e+00 1.000000e+00 1.000000e-01
3.103580e+03 0.000000e+00 1.000000e+00 1.000000e-01
3.103590e+03 0.000000e+00 1.000000e+00 1.000000e-01
3.103600e+03 0.000000e+00 1.000000e+00 1.000000e-01
3.103610e+03 0.000000e+00 1.000000e+00 1.000000e-01
3.103620e+03 0.000000e+00 1.000000e+00 1.000000e-01
3.103630e+03 0.000000e+00 1.000000e+00 1.000000e-01
3.103640e+03 0.000000e+00 1.000000e+00 1.000000e-01
3.103650e+03 0.000000e+00 1.000000e+00 1.000000e-01
3.103660e+03 0.000000e+00 1.000000e+00 1.000000e-01
3.103670e+03 0.000000e+00 1.000000e+00 1.000000e-01
3.103680e+03 0.000000e+00 1.000000e+00 1.000000e-01
3.103690e+03 0.000000e+00 1.000000e+00 1.000000e-01
3.103700e+03 0.000000e+00 1.000000e+00 1.000000e-01
3.103710e+03 0.000000e+00 1.000000e+00 1.000000e-01
3.103720e+03 0.000000e+00 1.000000e+00 1.000000e-01
3.103730e+03 0.000000e+00 1.000000e+00 1.000000e-01
3.103740e+03 0.000000e+00 1.000000e+00 1.000000e-01
3.103750e+03 0.000000e+00 1.000000e+00 1.000000e-01
3.103760e+03 0.000000e+00 1.000000e+00 1.000000e-01
3.103770e+03 0.000000e+00 1.000000e+00 1.000000e-01
3.103780e+03 0.000000e+00 1.000000e+00 1.000000e-01
3.103790e+03 0.000000e+00 1.000000e+00 1.000000e-01
3.103800e+03 0.000000e+00 1.000000e+00 1.000000e-01
3.103810e+03 0.000000e+00 1.000000e+00 1.000000e-01
3.103820e+03 0.000000e+00 1.000000e+00 1.000000e-01
3.103830e+03 0.000000e+00 1.000000e+00 1.000000e-01
3.103840e+03 0.000000e+00 1.000000e+00 1.000000e-01
3.103850e+03 0.000000e+00 1.000000e+00 1.000000e-01
3.103860e+03 0.000000e+00 1.000000e+00 1.000000e-01
3.103870e+03 0.000000e+00 1.000000e+00 1.000000e-01
3.103880e+03 0.000000e+00 1.000000e+00 1.000000e-01
3.103890e+03 0.000000e+00 1.000000e+00 1.000000e-01
3.103900e+03 0.000000e+00 1.000000e+00 1.000000e-01
3.103910e+03 0.000000e+00 1.000000e+00 1.000000e-01
3.103920e+03 0.000000e+00 1.000000e+00 1.000000e-01
3.103930e+03 0.000000e+00 1.000000e+00 1.000000e-01
3.103940e+03 0.000000e+00 1.000000e+00 1.000000e-01
3.103950e+03 0.000000e+00 1.000000e+00 1.000000e-01
3.103960e+03 0.000000e+00 1.000000e+00 1.000000e-01
3.103970e+03 0.000000e+00 1.000000e+00 1.000000e-01
3.103980e+03 0.000000e+00 1.000000e+00 1.000000e-01
3.103990e+03 0.000000e+00 1.000000e+00 1.000000e-01
3.104000e+03 0.000000e+00 1.000000e+00 1.000000e-01
3.104010e+03 0.000000e+00 1.000000e+00 1.000000e-01
3.104020e+03 0.000000e+00 1.000000e+00 1.000000e-01
3.104030e+03 0.000000e+00 1.000000e+00 1.000000e-01
3.104040e+03 0.000000e+00 1.000000e+00 1.000000e-01
3.104050e+03 0.000000e+00 1.000000e+00 1.000000e-01
3.104060e+03 0.000000e+00 1.000000e+00 1.000000e-01
3.104070e+03 0.000000e+00 1.000000e+00 1.000000e-01
3.104080e+03 0.000000e+00 1.000000e+00 1.000000e-01
3.104090e+03 0.000000e+00 1.000000e+00 1.000000e-01
3.104100e+03 0.000000e+00 1.000000e+00 1.000000e-01
3.104110e+03 0.000000e+00 1.000000e+00 1.000000e-01
3.104120e+03 0.000000e+00 1.000000e+00 1.000000e-01
3.104130e+03 0.000000e+00 1.000000e+00 1.000000e-01
3.104140e+03 0.000000e+00 1.000000e+00 1.000000e-01
3.104150e+03 0.000000e+00 1.000000e+00 1.000000e-01
3.104160e+03 0.000000e+00 1.000000e+00 1.000000e-01
3.104170e+03 0.000000e+00 1.000000e+00 1.000000e-01
3.104180e+03 0.000000e+00 1.000000e+00 1.000000e-01
3.104190e+03 0.000000e+00 1.000000e+00 1.000000e-01
3.104200e+03 0.000000e+00 1.000000e+00 1.000000e-01
3.104210e+03 0.000000e+00 1.000000e+00 1.000000e-01
3.104220e+03 0.000000e+00 1.000000e+00 1.000000e-01
3.104230e+03 0.000000e+00 1.000000e+00 1.000000e-01
3.104240e+03 0.000000e+00 1.000000e+00 1.000000e-01
3.104250e+03 0.000000e+00 1.000000e+00 1.000000e-01
3.104260e+03 0.000000e+00 1.000000e+00 1.000000e-01
3.104270e+03 0.000000e+00 1.000000e+00 1.000000e-01
3.104280e+03 0.000000e+00 1.000000e+00 1.000000e-01
3.104290e+03 0.000000e+00 1.000000e+00 1.000000e-01
3.104300e+03 0.000000e+00 1.000000e+00 1.000000e-01
3.104310e+03 0.000000e+00 1.000000e+00 1.000000e-01
3.104320e+03 0.000000e+00 1.000000e+00 1.000000e-01
3.104330e+03 0.000000e+00 1.000000e+00 1.000000e-01
3.104340e+03 0.000000e+00 1.000000e+00 1.000000e-01
3.104350e+03 0.000000e+00 1.000000e+00 1.000000e-01
3.104360e+03 0.000000e+00 1.000000e+00 1.000000e-01
3.104370e+03 0.000000e+00 1.000000e+00 1.000000e-01
3.104380e+03 0.000000e+00 1.000000e+00 1.000000e-01
3.104390e+03 0.000000e+00 1.000000e+00 1.000000e-01
3.104400e+03 0.000000e+00 1.000000e+00 1.000000e-01
3.104410e+03 0.000000e+00 1.000000e+00 1.000000e-01
3.104420e+03 0.000000e+00 1.000000e+00 1.000000e-01
3.104430e+03 0.000000e+00 1.000000e+00 1.000000e-01
3.104440e+03 0.000000e+00 1.000000e+00 1.000000e-01
3.104450e+03 0.000000e+00 1.000000e+00 1.000000e-01
3.104460e+03 0.000000e+00 1.000000e+00 1.000000e-01
3.104470e+03 0.000000e+00 1.000000e+00 1.000000e-01
3.104480e+03 0.000000e+00 1.000000e+00 1.000000e-01
3.104490e+03 0.000000e+00 1.000000e+00 1.000000e-01
3.104500e+03 0.000000e+00 1.000000e+00 1.000000e-01
3.104510e+03 0.000000e+00 1.000000e+00 1.000000e-01
3.104520e+03 0.000000e+00 1.000000e+00 1.000000e-01
3.104530e+03 0.000000e+00 1.000000e+00 1.000000e-01
3.104540e+03 0.000000e+00 1.000000e+00 1.000000e-01
3.104550e+03 0.000000e+00 1.000000e+00 1.000000e-01
3.104560e+03 0.000000e+00 1.000000e+00 1.000000e-01
3.104570e+03 0.000000e+00 1.000000e+00 1.000000e-01
3.104580e+03 0.000000e+00 1.000000e+00 1.000000e-01
3.104590e+03 0.000000e+00 1.000000e+00 1.000000e-01
3.104600e+03 0.000000e+00 1.000000e+00 1.000000e-01
3.104610e+03 0.000000e+00 1.000000e+00 1.000000e-01
3.104620e+03 0.000000e+00 1.000000e+00 1.000000e-01
3.104630e+03 0.000000e+00 1.000000e+00 1.000000e-01
3.104640e+03 0.000000e+00 1.000000e+00 1.000000e-01
3.104650e+03 0.000000e+00 1.000000e+00 1.000000e-01
3.104660e+03 0.000000e+00 1.000000e+00 1.000000e-01
3.104670e+03 0.000000e+00 1.000000e+00 1.000000e-01
3.104680e+03 0.000000e+00 1.000000e+00 1.000000e-01
3.104690e+03 0.000000e+00 1.000000e+00 1.000000e-01
3.104700e+03 0.000000e+00 1.000000e+00 1.000000e-01
3.104710e+03 0.000000e+00 1.000000e+00 1.000000e-01
3.104720e+03 0.000000e+00 1.000000e+00 1.000000e-01
3.104730e+03 0.000000e+00 1.000000e+00 1.000000e-01
3.104740e+03 0.000000e+00 1.000000e+00 1.000000e-01
3.104750e+03 0.000000e+00 1.000000e+00 1.000000e-01
3.104760e+03 0.000000e+00 1.000000e+00 1.000000e-01
3.104770e+03 0.000000e+00 1.000000e+00 1.000000e-01
3.104780e+03 0.000000e+00 1.000000e+00 1.000000e-01
3.104790e+03 0.000000e+00 1.000000e+00 1.000000e-01
3.104800e+03 0.000000e+00 1.000000e+00 1.000000e-01
3.104810e+03 0.000000e+00 1.000000e+00 1.000000e-01
3.104820e+03 0.000000e+00 1.000000e+00 1.000000e-01
3.104830e+03 0.000000e+00 1.000000e+00 1.000000e-01
3.104840e+03 0.000000e+00 1.000000e+00 1.000000e-01
3.104850e+03 0.000000e+00 1.000000e+00 1.000000e-01
3.104860e+03 0.000000e+00 1.000000e+00 1.000000e-01
3.104870e+03 0.000000e+00 1.000000e+00 1.000000e-01
3.104880e+03 0.000000e+00 1.000000e+00 1.000000e-01
3.104890e+03 0.000000e+00 1.000000e+00 1.000000e-01
3.104900e+03 0.000000e+00 1.000000e+00 1.000000e-01
3.104910e+03 0.000000e+00 1.000000e+00 1.000000e-01
3.104920e+03 0.000000e+00 1.000000e+00 1.000000e-01
3.104930e+03 0.000000e+00 1.000000e+00 1.000000e-01
3.104940e+03 0.000000e+00 1.000000e+00 1.000000e-01
3.104950e+03 0.000000e+00 1.000000e+00 1.000000e-01
3.104960e+03 0.000000e+00 1.000000e+00 1.000000e-01
3.104970e+03 0.000000e+00 1.000000e+00 1.000000e-01
3.104980e+03 0.000000e+00 1.000000e+00 1.000000e-01
3.104990e+03 0.000000e+00 1.000000e+00 1.000000e-01
3.105000e+03 0.000000e+00 1.000000e+00 1.000000e-01
3.105010e+03 0.000000e+00 1.000000e+00 1.000000e-01
3.105020e+03 0.000000e+00 1.000000e+00 1.000000e-01
3.105030e+03 0.000000e+00 1.000000e+00 1.000000e-01
3.105040e+03 0.000000e+00 1.000000e+00 1.000000e-01
3.105050e+03 0.000000e+00 1.000000e+00 1.000000e-01
3.105060e+03 0.000000e+00 1.000000e+00 1.000000e-01
3.105070e+03 0.000000e+00 1.000000e+00 1.000000e-01
3.105080e+03 0.000000e+00 1.000000e+00 1.000000e-01
3.105090e+03 0.000000e+00 1.000000e+00 1.000000e-01
3.105100e+03 0.000000e+00 1.000000e+00 1.000000e-01
3.105110e+03 0.000000e+00 1.000000e+00 1.000000e-01
3.105120e+03 0.000000e+00 1.000000e+00 1.000000e-01
3.105130e+03 0.000000e+00 1.000000e+00 1.000000e-01
3.105140e+03 0.000000e+00 1.000000e+00 1.000000e-01
3.105150e+03 0.000000e+00 1.000000e+00 1.000000e-01
3.105160e+03 0.000000e+00 1.000000e+00 1.000000e-01
3.105170e+03 0.000000e+00 1.000000e+00 1.000000e-01
3.105180e+03 0.000000e+00 1.000000e+00 1.000000e-01
3.105190e+03 0.000000e+00 1.000000e+00 1.000000e-01
3.105200e+03 0.000000e+00 1.000000e+00 1.000000e-01
3.105210e+03 0.000000e+00 1.000000e+00 1.000000e-01
3.105220e+03 0.000000e+00 1.000000e+00 1.000000e-01
3.105230e+03 0.000000e+00 1.000000e+00 1.000000e-01
3.105240e+03 0.000000e+00 1.000000e+00 1.000000e-01
3.105250e+03 0.000000e+00 1.000000e+00 1.000000e-01
3.105260e+03 0.000000e+00 1.000000e+00 1.000000e-01
3.105270e+03 0.000000e+00 1.000000e+00 1.000000e-01
3.105280e+03 0.000000e+00 1.000000e+00 1.000000e-01
3.105290e+03 0.000000e+00 1.000000e+00 1.000000e-01
3.105300e+03 0.000000e+00 1.000000e+00 1.000000e-01
3.105310e+03 0.000000e+00 1.000000e+00 1.000000e-01
3.105320e+03 0.000000e+00 1.000000e+00 1.000000e-01
3.105330e+03 0.000000e+00 1.000000e+00 1.000000e-01
3.105340e+03 0.000000e+00 1.000000e+00 1.000000e-01
3.105350e+03 0.000000e+00 1.000000e+00 1.000000e-01
3.105360e+03 0.000000e+00 1.000000e+00 1.000000e-01
3.105370e+03 0.000000e+00 1.000000e+00 1.000000e-01
3.105380e+03 0.000000e+00 1.000000e+00 1.000000e-01
3.105390e+03 0.000000e+00 1.000000e+00 1.000000e-01
3.105400e+03 0.000000e+00 1.000000e+00 1.000000e-01
3.105410e+03 0.000000e+00 1.000000e+00 1.000000e-01
3.105420e+03 0.000000e+00 1.000000e+00 1.000000e-01
3.105430e+03 0.000000e+00 1.000000e+00 1.000000e-01
3.105440e+03 0.000000e+00 1.000000e+00 1.000000e-01
3.105450e+03 0.000000e+00 1.000000e+00 1.000000e-01
3.105460e+03 0.000000e+00 1.000000e+00 1.000000e-01
3.105470e+03 0.000000e+00 1.000000e+00 1.000000e-01
3.105480e+03 0.000000e+00 1.000000e+00 1.000000e-01
3.105490e+03 0.000000e+00 1.000000e+00 1.000000e-01
3.105500e+03 0.000000e+00 1.000000e+00 1.000000e-01
3.105510e+03 0.000000e+00 1.000000e+00 1.000000e-01
3.105520e+03 0.000000e+00 1.000000e+00 1.000000e-01
3.105530e+03 0.000000e+00 1.000000e+00 1.000000e-01
3.105540e+03 0.000000e+00 1.000000e+00 1.000000e-01
3.105550e+03 0.000000e+00 1.000000e+00 1.000000e-01
3.105560e+03 0.000000e+00 1.000000e+00 1.000000e-01
3.105570e+03 0.000000e+00 1.000000e+00 1.000000e-01
3.105580e+03 0.000000e+00 1.000000e+00 1.000000e-01
3.105590e+03 0.000000e+00 1.000000e+00 1.000000e-01
3.105600e+03 0.000000e+00 1.000000e+00 1.000000e-01
3.105610e+03 0.000000e+00 1.000000e+00 1.000000e-01
3.105620e+03 0.000000e+00 1.000000e+00 1.000000e-01
3.105630e+03 0.000000e+00 1.000000e+00 1.000000e-01
3.105640e+03 0.000000e+00 1.000000e+00 1.000000e-01
3.105650e+03 0.000000e+00 1.000000e+00 1.000000e-01
3.105660e+03 0.000000e+00 1.000000e+00 1.000000e-01
3.105670e+03 0.000000e+00 1.000000e+00 1.000000e-01
3.105680e+03 0.000000e+00 1.000000e+00 1.000000e-01
3.105690e+03 0.000000e+00 1.000000e+00 1.000000e-01
3.105700e+03 0.000000e+00 1.000000e+00 1.000000e-01
3.105710e+03 0.000000e+00 1.000000e+00 1.000000e-01
3.105720e+03 0.000000e+00 1.000000e+00 1.000000e-01
3.105730e+03 0.000000e+00 1.000000e+00 1.000000e-01
3.105740e+03 0.000000e+00 1.000000e+00 1.000000e-01
3.105750e+03 0.000000e+00 1.000000e+00 1.000000e-01
3.105760e+03 0.000000e+00 1.000000e+00 1.000000e-01
3.105770e+03 0.000000e+00 1.000000e+00 1.000000e-01
3.105780e+03 0.000000e+00 1.000000e+00 1.000000e-01
3.105790e+03 0.000000e+00 1.000000e+00 1.000000e-01
3.105800e+03 0.000000e+00 1.000000e+00 1.000000e-01
3.105810e+03 0.000000e+00 1.000000e+00 1.000000e-01
3.105820e+03 0.000000e+00 1.000000e+00 1.000000e-01
3.105830e+03 0.000000e+00 1.000000e+00 1.000000e-01
3.105840e+03 0.000000e+00 1.000000e+00 1.000000e-01
3.105850e+03 0.000000e+00 1.000000e+00 1.000000e-01
3.105860e+03 0.000000e+00 1.000000e+00 1.000000e-01
3.105870e+03 0.000000e+00 1.000000e+00 1.000000e-01
3.105880e+03 0.000000e+00 1.000000e+00 1.000000e-01
3.105890e+03 0.000000e+00 1.000000e+00 1.000000e-01
3.105900e+03 0.000000e+00 1.000000e+00 1.000000e-01
3.105910e+03 0.000000e+00 1.000000e+00 1.000000e-01
3.105920e+03 0.000000e+00 1.000000e+00 1.000000e-01
3.105930e+03 0.000000e+00 1.000000e+00 1.000000e-01
3.105940e+03 0.000000e+00 1.000000e+00 1.000000e-01
3.105950e+03 0.000000e+00 1.000000e+00 1.000000e-01
3.105960e+03 0.000000e+00 1.000000e+00 1.000000e-01
3.105970e+03 0.000000e+00 1.000000e+00 1.000000e-01
3.105980e+03 0.000000e+00 1.000000e+00 1.000000e-01
3.105990e+03 0.000000e+00 1.000000e+00 1.000000e-01
3.106000e+03 0.000000e+00 1.000000e+00 1.000000e-01
3.106010e+03 0.000000e+00 1.000000e+00 1.000000e-01
3.106020e+03 0.000000e+00 1.000000e+00 1.000000e-01
3.106030e+03 0.000000e+00 1.000000e+00 1.000000e-01
3.106040e+03 0.000000e+00 1.000000e+00 1.000000e-01
3.106050e+03 0.000000e+00 1.000000e+00 1.000000e-01
3.106060e+03 0.000000e+00 1.000000e+00 1.000000e-01
3.106070e+03 0.000000e+00 1.000000e+00 1.000000e-01
3.106080e+03 0.000000e+00 1.000000e+00 1.000000e-01
3.106090e+03 0.000000e+00 1.000000e+00 1.000000e-01
3.106100e+03 0.000000e+00 1.000000e+00 1.000000e-01
3.106110e+03 0.000000e+00 1.000000e+00 1.000000e-01
3.106120e+03 0.000000e+00 1.000000e+00 1.000000e-01
3.106130e+03 0.000000e+00 1.000000e+00 1.000000e-01
3.106140e+03 0.000000e+00 1.000000e+00 1.000000e-01
3.106150e+03 0.000000e+00 1.000000e+00 1.000000e-01
3.106160e+03 0.000000e+00 1.000000e+00 1.000000e-01
3.106170e+03 0.000000e+00 1.000000e+00 1.000000e-01
3.106180e+03 0.000000e+00 1.000000e+00 1.000000e-01
3.106190e+03 0.000000e+00 1.000000e+00 1.000000e-01
3.106200e+03 0.000000e+00 1.000000e+00 1.000000e-01
3.106210e+03 0.000000e+00 1.000000e+00 1.000000e-01
3.106220e+03 0.000000e+00 1.000000e+00 1.000000e-01
3.106230e+03 0.000000e+00 1.000000e+00 1.000000e-01
3.106240e+03 0.000000e+00 1.000000e+00 1.000000e-01
3.106250e+03 0.000000e+00 1.000000e+00 1.000000e-01
3.106260e+03 0.000000e+00 1.000000e+00 1.000000e-01
3.106270e+03 0.000000e+00 1.000000e+00 1.000000e-01
3.106280e+03 0.000000e+00 1.000000e+00 1.000000e-01
3.106290e+03 0.000000e+00 1.000000e+00 1.000000e-01
3.106300e+03 0.000000e+00 1.000000e+00 1.000000e-01
3.106310e+03 0.000000e+00 1.000000e+00 1.000000e-01
3.106320e+03 0.000000e+00 1.000000e+00 1.000000e-01
3.106330e+03 0.000000e+00 1.000000e+00 1.000000e-01
3.106340e+03 0.000000e+00 1.000000e+00 1.000000e-01
3.106350e+03 0.000000e+00 1.000000e+00 1.000000e-01
3.106360e+03 0.000000e+00 1.000000e+00 1.000000e-01
3.106370e+03 0.000000e+00 1.000000e+00 1.000000e-01
3.106380e+03 0.000000e+00 1.000000e+00 1.000000e-01
3.106390e+03 0.000000e+00 1.000000e+00 1.000000e-01
3.106400e+03 0.000000e+00 1.000000e+00 1.000000e-01
3.106410e+03 0.000000e+00 1.000000e+00 1.000000e-01
3.106420e+03 0.000000e+00 1.000000e+00 1.000000e-01
3.106430e+03 0.000000e+00 1.000000e+00 1.000000e-01
3.106440e+03 0.000000e+00 1.000000e+00 1.000000e-01
3.106450e+03 0.000000e+00 1.000000e+00 1.000000e-01
3.106460e+03 0.000000e+00 1.000000e+00 1.000000e-01
3.106470e+03 0.000000e+00 1.000000e+00 1.000000e-01
3.106480e+03 0.000000e+00 1.000000e+00 1.000000e-01
3.106490e+03 0.000000e+00 1.000000e+00 1.000000e-01
3.106500e+03 0.000000e+00 1.000000e+00 1.000000e-01
3.106510e+03 0.000000e+00 1.000000e+00 1.000000e-01
3.106520e+03 0.000000e+00 1.000000e+00 1.000000e-01
3.106530e+03 0.000000e+00 1.000000e+00 1.000000e-01
3.106540e+03 0.000000e+00 1.000000e+00 1.000000e-01
3.106550e+03 0.000000e+00 1.000000e+00 1.000000e-01
3.106560e+03 0.000000e+00 1.000000e+00 1.000000e-01
3.106570e+03 0.000000e+00 1.000000e+00 1.000000e-01
3.106580e+03 0.000000e+00 1.000000e+00 1.000000e-01
3.106590e+03 0.000000e+00 1.000000e+00 1.000000e-01
3.106600e+03 0.000000e+00 1.000000e+00 1.000000e-01
3.106610e+03 0.000000e+00 1.000000e+00 1.000000e-01
3.106620e+03 0.000000e+00 1.000000e+00 1.000000e-01
3.106630e+03 0.000000e+00 1.000000e+00 1.000000e-01
3.106640e+03 0.000000e+00 1.000000e+00 1.000000e-01
3.106650e+03 0.000000e+00 1.000000e+00 1.000000e-01
3.106660e+03 0.000000e+00 1.000000e+00 1.000000e-01
3.106670e+03 0.000000e+00 1.000000e+00 1.000000e-01
3.106680e+03 0.000000e+00 1.000000e+00 1.000000e-01
3.106690e+03 0.000000e+00 1.000000e+00 1.000000e-01
3.106700e+03 0.000000e+00 1.000000e+00 1.000000e-01
3.106710e+03 0.000000e+00 1.000000e+00 1.000000e-01
3.106720e+03 0.000000e+00 1.000000e+00 1.000000e-01
3.106730e+03 0.000000e+00 1.000000e+00 1.000000e-01
3.106740e+03 0.000000e+00 1.000000e+00 1.000000e-01
3.106750e+03 0.000000e+00 1.000000e+00 1.000000e-01
3.106760e+03 0.000000e+00 1.000000e+00 1.000000e-01
3.106770e+03 0.000000e+00 1.000000e+00 1.000000e-01
3.106780e+03 0.000000e+00 1.000000e+00 1.000000e-01
3.106790e+03 0.000000e+00 1.000000e+00 1.000000e-01
3.106800e+03 0.000000e+00 1.000000e+00 1.000000e-01
3.106810e+03 0.000000e+00 1.000000e+00 1.000000e-01
3.106820e+03 0.000000e+00 1.000000e+00 1.000000e-01
3.106830e+03 0.000000e+00 1.000000e+00 1.000000e-01
3.106840e+03 0.000000e+00 1.000000e+00 1.000000e-01
3.106850e+03 0.000000e+00 1.000000e+00 1.000000e-01
3.106860e+03 0.000000e+00 1.000000e+00 1.000000e-01
3.106870e+03 0.000000e+00 1.000000e+00 1.000000e-01
3.106880e+03 0.000000e+00 1.000000e+00 1.000000e-01
3.106890e+03 0.000000e+00 1.000000e+00 1.000000e-01
3.106900e+03 0.000000e+00 1.000000e+00 1.000000e-01
3.106910e+03 0.000000e+00 1.000000e+00 1.000000e-01
3.106920e+03 0.000000e+00 1.000000e+00 1.000000e-01
3.106930e+03 0.000000e+00 1.000000e+00 1.000000e-01
3.106940e+03 0.000000e+00 1.000000e+00 1.000000e-01
3.106950e+03 0.000000e+00 1.000000e+00 1.000000e-01
3.106960e+03 0.000000e+00 1.000000e+00 1.000000e-01
3.106970e+03 0.000000e+00 1.000000e+00 1.000000e-01
3.106980e+03 0.000000e+00 1.000000e+00 1.000000e-01
3.106990e+03 0.000000e+00 1.000000e+00 1.000000e-01
3.107000e+03 0.000000e+00 1.000000e+00 1.000000e-01
3.107010e+03 0.000000e+00 1.000000e+00 1.000000e-01
3.107020e+03 0.000000e+00 1.000000e+00 1.000000e-01
3.107030e+03 0.000000e+00 1.000000e+00 1.000000e-01
3.107040e+03 0.000000e+00 1.000000e+00 1.000000e-01
3.107050e+03 0.000000e+00 1.000000e+00 1.000000e-01
3.107060e+03 0.000000e+00 1.000000e+00 1.000000e-01
3.107070e+03 0.000000e+00 1.000000e+00 1.000000e-01
3.107080e+03 0.000000e+00 1.000000e+00 1.000000e-01
3.107090e+03 0.000000e+00 1.000000e+00 1.000000e-01
3.107100e+03 0.000000e+00 1.000000e+00 1.000000e-01
3.107110e+03 0.000000e+00 1.000000e+00 1.000000e-01
3.107120e+03 0.000000e+00 1.000000e+00 1.000000e-01
3.107130e+03 0.000000e+00 1.000000e+00 1.000000e-01
3.107140e+03 0.000000e+00 1.000000e+00 1.000000e-01
3.107150e+03 0.000000e+00 1.000000e+00 1.000000e-01
3.107160e+03 0.000000e+00 1.000000e+00 1.000000e-01
3.107170e+03 0.000000e+00 1.000000e+00 1.000000e-01
3.107180e+03 0.000000e+00 1.000000e+00 1.000000e-01
3.107190e+03 0.000000e+00 1.000000e+00 1.000000e-01
3.107200e+03 0.000000e+00 1.000000e+00 1.000000e-01
3.107210e+03 0.000000e+00 1.000000e+00 1.000000e-01
3.107220e+03 0.000000e+00 1.000000e+00 1.000000e-01
3.107230e+03 0.000000e+00 1.000000e+00 1.000000e-01
3.107240e+03 0.000000e+00 1.000000e+00 1.000000e-01
3.107250e+03 0.000000e+00 1.000000e+00 1.000000e-01
3.107260e+03 0.000000e+00 1.000000e+00 1.000000e-01
3.107270e+03 0.000000e+00 1.000000e+00 1.000000e-01
3.107280e+03 0.000000e+00 1.000000e+00 1.000000e-01
3.107290e+03 0.000000e+00 1.000000e+00 1.000000e-01
3.107300e+03 0.000000e+00 1.000000e+00 1.000000e-01
3.107310e+03 0.000000e+00 1.000000e+00 1.000000e-01
3.107320e+03 0.000000e+00 1.000000e+00 1.000000e-01
3.107330e+03 0.000000e+00 1.000000e+00 1.000000e-01
3.107340e+03 0.000000e+00 1.000000e+00 1.000000e-01
3.107350e+03 0.000000e+00 1.000000e+00 1.000000e-01
3.107360e+03 0.000000e+00 1.000000e+00 1.000000e-01
3.107370e+03 0.000000e+00 1.000000e+00 1.000000e-01
3.107380e+03 0.000000e+00 1.000000e+00 1.000000e-01
3.107390e+03 0.000000e+00 1.000000e+00 1.000000e-01
3.107400e+03 0.000000e+00 1.000000e+00 1.000000e-01
3.107410e+03 0.000000e+00 1.000000e+00 1.000000e-01
3.107420e+03 0.000000e+00 1.000000e+00 1.000000e-01
3.107430e+03 0.000000e+00 1.000000e+00 1.000000e-01
3.107440e+03 0.000000e+00 1.000000e+00 1.000000e-01
3.107450e+03 0.000000e+00 1.000000e+00 1.000000e-01
3.107460e+03 0.000000e+00 1.000000e+00 1.000000e-01
3.107470e+03 0.000000e+00 1.000000e+00 1.000000e-01
3.107480e+03 0.000000e+00 1.000000e+00 1.000000e-01
3.107490e+03 0.000000e+00 1.000000e+00 1.000000e-01
3.107500e+03 0.000000e+00 1.000000e+00 1.000000e-01
3.107510e+03 0.000000e+00 1.000000e+00 1.000000e-01
3.107520e+03 0.000000e+00 1.000000e+00 1.000000e-01
3.107530e+03 0.000000e+00 1.000000e+00 1.000000e-01
3.107540e+03 0.000000e+00 1.000000e+00 1.000000e-01
3.107550e+03 0.000000e+00 1.000000e+00 1.000000e-01
3.107560e+03 0.000000e+00 1.000000e+00 1.000000e-01
3.107570e+03 0.000000e+00 1.000000e+00 1.000000e-01
3.107580e+03 0.000000e+00 1.000000e+00 1.000000e-01
3.107590e+03 0.000000e+00 1.000000e+00 1.000000e-01
3.107600e+03 0.000000e+00 1.000000e+00 1.000000e-01
3.107610e+03 0.000000e+00 1.000000e+00 1.000000e-01
3.107620e+03 0.000000e+00 1.000000e+00 1.000000e-01
3.107630e+03 0.000000e+00 1.000000e+00 1.000000e-01
3.107640e+03 0.000000e+00 1.000000e+00 1.000000e-01
3.107650e+03 0.000000e+00 1.000000e+00 1.000000e-01
3.107660e+03 0.000000e+00 1.000000e+00 1.000000e-01
3.107670e+03 0.000000e+00 1.000000e+00 1.000000e-01
3.107680e+03 0.000000e+00 1.000000e+00 1.000000e-01
3.107690e+03 0.000000e+00 1.000000e+00 1.000000e-01
3.107700e+03 0.000000e+00 1.000000e+00 1.000000e-01
3.107710e+03 0.000000e+00 1.000000e+00 1.000000e-01
3.107720e+03 0.000000e+00 1.000000e+00 1.000000e-01
3.107730e+03 0.000000e+00 1.000000e+00 1.000000e-01
3.107740e+03 0.000000e+00 1.000000e+00 1.000000e-01
3.107750e+03 0.000000e+00 1.000000e+00 1.000000e-01
3.107760e+03 0.000000e+00 1.000000e+00 1.000000e-01
3.107770e+03 0.000000e+00 1.000000e+00 1.000000e-01
3.107780e+03 0.000000e+00 1.000000e+00 1.000000e-01
3.107790e+03 0.000000e+00 1.000000e+00 1.000000e-01
3.107800e+03 0.000000e+00 1.000000e+00 1.000000e-01
3.107810e+03 0.000000e+00 1.000000e+00 1.000000e-01
3.107820e+03 0.000000e+00 1.000000e+00 1.000000e-01
3.107830e+03 0.000000e+00 1.000000e+00 1.000000e-01
3.107840e+03 0.000000e+00 1.000000e+00 1.000000e-01
3.107850e+03 0.000000e+00 1.000000e+00 1.000000e-01
3.107860e+03 0.000000e+00 1.000000e+00 1.000000e-01
3.107870e+03 0.000000e+00 1.000000e+00 1.000000e-01
3.107880e+03 0.000000e+00 1.000000e+00 1.000000e-01
3.107890e+03 0.000000e+00 1.000000e+00 1.000000e-01
3.107900e+03 0.000000e+00 1.000000e+00 1.000000e-01
3.107910e+03 0.000000e+00 1.000000e+00 1.000000e-01
3.107920e+03 0.000000e+00 1.000000e+00 1.000000e-01
3.107930e+03 0.000000e+00 1.000000e+00 1.000000e-01
3.107940e+03 0.000000e+00 1.000000e+00 1.000000e-01
3.107950e+03 0.000000e+00 1.000000e+00 1.000000e-01
3.107960e+03 0.000000e+00 1.000000e+00 1.000000e-01
3.107970e+03 0.000000e+00 1.000000e+00 1.000000e-01
3.107980e+03 0.000000e+00 1.000000e+00 1.000000e-01
3.107990e+03 0.000000e+00 1.000000e+00 1.000000e-01
3.108000e+03 0.000000e+00 1.000000e+00 1.000000e-01
3.108010e+03 0.000000e+00 1.000000e+00 1.000000e-01
3.108020e+03 0.000000e+00 1.000000e+00 1.000000e-01
3.108030e+03 0.000000e+00 1.000000e+00 1.000000e-01
3.108040e+03 0.000000e+00 1.000000e+00 1.000000e-01
3.108050e+03 0.000000e+00 1.000000e+00 1.000000e-01
3.108060e+03 0.000000e+00 1.000000e+00 1.000000e-01
3.108070e+03 0.000000e+00 1.000000e+00 1.000000e-01
3.108080e+03 0.000000e+00 1.000000e+00 1.000000e-01
3.108090e+03 0.000000e+00 1.000000e+00 1.000000e-01
3.108100e+03 0.000000e+00 1.000000e+00 1.000000e-01
3.108110e+03 0.000000e+00 1.000000e+00 1.000000e-01
3.108120e+03 0.000000e+00 1.000000e+00 1.000000e-01
3.108130e+03 0.000000e+00 1.000000e+00 1.000000e-01
3.108140e+03 0.000000e+00 1.000000e+00 1.000000e-01
3.108150e+03 0.000000e+00 1.000000e+00 1.000000e-01
3.108160e+03 0.000000e+00 1.000000e+00 1.000000e-01
3.108170e+03 0.000000e+00 1.000000e+00 1.000000e-01
3.108180e+03 0.000000e+00 1.000000e+00 1.000000e-01
3.108190e+03 0.000000e+00 1.000000e+00 1.000000e-01
3.108200e+03 0.000000e+00 1.000000e+00 1.000000e-01
3.108210e+03 0.000000e+00 1.000000e+00 1.000000e-01
3.108220e+03 0.000000e+00 1.000000e+00 1.000000e-01
3.108230e+03 0.000000e+00 1.000000e+00 1.000000e-01
3.108240e+03 0.000000e+00 1.000000e+00 1.000000e-01
3.108250e+03 0.000000e+00 1.000000e+00 1.000000e-01
3.108260e+03 0.000000e+00 1.000000e+00 1.000000e-01
3.108270e+03 0.000000e+00 1.000000e+00 1.000000e-01
3.108280e+03 0.000000e+00 1.000000e+00 1.000000e-01
3.108290e+03 0.000000e+00 1.000000e+00 1.000000e-01
3.108300e+03 0.000000e+00 1.000000e+00 1.000000e-01
3.108310e+03 0.000000e+00 1.000000e+00 1.000000e-01
3.108320e+03 0.000000e+00 1.000000e+00 1.000000e-01
3.108330e+03 0.000000e+00 1.000000e+00 1.000000e-01
3.108340e+03 0.000000e+00 1.000000e+00 1.000000e-01
3.108350e+03 0.000000e+00 1.000000e+00 1.000000e-01
3.108360e+03 0.000000e+00 1.000000e+00 1.000000e-01
3.108370e+03 0.000000e+00 1.000000e+00 1.000000e-01
3.108380e+03 0.000000e+00 1.000000e+00 1.000000e-01
3.108390e+03 0.000000e+00 1.000000e+00 1.000000e-01
3.108400e+03 0.000000e+00 1.000000e+00 1.000000e-01
3.108410e+03 0.000000e+00 1.000000e+00 1.000000e-01
3.108420e+03 0.000000e+00 1.000000e+00 1.000000e-01
3.108430e+03 0.000000e+00 1.000000e+00 1.000000e-01
3.108440e+03 0.000000e+00 1.000000e+00 1.000000e-01
3.108450e+03 0.000000e+00 1.000000e+00 1.000000e-01
3.108460e+03 0.000000e+00 1.000000e+00 1.000000e-01
3.108470e+03 0.000000e+00 1.000000e+00 1.000000e-01
3.108480e+03 0.000000e+00 1.000000e+00 1.000000e-01
3.108490e+03 0.000000e+00 1.000000e+00 1.000000e-01
3.108500e+03 0.000000e+00 1.000000e+00 1.000000e-01
3.108510e+03 0.000000e+00 1.000000e+00 1.000000e-01
3.108520e+03 0.000000e+00 1.000000e+00 1.000000e-01
3.108530e+03 0.000000e+00 1.000000e+00 1.000000e-01
3.108540e+03 0.000000e+00 1.000000e+00 1.000000e-01
3.108550e+03 0.000000e+00 1.000000e+00 1.000000e-01
3.108560e+03 0.000000e+00 1.000000e+00 1.000000e-01
3.108570e+03 0.000000e+00 1.000000e+00 1.000000e-01
3.108580e+03 0.000000e+00 1.000000e+00 1.000000e-01
3.108590e+03 0.000000e+00 1.000000e+00 1.000000e-01
3.108600e+03 0.000000e+00 1.000000e+00 1.000000e-01
3.108610e+03 0.000000e+00 1.000000e+00 1.000000e-01
3.108620e+03 0.000000e+00 1.000000e+00 1.000000e-01
3.108630e+03 0.000000e+00 1.000000e+00 1.000000e-01
3.108640e+03 0.000000e+00 1.000000e+00 1.000000e-01
3.108650e+03 0.000000e+00 1.000000e+00 1.000000e-01
3.108660e+03 0.000000e+00 1.000000e+00 1.000000e-01
3.108670e+03 0.000000e+00 1.000000e+00 1.000000e-01
3.108680e+03 0.000000e+00 1.000000e+00 1.000000e-01
3.108690e+03 0.000000e+00 1.000000e+00 1.000000e-01
3.108700e+03 0.000000e+00 1.000000e+00 1.000000e-01
3.108710e+03 0.000000e+00 1.000000e+00 1.000000e-01
3.108720e+03 0.000000e+00 1.000000e+00 1.000000e-01
3.108730e+03 0.000000e+00 1.000000e+00 1.000000e-01
3.108740e+03 0.000000e+00 1.000000e+00 1.000000e-01
3.108750e+03 0.000000e+00 1.000000e+00 1.000000e-01
3.108760e+03 0.000000e+00 1.000000e+00 1.000000e-01
3.108770e+03 0.000000e+00 1.000000e+00 1.000000e-01
3.108780e+03 0.000000e+00 1.000000e+00 1.000000e-01
3.108790e+03 0.000000e+00 1.000000e+00 1.000000e-01
3.108800e+03 0.000000e+00 1.000000e+00 1.000000e-01
3.108810e+03 0.000000e+00 1.000000e+00 1.000000e-01
3.108820e+03 0.000000e+00 1.000000e+00 1.000000e-01
3.108830e+03 0.000000e+00 1.000000e+00 1.000000e-01
3.108840e+03 0.000000e+00 1.000000e+00 1.000000e-01
3.108850e+03 0.000000e+00 1.000000e+00 1.000000e-01
3.108860e+03 0.000000e+00 1.000000e+00 1.000000e-01
3.108870e+03 0.000000e+00 1.000000e+00 1.000000e-01
3.108880e+03 0.000000e+00 1.000000e+00 1.000000e-01
3.108890e+03 0.000000e+00 1.000000e+00 1.000000e-01
3.108900e+03 0.000000e+00 1.000000e+00 1.000000e-01
3.108910e+03 0.000000e+00 1.000000e+00 1.000000e-01
3.108920e+03 0.000000e+00 1.000000e+00 1.000000e-01
3.108930e+03 0.000000e+00 1.000000e+00 1.000000e-01
3.108940e+03 0.000000e+00 1.000000e+00 1.000000e-01
3.108950e+03 0.000000e+00 1.000000e+00 1.000000e-01
3.108960e+03 0.000000e+00 1.000000e+00 1.000000e-01
3.108970e+03 0.000000e+00 1.000000e+00 1.000000e-01
3.108980e+03 0.000000e+00 1.000000e+00 1.000000e-01
3.108990e+03 0.000000e+00 1.000000e+00 1.000000e-01
3.109000e+03 0.000000e+00 1.000000e+00 1.000000e-01
3.109010e+03 0.000000e+00 1.000000e+00 1.000000e-01
3.109020e+03 0.000000e+00 1.000000e+00 1.000000e-01
3.109030e+03 0.000000e+00 1.000000e+00 1.000000e-01
3.109040e+03 0.000000e+00 1.000000e+00 1.000000e-01
3.109050e+03 0.000000e+00 1.000000e+00 1.000000e-01
3.109060e+03 0.000000e+00 1.000000e+00 1.000000e-01
3.109070e+03 0.000000e+00 1.000000e+00 1.000000e-01
3.109080e+03 0.000000e+00 1.000000e+00 1.000000e-01
3.109090e+03 0.000000e+00 1.000000e+00 1.000000e-01
3.109100e+03 0.000000e+00 1.000000e+00 1.000000e-01
3.109110e+03 0.000000e+00 1.000000e+00 1.000000e-01
3.109120e+03 0.000000e+00 1.000000e+00 1.000000e-01
3.109130e+03 0.000000e+00 1.000000e+00 1.000000e-01
3.109140e+03 0.000000e+00 1.000000e+00 1.000000e-01
3.109150e+03 0.000000e+00 1.000000e+00 1.000000e-01
3.109160e+03 0.000000e+00 1.000000e+00 1.000000e-01
3.109170e+03 0.000000e+00 1.000000e+00 1.000000e-01
3.109180e+03 0.000000e+00 1.000000e+00 1.000000e-01
3.109190e+03 0.000000e+00 1.000000e+00 1.000000e-01
3.109200e+03 0.000000e+00 1.000000e+00 1.000000e-01
3.109210e+03 0.000000e+00 1.000000e+00 1.000000e-01
3.109220e+03 0.000000e+00 1.000000e+00 1.000000e-01
3.109230e+03 0.000000e+00 1.000000e+00 1.000000e-01
3.109240e+03 0.000000e+00 1.000000e+00 1.000000e-01
3.109250e+03 0.000000e+00 1.000000e+00 1.000000e-01
3.109260e+03 0.000000e+00 1.000000e+00 1.000000e-01
3.109270e+03 0.000000e+00 1.000000e+00 1.000000e-01
3.109280e+03 0.000000e+00 1.000000e+00 1.000000e-01
3.109290e+03 0.000000e+00 1.000000e+00 1.000000e-01
3.109300e+03 0.000000e+00 1.000000e+00 1.000000e-01
3.109310e+03 0.000000e+00 1.000000e+00 1.000000e-01
3.109320e+03 0.000000e+00 1.000000e+00 1.000000e-01
3.109330e+03 0.000000e+00 1.000000e+00 1.000000e-01
3.109340e+03 0.000000e+00 1.000000e+00 1.000000e-01
3.109350e+03 0.000000e+00 1.000000e+00 1.000000e-01
3.109360e+03 0.000000e+00 1.000000e+00 1.000000e-01
3.109370e+03 0.000000e+00 1.000000e+00 1.000000e-01
3.109380e+03 0.000000e+00 1.000000e+00 1.000000e-01
3.109390e+03 0.000000e+00 1.000000e+00 1.000000e-01
3.109400e+03 0.000000e+00 1.000000e+00 1.000000e-01
3.109410e+03 0.000000e+00 1.000000e+00 1.000000e-01
3.109420e+03 0.000000e+00 1.000000e+00 1.000000e-01
3.109430e+03 0.000000e+00 1.000000e+00 1.000000e-01
3.109440e+03 0.000000e+00 1.000000e+00 1.000000e-01
3.109450e+03 0.000000e+00 1.000000e+00 1.000000e-01
3.109460e+03 0.000000e+00 1.000000e+00 1.000000e-01
3.109470e+03 0.000000e+00 1.000000e+00 1.000000e-01
3.109480e+03 0.000000e+00 1.000000e+00 1.000000e-01
3.109490e+03 0.000000e+00 1.000000e+00 1.000000e-01
3.109500e+03 0.000000e+00 1.000000e+00 1.000000e-01
3.109510e+03 0.000000e+00 1.000000e+00 1.000000e-01
3.109520e+03 0.000000e+00 1.000000e+00 1.000000e-01
3.109530e+03 0.000000e+00 1.000000e+00 1.000000e-01
3.109540e+03 0.000000e+00 1.000000e+00 1.000000e-01
3.109550e+03 0.000000e+00 1.000000e+00 1.000000e-01
3.109560e+03 0.000000e+00 1.000000e+00 1.000000e-01
3.109570e+03 0.000000e+00 1.000000e+00 1.000000e-01
3.109580e+03 0.000000e+00 1.000000e+00 1.000000e-01
3.109590e+03 0.000000e+00 1.000000e+00 1.000000e-01
3.109600e+03 0.000000e+00 1.000000e+00 1.000000e-01
3.109610e+03 0.000000e+00 1.000000e+00 1.000000e-01
3.109620e+03 0.000000e+00 1.000000e+00 1.000000e-01
3.109630e+03 0.000000e+00 1.000000e+00 1.000000e-01
3.109640e+03 0.000000e+00 1.000000e+00 1.000000e-01
3.109650e+03 0.000000e+00 1.000000e+00 1.000000e-01
3.109660e+03 0.000000e+00 1.000000e+00 1.000000e-01
3.109670e+03 0.000000e+00 1.000000e+00 1.000000e-01
3.109680e+03 0.000000e+00 1.000000e+00 1.000000e-01
3.109690e+03 0.000000e+00 1.000000e+00 1.000000e-01
3.109700e+03 0.000000e+00 1.000000e+00 1.000000e-01
3.109710e+03 0.000000e+00 1.000000e+00 1.000000e-01
3.109720e+03 0.000000e+00 1.000000e+00 1.000000e-01
3.109730e+03 0.000000e+00 1.000000e+00 1.000000e-01
3.109740e+03 0.000000e+00 1.000000e+00 1.000000e-01
3.109750e+03 0.000000e+00 1.000000e+00 1.000000e-01
3.109760e+03 0.000000e+00 1.000000e+00 1.000000e-01
3.109770e+03 0.000000e+00 1.000000e+00 1.000000e-01
3.109780e+03 0.000000e+00 1.000000e+00 1.000000e-01
3.109790e+03 0.000000e+00 1.000000e+00 1.000000e-01
3.109800e+03 0.000000e+00 1.000000e+00 1.000000e-01
3.109810e+03 0.000000e+00 1.000000e+00 1.000000e-01
3.109820e+03 0.000000e+00 1.000000e+00 1.000000e-01
3.109830e+03 0.000000e+00 1.000000e+00 1.000000e-01
3.109840e+03 0.000000e+00 1.000000e+00 1.000000e-01
3.109850e+03 0.000000e+00 1.000000e+00 1.000000e-01
3.109860e+03 0.000000e+00 1.000000e+00 1.000000e-01
3.109870e+03 0.000000e+00 1.000000e+00 1.000000e-01
3.109880e+03 0.000000e+00 1.000000e+00 1.000000e-01
3.109890e+03 0.000000e+00 1.000000e+00 1.000000e-01
3.109900e+03 0.000000e+00 1.000000e+00 1.000000e-01
3.109910e+03 0.000000e+00 1.000000e+00 1.000000e-01
3.109920e+03 0.000000e+00 1.000000e+00 1.000000e-01
3.109930e+03 0.000000e+00 1.000000e+00 1.000000e-01
3.109940e+03 0.000000e+00 1.000000e+00 1.000000e-01
3.109950e+03 0.000000e+00 1.000000e+00 1.000000e-01
3.109960e+03 0.000000e+00 1.000000e+00 1.000000e-01
3.109970e+03 0.000000e+00 1.000000e+00 1.000000e-01
3.109980e+03 0.000000e+00 1.000000e+00 1.000000e-01
3.109990e+03 0.000000e+00 1.000000e+00 1.000000e-01
3.110000e+03 0.000000e+00 1.000000e+00 1.000000e-01
3.110010e+03 0.000000e+00 1.000000e+00 1.000000e-01
3.110020e+03 0.000000e+00 1.000000e+00 1.000000e-01
3.110030e+03 0.000000e+00 1.000000e+00 1.000000e-01
3.110040e+03 0.000000e+00 1.000000e+00 1.000000e-01
3.110050e+03 0.000000e+00 1.000000e+00 1.000000e-01
3.110060e+03 0.000000e+00 1.000000e+00 1.000000e-01
3.110070e+03 0.000000e+00 1.000000e+00 1.000000e-01
3.110080e+03 0.000000e+00 1.000000e+00 1.000000e-01
3.110090e+03 0.000000e+00 1.000000e+00 1.000000e-01
3.110100e+03 0.000000e+00 1.000000e+00 1.000000e-01
3.110110e+03 0.000000e+00 1.000000e+00 1.000000e-01
3.110120e+03 0.000000e+00 1.000000e+00 1.000000e-01
3.110130e+03 0.000000e+00 1.000000e+00 1.000000e-01
3.110140e+03 0.000000e+00 1.000000e+00 1.000000e-01
3.110150e+03 0.000000e+00 1.000000e+00 1.000000e-01
3.110160e+03 0.000000e+00 1.000000e+00 1.000000e-01
3.110170e+03 0.000000e+00 1.000000e+00 1.000000e-01
3.110180e+03 0.000000e+00 1.000000e+00 1.000000e-01
3.110190e+03 0.000000e+00 1.000000e+00 1.000000e-01
3.110200e+03 0.000000e+00 1.000000e+00 1.000000e-01
3.110210e+03 0.000000e+00 1.000000e+00 1.000000e-01
3.110220e+03 0.000000e+00 1.000000e+00 1.000000e-01
3.110230e+03 0.000000e+00 1.000000e+00 1.000000e-01
3.110240e+03 0.000000e+00 1.000000e+00 1.000000e-01
3.110250e+03 0.000000e+00 1.000000e+00 1.000000e-01
3.110260e+03 0.000000e+00 1.000000e+00 1.000000e-01
3.110270e+03 0.000000e+00 1.000000e+00 1.000000e-01
3.110280e+03 0.000000e+00 1.000000e+00 1.000000e-01
3.110290e+03 0.000000e+00 1.000000e+00 1.000000e-01
3.110300e+03 0.000000e+00 1.000000e+00 1.000000e-01
3.110310e+03 0.000000e+00 1.000000e+00 1.000000e-01
3.110320e+03 0.000000e+00 1.000000e+00 1.000000e-01
3.110330e+03 0.000000e+00 1.000000e+00 1.000000e-01
3.110340e+03 0.000000e+00 1.000000e+00 1.000000e-01
3.110350e+03 0.000000e+00 1.000000e+00 1.000000e-01
3.110360e+03 0.000000e+00 1.000000e+00 1.000000e-01
3.110370e+03 0.000000e+00 1.000000e+00 1.000000e-01
3.110380e+03 0.000000e+00 1.000000e+00 1.000000e-01
3.110390e+03 0.000000e+00 1.000000e+00 1.000000e-01
3.110400e+03 0.000000e+00 1.000000e+00 1.000000e-01
3.110410e+03 0.000000e+00 1.000000e+00 1.000000e-01
3.110420e+03 0.000000e+00 1.000000e+00 1.000000e-01
3.110430e+03 0.000000e+00 1.000000e+00 1.000000e-01
3.110440e+03 0.000000e+00 1.000000e+00 1.000000e-01
3.110450e+03 0.000000e+00 1.000000e+00 1.000000e-01
3.110460e+03 0.000000e+00 1.000000e+00 1.000000e-01
3.110470e+03 0.000000e+00 1.000000e+00 1.000000e-01
3.110480e+03 0.000000e+00 1.000000e+00 1.000000e-01
3.110490e+03 0.000000e+00 1.000000e+00 1.000000e-01
3.110500e+03 0.000000e+00 1.000000e+00 1.000000e-01
3.110510e+03 0.000000e+00 1.000000e+00 1.000000e-01
3.110520e+03 0.000000e+00 1.000000e+00 1.000000e-01
3.110530e+03 0.000000e+00 1.000000e+00 1.000000e-01
3.110540e+03 0.000000e+00 1.000000e+00 1.000000e-01
3.110550e+03 0.000000e+00 1.000000e+00 1.000000e-01
3.110560e+03 0.000000e+00 1.000000e+00 1.000000e-01
3.110570e+03 0.000000e+00 1.000000e+00 1.000000e-01
3.110580e+03 0.000000e+00 1.000000e+00 1.000000e-01
3.110590e+03 0.000000e+00 1.000000e+00 1.000000e-01
3.110600e+03 0.000000e+00 1.000000e+00 1.000000e-01
3.110610e+03 0.000000e+00 1.000000e+00 1.000000e-01
3.110620e+03 0.000000e+00 1.000000e+00 1.000000e-01
3.110630e+03 0.000000e+00 1.000000e+00 1.000000e-01
3.110640e+03 0.000000e+00 1.000000e+00 1.000000e-01
3.110650e+03 0.000000e+00 1.000000e+00 1.000000e-01
3.110660e+03 0.000000e+00 1.000000e+00 1.000000e-01
3.110670e+03 0.000000e+00 1.000000e+00 1.000000e-01
3.110680e+03 0.000000e+00 1.000000e+00 1.000000e-01
3.110690e+03 0.000000e+00 1.000000e+00 1.000000e-01
3.110700e+03 0.000000e+00 1.000000e+00 1.000000e-01
3.110710e+03 0.000000e+00 1.000000e+00 1.000000e-01
3.110720e+03 0.000000e+00 1.000000e+00 1.000000e-01
3.110730e+03 0.000000e+00 1.000000e+00 1.000000e-01
3.110740e+03 0.000000e+00 1.000000e+00 1.000000e-01
3.110750e+03 0.000000e+00 1.000000e+00 1.000000e-01
3.110760e+03 0.000000e+00 1.000000e+00 1.000000e-01
3.110770e+03 0.000000e+00 1.000000e+00 1.000000e-01
3.110780e+03 0.000000e+00 1.000000e+00 1.000000e-01
3.110790e+03 0.000000e+00 1.000000e+00 1.000000e-01
3.110800e+03 0.000000e+00 1.000000e+00 1.000000e-01
3.110810e+03 0.000000e+00 1.000000e+00 1.000000e-01
3.110820e+03 0.000000e+00 1.000000e+00 1.000000e-01
3.110830e+03 0.000000e+00 1.000000e+00 1.000000e-01
3.110840e+03 0.000000e+00 1.000000e+00 1.000000e-01
3.110850e+03 0.000000e+00 1.000000e+00 1.000000e-01
3.110860e+03 0.000000e+00 1.000000e+00 1.000000e-01
3.110870e+03 0.000000e+00 1.000000e+00 1.000000e-01
3.110880e+03 0.000000e+00 1.000000e+00 1.000000e-01
3.110890e+03 0.000000e+00 1.000000e+00 1.000000e-01
3.110900e+03 0.000000e+00 1.000000e+00 1.000000e-01
3.110910e+03 0.000000e+00 1.000000e+00 1.000000e-01
3.110920e+03 0.000000e+00 1.000000e+00 1.000000e-01
3.110930e+03 0.000000e+00 1.000000e+00 1.000000e-01
3.110940e+03 0.000000e+00 1.000000e+00 1.000000e-01
3.110950e+03 0.000000e+00 1.000000e+00 1.000000e-01
3.110960e+03 0.000000e+00 1.000000e+00 1.000000e-01
3.110970e+03 0.000000e+00 1.000000e+00 1.000000e-01
3.110980e+03 0.000000e+00 1.000000e+00 1.000000e-01
3.110990e+03 0.000000e+00 1.000000e+00 1.000000e-01
3.111000e+03 0.000000e+00 1.000000e+00 1.000000e-01
3.111010e+03 0.000000e+00 1.000000e+00 1.000000e-01
3.111020e+03 0.000000e+00 1.000000e+00 1.000000e-01
3.111030e+03 0.000000e+00 1.000000e+00 1.000000e-01
3.111040e+03 0.000000e+00 1.000000e+00 1.000000e-01
3.111050e+03 0.000000e+00 1.000000e+00 1.000000e-01
3.111060e+03 0.000000e+00 1.000000e+00 1.000000e-01
3.111070e+03 0.000000e+00 1.000000e+00 1.000000e-01
3.111080e+03 0.000000e+00 1.000000e+00 1.000000e-01
3.111090e+03 0.000000e+00 1.000000e+00 1.000000e-01
3.111100e+03 0.000000e+00 1.000000e+00 1.000000e-01
3.111110e+03 0.000000e+00 1.000000e+00 1.000000e-01
3.111120e+03 0.000000e+00 1.000000e+00 1.000000e-01
3.111130e+03 0.000000e+00 1.000000e+00 1.000000e-01
3.111140e+03 0.000000e+00 1.000000e+00 1.000000e-01
3.111150e+03 0.000000e+00 1.000000e+00 1.000000e-01
3.111160e+03 0.000000e+00 1.000000e+00 1.000000e-01
3.111170e+03 0.000000e+00 1.000000e+00 1.000000e-01
3.111180e+03 0.000000e+00 1.000000e+00 1.000000e-01
3.111190e+03 0.000000e+00 1.000000e+00 1.000000e-01
3.111200e+03 0.000000e+00 1.000000e+00 1.000000e-01
3.111210e+03 0.000000e+00 1.000000e+00 1.000000e-01
3.111220e+03 0.000000e+00 1.000000e+00 1.000000e-01
3.111230e+03 0.000000e+00 1.000000e+00 1.000000e-01
3.111240e+03 0.000000e+00 1.000000e+00 1.000000e-01
3.111250e+03 0.000000e+00 1.000000e+00 1.000000e-01
3.111260e+03 0.000000e+00 1.000000e+00 1.000000e-01
3.111270e+03 0.000000e+00 1.000000e+00 1.000000e-01
3.111280e+03 0.000000e+00 1.000000e+00 1.000000e-01
3.111290e+03 0.000000e+00 1.000000e+00 1.000000e-01
3.111300e+03 0.000000e+00 1.000000e+00 1.000000e-01
3.111310e+03 0.000000e+00 1.000000e+00 1.000000e-01
3.111320e+03 0.000000e+00 1.000000e+00 1.000000e-01
3.111330e+03 0.000000e+00 1.000000e+00 1.000000e-01
3.111340e+03 0.000000e+00 1.000000e+00 1.000000e-01
3.111350e+03 0.000000e+00 1.000000e+00 1.000000e-01
3.111360e+03 0.000000e+00 1.000000e+00 1.000000e-01
3.111370e+03 0.000000e+00 1.000000e+00 1.000000e-01
3.111380e+03 0.000000e+00 1.000000e+00 1.000000e-01
3.111390e+03 0.000000e+00 1.000000e+00 1.000000e-01
3.111400e+03 0.000000e+00 1.000000e+00 1.000000e-01
3.111410e+03 0.000000e+00 1.000000e+00 1.000000e-01
3.111420e+03 0.000000e+00 1.000000e+00 1.000000e-01
3.111430e+03 0.000000e+00 1.000000e+00 1.000000e-01
3.111440e+03 0.000000e+00 1.000000e+00 1.000000e-01
3.111450e+03 0.000000e+00 1.000000e+00 1.000000e-01
3.111460e+03 0.000000e+00 1.000000e+00 1.000000e-01
3.111470e+03 0.000000e+00 1.000000e+00 1.000000e-01
3.111480e+03 0.000000e+00 1.000000e+00 1.000000e-01
3.111490e+03 0.000000e+00 1.000000e+00 1.000000e-01
3.111500e+03 0.000000e+00 1.000000e+00 1.000000e-01
3.111510e+03 0.000000e+00 1.000000e+00 1.000000e-01
3.111520e+03 0.000000e+00 1.000000e+00 1.000000e-01
3.111530e+03 0.000000e+00 1.000000e+00 1.000000e-01
3.111540e+03 0.000000e+00 1.000000e+00 1.000000e-01
3.111550e+03 0.000000e+00 1.000000e+00 1.000000e-01
3.111560e+03 0.000000e+00 1.000000e+00 1.000000e-01
3.111570e+03 0.000000e+00 1.000000e+00 1.000000e-01
3.111580e+03 0.000000e+00 1.000000e+00 1.000000e-01
3.111590e+03 0.000000e+00 1.000000e+00 1.000000e-01
3.111600e+03 0.000000e+00 1.000000e+00 1.000000e-01
3.111610e+03 0.000000e+00 1.000000e+00 1.000000e-01
3.111620e+03 0.000000e+00 1.000000e+00 1.000000e-01
3.111630e+03 0.000000e+00 1.000000e+00 1.000000e-01
3.111640e+03 0.000000e+00 1.000000e+00 1.000000e-01
3.111650e+03 0.000000e+00 1.000000e+00 1.000000e-01
3.111660e+03 0.000000e+00 1.000000e+00 1.000000e-01
3.111670e+03 0.000000e+00 1.000000e+00 1.000000e-01
3.111680e+03 0.000000e+00 1.000000e+00 1.000000e-01
3.111690e+03 0.000000e+00 1.000000e+00 1.000000e-01
3.111700e+03 0.000000e+00 1.000000e+00 1.000000e-01
3.111710e+03 0.000000e+00 1.000000e+00 1.000000e-01
3.111720e+03 0.000000e+00 1.000000e+00 1.000000e-01
3.111730e+03 0.000000e+00 1.000000e+00 1.000000e-01
3.111740e+03 0.000000e+00 1.000000e+00 1.000000e-01
3.111750e+03 0.000000e+00 1.000000e+00 1.000000e-01
3.111760e+03 0.000000e+00 1.000000e+00 1.000000e-01
3.111770e+03 0.000000e+00 1.000000e+00 1.000000e-01
3.111780e+03 0.000000e+00 1.000000e+00 1.000000e-01
3.111790e+03 0.000000e+00 1.000000e+00 1.000000e-01
3.111800e+03 0.000000e+00 1.000000e+00 1.000000e-01
3.111810e+03 0.000000e+00 1.000000e+00 1.000000e-01
3.111820e+03 0.000000e+00 1.000000e+00 1.000000e-01
3.111830e+03 0.000000e+00 1.000000e+00 1.000000e-01
3.111840e+03 0.000000e+00 1.000000e+00 1.000000e-01
3.111850e+03 0.000000e+00 1.000000e+00 1.000000e-01
3.111860e+03 0.000000e+00 1.000000e+00 1.000000e-01
3.111870e+03 0.000000e+00 1.000000e+00 1.000000e-01
3.111880e+03 0.000000e+00 1.000000e+00 1.000000e-01
3.111890e+03 0.000000e+00 1.000000e+00 1.000000e-01
3.111900e+03 0.000000e+00 1.000000e+00 1.000000e-01
3.111910e+03 0.000000e+00 1.000000e+00 1.000000e-01
3.111920e+03 0.000000e+00 1.000000e+00 1.000000e-01
3.111930e+03 0.000000e+00 1.000000e+00 1.000000e-01
3.111940e+03 0.000000e+00 1.000000e+00 1.000000e-01
3.111950e+03 0.000000e+00 1.000000e+00 1.000000e-01
3.111960e+03 0.000000e+00 1.000000e+00 1.000000e-01
3.111970e+03 0.000000e+00 1.000000e+00 1.000000e-01
3.111980e+03 0.000000e+00 1.000000e+00 1.000000e-01
3.111990e+03 0.000000e+00 1.000000e+00 1.000000e-01
3.112000e+03 0.000000e+00 1.000000e+00 1.000000e-01
3.112010e+03 0.000000e+00 1.000000e+00 1.000000e-01
3.112020e+03 0.000000e+00 1.000000e+00 1.000000e-01
3.112030e+03 0.000000e+00 1.000000e+00 1.000000e-01
3.112040e+03 0.000000e+00 1.000000e+00 1.000000e-01
3.112050e+03 0.000000e+00 1.000000e+00 1.000000e-01
3.112060e+03 0.000000e+00 1.000000e+00 1.000000e-01
3.112070e+03 0.000000e+00 1.000000e+00 1.000000e-01
3.112080e+03 0.000000e+00 1.000000e+00 1.000000e-01
3.112090e+03 0.000000e+00 1.000000e+00 1.000000e-01
3.112100e+03 0.000000e+00 1.000000e+00 1.000000e-01
3.112110e+03 0.000000e+00 1.000000e+00 1.000000e-01
3.112120e+03 0.000000e+00 1.000000e+00 1.000000e-01
3.112130e+03 0.000000e+00 1.000000e+00 1.000000e-01
3.112140e+03 0.000000e+00 1.000000e+00 1.000000e-01
3.112150e+03 0.000000e+00 1.000000e+00 1.000000e-01
3.112160e+03 0.000000e+00 1.000000e+00 1.000000e-01
3.112170e+03 0.000000e+00 1.000000e+00 1.000000e-01
3.112180e+03 0.000000e+00 1.000000e+00 1.000000e-01
3.112190e+03 0.000000e+00 1.000000e+00 1.000000e-01
3.112200e+03 0.000000e+00 1.000000e+00 1.000000e-01
3.112210e+03 0.000000e+00 1.000000e+00 1.000000e-01
3.112220e+03 0.000000e+00 1.000000e+00 1.000000e-01
3.112230e+03 0.000000e+00 1.000000e+00 1.000000e-01
3.112240e+03 0.000000e+00 1.000000e+00 1.000000e-01
3.112250e+03 0.000000e+00 1.000000e+00 1.000000e-01
3.112260e+03 0.000000e+00 1.000000e+00 1.000000e-01
3.112270e+03 0.000000e+00 1.000000e+00 1.000000e-01
3.112280e+03 0.000000e+00 1.000000e+00 1.000000e-01
3.112290e+03 0.000000e+00 1.000000e+00 1.000000e-01
3.112300e+03 0.000000e+00 1.000000e+00 1.000000e-01
3.112310e+03 0.000000e+00 1.000000e+00 1.000000e-01
3.112320e+03 0.000000e+00 1.000000e+00 1.000000e-01
3.112330e+03 0.000000e+00 1.000000e+00 1.000000e-01
3.112340e+03 0.000000e+00 1.000000e+00 1.000000e-01
3.112350e+03 0.000000e+00 1.000000e+00 1.000000e-01
3.112360e+03 0.000000e+00 1.000000e+00 1.000000e-01
3.112370e+03 0.000000e+00 1.000000e+00 1.000000e-01
3.112380e+03 0.000000e+00 1.000000e+00 1.000000e-01
3.112390e+03 0.000000e+00 1.000000e+00 1.000000e-01
3.112400e+03 0.000000e+00 1.000000e+00 1.000000e-01
3.112410e+03 0.000000e+00 1.000000e+00 1.000000e-01
3.112420e+03 0.000000e+00 1.000000e+00 1.000000e-01
3.112430e+03 0.000000e+00 1.000000e+00 1.000000e-01
3.112440e+03 0.000000e+00 1.000000e+00 1.000000e-01
3.112450e+03 0.000000e+00 1.000000e+00 1.000000e-01
3.112460e+03 0.000000e+00 1.000000e+00 1.000000e-01
3.112470e+03 0.000000e+00 1.000000e+00 1.000000e-01
3.112480e+03 0.000000e+00 1.000000e+00 1.000000e-01
3.112490e+03 0.000000e+00 1.000000e+00 1.000000e-01
3.112500e+03 0.000000e+00 1.000000e+00 1.000000e-01
3.112510e+03 0.000000e+00 1.000000e+00 1.000000e-01
3.112520e+03 0.000000e+00 1.000000e+00 1.000000e-01
3.112530e+03 0.000000e+00 1.000000e+00 1.000000e-01
3.112540e+03 0.000000e+00 1.000000e+00 1.000000e-01
3.112550e+03 0.000000e+00 1.000000e+00 1.000000e-01
3.112560e+03 0.000000e+00 1.000000e+00 1.000000e-01
3.112570e+03 0.000000e+00 1.000000e+00 1.000000e-01
3.112580e+03 0.000000e+00 1.000000e+00 1.000000e-01
3.112590e+03 0.000000e+00 1.000000e+00 1.000000e-01
3.112600e+03 0.000000e+00 1.000000e+00 1.000000e-01
3.112610e+03 0.000000e+00 1.000000e+00 1.000000e-01
3.112620e+03 0.000000e+00 1.000000e+00 1.000000e-01
3.112630e+03 0.000000e+00 1.000000e+00 1.000000e-01
3.112640e+03 0.000000e+00 1.000000e+00 1.000000e-01
3.112650e+03 0.000000e+00 1.000000e+00 1.000000e-01
3.112660e+03 0.000000e+00 1.000000e+00 1.000000e-01
3.112670e+03 0.000000e+00 1.000000e+00 1.000000e-01
3.112680e+03 0.000000e+00 1.000000e+00 1.000000e-01
3.112690e+03 0.000000e+00 1.000000e+00 1.000000e-01
3.112700e+03 0.000000e+00 1.000000e+00 1.000000e-01
3.112710e+03 0.000000e+00 1.000000e+00 1.000000e-01
3.112720e+03 0.000000e+00 1.000000e+00 1.000000e-01
3.112730e+03 0.000000e+00 1.000000e+00 1.000000e-01
3.112740e+03 0.000000e+00 1.000000e+00 1.000000e-01
3.112750e+03 0.000000e+00 1.000000e+00 1.000000e-01
3.112760e+03 0.000000e+00 1.000000e+00 1.000000e-01
3.112770e+03 0.000000e+00 1.000000e+00 1.000000e-01
3.112780e+03 0.000000e+00 1.000000e+00 1.000000e-01
3.112790e+03 0.000000e+00 1.000000e+00 1.000000e-01
3.112800e+03 0.000000e+00 1.000000e+00 1.000000e-01
3.112810e+03 0.000000e+00 1.000000e+00 1.000000e-01
3.112820e+03 0.000000e+00 1.000000e+00 1.000000e-01
3.112830e+03 0.000000e+00 1.000000e+00 1.000000e-01
3.112840e+03 0.000000e+00 1.000000e+00 1.000000e-01
3.112850e+03 0.000000e+00 1.000000e+00 1.000000e-01
3.112860e+03 0.000000e+00 1.000000e+00 1.000000e-01
3.112870e+03 0.000000e+00 1.000000e+00 1.000000e-01
3.112880e+03 0.000000e+00 1.000000e+00 1.000000e-01
3.112890e+03 0.000000e+00 1.000000e+00 1.000000e-01
3.112900e+03 0.000000e+00 1.000000e+00 1.000000e-01
3.112910e+03 0.000000e+00 1.000000e+00 1.000000e-01
3.112920e+03 0.000000e+00 1.000000e+00 1.000000e-01
3.112930e+03 0.000000e+00 1.000000e+00 1.000000e-01
3.112940e+03 0.000000e+00 1.000000e+00 1.000000e-01
3.112950e+03 0.000000e+00 1.000000e+00 1.000000e-01
3.112960e+03 0.000000e+00 1.000000e+00 1.000000e-01
3.112970e+03 0.000000e+00 1.000000e+00 1.000000e-01
3.112980e+03 0.000000e+00 1.000000e+00 1.000000e-01
3.112990e+03 0.000000e+00 1.000000e+00 1.000000e-01
3.113000e+03 0.000000e+00 1.000000e+00 1.000000e-01
3.113010e+03 0.000000e+00 1.000000e+00 1.000000e-01
3.113020e+03 0.000000e+00 1.000000e+00 1.000000e-01
3.113030e+03 0.000000e+00 1.000000e+00 1.000000e-01
3.113040e+03 0.000000e+00 1.000000e+00 1.000000e-01
3.113050e+03 0.000000e+00 1.000000e+00 1.000000e-01
3.113060e+03 0.000000e+00 1.000000e+00 1.000000e-01
3.113070e+03 0.000000e+00 1.000000e+00 1.000000e-01
3.113080e+03 0.000000e+00 1.000000e+00 1.000000e-01
3.113090e+03 0.000000e+00 1.000000e+00 1.000000e-01
3.113100e+03 0.000000e+00 1.000000e+00 1.000000e-01
3.113110e+03 0.000000e+00 1.000000e+00 1.000000e-01
3.113120e+03 0.000000e+00 1.000000e+00 1.000000e-01
3.113130e+03 0.000000e+00 1.000000e+00 1.000000e-01
3.113140e+03 0.000000e+00 1.000000e+00 1.000000e-01
3.113150e+03 0.000000e+00 1.000000e+00 1.000000e-01
3.113160e+03 0.000000e+00 1.000000e+00 1.000000e-01
3.113170e+03 0.000000e+00 1.000000e+00 1.000000e-01
3.113180e+03 0.000000e+00 1.000000e+00 1.000000e-01
3.113190e+03 0.000000e+00 1.000000e+00 1.000000e-01
3.113200e+03 0.000000e+00 1.000000e+00 1.000000e-01
3.113210e+03 0.000000e+00 1.000000e+00 1.000000e-01
3.113220e+03 0.000000e+00 1.000000e+00 1.000000e-01
3.113230e+03 0.000000e+00 1.000000e+00 1.000000e-01
3.113240e+03 0.000000e+00 1.000000e+00 1.000000e-01
3.113250e+03 0.000000e+00 1.000000e+00 1.000000e-01
3.113260e+03 0.000000e+00 1.000000e+00 1.000000e-01
3.113270e+03 0.000000e+00 1.000000e+00 1.000000e-01
3.113280e+03 0.000000e+00 1.000000e+00 1.000000e-01
3.113290e+03 0.000000e+00 1.000000e+00 1.000000e-01
3.113300e+03 0.000000e+00 1.000000e+00 1.000000e-01
3.113310e+03 0.000000e+00 1.000000e+00 1.000000e-01
3.113320e+03 0.000000e+00 1.000000e+00 1.000000e-01
3.113330e+03 0.000000e+00 1.000000e+00 1.000000e-01
3.113340e+03 0.000000e+00 1.000000e+00 1.000000e-01
3.113350e+03 0.000000e+00 1.000000e+00 1.000000e-01
3.113360e+03 0.000000e+00 1.000000e+00 1.000000e-01
3.113370e+03 0.000000e+00 1.000000e+00 1.000000e-01
3.113380e+03 0.000000e+00 1.000000e+00 1.000000e-01
3.113390e+03 0.000000e+00 1.000000e+00 1.000000e-01
3.113400e+03 0.000000e+00 1.000000e+00 1.000000e-01
3.113410e+03 0.000000e+00 1.000000e+00 1.000000e-01
3.113420e+03 0.000000e+00 1.000000e+00 1.000000e-01
3.113430e+03 0.000000e+00 1.000000e+00 1.000000e-01
3.113440e+03 0.000000e+00 1.000000e+00 1.000000e-01
3.113450e+03 0.000000e+00 1.000000e+00 1.000000e-01
3.113460e+03 0.000000e+00 1.000000e+00 1.000000e-01
3.113470e+03 0.000000e+00 1.000000e+00 1.000000e-01
3.113480e+03 0.000000e+00 1.000000e+00 1.000000e-01
3.113490e+03 0.000000e+00 1.000000e+00 1.000000e-01
3.113500e+03 0.000000e+00 1.000000e+00 1.000000e-01
3.113510e+03 0.000000e+00 1.000000e+00 1.000000e-01
3.113520e+03 0.000000e+00 1.000000e+00 1.000000e-01
3.113530e+03 0.000000e+00 1.000000e+00 1.000000e-01
3.113540e+03 0.000000e+00 1.000000e+00 1.000000e-01
3.113550e+03 0.000000e+00 1.000000e+00 1.000000e-01
3.113560e+03 0.000000e+00 1.000000e+00 1.000000e-01
3.113570e+03 0.000000e+00 1.000000e+00 1.000000e-01
3.113580e+03 0.000000e+00 1.000000e+00 1.000000e-01
3.113590e+03 0.000000e+00 1.000000e+00 1.000000e-01
3.113600e+03 0.000000e+00 1.000000e+00 1.000000e-01
3.113610e+03 0.000000e+00 1.000000e+00 1.000000e-01
3.113620e+03 0.000000e+00 1.000000e+00 1.000000e-01
3.113630e+03 0.000000e+00 1.000000e+00 1.000000e-01
3.113640e+03 0.000000e+00 1.000000e+00 1.000000e-01
3.113650e+03 0.000000e+00 1.000000e+00 1.000000e-01
3.113660e+03 0.000000e+00 1.000000e+00 1.000000e-01
3.113670e+03 0.000000e+00 1.000000e+00 1.000000e-01
3.113680e+03 0.000000e+00 1.000000e+00 1.000000e-01
3.113690e+03 0.000000e+00 1.000000e+00 1.000000e-01
3.113700e+03 0.000000e+00 1.000000e+00 1.000000e-01
3.113710e+03 0.000000e+00 1.000000e+00 1.000000e-01
3.113720e+03 0.000000e+00 1.000000e+00 1.000000e-01
3.113730e+03 0.000000e+00 1.000000e+00 1.000000e-01
3.113740e+03 0.000000e+00 1.000000e+00 1.000000e-01
3.113750e+03 0.000000e+00 1.000000e+00 1.000000e-01
3.113760e+03 0.000000e+00 1.000000e+00 1.000000e-01
3.113770e+03 0.000000e+00 1.000000e+00 1.000000e-01
3.113780e+03 0.000000e+00 1.000000e+00 1.000000e-01
3.113790e+03 0.000000e+00 1.000000e+00 1.000000e-01
3.113800e+03 0.000000e+00 1.000000e+00 1.000000e-01
3.113810e+03 0.000000e+00 1.000000e+00 1.000000e-01
3.113820e+03 0.000000e+00 1.000000e+00 1.000000e-01
3.113830e+03 0.000000e+00 1.000000e+00 1.000000e-01
3.113840e+03 0.000000e+00 1.000000e+00 1.000000e-01
3.113850e+03 0.000000e+00 1.000000e+00 1.000000e-01
3.113860e+03 0.000000e+00 1.000000e+00 1.000000e-01
3.113870e+03 0.000000e+00 1.000000e+00 1.000000e-01
3.113880e+03 0.000000e+00 1.000000e+00 1.000000e-01
3.113890e+03 0.000000e+00 1.000000e+00 1.000000e-01
3.113900e+03 0.000000e+00 1.000000e+00 1.000000e-01
3.113910e+03 0.000000e+00 1.000000e+00 1.000000e-01
3.113920e+03 0.000000e+00 1.000000e+00 1.000000e-01
3.113930e+03 0.000000e+00 1.000000e+00 1.000000e-01
3.113940e+03 0.000000e+00 1.000000e+00 1.000000e-01
3.113950e+03 0.000000e+00 1.000000e+00 1.000000e-01
3.113960e+03 0.000000e+00 1.000000e+00 1.000000e-01
3.113970e+03 0.000000e+00 1.000000e+00 1.000000e-01
3.113980e+03 0.000000e+00 1.000000e+00 1.000000e-01
3.113990e+03 0.000000e+00 1.000000e+00 1.000000e-01
3.114000e+03 0.000000e+00 1.000000e+00 1.000000e-01
3.114010e+03 0.000000e+00 1.000000e+00 1.000000e-01
3.114020e+03 0.000000e+00 1.000000e+00 1.000000e-01
3.114030e+03 0.000000e+00 1.000000e+00 1.000000e-01
3.114040e+03 0.000000e+00 1.000000e+00 1.000000e-01
3.114050e+03 0.000000e+00 1.000000e+00 1.000000e-01
3.114060e+03 0.000000e+00 1.000000e+00 1.000000e-01
3.114070e+03 0.000000e+00 1.000000e+00 1.000000e-01
3.114080e+03 0.000000e+00 1.000000e+00 1.000000e-01
3.114090e+03 0.000000e+00 1.000000e+00 1.000000e-01
3.114100e+03 0.000000e+00 1.000000e+00 1.000000e-01
3.114110e+03 0.000000e+00 1.000000e+00 1.000000e-01
3.114120e+03 0.000000e+00 1.000000e+00 1.000000e-01
3.114130e+03 0.000000e+00 1.000000e+00 1.000000e-01
3.114140e+03 0.000000e+00 1.000000e+00 1.000000e-01
3.114150e+03 0.000000e+00 1.000000e+00 1.000000e-01
3.114160e+03 0.000000e+00 1.000000e+00 1.000000e-01
3.114170e+03 0.000000e+00 1.000000e+00 1.000000e-01
3.114180e+03 0.000000e+00 1.000000e+00 1.000000e-01
3.114190e+03 0.000000e+00 1.000000e+00 1.000000e-01
3.114200e+03 0.000000e+00 1.000000e+00 1.000000e-01
3.114210e+03 0.000000e+00 1.000000e+00 1.000000e-01
3.114220e+03 0.000000e+00 1.000000e+00 1.000000e-01
3.114230e+03 0.000000e+00 1.000000e+00 1.000000e-01
3.114240e+03 0.000000e+00 1.000000e+00 1.000000e-01
3.114250e+03 0.000000e+00 1.000000e+00 1.000000e-01
3.114260e+03 0.000000e+00 1.000000e+00 1.000000e-01
3.114270e+03 0.000000e+00 1.000000e+00 1.000000e-01
3.114280e+03 0.000000e+00 1.000000e+00 1.000000e-01
3.114290e+03 0.000000e+00 1.000000e+00 1.000000e-01
3.114300e+03 0.000000e+00 1.000000e+00 1.000000e-01
3.114310e+03 0.000000e+00 1.000000e+00 1.000000e-01
3.114320e+03 0.000000e+00 1.000000e+00 1.000000e-01
3.114330e+03 0.000000e+00 1.000000e+00 1.000000e-01
3.114340e+03 0.000000e+00 1.000000e+00 1.000000e-01
3.114350e+03 0.000000e+00 1.000000e+00 1.000000e-01
3.114360e+03 0.000000e+00 1.000000e+00 1.000000e-01
3.114370e+03 0.000000e+00 1.000000e+00 1.000000e-01
3.114380e+03 0.000000e+00 1.000000e+00 1.000000e-01
3.114390e+03 0.000000e+00 1.000000e+00 1.000000e-01
3.114400e+03 0.000000e+00 1.000000e+00 1.000000e-01
3.114410e+03 0.000000e+00 1.000000e+00 1.000000e-01
3.114420e+03 0.000000e+00 1.000000e+00 1.000000e-01
3.114430e+03 0.000000e+00 1.000000e+00 1.000000e-01
3.114440e+03 0.000000e+00 1.000000e+00 1.000000e-01
3.114450e+03 0.000000e+00 1.000000e+00 1.000000e-01
3.114460e+03 0.000000e+00 1.000000e+00 1.000000e-01
3.114470e+03 0.000000e+00 1.000000e+00 1.000000e-01
3.114480e+03 0.000000e+00 1.000000e+00 1.000000e-01
3.114490e+03 0.000000e+00 1.000000e+00 1.000000e-01
3.114500e+03 0.000000e+00 1.000000e+00 1.000000e-01
3.114510e+03 0.000000e+00 1.000000e+00 1.000000e-01
3.114520e+03 0.000000e+00 1.000000e+00 1.000000e-01
3.114530e+03 0.000000e+00 1.000000e+00 1.000000e-01
3.114540e+03 0.000000e+00 1.000000e+00 1.000000e-01
3.114550e+03 0.000000e+00 1.000000e+00 1.000000e-01
3.114560e+03 0.000000e+00 1.000000e+00 1.000000e-01
3.114570e+03 0.000000e+00 1.000000e+00 1.000000e-01
3.114580e+03 0.000000e+00 1.000000e+00 1.000000e-01
3.114590e+03 0.000000e+00 1.000000e+00 1.000000e-01
3.114600e+03 0.000000e+00 1.000000e+00 1.000000e-01
3.114610e+03 0.000000e+00 1.000000e+00 1.000000e-01
3.114620e+03 0.000000e+00 1.000000e+00 1.000000e-01
3.114630e+03 0.000000e+00 1.000000e+00 1.000000e-01
3.114640e+03 0.000000e+00 1.000000e+00 1.000000e-01
3.114650e+03 0.000000e+00 1.000000e+00 1.000000e-01
3.114660e+03 0.000000e+00 1.000000e+00 1.000000e-01
3.114670e+03 0.000000e+00 1.000000e+00 1.000000e-01
3.114680e+03 0.000000e+00 1.000000e+00 1.000000e-01
3.114690e+03 0.000000e+00 1.000000e+00 1.000000e-01
3.114700e+03 0.000000e+00 1.000000e+00 1.000000e-01
3.114710e+03 0.000000e+00 1.000000e+00 1.000000e-01
3.114720e+03 0.000000e+00 1.000000e+00 1.000000e-01
3.114730e+03 0.000000e+00 1.000000e+00 1.000000e-01
3.114740e+03 0.000000e+00 1.000000e+00 1.000000e-01
3.114750e+03 0.000000e+00 1.000000e+00 1.000000e-01
3.114760e+03 0.000000e+00 1.000000e+00 1.000000e-01
3.114770e+03 0.000000e+00 1.000000e+00 1.000000e-01
3.114780e+03 0.000000e+00 1.000000e+00 1.000000e-01
3.114790e+03 0.000000e+00 1.000000e+00 1.000000e-01
3.114800e+03 0.000000e+00 1.000000e+00 1.000000e-01
3.114810e+03 0.000000e+00 1.000000e+00 1.000000e-01
3.114820e+03 0.000000e+00 1.000000e+00 1.000000e-01
3.114830e+03 0.000000e+00 1.000000e+00 1.000000e-01
3.114840e+03 0.000000e+00 1.000000e+00 1.000000e-01
3.114850e+03 0.000000e+00 1.000000e+00 1.000000e-01
3.114860e+03 0.000000e+00 1.000000e+00 1.000000e-01
3.114870e+03 0.000000e+00 1.000000e+00 1.000000e-01
3.114880e+03 0.000000e+00 1.000000e+00 1.000000e-01
3.114890e+03 0.000000e+00 1.000000e+00 1.000000e-01
3.114900e+03 0.000000e+00 1.000000e+00 1.000000e-01
3.114910e+03 0.000000e+00 1.000000e+00 1.000000e-01
3.114920e+03 0.000000e+00 1.000000e+00 1.000000e-01
3.114930e+03 0.000000e+00 1.000000e+00 1.000000e-01
3.114940e+03 0.000000e+00 1.000000e+00 1.000000e-01
3.114950e+03 0.000000e+00 1.000000e+00 1.000000e-01
3.114960e+03 0.000000e+00 1.000000e+00 1.000000e-01
3.114970e+03 0.000000e+00 1.000000e+00 1.000000e-01
3.114980e+03 0.000000e+00 1.000000e+00 1.000000e-01
3.114990e+03 0.000000e+00 1.000000e+00 1.000000e-01
3.115000e+03 0.000000e+00 1.000000e+00 1.000000e-01
3.115010e+03 0.000000e+00 1.000000e+00 1.000000e-01
3.115020e+03 0.000000e+00 1.000000e+00 1.000000e-01
3.115030e+03 0.000000e+00 1.000000e+00 1.000000e-01
3.115040e+03 0.000000e+00 1.000000e+00 1.000000e-01
3.115050e+03 0.000000e+00 1.000000e+00 1.000000e-01
3.115060e+03 0.000000e+00 1.000000e+00 1.000000e-01
3.115070e+03 0.000000e+00 1.000000e+00 1.000000e-01
3.115080e+03 0.000000e+00 1.000000e+00 1.000000e-01
3.115090e+03 0.000000e+00 1.000000e+00 1.000000e-01
3.115100e+03 0.000000e+00 1.000000e+00 1.000000e-01
3.115110e+03 0.000000e+00 1.000000e+00 1.000000e-01
3.115120e+03 0.000000e+00 1.000000e+00 1.000000e-01
3.115130e+03 0.000000e+00 1.000000e+00 1.000000e-01
3.115140e+03 0.000000e+00 1.000000e+00 1.000000e-01
3.115150e+03 0.000000e+00 1.000000e+00 1.000000e-01
3.115160e+03 0.000000e+00 1.000000e+00 1.000000e-01
3.115170e+03 0.000000e+00 1.000000e+00 1.000000e-01
3.115180e+03 0.000000e+00 1.000000e+00 1.000000e-01
3.115190e+03 0.000000e+00 1.000000e+00 1.000000e-01
3.115200e+03 0.000000e+00 1.000000e+00 1.000000e-01
3.115210e+03 0.000000e+00 1.000000e+00 1.000000e-01
3.115220e+03 0.000000e+00 1.000000e+00 1.000000e-01
3.115230e+03 0.000000e+00 1.000000e+00 1.000000e-01
3.115240e+03 0.000000e+00 1.000000e+00 1.000000e-01
3.115250e+03 0.000000e+00 1.000000e+00 1.000000e-01
3.115260e+03 0.000000e+00 1.000000e+00 1.000000e-01
3.115270e+03 0.000000e+00 1.000000e+00 1.000000e-01
3.115280e+03 0.000000e+00 1.000000e+00 1.000000e-01
3.115290e+03 0.000000e+00 1.000000e+00 1.000000e-01
3.115300e+03 0.000000e+00 1.000000e+00 1.000000e-01
3.115310e+03 0.000000e+00 1.000000e+00 1.000000e-01
3.115320e+03 0.000000e+00 1.000000e+00 1.000000e-01
3.115330e+03 0.000000e+00 1.000000e+00 1.000000e-01
3.115340e+03 0.000000e+00 1.000000e+00 1.000000e-01
3.115350e+03 0.000000e+00 1.000000e+00 1.000000e-01
3.115360e+03 0.000000e+00 1.000000e+00 1.000000e-01
3.115370e+03 0.000000e+00 1.000000e+00 1.000000e-01
3.115380e+03 0.000000e+00 1.000000e+00 1.000000e-01
3.115390e+03 0.000000e+00 1.000000e+00 1.000000e-01
3.115400e+03 0.000000e+00 1.000000e+00 1.000000e-01
3.115410e+03 0.000000e+00 1.000000e+00 1.000000e-01
3.115420e+03 0.000000e+00 1.000000e+00 1.000000e-01
3.115430e+03 0.000000e+00 1.000000e+00 1.000000e-01
3.115440e+03 0.000000e+00 1.000000e+00 1.000000e-01
3.115450e+03 0.000000e+00 1.000000e+00 1.000000e-01
3.115460e+03 0.000000e+00 1.000000e+00 1.000000e-01
3.115470e+03 0.000000e+00 1.000000e+00 1.000000e-01
3.115480e+03 0.000000e+00 1.000000e+00 1.000000e-01
3.115490e+03 0.000000e+00 1.000000e+00 1.000000e-01
3.115500e+03 0.000000e+00 1.000000e+00 1.000000e-01
3.115510e+03 0.000000e+00 1.000000e+00 1.000000e-01
3.115520e+03 0.000000e+00 1.000000e+00 1.000000e-01
3.115530e+03 0.000000e+00 1.000000e+00 1.000000e-01
3.115540e+03 0.000000e+00 1.000000e+00 1.000000e-01
3.115550e+03 0.000000e+00 1.000000e+00 1.000000e-01
3.115560e+03 0.000000e+00 1.000000e+00 1.000000e-01
3.115570e+03 0.000000e+00 1.000000e+00 1.000000e-01
3.115580e+03 0.000000e+00 1.000000e+00 1.000000e-01
3.115590e+03 0.000000e+00 1.000000e+00 1.000000e-01
3.115600e+03 0.000000e+00 1.000000e+00 1.000000e-01
3.115610e+03 0.000000e+00 1.000000e+00 1.000000e-01
3.115620e+03 0.000000e+00 1.000000e+00 1.000000e-01
3.115630e+03 0.000000e+00 1.000000e+00 1.000000e-01
3.115640e+03 0.000000e+00 1.000000e+00 1.000000e-01
3.115650e+03 0.000000e+00 1.000000e+00 1.000000e-01
3.115660e+03 0.000000e+00 1.000000e+00 1.000000e-01
3.115670e+03 0.000000e+00 1.000000e+00 1.000000e-01
3.115680e+03 0.000000e+00 1.000000e+00 1.000000e-01
3.115690e+03 0.000000e+00 1.000000e+00 1.000000e-01
3.115700e+03 0.000000e+00 1.000000e+00 1.000000e-01
3.115710e+03 0.000000e+00 1.000000e+00 1.000000e-01
3.115720e+03 0.000000e+00 1.000000e+00 1.000000e-01
3.115730e+03 0.000000e+00 1.000000e+00 1.000000e-01
3.115740e+03 0.000000e+00 1.000000e+00 1.000000e-01
3.115750e+03 0.000000e+00 1.000000e+00 1.000000e-01
3.115760e+03 0.000000e+00 1.000000e+00 1.000000e-01
3.115770e+03 0.000000e+00 1.000000e+00 1.000000e-01
3.115780e+03 0.000000e+00 1.000000e+00 1.000000e-01
3.115790e+03 0.000000e+00 1.000000e+00 1.000000e-01
3.115800e+03 0.000000e+00 1.000000e+00 1.000000e-01
3.115810e+03 0.000000e+00 1.000000e+00 1.000000e-01
3.115820e+03 0.000000e+00 1.000000e+00 1.000000e-01
3.115830e+03 0.000000e+00 1.000000e+00 1.000000e-01
3.115840e+03 0.000000e+00 1.000000e+00 1.000000e-01
3.115850e+03 0.000000e+00 1.000000e+00 1.000000e-01
3.115860e+03 0.000000e+00 1.000000e+00 1.000000e-01
3.115870e+03 0.000000e+00 1.000000e+00 1.000000e-01
3.115880e+03 0.000000e+00 1.000000e+00 1.000000e-01
3.115890e+03 0.000000e+00 1.000000e+00 1.000000e-01
3.115900e+03 0.000000e+00 1.000000e+00 1.000000e-01
3.115910e+03 0.000000e+00 1.000000e+00 1.000000e-01
3.115920e+03 0.000000e+00 1.000000e+00 1.000000e-01
3.115930e+03 0.000000e+00 1.000000e+00 1.000000e-01
3.115940e+03 0.000000e+00 1.000000e+00 1.000000e-01
3.115950e+03 0.000000e+00 1.000000e+00 1.000000e-01
3.115960e+03 0.000000e+00 1.000000e+00 1.000000e-01
3.115970e+03 0.000000e+00 1.000000e+00 1.000000e-01
3.115980e+03 0.000000e+00 1.000000e+00 1.000000e-01
3.115990e+03 0.000000e+00 1.000000e+00 1.000000e-01
3.116000e+03 0.000000e+00 1.000000e+00 1.000000e-01
3.116010e+03 0.000000e+00 1.000000e+00 1.000000e-01
3.116020e+03 0.000000e+00 1.000000e+00 1.000000e-01
3.116030e+03 0.000000e+00 1.000000e+00 1.000000e-01
3.116040e+03 0.000000e+00 1.000000e+00 1.000000e-01
3.116050e+03 0.000000e+00 1.000000e+00 1.000000e-01
3.116060e+03 0.000000e+00 1.000000e+00 1.000000e-01
3.116070e+03 0.000000e+00 1.000000e+00 1.000000e-01
3.116080e+03 0.000000e+00 1.000000e+00 1.000000e-01
3.116090e+03 0.000000e+00 1.000000e+00 1.000000e-01
3.116100e+03 0.000000e+00 1.000000e+00 1.000000e-01
3.116110e+03 0.000000e+00 1.000000e+00 1.000000e-01
3.116120e+03 0.000000e+00 1.000000e+00 1.000000e-01
3.116130e+03 0.000000e+00 1.000000e+00 1.000000e-01
3.116140e+03 0.000000e+00 1.000000e+00 1.000000e-01
3.116150e+03 0.000000e+00 1.000000e+00 1.000000e-01
3.116160e+03 0.000000e+00 1.000000e+00 1.000000e-01
3.116170e+03 0.000000e+00 1.000000e+00 1.000000e-01
3.116180e+03 0.000000e+00 1.000000e+00 1.000000e-01
3.116190e+03 0.000000e+00 1.000000e+00 1.000000e-01
3.116200e+03 0.000000e+00 1.000000e+00 1.000000e-01
3.116210e+03 0.000000e+00 1.000000e+00 1.000000e-01
3.116220e+03 0.000000e+00 1.000000e+00 1.000000e-01
3.116230e+03 0.000000e+00 1.000000e+00 1.000000e-01
3.116240e+03 0.000000e+00 1.000000e+00 1.000000e-01
3.116250e+03 0.000000e+00 1.000000e+00 1.000000e-01
3.116260e+03 0.000000e+00 1.000000e+00 1.000000e-01
3.116270e+03 0.000000e+00 1.000000e+00 1.000000e-01
3.116280e+03 0.000000e+00 1.000000e+00 1.000000e-01
3.116290e+03 0.000000e+00 1.000000e+00 1.000000e-01
3.116300e+03 0.000000e+00 1.000000e+00 1.000000e-01
3.116310e+03 0.000000e+00 1.000000e+00 1.000000e-01
3.116320e+03 0.000000e+00 1.000000e+00 1.000000e-01
3.116330e+03 0.000000e+00 1.000000e+00 1.000000e-01
3.116340e+03 0.000000e+00 1.000000e+00 1.000000e-01
3.116350e+03 0.000000e+00 1.000000e+00 1.000000e-01
3.116360e+03 0.000000e+00 1.000000e+00 1.000000e-01
3.116370e+03 0.000000e+00 1.000000e+00 1.000000e-01
3.116380e+03 0.000000e+00 1.000000e+00 1.000000e-01
3.116390e+03 0.000000e+00 1.000000e+00 1.000000e-01
3.116400e+03 0.000000e+00 1.000000e+00 1.000000e-01
3.116410e+03 0.000000e+00 1.000000e+00 1.000000e-01
3.116420e+03 0.000000e+00 1.000000e+00 1.000000e-01
3.116430e+03 0.000000e+00 1.000000e+00 1.000000e-01
3.116440e+03 0.000000e+00 1.000000e+00 1.000000e-01
3.116450e+03 0.000000e+00 1.000000e+00 1.000000e-01
3.116460e+03 0.000000e+00 1.000000e+00 1.000000e-01
3.116470e+03 0.000000e+00 1.000000e+00 1.000000e-01
3.116480e+03 0.000000e+00 1.000000e+00 1.000000e-01
3.116490e+03 0.000000e+00 1.000000e+00 1.000000e-01
3.116500e+03 0.000000e+00 1.000000e+00 1.000000e-01
3.116510e+03 0.000000e+00 1.000000e+00 1.000000e-01
3.116520e+03 0.000000e+00 1.000000e+00 1.000000e-01
3.116530e+03 0.000000e+00 1.000000e+00 1.000000e-01
3.116540e+03 0.000000e+00 1.000000e+00 1.000000e-01
3.116550e+03 0.000000e+00 1.000000e+00 1.000000e-01
3.116560e+03 0.000000e+00 1.000000e+00 1.000000e-01
3.116570e+03 0.000000e+00 1.000000e+00 1.000000e-01
3.116580e+03 0.000000e+00 1.000000e+00 1.000000e-01
3.116590e+03 0.000000e+00 1.000000e+00 1.000000e-01
3.116600e+03 0.000000e+00 1.000000e+00 1.000000e-01
3.116610e+03 0.000000e+00 1.000000e+00 1.000000e-01
3.116620e+03 0.000000e+00 1.000000e+00 1.000000e-01
3.116630e+03 0.000000e+00 1.000000e+00 1.000000e-01
3.116640e+03 0.000000e+00 1.000000e+00 1.000000e-01
3.116650e+03 0.000000e+00 1.000000e+00 1.000000e-01
3.116660e+03 0.000000e+00 1.000000e+00 1.000000e-01
3.116670e+03 0.000000e+00 1.000000e+00 1.000000e-01
3.116680e+03 0.000000e+00 1.000000e+00 1.000000e-01
3.116690e+03 0.000000e+00 1.000000e+00 1.000000e-01
3.116700e+03 0.000000e+00 1.000000e+00 1.000000e-01
3.116710e+03 0.000000e+00 1.000000e+00 1.000000e-01
3.116720e+03 0.000000e+00 1.000000e+00 1.000000e-01
3.116730e+03 0.000000e+00 1.000000e+00 1.000000e-01
3.116740e+03 0.000000e+00 1.000000e+00 1.000000e-01
3.116750e+03 0.000000e+00 1.000000e+00 1.000000e-01
3.116760e+03 0.000000e+00 1.000000e+00 1.000000e-01
3.116770e+03 0.000000e+00 1.000000e+00 1.000000e-01
3.116780e+03 0.000000e+00 1.000000e+00 1.000000e-01
3.116790e+03 0.000000e+00 1.000000e+00 1.000000e-01
3.116800e+03 0.000000e+00 1.000000e+00 1.000000e-01
3.116810e+03 0.000000e+00 1.000000e+00 1.000000e-01
3.116820e+03 0.000000e+00 1.000000e+00 1.000000e-01
3.116830e+03 0.000000e+00 1.000000e+00 1.000000e-01
3.116840e+03 0.000000e+00 1.000000e+00 1.000000e-01
3.116850e+03 0.000000e+00 1.000000e+00 1.000000e-01
3.116860e+03 0.000000e+00 1.000000e+00 1.000000e-01
3.116870e+03 0.000000e+00 1.000000e+00 1.000000e-01
3.116880e+03 0.000000e+00 1.000000e+00 1.000000e-01
3.116890e+03 0.000000e+00 1.000000e+00 1.000000e-01
3.116900e+03 0.000000e+00 1.000000e+00 1.000000e-01
3.116910e+03 0.000000e+00 1.000000e+00 1.000000e-01
3.116920e+03 0.000000e+00 1.000000e+00 1.000000e-01
3.116930e+03 0.000000e+00 1.000000e+00 1.000000e-01
3.116940e+03 0.000000e+00 1.000000e+00 1.000000e-01
3.116950e+03 0.000000e+00 1.000000e+00 1.000000e-01
3.116960e+03 0.000000e+00 1.000000e+00 1.000000e-01
3.116970e+03 0.000000e+00 1.000000e+00 1.000000e-01
3.116980e+03 0.000000e+00 1.000000e+00 1.000000e-01
3.116990e+03 0.000000e+00 1.000000e+00 1.000000e-01
3.117000e+03 0.000000e+00 1.000000e+00 1.000000e-01
3.117010e+03 0.000000e+00 1.000000e+00 1.000000e-01
3.117020e+03 0.000000e+00 1.000000e+00 1.000000e-01
3.117030e+03 0.000000e+00 1.000000e+00 1.000000e-01
3.117040e+03 0.000000e+00 1.000000e+00 1.000000e-01
3.117050e+03 0.000000e+00 1.000000e+00 1.000000e-01
3.117060e+03 0.000000e+00 1.000000e+00 1.000000e-01
3.117070e+03 0.000000e+00 1.000000e+00 1.000000e-01
3.117080e+03 0.000000e+00 1.000000e+00 1.000000e-01
3.117090e+03 0.000000e+00 1.000000e+00 1.000000e-01
3.117100e+03 0.000000e+00 1.000000e+00 1.000000e-01
3.117110e+03 0.000000e+00 1.000000e+00 1.000000e-01
3.117120e+03 0.000000e+00 1.000000e+00 1.000000e-01
3.117130e+03 0.000000e+00 1.000000e+00 1.000000e-01
3.117140e+03 0.000000e+00 1.000000e+00 1.000000e-01
3.117150e+03 0.000000e+00 1.000000e+00 1.000000e-01
3.117160e+03 0.000000e+00 1.000000e+00 1.000000e-01
3.117170e+03 0.000000e+00 1.000000e+00 1.000000e-01
3.117180e+03 0.000000e+00 1.000000e+00 1.000000e-01
3.117190e+03 0.000000e+00 1.000000e+00 1.000000e-01
3.117200e+03 0.000000e+00 1.000000e+00 1.000000e-01
3.117210e+03 0.000000e+00 1.000000e+00 1.000000e-01
3.117220e+03 0.000000e+00 1.000000e+00 1.000000e-01
3.117230e+03 0.000000e+00 1.000000e+00 1.000000e-01
3.117240e+03 0.000000e+00 1.000000e+00 1.000000e-01
3.117250e+03 0.000000e+00 1.000000e+00 1.000000e-01
3.117260e+03 0.000000e+00 1.000000e+00 1.000000e-01
3.117270e+03 0.000000e+00 1.000000e+00 1.000000e-01
3.117280e+03 0.000000e+00 1.000000e+00 1.000000e-01
3.117290e+03 0.000000e+00 1.000000e+00 1.000000e-01
3.117300e+03 0.000000e+00 1.000000e+00 1.000000e-01
3.117310e+03 0.000000e+00 1.000000e+00 1.000000e-01
3.117320e+03 0.000000e+00 1.000000e+00 1.000000e-01
3.117330e+03 0.000000e+00 1.000000e+00 1.000000e-01
3.117340e+03 0.000000e+00 1.000000e+00 1.000000e-01
3.117350e+03 0.000000e+00 1.000000e+00 1.000000e-01
3.117360e+03 0.000000e+00 1.000000e+00 1.000000e-01
3.117370e+03 0.000000e+00 1.000000e+00 1.000000e-01
3.117380e+03 0.000000e+00 1.000000e+00 1.000000e-01
3.117390e+03 0.000000e+00 1.000000e+00 1.000000e-01
3.117400e+03 0.000000e+00 1.000000e+00 1.000000e-01
3.117410e+03 0.000000e+00 1.000000e+00 1.000000e-01
3.117420e+03 0.000000e+00 1.000000e+00 1.000000e-01
3.117430e+03 0.000000e+00 1.000000e+00 1.000000e-01
3.117440e+03 0.000000e+00 1.000000e+00 1.000000e-01
3.117450e+03 0.000000e+00 1.000000e+00 1.000000e-01
3.117460e+03 0.000000e+00 1.000000e+00 1.000000e-01
3.117470e+03 0.000000e+00 1.000000e+00 1.000000e-01
3.117480e+03 0.000000e+00 1.000000e+00 1.000000e-01
3.117490e+03 0.000000e+00 1.000000e+00 1.000000e-01
3.117500e+03 0.000000e+00 1.000000e+00 1.000000e-01
3.117510e+03 0.000000e+00 1.000000e+00 1.000000e-01
3.117520e+03 0.000000e+00 1.000000e+00 1.000000e-01
3.117530e+03 0.000000e+00 1.000000e+00 1.000000e-01
3.117540e+03 0.000000e+00 1.000000e+00 1.000000e-01
3.117550e+03 0.000000e+00 1.000000e+00 1.000000e-01
3.117560e+03 0.000000e+00 1.000000e+00 1.000000e-01
3.117570e+03 0.000000e+00 1.000000e+00 1.000000e-01
3.117580e+03 0.000000e+00 1.000000e+00 1.000000e-01
3.117590e+03 0.000000e+00 1.000000e+00 1.000000e-01
3.117600e+03 0.000000e+00 1.000000e+00 1.000000e-01
3.117610e+03 0.000000e+00 1.000000e+00 1.000000e-01
3.117620e+03 0.000000e+00 1.000000e+00 1.000000e-01
3.117630e+03 0.000000e+00 1.000000e+00 1.000000e-01
3.117640e+03 0.000000e+00 1.000000e+00 1.000000e-01
3.117650e+03 0.000000e+00 1.000000e+00 1.000000e-01
3.117660e+03 0.000000e+00 1.000000e+00 1.000000e-01
3.117670e+03 0.000000e+00 1.000000e+00 1.000000e-01
3.117680e+03 0.000000e+00 1.000000e+00 1.000000e-01
3.117690e+03 0.000000e+00 1.000000e+00 1.000000e-01
3.117700e+03 0.000000e+00 1.000000e+00 1.000000e-01
3.117710e+03 0.000000e+00 1.000000e+00 1.000000e-01
3.117720e+03 0.000000e+00 1.000000e+00 1.000000e-01
3.117730e+03 0.000000e+00 1.000000e+00 1.000000e-01
3.117740e+03 0.000000e+00 1.000000e+00 1.000000e-01
3.117750e+03 0.000000e+00 1.000000e+00 1.000000e-01
3.117760e+03 0.000000e+00 1.000000e+00 1.000000e-01
3.117770e+03 0.000000e+00 1.000000e+00 1.000000e-01
3.117780e+03 0.000000e+00 1.000000e+00 1.000000e-01
3.117790e+03 0.000000e+00 1.000000e+00 1.000000e-01
3.117800e+03 0.000000e+00 1.000000e+00 1.000000e-01
3.117810e+03 0.000000e+00 1.000000e+00 1.000000e-01
3.117820e+03 0.000000e+00 1.000000e+00 1.000000e-01
3.117830e+03 0.000000e+00 1.000000e+00 1.000000e-01
3.117840e+03 0.000000e+00 1.000000e+00 1.000000e-01
3.117850e+03 0.000000e+00 1.000000e+00 1.000000e-01
3.117860e+03 0.000000e+00 1.000000e+00 1.000000e-01
3.117870e+03 0.000000e+00 1.000000e+00 1.000000e-01
3.117880e+03 0.000000e+00 1.000000e+00 1.000000e-01
3.117890e+03 0.000000e+00 1.000000e+00 1.000000e-01
3.117900e+03 0.000000e+00 1.000000e+00 1.000000e-01
3.117910e+03 0.000000e+00 1.000000e+00 1.000000e-01
3.117920e+03 0.000000e+00 1.000000e+00 1.000000e-01
3.117930e+03 0.000000e+00 1.000000e+00 1.000000e-01
3.117940e+03 0.000000e+00 1.000000e+00 1.000000e-01
3.117950e+03 0.000000e+00 1.000000e+00 1.000000e-01
3.117960e+03 0.000000e+00 1.000000e+00 1.000000e-01
3.117970e+03 0.000000e+00 1.000000e+00 1.000000e-01
3.117980e+03 0.000000e+00 1.000000e+00 1.000000e-01
3.117990e+03 0.000000e+00 1.000000e+00 1.000000e-01
3.118000e+03 0.000000e+00 1.000000e+00 1.000000e-01
3.118010e+03 0.000000e+00 1.000000e+00 1.000000e-01
3.118020e+03 0.000000e+00 1.000000e+00 1.000000e-01
3.118030e+03 0.000000e+00 1.000000e+00 1.000000e-01
3.118040e+03 0.000000e+00 1.000000e+00 1.000000e-01
3.118050e+03 0.000000e+00 1.000000e+00 1.000000e-01
3.118060e+03 0.000000e+00 1.000000e+00 1.000000e-01
3.118070e+03 0.000000e+00 1.000000e+00 1.000000e-01
3.118080e+03 0.000000e+00 1.000000e+00 1.000000e-01
3.118090e+03 0.000000e+00 1.000000e+00 1.000000e-01
3.118100e+03 0.000000e+00 1.000000e+00 1.000000e-01
3.118110e+03 0.000000e+00 1.000000e+00 1.000000e-01
3.118120e+03 0.000000e+00 1.000000e+00 1.000000e-01
3.118130e+03 0.000000e+00 1.000000e+00 1.000000e-01
3.118140e+03 0.000000e+00 1.000000e+00 1.000000e-01
3.118150e+03 0.000000e+00 1.000000e+00 1.000000e-01
3.118160e+03 0.000000e+00 1.000000e+00 1.000000e-01
3.118170e+03 0.000000e+00 1.000000e+00 1.000000e-01
3.118180e+03 0.000000e+00 1.000000e+00 1.000000e-01
3.118190e+03 0.000000e+00 1.000000e+00 1.000000e-01
3.118200e+03 0.000000e+00 1.000000e+00 1.000000e-01
3.118210e+03 0.000000e+00 1.000000e+00 1.000000e-01
3.118220e+03 0.000000e+00 1.000000e+00 1.000000e-01
3.118230e+03 0.000000e+00 1.000000e+00 1.000000e-01
3.118240e+03 0.000000e+00 1.000000e+00 1.000000e-01
3.118250e+03 0.000000e+00 1.000000e+00 1.000000e-01
3.118260e+03 0.000000e+00 1.000000e+00 1.000000e-01
3.118270e+03 0.000000e+00 1.000000e+00 1.000000e-01
3.118280e+03 0.000000e+00 1.000000e+00 1.000000e-01
3.118290e+03 0.000000e+00 1.000000e+00 1.000000e-01
3.118300e+03 0.000000e+00 1.000000e+00 1.000000e-01
3.118310e+03 0.000000e+00 1.000000e+00 1.000000e-01
3.118320e+03 0.000000e+00 1.000000e+00 1.000000e-01
3.118330e+03 0.000000e+00 1.000000e+00 1.000000e-01
3.118340e+03 0.000000e+00 1.000000e+00 1.000000e-01
3.118350e+03 0.000000e+00 1.000000e+00 1.000000e-01
3.118360e+03 0.000000e+00 1.000000e+00 1.000000e-01
3.118370e+03 0.000000e+00 1.000000e+00 1.000000e-01
3.118380e+03 0.000000e+00 1.000000e+00 1.000000e-01
3.118390e+03 0.000000e+00 1.000000e+00 1.000000e-01
3.118400e+03 0.000000e+00 1.000000e+00 1.000000e-01
3.118410e+03 0.000000e+00 1.000000e+00 1.000000e-01
3.118420e+03 0.000000e+00 1.000000e+00 1.000000e-01
3.118430e+03 0.000000e+00 1.000000e+00 1.000000e-01
3.118440e+03 0.000000e+00 1.000000e+00 1.000000e-01
3.118450e+03 0.000000e+00 1.000000e+00 1.000000e-01
3.118460e+03 0.000000e+00 1.000000e+00 1.000000e-01
3.118470e+03 0.000000e+00 1.000000e+00 1.000000e-01
3.118480e+03 0.000000e+00 1.000000e+00 1.000000e-01
3.118490e+03 0.000000e+00 1.000000e+00 1.000000e-01
3.118500e+03 0.000000e+00 1.000000e+00 1.000000e-01
3.118510e+03 0.000000e+00 1.000000e+00 1.000000e-01
3.118520e+03 0.000000e+00 1.000000e+00 1.000000e-01
3.118530e+03 0.000000e+00 1.000000e+00 1.000000e-01
3.118540e+03 0.000000e+00 1.000000e+00 1.000000e-01
3.118550e+03 0.000000e+00 1.000000e+00 1.000000e-01
3.118560e+03 0.000000e+00 1.000000e+00 1.000000e-01
3.118570e+03 0.000000e+00 1.000000e+00 1.000000e-01
3.118580e+03 0.000000e+00 1.000000e+00 1.000000e-01
3.118590e+03 0.000000e+00 1.000000e+00 1.000000e-01
3.118600e+03 0.000000e+00 1.000000e+00 1.000000e-01
3.118610e+03 0.000000e+00 1.000000e+00 1.000000e-01
3.118620e+03 0.000000e+00 1.000000e+00 1.000000e-01
3.118630e+03 0.000000e+00 1.000000e+00 1.000000e-01
3.118640e+03 0.000000e+00 1.000000e+00 1.000000e-01
3.118650e+03 0.000000e+00 1.000000e+00 1.000000e-01
3.118660e+03 0.000000e+00 1.000000e+00 1.000000e-01
3.118670e+03 0.000000e+00 1.000000e+00 1.000000e-01
3.118680e+03 0.000000e+00 1.000000e+00 1.000000e-01
3.118690e+03 0.000000e+00 1.000000e+00 1.000000e-01
3.118700e+03 0.000000e+00 1.000000e+00 1.000000e-01
3.118710e+03 0.000000e+00 1.000000e+00 1.000000e-01
3.118720e+03 0.000000e+00 1.000000e+00 1.000000e-01
3.118730e+03 0.000000e+00 1.000000e+00 1.000000e-01
3.118740e+03 0.000000e+00 1.000000e+00 1.000000e-01
3.118750e+03 0.000000e+00 1.000000e+00 1.000000e-01
3.118760e+03 0.000000e+00 1.000000e+00 1.000000e-01
3.118770e+03 0.000000e+00 1.000000e+00 1.000000e-01
3.118780e+03 0.000000e+00 1.000000e+00 1.000000e-01
3.118790e+03 0.000000e+00 1.000000e+00 1.000000e-01
3.118800e+03 0.000000e+00 1.000000e+00 1.000000e-01
3.118810e+03 0.000000e+00 1.000000e+00 1.000000e-01
3.118820e+03 0.000000e+00 1.000000e+00 1.000000e-01
3.118830e+03 0.000000e+00 1.000000e+00 1.000000e-01
3.118840e+03 0.000000e+00 1.000000e+00 1.000000e-01
3.118850e+03 0.000000e+00 1.000000e+00 1.000000e-01
3.118860e+03 0.000000e+00 1.000000e+00 1.000000e-01
3.118870e+03 0.000000e+00 1.000000e+00 1.000000e-01
3.118880e+03 0.000000e+00 1.000000e+00 1.000000e-01
3.118890e+03 0.000000e+00 1.000000e+00 1.000000e-01
3.118900e+03 0.000000e+00 1.000000e+00 1.000000e-01
3.118910e+03 0.000000e+00 1.000000e+00 1.000000e-01
3.118920e+03 0.000000e+00 1.000000e+00 1.000000e-01
3.118930e+03 0.000000e+00 1.000000e+00 1.000000e-01
3.118940e+03 0.000000e+00 1.000000e+00 1.000000e-01
3.118950e+03 0.000000e+00 1.000000e+00 1.000000e-01
3.118960e+03 0.000000e+00 1.000000e+00 1.000000e-01
3.118970e+03 0.000000e+00 1.000000e+00 1.000000e-01
3.118980e+03 0.000000e+00 1.000000e+00 1.000000e-01
3.118990e+03 0.000000e+00 1.000000e+00 1.000000e-01
3.119000e+03 0.000000e+00 1.000000e+00 1.000000e-01
3.119010e+03 0.000000e+00 1.000000e+00 1.000000e-01
3.119020e+03 0.000000e+00 1.000000e+00 1.000000e-01
3.119030e+03 0.000000e+00 1.000000e+00 1.000000e-01
3.119040e+03 0.000000e+00 1.000000e+00 1.000000e-01
3.119050e+03 0.000000e+00 1.000000e+00 1.000000e-01
3.119060e+03 0.000000e+00 1.000000e+00 1.000000e-01
3.119070e+03 0.000000e+00 1.000000e+00 1.000000e-01
3.119080e+03 0.000000e+00 1.000000e+00 1.000000e-01
3.119090e+03 0.000000e+00 1.000000e+00 1.000000e-01
3.119100e+03 0.000000e+00 1.000000e+00 1.000000e-01
3.119110e+03 0.000000e+00 1.000000e+00 1.000000e-01
3.119120e+03 0.000000e+00 1.000000e+00 1.000000e-01
3.119130e+03 0.000000e+00 1.000000e+00 1.000000e-01
3.119140e+03 0.000000e+00 1.000000e+00 1.000000e-01
3.119150e+03 0.000000e+00 1.000000e+00 1.000000e-01
3.119160e+03 0.000000e+00 1.000000e+00 1.000000e-01
3.119170e+03 0.000000e+00 1.000000e+00 1.000000e-01
3.119180e+03 0.000000e+00 1.000000e+00 1.000000e-01
3.119190e+03 0.000000e+00 1.000000e+00 1.000000e-01
3.119200e+03 0.000000e+00 1.000000e+00 1.000000e-01
3.119210e+03 0.000000e+00 1.000000e+00 1.000000e-01
3.119220e+03 0.000000e+00 1.000000e+00 1.000000e-01
3.119230e+03 0.000000e+00 1.000000e+00 1.000000e-01
3.119240e+03 0.000000e+00 1.000000e+00 1.000000e-01
3.119250e+03 0.000000e+00 1.000000e+00 1.000000e-01
3.119260e+03 0.000000e+00 1.000000e+00 1.000000e-01
3.119270e+03 0.000000e+00 1.000000e+00 1.000000e-01
3.119280e+03 0.000000e+00 1.000000e+00 1.000000e-01
3.119290e+03 0.000000e+00 1.000000e+00 1.000000e-01
3.119300e+03 0.000000e+00 1.000000e+00 1.000000e-01
3.119310e+03 0.000000e+00 1.000000e+00 1.000000e-01
3.119320e+03 0.000000e+00 1.000000e+00 1.000000e-01
3.119330e+03 0.000000e+00 1.000000e+00 1.000000e-01
3.119340e+03 0.000000e+00 1.000000e+00 1.000000e-01
3.119350e+03 0.000000e+00 1.000000e+00 1.000000e-01
3.119360e+03 0.000000e+00 1.000000e+00 1.000000e-01
3.119370e+03 0.000000e+00 1.000000e+00 1.000000e-01
3.119380e+03 0.000000e+00 1.000000e+00 1.000000e-01
3.119390e+03 0.000000e+00 1.000000e+00 1.000000e-01
3.119400e+03 0.000000e+00 1.000000e+00 1.000000e-01
3.119410e+03 0.000000e+00 1.000000e+00 1.000000e-01
3.119420e+03 0.000000e+00 1.000000e+00 1.000000e-01
3.119430e+03 0.000000e+00 1.000000e+00 1.000000e-01
3.119440e+03 0.000000e+00 1.000000e+00 1.000000e-01
3.119450e+03 0.000000e+00 1.000000e+00 1.000000e-01
3.119460e+03 0.000000e+00 1.000000e+00 1.000000e-01
3.119470e+03 0.000000e+00 1.000000e+00 1.000000e-01
3.119480e+03 0.000000e+00 1.000000e+00 1.000000e-01
3.119490e+03 0.000000e+00 1.000000e+00 1.000000e-01
3.119500e+03 0.000000e+00 1.000000e+00 1.000000e-01
3.119510e+03 0.000000e+00 1.000000e+00 1.000000e-01
3.119520e+03 0.000000e+00 1.000000e+00 1.000000e-01
3.119530e+03 0.000000e+00 1.000000e+00 1.000000e-01
3.119540e+03 0.000000e+00 1.000000e+00 1.000000e-01
3.119550e+03 0.000000e+00 1.000000e+00 1.000000e-01
3.119560e+03 0.000000e+00 1.000000e+00 1.000000e-01
3.119570e+03 0.000000e+00 1.000000e+00 1.000000e-01
3.119580e+03 0.000000e+00 1.000000e+00 1.000000e-01
3.119590e+03 0.000000e+00 1.000000e+00 1.000000e-01
3.119600e+03 0.000000e+00 1.000000e+00 1.000000e-01
3.119610e+03 0.000000e+00 1.000000e+00 1.000000e-01
3.119620e+03 0.000000e+00 1.000000e+00 1.000000e-01
3.119630e+03 0.000000e+00 1.000000e+00 1.000000e-01
3.119640e+03 0.000000e+00 1.000000e+00 1.000000e-01
3.119650e+03 0.000000e+00 1.000000e+00 1.000000e-01
3.119660e+03 0.000000e+00 1.000000e+00 1.000000e-01
3.119670e+03 0.000000e+00 1.000000e+00 1.000000e-01
3.119680e+03 0.000000e+00 1.000000e+00 1.000000e-01
3.119690e+03 0.000000e+00 1.000000e+00 1.000000e-01
3.119700e+03 0.000000e+00 1.000000e+00 1.000000e-01
3.119710e+03 0.000000e+00 1.000000e+00 1.000000e-01
3.119720e+03 0.000000e+00 1.000000e+00 1.000000e-01
3.119730e+03 0.000000e+00 1.000000e+00 1.000000e-01
3.119740e+03 0.000000e+00 1.000000e+00 1.000000e-01
3.119750e+03 0.000000e+00 1.000000e+00 1.000000e-01
3.119760e+03 0.000000e+00 1.000000e+00 1.000000e-01
3.119770e+03 0.000000e+00 1.000000e+00 1.000000e-01
3.119780e+03 0.000000e+00 1.000000e+00 1.000000e-01
3.119790e+03 0.000000e+00 1.000000e+00 1.000000e-01
3.119800e+03 0.000000e+00 1.000000e+00 1.000000e-01
3.119810e+03 0.000000e+00 1.000000e+00 1.000000e-01
3.119820e+03 0.000000e+00 1.000000e+00 1.000000e-01
3.119830e+03 0.000000e+00 1.000000e+00 1.000000e-01
3.119840e+03 0.000000e+00 1.000000e+00 1.000000e-01
3.119850e+03 0.000000e+00 1.000000e+00 1.000000e-01
3.119860e+03 0.000000e+00 1.000000e+00 1.000000e-01
3.119870e+03 0.000000e+00 1.000000e+00 1.000000e-01
3.119880e+03 0.000000e+00 1.000000e+00 1.000000e-01
3.119890e+03 0.000000e+00 1.000000e+00 1.000000e-01
3.119900e+03 0.000000e+00 1.000000e+00 1.000000e-01
3.119910e+03 0.000000e+00 1.000000e+00 1.000000e-01
3.119920e+03 0.000000e+00 1.000000e+00 1.000000e-01
3.119930e+03 0.000000e+00 1.000000e+00 1.000000e-01
3.119940e+03 0.000000e+00 1.000000e+00 1.000000e-01
3.119950e+03 0.000000e+00 1.000000e+00 1.000000e-01
3.119960e+03 0.000000e+00 1.000000e+00 1.000000e-01
3.119970e+03 0.000000e+00 1.000000e+00 1.000000e-01
3.119980e+03 0.000000e+00 1.000000e+00 1.000000e-01
3.119990e+03 0.000000e+00 1.000000e+00 1.000000e-01
3.120000e+03 0.000000e+00 1.000000e+00 1.000000e-01
3.120010e+03 0.000000e+00 1.000000e+00 1.000000e-01
3.120020e+03 0.000000e+00 1.000000e+00 1.000000e-01
3.120030e+03 0.000000e+00 1.000000e+00 1.000000e-01
3.120040e+03 0.000000e+00 1.000000e+00 1.000000e-01
3.120050e+03 0.000000e+00 1.000000e+00 1.000000e-01
3.120060e+03 0.000000e+00 1.000000e+00 1.000000e-01
3.120070e+03 0.000000e+00 1.000000e+00 1.000000e-01
3.120080e+03 0.000000e+00 1.000000e+00 1.000000e-01
3.120090e+03 0.000000e+00 1.000000e+00 1.000000e-01
3.120100e+03 0.000000e+00 1.000000e+00 1.000000e-01
3.120110e+03 0.000000e+00 1.000000e+00 1.000000e-01
3.120120e+03 0.000000e+00 1.000000e+00 1.000000e-01
3.120130e+03 0.000000e+00 1.000000e+00 1.000000e-01
3.120140e+03 0.000000e+00 1.000000e+00 1.000000e-01
3.120150e+03 0.000000e+00 1.000000e+00 1.000000e-01
3.120160e+03 0.000000e+00 1.000000e+00 1.000000e-01
3.120170e+03 0.000000e+00 1.000000e+00 1.000000e-01
3.120180e+03 0.000000e+00 1.000000e+00 1.000000e-01
3.120190e+03 0.000000e+00 1.000000e+00 1.000000e-01
3.120200e+03 0.000000e+00 1.000000e+00 1.000000e-01
3.120210e+03 0.000000e+00 1.000000e+00 1.000000e-01
3.120220e+03 0.000000e+00 1.000000e+00 1.000000e-01
3.120230e+03 0.000000e+00 1.000000e+00 1.000000e-01
3.120240e+03 0.000000e+00 1.000000e+00 1.000000e-01
3.120250e+03 0.000000e+00 1.000000e+00 1.000000e-01
3.120260e+03 0.000000e+00 1.000000e+00 1.000000e-01
3.120270e+03 0.000000e+00 1.000000e+00 1.000000e-01
3.120280e+03 0.000000e+00 1.000000e+00 1.000000e-01
3.120290e+03 0.000000e+00 1.000000e+00 1.000000e-01
3.120300e+03 0.000000e+00 1.000000e+00 1.000000e-01
3.120310e+03 0.000000e+00 1.000000e+00 1.000000e-01
3.120320e+03 0.000000e+00 1.000000e+00 1.000000e-01
3.120330e+03 0.000000e+00 1.000000e+00 1.000000e-01
3.120340e+03 0.000000e+00 1.000000e+00 1.000000e-01
3.120350e+03 0.000000e+00 1.000000e+00 1.000000e-01
3.120360e+03 0.000000e+00 1.000000e+00 1.000000e-01
3.120370e+03 0.000000e+00 1.000000e+00 1.000000e-01
3.120380e+03 0.000000e+00 1.000000e+00 1.000000e-01
3.120390e+03 0.000000e+00 1.000000e+00 1.000000e-01
3.120400e+03 0.000000e+00 1.000000e+00 1.000000e-01
3.120410e+03 0.000000e+00 1.000000e+00 1.000000e-01
3.120420e+03 0.000000e+00 1.000000e+00 1.000000e-01
3.120430e+03 0.000000e+00 1.000000e+00 1.000000e-01
3.120440e+03 0.000000e+00 1.000000e+00 1.000000e-01
3.120450e+03 0.000000e+00 1.000000e+00 1.000000e-01
3.120460e+03 0.000000e+00 1.000000e+00 1.000000e-01
3.120470e+03 0.000000e+00 1.000000e+00 1.000000e-01
3.120480e+03 0.000000e+00 1.000000e+00 1.000000e-01
3.120490e+03 0.000000e+00 1.000000e+00 1.000000e-01
3.120500e+03 0.000000e+00 1.000000e+00 1.000000e-01
3.120510e+03 0.000000e+00 1.000000e+00 1.000000e-01
3.120520e+03 0.000000e+00 1.000000e+00 1.000000e-01
3.120530e+03 0.000000e+00 1.000000e+00 1.000000e-01
3.120540e+03 0.000000e+00 1.000000e+00 1.000000e-01
3.120550e+03 0.000000e+00 1.000000e+00 1.000000e-01
3.120560e+03 0.000000e+00 1.000000e+00 1.000000e-01
3.120570e+03 0.000000e+00 1.000000e+00 1.000000e-01
3.120580e+03 0.000000e+00 1.000000e+00 1.000000e-01
3.120590e+03 0.000000e+00 1.000000e+00 1.000000e-01
3.120600e+03 0.000000e+00 1.000000e+00 1.000000e-01
3.120610e+03 0.000000e+00 1.000000e+00 1.000000e-01
3.120620e+03 0.000000e+00 1.000000e+00 1.000000e-01
3.120630e+03 0.000000e+00 1.000000e+00 1.000000e-01
3.120640e+03 0.000000e+00 1.000000e+00 1.000000e-01
3.120650e+03 0.000000e+00 1.000000e+00 1.000000e-01
3.120660e+03 0.000000e+00 1.000000e+00 1.000000e-01
3.120670e+03 0.000000e+00 1.000000e+00 1.000000e-01
3.120680e+03 0.000000e+00 1.000000e+00 1.000000e-01
3.120690e+03 0.000000e+00 1.000000e+00 1.000000e-01
3.120700e+03 0.000000e+00 1.000000e+00 1.000000e-01
3.120710e+03 0.000000e+00 1.000000e+00 1.000000e-01
3.120720e+03 0.000000e+00 1.000000e+00 1.000000e-01
3.120730e+03 0.000000e+00 1.000000e+00 1.000000e-01
3.120740e+03 0.000000e+00 1.000000e+00 1.000000e-01
3.120750e+03 0.000000e+00 1.000000e+00 1.000000e-01
3.120760e+03 0.000000e+00 1.000000e+00 1.000000e-01
3.120770e+03 0.000000e+00 1.000000e+00 1.000000e-01
3.120780e+03 0.000000e+00 1.000000e+00 1.000000e-01
3.120790e+03 0.000000e+00 1.000000e+00 1.000000e-01
3.120800e+03 0.000000e+00 1.000000e+00 1.000000e-01
3.120810e+03 0.000000e+00 1.000000e+00 1.000000e-01
3.120820e+03 0.000000e+00 1.000000e+00 1.000000e-01
3.120830e+03 0.000000e+00 1.000000e+00 1.000000e-01
3.120840e+03 0.000000e+00 1.000000e+00 1.000000e-01
3.120850e+03 0.000000e+00 1.000000e+00 1.000000e-01
3.120860e+03 0.000000e+00 1.000000e+00 1.000000e-01
3.120870e+03 0.000000e+00 1.000000e+00 1.000000e-01
3.120880e+03 0.000000e+00 1.000000e+00 1.000000e-01
3.120890e+03 0.000000e+00 1.000000e+00 1.000000e-01
3.120900e+03 0.000000e+00 1.000000e+00 1.000000e-01
3.120910e+03 0.000000e+00 1.000000e+00 1.000000e-01
3.120920e+03 0.000000e+00 1.000000e+00 1.000000e-01
3.120930e+03 0.000000e+00 1.000000e+00 1.000000e-01
3.120940e+03 0.000000e+00 1.000000e+00 1.000000e-01
3.120950e+03 0.000000e+00 1.000000e+00 1.000000e-01
3.120960e+03 0.000000e+00 1.000000e+00 1.000000e-01
3.120970e+03 0.000000e+00 1.000000e+00 1.000000e-01
3.120980e+03 0.000000e+00 1.000000e+00 1.000000e-01
3.120990e+03 0.000000e+00 1.000000e+00 1.000000e-01
3.121000e+03 0.000000e+00 1.000000e+00 1.000000e-01
