# wavelength[A] tau flux flux_error
3.071000e+03 0.000000e+00 1.000000e+00 1.000000e-01
3.071010e+03 0.000000e+00 1.000000e+00 1.000000e-01
3.071020e+03 0.000000e+00 1.000000e+00 1.000000e-01
3.071030e+03 0.000000e+00 1.000000e+00 1.000000e-01
3.071040e+03 0.000000e+00 1.000000e+00 1.000000e-01
3.071050e+03 0.000000e+00 1.000000e+00 1.000000e-01
3.071060e+03 0.000000e+00 1.000000e+00 1.000000e-01
3.071070e+03 0.000000e+00 1.000000e+00 1.000000e-01
3.071080e+03 0.000000e+00 1.000000e+00 1.000000e-01
3.071090e+03 0.000000e+00 1.000000e+00 1.000000e-01
3.071100e+03 0.000000e+00 1.000000e+00 1.000000e-01
3.071110e+03 0.000000e+00 1.000000e+00 1.000000e-01
3.071120e+03 0.000000e+00 1.000000e+00 1.000000e-01
3.071130e+03 0.000000e+00 1.000000e+00 1.000000e-01
3.071140e+03 0.000000e+00 1.000000e+00 1.000000e-01
3.071150e+03 0.000000e+00 1.000000e+00 1.000000e-01
3.071160e+03 0.000000e+00 1.000000e+00 1.000000e-01
3.071170e+03 0.000000e+00 1.000000e+00 1.000000e-01
3.071180e+03 0.000000e+00 1.000000e+00 1.000000e-01
3.071190e+03 0.000000e+00 1.000000e+00 1.000000e-01
3.071200e+03 0.000000e+00 1.000000e+00 1.000000e-01
3.071210e+03 0.000000e+00 1.000000e+00 1.000000e-01
3.071220e+03 0.000000e+00 1.000000e+00 1.000000e-01
3.071230e+03 0.000000e+00 1.000000e+00 1.000000e-01
3.071240e+03 0.000000e+00 1.000000e+00 1.000000e-01
3.071250e+03 0.000000e+00 1.000000e+00 1.000000e-01
3.071260e+03 0.000000e+00 1.000000e+00 1.000000e-01
3.071270e+03 0.000000e+00 1.000000e+00 1.000000e-01
3.071280e+03 0.000000e+00 1.000000e+00 1.000000e-01
3.071290e+03 0.000000e+00 1.000000e+00 1.000000e-01
3.071300e+03 0.000000e+00 1.000000e+00 1.000000e-01
3.071310e+03 0.000000e+00 1.000000e+00 1.000000e-01
3.071320e+03 0.000000e+00 1.000000e+00 1.000000e-01
3.071330e+03 0.000000e+00 1.000000e+00 1.000000e-01
3.071340e+03 0.000000e+00 1.000000e+00 1.000000e-01
3.071350e+03 0.000000e+00 1.000000e+00 1.000000e-01
3.071360e+03 0.000000e+00 1.000000e+00 1.000000e-01
3.071370e+03 0.000000e+00 1.000000e+00 1.000000e-01
3.071380e+03 0.000000e+00 1.000000e+00 1.000000e-01
3.071390e+03 0.000000e+00 1.000000e+00 1.000000e-01
3.071400e+03 0.000000e+00 1.000000e+00 1.000000e-01
3.071410e+03 0.000000e+00 1.000000e+00 1.000000e-01
3.071420e+03 0.000000e+00 1.000000e+00 1.000000e-01
3.071430e+03 0.000000e+00 1.000000e+00 1.000000e-01
3.071440e+03 0.000000e+00 1.000000e+00 1.000000e-01
3.071450e+03 0.000000e+00 1.000000e+00 1.000000e-01
3.071460e+03 0.000000e+00 1.000000e+00 1.000000e-01
3.071470e+03 0.000000e+00 1.000000e+00 1.000000e-01
3.071480e+03 0.000000e+00 1.000000e+00 1.000000e-01
3.071490e+03 0.000000e+00 1.000000e+00 1.000000e-01
3.071500e+03 0.000000e+00 1.000000e+00 1.000000e-01
3.071510e+03 0.000000e+00 1.000000e+00 1.000000e-01
3.071520e+03 0.000000e+00 1.000000e+00 1.000000e-01
3.071530e+03 0.000000e+00 1.000000e+00 1.000000e-01
3.071540e+03 0.000000e+00 1.000000e+00 1.000000e-01
3.071550e+03 0.000000e+00 1.000000e+00 1.000000e-01
3.071560e+03 0.000000e+00 1.000000e+00 1.000000e-01
3.071570e+03 0.000000e+00 1.000000e+00 1.000000e-01
3.071580e+03 0.000000e+00 1.000000e+00 1.000000e-01
3.071590e+03 0.000000e+00 1.000000e+00 1.000000e-01
3.071600e+03 0.000000e+00 1.000000e+00 1.000000e-01
3.071610e+03 0.000000e+00 1.000000e+00 1.000000e-01
3.071620e+03 0.000000e+00 1.000000e+00 1.000000e-01
3.071630e+03 0.000000e+00 1.000000e+00 1.000000e-01
3.071640e+03 0.000000e+00 1.000000e+00 1.000000e-01
3.071650e+03 0.000000e+00 1.000000e+00 1.000000e-01
3.071660e+03 0.000000e+00 1.000000e+00 1.000000e-01
3.071670e+03 0.000000e+00 1.000000e+00 1.000000e-01
3.071680e+03 0.000000e+00 1.000000e+00 1.000000e-01
3.071690e+03 0.000000e+00 1.000000e+00 1.000000e-01
3.071700e+03 0.000000e+00 1.000000e+00 1.000000e-01
3.071710e+03 0.000000e+00 1.000000e+00 1.000000e-01
3.071720e+03 0.000000e+00 1.000000e+00 1.000000e-01
3.071730e+03 0.000000e+00 1.000000e+00 1.000000e-01
3.071740e+03 0.000000e+00 1.000000e+00 1.000000e-01
3.071750e+03 0.000000e+00 1.000000e+00 1.000000e-01
3.071760e+03 0.000000e+00 1.000000e+00 1.000000e-01
3.071770e+03 0.000000e+00 1.000000e+00 1.000000e-01
3.071780e+03 0.000000e+00 1.000000e+00 1.000000e-01
3.071790e+03 0.000000e+00 1.000000e+00 1.000000e-01
3.071800e+03 0.000000e+00 1.000000e+00 1.000000e-01
3.071810e+03 0.000000e+00 1.000000e+00 1.000000e-01
3.071820e+03 0.000000e+00 1.000000e+00 1.000000e-01
3.071830e+03 0.000000e+00 1.000000e+00 1.000000e-01
3.071840e+03 0.000000e+00 1.000000e+00 1.000000e-01
3.071850e+03 0.000000e+00 1.000000e+00 1.000000e-01
3.071860e+03 0.000000e+00 1.000000e+00 1.000000e-01
3.071870e+03 0.000000e+00 1.000000e+00 1.000000e-01
3.071880e+03 0.000000e+00 1.000000e+00 1.000000e-01
3.071890e+03 0.000000e+00 1.000000e+00 1.000000e-01
3.071900e+03 0.000000e+00 1.000000e+00 1.000000e-01
3.071910e+03 0.000000e+00 1.000000e+00 1.000000e-01
3.071920e+03 0.000000e+00 1.000000e+00 1.000000e-01
3.071930e+03 0.000000e+00 1.000000e+00 1.000000e-01
3.071940e+03 0.000000e+00 1.000000e+00 1.000000e-01
3.071950e+03 0.000000e+00 1.000000e+00 1.000000e-01
3.071960e+03 0.000000e+00 1.000000e+00 1.000000e-01
3.071970e+03 0.000000e+00 1.000000e+00 1.000000e-01
3.071980e+03 0.000000e+00 1.000000e+00 1.000000e-01
3.071990e+03 0.000000e+00 1.000000e+00 1.000000e-01
3.072000e+03 0.000000e+00 1.000000e+00 1.000000e-01
3.072010e+03 0.000000e+00 1.000000e+00 1.000000e-01
3.072020e+03 0.000000e+00 1.000000e+00 1.000000e-01
3.072030e+03 0.000000e+00 1.000000e+00 1.000000e-01
3.072040e+03 0.000000e+00 1.000000e+00 1.000000e-01
3.072050e+03 0.000000e+00 1.000000e+00 1.000000e-01
3.072060e+03 0.000000e+00 1.000000e+00 1.000000e-01
3.072070e+03 0.000000e+00 1.000000e+00 1.000000e-01
3.072080e+03 0.000000e+00 1.000000e+00 1.000000e-01
3.072090e+03 0.000000e+00 1.000000e+00 1.000000e-01
3.072100e+03 0.000000e+00 1.000000e+00 1.000000e-01
3.072110e+03 0.000000e+00 1.000000e+00 1.000000e-01
3.072120e+03 0.000000e+00 1.000000e+00 1.000000e-01
3.072130e+03 0.000000e+00 1.000000e+00 1.000000e-01
3.072140e+03 0.000000e+00 1.000000e+00 1.000000e-01
3.072150e+03 0.000000e+00 1.000000e+00 1.000000e-01
3.072160e+03 0.000000e+00 1.000000e+00 1.000000e-01
3.072170e+03 0.000000e+00 1.000000e+00 1.000000e-01
3.072180e+03 0.000000e+00 1.000000e+00 1.000000e-01
3.072190e+03 0.000000e+00 1.000000e+00 1.000000e-01
3.072200e+03 0.000000e+00 1.000000e+00 1.000000e-01
3.072210e+03 0.000000e+00 1.000000e+00 1.000000e-01
3.072220e+03 0.000000e+00 1.000000e+00 1.000000e-01
3.072230e+03 0.000000e+00 1.000000e+00 1.000000e-01
3.072240e+03 0.000000e+00 1.000000e+00 1.000000e-01
3.072250e+03 0.000000e+00 1.000000e+00 1.000000e-01
3.072260e+03 0.000000e+00 1.000000e+00 1.000000e-01
3.072270e+03 0.000000e+00 1.000000e+00 1.000000e-01
3.072280e+03 0.000000e+00 1.000000e+00 1.000000e-01
3.072290e+03 0.000000e+00 1.000000e+00 1.000000e-01
3.072300e+03 0.000000e+00 1.000000e+00 1.000000e-01
3.072310e+03 0.000000e+00 1.000000e+00 1.000000e-01
3.072320e+03 0.000000e+00 1.000000e+00 1.000000e-01
3.072330e+03 0.000000e+00 1.000000e+00 1.000000e-01
3.072340e+03 0.000000e+00 1.000000e+00 1.000000e-01
3.072350e+03 0.000000e+00 1.000000e+00 1.000000e-01
3.072360e+03 0.000000e+00 1.000000e+00 1.000000e-01
3.072370e+03 0.000000e+00 1.000000e+00 1.000000e-01
3.072380e+03 0.000000e+00 1.000000e+00 1.000000e-01
3.072390e+03 0.000000e+00 1.000000e+00 1.000000e-01
3.072400e+03 0.000000e+00 1.000000e+00 1.000000e-01
3.072410e+03 0.000000e+00 1.000000e+00 1.000000e-01
3.072420e+03 0.000000e+00 1.000000e+00 1.000000e-01
3.072430e+03 0.000000e+00 1.000000e+00 1.000000e-01
3.072440e+03 0.000000e+00 1.000000e+00 1.000000e-01
3.072450e+03 0.000000e+00 1.000000e+00 1.000000e-01
3.072460e+03 0.000000e+00 1.000000e+00 1.000000e-01
3.072470e+03 0.000000e+00 1.000000e+00 1.000000e-01
3.072480e+03 0.000000e+00 1.000000e+00 1.000000e-01
3.072490e+03 0.000000e+00 1.000000e+00 1.000000e-01
3.072500e+03 0.000000e+00 1.000000e+00 1.000000e-01
3.072510e+03 0.000000e+00 1.000000e+00 1.000000e-01
3.072520e+03 0.000000e+00 1.000000e+00 1.000000e-01
3.072530e+03 0.000000e+00 1.000000e+00 1.000000e-01
3.072540e+03 0.000000e+00 1.000000e+00 1.000000e-01
3.072550e+03 0.000000e+00 1.000000e+00 1.000000e-01
3.072560e+03 0.000000e+00 1.000000e+00 1.000000e-01
3.072570e+03 0.000000e+00 1.000000e+00 1.000000e-01
3.072580e+03 0.000000e+00 1.000000e+00 1.000000e-01
3.072590e+03 0.000000e+00 1.000000e+00 1.000000e-01
3.072600e+03 0.000000e+00 1.000000e+00 1.000000e-01
3.072610e+03 0.000000e+00 1.000000e+00 1.000000e-01
3.072620e+03 0.000000e+00 1.000000e+00 1.000000e-01
3.072630e+03 0.000000e+00 1.000000e+00 1.000000e-01
3.072640e+03 0.000000e+00 1.000000e+00 1.000000e-01
3.072650e+03 0.000000e+00 1.000000e+00 1.000000e-01
3.072660e+03 0.000000e+00 1.000000e+00 1.000000e-01
3.072670e+03 0.000000e+00 1.000000e+00 1.000000e-01
3.072680e+03 0.000000e+00 1.000000e+00 1.000000e-01
3.072690e+03 0.000000e+00 1.000000e+00 1.000000e-01
3.072700e+03 0.000000e+00 1.000000e+00 1.000000e-01
3.072710e+03 0.000000e+00 1.000000e+00 1.000000e-01
3.072720e+03 0.000000e+00 1.000000e+00 1.000000e-01
3.072730e+03 0.000000e+00 1.000000e+00 1.000000e-01
3.072740e+03 0.000000e+00 1.000000e+00 1.000000e-01
3.072750e+03 0.000000e+00 1.000000e+00 1.000000e-01
3.072760e+03 0.000000e+00 1.000000e+00 1.000000e-01
3.072770e+03 0.000000e+00 1.000000e+00 1.000000e-01
3.072780e+03 0.000000e+00 1.000000e+00 1.000000e-01
3.072790e+03 0.000000e+00 1.000000e+00 1.000000e-01
3.072800e+03 0.000000e+00 1.000000e+00 1.000000e-01
3.072810e+03 0.000000e+00 1.000000e+00 1.000000e-01
3.072820e+03 0.000000e+00 1.000000e+00 1.000000e-01
3.072830e+03 0.000000e+00 1.000000e+00 1.000000e-01
3.072840e+03 0.000000e+00 1.000000e+00 1.000000e-01
3.072850e+03 0.000000e+00 1.000000e+00 1.000000e-01
3.072860e+03 0.000000e+00 1.000000e+00 1.000000e-01
3.072870e+03 0.000000e+00 1.000000e+00 1.000000e-01
3.072880e+03 0.000000e+00 1.000000e+00 1.000000e-01
3.072890e+03 0.000000e+00 1.000000e+00 1.000000e-01
3.072900e+03 0.000000e+00 1.000000e+00 1.000000e-01
3.072910e+03 0.000000e+00 1.000000e+00 1.000000e-01
3.072920e+03 0.000000e+00 1.000000e+00 1.000000e-01
3.072930e+03 0.000000e+00 1.000000e+00 1.000000e-01
3.072940e+03 0.000000e+00 1.000000e+00 1.000000e-01
3.072950e+03 0.000000e+00 1.000000e+00 1.000000e-01
3.072960e+03 0.000000e+00 1.000000e+00 1.000000e-01
3.072970e+03 0.000000e+00 1.000000e+00 1.000000e-01
3.072980e+03 0.000000e+00 1.000000e+00 1.000000e-01
3.072990e+03 0.000000e+00 1.000000e+00 1.000000e-01
3.073000e+03 0.000000e+00 1.000000e+00 1.000000e-01
3.073010e+03 0.000000e+00 1.000000e+00 1.000000e-01
3.073020e+03 0.000000e+00 1.000000e+00 1.000000e-01
3.073030e+03 0.000000e+00 1.000000e+00 1.000000e-01
3.073040e+03 0.000000e+00 1.000000e+00 1.000000e-01
3.073050e+03 0.000000e+00 1.000000e+00 1.000000e-01
3.073060e+03 0.000000e+00 1.000000e+00 1.000000e-01
3.073070e+03 0.000000e+00 1.000000e+00 1.000000e-01
3.073080e+03 0.000000e+00 1.000000e+00 1.000000e-01
3.073090e+03 0.000000e+00 1.000000e+00 1.000000e-01
3.073100e+03 0.000000e+00 1.000000e+00 1.000000e-01
3.073110e+03 0.000000e+00 1.000000e+00 1.000000e-01
3.073120e+03 0.000000e+00 1.000000e+00 1.000000e-01
3.073130e+03 0.000000e+00 1.000000e+00 1.000000e-01
3.073140e+03 0.000000e+00 1.000000e+00 1.000000e-01
3.073150e+03 0.000000e+00 1.000000e+00 1.000000e-01
3.073160e+03 0.000000e+00 1.000000e+00 1.000000e-01
3.073170e+03 0.000000e+00 1.000000e+00 1.000000e-01
3.073180e+03 0.000000e+00 1.000000e+00 1.000000e-01
3.073190e+03 0.000000e+00 1.000000e+00 1.000000e-01
3.073200e+03 0.000000e+00 1.000000e+00 1.000000e-01
3.073210e+03 0.000000e+00 1.000000e+00 1.000000e-01
3.073220e+03 0.000000e+00 1.000000e+00 1.000000e-01
3.073230e+03 0.000000e+00 1.000000e+00 1.000000e-01
3.073240e+03 0.000000e+00 1.000000e+00 1.000000e-01
3.073250e+03 0.000000e+00 1.000000e+00 1.000000e-01
3.073260e+03 0.000000e+00 1.000000e+00 1.000000e-01
3.073270e+03 0.000000e+00 1.000000e+00 1.000000e-01
3.073280e+03 0.000000e+00 1.000000e+00 1.000000e-01
3.073290e+03 0.000000e+00 1.000000e+00 1.000000e-01
3.073300e+03 0.000000e+00 1.000000e+00 1.000000e-01
3.073310e+03 0.000000e+00 1.000000e+00 1.000000e-01
3.073320e+03 0.000000e+00 1.000000e+00 1.000000e-01
3.073330e+03 0.000000e+00 1.000000e+00 1.000000e-01
3.073340e+03 0.000000e+00 1.000000e+00 1.000000e-01
3.073350e+03 0.000000e+00 1.000000e+00 1.000000e-01
3.073360e+03 0.000000e+00 1.000000e+00 1.000000e-01
3.073370e+03 0.000000e+00 1.000000e+00 1.000000e-01
3.073380e+03 0.000000e+00 1.000000e+00 1.000000e-01
3.073390e+03 0.000000e+00 1.000000e+00 1.000000e-01
3.073400e+03 0.000000e+00 1.000000e+00 1.000000e-01
3.073410e+03 0.000000e+00 1.000000e+00 1.000000e-01
3.073420e+03 0.000000e+00 1.000000e+00 1.000000e-01
3.073430e+03 0.000000e+00 1.000000e+00 1.000000e-01
3.073440e+03 0.000000e+00 1.000000e+00 1.000000e-01
3.073450e+03 0.000000e+00 1.000000e+00 1.000000e-01
3.073460e+03 0.000000e+00 1.000000e+00 1.000000e-01
3.073470e+03 0.000000e+00 1.000000e+00 1.000000e-01
3.073480e+03 0.000000e+00 1.000000e+00 1.000000e-01
3.073490e+03 0.000000e+00 1.000000e+00 1.000000e-01
3.073500e+03 0.000000e+00 1.000000e+00 1.000000e-01
3.073510e+03 0.000000e+00 1.000000e+00 1.000000e-01
3.073520e+03 0.000000e+00 1.000000e+00 1.000000e-01
3.073530e+03 0.000000e+00 1.000000e+00 1.000000e-01
3.073540e+03 0.000000e+00 1.000000e+00 1.000000e-01
3.073550e+03 0.000000e+00 1.000000e+00 1.000000e-01
3.073560e+03 0.000000e+00 1.000000e+00 1.000000e-01
3.073570e+03 0.000000e+00 1.000000e+00 1.000000e-01
3.073580e+03 0.000000e+00 1.000000e+00 1.000000e-01
3.073590e+03 0.000000e+00 1.000000e+00 1.000000e-01
3.073600e+03 0.000000e+00 1.000000e+00 1.000000e-01
3.073610e+03 0.000000e+00 1.000000e+00 1.000000e-01
3.073620e+03 0.000000e+00 1.000000e+00 1.000000e-01
3.073630e+03 0.000000e+00 1.000000e+00 1.000000e-01
3.073640e+03 0.000000e+00 1.000000e+00 1.000000e-01
3.073650e+03 0.000000e+00 1.000000e+00 1.000000e-01
3.073660e+03 0.000000e+00 1.000000e+00 1.000000e-01
3.073670e+03 0.000000e+00 1.000000e+00 1.000000e-01
3.073680e+03 0.000000e+00 1.000000e+00 1.000000e-01
3.073690e+03 0.000000e+00 1.000000e+00 1.000000e-01
3.073700e+03 0.000000e+00 1.000000e+00 1.000000e-01
3.073710e+03 0.000000e+00 1.000000e+00 1.000000e-01
3.073720e+03 0.000000e+00 1.000000e+00 1.000000e-01
3.073730e+03 0.000000e+00 1.000000e+00 1.000000e-01
3.073740e+03 0.000000e+00 1.000000e+00 1.000000e-01
3.073750e+03 0.000000e+00 1.000000e+00 1.000000e-01
3.073760e+03 0.000000e+00 1.000000e+00 1.000000e-01
3.073770e+03 0.000000e+00 1.000000e+00 1.000000e-01
3.073780e+03 0.000000e+00 1.000000e+00 1.000000e-01
3.073790e+03 0.000000e+00 1.000000e+00 1.000000e-01
3.073800e+03 0.000000e+00 1.000000e+00 1.000000e-01
3.073810e+03 0.000000e+00 1.000000e+00 1.000000e-01
3.073820e+03 0.000000e+00 1.000000e+00 1.000000e-01
3.073830e+03 0.000000e+00 1.000000e+00 1.000000e-01
3.073840e+03 0.000000e+00 1.000000e+00 1.000000e-01
3.073850e+03 0.000000e+00 1.000000e+00 1.000000e-01
3.073860e+03 0.000000e+00 1.000000e+00 1.000000e-01
3.073870e+03 0.000000e+00 1.000000e+00 1.000000e-01
3.073880e+03 0.000000e+00 1.000000e+00 1.000000e-01
3.073890e+03 0.000000e+00 1.000000e+00 1.000000e-01
3.073900e+03 0.000000e+00 1.000000e+00 1.000000e-01
3.073910e+03 0.000000e+00 1.000000e+00 1.000000e-01
3.073920e+03 0.000000e+00 1.000000e+00 1.000000e-01
3.073930e+03 0.000000e+00 1.000000e+00 1.000000e-01
3.073940e+03 0.000000e+00 1.000000e+00 1.000000e-01
3.073950e+03 0.000000e+00 1.000000e+00 1.000000e-01
3.073960e+03 0.000000e+00 1.000000e+00 1.000000e-01
3.073970e+03 0.000000e+00 1.000000e+00 1.000000e-01
3.073980e+03 0.000000e+00 1.000000e+00 1.000000e-01
3.073990e+03 0.000000e+00 1.000000e+00 1.000000e-01
3.074000e+03 0.000000e+00 1.000000e+00 1.000000e-01
3.074010e+03 0.000000e+00 1.000000e+00 1.000000e-01
3.074020e+03 0.000000e+00 1.000000e+00 1.000000e-01
3.074030e+03 0.000000e+00 1.000000e+00 1.000000e-01
3.074040e+03 0.000000e+00 1.000000e+00 1.000000e-01
3.074050e+03 0.000000e+00 1.000000e+00 1.000000e-01
3.074060e+03 0.000000e+00 1.000000e+00 1.000000e-01
3.074070e+03 0.000000e+00 1.000000e+00 1.000000e-01
3.074080e+03 0.000000e+00 1.000000e+00 1.000000e-01
3.074090e+03 0.000000e+00 1.000000e+00 1.000000e-01
3.074100e+03 0.000000e+00 1.000000e+00 1.000000e-01
3.074110e+03 0.000000e+00 1.000000e+00 1.000000e-01
3.074120e+03 0.000000e+00 1.000000e+00 1.000000e-01
3.074130e+03 0.000000e+00 1.000000e+00 1.000000e-01
3.074140e+03 0.000000e+00 1.000000e+00 1.000000e-01
3.074150e+03 0.000000e+00 1.000000e+00 1.000000e-01
3.074160e+03 0.000000e+00 1.000000e+00 1.000000e-01
3.074170e+03 0.000000e+00 1.000000e+00 1.000000e-01
3.074180e+03 0.000000e+00 1.000000e+00 1.000000e-01
3.074190e+03 0.000000e+00 1.000000e+00 1.000000e-01
3.074200e+03 0.000000e+00 1.000000e+00 1.000000e-01
3.074210e+03 0.000000e+00 1.000000e+00 1.000000e-01
3.074220e+03 0.000000e+00 1.000000e+00 1.000000e-01
3.074230e+03 0.000000e+00 1.000000e+00 1.000000e-01
3.074240e+03 0.000000e+00 1.000000e+00 1.000000e-01
3.074250e+03 0.000000e+00 1.000000e+00 1.000000e-01
3.074260e+03 0.000000e+00 1.000000e+00 1.000000e-01
3.074270e+03 0.000000e+00 1.000000e+00 1.000000e-01
3.074280e+03 0.000000e+00 1.000000e+00 1.000000e-01
3.074290e+03 0.000000e+00 1.000000e+00 1.000000e-01
3.074300e+03 0.000000e+00 1.000000e+00 1.000000e-01
3.074310e+03 0.000000e+00 1.000000e+00 1.000000e-01
3.074320e+03 0.000000e+00 1.000000e+00 1.000000e-01
3.074330e+03 0.000000e+00 1.000000e+00 1.000000e-01
3.074340e+03 0.000000e+00 1.000000e+00 1.000000e-01
3.074350e+03 0.000000e+00 1.000000e+00 1.000000e-01
3.074360e+03 0.000000e+00 1.000000e+00 1.000000e-01
3.074370e+03 0.000000e+00 1.000000e+00 1.000000e-01
3.074380e+03 0.000000e+00 1.000000e+00 1.000000e-01
3.074390e+03 0.000000e+00 1.000000e+00 1.000000e-01
3.074400e+03 0.000000e+00 1.000000e+00 1.000000e-01
3.074410e+03 0.000000e+00 1.000000e+00 1.000000e-01
3.074420e+03 0.000000e+00 1.000000e+00 1.000000e-01
3.074430e+03 0.000000e+00 1.000000e+00 1.000000e-01
3.074440e+03 0.000000e+00 1.000000e+00 1.000000e-01
3.074450e+03 0.000000e+00 1.000000e+00 1.000000e-01
3.074460e+03 0.000000e+00 1.000000e+00 1.000000e-01
3.074470e+03 0.000000e+00 1.000000e+00 1.000000e-01
3.074480e+03 0.000000e+00 1.000000e+00 1.000000e-01
3.074490e+03 0.000000e+00 1.000000e+00 1.000000e-01
3.074500e+03 0.000000e+00 1.000000e+00 1.000000e-01
3.074510e+03 0.000000e+00 1.000000e+00 1.000000e-01
3.074520e+03 0.000000e+00 1.000000e+00 1.000000e-01
3.074530e+03 0.000000e+00 1.000000e+00 1.000000e-01
3.074540e+03 0.000000e+00 1.000000e+00 1.000000e-01
3.074550e+03 0.000000e+00 1.000000e+00 1.000000e-01
3.074560e+03 0.000000e+00 1.000000e+00 1.000000e-01
3.074570e+03 0.000000e+00 1.000000e+00 1.000000e-01
3.074580e+03 0.000000e+00 1.000000e+00 1.000000e-01
3.074590e+03 0.000000e+00 1.000000e+00 1.000000e-01
3.074600e+03 0.000000e+00 1.000000e+00 1.000000e-01
3.074610e+03 0.000000e+00 1.000000e+00 1.000000e-01
3.074620e+03 0.000000e+00 1.000000e+00 1.000000e-01
3.074630e+03 0.000000e+00 1.000000e+00 1.000000e-01
3.074640e+03 0.000000e+00 1.000000e+00 1.000000e-01
3.074650e+03 0.000000e+00 1.000000e+00 1.000000e-01
3.074660e+03 0.000000e+00 1.000000e+00 1.000000e-01
3.074670e+03 0.000000e+00 1.000000e+00 1.000000e-01
3.074680e+03 0.000000e+00 1.000000e+00 1.000000e-01
3.074690e+03 0.000000e+00 1.000000e+00 1.000000e-01
3.074700e+03 0.000000e+00 1.000000e+00 1.000000e-01
3.074710e+03 0.000000e+00 1.000000e+00 1.000000e-01
3.074720e+03 0.000000e+00 1.000000e+00 1.000000e-01
3.074730e+03 0.000000e+00 1.000000e+00 1.000000e-01
3.074740e+03 0.000000e+00 1.000000e+00 1.000000e-01
3.074750e+03 0.000000e+00 1.000000e+00 1.000000e-01
3.074760e+03 0.000000e+00 1.000000e+00 1.000000e-01
3.074770e+03 0.000000e+00 1.000000e+00 1.000000e-01
3.074780e+03 0.000000e+00 1.000000e+00 1.000000e-01
3.074790e+03 0.000000e+00 1.000000e+00 1.000000e-01
3.074800e+03 0.000000e+00 1.000000e+00 1.000000e-01
3.074810e+03 0.000000e+00 1.000000e+00 1.000000e-01
3.074820e+03 0.000000e+00 1.000000e+00 1.000000e-01
3.074830e+03 0.000000e+00 1.000000e+00 1.000000e-01
3.074840e+03 0.000000e+00 1.000000e+00 1.000000e-01
3.074850e+03 0.000000e+00 1.000000e+00 1.000000e-01
3.074860e+03 0.000000e+00 1.000000e+00 1.000000e-01
3.074870e+03 0.000000e+00 1.000000e+00 1.000000e-01
3.074880e+03 0.000000e+00 1.000000e+00 1.000000e-01
3.074890e+03 0.000000e+00 1.000000e+00 1.000000e-01
3.074900e+03 0.000000e+00 1.000000e+00 1.000000e-01
3.074910e+03 0.000000e+00 1.000000e+00 1.000000e-01
3.074920e+03 0.000000e+00 1.000000e+00 1.000000e-01
3.074930e+03 0.000000e+00 1.000000e+00 1.000000e-01
3.074940e+03 0.000000e+00 1.000000e+00 1.000000e-01
3.074950e+03 0.000000e+00 1.000000e+00 1.000000e-01
3.074960e+03 0.000000e+00 1.000000e+00 1.000000e-01
3.074970e+03 0.000000e+00 1.000000e+00 1.000000e-01
3.074980e+03 0.000000e+00 1.000000e+00 1.000000e-01
3.074990e+03 0.000000e+00 1.000000e+00 1.000000e-01
3.075000e+03 0.000000e+00 1.000000e+00 1.000000e-01
3.075010e+03 0.000000e+00 1.000000e+00 1.000000e-01
3.075020e+03 0.000000e+00 1.000000e+00 1.000000e-01
3.075030e+03 0.000000e+00 1.000000e+00 1.000000e-01
3.075040e+03 0.000000e+00 1.000000e+00 1.000000e-01
3.075050e+03 0.000000e+00 1.000000e+00 1.000000e-01
3.075060e+03 0.000000e+00 1.000000e+00 1.000000e-01
3.075070e+03 0.000000e+00 1.000000e+00 1.000000e-01
3.075080e+03 0.000000e+00 1.000000e+00 1.000000e-01
3.075090e+03 0.000000e+00 1.000000e+00 1.000000e-01
3.075100e+03 0.000000e+00 1.000000e+00 1.000000e-01
3.075110e+03 0.000000e+00 1.000000e+00 1.000000e-01
3.075120e+03 0.000000e+00 1.000000e+00 1.000000e-01
3.075130e+03 0.000000e+00 1.000000e+00 1.000000e-01
3.075140e+03 0.000000e+00 1.000000e+00 1.000000e-01
3.075150e+03 0.000000e+00 1.000000e+00 1.000000e-01
3.075160e+03 0.000000e+00 1.000000e+00 1.000000e-01
3.075170e+03 0.000000e+00 1.000000e+00 1.000000e-01
3.075180e+03 0.000000e+00 1.000000e+00 1.000000e-01
3.075190e+03 0.000000e+00 1.000000e+00 1.000000e-01
3.075200e+03 0.000000e+00 1.000000e+00 1.000000e-01
3.075210e+03 0.000000e+00 1.000000e+00 1.000000e-01
3.075220e+03 0.000000e+00 1.000000e+00 1.000000e-01
3.075230e+03 0.000000e+00 1.000000e+00 1.000000e-01
3.075240e+03 0.000000e+00 1.000000e+00 1.000000e-01
3.075250e+03 0.000000e+00 1.000000e+00 1.000000e-01
3.075260e+03 0.000000e+00 1.000000e+00 1.000000e-01
3.075270e+03 0.000000e+00 1.000000e+00 1.000000e-01
3.075280e+03 0.000000e+00 1.000000e+00 1.000000e-01
3.075290e+03 0.000000e+00 1.000000e+00 1.000000e-01
3.075300e+03 0.000000e+00 1.000000e+00 1.000000e-01
3.075310e+03 0.000000e+00 1.000000e+00 1.000000e-01
3.075320e+03 0.000000e+00 1.000000e+00 1.000000e-01
3.075330e+03 0.000000e+00 1.000000e+00 1.000000e-01
3.075340e+03 0.000000e+00 1.000000e+00 1.000000e-01
3.075350e+03 0.000000e+00 1.000000e+00 1.000000e-01
3.075360e+03 0.000000e+00 1.000000e+00 1.000000e-01
3.075370e+03 0.000000e+00 1.000000e+00 1.000000e-01
3.075380e+03 0.000000e+00 1.000000e+00 1.000000e-01
3.075390e+03 0.000000e+00 1.000000e+00 1.000000e-01
3.075400e+03 0.000000e+00 1.000000e+00 1.000000e-01
3.075410e+03 0.000000e+00 1.000000e+00 1.000000e-01
3.075420e+03 0.000000e+00 1.000000e+00 1.000000e-01
3.075430e+03 0.000000e+00 1.000000e+00 1.000000e-01
3.075440e+03 0.000000e+00 1.000000e+00 1.000000e-01
3.075450e+03 0.000000e+00 1.000000e+00 1.000000e-01
3.075460e+03 0.000000e+00 1.000000e+00 1.000000e-01
3.075470e+03 0.000000e+00 1.000000e+00 1.000000e-01
3.075480e+03 0.000000e+00 1.000000e+00 1.000000e-01
3.075490e+03 0.000000e+00 1.000000e+00 1.000000e-01
3.075500e+03 0.000000e+00 1.000000e+00 1.000000e-01
3.075510e+03 0.000000e+00 1.000000e+00 1.000000e-01
3.075520e+03 0.000000e+00 1.000000e+00 1.000000e-01
3.075530e+03 0.000000e+00 1.000000e+00 1.000000e-01
3.075540e+03 0.000000e+00 1.000000e+00 1.000000e-01
3.075550e+03 0.000000e+00 1.000000e+00 1.000000e-01
3.075560e+03 0.000000e+00 1.000000e+00 1.000000e-01
3.075570e+03 0.000000e+00 1.000000e+00 1.000000e-01
3.075580e+03 0.000000e+00 1.000000e+00 1.000000e-01
3.075590e+03 0.000000e+00 1.000000e+00 1.000000e-01
3.075600e+03 0.000000e+00 1.000000e+00 1.000000e-01
3.075610e+03 0.000000e+00 1.000000e+00 1.000000e-01
3.075620e+03 0.000000e+00 1.000000e+00 1.000000e-01
3.075630e+03 0.000000e+00 1.000000e+00 1.000000e-01
3.075640e+03 0.000000e+00 1.000000e+00 1.000000e-01
3.075650e+03 0.000000e+00 1.000000e+00 1.000000e-01
3.075660e+03 0.000000e+00 1.000000e+00 1.000000e-01
3.075670e+03 0.000000e+00 1.000000e+00 1.000000e-01
3.075680e+03 0.000000e+00 1.000000e+00 1.000000e-01
3.075690e+03 0.000000e+00 1.000000e+00 1.000000e-01
3.075700e+03 0.000000e+00 1.000000e+00 1.000000e-01
3.075710e+03 0.000000e+00 1.000000e+00 1.000000e-01
3.075720e+03 0.000000e+00 1.000000e+00 1.000000e-01
3.075730e+03 0.000000e+00 1.000000e+00 1.000000e-01
3.075740e+03 0.000000e+00 1.000000e+00 1.000000e-01
3.075750e+03 0.000000e+00 1.000000e+00 1.000000e-01
3.075760e+03 0.000000e+00 1.000000e+00 1.000000e-01
3.075770e+03 0.000000e+00 1.000000e+00 1.000000e-01
3.075780e+03 0.000000e+00 1.000000e+00 1.000000e-01
3.075790e+03 0.000000e+00 1.000000e+00 1.000000e-01
3.075800e+03 0.000000e+00 1.000000e+00 1.000000e-01
3.075810e+03 0.000000e+00 1.000000e+00 1.000000e-01
3.075820e+03 0.000000e+00 1.000000e+00 1.000000e-01
3.075830e+03 0.000000e+00 1.000000e+00 1.000000e-01
3.075840e+03 0.000000e+00 1.000000e+00 1.000000e-01
3.075850e+03 0.000000e+00 1.000000e+00 1.000000e-01
3.075860e+03 0.000000e+00 1.000000e+00 1.000000e-01
3.075870e+03 0.000000e+00 1.000000e+00 1.000000e-01
3.075880e+03 0.000000e+00 1.000000e+00 1.000000e-01
3.075890e+03 0.000000e+00 1.000000e+00 1.000000e-01
3.075900e+03 0.000000e+00 1.000000e+00 1.000000e-01
3.075910e+03 0.000000e+00 1.000000e+00 1.000000e-01
3.075920e+03 0.000000e+00 1.000000e+00 1.000000e-01
3.075930e+03 0.000000e+00 1.000000e+00 1.000000e-01
3.075940e+03 0.000000e+00 1.000000e+00 1.000000e-01
3.075950e+03 0.000000e+00 1.000000e+00 1.000000e-01
3.075960e+03 0.000000e+00 1.000000e+00 1.000000e-01
3.075970e+03 0.000000e+00 1.000000e+00 1.000000e-01
3.075980e+03 0.000000e+00 1.000000e+00 1.000000e-01
3.075990e+03 0.000000e+00 1.000000e+00 1.000000e-01
3.076000e+03 0.000000e+00 1.000000e+00 1.000000e-01
3.076010e+03 0.000000e+00 1.000000e+00 1.000000e-01
3.076020e+03 0.000000e+00 1.000000e+00 1.000000e-01
3.076030e+03 0.000000e+00 1.000000e+00 1.000000e-01
3.076040e+03 0.000000e+00 1.000000e+00 1.000000e-01
3.076050e+03 0.000000e+00 1.000000e+00 1.000000e-01
3.076060e+03 0.000000e+00 1.000000e+00 1.000000e-01
3.076070e+03 0.000000e+00 1.000000e+00 1.000000e-01
3.076080e+03 0.000000e+00 1.000000e+00 1.000000e-01
3.076090e+03 0.000000e+00 1.000000e+00 1.000000e-01
3.076100e+03 0.000000e+00 1.000000e+00 1.000000e-01
3.076110e+03 0.000000e+00 1.000000e+00 1.000000e-01
3.076120e+03 0.000000e+00 1.000000e+00 1.000000e-01
3.076130e+03 0.000000e+00 1.000000e+00 1.000000e-01
3.076140e+03 0.000000e+00 1.000000e+00 1.000000e-01
3.076150e+03 0.000000e+00 1.000000e+00 1.000000e-01
3.076160e+03 0.000000e+00 1.000000e+00 1.000000e-01
3.076170e+03 0.000000e+00 1.000000e+00 1.000000e-01
3.076180e+03 0.000000e+00 1.000000e+00 1.000000e-01
3.076190e+03 0.000000e+00 1.000000e+00 1.000000e-01
3.076200e+03 0.000000e+00 1.000000e+00 1.000000e-01
3.076210e+03 0.000000e+00 1.000000e+00 1.000000e-01
3.076220e+03 0.000000e+00 1.000000e+00 1.000000e-01
3.076230e+03 0.000000e+00 1.000000e+00 1.000000e-01
3.076240e+03 0.000000e+00 1.000000e+00 1.000000e-01
3.076250e+03 0.000000e+00 1.000000e+00 1.000000e-01
3.076260e+03 0.000000e+00 1.000000e+00 1.000000e-01
3.076270e+03 0.000000e+00 1.000000e+00 1.000000e-01
3.076280e+03 0.000000e+00 1.000000e+00 1.000000e-01
3.076290e+03 0.000000e+00 1.000000e+00 1.000000e-01
3.076300e+03 0.000000e+00 1.000000e+00 1.000000e-01
3.076310e+03 0.000000e+00 1.000000e+00 1.000000e-01
3.076320e+03 0.000000e+00 1.000000e+00 1.000000e-01
3.076330e+03 0.000000e+00 1.000000e+00 1.000000e-01
3.076340e+03 0.000000e+00 1.000000e+00 1.000000e-01
3.076350e+03 0.000000e+00 1.000000e+00 1.000000e-01
3.076360e+03 0.000000e+00 1.000000e+00 1.000000e-01
3.076370e+03 0.000000e+00 1.000000e+00 1.000000e-01
3.076380e+03 0.000000e+00 1.000000e+00 1.000000e-01
3.076390e+03 0.000000e+00 1.000000e+00 1.000000e-01
3.076400e+03 0.000000e+00 1.000000e+00 1.000000e-01
3.076410e+03 0.000000e+00 1.000000e+00 1.000000e-01
3.076420e+03 0.000000e+00 1.000000e+00 1.000000e-01
3.076430e+03 0.000000e+00 1.000000e+00 1.000000e-01
3.076440e+03 0.000000e+00 1.000000e+00 1.000000e-01
3.076450e+03 0.000000e+00 1.000000e+00 1.000000e-01
3.076460e+03 0.000000e+00 1.000000e+00 1.000000e-01
3.076470e+03 0.000000e+00 1.000000e+00 1.000000e-01
3.076480e+03 0.000000e+00 1.000000e+00 1.000000e-01
3.076490e+03 0.000000e+00 1.000000e+00 1.000000e-01
3.076500e+03 0.000000e+00 1.000000e+00 1.000000e-01
3.076510e+03 0.000000e+00 1.000000e+00 1.000000e-01
3.076520e+03 0.000000e+00 1.000000e+00 1.000000e-01
3.076530e+03 0.000000e+00 1.000000e+00 1.000000e-01
3.076540e+03 0.000000e+00 1.000000e+00 1.000000e-01
3.076550e+03 0.000000e+00 1.000000e+00 1.000000e-01
3.076560e+03 0.000000e+00 1.000000e+00 1.000000e-01
3.076570e+03 0.000000e+00 1.000000e+00 1.000000e-01
3.076580e+03 0.000000e+00 1.000000e+00 1.000000e-01
3.076590e+03 0.000000e+00 1.000000e+00 1.000000e-01
3.076600e+03 0.000000e+00 1.000000e+00 1.000000e-01
3.076610e+03 0.000000e+00 1.000000e+00 1.000000e-01
3.076620e+03 0.000000e+00 1.000000e+00 1.000000e-01
3.076630e+03 0.000000e+00 1.000000e+00 1.000000e-01
3.076640e+03 0.000000e+00 1.000000e+00 1.000000e-01
3.076650e+03 0.000000e+00 1.000000e+00 1.000000e-01
3.076660e+03 0.000000e+00 1.000000e+00 1.000000e-01
3.076670e+03 0.000000e+00 1.000000e+00 1.000000e-01
3.076680e+03 0.000000e+00 1.000000e+00 1.000000e-01
3.076690e+03 0.000000e+00 1.000000e+00 1.000000e-01
3.076700e+03 0.000000e+00 1.000000e+00 1.000000e-01
3.076710e+03 0.000000e+00 1.000000e+00 1.000000e-01
3.076720e+03 0.000000e+00 1.000000e+00 1.000000e-01
3.076730e+03 0.000000e+00 1.000000e+00 1.000000e-01
3.076740e+03 0.000000e+00 1.000000e+00 1.000000e-01
3.076750e+03 0.000000e+00 1.000000e+00 1.000000e-01
3.076760e+03 0.000000e+00 1.000000e+00 1.000000e-01
3.076770e+03 0.000000e+00 1.000000e+00 1.000000e-01
3.076780e+03 0.000000e+00 1.000000e+00 1.000000e-01
3.076790e+03 0.000000e+00 1.000000e+00 1.000000e-01
3.076800e+03 0.000000e+00 1.000000e+00 1.000000e-01
3.076810e+03 0.000000e+00 1.000000e+00 1.000000e-01
3.076820e+03 0.000000e+00 1.000000e+00 1.000000e-01
3.076830e+03 0.000000e+00 1.000000e+00 1.000000e-01
3.076840e+03 0.000000e+00 1.000000e+00 1.000000e-01
3.076850e+03 0.000000e+00 1.000000e+00 1.000000e-01
3.076860e+03 0.000000e+00 1.000000e+00 1.000000e-01
3.076870e+03 0.000000e+00 1.000000e+00 1.000000e-01
3.076880e+03 0.000000e+00 1.000000e+00 1.000000e-01
3.076890e+03 0.000000e+00 1.000000e+00 1.000000e-01
3.076900e+03 0.000000e+00 1.000000e+00 1.000000e-01
3.076910e+03 0.000000e+00 1.000000e+00 1.000000e-01
3.076920e+03 0.000000e+00 1.000000e+00 1.000000e-01
3.076930e+03 0.000000e+00 1.000000e+00 1.000000e-01
3.076940e+03 0.000000e+00 1.000000e+00 1.000000e-01
3.076950e+03 0.000000e+00 1.000000e+00 1.000000e-01
3.076960e+03 0.000000e+00 1.000000e+00 1.000000e-01
3.076970e+03 0.000000e+00 1.000000e+00 1.000000e-01
3.076980e+03 0.000000e+00 1.000000e+00 1.000000e-01
3.076990e+03 0.000000e+00 1.000000e+00 1.000000e-01
3.077000e+03 0.000000e+00 1.000000e+00 1.000000e-01
3.077010e+03 0.000000e+00 1.000000e+00 1.000000e-01
3.077020e+03 0.000000e+00 1.000000e+00 1.000000e-01
3.077030e+03 0.000000e+00 1.000000e+00 1.000000e-01
3.077040e+03 0.000000e+00 1.000000e+00 1.000000e-01
3.077050e+03 0.000000e+00 1.000000e+00 1.000000e-01
3.077060e+03 0.000000e+00 1.000000e+00 1.000000e-01
3.077070e+03 0.000000e+00 1.000000e+00 1.000000e-01
3.077080e+03 0.000000e+00 1.000000e+00 1.000000e-01
3.077090e+03 0.000000e+00 1.000000e+00 1.000000e-01
3.077100e+03 0.000000e+00 1.000000e+00 1.000000e-01
3.077110e+03 0.000000e+00 1.000000e+00 1.000000e-01
3.077120e+03 0.000000e+00 1.000000e+00 1.000000e-01
3.077130e+03 0.000000e+00 1.000000e+00 1.000000e-01
3.077140e+03 0.000000e+00 1.000000e+00 1.000000e-01
3.077150e+03 0.000000e+00 1.000000e+00 1.000000e-01
3.077160e+03 0.000000e+00 1.000000e+00 1.000000e-01
3.077170e+03 0.000000e+00 1.000000e+00 1.000000e-01
3.077180e+03 0.000000e+00 1.000000e+00 1.000000e-01
3.077190e+03 0.000000e+00 1.000000e+00 1.000000e-01
3.077200e+03 0.000000e+00 1.000000e+00 1.000000e-01
3.077210e+03 0.000000e+00 1.000000e+00 1.000000e-01
3.077220e+03 0.000000e+00 1.000000e+00 1.000000e-01
3.077230e+03 0.000000e+00 1.000000e+00 1.000000e-01
3.077240e+03 0.000000e+00 1.000000e+00 1.000000e-01
3.077250e+03 0.000000e+00 1.000000e+00 1.000000e-01
3.077260e+03 0.000000e+00 1.000000e+00 1.000000e-01
3.077270e+03 0.000000e+00 1.000000e+00 1.000000e-01
3.077280e+03 0.000000e+00 1.000000e+00 1.000000e-01
3.077290e+03 0.000000e+00 1.000000e+00 1.000000e-01
3.077300e+03 0.000000e+00 1.000000e+00 1.000000e-01
3.077310e+03 0.000000e+00 1.000000e+00 1.000000e-01
3.077320e+03 0.000000e+00 1.000000e+00 1.000000e-01
3.077330e+03 0.000000e+00 1.000000e+00 1.000000e-01
3.077340e+03 0.000000e+00 1.000000e+00 1.000000e-01
3.077350e+03 0.000000e+00 1.000000e+00 1.000000e-01
3.077360e+03 0.000000e+00 1.000000e+00 1.000000e-01
3.077370e+03 0.000000e+00 1.000000e+00 1.000000e-01
3.077380e+03 0.000000e+00 1.000000e+00 1.000000e-01
3.077390e+03 0.000000e+00 1.000000e+00 1.000000e-01
3.077400e+03 0.000000e+00 1.000000e+00 1.000000e-01
3.077410e+03 0.000000e+00 1.000000e+00 1.000000e-01
3.077420e+03 0.000000e+00 1.000000e+00 1.000000e-01
3.077430e+03 0.000000e+00 1.000000e+00 1.000000e-01
3.077440e+03 0.000000e+00 1.000000e+00 1.000000e-01
3.077450e+03 0.000000e+00 1.000000e+00 1.000000e-01
3.077460e+03 0.000000e+00 1.000000e+00 1.000000e-01
3.077470e+03 0.000000e+00 1.000000e+00 1.000000e-01
3.077480e+03 0.000000e+00 1.000000e+00 1.000000e-01
3.077490e+03 0.000000e+00 1.000000e+00 1.000000e-01
3.077500e+03 0.000000e+00 1.000000e+00 1.000000e-01
3.077510e+03 0.000000e+00 1.000000e+00 1.000000e-01
3.077520e+03 0.000000e+00 1.000000e+00 1.000000e-01
3.077530e+03 0.000000e+00 1.000000e+00 1.000000e-01
3.077540e+03 0.000000e+00 1.000000e+00 1.000000e-01
3.077550e+03 0.000000e+00 1.000000e+00 1.000000e-01
3.077560e+03 0.000000e+00 1.000000e+00 1.000000e-01
3.077570e+03 0.000000e+00 1.000000e+00 1.000000e-01
3.077580e+03 0.000000e+00 1.000000e+00 1.000000e-01
3.077590e+03 0.000000e+00 1.000000e+00 1.000000e-01
3.077600e+03 0.000000e+00 1.000000e+00 1.000000e-01
3.077610e+03 0.000000e+00 1.000000e+00 1.000000e-01
3.077620e+03 0.000000e+00 1.000000e+00 1.000000e-01
3.077630e+03 0.000000e+00 1.000000e+00 1.000000e-01
3.077640e+03 0.000000e+00 1.000000e+00 1.000000e-01
3.077650e+03 0.000000e+00 1.000000e+00 1.000000e-01
3.077660e+03 0.000000e+00 1.000000e+00 1.000000e-01
3.077670e+03 0.000000e+00 1.000000e+00 1.000000e-01
3.077680e+03 0.000000e+00 1.000000e+00 1.000000e-01
3.077690e+03 0.000000e+00 1.000000e+00 1.000000e-01
3.077700e+03 0.000000e+00 1.000000e+00 1.000000e-01
3.077710e+03 0.000000e+00 1.000000e+00 1.000000e-01
3.077720e+03 0.000000e+00 1.000000e+00 1.000000e-01
3.077730e+03 0.000000e+00 1.000000e+00 1.000000e-01
3.077740e+03 0.000000e+00 1.000000e+00 1.000000e-01
3.077750e+03 0.000000e+00 1.000000e+00 1.000000e-01
3.077760e+03 0.000000e+00 1.000000e+00 1.000000e-01
3.077770e+03 0.000000e+00 1.000000e+00 1.000000e-01
3.077780e+03 0.000000e+00 1.000000e+00 1.000000e-01
3.077790e+03 0.000000e+00 1.000000e+00 1.000000e-01
3.077800e+03 0.000000e+00 1.000000e+00 1.000000e-01
3.077810e+03 0.000000e+00 1.000000e+00 1.000000e-01
3.077820e+03 0.000000e+00 1.000000e+00 1.000000e-01
3.077830e+03 0.000000e+00 1.000000e+00 1.000000e-01
3.077840e+03 0.000000e+00 1.000000e+00 1.000000e-01
3.077850e+03 0.000000e+00 1.000000e+00 1.000000e-01
3.077860e+03 0.000000e+00 1.000000e+00 1.000000e-01
3.077870e+03 0.000000e+00 1.000000e+00 1.000000e-01
3.077880e+03 0.000000e+00 1.000000e+00 1.000000e-01
3.077890e+03 0.000000e+00 1.000000e+00 1.000000e-01
3.077900e+03 0.000000e+00 1.000000e+00 1.000000e-01
3.077910e+03 0.000000e+00 1.000000e+00 1.000000e-01
3.077920e+03 0.000000e+00 1.000000e+00 1.000000e-01
3.077930e+03 0.000000e+00 1.000000e+00 1.000000e-01
3.077940e+03 0.000000e+00 1.000000e+00 1.000000e-01
3.077950e+03 0.000000e+00 1.000000e+00 1.000000e-01
3.077960e+03 0.000000e+00 1.000000e+00 1.000000e-01
3.077970e+03 0.000000e+00 1.000000e+00 1.000000e-01
3.077980e+03 0.000000e+00 1.000000e+00 1.000000e-01
3.077990e+03 0.000000e+00 1.000000e+00 1.000000e-01
3.078000e+03 0.000000e+00 1.000000e+00 1.000000e-01
3.078010e+03 0.000000e+00 1.000000e+00 1.000000e-01
3.078020e+03 0.000000e+00 1.000000e+00 1.000000e-01
3.078030e+03 0.000000e+00 1.000000e+00 1.000000e-01
3.078040e+03 0.000000e+00 1.000000e+00 1.000000e-01
3.078050e+03 0.000000e+00 1.000000e+00 1.000000e-01
3.078060e+03 0.000000e+00 1.000000e+00 1.000000e-01
3.078070e+03 0.000000e+00 1.000000e+00 1.000000e-01
3.078080e+03 0.000000e+00 1.000000e+00 1.000000e-01
3.078090e+03 0.000000e+00 1.000000e+00 1.000000e-01
3.078100e+03 0.000000e+00 1.000000e+00 1.000000e-01
3.078110e+03 0.000000e+00 1.000000e+00 1.000000e-01
3.078120e+03 0.000000e+00 1.000000e+00 1.000000e-01
3.078130e+03 0.000000e+00 1.000000e+00 1.000000e-01
3.078140e+03 0.000000e+00 1.000000e+00 1.000000e-01
3.078150e+03 0.000000e+00 1.000000e+00 1.000000e-01
3.078160e+03 0.000000e+00 1.000000e+00 1.000000e-01
3.078170e+03 0.000000e+00 1.000000e+00 1.000000e-01
3.078180e+03 0.000000e+00 1.000000e+00 1.000000e-01
3.078190e+03 0.000000e+00 1.000000e+00 1.000000e-01
3.078200e+03 0.000000e+00 1.000000e+00 1.000000e-01
3.078210e+03 0.000000e+00 1.000000e+00 1.000000e-01
3.078220e+03 0.000000e+00 1.000000e+00 1.000000e-01
3.078230e+03 0.000000e+00 1.000000e+00 1.000000e-01
3.078240e+03 0.000000e+00 1.000000e+00 1.000000e-01
3.078250e+03 0.000000e+00 1.000000e+00 1.000000e-01
3.078260e+03 0.000000e+00 1.000000e+00 1.000000e-01
3.078270e+03 0.000000e+00 1.000000e+00 1.000000e-01
3.078280e+03 0.000000e+00 1.000000e+00 1.000000e-01
3.078290e+03 0.000000e+00 1.000000e+00 1.000000e-01
3.078300e+03 0.000000e+00 1.000000e+00 1.000000e-01
3.078310e+03 0.000000e+00 1.000000e+00 1.000000e-01
3.078320e+03 0.000000e+00 1.000000e+00 1.000000e-01
3.078330e+03 0.000000e+00 1.000000e+00 1.000000e-01
3.078340e+03 0.000000e+00 1.000000e+00 1.000000e-01
3.078350e+03 0.000000e+00 1.000000e+00 1.000000e-01
3.078360e+03 0.000000e+00 1.000000e+00 1.000000e-01
3.078370e+03 0.000000e+00 1.000000e+00 1.000000e-01
3.078380e+03 0.000000e+00 1.000000e+00 1.000000e-01
3.078390e+03 0.000000e+00 1.000000e+00 1.000000e-01
3.078400e+03 0.000000e+00 1.000000e+00 1.000000e-01
3.078410e+03 0.000000e+00 1.000000e+00 1.000000e-01
3.078420e+03 0.000000e+00 1.000000e+00 1.000000e-01
3.078430e+03 0.000000e+00 1.000000e+00 1.000000e-01
3.078440e+03 0.000000e+00 1.000000e+00 1.000000e-01
3.078450e+03 0.000000e+00 1.000000e+00 1.000000e-01
3.078460e+03 0.000000e+00 1.000000e+00 1.000000e-01
3.078470e+03 0.000000e+00 1.000000e+00 1.000000e-01
3.078480e+03 0.000000e+00 1.000000e+00 1.000000e-01
3.078490e+03 0.000000e+00 1.000000e+00 1.000000e-01
3.078500e+03 0.000000e+00 1.000000e+00 1.000000e-01
3.078510e+03 0.000000e+00 1.000000e+00 1.000000e-01
3.078520e+03 0.000000e+00 1.000000e+00 1.000000e-01
3.078530e+03 0.000000e+00 1.000000e+00 1.000000e-01
3.078540e+03 0.000000e+00 1.000000e+00 1.000000e-01
3.078550e+03 0.000000e+00 1.000000e+00 1.000000e-01
3.078560e+03 0.000000e+00 1.000000e+00 1.000000e-01
3.078570e+03 0.000000e+00 1.000000e+00 1.000000e-01
3.078580e+03 0.000000e+00 1.000000e+00 1.000000e-01
3.078590e+03 0.000000e+00 1.000000e+00 1.000000e-01
3.078600e+03 0.000000e+00 1.000000e+00 1.000000e-01
3.078610e+03 0.000000e+00 1.000000e+00 1.000000e-01
3.078620e+03 0.000000e+00 1.000000e+00 1.000000e-01
3.078630e+03 0.000000e+00 1.000000e+00 1.000000e-01
3.078640e+03 0.000000e+00 1.000000e+00 1.000000e-01
3.078650e+03 0.000000e+00 1.000000e+00 1.000000e-01
3.078660e+03 0.000000e+00 1.000000e+00 1.000000e-01
3.078670e+03 0.000000e+00 1.000000e+00 1.000000e-01
3.078680e+03 0.000000e+00 1.000000e+00 1.000000e-01
3.078690e+03 0.000000e+00 1.000000e+00 1.000000e-01
3.078700e+03 0.000000e+00 1.000000e+00 1.000000e-01
3.078710e+03 0.000000e+00 1.000000e+00 1.000000e-01
3.078720e+03 0.000000e+00 1.000000e+00 1.000000e-01
3.078730e+03 0.000000e+00 1.000000e+00 1.000000e-01
3.078740e+03 0.000000e+00 1.000000e+00 1.000000e-01
3.078750e+03 0.000000e+00 1.000000e+00 1.000000e-01
3.078760e+03 0.000000e+00 1.000000e+00 1.000000e-01
3.078770e+03 0.000000e+00 1.000000e+00 1.000000e-01
3.078780e+03 0.000000e+00 1.000000e+00 1.000000e-01
3.078790e+03 0.000000e+00 1.000000e+00 1.000000e-01
3.078800e+03 0.000000e+00 1.000000e+00 1.000000e-01
3.078810e+03 0.000000e+00 1.000000e+00 1.000000e-01
3.078820e+03 0.000000e+00 1.000000e+00 1.000000e-01
3.078830e+03 0.000000e+00 1.000000e+00 1.000000e-01
3.078840e+03 0.000000e+00 1.000000e+00 1.000000e-01
3.078850e+03 0.000000e+00 1.000000e+00 1.000000e-01
3.078860e+03 0.000000e+00 1.000000e+00 1.000000e-01
3.078870e+03 0.000000e+00 1.000000e+00 1.000000e-01
3.078880e+03 0.000000e+00 1.000000e+00 1.000000e-01
3.078890e+03 0.000000e+00 1.000000e+00 1.000000e-01
3.078900e+03 0.000000e+00 1.000000e+00 1.000000e-01
3.078910e+03 0.000000e+00 1.000000e+00 1.000000e-01
3.078920e+03 0.000000e+00 1.000000e+00 1.000000e-01
3.078930e+03 0.000000e+00 1.000000e+00 1.000000e-01
3.078940e+03 0.000000e+00 1.000000e+00 1.000000e-01
3.078950e+03 0.000000e+00 1.000000e+00 1.000000e-01
3.078960e+03 0.000000e+00 1.000000e+00 1.000000e-01
3.078970e+03 0.000000e+00 1.000000e+00 1.000000e-01
3.078980e+03 0.000000e+00 1.000000e+00 1.000000e-01
3.078990e+03 0.000000e+00 1.000000e+00 1.000000e-01
3.079000e+03 0.000000e+00 1.000000e+00 1.000000e-01
3.079010e+03 0.000000e+00 1.000000e+00 1.000000e-01
3.079020e+03 0.000000e+00 1.000000e+00 1.000000e-01
3.079030e+03 0.000000e+00 1.000000e+00 1.000000e-01
3.079040e+03 0.000000e+00 1.000000e+00 1.000000e-01
3.079050e+03 0.000000e+00 1.000000e+00 1.000000e-01
3.079060e+03 0.000000e+00 1.000000e+00 1.000000e-01
3.079070e+03 0.000000e+00 1.000000e+00 1.000000e-01
3.079080e+03 0.000000e+00 1.000000e+00 1.000000e-01
3.079090e+03 0.000000e+00 1.000000e+00 1.000000e-01
3.079100e+03 0.000000e+00 1.000000e+00 1.000000e-01
3.079110e+03 0.000000e+00 1.000000e+00 1.000000e-01
3.079120e+03 0.000000e+00 1.000000e+00 1.000000e-01
3.079130e+03 0.000000e+00 1.000000e+00 1.000000e-01
3.079140e+03 0.000000e+00 1.000000e+00 1.000000e-01
3.079150e+03 0.000000e+00 1.000000e+00 1.000000e-01
3.079160e+03 0.000000e+00 1.000000e+00 1.000000e-01
3.079170e+03 0.000000e+00 1.000000e+00 1.000000e-01
3.079180e+03 0.000000e+00 1.000000e+00 1.000000e-01
3.079190e+03 0.000000e+00 1.000000e+00 1.000000e-01
3.079200e+03 0.000000e+00 1.000000e+00 1.000000e-01
3.079210e+03 0.000000e+00 1.000000e+00 1.000000e-01
3.079220e+03 0.000000e+00 1.000000e+00 1.000000e-01
3.079230e+03 0.000000e+00 1.000000e+00 1.000000e-01
3.079240e+03 0.000000e+00 1.000000e+00 1.000000e-01
3.079250e+03 0.000000e+00 1.000000e+00 1.000000e-01
3.079260e+03 0.000000e+00 1.000000e+00 1.000000e-01
3.079270e+03 0.000000e+00 1.000000e+00 1.000000e-01
3.079280e+03 0.000000e+00 1.000000e+00 1.000000e-01
3.079290e+03 0.000000e+00 1.000000e+00 1.000000e-01
3.079300e+03 0.000000e+00 1.000000e+00 1.000000e-01
3.079310e+03 0.000000e+00 1.000000e+00 1.000000e-01
3.079320e+03 0.000000e+00 1.000000e+00 1.000000e-01
3.079330e+03 0.000000e+00 1.000000e+00 1.000000e-01
3.079340e+03 0.000000e+00 1.000000e+00 1.000000e-01
3.079350e+03 0.000000e+00 1.000000e+00 1.000000e-01
3.079360e+03 0.000000e+00 1.000000e+00 1.000000e-01
3.079370e+03 0.000000e+00 1.000000e+00 1.000000e-01
3.079380e+03 0.000000e+00 1.000000e+00 1.000000e-01
3.079390e+03 0.000000e+00 1.000000e+00 1.000000e-01
3.079400e+03 0.000000e+00 1.000000e+00 1.000000e-01
3.079410e+03 0.000000e+00 1.000000e+00 1.000000e-01
3.079420e+03 0.000000e+00 1.000000e+00 1.000000e-01
3.079430e+03 0.000000e+00 1.000000e+00 1.000000e-01
3.079440e+03 0.000000e+00 1.000000e+00 1.000000e-01
3.079450e+03 0.000000e+00 1.000000e+00 1.000000e-01
3.079460e+03 0.000000e+00 1.000000e+00 1.000000e-01
3.079470e+03 0.000000e+00 1.000000e+00 1.000000e-01
3.079480e+03 0.000000e+00 1.000000e+00 1.000000e-01
3.079490e+03 0.000000e+00 1.000000e+00 1.000000e-01
3.079500e+03 0.000000e+00 1.000000e+00 1.000000e-01
3.079510e+03 0.000000e+00 1.000000e+00 1.000000e-01
3.079520e+03 0.000000e+00 1.000000e+00 1.000000e-01
3.079530e+03 0.000000e+00 1.000000e+00 1.000000e-01
3.079540e+03 0.000000e+00 1.000000e+00 1.000000e-01
3.079550e+03 0.000000e+00 1.000000e+00 1.000000e-01
3.079560e+03 0.000000e+00 1.000000e+00 1.000000e-01
3.079570e+03 0.000000e+00 1.000000e+00 1.000000e-01
3.079580e+03 0.000000e+00 1.000000e+00 1.000000e-01
3.079590e+03 0.000000e+00 1.000000e+00 1.000000e-01
3.079600e+03 0.000000e+00 1.000000e+00 1.000000e-01
3.079610e+03 0.000000e+00 1.000000e+00 1.000000e-01
3.079620e+03 0.000000e+00 1.000000e+00 1.000000e-01
3.079630e+03 0.000000e+00 1.000000e+00 1.000000e-01
3.079640e+03 0.000000e+00 1.000000e+00 1.000000e-01
3.079650e+03 0.000000e+00 1.000000e+00 1.000000e-01
3.079660e+03 0.000000e+00 1.000000e+00 1.000000e-01
3.079670e+03 0.000000e+00 1.000000e+00 1.000000e-01
3.079680e+03 0.000000e+00 1.000000e+00 1.000000e-01
3.079690e+03 0.000000e+00 1.000000e+00 1.000000e-01
3.079700e+03 0.000000e+00 1.000000e+00 1.000000e-01
3.079710e+03 0.000000e+00 1.000000e+00 1.000000e-01
3.079720e+03 0.000000e+00 1.000000e+00 1.000000e-01
3.079730e+03 0.000000e+00 1.000000e+00 1.000000e-01
3.079740e+03 0.000000e+00 1.000000e+00 1.000000e-01
3.079750e+03 0.000000e+00 1.000000e+00 1.000000e-01
3.079760e+03 0.000000e+00 1.000000e+00 1.000000e-01
3.079770e+03 0.000000e+00 1.000000e+00 1.000000e-01
3.079780e+03 0.000000e+00 1.000000e+00 1.000000e-01
3.079790e+03 0.000000e+00 1.000000e+00 1.000000e-01
3.079800e+03 0.000000e+00 1.000000e+00 1.000000e-01
3.079810e+03 0.000000e+00 1.000000e+00 1.000000e-01
3.079820e+03 0.000000e+00 1.000000e+00 1.000000e-01
3.079830e+03 0.000000e+00 1.000000e+00 1.000000e-01
3.079840e+03 0.000000e+00 1.000000e+00 1.000000e-01
3.079850e+03 0.000000e+00 1.000000e+00 1.000000e-01
3.079860e+03 0.000000e+00 1.000000e+00 1.000000e-01
3.079870e+03 0.000000e+00 1.000000e+00 1.000000e-01
3.079880e+03 0.000000e+00 1.000000e+00 1.000000e-01
3.079890e+03 0.000000e+00 1.000000e+00 1.000000e-01
3.079900e+03 0.000000e+00 1.000000e+00 1.000000e-01
3.079910e+03 0.000000e+00 1.000000e+00 1.000000e-01
3.079920e+03 0.000000e+00 1.000000e+00 1.000000e-01
3.079930e+03 0.000000e+00 1.000000e+00 1.000000e-01
3.079940e+03 0.000000e+00 1.000000e+00 1.000000e-01
3.079950e+03 0.000000e+00 1.000000e+00 1.000000e-01
3.079960e+03 0.000000e+00 1.000000e+00 1.000000e-01
3.079970e+03 0.000000e+00 1.000000e+00 1.000000e-01
3.079980e+03 0.000000e+00 1.000000e+00 1.000000e-01
3.079990e+03 0.000000e+00 1.000000e+00 1.000000e-01
3.080000e+03 0.000000e+00 1.000000e+00 1.000000e-01
3.080010e+03 0.000000e+00 1.000000e+00 1.000000e-01
3.080020e+03 0.000000e+00 1.000000e+00 1.000000e-01
3.080030e+03 0.000000e+00 1.000000e+00 1.000000e-01
3.080040e+03 0.000000e+00 1.000000e+00 1.000000e-01
3.080050e+03 0.000000e+00 1.000000e+00 1.000000e-01
3.080060e+03 0.000000e+00 1.000000e+00 1.000000e-01
3.080070e+03 0.000000e+00 1.000000e+00 1.000000e-01
3.080080e+03 0.000000e+00 1.000000e+00 1.000000e-01
3.080090e+03 0.000000e+00 1.000000e+00 1.000000e-01
3.080100e+03 0.000000e+00 1.000000e+00 1.000000e-01
3.080110e+03 0.000000e+00 1.000000e+00 1.000000e-01
3.080120e+03 0.000000e+00 1.000000e+00 1.000000e-01
3.080130e+03 0.000000e+00 1.000000e+00 1.000000e-01
3.080140e+03 0.000000e+00 1.000000e+00 1.000000e-01
3.080150e+03 0.000000e+00 1.000000e+00 1.000000e-01
3.080160e+03 0.000000e+00 1.000000e+00 1.000000e-01
3.080170e+03 0.000000e+00 1.000000e+00 1.000000e-01
3.080180e+03 0.000000e+00 1.000000e+00 1.000000e-01
3.080190e+03 0.000000e+00 1.000000e+00 1.000000e-01
3.080200e+03 0.000000e+00 1.000000e+00 1.000000e-01
3.080210e+03 0.000000e+00 1.000000e+00 1.000000e-01
3.080220e+03 0.000000e+00 1.000000e+00 1.000000e-01
3.080230e+03 0.000000e+00 1.000000e+00 1.000000e-01
3.080240e+03 0.000000e+00 1.000000e+00 1.000000e-01
3.080250e+03 0.000000e+00 1.000000e+00 1.000000e-01
3.080260e+03 0.000000e+00 1.000000e+00 1.000000e-01
3.080270e+03 0.000000e+00 1.000000e+00 1.000000e-01
3.080280e+03 0.000000e+00 1.000000e+00 1.000000e-01
3.080290e+03 0.000000e+00 1.000000e+00 1.000000e-01
3.080300e+03 0.000000e+00 1.000000e+00 1.000000e-01
3.080310e+03 0.000000e+00 1.000000e+00 1.000000e-01
3.080320e+03 0.000000e+00 1.000000e+00 1.000000e-01
3.080330e+03 0.000000e+00 1.000000e+00 1.000000e-01
3.080340e+03 0.000000e+00 1.000000e+00 1.000000e-01
3.080350e+03 0.000000e+00 1.000000e+00 1.000000e-01
3.080360e+03 0.000000e+00 1.000000e+00 1.000000e-01
3.080370e+03 0.000000e+00 1.000000e+00 1.000000e-01
3.080380e+03 0.000000e+00 1.000000e+00 1.000000e-01
3.080390e+03 0.000000e+00 1.000000e+00 1.000000e-01
3.080400e+03 0.000000e+00 1.000000e+00 1.000000e-01
3.080410e+03 0.000000e+00 1.000000e+00 1.000000e-01
3.080420e+03 0.000000e+00 1.000000e+00 1.000000e-01
3.080430e+03 0.000000e+00 1.000000e+00 1.000000e-01
3.080440e+03 0.000000e+00 1.000000e+00 1.000000e-01
3.080450e+03 0.000000e+00 1.000000e+00 1.000000e-01
3.080460e+03 0.000000e+00 1.000000e+00 1.000000e-01
3.080470e+03 0.000000e+00 1.000000e+00 1.000000e-01
3.080480e+03 0.000000e+00 1.000000e+00 1.000000e-01
3.080490e+03 0.000000e+00 1.000000e+00 1.000000e-01
3.080500e+03 0.000000e+00 1.000000e+00 1.000000e-01
3.080510e+03 0.000000e+00 1.000000e+00 1.000000e-01
3.080520e+03 0.000000e+00 1.000000e+00 1.000000e-01
3.080530e+03 0.000000e+00 1.000000e+00 1.000000e-01
3.080540e+03 0.000000e+00 1.000000e+00 1.000000e-01
3.080550e+03 0.000000e+00 1.000000e+00 1.000000e-01
3.080560e+03 0.000000e+00 1.000000e+00 1.000000e-01
3.080570e+03 0.000000e+00 1.000000e+00 1.000000e-01
3.080580e+03 0.000000e+00 1.000000e+00 1.000000e-01
3.080590e+03 0.000000e+00 1.000000e+00 1.000000e-01
3.080600e+03 0.000000e+00 1.000000e+00 1.000000e-01
3.080610e+03 0.000000e+00 1.000000e+00 1.000000e-01
3.080620e+03 0.000000e+00 1.000000e+00 1.000000e-01
3.080630e+03 0.000000e+00 1.000000e+00 1.000000e-01
3.080640e+03 0.000000e+00 1.000000e+00 1.000000e-01
3.080650e+03 0.000000e+00 1.000000e+00 1.000000e-01
3.080660e+03 0.000000e+00 1.000000e+00 1.000000e-01
3.080670e+03 0.000000e+00 1.000000e+00 1.000000e-01
3.080680e+03 0.000000e+00 1.000000e+00 1.000000e-01
3.080690e+03 0.000000e+00 1.000000e+00 1.000000e-01
3.080700e+03 0.000000e+00 1.000000e+00 1.000000e-01
3.080710e+03 0.000000e+00 1.000000e+00 1.000000e-01
3.080720e+03 0.000000e+00 1.000000e+00 1.000000e-01
3.080730e+03 0.000000e+00 1.000000e+00 1.000000e-01
3.080740e+03 0.000000e+00 1.000000e+00 1.000000e-01
3.080750e+03 0.000000e+00 1.000000e+00 1.000000e-01
3.080760e+03 0.000000e+00 1.000000e+00 1.000000e-01
3.080770e+03 0.000000e+00 1.000000e+00 1.000000e-01
3.080780e+03 0.000000e+00 1.000000e+00 1.000000e-01
3.080790e+03 0.000000e+00 1.000000e+00 1.000000e-01
3.080800e+03 0.000000e+00 1.000000e+00 1.000000e-01
3.080810e+03 0.000000e+00 1.000000e+00 1.000000e-01
3.080820e+03 0.000000e+00 1.000000e+00 1.000000e-01
3.080830e+03 0.000000e+00 1.000000e+00 1.000000e-01
3.080840e+03 0.000000e+00 1.000000e+00 1.000000e-01
3.080850e+03 0.000000e+00 1.000000e+00 1.000000e-01
3.080860e+03 0.000000e+00 1.000000e+00 1.000000e-01
3.080870e+03 0.000000e+00 1.000000e+00 1.000000e-01
3.080880e+03 0.000000e+00 1.000000e+00 1.000000e-01
3.080890e+03 0.000000e+00 1.000000e+00 1.000000e-01
3.080900e+03 0.000000e+00 1.000000e+00 1.000000e-01
3.080910e+03 0.000000e+00 1.000000e+00 1.000000e-01
3.080920e+03 0.000000e+00 1.000000e+00 1.000000e-01
3.080930e+03 0.000000e+00 1.000000e+00 1.000000e-01
3.080940e+03 0.000000e+00 1.000000e+00 1.000000e-01
3.080950e+03 0.000000e+00 1.000000e+00 1.000000e-01
3.080960e+03 0.000000e+00 1.000000e+00 1.000000e-01
3.080970e+03 0.000000e+00 1.000000e+00 1.000000e-01
3.080980e+03 0.000000e+00 1.000000e+00 1.000000e-01
3.080990e+03 0.000000e+00 1.000000e+00 1.000000e-01
3.081000e+03 0.000000e+00 1.000000e+00 1.000000e-01
3.081010e+03 0.000000e+00 1.000000e+00 1.000000e-01
3.081020e+03 0.000000e+00 1.000000e+00 1.000000e-01
3.081030e+03 0.000000e+00 1.000000e+00 1.000000e-01
3.081040e+03 0.000000e+00 1.000000e+00 1.000000e-01
3.081050e+03 0.000000e+00 1.000000e+00 1.000000e-01
3.081060e+03 0.000000e+00 1.000000e+00 1.000000e-01
3.081070e+03 0.000000e+00 1.000000e+00 1.000000e-01
3.081080e+03 0.000000e+00 1.000000e+00 1.000000e-01
3.081090e+03 0.000000e+00 1.000000e+00 1.000000e-01
3.081100e+03 0.000000e+00 1.000000e+00 1.000000e-01
3.081110e+03 0.000000e+00 1.000000e+00 1.000000e-01
3.081120e+03 0.000000e+00 1.000000e+00 1.000000e-01
3.081130e+03 0.000000e+00 1.000000e+00 1.000000e-01
3.081140e+03 0.000000e+00 1.000000e+00 1.000000e-01
3.081150e+03 0.000000e+00 1.000000e+00 1.000000e-01
3.081160e+03 0.000000e+00 1.000000e+00 1.000000e-01
3.081170e+03 0.000000e+00 1.000000e+00 1.000000e-01
3.081180e+03 0.000000e+00 1.000000e+00 1.000000e-01
3.081190e+03 0.000000e+00 1.000000e+00 1.000000e-01
3.081200e+03 0.000000e+00 1.000000e+00 1.000000e-01
3.081210e+03 0.000000e+00 1.000000e+00 1.000000e-01
3.081220e+03 0.000000e+00 1.000000e+00 1.000000e-01
3.081230e+03 0.000000e+00 1.000000e+00 1.000000e-01
3.081240e+03 0.000000e+00 1.000000e+00 1.000000e-01
3.081250e+03 0.000000e+00 1.000000e+00 1.000000e-01
3.081260e+03 0.000000e+00 1.000000e+00 1.000000e-01
3.081270e+03 0.000000e+00 1.000000e+00 1.000000e-01
3.081280e+03 0.000000e+00 1.000000e+00 1.000000e-01
3.081290e+03 0.000000e+00 1.000000e+00 1.000000e-01
3.081300e+03 0.000000e+00 1.000000e+00 1.000000e-01
3.081310e+03 0.000000e+00 1.000000e+00 1.000000e-01
3.081320e+03 0.000000e+00 1.000000e+00 1.000000e-01
3.081330e+03 0.000000e+00 1.000000e+00 1.000000e-01
3.081340e+03 0.000000e+00 1.000000e+00 1.000000e-01
3.081350e+03 0.000000e+00 1.000000e+00 1.000000e-01
3.081360e+03 0.000000e+00 1.000000e+00 1.000000e-01
3.081370e+03 0.000000e+00 1.000000e+00 1.000000e-01
3.081380e+03 0.000000e+00 1.000000e+00 1.000000e-01
3.081390e+03 0.000000e+00 1.000000e+00 1.000000e-01
3.081400e+03 0.000000e+00 1.000000e+00 1.000000e-01
3.081410e+03 0.000000e+00 1.000000e+00 1.000000e-01
3.081420e+03 0.000000e+00 1.000000e+00 1.000000e-01
3.081430e+03 0.000000e+00 1.000000e+00 1.000000e-01
3.081440e+03 0.000000e+00 1.000000e+00 1.000000e-01
3.081450e+03 0.000000e+00 1.000000e+00 1.000000e-01
3.081460e+03 0.000000e+00 1.000000e+00 1.000000e-01
3.081470e+03 0.000000e+00 1.000000e+00 1.000000e-01
3.081480e+03 0.000000e+00 1.000000e+00 1.000000e-01
3.081490e+03 0.000000e+00 1.000000e+00 1.000000e-01
3.081500e+03 0.000000e+00 1.000000e+00 1.000000e-01
3.081510e+03 0.000000e+00 1.000000e+00 1.000000e-01
3.081520e+03 0.000000e+00 1.000000e+00 1.000000e-01
3.081530e+03 0.000000e+00 1.000000e+00 1.000000e-01
3.081540e+03 0.000000e+00 1.000000e+00 1.000000e-01
3.081550e+03 0.000000e+00 1.000000e+00 1.000000e-01
3.081560e+03 0.000000e+00 1.000000e+00 1.000000e-01
3.081570e+03 0.000000e+00 1.000000e+00 1.000000e-01
3.081580e+03 0.000000e+00 1.000000e+00 1.000000e-01
3.081590e+03 0.000000e+00 1.000000e+00 1.000000e-01
3.081600e+03 0.000000e+00 1.000000e+00 1.000000e-01
3.081610e+03 0.000000e+00 1.000000e+00 1.000000e-01
3.081620e+03 0.000000e+00 1.000000e+00 1.000000e-01
3.081630e+03 0.000000e+00 1.000000e+00 1.000000e-01
3.081640e+03 0.000000e+00 1.000000e+00 1.000000e-01
3.081650e+03 0.000000e+00 1.000000e+00 1.000000e-01
3.081660e+03 0.000000e+00 1.000000e+00 1.000000e-01
3.081670e+03 0.000000e+00 1.000000e+00 1.000000e-01
3.081680e+03 0.000000e+00 1.000000e+00 1.000000e-01
3.081690e+03 0.000000e+00 1.000000e+00 1.000000e-01
3.081700e+03 0.000000e+00 1.000000e+00 1.000000e-01
3.081710e+03 0.000000e+00 1.000000e+00 1.000000e-01
3.081720e+03 0.000000e+00 1.000000e+00 1.000000e-01
3.081730e+03 0.000000e+00 1.000000e+00 1.000000e-01
3.081740e+03 0.000000e+00 1.000000e+00 1.000000e-01
3.081750e+03 0.000000e+00 1.000000e+00 1.000000e-01
3.081760e+03 0.000000e+00 1.000000e+00 1.000000e-01
3.081770e+03 0.000000e+00 1.000000e+00 1.000000e-01
3.081780e+03 0.000000e+00 1.000000e+00 1.000000e-01
3.081790e+03 0.000000e+00 1.000000e+00 1.000000e-01
3.081800e+03 0.000000e+00 1.000000e+00 1.000000e-01
3.081810e+03 0.000000e+00 1.000000e+00 1.000000e-01
3.081820e+03 0.000000e+00 1.000000e+00 1.000000e-01
3.081830e+03 0.000000e+00 1.000000e+00 1.000000e-01
3.081840e+03 0.000000e+00 1.000000e+00 1.000000e-01
3.081850e+03 0.000000e+00 1.000000e+00 1.000000e-01
3.081860e+03 0.000000e+00 1.000000e+00 1.000000e-01
3.081870e+03 0.000000e+00 1.000000e+00 1.000000e-01
3.081880e+03 0.000000e+00 1.000000e+00 1.000000e-01
3.081890e+03 0.000000e+00 1.000000e+00 1.000000e-01
3.081900e+03 0.000000e+00 1.000000e+00 1.000000e-01
3.081910e+03 0.000000e+00 1.000000e+00 1.000000e-01
3.081920e+03 0.000000e+00 1.000000e+00 1.000000e-01
3.081930e+03 0.000000e+00 1.000000e+00 1.000000e-01
3.081940e+03 0.000000e+00 1.000000e+00 1.000000e-01
3.081950e+03 0.000000e+00 1.000000e+00 1.000000e-01
3.081960e+03 0.000000e+00 1.000000e+00 1.000000e-01
3.081970e+03 0.000000e+00 1.000000e+00 1.000000e-01
3.081980e+03 0.000000e+00 1.000000e+00 1.000000e-01
3.081990e+03 0.000000e+00 1.000000e+00 1.000000e-01
3.082000e+03 0.000000e+00 1.000000e+00 1.000000e-01
3.082010e+03 0.000000e+00 1.000000e+00 1.000000e-01
3.082020e+03 0.000000e+00 1.000000e+00 1.000000e-01
3.082030e+03 0.000000e+00 1.000000e+00 1.000000e-01
3.082040e+03 0.000000e+00 1.000000e+00 1.000000e-01
3.082050e+03 0.000000e+00 1.000000e+00 1.000000e-01
3.082060e+03 0.000000e+00 1.000000e+00 1.000000e-01
3.082070e+03 0.000000e+00 1.000000e+00 1.000000e-01
3.082080e+03 0.000000e+00 1.000000e+00 1.000000e-01
3.082090e+03 0.000000e+00 1.000000e+00 1.000000e-01
3.082100e+03 0.000000e+00 1.000000e+00 1.000000e-01
3.082110e+03 0.000000e+00 1.000000e+00 1.000000e-01
3.082120e+03 0.000000e+00 1.000000e+00 1.000000e-01
3.082130e+03 0.000000e+00 1.000000e+00 1.000000e-01
3.082140e+03 0.000000e+00 1.000000e+00 1.000000e-01
3.082150e+03 0.000000e+00 1.000000e+00 1.000000e-01
3.082160e+03 0.000000e+00 1.000000e+00 1.000000e-01
3.082170e+03 0.000000e+00 1.000000e+00 1.000000e-01
3.082180e+03 0.000000e+00 1.000000e+00 1.000000e-01
3.082190e+03 0.000000e+00 1.000000e+00 1.000000e-01
3.082200e+03 0.000000e+00 1.000000e+00 1.000000e-01
3.082210e+03 0.000000e+00 1.000000e+00 1.000000e-01
3.082220e+03 0.000000e+00 1.000000e+00 1.000000e-01
3.082230e+03 0.000000e+00 1.000000e+00 1.000000e-01
3.082240e+03 0.000000e+00 1.000000e+00 1.000000e-01
3.082250e+03 0.000000e+00 1.000000e+00 1.000000e-01
3.082260e+03 0.000000e+00 1.000000e+00 1.000000e-01
3.082270e+03 0.000000e+00 1.000000e+00 1.000000e-01
3.082280e+03 0.000000e+00 1.000000e+00 1.000000e-01
3.082290e+03 0.000000e+00 1.000000e+00 1.000000e-01
3.082300e+03 0.000000e+00 1.000000e+00 1.000000e-01
3.082310e+03 0.000000e+00 1.000000e+00 1.000000e-01
3.082320e+03 0.000000e+00 1.000000e+00 1.000000e-01
3.082330e+03 0.000000e+00 1.000000e+00 1.000000e-01
3.082340e+03 0.000000e+00 1.000000e+00 1.000000e-01
3.082350e+03 0.000000e+00 1.000000e+00 1.000000e-01
3.082360e+03 0.000000e+00 1.000000e+00 1.000000e-01
3.082370e+03 0.000000e+00 1.000000e+00 1.000000e-01
3.082380e+03 0.000000e+00 1.000000e+00 1.000000e-01
3.082390e+03 0.000000e+00 1.000000e+00 1.000000e-01
3.082400e+03 0.000000e+00 1.000000e+00 1.000000e-01
3.082410e+03 0.000000e+00 1.000000e+00 1.000000e-01
3.082420e+03 0.000000e+00 1.000000e+00 1.000000e-01
3.082430e+03 0.000000e+00 1.000000e+00 1.000000e-01
3.082440e+03 0.000000e+00 1.000000e+00 1.000000e-01
3.082450e+03 0.000000e+00 1.000000e+00 1.000000e-01
3.082460e+03 0.000000e+00 1.000000e+00 1.000000e-01
3.082470e+03 0.000000e+00 1.000000e+00 1.000000e-01
3.082480e+03 0.000000e+00 1.000000e+00 1.000000e-01
3.082490e+03 0.000000e+00 1.000000e+00 1.000000e-01
3.082500e+03 0.000000e+00 1.000000e+00 1.000000e-01
3.082510e+03 0.000000e+00 1.000000e+00 1.000000e-01
3.082520e+03 0.000000e+00 1.000000e+00 1.000000e-01
3.082530e+03 0.000000e+00 1.000000e+00 1.000000e-01
3.082540e+03 0.000000e+00 1.000000e+00 1.000000e-01
3.082550e+03 0.000000e+00 1.000000e+00 1.000000e-01
3.082560e+03 0.000000e+00 1.000000e+00 1.000000e-01
3.082570e+03 0.000000e+00 1.000000e+00 1.000000e-01
3.082580e+03 0.000000e+00 1.000000e+00 1.000000e-01
3.082590e+03 0.000000e+00 1.000000e+00 1.000000e-01
3.082600e+03 0.000000e+00 1.000000e+00 1.000000e-01
3.082610e+03 0.000000e+00 1.000000e+00 1.000000e-01
3.082620e+03 0.000000e+00 1.000000e+00 1.000000e-01
3.082630e+03 0.000000e+00 1.000000e+00 1.000000e-01
3.082640e+03 0.000000e+00 1.000000e+00 1.000000e-01
3.082650e+03 0.000000e+00 1.000000e+00 1.000000e-01
3.082660e+03 0.000000e+00 1.000000e+00 1.000000e-01
3.082670e+03 0.000000e+00 1.000000e+00 1.000000e-01
3.082680e+03 0.000000e+00 1.000000e+00 1.000000e-01
3.082690e+03 0.000000e+00 1.000000e+00 1.000000e-01
3.082700e+03 0.000000e+00 1.000000e+00 1.000000e-01
3.082710e+03 0.000000e+00 1.000000e+00 1.000000e-01
3.082720e+03 0.000000e+00 1.000000e+00 1.000000e-01
3.082730e+03 0.000000e+00 1.000000e+00 1.000000e-01
3.082740e+03 0.000000e+00 1.000000e+00 1.000000e-01
3.082750e+03 0.000000e+00 1.000000e+00 1.000000e-01
3.082760e+03 0.000000e+00 1.000000e+00 1.000000e-01
3.082770e+03 0.000000e+00 1.000000e+00 1.000000e-01
3.082780e+03 0.000000e+00 1.000000e+00 1.000000e-01
3.082790e+03 0.000000e+00 1.000000e+00 1.000000e-01
3.082800e+03 0.000000e+00 1.000000e+00 1.000000e-01
3.082810e+03 0.000000e+00 1.000000e+00 1.000000e-01
3.082820e+03 0.000000e+00 1.000000e+00 1.000000e-01
3.082830e+03 0.000000e+00 1.000000e+00 1.000000e-01
3.082840e+03 0.000000e+00 1.000000e+00 1.000000e-01
3.082850e+03 0.000000e+00 1.000000e+00 1.000000e-01
3.082860e+03 0.000000e+00 1.000000e+00 1.000000e-01
3.082870e+03 0.000000e+00 1.000000e+00 1.000000e-01
3.082880e+03 0.000000e+00 1.000000e+00 1.000000e-01
3.082890e+03 0.000000e+00 1.000000e+00 1.000000e-01
3.082900e+03 0.000000e+00 1.000000e+00 1.000000e-01
3.082910e+03 0.000000e+00 1.000000e+00 1.000000e-01
3.082920e+03 0.000000e+00 1.000000e+00 1.000000e-01
3.082930e+03 0.000000e+00 1.000000e+00 1.000000e-01
3.082940e+03 0.000000e+00 1.000000e+00 1.000000e-01
3.082950e+03 0.000000e+00 1.000000e+00 1.000000e-01
3.082960e+03 0.000000e+00 1.000000e+00 1.000000e-01
3.082970e+03 0.000000e+00 1.000000e+00 1.000000e-01
3.082980e+03 0.000000e+00 1.000000e+00 1.000000e-01
3.082990e+03 0.000000e+00 1.000000e+00 1.000000e-01
3.083000e+03 0.000000e+00 1.000000e+00 1.000000e-01
3.083010e+03 0.000000e+00 1.000000e+00 1.000000e-01
3.083020e+03 0.000000e+00 1.000000e+00 1.000000e-01
3.083030e+03 0.000000e+00 1.000000e+00 1.000000e-01
3.083040e+03 0.000000e+00 1.000000e+00 1.000000e-01
3.083050e+03 0.000000e+00 1.000000e+00 1.000000e-01
3.083060e+03 0.000000e+00 1.000000e+00 1.000000e-01
3.083070e+03 0.000000e+00 1.000000e+00 1.000000e-01
3.083080e+03 0.000000e+00 1.000000e+00 1.000000e-01
3.083090e+03 0.000000e+00 1.000000e+00 1.000000e-01
3.083100e+03 0.000000e+00 1.000000e+00 1.000000e-01
3.083110e+03 0.000000e+00 1.000000e+00 1.000000e-01
3.083120e+03 0.000000e+00 1.000000e+00 1.000000e-01
3.083130e+03 0.000000e+00 1.000000e+00 1.000000e-01
3.083140e+03 0.000000e+00 1.000000e+00 1.000000e-01
3.083150e+03 0.000000e+00 1.000000e+00 1.000000e-01
3.083160e+03 0.000000e+00 1.000000e+00 1.000000e-01
3.083170e+03 0.000000e+00 1.000000e+00 1.000000e-01
3.083180e+03 0.000000e+00 1.000000e+00 1.000000e-01
3.083190e+03 0.000000e+00 1.000000e+00 1.000000e-01
3.083200e+03 0.000000e+00 1.000000e+00 1.000000e-01
3.083210e+03 0.000000e+00 1.000000e+00 1.000000e-01
3.083220e+03 0.000000e+00 1.000000e+00 1.000000e-01
3.083230e+03 0.000000e+00 1.000000e+00 1.000000e-01
3.083240e+03 0.000000e+00 1.000000e+00 1.000000e-01
3.083250e+03 0.000000e+00 1.000000e+00 1.000000e-01
3.083260e+03 0.000000e+00 1.000000e+00 1.000000e-01
3.083270e+03 0.000000e+00 1.000000e+00 1.000000e-01
3.083280e+03 0.000000e+00 1.000000e+00 1.000000e-01
3.083290e+03 0.000000e+00 1.000000e+00 1.000000e-01
3.083300e+03 0.000000e+00 1.000000e+00 1.000000e-01
3.083310e+03 0.000000e+00 1.000000e+00 1.000000e-01
3.083320e+03 0.000000e+00 1.000000e+00 1.000000e-01
3.083330e+03 0.000000e+00 1.000000e+00 1.000000e-01
3.083340e+03 0.000000e+00 1.000000e+00 1.000000e-01
3.083350e+03 0.000000e+00 1.000000e+00 1.000000e-01
3.083360e+03 0.000000e+00 1.000000e+00 1.000000e-01
3.083370e+03 0.000000e+00 1.000000e+00 1.000000e-01
3.083380e+03 0.000000e+00 1.000000e+00 1.000000e-01
3.083390e+03 0.000000e+00 1.000000e+00 1.000000e-01
3.083400e+03 0.000000e+00 1.000000e+00 1.000000e-01
3.083410e+03 0.000000e+00 1.000000e+00 1.000000e-01
3.083420e+03 0.000000e+00 1.000000e+00 1.000000e-01
3.083430e+03 0.000000e+00 1.000000e+00 1.000000e-01
3.083440e+03 0.000000e+00 1.000000e+00 1.000000e-01
3.083450e+03 0.000000e+00 1.000000e+00 1.000000e-01
3.083460e+03 0.000000e+00 1.000000e+00 1.000000e-01
3.083470e+03 0.000000e+00 1.000000e+00 1.000000e-01
3.083480e+03 0.000000e+00 1.000000e+00 1.000000e-01
3.083490e+03 0.000000e+00 1.000000e+00 1.000000e-01
3.083500e+03 0.000000e+00 1.000000e+00 1.000000e-01
3.083510e+03 0.000000e+00 1.000000e+00 1.000000e-01
3.083520e+03 0.000000e+00 1.000000e+00 1.000000e-01
3.083530e+03 0.000000e+00 1.000000e+00 1.000000e-01
3.083540e+03 0.000000e+00 1.000000e+00 1.000000e-01
3.083550e+03 0.000000e+00 1.000000e+00 1.000000e-01
3.083560e+03 0.000000e+00 1.000000e+00 1.000000e-01
3.083570e+03 0.000000e+00 1.000000e+00 1.000000e-01
3.083580e+03 0.000000e+00 1.000000e+00 1.000000e-01
3.083590e+03 0.000000e+00 1.000000e+00 1.000000e-01
3.083600e+03 0.000000e+00 1.000000e+00 1.000000e-01
3.083610e+03 0.000000e+00 1.000000e+00 1.000000e-01
3.083620e+03 0.000000e+00 1.000000e+00 1.000000e-01
3.083630e+03 0.000000e+00 1.000000e+00 1.000000e-01
3.083640e+03 0.000000e+00 1.000000e+00 1.000000e-01
3.083650e+03 0.000000e+00 1.000000e+00 1.000000e-01
3.083660e+03 0.000000e+00 1.000000e+00 1.000000e-01
3.083670e+03 0.000000e+00 1.000000e+00 1.000000e-01
3.083680e+03 0.000000e+00 1.000000e+00 1.000000e-01
3.083690e+03 0.000000e+00 1.000000e+00 1.000000e-01
3.083700e+03 0.000000e+00 1.000000e+00 1.000000e-01
3.083710e+03 0.000000e+00 1.000000e+00 1.000000e-01
3.083720e+03 0.000000e+00 1.000000e+00 1.000000e-01
3.083730e+03 0.000000e+00 1.000000e+00 1.000000e-01
3.083740e+03 0.000000e+00 1.000000e+00 1.000000e-01
3.083750e+03 0.000000e+00 1.000000e+00 1.000000e-01
3.083760e+03 0.000000e+00 1.000000e+00 1.000000e-01
3.083770e+03 0.000000e+00 1.000000e+00 1.000000e-01
3.083780e+03 0.000000e+00 1.000000e+00 1.000000e-01
3.083790e+03 0.000000e+00 1.000000e+00 1.000000e-01
3.083800e+03 0.000000e+00 1.000000e+00 1.000000e-01
3.083810e+03 0.000000e+00 1.000000e+00 1.000000e-01
3.083820e+03 0.000000e+00 1.000000e+00 1.000000e-01
3.083830e+03 0.000000e+00 1.000000e+00 1.000000e-01
3.083840e+03 0.000000e+00 1.000000e+00 1.000000e-01
3.083850e+03 0.000000e+00 1.000000e+00 1.000000e-01
3.083860e+03 0.000000e+00 1.000000e+00 1.000000e-01
3.083870e+03 0.000000e+00 1.000000e+00 1.000000e-01
3.083880e+03 0.000000e+00 1.000000e+00 1.000000e-01
3.083890e+03 0.000000e+00 1.000000e+00 1.000000e-01
3.083900e+03 0.000000e+00 1.000000e+00 1.000000e-01
3.083910e+03 0.000000e+00 1.000000e+00 1.000000e-01
3.083920e+03 0.000000e+00 1.000000e+00 1.000000e-01
3.083930e+03 0.000000e+00 1.000000e+00 1.000000e-01
3.083940e+03 0.000000e+00 1.000000e+00 1.000000e-01
3.083950e+03 0.000000e+00 1.000000e+00 1.000000e-01
3.083960e+03 0.000000e+00 1.000000e+00 1.000000e-01
3.083970e+03 0.000000e+00 1.000000e+00 1.000000e-01
3.083980e+03 0.000000e+00 1.000000e+00 1.000000e-01
3.083990e+03 0.000000e+00 1.000000e+00 1.000000e-01
3.084000e+03 0.000000e+00 1.000000e+00 1.000000e-01
3.084010e+03 0.000000e+00 1.000000e+00 1.000000e-01
3.084020e+03 0.000000e+00 1.000000e+00 1.000000e-01
3.084030e+03 0.000000e+00 1.000000e+00 1.000000e-01
3.084040e+03 0.000000e+00 1.000000e+00 1.000000e-01
3.084050e+03 0.000000e+00 1.000000e+00 1.000000e-01
3.084060e+03 0.000000e+00 1.000000e+00 1.000000e-01
3.084070e+03 0.000000e+00 1.000000e+00 1.000000e-01
3.084080e+03 0.000000e+00 1.000000e+00 1.000000e-01
3.084090e+03 0.000000e+00 1.000000e+00 1.000000e-01
3.084100e+03 0.000000e+00 1.000000e+00 1.000000e-01
3.084110e+03 0.000000e+00 1.000000e+00 1.000000e-01
3.084120e+03 0.000000e+00 1.000000e+00 1.000000e-01
3.084130e+03 0.000000e+00 1.000000e+00 1.000000e-01
3.084140e+03 0.000000e+00 1.000000e+00 1.000000e-01
3.084150e+03 0.000000e+00 1.000000e+00 1.000000e-01
3.084160e+03 0.000000e+00 1.000000e+00 1.000000e-01
3.084170e+03 0.000000e+00 1.000000e+00 1.000000e-01
3.084180e+03 0.000000e+00 1.000000e+00 1.000000e-01
3.084190e+03 0.000000e+00 1.000000e+00 1.000000e-01
3.084200e+03 0.000000e+00 1.000000e+00 1.000000e-01
3.084210e+03 0.000000e+00 1.000000e+00 1.000000e-01
3.084220e+03 0.000000e+00 1.000000e+00 1.000000e-01
3.084230e+03 0.000000e+00 1.000000e+00 1.000000e-01
3.084240e+03 0.000000e+00 1.000000e+00 1.000000e-01
3.084250e+03 0.000000e+00 1.000000e+00 1.000000e-01
3.084260e+03 0.000000e+00 1.000000e+00 1.000000e-01
3.084270e+03 0.000000e+00 1.000000e+00 1.000000e-01
3.084280e+03 0.000000e+00 1.000000e+00 1.000000e-01
3.084290e+03 0.000000e+00 1.000000e+00 1.000000e-01
3.084300e+03 0.000000e+00 1.000000e+00 1.000000e-01
3.084310e+03 0.000000e+00 1.000000e+00 1.000000e-01
3.084320e+03 0.000000e+00 1.000000e+00 1.000000e-01
3.084330e+03 0.000000e+00 1.000000e+00 1.000000e-01
3.084340e+03 0.000000e+00 1.000000e+00 1.000000e-01
3.084350e+03 0.000000e+00 1.000000e+00 1.000000e-01
3.084360e+03 0.000000e+00 1.000000e+00 1.000000e-01
3.084370e+03 0.000000e+00 1.000000e+00 1.000000e-01
3.084380e+03 0.000000e+00 1.000000e+00 1.000000e-01
3.084390e+03 0.000000e+00 1.000000e+00 1.000000e-01
3.084400e+03 0.000000e+00 1.000000e+00 1.000000e-01
3.084410e+03 0.000000e+00 1.000000e+00 1.000000e-01
3.084420e+03 0.000000e+00 1.000000e+00 1.000000e-01
3.084430e+03 0.000000e+00 1.000000e+00 1.000000e-01
3.084440e+03 0.000000e+00 1.000000e+00 1.000000e-01
3.084450e+03 0.000000e+00 1.000000e+00 1.000000e-01
3.084460e+03 0.000000e+00 1.000000e+00 1.000000e-01
3.084470e+03 0.000000e+00 1.000000e+00 1.000000e-01
3.084480e+03 0.000000e+00 1.000000e+00 1.000000e-01
3.084490e+03 0.000000e+00 1.000000e+00 1.000000e-01
3.084500e+03 0.000000e+00 1.000000e+00 1.000000e-01
3.084510e+03 0.000000e+00 1.000000e+00 1.000000e-01
3.084520e+03 0.000000e+00 1.000000e+00 1.000000e-01
3.084530e+03 0.000000e+00 1.000000e+00 1.000000e-01
3.084540e+03 0.000000e+00 1.000000e+00 1.000000e-01
3.084550e+03 0.000000e+00 1.000000e+00 1.000000e-01
3.084560e+03 0.000000e+00 1.000000e+00 1.000000e-01
3.084570e+03 0.000000e+00 1.000000e+00 1.000000e-01
3.084580e+03 0.000000e+00 1.000000e+00 1.000000e-01
3.084590e+03 0.000000e+00 1.000000e+00 1.000000e-01
3.084600e+03 0.000000e+00 1.000000e+00 1.000000e-01
3.084610e+03 0.000000e+00 1.000000e+00 1.000000e-01
3.084620e+03 0.000000e+00 1.000000e+00 1.000000e-01
3.084630e+03 0.000000e+00 1.000000e+00 1.000000e-01
3.084640e+03 0.000000e+00 1.000000e+00 1.000000e-01
3.084650e+03 0.000000e+00 1.000000e+00 1.000000e-01
3.084660e+03 0.000000e+00 1.000000e+00 1.000000e-01
3.084670e+03 0.000000e+00 1.000000e+00 1.000000e-01
3.084680e+03 0.000000e+00 1.000000e+00 1.000000e-01
3.084690e+03 0.000000e+00 1.000000e+00 1.000000e-01
3.084700e+03 0.000000e+00 1.000000e+00 1.000000e-01
3.084710e+03 0.000000e+00 1.000000e+00 1.000000e-01
3.084720e+03 0.000000e+00 1.000000e+00 1.000000e-01
3.084730e+03 0.000000e+00 1.000000e+00 1.000000e-01
3.084740e+03 0.000000e+00 1.000000e+00 1.000000e-01
3.084750e+03 0.000000e+00 1.000000e+00 1.000000e-01
3.084760e+03 0.000000e+00 1.000000e+00 1.000000e-01
3.084770e+03 0.000000e+00 1.000000e+00 1.000000e-01
3.084780e+03 0.000000e+00 1.000000e+00 1.000000e-01
3.084790e+03 0.000000e+00 1.000000e+00 1.000000e-01
3.084800e+03 0.000000e+00 1.000000e+00 1.000000e-01
3.084810e+03 0.000000e+00 1.000000e+00 1.000000e-01
3.084820e+03 0.000000e+00 1.000000e+00 1.000000e-01
3.084830e+03 0.000000e+00 1.000000e+00 1.000000e-01
3.084840e+03 0.000000e+00 1.000000e+00 1.000000e-01
3.084850e+03 0.000000e+00 1.000000e+00 1.000000e-01
3.084860e+03 0.000000e+00 1.000000e+00 1.000000e-01
3.084870e+03 0.000000e+00 1.000000e+00 1.000000e-01
3.084880e+03 0.000000e+00 1.000000e+00 1.000000e-01
3.084890e+03 0.000000e+00 1.000000e+00 1.000000e-01
3.084900e+03 0.000000e+00 1.000000e+00 1.000000e-01
3.084910e+03 0.000000e+00 1.000000e+00 1.000000e-01
3.084920e+03 0.000000e+00 1.000000e+00 1.000000e-01
3.084930e+03 0.000000e+00 1.000000e+00 1.000000e-01
3.084940e+03 0.000000e+00 1.000000e+00 1.000000e-01
3.084950e+03 0.000000e+00 1.000000e+00 1.000000e-01
3.084960e+03 0.000000e+00 1.000000e+00 1.000000e-01
3.084970e+03 0.000000e+00 1.000000e+00 1.000000e-01
3.084980e+03 0.000000e+00 1.000000e+00 1.000000e-01
3.084990e+03 0.000000e+00 1.000000e+00 1.000000e-01
3.085000e+03 0.000000e+00 1.000000e+00 1.000000e-01
3.085010e+03 0.000000e+00 1.000000e+00 1.000000e-01
3.085020e+03 0.000000e+00 1.000000e+00 1.000000e-01
3.085030e+03 0.000000e+00 1.000000e+00 1.000000e-01
3.085040e+03 0.000000e+00 1.000000e+00 1.000000e-01
3.085050e+03 0.000000e+00 1.000000e+00 1.000000e-01
3.085060e+03 0.000000e+00 1.000000e+00 1.000000e-01
3.085070e+03 0.000000e+00 1.000000e+00 1.000000e-01
3.085080e+03 0.000000e+00 1.000000e+00 1.000000e-01
3.085090e+03 0.000000e+00 1.000000e+00 1.000000e-01
3.085100e+03 0.000000e+00 1.000000e+00 1.000000e-01
3.085110e+03 0.000000e+00 1.000000e+00 1.000000e-01
3.085120e+03 0.000000e+00 1.000000e+00 1.000000e-01
3.085130e+03 0.000000e+00 1.000000e+00 1.000000e-01
3.085140e+03 0.000000e+00 1.000000e+00 1.000000e-01
3.085150e+03 0.000000e+00 1.000000e+00 1.000000e-01
3.085160e+03 0.000000e+00 1.000000e+00 1.000000e-01
3.085170e+03 0.000000e+00 1.000000e+00 1.000000e-01
3.085180e+03 0.000000e+00 1.000000e+00 1.000000e-01
3.085190e+03 0.000000e+00 1.000000e+00 1.000000e-01
3.085200e+03 0.000000e+00 1.000000e+00 1.000000e-01
3.085210e+03 0.000000e+00 1.000000e+00 1.000000e-01
3.085220e+03 0.000000e+00 1.000000e+00 1.000000e-01
3.085230e+03 0.000000e+00 1.000000e+00 1.000000e-01
3.085240e+03 0.000000e+00 1.000000e+00 1.000000e-01
3.085250e+03 0.000000e+00 1.000000e+00 1.000000e-01
3.085260e+03 0.000000e+00 1.000000e+00 1.000000e-01
3.085270e+03 0.000000e+00 1.000000e+00 1.000000e-01
3.085280e+03 0.000000e+00 1.000000e+00 1.000000e-01
3.085290e+03 0.000000e+00 1.000000e+00 1.000000e-01
3.085300e+03 0.000000e+00 1.000000e+00 1.000000e-01
3.085310e+03 0.000000e+00 1.000000e+00 1.000000e-01
3.085320e+03 0.000000e+00 1.000000e+00 1.000000e-01
3.085330e+03 0.000000e+00 1.000000e+00 1.000000e-01
3.085340e+03 0.000000e+00 1.000000e+00 1.000000e-01
3.085350e+03 0.000000e+00 1.000000e+00 1.000000e-01
3.085360e+03 0.000000e+00 1.000000e+00 1.000000e-01
3.085370e+03 0.000000e+00 1.000000e+00 1.000000e-01
3.085380e+03 0.000000e+00 1.000000e+00 1.000000e-01
3.085390e+03 0.000000e+00 1.000000e+00 1.000000e-01
3.085400e+03 0.000000e+00 1.000000e+00 1.000000e-01
3.085410e+03 0.000000e+00 1.000000e+00 1.000000e-01
3.085420e+03 0.000000e+00 1.000000e+00 1.000000e-01
3.085430e+03 0.000000e+00 1.000000e+00 1.000000e-01
3.085440e+03 0.000000e+00 1.000000e+00 1.000000e-01
3.085450e+03 0.000000e+00 1.000000e+00 1.000000e-01
3.085460e+03 0.000000e+00 1.000000e+00 1.000000e-01
3.085470e+03 0.000000e+00 1.000000e+00 1.000000e-01
3.085480e+03 0.000000e+00 1.000000e+00 1.000000e-01
3.085490e+03 0.000000e+00 1.000000e+00 1.000000e-01
3.085500e+03 0.000000e+00 1.000000e+00 1.000000e-01
3.085510e+03 0.000000e+00 1.000000e+00 1.000000e-01
3.085520e+03 0.000000e+00 1.000000e+00 1.000000e-01
3.085530e+03 0.000000e+00 1.000000e+00 1.000000e-01
3.085540e+03 0.000000e+00 1.000000e+00 1.000000e-01
3.085550e+03 0.000000e+00 1.000000e+00 1.000000e-01
3.085560e+03 0.000000e+00 1.000000e+00 1.000000e-01
3.085570e+03 0.000000e+00 1.000000e+00 1.000000e-01
3.085580e+03 0.000000e+00 1.000000e+00 1.000000e-01
3.085590e+03 0.000000e+00 1.000000e+00 1.000000e-01
3.085600e+03 0.000000e+00 1.000000e+00 1.000000e-01
3.085610e+03 0.000000e+00 1.000000e+00 1.000000e-01
3.085620e+03 0.000000e+00 1.000000e+00 1.000000e-01
3.085630e+03 0.000000e+00 1.000000e+00 1.000000e-01
3.085640e+03 0.000000e+00 1.000000e+00 1.000000e-01
3.085650e+03 0.000000e+00 1.000000e+00 1.000000e-01
3.085660e+03 0.000000e+00 1.000000e+00 1.000000e-01
3.085670e+03 0.000000e+00 1.000000e+00 1.000000e-01
3.085680e+03 0.000000e+00 1.000000e+00 1.000000e-01
3.085690e+03 0.000000e+00 1.000000e+00 1.000000e-01
3.085700e+03 0.000000e+00 1.000000e+00 1.000000e-01
3.085710e+03 0.000000e+00 1.000000e+00 1.000000e-01
3.085720e+03 0.000000e+00 1.000000e+00 1.000000e-01
3.085730e+03 0.000000e+00 1.000000e+00 1.000000e-01
3.085740e+03 0.000000e+00 1.000000e+00 1.000000e-01
3.085750e+03 0.000000e+00 1.000000e+00 1.000000e-01
3.085760e+03 0.000000e+00 1.000000e+00 1.000000e-01
3.085770e+03 0.000000e+00 1.000000e+00 1.000000e-01
3.085780e+03 0.000000e+00 1.000000e+00 1.000000e-01
3.085790e+03 0.000000e+00 1.000000e+00 1.000000e-01
3.085800e+03 0.000000e+00 1.000000e+00 1.000000e-01
3.085810e+03 0.000000e+00 1.000000e+00 1.000000e-01
3.085820e+03 0.000000e+00 1.000000e+00 1.000000e-01
3.085830e+03 0.000000e+00 1.000000e+00 1.000000e-01
3.085840e+03 0.000000e+00 1.000000e+00 1.000000e-01
3.085850e+03 0.000000e+00 1.000000e+00 1.000000e-01
3.085860e+03 0.000000e+00 1.000000e+00 1.000000e-01
3.085870e+03 0.000000e+00 1.000000e+00 1.000000e-01
3.085880e+03 0.000000e+00 1.000000e+00 1.000000e-01
3.085890e+03 0.000000e+00 1.000000e+00 1.000000e-01
3.085900e+03 0.000000e+00 1.000000e+00 1.000000e-01
3.085910e+03 0.000000e+00 1.000000e+00 1.000000e-01
3.085920e+03 0.000000e+00 1.000000e+00 1.000000e-01
3.085930e+03 0.000000e+00 1.000000e+00 1.000000e-01
3.085940e+03 0.000000e+00 1.000000e+00 1.000000e-01
3.085950e+03 0.000000e+00 1.000000e+00 1.000000e-01
3.085960e+03 0.000000e+00 1.000000e+00 1.000000e-01
3.085970e+03 0.000000e+00 1.000000e+00 1.000000e-01
3.085980e+03 0.000000e+00 1.000000e+00 1.000000e-01
3.085990e+03 0.000000e+00 1.000000e+00 1.000000e-01
3.086000e+03 0.000000e+00 1.000000e+00 1.000000e-01
3.086010e+03 0.000000e+00 1.000000e+00 1.000000e-01
3.086020e+03 0.000000e+00 1.000000e+00 1.000000e-01
3.086030e+03 0.000000e+00 1.000000e+00 1.000000e-01
3.086040e+03 0.000000e+00 1.000000e+00 1.000000e-01
3.086050e+03 0.000000e+00 1.000000e+00 1.000000e-01
3.086060e+03 0.000000e+00 1.000000e+00 1.000000e-01
3.086070e+03 0.000000e+00 1.000000e+00 1.000000e-01
3.086080e+03 0.000000e+00 1.000000e+00 1.000000e-01
3.086090e+03 0.000000e+00 1.000000e+00 1.000000e-01
3.086100e+03 0.000000e+00 1.000000e+00 1.000000e-01
3.086110e+03 0.000000e+00 1.000000e+00 1.000000e-01
3.086120e+03 0.000000e+00 1.000000e+00 1.000000e-01
3.086130e+03 0.000000e+00 1.000000e+00 1.000000e-01
3.086140e+03 0.000000e+00 1.000000e+00 1.000000e-01
3.086150e+03 0.000000e+00 1.000000e+00 1.000000e-01
3.086160e+03 0.000000e+00 1.000000e+00 1.000000e-01
3.086170e+03 0.000000e+00 1.000000e+00 1.000000e-01
3.086180e+03 0.000000e+00 1.000000e+00 1.000000e-01
3.086190e+03 0.000000e+00 1.000000e+00 1.000000e-01
3.086200e+03 0.000000e+00 1.000000e+00 1.000000e-01
3.086210e+03 0.000000e+00 1.000000e+00 1.000000e-01
3.086220e+03 0.000000e+00 1.000000e+00 1.000000e-01
3.086230e+03 0.000000e+00 1.000000e+00 1.000000e-01
3.086240e+03 0.000000e+00 1.000000e+00 1.000000e-01
3.086250e+03 0.000000e+00 1.000000e+00 1.000000e-01
3.086260e+03 0.000000e+00 1.000000e+00 1.000000e-01
3.086270e+03 0.000000e+00 1.000000e+00 1.000000e-01
3.086280e+03 0.000000e+00 1.000000e+00 1.000000e-01
3.086290e+03 0.000000e+00 1.000000e+00 1.000000e-01
3.086300e+03 0.000000e+00 1.000000e+00 1.000000e-01
3.086310e+03 0.000000e+00 1.000000e+00 1.000000e-01
3.086320e+03 0.000000e+00 1.000000e+00 1.000000e-01
3.086330e+03 0.000000e+00 1.000000e+00 1.000000e-01
3.086340e+03 0.000000e+00 1.000000e+00 1.000000e-01
3.086350e+03 0.000000e+00 1.000000e+00 1.000000e-01
3.086360e+03 0.000000e+00 1.000000e+00 1.000000e-01
3.086370e+03 0.000000e+00 1.000000e+00 1.000000e-01
3.086380e+03 0.000000e+00 1.000000e+00 1.000000e-01
3.086390e+03 0.000000e+00 1.000000e+00 1.000000e-01
3.086400e+03 0.000000e+00 1.000000e+00 1.000000e-01
3.086410e+03 0.000000e+00 1.000000e+00 1.000000e-01
3.086420e+03 0.000000e+00 1.000000e+00 1.000000e-01
3.086430e+03 0.000000e+00 1.000000e+00 1.000000e-01
3.086440e+03 0.000000e+00 1.000000e+00 1.000000e-01
3.086450e+03 0.000000e+00 1.000000e+00 1.000000e-01
3.086460e+03 0.000000e+00 1.000000e+00 1.000000e-01
3.086470e+03 0.000000e+00 1.000000e+00 1.000000e-01
3.086480e+03 0.000000e+00 1.000000e+00 1.000000e-01
3.086490e+03 0.000000e+00 1.000000e+00 1.000000e-01
3.086500e+03 0.000000e+00 1.000000e+00 1.000000e-01
3.086510e+03 0.000000e+00 1.000000e+00 1.000000e-01
3.086520e+03 0.000000e+00 1.000000e+00 1.000000e-01
3.086530e+03 0.000000e+00 1.000000e+00 1.000000e-01
3.086540e+03 0.000000e+00 1.000000e+00 1.000000e-01
3.086550e+03 0.000000e+00 1.000000e+00 1.000000e-01
3.086560e+03 0.000000e+00 1.000000e+00 1.000000e-01
3.086570e+03 0.000000e+00 1.000000e+00 1.000000e-01
3.086580e+03 0.000000e+00 1.000000e+00 1.000000e-01
3.086590e+03 0.000000e+00 1.000000e+00 1.000000e-01
3.086600e+03 0.000000e+00 1.000000e+00 1.000000e-01
3.086610e+03 0.000000e+00 1.000000e+00 1.000000e-01
3.086620e+03 0.000000e+00 1.000000e+00 1.000000e-01
3.086630e+03 0.000000e+00 1.000000e+00 1.000000e-01
3.086640e+03 0.000000e+00 1.000000e+00 1.000000e-01
3.086650e+03 0.000000e+00 1.000000e+00 1.000000e-01
3.086660e+03 0.000000e+00 1.000000e+00 1.000000e-01
3.086670e+03 0.000000e+00 1.000000e+00 1.000000e-01
3.086680e+03 0.000000e+00 1.000000e+00 1.000000e-01
3.086690e+03 0.000000e+00 1.000000e+00 1.000000e-01
3.086700e+03 0.000000e+00 1.000000e+00 1.000000e-01
3.086710e+03 0.000000e+00 1.000000e+00 1.000000e-01
3.086720e+03 0.000000e+00 1.000000e+00 1.000000e-01
3.086730e+03 0.000000e+00 1.000000e+00 1.000000e-01
3.086740e+03 0.000000e+00 1.000000e+00 1.000000e-01
3.086750e+03 0.000000e+00 1.000000e+00 1.000000e-01
3.086760e+03 0.000000e+00 1.000000e+00 1.000000e-01
3.086770e+03 0.000000e+00 1.000000e+00 1.000000e-01
3.086780e+03 0.000000e+00 1.000000e+00 1.000000e-01
3.086790e+03 0.000000e+00 1.000000e+00 1.000000e-01
3.086800e+03 0.000000e+00 1.000000e+00 1.000000e-01
3.086810e+03 0.000000e+00 1.000000e+00 1.000000e-01
3.086820e+03 0.000000e+00 1.000000e+00 1.000000e-01
3.086830e+03 0.000000e+00 1.000000e+00 1.000000e-01
3.086840e+03 0.000000e+00 1.000000e+00 1.000000e-01
3.086850e+03 0.000000e+00 1.000000e+00 1.000000e-01
3.086860e+03 0.000000e+00 1.000000e+00 1.000000e-01
3.086870e+03 0.000000e+00 1.000000e+00 1.000000e-01
3.086880e+03 0.000000e+00 1.000000e+00 1.000000e-01
3.086890e+03 0.000000e+00 1.000000e+00 1.000000e-01
3.086900e+03 0.000000e+00 1.000000e+00 1.000000e-01
3.086910e+03 0.000000e+00 1.000000e+00 1.000000e-01
3.086920e+03 0.000000e+00 1.000000e+00 1.000000e-01
3.086930e+03 0.000000e+00 1.000000e+00 1.000000e-01
3.086940e+03 0.000000e+00 1.000000e+00 1.000000e-01
3.086950e+03 0.000000e+00 1.000000e+00 1.000000e-01
3.086960e+03 0.000000e+00 1.000000e+00 1.000000e-01
3.086970e+03 0.000000e+00 1.000000e+00 1.000000e-01
3.086980e+03 0.000000e+00 1.000000e+00 1.000000e-01
3.086990e+03 0.000000e+00 1.000000e+00 1.000000e-01
3.087000e+03 0.000000e+00 1.000000e+00 1.000000e-01
3.087010e+03 0.000000e+00 1.000000e+00 1.000000e-01
3.087020e+03 0.000000e+00 1.000000e+00 1.000000e-01
3.087030e+03 0.000000e+00 1.000000e+00 1.000000e-01
3.087040e+03 0.000000e+00 1.000000e+00 1.000000e-01
3.087050e+03 0.000000e+00 1.000000e+00 1.000000e-01
3.087060e+03 0.000000e+00 1.000000e+00 1.000000e-01
3.087070e+03 0.000000e+00 1.000000e+00 1.000000e-01
3.087080e+03 0.000000e+00 1.000000e+00 1.000000e-01
3.087090e+03 0.000000e+00 1.000000e+00 1.000000e-01
3.087100e+03 0.000000e+00 1.000000e+00 1.000000e-01
3.087110e+03 0.000000e+00 1.000000e+00 1.000000e-01
3.087120e+03 0.000000e+00 1.000000e+00 1.000000e-01
3.087130e+03 0.000000e+00 1.000000e+00 1.000000e-01
3.087140e+03 0.000000e+00 1.000000e+00 1.000000e-01
3.087150e+03 0.000000e+00 1.000000e+00 1.000000e-01
3.087160e+03 0.000000e+00 1.000000e+00 1.000000e-01
3.087170e+03 0.000000e+00 1.000000e+00 1.000000e-01
3.087180e+03 0.000000e+00 1.000000e+00 1.000000e-01
3.087190e+03 0.000000e+00 1.000000e+00 1.000000e-01
3.087200e+03 0.000000e+00 1.000000e+00 1.000000e-01
3.087210e+03 0.000000e+00 1.000000e+00 1.000000e-01
3.087220e+03 0.000000e+00 1.000000e+00 1.000000e-01
3.087230e+03 0.000000e+00 1.000000e+00 1.000000e-01
3.087240e+03 0.000000e+00 1.000000e+00 1.000000e-01
3.087250e+03 0.000000e+00 1.000000e+00 1.000000e-01
3.087260e+03 0.000000e+00 1.000000e+00 1.000000e-01
3.087270e+03 0.000000e+00 1.000000e+00 1.000000e-01
3.087280e+03 0.000000e+00 1.000000e+00 1.000000e-01
3.087290e+03 0.000000e+00 1.000000e+00 1.000000e-01
3.087300e+03 0.000000e+00 1.000000e+00 1.000000e-01
3.087310e+03 0.000000e+00 1.000000e+00 1.000000e-01
3.087320e+03 0.000000e+00 1.000000e+00 1.000000e-01
3.087330e+03 0.000000e+00 1.000000e+00 1.000000e-01
3.087340e+03 0.000000e+00 1.000000e+00 1.000000e-01
3.087350e+03 0.000000e+00 1.000000e+00 1.000000e-01
3.087360e+03 0.000000e+00 1.000000e+00 1.000000e-01
3.087370e+03 0.000000e+00 1.000000e+00 1.000000e-01
3.087380e+03 0.000000e+00 1.000000e+00 1.000000e-01
3.087390e+03 0.000000e+00 1.000000e+00 1.000000e-01
3.087400e+03 0.000000e+00 1.000000e+00 1.000000e-01
3.087410e+03 0.000000e+00 1.000000e+00 1.000000e-01
3.087420e+03 0.000000e+00 1.000000e+00 1.000000e-01
3.087430e+03 0.000000e+00 1.000000e+00 1.000000e-01
3.087440e+03 0.000000e+00 1.000000e+00 1.000000e-01
3.087450e+03 0.000000e+00 1.000000e+00 1.000000e-01
3.087460e+03 0.000000e+00 1.000000e+00 1.000000e-01
3.087470e+03 0.000000e+00 1.000000e+00 1.000000e-01
3.087480e+03 0.000000e+00 1.000000e+00 1.000000e-01
3.087490e+03 0.000000e+00 1.000000e+00 1.000000e-01
3.087500e+03 0.000000e+00 1.000000e+00 1.000000e-01
3.087510e+03 0.000000e+00 1.000000e+00 1.000000e-01
3.087520e+03 0.000000e+00 1.000000e+00 1.000000e-01
3.087530e+03 0.000000e+00 1.000000e+00 1.000000e-01
3.087540e+03 0.000000e+00 1.000000e+00 1.000000e-01
3.087550e+03 0.000000e+00 1.000000e+00 1.000000e-01
3.087560e+03 0.000000e+00 1.000000e+00 1.000000e-01
3.087570e+03 0.000000e+00 1.000000e+00 1.000000e-01
3.087580e+03 0.000000e+00 1.000000e+00 1.000000e-01
3.087590e+03 0.000000e+00 1.000000e+00 1.000000e-01
3.087600e+03 0.000000e+00 1.000000e+00 1.000000e-01
3.087610e+03 0.000000e+00 1.000000e+00 1.000000e-01
3.087620e+03 0.000000e+00 1.000000e+00 1.000000e-01
3.087630e+03 0.000000e+00 1.000000e+00 1.000000e-01
3.087640e+03 0.000000e+00 1.000000e+00 1.000000e-01
3.087650e+03 0.000000e+00 1.000000e+00 1.000000e-01
3.087660e+03 0.000000e+00 1.000000e+00 1.000000e-01
3.087670e+03 0.000000e+00 1.000000e+00 1.000000e-01
3.087680e+03 0.000000e+00 1.000000e+00 1.000000e-01
3.087690e+03 0.000000e+00 1.000000e+00 1.000000e-01
3.087700e+03 0.000000e+00 1.000000e+00 1.000000e-01
3.087710e+03 0.000000e+00 1.000000e+00 1.000000e-01
3.087720e+03 0.000000e+00 1.000000e+00 1.000000e-01
3.087730e+03 0.000000e+00 1.000000e+00 1.000000e-01
3.087740e+03 0.000000e+00 1.000000e+00 1.000000e-01
3.087750e+03 0.000000e+00 1.000000e+00 1.000000e-01
3.087760e+03 0.000000e+00 1.000000e+00 1.000000e-01
3.087770e+03 0.000000e+00 1.000000e+00 1.000000e-01
3.087780e+03 0.000000e+00 1.000000e+00 1.000000e-01
3.087790e+03 0.000000e+00 1.000000e+00 1.000000e-01
3.087800e+03 0.000000e+00 1.000000e+00 1.000000e-01
3.087810e+03 0.000000e+00 1.000000e+00 1.000000e-01
3.087820e+03 0.000000e+00 1.000000e+00 1.000000e-01
3.087830e+03 0.000000e+00 1.000000e+00 1.000000e-01
3.087840e+03 0.000000e+00 1.000000e+00 1.000000e-01
3.087850e+03 0.000000e+00 1.000000e+00 1.000000e-01
3.087860e+03 0.000000e+00 1.000000e+00 1.000000e-01
3.087870e+03 0.000000e+00 1.000000e+00 1.000000e-01
3.087880e+03 0.000000e+00 1.000000e+00 1.000000e-01
3.087890e+03 0.000000e+00 1.000000e+00 1.000000e-01
3.087900e+03 0.000000e+00 1.000000e+00 1.000000e-01
3.087910e+03 0.000000e+00 1.000000e+00 1.000000e-01
3.087920e+03 0.000000e+00 1.000000e+00 1.000000e-01
3.087930e+03 0.000000e+00 1.000000e+00 1.000000e-01
3.087940e+03 0.000000e+00 1.000000e+00 1.000000e-01
3.087950e+03 0.000000e+00 1.000000e+00 1.000000e-01
3.087960e+03 0.000000e+00 1.000000e+00 1.000000e-01
3.087970e+03 0.000000e+00 1.000000e+00 1.000000e-01
3.087980e+03 0.000000e+00 1.000000e+00 1.000000e-01
3.087990e+03 0.000000e+00 1.000000e+00 1.000000e-01
3.088000e+03 0.000000e+00 1.000000e+00 1.000000e-01
3.088010e+03 0.000000e+00 1.000000e+00 1.000000e-01
3.088020e+03 0.000000e+00 1.000000e+00 1.000000e-01
3.088030e+03 0.000000e+00 1.000000e+00 1.000000e-01
3.088040e+03 0.000000e+00 1.000000e+00 1.000000e-01
3.088050e+03 0.000000e+00 1.000000e+00 1.000000e-01
3.088060e+03 0.000000e+00 1.000000e+00 1.000000e-01
3.088070e+03 0.000000e+00 1.000000e+00 1.000000e-01
3.088080e+03 0.000000e+00 1.000000e+00 1.000000e-01
3.088090e+03 0.000000e+00 1.000000e+00 1.000000e-01
3.088100e+03 0.000000e+00 1.000000e+00 1.000000e-01
3.088110e+03 0.000000e+00 1.000000e+00 1.000000e-01
3.088120e+03 0.000000e+00 1.000000e+00 1.000000e-01
3.088130e+03 0.000000e+00 1.000000e+00 1.000000e-01
3.088140e+03 0.000000e+00 1.000000e+00 1.000000e-01
3.088150e+03 0.000000e+00 1.000000e+00 1.000000e-01
3.088160e+03 0.000000e+00 1.000000e+00 1.000000e-01
3.088170e+03 0.000000e+00 1.000000e+00 1.000000e-01
3.088180e+03 0.000000e+00 1.000000e+00 1.000000e-01
3.088190e+03 0.000000e+00 1.000000e+00 1.000000e-01
3.088200e+03 0.000000e+00 1.000000e+00 1.000000e-01
3.088210e+03 0.000000e+00 1.000000e+00 1.000000e-01
3.088220e+03 0.000000e+00 1.000000e+00 1.000000e-01
3.088230e+03 0.000000e+00 1.000000e+00 1.000000e-01
3.088240e+03 0.000000e+00 1.000000e+00 1.000000e-01
3.088250e+03 0.000000e+00 1.000000e+00 1.000000e-01
3.088260e+03 0.000000e+00 1.000000e+00 1.000000e-01
3.088270e+03 0.000000e+00 1.000000e+00 1.000000e-01
3.088280e+03 0.000000e+00 1.000000e+00 1.000000e-01
3.088290e+03 0.000000e+00 1.000000e+00 1.000000e-01
3.088300e+03 0.000000e+00 1.000000e+00 1.000000e-01
3.088310e+03 0.000000e+00 1.000000e+00 1.000000e-01
3.088320e+03 0.000000e+00 1.000000e+00 1.000000e-01
3.088330e+03 0.000000e+00 1.000000e+00 1.000000e-01
3.088340e+03 0.000000e+00 1.000000e+00 1.000000e-01
3.088350e+03 0.000000e+00 1.000000e+00 1.000000e-01
3.088360e+03 0.000000e+00 1.000000e+00 1.000000e-01
3.088370e+03 0.000000e+00 1.000000e+00 1.000000e-01
3.088380e+03 0.000000e+00 1.000000e+00 1.000000e-01
3.088390e+03 0.000000e+00 1.000000e+00 1.000000e-01
3.088400e+03 0.000000e+00 1.000000e+00 1.000000e-01
3.088410e+03 0.000000e+00 1.000000e+00 1.000000e-01
3.088420e+03 0.000000e+00 1.000000e+00 1.000000e-01
3.088430e+03 0.000000e+00 1.000000e+00 1.000000e-01
3.088440e+03 0.000000e+00 1.000000e+00 1.000000e-01
3.088450e+03 0.000000e+00 1.000000e+00 1.000000e-01
3.088460e+03 0.000000e+00 1.000000e+00 1.000000e-01
3.088470e+03 0.000000e+00 1.000000e+00 1.000000e-01
3.088480e+03 0.000000e+00 1.000000e+00 1.000000e-01
3.088490e+03 0.000000e+00 1.000000e+00 1.000000e-01
3.088500e+03 0.000000e+00 1.000000e+00 1.000000e-01
3.088510e+03 0.000000e+00 1.000000e+00 1.000000e-01
3.088520e+03 0.000000e+00 1.000000e+00 1.000000e-01
3.088530e+03 0.000000e+00 1.000000e+00 1.000000e-01
3.088540e+03 0.000000e+00 1.000000e+00 1.000000e-01
3.088550e+03 0.000000e+00 1.000000e+00 1.000000e-01
3.088560e+03 0.000000e+00 1.000000e+00 1.000000e-01
3.088570e+03 0.000000e+00 1.000000e+00 1.000000e-01
3.088580e+03 0.000000e+00 1.000000e+00 1.000000e-01
3.088590e+03 0.000000e+00 1.000000e+00 1.000000e-01
3.088600e+03 0.000000e+00 1.000000e+00 1.000000e-01
3.088610e+03 0.000000e+00 1.000000e+00 1.000000e-01
3.088620e+03 0.000000e+00 1.000000e+00 1.000000e-01
3.088630e+03 0.000000e+00 1.000000e+00 1.000000e-01
3.088640e+03 0.000000e+00 1.000000e+00 1.000000e-01
3.088650e+03 0.000000e+00 1.000000e+00 1.000000e-01
3.088660e+03 0.000000e+00 1.000000e+00 1.000000e-01
3.088670e+03 0.000000e+00 1.000000e+00 1.000000e-01
3.088680e+03 0.000000e+00 1.000000e+00 1.000000e-01
3.088690e+03 0.000000e+00 1.000000e+00 1.000000e-01
3.088700e+03 0.000000e+00 1.000000e+00 1.000000e-01
3.088710e+03 0.000000e+00 1.000000e+00 1.000000e-01
3.088720e+03 0.000000e+00 1.000000e+00 1.000000e-01
3.088730e+03 0.000000e+00 1.000000e+00 1.000000e-01
3.088740e+03 0.000000e+00 1.000000e+00 1.000000e-01
3.088750e+03 1.187169e-11 1.000000e+00 1.000000e-01
3.088760e+03 1.187202e-11 1.000000e+00 1.000000e-01
3.088770e+03 0.000000e+00 1.000000e+00 1.000000e-01
3.088780e+03 0.000000e+00 1.000000e+00 1.000000e-01
3.088790e+03 0.000000e+00 1.000000e+00 1.000000e-01
3.088800e+03 0.000000e+00 1.000000e+00 1.000000e-01
3.088810e+03 0.000000e+00 1.000000e+00 1.000000e-01
3.088820e+03 0.000000e+00 1.000000e+00 1.000000e-01
3.088830e+03 0.000000e+00 1.000000e+00 1.000000e-01
3.088840e+03 0.000000e+00 1.000000e+00 1.000000e-01
3.088850e+03 0.000000e+00 1.000000e+00 1.000000e-01
3.088860e+03 0.000000e+00 1.000000e+00 1.000000e-01
3.088870e+03 0.000000e+00 1.000000e+00 1.000000e-01
3.088880e+03 0.000000e+00 1.000000e+00 1.000000e-01
3.088890e+03 0.000000e+00 1.000000e+00 1.000000e-01
3.088900e+03 0.000000e+00 1.000000e+00 1.000000e-01
3.088910e+03 0.000000e+00 1.000000e+00 1.000000e-01
3.088920e+03 0.000000e+00 1.000000e+00 1.000000e-01
3.088930e+03 0.000000e+00 1.000000e+00 1.000000e-01
3.088940e+03 0.000000e+00 1.000000e+00 1.000000e-01
3.088950e+03 0.000000e+00 1.000000e+00 1.000000e-01
3.088960e+03 0.000000e+00 1.000000e+00 1.000000e-01
3.088970e+03 0.000000e+00 1.000000e+00 1.000000e-01
3.088980e+03 0.000000e+00 1.000000e+00 1.000000e-01
3.088990e+03 0.000000e+00 1.000000e+00 1.000000e-01
3.089000e+03 0.000000e+00 1.000000e+00 1.000000e-01
3.089010e+03 0.000000e+00 1.000000e+00 1.000000e-01
3.089020e+03 3.190694e-10 1.000000e+00 1.000000e-01
3.089030e+03 3.190578e-10 1.000000e+00 1.000000e-01
3.089040e+03 0.000000e+00 1.000000e+00 1.000000e-01
3.089050e+03 0.000000e+00 1.000000e+00 1.000000e-01
3.089060e+03 0.000000e+00 1.000000e+00 1.000000e-01
3.089070e+03 0.000000e+00 1.000000e+00 1.000000e-01
3.089080e+03 7.754556e-11 1.000000e+00 1.000000e-01
3.089090e+03 7.752517e-11 1.000000e+00 1.000000e-01
3.089100e+03 0.000000e+00 1.000000e+00 1.000000e-01
3.089110e+03 0.000000e+00 1.000000e+00 1.000000e-01
3.089120e+03 0.000000e+00 1.000000e+00 1.000000e-01
3.089130e+03 0.000000e+00 1.000000e+00 1.000000e-01
3.089140e+03 0.000000e+00 1.000000e+00 1.000000e-01
3.089150e+03 0.000000e+00 1.000000e+00 1.000000e-01
3.089160e+03 0.000000e+00 1.000000e+00 1.000000e-01
3.089170e+03 4.735490e-09 1.000000e+00 1.000000e-01
3.089180e+03 4.735277e-09 1.000000e+00 1.000000e-01
3.089190e+03 0.000000e+00 1.000000e+00 1.000000e-01
3.089200e+03 0.000000e+00 1.000000e+00 1.000000e-01
3.089210e+03 0.000000e+00 1.000000e+00 1.000000e-01
3.089220e+03 0.000000e+00 1.000000e+00 1.000000e-01
3.089230e+03 0.000000e+00 1.000000e+00 1.000000e-01
3.089240e+03 0.000000e+00 1.000000e+00 1.000000e-01
3.089250e+03 3.415512e-12 1.000000e+00 1.000000e-01
3.089260e+03 3.415747e-12 1.000000e+00 1.000000e-01
3.089270e+03 0.000000e+00 1.000000e+00 1.000000e-01
3.089280e+03 0.000000e+00 1.000000e+00 1.000000e-01
3.089290e+03 0.000000e+00 1.000000e+00 1.000000e-01
3.089300e+03 0.000000e+00 1.000000e+00 1.000000e-01
3.089310e+03 0.000000e+00 1.000000e+00 1.000000e-01
3.089320e+03 2.150401e-05 9.999785e-01 9.999892e-02
3.089330e+03 2.150363e-05 9.999785e-01 9.999892e-02
3.089340e+03 0.000000e+00 1.000000e+00 1.000000e-01
3.089350e+03 0.000000e+00 1.000000e+00 1.000000e-01
3.089360e+03 0.000000e+00 1.000000e+00 1.000000e-01
3.089370e+03 0.000000e+00 1.000000e+00 1.000000e-01
3.089380e+03 0.000000e+00 1.000000e+00 1.000000e-01
3.089390e+03 0.000000e+00 1.000000e+00 1.000000e-01
3.089400e+03 2.642131e-06 9.999974e-01 9.999987e-02
3.089410e+03 2.642848e-06 9.999974e-01 9.999987e-02
3.089420e+03 0.000000e+00 1.000000e+00 1.000000e-01
3.089430e+03 0.000000e+00 1.000000e+00 1.000000e-01
3.089440e+03 0.000000e+00 1.000000e+00 1.000000e-01
3.089450e+03 5.135262e-07 9.999995e-01 9.999997e-02
3.089460e+03 5.134192e-07 9.999995e-01 9.999997e-02
3.089470e+03 0.000000e+00 1.000000e+00 1.000000e-01
3.089480e+03 4.587716e-07 9.999995e-01 9.999998e-02
3.089490e+03 4.587542e-07 9.999995e-01 9.999998e-02
3.089500e+03 0.000000e+00 1.000000e+00 1.000000e-01
3.089510e+03 0.000000e+00 1.000000e+00 1.000000e-01
3.089520e+03 3.697712e-04 9.996303e-01 9.998151e-02
3.089530e+03 4.255291e-04 9.995746e-01 9.997873e-02
3.089540e+03 5.272576e-05 9.999473e-01 9.999736e-02
3.089550e+03 0.000000e+00 1.000000e+00 1.000000e-01
3.089560e+03 0.000000e+00 1.000000e+00 1.000000e-01
3.089570e+03 0.000000e+00 1.000000e+00 1.000000e-01
3.089580e+03 0.000000e+00 1.000000e+00 1.000000e-01
3.089590e+03 0.000000e+00 1.000000e+00 1.000000e-01
3.089600e+03 0.000000e+00 1.000000e+00 1.000000e-01
3.089610e+03 1.710548e-08 1.000000e+00 1.000000e-01
3.089620e+03 1.710665e-08 1.000000e+00 1.000000e-01
3.089630e+03 0.000000e+00 1.000000e+00 1.000000e-01
3.089640e+03 0.000000e+00 1.000000e+00 1.000000e-01
3.089650e+03 0.000000e+00 1.000000e+00 1.000000e-01
3.089660e+03 0.000000e+00 1.000000e+00 1.000000e-01
3.089670e+03 9.856338e-10 1.000000e+00 1.000000e-01
3.089680e+03 9.856029e-10 1.000000e+00 1.000000e-01
3.089690e+03 0.000000e+00 1.000000e+00 1.000000e-01
3.089700e+03 0.000000e+00 1.000000e+00 1.000000e-01
3.089710e+03 0.000000e+00 1.000000e+00 1.000000e-01
3.089720e+03 0.000000e+00 1.000000e+00 1.000000e-01
3.089730e+03 0.000000e+00 1.000000e+00 1.000000e-01
3.089740e+03 0.000000e+00 1.000000e+00 1.000000e-01
3.089750e+03 0.000000e+00 1.000000e+00 1.000000e-01
3.089760e+03 0.000000e+00 1.000000e+00 1.000000e-01
3.089770e+03 0.000000e+00 1.000000e+00 1.000000e-01
3.089780e+03 0.000000e+00 1.000000e+00 1.000000e-01
3.089790e+03 0.000000e+00 1.000000e+00 1.000000e-01
3.089800e+03 5.820085e-05 9.999418e-01 9.999709e-02
3.089810e+03 1.386811e-04 9.998613e-01 9.999307e-02
3.089820e+03 3.255092e-04 9.996745e-01 9.998373e-02
3.089830e+03 7.319460e-04 9.992683e-01 9.996341e-02
3.089840e+03 1.556589e-03 9.984446e-01 9.992220e-02
3.089850e+03 3.111119e-03 9.968937e-01 9.984456e-02
3.089860e+03 5.828944e-03 9.941880e-01 9.970898e-02
3.089870e+03 1.022522e-02 9.898269e-01 9.949004e-02
3.089880e+03 1.687372e-02 9.832678e-01 9.915986e-02
3.089890e+03 2.598134e-02 9.743533e-01 9.870933e-02
3.089900e+03 3.752352e-02 9.631718e-01 9.814131e-02
3.089910e+03 5.094091e-02 9.503348e-01 9.748512e-02
3.089920e+03 6.525094e-02 9.368323e-01 9.679010e-02
3.089930e+03 7.938007e-02 9.236888e-01 9.610873e-02
3.089940e+03 9.268219e-02 9.114831e-01 9.547163e-02
3.089950e+03 1.054389e-01 8.999295e-01 9.486461e-02
3.089960e+03 1.190343e-01 8.877773e-01 9.422194e-02
3.089970e+03 1.355551e-01 8.732311e-01 9.344683e-02
3.089980e+03 1.568030e-01 8.548724e-01 9.245931e-02
3.089990e+03 1.830480e-01 8.327282e-01 9.125394e-02
3.090000e+03 2.121047e-01 8.088800e-01 8.993775e-02
3.090010e+03 2.393220e-01 7.871614e-01 8.872212e-02
3.090020e+03 2.587089e-01 7.720477e-01 8.786625e-02
3.090030e+03 2.648615e-01 7.673122e-01 8.759636e-02
3.090040e+03 2.549068e-01 7.749887e-01 8.803344e-02
3.090050e+03 2.295862e-01 7.948624e-01 8.915506e-02
3.090060e+03 1.941930e-01 8.234990e-01 9.074684e-02
3.090070e+03 1.532718e-01 8.578965e-01 9.262270e-02
3.090080e+03 1.136074e-01 8.926083e-01 9.447795e-02
3.090090e+03 8.012511e-02 9.230009e-01 9.607293e-02
3.090100e+03 5.455073e-02 9.469105e-01 9.730932e-02
3.090110e+03 3.708205e-02 9.635971e-01 9.816298e-02
3.090120e+03 2.620873e-02 9.741317e-01 9.869811e-02
3.090130e+03 1.987017e-02 9.803259e-01 9.901141e-02
3.090140e+03 1.609978e-02 9.840291e-01 9.919824e-02
3.090150e+03 1.347915e-02 9.866113e-01 9.932831e-02
3.090160e+03 1.121544e-02 9.888472e-01 9.944080e-02
3.090170e+03 9.020477e-03 9.910201e-01 9.954999e-02
3.090180e+03 6.904329e-03 9.931195e-01 9.965538e-02
3.090190e+03 4.992221e-03 9.950202e-01 9.975070e-02
3.090200e+03 3.517923e-03 9.964883e-01 9.982426e-02
3.090210e+03 2.305788e-03 9.976969e-01 9.988478e-02
3.090220e+03 8.200759e-04 9.991803e-01 9.995900e-02
3.090230e+03 5.041692e-04 9.994960e-01 9.997479e-02
3.090240e+03 2.866840e-04 9.997134e-01 9.998567e-02
3.090250e+03 0.000000e+00 1.000000e+00 1.000000e-01
3.090260e+03 3.483969e-10 1.000000e+00 1.000000e-01
3.090270e+03 3.483768e-10 1.000000e+00 1.000000e-01
3.090280e+03 0.000000e+00 1.000000e+00 1.000000e-01
3.090290e+03 0.000000e+00 1.000000e+00 1.000000e-01
3.090300e+03 0.000000e+00 1.000000e+00 1.000000e-01
3.090310e+03 8.918946e-05 9.999108e-01 9.999554e-02
3.090320e+03 9.169347e-05 9.999083e-01 9.999542e-02
3.090330e+03 4.185300e-06 9.999958e-01 9.999979e-02
3.090340e+03 0.000000e+00 1.000000e+00 1.000000e-01
3.090350e+03 0.000000e+00 1.000000e+00 1.000000e-01
3.090360e+03 4.646126e-07 9.999995e-01 9.999998e-02
3.090370e+03 9.067179e-04 9.990937e-01 9.995467e-02
3.090380e+03 9.687108e-04 9.990318e-01 9.995158e-02
3.090390e+03 1.017089e-03 9.989834e-01 9.994916e-02
3.090400e+03 1.051283e-03 9.989493e-01 9.994745e-02
3.090410e+03 1.102169e-03 9.988984e-01 9.994491e-02
3.090420e+03 1.152285e-03 9.988484e-01 9.994240e-02
3.090430e+03 1.201487e-03 9.987992e-01 9.993994e-02
3.090440e+03 1.259485e-03 9.987413e-01 9.993705e-02
3.090450e+03 1.309991e-03 9.986909e-01 9.993452e-02
3.090460e+03 2.351891e-03 9.976509e-01 9.988247e-02
3.090470e+03 2.487219e-03 9.975159e-01 9.987572e-02
3.090480e+03 2.520163e-03 9.974830e-01 9.987407e-02
3.090490e+03 2.840686e-03 9.971633e-01 9.985807e-02
3.090500e+03 2.723152e-03 9.972806e-01 9.986394e-02
3.090510e+03 3.276822e-03 9.967285e-01 9.983629e-02
3.090520e+03 3.551983e-03 9.964543e-01 9.982256e-02
3.090530e+03 4.920412e-03 9.950917e-01 9.975428e-02
3.090540e+03 5.759640e-03 9.942569e-01 9.971243e-02
3.090550e+03 5.769228e-03 9.942474e-01 9.971195e-02
3.090560e+03 6.262191e-03 9.937574e-01 9.968738e-02
3.090570e+03 7.296880e-03 9.927297e-01 9.963582e-02
3.090580e+03 8.638538e-03 9.913987e-01 9.956900e-02
3.090590e+03 9.612468e-03 9.904336e-01 9.952053e-02
3.090600e+03 1.110732e-02 9.889541e-01 9.944617e-02
3.090610e+03 1.359915e-02 9.864929e-01 9.932235e-02
3.090620e+03 1.732808e-02 9.828212e-01 9.913734e-02
3.090630e+03 2.227002e-02 9.779761e-01 9.889268e-02
3.090640e+03 2.799822e-02 9.723901e-01 9.860984e-02
3.090650e+03 3.357409e-02 9.669833e-01 9.833531e-02
3.090660e+03 3.750012e-02 9.631943e-01 9.814246e-02
3.090670e+03 4.010904e-02 9.606847e-01 9.801452e-02
3.090680e+03 4.059568e-02 9.602173e-01 9.799068e-02
3.090690e+03 3.935952e-02 9.614050e-01 9.805126e-02
3.090700e+03 3.687337e-02 9.637982e-01 9.817322e-02
3.090710e+03 3.560609e-02 9.650203e-01 9.823545e-02
3.090720e+03 3.676205e-02 9.639055e-01 9.817869e-02
3.090730e+03 4.194145e-02 9.589259e-01 9.792476e-02
3.090740e+03 5.004316e-02 9.511884e-01 9.752889e-02
3.090750e+03 6.238349e-02 9.395225e-01 9.692897e-02
3.090760e+03 8.035049e-02 9.227929e-01 9.606211e-02
3.090770e+03 1.030806e-01 9.020543e-01 9.497654e-02
3.090780e+03 1.282824e-01 8.796050e-01 9.378726e-02
3.090790e+03 1.507574e-01 8.600563e-01 9.273922e-02
3.090800e+03 1.651114e-01 8.477992e-01 9.207601e-02
3.090810e+03 1.677176e-01 8.455926e-01 9.195611e-02
3.090820e+03 1.597136e-01 8.523878e-01 9.232485e-02
3.090830e+03 1.436685e-01 8.661748e-01 9.306851e-02
3.090840e+03 1.237501e-01 8.836006e-01 9.400003e-02
3.090850e+03 1.039396e-01 9.012798e-01 9.493575e-02
3.090860e+03 8.637191e-02 9.172530e-01 9.577333e-02
3.090870e+03 7.257808e-02 9.299931e-01 9.643615e-02
3.090880e+03 6.348945e-02 9.384840e-01 9.687539e-02
3.090890e+03 5.846988e-02 9.432066e-01 9.711883e-02
3.090900e+03 6.022743e-02 9.415504e-01 9.703352e-02
3.090910e+03 6.699345e-02 9.352013e-01 9.670581e-02
3.090920e+03 7.948821e-02 9.235889e-01 9.610353e-02
3.090930e+03 9.820075e-02 9.064669e-01 9.520856e-02
3.090940e+03 1.237806e-01 8.835737e-01 9.399860e-02
3.090950e+03 1.566676e-01 8.549882e-01 9.246557e-02
3.090960e+03 1.959338e-01 8.220666e-01 9.066789e-02
3.090970e+03 2.417256e-01 7.852716e-01 8.861555e-02
3.090980e+03 2.902899e-01 7.480467e-01 8.648969e-02
3.090990e+03 3.369821e-01 7.139216e-01 8.449388e-02
3.091000e+03 3.805608e-01 6.834780e-01 8.267273e-02
3.091010e+03 4.156735e-01 6.598957e-01 8.123396e-02
3.091020e+03 4.404833e-01 6.437253e-01 8.023249e-02
3.091030e+03 4.556806e-01 6.340163e-01 7.962514e-02
3.091040e+03 4.593445e-01 6.316976e-01 7.947941e-02
3.091050e+03 4.497130e-01 6.378111e-01 7.986308e-02
3.091060e+03 4.236032e-01 6.546836e-01 8.091252e-02
3.091070e+03 3.793249e-01 6.843232e-01 8.272383e-02
3.091080e+03 3.215987e-01 7.249891e-01 8.514629e-02
3.091090e+03 2.588038e-01 7.719745e-01 8.786208e-02
3.091100e+03 2.001684e-01 8.185929e-01 9.047612e-02
3.091110e+03 1.518220e-01 8.591412e-01 9.268987e-02
3.091120e+03 1.169427e-01 8.896362e-01 9.432053e-02
3.091130e+03 9.289379e-02 9.112903e-01 9.546153e-02
3.091140e+03 7.471669e-02 9.280064e-01 9.633309e-02
3.091150e+03 5.979351e-02 9.419590e-01 9.705457e-02
3.091160e+03 4.867980e-02 9.524861e-01 9.759539e-02
3.091170e+03 4.030557e-02 9.604959e-01 9.800489e-02
3.091180e+03 3.488888e-02 9.657127e-01 9.827068e-02
3.091190e+03 3.112379e-02 9.693556e-01 9.845586e-02
3.091200e+03 2.833378e-02 9.720639e-01 9.859330e-02
3.091210e+03 2.682740e-02 9.735293e-01 9.866759e-02
3.091220e+03 2.553799e-02 9.747853e-01 9.873122e-02
3.091230e+03 2.423107e-02 9.760601e-01 9.879576e-02
3.091240e+03 2.302768e-02 9.772354e-01 9.885522e-02
3.091250e+03 2.129573e-02 9.789294e-01 9.894086e-02
3.091260e+03 1.934854e-02 9.808374e-01 9.903724e-02
3.091270e+03 1.781140e-02 9.823463e-01 9.911338e-02
3.091280e+03 1.642464e-02 9.837095e-01 9.918213e-02
3.091290e+03 1.501514e-02 9.850970e-01 9.925205e-02
3.091300e+03 1.394003e-02 9.861567e-01 9.930542e-02
3.091310e+03 1.292288e-02 9.871603e-01 9.935594e-02
3.091320e+03 1.193812e-02 9.881329e-01 9.940487e-02
3.091330e+03 1.099589e-02 9.890643e-01 9.945171e-02
3.091340e+03 1.008287e-02 9.899678e-01 9.949713e-02
3.091350e+03 9.381491e-03 9.906624e-01 9.953202e-02
3.091360e+03 8.527932e-03 9.915083e-01 9.957451e-02
3.091370e+03 7.571541e-03 9.924571e-01 9.962214e-02
3.091380e+03 6.827950e-03 9.931953e-01 9.965918e-02
3.091390e+03 6.135584e-03 9.938832e-01 9.969369e-02
3.091400e+03 6.046489e-03 9.939718e-01 9.969813e-02
3.091410e+03 5.642038e-03 9.943738e-01 9.971830e-02
3.091420e+03 5.159068e-03 9.948542e-01 9.974238e-02
3.091430e+03 6.384643e-03 9.936357e-01 9.968128e-02
3.091440e+03 7.616387e-03 9.924125e-01 9.961990e-02
3.091450e+03 8.979308e-03 9.910609e-01 9.955204e-02
3.091460e+03 1.071902e-02 9.893382e-01 9.946548e-02
3.091470e+03 1.340319e-02 9.866862e-01 9.933208e-02
3.091480e+03 1.569544e-02 9.844271e-01 9.921830e-02
3.091490e+03 1.743414e-02 9.827170e-01 9.913208e-02
3.091500e+03 1.911448e-02 9.810670e-01 9.904883e-02
3.091510e+03 2.045335e-02 9.797544e-01 9.898254e-02
3.091520e+03 2.147325e-02 9.787557e-01 9.893208e-02
3.091530e+03 2.281495e-02 9.774433e-01 9.886573e-02
3.091540e+03 2.247638e-02 9.777743e-01 9.888247e-02
3.091550e+03 2.095182e-02 9.792661e-01 9.895788e-02
3.091560e+03 1.803150e-02 9.821301e-01 9.910248e-02
3.091570e+03 1.639746e-02 9.837362e-01 9.918348e-02
3.091580e+03 1.470936e-02 9.853983e-01 9.926723e-02
3.091590e+03 1.334581e-02 9.867429e-01 9.933493e-02
3.091600e+03 1.294505e-02 9.871384e-01 9.935484e-02
3.091610e+03 1.223379e-02 9.878407e-01 9.939018e-02
3.091620e+03 1.362350e-02 9.864689e-01 9.932114e-02
3.091630e+03 1.420805e-02 9.858924e-01 9.929211e-02
3.091640e+03 1.358159e-02 9.865102e-01 9.932322e-02
3.091650e+03 1.337215e-02 9.867169e-01 9.933362e-02
3.091660e+03 1.337382e-02 9.867152e-01 9.933354e-02
3.091670e+03 1.401130e-02 9.860864e-01 9.930188e-02
3.091680e+03 1.516064e-02 9.849537e-01 9.924483e-02
3.091690e+03 1.437800e-02 9.857249e-01 9.928368e-02
3.091700e+03 1.374010e-02 9.863539e-01 9.931535e-02
3.091710e+03 1.324313e-02 9.868442e-01 9.934003e-02
3.091720e+03 1.387187e-02 9.862239e-01 9.930881e-02
3.091730e+03 1.402097e-02 9.860769e-01 9.930140e-02
3.091740e+03 1.270359e-02 9.873768e-01 9.936683e-02
3.091750e+03 1.180330e-02 9.882661e-01 9.941157e-02
3.091760e+03 1.055413e-02 9.895014e-01 9.947368e-02
3.091770e+03 1.042922e-02 9.896250e-01 9.947990e-02
3.091780e+03 1.061031e-02 9.894458e-01 9.947089e-02
3.091790e+03 1.155241e-02 9.885141e-01 9.942404e-02
3.091800e+03 1.352976e-02 9.865614e-01 9.932580e-02
3.091810e+03 1.591165e-02 9.842143e-01 9.920757e-02
3.091820e+03 2.112226e-02 9.790993e-01 9.894944e-02
3.091830e+03 2.863419e-02 9.717719e-01 9.857849e-02
3.091840e+03 3.865654e-02 9.620811e-01 9.808573e-02
3.091850e+03 5.118190e-02 9.501058e-01 9.747337e-02
3.091860e+03 6.548578e-02 9.366124e-01 9.677874e-02
3.091870e+03 8.084304e-02 9.223384e-01 9.603845e-02
3.091880e+03 9.645210e-02 9.080534e-01 9.529184e-02
3.091890e+03 1.123703e-01 8.937133e-01 9.453641e-02
3.091900e+03 1.282585e-01 8.796260e-01 9.378838e-02
3.091910e+03 1.451536e-01 8.648894e-01 9.299943e-02
3.091920e+03 1.650456e-01 8.478551e-01 9.207905e-02
3.091930e+03 1.899834e-01 8.269729e-01 9.093805e-02
3.091940e+03 2.217727e-01 8.010974e-01 8.950405e-02
3.091950e+03 2.626472e-01 7.690132e-01 8.769340e-02
3.091960e+03 3.142772e-01 7.303166e-01 8.545856e-02
3.091970e+03 3.780028e-01 6.852286e-01 8.277853e-02
3.091980e+03 4.545148e-01 6.347558e-01 7.967157e-02
3.091990e+03 5.442090e-01 5.803006e-01 7.617746e-02
3.092000e+03 6.466984e-01 5.237722e-01 7.237211e-02
3.092010e+03 7.623766e-01 4.665563e-01 6.830493e-02
3.092020e+03 8.922455e-01 4.097347e-01 6.401052e-02
3.092030e+03 1.035818e+00 3.549361e-01 5.957651e-02
3.092040e+03 1.192939e+00 3.033286e-01 5.507527e-02
3.092050e+03 1.363272e+00 2.558223e-01 5.057887e-02
3.092060e+03 1.546536e+00 2.129846e-01 4.615025e-02
3.092070e+03 1.739361e+00 1.756326e-01 4.190855e-02
3.092080e+03 1.939606e+00 1.437606e-01 3.791577e-02
3.092090e+03 2.146434e+00 1.169003e-01 3.419068e-02
3.092100e+03 2.356108e+00 9.478838e-02 3.078772e-02
3.092110e+03 2.565071e+00 7.691370e-02 2.773332e-02
3.092120e+03 2.769529e+00 6.269155e-02 2.503828e-02
3.092130e+03 2.965894e+00 5.151441e-02 2.269679e-02
3.092140e+03 3.149172e+00 4.288763e-02 2.070933e-02
3.092150e+03 3.314717e+00 3.634434e-02 1.906419e-02
3.092160e+03 3.458636e+00 3.147265e-02 1.774053e-02
3.092170e+03 3.577152e+00 2.795521e-02 1.671981e-02
3.092180e+03 3.667024e+00 2.555241e-02 1.598512e-02
3.092190e+03 3.726111e+00 2.408632e-02 1.551977e-02
3.092200e+03 3.750489e+00 2.350626e-02 1.533175e-02
3.092210e+03 3.741131e+00 2.372724e-02 1.540365e-02
3.092220e+03 3.696375e+00 2.481331e-02 1.575224e-02
3.092230e+03 3.616992e+00 2.686337e-02 1.639005e-02
3.092240e+03 3.507682e+00 2.996630e-02 1.731078e-02
3.092250e+03 3.369995e+00 3.438981e-02 1.854449e-02
3.092260e+03 3.208495e+00 4.041740e-02 2.010408e-02
3.092270e+03 3.028713e+00 4.837784e-02 2.199496e-02
3.092280e+03 2.835800e+00 5.867155e-02 2.422221e-02
3.092290e+03 2.634859e+00 7.172907e-02 2.678228e-02
3.092300e+03 2.429975e+00 8.803905e-02 2.967138e-02
3.092310e+03 2.223485e+00 1.082313e-01 3.289852e-02
3.092320e+03 2.018193e+00 1.328954e-01 3.645483e-02
3.092330e+03 1.812457e+00 1.632526e-01 4.040453e-02
3.092340e+03 1.607948e+00 2.002982e-01 4.475469e-02
3.092350e+03 1.407623e+00 2.447243e-01 4.946962e-02
3.092360e+03 1.215432e+00 2.965819e-01 5.445933e-02
3.092370e+03 1.034946e+00 3.552454e-01 5.960247e-02
3.092380e+03 8.706370e-01 4.186848e-01 6.470585e-02
3.092390e+03 7.267034e-01 4.835003e-01 6.953418e-02
3.092400e+03 6.023373e-01 5.475304e-01 7.399530e-02
3.092410e+03 4.979192e-01 6.077941e-01 7.796115e-02
3.092420e+03 4.132386e-01 6.615044e-01 8.133292e-02
3.092430e+03 3.464791e-01 7.071736e-01 8.409362e-02
3.092440e+03 2.965034e-01 7.434131e-01 8.622141e-02
3.092450e+03 2.614330e-01 7.699475e-01 8.774665e-02
3.092460e+03 2.365858e-01 7.893182e-01 8.884358e-02
3.092470e+03 2.153538e-01 8.062561e-01 8.979177e-02
3.092480e+03 1.934422e-01 8.241175e-01 9.078092e-02
3.092490e+03 1.674751e-01 8.457977e-01 9.196726e-02
3.092500e+03 1.377825e-01 8.712882e-01 9.334282e-02
3.092510e+03 1.060748e-01 8.993574e-01 9.483445e-02
3.092520e+03 7.619411e-02 9.266363e-01 9.626195e-02
3.092530e+03 5.195635e-02 9.493703e-01 9.743564e-02
3.092540e+03 3.728691e-02 9.633997e-01 9.815293e-02
3.092550e+03 2.647418e-02 9.738732e-01 9.868501e-02
3.092560e+03 1.826211e-02 9.819036e-01 9.909105e-02
3.092570e+03 1.489087e-02 9.852195e-01 9.925822e-02
3.092580e+03 1.334259e-02 9.867460e-01 9.933509e-02
3.092590e+03 1.179747e-02 9.882718e-01 9.941186e-02
3.092600e+03 1.140115e-02 9.886636e-01 9.943156e-02
3.092610e+03 1.018244e-02 9.898692e-01 9.949217e-02
3.092620e+03 8.608866e-03 9.914281e-01 9.957048e-02
3.092630e+03 7.656610e-03 9.923726e-01 9.961790e-02
3.092640e+03 5.153199e-03 9.948601e-01 9.974267e-02
3.092650e+03 2.798727e-03 9.972052e-01 9.986016e-02
3.092660e+03 1.312120e-03 9.986887e-01 9.993442e-02
3.092670e+03 7.358116e-04 9.992645e-01 9.996322e-02
3.092680e+03 4.003907e-04 9.995997e-01 9.997998e-02
3.092690e+03 2.276208e-04 9.997724e-01 9.998862e-02
3.092700e+03 1.128686e-04 9.998871e-01 9.999436e-02
3.092710e+03 1.018140e-04 9.998982e-01 9.999491e-02
3.092720e+03 9.364899e-05 9.999064e-01 9.999532e-02
3.092730e+03 8.403440e-05 9.999160e-01 9.999580e-02
3.092740e+03 7.911126e-05 9.999209e-01 9.999604e-02
3.092750e+03 9.323096e-05 9.999068e-01 9.999534e-02
3.092760e+03 8.940860e-05 9.999106e-01 9.999553e-02
3.092770e+03 6.840641e-05 9.999316e-01 9.999658e-02
3.092780e+03 6.562114e-05 9.999344e-01 9.999672e-02
3.092790e+03 6.301421e-05 9.999370e-01 9.999685e-02
3.092800e+03 6.060305e-05 9.999394e-01 9.999697e-02
3.092810e+03 5.837354e-05 9.999416e-01 9.999708e-02
3.092820e+03 5.627918e-05 9.999437e-01 9.999719e-02
3.092830e+03 5.430633e-05 9.999457e-01 9.999728e-02
3.092840e+03 5.407449e-05 9.999459e-01 9.999730e-02
3.092850e+03 1.842162e-06 9.999982e-01 9.999991e-02
3.092860e+03 3.687841e-07 9.999996e-01 9.999998e-02
3.092870e+03 1.666686e-07 9.999998e-01 9.999999e-02
3.092880e+03 8.443794e-09 1.000000e+00 1.000000e-01
3.092890e+03 1.239080e-05 9.999876e-01 9.999938e-02
3.092900e+03 1.601604e-05 9.999840e-01 9.999920e-02
3.092910e+03 2.423403e-05 9.999758e-01 9.999879e-02
3.092920e+03 3.573410e-05 9.999643e-01 9.999821e-02
3.092930e+03 5.451940e-05 9.999455e-01 9.999727e-02
3.092940e+03 9.099494e-05 9.999090e-01 9.999545e-02
3.092950e+03 1.545564e-04 9.998455e-01 9.999227e-02
3.092960e+03 6.199582e-04 9.993802e-01 9.996901e-02
3.092970e+03 8.009141e-04 9.991994e-01 9.995996e-02
3.092980e+03 7.414755e-04 9.992588e-01 9.996293e-02
3.092990e+03 1.214865e-03 9.987859e-01 9.993928e-02
3.093000e+03 1.952032e-03 9.980499e-01 9.990245e-02
3.093010e+03 3.071750e-03 9.969330e-01 9.984653e-02
3.093020e+03 4.730161e-03 9.952810e-01 9.976377e-02
3.093030e+03 7.124323e-03 9.929010e-01 9.964442e-02
3.093040e+03 1.049195e-02 9.895629e-01 9.947678e-02
3.093050e+03 1.510545e-02 9.850081e-01 9.924757e-02
3.093060e+03 2.125741e-02 9.789669e-01 9.894276e-02
3.093070e+03 2.924037e-02 9.711830e-01 9.854862e-02
3.093080e+03 3.930692e-02 9.614556e-01 9.805384e-02
3.093090e+03 5.163815e-02 9.496724e-01 9.745114e-02
3.093100e+03 6.629973e-02 9.358503e-01 9.673936e-02
3.093110e+03 8.318849e-02 9.201777e-01 9.592589e-02
3.093120e+03 1.020631e-01 9.029726e-01 9.502487e-02
3.093130e+03 1.222883e-01 8.848932e-01 9.406876e-02
3.093140e+03 1.431305e-01 8.666410e-01 9.309355e-02
3.093150e+03 1.637885e-01 8.489215e-01 9.213694e-02
3.093160e+03 1.831595e-01 8.326354e-01 9.124886e-02
3.093170e+03 2.001561e-01 8.186030e-01 9.047668e-02
3.093180e+03 2.137476e-01 8.075522e-01 8.986391e-02
3.093190e+03 2.230622e-01 8.000651e-01 8.944636e-02
3.093200e+03 2.274800e-01 7.965384e-01 8.924900e-02
3.093210e+03 2.267015e-01 7.971587e-01 8.928375e-02
3.093220e+03 2.207784e-01 8.018944e-01 8.954856e-02
3.093230e+03 2.101115e-01 8.104938e-01 9.002743e-02
3.093240e+03 1.956953e-01 8.222627e-01 9.067870e-02
3.093250e+03 1.782473e-01 8.367354e-01 9.147324e-02
3.093260e+03 1.590515e-01 8.529525e-01 9.235543e-02
3.093270e+03 1.393480e-01 8.699252e-01 9.326978e-02
3.093280e+03 1.200869e-01 8.868434e-01 9.417236e-02
3.093290e+03 1.021445e-01 9.028991e-01 9.502100e-02
3.093300e+03 8.551734e-02 9.180372e-01 9.581426e-02
3.093310e+03 7.036591e-02 9.320527e-01 9.654288e-02
3.093320e+03 5.671377e-02 9.448645e-01 9.720414e-02
3.093330e+03 4.466900e-02 9.563140e-01 9.779131e-02
3.093340e+03 3.436938e-02 9.662145e-01 9.829621e-02
3.093350e+03 2.585175e-02 9.744795e-01 9.871573e-02
3.093360e+03 1.898836e-02 9.811908e-01 9.905507e-02
3.093370e+03 1.355490e-02 9.865366e-01 9.932455e-02
3.093380e+03 9.333678e-03 9.907097e-01 9.953440e-02
3.093390e+03 6.152201e-03 9.938667e-01 9.969286e-02
3.093400e+03 3.826716e-03 9.961806e-01 9.980885e-02
3.093410e+03 2.317329e-03 9.976854e-01 9.988420e-02
3.093420e+03 1.348752e-03 9.986522e-01 9.993259e-02
3.093430e+03 7.612325e-04 9.992391e-01 9.996195e-02
3.093440e+03 4.273642e-04 9.995727e-01 9.997863e-02
3.093450e+03 2.251448e-04 9.997749e-01 9.998874e-02
3.093460e+03 1.321820e-04 9.998678e-01 9.999339e-02
3.093470e+03 5.173713e-04 9.994828e-01 9.997413e-02
3.093480e+03 5.333702e-04 9.994668e-01 9.997334e-02
3.093490e+03 9.201896e-05 9.999080e-01 9.999540e-02
3.093500e+03 2.025993e-05 9.999797e-01 9.999899e-02
3.093510e+03 9.868454e-05 9.999013e-01 9.999507e-02
3.093520e+03 2.152882e-04 9.997847e-01 9.998924e-02
3.093530e+03 4.335020e-04 9.995666e-01 9.997833e-02
3.093540e+03 8.083792e-04 9.991919e-01 9.995959e-02
3.093550e+03 1.319342e-03 9.986815e-01 9.993405e-02
3.093560e+03 1.884053e-03 9.981177e-01 9.990584e-02
3.093570e+03 2.353810e-03 9.976490e-01 9.988238e-02
3.093580e+03 2.572488e-03 9.974308e-01 9.987146e-02
3.093590e+03 2.459475e-03 9.975435e-01 9.987710e-02
3.093600e+03 2.056941e-03 9.979452e-01 9.989721e-02
3.093610e+03 1.510231e-03 9.984909e-01 9.992452e-02
3.093620e+03 9.745220e-04 9.990260e-01 9.995129e-02
3.093630e+03 5.583430e-04 9.994418e-01 9.997209e-02
3.093640e+03 3.058605e-04 9.996942e-01 9.998471e-02
3.093650e+03 2.272512e-04 9.997728e-01 9.998864e-02
3.093660e+03 3.442061e-04 9.996559e-01 9.998279e-02
3.093670e+03 9.434145e-04 9.990570e-01 9.995284e-02
3.093680e+03 1.881773e-03 9.981200e-01 9.990596e-02
3.093690e+03 3.634650e-03 9.963719e-01 9.981843e-02
3.093700e+03 6.722348e-03 9.933002e-01 9.966445e-02
3.093710e+03 1.129643e-02 9.887671e-01 9.943677e-02
3.093720e+03 1.764698e-02 9.825078e-01 9.912153e-02
3.093730e+03 2.508022e-02 9.752317e-01 9.875382e-02
3.093740e+03 3.242493e-02 9.680951e-01 9.839183e-02
3.093750e+03 3.813178e-02 9.625861e-01 9.811147e-02
3.093760e+03 4.078905e-02 9.600316e-01 9.798120e-02
3.093770e+03 3.968667e-02 9.610905e-01 9.803522e-02
3.093780e+03 3.512311e-02 9.654865e-01 9.825918e-02
3.093790e+03 2.827471e-02 9.721213e-01 9.859621e-02
3.093800e+03 2.073936e-02 9.794742e-01 9.896839e-02
3.093810e+03 1.382479e-02 9.862703e-01 9.931114e-02
3.093820e+03 8.361260e-03 9.916736e-01 9.958281e-02
3.093830e+03 5.621516e-03 9.943943e-01 9.971932e-02
3.093840e+03 3.817583e-03 9.961897e-01 9.980930e-02
3.093850e+03 3.013203e-03 9.969913e-01 9.984945e-02
3.093860e+03 2.665647e-03 9.973379e-01 9.986681e-02
3.093870e+03 2.382640e-03 9.976202e-01 9.988094e-02
3.093880e+03 1.987804e-03 9.980142e-01 9.990066e-02
3.093890e+03 1.489457e-03 9.985117e-01 9.992555e-02
3.093900e+03 9.869862e-04 9.990135e-01 9.995066e-02
3.093910e+03 5.197524e-06 9.999948e-01 9.999974e-02
3.093920e+03 1.209824e-03 9.987909e-01 9.993953e-02
3.093930e+03 1.719418e-03 9.982821e-01 9.991407e-02
3.093940e+03 2.144347e-03 9.978580e-01 9.989284e-02
3.093950e+03 2.339521e-03 9.976632e-01 9.988309e-02
3.093960e+03 3.138873e-03 9.968660e-01 9.984318e-02
3.093970e+03 2.683820e-03 9.973198e-01 9.986590e-02
3.093980e+03 1.361800e-03 9.986391e-01 9.993193e-02
3.093990e+03 8.703572e-04 9.991300e-01 9.995649e-02
3.094000e+03 0.000000e+00 1.000000e+00 1.000000e-01
3.094010e+03 3.148594e-04 9.996852e-01 9.998426e-02
3.094020e+03 6.784221e-04 9.993218e-01 9.996608e-02
3.094030e+03 1.302668e-03 9.986982e-01 9.993489e-02
3.094040e+03 2.226935e-03 9.977755e-01 9.988872e-02
3.094050e+03 3.387992e-03 9.966177e-01 9.983074e-02
3.094060e+03 4.670775e-03 9.953401e-01 9.976673e-02
3.094070e+03 5.607268e-03 9.944084e-01 9.972003e-02
3.094080e+03 5.917417e-03 9.941001e-01 9.970457e-02
3.094090e+03 5.640127e-03 9.943757e-01 9.971839e-02
3.094100e+03 5.015372e-03 9.949972e-01 9.974955e-02
3.094110e+03 4.191720e-03 9.958171e-01 9.979063e-02
3.094120e+03 3.707481e-03 9.962994e-01 9.981480e-02
3.094130e+03 3.927916e-03 9.960798e-01 9.980380e-02
3.094140e+03 4.961432e-03 9.950509e-01 9.975224e-02
3.094150e+03 6.562355e-03 9.934591e-01 9.967242e-02
3.094160e+03 8.171207e-03 9.918621e-01 9.959227e-02
3.094170e+03 9.074416e-03 9.909666e-01 9.954731e-02
3.094180e+03 8.983138e-03 9.910571e-01 9.955185e-02
3.094190e+03 8.715993e-03 9.913219e-01 9.956515e-02
3.094200e+03 7.859371e-03 9.921714e-01 9.960780e-02
3.094210e+03 7.948789e-03 9.920827e-01 9.960335e-02
3.094220e+03 8.161201e-03 9.918720e-01 9.959277e-02
3.094230e+03 8.900057e-03 9.911394e-01 9.955599e-02
3.094240e+03 1.075304e-02 9.893046e-01 9.946379e-02
3.094250e+03 1.244728e-02 9.876299e-01 9.937957e-02
3.094260e+03 1.399042e-02 9.861070e-01 9.930292e-02
3.094270e+03 1.405468e-02 9.860436e-01 9.929973e-02
3.094280e+03 1.287728e-02 9.872053e-01 9.935820e-02
3.094290e+03 1.076473e-02 9.892930e-01 9.946321e-02
3.094300e+03 8.205900e-03 9.918277e-01 9.959055e-02
3.094310e+03 5.695365e-03 9.943208e-01 9.971564e-02
3.094320e+03 3.590259e-03 9.964162e-01 9.982065e-02
3.094330e+03 2.050353e-03 9.979517e-01 9.989753e-02
3.094340e+03 6.777050e-04 9.993225e-01 9.996612e-02
3.094350e+03 0.000000e+00 1.000000e+00 1.000000e-01
3.094360e+03 0.000000e+00 1.000000e+00 1.000000e-01
3.094370e+03 0.000000e+00 1.000000e+00 1.000000e-01
3.094380e+03 0.000000e+00 1.000000e+00 1.000000e-01
3.094390e+03 7.119293e-05 9.999288e-01 9.999644e-02
3.094400e+03 6.348739e-05 9.999365e-01 9.999683e-02
3.094410e+03 8.805293e-04 9.991199e-01 9.995598e-02
3.094420e+03 9.812539e-04 9.990192e-01 9.995095e-02
3.094430e+03 1.089702e-03 9.989109e-01 9.994553e-02
3.094440e+03 1.205932e-03 9.987948e-01 9.993972e-02
3.094450e+03 1.329922e-03 9.986710e-01 9.993353e-02
3.094460e+03 1.461563e-03 9.985395e-01 9.992695e-02
3.094470e+03 1.600653e-03 9.984006e-01 9.992000e-02
3.094480e+03 2.547128e-03 9.974561e-01 9.987272e-02
3.094490e+03 3.042326e-03 9.969623e-01 9.984800e-02
3.094500e+03 3.486077e-03 9.965200e-01 9.982585e-02
3.094510e+03 3.783226e-03 9.962239e-01 9.981102e-02
3.094520e+03 3.884207e-03 9.961233e-01 9.980598e-02
3.094530e+03 3.813823e-03 9.961934e-01 9.980949e-02
3.094540e+03 3.656531e-03 9.963501e-01 9.981734e-02
3.094550e+03 3.506875e-03 9.964993e-01 9.982481e-02
3.094560e+03 3.107129e-03 9.968977e-01 9.984476e-02
3.094570e+03 3.286036e-03 9.967194e-01 9.983583e-02
3.094580e+03 3.457528e-03 9.965484e-01 9.982727e-02
3.094590e+03 3.631594e-03 9.963750e-01 9.981859e-02
3.094600e+03 3.801163e-03 9.962061e-01 9.981012e-02
3.094610e+03 3.964817e-03 9.960430e-01 9.980196e-02
3.094620e+03 4.121139e-03 9.958873e-01 9.979416e-02
3.094630e+03 5.283051e-03 9.947309e-01 9.973620e-02
3.094640e+03 5.512781e-03 9.945024e-01 9.972474e-02
3.094650e+03 5.588439e-03 9.944271e-01 9.972097e-02
3.094660e+03 5.527673e-03 9.944876e-01 9.972400e-02
3.094670e+03 4.745706e-03 9.952655e-01 9.976300e-02
3.094680e+03 4.830813e-03 9.951808e-01 9.975875e-02
3.094690e+03 4.900351e-03 9.951116e-01 9.975528e-02
3.094700e+03 4.953610e-03 9.950586e-01 9.975263e-02
3.094710e+03 4.991253e-03 9.950212e-01 9.975075e-02
3.094720e+03 5.010477e-03 9.950021e-01 9.974979e-02
3.094730e+03 5.011082e-03 9.950015e-01 9.974976e-02
3.094740e+03 4.995476e-03 9.950170e-01 9.975054e-02
3.094750e+03 4.962608e-03 9.950497e-01 9.975218e-02
3.094760e+03 4.912820e-03 9.950992e-01 9.975466e-02
3.094770e+03 4.848423e-03 9.951633e-01 9.975787e-02
3.094780e+03 4.766503e-03 9.952448e-01 9.976196e-02
3.094790e+03 4.667889e-03 9.953430e-01 9.976688e-02
3.094800e+03 4.557146e-03 9.954532e-01 9.977240e-02
3.094810e+03 4.433580e-03 9.955762e-01 9.977857e-02
3.094820e+03 4.438662e-03 9.955712e-01 9.977831e-02
3.094830e+03 4.325445e-03 9.956839e-01 9.978396e-02
3.094840e+03 4.030472e-03 9.959776e-01 9.979868e-02
3.094850e+03 3.835972e-03 9.961714e-01 9.980839e-02
3.094860e+03 3.667553e-03 9.963392e-01 9.981679e-02
3.094870e+03 3.495928e-03 9.965102e-01 9.982536e-02
3.094880e+03 3.934879e-03 9.960729e-01 9.980345e-02
3.094890e+03 3.956836e-03 9.960510e-01 9.980235e-02
3.094900e+03 4.036556e-03 9.959716e-01 9.979838e-02
3.094910e+03 4.186354e-03 9.958224e-01 9.979090e-02
3.094920e+03 4.421811e-03 9.955880e-01 9.977915e-02
3.094930e+03 4.760122e-03 9.952512e-01 9.976228e-02
3.094940e+03 5.219913e-03 9.947937e-01 9.973934e-02
3.094950e+03 6.726013e-03 9.932966e-01 9.966426e-02
3.094960e+03 7.489159e-03 9.925388e-01 9.962624e-02
3.094970e+03 7.528636e-03 9.924996e-01 9.962428e-02
3.094980e+03 8.675702e-03 9.913618e-01 9.956715e-02
3.094990e+03 1.029424e-02 9.897586e-01 9.948661e-02
3.095000e+03 1.204204e-02 9.880302e-01 9.939971e-02
3.095010e+03 1.412789e-02 9.859714e-01 9.929609e-02
3.095020e+03 1.678133e-02 9.833587e-01 9.916444e-02
3.095030e+03 1.973140e-02 9.804620e-01 9.901828e-02
3.095040e+03 2.309550e-02 9.771692e-01 9.885187e-02
3.095050e+03 2.652233e-02 9.738263e-01 9.868264e-02
3.095060e+03 3.173132e-02 9.687668e-01 9.842595e-02
3.095070e+03 3.808411e-02 9.626320e-01 9.811381e-02
3.095080e+03 4.589711e-02 9.551402e-01 9.773128e-02
3.095090e+03 5.558472e-02 9.459319e-01 9.725903e-02
3.095100e+03 6.766247e-02 9.345759e-01 9.667346e-02
3.095110e+03 8.274511e-02 9.205858e-01 9.594716e-02
3.095120e+03 1.015564e-01 9.034302e-01 9.504894e-02
3.095130e+03 1.248760e-01 8.826063e-01 9.394713e-02
3.095140e+03 1.535447e-01 8.576624e-01 9.261006e-02
3.095150e+03 1.883911e-01 8.282907e-01 9.101048e-02
3.095160e+03 2.301741e-01 7.943953e-01 8.912886e-02
3.095170e+03 2.795122e-01 7.561525e-01 8.695703e-02
3.095180e+03 3.368092e-01 7.140451e-01 8.450119e-02
3.095190e+03 4.021745e-01 6.688640e-01 8.178411e-02
3.095200e+03 4.753473e-01 6.216691e-01 7.884600e-02
3.095210e+03 5.554952e-01 5.737880e-01 7.574880e-02
3.095220e+03 6.411435e-01 5.266898e-01 7.257340e-02
3.095230e+03 7.299539e-01 4.819312e-01 6.942126e-02
3.095240e+03 8.186714e-01 4.410172e-01 6.640913e-02
3.095250e+03 9.032798e-01 4.052384e-01 6.365834e-02
3.095260e+03 9.793806e-01 3.755436e-01 6.128162e-02
3.095270e+03 1.042865e+00 3.524435e-01 5.936695e-02
3.095280e+03 1.090494e+00 3.360505e-01 5.796987e-02
3.095290e+03 1.120313e+00 3.261776e-01 5.711196e-02
3.095300e+03 1.132281e+00 3.222974e-01 5.677124e-02
3.095310e+03 1.125608e+00 3.244552e-01 5.696097e-02
3.095320e+03 1.101881e+00 3.322454e-01 5.764073e-02
3.095330e+03 1.064784e+00 3.448022e-01 5.871986e-02
3.095340e+03 1.017596e+00 3.614628e-01 6.012178e-02
3.095350e+03 9.656878e-01 3.807212e-01 6.170261e-02
3.095360e+03 9.149036e-01 4.005552e-01 6.328943e-02
3.095370e+03 8.689162e-01 4.194058e-01 6.476155e-02
3.095380e+03 8.260547e-01 4.377730e-01 6.616442e-02
3.095390e+03 7.786916e-01 4.590062e-01 6.775000e-02
3.095400e+03 7.174137e-01 4.880128e-01 6.985791e-02
3.095410e+03 6.380895e-01 5.283008e-01 7.268430e-02
3.095420e+03 5.460323e-01 5.792435e-01 7.610805e-02
3.095430e+03 4.538604e-01 6.351714e-01 7.969764e-02
3.095440e+03 3.732384e-01 6.885011e-01 8.297597e-02
3.095450e+03 3.111491e-01 7.326046e-01 8.559233e-02
3.095460e+03 2.678881e-01 7.649934e-01 8.746390e-02
3.095470e+03 2.401659e-01 7.864974e-01 8.868469e-02
3.095480e+03 2.232365e-01 7.999257e-01 8.943856e-02
3.095490e+03 2.134207e-01 8.078162e-01 8.987860e-02
3.095500e+03 2.082630e-01 8.119935e-01 9.011068e-02
3.095510e+03 2.051459e-01 8.145284e-01 9.025123e-02
3.095520e+03 2.012244e-01 8.177289e-01 9.042836e-02
3.095530e+03 1.954893e-01 8.224322e-01 9.068804e-02
3.095540e+03 1.854961e-01 8.306921e-01 9.114231e-02
3.095550e+03 1.705106e-01 8.432341e-01 9.182778e-02
3.095560e+03 1.510345e-01 8.598181e-01 9.272638e-02
3.095570e+03 1.288295e-01 8.791238e-01 9.376160e-02
3.095580e+03 1.061781e-01 8.992645e-01 9.482956e-02
3.095590e+03 8.517086e-02 9.183554e-01 9.583086e-02
3.095600e+03 6.724720e-02 9.349641e-01 9.669354e-02
3.095610e+03 5.318386e-02 9.482057e-01 9.737585e-02
3.095620e+03 4.252329e-02 9.583681e-01 9.789628e-02
3.095630e+03 3.488872e-02 9.657129e-01 9.827069e-02
3.095640e+03 3.027369e-02 9.701800e-01 9.849771e-02
3.095650e+03 2.909486e-02 9.713243e-01 9.855579e-02
3.095660e+03 2.892977e-02 9.714847e-01 9.856392e-02
3.095670e+03 2.923374e-02 9.711894e-01 9.854894e-02
3.095680e+03 2.873603e-02 9.716729e-01 9.857347e-02
3.095690e+03 2.643270e-02 9.739136e-01 9.868706e-02
3.095700e+03 2.222917e-02 9.780161e-01 9.889470e-02
3.095710e+03 1.688999e-02 9.832518e-01 9.915906e-02
3.095720e+03 1.157724e-02 9.884895e-01 9.942281e-02
3.095730e+03 6.734472e-03 9.932882e-01 9.966384e-02
3.095740e+03 3.894428e-03 9.961131e-01 9.980547e-02
3.095750e+03 1.866281e-03 9.981355e-01 9.990673e-02
3.095760e+03 9.859456e-04 9.990145e-01 9.995071e-02
3.095770e+03 4.774035e-04 9.995227e-01 9.997613e-02
3.095780e+03 6.590845e-04 9.993411e-01 9.996705e-02
3.095790e+03 1.416825e-03 9.985842e-01 9.992918e-02
3.095800e+03 3.380644e-03 9.966251e-01 9.983111e-02
3.095810e+03 7.523463e-03 9.925048e-01 9.962453e-02
3.095820e+03 1.488858e-02 9.852217e-01 9.925834e-02
3.095830e+03 2.589480e-02 9.744376e-01 9.871361e-02
3.095840e+03 3.944506e-02 9.613228e-01 9.804707e-02
3.095850e+03 5.262512e-02 9.487356e-01 9.740306e-02
3.095860e+03 6.143177e-02 9.404171e-01 9.697511e-02
3.095870e+03 6.274433e-02 9.391836e-01 9.691148e-02
3.095880e+03 5.607073e-02 9.454723e-01 9.723540e-02
3.095890e+03 4.502984e-02 9.559690e-01 9.777367e-02
3.095900e+03 3.276337e-02 9.677675e-01 9.837518e-02
3.095910e+03 2.361406e-02 9.766626e-01 9.882624e-02
3.095920e+03 1.952930e-02 9.806602e-01 9.902829e-02
3.095930e+03 2.016558e-02 9.800364e-01 9.899679e-02
3.095940e+03 2.345381e-02 9.768191e-01 9.883416e-02
3.095950e+03 2.679914e-02 9.735568e-01 9.866898e-02
3.095960e+03 2.765930e-02 9.727197e-01 9.862655e-02
3.095970e+03 2.513942e-02 9.751739e-01 9.875090e-02
3.095980e+03 2.016639e-02 9.800356e-01 9.899675e-02
3.095990e+03 1.417059e-02 9.859293e-01 9.929397e-02
3.096000e+03 9.579476e-03 9.904663e-01 9.952217e-02
3.096010e+03 5.539840e-03 9.944755e-01 9.972339e-02
3.096020e+03 2.218064e-03 9.977844e-01 9.988916e-02
3.096030e+03 9.205792e-04 9.990798e-01 9.995398e-02
3.096040e+03 7.484471e-04 9.992518e-01 9.996258e-02
3.096050e+03 7.839270e-04 9.992164e-01 9.996081e-02
3.096060e+03 1.351058e-03 9.986499e-01 9.993247e-02
3.096070e+03 2.150580e-03 9.978517e-01 9.989253e-02
3.096080e+03 3.114383e-03 9.968905e-01 9.984440e-02
3.096090e+03 4.102705e-03 9.959057e-01 9.979508e-02
3.096100e+03 4.916123e-03 9.950959e-01 9.975450e-02
3.096110e+03 5.358156e-03 9.946562e-01 9.973245e-02
3.096120e+03 5.311815e-03 9.947023e-01 9.973476e-02
3.096130e+03 4.789684e-03 9.952218e-01 9.976080e-02
3.096140e+03 4.045986e-03 9.959622e-01 9.979791e-02
3.096150e+03 3.182201e-03 9.968229e-01 9.984102e-02
3.096160e+03 2.467003e-03 9.975360e-01 9.987673e-02
3.096170e+03 2.035373e-03 9.979667e-01 9.989828e-02
3.096180e+03 1.900784e-03 9.981010e-01 9.990501e-02
3.096190e+03 1.965281e-03 9.980366e-01 9.990178e-02
3.096200e+03 1.905950e-03 9.980959e-01 9.990475e-02
3.096210e+03 2.000470e-03 9.980015e-01 9.990003e-02
3.096220e+03 2.555163e-03 9.974481e-01 9.987232e-02
3.096230e+03 2.282973e-03 9.977196e-01 9.988592e-02
3.096240e+03 1.923129e-03 9.980787e-01 9.990389e-02
3.096250e+03 1.578090e-03 9.984232e-01 9.992113e-02
3.096260e+03 1.314969e-03 9.986859e-01 9.993427e-02
3.096270e+03 1.153243e-03 9.988474e-01 9.994235e-02
3.096280e+03 1.077448e-03 9.989231e-01 9.994614e-02
3.096290e+03 1.058527e-03 9.989420e-01 9.994709e-02
3.096300e+03 1.054737e-03 9.989458e-01 9.994728e-02
3.096310e+03 1.088195e-03 9.989124e-01 9.994561e-02
3.096320e+03 1.117337e-03 9.988833e-01 9.994415e-02
3.096330e+03 1.141762e-03 9.988589e-01 9.994293e-02
3.096340e+03 1.161133e-03 9.988395e-01 9.994196e-02
3.096350e+03 1.175175e-03 9.988255e-01 9.994126e-02
3.096360e+03 1.183689e-03 9.988170e-01 9.994083e-02
3.096370e+03 1.186554e-03 9.988141e-01 9.994069e-02
3.096380e+03 1.183728e-03 9.988170e-01 9.994083e-02
3.096390e+03 1.175252e-03 9.988254e-01 9.994125e-02
3.096400e+03 1.161248e-03 9.988394e-01 9.994195e-02
3.096410e+03 1.141914e-03 9.988587e-01 9.994292e-02
3.096420e+03 1.117524e-03 9.988831e-01 9.994414e-02
3.096430e+03 1.088417e-03 9.989122e-01 9.994559e-02
3.096440e+03 1.054990e-03 9.989456e-01 9.994726e-02
3.096450e+03 1.017692e-03 9.989828e-01 9.994913e-02
3.096460e+03 9.770118e-04 9.990235e-01 9.995116e-02
3.096470e+03 9.334654e-04 9.990670e-01 9.995334e-02
3.096480e+03 8.875889e-04 9.991128e-01 9.995563e-02
3.096490e+03 8.399257e-04 9.991604e-01 9.995801e-02
3.096500e+03 1.046572e-03 9.989540e-01 9.994769e-02
3.096510e+03 1.333092e-03 9.986678e-01 9.993337e-02
3.096520e+03 1.893096e-03 9.981087e-01 9.990539e-02
3.096530e+03 2.778999e-03 9.972249e-01 9.986115e-02
3.096540e+03 3.327125e-03 9.966784e-01 9.983378e-02
3.096550e+03 4.533225e-03 9.954770e-01 9.977360e-02
3.096560e+03 5.404751e-03 9.946098e-01 9.973013e-02
3.096570e+03 5.638365e-03 9.943775e-01 9.971848e-02
3.096580e+03 5.146787e-03 9.948664e-01 9.974299e-02
3.096590e+03 4.110894e-03 9.958975e-01 9.979467e-02
3.096600e+03 2.873329e-03 9.971308e-01 9.985644e-02
3.096610e+03 1.757730e-03 9.982438e-01 9.991215e-02
3.096620e+03 9.414199e-04 9.990590e-01 9.995294e-02
3.096630e+03 4.417882e-04 9.995583e-01 9.997791e-02
3.096640e+03 1.820012e-04 9.998180e-01 9.999090e-02
3.096650e+03 6.616411e-05 9.999338e-01 9.999669e-02
3.096660e+03 0.000000e+00 1.000000e+00 1.000000e-01
3.096670e+03 0.000000e+00 1.000000e+00 1.000000e-01
3.096680e+03 0.000000e+00 1.000000e+00 1.000000e-01
3.096690e+03 0.000000e+00 1.000000e+00 1.000000e-01
3.096700e+03 0.000000e+00 1.000000e+00 1.000000e-01
3.096710e+03 0.000000e+00 1.000000e+00 1.000000e-01
3.096720e+03 0.000000e+00 1.000000e+00 1.000000e-01
3.096730e+03 0.000000e+00 1.000000e+00 1.000000e-01
3.096740e+03 0.000000e+00 1.000000e+00 1.000000e-01
3.096750e+03 0.000000e+00 1.000000e+00 1.000000e-01
3.096760e+03 0.000000e+00 1.000000e+00 1.000000e-01
3.096770e+03 0.000000e+00 1.000000e+00 1.000000e-01
3.096780e+03 0.000000e+00 1.000000e+00 1.000000e-01
3.096790e+03 0.000000e+00 1.000000e+00 1.000000e-01
3.096800e+03 0.000000e+00 1.000000e+00 1.000000e-01
3.096810e+03 0.000000e+00 1.000000e+00 1.000000e-01
3.096820e+03 0.000000e+00 1.000000e+00 1.000000e-01
3.096830e+03 0.000000e+00 1.000000e+00 1.000000e-01
3.096840e+03 0.000000e+00 1.000000e+00 1.000000e-01
3.096850e+03 0.000000e+00 1.000000e+00 1.000000e-01
3.096860e+03 0.000000e+00 1.000000e+00 1.000000e-01
3.096870e+03 0.000000e+00 1.000000e+00 1.000000e-01
3.096880e+03 0.000000e+00 1.000000e+00 1.000000e-01
3.096890e+03 0.000000e+00 1.000000e+00 1.000000e-01
3.096900e+03 0.000000e+00 1.000000e+00 1.000000e-01
3.096910e+03 0.000000e+00 1.000000e+00 1.000000e-01
3.096920e+03 0.000000e+00 1.000000e+00 1.000000e-01
3.096930e+03 0.000000e+00 1.000000e+00 1.000000e-01
3.096940e+03 0.000000e+00 1.000000e+00 1.000000e-01
3.096950e+03 0.000000e+00 1.000000e+00 1.000000e-01
3.096960e+03 0.000000e+00 1.000000e+00 1.000000e-01
3.096970e+03 0.000000e+00 1.000000e+00 1.000000e-01
3.096980e+03 0.000000e+00 1.000000e+00 1.000000e-01
3.096990e+03 0.000000e+00 1.000000e+00 1.000000e-01
3.097000e+03 0.000000e+00 1.000000e+00 1.000000e-01
3.097010e+03 0.000000e+00 1.000000e+00 1.000000e-01
3.097020e+03 0.000000e+00 1.000000e+00 1.000000e-01
3.097030e+03 0.000000e+00 1.000000e+00 1.000000e-01
3.097040e+03 0.000000e+00 1.000000e+00 1.000000e-01
3.097050e+03 0.000000e+00 1.000000e+00 1.000000e-01
3.097060e+03 0.000000e+00 1.000000e+00 1.000000e-01
3.097070e+03 0.000000e+00 1.000000e+00 1.000000e-01
3.097080e+03 0.000000e+00 1.000000e+00 1.000000e-01
3.097090e+03 0.000000e+00 1.000000e+00 1.000000e-01
3.097100e+03 0.000000e+00 1.000000e+00 1.000000e-01
3.097110e+03 0.000000e+00 1.000000e+00 1.000000e-01
3.097120e+03 0.000000e+00 1.000000e+00 1.000000e-01
3.097130e+03 0.000000e+00 1.000000e+00 1.000000e-01
3.097140e+03 0.000000e+00 1.000000e+00 1.000000e-01
3.097150e+03 0.000000e+00 1.000000e+00 1.000000e-01
3.097160e+03 0.000000e+00 1.000000e+00 1.000000e-01
3.097170e+03 0.000000e+00 1.000000e+00 1.000000e-01
3.097180e+03 0.000000e+00 1.000000e+00 1.000000e-01
3.097190e+03 0.000000e+00 1.000000e+00 1.000000e-01
3.097200e+03 0.000000e+00 1.000000e+00 1.000000e-01
3.097210e+03 0.000000e+00 1.000000e+00 1.000000e-01
3.097220e+03 0.000000e+00 1.000000e+00 1.000000e-01
3.097230e+03 0.000000e+00 1.000000e+00 1.000000e-01
3.097240e+03 0.000000e+00 1.000000e+00 1.000000e-01
3.097250e+03 0.000000e+00 1.000000e+00 1.000000e-01
3.097260e+03 0.000000e+00 1.000000e+00 1.000000e-01
3.097270e+03 0.000000e+00 1.000000e+00 1.000000e-01
3.097280e+03 0.000000e+00 1.000000e+00 1.000000e-01
3.097290e+03 0.000000e+00 1.000000e+00 1.000000e-01
3.097300e+03 0.000000e+00 1.000000e+00 1.000000e-01
3.097310e+03 0.000000e+00 1.000000e+00 1.000000e-01
3.097320e+03 0.000000e+00 1.000000e+00 1.000000e-01
3.097330e+03 0.000000e+00 1.000000e+00 1.000000e-01
3.097340e+03 0.000000e+00 1.000000e+00 1.000000e-01
3.097350e+03 0.000000e+00 1.000000e+00 1.000000e-01
3.097360e+03 0.000000e+00 1.000000e+00 1.000000e-01
3.097370e+03 0.000000e+00 1.000000e+00 1.000000e-01
3.097380e+03 0.000000e+00 1.000000e+00 1.000000e-01
3.097390e+03 0.000000e+00 1.000000e+00 1.000000e-01
3.097400e+03 0.000000e+00 1.000000e+00 1.000000e-01
3.097410e+03 0.000000e+00 1.000000e+00 1.000000e-01
3.097420e+03 0.000000e+00 1.000000e+00 1.000000e-01
3.097430e+03 0.000000e+00 1.000000e+00 1.000000e-01
3.097440e+03 0.000000e+00 1.000000e+00 1.000000e-01
3.097450e+03 0.000000e+00 1.000000e+00 1.000000e-01
3.097460e+03 0.000000e+00 1.000000e+00 1.000000e-01
3.097470e+03 0.000000e+00 1.000000e+00 1.000000e-01
3.097480e+03 0.000000e+00 1.000000e+00 1.000000e-01
3.097490e+03 0.000000e+00 1.000000e+00 1.000000e-01
3.097500e+03 0.000000e+00 1.000000e+00 1.000000e-01
3.097510e+03 0.000000e+00 1.000000e+00 1.000000e-01
3.097520e+03 0.000000e+00 1.000000e+00 1.000000e-01
3.097530e+03 0.000000e+00 1.000000e+00 1.000000e-01
3.097540e+03 0.000000e+00 1.000000e+00 1.000000e-01
3.097550e+03 0.000000e+00 1.000000e+00 1.000000e-01
3.097560e+03 0.000000e+00 1.000000e+00 1.000000e-01
3.097570e+03 0.000000e+00 1.000000e+00 1.000000e-01
3.097580e+03 0.000000e+00 1.000000e+00 1.000000e-01
3.097590e+03 0.000000e+00 1.000000e+00 1.000000e-01
3.097600e+03 0.000000e+00 1.000000e+00 1.000000e-01
3.097610e+03 0.000000e+00 1.000000e+00 1.000000e-01
3.097620e+03 0.000000e+00 1.000000e+00 1.000000e-01
3.097630e+03 0.000000e+00 1.000000e+00 1.000000e-01
3.097640e+03 0.000000e+00 1.000000e+00 1.000000e-01
3.097650e+03 0.000000e+00 1.000000e+00 1.000000e-01
3.097660e+03 0.000000e+00 1.000000e+00 1.000000e-01
3.097670e+03 0.000000e+00 1.000000e+00 1.000000e-01
3.097680e+03 0.000000e+00 1.000000e+00 1.000000e-01
3.097690e+03 0.000000e+00 1.000000e+00 1.000000e-01
3.097700e+03 0.000000e+00 1.000000e+00 1.000000e-01
3.097710e+03 0.000000e+00 1.000000e+00 1.000000e-01
3.097720e+03 0.000000e+00 1.000000e+00 1.000000e-01
3.097730e+03 0.000000e+00 1.000000e+00 1.000000e-01
3.097740e+03 0.000000e+00 1.000000e+00 1.000000e-01
3.097750e+03 0.000000e+00 1.000000e+00 1.000000e-01
3.097760e+03 0.000000e+00 1.000000e+00 1.000000e-01
3.097770e+03 0.000000e+00 1.000000e+00 1.000000e-01
3.097780e+03 0.000000e+00 1.000000e+00 1.000000e-01
3.097790e+03 0.000000e+00 1.000000e+00 1.000000e-01
3.097800e+03 0.000000e+00 1.000000e+00 1.000000e-01
3.097810e+03 0.000000e+00 1.000000e+00 1.000000e-01
3.097820e+03 0.000000e+00 1.000000e+00 1.000000e-01
3.097830e+03 0.000000e+00 1.000000e+00 1.000000e-01
3.097840e+03 0.000000e+00 1.000000e+00 1.000000e-01
3.097850e+03 0.000000e+00 1.000000e+00 1.000000e-01
3.097860e+03 0.000000e+00 1.000000e+00 1.000000e-01
3.097870e+03 0.000000e+00 1.000000e+00 1.000000e-01
3.097880e+03 0.000000e+00 1.000000e+00 1.000000e-01
3.097890e+03 0.000000e+00 1.000000e+00 1.000000e-01
3.097900e+03 0.000000e+00 1.000000e+00 1.000000e-01
3.097910e+03 0.000000e+00 1.000000e+00 1.000000e-01
3.097920e+03 0.000000e+00 1.000000e+00 1.000000e-01
3.097930e+03 0.000000e+00 1.000000e+00 1.000000e-01
3.097940e+03 0.000000e+00 1.000000e+00 1.000000e-01
3.097950e+03 0.000000e+00 1.000000e+00 1.000000e-01
3.097960e+03 0.000000e+00 1.000000e+00 1.000000e-01
3.097970e+03 0.000000e+00 1.000000e+00 1.000000e-01
3.097980e+03 0.000000e+00 1.000000e+00 1.000000e-01
3.097990e+03 0.000000e+00 1.000000e+00 1.000000e-01
3.098000e+03 0.000000e+00 1.000000e+00 1.000000e-01
3.098010e+03 0.000000e+00 1.000000e+00 1.000000e-01
3.098020e+03 0.000000e+00 1.000000e+00 1.000000e-01
3.098030e+03 0.000000e+00 1.000000e+00 1.000000e-01
3.098040e+03 0.000000e+00 1.000000e+00 1.000000e-01
3.098050e+03 0.000000e+00 1.000000e+00 1.000000e-01
3.098060e+03 0.000000e+00 1.000000e+00 1.000000e-01
3.098070e+03 0.000000e+00 1.000000e+00 1.000000e-01
3.098080e+03 0.000000e+00 1.000000e+00 1.000000e-01
3.098090e+03 0.000000e+00 1.000000e+00 1.000000e-01
3.098100e+03 0.000000e+00 1.000000e+00 1.000000e-01
3.098110e+03 0.000000e+00 1.000000e+00 1.000000e-01
3.098120e+03 0.000000e+00 1.000000e+00 1.000000e-01
3.098130e+03 0.000000e+00 1.000000e+00 1.000000e-01
3.098140e+03 0.000000e+00 1.000000e+00 1.000000e-01
3.098150e+03 0.000000e+00 1.000000e+00 1.000000e-01
3.098160e+03 0.000000e+00 1.000000e+00 1.000000e-01
3.098170e+03 0.000000e+00 1.000000e+00 1.000000e-01
3.098180e+03 0.000000e+00 1.000000e+00 1.000000e-01
3.098190e+03 0.000000e+00 1.000000e+00 1.000000e-01
3.098200e+03 0.000000e+00 1.000000e+00 1.000000e-01
3.098210e+03 0.000000e+00 1.000000e+00 1.000000e-01
3.098220e+03 0.000000e+00 1.000000e+00 1.000000e-01
3.098230e+03 0.000000e+00 1.000000e+00 1.000000e-01
3.098240e+03 0.000000e+00 1.000000e+00 1.000000e-01
3.098250e+03 0.000000e+00 1.000000e+00 1.000000e-01
3.098260e+03 0.000000e+00 1.000000e+00 1.000000e-01
3.098270e+03 0.000000e+00 1.000000e+00 1.000000e-01
3.098280e+03 0.000000e+00 1.000000e+00 1.000000e-01
3.098290e+03 0.000000e+00 1.000000e+00 1.000000e-01
3.098300e+03 0.000000e+00 1.000000e+00 1.000000e-01
3.098310e+03 0.000000e+00 1.000000e+00 1.000000e-01
3.098320e+03 0.000000e+00 1.000000e+00 1.000000e-01
3.098330e+03 0.000000e+00 1.000000e+00 1.000000e-01
3.098340e+03 0.000000e+00 1.000000e+00 1.000000e-01
3.098350e+03 0.000000e+00 1.000000e+00 1.000000e-01
3.098360e+03 0.000000e+00 1.000000e+00 1.000000e-01
3.098370e+03 0.000000e+00 1.000000e+00 1.000000e-01
3.098380e+03 0.000000e+00 1.000000e+00 1.000000e-01
3.098390e+03 0.000000e+00 1.000000e+00 1.000000e-01
3.098400e+03 0.000000e+00 1.000000e+00 1.000000e-01
3.098410e+03 0.000000e+00 1.000000e+00 1.000000e-01
3.098420e+03 0.000000e+00 1.000000e+00 1.000000e-01
3.098430e+03 0.000000e+00 1.000000e+00 1.000000e-01
3.098440e+03 0.000000e+00 1.000000e+00 1.000000e-01
3.098450e+03 0.000000e+00 1.000000e+00 1.000000e-01
3.098460e+03 0.000000e+00 1.000000e+00 1.000000e-01
3.098470e+03 0.000000e+00 1.000000e+00 1.000000e-01
3.098480e+03 0.000000e+00 1.000000e+00 1.000000e-01
3.098490e+03 0.000000e+00 1.000000e+00 1.000000e-01
3.098500e+03 0.000000e+00 1.000000e+00 1.000000e-01
3.098510e+03 0.000000e+00 1.000000e+00 1.000000e-01
3.098520e+03 0.000000e+00 1.000000e+00 1.000000e-01
3.098530e+03 0.000000e+00 1.000000e+00 1.000000e-01
3.098540e+03 0.000000e+00 1.000000e+00 1.000000e-01
3.098550e+03 0.000000e+00 1.000000e+00 1.000000e-01
3.098560e+03 0.000000e+00 1.000000e+00 1.000000e-01
3.098570e+03 0.000000e+00 1.000000e+00 1.000000e-01
3.098580e+03 0.000000e+00 1.000000e+00 1.000000e-01
3.098590e+03 0.000000e+00 1.000000e+00 1.000000e-01
3.098600e+03 0.000000e+00 1.000000e+00 1.000000e-01
3.098610e+03 0.000000e+00 1.000000e+00 1.000000e-01
3.098620e+03 0.000000e+00 1.000000e+00 1.000000e-01
3.098630e+03 0.000000e+00 1.000000e+00 1.000000e-01
3.098640e+03 0.000000e+00 1.000000e+00 1.000000e-01
3.098650e+03 0.000000e+00 1.000000e+00 1.000000e-01
3.098660e+03 0.000000e+00 1.000000e+00 1.000000e-01
3.098670e+03 0.000000e+00 1.000000e+00 1.000000e-01
3.098680e+03 0.000000e+00 1.000000e+00 1.000000e-01
3.098690e+03 0.000000e+00 1.000000e+00 1.000000e-01
3.098700e+03 0.000000e+00 1.000000e+00 1.000000e-01
3.098710e+03 0.000000e+00 1.000000e+00 1.000000e-01
3.098720e+03 0.000000e+00 1.000000e+00 1.000000e-01
3.098730e+03 0.000000e+00 1.000000e+00 1.000000e-01
3.098740e+03 0.000000e+00 1.000000e+00 1.000000e-01
3.098750e+03 0.000000e+00 1.000000e+00 1.000000e-01
3.098760e+03 0.000000e+00 1.000000e+00 1.000000e-01
3.098770e+03 0.000000e+00 1.000000e+00 1.000000e-01
3.098780e+03 0.000000e+00 1.000000e+00 1.000000e-01
3.098790e+03 0.000000e+00 1.000000e+00 1.000000e-01
3.098800e+03 0.000000e+00 1.000000e+00 1.000000e-01
3.098810e+03 0.000000e+00 1.000000e+00 1.000000e-01
3.098820e+03 0.000000e+00 1.000000e+00 1.000000e-01
3.098830e+03 0.000000e+00 1.000000e+00 1.000000e-01
3.098840e+03 0.000000e+00 1.000000e+00 1.000000e-01
3.098850e+03 0.000000e+00 1.000000e+00 1.000000e-01
3.098860e+03 0.000000e+00 1.000000e+00 1.000000e-01
3.098870e+03 0.000000e+00 1.000000e+00 1.000000e-01
3.098880e+03 0.000000e+00 1.000000e+00 1.000000e-01
3.098890e+03 0.000000e+00 1.000000e+00 1.000000e-01
3.098900e+03 0.000000e+00 1.000000e+00 1.000000e-01
3.098910e+03 0.000000e+00 1.000000e+00 1.000000e-01
3.098920e+03 0.000000e+00 1.000000e+00 1.000000e-01
3.098930e+03 0.000000e+00 1.000000e+00 1.000000e-01
3.098940e+03 0.000000e+00 1.000000e+00 1.000000e-01
3.098950e+03 0.000000e+00 1.000000e+00 1.000000e-01
3.098960e+03 0.000000e+00 1.000000e+00 1.000000e-01
3.098970e+03 0.000000e+00 1.000000e+00 1.000000e-01
3.098980e+03 0.000000e+00 1.000000e+00 1.000000e-01
3.098990e+03 0.000000e+00 1.000000e+00 1.000000e-01
3.099000e+03 0.000000e+00 1.000000e+00 1.000000e-01
3.099010e+03 0.000000e+00 1.000000e+00 1.000000e-01
3.099020e+03 0.000000e+00 1.000000e+00 1.000000e-01
3.099030e+03 0.000000e+00 1.000000e+00 1.000000e-01
3.099040e+03 0.000000e+00 1.000000e+00 1.000000e-01
3.099050e+03 0.000000e+00 1.000000e+00 1.000000e-01
3.099060e+03 0.000000e+00 1.000000e+00 1.000000e-01
3.099070e+03 0.000000e+00 1.000000e+00 1.000000e-01
3.099080e+03 0.000000e+00 1.000000e+00 1.000000e-01
3.099090e+03 0.000000e+00 1.000000e+00 1.000000e-01
3.099100e+03 0.000000e+00 1.000000e+00 1.000000e-01
3.099110e+03 0.000000e+00 1.000000e+00 1.000000e-01
3.099120e+03 0.000000e+00 1.000000e+00 1.000000e-01
3.099130e+03 0.000000e+00 1.000000e+00 1.000000e-01
3.099140e+03 0.000000e+00 1.000000e+00 1.000000e-01
3.099150e+03 0.000000e+00 1.000000e+00 1.000000e-01
3.099160e+03 0.000000e+00 1.000000e+00 1.000000e-01
3.099170e+03 0.000000e+00 1.000000e+00 1.000000e-01
3.099180e+03 0.000000e+00 1.000000e+00 1.000000e-01
3.099190e+03 0.000000e+00 1.000000e+00 1.000000e-01
3.099200e+03 0.000000e+00 1.000000e+00 1.000000e-01
3.099210e+03 0.000000e+00 1.000000e+00 1.000000e-01
3.099220e+03 0.000000e+00 1.000000e+00 1.000000e-01
3.099230e+03 0.000000e+00 1.000000e+00 1.000000e-01
3.099240e+03 0.000000e+00 1.000000e+00 1.000000e-01
3.099250e+03 0.000000e+00 1.000000e+00 1.000000e-01
3.099260e+03 0.000000e+00 1.000000e+00 1.000000e-01
3.099270e+03 0.000000e+00 1.000000e+00 1.000000e-01
3.099280e+03 0.000000e+00 1.000000e+00 1.000000e-01
3.099290e+03 0.000000e+00 1.000000e+00 1.000000e-01
3.099300e+03 0.000000e+00 1.000000e+00 1.000000e-01
3.099310e+03 0.000000e+00 1.000000e+00 1.000000e-01
3.099320e+03 0.000000e+00 1.000000e+00 1.000000e-01
3.099330e+03 0.000000e+00 1.000000e+00 1.000000e-01
3.099340e+03 0.000000e+00 1.000000e+00 1.000000e-01
3.099350e+03 0.000000e+00 1.000000e+00 1.000000e-01
3.099360e+03 0.000000e+00 1.000000e+00 1.000000e-01
3.099370e+03 0.000000e+00 1.000000e+00 1.000000e-01
3.099380e+03 0.000000e+00 1.000000e+00 1.000000e-01
3.099390e+03 0.000000e+00 1.000000e+00 1.000000e-01
3.099400e+03 0.000000e+00 1.000000e+00 1.000000e-01
3.099410e+03 0.000000e+00 1.000000e+00 1.000000e-01
3.099420e+03 0.000000e+00 1.000000e+00 1.000000e-01
3.099430e+03 0.000000e+00 1.000000e+00 1.000000e-01
3.099440e+03 0.000000e+00 1.000000e+00 1.000000e-01
3.099450e+03 0.000000e+00 1.000000e+00 1.000000e-01
3.099460e+03 0.000000e+00 1.000000e+00 1.000000e-01
3.099470e+03 0.000000e+00 1.000000e+00 1.000000e-01
3.099480e+03 0.000000e+00 1.000000e+00 1.000000e-01
3.099490e+03 0.000000e+00 1.000000e+00 1.000000e-01
3.099500e+03 0.000000e+00 1.000000e+00 1.000000e-01
3.099510e+03 0.000000e+00 1.000000e+00 1.000000e-01
3.099520e+03 0.000000e+00 1.000000e+00 1.000000e-01
3.099530e+03 0.000000e+00 1.000000e+00 1.000000e-01
3.099540e+03 0.000000e+00 1.000000e+00 1.000000e-01
3.099550e+03 0.000000e+00 1.000000e+00 1.000000e-01
3.099560e+03 0.000000e+00 1.000000e+00 1.000000e-01
3.099570e+03 0.000000e+00 1.000000e+00 1.000000e-01
3.099580e+03 0.000000e+00 1.000000e+00 1.000000e-01
3.099590e+03 0.000000e+00 1.000000e+00 1.000000e-01
3.099600e+03 0.000000e+00 1.000000e+00 1.000000e-01
3.099610e+03 0.000000e+00 1.000000e+00 1.000000e-01
3.099620e+03 0.000000e+00 1.000000e+00 1.000000e-01
3.099630e+03 0.000000e+00 1.000000e+00 1.000000e-01
3.099640e+03 0.000000e+00 1.000000e+00 1.000000e-01
3.099650e+03 0.000000e+00 1.000000e+00 1.000000e-01
3.099660e+03 0.000000e+00 1.000000e+00 1.000000e-01
3.099670e+03 0.000000e+00 1.000000e+00 1.000000e-01
3.099680e+03 0.000000e+00 1.000000e+00 1.000000e-01
3.099690e+03 0.000000e+00 1.000000e+00 1.000000e-01
3.099700e+03 0.000000e+00 1.000000e+00 1.000000e-01
3.099710e+03 0.000000e+00 1.000000e+00 1.000000e-01
3.099720e+03 0.000000e+00 1.000000e+00 1.000000e-01
3.099730e+03 0.000000e+00 1.000000e+00 1.000000e-01
3.099740e+03 0.000000e+00 1.000000e+00 1.000000e-01
3.099750e+03 0.000000e+00 1.000000e+00 1.000000e-01
3.099760e+03 0.000000e+00 1.000000e+00 1.000000e-01
3.099770e+03 0.000000e+00 1.000000e+00 1.000000e-01
3.099780e+03 0.000000e+00 1.000000e+00 1.000000e-01
3.099790e+03 0.000000e+00 1.000000e+00 1.000000e-01
3.099800e+03 0.000000e+00 1.000000e+00 1.000000e-01
3.099810e+03 0.000000e+00 1.000000e+00 1.000000e-01
3.099820e+03 0.000000e+00 1.000000e+00 1.000000e-01
3.099830e+03 0.000000e+00 1.000000e+00 1.000000e-01
3.099840e+03 0.000000e+00 1.000000e+00 1.000000e-01
3.099850e+03 0.000000e+00 1.000000e+00 1.000000e-01
3.099860e+03 0.000000e+00 1.000000e+00 1.000000e-01
3.099870e+03 0.000000e+00 1.000000e+00 1.000000e-01
3.099880e+03 0.000000e+00 1.000000e+00 1.000000e-01
3.099890e+03 0.000000e+00 1.000000e+00 1.000000e-01
3.099900e+03 0.000000e+00 1.000000e+00 1.000000e-01
3.099910e+03 0.000000e+00 1.000000e+00 1.000000e-01
3.099920e+03 0.000000e+00 1.000000e+00 1.000000e-01
3.099930e+03 0.000000e+00 1.000000e+00 1.000000e-01
3.099940e+03 0.000000e+00 1.000000e+00 1.000000e-01
3.099950e+03 0.000000e+00 1.000000e+00 1.000000e-01
3.099960e+03 0.000000e+00 1.000000e+00 1.000000e-01
3.099970e+03 0.000000e+00 1.000000e+00 1.000000e-01
3.099980e+03 0.000000e+00 1.000000e+00 1.000000e-01
3.099990e+03 0.000000e+00 1.000000e+00 1.000000e-01
3.100000e+03 0.000000e+00 1.000000e+00 1.000000e-01
3.100010e+03 0.000000e+00 1.000000e+00 1.000000e-01
3.100020e+03 0.000000e+00 1.000000e+00 1.000000e-01
3.100030e+03 0.000000e+00 1.000000e+00 1.000000e-01
3.100040e+03 0.000000e+00 1.000000e+00 1.000000e-01
3.100050e+03 0.000000e+00 1.000000e+00 1.000000e-01
3.100060e+03 0.000000e+00 1.000000e+00 1.000000e-01
3.100070e+03 0.000000e+00 1.000000e+00 1.000000e-01
3.100080e+03 0.000000e+00 1.000000e+00 1.000000e-01
3.100090e+03 0.000000e+00 1.000000e+00 1.000000e-01
3.100100e+03 0.000000e+00 1.000000e+00 1.000000e-01
3.100110e+03 0.000000e+00 1.000000e+00 1.000000e-01
3.100120e+03 0.000000e+00 1.000000e+00 1.000000e-01
3.100130e+03 0.000000e+00 1.000000e+00 1.000000e-01
3.100140e+03 0.000000e+00 1.000000e+00 1.000000e-01
3.100150e+03 0.000000e+00 1.000000e+00 1.000000e-01
3.100160e+03 0.000000e+00 1.000000e+00 1.000000e-01
3.100170e+03 0.000000e+00 1.000000e+00 1.000000e-01
3.100180e+03 0.000000e+00 1.000000e+00 1.000000e-01
3.100190e+03 0.000000e+00 1.000000e+00 1.000000e-01
3.100200e+03 0.000000e+00 1.000000e+00 1.000000e-01
3.100210e+03 0.000000e+00 1.000000e+00 1.000000e-01
3.100220e+03 0.000000e+00 1.000000e+00 1.000000e-01
3.100230e+03 0.000000e+00 1.000000e+00 1.000000e-01
3.100240e+03 0.000000e+00 1.000000e+00 1.000000e-01
3.100250e+03 0.000000e+00 1.000000e+00 1.000000e-01
3.100260e+03 0.000000e+00 1.000000e+00 1.000000e-01
3.100270e+03 0.000000e+00 1.000000e+00 1.000000e-01
3.100280e+03 0.000000e+00 1.000000e+00 1.000000e-01
3.100290e+03 0.000000e+00 1.000000e+00 1.000000e-01
3.100300e+03 0.000000e+00 1.000000e+00 1.000000e-01
3.100310e+03 0.000000e+00 1.000000e+00 1.000000e-01
3.100320e+03 0.000000e+00 1.000000e+00 1.000000e-01
3.100330e+03 0.000000e+00 1.000000e+00 1.000000e-01
3.100340e+03 0.000000e+00 1.000000e+00 1.000000e-01
3.100350e+03 0.000000e+00 1.000000e+00 1.000000e-01
3.100360e+03 0.000000e+00 1.000000e+00 1.000000e-01
3.100370e+03 0.000000e+00 1.000000e+00 1.000000e-01
3.100380e+03 0.000000e+00 1.000000e+00 1.000000e-01
3.100390e+03 0.000000e+00 1.000000e+00 1.000000e-01
3.100400e+03 0.000000e+00 1.000000e+00 1.000000e-01
3.100410e+03 0.000000e+00 1.000000e+00 1.000000e-01
3.100420e+03 0.000000e+00 1.000000e+00 1.000000e-01
3.100430e+03 0.000000e+00 1.000000e+00 1.000000e-01
3.100440e+03 0.000000e+00 1.000000e+00 1.000000e-01
3.100450e+03 0.000000e+00 1.000000e+00 1.000000e-01
3.100460e+03 0.000000e+00 1.000000e+00 1.000000e-01
3.100470e+03 0.000000e+00 1.000000e+00 1.000000e-01
3.100480e+03 0.000000e+00 1.000000e+00 1.000000e-01
3.100490e+03 0.000000e+00 1.000000e+00 1.000000e-01
3.100500e+03 0.000000e+00 1.000000e+00 1.000000e-01
3.100510e+03 0.000000e+00 1.000000e+00 1.000000e-01
3.100520e+03 0.000000e+00 1.000000e+00 1.000000e-01
3.100530e+03 0.000000e+00 1.000000e+00 1.000000e-01
3.100540e+03 0.000000e+00 1.000000e+00 1.000000e-01
3.100550e+03 0.000000e+00 1.000000e+00 1.000000e-01
3.100560e+03 0.000000e+00 1.000000e+00 1.000000e-01
3.100570e+03 0.000000e+00 1.000000e+00 1.000000e-01
3.100580e+03 0.000000e+00 1.000000e+00 1.000000e-01
3.100590e+03 0.000000e+00 1.000000e+00 1.000000e-01
3.100600e+03 0.000000e+00 1.000000e+00 1.000000e-01
3.100610e+03 0.000000e+00 1.000000e+00 1.000000e-01
3.100620e+03 0.000000e+00 1.000000e+00 1.000000e-01
3.100630e+03 0.000000e+00 1.000000e+00 1.000000e-01
3.100640e+03 0.000000e+00 1.000000e+00 1.000000e-01
3.100650e+03 0.000000e+00 1.000000e+00 1.000000e-01
3.100660e+03 0.000000e+00 1.000000e+00 1.000000e-01
3.100670e+03 0.000000e+00 1.000000e+00 1.000000e-01
3.100680e+03 0.000000e+00 1.000000e+00 1.000000e-01
3.100690e+03 0.000000e+00 1.000000e+00 1.000000e-01
3.100700e+03 0.000000e+00 1.000000e+00 1.000000e-01
3.100710e+03 0.000000e+00 1.000000e+00 1.000000e-01
3.100720e+03 0.000000e+00 1.000000e+00 1.000000e-01
3.100730e+03 0.000000e+00 1.000000e+00 1.000000e-01
3.100740e+03 0.000000e+00 1.000000e+00 1.000000e-01
3.100750e+03 0.000000e+00 1.000000e+00 1.000000e-01
3.100760e+03 0.000000e+00 1.000000e+00 1.000000e-01
3.100770e+03 0.000000e+00 1.000000e+00 1.000000e-01
3.100780e+03 0.000000e+00 1.000000e+00 1.000000e-01
3.100790e+03 0.000000e+00 1.000000e+00 1.000000e-01
3.100800e+03 0.000000e+00 1.000000e+00 1.000000e-01
3.100810e+03 0.000000e+00 1.000000e+00 1.000000e-01
3.100820e+03 0.000000e+00 1.000000e+00 1.000000e-01
3.100830e+03 0.000000e+00 1.000000e+00 1.000000e-01
3.100840e+03 0.000000e+00 1.000000e+00 1.000000e-01
3.100850e+03 0.000000e+00 1.000000e+00 1.000000e-01
3.100860e+03 0.000000e+00 1.000000e+00 1.000000e-01
3.100870e+03 0.000000e+00 1.000000e+00 1.000000e-01
3.100880e+03 0.000000e+00 1.000000e+00 1.000000e-01
3.100890e+03 0.000000e+00 1.000000e+00 1.000000e-01
3.100900e+03 0.000000e+00 1.000000e+00 1.000000e-01
3.100910e+03 0.000000e+00 1.000000e+00 1.000000e-01
3.100920e+03 0.000000e+00 1.000000e+00 1.000000e-01
3.100930e+03 0.000000e+00 1.000000e+00 1.000000e-01
3.100940e+03 0.000000e+00 1.000000e+00 1.000000e-01
3.100950e+03 0.000000e+00 1.000000e+00 1.000000e-01
3.100960e+03 0.000000e+00 1.000000e+00 1.000000e-01
3.100970e+03 0.000000e+00 1.000000e+00 1.000000e-01
3.100980e+03 0.000000e+00 1.000000e+00 1.000000e-01
3.100990e+03 0.000000e+00 1.000000e+00 1.000000e-01
3.101000e+03 0.000000e+00 1.000000e+00 1.000000e-01
3.101010e+03 0.000000e+00 1.000000e+00 1.000000e-01
3.101020e+03 0.000000e+00 1.000000e+00 1.000000e-01
3.101030e+03 0.000000e+00 1.000000e+00 1.000000e-01
3.101040e+03 0.000000e+00 1.000000e+00 1.000000e-01
3.101050e+03 0.000000e+00 1.000000e+00 1.000000e-01
3.101060e+03 0.000000e+00 1.000000e+00 1.000000e-01
3.101070e+03 0.000000e+00 1.000000e+00 1.000000e-01
3.101080e+03 0.000000e+00 1.000000e+00 1.000000e-01
3.101090e+03 0.000000e+00 1.000000e+00 1.000000e-01
3.101100e+03 0.000000e+00 1.000000e+00 1.000000e-01
3.101110e+03 0.000000e+00 1.000000e+00 1.000000e-01
3.101120e+03 0.000000e+00 1.000000e+00 1.000000e-01
3.101130e+03 0.000000e+00 1.000000e+00 1.000000e-01
3.101140e+03 0.000000e+00 1.000000e+00 1.000000e-01
3.101150e+03 0.000000e+00 1.000000e+00 1.000000e-01
3.101160e+03 0.000000e+00 1.000000e+00 1.000000e-01
3.101170e+03 0.000000e+00 1.000000e+00 1.000000e-01
3.101180e+03 0.000000e+00 1.000000e+00 1.000000e-01
3.101190e+03 0.000000e+00 1.000000e+00 1.000000e-01
3.101200e+03 0.000000e+00 1.000000e+00 1.000000e-01
3.101210e+03 0.000000e+00 1.000000e+00 1.000000e-01
3.101220e+03 0.000000e+00 1.000000e+00 1.000000e-01
3.101230e+03 0.000000e+00 1.000000e+00 1.000000e-01
3.101240e+03 0.000000e+00 1.000000e+00 1.000000e-01
3.101250e+03 0.000000e+00 1.000000e+00 1.000000e-01
3.101260e+03 0.000000e+00 1.000000e+00 1.000000e-01
3.101270e+03 0.000000e+00 1.000000e+00 1.000000e-01
3.101280e+03 0.000000e+00 1.000000e+00 1.000000e-01
3.101290e+03 0.000000e+00 1.000000e+00 1.000000e-01
3.101300e+03 0.000000e+00 1.000000e+00 1.000000e-01
3.101310e+03 0.000000e+00 1.000000e+00 1.000000e-01
3.101320e+03 0.000000e+00 1.000000e+00 1.000000e-01
3.101330e+03 0.000000e+00 1.000000e+00 1.000000e-01
3.101340e+03 0.000000e+00 1.000000e+00 1.000000e-01
3.101350e+03 0.000000e+00 1.000000e+00 1.000000e-01
3.101360e+03 0.000000e+00 1.000000e+00 1.000000e-01
3.101370e+03 0.000000e+00 1.000000e+00 1.000000e-01
3.101380e+03 0.000000e+00 1.000000e+00 1.000000e-01
3.101390e+03 0.000000e+00 1.000000e+00 1.000000e-01
3.101400e+03 0.000000e+00 1.000000e+00 1.000000e-01
3.101410e+03 0.000000e+00 1.000000e+00 1.000000e-01
3.101420e+03 0.000000e+00 1.000000e+00 1.000000e-01
3.101430e+03 0.000000e+00 1.000000e+00 1.000000e-01
3.101440e+03 0.000000e+00 1.000000e+00 1.000000e-01
3.101450e+03 0.000000e+00 1.000000e+00 1.000000e-01
3.101460e+03 0.000000e+00 1.000000e+00 1.000000e-01
3.101470e+03 0.000000e+00 1.000000e+00 1.000000e-01
3.101480e+03 0.000000e+00 1.000000e+00 1.000000e-01
3.101490e+03 0.000000e+00 1.000000e+00 1.000000e-01
3.101500e+03 0.000000e+00 1.000000e+00 1.000000e-01
3.101510e+03 0.000000e+00 1.000000e+00 1.000000e-01
3.101520e+03 0.000000e+00 1.000000e+00 1.000000e-01
3.101530e+03 0.000000e+00 1.000000e+00 1.000000e-01
3.101540e+03 0.000000e+00 1.000000e+00 1.000000e-01
3.101550e+03 0.000000e+00 1.000000e+00 1.000000e-01
3.101560e+03 0.000000e+00 1.000000e+00 1.000000e-01
3.101570e+03 0.000000e+00 1.000000e+00 1.000000e-01
3.101580e+03 0.000000e+00 1.000000e+00 1.000000e-01
3.101590e+03 0.000000e+00 1.000000e+00 1.000000e-01
3.101600e+03 0.000000e+00 1.000000e+00 1.000000e-01
3.101610e+03 0.000000e+00 1.000000e+00 1.000000e-01
3.101620e+03 0.000000e+00 1.000000e+00 1.000000e-01
3.101630e+03 0.000000e+00 1.000000e+00 1.000000e-01
3.101640e+03 0.000000e+00 1.000000e+00 1.000000e-01
3.101650e+03 0.000000e+00 1.000000e+00 1.000000e-01
3.101660e+03 0.000000e+00 1.000000e+00 1.000000e-01
3.101670e+03 0.000000e+00 1.000000e+00 1.000000e-01
3.101680e+03 0.000000e+00 1.000000e+00 1.000000e-01
3.101690e+03 0.000000e+00 1.000000e+00 1.000000e-01
3.101700e+03 0.000000e+00 1.000000e+00 1.000000e-01
3.101710e+03 0.000000e+00 1.000000e+00 1.000000e-01
3.101720e+03 0.000000e+00 1.000000e+00 1.000000e-01
3.101730e+03 0.000000e+00 1.000000e+00 1.000000e-01
3.101740e+03 0.000000e+00 1.000000e+00 1.000000e-01
3.101750e+03 0.000000e+00 1.000000e+00 1.000000e-01
3.101760e+03 0.000000e+00 1.000000e+00 1.000000e-01
3.101770e+03 0.000000e+00 1.000000e+00 1.000000e-01
3.101780e+03 0.000000e+00 1.000000e+00 1.000000e-01
3.101790e+03 0.000000e+00 1.000000e+00 1.000000e-01
3.101800e+03 0.000000e+00 1.000000e+00 1.000000e-01
3.101810e+03 0.000000e+00 1.000000e+00 1.000000e-01
3.101820e+03 0.000000e+00 1.000000e+00 1.000000e-01
3.101830e+03 0.000000e+00 1.000000e+00 1.000000e-01
3.101840e+03 0.000000e+00 1.000000e+00 1.000000e-01
3.101850e+03 0.000000e+00 1.000000e+00 1.000000e-01
3.101860e+03 0.000000e+00 1.000000e+00 1.000000e-01
3.101870e+03 0.000000e+00 1.000000e+00 1.000000e-01
3.101880e+03 0.000000e+00 1.000000e+00 1.000000e-01
3.101890e+03 0.000000e+00 1.000000e+00 1.000000e-01
3.101900e+03 0.000000e+00 1.000000e+00 1.000000e-01
3.101910e+03 0.000000e+00 1.000000e+00 1.000000e-01
3.101920e+03 0.000000e+00 1.000000e+00 1.000000e-01
3.101930e+03 0.000000e+00 1.000000e+00 1.000000e-01
3.101940e+03 0.000000e+00 1.000000e+00 1.000000e-01
3.101950e+03 0.000000e+00 1.000000e+00 1.000000e-01
3.101960e+03 0.000000e+00 1.000000e+00 1.000000e-01
3.101970e+03 0.000000e+00 1.000000e+00 1.000000e-01
3.101980e+03 0.000000e+00 1.000000e+00 1.000000e-01
3.101990e+03 0.000000e+00 1.000000e+00 1.000000e-01
3.102000e+03 0.000000e+00 1.000000e+00 1.000000e-01
3.102010e+03 0.000000e+00 1.000000e+00 1.000000e-01
3.102020e+03 0.000000e+00 1.000000e+00 1.000000e-01
3.102030e+03 0.000000e+00 1.000000e+00 1.000000e-01
3.102040e+03 0.000000e+00 1.000000e+00 1.000000e-01
3.102050e+03 0.000000e+00 1.000000e+00 1.000000e-01
3.102060e+03 0.000000e+00 1.000000e+00 1.000000e-01
3.102070e+03 0.000000e+00 1.000000e+00 1.000000e-01
3.102080e+03 0.000000e+00 1.000000e+00 1.000000e-01
3.102090e+03 0.000000e+00 1.000000e+00 1.000000e-01
3.102100e+03 0.000000e+00 1.000000e+00 1.000000e-01
3.102110e+03 0.000000e+00 1.000000e+00 1.000000e-01
3.102120e+03 0.000000e+00 1.000000e+00 1.000000e-01
3.102130e+03 0.000000e+00 1.000000e+00 1.000000e-01
3.102140e+03 0.000000e+00 1.000000e+00 1.000000e-01
3.102150e+03 0.000000e+00 1.000000e+00 1.000000e-01
3.102160e+03 0.000000e+00 1.000000e+00 1.000000e-01
3.102170e+03 0.000000e+00 1.000000e+00 1.000000e-01
3.102180e+03 0.000000e+00 1.000000e+00 1.000000e-01
3.102190e+03 0.000000e+00 1.000000e+00 1.000000e-01
3.102200e+03 0.000000e+00 1.000000e+00 1.000000e-01
3.102210e+03 0.000000e+00 1.000000e+00 1.000000e-01
3.102220e+03 0.000000e+00 1.000000e+00 1.000000e-01
3.102230e+03 0.000000e+00 1.000000e+00 1.000000e-01
3.102240e+03 0.000000e+00 1.000000e+00 1.000000e-01
3.102250e+03 0.000000e+00 1.000000e+00 1.000000e-01
3.102260e+03 0.000000e+00 1.000000e+00 1.000000e-01
3.102270e+03 0.000000e+00 1.000000e+00 1.000000e-01
3.102280e+03 0.000000e+00 1.000000e+00 1.000000e-01
3.102290e+03 0.000000e+00 1.000000e+00 1.000000e-01
3.102300e+03 0.000000e+00 1.000000e+00 1.000000e-01
3.102310e+03 0.000000e+00 1.000000e+00 1.000000e-01
3.102320e+03 0.000000e+00 1.000000e+00 1.000000e-01
3.102330e+03 0.000000e+00 1.000000e+00 1.000000e-01
3.102340e+03 0.000000e+00 1.000000e+00 1.000000e-01
3.102350e+03 0.000000e+00 1.000000e+00 1.000000e-01
3.102360e+03 0.000000e+00 1.000000e+00 1.000000e-01
3.102370e+03 0.000000e+00 1.000000e+00 1.000000e-01
3.102380e+03 0.000000e+00 1.000000e+00 1.000000e-01
3.102390e+03 0.000000e+00 1.000000e+00 1.000000e-01
3.102400e+03 0.000000e+00 1.000000e+00 1.000000e-01
3.102410e+03 0.000000e+00 1.000000e+00 1.000000e-01
3.102420e+03 0.000000e+00 1.000000e+00 1.000000e-01
3.102430e+03 0.000000e+00 1.000000e+00 1.000000e-01
3.102440e+03 0.000000e+00 1.000000e+00 1.000000e-01
3.102450e+03 0.000000e+00 1.000000e+00 1.000000e-01
3.102460e+03 0.000000e+00 1.000000e+00 1.000000e-01
3.102470e+03 0.000000e+00 1.000000e+00 1.000000e-01
3.102480e+03 0.000000e+00 1.000000e+00 1.000000e-01
3.102490e+03 0.000000e+00 1.000000e+00 1.000000e-01
3.102500e+03 0.000000e+00 1.000000e+00 1.000000e-01
3.102510e+03 0.000000e+00 1.000000e+00 1.000000e-01
3.102520e+03 0.000000e+00 1.000000e+00 1.000000e-01
3.102530e+03 0.000000e+00 1.000000e+00 1.000000e-01
3.102540e+03 0.000000e+00 1.000000e+00 1.000000e-01
3.102550e+03 0.000000e+00 1.000000e+00 1.000000e-01
3.102560e+03 0.000000e+00 1.000000e+00 1.000000e-01
3.102570e+03 0.000000e+00 1.000000e+00 1.000000e-01
3.102580e+03 0.000000e+00 1.000000e+00 1.000000e-01
3.102590e+03 0.000000e+00 1.000000e+00 1.000000e-01
3.102600e+03 0.000000e+00 1.000000e+00 1.000000e-01
3.102610e+03 0.000000e+00 1.000000e+00 1.000000e-01
3.102620e+03 0.000000e+00 1.000000e+00 1.000000e-01
3.102630e+03 0.000000e+00 1.000000e+00 1.000000e-01
3.102640e+03 0.000000e+00 1.000000e+00 1.000000e-01
3.102650e+03 0.000000e+00 1.000000e+00 1.000000e-01
3.102660e+03 0.000000e+00 1.000000e+00 1.000000e-01
3.102670e+03 0.000000e+00 1.000000e+00 1.000000e-01
3.102680e+03 0.000000e+00 1.000000e+00 1.000000e-01
3.102690e+03 0.000000e+00 1.000000e+00 1.000000e-01
3.102700e+03 0.000000e+00 1.000000e+00 1.000000e-01
3.102710e+03 0.000000e+00 1.000000e+00 1.000000e-01
3.102720e+03 0.000000e+00 1.000000e+00 1.000000e-01
3.102730e+03 0.000000e+00 1.000000e+00 1.000000e-01
3.102740e+03 0.000000e+00 1.000000e+00 1.000000e-01
3.102750e+03 0.000000e+00 1.000000e+00 1.000000e-01
3.102760e+03 0.000000e+00 1.000000e+00 1.000000e-01
3.102770e+03 0.000000e+00 1.000000e+00 1.000000e-01
3.102780e+03 0.000000e+00 1.000000e+00 1.000000e-01
3.102790e+03 0.000000e+00 1.000000e+00 1.000000e-01
3.102800e+03 0.000000e+00 1.000000e+00 1.000000e-01
3.102810e+03 0.000000e+00 1.000000e+00 1.000000e-01
3.102820e+03 0.000000e+00 1.000000e+00 1.000000e-01
3.102830e+03 0.000000e+00 1.000000e+00 1.000000e-01
3.102840e+03 0.000000e+00 1.000000e+00 1.000000e-01
3.102850e+03 0.000000e+00 1.000000e+00 1.000000e-01
3.102860e+03 0.000000e+00 1.000000e+00 1.000000e-01
3.102870e+03 0.000000e+00 1.000000e+00 1.000000e-01
3.102880e+03 0.000000e+00 1.000000e+00 1.000000e-01
3.102890e+03 0.000000e+00 1.000000e+00 1.000000e-01
3.102900e+03 0.000000e+00 1.000000e+00 1.000000e-01
3.102910e+03 0.000000e+00 1.000000e+00 1.000000e-01
3.102920e+03 0.000000e+00 1.000000e+00 1.000000e-01
3.102930e+03 0.000000e+00 1.000000e+00 1.000000e-01
3.102940e+03 0.000000e+00 1.000000e+00 1.000000e-01
3.102950e+03 0.000000e+00 1.000000e+00 1.000000e-01
3.102960e+03 0.000000e+00 1.000000e+00 1.000000e-01
3.102970e+03 0.000000e+00 1.000000e+00 1.000000e-01
3.102980e+03 0.000000e+00 1.000000e+00 1.000000e-01
3.102990e+03 0.000000e+00 1.000000e+00 1.000000e-01
3.103000e+03 0.000000e+00 1.000000e+00 1.000000e-01
3.103010e+03 0.000000e+00 1.000000e+00 1.000000e-01
3.103020e+03 0.000000e+00 1.000000e+00 1.000000e-01
3.103030e+03 0.000000e+00 1.000000e+00 1.000000e-01
3.103040e+03 0.000000e+00 1.000000e+00 1.000000e-01
3.103050e+03 0.000000e+00 1.000000e+00 1.000000e-01
3.103060e+03 0.000000e+00 1.000000e+00 1.000000e-01
3.103070e+03 0.000000e+00 1.000000e+00 1.000000e-01
3.103080e+03 0.000000e+00 1.000000e+00 1.000000e-01
3.103090e+03 0.000000e+00 1.000000e+00 1.000000e-01
3.103100e+03 0.000000e+00 1.000000e+00 1.000000e-01
3.103110e+03 0.000000e+00 1.000000e+00 1.000000e-01
3.103120e+03 0.000000e+00 1.000000e+00 1.000000e-01
3.103130e+03 0.000000e+00 1.000000e+00 1.000000e-01
3.103140e+03 0.000000e+00 1.000000e+00 1.000000e-01
3.103150e+03 0.000000e+00 1.000000e+00 1.000000e-01
3.103160e+03 0.000000e+00 1.000000e+00 1.000000e-01
3.103170e+03 0.000000e+00 1.000000e+00 1.000000e-01
3.103180e+03 0.000000e+00 1.000000e+00 1.000000e-01
3.103190e+03 0.000000e+00 1.000000e+00 1.000000e-01
3.103200e+03 0.000000e+00 1.000000e+00 1.000000e-01
3.103210e+03 0.000000e+00 1.000000e+00 1.000000e-01
3.103220e+03 0.000000e+00 1.000000e+00 1.000000e-01
3.103230e+03 0.000000e+00 1.000000e+00 1.000000e-01
3.103240e+03 0.000000e+00 1.000000e+00 1.000000e-01
3.103250e+03 0.000000e+00 1.000000e+00 1.000000e-01
3.103260e+03 0.000000e+00 1.000000e+00 1.000000e-01
3.103270e+03 0.000000e+00 1.000000e+00 1.000000e-01
3.103280e+03 0.000000e+00 1.000000e+00 1.000000e-01
3.103290e+03 0.000000e+00 1.000000e+00 1.000000e-01
3.103300e+03 0.000000e+00 1.000000e+00 1.000000e-01
3.103310e+03 0.000000e+00 1.000000e+00 1.000000e-01
3.103320e+03 0.000000e+00 1.000000e+00 1.000000e-01
3.103330e+03 0.000000e+00 1.000000e+00 1.000000e-01
3.103340e+03 0.000000e+00 1.000000e+00 1.000000e-01
3.103350e+03 0.000000e+00 1.000000e+00 1.000000e-01
3.103360e+03 0.000000e+00 1.000000e+00 1.000000e-01
3.103370e+03 0.000000e+00 1.000000e+00 1.000000e-01
3.103380e+03 0.000000e+00 1.000000e+00 1.000000e-01
3.103390e+03 0.000000e+00 1.000000e+00 1.000000e-01
3.103400e+03 0.000000e+00 1.000000e+00 1.000000e-01
3.103410e+03 0.000000e+00 1.000000e+00 1.000000e-01
3.103420e+03 0.000000e+00 1.000000e+00 1.000000e-01
3.103430e+03 0.000000e+00 1.000000e+00 1.000000e-01
3.103440e+03 0.000000e+00 1.000000e+00 1.000000e-01
3.103450e+03 0.000000e+00 1.000000e+00 1.000000e-01
3.103460e+03 0.000000e+00 1.000000e+00 1.000000e-01
3.103470e+03 0.000000e+00 1.000000e+00 1.000000e-01
3.103480e+03 0.000000e+00 1.000000e+00 1.000000e-01
3.103490e+03 0.000000e+00 1.000000e+00 1.000000e-01
3.103500e+03 0.000000e+00 1.000000e+00 1.000000e-01
3.103510e+03 0.000000e+00 1.000000e+00 1.000000e-01
3.103520e+03 0.000000e+00 1.000000e+00 1.000000e-01
3.103530e+03 0.000000e+00 1.000000e+00 1.000000e-01
3.103540e+03 0.000000e+00 1.000000e+00 1.000000e-01
3.103550e+03 0.000000e+00 1.000000e+00 1.000000e-01
3.103560e+03 0.000000e+00 1.000000e+00 1.000000e-01
3.103570e+03 0.000000e+00 1.000000e+00 1.000000e-01
3.103580e+03 0.000000e+00 1.000000e+00 1.000000e-01
3.103590e+03 0.000000e+00 1.000000e+00 1.000000e-01
3.103600e+03 0.000000e+00 1.000000e+00 1.000000e-01
3.103610e+03 0.000000e+00 1.000000e+00 1.000000e-01
3.103620e+03 0.000000e+00 1.000000e+00 1.000000e-01
3.103630e+03 0.000000e+00 1.000000e+00 1.000000e-01
3.103640e+03 0.000000e+00 1.000000e+00 1.000000e-01
3.103650e+03 0.000000e+00 1.000000e+00 1.000000e-01
3.103660e+03 0.000000e+00 1.000000e+00 1.000000e-01
3.103670e+03 0.000000e+00 1.000000e+00 1.000000e-01
3.103680e+03 0.000000e+00 1.000000e+00 1.000000e-01
3.103690e+03 0.000000e+00 1.000000e+00 1.000000e-01
3.103700e+03 0.000000e+00 1.000000e+00 1.000000e-01
3.103710e+03 0.000000e+00 1.000000e+00 1.000000e-01
3.103720e+03 0.000000e+00 1.000000e+00 1.000000e-01
3.103730e+03 0.000000e+00 1.000000e+00 1.000000e-01
3.103740e+03 0.000000e+00 1.000000e+00 1.000000e-01
3.103750e+03 0.000000e+00 1.000000e+00 1.000000e-01
3.103760e+03 0.000000e+00 1.000000e+00 1.000000e-01
3.103770e+03 0.000000e+00 1.000000e+00 1.000000e-01
3.103780e+03 0.000000e+00 1.000000e+00 1.000000e-01
3.103790e+03 0.000000e+00 1.000000e+00 1.000000e-01
3.103800e+03 0.000000e+00 1.000000e+00 1.000000e-01
3.103810e+03 0.000000e+00 1.000000e+00 1.000000e-01
3.103820e+03 0.000000e+00 1.000000e+00 1.000000e-01
3.103830e+03 0.000000e+00 1.000000e+00 1.000000e-01
3.103840e+03 0.000000e+00 1.000000e+00 1.000000e-01
3.103850e+03 0.000000e+00 1.000000e+00 1.000000e-01
3.103860e+03 0.000000e+00 1.000000e+00 1.000000e-01
3.103870e+03 0.000000e+00 1.000000e+00 1.000000e-01
3.103880e+03 0.000000e+00 1.000000e+00 1.000000e-01
3.103890e+03 0.000000e+00 1.000000e+00 1.000000e-01
3.103900e+03 0.000000e+00 1.000000e+00 1.000000e-01
3.103910e+03 0.000000e+00 1.000000e+00 1.000000e-01
3.103920e+03 0.000000e+00 1.000000e+00 1.000000e-01
3.103930e+03 0.000000e+00 1.000000e+00 1.000000e-01
3.103940e+03 0.000000e+00 1.000000e+00 1.000000e-01
3.103950e+03 0.000000e+00 1.000000e+00 1.000000e-01
3.103960e+03 0.000000e+00 1.000000e+00 1.000000e-01
3.103970e+03 0.000000e+00 1.000000e+00 1.000000e-01
3.103980e+03 0.000000e+00 1.000000e+00 1.000000e-01
3.103990e+03 0.000000e+00 1.000000e+00 1.000000e-01
3.104000e+03 0.000000e+00 1.000000e+00 1.000000e-01
3.104010e+03 0.000000e+00 1.000000e+00 1.000000e-01
3.104020e+03 0.000000e+00 1.000000e+00 1.000000e-01
3.104030e+03 0.000000e+00 1.000000e+00 1.000000e-01
3.104040e+03 0.000000e+00 1.000000e+00 1.000000e-01
3.104050e+03 0.000000e+00 1.000000e+00 1.000000e-01
3.104060e+03 0.000000e+00 1.000000e+00 1.000000e-01
3.104070e+03 0.000000e+00 1.000000e+00 1.000000e-01
3.104080e+03 0.000000e+00 1.000000e+00 1.000000e-01
3.104090e+03 0.000000e+00 1.000000e+00 1.000000e-01
3.104100e+03 0.000000e+00 1.000000e+00 1.000000e-01
3.104110e+03 0.000000e+00 1.000000e+00 1.000000e-01
3.104120e+03 0.000000e+00 1.000000e+00 1.000000e-01
3.104130e+03 0.000000e+00 1.000000e+00 1.000000e-01
3.104140e+03 0.000000e+00 1.000000e+00 1.000000e-01
3.104150e+03 0.000000e+00 1.000000e+00 1.000000e-01
3.104160e+03 0.000000e+00 1.000000e+00 1.000000e-01
3.104170e+03 0.000000e+00 1.000000e+00 1.000000e-01
3.104180e+03 0.000000e+00 1.000000e+00 1.000000e-01
3.104190e+03 0.000000e+00 1.000000e+00 1.000000e-01
3.104200e+03 0.000000e+00 1.000000e+00 1.000000e-01
3.104210e+03 0.000000e+00 1.000000e+00 1.000000e-01
3.104220e+03 0.000000e+00 1.000000e+00 1.000000e-01
3.104230e+03 0.000000e+00 1.000000e+00 1.000000e-01
3.104240e+03 0.000000e+00 1.000000e+00 1.000000e-01
3.104250e+03 0.000000e+00 1.000000e+00 1.000000e-01
3.104260e+03 0.000000e+00 1.000000e+00 1.000000e-01
3.104270e+03 0.000000e+00 1.000000e+00 1.000000e-01
3.104280e+03 0.000000e+00 1.000000e+00 1.000000e-01
3.104290e+03 0.000000e+00 1.000000e+00 1.000000e-01
3.104300e+03 0.000000e+00 1.000000e+00 1.000000e-01
3.104310e+03 0.000000e+00 1.000000e+00 1.000000e-01
3.104320e+03 0.000000e+00 1.000000e+00 1.000000e-01
3.104330e+03 0.000000e+00 1.000000e+00 1.000000e-01
3.104340e+03 0.000000e+00 1.000000e+00 1.000000e-01
3.104350e+03 0.000000e+00 1.000000e+00 1.000000e-01
3.104360e+03 0.000000e+00 1.000000e+00 1.000000e-01
3.104370e+03 0.000000e+00 1.000000e+00 1.000000e-01
3.104380e+03 0.000000e+00 1.000000e+00 1.000000e-01
3.104390e+03 0.000000e+00 1.000000e+00 1.000000e-01
3.104400e+03 0.000000e+00 1.000000e+00 1.000000e-01
3.104410e+03 0.000000e+00 1.000000e+00 1.000000e-01
3.104420e+03 0.000000e+00 1.000000e+00 1.000000e-01
3.104430e+03 0.000000e+00 1.000000e+00 1.000000e-01
3.104440e+03 0.000000e+00 1.000000e+00 1.000000e-01
3.104450e+03 0.000000e+00 1.000000e+00 1.000000e-01
3.104460e+03 0.000000e+00 1.000000e+00 1.000000e-01
3.104470e+03 0.000000e+00 1.000000e+00 1.000000e-01
3.104480e+03 0.000000e+00 1.000000e+00 1.000000e-01
3.104490e+03 0.000000e+00 1.000000e+00 1.000000e-01
3.104500e+03 0.000000e+00 1.000000e+00 1.000000e-01
3.104510e+03 0.000000e+00 1.000000e+00 1.000000e-01
3.104520e+03 0.000000e+00 1.000000e+00 1.000000e-01
3.104530e+03 0.000000e+00 1.000000e+00 1.000000e-01
3.104540e+03 0.000000e+00 1.000000e+00 1.000000e-01
3.104550e+03 0.000000e+00 1.000000e+00 1.000000e-01
3.104560e+03 0.000000e+00 1.000000e+00 1.000000e-01
3.104570e+03 0.000000e+00 1.000000e+00 1.000000e-01
3.104580e+03 0.000000e+00 1.000000e+00 1.000000e-01
3.104590e+03 0.000000e+00 1.000000e+00 1.000000e-01
3.104600e+03 0.000000e+00 1.000000e+00 1.000000e-01
3.104610e+03 0.000000e+00 1.000000e+00 1.000000e-01
3.104620e+03 0.000000e+00 1.000000e+00 1.000000e-01
3.104630e+03 0.000000e+00 1.000000e+00 1.000000e-01
3.104640e+03 0.000000e+00 1.000000e+00 1.000000e-01
3.104650e+03 0.000000e+00 1.000000e+00 1.000000e-01
3.104660e+03 0.000000e+00 1.000000e+00 1.000000e-01
3.104670e+03 0.000000e+00 1.000000e+00 1.000000e-01
3.104680e+03 0.000000e+00 1.000000e+00 1.000000e-01
3.104690e+03 0.000000e+00 1.000000e+00 1.000000e-01
3.104700e+03 0.000000e+00 1.000000e+00 1.000000e-01
3.104710e+03 0.000000e+00 1.000000e+00 1.000000e-01
3.104720e+03 0.000000e+00 1.000000e+00 1.000000e-01
3.104730e+03 0.000000e+00 1.000000e+00 1.000000e-01
3.104740e+03 0.000000e+00 1.000000e+00 1.000000e-01
3.104750e+03 0.000000e+00 1.000000e+00 1.000000e-01
3.104760e+03 0.000000e+00 1.000000e+00 1.000000e-01
3.104770e+03 0.000000e+00 1.000000e+00 1.000000e-01
3.104780e+03 0.000000e+00 1.000000e+00 1.000000e-01
3.104790e+03 0.000000e+00 1.000000e+00 1.000000e-01
3.104800e+03 0.000000e+00 1.000000e+00 1.000000e-01
3.104810e+03 0.000000e+00 1.000000e+00 1.000000e-01
3.104820e+03 0.000000e+00 1.000000e+00 1.000000e-01
3.104830e+03 0.000000e+00 1.000000e+00 1.000000e-01
3.104840e+03 0.000000e+00 1.000000e+00 1.000000e-01
3.104850e+03 0.000000e+00 1.000000e+00 1.000000e-01
3.104860e+03 0.000000e+00 1.000000e+00 1.000000e-01
3.104870e+03 0.000000e+00 1.000000e+00 1.000000e-01
3.104880e+03 0.000000e+00 1.000000e+00 1.000000e-01
3.104890e+03 0.000000e+00 1.000000e+00 1.000000e-01
3.104900e+03 0.000000e+00 1.000000e+00 1.000000e-01
3.104910e+03 0.000000e+00 1.000000e+00 1.000000e-01
3.104920e+03 0.000000e+00 1.000000e+00 1.000000e-01
3.104930e+03 0.000000e+00 1.000000e+00 1.000000e-01
3.104940e+03 0.000000e+00 1.000000e+00 1.000000e-01
3.104950e+03 0.000000e+00 1.000000e+00 1.000000e-01
3.104960e+03 0.000000e+00 1.000000e+00 1.000000e-01
3.104970e+03 0.000000e+00 1.000000e+00 1.000000e-01
3.104980e+03 0.000000e+00 1.000000e+00 1.000000e-01
3.104990e+03 0.000000e+00 1.000000e+00 1.000000e-01
3.105000e+03 0.000000e+00 1.000000e+00 1.000000e-01
3.105010e+03 0.000000e+00 1.000000e+00 1.000000e-01
3.105020e+03 0.000000e+00 1.000000e+00 1.000000e-01
3.105030e+03 0.000000e+00 1.000000e+00 1.000000e-01
3.105040e+03 0.000000e+00 1.000000e+00 1.000000e-01
3.105050e+03 0.000000e+00 1.000000e+00 1.000000e-01
3.105060e+03 0.000000e+00 1.000000e+00 1.000000e-01
3.105070e+03 0.000000e+00 1.000000e+00 1.000000e-01
3.105080e+03 0.000000e+00 1.000000e+00 1.000000e-01
3.105090e+03 0.000000e+00 1.000000e+00 1.000000e-01
3.105100e+03 0.000000e+00 1.000000e+00 1.000000e-01
3.105110e+03 0.000000e+00 1.000000e+00 1.000000e-01
3.105120e+03 0.000000e+00 1.000000e+00 1.000000e-01
3.105130e+03 0.000000e+00 1.000000e+00 1.000000e-01
3.105140e+03 0.000000e+00 1.000000e+00 1.000000e-01
3.105150e+03 0.000000e+00 1.000000e+00 1.000000e-01
3.105160e+03 0.000000e+00 1.000000e+00 1.000000e-01
3.105170e+03 0.000000e+00 1.000000e+00 1.000000e-01
3.105180e+03 0.000000e+00 1.000000e+00 1.000000e-01
3.105190e+03 0.000000e+00 1.000000e+00 1.000000e-01
3.105200e+03 0.000000e+00 1.000000e+00 1.000000e-01
3.105210e+03 0.000000e+00 1.000000e+00 1.000000e-01
3.105220e+03 0.000000e+00 1.000000e+00 1.000000e-01
3.105230e+03 0.000000e+00 1.000000e+00 1.000000e-01
3.105240e+03 0.000000e+00 1.000000e+00 1.000000e-01
3.105250e+03 0.000000e+00 1.000000e+00 1.000000e-01
3.105260e+03 0.000000e+00 1.000000e+00 1.000000e-01
3.105270e+03 0.000000e+00 1.000000e+00 1.000000e-01
3.105280e+03 0.000000e+00 1.000000e+00 1.000000e-01
3.105290e+03 0.000000e+00 1.000000e+00 1.000000e-01
3.105300e+03 0.000000e+00 1.000000e+00 1.000000e-01
3.105310e+03 0.000000e+00 1.000000e+00 1.000000e-01
3.105320e+03 0.000000e+00 1.000000e+00 1.000000e-01
3.105330e+03 0.000000e+00 1.000000e+00 1.000000e-01
3.105340e+03 0.000000e+00 1.000000e+00 1.000000e-01
3.105350e+03 0.000000e+00 1.000000e+00 1.000000e-01
3.105360e+03 0.000000e+00 1.000000e+00 1.000000e-01
3.105370e+03 0.000000e+00 1.000000e+00 1.000000e-01
3.105380e+03 0.000000e+00 1.000000e+00 1.000000e-01
3.105390e+03 0.000000e+00 1.000000e+00 1.000000e-01
3.105400e+03 0.000000e+00 1.000000e+00 1.000000e-01
3.105410e+03 0.000000e+00 1.000000e+00 1.000000e-01
3.105420e+03 0.000000e+00 1.000000e+00 1.000000e-01
3.105430e+03 0.000000e+00 1.000000e+00 1.000000e-01
3.105440e+03 0.000000e+00 1.000000e+00 1.000000e-01
3.105450e+03 0.000000e+00 1.000000e+00 1.000000e-01
3.105460e+03 0.000000e+00 1.000000e+00 1.000000e-01
3.105470e+03 0.000000e+00 1.000000e+00 1.000000e-01
3.105480e+03 0.000000e+00 1.000000e+00 1.000000e-01
3.105490e+03 0.000000e+00 1.000000e+00 1.000000e-01
3.105500e+03 0.000000e+00 1.000000e+00 1.000000e-01
3.105510e+03 0.000000e+00 1.000000e+00 1.000000e-01
3.105520e+03 0.000000e+00 1.000000e+00 1.000000e-01
3.105530e+03 0.000000e+00 1.000000e+00 1.000000e-01
3.105540e+03 0.000000e+00 1.000000e+00 1.000000e-01
3.105550e+03 0.000000e+00 1.000000e+00 1.000000e-01
3.105560e+03 0.000000e+00 1.000000e+00 1.000000e-01
3.105570e+03 0.000000e+00 1.000000e+00 1.000000e-01
3.105580e+03 0.000000e+00 1.000000e+00 1.000000e-01
3.105590e+03 0.000000e+00 1.000000e+00 1.000000e-01
3.105600e+03 0.000000e+00 1.000000e+00 1.000000e-01
3.105610e+03 0.000000e+00 1.000000e+00 1.000000e-01
3.105620e+03 0.000000e+00 1.000000e+00 1.000000e-01
3.105630e+03 0.000000e+00 1.000000e+00 1.000000e-01
3.105640e+03 0.000000e+00 1.000000e+00 1.000000e-01
3.105650e+03 0.000000e+00 1.000000e+00 1.000000e-01
3.105660e+03 0.000000e+00 1.000000e+00 1.000000e-01
3.105670e+03 0.000000e+00 1.000000e+00 1.000000e-01
3.105680e+03 0.000000e+00 1.000000e+00 1.000000e-01
3.105690e+03 0.000000e+00 1.000000e+00 1.000000e-01
3.105700e+03 0.000000e+00 1.000000e+00 1.000000e-01
3.105710e+03 0.000000e+00 1.000000e+00 1.000000e-01
3.105720e+03 0.000000e+00 1.000000e+00 1.000000e-01
3.105730e+03 0.000000e+00 1.000000e+00 1.000000e-01
3.105740e+03 0.000000e+00 1.000000e+00 1.000000e-01
3.105750e+03 0.000000e+00 1.000000e+00 1.000000e-01
3.105760e+03 0.000000e+00 1.000000e+00 1.000000e-01
3.105770e+03 0.000000e+00 1.000000e+00 1.000000e-01
3.105780e+03 0.000000e+00 1.000000e+00 1.000000e-01
3.105790e+03 0.000000e+00 1.000000e+00 1.000000e-01
3.105800e+03 0.000000e+00 1.000000e+00 1.000000e-01
3.105810e+03 0.000000e+00 1.000000e+00 1.000000e-01
3.105820e+03 0.000000e+00 1.000000e+00 1.000000e-01
3.105830e+03 0.000000e+00 1.000000e+00 1.000000e-01
3.105840e+03 0.000000e+00 1.000000e+00 1.000000e-01
3.105850e+03 0.000000e+00 1.000000e+00 1.000000e-01
3.105860e+03 0.000000e+00 1.000000e+00 1.000000e-01
3.105870e+03 0.000000e+00 1.000000e+00 1.000000e-01
3.105880e+03 0.000000e+00 1.000000e+00 1.000000e-01
3.105890e+03 0.000000e+00 1.000000e+00 1.000000e-01
3.105900e+03 0.000000e+00 1.000000e+00 1.000000e-01
3.105910e+03 0.000000e+00 1.000000e+00 1.000000e-01
3.105920e+03 0.000000e+00 1.000000e+00 1.000000e-01
3.105930e+03 0.000000e+00 1.000000e+00 1.000000e-01
3.105940e+03 0.000000e+00 1.000000e+00 1.000000e-01
3.105950e+03 0.000000e+00 1.000000e+00 1.000000e-01
3.105960e+03 0.000000e+00 1.000000e+00 1.000000e-01
3.105970e+03 0.000000e+00 1.000000e+00 1.000000e-01
3.105980e+03 0.000000e+00 1.000000e+00 1.000000e-01
3.105990e+03 0.000000e+00 1.000000e+00 1.000000e-01
3.106000e+03 0.000000e+00 1.000000e+00 1.000000e-01
3.106010e+03 0.000000e+00 1.000000e+00 1.000000e-01
3.106020e+03 0.000000e+00 1.000000e+00 1.000000e-01
3.106030e+03 0.000000e+00 1.000000e+00 1.000000e-01
3.106040e+03 0.000000e+00 1.000000e+00 1.000000e-01
3.106050e+03 0.000000e+00 1.000000e+00 1.000000e-01
3.106060e+03 0.000000e+00 1.000000e+00 1.000000e-01
3.106070e+03 0.000000e+00 1.000000e+00 1.000000e-01
3.106080e+03 0.000000e+00 1.000000e+00 1.000000e-01
3.106090e+03 0.000000e+00 1.000000e+00 1.000000e-01
3.106100e+03 0.000000e+00 1.000000e+00 1.000000e-01
3.106110e+03 0.000000e+00 1.000000e+00 1.000000e-01
3.106120e+03 0.000000e+00 1.000000e+00 1.000000e-01
3.106130e+03 0.000000e+00 1.000000e+00 1.000000e-01
3.106140e+03 0.000000e+00 1.000000e+00 1.000000e-01
3.106150e+03 0.000000e+00 1.000000e+00 1.000000e-01
3.106160e+03 0.000000e+00 1.000000e+00 1.000000e-01
3.106170e+03 0.000000e+00 1.000000e+00 1.000000e-01
3.106180e+03 0.000000e+00 1.000000e+00 1.000000e-01
3.106190e+03 0.000000e+00 1.000000e+00 1.000000e-01
3.106200e+03 0.000000e+00 1.000000e+00 1.000000e-01
3.106210e+03 0.000000e+00 1.000000e+00 1.000000e-01
3.106220e+03 0.000000e+00 1.000000e+00 1.000000e-01
3.106230e+03 0.000000e+00 1.000000e+00 1.000000e-01
3.106240e+03 0.000000e+00 1.000000e+00 1.000000e-01
3.106250e+03 0.000000e+00 1.000000e+00 1.000000e-01
3.106260e+03 0.000000e+00 1.000000e+00 1.000000e-01
3.106270e+03 0.000000e+00 1.000000e+00 1.000000e-01
3.106280e+03 0.000000e+00 1.000000e+00 1.000000e-01
3.106290e+03 0.000000e+00 1.000000e+00 1.000000e-01
3.106300e+03 0.000000e+00 1.000000e+00 1.000000e-01
3.106310e+03 0.000000e+00 1.000000e+00 1.000000e-01
3.106320e+03 0.000000e+00 1.000000e+00 1.000000e-01
3.106330e+03 0.000000e+00 1.000000e+00 1.000000e-01
3.106340e+03 0.000000e+00 1.000000e+00 1.000000e-01
3.106350e+03 0.000000e+00 1.000000e+00 1.000000e-01
3.106360e+03 0.000000e+00 1.000000e+00 1.000000e-01
3.106370e+03 0.000000e+00 1.000000e+00 1.000000e-01
3.106380e+03 0.000000e+00 1.000000e+00 1.000000e-01
3.106390e+03 0.000000e+00 1.000000e+00 1.000000e-01
3.106400e+03 0.000000e+00 1.000000e+00 1.000000e-01
3.106410e+03 0.000000e+00 1.000000e+00 1.000000e-01
3.106420e+03 0.000000e+00 1.000000e+00 1.000000e-01
3.106430e+03 0.000000e+00 1.000000e+00 1.000000e-01
3.106440e+03 0.000000e+00 1.000000e+00 1.000000e-01
3.106450e+03 0.000000e+00 1.000000e+00 1.000000e-01
3.106460e+03 0.000000e+00 1.000000e+00 1.000000e-01
3.106470e+03 0.000000e+00 1.000000e+00 1.000000e-01
3.106480e+03 0.000000e+00 1.000000e+00 1.000000e-01
3.106490e+03 0.000000e+00 1.000000e+00 1.000000e-01
3.106500e+03 0.000000e+00 1.000000e+00 1.000000e-01
3.106510e+03 0.000000e+00 1.000000e+00 1.000000e-01
3.106520e+03 0.000000e+00 1.000000e+00 1.000000e-01
3.106530e+03 0.000000e+00 1.000000e+00 1.000000e-01
3.106540e+03 0.000000e+00 1.000000e+00 1.000000e-01
3.106550e+03 0.000000e+00 1.000000e+00 1.000000e-01
3.106560e+03 0.000000e+00 1.000000e+00 1.000000e-01
3.106570e+03 0.000000e+00 1.000000e+00 1.000000e-01
3.106580e+03 0.000000e+00 1.000000e+00 1.000000e-01
3.106590e+03 0.000000e+00 1.000000e+00 1.000000e-01
3.106600e+03 0.000000e+00 1.000000e+00 1.000000e-01
3.106610e+03 0.000000e+00 1.000000e+00 1.000000e-01
3.106620e+03 0.000000e+00 1.000000e+00 1.000000e-01
3.106630e+03 0.000000e+00 1.000000e+00 1.000000e-01
3.106640e+03 0.000000e+00 1.000000e+00 1.000000e-01
3.106650e+03 0.000000e+00 1.000000e+00 1.000000e-01
3.106660e+03 0.000000e+00 1.000000e+00 1.000000e-01
3.106670e+03 0.000000e+00 1.000000e+00 1.000000e-01
3.106680e+03 0.000000e+00 1.000000e+00 1.000000e-01
3.106690e+03 0.000000e+00 1.000000e+00 1.000000e-01
3.106700e+03 0.000000e+00 1.000000e+00 1.000000e-01
3.106710e+03 0.000000e+00 1.000000e+00 1.000000e-01
3.106720e+03 0.000000e+00 1.000000e+00 1.000000e-01
3.106730e+03 0.000000e+00 1.000000e+00 1.000000e-01
3.106740e+03 0.000000e+00 1.000000e+00 1.000000e-01
3.106750e+03 0.000000e+00 1.000000e+00 1.000000e-01
3.106760e+03 0.000000e+00 1.000000e+00 1.000000e-01
3.106770e+03 0.000000e+00 1.000000e+00 1.000000e-01
3.106780e+03 0.000000e+00 1.000000e+00 1.000000e-01
3.106790e+03 0.000000e+00 1.000000e+00 1.000000e-01
3.106800e+03 0.000000e+00 1.000000e+00 1.000000e-01
3.106810e+03 0.000000e+00 1.000000e+00 1.000000e-01
3.106820e+03 0.000000e+00 1.000000e+00 1.000000e-01
3.106830e+03 0.000000e+00 1.000000e+00 1.000000e-01
3.106840e+03 0.000000e+00 1.000000e+00 1.000000e-01
3.106850e+03 0.000000e+00 1.000000e+00 1.000000e-01
3.106860e+03 0.000000e+00 1.000000e+00 1.000000e-01
3.106870e+03 0.000000e+00 1.000000e+00 1.000000e-01
3.106880e+03 0.000000e+00 1.000000e+00 1.000000e-01
3.106890e+03 0.000000e+00 1.000000e+00 1.000000e-01
3.106900e+03 0.000000e+00 1.000000e+00 1.000000e-01
3.106910e+03 0.000000e+00 1.000000e+00 1.000000e-01
3.106920e+03 0.000000e+00 1.000000e+00 1.000000e-01
3.106930e+03 0.000000e+00 1.000000e+00 1.000000e-01
3.106940e+03 0.000000e+00 1.000000e+00 1.000000e-01
3.106950e+03 0.000000e+00 1.000000e+00 1.000000e-01
3.106960e+03 0.000000e+00 1.000000e+00 1.000000e-01
3.106970e+03 0.000000e+00 1.000000e+00 1.000000e-01
3.106980e+03 0.000000e+00 1.000000e+00 1.000000e-01
3.106990e+03 0.000000e+00 1.000000e+00 1.000000e-01
3.107000e+03 0.000000e+00 1.000000e+00 1.000000e-01
3.107010e+03 0.000000e+00 1.000000e+00 1.000000e-01
3.107020e+03 0.000000e+00 1.000000e+00 1.000000e-01
3.107030e+03 0.000000e+00 1.000000e+00 1.000000e-01
3.107040e+03 0.000000e+00 1.000000e+00 1.000000e-01
3.107050e+03 0.000000e+00 1.000000e+00 1.000000e-01
3.107060e+03 0.000000e+00 1.000000e+00 1.000000e-01
3.107070e+03 0.000000e+00 1.000000e+00 1.000000e-01
3.107080e+03 0.000000e+00 1.000000e+00 1.000000e-01
3.107090e+03 0.000000e+00 1.000000e+00 1.000000e-01
3.107100e+03 0.000000e+00 1.000000e+00 1.000000e-01
3.107110e+03 0.000000e+00 1.000000e+00 1.000000e-01
3.107120e+03 0.000000e+00 1.000000e+00 1.000000e-01
3.107130e+03 0.000000e+00 1.000000e+00 1.000000e-01
3.107140e+03 0.000000e+00 1.000000e+00 1.000000e-01
3.107150e+03 0.000000e+00 1.000000e+00 1.000000e-01
3.107160e+03 0.000000e+00 1.000000e+00 1.000000e-01
3.107170e+03 0.000000e+00 1.000000e+00 1.000000e-01
3.107180e+03 0.000000e+00 1.000000e+00 1.000000e-01
3.107190e+03 0.000000e+00 1.000000e+00 1.000000e-01
3.107200e+03 0.000000e+00 1.000000e+00 1.000000e-01
3.107210e+03 0.000000e+00 1.000000e+00 1.000000e-01
3.107220e+03 0.000000e+00 1.000000e+00 1.000000e-01
3.107230e+03 0.000000e+00 1.000000e+00 1.000000e-01
3.107240e+03 0.000000e+00 1.000000e+00 1.000000e-01
3.107250e+03 0.000000e+00 1.000000e+00 1.000000e-01
3.107260e+03 0.000000e+00 1.000000e+00 1.000000e-01
3.107270e+03 0.000000e+00 1.000000e+00 1.000000e-01
3.107280e+03 0.000000e+00 1.000000e+00 1.000000e-01
3.107290e+03 0.000000e+00 1.000000e+00 1.000000e-01
3.107300e+03 0.000000e+00 1.000000e+00 1.000000e-01
3.107310e+03 0.000000e+00 1.000000e+00 1.000000e-01
3.107320e+03 0.000000e+00 1.000000e+00 1.000000e-01
3.107330e+03 0.000000e+00 1.000000e+00 1.000000e-01
3.107340e+03 0.000000e+00 1.000000e+00 1.000000e-01
3.107350e+03 0.000000e+00 1.000000e+00 1.000000e-01
3.107360e+03 0.000000e+00 1.000000e+00 1.000000e-01
3.107370e+03 0.000000e+00 1.000000e+00 1.000000e-01
3.107380e+03 0.000000e+00 1.000000e+00 1.000000e-01
3.107390e+03 0.000000e+00 1.000000e+00 1.000000e-01
3.107400e+03 0.000000e+00 1.000000e+00 1.000000e-01
3.107410e+03 0.000000e+00 1.000000e+00 1.000000e-01
3.107420e+03 0.000000e+00 1.000000e+00 1.000000e-01
3.107430e+03 0.000000e+00 1.000000e+00 1.000000e-01
3.107440e+03 0.000000e+00 1.000000e+00 1.000000e-01
3.107450e+03 0.000000e+00 1.000000e+00 1.000000e-01
3.107460e+03 0.000000e+00 1.000000e+00 1.000000e-01
3.107470e+03 0.000000e+00 1.000000e+00 1.000000e-01
3.107480e+03 0.000000e+00 1.000000e+00 1.000000e-01
3.107490e+03 0.000000e+00 1.000000e+00 1.000000e-01
3.107500e+03 0.000000e+00 1.000000e+00 1.000000e-01
3.107510e+03 0.000000e+00 1.000000e+00 1.000000e-01
3.107520e+03 0.000000e+00 1.000000e+00 1.000000e-01
3.107530e+03 0.000000e+00 1.000000e+00 1.000000e-01
3.107540e+03 0.000000e+00 1.000000e+00 1.000000e-01
3.107550e+03 0.000000e+00 1.000000e+00 1.000000e-01
3.107560e+03 0.000000e+00 1.000000e+00 1.000000e-01
3.107570e+03 0.000000e+00 1.000000e+00 1.000000e-01
3.107580e+03 0.000000e+00 1.000000e+00 1.000000e-01
3.107590e+03 0.000000e+00 1.000000e+00 1.000000e-01
3.107600e+03 0.000000e+00 1.000000e+00 1.000000e-01
3.107610e+03 0.000000e+00 1.000000e+00 1.000000e-01
3.107620e+03 0.000000e+00 1.000000e+00 1.000000e-01
3.107630e+03 0.000000e+00 1.000000e+00 1.000000e-01
3.107640e+03 0.000000e+00 1.000000e+00 1.000000e-01
3.107650e+03 0.000000e+00 1.000000e+00 1.000000e-01
3.107660e+03 0.000000e+00 1.000000e+00 1.000000e-01
3.107670e+03 0.000000e+00 1.000000e+00 1.000000e-01
3.107680e+03 0.000000e+00 1.000000e+00 1.000000e-01
3.107690e+03 0.000000e+00 1.000000e+00 1.000000e-01
3.107700e+03 0.000000e+00 1.000000e+00 1.000000e-01
3.107710e+03 0.000000e+00 1.000000e+00 1.000000e-01
3.107720e+03 0.000000e+00 1.000000e+00 1.000000e-01
3.107730e+03 0.000000e+00 1.000000e+00 1.000000e-01
3.107740e+03 0.000000e+00 1.000000e+00 1.000000e-01
3.107750e+03 0.000000e+00 1.000000e+00 1.000000e-01
3.107760e+03 0.000000e+00 1.000000e+00 1.000000e-01
3.107770e+03 0.000000e+00 1.000000e+00 1.000000e-01
3.107780e+03 0.000000e+00 1.000000e+00 1.000000e-01
3.107790e+03 0.000000e+00 1.000000e+00 1.000000e-01
3.107800e+03 0.000000e+00 1.000000e+00 1.000000e-01
3.107810e+03 0.000000e+00 1.000000e+00 1.000000e-01
3.107820e+03 0.000000e+00 1.000000e+00 1.000000e-01
3.107830e+03 0.000000e+00 1.000000e+00 1.000000e-01
3.107840e+03 0.000000e+00 1.000000e+00 1.000000e-01
3.107850e+03 0.000000e+00 1.000000e+00 1.000000e-01
3.107860e+03 0.000000e+00 1.000000e+00 1.000000e-01
3.107870e+03 0.000000e+00 1.000000e+00 1.000000e-01
3.107880e+03 0.000000e+00 1.000000e+00 1.000000e-01
3.107890e+03 0.000000e+00 1.000000e+00 1.000000e-01
3.107900e+03 0.000000e+00 1.000000e+00 1.000000e-01
3.107910e+03 0.000000e+00 1.000000e+00 1.000000e-01
3.107920e+03 0.000000e+00 1.000000e+00 1.000000e-01
3.107930e+03 0.000000e+00 1.000000e+00 1.000000e-01
3.107940e+03 0.000000e+00 1.000000e+00 1.000000e-01
3.107950e+03 0.000000e+00 1.000000e+00 1.000000e-01
3.107960e+03 0.000000e+00 1.000000e+00 1.000000e-01
3.107970e+03 0.000000e+00 1.000000e+00 1.000000e-01
3.107980e+03 0.000000e+00 1.000000e+00 1.000000e-01
3.107990e+03 0.000000e+00 1.000000e+00 1.000000e-01
3.108000e+03 0.000000e+00 1.000000e+00 1.000000e-01
3.108010e+03 0.000000e+00 1.000000e+00 1.000000e-01
3.108020e+03 0.000000e+00 1.000000e+00 1.000000e-01
3.108030e+03 0.000000e+00 1.000000e+00 1.000000e-01
3.108040e+03 0.000000e+00 1.000000e+00 1.000000e-01
3.108050e+03 0.000000e+00 1.000000e+00 1.000000e-01
3.108060e+03 0.000000e+00 1.000000e+00 1.000000e-01
3.108070e+03 0.000000e+00 1.000000e+00 1.000000e-01
3.108080e+03 0.000000e+00 1.000000e+00 1.000000e-01
3.108090e+03 0.000000e+00 1.000000e+00 1.000000e-01
3.108100e+03 0.000000e+00 1.000000e+00 1.000000e-01
3.108110e+03 0.000000e+00 1.000000e+00 1.000000e-01
3.108120e+03 0.000000e+00 1.000000e+00 1.000000e-01
3.108130e+03 0.000000e+00 1.000000e+00 1.000000e-01
3.108140e+03 0.000000e+00 1.000000e+00 1.000000e-01
3.108150e+03 0.000000e+00 1.000000e+00 1.000000e-01
3.108160e+03 0.000000e+00 1.000000e+00 1.000000e-01
3.108170e+03 0.000000e+00 1.000000e+00 1.000000e-01
3.108180e+03 0.000000e+00 1.000000e+00 1.000000e-01
3.108190e+03 0.000000e+00 1.000000e+00 1.000000e-01
3.108200e+03 0.000000e+00 1.000000e+00 1.000000e-01
3.108210e+03 0.000000e+00 1.000000e+00 1.000000e-01
3.108220e+03 0.000000e+00 1.000000e+00 1.000000e-01
3.108230e+03 0.000000e+00 1.000000e+00 1.000000e-01
3.108240e+03 0.000000e+00 1.000000e+00 1.000000e-01
3.108250e+03 0.000000e+00 1.000000e+00 1.000000e-01
3.108260e+03 0.000000e+00 1.000000e+00 1.000000e-01
3.108270e+03 0.000000e+00 1.000000e+00 1.000000e-01
3.108280e+03 0.000000e+00 1.000000e+00 1.000000e-01
3.108290e+03 0.000000e+00 1.000000e+00 1.000000e-01
3.108300e+03 0.000000e+00 1.000000e+00 1.000000e-01
3.108310e+03 0.000000e+00 1.000000e+00 1.000000e-01
3.108320e+03 0.000000e+00 1.000000e+00 1.000000e-01
3.108330e+03 0.000000e+00 1.000000e+00 1.000000e-01
3.108340e+03 0.000000e+00 1.000000e+00 1.000000e-01
3.108350e+03 0.000000e+00 1.000000e+00 1.000000e-01
3.108360e+03 0.000000e+00 1.000000e+00 1.000000e-01
3.108370e+03 0.000000e+00 1.000000e+00 1.000000e-01
3.108380e+03 0.000000e+00 1.000000e+00 1.000000e-01
3.108390e+03 0.000000e+00 1.000000e+00 1.000000e-01
3.108400e+03 0.000000e+00 1.000000e+00 1.000000e-01
3.108410e+03 0.000000e+00 1.000000e+00 1.000000e-01
3.108420e+03 0.000000e+00 1.000000e+00 1.000000e-01
3.108430e+03 0.000000e+00 1.000000e+00 1.000000e-01
3.108440e+03 0.000000e+00 1.000000e+00 1.000000e-01
3.108450e+03 0.000000e+00 1.000000e+00 1.000000e-01
3.108460e+03 0.000000e+00 1.000000e+00 1.000000e-01
3.108470e+03 0.000000e+00 1.000000e+00 1.000000e-01
3.108480e+03 0.000000e+00 1.000000e+00 1.000000e-01
3.108490e+03 0.000000e+00 1.000000e+00 1.000000e-01
3.108500e+03 0.000000e+00 1.000000e+00 1.000000e-01
3.108510e+03 0.000000e+00 1.000000e+00 1.000000e-01
3.108520e+03 0.000000e+00 1.000000e+00 1.000000e-01
3.108530e+03 0.000000e+00 1.000000e+00 1.000000e-01
3.108540e+03 0.000000e+00 1.000000e+00 1.000000e-01
3.108550e+03 0.000000e+00 1.000000e+00 1.000000e-01
3.108560e+03 0.000000e+00 1.000000e+00 1.000000e-01
3.108570e+03 0.000000e+00 1.000000e+00 1.000000e-01
3.108580e+03 0.000000e+00 1.000000e+00 1.000000e-01
3.108590e+03 0.000000e+00 1.000000e+00 1.000000e-01
3.108600e+03 0.000000e+00 1.000000e+00 1.000000e-01
3.108610e+03 0.000000e+00 1.000000e+00 1.000000e-01
3.108620e+03 0.000000e+00 1.000000e+00 1.000000e-01
3.108630e+03 0.000000e+00 1.000000e+00 1.000000e-01
3.108640e+03 0.000000e+00 1.000000e+00 1.000000e-01
3.108650e+03 0.000000e+00 1.000000e+00 1.000000e-01
3.108660e+03 0.000000e+00 1.000000e+00 1.000000e-01
3.108670e+03 0.000000e+00 1.000000e+00 1.000000e-01
3.108680e+03 0.000000e+00 1.000000e+00 1.000000e-01
3.108690e+03 0.000000e+00 1.000000e+00 1.000000e-01
3.108700e+03 0.000000e+00 1.000000e+00 1.000000e-01
3.108710e+03 0.000000e+00 1.000000e+00 1.000000e-01
3.108720e+03 0.000000e+00 1.000000e+00 1.000000e-01
3.108730e+03 0.000000e+00 1.000000e+00 1.000000e-01
3.108740e+03 0.000000e+00 1.000000e+00 1.000000e-01
3.108750e+03 0.000000e+00 1.000000e+00 1.000000e-01
3.108760e+03 0.000000e+00 1.000000e+00 1.000000e-01
3.108770e+03 0.000000e+00 1.000000e+00 1.000000e-01
3.108780e+03 0.000000e+00 1.000000e+00 1.000000e-01
3.108790e+03 0.000000e+00 1.000000e+00 1.000000e-01
3.108800e+03 0.000000e+00 1.000000e+00 1.000000e-01
3.108810e+03 0.000000e+00 1.000000e+00 1.000000e-01
3.108820e+03 0.000000e+00 1.000000e+00 1.000000e-01
3.108830e+03 0.000000e+00 1.000000e+00 1.000000e-01
3.108840e+03 0.000000e+00 1.000000e+00 1.000000e-01
3.108850e+03 0.000000e+00 1.000000e+00 1.000000e-01
3.108860e+03 0.000000e+00 1.000000e+00 1.000000e-01
3.108870e+03 0.000000e+00 1.000000e+00 1.000000e-01
3.108880e+03 0.000000e+00 1.000000e+00 1.000000e-01
3.108890e+03 0.000000e+00 1.000000e+00 1.000000e-01
3.108900e+03 0.000000e+00 1.000000e+00 1.000000e-01
3.108910e+03 0.000000e+00 1.000000e+00 1.000000e-01
3.108920e+03 0.000000e+00 1.000000e+00 1.000000e-01
3.108930e+03 0.000000e+00 1.000000e+00 1.000000e-01
3.108940e+03 0.000000e+00 1.000000e+00 1.000000e-01
3.108950e+03 0.000000e+00 1.000000e+00 1.000000e-01
3.108960e+03 0.000000e+00 1.000000e+00 1.000000e-01
3.108970e+03 0.000000e+00 1.000000e+00 1.000000e-01
3.108980e+03 0.000000e+00 1.000000e+00 1.000000e-01
3.108990e+03 0.000000e+00 1.000000e+00 1.000000e-01
3.109000e+03 0.000000e+00 1.000000e+00 1.000000e-01
3.109010e+03 0.000000e+00 1.000000e+00 1.000000e-01
3.109020e+03 0.000000e+00 1.000000e+00 1.000000e-01
3.109030e+03 0.000000e+00 1.000000e+00 1.000000e-01
3.109040e+03 0.000000e+00 1.000000e+00 1.000000e-01
3.109050e+03 0.000000e+00 1.000000e+00 1.000000e-01
3.109060e+03 0.000000e+00 1.000000e+00 1.000000e-01
3.109070e+03 0.000000e+00 1.000000e+00 1.000000e-01
3.109080e+03 0.000000e+00 1.000000e+00 1.000000e-01
3.109090e+03 0.000000e+00 1.000000e+00 1.000000e-01
3.109100e+03 0.000000e+00 1.000000e+00 1.000000e-01
3.109110e+03 0.000000e+00 1.000000e+00 1.000000e-01
3.109120e+03 0.000000e+00 1.000000e+00 1.000000e-01
3.109130e+03 0.000000e+00 1.000000e+00 1.000000e-01
3.109140e+03 0.000000e+00 1.000000e+00 1.000000e-01
3.109150e+03 0.000000e+00 1.000000e+00 1.000000e-01
3.109160e+03 0.000000e+00 1.000000e+00 1.000000e-01
3.109170e+03 0.000000e+00 1.000000e+00 1.000000e-01
3.109180e+03 0.000000e+00 1.000000e+00 1.000000e-01
3.109190e+03 0.000000e+00 1.000000e+00 1.000000e-01
3.109200e+03 0.000000e+00 1.000000e+00 1.000000e-01
3.109210e+03 0.000000e+00 1.000000e+00 1.000000e-01
3.109220e+03 0.000000e+00 1.000000e+00 1.000000e-01
3.109230e+03 0.000000e+00 1.000000e+00 1.000000e-01
3.109240e+03 0.000000e+00 1.000000e+00 1.000000e-01
3.109250e+03 0.000000e+00 1.000000e+00 1.000000e-01
3.109260e+03 0.000000e+00 1.000000e+00 1.000000e-01
3.109270e+03 0.000000e+00 1.000000e+00 1.000000e-01
3.109280e+03 0.000000e+00 1.000000e+00 1.000000e-01
3.109290e+03 0.000000e+00 1.000000e+00 1.000000e-01
3.109300e+03 0.000000e+00 1.000000e+00 1.000000e-01
3.109310e+03 0.000000e+00 1.000000e+00 1.000000e-01
3.109320e+03 0.000000e+00 1.000000e+00 1.000000e-01
3.109330e+03 0.000000e+00 1.000000e+00 1.000000e-01
3.109340e+03 0.000000e+00 1.000000e+00 1.000000e-01
3.109350e+03 0.000000e+00 1.000000e+00 1.000000e-01
3.109360e+03 0.000000e+00 1.000000e+00 1.000000e-01
3.109370e+03 0.000000e+00 1.000000e+00 1.000000e-01
3.109380e+03 0.000000e+00 1.000000e+00 1.000000e-01
3.109390e+03 0.000000e+00 1.000000e+00 1.000000e-01
3.109400e+03 0.000000e+00 1.000000e+00 1.000000e-01
3.109410e+03 0.000000e+00 1.000000e+00 1.000000e-01
3.109420e+03 0.000000e+00 1.000000e+00 1.000000e-01
3.109430e+03 0.000000e+00 1.000000e+00 1.000000e-01
3.109440e+03 0.000000e+00 1.000000e+00 1.000000e-01
3.109450e+03 0.000000e+00 1.000000e+00 1.000000e-01
3.109460e+03 0.000000e+00 1.000000e+00 1.000000e-01
3.109470e+03 0.000000e+00 1.000000e+00 1.000000e-01
3.109480e+03 0.000000e+00 1.000000e+00 1.000000e-01
3.109490e+03 0.000000e+00 1.000000e+00 1.000000e-01
3.109500e+03 0.000000e+00 1.000000e+00 1.000000e-01
3.109510e+03 0.000000e+00 1.000000e+00 1.000000e-01
3.109520e+03 0.000000e+00 1.000000e+00 1.000000e-01
3.109530e+03 0.000000e+00 1.000000e+00 1.000000e-01
3.109540e+03 0.000000e+00 1.000000e+00 1.000000e-01
3.109550e+03 0.000000e+00 1.000000e+00 1.000000e-01
3.109560e+03 0.000000e+00 1.000000e+00 1.000000e-01
3.109570e+03 0.000000e+00 1.000000e+00 1.000000e-01
3.109580e+03 0.000000e+00 1.000000e+00 1.000000e-01
3.109590e+03 0.000000e+00 1.000000e+00 1.000000e-01
3.109600e+03 0.000000e+00 1.000000e+00 1.000000e-01
3.109610e+03 0.000000e+00 1.000000e+00 1.000000e-01
3.109620e+03 0.000000e+00 1.000000e+00 1.000000e-01
3.109630e+03 0.000000e+00 1.000000e+00 1.000000e-01
3.109640e+03 0.000000e+00 1.000000e+00 1.000000e-01
3.109650e+03 0.000000e+00 1.000000e+00 1.000000e-01
3.109660e+03 0.000000e+00 1.000000e+00 1.000000e-01
3.109670e+03 0.000000e+00 1.000000e+00 1.000000e-01
3.109680e+03 0.000000e+00 1.000000e+00 1.000000e-01
3.109690e+03 0.000000e+00 1.000000e+00 1.000000e-01
3.109700e+03 0.000000e+00 1.000000e+00 1.000000e-01
3.109710e+03 0.000000e+00 1.000000e+00 1.000000e-01
3.109720e+03 0.000000e+00 1.000000e+00 1.000000e-01
3.109730e+03 0.000000e+00 1.000000e+00 1.000000e-01
3.109740e+03 0.000000e+00 1.000000e+00 1.000000e-01
3.109750e+03 0.000000e+00 1.000000e+00 1.000000e-01
3.109760e+03 0.000000e+00 1.000000e+00 1.000000e-01
3.109770e+03 0.000000e+00 1.000000e+00 1.000000e-01
3.109780e+03 0.000000e+00 1.000000e+00 1.000000e-01
3.109790e+03 0.000000e+00 1.000000e+00 1.000000e-01
3.109800e+03 0.000000e+00 1.000000e+00 1.000000e-01
3.109810e+03 0.000000e+00 1.000000e+00 1.000000e-01
3.109820e+03 0.000000e+00 1.000000e+00 1.000000e-01
3.109830e+03 0.000000e+00 1.000000e+00 1.000000e-01
3.109840e+03 0.000000e+00 1.000000e+00 1.000000e-01
3.109850e+03 0.000000e+00 1.000000e+00 1.000000e-01
3.109860e+03 0.000000e+00 1.000000e+00 1.000000e-01
3.109870e+03 0.000000e+00 1.000000e+00 1.000000e-01
3.109880e+03 0.000000e+00 1.000000e+00 1.000000e-01
3.109890e+03 0.000000e+00 1.000000e+00 1.000000e-01
3.109900e+03 0.000000e+00 1.000000e+00 1.000000e-01
3.109910e+03 0.000000e+00 1.000000e+00 1.000000e-01
3.109920e+03 0.000000e+00 1.000000e+00 1.000000e-01
3.109930e+03 0.000000e+00 1.000000e+00 1.000000e-01
3.109940e+03 0.000000e+00 1.000000e+00 1.000000e-01
3.109950e+03 0.000000e+00 1.000000e+00 1.000000e-01
3.109960e+03 0.000000e+00 1.000000e+00 1.000000e-01
3.109970e+03 0.000000e+00 1.000000e+00 1.000000e-01
3.109980e+03 0.000000e+00 1.000000e+00 1.000000e-01
3.109990e+03 0.000000e+00 1.000000e+00 1.000000e-01
3.110000e+03 0.000000e+00 1.000000e+00 1.000000e-01
3.110010e+03 0.000000e+00 1.000000e+00 1.000000e-01
3.110020e+03 0.000000e+00 1.000000e+00 1.000000e-01
3.110030e+03 0.000000e+00 1.000000e+00 1.000000e-01
3.110040e+03 0.000000e+00 1.000000e+00 1.000000e-01
3.110050e+03 0.000000e+00 1.000000e+00 1.000000e-01
3.110060e+03 0.000000e+00 1.000000e+00 1.000000e-01
3.110070e+03 0.000000e+00 1.000000e+00 1.000000e-01
3.110080e+03 0.000000e+00 1.000000e+00 1.000000e-01
3.110090e+03 0.000000e+00 1.000000e+00 1.000000e-01
3.110100e+03 0.000000e+00 1.000000e+00 1.000000e-01
3.110110e+03 0.000000e+00 1.000000e+00 1.000000e-01
3.110120e+03 0.000000e+00 1.000000e+00 1.000000e-01
3.110130e+03 0.000000e+00 1.000000e+00 1.000000e-01
3.110140e+03 0.000000e+00 1.000000e+00 1.000000e-01
3.110150e+03 0.000000e+00 1.000000e+00 1.000000e-01
3.110160e+03 0.000000e+00 1.000000e+00 1.000000e-01
3.110170e+03 0.000000e+00 1.000000e+00 1.000000e-01
3.110180e+03 0.000000e+00 1.000000e+00 1.000000e-01
3.110190e+03 0.000000e+00 1.000000e+00 1.000000e-01
3.110200e+03 0.000000e+00 1.000000e+00 1.000000e-01
3.110210e+03 0.000000e+00 1.000000e+00 1.000000e-01
3.110220e+03 0.000000e+00 1.000000e+00 1.000000e-01
3.110230e+03 0.000000e+00 1.000000e+00 1.000000e-01
3.110240e+03 0.000000e+00 1.000000e+00 1.000000e-01
3.110250e+03 0.000000e+00 1.000000e+00 1.000000e-01
3.110260e+03 0.000000e+00 1.000000e+00 1.000000e-01
3.110270e+03 0.000000e+00 1.000000e+00 1.000000e-01
3.110280e+03 0.000000e+00 1.000000e+00 1.000000e-01
3.110290e+03 0.000000e+00 1.000000e+00 1.000000e-01
3.110300e+03 0.000000e+00 1.000000e+00 1.000000e-01
3.110310e+03 0.000000e+00 1.000000e+00 1.000000e-01
3.110320e+03 0.000000e+00 1.000000e+00 1.000000e-01
3.110330e+03 0.000000e+00 1.000000e+00 1.000000e-01
3.110340e+03 0.000000e+00 1.000000e+00 1.000000e-01
3.110350e+03 0.000000e+00 1.000000e+00 1.000000e-01
3.110360e+03 0.000000e+00 1.000000e+00 1.000000e-01
3.110370e+03 0.000000e+00 1.000000e+00 1.000000e-01
3.110380e+03 0.000000e+00 1.000000e+00 1.000000e-01
3.110390e+03 0.000000e+00 1.000000e+00 1.000000e-01
3.110400e+03 0.000000e+00 1.000000e+00 1.000000e-01
3.110410e+03 0.000000e+00 1.000000e+00 1.000000e-01
3.110420e+03 0.000000e+00 1.000000e+00 1.000000e-01
3.110430e+03 0.000000e+00 1.000000e+00 1.000000e-01
3.110440e+03 0.000000e+00 1.000000e+00 1.000000e-01
3.110450e+03 0.000000e+00 1.000000e+00 1.000000e-01
3.110460e+03 0.000000e+00 1.000000e+00 1.000000e-01
3.110470e+03 0.000000e+00 1.000000e+00 1.000000e-01
3.110480e+03 0.000000e+00 1.000000e+00 1.000000e-01
3.110490e+03 0.000000e+00 1.000000e+00 1.000000e-01
3.110500e+03 0.000000e+00 1.000000e+00 1.000000e-01
3.110510e+03 0.000000e+00 1.000000e+00 1.000000e-01
3.110520e+03 0.000000e+00 1.000000e+00 1.000000e-01
3.110530e+03 0.000000e+00 1.000000e+00 1.000000e-01
3.110540e+03 0.000000e+00 1.000000e+00 1.000000e-01
3.110550e+03 0.000000e+00 1.000000e+00 1.000000e-01
3.110560e+03 0.000000e+00 1.000000e+00 1.000000e-01
3.110570e+03 0.000000e+00 1.000000e+00 1.000000e-01
3.110580e+03 0.000000e+00 1.000000e+00 1.000000e-01
3.110590e+03 0.000000e+00 1.000000e+00 1.000000e-01
3.110600e+03 0.000000e+00 1.000000e+00 1.000000e-01
3.110610e+03 0.000000e+00 1.000000e+00 1.000000e-01
3.110620e+03 0.000000e+00 1.000000e+00 1.000000e-01
3.110630e+03 0.000000e+00 1.000000e+00 1.000000e-01
3.110640e+03 0.000000e+00 1.000000e+00 1.000000e-01
3.110650e+03 0.000000e+00 1.000000e+00 1.000000e-01
3.110660e+03 0.000000e+00 1.000000e+00 1.000000e-01
3.110670e+03 0.000000e+00 1.000000e+00 1.000000e-01
3.110680e+03 0.000000e+00 1.000000e+00 1.000000e-01
3.110690e+03 0.000000e+00 1.000000e+00 1.000000e-01
3.110700e+03 0.000000e+00 1.000000e+00 1.000000e-01
3.110710e+03 0.000000e+00 1.000000e+00 1.000000e-01
3.110720e+03 0.000000e+00 1.000000e+00 1.000000e-01
3.110730e+03 0.000000e+00 1.000000e+00 1.000000e-01
3.110740e+03 0.000000e+00 1.000000e+00 1.000000e-01
3.110750e+03 0.000000e+00 1.000000e+00 1.000000e-01
3.110760e+03 0.000000e+00 1.000000e+00 1.000000e-01
3.110770e+03 0.000000e+00 1.000000e+00 1.000000e-01
3.110780e+03 0.000000e+00 1.000000e+00 1.000000e-01
3.110790e+03 0.000000e+00 1.000000e+00 1.000000e-01
3.110800e+03 0.000000e+00 1.000000e+00 1.000000e-01
3.110810e+03 0.000000e+00 1.000000e+00 1.000000e-01
3.110820e+03 0.000000e+00 1.000000e+00 1.000000e-01
3.110830e+03 0.000000e+00 1.000000e+00 1.000000e-01
3.110840e+03 0.000000e+00 1.000000e+00 1.000000e-01
3.110850e+03 0.000000e+00 1.000000e+00 1.000000e-01
3.110860e+03 0.000000e+00 1.000000e+00 1.000000e-01
3.110870e+03 0.000000e+00 1.000000e+00 1.000000e-01
3.110880e+03 0.000000e+00 1.000000e+00 1.000000e-01
3.110890e+03 0.000000e+00 1.000000e+00 1.000000e-01
3.110900e+03 0.000000e+00 1.000000e+00 1.000000e-01
3.110910e+03 0.000000e+00 1.000000e+00 1.000000e-01
3.110920e+03 0.000000e+00 1.000000e+00 1.000000e-01
3.110930e+03 0.000000e+00 1.000000e+00 1.000000e-01
3.110940e+03 0.000000e+00 1.000000e+00 1.000000e-01
3.110950e+03 0.000000e+00 1.000000e+00 1.000000e-01
3.110960e+03 0.000000e+00 1.000000e+00 1.000000e-01
3.110970e+03 0.000000e+00 1.000000e+00 1.000000e-01
3.110980e+03 0.000000e+00 1.000000e+00 1.000000e-01
3.110990e+03 0.000000e+00 1.000000e+00 1.000000e-01
3.111000e+03 0.000000e+00 1.000000e+00 1.000000e-01
3.111010e+03 0.000000e+00 1.000000e+00 1.000000e-01
3.111020e+03 0.000000e+00 1.000000e+00 1.000000e-01
3.111030e+03 0.000000e+00 1.000000e+00 1.000000e-01
3.111040e+03 0.000000e+00 1.000000e+00 1.000000e-01
3.111050e+03 0.000000e+00 1.000000e+00 1.000000e-01
3.111060e+03 0.000000e+00 1.000000e+00 1.000000e-01
3.111070e+03 0.000000e+00 1.000000e+00 1.000000e-01
3.111080e+03 0.000000e+00 1.000000e+00 1.000000e-01
3.111090e+03 0.000000e+00 1.000000e+00 1.000000e-01
3.111100e+03 0.000000e+00 1.000000e+00 1.000000e-01
3.111110e+03 0.000000e+00 1.000000e+00 1.000000e-01
3.111120e+03 0.000000e+00 1.000000e+00 1.000000e-01
3.111130e+03 0.000000e+00 1.000000e+00 1.000000e-01
3.111140e+03 0.000000e+00 1.000000e+00 1.000000e-01
3.111150e+03 0.000000e+00 1.000000e+00 1.000000e-01
3.111160e+03 0.000000e+00 1.000000e+00 1.000000e-01
3.111170e+03 0.000000e+00 1.000000e+00 1.000000e-01
3.111180e+03 0.000000e+00 1.000000e+00 1.000000e-01
3.111190e+03 0.000000e+00 1.000000e+00 1.000000e-01
3.111200e+03 0.000000e+00 1.000000e+00 1.000000e-01
3.111210e+03 0.000000e+00 1.000000e+00 1.000000e-01
3.111220e+03 0.000000e+00 1.000000e+00 1.000000e-01
3.111230e+03 0.000000e+00 1.000000e+00 1.000000e-01
3.111240e+03 0.000000e+00 1.000000e+00 1.000000e-01
3.111250e+03 0.000000e+00 1.000000e+00 1.000000e-01
3.111260e+03 0.000000e+00 1.000000e+00 1.000000e-01
3.111270e+03 0.000000e+00 1.000000e+00 1.000000e-01
3.111280e+03 0.000000e+00 1.000000e+00 1.000000e-01
3.111290e+03 0.000000e+00 1.000000e+00 1.000000e-01
3.111300e+03 0.000000e+00 1.000000e+00 1.000000e-01
3.111310e+03 0.000000e+00 1.000000e+00 1.000000e-01
3.111320e+03 0.000000e+00 1.000000e+00 1.000000e-01
3.111330e+03 0.000000e+00 1.000000e+00 1.000000e-01
3.111340e+03 0.000000e+00 1.000000e+00 1.000000e-01
3.111350e+03 0.000000e+00 1.000000e+00 1.000000e-01
3.111360e+03 0.000000e+00 1.000000e+00 1.000000e-01
3.111370e+03 0.000000e+00 1.000000e+00 1.000000e-01
3.111380e+03 0.000000e+00 1.000000e+00 1.000000e-01
3.111390e+03 0.000000e+00 1.000000e+00 1.000000e-01
3.111400e+03 0.000000e+00 1.000000e+00 1.000000e-01
3.111410e+03 0.000000e+00 1.000000e+00 1.000000e-01
3.111420e+03 0.000000e+00 1.000000e+00 1.000000e-01
3.111430e+03 0.000000e+00 1.000000e+00 1.000000e-01
3.111440e+03 0.000000e+00 1.000000e+00 1.000000e-01
3.111450e+03 0.000000e+00 1.000000e+00 1.000000e-01
3.111460e+03 0.000000e+00 1.000000e+00 1.000000e-01
3.111470e+03 0.000000e+00 1.000000e+00 1.000000e-01
3.111480e+03 0.000000e+00 1.000000e+00 1.000000e-01
3.111490e+03 0.000000e+00 1.000000e+00 1.000000e-01
3.111500e+03 0.000000e+00 1.000000e+00 1.000000e-01
3.111510e+03 0.000000e+00 1.000000e+00 1.000000e-01
3.111520e+03 0.000000e+00 1.000000e+00 1.000000e-01
3.111530e+03 0.000000e+00 1.000000e+00 1.000000e-01
3.111540e+03 0.000000e+00 1.000000e+00 1.000000e-01
3.111550e+03 0.000000e+00 1.000000e+00 1.000000e-01
3.111560e+03 0.000000e+00 1.000000e+00 1.000000e-01
3.111570e+03 0.000000e+00 1.000000e+00 1.000000e-01
3.111580e+03 0.000000e+00 1.000000e+00 1.000000e-01
3.111590e+03 0.000000e+00 1.000000e+00 1.000000e-01
3.111600e+03 0.000000e+00 1.000000e+00 1.000000e-01
3.111610e+03 0.000000e+00 1.000000e+00 1.000000e-01
3.111620e+03 0.000000e+00 1.000000e+00 1.000000e-01
3.111630e+03 0.000000e+00 1.000000e+00 1.000000e-01
3.111640e+03 0.000000e+00 1.000000e+00 1.000000e-01
3.111650e+03 0.000000e+00 1.000000e+00 1.000000e-01
3.111660e+03 0.000000e+00 1.000000e+00 1.000000e-01
3.111670e+03 0.000000e+00 1.000000e+00 1.000000e-01
3.111680e+03 0.000000e+00 1.000000e+00 1.000000e-01
3.111690e+03 0.000000e+00 1.000000e+00 1.000000e-01
3.111700e+03 0.000000e+00 1.000000e+00 1.000000e-01
3.111710e+03 0.000000e+00 1.000000e+00 1.000000e-01
3.111720e+03 0.000000e+00 1.000000e+00 1.000000e-01
3.111730e+03 0.000000e+00 1.000000e+00 1.000000e-01
3.111740e+03 0.000000e+00 1.000000e+00 1.000000e-01
3.111750e+03 0.000000e+00 1.000000e+00 1.000000e-01
3.111760e+03 0.000000e+00 1.000000e+00 1.000000e-01
3.111770e+03 0.000000e+00 1.000000e+00 1.000000e-01
3.111780e+03 0.000000e+00 1.000000e+00 1.000000e-01
3.111790e+03 0.000000e+00 1.000000e+00 1.000000e-01
3.111800e+03 0.000000e+00 1.000000e+00 1.000000e-01
3.111810e+03 0.000000e+00 1.000000e+00 1.000000e-01
3.111820e+03 0.000000e+00 1.000000e+00 1.000000e-01
3.111830e+03 0.000000e+00 1.000000e+00 1.000000e-01
3.111840e+03 0.000000e+00 1.000000e+00 1.000000e-01
3.111850e+03 0.000000e+00 1.000000e+00 1.000000e-01
3.111860e+03 0.000000e+00 1.000000e+00 1.000000e-01
3.111870e+03 0.000000e+00 1.000000e+00 1.000000e-01
3.111880e+03 0.000000e+00 1.000000e+00 1.000000e-01
3.111890e+03 0.000000e+00 1.000000e+00 1.000000e-01
3.111900e+03 0.000000e+00 1.000000e+00 1.000000e-01
3.111910e+03 0.000000e+00 1.000000e+00 1.000000e-01
3.111920e+03 0.000000e+00 1.000000e+00 1.000000e-01
3.111930e+03 0.000000e+00 1.000000e+00 1.000000e-01
3.111940e+03 0.000000e+00 1.000000e+00 1.000000e-01
3.111950e+03 0.000000e+00 1.000000e+00 1.000000e-01
3.111960e+03 0.000000e+00 1.000000e+00 1.000000e-01
3.111970e+03 0.000000e+00 1.000000e+00 1.000000e-01
3.111980e+03 0.000000e+00 1.000000e+00 1.000000e-01
3.111990e+03 0.000000e+00 1.000000e+00 1.000000e-01
3.112000e+03 0.000000e+00 1.000000e+00 1.000000e-01
3.112010e+03 0.000000e+00 1.000000e+00 1.000000e-01
3.112020e+03 0.000000e+00 1.000000e+00 1.000000e-01
3.112030e+03 0.000000e+00 1.000000e+00 1.000000e-01
3.112040e+03 0.000000e+00 1.000000e+00 1.000000e-01
3.112050e+03 0.000000e+00 1.000000e+00 1.000000e-01
3.112060e+03 0.000000e+00 1.000000e+00 1.000000e-01
3.112070e+03 0.000000e+00 1.000000e+00 1.000000e-01
3.112080e+03 0.000000e+00 1.000000e+00 1.000000e-01
3.112090e+03 0.000000e+00 1.000000e+00 1.000000e-01
3.112100e+03 0.000000e+00 1.000000e+00 1.000000e-01
3.112110e+03 0.000000e+00 1.000000e+00 1.000000e-01
3.112120e+03 0.000000e+00 1.000000e+00 1.000000e-01
3.112130e+03 0.000000e+00 1.000000e+00 1.000000e-01
3.112140e+03 0.000000e+00 1.000000e+00 1.000000e-01
3.112150e+03 0.000000e+00 1.000000e+00 1.000000e-01
3.112160e+03 0.000000e+00 1.000000e+00 1.000000e-01
3.112170e+03 0.000000e+00 1.000000e+00 1.000000e-01
3.112180e+03 0.000000e+00 1.000000e+00 1.000000e-01
3.112190e+03 0.000000e+00 1.000000e+00 1.000000e-01
3.112200e+03 0.000000e+00 1.000000e+00 1.000000e-01
3.112210e+03 0.000000e+00 1.000000e+00 1.000000e-01
3.112220e+03 0.000000e+00 1.000000e+00 1.000000e-01
3.112230e+03 0.000000e+00 1.000000e+00 1.000000e-01
3.112240e+03 0.000000e+00 1.000000e+00 1.000000e-01
3.112250e+03 0.000000e+00 1.000000e+00 1.000000e-01
3.112260e+03 0.000000e+00 1.000000e+00 1.000000e-01
3.112270e+03 0.000000e+00 1.000000e+00 1.000000e-01
3.112280e+03 0.000000e+00 1.000000e+00 1.000000e-01
3.112290e+03 0.000000e+00 1.000000e+00 1.000000e-01
3.112300e+03 0.000000e+00 1.000000e+00 1.000000e-01
3.112310e+03 0.000000e+00 1.000000e+00 1.000000e-01
3.112320e+03 0.000000e+00 1.000000e+00 1.000000e-01
3.112330e+03 0.000000e+00 1.000000e+00 1.000000e-01
3.112340e+03 0.000000e+00 1.000000e+00 1.000000e-01
3.112350e+03 0.000000e+00 1.000000e+00 1.000000e-01
3.112360e+03 0.000000e+00 1.000000e+00 1.000000e-01
3.112370e+03 0.000000e+00 1.000000e+00 1.000000e-01
3.112380e+03 0.000000e+00 1.000000e+00 1.000000e-01
3.112390e+03 0.000000e+00 1.000000e+00 1.000000e-01
3.112400e+03 0.000000e+00 1.000000e+00 1.000000e-01
3.112410e+03 0.000000e+00 1.000000e+00 1.000000e-01
3.112420e+03 0.000000e+00 1.000000e+00 1.000000e-01
3.112430e+03 0.000000e+00 1.000000e+00 1.000000e-01
3.112440e+03 0.000000e+00 1.000000e+00 1.000000e-01
3.112450e+03 0.000000e+00 1.000000e+00 1.000000e-01
3.112460e+03 0.000000e+00 1.000000e+00 1.000000e-01
3.112470e+03 0.000000e+00 1.000000e+00 1.000000e-01
3.112480e+03 0.000000e+00 1.000000e+00 1.000000e-01
3.112490e+03 0.000000e+00 1.000000e+00 1.000000e-01
3.112500e+03 0.000000e+00 1.000000e+00 1.000000e-01
3.112510e+03 0.000000e+00 1.000000e+00 1.000000e-01
3.112520e+03 0.000000e+00 1.000000e+00 1.000000e-01
3.112530e+03 0.000000e+00 1.000000e+00 1.000000e-01
3.112540e+03 0.000000e+00 1.000000e+00 1.000000e-01
3.112550e+03 0.000000e+00 1.000000e+00 1.000000e-01
3.112560e+03 0.000000e+00 1.000000e+00 1.000000e-01
3.112570e+03 0.000000e+00 1.000000e+00 1.000000e-01
3.112580e+03 0.000000e+00 1.000000e+00 1.000000e-01
3.112590e+03 0.000000e+00 1.000000e+00 1.000000e-01
3.112600e+03 0.000000e+00 1.000000e+00 1.000000e-01
3.112610e+03 0.000000e+00 1.000000e+00 1.000000e-01
3.112620e+03 0.000000e+00 1.000000e+00 1.000000e-01
3.112630e+03 0.000000e+00 1.000000e+00 1.000000e-01
3.112640e+03 0.000000e+00 1.000000e+00 1.000000e-01
3.112650e+03 0.000000e+00 1.000000e+00 1.000000e-01
3.112660e+03 0.000000e+00 1.000000e+00 1.000000e-01
3.112670e+03 0.000000e+00 1.000000e+00 1.000000e-01
3.112680e+03 0.000000e+00 1.000000e+00 1.000000e-01
3.112690e+03 0.000000e+00 1.000000e+00 1.000000e-01
3.112700e+03 0.000000e+00 1.000000e+00 1.000000e-01
3.112710e+03 0.000000e+00 1.000000e+00 1.000000e-01
3.112720e+03 0.000000e+00 1.000000e+00 1.000000e-01
3.112730e+03 0.000000e+00 1.000000e+00 1.000000e-01
3.112740e+03 0.000000e+00 1.000000e+00 1.000000e-01
3.112750e+03 0.000000e+00 1.000000e+00 1.000000e-01
3.112760e+03 0.000000e+00 1.000000e+00 1.000000e-01
3.112770e+03 0.000000e+00 1.000000e+00 1.000000e-01
3.112780e+03 0.000000e+00 1.000000e+00 1.000000e-01
3.112790e+03 0.000000e+00 1.000000e+00 1.000000e-01
3.112800e+03 0.000000e+00 1.000000e+00 1.000000e-01
3.112810e+03 0.000000e+00 1.000000e+00 1.000000e-01
3.112820e+03 0.000000e+00 1.000000e+00 1.000000e-01
3.112830e+03 0.000000e+00 1.000000e+00 1.000000e-01
3.112840e+03 0.000000e+00 1.000000e+00 1.000000e-01
3.112850e+03 0.000000e+00 1.000000e+00 1.000000e-01
3.112860e+03 0.000000e+00 1.000000e+00 1.000000e-01
3.112870e+03 0.000000e+00 1.000000e+00 1.000000e-01
3.112880e+03 0.000000e+00 1.000000e+00 1.000000e-01
3.112890e+03 0.000000e+00 1.000000e+00 1.000000e-01
3.112900e+03 0.000000e+00 1.000000e+00 1.000000e-01
3.112910e+03 0.000000e+00 1.000000e+00 1.000000e-01
3.112920e+03 0.000000e+00 1.000000e+00 1.000000e-01
3.112930e+03 0.000000e+00 1.000000e+00 1.000000e-01
3.112940e+03 0.000000e+00 1.000000e+00 1.000000e-01
3.112950e+03 0.000000e+00 1.000000e+00 1.000000e-01
3.112960e+03 0.000000e+00 1.000000e+00 1.000000e-01
3.112970e+03 0.000000e+00 1.000000e+00 1.000000e-01
3.112980e+03 0.000000e+00 1.000000e+00 1.000000e-01
3.112990e+03 0.000000e+00 1.000000e+00 1.000000e-01
3.113000e+03 0.000000e+00 1.000000e+00 1.000000e-01
3.113010e+03 0.000000e+00 1.000000e+00 1.000000e-01
3.113020e+03 0.000000e+00 1.000000e+00 1.000000e-01
3.113030e+03 0.000000e+00 1.000000e+00 1.000000e-01
3.113040e+03 0.000000e+00 1.000000e+00 1.000000e-01
3.113050e+03 0.000000e+00 1.000000e+00 1.000000e-01
3.113060e+03 0.000000e+00 1.000000e+00 1.000000e-01
3.113070e+03 0.000000e+00 1.000000e+00 1.000000e-01
3.113080e+03 0.000000e+00 1.000000e+00 1.000000e-01
3.113090e+03 0.000000e+00 1.000000e+00 1.000000e-01
3.113100e+03 0.000000e+00 1.000000e+00 1.000000e-01
3.113110e+03 0.000000e+00 1.000000e+00 1.000000e-01
3.113120e+03 0.000000e+00 1.000000e+00 1.000000e-01
3.113130e+03 0.000000e+00 1.000000e+00 1.000000e-01
3.113140e+03 0.000000e+00 1.000000e+00 1.000000e-01
3.113150e+03 0.000000e+00 1.000000e+00 1.000000e-01
3.113160e+03 0.000000e+00 1.000000e+00 1.000000e-01
3.113170e+03 0.000000e+00 1.000000e+00 1.000000e-01
3.113180e+03 0.000000e+00 1.000000e+00 1.000000e-01
3.113190e+03 0.000000e+00 1.000000e+00 1.000000e-01
3.113200e+03 0.000000e+00 1.000000e+00 1.000000e-01
3.113210e+03 0.000000e+00 1.000000e+00 1.000000e-01
3.113220e+03 0.000000e+00 1.000000e+00 1.000000e-01
3.113230e+03 0.000000e+00 1.000000e+00 1.000000e-01
3.113240e+03 0.000000e+00 1.000000e+00 1.000000e-01
3.113250e+03 0.000000e+00 1.000000e+00 1.000000e-01
3.113260e+03 0.000000e+00 1.000000e+00 1.000000e-01
3.113270e+03 0.000000e+00 1.000000e+00 1.000000e-01
3.113280e+03 0.000000e+00 1.000000e+00 1.000000e-01
3.113290e+03 0.000000e+00 1.000000e+00 1.000000e-01
3.113300e+03 0.000000e+00 1.000000e+00 1.000000e-01
3.113310e+03 0.000000e+00 1.000000e+00 1.000000e-01
3.113320e+03 0.000000e+00 1.000000e+00 1.000000e-01
3.113330e+03 0.000000e+00 1.000000e+00 1.000000e-01
3.113340e+03 0.000000e+00 1.000000e+00 1.000000e-01
3.113350e+03 0.000000e+00 1.000000e+00 1.000000e-01
3.113360e+03 0.000000e+00 1.000000e+00 1.000000e-01
3.113370e+03 0.000000e+00 1.000000e+00 1.000000e-01
3.113380e+03 0.000000e+00 1.000000e+00 1.000000e-01
3.113390e+03 0.000000e+00 1.000000e+00 1.000000e-01
3.113400e+03 0.000000e+00 1.000000e+00 1.000000e-01
3.113410e+03 0.000000e+00 1.000000e+00 1.000000e-01
3.113420e+03 0.000000e+00 1.000000e+00 1.000000e-01
3.113430e+03 0.000000e+00 1.000000e+00 1.000000e-01
3.113440e+03 0.000000e+00 1.000000e+00 1.000000e-01
3.113450e+03 0.000000e+00 1.000000e+00 1.000000e-01
3.113460e+03 0.000000e+00 1.000000e+00 1.000000e-01
3.113470e+03 0.000000e+00 1.000000e+00 1.000000e-01
3.113480e+03 0.000000e+00 1.000000e+00 1.000000e-01
3.113490e+03 0.000000e+00 1.000000e+00 1.000000e-01
3.113500e+03 0.000000e+00 1.000000e+00 1.000000e-01
3.113510e+03 0.000000e+00 1.000000e+00 1.000000e-01
3.113520e+03 0.000000e+00 1.000000e+00 1.000000e-01
3.113530e+03 0.000000e+00 1.000000e+00 1.000000e-01
3.113540e+03 0.000000e+00 1.000000e+00 1.000000e-01
3.113550e+03 0.000000e+00 1.000000e+00 1.000000e-01
3.113560e+03 0.000000e+00 1.000000e+00 1.000000e-01
3.113570e+03 0.000000e+00 1.000000e+00 1.000000e-01
3.113580e+03 0.000000e+00 1.000000e+00 1.000000e-01
3.113590e+03 0.000000e+00 1.000000e+00 1.000000e-01
3.113600e+03 0.000000e+00 1.000000e+00 1.000000e-01
3.113610e+03 0.000000e+00 1.000000e+00 1.000000e-01
3.113620e+03 0.000000e+00 1.000000e+00 1.000000e-01
3.113630e+03 0.000000e+00 1.000000e+00 1.000000e-01
3.113640e+03 0.000000e+00 1.000000e+00 1.000000e-01
3.113650e+03 0.000000e+00 1.000000e+00 1.000000e-01
3.113660e+03 0.000000e+00 1.000000e+00 1.000000e-01
3.113670e+03 0.000000e+00 1.000000e+00 1.000000e-01
3.113680e+03 0.000000e+00 1.000000e+00 1.000000e-01
3.113690e+03 0.000000e+00 1.000000e+00 1.000000e-01
3.113700e+03 0.000000e+00 1.000000e+00 1.000000e-01
3.113710e+03 0.000000e+00 1.000000e+00 1.000000e-01
3.113720e+03 0.000000e+00 1.000000e+00 1.000000e-01
3.113730e+03 0.000000e+00 1.000000e+00 1.000000e-01
3.113740e+03 0.000000e+00 1.000000e+00 1.000000e-01
3.113750e+03 0.000000e+00 1.000000e+00 1.000000e-01
3.113760e+03 0.000000e+00 1.000000e+00 1.000000e-01
3.113770e+03 0.000000e+00 1.000000e+00 1.000000e-01
3.113780e+03 0.000000e+00 1.000000e+00 1.000000e-01
3.113790e+03 0.000000e+00 1.000000e+00 1.000000e-01
3.113800e+03 0.000000e+00 1.000000e+00 1.000000e-01
3.113810e+03 0.000000e+00 1.000000e+00 1.000000e-01
3.113820e+03 0.000000e+00 1.000000e+00 1.000000e-01
3.113830e+03 0.000000e+00 1.000000e+00 1.000000e-01
3.113840e+03 0.000000e+00 1.000000e+00 1.000000e-01
3.113850e+03 0.000000e+00 1.000000e+00 1.000000e-01
3.113860e+03 0.000000e+00 1.000000e+00 1.000000e-01
3.113870e+03 0.000000e+00 1.000000e+00 1.000000e-01
3.113880e+03 0.000000e+00 1.000000e+00 1.000000e-01
3.113890e+03 0.000000e+00 1.000000e+00 1.000000e-01
3.113900e+03 0.000000e+00 1.000000e+00 1.000000e-01
3.113910e+03 0.000000e+00 1.000000e+00 1.000000e-01
3.113920e+03 0.000000e+00 1.000000e+00 1.000000e-01
3.113930e+03 0.000000e+00 1.000000e+00 1.000000e-01
3.113940e+03 0.000000e+00 1.000000e+00 1.000000e-01
3.113950e+03 0.000000e+00 1.000000e+00 1.000000e-01
3.113960e+03 0.000000e+00 1.000000e+00 1.000000e-01
3.113970e+03 0.000000e+00 1.000000e+00 1.000000e-01
3.113980e+03 0.000000e+00 1.000000e+00 1.000000e-01
3.113990e+03 0.000000e+00 1.000000e+00 1.000000e-01
3.114000e+03 0.000000e+00 1.000000e+00 1.000000e-01
3.114010e+03 0.000000e+00 1.000000e+00 1.000000e-01
3.114020e+03 0.000000e+00 1.000000e+00 1.000000e-01
3.114030e+03 0.000000e+00 1.000000e+00 1.000000e-01
3.114040e+03 0.000000e+00 1.000000e+00 1.000000e-01
3.114050e+03 0.000000e+00 1.000000e+00 1.000000e-01
3.114060e+03 0.000000e+00 1.000000e+00 1.000000e-01
3.114070e+03 0.000000e+00 1.000000e+00 1.000000e-01
3.114080e+03 0.000000e+00 1.000000e+00 1.000000e-01
3.114090e+03 0.000000e+00 1.000000e+00 1.000000e-01
3.114100e+03 0.000000e+00 1.000000e+00 1.000000e-01
3.114110e+03 0.000000e+00 1.000000e+00 1.000000e-01
3.114120e+03 0.000000e+00 1.000000e+00 1.000000e-01
3.114130e+03 0.000000e+00 1.000000e+00 1.000000e-01
3.114140e+03 0.000000e+00 1.000000e+00 1.000000e-01
3.114150e+03 0.000000e+00 1.000000e+00 1.000000e-01
3.114160e+03 0.000000e+00 1.000000e+00 1.000000e-01
3.114170e+03 0.000000e+00 1.000000e+00 1.000000e-01
3.114180e+03 0.000000e+00 1.000000e+00 1.000000e-01
3.114190e+03 0.000000e+00 1.000000e+00 1.000000e-01
3.114200e+03 0.000000e+00 1.000000e+00 1.000000e-01
3.114210e+03 0.000000e+00 1.000000e+00 1.000000e-01
3.114220e+03 0.000000e+00 1.000000e+00 1.000000e-01
3.114230e+03 0.000000e+00 1.000000e+00 1.000000e-01
3.114240e+03 0.000000e+00 1.000000e+00 1.000000e-01
3.114250e+03 0.000000e+00 1.000000e+00 1.000000e-01
3.114260e+03 0.000000e+00 1.000000e+00 1.000000e-01
3.114270e+03 0.000000e+00 1.000000e+00 1.000000e-01
3.114280e+03 0.000000e+00 1.000000e+00 1.000000e-01
3.114290e+03 0.000000e+00 1.000000e+00 1.000000e-01
3.114300e+03 0.000000e+00 1.000000e+00 1.000000e-01
3.114310e+03 0.000000e+00 1.000000e+00 1.000000e-01
3.114320e+03 0.000000e+00 1.000000e+00 1.000000e-01
3.114330e+03 0.000000e+00 1.000000e+00 1.000000e-01
3.114340e+03 0.000000e+00 1.000000e+00 1.000000e-01
3.114350e+03 0.000000e+00 1.000000e+00 1.000000e-01
3.114360e+03 0.000000e+00 1.000000e+00 1.000000e-01
3.114370e+03 0.000000e+00 1.000000e+00 1.000000e-01
3.114380e+03 0.000000e+00 1.000000e+00 1.000000e-01
3.114390e+03 0.000000e+00 1.000000e+00 1.000000e-01
3.114400e+03 0.000000e+00 1.000000e+00 1.000000e-01
3.114410e+03 0.000000e+00 1.000000e+00 1.000000e-01
3.114420e+03 0.000000e+00 1.000000e+00 1.000000e-01
3.114430e+03 0.000000e+00 1.000000e+00 1.000000e-01
3.114440e+03 0.000000e+00 1.000000e+00 1.000000e-01
3.114450e+03 0.000000e+00 1.000000e+00 1.000000e-01
3.114460e+03 0.000000e+00 1.000000e+00 1.000000e-01
3.114470e+03 0.000000e+00 1.000000e+00 1.000000e-01
3.114480e+03 0.000000e+00 1.000000e+00 1.000000e-01
3.114490e+03 0.000000e+00 1.000000e+00 1.000000e-01
3.114500e+03 0.000000e+00 1.000000e+00 1.000000e-01
3.114510e+03 0.000000e+00 1.000000e+00 1.000000e-01
3.114520e+03 0.000000e+00 1.000000e+00 1.000000e-01
3.114530e+03 0.000000e+00 1.000000e+00 1.000000e-01
3.114540e+03 0.000000e+00 1.000000e+00 1.000000e-01
3.114550e+03 0.000000e+00 1.000000e+00 1.000000e-01
3.114560e+03 0.000000e+00 1.000000e+00 1.000000e-01
3.114570e+03 0.000000e+00 1.000000e+00 1.000000e-01
3.114580e+03 0.000000e+00 1.000000e+00 1.000000e-01
3.114590e+03 0.000000e+00 1.000000e+00 1.000000e-01
3.114600e+03 0.000000e+00 1.000000e+00 1.000000e-01
3.114610e+03 0.000000e+00 1.000000e+00 1.000000e-01
3.114620e+03 0.000000e+00 1.000000e+00 1.000000e-01
3.114630e+03 0.000000e+00 1.000000e+00 1.000000e-01
3.114640e+03 0.000000e+00 1.000000e+00 1.000000e-01
3.114650e+03 0.000000e+00 1.000000e+00 1.000000e-01
3.114660e+03 0.000000e+00 1.000000e+00 1.000000e-01
3.114670e+03 0.000000e+00 1.000000e+00 1.000000e-01
3.114680e+03 0.000000e+00 1.000000e+00 1.000000e-01
3.114690e+03 0.000000e+00 1.000000e+00 1.000000e-01
3.114700e+03 0.000000e+00 1.000000e+00 1.000000e-01
3.114710e+03 0.000000e+00 1.000000e+00 1.000000e-01
3.114720e+03 0.000000e+00 1.000000e+00 1.000000e-01
3.114730e+03 0.000000e+00 1.000000e+00 1.000000e-01
3.114740e+03 0.000000e+00 1.000000e+00 1.000000e-01
3.114750e+03 0.000000e+00 1.000000e+00 1.000000e-01
3.114760e+03 0.000000e+00 1.000000e+00 1.000000e-01
3.114770e+03 0.000000e+00 1.000000e+00 1.000000e-01
3.114780e+03 0.000000e+00 1.000000e+00 1.000000e-01
3.114790e+03 0.000000e+00 1.000000e+00 1.000000e-01
3.114800e+03 0.000000e+00 1.000000e+00 1.000000e-01
3.114810e+03 0.000000e+00 1.000000e+00 1.000000e-01
3.114820e+03 0.000000e+00 1.000000e+00 1.000000e-01
3.114830e+03 0.000000e+00 1.000000e+00 1.000000e-01
3.114840e+03 0.000000e+00 1.000000e+00 1.000000e-01
3.114850e+03 0.000000e+00 1.000000e+00 1.000000e-01
3.114860e+03 0.000000e+00 1.000000e+00 1.000000e-01
3.114870e+03 0.000000e+00 1.000000e+00 1.000000e-01
3.114880e+03 0.000000e+00 1.000000e+00 1.000000e-01
3.114890e+03 0.000000e+00 1.000000e+00 1.000000e-01
3.114900e+03 0.000000e+00 1.000000e+00 1.000000e-01
3.114910e+03 0.000000e+00 1.000000e+00 1.000000e-01
3.114920e+03 0.000000e+00 1.000000e+00 1.000000e-01
3.114930e+03 0.000000e+00 1.000000e+00 1.000000e-01
3.114940e+03 0.000000e+00 1.000000e+00 1.000000e-01
3.114950e+03 0.000000e+00 1.000000e+00 1.000000e-01
3.114960e+03 0.000000e+00 1.000000e+00 1.000000e-01
3.114970e+03 0.000000e+00 1.000000e+00 1.000000e-01
3.114980e+03 0.000000e+00 1.000000e+00 1.000000e-01
3.114990e+03 0.000000e+00 1.000000e+00 1.000000e-01
3.115000e+03 0.000000e+00 1.000000e+00 1.000000e-01
3.115010e+03 0.000000e+00 1.000000e+00 1.000000e-01
3.115020e+03 0.000000e+00 1.000000e+00 1.000000e-01
3.115030e+03 0.000000e+00 1.000000e+00 1.000000e-01
3.115040e+03 0.000000e+00 1.000000e+00 1.000000e-01
3.115050e+03 0.000000e+00 1.000000e+00 1.000000e-01
3.115060e+03 0.000000e+00 1.000000e+00 1.000000e-01
3.115070e+03 0.000000e+00 1.000000e+00 1.000000e-01
3.115080e+03 0.000000e+00 1.000000e+00 1.000000e-01
3.115090e+03 0.000000e+00 1.000000e+00 1.000000e-01
3.115100e+03 0.000000e+00 1.000000e+00 1.000000e-01
3.115110e+03 0.000000e+00 1.000000e+00 1.000000e-01
3.115120e+03 0.000000e+00 1.000000e+00 1.000000e-01
3.115130e+03 0.000000e+00 1.000000e+00 1.000000e-01
3.115140e+03 0.000000e+00 1.000000e+00 1.000000e-01
3.115150e+03 0.000000e+00 1.000000e+00 1.000000e-01
3.115160e+03 0.000000e+00 1.000000e+00 1.000000e-01
3.115170e+03 0.000000e+00 1.000000e+00 1.000000e-01
3.115180e+03 0.000000e+00 1.000000e+00 1.000000e-01
3.115190e+03 0.000000e+00 1.000000e+00 1.000000e-01
3.115200e+03 0.000000e+00 1.000000e+00 1.000000e-01
3.115210e+03 0.000000e+00 1.000000e+00 1.000000e-01
3.115220e+03 0.000000e+00 1.000000e+00 1.000000e-01
3.115230e+03 0.000000e+00 1.000000e+00 1.000000e-01
3.115240e+03 0.000000e+00 1.000000e+00 1.000000e-01
3.115250e+03 0.000000e+00 1.000000e+00 1.000000e-01
3.115260e+03 0.000000e+00 1.000000e+00 1.000000e-01
3.115270e+03 0.000000e+00 1.000000e+00 1.000000e-01
3.115280e+03 0.000000e+00 1.000000e+00 1.000000e-01
3.115290e+03 0.000000e+00 1.000000e+00 1.000000e-01
3.115300e+03 0.000000e+00 1.000000e+00 1.000000e-01
3.115310e+03 0.000000e+00 1.000000e+00 1.000000e-01
3.115320e+03 0.000000e+00 1.000000e+00 1.000000e-01
3.115330e+03 0.000000e+00 1.000000e+00 1.000000e-01
3.115340e+03 0.000000e+00 1.000000e+00 1.000000e-01
3.115350e+03 0.000000e+00 1.000000e+00 1.000000e-01
3.115360e+03 0.000000e+00 1.000000e+00 1.000000e-01
3.115370e+03 0.000000e+00 1.000000e+00 1.000000e-01
3.115380e+03 0.000000e+00 1.000000e+00 1.000000e-01
3.115390e+03 0.000000e+00 1.000000e+00 1.000000e-01
3.115400e+03 0.000000e+00 1.000000e+00 1.000000e-01
3.115410e+03 0.000000e+00 1.000000e+00 1.000000e-01
3.115420e+03 0.000000e+00 1.000000e+00 1.000000e-01
3.115430e+03 0.000000e+00 1.000000e+00 1.000000e-01
3.115440e+03 0.000000e+00 1.000000e+00 1.000000e-01
3.115450e+03 0.000000e+00 1.000000e+00 1.000000e-01
3.115460e+03 0.000000e+00 1.000000e+00 1.000000e-01
3.115470e+03 0.000000e+00 1.000000e+00 1.000000e-01
3.115480e+03 0.000000e+00 1.000000e+00 1.000000e-01
3.115490e+03 0.000000e+00 1.000000e+00 1.000000e-01
3.115500e+03 0.000000e+00 1.000000e+00 1.000000e-01
3.115510e+03 0.000000e+00 1.000000e+00 1.000000e-01
3.115520e+03 0.000000e+00 1.000000e+00 1.000000e-01
3.115530e+03 0.000000e+00 1.000000e+00 1.000000e-01
3.115540e+03 0.000000e+00 1.000000e+00 1.000000e-01
3.115550e+03 0.000000e+00 1.000000e+00 1.000000e-01
3.115560e+03 0.000000e+00 1.000000e+00 1.000000e-01
3.115570e+03 0.000000e+00 1.000000e+00 1.000000e-01
3.115580e+03 0.000000e+00 1.000000e+00 1.000000e-01
3.115590e+03 0.000000e+00 1.000000e+00 1.000000e-01
3.115600e+03 0.000000e+00 1.000000e+00 1.000000e-01
3.115610e+03 0.000000e+00 1.000000e+00 1.000000e-01
3.115620e+03 0.000000e+00 1.000000e+00 1.000000e-01
3.115630e+03 0.000000e+00 1.000000e+00 1.000000e-01
3.115640e+03 0.000000e+00 1.000000e+00 1.000000e-01
3.115650e+03 0.000000e+00 1.000000e+00 1.000000e-01
3.115660e+03 0.000000e+00 1.000000e+00 1.000000e-01
3.115670e+03 0.000000e+00 1.000000e+00 1.000000e-01
3.115680e+03 0.000000e+00 1.000000e+00 1.000000e-01
3.115690e+03 0.000000e+00 1.000000e+00 1.000000e-01
3.115700e+03 0.000000e+00 1.000000e+00 1.000000e-01
3.115710e+03 0.000000e+00 1.000000e+00 1.000000e-01
3.115720e+03 0.000000e+00 1.000000e+00 1.000000e-01
3.115730e+03 0.000000e+00 1.000000e+00 1.000000e-01
3.115740e+03 0.000000e+00 1.000000e+00 1.000000e-01
3.115750e+03 0.000000e+00 1.000000e+00 1.000000e-01
3.115760e+03 0.000000e+00 1.000000e+00 1.000000e-01
3.115770e+03 0.000000e+00 1.000000e+00 1.000000e-01
3.115780e+03 0.000000e+00 1.000000e+00 1.000000e-01
3.115790e+03 0.000000e+00 1.000000e+00 1.000000e-01
3.115800e+03 0.000000e+00 1.000000e+00 1.000000e-01
3.115810e+03 0.000000e+00 1.000000e+00 1.000000e-01
3.115820e+03 0.000000e+00 1.000000e+00 1.000000e-01
3.115830e+03 0.000000e+00 1.000000e+00 1.000000e-01
3.115840e+03 0.000000e+00 1.000000e+00 1.000000e-01
3.115850e+03 0.000000e+00 1.000000e+00 1.000000e-01
3.115860e+03 0.000000e+00 1.000000e+00 1.000000e-01
3.115870e+03 0.000000e+00 1.000000e+00 1.000000e-01
3.115880e+03 0.000000e+00 1.000000e+00 1.000000e-01
3.115890e+03 0.000000e+00 1.000000e+00 1.000000e-01
3.115900e+03 0.000000e+00 1.000000e+00 1.000000e-01
3.115910e+03 0.000000e+00 1.000000e+00 1.000000e-01
3.115920e+03 0.000000e+00 1.000000e+00 1.000000e-01
3.115930e+03 0.000000e+00 1.000000e+00 1.000000e-01
3.115940e+03 0.000000e+00 1.000000e+00 1.000000e-01
3.115950e+03 0.000000e+00 1.000000e+00 1.000000e-01
3.115960e+03 0.000000e+00 1.000000e+00 1.000000e-01
3.115970e+03 0.000000e+00 1.000000e+00 1.000000e-01
3.115980e+03 0.000000e+00 1.000000e+00 1.000000e-01
3.115990e+03 0.000000e+00 1.000000e+00 1.000000e-01
3.116000e+03 0.000000e+00 1.000000e+00 1.000000e-01
3.116010e+03 0.000000e+00 1.000000e+00 1.000000e-01
3.116020e+03 0.000000e+00 1.000000e+00 1.000000e-01
3.116030e+03 0.000000e+00 1.000000e+00 1.000000e-01
3.116040e+03 0.000000e+00 1.000000e+00 1.000000e-01
3.116050e+03 0.000000e+00 1.000000e+00 1.000000e-01
3.116060e+03 0.000000e+00 1.000000e+00 1.000000e-01
3.116070e+03 0.000000e+00 1.000000e+00 1.000000e-01
3.116080e+03 0.000000e+00 1.000000e+00 1.000000e-01
3.116090e+03 0.000000e+00 1.000000e+00 1.000000e-01
3.116100e+03 0.000000e+00 1.000000e+00 1.000000e-01
3.116110e+03 0.000000e+00 1.000000e+00 1.000000e-01
3.116120e+03 0.000000e+00 1.000000e+00 1.000000e-01
3.116130e+03 0.000000e+00 1.000000e+00 1.000000e-01
3.116140e+03 0.000000e+00 1.000000e+00 1.000000e-01
3.116150e+03 0.000000e+00 1.000000e+00 1.000000e-01
3.116160e+03 0.000000e+00 1.000000e+00 1.000000e-01
3.116170e+03 0.000000e+00 1.000000e+00 1.000000e-01
3.116180e+03 0.000000e+00 1.000000e+00 1.000000e-01
3.116190e+03 0.000000e+00 1.000000e+00 1.000000e-01
3.116200e+03 0.000000e+00 1.000000e+00 1.000000e-01
3.116210e+03 0.000000e+00 1.000000e+00 1.000000e-01
3.116220e+03 0.000000e+00 1.000000e+00 1.000000e-01
3.116230e+03 0.000000e+00 1.000000e+00 1.000000e-01
3.116240e+03 0.000000e+00 1.000000e+00 1.000000e-01
3.116250e+03 0.000000e+00 1.000000e+00 1.000000e-01
3.116260e+03 0.000000e+00 1.000000e+00 1.000000e-01
3.116270e+03 0.000000e+00 1.000000e+00 1.000000e-01
3.116280e+03 0.000000e+00 1.000000e+00 1.000000e-01
3.116290e+03 0.000000e+00 1.000000e+00 1.000000e-01
3.116300e+03 0.000000e+00 1.000000e+00 1.000000e-01
3.116310e+03 0.000000e+00 1.000000e+00 1.000000e-01
3.116320e+03 0.000000e+00 1.000000e+00 1.000000e-01
3.116330e+03 0.000000e+00 1.000000e+00 1.000000e-01
3.116340e+03 0.000000e+00 1.000000e+00 1.000000e-01
3.116350e+03 0.000000e+00 1.000000e+00 1.000000e-01
3.116360e+03 0.000000e+00 1.000000e+00 1.000000e-01
3.116370e+03 0.000000e+00 1.000000e+00 1.000000e-01
3.116380e+03 0.000000e+00 1.000000e+00 1.000000e-01
3.116390e+03 0.000000e+00 1.000000e+00 1.000000e-01
3.116400e+03 0.000000e+00 1.000000e+00 1.000000e-01
3.116410e+03 0.000000e+00 1.000000e+00 1.000000e-01
3.116420e+03 0.000000e+00 1.000000e+00 1.000000e-01
3.116430e+03 0.000000e+00 1.000000e+00 1.000000e-01
3.116440e+03 0.000000e+00 1.000000e+00 1.000000e-01
3.116450e+03 0.000000e+00 1.000000e+00 1.000000e-01
3.116460e+03 0.000000e+00 1.000000e+00 1.000000e-01
3.116470e+03 0.000000e+00 1.000000e+00 1.000000e-01
3.116480e+03 0.000000e+00 1.000000e+00 1.000000e-01
3.116490e+03 0.000000e+00 1.000000e+00 1.000000e-01
3.116500e+03 0.000000e+00 1.000000e+00 1.000000e-01
3.116510e+03 0.000000e+00 1.000000e+00 1.000000e-01
3.116520e+03 0.000000e+00 1.000000e+00 1.000000e-01
3.116530e+03 0.000000e+00 1.000000e+00 1.000000e-01
3.116540e+03 0.000000e+00 1.000000e+00 1.000000e-01
3.116550e+03 0.000000e+00 1.000000e+00 1.000000e-01
3.116560e+03 0.000000e+00 1.000000e+00 1.000000e-01
3.116570e+03 0.000000e+00 1.000000e+00 1.000000e-01
3.116580e+03 0.000000e+00 1.000000e+00 1.000000e-01
3.116590e+03 0.000000e+00 1.000000e+00 1.000000e-01
3.116600e+03 0.000000e+00 1.000000e+00 1.000000e-01
3.116610e+03 0.000000e+00 1.000000e+00 1.000000e-01
3.116620e+03 0.000000e+00 1.000000e+00 1.000000e-01
3.116630e+03 0.000000e+00 1.000000e+00 1.000000e-01
3.116640e+03 0.000000e+00 1.000000e+00 1.000000e-01
3.116650e+03 0.000000e+00 1.000000e+00 1.000000e-01
3.116660e+03 0.000000e+00 1.000000e+00 1.000000e-01
3.116670e+03 0.000000e+00 1.000000e+00 1.000000e-01
3.116680e+03 0.000000e+00 1.000000e+00 1.000000e-01
3.116690e+03 0.000000e+00 1.000000e+00 1.000000e-01
3.116700e+03 0.000000e+00 1.000000e+00 1.000000e-01
3.116710e+03 0.000000e+00 1.000000e+00 1.000000e-01
3.116720e+03 0.000000e+00 1.000000e+00 1.000000e-01
3.116730e+03 0.000000e+00 1.000000e+00 1.000000e-01
3.116740e+03 0.000000e+00 1.000000e+00 1.000000e-01
3.116750e+03 0.000000e+00 1.000000e+00 1.000000e-01
3.116760e+03 0.000000e+00 1.000000e+00 1.000000e-01
3.116770e+03 0.000000e+00 1.000000e+00 1.000000e-01
3.116780e+03 0.000000e+00 1.000000e+00 1.000000e-01
3.116790e+03 0.000000e+00 1.000000e+00 1.000000e-01
3.116800e+03 0.000000e+00 1.000000e+00 1.000000e-01
3.116810e+03 0.000000e+00 1.000000e+00 1.000000e-01
3.116820e+03 0.000000e+00 1.000000e+00 1.000000e-01
3.116830e+03 0.000000e+00 1.000000e+00 1.000000e-01
3.116840e+03 0.000000e+00 1.000000e+00 1.000000e-01
3.116850e+03 0.000000e+00 1.000000e+00 1.000000e-01
3.116860e+03 0.000000e+00 1.000000e+00 1.000000e-01
3.116870e+03 0.000000e+00 1.000000e+00 1.000000e-01
3.116880e+03 0.000000e+00 1.000000e+00 1.000000e-01
3.116890e+03 0.000000e+00 1.000000e+00 1.000000e-01
3.116900e+03 0.000000e+00 1.000000e+00 1.000000e-01
3.116910e+03 0.000000e+00 1.000000e+00 1.000000e-01
3.116920e+03 0.000000e+00 1.000000e+00 1.000000e-01
3.116930e+03 0.000000e+00 1.000000e+00 1.000000e-01
3.116940e+03 0.000000e+00 1.000000e+00 1.000000e-01
3.116950e+03 0.000000e+00 1.000000e+00 1.000000e-01
3.116960e+03 0.000000e+00 1.000000e+00 1.000000e-01
3.116970e+03 0.000000e+00 1.000000e+00 1.000000e-01
3.116980e+03 0.000000e+00 1.000000e+00 1.000000e-01
3.116990e+03 0.000000e+00 1.000000e+00 1.000000e-01
3.117000e+03 0.000000e+00 1.000000e+00 1.000000e-01
3.117010e+03 0.000000e+00 1.000000e+00 1.000000e-01
3.117020e+03 0.000000e+00 1.000000e+00 1.000000e-01
3.117030e+03 0.000000e+00 1.000000e+00 1.000000e-01
3.117040e+03 0.000000e+00 1.000000e+00 1.000000e-01
3.117050e+03 0.000000e+00 1.000000e+00 1.000000e-01
3.117060e+03 0.000000e+00 1.000000e+00 1.000000e-01
3.117070e+03 0.000000e+00 1.000000e+00 1.000000e-01
3.117080e+03 0.000000e+00 1.000000e+00 1.000000e-01
3.117090e+03 0.000000e+00 1.000000e+00 1.000000e-01
3.117100e+03 0.000000e+00 1.000000e+00 1.000000e-01
3.117110e+03 0.000000e+00 1.000000e+00 1.000000e-01
3.117120e+03 0.000000e+00 1.000000e+00 1.000000e-01
3.117130e+03 0.000000e+00 1.000000e+00 1.000000e-01
3.117140e+03 0.000000e+00 1.000000e+00 1.000000e-01
3.117150e+03 0.000000e+00 1.000000e+00 1.000000e-01
3.117160e+03 0.000000e+00 1.000000e+00 1.000000e-01
3.117170e+03 0.000000e+00 1.000000e+00 1.000000e-01
3.117180e+03 0.000000e+00 1.000000e+00 1.000000e-01
3.117190e+03 0.000000e+00 1.000000e+00 1.000000e-01
3.117200e+03 0.000000e+00 1.000000e+00 1.000000e-01
3.117210e+03 0.000000e+00 1.000000e+00 1.000000e-01
3.117220e+03 0.000000e+00 1.000000e+00 1.000000e-01
3.117230e+03 0.000000e+00 1.000000e+00 1.000000e-01
3.117240e+03 0.000000e+00 1.000000e+00 1.000000e-01
3.117250e+03 0.000000e+00 1.000000e+00 1.000000e-01
3.117260e+03 0.000000e+00 1.000000e+00 1.000000e-01
3.117270e+03 0.000000e+00 1.000000e+00 1.000000e-01
3.117280e+03 0.000000e+00 1.000000e+00 1.000000e-01
3.117290e+03 0.000000e+00 1.000000e+00 1.000000e-01
3.117300e+03 0.000000e+00 1.000000e+00 1.000000e-01
3.117310e+03 0.000000e+00 1.000000e+00 1.000000e-01
3.117320e+03 0.000000e+00 1.000000e+00 1.000000e-01
3.117330e+03 0.000000e+00 1.000000e+00 1.000000e-01
3.117340e+03 0.000000e+00 1.000000e+00 1.000000e-01
3.117350e+03 0.000000e+00 1.000000e+00 1.000000e-01
3.117360e+03 0.000000e+00 1.000000e+00 1.000000e-01
3.117370e+03 0.000000e+00 1.000000e+00 1.000000e-01
3.117380e+03 0.000000e+00 1.000000e+00 1.000000e-01
3.117390e+03 0.000000e+00 1.000000e+00 1.000000e-01
3.117400e+03 0.000000e+00 1.000000e+00 1.000000e-01
3.117410e+03 0.000000e+00 1.000000e+00 1.000000e-01
3.117420e+03 0.000000e+00 1.000000e+00 1.000000e-01
3.117430e+03 0.000000e+00 1.000000e+00 1.000000e-01
3.117440e+03 0.000000e+00 1.000000e+00 1.000000e-01
3.117450e+03 0.000000e+00 1.000000e+00 1.000000e-01
3.117460e+03 0.000000e+00 1.000000e+00 1.000000e-01
3.117470e+03 0.000000e+00 1.000000e+00 1.000000e-01
3.117480e+03 0.000000e+00 1.000000e+00 1.000000e-01
3.117490e+03 0.000000e+00 1.000000e+00 1.000000e-01
3.117500e+03 0.000000e+00 1.000000e+00 1.000000e-01
3.117510e+03 0.000000e+00 1.000000e+00 1.000000e-01
3.117520e+03 0.000000e+00 1.000000e+00 1.000000e-01
3.117530e+03 0.000000e+00 1.000000e+00 1.000000e-01
3.117540e+03 0.000000e+00 1.000000e+00 1.000000e-01
3.117550e+03 0.000000e+00 1.000000e+00 1.000000e-01
3.117560e+03 0.000000e+00 1.000000e+00 1.000000e-01
3.117570e+03 0.000000e+00 1.000000e+00 1.000000e-01
3.117580e+03 0.000000e+00 1.000000e+00 1.000000e-01
3.117590e+03 0.000000e+00 1.000000e+00 1.000000e-01
3.117600e+03 0.000000e+00 1.000000e+00 1.000000e-01
3.117610e+03 0.000000e+00 1.000000e+00 1.000000e-01
3.117620e+03 0.000000e+00 1.000000e+00 1.000000e-01
3.117630e+03 0.000000e+00 1.000000e+00 1.000000e-01
3.117640e+03 0.000000e+00 1.000000e+00 1.000000e-01
3.117650e+03 0.000000e+00 1.000000e+00 1.000000e-01
3.117660e+03 0.000000e+00 1.000000e+00 1.000000e-01
3.117670e+03 0.000000e+00 1.000000e+00 1.000000e-01
3.117680e+03 0.000000e+00 1.000000e+00 1.000000e-01
3.117690e+03 0.000000e+00 1.000000e+00 1.000000e-01
3.117700e+03 0.000000e+00 1.000000e+00 1.000000e-01
3.117710e+03 0.000000e+00 1.000000e+00 1.000000e-01
3.117720e+03 0.000000e+00 1.000000e+00 1.000000e-01
3.117730e+03 0.000000e+00 1.000000e+00 1.000000e-01
3.117740e+03 0.000000e+00 1.000000e+00 1.000000e-01
3.117750e+03 0.000000e+00 1.000000e+00 1.000000e-01
3.117760e+03 0.000000e+00 1.000000e+00 1.000000e-01
3.117770e+03 0.000000e+00 1.000000e+00 1.000000e-01
3.117780e+03 0.000000e+00 1.000000e+00 1.000000e-01
3.117790e+03 0.000000e+00 1.000000e+00 1.000000e-01
3.117800e+03 0.000000e+00 1.000000e+00 1.000000e-01
3.117810e+03 0.000000e+00 1.000000e+00 1.000000e-01
3.117820e+03 0.000000e+00 1.000000e+00 1.000000e-01
3.117830e+03 0.000000e+00 1.000000e+00 1.000000e-01
3.117840e+03 0.000000e+00 1.000000e+00 1.000000e-01
3.117850e+03 0.000000e+00 1.000000e+00 1.000000e-01
3.117860e+03 0.000000e+00 1.000000e+00 1.000000e-01
3.117870e+03 0.000000e+00 1.000000e+00 1.000000e-01
3.117880e+03 0.000000e+00 1.000000e+00 1.000000e-01
3.117890e+03 0.000000e+00 1.000000e+00 1.000000e-01
3.117900e+03 0.000000e+00 1.000000e+00 1.000000e-01
3.117910e+03 0.000000e+00 1.000000e+00 1.000000e-01
3.117920e+03 0.000000e+00 1.000000e+00 1.000000e-01
3.117930e+03 0.000000e+00 1.000000e+00 1.000000e-01
3.117940e+03 0.000000e+00 1.000000e+00 1.000000e-01
3.117950e+03 0.000000e+00 1.000000e+00 1.000000e-01
3.117960e+03 0.000000e+00 1.000000e+00 1.000000e-01
3.117970e+03 0.000000e+00 1.000000e+00 1.000000e-01
3.117980e+03 0.000000e+00 1.000000e+00 1.000000e-01
3.117990e+03 0.000000e+00 1.000000e+00 1.000000e-01
3.118000e+03 0.000000e+00 1.000000e+00 1.000000e-01
3.118010e+03 0.000000e+00 1.000000e+00 1.000000e-01
3.118020e+03 0.000000e+00 1.000000e+00 1.000000e-01
3.118030e+03 0.000000e+00 1.000000e+00 1.000000e-01
3.118040e+03 0.000000e+00 1.000000e+00 1.000000e-01
3.118050e+03 0.000000e+00 1.000000e+00 1.000000e-01
3.118060e+03 0.000000e+00 1.000000e+00 1.000000e-01
3.118070e+03 0.000000e+00 1.000000e+00 1.000000e-01
3.118080e+03 0.000000e+00 1.000000e+00 1.000000e-01
3.118090e+03 0.000000e+00 1.000000e+00 1.000000e-01
3.118100e+03 0.000000e+00 1.000000e+00 1.000000e-01
3.118110e+03 0.000000e+00 1.000000e+00 1.000000e-01
3.118120e+03 0.000000e+00 1.000000e+00 1.000000e-01
3.118130e+03 0.000000e+00 1.000000e+00 1.000000e-01
3.118140e+03 0.000000e+00 1.000000e+00 1.000000e-01
3.118150e+03 0.000000e+00 1.000000e+00 1.000000e-01
3.118160e+03 0.000000e+00 1.000000e+00 1.000000e-01
3.118170e+03 0.000000e+00 1.000000e+00 1.000000e-01
3.118180e+03 0.000000e+00 1.000000e+00 1.000000e-01
3.118190e+03 0.000000e+00 1.000000e+00 1.000000e-01
3.118200e+03 0.000000e+00 1.000000e+00 1.000000e-01
3.118210e+03 0.000000e+00 1.000000e+00 1.000000e-01
3.118220e+03 0.000000e+00 1.000000e+00 1.000000e-01
3.118230e+03 0.000000e+00 1.000000e+00 1.000000e-01
3.118240e+03 0.000000e+00 1.000000e+00 1.000000e-01
3.118250e+03 0.000000e+00 1.000000e+00 1.000000e-01
3.118260e+03 0.000000e+00 1.000000e+00 1.000000e-01
3.118270e+03 0.000000e+00 1.000000e+00 1.000000e-01
3.118280e+03 0.000000e+00 1.000000e+00 1.000000e-01
3.118290e+03 0.000000e+00 1.000000e+00 1.000000e-01
3.118300e+03 0.000000e+00 1.000000e+00 1.000000e-01
3.118310e+03 0.000000e+00 1.000000e+00 1.000000e-01
3.118320e+03 0.000000e+00 1.000000e+00 1.000000e-01
3.118330e+03 0.000000e+00 1.000000e+00 1.000000e-01
3.118340e+03 0.000000e+00 1.000000e+00 1.000000e-01
3.118350e+03 0.000000e+00 1.000000e+00 1.000000e-01
3.118360e+03 0.000000e+00 1.000000e+00 1.000000e-01
3.118370e+03 0.000000e+00 1.000000e+00 1.000000e-01
3.118380e+03 0.000000e+00 1.000000e+00 1.000000e-01
3.118390e+03 0.000000e+00 1.000000e+00 1.000000e-01
3.118400e+03 0.000000e+00 1.000000e+00 1.000000e-01
3.118410e+03 0.000000e+00 1.000000e+00 1.000000e-01
3.118420e+03 0.000000e+00 1.000000e+00 1.000000e-01
3.118430e+03 0.000000e+00 1.000000e+00 1.000000e-01
3.118440e+03 0.000000e+00 1.000000e+00 1.000000e-01
3.118450e+03 0.000000e+00 1.000000e+00 1.000000e-01
3.118460e+03 0.000000e+00 1.000000e+00 1.000000e-01
3.118470e+03 0.000000e+00 1.000000e+00 1.000000e-01
3.118480e+03 0.000000e+00 1.000000e+00 1.000000e-01
3.118490e+03 0.000000e+00 1.000000e+00 1.000000e-01
3.118500e+03 0.000000e+00 1.000000e+00 1.000000e-01
3.118510e+03 0.000000e+00 1.000000e+00 1.000000e-01
3.118520e+03 0.000000e+00 1.000000e+00 1.000000e-01
3.118530e+03 0.000000e+00 1.000000e+00 1.000000e-01
3.118540e+03 0.000000e+00 1.000000e+00 1.000000e-01
3.118550e+03 0.000000e+00 1.000000e+00 1.000000e-01
3.118560e+03 0.000000e+00 1.000000e+00 1.000000e-01
3.118570e+03 0.000000e+00 1.000000e+00 1.000000e-01
3.118580e+03 0.000000e+00 1.000000e+00 1.000000e-01
3.118590e+03 0.000000e+00 1.000000e+00 1.000000e-01
3.118600e+03 0.000000e+00 1.000000e+00 1.000000e-01
3.118610e+03 0.000000e+00 1.000000e+00 1.000000e-01
3.118620e+03 0.000000e+00 1.000000e+00 1.000000e-01
3.118630e+03 0.000000e+00 1.000000e+00 1.000000e-01
3.118640e+03 0.000000e+00 1.000000e+00 1.000000e-01
3.118650e+03 0.000000e+00 1.000000e+00 1.000000e-01
3.118660e+03 0.000000e+00 1.000000e+00 1.000000e-01
3.118670e+03 0.000000e+00 1.000000e+00 1.000000e-01
3.118680e+03 0.000000e+00 1.000000e+00 1.000000e-01
3.118690e+03 0.000000e+00 1.000000e+00 1.000000e-01
3.118700e+03 0.000000e+00 1.000000e+00 1.000000e-01
3.118710e+03 0.000000e+00 1.000000e+00 1.000000e-01
3.118720e+03 0.000000e+00 1.000000e+00 1.000000e-01
3.118730e+03 0.000000e+00 1.000000e+00 1.000000e-01
3.118740e+03 0.000000e+00 1.000000e+00 1.000000e-01
3.118750e+03 0.000000e+00 1.000000e+00 1.000000e-01
3.118760e+03 0.000000e+00 1.000000e+00 1.000000e-01
3.118770e+03 0.000000e+00 1.000000e+00 1.000000e-01
3.118780e+03 0.000000e+00 1.000000e+00 1.000000e-01
3.118790e+03 0.000000e+00 1.000000e+00 1.000000e-01
3.118800e+03 0.000000e+00 1.000000e+00 1.000000e-01
3.118810e+03 0.000000e+00 1.000000e+00 1.000000e-01
3.118820e+03 0.000000e+00 1.000000e+00 1.000000e-01
3.118830e+03 0.000000e+00 1.000000e+00 1.000000e-01
3.118840e+03 0.000000e+00 1.000000e+00 1.000000e-01
3.118850e+03 0.000000e+00 1.000000e+00 1.000000e-01
3.118860e+03 0.000000e+00 1.000000e+00 1.000000e-01
3.118870e+03 0.000000e+00 1.000000e+00 1.000000e-01
3.118880e+03 0.000000e+00 1.000000e+00 1.000000e-01
3.118890e+03 0.000000e+00 1.000000e+00 1.000000e-01
3.118900e+03 0.000000e+00 1.000000e+00 1.000000e-01
3.118910e+03 0.000000e+00 1.000000e+00 1.000000e-01
3.118920e+03 0.000000e+00 1.000000e+00 1.000000e-01
3.118930e+03 0.000000e+00 1.000000e+00 1.000000e-01
3.118940e+03 0.000000e+00 1.000000e+00 1.000000e-01
3.118950e+03 0.000000e+00 1.000000e+00 1.000000e-01
3.118960e+03 0.000000e+00 1.000000e+00 1.000000e-01
3.118970e+03 0.000000e+00 1.000000e+00 1.000000e-01
3.118980e+03 0.000000e+00 1.000000e+00 1.000000e-01
3.118990e+03 0.000000e+00 1.000000e+00 1.000000e-01
3.119000e+03 0.000000e+00 1.000000e+00 1.000000e-01
3.119010e+03 0.000000e+00 1.000000e+00 1.000000e-01
3.119020e+03 0.000000e+00 1.000000e+00 1.000000e-01
3.119030e+03 0.000000e+00 1.000000e+00 1.000000e-01
3.119040e+03 0.000000e+00 1.000000e+00 1.000000e-01
3.119050e+03 0.000000e+00 1.000000e+00 1.000000e-01
3.119060e+03 0.000000e+00 1.000000e+00 1.000000e-01
3.119070e+03 0.000000e+00 1.000000e+00 1.000000e-01
3.119080e+03 0.000000e+00 1.000000e+00 1.000000e-01
3.119090e+03 0.000000e+00 1.000000e+00 1.000000e-01
3.119100e+03 0.000000e+00 1.000000e+00 1.000000e-01
3.119110e+03 0.000000e+00 1.000000e+00 1.000000e-01
3.119120e+03 0.000000e+00 1.000000e+00 1.000000e-01
3.119130e+03 0.000000e+00 1.000000e+00 1.000000e-01
3.119140e+03 0.000000e+00 1.000000e+00 1.000000e-01
3.119150e+03 0.000000e+00 1.000000e+00 1.000000e-01
3.119160e+03 0.000000e+00 1.000000e+00 1.000000e-01
3.119170e+03 0.000000e+00 1.000000e+00 1.000000e-01
3.119180e+03 0.000000e+00 1.000000e+00 1.000000e-01
3.119190e+03 0.000000e+00 1.000000e+00 1.000000e-01
3.119200e+03 0.000000e+00 1.000000e+00 1.000000e-01
3.119210e+03 0.000000e+00 1.000000e+00 1.000000e-01
3.119220e+03 0.000000e+00 1.000000e+00 1.000000e-01
3.119230e+03 0.000000e+00 1.000000e+00 1.000000e-01
3.119240e+03 0.000000e+00 1.000000e+00 1.000000e-01
3.119250e+03 0.000000e+00 1.000000e+00 1.000000e-01
3.119260e+03 0.000000e+00 1.000000e+00 1.000000e-01
3.119270e+03 0.000000e+00 1.000000e+00 1.000000e-01
3.119280e+03 0.000000e+00 1.000000e+00 1.000000e-01
3.119290e+03 0.000000e+00 1.000000e+00 1.000000e-01
3.119300e+03 0.000000e+00 1.000000e+00 1.000000e-01
3.119310e+03 0.000000e+00 1.000000e+00 1.000000e-01
3.119320e+03 0.000000e+00 1.000000e+00 1.000000e-01
3.119330e+03 0.000000e+00 1.000000e+00 1.000000e-01
3.119340e+03 0.000000e+00 1.000000e+00 1.000000e-01
3.119350e+03 0.000000e+00 1.000000e+00 1.000000e-01
3.119360e+03 0.000000e+00 1.000000e+00 1.000000e-01
3.119370e+03 0.000000e+00 1.000000e+00 1.000000e-01
3.119380e+03 0.000000e+00 1.000000e+00 1.000000e-01
3.119390e+03 0.000000e+00 1.000000e+00 1.000000e-01
3.119400e+03 0.000000e+00 1.000000e+00 1.000000e-01
3.119410e+03 0.000000e+00 1.000000e+00 1.000000e-01
3.119420e+03 0.000000e+00 1.000000e+00 1.000000e-01
3.119430e+03 0.000000e+00 1.000000e+00 1.000000e-01
3.119440e+03 0.000000e+00 1.000000e+00 1.000000e-01
3.119450e+03 0.000000e+00 1.000000e+00 1.000000e-01
3.119460e+03 0.000000e+00 1.000000e+00 1.000000e-01
3.119470e+03 0.000000e+00 1.000000e+00 1.000000e-01
3.119480e+03 0.000000e+00 1.000000e+00 1.000000e-01
3.119490e+03 0.000000e+00 1.000000e+00 1.000000e-01
3.119500e+03 0.000000e+00 1.000000e+00 1.000000e-01
3.119510e+03 0.000000e+00 1.000000e+00 1.000000e-01
3.119520e+03 0.000000e+00 1.000000e+00 1.000000e-01
3.119530e+03 0.000000e+00 1.000000e+00 1.000000e-01
3.119540e+03 0.000000e+00 1.000000e+00 1.000000e-01
3.119550e+03 0.000000e+00 1.000000e+00 1.000000e-01
3.119560e+03 0.000000e+00 1.000000e+00 1.000000e-01
3.119570e+03 0.000000e+00 1.000000e+00 1.000000e-01
3.119580e+03 0.000000e+00 1.000000e+00 1.000000e-01
3.119590e+03 0.000000e+00 1.000000e+00 1.000000e-01
3.119600e+03 0.000000e+00 1.000000e+00 1.000000e-01
3.119610e+03 0.000000e+00 1.000000e+00 1.000000e-01
3.119620e+03 0.000000e+00 1.000000e+00 1.000000e-01
3.119630e+03 0.000000e+00 1.000000e+00 1.000000e-01
3.119640e+03 0.000000e+00 1.000000e+00 1.000000e-01
3.119650e+03 0.000000e+00 1.000000e+00 1.000000e-01
3.119660e+03 0.000000e+00 1.000000e+00 1.000000e-01
3.119670e+03 0.000000e+00 1.000000e+00 1.000000e-01
3.119680e+03 0.000000e+00 1.000000e+00 1.000000e-01
3.119690e+03 0.000000e+00 1.000000e+00 1.000000e-01
3.119700e+03 0.000000e+00 1.000000e+00 1.000000e-01
3.119710e+03 0.000000e+00 1.000000e+00 1.000000e-01
3.119720e+03 0.000000e+00 1.000000e+00 1.000000e-01
3.119730e+03 0.000000e+00 1.000000e+00 1.000000e-01
3.119740e+03 0.000000e+00 1.000000e+00 1.000000e-01
3.119750e+03 0.000000e+00 1.000000e+00 1.000000e-01
3.119760e+03 0.000000e+00 1.000000e+00 1.000000e-01
3.119770e+03 0.000000e+00 1.000000e+00 1.000000e-01
3.119780e+03 0.000000e+00 1.000000e+00 1.000000e-01
3.119790e+03 0.000000e+00 1.000000e+00 1.000000e-01
3.119800e+03 0.000000e+00 1.000000e+00 1.000000e-01
3.119810e+03 0.000000e+00 1.000000e+00 1.000000e-01
3.119820e+03 0.000000e+00 1.000000e+00 1.000000e-01
3.119830e+03 0.000000e+00 1.000000e+00 1.000000e-01
3.119840e+03 0.000000e+00 1.000000e+00 1.000000e-01
3.119850e+03 0.000000e+00 1.000000e+00 1.000000e-01
3.119860e+03 0.000000e+00 1.000000e+00 1.000000e-01
3.119870e+03 0.000000e+00 1.000000e+00 1.000000e-01
3.119880e+03 0.000000e+00 1.000000e+00 1.000000e-01
3.119890e+03 0.000000e+00 1.000000e+00 1.000000e-01
3.119900e+03 0.000000e+00 1.000000e+00 1.000000e-01
3.119910e+03 0.000000e+00 1.000000e+00 1.000000e-01
3.119920e+03 0.000000e+00 1.000000e+00 1.000000e-01
3.119930e+03 0.000000e+00 1.000000e+00 1.000000e-01
3.119940e+03 0.000000e+00 1.000000e+00 1.000000e-01
3.119950e+03 0.000000e+00 1.000000e+00 1.000000e-01
3.119960e+03 0.000000e+00 1.000000e+00 1.000000e-01
3.119970e+03 0.000000e+00 1.000000e+00 1.000000e-01
3.119980e+03 0.000000e+00 1.000000e+00 1.000000e-01
3.119990e+03 0.000000e+00 1.000000e+00 1.000000e-01
3.120000e+03 0.000000e+00 1.000000e+00 1.000000e-01
3.120010e+03 0.000000e+00 1.000000e+00 1.000000e-01
3.120020e+03 0.000000e+00 1.000000e+00 1.000000e-01
3.120030e+03 0.000000e+00 1.000000e+00 1.000000e-01
3.120040e+03 0.000000e+00 1.000000e+00 1.000000e-01
3.120050e+03 0.000000e+00 1.000000e+00 1.000000e-01
3.120060e+03 0.000000e+00 1.000000e+00 1.000000e-01
3.120070e+03 0.000000e+00 1.000000e+00 1.000000e-01
3.120080e+03 0.000000e+00 1.000000e+00 1.000000e-01
3.120090e+03 0.000000e+00 1.000000e+00 1.000000e-01
3.120100e+03 0.000000e+00 1.000000e+00 1.000000e-01
3.120110e+03 0.000000e+00 1.000000e+00 1.000000e-01
3.120120e+03 0.000000e+00 1.000000e+00 1.000000e-01
3.120130e+03 0.000000e+00 1.000000e+00 1.000000e-01
3.120140e+03 0.000000e+00 1.000000e+00 1.000000e-01
3.120150e+03 0.000000e+00 1.000000e+00 1.000000e-01
3.120160e+03 0.000000e+00 1.000000e+00 1.000000e-01
3.120170e+03 0.000000e+00 1.000000e+00 1.000000e-01
3.120180e+03 0.000000e+00 1.000000e+00 1.000000e-01
3.120190e+03 0.000000e+00 1.000000e+00 1.000000e-01
3.120200e+03 0.000000e+00 1.000000e+00 1.000000e-01
3.120210e+03 0.000000e+00 1.000000e+00 1.000000e-01
3.120220e+03 0.000000e+00 1.000000e+00 1.000000e-01
3.120230e+03 0.000000e+00 1.000000e+00 1.000000e-01
3.120240e+03 0.000000e+00 1.000000e+00 1.000000e-01
3.120250e+03 0.000000e+00 1.000000e+00 1.000000e-01
3.120260e+03 0.000000e+00 1.000000e+00 1.000000e-01
3.120270e+03 0.000000e+00 1.000000e+00 1.000000e-01
3.120280e+03 0.000000e+00 1.000000e+00 1.000000e-01
3.120290e+03 0.000000e+00 1.000000e+00 1.000000e-01
3.120300e+03 0.000000e+00 1.000000e+00 1.000000e-01
3.120310e+03 0.000000e+00 1.000000e+00 1.000000e-01
3.120320e+03 0.000000e+00 1.000000e+00 1.000000e-01
3.120330e+03 0.000000e+00 1.000000e+00 1.000000e-01
3.120340e+03 0.000000e+00 1.000000e+00 1.000000e-01
3.120350e+03 0.000000e+00 1.000000e+00 1.000000e-01
3.120360e+03 0.000000e+00 1.000000e+00 1.000000e-01
3.120370e+03 0.000000e+00 1.000000e+00 1.000000e-01
3.120380e+03 0.000000e+00 1.000000e+00 1.000000e-01
3.120390e+03 0.000000e+00 1.000000e+00 1.000000e-01
3.120400e+03 0.000000e+00 1.000000e+00 1.000000e-01
3.120410e+03 0.000000e+00 1.000000e+00 1.000000e-01
3.120420e+03 0.000000e+00 1.000000e+00 1.000000e-01
3.120430e+03 0.000000e+00 1.000000e+00 1.000000e-01
3.120440e+03 0.000000e+00 1.000000e+00 1.000000e-01
3.120450e+03 0.000000e+00 1.000000e+00 1.000000e-01
3.120460e+03 0.000000e+00 1.000000e+00 1.000000e-01
3.120470e+03 0.000000e+00 1.000000e+00 1.000000e-01
3.120480e+03 0.000000e+00 1.000000e+00 1.000000e-01
3.120490e+03 0.000000e+00 1.000000e+00 1.000000e-01
3.120500e+03 0.000000e+00 1.000000e+00 1.000000e-01
3.120510e+03 0.000000e+00 1.000000e+00 1.000000e-01
3.120520e+03 0.000000e+00 1.000000e+00 1.000000e-01
3.120530e+03 0.000000e+00 1.000000e+00 1.000000e-01
3.120540e+03 0.000000e+00 1.000000e+00 1.000000e-01
3.120550e+03 0.000000e+00 1.000000e+00 1.000000e-01
3.120560e+03 0.000000e+00 1.000000e+00 1.000000e-01
3.120570e+03 0.000000e+00 1.000000e+00 1.000000e-01
3.120580e+03 0.000000e+00 1.000000e+00 1.000000e-01
3.120590e+03 0.000000e+00 1.000000e+00 1.000000e-01
3.120600e+03 0.000000e+00 1.000000e+00 1.000000e-01
3.120610e+03 0.000000e+00 1.000000e+00 1.000000e-01
3.120620e+03 0.000000e+00 1.000000e+00 1.000000e-01
3.120630e+03 0.000000e+00 1.000000e+00 1.000000e-01
3.120640e+03 0.000000e+00 1.000000e+00 1.000000e-01
3.120650e+03 0.000000e+00 1.000000e+00 1.000000e-01
3.120660e+03 0.000000e+00 1.000000e+00 1.000000e-01
3.120670e+03 0.000000e+00 1.000000e+00 1.000000e-01
3.120680e+03 0.000000e+00 1.000000e+00 1.000000e-01
3.120690e+03 0.000000e+00 1.000000e+00 1.000000e-01
3.120700e+03 0.000000e+00 1.000000e+00 1.000000e-01
3.120710e+03 0.000000e+00 1.000000e+00 1.000000e-01
3.120720e+03 0.000000e+00 1.000000e+00 1.000000e-01
3.120730e+03 0.000000e+00 1.000000e+00 1.000000e-01
3.120740e+03 0.000000e+00 1.000000e+00 1.000000e-01
3.120750e+03 0.000000e+00 1.000000e+00 1.000000e-01
3.120760e+03 0.000000e+00 1.000000e+00 1.000000e-01
3.120770e+03 0.000000e+00 1.000000e+00 1.000000e-01
3.120780e+03 0.000000e+00 1.000000e+00 1.000000e-01
3.120790e+03 0.000000e+00 1.000000e+00 1.000000e-01
3.120800e+03 0.000000e+00 1.000000e+00 1.000000e-01
3.120810e+03 0.000000e+00 1.000000e+00 1.000000e-01
3.120820e+03 0.000000e+00 1.000000e+00 1.000000e-01
3.120830e+03 0.000000e+00 1.000000e+00 1.000000e-01
3.120840e+03 0.000000e+00 1.000000e+00 1.000000e-01
3.120850e+03 0.000000e+00 1.000000e+00 1.000000e-01
3.120860e+03 0.000000e+00 1.000000e+00 1.000000e-01
3.120870e+03 0.000000e+00 1.000000e+00 1.000000e-01
3.120880e+03 0.000000e+00 1.000000e+00 1.000000e-01
3.120890e+03 0.000000e+00 1.000000e+00 1.000000e-01
3.120900e+03 0.000000e+00 1.000000e+00 1.000000e-01
3.120910e+03 0.000000e+00 1.000000e+00 1.000000e-01
3.120920e+03 0.000000e+00 1.000000e+00 1.000000e-01
3.120930e+03 0.000000e+00 1.000000e+00 1.000000e-01
3.120940e+03 0.000000e+00 1.000000e+00 1.000000e-01
3.120950e+03 0.000000e+00 1.000000e+00 1.000000e-01
3.120960e+03 0.000000e+00 1.000000e+00 1.000000e-01
3.120970e+03 0.000000e+00 1.000000e+00 1.000000e-01
3.120980e+03 0.000000e+00 1.000000e+00 1.000000e-01
3.120990e+03 0.000000e+00 1.000000e+00 1.000000e-01
3.121000e+03 0.000000e+00 1.000000e+00 1.000000e-01
