# wavelength[A] tau flux flux_error
3.071000e+03 0.000000e+00 1.000000e+00 1.000000e-01
3.071010e+03 0.000000e+00 1.000000e+00 1.000000e-01
3.071020e+03 0.000000e+00 1.000000e+00 1.000000e-01
3.071030e+03 0.000000e+00 1.000000e+00 1.000000e-01
3.071040e+03 0.000000e+00 1.000000e+00 1.000000e-01
3.071050e+03 0.000000e+00 1.000000e+00 1.000000e-01
3.071060e+03 0.000000e+00 1.000000e+00 1.000000e-01
3.071070e+03 0.000000e+00 1.000000e+00 1.000000e-01
3.071080e+03 0.000000e+00 1.000000e+00 1.000000e-01
3.071090e+03 0.000000e+00 1.000000e+00 1.000000e-01
3.071100e+03 0.000000e+00 1.000000e+00 1.000000e-01
3.071110e+03 0.000000e+00 1.000000e+00 1.000000e-01
3.071120e+03 0.000000e+00 1.000000e+00 1.000000e-01
3.071130e+03 0.000000e+00 1.000000e+00 1.000000e-01
3.071140e+03 0.000000e+00 1.000000e+00 1.000000e-01
3.071150e+03 0.000000e+00 1.000000e+00 1.000000e-01
3.071160e+03 0.000000e+00 1.000000e+00 1.000000e-01
3.071170e+03 0.000000e+00 1.000000e+00 1.000000e-01
3.071180e+03 0.000000e+00 1.000000e+00 1.000000e-01
3.071190e+03 0.000000e+00 1.000000e+00 1.000000e-01
3.071200e+03 0.000000e+00 1.000000e+00 1.000000e-01
3.071210e+03 0.000000e+00 1.000000e+00 1.000000e-01
3.071220e+03 0.000000e+00 1.000000e+00 1.000000e-01
3.071230e+03 0.000000e+00 1.000000e+00 1.000000e-01
3.071240e+03 0.000000e+00 1.000000e+00 1.000000e-01
3.071250e+03 0.000000e+00 1.000000e+00 1.000000e-01
3.071260e+03 0.000000e+00 1.000000e+00 1.000000e-01
3.071270e+03 0.000000e+00 1.000000e+00 1.000000e-01
3.071280e+03 0.000000e+00 1.000000e+00 1.000000e-01
3.071290e+03 0.000000e+00 1.000000e+00 1.000000e-01
3.071300e+03 0.000000e+00 1.000000e+00 1.000000e-01
3.071310e+03 0.000000e+00 1.000000e+00 1.000000e-01
3.071320e+03 0.000000e+00 1.000000e+00 1.000000e-01
3.071330e+03 0.000000e+00 1.000000e+00 1.000000e-01
3.071340e+03 0.000000e+00 1.000000e+00 1.000000e-01
3.071350e+03 0.000000e+00 1.000000e+00 1.000000e-01
3.071360e+03 0.000000e+00 1.000000e+00 1.000000e-01
3.071370e+03 0.000000e+00 1.000000e+00 1.000000e-01
3.071380e+03 0.000000e+00 1.000000e+00 1.000000e-01
3.071390e+03 0.000000e+00 1.000000e+00 1.000000e-01
3.071400e+03 0.000000e+00 1.000000e+00 1.000000e-01
3.071410e+03 0.000000e+00 1.000000e+00 1.000000e-01
3.071420e+03 0.000000e+00 1.000000e+00 1.000000e-01
3.071430e+03 0.000000e+00 1.000000e+00 1.000000e-01
3.071440e+03 0.000000e+00 1.000000e+00 1.000000e-01
3.071450e+03 0.000000e+00 1.000000e+00 1.000000e-01
3.071460e+03 0.000000e+00 1.000000e+00 1.000000e-01
3.071470e+03 0.000000e+00 1.000000e+00 1.000000e-01
3.071480e+03 0.000000e+00 1.000000e+00 1.000000e-01
3.071490e+03 0.000000e+00 1.000000e+00 1.000000e-01
3.071500e+03 0.000000e+00 1.000000e+00 1.000000e-01
3.071510e+03 0.000000e+00 1.000000e+00 1.000000e-01
3.071520e+03 0.000000e+00 1.000000e+00 1.000000e-01
3.071530e+03 0.000000e+00 1.000000e+00 1.000000e-01
3.071540e+03 0.000000e+00 1.000000e+00 1.000000e-01
3.071550e+03 0.000000e+00 1.000000e+00 1.000000e-01
3.071560e+03 0.000000e+00 1.000000e+00 1.000000e-01
3.071570e+03 0.000000e+00 1.000000e+00 1.000000e-01
3.071580e+03 0.000000e+00 1.000000e+00 1.000000e-01
3.071590e+03 0.000000e+00 1.000000e+00 1.000000e-01
3.071600e+03 0.000000e+00 1.000000e+00 1.000000e-01
3.071610e+03 0.000000e+00 1.000000e+00 1.000000e-01
3.071620e+03 0.000000e+00 1.000000e+00 1.000000e-01
3.071630e+03 0.000000e+00 1.000000e+00 1.000000e-01
3.071640e+03 0.000000e+00 1.000000e+00 1.000000e-01
3.071650e+03 0.000000e+00 1.000000e+00 1.000000e-01
3.071660e+03 0.000000e+00 1.000000e+00 1.000000e-01
3.071670e+03 0.000000e+00 1.000000e+00 1.000000e-01
3.071680e+03 0.000000e+00 1.000000e+00 1.000000e-01
3.071690e+03 0.000000e+00 1.000000e+00 1.000000e-01
3.071700e+03 0.000000e+00 1.000000e+00 1.000000e-01
3.071710e+03 0.000000e+00 1.000000e+00 1.000000e-01
3.071720e+03 0.000000e+00 1.000000e+00 1.000000e-01
3.071730e+03 0.000000e+00 1.000000e+00 1.000000e-01
3.071740e+03 0.000000e+00 1.000000e+00 1.000000e-01
3.071750e+03 0.000000e+00 1.000000e+00 1.000000e-01
3.071760e+03 0.000000e+00 1.000000e+00 1.000000e-01
3.071770e+03 0.000000e+00 1.000000e+00 1.000000e-01
3.071780e+03 0.000000e+00 1.000000e+00 1.000000e-01
3.071790e+03 0.000000e+00 1.000000e+00 1.000000e-01
3.071800e+03 0.000000e+00 1.000000e+00 1.000000e-01
3.071810e+03 0.000000e+00 1.000000e+00 1.000000e-01
3.071820e+03 0.000000e+00 1.000000e+00 1.000000e-01
3.071830e+03 0.000000e+00 1.000000e+00 1.000000e-01
3.071840e+03 0.000000e+00 1.000000e+00 1.000000e-01
3.071850e+03 0.000000e+00 1.000000e+00 1.000000e-01
3.071860e+03 0.000000e+00 1.000000e+00 1.000000e-01
3.071870e+03 0.000000e+00 1.000000e+00 1.000000e-01
3.071880e+03 0.000000e+00 1.000000e+00 1.000000e-01
3.071890e+03 0.000000e+00 1.000000e+00 1.000000e-01
3.071900e+03 0.000000e+00 1.000000e+00 1.000000e-01
3.071910e+03 0.000000e+00 1.000000e+00 1.000000e-01
3.071920e+03 0.000000e+00 1.000000e+00 1.000000e-01
3.071930e+03 0.000000e+00 1.000000e+00 1.000000e-01
3.071940e+03 0.000000e+00 1.000000e+00 1.000000e-01
3.071950e+03 0.000000e+00 1.000000e+00 1.000000e-01
3.071960e+03 0.000000e+00 1.000000e+00 1.000000e-01
3.071970e+03 0.000000e+00 1.000000e+00 1.000000e-01
3.071980e+03 0.000000e+00 1.000000e+00 1.000000e-01
3.071990e+03 0.000000e+00 1.000000e+00 1.000000e-01
3.072000e+03 0.000000e+00 1.000000e+00 1.000000e-01
3.072010e+03 0.000000e+00 1.000000e+00 1.000000e-01
3.072020e+03 0.000000e+00 1.000000e+00 1.000000e-01
3.072030e+03 0.000000e+00 1.000000e+00 1.000000e-01
3.072040e+03 0.000000e+00 1.000000e+00 1.000000e-01
3.072050e+03 0.000000e+00 1.000000e+00 1.000000e-01
3.072060e+03 0.000000e+00 1.000000e+00 1.000000e-01
3.072070e+03 0.000000e+00 1.000000e+00 1.000000e-01
3.072080e+03 0.000000e+00 1.000000e+00 1.000000e-01
3.072090e+03 0.000000e+00 1.000000e+00 1.000000e-01
3.072100e+03 0.000000e+00 1.000000e+00 1.000000e-01
3.072110e+03 0.000000e+00 1.000000e+00 1.000000e-01
3.072120e+03 0.000000e+00 1.000000e+00 1.000000e-01
3.072130e+03 0.000000e+00 1.000000e+00 1.000000e-01
3.072140e+03 0.000000e+00 1.000000e+00 1.000000e-01
3.072150e+03 0.000000e+00 1.000000e+00 1.000000e-01
3.072160e+03 0.000000e+00 1.000000e+00 1.000000e-01
3.072170e+03 0.000000e+00 1.000000e+00 1.000000e-01
3.072180e+03 0.000000e+00 1.000000e+00 1.000000e-01
3.072190e+03 0.000000e+00 1.000000e+00 1.000000e-01
3.072200e+03 0.000000e+00 1.000000e+00 1.000000e-01
3.072210e+03 0.000000e+00 1.000000e+00 1.000000e-01
3.072220e+03 0.000000e+00 1.000000e+00 1.000000e-01
3.072230e+03 0.000000e+00 1.000000e+00 1.000000e-01
3.072240e+03 0.000000e+00 1.000000e+00 1.000000e-01
3.072250e+03 0.000000e+00 1.000000e+00 1.000000e-01
3.072260e+03 0.000000e+00 1.000000e+00 1.000000e-01
3.072270e+03 0.000000e+00 1.000000e+00 1.000000e-01
3.072280e+03 0.000000e+00 1.000000e+00 1.000000e-01
3.072290e+03 0.000000e+00 1.000000e+00 1.000000e-01
3.072300e+03 0.000000e+00 1.000000e+00 1.000000e-01
3.072310e+03 0.000000e+00 1.000000e+00 1.000000e-01
3.072320e+03 0.000000e+00 1.000000e+00 1.000000e-01
3.072330e+03 0.000000e+00 1.000000e+00 1.000000e-01
3.072340e+03 0.000000e+00 1.000000e+00 1.000000e-01
3.072350e+03 0.000000e+00 1.000000e+00 1.000000e-01
3.072360e+03 0.000000e+00 1.000000e+00 1.000000e-01
3.072370e+03 0.000000e+00 1.000000e+00 1.000000e-01
3.072380e+03 0.000000e+00 1.000000e+00 1.000000e-01
3.072390e+03 0.000000e+00 1.000000e+00 1.000000e-01
3.072400e+03 0.000000e+00 1.000000e+00 1.000000e-01
3.072410e+03 0.000000e+00 1.000000e+00 1.000000e-01
3.072420e+03 0.000000e+00 1.000000e+00 1.000000e-01
3.072430e+03 0.000000e+00 1.000000e+00 1.000000e-01
3.072440e+03 0.000000e+00 1.000000e+00 1.000000e-01
3.072450e+03 0.000000e+00 1.000000e+00 1.000000e-01
3.072460e+03 0.000000e+00 1.000000e+00 1.000000e-01
3.072470e+03 0.000000e+00 1.000000e+00 1.000000e-01
3.072480e+03 0.000000e+00 1.000000e+00 1.000000e-01
3.072490e+03 0.000000e+00 1.000000e+00 1.000000e-01
3.072500e+03 0.000000e+00 1.000000e+00 1.000000e-01
3.072510e+03 0.000000e+00 1.000000e+00 1.000000e-01
3.072520e+03 0.000000e+00 1.000000e+00 1.000000e-01
3.072530e+03 0.000000e+00 1.000000e+00 1.000000e-01
3.072540e+03 0.000000e+00 1.000000e+00 1.000000e-01
3.072550e+03 0.000000e+00 1.000000e+00 1.000000e-01
3.072560e+03 0.000000e+00 1.000000e+00 1.000000e-01
3.072570e+03 0.000000e+00 1.000000e+00 1.000000e-01
3.072580e+03 0.000000e+00 1.000000e+00 1.000000e-01
3.072590e+03 0.000000e+00 1.000000e+00 1.000000e-01
3.072600e+03 0.000000e+00 1.000000e+00 1.000000e-01
3.072610e+03 0.000000e+00 1.000000e+00 1.000000e-01
3.072620e+03 0.000000e+00 1.000000e+00 1.000000e-01
3.072630e+03 0.000000e+00 1.000000e+00 1.000000e-01
3.072640e+03 0.000000e+00 1.000000e+00 1.000000e-01
3.072650e+03 0.000000e+00 1.000000e+00 1.000000e-01
3.072660e+03 0.000000e+00 1.000000e+00 1.000000e-01
3.072670e+03 0.000000e+00 1.000000e+00 1.000000e-01
3.072680e+03 0.000000e+00 1.000000e+00 1.000000e-01
3.072690e+03 0.000000e+00 1.000000e+00 1.000000e-01
3.072700e+03 0.000000e+00 1.000000e+00 1.000000e-01
3.072710e+03 0.000000e+00 1.000000e+00 1.000000e-01
3.072720e+03 0.000000e+00 1.000000e+00 1.000000e-01
3.072730e+03 0.000000e+00 1.000000e+00 1.000000e-01
3.072740e+03 0.000000e+00 1.000000e+00 1.000000e-01
3.072750e+03 0.000000e+00 1.000000e+00 1.000000e-01
3.072760e+03 0.000000e+00 1.000000e+00 1.000000e-01
3.072770e+03 0.000000e+00 1.000000e+00 1.000000e-01
3.072780e+03 0.000000e+00 1.000000e+00 1.000000e-01
3.072790e+03 0.000000e+00 1.000000e+00 1.000000e-01
3.072800e+03 0.000000e+00 1.000000e+00 1.000000e-01
3.072810e+03 0.000000e+00 1.000000e+00 1.000000e-01
3.072820e+03 0.000000e+00 1.000000e+00 1.000000e-01
3.072830e+03 0.000000e+00 1.000000e+00 1.000000e-01
3.072840e+03 0.000000e+00 1.000000e+00 1.000000e-01
3.072850e+03 0.000000e+00 1.000000e+00 1.000000e-01
3.072860e+03 0.000000e+00 1.000000e+00 1.000000e-01
3.072870e+03 0.000000e+00 1.000000e+00 1.000000e-01
3.072880e+03 0.000000e+00 1.000000e+00 1.000000e-01
3.072890e+03 0.000000e+00 1.000000e+00 1.000000e-01
3.072900e+03 0.000000e+00 1.000000e+00 1.000000e-01
3.072910e+03 0.000000e+00 1.000000e+00 1.000000e-01
3.072920e+03 0.000000e+00 1.000000e+00 1.000000e-01
3.072930e+03 0.000000e+00 1.000000e+00 1.000000e-01
3.072940e+03 0.000000e+00 1.000000e+00 1.000000e-01
3.072950e+03 0.000000e+00 1.000000e+00 1.000000e-01
3.072960e+03 0.000000e+00 1.000000e+00 1.000000e-01
3.072970e+03 0.000000e+00 1.000000e+00 1.000000e-01
3.072980e+03 0.000000e+00 1.000000e+00 1.000000e-01
3.072990e+03 0.000000e+00 1.000000e+00 1.000000e-01
3.073000e+03 0.000000e+00 1.000000e+00 1.000000e-01
3.073010e+03 0.000000e+00 1.000000e+00 1.000000e-01
3.073020e+03 0.000000e+00 1.000000e+00 1.000000e-01
3.073030e+03 0.000000e+00 1.000000e+00 1.000000e-01
3.073040e+03 0.000000e+00 1.000000e+00 1.000000e-01
3.073050e+03 0.000000e+00 1.000000e+00 1.000000e-01
3.073060e+03 0.000000e+00 1.000000e+00 1.000000e-01
3.073070e+03 0.000000e+00 1.000000e+00 1.000000e-01
3.073080e+03 0.000000e+00 1.000000e+00 1.000000e-01
3.073090e+03 0.000000e+00 1.000000e+00 1.000000e-01
3.073100e+03 0.000000e+00 1.000000e+00 1.000000e-01
3.073110e+03 0.000000e+00 1.000000e+00 1.000000e-01
3.073120e+03 0.000000e+00 1.000000e+00 1.000000e-01
3.073130e+03 0.000000e+00 1.000000e+00 1.000000e-01
3.073140e+03 0.000000e+00 1.000000e+00 1.000000e-01
3.073150e+03 0.000000e+00 1.000000e+00 1.000000e-01
3.073160e+03 0.000000e+00 1.000000e+00 1.000000e-01
3.073170e+03 0.000000e+00 1.000000e+00 1.000000e-01
3.073180e+03 0.000000e+00 1.000000e+00 1.000000e-01
3.073190e+03 0.000000e+00 1.000000e+00 1.000000e-01
3.073200e+03 0.000000e+00 1.000000e+00 1.000000e-01
3.073210e+03 0.000000e+00 1.000000e+00 1.000000e-01
3.073220e+03 0.000000e+00 1.000000e+00 1.000000e-01
3.073230e+03 0.000000e+00 1.000000e+00 1.000000e-01
3.073240e+03 0.000000e+00 1.000000e+00 1.000000e-01
3.073250e+03 0.000000e+00 1.000000e+00 1.000000e-01
3.073260e+03 0.000000e+00 1.000000e+00 1.000000e-01
3.073270e+03 0.000000e+00 1.000000e+00 1.000000e-01
3.073280e+03 0.000000e+00 1.000000e+00 1.000000e-01
3.073290e+03 0.000000e+00 1.000000e+00 1.000000e-01
3.073300e+03 0.000000e+00 1.000000e+00 1.000000e-01
3.073310e+03 0.000000e+00 1.000000e+00 1.000000e-01
3.073320e+03 0.000000e+00 1.000000e+00 1.000000e-01
3.073330e+03 0.000000e+00 1.000000e+00 1.000000e-01
3.073340e+03 0.000000e+00 1.000000e+00 1.000000e-01
3.073350e+03 0.000000e+00 1.000000e+00 1.000000e-01
3.073360e+03 0.000000e+00 1.000000e+00 1.000000e-01
3.073370e+03 0.000000e+00 1.000000e+00 1.000000e-01
3.073380e+03 0.000000e+00 1.000000e+00 1.000000e-01
3.073390e+03 0.000000e+00 1.000000e+00 1.000000e-01
3.073400e+03 0.000000e+00 1.000000e+00 1.000000e-01
3.073410e+03 0.000000e+00 1.000000e+00 1.000000e-01
3.073420e+03 0.000000e+00 1.000000e+00 1.000000e-01
3.073430e+03 0.000000e+00 1.000000e+00 1.000000e-01
3.073440e+03 0.000000e+00 1.000000e+00 1.000000e-01
3.073450e+03 0.000000e+00 1.000000e+00 1.000000e-01
3.073460e+03 0.000000e+00 1.000000e+00 1.000000e-01
3.073470e+03 0.000000e+00 1.000000e+00 1.000000e-01
3.073480e+03 0.000000e+00 1.000000e+00 1.000000e-01
3.073490e+03 0.000000e+00 1.000000e+00 1.000000e-01
3.073500e+03 0.000000e+00 1.000000e+00 1.000000e-01
3.073510e+03 0.000000e+00 1.000000e+00 1.000000e-01
3.073520e+03 0.000000e+00 1.000000e+00 1.000000e-01
3.073530e+03 0.000000e+00 1.000000e+00 1.000000e-01
3.073540e+03 0.000000e+00 1.000000e+00 1.000000e-01
3.073550e+03 0.000000e+00 1.000000e+00 1.000000e-01
3.073560e+03 0.000000e+00 1.000000e+00 1.000000e-01
3.073570e+03 0.000000e+00 1.000000e+00 1.000000e-01
3.073580e+03 0.000000e+00 1.000000e+00 1.000000e-01
3.073590e+03 0.000000e+00 1.000000e+00 1.000000e-01
3.073600e+03 0.000000e+00 1.000000e+00 1.000000e-01
3.073610e+03 0.000000e+00 1.000000e+00 1.000000e-01
3.073620e+03 0.000000e+00 1.000000e+00 1.000000e-01
3.073630e+03 0.000000e+00 1.000000e+00 1.000000e-01
3.073640e+03 0.000000e+00 1.000000e+00 1.000000e-01
3.073650e+03 0.000000e+00 1.000000e+00 1.000000e-01
3.073660e+03 0.000000e+00 1.000000e+00 1.000000e-01
3.073670e+03 0.000000e+00 1.000000e+00 1.000000e-01
3.073680e+03 0.000000e+00 1.000000e+00 1.000000e-01
3.073690e+03 0.000000e+00 1.000000e+00 1.000000e-01
3.073700e+03 0.000000e+00 1.000000e+00 1.000000e-01
3.073710e+03 0.000000e+00 1.000000e+00 1.000000e-01
3.073720e+03 0.000000e+00 1.000000e+00 1.000000e-01
3.073730e+03 0.000000e+00 1.000000e+00 1.000000e-01
3.073740e+03 0.000000e+00 1.000000e+00 1.000000e-01
3.073750e+03 0.000000e+00 1.000000e+00 1.000000e-01
3.073760e+03 0.000000e+00 1.000000e+00 1.000000e-01
3.073770e+03 0.000000e+00 1.000000e+00 1.000000e-01
3.073780e+03 0.000000e+00 1.000000e+00 1.000000e-01
3.073790e+03 0.000000e+00 1.000000e+00 1.000000e-01
3.073800e+03 0.000000e+00 1.000000e+00 1.000000e-01
3.073810e+03 0.000000e+00 1.000000e+00 1.000000e-01
3.073820e+03 0.000000e+00 1.000000e+00 1.000000e-01
3.073830e+03 0.000000e+00 1.000000e+00 1.000000e-01
3.073840e+03 0.000000e+00 1.000000e+00 1.000000e-01
3.073850e+03 0.000000e+00 1.000000e+00 1.000000e-01
3.073860e+03 0.000000e+00 1.000000e+00 1.000000e-01
3.073870e+03 0.000000e+00 1.000000e+00 1.000000e-01
3.073880e+03 0.000000e+00 1.000000e+00 1.000000e-01
3.073890e+03 0.000000e+00 1.000000e+00 1.000000e-01
3.073900e+03 0.000000e+00 1.000000e+00 1.000000e-01
3.073910e+03 0.000000e+00 1.000000e+00 1.000000e-01
3.073920e+03 0.000000e+00 1.000000e+00 1.000000e-01
3.073930e+03 0.000000e+00 1.000000e+00 1.000000e-01
3.073940e+03 0.000000e+00 1.000000e+00 1.000000e-01
3.073950e+03 0.000000e+00 1.000000e+00 1.000000e-01
3.073960e+03 0.000000e+00 1.000000e+00 1.000000e-01
3.073970e+03 0.000000e+00 1.000000e+00 1.000000e-01
3.073980e+03 0.000000e+00 1.000000e+00 1.000000e-01
3.073990e+03 0.000000e+00 1.000000e+00 1.000000e-01
3.074000e+03 0.000000e+00 1.000000e+00 1.000000e-01
3.074010e+03 0.000000e+00 1.000000e+00 1.000000e-01
3.074020e+03 0.000000e+00 1.000000e+00 1.000000e-01
3.074030e+03 0.000000e+00 1.000000e+00 1.000000e-01
3.074040e+03 0.000000e+00 1.000000e+00 1.000000e-01
3.074050e+03 0.000000e+00 1.000000e+00 1.000000e-01
3.074060e+03 0.000000e+00 1.000000e+00 1.000000e-01
3.074070e+03 0.000000e+00 1.000000e+00 1.000000e-01
3.074080e+03 0.000000e+00 1.000000e+00 1.000000e-01
3.074090e+03 0.000000e+00 1.000000e+00 1.000000e-01
3.074100e+03 0.000000e+00 1.000000e+00 1.000000e-01
3.074110e+03 0.000000e+00 1.000000e+00 1.000000e-01
3.074120e+03 0.000000e+00 1.000000e+00 1.000000e-01
3.074130e+03 0.000000e+00 1.000000e+00 1.000000e-01
3.074140e+03 0.000000e+00 1.000000e+00 1.000000e-01
3.074150e+03 0.000000e+00 1.000000e+00 1.000000e-01
3.074160e+03 0.000000e+00 1.000000e+00 1.000000e-01
3.074170e+03 0.000000e+00 1.000000e+00 1.000000e-01
3.074180e+03 0.000000e+00 1.000000e+00 1.000000e-01
3.074190e+03 0.000000e+00 1.000000e+00 1.000000e-01
3.074200e+03 0.000000e+00 1.000000e+00 1.000000e-01
3.074210e+03 0.000000e+00 1.000000e+00 1.000000e-01
3.074220e+03 0.000000e+00 1.000000e+00 1.000000e-01
3.074230e+03 0.000000e+00 1.000000e+00 1.000000e-01
3.074240e+03 0.000000e+00 1.000000e+00 1.000000e-01
3.074250e+03 0.000000e+00 1.000000e+00 1.000000e-01
3.074260e+03 0.000000e+00 1.000000e+00 1.000000e-01
3.074270e+03 0.000000e+00 1.000000e+00 1.000000e-01
3.074280e+03 0.000000e+00 1.000000e+00 1.000000e-01
3.074290e+03 0.000000e+00 1.000000e+00 1.000000e-01
3.074300e+03 0.000000e+00 1.000000e+00 1.000000e-01
3.074310e+03 0.000000e+00 1.000000e+00 1.000000e-01
3.074320e+03 0.000000e+00 1.000000e+00 1.000000e-01
3.074330e+03 0.000000e+00 1.000000e+00 1.000000e-01
3.074340e+03 0.000000e+00 1.000000e+00 1.000000e-01
3.074350e+03 0.000000e+00 1.000000e+00 1.000000e-01
3.074360e+03 0.000000e+00 1.000000e+00 1.000000e-01
3.074370e+03 0.000000e+00 1.000000e+00 1.000000e-01
3.074380e+03 0.000000e+00 1.000000e+00 1.000000e-01
3.074390e+03 0.000000e+00 1.000000e+00 1.000000e-01
3.074400e+03 0.000000e+00 1.000000e+00 1.000000e-01
3.074410e+03 0.000000e+00 1.000000e+00 1.000000e-01
3.074420e+03 0.000000e+00 1.000000e+00 1.000000e-01
3.074430e+03 0.000000e+00 1.000000e+00 1.000000e-01
3.074440e+03 0.000000e+00 1.000000e+00 1.000000e-01
3.074450e+03 0.000000e+00 1.000000e+00 1.000000e-01
3.074460e+03 0.000000e+00 1.000000e+00 1.000000e-01
3.074470e+03 0.000000e+00 1.000000e+00 1.000000e-01
3.074480e+03 0.000000e+00 1.000000e+00 1.000000e-01
3.074490e+03 0.000000e+00 1.000000e+00 1.000000e-01
3.074500e+03 0.000000e+00 1.000000e+00 1.000000e-01
3.074510e+03 0.000000e+00 1.000000e+00 1.000000e-01
3.074520e+03 0.000000e+00 1.000000e+00 1.000000e-01
3.074530e+03 0.000000e+00 1.000000e+00 1.000000e-01
3.074540e+03 0.000000e+00 1.000000e+00 1.000000e-01
3.074550e+03 0.000000e+00 1.000000e+00 1.000000e-01
3.074560e+03 0.000000e+00 1.000000e+00 1.000000e-01
3.074570e+03 0.000000e+00 1.000000e+00 1.000000e-01
3.074580e+03 0.000000e+00 1.000000e+00 1.000000e-01
3.074590e+03 0.000000e+00 1.000000e+00 1.000000e-01
3.074600e+03 0.000000e+00 1.000000e+00 1.000000e-01
3.074610e+03 0.000000e+00 1.000000e+00 1.000000e-01
3.074620e+03 0.000000e+00 1.000000e+00 1.000000e-01
3.074630e+03 0.000000e+00 1.000000e+00 1.000000e-01
3.074640e+03 0.000000e+00 1.000000e+00 1.000000e-01
3.074650e+03 0.000000e+00 1.000000e+00 1.000000e-01
3.074660e+03 0.000000e+00 1.000000e+00 1.000000e-01
3.074670e+03 0.000000e+00 1.000000e+00 1.000000e-01
3.074680e+03 0.000000e+00 1.000000e+00 1.000000e-01
3.074690e+03 0.000000e+00 1.000000e+00 1.000000e-01
3.074700e+03 0.000000e+00 1.000000e+00 1.000000e-01
3.074710e+03 0.000000e+00 1.000000e+00 1.000000e-01
3.074720e+03 0.000000e+00 1.000000e+00 1.000000e-01
3.074730e+03 0.000000e+00 1.000000e+00 1.000000e-01
3.074740e+03 0.000000e+00 1.000000e+00 1.000000e-01
3.074750e+03 0.000000e+00 1.000000e+00 1.000000e-01
3.074760e+03 0.000000e+00 1.000000e+00 1.000000e-01
3.074770e+03 0.000000e+00 1.000000e+00 1.000000e-01
3.074780e+03 0.000000e+00 1.000000e+00 1.000000e-01
3.074790e+03 0.000000e+00 1.000000e+00 1.000000e-01
3.074800e+03 0.000000e+00 1.000000e+00 1.000000e-01
3.074810e+03 0.000000e+00 1.000000e+00 1.000000e-01
3.074820e+03 0.000000e+00 1.000000e+00 1.000000e-01
3.074830e+03 0.000000e+00 1.000000e+00 1.000000e-01
3.074840e+03 0.000000e+00 1.000000e+00 1.000000e-01
3.074850e+03 0.000000e+00 1.000000e+00 1.000000e-01
3.074860e+03 0.000000e+00 1.000000e+00 1.000000e-01
3.074870e+03 0.000000e+00 1.000000e+00 1.000000e-01
3.074880e+03 0.000000e+00 1.000000e+00 1.000000e-01
3.074890e+03 0.000000e+00 1.000000e+00 1.000000e-01
3.074900e+03 0.000000e+00 1.000000e+00 1.000000e-01
3.074910e+03 0.000000e+00 1.000000e+00 1.000000e-01
3.074920e+03 0.000000e+00 1.000000e+00 1.000000e-01
3.074930e+03 0.000000e+00 1.000000e+00 1.000000e-01
3.074940e+03 0.000000e+00 1.000000e+00 1.000000e-01
3.074950e+03 0.000000e+00 1.000000e+00 1.000000e-01
3.074960e+03 0.000000e+00 1.000000e+00 1.000000e-01
3.074970e+03 0.000000e+00 1.000000e+00 1.000000e-01
3.074980e+03 0.000000e+00 1.000000e+00 1.000000e-01
3.074990e+03 0.000000e+00 1.000000e+00 1.000000e-01
3.075000e+03 0.000000e+00 1.000000e+00 1.000000e-01
3.075010e+03 0.000000e+00 1.000000e+00 1.000000e-01
3.075020e+03 0.000000e+00 1.000000e+00 1.000000e-01
3.075030e+03 0.000000e+00 1.000000e+00 1.000000e-01
3.075040e+03 0.000000e+00 1.000000e+00 1.000000e-01
3.075050e+03 0.000000e+00 1.000000e+00 1.000000e-01
3.075060e+03 0.000000e+00 1.000000e+00 1.000000e-01
3.075070e+03 0.000000e+00 1.000000e+00 1.000000e-01
3.075080e+03 0.000000e+00 1.000000e+00 1.000000e-01
3.075090e+03 0.000000e+00 1.000000e+00 1.000000e-01
3.075100e+03 0.000000e+00 1.000000e+00 1.000000e-01
3.075110e+03 0.000000e+00 1.000000e+00 1.000000e-01
3.075120e+03 0.000000e+00 1.000000e+00 1.000000e-01
3.075130e+03 0.000000e+00 1.000000e+00 1.000000e-01
3.075140e+03 0.000000e+00 1.000000e+00 1.000000e-01
3.075150e+03 0.000000e+00 1.000000e+00 1.000000e-01
3.075160e+03 0.000000e+00 1.000000e+00 1.000000e-01
3.075170e+03 0.000000e+00 1.000000e+00 1.000000e-01
3.075180e+03 0.000000e+00 1.000000e+00 1.000000e-01
3.075190e+03 0.000000e+00 1.000000e+00 1.000000e-01
3.075200e+03 0.000000e+00 1.000000e+00 1.000000e-01
3.075210e+03 0.000000e+00 1.000000e+00 1.000000e-01
3.075220e+03 0.000000e+00 1.000000e+00 1.000000e-01
3.075230e+03 0.000000e+00 1.000000e+00 1.000000e-01
3.075240e+03 0.000000e+00 1.000000e+00 1.000000e-01
3.075250e+03 0.000000e+00 1.000000e+00 1.000000e-01
3.075260e+03 0.000000e+00 1.000000e+00 1.000000e-01
3.075270e+03 0.000000e+00 1.000000e+00 1.000000e-01
3.075280e+03 0.000000e+00 1.000000e+00 1.000000e-01
3.075290e+03 0.000000e+00 1.000000e+00 1.000000e-01
3.075300e+03 0.000000e+00 1.000000e+00 1.000000e-01
3.075310e+03 0.000000e+00 1.000000e+00 1.000000e-01
3.075320e+03 0.000000e+00 1.000000e+00 1.000000e-01
3.075330e+03 0.000000e+00 1.000000e+00 1.000000e-01
3.075340e+03 0.000000e+00 1.000000e+00 1.000000e-01
3.075350e+03 0.000000e+00 1.000000e+00 1.000000e-01
3.075360e+03 0.000000e+00 1.000000e+00 1.000000e-01
3.075370e+03 0.000000e+00 1.000000e+00 1.000000e-01
3.075380e+03 0.000000e+00 1.000000e+00 1.000000e-01
3.075390e+03 0.000000e+00 1.000000e+00 1.000000e-01
3.075400e+03 0.000000e+00 1.000000e+00 1.000000e-01
3.075410e+03 0.000000e+00 1.000000e+00 1.000000e-01
3.075420e+03 0.000000e+00 1.000000e+00 1.000000e-01
3.075430e+03 0.000000e+00 1.000000e+00 1.000000e-01
3.075440e+03 0.000000e+00 1.000000e+00 1.000000e-01
3.075450e+03 0.000000e+00 1.000000e+00 1.000000e-01
3.075460e+03 0.000000e+00 1.000000e+00 1.000000e-01
3.075470e+03 0.000000e+00 1.000000e+00 1.000000e-01
3.075480e+03 0.000000e+00 1.000000e+00 1.000000e-01
3.075490e+03 0.000000e+00 1.000000e+00 1.000000e-01
3.075500e+03 0.000000e+00 1.000000e+00 1.000000e-01
3.075510e+03 0.000000e+00 1.000000e+00 1.000000e-01
3.075520e+03 0.000000e+00 1.000000e+00 1.000000e-01
3.075530e+03 0.000000e+00 1.000000e+00 1.000000e-01
3.075540e+03 0.000000e+00 1.000000e+00 1.000000e-01
3.075550e+03 0.000000e+00 1.000000e+00 1.000000e-01
3.075560e+03 0.000000e+00 1.000000e+00 1.000000e-01
3.075570e+03 0.000000e+00 1.000000e+00 1.000000e-01
3.075580e+03 0.000000e+00 1.000000e+00 1.000000e-01
3.075590e+03 0.000000e+00 1.000000e+00 1.000000e-01
3.075600e+03 0.000000e+00 1.000000e+00 1.000000e-01
3.075610e+03 0.000000e+00 1.000000e+00 1.000000e-01
3.075620e+03 0.000000e+00 1.000000e+00 1.000000e-01
3.075630e+03 0.000000e+00 1.000000e+00 1.000000e-01
3.075640e+03 0.000000e+00 1.000000e+00 1.000000e-01
3.075650e+03 0.000000e+00 1.000000e+00 1.000000e-01
3.075660e+03 0.000000e+00 1.000000e+00 1.000000e-01
3.075670e+03 0.000000e+00 1.000000e+00 1.000000e-01
3.075680e+03 0.000000e+00 1.000000e+00 1.000000e-01
3.075690e+03 0.000000e+00 1.000000e+00 1.000000e-01
3.075700e+03 0.000000e+00 1.000000e+00 1.000000e-01
3.075710e+03 0.000000e+00 1.000000e+00 1.000000e-01
3.075720e+03 0.000000e+00 1.000000e+00 1.000000e-01
3.075730e+03 0.000000e+00 1.000000e+00 1.000000e-01
3.075740e+03 0.000000e+00 1.000000e+00 1.000000e-01
3.075750e+03 0.000000e+00 1.000000e+00 1.000000e-01
3.075760e+03 0.000000e+00 1.000000e+00 1.000000e-01
3.075770e+03 0.000000e+00 1.000000e+00 1.000000e-01
3.075780e+03 0.000000e+00 1.000000e+00 1.000000e-01
3.075790e+03 0.000000e+00 1.000000e+00 1.000000e-01
3.075800e+03 0.000000e+00 1.000000e+00 1.000000e-01
3.075810e+03 0.000000e+00 1.000000e+00 1.000000e-01
3.075820e+03 0.000000e+00 1.000000e+00 1.000000e-01
3.075830e+03 0.000000e+00 1.000000e+00 1.000000e-01
3.075840e+03 0.000000e+00 1.000000e+00 1.000000e-01
3.075850e+03 0.000000e+00 1.000000e+00 1.000000e-01
3.075860e+03 0.000000e+00 1.000000e+00 1.000000e-01
3.075870e+03 0.000000e+00 1.000000e+00 1.000000e-01
3.075880e+03 0.000000e+00 1.000000e+00 1.000000e-01
3.075890e+03 0.000000e+00 1.000000e+00 1.000000e-01
3.075900e+03 0.000000e+00 1.000000e+00 1.000000e-01
3.075910e+03 0.000000e+00 1.000000e+00 1.000000e-01
3.075920e+03 0.000000e+00 1.000000e+00 1.000000e-01
3.075930e+03 0.000000e+00 1.000000e+00 1.000000e-01
3.075940e+03 0.000000e+00 1.000000e+00 1.000000e-01
3.075950e+03 0.000000e+00 1.000000e+00 1.000000e-01
3.075960e+03 0.000000e+00 1.000000e+00 1.000000e-01
3.075970e+03 0.000000e+00 1.000000e+00 1.000000e-01
3.075980e+03 0.000000e+00 1.000000e+00 1.000000e-01
3.075990e+03 0.000000e+00 1.000000e+00 1.000000e-01
3.076000e+03 0.000000e+00 1.000000e+00 1.000000e-01
3.076010e+03 0.000000e+00 1.000000e+00 1.000000e-01
3.076020e+03 0.000000e+00 1.000000e+00 1.000000e-01
3.076030e+03 0.000000e+00 1.000000e+00 1.000000e-01
3.076040e+03 0.000000e+00 1.000000e+00 1.000000e-01
3.076050e+03 0.000000e+00 1.000000e+00 1.000000e-01
3.076060e+03 0.000000e+00 1.000000e+00 1.000000e-01
3.076070e+03 0.000000e+00 1.000000e+00 1.000000e-01
3.076080e+03 0.000000e+00 1.000000e+00 1.000000e-01
3.076090e+03 0.000000e+00 1.000000e+00 1.000000e-01
3.076100e+03 0.000000e+00 1.000000e+00 1.000000e-01
3.076110e+03 0.000000e+00 1.000000e+00 1.000000e-01
3.076120e+03 0.000000e+00 1.000000e+00 1.000000e-01
3.076130e+03 0.000000e+00 1.000000e+00 1.000000e-01
3.076140e+03 0.000000e+00 1.000000e+00 1.000000e-01
3.076150e+03 0.000000e+00 1.000000e+00 1.000000e-01
3.076160e+03 0.000000e+00 1.000000e+00 1.000000e-01
3.076170e+03 0.000000e+00 1.000000e+00 1.000000e-01
3.076180e+03 0.000000e+00 1.000000e+00 1.000000e-01
3.076190e+03 0.000000e+00 1.000000e+00 1.000000e-01
3.076200e+03 0.000000e+00 1.000000e+00 1.000000e-01
3.076210e+03 0.000000e+00 1.000000e+00 1.000000e-01
3.076220e+03 0.000000e+00 1.000000e+00 1.000000e-01
3.076230e+03 0.000000e+00 1.000000e+00 1.000000e-01
3.076240e+03 0.000000e+00 1.000000e+00 1.000000e-01
3.076250e+03 0.000000e+00 1.000000e+00 1.000000e-01
3.076260e+03 0.000000e+00 1.000000e+00 1.000000e-01
3.076270e+03 0.000000e+00 1.000000e+00 1.000000e-01
3.076280e+03 0.000000e+00 1.000000e+00 1.000000e-01
3.076290e+03 0.000000e+00 1.000000e+00 1.000000e-01
3.076300e+03 0.000000e+00 1.000000e+00 1.000000e-01
3.076310e+03 0.000000e+00 1.000000e+00 1.000000e-01
3.076320e+03 0.000000e+00 1.000000e+00 1.000000e-01
3.076330e+03 0.000000e+00 1.000000e+00 1.000000e-01
3.076340e+03 0.000000e+00 1.000000e+00 1.000000e-01
3.076350e+03 0.000000e+00 1.000000e+00 1.000000e-01
3.076360e+03 0.000000e+00 1.000000e+00 1.000000e-01
3.076370e+03 0.000000e+00 1.000000e+00 1.000000e-01
3.076380e+03 0.000000e+00 1.000000e+00 1.000000e-01
3.076390e+03 0.000000e+00 1.000000e+00 1.000000e-01
3.076400e+03 0.000000e+00 1.000000e+00 1.000000e-01
3.076410e+03 0.000000e+00 1.000000e+00 1.000000e-01
3.076420e+03 0.000000e+00 1.000000e+00 1.000000e-01
3.076430e+03 0.000000e+00 1.000000e+00 1.000000e-01
3.076440e+03 0.000000e+00 1.000000e+00 1.000000e-01
3.076450e+03 0.000000e+00 1.000000e+00 1.000000e-01
3.076460e+03 0.000000e+00 1.000000e+00 1.000000e-01
3.076470e+03 0.000000e+00 1.000000e+00 1.000000e-01
3.076480e+03 0.000000e+00 1.000000e+00 1.000000e-01
3.076490e+03 0.000000e+00 1.000000e+00 1.000000e-01
3.076500e+03 0.000000e+00 1.000000e+00 1.000000e-01
3.076510e+03 0.000000e+00 1.000000e+00 1.000000e-01
3.076520e+03 0.000000e+00 1.000000e+00 1.000000e-01
3.076530e+03 0.000000e+00 1.000000e+00 1.000000e-01
3.076540e+03 0.000000e+00 1.000000e+00 1.000000e-01
3.076550e+03 0.000000e+00 1.000000e+00 1.000000e-01
3.076560e+03 0.000000e+00 1.000000e+00 1.000000e-01
3.076570e+03 0.000000e+00 1.000000e+00 1.000000e-01
3.076580e+03 0.000000e+00 1.000000e+00 1.000000e-01
3.076590e+03 0.000000e+00 1.000000e+00 1.000000e-01
3.076600e+03 0.000000e+00 1.000000e+00 1.000000e-01
3.076610e+03 0.000000e+00 1.000000e+00 1.000000e-01
3.076620e+03 0.000000e+00 1.000000e+00 1.000000e-01
3.076630e+03 0.000000e+00 1.000000e+00 1.000000e-01
3.076640e+03 0.000000e+00 1.000000e+00 1.000000e-01
3.076650e+03 0.000000e+00 1.000000e+00 1.000000e-01
3.076660e+03 0.000000e+00 1.000000e+00 1.000000e-01
3.076670e+03 0.000000e+00 1.000000e+00 1.000000e-01
3.076680e+03 0.000000e+00 1.000000e+00 1.000000e-01
3.076690e+03 0.000000e+00 1.000000e+00 1.000000e-01
3.076700e+03 0.000000e+00 1.000000e+00 1.000000e-01
3.076710e+03 0.000000e+00 1.000000e+00 1.000000e-01
3.076720e+03 0.000000e+00 1.000000e+00 1.000000e-01
3.076730e+03 0.000000e+00 1.000000e+00 1.000000e-01
3.076740e+03 0.000000e+00 1.000000e+00 1.000000e-01
3.076750e+03 0.000000e+00 1.000000e+00 1.000000e-01
3.076760e+03 0.000000e+00 1.000000e+00 1.000000e-01
3.076770e+03 0.000000e+00 1.000000e+00 1.000000e-01
3.076780e+03 0.000000e+00 1.000000e+00 1.000000e-01
3.076790e+03 0.000000e+00 1.000000e+00 1.000000e-01
3.076800e+03 0.000000e+00 1.000000e+00 1.000000e-01
3.076810e+03 0.000000e+00 1.000000e+00 1.000000e-01
3.076820e+03 0.000000e+00 1.000000e+00 1.000000e-01
3.076830e+03 0.000000e+00 1.000000e+00 1.000000e-01
3.076840e+03 0.000000e+00 1.000000e+00 1.000000e-01
3.076850e+03 0.000000e+00 1.000000e+00 1.000000e-01
3.076860e+03 0.000000e+00 1.000000e+00 1.000000e-01
3.076870e+03 0.000000e+00 1.000000e+00 1.000000e-01
3.076880e+03 0.000000e+00 1.000000e+00 1.000000e-01
3.076890e+03 0.000000e+00 1.000000e+00 1.000000e-01
3.076900e+03 0.000000e+00 1.000000e+00 1.000000e-01
3.076910e+03 0.000000e+00 1.000000e+00 1.000000e-01
3.076920e+03 0.000000e+00 1.000000e+00 1.000000e-01
3.076930e+03 0.000000e+00 1.000000e+00 1.000000e-01
3.076940e+03 0.000000e+00 1.000000e+00 1.000000e-01
3.076950e+03 0.000000e+00 1.000000e+00 1.000000e-01
3.076960e+03 0.000000e+00 1.000000e+00 1.000000e-01
3.076970e+03 0.000000e+00 1.000000e+00 1.000000e-01
3.076980e+03 0.000000e+00 1.000000e+00 1.000000e-01
3.076990e+03 0.000000e+00 1.000000e+00 1.000000e-01
3.077000e+03 0.000000e+00 1.000000e+00 1.000000e-01
3.077010e+03 0.000000e+00 1.000000e+00 1.000000e-01
3.077020e+03 0.000000e+00 1.000000e+00 1.000000e-01
3.077030e+03 0.000000e+00 1.000000e+00 1.000000e-01
3.077040e+03 0.000000e+00 1.000000e+00 1.000000e-01
3.077050e+03 0.000000e+00 1.000000e+00 1.000000e-01
3.077060e+03 0.000000e+00 1.000000e+00 1.000000e-01
3.077070e+03 0.000000e+00 1.000000e+00 1.000000e-01
3.077080e+03 0.000000e+00 1.000000e+00 1.000000e-01
3.077090e+03 0.000000e+00 1.000000e+00 1.000000e-01
3.077100e+03 0.000000e+00 1.000000e+00 1.000000e-01
3.077110e+03 0.000000e+00 1.000000e+00 1.000000e-01
3.077120e+03 0.000000e+00 1.000000e+00 1.000000e-01
3.077130e+03 0.000000e+00 1.000000e+00 1.000000e-01
3.077140e+03 0.000000e+00 1.000000e+00 1.000000e-01
3.077150e+03 0.000000e+00 1.000000e+00 1.000000e-01
3.077160e+03 0.000000e+00 1.000000e+00 1.000000e-01
3.077170e+03 0.000000e+00 1.000000e+00 1.000000e-01
3.077180e+03 0.000000e+00 1.000000e+00 1.000000e-01
3.077190e+03 0.000000e+00 1.000000e+00 1.000000e-01
3.077200e+03 0.000000e+00 1.000000e+00 1.000000e-01
3.077210e+03 0.000000e+00 1.000000e+00 1.000000e-01
3.077220e+03 0.000000e+00 1.000000e+00 1.000000e-01
3.077230e+03 0.000000e+00 1.000000e+00 1.000000e-01
3.077240e+03 0.000000e+00 1.000000e+00 1.000000e-01
3.077250e+03 0.000000e+00 1.000000e+00 1.000000e-01
3.077260e+03 0.000000e+00 1.000000e+00 1.000000e-01
3.077270e+03 0.000000e+00 1.000000e+00 1.000000e-01
3.077280e+03 0.000000e+00 1.000000e+00 1.000000e-01
3.077290e+03 0.000000e+00 1.000000e+00 1.000000e-01
3.077300e+03 0.000000e+00 1.000000e+00 1.000000e-01
3.077310e+03 0.000000e+00 1.000000e+00 1.000000e-01
3.077320e+03 0.000000e+00 1.000000e+00 1.000000e-01
3.077330e+03 0.000000e+00 1.000000e+00 1.000000e-01
3.077340e+03 0.000000e+00 1.000000e+00 1.000000e-01
3.077350e+03 0.000000e+00 1.000000e+00 1.000000e-01
3.077360e+03 0.000000e+00 1.000000e+00 1.000000e-01
3.077370e+03 0.000000e+00 1.000000e+00 1.000000e-01
3.077380e+03 0.000000e+00 1.000000e+00 1.000000e-01
3.077390e+03 0.000000e+00 1.000000e+00 1.000000e-01
3.077400e+03 0.000000e+00 1.000000e+00 1.000000e-01
3.077410e+03 0.000000e+00 1.000000e+00 1.000000e-01
3.077420e+03 0.000000e+00 1.000000e+00 1.000000e-01
3.077430e+03 0.000000e+00 1.000000e+00 1.000000e-01
3.077440e+03 0.000000e+00 1.000000e+00 1.000000e-01
3.077450e+03 0.000000e+00 1.000000e+00 1.000000e-01
3.077460e+03 0.000000e+00 1.000000e+00 1.000000e-01
3.077470e+03 0.000000e+00 1.000000e+00 1.000000e-01
3.077480e+03 0.000000e+00 1.000000e+00 1.000000e-01
3.077490e+03 0.000000e+00 1.000000e+00 1.000000e-01
3.077500e+03 0.000000e+00 1.000000e+00 1.000000e-01
3.077510e+03 0.000000e+00 1.000000e+00 1.000000e-01
3.077520e+03 0.000000e+00 1.000000e+00 1.000000e-01
3.077530e+03 0.000000e+00 1.000000e+00 1.000000e-01
3.077540e+03 0.000000e+00 1.000000e+00 1.000000e-01
3.077550e+03 0.000000e+00 1.000000e+00 1.000000e-01
3.077560e+03 0.000000e+00 1.000000e+00 1.000000e-01
3.077570e+03 0.000000e+00 1.000000e+00 1.000000e-01
3.077580e+03 0.000000e+00 1.000000e+00 1.000000e-01
3.077590e+03 0.000000e+00 1.000000e+00 1.000000e-01
3.077600e+03 0.000000e+00 1.000000e+00 1.000000e-01
3.077610e+03 0.000000e+00 1.000000e+00 1.000000e-01
3.077620e+03 0.000000e+00 1.000000e+00 1.000000e-01
3.077630e+03 0.000000e+00 1.000000e+00 1.000000e-01
3.077640e+03 0.000000e+00 1.000000e+00 1.000000e-01
3.077650e+03 0.000000e+00 1.000000e+00 1.000000e-01
3.077660e+03 0.000000e+00 1.000000e+00 1.000000e-01
3.077670e+03 0.000000e+00 1.000000e+00 1.000000e-01
3.077680e+03 0.000000e+00 1.000000e+00 1.000000e-01
3.077690e+03 0.000000e+00 1.000000e+00 1.000000e-01
3.077700e+03 0.000000e+00 1.000000e+00 1.000000e-01
3.077710e+03 0.000000e+00 1.000000e+00 1.000000e-01
3.077720e+03 0.000000e+00 1.000000e+00 1.000000e-01
3.077730e+03 0.000000e+00 1.000000e+00 1.000000e-01
3.077740e+03 0.000000e+00 1.000000e+00 1.000000e-01
3.077750e+03 0.000000e+00 1.000000e+00 1.000000e-01
3.077760e+03 0.000000e+00 1.000000e+00 1.000000e-01
3.077770e+03 0.000000e+00 1.000000e+00 1.000000e-01
3.077780e+03 0.000000e+00 1.000000e+00 1.000000e-01
3.077790e+03 0.000000e+00 1.000000e+00 1.000000e-01
3.077800e+03 0.000000e+00 1.000000e+00 1.000000e-01
3.077810e+03 0.000000e+00 1.000000e+00 1.000000e-01
3.077820e+03 0.000000e+00 1.000000e+00 1.000000e-01
3.077830e+03 0.000000e+00 1.000000e+00 1.000000e-01
3.077840e+03 0.000000e+00 1.000000e+00 1.000000e-01
3.077850e+03 0.000000e+00 1.000000e+00 1.000000e-01
3.077860e+03 0.000000e+00 1.000000e+00 1.000000e-01
3.077870e+03 0.000000e+00 1.000000e+00 1.000000e-01
3.077880e+03 0.000000e+00 1.000000e+00 1.000000e-01
3.077890e+03 0.000000e+00 1.000000e+00 1.000000e-01
3.077900e+03 0.000000e+00 1.000000e+00 1.000000e-01
3.077910e+03 0.000000e+00 1.000000e+00 1.000000e-01
3.077920e+03 0.000000e+00 1.000000e+00 1.000000e-01
3.077930e+03 0.000000e+00 1.000000e+00 1.000000e-01
3.077940e+03 0.000000e+00 1.000000e+00 1.000000e-01
3.077950e+03 0.000000e+00 1.000000e+00 1.000000e-01
3.077960e+03 0.000000e+00 1.000000e+00 1.000000e-01
3.077970e+03 0.000000e+00 1.000000e+00 1.000000e-01
3.077980e+03 0.000000e+00 1.000000e+00 1.000000e-01
3.077990e+03 0.000000e+00 1.000000e+00 1.000000e-01
3.078000e+03 0.000000e+00 1.000000e+00 1.000000e-01
3.078010e+03 0.000000e+00 1.000000e+00 1.000000e-01
3.078020e+03 0.000000e+00 1.000000e+00 1.000000e-01
3.078030e+03 0.000000e+00 1.000000e+00 1.000000e-01
3.078040e+03 0.000000e+00 1.000000e+00 1.000000e-01
3.078050e+03 0.000000e+00 1.000000e+00 1.000000e-01
3.078060e+03 0.000000e+00 1.000000e+00 1.000000e-01
3.078070e+03 0.000000e+00 1.000000e+00 1.000000e-01
3.078080e+03 0.000000e+00 1.000000e+00 1.000000e-01
3.078090e+03 0.000000e+00 1.000000e+00 1.000000e-01
3.078100e+03 0.000000e+00 1.000000e+00 1.000000e-01
3.078110e+03 0.000000e+00 1.000000e+00 1.000000e-01
3.078120e+03 0.000000e+00 1.000000e+00 1.000000e-01
3.078130e+03 0.000000e+00 1.000000e+00 1.000000e-01
3.078140e+03 0.000000e+00 1.000000e+00 1.000000e-01
3.078150e+03 0.000000e+00 1.000000e+00 1.000000e-01
3.078160e+03 0.000000e+00 1.000000e+00 1.000000e-01
3.078170e+03 0.000000e+00 1.000000e+00 1.000000e-01
3.078180e+03 0.000000e+00 1.000000e+00 1.000000e-01
3.078190e+03 0.000000e+00 1.000000e+00 1.000000e-01
3.078200e+03 0.000000e+00 1.000000e+00 1.000000e-01
3.078210e+03 0.000000e+00 1.000000e+00 1.000000e-01
3.078220e+03 0.000000e+00 1.000000e+00 1.000000e-01
3.078230e+03 0.000000e+00 1.000000e+00 1.000000e-01
3.078240e+03 0.000000e+00 1.000000e+00 1.000000e-01
3.078250e+03 0.000000e+00 1.000000e+00 1.000000e-01
3.078260e+03 0.000000e+00 1.000000e+00 1.000000e-01
3.078270e+03 0.000000e+00 1.000000e+00 1.000000e-01
3.078280e+03 0.000000e+00 1.000000e+00 1.000000e-01
3.078290e+03 0.000000e+00 1.000000e+00 1.000000e-01
3.078300e+03 0.000000e+00 1.000000e+00 1.000000e-01
3.078310e+03 0.000000e+00 1.000000e+00 1.000000e-01
3.078320e+03 0.000000e+00 1.000000e+00 1.000000e-01
3.078330e+03 0.000000e+00 1.000000e+00 1.000000e-01
3.078340e+03 0.000000e+00 1.000000e+00 1.000000e-01
3.078350e+03 0.000000e+00 1.000000e+00 1.000000e-01
3.078360e+03 0.000000e+00 1.000000e+00 1.000000e-01
3.078370e+03 0.000000e+00 1.000000e+00 1.000000e-01
3.078380e+03 0.000000e+00 1.000000e+00 1.000000e-01
3.078390e+03 0.000000e+00 1.000000e+00 1.000000e-01
3.078400e+03 0.000000e+00 1.000000e+00 1.000000e-01
3.078410e+03 0.000000e+00 1.000000e+00 1.000000e-01
3.078420e+03 0.000000e+00 1.000000e+00 1.000000e-01
3.078430e+03 0.000000e+00 1.000000e+00 1.000000e-01
3.078440e+03 0.000000e+00 1.000000e+00 1.000000e-01
3.078450e+03 0.000000e+00 1.000000e+00 1.000000e-01
3.078460e+03 0.000000e+00 1.000000e+00 1.000000e-01
3.078470e+03 0.000000e+00 1.000000e+00 1.000000e-01
3.078480e+03 0.000000e+00 1.000000e+00 1.000000e-01
3.078490e+03 0.000000e+00 1.000000e+00 1.000000e-01
3.078500e+03 0.000000e+00 1.000000e+00 1.000000e-01
3.078510e+03 0.000000e+00 1.000000e+00 1.000000e-01
3.078520e+03 0.000000e+00 1.000000e+00 1.000000e-01
3.078530e+03 0.000000e+00 1.000000e+00 1.000000e-01
3.078540e+03 0.000000e+00 1.000000e+00 1.000000e-01
3.078550e+03 0.000000e+00 1.000000e+00 1.000000e-01
3.078560e+03 0.000000e+00 1.000000e+00 1.000000e-01
3.078570e+03 0.000000e+00 1.000000e+00 1.000000e-01
3.078580e+03 0.000000e+00 1.000000e+00 1.000000e-01
3.078590e+03 0.000000e+00 1.000000e+00 1.000000e-01
3.078600e+03 0.000000e+00 1.000000e+00 1.000000e-01
3.078610e+03 0.000000e+00 1.000000e+00 1.000000e-01
3.078620e+03 0.000000e+00 1.000000e+00 1.000000e-01
3.078630e+03 0.000000e+00 1.000000e+00 1.000000e-01
3.078640e+03 0.000000e+00 1.000000e+00 1.000000e-01
3.078650e+03 0.000000e+00 1.000000e+00 1.000000e-01
3.078660e+03 0.000000e+00 1.000000e+00 1.000000e-01
3.078670e+03 0.000000e+00 1.000000e+00 1.000000e-01
3.078680e+03 0.000000e+00 1.000000e+00 1.000000e-01
3.078690e+03 0.000000e+00 1.000000e+00 1.000000e-01
3.078700e+03 0.000000e+00 1.000000e+00 1.000000e-01
3.078710e+03 0.000000e+00 1.000000e+00 1.000000e-01
3.078720e+03 0.000000e+00 1.000000e+00 1.000000e-01
3.078730e+03 0.000000e+00 1.000000e+00 1.000000e-01
3.078740e+03 0.000000e+00 1.000000e+00 1.000000e-01
3.078750e+03 0.000000e+00 1.000000e+00 1.000000e-01
3.078760e+03 0.000000e+00 1.000000e+00 1.000000e-01
3.078770e+03 0.000000e+00 1.000000e+00 1.000000e-01
3.078780e+03 0.000000e+00 1.000000e+00 1.000000e-01
3.078790e+03 0.000000e+00 1.000000e+00 1.000000e-01
3.078800e+03 0.000000e+00 1.000000e+00 1.000000e-01
3.078810e+03 0.000000e+00 1.000000e+00 1.000000e-01
3.078820e+03 0.000000e+00 1.000000e+00 1.000000e-01
3.078830e+03 0.000000e+00 1.000000e+00 1.000000e-01
3.078840e+03 0.000000e+00 1.000000e+00 1.000000e-01
3.078850e+03 0.000000e+00 1.000000e+00 1.000000e-01
3.078860e+03 0.000000e+00 1.000000e+00 1.000000e-01
3.078870e+03 0.000000e+00 1.000000e+00 1.000000e-01
3.078880e+03 0.000000e+00 1.000000e+00 1.000000e-01
3.078890e+03 0.000000e+00 1.000000e+00 1.000000e-01
3.078900e+03 0.000000e+00 1.000000e+00 1.000000e-01
3.078910e+03 0.000000e+00 1.000000e+00 1.000000e-01
3.078920e+03 0.000000e+00 1.000000e+00 1.000000e-01
3.078930e+03 0.000000e+00 1.000000e+00 1.000000e-01
3.078940e+03 0.000000e+00 1.000000e+00 1.000000e-01
3.078950e+03 0.000000e+00 1.000000e+00 1.000000e-01
3.078960e+03 0.000000e+00 1.000000e+00 1.000000e-01
3.078970e+03 0.000000e+00 1.000000e+00 1.000000e-01
3.078980e+03 0.000000e+00 1.000000e+00 1.000000e-01
3.078990e+03 0.000000e+00 1.000000e+00 1.000000e-01
3.079000e+03 0.000000e+00 1.000000e+00 1.000000e-01
3.079010e+03 0.000000e+00 1.000000e+00 1.000000e-01
3.079020e+03 0.000000e+00 1.000000e+00 1.000000e-01
3.079030e+03 0.000000e+00 1.000000e+00 1.000000e-01
3.079040e+03 0.000000e+00 1.000000e+00 1.000000e-01
3.079050e+03 0.000000e+00 1.000000e+00 1.000000e-01
3.079060e+03 0.000000e+00 1.000000e+00 1.000000e-01
3.079070e+03 0.000000e+00 1.000000e+00 1.000000e-01
3.079080e+03 0.000000e+00 1.000000e+00 1.000000e-01
3.079090e+03 0.000000e+00 1.000000e+00 1.000000e-01
3.079100e+03 0.000000e+00 1.000000e+00 1.000000e-01
3.079110e+03 0.000000e+00 1.000000e+00 1.000000e-01
3.079120e+03 0.000000e+00 1.000000e+00 1.000000e-01
3.079130e+03 0.000000e+00 1.000000e+00 1.000000e-01
3.079140e+03 0.000000e+00 1.000000e+00 1.000000e-01
3.079150e+03 0.000000e+00 1.000000e+00 1.000000e-01
3.079160e+03 0.000000e+00 1.000000e+00 1.000000e-01
3.079170e+03 0.000000e+00 1.000000e+00 1.000000e-01
3.079180e+03 0.000000e+00 1.000000e+00 1.000000e-01
3.079190e+03 0.000000e+00 1.000000e+00 1.000000e-01
3.079200e+03 0.000000e+00 1.000000e+00 1.000000e-01
3.079210e+03 0.000000e+00 1.000000e+00 1.000000e-01
3.079220e+03 0.000000e+00 1.000000e+00 1.000000e-01
3.079230e+03 0.000000e+00 1.000000e+00 1.000000e-01
3.079240e+03 0.000000e+00 1.000000e+00 1.000000e-01
3.079250e+03 0.000000e+00 1.000000e+00 1.000000e-01
3.079260e+03 0.000000e+00 1.000000e+00 1.000000e-01
3.079270e+03 0.000000e+00 1.000000e+00 1.000000e-01
3.079280e+03 0.000000e+00 1.000000e+00 1.000000e-01
3.079290e+03 0.000000e+00 1.000000e+00 1.000000e-01
3.079300e+03 0.000000e+00 1.000000e+00 1.000000e-01
3.079310e+03 0.000000e+00 1.000000e+00 1.000000e-01
3.079320e+03 0.000000e+00 1.000000e+00 1.000000e-01
3.079330e+03 0.000000e+00 1.000000e+00 1.000000e-01
3.079340e+03 0.000000e+00 1.000000e+00 1.000000e-01
3.079350e+03 0.000000e+00 1.000000e+00 1.000000e-01
3.079360e+03 0.000000e+00 1.000000e+00 1.000000e-01
3.079370e+03 0.000000e+00 1.000000e+00 1.000000e-01
3.079380e+03 0.000000e+00 1.000000e+00 1.000000e-01
3.079390e+03 0.000000e+00 1.000000e+00 1.000000e-01
3.079400e+03 0.000000e+00 1.000000e+00 1.000000e-01
3.079410e+03 0.000000e+00 1.000000e+00 1.000000e-01
3.079420e+03 0.000000e+00 1.000000e+00 1.000000e-01
3.079430e+03 0.000000e+00 1.000000e+00 1.000000e-01
3.079440e+03 0.000000e+00 1.000000e+00 1.000000e-01
3.079450e+03 0.000000e+00 1.000000e+00 1.000000e-01
3.079460e+03 0.000000e+00 1.000000e+00 1.000000e-01
3.079470e+03 0.000000e+00 1.000000e+00 1.000000e-01
3.079480e+03 0.000000e+00 1.000000e+00 1.000000e-01
3.079490e+03 0.000000e+00 1.000000e+00 1.000000e-01
3.079500e+03 0.000000e+00 1.000000e+00 1.000000e-01
3.079510e+03 0.000000e+00 1.000000e+00 1.000000e-01
3.079520e+03 0.000000e+00 1.000000e+00 1.000000e-01
3.079530e+03 0.000000e+00 1.000000e+00 1.000000e-01
3.079540e+03 0.000000e+00 1.000000e+00 1.000000e-01
3.079550e+03 0.000000e+00 1.000000e+00 1.000000e-01
3.079560e+03 0.000000e+00 1.000000e+00 1.000000e-01
3.079570e+03 0.000000e+00 1.000000e+00 1.000000e-01
3.079580e+03 0.000000e+00 1.000000e+00 1.000000e-01
3.079590e+03 0.000000e+00 1.000000e+00 1.000000e-01
3.079600e+03 0.000000e+00 1.000000e+00 1.000000e-01
3.079610e+03 0.000000e+00 1.000000e+00 1.000000e-01
3.079620e+03 0.000000e+00 1.000000e+00 1.000000e-01
3.079630e+03 0.000000e+00 1.000000e+00 1.000000e-01
3.079640e+03 0.000000e+00 1.000000e+00 1.000000e-01
3.079650e+03 0.000000e+00 1.000000e+00 1.000000e-01
3.079660e+03 0.000000e+00 1.000000e+00 1.000000e-01
3.079670e+03 0.000000e+00 1.000000e+00 1.000000e-01
3.079680e+03 0.000000e+00 1.000000e+00 1.000000e-01
3.079690e+03 0.000000e+00 1.000000e+00 1.000000e-01
3.079700e+03 0.000000e+00 1.000000e+00 1.000000e-01
3.079710e+03 0.000000e+00 1.000000e+00 1.000000e-01
3.079720e+03 0.000000e+00 1.000000e+00 1.000000e-01
3.079730e+03 0.000000e+00 1.000000e+00 1.000000e-01
3.079740e+03 0.000000e+00 1.000000e+00 1.000000e-01
3.079750e+03 0.000000e+00 1.000000e+00 1.000000e-01
3.079760e+03 0.000000e+00 1.000000e+00 1.000000e-01
3.079770e+03 0.000000e+00 1.000000e+00 1.000000e-01
3.079780e+03 0.000000e+00 1.000000e+00 1.000000e-01
3.079790e+03 0.000000e+00 1.000000e+00 1.000000e-01
3.079800e+03 0.000000e+00 1.000000e+00 1.000000e-01
3.079810e+03 0.000000e+00 1.000000e+00 1.000000e-01
3.079820e+03 0.000000e+00 1.000000e+00 1.000000e-01
3.079830e+03 0.000000e+00 1.000000e+00 1.000000e-01
3.079840e+03 0.000000e+00 1.000000e+00 1.000000e-01
3.079850e+03 0.000000e+00 1.000000e+00 1.000000e-01
3.079860e+03 0.000000e+00 1.000000e+00 1.000000e-01
3.079870e+03 0.000000e+00 1.000000e+00 1.000000e-01
3.079880e+03 0.000000e+00 1.000000e+00 1.000000e-01
3.079890e+03 0.000000e+00 1.000000e+00 1.000000e-01
3.079900e+03 0.000000e+00 1.000000e+00 1.000000e-01
3.079910e+03 0.000000e+00 1.000000e+00 1.000000e-01
3.079920e+03 0.000000e+00 1.000000e+00 1.000000e-01
3.079930e+03 0.000000e+00 1.000000e+00 1.000000e-01
3.079940e+03 0.000000e+00 1.000000e+00 1.000000e-01
3.079950e+03 0.000000e+00 1.000000e+00 1.000000e-01
3.079960e+03 0.000000e+00 1.000000e+00 1.000000e-01
3.079970e+03 0.000000e+00 1.000000e+00 1.000000e-01
3.079980e+03 0.000000e+00 1.000000e+00 1.000000e-01
3.079990e+03 0.000000e+00 1.000000e+00 1.000000e-01
3.080000e+03 0.000000e+00 1.000000e+00 1.000000e-01
3.080010e+03 0.000000e+00 1.000000e+00 1.000000e-01
3.080020e+03 0.000000e+00 1.000000e+00 1.000000e-01
3.080030e+03 0.000000e+00 1.000000e+00 1.000000e-01
3.080040e+03 0.000000e+00 1.000000e+00 1.000000e-01
3.080050e+03 0.000000e+00 1.000000e+00 1.000000e-01
3.080060e+03 0.000000e+00 1.000000e+00 1.000000e-01
3.080070e+03 0.000000e+00 1.000000e+00 1.000000e-01
3.080080e+03 0.000000e+00 1.000000e+00 1.000000e-01
3.080090e+03 0.000000e+00 1.000000e+00 1.000000e-01
3.080100e+03 0.000000e+00 1.000000e+00 1.000000e-01
3.080110e+03 0.000000e+00 1.000000e+00 1.000000e-01
3.080120e+03 0.000000e+00 1.000000e+00 1.000000e-01
3.080130e+03 0.000000e+00 1.000000e+00 1.000000e-01
3.080140e+03 0.000000e+00 1.000000e+00 1.000000e-01
3.080150e+03 0.000000e+00 1.000000e+00 1.000000e-01
3.080160e+03 0.000000e+00 1.000000e+00 1.000000e-01
3.080170e+03 0.000000e+00 1.000000e+00 1.000000e-01
3.080180e+03 0.000000e+00 1.000000e+00 1.000000e-01
3.080190e+03 0.000000e+00 1.000000e+00 1.000000e-01
3.080200e+03 0.000000e+00 1.000000e+00 1.000000e-01
3.080210e+03 0.000000e+00 1.000000e+00 1.000000e-01
3.080220e+03 0.000000e+00 1.000000e+00 1.000000e-01
3.080230e+03 0.000000e+00 1.000000e+00 1.000000e-01
3.080240e+03 0.000000e+00 1.000000e+00 1.000000e-01
3.080250e+03 0.000000e+00 1.000000e+00 1.000000e-01
3.080260e+03 0.000000e+00 1.000000e+00 1.000000e-01
3.080270e+03 0.000000e+00 1.000000e+00 1.000000e-01
3.080280e+03 0.000000e+00 1.000000e+00 1.000000e-01
3.080290e+03 0.000000e+00 1.000000e+00 1.000000e-01
3.080300e+03 0.000000e+00 1.000000e+00 1.000000e-01
3.080310e+03 0.000000e+00 1.000000e+00 1.000000e-01
3.080320e+03 0.000000e+00 1.000000e+00 1.000000e-01
3.080330e+03 0.000000e+00 1.000000e+00 1.000000e-01
3.080340e+03 0.000000e+00 1.000000e+00 1.000000e-01
3.080350e+03 0.000000e+00 1.000000e+00 1.000000e-01
3.080360e+03 0.000000e+00 1.000000e+00 1.000000e-01
3.080370e+03 0.000000e+00 1.000000e+00 1.000000e-01
3.080380e+03 0.000000e+00 1.000000e+00 1.000000e-01
3.080390e+03 0.000000e+00 1.000000e+00 1.000000e-01
3.080400e+03 0.000000e+00 1.000000e+00 1.000000e-01
3.080410e+03 0.000000e+00 1.000000e+00 1.000000e-01
3.080420e+03 0.000000e+00 1.000000e+00 1.000000e-01
3.080430e+03 0.000000e+00 1.000000e+00 1.000000e-01
3.080440e+03 0.000000e+00 1.000000e+00 1.000000e-01
3.080450e+03 0.000000e+00 1.000000e+00 1.000000e-01
3.080460e+03 0.000000e+00 1.000000e+00 1.000000e-01
3.080470e+03 0.000000e+00 1.000000e+00 1.000000e-01
3.080480e+03 0.000000e+00 1.000000e+00 1.000000e-01
3.080490e+03 0.000000e+00 1.000000e+00 1.000000e-01
3.080500e+03 0.000000e+00 1.000000e+00 1.000000e-01
3.080510e+03 0.000000e+00 1.000000e+00 1.000000e-01
3.080520e+03 0.000000e+00 1.000000e+00 1.000000e-01
3.080530e+03 0.000000e+00 1.000000e+00 1.000000e-01
3.080540e+03 0.000000e+00 1.000000e+00 1.000000e-01
3.080550e+03 0.000000e+00 1.000000e+00 1.000000e-01
3.080560e+03 0.000000e+00 1.000000e+00 1.000000e-01
3.080570e+03 0.000000e+00 1.000000e+00 1.000000e-01
3.080580e+03 0.000000e+00 1.000000e+00 1.000000e-01
3.080590e+03 0.000000e+00 1.000000e+00 1.000000e-01
3.080600e+03 0.000000e+00 1.000000e+00 1.000000e-01
3.080610e+03 0.000000e+00 1.000000e+00 1.000000e-01
3.080620e+03 0.000000e+00 1.000000e+00 1.000000e-01
3.080630e+03 0.000000e+00 1.000000e+00 1.000000e-01
3.080640e+03 0.000000e+00 1.000000e+00 1.000000e-01
3.080650e+03 0.000000e+00 1.000000e+00 1.000000e-01
3.080660e+03 0.000000e+00 1.000000e+00 1.000000e-01
3.080670e+03 0.000000e+00 1.000000e+00 1.000000e-01
3.080680e+03 0.000000e+00 1.000000e+00 1.000000e-01
3.080690e+03 0.000000e+00 1.000000e+00 1.000000e-01
3.080700e+03 0.000000e+00 1.000000e+00 1.000000e-01
3.080710e+03 0.000000e+00 1.000000e+00 1.000000e-01
3.080720e+03 0.000000e+00 1.000000e+00 1.000000e-01
3.080730e+03 0.000000e+00 1.000000e+00 1.000000e-01
3.080740e+03 0.000000e+00 1.000000e+00 1.000000e-01
3.080750e+03 0.000000e+00 1.000000e+00 1.000000e-01
3.080760e+03 0.000000e+00 1.000000e+00 1.000000e-01
3.080770e+03 0.000000e+00 1.000000e+00 1.000000e-01
3.080780e+03 0.000000e+00 1.000000e+00 1.000000e-01
3.080790e+03 0.000000e+00 1.000000e+00 1.000000e-01
3.080800e+03 0.000000e+00 1.000000e+00 1.000000e-01
3.080810e+03 0.000000e+00 1.000000e+00 1.000000e-01
3.080820e+03 0.000000e+00 1.000000e+00 1.000000e-01
3.080830e+03 0.000000e+00 1.000000e+00 1.000000e-01
3.080840e+03 0.000000e+00 1.000000e+00 1.000000e-01
3.080850e+03 0.000000e+00 1.000000e+00 1.000000e-01
3.080860e+03 0.000000e+00 1.000000e+00 1.000000e-01
3.080870e+03 0.000000e+00 1.000000e+00 1.000000e-01
3.080880e+03 0.000000e+00 1.000000e+00 1.000000e-01
3.080890e+03 0.000000e+00 1.000000e+00 1.000000e-01
3.080900e+03 0.000000e+00 1.000000e+00 1.000000e-01
3.080910e+03 0.000000e+00 1.000000e+00 1.000000e-01
3.080920e+03 0.000000e+00 1.000000e+00 1.000000e-01
3.080930e+03 0.000000e+00 1.000000e+00 1.000000e-01
3.080940e+03 0.000000e+00 1.000000e+00 1.000000e-01
3.080950e+03 0.000000e+00 1.000000e+00 1.000000e-01
3.080960e+03 0.000000e+00 1.000000e+00 1.000000e-01
3.080970e+03 0.000000e+00 1.000000e+00 1.000000e-01
3.080980e+03 0.000000e+00 1.000000e+00 1.000000e-01
3.080990e+03 0.000000e+00 1.000000e+00 1.000000e-01
3.081000e+03 0.000000e+00 1.000000e+00 1.000000e-01
3.081010e+03 0.000000e+00 1.000000e+00 1.000000e-01
3.081020e+03 0.000000e+00 1.000000e+00 1.000000e-01
3.081030e+03 0.000000e+00 1.000000e+00 1.000000e-01
3.081040e+03 0.000000e+00 1.000000e+00 1.000000e-01
3.081050e+03 0.000000e+00 1.000000e+00 1.000000e-01
3.081060e+03 0.000000e+00 1.000000e+00 1.000000e-01
3.081070e+03 0.000000e+00 1.000000e+00 1.000000e-01
3.081080e+03 0.000000e+00 1.000000e+00 1.000000e-01
3.081090e+03 0.000000e+00 1.000000e+00 1.000000e-01
3.081100e+03 0.000000e+00 1.000000e+00 1.000000e-01
3.081110e+03 0.000000e+00 1.000000e+00 1.000000e-01
3.081120e+03 0.000000e+00 1.000000e+00 1.000000e-01
3.081130e+03 0.000000e+00 1.000000e+00 1.000000e-01
3.081140e+03 0.000000e+00 1.000000e+00 1.000000e-01
3.081150e+03 0.000000e+00 1.000000e+00 1.000000e-01
3.081160e+03 0.000000e+00 1.000000e+00 1.000000e-01
3.081170e+03 0.000000e+00 1.000000e+00 1.000000e-01
3.081180e+03 0.000000e+00 1.000000e+00 1.000000e-01
3.081190e+03 0.000000e+00 1.000000e+00 1.000000e-01
3.081200e+03 0.000000e+00 1.000000e+00 1.000000e-01
3.081210e+03 0.000000e+00 1.000000e+00 1.000000e-01
3.081220e+03 0.000000e+00 1.000000e+00 1.000000e-01
3.081230e+03 0.000000e+00 1.000000e+00 1.000000e-01
3.081240e+03 0.000000e+00 1.000000e+00 1.000000e-01
3.081250e+03 0.000000e+00 1.000000e+00 1.000000e-01
3.081260e+03 0.000000e+00 1.000000e+00 1.000000e-01
3.081270e+03 0.000000e+00 1.000000e+00 1.000000e-01
3.081280e+03 0.000000e+00 1.000000e+00 1.000000e-01
3.081290e+03 0.000000e+00 1.000000e+00 1.000000e-01
3.081300e+03 0.000000e+00 1.000000e+00 1.000000e-01
3.081310e+03 0.000000e+00 1.000000e+00 1.000000e-01
3.081320e+03 0.000000e+00 1.000000e+00 1.000000e-01
3.081330e+03 0.000000e+00 1.000000e+00 1.000000e-01
3.081340e+03 0.000000e+00 1.000000e+00 1.000000e-01
3.081350e+03 0.000000e+00 1.000000e+00 1.000000e-01
3.081360e+03 0.000000e+00 1.000000e+00 1.000000e-01
3.081370e+03 0.000000e+00 1.000000e+00 1.000000e-01
3.081380e+03 0.000000e+00 1.000000e+00 1.000000e-01
3.081390e+03 0.000000e+00 1.000000e+00 1.000000e-01
3.081400e+03 0.000000e+00 1.000000e+00 1.000000e-01
3.081410e+03 0.000000e+00 1.000000e+00 1.000000e-01
3.081420e+03 0.000000e+00 1.000000e+00 1.000000e-01
3.081430e+03 0.000000e+00 1.000000e+00 1.000000e-01
3.081440e+03 0.000000e+00 1.000000e+00 1.000000e-01
3.081450e+03 0.000000e+00 1.000000e+00 1.000000e-01
3.081460e+03 0.000000e+00 1.000000e+00 1.000000e-01
3.081470e+03 0.000000e+00 1.000000e+00 1.000000e-01
3.081480e+03 0.000000e+00 1.000000e+00 1.000000e-01
3.081490e+03 0.000000e+00 1.000000e+00 1.000000e-01
3.081500e+03 0.000000e+00 1.000000e+00 1.000000e-01
3.081510e+03 0.000000e+00 1.000000e+00 1.000000e-01
3.081520e+03 0.000000e+00 1.000000e+00 1.000000e-01
3.081530e+03 0.000000e+00 1.000000e+00 1.000000e-01
3.081540e+03 0.000000e+00 1.000000e+00 1.000000e-01
3.081550e+03 0.000000e+00 1.000000e+00 1.000000e-01
3.081560e+03 0.000000e+00 1.000000e+00 1.000000e-01
3.081570e+03 0.000000e+00 1.000000e+00 1.000000e-01
3.081580e+03 0.000000e+00 1.000000e+00 1.000000e-01
3.081590e+03 0.000000e+00 1.000000e+00 1.000000e-01
3.081600e+03 0.000000e+00 1.000000e+00 1.000000e-01
3.081610e+03 0.000000e+00 1.000000e+00 1.000000e-01
3.081620e+03 0.000000e+00 1.000000e+00 1.000000e-01
3.081630e+03 0.000000e+00 1.000000e+00 1.000000e-01
3.081640e+03 0.000000e+00 1.000000e+00 1.000000e-01
3.081650e+03 0.000000e+00 1.000000e+00 1.000000e-01
3.081660e+03 0.000000e+00 1.000000e+00 1.000000e-01
3.081670e+03 0.000000e+00 1.000000e+00 1.000000e-01
3.081680e+03 0.000000e+00 1.000000e+00 1.000000e-01
3.081690e+03 0.000000e+00 1.000000e+00 1.000000e-01
3.081700e+03 0.000000e+00 1.000000e+00 1.000000e-01
3.081710e+03 0.000000e+00 1.000000e+00 1.000000e-01
3.081720e+03 0.000000e+00 1.000000e+00 1.000000e-01
3.081730e+03 0.000000e+00 1.000000e+00 1.000000e-01
3.081740e+03 0.000000e+00 1.000000e+00 1.000000e-01
3.081750e+03 0.000000e+00 1.000000e+00 1.000000e-01
3.081760e+03 0.000000e+00 1.000000e+00 1.000000e-01
3.081770e+03 0.000000e+00 1.000000e+00 1.000000e-01
3.081780e+03 0.000000e+00 1.000000e+00 1.000000e-01
3.081790e+03 0.000000e+00 1.000000e+00 1.000000e-01
3.081800e+03 0.000000e+00 1.000000e+00 1.000000e-01
3.081810e+03 0.000000e+00 1.000000e+00 1.000000e-01
3.081820e+03 0.000000e+00 1.000000e+00 1.000000e-01
3.081830e+03 0.000000e+00 1.000000e+00 1.000000e-01
3.081840e+03 0.000000e+00 1.000000e+00 1.000000e-01
3.081850e+03 0.000000e+00 1.000000e+00 1.000000e-01
3.081860e+03 0.000000e+00 1.000000e+00 1.000000e-01
3.081870e+03 0.000000e+00 1.000000e+00 1.000000e-01
3.081880e+03 0.000000e+00 1.000000e+00 1.000000e-01
3.081890e+03 0.000000e+00 1.000000e+00 1.000000e-01
3.081900e+03 0.000000e+00 1.000000e+00 1.000000e-01
3.081910e+03 0.000000e+00 1.000000e+00 1.000000e-01
3.081920e+03 0.000000e+00 1.000000e+00 1.000000e-01
3.081930e+03 0.000000e+00 1.000000e+00 1.000000e-01
3.081940e+03 0.000000e+00 1.000000e+00 1.000000e-01
3.081950e+03 0.000000e+00 1.000000e+00 1.000000e-01
3.081960e+03 0.000000e+00 1.000000e+00 1.000000e-01
3.081970e+03 0.000000e+00 1.000000e+00 1.000000e-01
3.081980e+03 0.000000e+00 1.000000e+00 1.000000e-01
3.081990e+03 0.000000e+00 1.000000e+00 1.000000e-01
3.082000e+03 0.000000e+00 1.000000e+00 1.000000e-01
3.082010e+03 0.000000e+00 1.000000e+00 1.000000e-01
3.082020e+03 0.000000e+00 1.000000e+00 1.000000e-01
3.082030e+03 0.000000e+00 1.000000e+00 1.000000e-01
3.082040e+03 0.000000e+00 1.000000e+00 1.000000e-01
3.082050e+03 0.000000e+00 1.000000e+00 1.000000e-01
3.082060e+03 0.000000e+00 1.000000e+00 1.000000e-01
3.082070e+03 0.000000e+00 1.000000e+00 1.000000e-01
3.082080e+03 0.000000e+00 1.000000e+00 1.000000e-01
3.082090e+03 0.000000e+00 1.000000e+00 1.000000e-01
3.082100e+03 0.000000e+00 1.000000e+00 1.000000e-01
3.082110e+03 0.000000e+00 1.000000e+00 1.000000e-01
3.082120e+03 0.000000e+00 1.000000e+00 1.000000e-01
3.082130e+03 0.000000e+00 1.000000e+00 1.000000e-01
3.082140e+03 0.000000e+00 1.000000e+00 1.000000e-01
3.082150e+03 0.000000e+00 1.000000e+00 1.000000e-01
3.082160e+03 0.000000e+00 1.000000e+00 1.000000e-01
3.082170e+03 0.000000e+00 1.000000e+00 1.000000e-01
3.082180e+03 0.000000e+00 1.000000e+00 1.000000e-01
3.082190e+03 0.000000e+00 1.000000e+00 1.000000e-01
3.082200e+03 0.000000e+00 1.000000e+00 1.000000e-01
3.082210e+03 0.000000e+00 1.000000e+00 1.000000e-01
3.082220e+03 0.000000e+00 1.000000e+00 1.000000e-01
3.082230e+03 0.000000e+00 1.000000e+00 1.000000e-01
3.082240e+03 0.000000e+00 1.000000e+00 1.000000e-01
3.082250e+03 0.000000e+00 1.000000e+00 1.000000e-01
3.082260e+03 0.000000e+00 1.000000e+00 1.000000e-01
3.082270e+03 0.000000e+00 1.000000e+00 1.000000e-01
3.082280e+03 0.000000e+00 1.000000e+00 1.000000e-01
3.082290e+03 0.000000e+00 1.000000e+00 1.000000e-01
3.082300e+03 0.000000e+00 1.000000e+00 1.000000e-01
3.082310e+03 0.000000e+00 1.000000e+00 1.000000e-01
3.082320e+03 0.000000e+00 1.000000e+00 1.000000e-01
3.082330e+03 0.000000e+00 1.000000e+00 1.000000e-01
3.082340e+03 0.000000e+00 1.000000e+00 1.000000e-01
3.082350e+03 0.000000e+00 1.000000e+00 1.000000e-01
3.082360e+03 0.000000e+00 1.000000e+00 1.000000e-01
3.082370e+03 0.000000e+00 1.000000e+00 1.000000e-01
3.082380e+03 0.000000e+00 1.000000e+00 1.000000e-01
3.082390e+03 0.000000e+00 1.000000e+00 1.000000e-01
3.082400e+03 0.000000e+00 1.000000e+00 1.000000e-01
3.082410e+03 0.000000e+00 1.000000e+00 1.000000e-01
3.082420e+03 0.000000e+00 1.000000e+00 1.000000e-01
3.082430e+03 0.000000e+00 1.000000e+00 1.000000e-01
3.082440e+03 0.000000e+00 1.000000e+00 1.000000e-01
3.082450e+03 0.000000e+00 1.000000e+00 1.000000e-01
3.082460e+03 0.000000e+00 1.000000e+00 1.000000e-01
3.082470e+03 0.000000e+00 1.000000e+00 1.000000e-01
3.082480e+03 0.000000e+00 1.000000e+00 1.000000e-01
3.082490e+03 0.000000e+00 1.000000e+00 1.000000e-01
3.082500e+03 0.000000e+00 1.000000e+00 1.000000e-01
3.082510e+03 0.000000e+00 1.000000e+00 1.000000e-01
3.082520e+03 0.000000e+00 1.000000e+00 1.000000e-01
3.082530e+03 0.000000e+00 1.000000e+00 1.000000e-01
3.082540e+03 0.000000e+00 1.000000e+00 1.000000e-01
3.082550e+03 0.000000e+00 1.000000e+00 1.000000e-01
3.082560e+03 0.000000e+00 1.000000e+00 1.000000e-01
3.082570e+03 0.000000e+00 1.000000e+00 1.000000e-01
3.082580e+03 0.000000e+00 1.000000e+00 1.000000e-01
3.082590e+03 0.000000e+00 1.000000e+00 1.000000e-01
3.082600e+03 0.000000e+00 1.000000e+00 1.000000e-01
3.082610e+03 0.000000e+00 1.000000e+00 1.000000e-01
3.082620e+03 0.000000e+00 1.000000e+00 1.000000e-01
3.082630e+03 0.000000e+00 1.000000e+00 1.000000e-01
3.082640e+03 0.000000e+00 1.000000e+00 1.000000e-01
3.082650e+03 0.000000e+00 1.000000e+00 1.000000e-01
3.082660e+03 0.000000e+00 1.000000e+00 1.000000e-01
3.082670e+03 0.000000e+00 1.000000e+00 1.000000e-01
3.082680e+03 0.000000e+00 1.000000e+00 1.000000e-01
3.082690e+03 0.000000e+00 1.000000e+00 1.000000e-01
3.082700e+03 0.000000e+00 1.000000e+00 1.000000e-01
3.082710e+03 0.000000e+00 1.000000e+00 1.000000e-01
3.082720e+03 0.000000e+00 1.000000e+00 1.000000e-01
3.082730e+03 0.000000e+00 1.000000e+00 1.000000e-01
3.082740e+03 0.000000e+00 1.000000e+00 1.000000e-01
3.082750e+03 0.000000e+00 1.000000e+00 1.000000e-01
3.082760e+03 0.000000e+00 1.000000e+00 1.000000e-01
3.082770e+03 0.000000e+00 1.000000e+00 1.000000e-01
3.082780e+03 0.000000e+00 1.000000e+00 1.000000e-01
3.082790e+03 0.000000e+00 1.000000e+00 1.000000e-01
3.082800e+03 0.000000e+00 1.000000e+00 1.000000e-01
3.082810e+03 0.000000e+00 1.000000e+00 1.000000e-01
3.082820e+03 0.000000e+00 1.000000e+00 1.000000e-01
3.082830e+03 0.000000e+00 1.000000e+00 1.000000e-01
3.082840e+03 0.000000e+00 1.000000e+00 1.000000e-01
3.082850e+03 0.000000e+00 1.000000e+00 1.000000e-01
3.082860e+03 0.000000e+00 1.000000e+00 1.000000e-01
3.082870e+03 0.000000e+00 1.000000e+00 1.000000e-01
3.082880e+03 0.000000e+00 1.000000e+00 1.000000e-01
3.082890e+03 0.000000e+00 1.000000e+00 1.000000e-01
3.082900e+03 0.000000e+00 1.000000e+00 1.000000e-01
3.082910e+03 0.000000e+00 1.000000e+00 1.000000e-01
3.082920e+03 0.000000e+00 1.000000e+00 1.000000e-01
3.082930e+03 0.000000e+00 1.000000e+00 1.000000e-01
3.082940e+03 0.000000e+00 1.000000e+00 1.000000e-01
3.082950e+03 0.000000e+00 1.000000e+00 1.000000e-01
3.082960e+03 0.000000e+00 1.000000e+00 1.000000e-01
3.082970e+03 0.000000e+00 1.000000e+00 1.000000e-01
3.082980e+03 0.000000e+00 1.000000e+00 1.000000e-01
3.082990e+03 0.000000e+00 1.000000e+00 1.000000e-01
3.083000e+03 0.000000e+00 1.000000e+00 1.000000e-01
3.083010e+03 0.000000e+00 1.000000e+00 1.000000e-01
3.083020e+03 0.000000e+00 1.000000e+00 1.000000e-01
3.083030e+03 0.000000e+00 1.000000e+00 1.000000e-01
3.083040e+03 0.000000e+00 1.000000e+00 1.000000e-01
3.083050e+03 0.000000e+00 1.000000e+00 1.000000e-01
3.083060e+03 0.000000e+00 1.000000e+00 1.000000e-01
3.083070e+03 0.000000e+00 1.000000e+00 1.000000e-01
3.083080e+03 0.000000e+00 1.000000e+00 1.000000e-01
3.083090e+03 0.000000e+00 1.000000e+00 1.000000e-01
3.083100e+03 0.000000e+00 1.000000e+00 1.000000e-01
3.083110e+03 0.000000e+00 1.000000e+00 1.000000e-01
3.083120e+03 0.000000e+00 1.000000e+00 1.000000e-01
3.083130e+03 0.000000e+00 1.000000e+00 1.000000e-01
3.083140e+03 0.000000e+00 1.000000e+00 1.000000e-01
3.083150e+03 0.000000e+00 1.000000e+00 1.000000e-01
3.083160e+03 0.000000e+00 1.000000e+00 1.000000e-01
3.083170e+03 0.000000e+00 1.000000e+00 1.000000e-01
3.083180e+03 0.000000e+00 1.000000e+00 1.000000e-01
3.083190e+03 0.000000e+00 1.000000e+00 1.000000e-01
3.083200e+03 0.000000e+00 1.000000e+00 1.000000e-01
3.083210e+03 0.000000e+00 1.000000e+00 1.000000e-01
3.083220e+03 0.000000e+00 1.000000e+00 1.000000e-01
3.083230e+03 0.000000e+00 1.000000e+00 1.000000e-01
3.083240e+03 0.000000e+00 1.000000e+00 1.000000e-01
3.083250e+03 0.000000e+00 1.000000e+00 1.000000e-01
3.083260e+03 0.000000e+00 1.000000e+00 1.000000e-01
3.083270e+03 0.000000e+00 1.000000e+00 1.000000e-01
3.083280e+03 0.000000e+00 1.000000e+00 1.000000e-01
3.083290e+03 0.000000e+00 1.000000e+00 1.000000e-01
3.083300e+03 0.000000e+00 1.000000e+00 1.000000e-01
3.083310e+03 0.000000e+00 1.000000e+00 1.000000e-01
3.083320e+03 0.000000e+00 1.000000e+00 1.000000e-01
3.083330e+03 0.000000e+00 1.000000e+00 1.000000e-01
3.083340e+03 0.000000e+00 1.000000e+00 1.000000e-01
3.083350e+03 0.000000e+00 1.000000e+00 1.000000e-01
3.083360e+03 0.000000e+00 1.000000e+00 1.000000e-01
3.083370e+03 0.000000e+00 1.000000e+00 1.000000e-01
3.083380e+03 0.000000e+00 1.000000e+00 1.000000e-01
3.083390e+03 0.000000e+00 1.000000e+00 1.000000e-01
3.083400e+03 0.000000e+00 1.000000e+00 1.000000e-01
3.083410e+03 0.000000e+00 1.000000e+00 1.000000e-01
3.083420e+03 0.000000e+00 1.000000e+00 1.000000e-01
3.083430e+03 0.000000e+00 1.000000e+00 1.000000e-01
3.083440e+03 0.000000e+00 1.000000e+00 1.000000e-01
3.083450e+03 0.000000e+00 1.000000e+00 1.000000e-01
3.083460e+03 0.000000e+00 1.000000e+00 1.000000e-01
3.083470e+03 0.000000e+00 1.000000e+00 1.000000e-01
3.083480e+03 0.000000e+00 1.000000e+00 1.000000e-01
3.083490e+03 0.000000e+00 1.000000e+00 1.000000e-01
3.083500e+03 0.000000e+00 1.000000e+00 1.000000e-01
3.083510e+03 0.000000e+00 1.000000e+00 1.000000e-01
3.083520e+03 0.000000e+00 1.000000e+00 1.000000e-01
3.083530e+03 0.000000e+00 1.000000e+00 1.000000e-01
3.083540e+03 0.000000e+00 1.000000e+00 1.000000e-01
3.083550e+03 0.000000e+00 1.000000e+00 1.000000e-01
3.083560e+03 0.000000e+00 1.000000e+00 1.000000e-01
3.083570e+03 0.000000e+00 1.000000e+00 1.000000e-01
3.083580e+03 0.000000e+00 1.000000e+00 1.000000e-01
3.083590e+03 0.000000e+00 1.000000e+00 1.000000e-01
3.083600e+03 0.000000e+00 1.000000e+00 1.000000e-01
3.083610e+03 0.000000e+00 1.000000e+00 1.000000e-01
3.083620e+03 0.000000e+00 1.000000e+00 1.000000e-01
3.083630e+03 0.000000e+00 1.000000e+00 1.000000e-01
3.083640e+03 0.000000e+00 1.000000e+00 1.000000e-01
3.083650e+03 0.000000e+00 1.000000e+00 1.000000e-01
3.083660e+03 0.000000e+00 1.000000e+00 1.000000e-01
3.083670e+03 0.000000e+00 1.000000e+00 1.000000e-01
3.083680e+03 0.000000e+00 1.000000e+00 1.000000e-01
3.083690e+03 0.000000e+00 1.000000e+00 1.000000e-01
3.083700e+03 0.000000e+00 1.000000e+00 1.000000e-01
3.083710e+03 0.000000e+00 1.000000e+00 1.000000e-01
3.083720e+03 0.000000e+00 1.000000e+00 1.000000e-01
3.083730e+03 0.000000e+00 1.000000e+00 1.000000e-01
3.083740e+03 0.000000e+00 1.000000e+00 1.000000e-01
3.083750e+03 0.000000e+00 1.000000e+00 1.000000e-01
3.083760e+03 0.000000e+00 1.000000e+00 1.000000e-01
3.083770e+03 0.000000e+00 1.000000e+00 1.000000e-01
3.083780e+03 0.000000e+00 1.000000e+00 1.000000e-01
3.083790e+03 0.000000e+00 1.000000e+00 1.000000e-01
3.083800e+03 0.000000e+00 1.000000e+00 1.000000e-01
3.083810e+03 0.000000e+00 1.000000e+00 1.000000e-01
3.083820e+03 0.000000e+00 1.000000e+00 1.000000e-01
3.083830e+03 0.000000e+00 1.000000e+00 1.000000e-01
3.083840e+03 0.000000e+00 1.000000e+00 1.000000e-01
3.083850e+03 0.000000e+00 1.000000e+00 1.000000e-01
3.083860e+03 0.000000e+00 1.000000e+00 1.000000e-01
3.083870e+03 0.000000e+00 1.000000e+00 1.000000e-01
3.083880e+03 0.000000e+00 1.000000e+00 1.000000e-01
3.083890e+03 0.000000e+00 1.000000e+00 1.000000e-01
3.083900e+03 0.000000e+00 1.000000e+00 1.000000e-01
3.083910e+03 0.000000e+00 1.000000e+00 1.000000e-01
3.083920e+03 0.000000e+00 1.000000e+00 1.000000e-01
3.083930e+03 0.000000e+00 1.000000e+00 1.000000e-01
3.083940e+03 0.000000e+00 1.000000e+00 1.000000e-01
3.083950e+03 0.000000e+00 1.000000e+00 1.000000e-01
3.083960e+03 0.000000e+00 1.000000e+00 1.000000e-01
3.083970e+03 0.000000e+00 1.000000e+00 1.000000e-01
3.083980e+03 0.000000e+00 1.000000e+00 1.000000e-01
3.083990e+03 0.000000e+00 1.000000e+00 1.000000e-01
3.084000e+03 0.000000e+00 1.000000e+00 1.000000e-01
3.084010e+03 0.000000e+00 1.000000e+00 1.000000e-01
3.084020e+03 0.000000e+00 1.000000e+00 1.000000e-01
3.084030e+03 0.000000e+00 1.000000e+00 1.000000e-01
3.084040e+03 0.000000e+00 1.000000e+00 1.000000e-01
3.084050e+03 0.000000e+00 1.000000e+00 1.000000e-01
3.084060e+03 0.000000e+00 1.000000e+00 1.000000e-01
3.084070e+03 0.000000e+00 1.000000e+00 1.000000e-01
3.084080e+03 0.000000e+00 1.000000e+00 1.000000e-01
3.084090e+03 0.000000e+00 1.000000e+00 1.000000e-01
3.084100e+03 0.000000e+00 1.000000e+00 1.000000e-01
3.084110e+03 0.000000e+00 1.000000e+00 1.000000e-01
3.084120e+03 0.000000e+00 1.000000e+00 1.000000e-01
3.084130e+03 0.000000e+00 1.000000e+00 1.000000e-01
3.084140e+03 0.000000e+00 1.000000e+00 1.000000e-01
3.084150e+03 0.000000e+00 1.000000e+00 1.000000e-01
3.084160e+03 0.000000e+00 1.000000e+00 1.000000e-01
3.084170e+03 0.000000e+00 1.000000e+00 1.000000e-01
3.084180e+03 0.000000e+00 1.000000e+00 1.000000e-01
3.084190e+03 0.000000e+00 1.000000e+00 1.000000e-01
3.084200e+03 0.000000e+00 1.000000e+00 1.000000e-01
3.084210e+03 0.000000e+00 1.000000e+00 1.000000e-01
3.084220e+03 0.000000e+00 1.000000e+00 1.000000e-01
3.084230e+03 0.000000e+00 1.000000e+00 1.000000e-01
3.084240e+03 0.000000e+00 1.000000e+00 1.000000e-01
3.084250e+03 0.000000e+00 1.000000e+00 1.000000e-01
3.084260e+03 0.000000e+00 1.000000e+00 1.000000e-01
3.084270e+03 0.000000e+00 1.000000e+00 1.000000e-01
3.084280e+03 0.000000e+00 1.000000e+00 1.000000e-01
3.084290e+03 0.000000e+00 1.000000e+00 1.000000e-01
3.084300e+03 0.000000e+00 1.000000e+00 1.000000e-01
3.084310e+03 0.000000e+00 1.000000e+00 1.000000e-01
3.084320e+03 0.000000e+00 1.000000e+00 1.000000e-01
3.084330e+03 0.000000e+00 1.000000e+00 1.000000e-01
3.084340e+03 0.000000e+00 1.000000e+00 1.000000e-01
3.084350e+03 0.000000e+00 1.000000e+00 1.000000e-01
3.084360e+03 0.000000e+00 1.000000e+00 1.000000e-01
3.084370e+03 0.000000e+00 1.000000e+00 1.000000e-01
3.084380e+03 0.000000e+00 1.000000e+00 1.000000e-01
3.084390e+03 0.000000e+00 1.000000e+00 1.000000e-01
3.084400e+03 0.000000e+00 1.000000e+00 1.000000e-01
3.084410e+03 0.000000e+00 1.000000e+00 1.000000e-01
3.084420e+03 0.000000e+00 1.000000e+00 1.000000e-01
3.084430e+03 0.000000e+00 1.000000e+00 1.000000e-01
3.084440e+03 0.000000e+00 1.000000e+00 1.000000e-01
3.084450e+03 0.000000e+00 1.000000e+00 1.000000e-01
3.084460e+03 0.000000e+00 1.000000e+00 1.000000e-01
3.084470e+03 0.000000e+00 1.000000e+00 1.000000e-01
3.084480e+03 0.000000e+00 1.000000e+00 1.000000e-01
3.084490e+03 0.000000e+00 1.000000e+00 1.000000e-01
3.084500e+03 0.000000e+00 1.000000e+00 1.000000e-01
3.084510e+03 0.000000e+00 1.000000e+00 1.000000e-01
3.084520e+03 0.000000e+00 1.000000e+00 1.000000e-01
3.084530e+03 0.000000e+00 1.000000e+00 1.000000e-01
3.084540e+03 0.000000e+00 1.000000e+00 1.000000e-01
3.084550e+03 0.000000e+00 1.000000e+00 1.000000e-01
3.084560e+03 0.000000e+00 1.000000e+00 1.000000e-01
3.084570e+03 0.000000e+00 1.000000e+00 1.000000e-01
3.084580e+03 0.000000e+00 1.000000e+00 1.000000e-01
3.084590e+03 0.000000e+00 1.000000e+00 1.000000e-01
3.084600e+03 0.000000e+00 1.000000e+00 1.000000e-01
3.084610e+03 0.000000e+00 1.000000e+00 1.000000e-01
3.084620e+03 0.000000e+00 1.000000e+00 1.000000e-01
3.084630e+03 0.000000e+00 1.000000e+00 1.000000e-01
3.084640e+03 0.000000e+00 1.000000e+00 1.000000e-01
3.084650e+03 0.000000e+00 1.000000e+00 1.000000e-01
3.084660e+03 0.000000e+00 1.000000e+00 1.000000e-01
3.084670e+03 0.000000e+00 1.000000e+00 1.000000e-01
3.084680e+03 0.000000e+00 1.000000e+00 1.000000e-01
3.084690e+03 0.000000e+00 1.000000e+00 1.000000e-01
3.084700e+03 0.000000e+00 1.000000e+00 1.000000e-01
3.084710e+03 0.000000e+00 1.000000e+00 1.000000e-01
3.084720e+03 0.000000e+00 1.000000e+00 1.000000e-01
3.084730e+03 0.000000e+00 1.000000e+00 1.000000e-01
3.084740e+03 0.000000e+00 1.000000e+00 1.000000e-01
3.084750e+03 0.000000e+00 1.000000e+00 1.000000e-01
3.084760e+03 0.000000e+00 1.000000e+00 1.000000e-01
3.084770e+03 0.000000e+00 1.000000e+00 1.000000e-01
3.084780e+03 0.000000e+00 1.000000e+00 1.000000e-01
3.084790e+03 0.000000e+00 1.000000e+00 1.000000e-01
3.084800e+03 0.000000e+00 1.000000e+00 1.000000e-01
3.084810e+03 0.000000e+00 1.000000e+00 1.000000e-01
3.084820e+03 0.000000e+00 1.000000e+00 1.000000e-01
3.084830e+03 0.000000e+00 1.000000e+00 1.000000e-01
3.084840e+03 0.000000e+00 1.000000e+00 1.000000e-01
3.084850e+03 0.000000e+00 1.000000e+00 1.000000e-01
3.084860e+03 0.000000e+00 1.000000e+00 1.000000e-01
3.084870e+03 0.000000e+00 1.000000e+00 1.000000e-01
3.084880e+03 0.000000e+00 1.000000e+00 1.000000e-01
3.084890e+03 0.000000e+00 1.000000e+00 1.000000e-01
3.084900e+03 0.000000e+00 1.000000e+00 1.000000e-01
3.084910e+03 0.000000e+00 1.000000e+00 1.000000e-01
3.084920e+03 0.000000e+00 1.000000e+00 1.000000e-01
3.084930e+03 0.000000e+00 1.000000e+00 1.000000e-01
3.084940e+03 0.000000e+00 1.000000e+00 1.000000e-01
3.084950e+03 0.000000e+00 1.000000e+00 1.000000e-01
3.084960e+03 0.000000e+00 1.000000e+00 1.000000e-01
3.084970e+03 0.000000e+00 1.000000e+00 1.000000e-01
3.084980e+03 0.000000e+00 1.000000e+00 1.000000e-01
3.084990e+03 0.000000e+00 1.000000e+00 1.000000e-01
3.085000e+03 0.000000e+00 1.000000e+00 1.000000e-01
3.085010e+03 0.000000e+00 1.000000e+00 1.000000e-01
3.085020e+03 0.000000e+00 1.000000e+00 1.000000e-01
3.085030e+03 0.000000e+00 1.000000e+00 1.000000e-01
3.085040e+03 0.000000e+00 1.000000e+00 1.000000e-01
3.085050e+03 0.000000e+00 1.000000e+00 1.000000e-01
3.085060e+03 0.000000e+00 1.000000e+00 1.000000e-01
3.085070e+03 0.000000e+00 1.000000e+00 1.000000e-01
3.085080e+03 0.000000e+00 1.000000e+00 1.000000e-01
3.085090e+03 0.000000e+00 1.000000e+00 1.000000e-01
3.085100e+03 0.000000e+00 1.000000e+00 1.000000e-01
3.085110e+03 0.000000e+00 1.000000e+00 1.000000e-01
3.085120e+03 0.000000e+00 1.000000e+00 1.000000e-01
3.085130e+03 0.000000e+00 1.000000e+00 1.000000e-01
3.085140e+03 0.000000e+00 1.000000e+00 1.000000e-01
3.085150e+03 0.000000e+00 1.000000e+00 1.000000e-01
3.085160e+03 0.000000e+00 1.000000e+00 1.000000e-01
3.085170e+03 0.000000e+00 1.000000e+00 1.000000e-01
3.085180e+03 0.000000e+00 1.000000e+00 1.000000e-01
3.085190e+03 0.000000e+00 1.000000e+00 1.000000e-01
3.085200e+03 0.000000e+00 1.000000e+00 1.000000e-01
3.085210e+03 0.000000e+00 1.000000e+00 1.000000e-01
3.085220e+03 0.000000e+00 1.000000e+00 1.000000e-01
3.085230e+03 0.000000e+00 1.000000e+00 1.000000e-01
3.085240e+03 0.000000e+00 1.000000e+00 1.000000e-01
3.085250e+03 0.000000e+00 1.000000e+00 1.000000e-01
3.085260e+03 0.000000e+00 1.000000e+00 1.000000e-01
3.085270e+03 0.000000e+00 1.000000e+00 1.000000e-01
3.085280e+03 0.000000e+00 1.000000e+00 1.000000e-01
3.085290e+03 0.000000e+00 1.000000e+00 1.000000e-01
3.085300e+03 0.000000e+00 1.000000e+00 1.000000e-01
3.085310e+03 0.000000e+00 1.000000e+00 1.000000e-01
3.085320e+03 0.000000e+00 1.000000e+00 1.000000e-01
3.085330e+03 0.000000e+00 1.000000e+00 1.000000e-01
3.085340e+03 0.000000e+00 1.000000e+00 1.000000e-01
3.085350e+03 0.000000e+00 1.000000e+00 1.000000e-01
3.085360e+03 0.000000e+00 1.000000e+00 1.000000e-01
3.085370e+03 0.000000e+00 1.000000e+00 1.000000e-01
3.085380e+03 0.000000e+00 1.000000e+00 1.000000e-01
3.085390e+03 0.000000e+00 1.000000e+00 1.000000e-01
3.085400e+03 0.000000e+00 1.000000e+00 1.000000e-01
3.085410e+03 0.000000e+00 1.000000e+00 1.000000e-01
3.085420e+03 0.000000e+00 1.000000e+00 1.000000e-01
3.085430e+03 0.000000e+00 1.000000e+00 1.000000e-01
3.085440e+03 0.000000e+00 1.000000e+00 1.000000e-01
3.085450e+03 0.000000e+00 1.000000e+00 1.000000e-01
3.085460e+03 0.000000e+00 1.000000e+00 1.000000e-01
3.085470e+03 0.000000e+00 1.000000e+00 1.000000e-01
3.085480e+03 0.000000e+00 1.000000e+00 1.000000e-01
3.085490e+03 0.000000e+00 1.000000e+00 1.000000e-01
3.085500e+03 0.000000e+00 1.000000e+00 1.000000e-01
3.085510e+03 0.000000e+00 1.000000e+00 1.000000e-01
3.085520e+03 0.000000e+00 1.000000e+00 1.000000e-01
3.085530e+03 0.000000e+00 1.000000e+00 1.000000e-01
3.085540e+03 0.000000e+00 1.000000e+00 1.000000e-01
3.085550e+03 0.000000e+00 1.000000e+00 1.000000e-01
3.085560e+03 0.000000e+00 1.000000e+00 1.000000e-01
3.085570e+03 0.000000e+00 1.000000e+00 1.000000e-01
3.085580e+03 0.000000e+00 1.000000e+00 1.000000e-01
3.085590e+03 0.000000e+00 1.000000e+00 1.000000e-01
3.085600e+03 0.000000e+00 1.000000e+00 1.000000e-01
3.085610e+03 0.000000e+00 1.000000e+00 1.000000e-01
3.085620e+03 0.000000e+00 1.000000e+00 1.000000e-01
3.085630e+03 0.000000e+00 1.000000e+00 1.000000e-01
3.085640e+03 0.000000e+00 1.000000e+00 1.000000e-01
3.085650e+03 0.000000e+00 1.000000e+00 1.000000e-01
3.085660e+03 0.000000e+00 1.000000e+00 1.000000e-01
3.085670e+03 0.000000e+00 1.000000e+00 1.000000e-01
3.085680e+03 0.000000e+00 1.000000e+00 1.000000e-01
3.085690e+03 0.000000e+00 1.000000e+00 1.000000e-01
3.085700e+03 0.000000e+00 1.000000e+00 1.000000e-01
3.085710e+03 0.000000e+00 1.000000e+00 1.000000e-01
3.085720e+03 0.000000e+00 1.000000e+00 1.000000e-01
3.085730e+03 0.000000e+00 1.000000e+00 1.000000e-01
3.085740e+03 0.000000e+00 1.000000e+00 1.000000e-01
3.085750e+03 0.000000e+00 1.000000e+00 1.000000e-01
3.085760e+03 0.000000e+00 1.000000e+00 1.000000e-01
3.085770e+03 0.000000e+00 1.000000e+00 1.000000e-01
3.085780e+03 0.000000e+00 1.000000e+00 1.000000e-01
3.085790e+03 0.000000e+00 1.000000e+00 1.000000e-01
3.085800e+03 0.000000e+00 1.000000e+00 1.000000e-01
3.085810e+03 0.000000e+00 1.000000e+00 1.000000e-01
3.085820e+03 0.000000e+00 1.000000e+00 1.000000e-01
3.085830e+03 0.000000e+00 1.000000e+00 1.000000e-01
3.085840e+03 0.000000e+00 1.000000e+00 1.000000e-01
3.085850e+03 0.000000e+00 1.000000e+00 1.000000e-01
3.085860e+03 0.000000e+00 1.000000e+00 1.000000e-01
3.085870e+03 0.000000e+00 1.000000e+00 1.000000e-01
3.085880e+03 0.000000e+00 1.000000e+00 1.000000e-01
3.085890e+03 0.000000e+00 1.000000e+00 1.000000e-01
3.085900e+03 0.000000e+00 1.000000e+00 1.000000e-01
3.085910e+03 0.000000e+00 1.000000e+00 1.000000e-01
3.085920e+03 0.000000e+00 1.000000e+00 1.000000e-01
3.085930e+03 0.000000e+00 1.000000e+00 1.000000e-01
3.085940e+03 0.000000e+00 1.000000e+00 1.000000e-01
3.085950e+03 0.000000e+00 1.000000e+00 1.000000e-01
3.085960e+03 0.000000e+00 1.000000e+00 1.000000e-01
3.085970e+03 0.000000e+00 1.000000e+00 1.000000e-01
3.085980e+03 0.000000e+00 1.000000e+00 1.000000e-01
3.085990e+03 0.000000e+00 1.000000e+00 1.000000e-01
3.086000e+03 0.000000e+00 1.000000e+00 1.000000e-01
3.086010e+03 0.000000e+00 1.000000e+00 1.000000e-01
3.086020e+03 0.000000e+00 1.000000e+00 1.000000e-01
3.086030e+03 0.000000e+00 1.000000e+00 1.000000e-01
3.086040e+03 0.000000e+00 1.000000e+00 1.000000e-01
3.086050e+03 0.000000e+00 1.000000e+00 1.000000e-01
3.086060e+03 0.000000e+00 1.000000e+00 1.000000e-01
3.086070e+03 0.000000e+00 1.000000e+00 1.000000e-01
3.086080e+03 0.000000e+00 1.000000e+00 1.000000e-01
3.086090e+03 0.000000e+00 1.000000e+00 1.000000e-01
3.086100e+03 0.000000e+00 1.000000e+00 1.000000e-01
3.086110e+03 0.000000e+00 1.000000e+00 1.000000e-01
3.086120e+03 0.000000e+00 1.000000e+00 1.000000e-01
3.086130e+03 0.000000e+00 1.000000e+00 1.000000e-01
3.086140e+03 0.000000e+00 1.000000e+00 1.000000e-01
3.086150e+03 0.000000e+00 1.000000e+00 1.000000e-01
3.086160e+03 0.000000e+00 1.000000e+00 1.000000e-01
3.086170e+03 0.000000e+00 1.000000e+00 1.000000e-01
3.086180e+03 0.000000e+00 1.000000e+00 1.000000e-01
3.086190e+03 0.000000e+00 1.000000e+00 1.000000e-01
3.086200e+03 0.000000e+00 1.000000e+00 1.000000e-01
3.086210e+03 0.000000e+00 1.000000e+00 1.000000e-01
3.086220e+03 0.000000e+00 1.000000e+00 1.000000e-01
3.086230e+03 0.000000e+00 1.000000e+00 1.000000e-01
3.086240e+03 0.000000e+00 1.000000e+00 1.000000e-01
3.086250e+03 0.000000e+00 1.000000e+00 1.000000e-01
3.086260e+03 0.000000e+00 1.000000e+00 1.000000e-01
3.086270e+03 0.000000e+00 1.000000e+00 1.000000e-01
3.086280e+03 0.000000e+00 1.000000e+00 1.000000e-01
3.086290e+03 0.000000e+00 1.000000e+00 1.000000e-01
3.086300e+03 0.000000e+00 1.000000e+00 1.000000e-01
3.086310e+03 0.000000e+00 1.000000e+00 1.000000e-01
3.086320e+03 0.000000e+00 1.000000e+00 1.000000e-01
3.086330e+03 0.000000e+00 1.000000e+00 1.000000e-01
3.086340e+03 0.000000e+00 1.000000e+00 1.000000e-01
3.086350e+03 0.000000e+00 1.000000e+00 1.000000e-01
3.086360e+03 0.000000e+00 1.000000e+00 1.000000e-01
3.086370e+03 0.000000e+00 1.000000e+00 1.000000e-01
3.086380e+03 0.000000e+00 1.000000e+00 1.000000e-01
3.086390e+03 0.000000e+00 1.000000e+00 1.000000e-01
3.086400e+03 0.000000e+00 1.000000e+00 1.000000e-01
3.086410e+03 0.000000e+00 1.000000e+00 1.000000e-01
3.086420e+03 0.000000e+00 1.000000e+00 1.000000e-01
3.086430e+03 0.000000e+00 1.000000e+00 1.000000e-01
3.086440e+03 0.000000e+00 1.000000e+00 1.000000e-01
3.086450e+03 0.000000e+00 1.000000e+00 1.000000e-01
3.086460e+03 0.000000e+00 1.000000e+00 1.000000e-01
3.086470e+03 0.000000e+00 1.000000e+00 1.000000e-01
3.086480e+03 0.000000e+00 1.000000e+00 1.000000e-01
3.086490e+03 0.000000e+00 1.000000e+00 1.000000e-01
3.086500e+03 0.000000e+00 1.000000e+00 1.000000e-01
3.086510e+03 0.000000e+00 1.000000e+00 1.000000e-01
3.086520e+03 0.000000e+00 1.000000e+00 1.000000e-01
3.086530e+03 0.000000e+00 1.000000e+00 1.000000e-01
3.086540e+03 0.000000e+00 1.000000e+00 1.000000e-01
3.086550e+03 0.000000e+00 1.000000e+00 1.000000e-01
3.086560e+03 0.000000e+00 1.000000e+00 1.000000e-01
3.086570e+03 0.000000e+00 1.000000e+00 1.000000e-01
3.086580e+03 0.000000e+00 1.000000e+00 1.000000e-01
3.086590e+03 0.000000e+00 1.000000e+00 1.000000e-01
3.086600e+03 0.000000e+00 1.000000e+00 1.000000e-01
3.086610e+03 0.000000e+00 1.000000e+00 1.000000e-01
3.086620e+03 0.000000e+00 1.000000e+00 1.000000e-01
3.086630e+03 0.000000e+00 1.000000e+00 1.000000e-01
3.086640e+03 0.000000e+00 1.000000e+00 1.000000e-01
3.086650e+03 0.000000e+00 1.000000e+00 1.000000e-01
3.086660e+03 0.000000e+00 1.000000e+00 1.000000e-01
3.086670e+03 0.000000e+00 1.000000e+00 1.000000e-01
3.086680e+03 0.000000e+00 1.000000e+00 1.000000e-01
3.086690e+03 0.000000e+00 1.000000e+00 1.000000e-01
3.086700e+03 0.000000e+00 1.000000e+00 1.000000e-01
3.086710e+03 0.000000e+00 1.000000e+00 1.000000e-01
3.086720e+03 0.000000e+00 1.000000e+00 1.000000e-01
3.086730e+03 0.000000e+00 1.000000e+00 1.000000e-01
3.086740e+03 0.000000e+00 1.000000e+00 1.000000e-01
3.086750e+03 0.000000e+00 1.000000e+00 1.000000e-01
3.086760e+03 0.000000e+00 1.000000e+00 1.000000e-01
3.086770e+03 0.000000e+00 1.000000e+00 1.000000e-01
3.086780e+03 0.000000e+00 1.000000e+00 1.000000e-01
3.086790e+03 0.000000e+00 1.000000e+00 1.000000e-01
3.086800e+03 0.000000e+00 1.000000e+00 1.000000e-01
3.086810e+03 0.000000e+00 1.000000e+00 1.000000e-01
3.086820e+03 0.000000e+00 1.000000e+00 1.000000e-01
3.086830e+03 0.000000e+00 1.000000e+00 1.000000e-01
3.086840e+03 0.000000e+00 1.000000e+00 1.000000e-01
3.086850e+03 0.000000e+00 1.000000e+00 1.000000e-01
3.086860e+03 0.000000e+00 1.000000e+00 1.000000e-01
3.086870e+03 0.000000e+00 1.000000e+00 1.000000e-01
3.086880e+03 0.000000e+00 1.000000e+00 1.000000e-01
3.086890e+03 0.000000e+00 1.000000e+00 1.000000e-01
3.086900e+03 0.000000e+00 1.000000e+00 1.000000e-01
3.086910e+03 0.000000e+00 1.000000e+00 1.000000e-01
3.086920e+03 0.000000e+00 1.000000e+00 1.000000e-01
3.086930e+03 0.000000e+00 1.000000e+00 1.000000e-01
3.086940e+03 0.000000e+00 1.000000e+00 1.000000e-01
3.086950e+03 0.000000e+00 1.000000e+00 1.000000e-01
3.086960e+03 0.000000e+00 1.000000e+00 1.000000e-01
3.086970e+03 0.000000e+00 1.000000e+00 1.000000e-01
3.086980e+03 0.000000e+00 1.000000e+00 1.000000e-01
3.086990e+03 0.000000e+00 1.000000e+00 1.000000e-01
3.087000e+03 0.000000e+00 1.000000e+00 1.000000e-01
3.087010e+03 0.000000e+00 1.000000e+00 1.000000e-01
3.087020e+03 0.000000e+00 1.000000e+00 1.000000e-01
3.087030e+03 0.000000e+00 1.000000e+00 1.000000e-01
3.087040e+03 0.000000e+00 1.000000e+00 1.000000e-01
3.087050e+03 0.000000e+00 1.000000e+00 1.000000e-01
3.087060e+03 0.000000e+00 1.000000e+00 1.000000e-01
3.087070e+03 0.000000e+00 1.000000e+00 1.000000e-01
3.087080e+03 0.000000e+00 1.000000e+00 1.000000e-01
3.087090e+03 0.000000e+00 1.000000e+00 1.000000e-01
3.087100e+03 0.000000e+00 1.000000e+00 1.000000e-01
3.087110e+03 0.000000e+00 1.000000e+00 1.000000e-01
3.087120e+03 0.000000e+00 1.000000e+00 1.000000e-01
3.087130e+03 0.000000e+00 1.000000e+00 1.000000e-01
3.087140e+03 0.000000e+00 1.000000e+00 1.000000e-01
3.087150e+03 0.000000e+00 1.000000e+00 1.000000e-01
3.087160e+03 0.000000e+00 1.000000e+00 1.000000e-01
3.087170e+03 0.000000e+00 1.000000e+00 1.000000e-01
3.087180e+03 0.000000e+00 1.000000e+00 1.000000e-01
3.087190e+03 0.000000e+00 1.000000e+00 1.000000e-01
3.087200e+03 0.000000e+00 1.000000e+00 1.000000e-01
3.087210e+03 0.000000e+00 1.000000e+00 1.000000e-01
3.087220e+03 0.000000e+00 1.000000e+00 1.000000e-01
3.087230e+03 0.000000e+00 1.000000e+00 1.000000e-01
3.087240e+03 0.000000e+00 1.000000e+00 1.000000e-01
3.087250e+03 0.000000e+00 1.000000e+00 1.000000e-01
3.087260e+03 0.000000e+00 1.000000e+00 1.000000e-01
3.087270e+03 0.000000e+00 1.000000e+00 1.000000e-01
3.087280e+03 0.000000e+00 1.000000e+00 1.000000e-01
3.087290e+03 0.000000e+00 1.000000e+00 1.000000e-01
3.087300e+03 0.000000e+00 1.000000e+00 1.000000e-01
3.087310e+03 0.000000e+00 1.000000e+00 1.000000e-01
3.087320e+03 0.000000e+00 1.000000e+00 1.000000e-01
3.087330e+03 0.000000e+00 1.000000e+00 1.000000e-01
3.087340e+03 0.000000e+00 1.000000e+00 1.000000e-01
3.087350e+03 0.000000e+00 1.000000e+00 1.000000e-01
3.087360e+03 0.000000e+00 1.000000e+00 1.000000e-01
3.087370e+03 0.000000e+00 1.000000e+00 1.000000e-01
3.087380e+03 0.000000e+00 1.000000e+00 1.000000e-01
3.087390e+03 0.000000e+00 1.000000e+00 1.000000e-01
3.087400e+03 0.000000e+00 1.000000e+00 1.000000e-01
3.087410e+03 0.000000e+00 1.000000e+00 1.000000e-01
3.087420e+03 0.000000e+00 1.000000e+00 1.000000e-01
3.087430e+03 0.000000e+00 1.000000e+00 1.000000e-01
3.087440e+03 0.000000e+00 1.000000e+00 1.000000e-01
3.087450e+03 0.000000e+00 1.000000e+00 1.000000e-01
3.087460e+03 0.000000e+00 1.000000e+00 1.000000e-01
3.087470e+03 0.000000e+00 1.000000e+00 1.000000e-01
3.087480e+03 0.000000e+00 1.000000e+00 1.000000e-01
3.087490e+03 0.000000e+00 1.000000e+00 1.000000e-01
3.087500e+03 0.000000e+00 1.000000e+00 1.000000e-01
3.087510e+03 0.000000e+00 1.000000e+00 1.000000e-01
3.087520e+03 0.000000e+00 1.000000e+00 1.000000e-01
3.087530e+03 0.000000e+00 1.000000e+00 1.000000e-01
3.087540e+03 0.000000e+00 1.000000e+00 1.000000e-01
3.087550e+03 0.000000e+00 1.000000e+00 1.000000e-01
3.087560e+03 0.000000e+00 1.000000e+00 1.000000e-01
3.087570e+03 0.000000e+00 1.000000e+00 1.000000e-01
3.087580e+03 0.000000e+00 1.000000e+00 1.000000e-01
3.087590e+03 0.000000e+00 1.000000e+00 1.000000e-01
3.087600e+03 0.000000e+00 1.000000e+00 1.000000e-01
3.087610e+03 0.000000e+00 1.000000e+00 1.000000e-01
3.087620e+03 0.000000e+00 1.000000e+00 1.000000e-01
3.087630e+03 0.000000e+00 1.000000e+00 1.000000e-01
3.087640e+03 0.000000e+00 1.000000e+00 1.000000e-01
3.087650e+03 0.000000e+00 1.000000e+00 1.000000e-01
3.087660e+03 0.000000e+00 1.000000e+00 1.000000e-01
3.087670e+03 0.000000e+00 1.000000e+00 1.000000e-01
3.087680e+03 0.000000e+00 1.000000e+00 1.000000e-01
3.087690e+03 0.000000e+00 1.000000e+00 1.000000e-01
3.087700e+03 0.000000e+00 1.000000e+00 1.000000e-01
3.087710e+03 0.000000e+00 1.000000e+00 1.000000e-01
3.087720e+03 0.000000e+00 1.000000e+00 1.000000e-01
3.087730e+03 0.000000e+00 1.000000e+00 1.000000e-01
3.087740e+03 0.000000e+00 1.000000e+00 1.000000e-01
3.087750e+03 0.000000e+00 1.000000e+00 1.000000e-01
3.087760e+03 0.000000e+00 1.000000e+00 1.000000e-01
3.087770e+03 0.000000e+00 1.000000e+00 1.000000e-01
3.087780e+03 0.000000e+00 1.000000e+00 1.000000e-01
3.087790e+03 0.000000e+00 1.000000e+00 1.000000e-01
3.087800e+03 0.000000e+00 1.000000e+00 1.000000e-01
3.087810e+03 0.000000e+00 1.000000e+00 1.000000e-01
3.087820e+03 0.000000e+00 1.000000e+00 1.000000e-01
3.087830e+03 0.000000e+00 1.000000e+00 1.000000e-01
3.087840e+03 0.000000e+00 1.000000e+00 1.000000e-01
3.087850e+03 0.000000e+00 1.000000e+00 1.000000e-01
3.087860e+03 0.000000e+00 1.000000e+00 1.000000e-01
3.087870e+03 0.000000e+00 1.000000e+00 1.000000e-01
3.087880e+03 0.000000e+00 1.000000e+00 1.000000e-01
3.087890e+03 3.345728e-09 1.000000e+00 1.000000e-01
3.087900e+03 3.346131e-09 1.000000e+00 1.000000e-01
3.087910e+03 0.000000e+00 1.000000e+00 1.000000e-01
3.087920e+03 0.000000e+00 1.000000e+00 1.000000e-01
3.087930e+03 0.000000e+00 1.000000e+00 1.000000e-01
3.087940e+03 0.000000e+00 1.000000e+00 1.000000e-01
3.087950e+03 0.000000e+00 1.000000e+00 1.000000e-01
3.087960e+03 0.000000e+00 1.000000e+00 1.000000e-01
3.087970e+03 0.000000e+00 1.000000e+00 1.000000e-01
3.087980e+03 0.000000e+00 1.000000e+00 1.000000e-01
3.087990e+03 0.000000e+00 1.000000e+00 1.000000e-01
3.088000e+03 0.000000e+00 1.000000e+00 1.000000e-01
3.088010e+03 0.000000e+00 1.000000e+00 1.000000e-01
3.088020e+03 0.000000e+00 1.000000e+00 1.000000e-01
3.088030e+03 0.000000e+00 1.000000e+00 1.000000e-01
3.088040e+03 0.000000e+00 1.000000e+00 1.000000e-01
3.088050e+03 0.000000e+00 1.000000e+00 1.000000e-01
3.088060e+03 0.000000e+00 1.000000e+00 1.000000e-01
3.088070e+03 0.000000e+00 1.000000e+00 1.000000e-01
3.088080e+03 0.000000e+00 1.000000e+00 1.000000e-01
3.088090e+03 0.000000e+00 1.000000e+00 1.000000e-01
3.088100e+03 0.000000e+00 1.000000e+00 1.000000e-01
3.088110e+03 0.000000e+00 1.000000e+00 1.000000e-01
3.088120e+03 0.000000e+00 1.000000e+00 1.000000e-01
3.088130e+03 0.000000e+00 1.000000e+00 1.000000e-01
3.088140e+03 0.000000e+00 1.000000e+00 1.000000e-01
3.088150e+03 0.000000e+00 1.000000e+00 1.000000e-01
3.088160e+03 0.000000e+00 1.000000e+00 1.000000e-01
3.088170e+03 0.000000e+00 1.000000e+00 1.000000e-01
3.088180e+03 0.000000e+00 1.000000e+00 1.000000e-01
3.088190e+03 0.000000e+00 1.000000e+00 1.000000e-01
3.088200e+03 0.000000e+00 1.000000e+00 1.000000e-01
3.088210e+03 0.000000e+00 1.000000e+00 1.000000e-01
3.088220e+03 0.000000e+00 1.000000e+00 1.000000e-01
3.088230e+03 0.000000e+00 1.000000e+00 1.000000e-01
3.088240e+03 0.000000e+00 1.000000e+00 1.000000e-01
3.088250e+03 0.000000e+00 1.000000e+00 1.000000e-01
3.088260e+03 0.000000e+00 1.000000e+00 1.000000e-01
3.088270e+03 0.000000e+00 1.000000e+00 1.000000e-01
3.088280e+03 0.000000e+00 1.000000e+00 1.000000e-01
3.088290e+03 0.000000e+00 1.000000e+00 1.000000e-01
3.088300e+03 0.000000e+00 1.000000e+00 1.000000e-01
3.088310e+03 0.000000e+00 1.000000e+00 1.000000e-01
3.088320e+03 0.000000e+00 1.000000e+00 1.000000e-01
3.088330e+03 0.000000e+00 1.000000e+00 1.000000e-01
3.088340e+03 0.000000e+00 1.000000e+00 1.000000e-01
3.088350e+03 0.000000e+00 1.000000e+00 1.000000e-01
3.088360e+03 0.000000e+00 1.000000e+00 1.000000e-01
3.088370e+03 2.149542e-04 9.997851e-01 9.998925e-02
3.088380e+03 2.602259e-04 9.997398e-01 9.998699e-02
3.088390e+03 3.141876e-04 9.996859e-01 9.998429e-02
3.088400e+03 3.782982e-04 9.996218e-01 9.998109e-02
3.088410e+03 4.542176e-04 9.995459e-01 9.997729e-02
3.088420e+03 5.438258e-04 9.994563e-01 9.997281e-02
3.088430e+03 6.492420e-04 9.993510e-01 9.996754e-02
3.088440e+03 7.728443e-04 9.992275e-01 9.996137e-02
3.088450e+03 9.172880e-04 9.990831e-01 9.995415e-02
3.088460e+03 1.085524e-03 9.989151e-01 9.994574e-02
3.088470e+03 1.280813e-03 9.987200e-01 9.993598e-02
3.088480e+03 1.506742e-03 9.984944e-01 9.992469e-02
3.088490e+03 1.767234e-03 9.982343e-01 9.991168e-02
3.088500e+03 2.066557e-03 9.979356e-01 9.989673e-02
3.088510e+03 2.409323e-03 9.975936e-01 9.987961e-02
3.088520e+03 2.800493e-03 9.972034e-01 9.986007e-02
3.088530e+03 3.245363e-03 9.967599e-01 9.983786e-02
3.088540e+03 4.729911e-03 9.952813e-01 9.976378e-02
3.088550e+03 5.299158e-03 9.947149e-01 9.973539e-02
3.088560e+03 4.959824e-03 9.950525e-01 9.975232e-02
3.088570e+03 5.678513e-03 9.943376e-01 9.971648e-02
3.088580e+03 6.481639e-03 9.935393e-01 9.967644e-02
3.088590e+03 7.376054e-03 9.926511e-01 9.963188e-02
3.088600e+03 8.368244e-03 9.916667e-01 9.958246e-02
3.088610e+03 9.464938e-03 9.905797e-01 9.952787e-02
3.088620e+03 1.067302e-02 9.893837e-01 9.946777e-02
3.088630e+03 1.199873e-02 9.880730e-01 9.940186e-02
3.088640e+03 1.344812e-02 9.866419e-01 9.932985e-02
3.088650e+03 1.502676e-02 9.850856e-01 9.925148e-02
3.088660e+03 1.673965e-02 9.833997e-01 9.916651e-02
3.088670e+03 1.859109e-02 9.815807e-01 9.907475e-02
3.088680e+03 2.058448e-02 9.796259e-01 9.897605e-02
3.088690e+03 2.272228e-02 9.775339e-01 9.887032e-02
3.088700e+03 2.500578e-02 9.753043e-01 9.875749e-02
3.088710e+03 2.743501e-02 9.729379e-01 9.863761e-02
3.088720e+03 3.000864e-02 9.704372e-01 9.851077e-02
3.088730e+03 3.272379e-02 9.678058e-01 9.837712e-02
3.088740e+03 3.557598e-02 9.650494e-01 9.823693e-02
3.088750e+03 3.855905e-02 9.621749e-01 9.809051e-02
3.088760e+03 4.166502e-02 9.591910e-01 9.793830e-02
3.088770e+03 4.488412e-02 9.561083e-01 9.778079e-02
3.088780e+03 4.820474e-02 9.529387e-01 9.761858e-02
3.088790e+03 5.161341e-02 9.496959e-01 9.745234e-02
3.088800e+03 5.509486e-02 9.463954e-01 9.728285e-02
3.088810e+03 5.863209e-02 9.430537e-01 9.711095e-02
3.088820e+03 6.255023e-02 9.393659e-01 9.692089e-02
3.088830e+03 6.617921e-02 9.359631e-01 9.674519e-02
3.088840e+03 6.980707e-02 9.325737e-01 9.656986e-02
3.088850e+03 7.341133e-02 9.292185e-01 9.639598e-02
3.088860e+03 7.696871e-02 9.259188e-01 9.622468e-02
3.088870e+03 8.045492e-02 9.226965e-01 9.605709e-02
3.088880e+03 8.384544e-02 9.195734e-01 9.589439e-02
3.088890e+03 8.711582e-02 9.165709e-01 9.573771e-02
3.088900e+03 9.024149e-02 9.137105e-01 9.558821e-02
3.088910e+03 9.319844e-02 9.110127e-01 9.544699e-02
3.088920e+03 9.596344e-02 9.084972e-01 9.531512e-02
3.088930e+03 9.940203e-02 9.053786e-01 9.515139e-02
3.088940e+03 1.021950e-01 9.028535e-01 9.501860e-02
3.088950e+03 1.049096e-01 9.004060e-01 9.488972e-02
3.088960e+03 1.076259e-01 8.979635e-01 9.476094e-02
3.088970e+03 1.104217e-01 8.954564e-01 9.462856e-02
3.088980e+03 1.133996e-01 8.927938e-01 9.448777e-02
3.088990e+03 1.166892e-01 8.898617e-01 9.433248e-02
3.089000e+03 1.204619e-01 8.865109e-01 9.415471e-02
3.089010e+03 1.248851e-01 8.825983e-01 9.394670e-02
3.089020e+03 1.302838e-01 8.778463e-01 9.369345e-02
3.089030e+03 1.367136e-01 8.722200e-01 9.339272e-02
3.089040e+03 1.445302e-01 8.654288e-01 9.302842e-02
3.089050e+03 1.540181e-01 8.572565e-01 9.258815e-02
3.089060e+03 1.654726e-01 8.474930e-01 9.205939e-02
3.089070e+03 1.791903e-01 8.359468e-01 9.143013e-02
3.089080e+03 1.954553e-01 8.224601e-01 9.068959e-02
3.089090e+03 2.148753e-01 8.066420e-01 8.981325e-02
3.089100e+03 2.370809e-01 7.889275e-01 8.882159e-02
3.089110e+03 2.624537e-01 7.691620e-01 8.770188e-02
3.089120e+03 2.912437e-01 7.473335e-01 8.644845e-02
3.089130e+03 3.229292e-01 7.240251e-01 8.508967e-02
3.089140e+03 3.574189e-01 6.994794e-01 8.363489e-02
3.089150e+03 3.942729e-01 6.741700e-01 8.210786e-02
3.089160e+03 4.328559e-01 6.486539e-01 8.053905e-02
3.089170e+03 4.723519e-01 6.235341e-01 7.896417e-02
3.089180e+03 5.117842e-01 5.994251e-01 7.742255e-02
3.089190e+03 5.500502e-01 5.769208e-01 7.595530e-02
3.089200e+03 5.859687e-01 5.565665e-01 7.460338e-02
3.089210e+03 6.183381e-01 5.388392e-01 7.340567e-02
3.089220e+03 6.460120e-01 5.241319e-01 7.239695e-02
3.089230e+03 6.679293e-01 5.127692e-01 7.160791e-02
3.089240e+03 6.832321e-01 5.049822e-01 7.106210e-02
3.089250e+03 6.912446e-01 5.009522e-01 7.077798e-02
3.089260e+03 6.918747e-01 5.006366e-01 7.075568e-02
3.089270e+03 6.849917e-01 5.040944e-01 7.099961e-02
3.089280e+03 6.709601e-01 5.112175e-01 7.149948e-02
3.089290e+03 6.506432e-01 5.217101e-01 7.222950e-02
3.089300e+03 6.250989e-01 5.352085e-01 7.315795e-02
3.089310e+03 5.966877e-01 5.506325e-01 7.420461e-02
3.089320e+03 5.655601e-01 5.680419e-01 7.536856e-02
3.089330e+03 5.340331e-01 5.862358e-01 7.656604e-02
3.089340e+03 5.037508e-01 6.042599e-01 7.773416e-02
3.089350e+03 4.761725e-01 6.211563e-01 7.881347e-02
3.089360e+03 4.523756e-01 6.361152e-01 7.975683e-02
3.089370e+03 4.330190e-01 6.485482e-01 8.053249e-02
3.089380e+03 4.182147e-01 6.582209e-01 8.113081e-02
3.089390e+03 4.075278e-01 6.652929e-01 8.156549e-02
3.089400e+03 4.006501e-01 6.698844e-01 8.184647e-02
3.089410e+03 3.953319e-01 6.734565e-01 8.206439e-02
3.089420e+03 3.908856e-01 6.764575e-01 8.224704e-02
3.089430e+03 3.856731e-01 6.799928e-01 8.246167e-02
3.089440e+03 3.782095e-01 6.850870e-01 8.276998e-02
3.089450e+03 3.675760e-01 6.924107e-01 8.321122e-02
3.089460e+03 3.533280e-01 7.023468e-01 8.380613e-02
3.089470e+03 3.353697e-01 7.150737e-01 8.456203e-02
3.089480e+03 3.143172e-01 7.302873e-01 8.545685e-02
3.089490e+03 2.914126e-01 7.472073e-01 8.644116e-02
3.089500e+03 2.680281e-01 7.648863e-01 8.745778e-02
3.089510e+03 2.455673e-01 7.822606e-01 8.844550e-02
3.089520e+03 2.253372e-01 7.982470e-01 8.934467e-02
3.089530e+03 2.083464e-01 8.119257e-01 9.010692e-02
3.089540e+03 1.950639e-01 8.227821e-01 9.070733e-02
3.089550e+03 1.854790e-01 8.307063e-01 9.114309e-02
3.089560e+03 1.789374e-01 8.361583e-01 9.144169e-02
3.089570e+03 1.750735e-01 8.393953e-01 9.161852e-02
3.089580e+03 1.738578e-01 8.404164e-01 9.167423e-02
3.089590e+03 1.748218e-01 8.396066e-01 9.163005e-02
3.089600e+03 1.777116e-01 8.371838e-01 9.149775e-02
3.089610e+03 1.816131e-01 8.339239e-01 9.131944e-02
3.089620e+03 1.876913e-01 8.288706e-01 9.104233e-02
3.089630e+03 1.964519e-01 8.216408e-01 9.064441e-02
3.089640e+03 2.094874e-01 8.109999e-01 9.005553e-02
3.089650e+03 2.273643e-01 7.966305e-01 8.925416e-02
3.089660e+03 2.520979e-01 7.771687e-01 8.815717e-02
3.089670e+03 2.848710e-01 7.521113e-01 8.672435e-02
3.089680e+03 3.259758e-01 7.218227e-01 8.496015e-02
3.089690e+03 3.714534e-01 6.897312e-01 8.305005e-02
3.089700e+03 4.131698e-01 6.615499e-01 8.133572e-02
3.089710e+03 4.397330e-01 6.442084e-01 8.026259e-02
3.089720e+03 4.426946e-01 6.423033e-01 8.014383e-02
3.089730e+03 4.166829e-01 6.592299e-01 8.119298e-02
3.089740e+03 3.657290e-01 6.936907e-01 8.328810e-02
3.089750e+03 2.996608e-01 7.410696e-01 8.608540e-02
3.089760e+03 2.310715e-01 7.936827e-01 8.908887e-02
3.089770e+03 1.693269e-01 8.442329e-01 9.188214e-02
3.089780e+03 1.215382e-01 8.855572e-01 9.410405e-02
3.089790e+03 8.751360e-02 9.162064e-01 9.571867e-02
3.089800e+03 6.516100e-02 9.369166e-01 9.679445e-02
3.089810e+03 5.322875e-02 9.481631e-01 9.737367e-02
3.089820e+03 4.903959e-02 9.521434e-01 9.757784e-02
3.089830e+03 4.875468e-02 9.524147e-01 9.759174e-02
3.089840e+03 5.311005e-02 9.482756e-01 9.737945e-02
3.089850e+03 6.002610e-02 9.417400e-01 9.704329e-02
3.089860e+03 6.989637e-02 9.324904e-01 9.656554e-02
3.089870e+03 8.608127e-02 9.175197e-01 9.578725e-02
3.089880e+03 1.055776e-01 8.998046e-01 9.485803e-02
3.089890e+03 1.299629e-01 8.781280e-01 9.370848e-02
3.089900e+03 1.566836e-01 8.549746e-01 9.246483e-02
3.089910e+03 1.855574e-01 8.306411e-01 9.113952e-02
3.089920e+03 2.163539e-01 8.054502e-01 8.974688e-02
3.089930e+03 2.483928e-01 7.800534e-01 8.832063e-02
3.089940e+03 2.797859e-01 7.559456e-01 8.694513e-02
3.089950e+03 3.096637e-01 7.336937e-01 8.565592e-02
3.089960e+03 3.373391e-01 7.136668e-01 8.447880e-02
3.089970e+03 3.609918e-01 6.969847e-01 8.348561e-02
3.089980e+03 3.803749e-01 6.836051e-01 8.268041e-02
3.089990e+03 3.932076e-01 6.748886e-01 8.215160e-02
3.090000e+03 3.987436e-01 6.711628e-01 8.192452e-02
3.090010e+03 3.972179e-01 6.721876e-01 8.198705e-02
3.090020e+03 3.873431e-01 6.788581e-01 8.239285e-02
3.090030e+03 3.694908e-01 6.910862e-01 8.313159e-02
3.090040e+03 3.455548e-01 7.078275e-01 8.413249e-02
3.090050e+03 3.164035e-01 7.287654e-01 8.536776e-02
3.090060e+03 2.836199e-01 7.530528e-01 8.677861e-02
3.090070e+03 2.490703e-01 7.795251e-01 8.829072e-02
3.090080e+03 2.145392e-01 8.069132e-01 8.982835e-02
3.090090e+03 1.815503e-01 8.339763e-01 9.132230e-02
3.090100e+03 1.509202e-01 8.599163e-01 9.273167e-02
3.090110e+03 1.248026e-01 8.826711e-01 9.395058e-02
3.090120e+03 1.020311e-01 9.030014e-01 9.502639e-02
3.090130e+03 8.256198e-02 9.207544e-01 9.595595e-02
3.090140e+03 6.767895e-02 9.345605e-01 9.667267e-02
3.090150e+03 5.714870e-02 9.444536e-01 9.718300e-02
3.090160e+03 5.056922e-02 9.506881e-01 9.750324e-02
3.090170e+03 4.791528e-02 9.532145e-01 9.763271e-02
3.090180e+03 4.859801e-02 9.525640e-01 9.759938e-02
3.090190e+03 5.245841e-02 9.488938e-01 9.741118e-02
3.090200e+03 5.769242e-02 9.439402e-01 9.715659e-02
3.090210e+03 6.330668e-02 9.386556e-01 9.688424e-02
3.090220e+03 6.813952e-02 9.341301e-01 9.665041e-02
3.090230e+03 7.147681e-02 9.310179e-01 9.648927e-02
3.090240e+03 7.323450e-02 9.293829e-01 9.640451e-02
3.090250e+03 7.415160e-02 9.285309e-01 9.636031e-02
3.090260e+03 7.502561e-02 9.277197e-01 9.631821e-02
3.090270e+03 7.603019e-02 9.267882e-01 9.626984e-02
3.090280e+03 7.794515e-02 9.250152e-01 9.617771e-02
3.090290e+03 8.074742e-02 9.224266e-01 9.604305e-02
3.090300e+03 8.515246e-02 9.183723e-01 9.583174e-02
3.090310e+03 8.886376e-02 9.149702e-01 9.565408e-02
3.090320e+03 9.148635e-02 9.125738e-01 9.552873e-02
3.090330e+03 9.488392e-02 9.094785e-01 9.536658e-02
3.090340e+03 9.821576e-02 9.064533e-01 9.520784e-02
3.090350e+03 1.017213e-01 9.032813e-01 9.504111e-02
3.090360e+03 1.065416e-01 8.989376e-01 9.481232e-02
3.090370e+03 1.133108e-01 8.928731e-01 9.449196e-02
3.090380e+03 1.230394e-01 8.842288e-01 9.403344e-02
3.090390e+03 1.367461e-01 8.721917e-01 9.339120e-02
3.090400e+03 1.553192e-01 8.561418e-01 9.252793e-02
3.090410e+03 1.802362e-01 8.350730e-01 9.138233e-02
3.090420e+03 2.122059e-01 8.087981e-01 8.993320e-02
3.090430e+03 2.525338e-01 7.768300e-01 8.813796e-02
3.090440e+03 3.012190e-01 7.399157e-01 8.601836e-02
3.090450e+03 3.581831e-01 6.989451e-01 8.360294e-02
3.090460e+03 4.223200e-01 6.555243e-01 8.096445e-02
3.090470e+03 4.916162e-01 6.116371e-01 7.820723e-02
3.090480e+03 5.634317e-01 5.692522e-01 7.544880e-02
3.090490e+03 6.349849e-01 5.299435e-01 7.279722e-02
3.090500e+03 7.041028e-01 4.945521e-01 7.032440e-02
3.090510e+03 7.682857e-01 4.638075e-01 6.810341e-02
3.090520e+03 8.260620e-01 4.377698e-01 6.616418e-02
3.090530e+03 8.777213e-01 4.157291e-01 6.447706e-02
3.090540e+03 9.203209e-01 3.983912e-01 6.311824e-02
3.090550e+03 9.535763e-01 3.853604e-01 6.207740e-02
3.090560e+03 9.760857e-01 3.767831e-01 6.138266e-02
3.090570e+03 9.901638e-01 3.715158e-01 6.095210e-02
3.090580e+03 9.953831e-01 3.695818e-01 6.079324e-02
3.090590e+03 9.932352e-01 3.703765e-01 6.085857e-02
3.090600e+03 9.843710e-01 3.736742e-01 6.112890e-02
3.090610e+03 9.690489e-01 3.794438e-01 6.159901e-02
3.090620e+03 9.481358e-01 3.874627e-01 6.224650e-02
3.090630e+03 9.215879e-01 3.978867e-01 6.307826e-02
3.090640e+03 8.931824e-01 4.093510e-01 6.398054e-02
3.090650e+03 8.654799e-01 4.208495e-01 6.487292e-02
3.090660e+03 8.419306e-01 4.308779e-01 6.564129e-02
3.090670e+03 8.258026e-01 4.378834e-01 6.617276e-02
3.090680e+03 8.173881e-01 4.415835e-01 6.645175e-02
3.090690e+03 8.158087e-01 4.422815e-01 6.650425e-02
3.090700e+03 8.204336e-01 4.402407e-01 6.635064e-02
3.090710e+03 8.297863e-01 4.361425e-01 6.604108e-02
3.090720e+03 8.430856e-01 4.303805e-01 6.560339e-02
3.090730e+03 8.578286e-01 4.240819e-01 6.512157e-02
3.090740e+03 8.721695e-01 4.180436e-01 6.465629e-02
3.090750e+03 8.852913e-01 4.125940e-01 6.423348e-02
3.090760e+03 8.958211e-01 4.082722e-01 6.389618e-02
3.090770e+03 9.039310e-01 4.049746e-01 6.363761e-02
3.090780e+03 9.066068e-01 4.038924e-01 6.355253e-02
3.090790e+03 9.040293e-01 4.049348e-01 6.363448e-02
3.090800e+03 8.955718e-01 4.083740e-01 6.390415e-02
3.090810e+03 8.821100e-01 4.139087e-01 6.433573e-02
3.090820e+03 8.613153e-01 4.226059e-01 6.500814e-02
3.090830e+03 8.351526e-01 4.338083e-01 6.586412e-02
3.090840e+03 8.031293e-01 4.479251e-01 6.692720e-02
3.090850e+03 7.648388e-01 4.654090e-01 6.822089e-02
3.090860e+03 7.231896e-01 4.852022e-01 6.965646e-02
3.090870e+03 6.784706e-01 5.073924e-01 7.123148e-02
3.090880e+03 6.322580e-01 5.313906e-01 7.289654e-02
3.090890e+03 5.856837e-01 5.567251e-01 7.461401e-02
3.090900e+03 5.378793e-01 5.839854e-01 7.641894e-02
3.090910e+03 4.916190e-01 6.116354e-01 7.820712e-02
3.090920e+03 4.459806e-01 6.401962e-01 8.001226e-02
3.090930e+03 4.012393e-01 6.694898e-01 8.182236e-02
3.090940e+03 3.586639e-01 6.986091e-01 8.358284e-02
3.090950e+03 3.185027e-01 7.272371e-01 8.527820e-02
3.090960e+03 2.820067e-01 7.542687e-01 8.684864e-02
3.090970e+03 2.488348e-01 7.797088e-01 8.830112e-02
3.090980e+03 2.199435e-01 8.025642e-01 8.958595e-02
3.090990e+03 1.950431e-01 8.227992e-01 9.070828e-02
3.091000e+03 1.743730e-01 8.399835e-01 9.165061e-02
3.091010e+03 1.600689e-01 8.520850e-01 9.230845e-02
3.091020e+03 1.487301e-01 8.618017e-01 9.283327e-02
3.091030e+03 1.406817e-01 8.687658e-01 9.320760e-02
3.091040e+03 1.360703e-01 8.727813e-01 9.342277e-02
3.091050e+03 1.347018e-01 8.739765e-01 9.348671e-02
3.091060e+03 1.357029e-01 8.731020e-01 9.343993e-02
3.091070e+03 1.391075e-01 8.701345e-01 9.328100e-02
3.091080e+03 1.452089e-01 8.648416e-01 9.299686e-02
3.091090e+03 1.537320e-01 8.575018e-01 9.260139e-02
3.091100e+03 1.647842e-01 8.480767e-01 9.209108e-02
3.091110e+03 1.768442e-01 8.379103e-01 9.153744e-02
3.091120e+03 1.881856e-01 8.284609e-01 9.101983e-02
3.091130e+03 1.978635e-01 8.204818e-01 9.058045e-02
3.091140e+03 2.044994e-01 8.150552e-01 9.028041e-02
3.091150e+03 2.105674e-01 8.101245e-01 9.000692e-02
3.091160e+03 2.157682e-01 8.059221e-01 8.977316e-02
3.091170e+03 2.221619e-01 8.007857e-01 8.948663e-02
3.091180e+03 2.301629e-01 7.944042e-01 8.912935e-02
3.091190e+03 2.412602e-01 7.856371e-01 8.863617e-02
3.091200e+03 2.559774e-01 7.741595e-01 8.798633e-02
3.091210e+03 2.741485e-01 7.602192e-01 8.719055e-02
3.091220e+03 2.974934e-01 7.426775e-01 8.617874e-02
3.091230e+03 3.254687e-01 7.221888e-01 8.498169e-02
3.091240e+03 3.600789e-01 6.976213e-01 8.352373e-02
3.091250e+03 4.034173e-01 6.680333e-01 8.173330e-02
3.091260e+03 4.549959e-01 6.344505e-01 7.965240e-02
3.091270e+03 5.150471e-01 5.974724e-01 7.729634e-02
3.091280e+03 5.799812e-01 5.599089e-01 7.482706e-02
3.091290e+03 6.441746e-01 5.250958e-01 7.246349e-02
3.091300e+03 7.032006e-01 4.949985e-01 7.035613e-02
3.091310e+03 7.567993e-01 4.691657e-01 6.849567e-02
3.091320e+03 8.069944e-01 4.461971e-01 6.679799e-02
3.091330e+03 8.566086e-01 4.245996e-01 6.516131e-02
3.091340e+03 9.119328e-01 4.017470e-01 6.338351e-02
3.091350e+03 9.730980e-01 3.779105e-01 6.147442e-02
3.091360e+03 1.037996e+00 3.541637e-01 5.951166e-02
3.091370e+03 1.103056e+00 3.318553e-01 5.760688e-02
3.091380e+03 1.161208e+00 3.131077e-01 5.595603e-02
3.091390e+03 1.203067e+00 3.002719e-01 5.479707e-02
3.091400e+03 1.218582e+00 2.956490e-01 5.437362e-02
3.091410e+03 1.198747e+00 3.015720e-01 5.491557e-02
3.091420e+03 1.141308e+00 3.194011e-01 5.651558e-02
3.091430e+03 1.052537e+00 3.490513e-01 5.908056e-02
3.091440e+03 9.451588e-01 3.886179e-01 6.233922e-02
3.091450e+03 8.328337e-01 4.348154e-01 6.594053e-02
3.091460e+03 7.272378e-01 4.832420e-01 6.951561e-02
3.091470e+03 6.345642e-01 5.301665e-01 7.281253e-02
3.091480e+03 5.553823e-01 5.738528e-01 7.575307e-02
3.091490e+03 4.881161e-01 6.137816e-01 7.834422e-02
3.091500e+03 4.303409e-01 6.502874e-01 8.064040e-02
3.091510e+03 3.795524e-01 6.841675e-01 8.271442e-02
3.091520e+03 3.356197e-01 7.148950e-01 8.455146e-02
3.091530e+03 2.975838e-01 7.426104e-01 8.617484e-02
3.091540e+03 2.679174e-01 7.649710e-01 8.746262e-02
3.091550e+03 2.452659e-01 7.824964e-01 8.845883e-02
3.091560e+03 2.298374e-01 7.946628e-01 8.914386e-02
3.091570e+03 2.217019e-01 8.011542e-01 8.950722e-02
3.091580e+03 2.209250e-01 8.017768e-01 8.954199e-02
3.091590e+03 2.264936e-01 7.973245e-01 8.929303e-02
3.091600e+03 2.369820e-01 7.890055e-01 8.882598e-02
3.091610e+03 2.521769e-01 7.771073e-01 8.815369e-02
3.091620e+03 2.703228e-01 7.631331e-01 8.735749e-02
3.091630e+03 2.913712e-01 7.472382e-01 8.644294e-02
3.091640e+03 3.161913e-01 7.289200e-01 8.537681e-02
3.091650e+03 3.448812e-01 7.083045e-01 8.416083e-02
3.091660e+03 3.773425e-01 6.856812e-01 8.280587e-02
3.091670e+03 4.125889e-01 6.619344e-01 8.135935e-02
3.091680e+03 4.494860e-01 6.379560e-01 7.987215e-02
3.091690e+03 4.875005e-01 6.141596e-01 7.836833e-02
3.091700e+03 5.254387e-01 5.912959e-01 7.689577e-02
3.091710e+03 5.637366e-01 5.690787e-01 7.543730e-02
3.091720e+03 6.006779e-01 5.484397e-01 7.405672e-02
3.091730e+03 6.355373e-01 5.296509e-01 7.277712e-02
3.091740e+03 6.657912e-01 5.138668e-01 7.168450e-02
3.091750e+03 6.883848e-01 5.023869e-01 7.087926e-02
3.091760e+03 7.001706e-01 4.965006e-01 7.046280e-02
3.091770e+03 7.019895e-01 4.955984e-01 7.039875e-02
3.091780e+03 6.947545e-01 4.991970e-01 7.065387e-02
3.091790e+03 6.811603e-01 5.060295e-01 7.113575e-02
3.091800e+03 6.663430e-01 5.135833e-01 7.166473e-02
3.091810e+03 6.526967e-01 5.206399e-01 7.215538e-02
3.091820e+03 6.440196e-01 5.251772e-01 7.246911e-02
3.091830e+03 6.415870e-01 5.264563e-01 7.255731e-02
3.091840e+03 6.455752e-01 5.243608e-01 7.241276e-02
3.091850e+03 6.563961e-01 5.187174e-01 7.202204e-02
3.091860e+03 6.727959e-01 5.102799e-01 7.143388e-02
3.091870e+03 6.933268e-01 4.999102e-01 7.070433e-02
3.091880e+03 7.169150e-01 4.882562e-01 6.987533e-02
3.091890e+03 7.431706e-01 4.756036e-01 6.896402e-02
3.091900e+03 7.662733e-01 4.647418e-01 6.817197e-02
3.091910e+03 7.827339e-01 4.571545e-01 6.761320e-02
3.091920e+03 7.894374e-01 4.541002e-01 6.738696e-02
3.091930e+03 7.844785e-01 4.563576e-01 6.755425e-02
3.091940e+03 7.690185e-01 4.634678e-01 6.807847e-02
3.091950e+03 7.466770e-01 4.739388e-01 6.884322e-02
3.091960e+03 7.237801e-01 4.849158e-01 6.963589e-02
3.091970e+03 7.062307e-01 4.935008e-01 7.024962e-02
3.091980e+03 6.985785e-01 4.972917e-01 7.051891e-02
3.091990e+03 7.030717e-01 4.950623e-01 7.036066e-02
3.092000e+03 7.230565e-01 4.852668e-01 6.966109e-02
3.092010e+03 7.538124e-01 4.705691e-01 6.859804e-02
3.092020e+03 7.919639e-01 4.529544e-01 6.730189e-02
3.092030e+03 8.378134e-01 4.326555e-01 6.577656e-02
3.092040e+03 8.904187e-01 4.104838e-01 6.406901e-02
3.092050e+03 9.507446e-01 3.864531e-01 6.216536e-02
3.092060e+03 1.016572e+00 3.618330e-01 6.015256e-02
3.092070e+03 1.089332e+00 3.364411e-01 5.800355e-02
3.092080e+03 1.171715e+00 3.098351e-01 5.566283e-02
3.092090e+03 1.269049e+00 2.810987e-01 5.301874e-02
3.092100e+03 1.383692e+00 2.506515e-01 5.006510e-02
3.092110e+03 1.519347e+00 2.188547e-01 4.678191e-02
3.092120e+03 1.679043e+00 1.865525e-01 4.319172e-02
3.092130e+03 1.864995e+00 1.548969e-01 3.935695e-02
3.092140e+03 2.078475e+00 1.251209e-01 3.537243e-02
3.092150e+03 2.317751e+00 9.849489e-02 3.138390e-02
3.092160e+03 2.578821e+00 7.586340e-02 2.754331e-02
3.092170e+03 2.853946e+00 5.761653e-02 2.400344e-02
3.092180e+03 3.132181e+00 4.362253e-02 2.088601e-02
3.092190e+03 3.401652e+00 3.331818e-02 1.825327e-02
3.092200e+03 3.651520e+00 2.595165e-02 1.610952e-02
3.092210e+03 3.872875e+00 2.079849e-02 1.442168e-02
3.092220e+03 4.058445e+00 1.727587e-02 1.314377e-02
3.092230e+03 4.200786e+00 1.498380e-02 1.224083e-02
3.092240e+03 4.292977e+00 1.366419e-02 1.168939e-02
3.092250e+03 4.329520e+00 1.317387e-02 1.147775e-02
3.092260e+03 4.307424e+00 1.346821e-02 1.160526e-02
3.092270e+03 4.227317e+00 1.459148e-02 1.207952e-02
3.092280e+03 4.092903e+00 1.669071e-02 1.291925e-02
3.092290e+03 3.911272e+00 2.001502e-02 1.414744e-02
3.092300e+03 3.691608e+00 2.493187e-02 1.578983e-02
3.092310e+03 3.444420e+00 3.192329e-02 1.786709e-02
3.092320e+03 3.180568e+00 4.156205e-02 2.038677e-02
3.092330e+03 2.910538e+00 5.444644e-02 2.333376e-02
3.092340e+03 2.643758e+00 7.109362e-02 2.666339e-02
3.092350e+03 2.388110e+00 9.180300e-02 3.029901e-02
3.092360e+03 2.149643e+00 1.165257e-01 3.413587e-02
3.092370e+03 1.932432e+00 1.447957e-01 3.805203e-02
3.092380e+03 1.738652e+00 1.757571e-01 4.192340e-02
3.092390e+03 1.568682e+00 2.083195e-01 4.564203e-02
3.092400e+03 1.421794e+00 2.412808e-01 4.912034e-02
3.092410e+03 1.295863e+00 2.736616e-01 5.231268e-02
3.092420e+03 1.188264e+00 3.047497e-01 5.520414e-02
3.092430e+03 1.096016e+00 3.341999e-01 5.781003e-02
3.092440e+03 1.016268e+00 3.619432e-01 6.016172e-02
3.092450e+03 9.462134e-01 3.882082e-01 6.230636e-02
3.092460e+03 8.834714e-01 4.133455e-01 6.429196e-02
3.092470e+03 8.261249e-01 4.377423e-01 6.616210e-02
3.092480e+03 7.727295e-01 4.617510e-01 6.795226e-02
3.092490e+03 7.223080e-01 4.856301e-01 6.968717e-02
3.092500e+03 6.742297e-01 5.095488e-01 7.138269e-02
3.092510e+03 6.282213e-01 5.335399e-01 7.304382e-02
3.092520e+03 5.842838e-01 5.575050e-01 7.466626e-02
3.092530e+03 5.418220e-01 5.816874e-01 7.626844e-02
3.092540e+03 5.025127e-01 6.050085e-01 7.778229e-02
3.092550e+03 4.658606e-01 6.275947e-01 7.922088e-02
3.092560e+03 4.320840e-01 6.491549e-01 8.057015e-02
3.092570e+03 4.013544e-01 6.694127e-01 8.181765e-02
3.092580e+03 3.743634e-01 6.877270e-01 8.292931e-02
3.092590e+03 3.499700e-01 7.047092e-01 8.394696e-02
3.092600e+03 3.286480e-01 7.198964e-01 8.484671e-02
3.092610e+03 3.102303e-01 7.332781e-01 8.563166e-02
3.092620e+03 2.944785e-01 7.449200e-01 8.630875e-02
3.092630e+03 2.810974e-01 7.549548e-01 8.688813e-02
3.092640e+03 2.702271e-01 7.632062e-01 8.736167e-02
3.092650e+03 2.609070e-01 7.703526e-01 8.776973e-02
3.092660e+03 2.528378e-01 7.765939e-01 8.812456e-02
3.092670e+03 2.458341e-01 7.820520e-01 8.843370e-02
3.092680e+03 2.400325e-01 7.866023e-01 8.869060e-02
3.092690e+03 2.349173e-01 7.906362e-01 8.891773e-02
3.092700e+03 2.305502e-01 7.940965e-01 8.911209e-02
3.092710e+03 2.268955e-01 7.970041e-01 8.927508e-02
3.092720e+03 2.237638e-01 7.995039e-01 8.941498e-02
3.092730e+03 2.207810e-01 8.018922e-01 8.954844e-02
3.092740e+03 2.174982e-01 8.045290e-01 8.969554e-02
3.092750e+03 2.136447e-01 8.076353e-01 8.986853e-02
3.092760e+03 2.093561e-01 8.111063e-01 9.006144e-02
3.092770e+03 2.050116e-01 8.146378e-01 9.025729e-02
3.092780e+03 2.017449e-01 8.173034e-01 9.040483e-02
3.092790e+03 1.998683e-01 8.188386e-01 9.048970e-02
3.092800e+03 2.000953e-01 8.186528e-01 9.047943e-02
3.092810e+03 2.010536e-01 8.178686e-01 9.043609e-02
3.092820e+03 2.024019e-01 8.167666e-01 9.037514e-02
3.092830e+03 2.046873e-01 8.149021e-01 9.027193e-02
3.092840e+03 2.072581e-01 8.128098e-01 9.015597e-02
3.092850e+03 2.108930e-01 8.098607e-01 8.999226e-02
3.092860e+03 2.189133e-01 8.033913e-01 8.963210e-02
3.092870e+03 2.319539e-01 7.929827e-01 8.904958e-02
3.092880e+03 2.541043e-01 7.756109e-01 8.806878e-02
3.092890e+03 2.868930e-01 7.505921e-01 8.663672e-02
3.092900e+03 3.280264e-01 7.203440e-01 8.487308e-02
3.092910e+03 3.701165e-01 6.906538e-01 8.310559e-02
3.092920e+03 4.030171e-01 6.683007e-01 8.174966e-02
3.092930e+03 4.180342e-01 6.583397e-01 8.113814e-02
3.092940e+03 4.133128e-01 6.614553e-01 8.132991e-02
3.092950e+03 3.946029e-01 6.739476e-01 8.209431e-02
3.092960e+03 3.730130e-01 6.886563e-01 8.298532e-02
3.092970e+03 3.568375e-01 6.998862e-01 8.365920e-02
3.092980e+03 3.523869e-01 7.030081e-01 8.384558e-02
3.092990e+03 3.609629e-01 6.970048e-01 8.348682e-02
3.093000e+03 3.813635e-01 6.829296e-01 8.263955e-02
3.093010e+03 4.120805e-01 6.622710e-01 8.138003e-02
3.093020e+03 4.522101e-01 6.362205e-01 7.976343e-02
3.093030e+03 5.041710e-01 6.040061e-01 7.771783e-02
3.093040e+03 5.688158e-01 5.661955e-01 7.524596e-02
3.093050e+03 6.507444e-01 5.216573e-01 7.222585e-02
3.093060e+03 7.539417e-01 4.705083e-01 6.859361e-02
3.093070e+03 8.839063e-01 4.131658e-01 6.427798e-02
3.093080e+03 1.046955e+00 3.510048e-01 5.924566e-02
3.093090e+03 1.250141e+00 2.864643e-01 5.352236e-02
3.093100e+03 1.501025e+00 2.229015e-01 4.721244e-02
3.093110e+03 1.807272e+00 1.641012e-01 4.050940e-02
3.093120e+03 2.176183e+00 1.134739e-01 3.368588e-02
3.093130e+03 2.614074e+00 7.323556e-02 2.706207e-02
3.093140e+03 3.126107e+00 4.388832e-02 2.094954e-02
3.093150e+03 3.713398e+00 2.439449e-02 1.561874e-02
3.093160e+03 4.374958e+00 1.258867e-02 1.121993e-02
3.093170e+03 5.107006e+00 6.054184e-03 7.780863e-03
3.093180e+03 5.899847e+00 2.739863e-03 5.234370e-03
3.093190e+03 6.739744e+00 1.182950e-03 3.439404e-03
3.093200e+03 7.608446e+00 4.962426e-04 2.227650e-03
3.093210e+03 8.483611e+00 2.068304e-04 1.438160e-03
3.093220e+03 9.339034e+00 8.792437e-05 9.376800e-04
3.093230e+03 1.014807e+01 3.915153e-05 6.257119e-04
3.093240e+03 1.088161e+01 1.880090e-05 4.336000e-04
3.093250e+03 1.151197e+01 1.000952e-05 3.163782e-04
3.093260e+03 1.201412e+01 6.058050e-06 2.461311e-04
3.093270e+03 1.236723e+01 4.255787e-06 2.062956e-04
3.093280e+03 1.255562e+01 3.525047e-06 1.877511e-04
3.093290e+03 1.257171e+01 3.468788e-06 1.862468e-04
3.093300e+03 1.241358e+01 4.063018e-06 2.015693e-04
3.093310e+03 1.208732e+01 5.630430e-06 2.372853e-04
3.093320e+03 1.160594e+01 9.111791e-06 3.018574e-04
3.093330e+03 1.098850e+01 1.689489e-05 4.110339e-04
3.093340e+03 1.025883e+01 3.504676e-05 5.920031e-04
3.093350e+03 9.444337e+00 7.913647e-05 8.895868e-04
3.093360e+03 8.572880e+00 1.891670e-04 1.375380e-03
3.093370e+03 7.672912e+00 4.652610e-04 2.156991e-03
3.093380e+03 6.771948e+00 1.145461e-03 3.384466e-03
3.093390e+03 5.893534e+00 2.757215e-03 5.250919e-03
3.093400e+03 5.057748e+00 6.359868e-03 7.974878e-03
3.093410e+03 4.280233e+00 1.383944e-02 1.176411e-02
3.093420e+03 3.572210e+00 2.809370e-02 1.676118e-02
3.093430e+03 2.940260e+00 5.285197e-02 2.298956e-02
3.093440e+03 2.386978e+00 9.190699e-02 3.031617e-02
3.093450e+03 1.911482e+00 1.478611e-01 3.845271e-02
3.093460e+03 1.510117e+00 2.208842e-01 4.699832e-02
3.093470e+03 1.177339e+00 3.080976e-01 5.550654e-02
3.093480e+03 9.058419e-01 4.042015e-01 6.357684e-02
3.093490e+03 6.879367e-01 5.026120e-01 7.089514e-02
3.093500e+03 5.155604e-01 5.971659e-01 7.727651e-02
3.093510e+03 3.822330e-01 6.823361e-01 8.260364e-02
3.093520e+03 2.802332e-01 7.556075e-01 8.692569e-02
3.093530e+03 2.033549e-01 8.159886e-01 9.033209e-02
3.093540e+03 1.462373e-01 8.639527e-01 9.294905e-02
3.093550e+03 1.043774e-01 9.008852e-01 9.491497e-02
3.093560e+03 7.397436e-02 9.286955e-01 9.636885e-02
3.093570e+03 5.235522e-02 9.489917e-01 9.741621e-02
3.093580e+03 3.705253e-02 9.636255e-01 9.816443e-02
3.093590e+03 2.631241e-02 9.740307e-01 9.869300e-02
3.093600e+03 1.882068e-02 9.813553e-01 9.906338e-02
3.093610e+03 1.361146e-02 9.864808e-01 9.932174e-02
3.093620e+03 9.987754e-03 9.900620e-01 9.950186e-02
3.093630e+03 7.455236e-03 9.925725e-01 9.962793e-02
3.093640e+03 5.668915e-03 9.943471e-01 9.971696e-02
3.093650e+03 4.391509e-03 9.956181e-01 9.978067e-02
3.093660e+03 3.462040e-03 9.965439e-01 9.982705e-02
3.093670e+03 2.771821e-03 9.972320e-01 9.986150e-02
3.093680e+03 2.248374e-03 9.977542e-01 9.988764e-02
3.093690e+03 1.843706e-03 9.981580e-01 9.990786e-02
3.093700e+03 1.525383e-03 9.984758e-01 9.992376e-02
3.093710e+03 1.271470e-03 9.987293e-01 9.993645e-02
3.093720e+03 1.066765e-03 9.989338e-01 9.994668e-02
3.093730e+03 9.005554e-04 9.990998e-01 9.995498e-02
3.093740e+03 7.649643e-04 9.992353e-01 9.996176e-02
3.093750e+03 6.544765e-04 9.993457e-01 9.996728e-02
3.093760e+03 5.636401e-04 9.994365e-01 9.997182e-02
3.093770e+03 4.887649e-04 9.995114e-01 9.997556e-02
3.093780e+03 4.277263e-04 9.995724e-01 9.997862e-02
3.093790e+03 3.779132e-04 9.996222e-01 9.998111e-02
3.093800e+03 3.368507e-04 9.996632e-01 9.998316e-02
3.093810e+03 3.028054e-04 9.996972e-01 9.998486e-02
3.093820e+03 2.748915e-04 9.997251e-01 9.998626e-02
3.093830e+03 2.536554e-04 9.997464e-01 9.998732e-02
3.093840e+03 2.493960e-04 9.997506e-01 9.998753e-02
3.093850e+03 2.312157e-04 9.997688e-01 9.998844e-02
3.093860e+03 2.023914e-04 9.997976e-01 9.998988e-02
3.093870e+03 1.909766e-04 9.998090e-01 9.999045e-02
3.093880e+03 1.808750e-04 9.998191e-01 9.999096e-02
3.093890e+03 1.717711e-04 9.998282e-01 9.999141e-02
3.093900e+03 1.643127e-04 9.998357e-01 9.999178e-02
3.093910e+03 1.574160e-04 9.998426e-01 9.999213e-02
3.093920e+03 1.508598e-04 9.998492e-01 9.999246e-02
3.093930e+03 3.449580e-06 9.999966e-01 9.999983e-02
3.093940e+03 1.274924e-05 9.999873e-01 9.999936e-02
3.093950e+03 3.996057e-05 9.999600e-01 9.999800e-02
3.093960e+03 6.488106e-05 9.999351e-01 9.999676e-02
3.093970e+03 3.696500e-05 9.999630e-01 9.999815e-02
3.093980e+03 8.149952e-09 1.000000e+00 1.000000e-01
3.093990e+03 4.911908e-08 1.000000e+00 1.000000e-01
3.094000e+03 4.921285e-08 1.000000e+00 1.000000e-01
3.094010e+03 3.225571e-08 1.000000e+00 1.000000e-01
3.094020e+03 8.212970e-08 9.999999e-01 1.000000e-01
3.094030e+03 5.176258e-08 9.999999e-01 1.000000e-01
3.094040e+03 5.112873e-05 9.999489e-01 9.999744e-02
3.094050e+03 5.252165e-05 9.999475e-01 9.999737e-02
3.094060e+03 1.303997e-06 9.999987e-01 9.999993e-02
3.094070e+03 7.351993e-06 9.999926e-01 9.999963e-02
3.094080e+03 7.362654e-06 9.999926e-01 9.999963e-02
3.094090e+03 2.983237e-06 9.999970e-01 9.999985e-02
3.094100e+03 2.972141e-06 9.999970e-01 9.999985e-02
3.094110e+03 0.000000e+00 1.000000e+00 1.000000e-01
3.094120e+03 1.808673e-07 9.999998e-01 9.999999e-02
3.094130e+03 1.956687e-07 9.999998e-01 9.999999e-02
3.094140e+03 1.486937e-08 1.000000e+00 1.000000e-01
3.094150e+03 1.615346e-07 9.999998e-01 9.999999e-02
3.094160e+03 1.738383e-05 9.999826e-01 9.999913e-02
3.094170e+03 2.817761e-05 9.999718e-01 9.999859e-02
3.094180e+03 1.096096e-05 9.999890e-01 9.999945e-02
3.094190e+03 1.953117e-06 9.999980e-01 9.999990e-02
3.094200e+03 1.953258e-06 9.999980e-01 9.999990e-02
3.094210e+03 0.000000e+00 1.000000e+00 1.000000e-01
3.094220e+03 1.186530e-09 1.000000e+00 1.000000e-01
3.094230e+03 1.186692e-09 1.000000e+00 1.000000e-01
3.094240e+03 1.117538e-04 9.998883e-01 9.999441e-02
3.094250e+03 1.117275e-04 9.998883e-01 9.999441e-02
3.094260e+03 1.927396e-07 9.999998e-01 9.999999e-02
3.094270e+03 1.927927e-07 9.999998e-01 9.999999e-02
3.094280e+03 2.020722e-08 1.000000e+00 1.000000e-01
3.094290e+03 2.020617e-08 1.000000e+00 1.000000e-01
3.094300e+03 2.660098e-09 1.000000e+00 1.000000e-01
3.094310e+03 4.031197e-07 9.999996e-01 9.999998e-02
3.094320e+03 5.602380e-06 9.999944e-01 9.999972e-02
3.094330e+03 5.203546e-06 9.999948e-01 9.999974e-02
3.094340e+03 7.240019e-10 1.000000e+00 1.000000e-01
3.094350e+03 0.000000e+00 1.000000e+00 1.000000e-01
3.094360e+03 0.000000e+00 1.000000e+00 1.000000e-01
3.094370e+03 0.000000e+00 1.000000e+00 1.000000e-01
3.094380e+03 0.000000e+00 1.000000e+00 1.000000e-01
3.094390e+03 0.000000e+00 1.000000e+00 1.000000e-01
3.094400e+03 0.000000e+00 1.000000e+00 1.000000e-01
3.094410e+03 0.000000e+00 1.000000e+00 1.000000e-01
3.094420e+03 0.000000e+00 1.000000e+00 1.000000e-01
3.094430e+03 0.000000e+00 1.000000e+00 1.000000e-01
3.094440e+03 5.966829e-07 9.999994e-01 9.999997e-02
3.094450e+03 5.967847e-07 9.999994e-01 9.999997e-02
3.094460e+03 3.779047e-12 1.000000e+00 1.000000e-01
3.094470e+03 3.778717e-12 1.000000e+00 1.000000e-01
3.094480e+03 6.610041e-11 1.000000e+00 1.000000e-01
3.094490e+03 6.092867e-06 9.999939e-01 9.999970e-02
3.094500e+03 6.092407e-06 9.999939e-01 9.999970e-02
3.094510e+03 1.817333e-06 9.999982e-01 9.999991e-02
3.094520e+03 1.816728e-06 9.999982e-01 9.999991e-02
3.094530e+03 0.000000e+00 1.000000e+00 1.000000e-01
3.094540e+03 2.257134e-10 1.000000e+00 1.000000e-01
3.094550e+03 2.257332e-10 1.000000e+00 1.000000e-01
3.094560e+03 0.000000e+00 1.000000e+00 1.000000e-01
3.094570e+03 0.000000e+00 1.000000e+00 1.000000e-01
3.094580e+03 0.000000e+00 1.000000e+00 1.000000e-01
3.094590e+03 0.000000e+00 1.000000e+00 1.000000e-01
3.094600e+03 0.000000e+00 1.000000e+00 1.000000e-01
3.094610e+03 0.000000e+00 1.000000e+00 1.000000e-01
3.094620e+03 0.000000e+00 1.000000e+00 1.000000e-01
3.094630e+03 0.000000e+00 1.000000e+00 1.000000e-01
3.094640e+03 0.000000e+00 1.000000e+00 1.000000e-01
3.094650e+03 0.000000e+00 1.000000e+00 1.000000e-01
3.094660e+03 0.000000e+00 1.000000e+00 1.000000e-01
3.094670e+03 0.000000e+00 1.000000e+00 1.000000e-01
3.094680e+03 7.007636e-11 1.000000e+00 1.000000e-01
3.094690e+03 1.741277e-09 1.000000e+00 1.000000e-01
3.094700e+03 1.671023e-09 1.000000e+00 1.000000e-01
3.094710e+03 0.000000e+00 1.000000e+00 1.000000e-01
3.094720e+03 3.152942e-10 1.000000e+00 1.000000e-01
3.094730e+03 3.152658e-10 1.000000e+00 1.000000e-01
3.094740e+03 0.000000e+00 1.000000e+00 1.000000e-01
3.094750e+03 0.000000e+00 1.000000e+00 1.000000e-01
3.094760e+03 0.000000e+00 1.000000e+00 1.000000e-01
3.094770e+03 0.000000e+00 1.000000e+00 1.000000e-01
3.094780e+03 0.000000e+00 1.000000e+00 1.000000e-01
3.094790e+03 8.066049e-07 9.999992e-01 9.999996e-02
3.094800e+03 8.064558e-07 9.999992e-01 9.999996e-02
3.094810e+03 3.414981e-13 1.000000e+00 1.000000e-01
3.094820e+03 3.415685e-13 1.000000e+00 1.000000e-01
3.094830e+03 7.408495e-13 1.000000e+00 1.000000e-01
3.094840e+03 1.156123e-09 1.000000e+00 1.000000e-01
3.094850e+03 3.488442e-06 9.999965e-01 9.999983e-02
3.094860e+03 3.487072e-06 9.999965e-01 9.999983e-02
3.094870e+03 0.000000e+00 1.000000e+00 1.000000e-01
3.094880e+03 0.000000e+00 1.000000e+00 1.000000e-01
3.094890e+03 0.000000e+00 1.000000e+00 1.000000e-01
3.094900e+03 0.000000e+00 1.000000e+00 1.000000e-01
3.094910e+03 0.000000e+00 1.000000e+00 1.000000e-01
3.094920e+03 0.000000e+00 1.000000e+00 1.000000e-01
3.094930e+03 0.000000e+00 1.000000e+00 1.000000e-01
3.094940e+03 0.000000e+00 1.000000e+00 1.000000e-01
3.094950e+03 0.000000e+00 1.000000e+00 1.000000e-01
3.094960e+03 0.000000e+00 1.000000e+00 1.000000e-01
3.094970e+03 0.000000e+00 1.000000e+00 1.000000e-01
3.094980e+03 0.000000e+00 1.000000e+00 1.000000e-01
3.094990e+03 0.000000e+00 1.000000e+00 1.000000e-01
3.095000e+03 0.000000e+00 1.000000e+00 1.000000e-01
3.095010e+03 0.000000e+00 1.000000e+00 1.000000e-01
3.095020e+03 0.000000e+00 1.000000e+00 1.000000e-01
3.095030e+03 0.000000e+00 1.000000e+00 1.000000e-01
3.095040e+03 0.000000e+00 1.000000e+00 1.000000e-01
3.095050e+03 0.000000e+00 1.000000e+00 1.000000e-01
3.095060e+03 0.000000e+00 1.000000e+00 1.000000e-01
3.095070e+03 0.000000e+00 1.000000e+00 1.000000e-01
3.095080e+03 0.000000e+00 1.000000e+00 1.000000e-01
3.095090e+03 0.000000e+00 1.000000e+00 1.000000e-01
3.095100e+03 1.220844e-10 1.000000e+00 1.000000e-01
3.095110e+03 1.221104e-10 1.000000e+00 1.000000e-01
3.095120e+03 0.000000e+00 1.000000e+00 1.000000e-01
3.095130e+03 0.000000e+00 1.000000e+00 1.000000e-01
3.095140e+03 0.000000e+00 1.000000e+00 1.000000e-01
3.095150e+03 0.000000e+00 1.000000e+00 1.000000e-01
3.095160e+03 0.000000e+00 1.000000e+00 1.000000e-01
3.095170e+03 0.000000e+00 1.000000e+00 1.000000e-01
3.095180e+03 0.000000e+00 1.000000e+00 1.000000e-01
3.095190e+03 0.000000e+00 1.000000e+00 1.000000e-01
3.095200e+03 4.452944e-10 1.000000e+00 1.000000e-01
3.095210e+03 4.452411e-10 1.000000e+00 1.000000e-01
3.095220e+03 0.000000e+00 1.000000e+00 1.000000e-01
3.095230e+03 0.000000e+00 1.000000e+00 1.000000e-01
3.095240e+03 0.000000e+00 1.000000e+00 1.000000e-01
3.095250e+03 0.000000e+00 1.000000e+00 1.000000e-01
3.095260e+03 0.000000e+00 1.000000e+00 1.000000e-01
3.095270e+03 0.000000e+00 1.000000e+00 1.000000e-01
3.095280e+03 0.000000e+00 1.000000e+00 1.000000e-01
3.095290e+03 2.410470e-10 1.000000e+00 1.000000e-01
3.095300e+03 2.410287e-10 1.000000e+00 1.000000e-01
3.095310e+03 0.000000e+00 1.000000e+00 1.000000e-01
3.095320e+03 0.000000e+00 1.000000e+00 1.000000e-01
3.095330e+03 0.000000e+00 1.000000e+00 1.000000e-01
3.095340e+03 1.313803e-12 1.000000e+00 1.000000e-01
3.095350e+03 1.313706e-12 1.000000e+00 1.000000e-01
3.095360e+03 0.000000e+00 1.000000e+00 1.000000e-01
3.095370e+03 0.000000e+00 1.000000e+00 1.000000e-01
3.095380e+03 0.000000e+00 1.000000e+00 1.000000e-01
3.095390e+03 0.000000e+00 1.000000e+00 1.000000e-01
3.095400e+03 0.000000e+00 1.000000e+00 1.000000e-01
3.095410e+03 0.000000e+00 1.000000e+00 1.000000e-01
3.095420e+03 0.000000e+00 1.000000e+00 1.000000e-01
3.095430e+03 0.000000e+00 1.000000e+00 1.000000e-01
3.095440e+03 0.000000e+00 1.000000e+00 1.000000e-01
3.095450e+03 0.000000e+00 1.000000e+00 1.000000e-01
3.095460e+03 0.000000e+00 1.000000e+00 1.000000e-01
3.095470e+03 0.000000e+00 1.000000e+00 1.000000e-01
3.095480e+03 0.000000e+00 1.000000e+00 1.000000e-01
3.095490e+03 0.000000e+00 1.000000e+00 1.000000e-01
3.095500e+03 0.000000e+00 1.000000e+00 1.000000e-01
3.095510e+03 0.000000e+00 1.000000e+00 1.000000e-01
3.095520e+03 0.000000e+00 1.000000e+00 1.000000e-01
3.095530e+03 0.000000e+00 1.000000e+00 1.000000e-01
3.095540e+03 0.000000e+00 1.000000e+00 1.000000e-01
3.095550e+03 0.000000e+00 1.000000e+00 1.000000e-01
3.095560e+03 0.000000e+00 1.000000e+00 1.000000e-01
3.095570e+03 0.000000e+00 1.000000e+00 1.000000e-01
3.095580e+03 0.000000e+00 1.000000e+00 1.000000e-01
3.095590e+03 0.000000e+00 1.000000e+00 1.000000e-01
3.095600e+03 0.000000e+00 1.000000e+00 1.000000e-01
3.095610e+03 0.000000e+00 1.000000e+00 1.000000e-01
3.095620e+03 0.000000e+00 1.000000e+00 1.000000e-01
3.095630e+03 0.000000e+00 1.000000e+00 1.000000e-01
3.095640e+03 0.000000e+00 1.000000e+00 1.000000e-01
3.095650e+03 0.000000e+00 1.000000e+00 1.000000e-01
3.095660e+03 0.000000e+00 1.000000e+00 1.000000e-01
3.095670e+03 0.000000e+00 1.000000e+00 1.000000e-01
3.095680e+03 0.000000e+00 1.000000e+00 1.000000e-01
3.095690e+03 0.000000e+00 1.000000e+00 1.000000e-01
3.095700e+03 0.000000e+00 1.000000e+00 1.000000e-01
3.095710e+03 0.000000e+00 1.000000e+00 1.000000e-01
3.095720e+03 0.000000e+00 1.000000e+00 1.000000e-01
3.095730e+03 0.000000e+00 1.000000e+00 1.000000e-01
3.095740e+03 2.221979e-09 1.000000e+00 1.000000e-01
3.095750e+03 2.222372e-09 1.000000e+00 1.000000e-01
3.095760e+03 0.000000e+00 1.000000e+00 1.000000e-01
3.095770e+03 0.000000e+00 1.000000e+00 1.000000e-01
3.095780e+03 0.000000e+00 1.000000e+00 1.000000e-01
3.095790e+03 0.000000e+00 1.000000e+00 1.000000e-01
3.095800e+03 0.000000e+00 1.000000e+00 1.000000e-01
3.095810e+03 0.000000e+00 1.000000e+00 1.000000e-01
3.095820e+03 0.000000e+00 1.000000e+00 1.000000e-01
3.095830e+03 0.000000e+00 1.000000e+00 1.000000e-01
3.095840e+03 0.000000e+00 1.000000e+00 1.000000e-01
3.095850e+03 0.000000e+00 1.000000e+00 1.000000e-01
3.095860e+03 0.000000e+00 1.000000e+00 1.000000e-01
3.095870e+03 0.000000e+00 1.000000e+00 1.000000e-01
3.095880e+03 0.000000e+00 1.000000e+00 1.000000e-01
3.095890e+03 0.000000e+00 1.000000e+00 1.000000e-01
3.095900e+03 0.000000e+00 1.000000e+00 1.000000e-01
3.095910e+03 0.000000e+00 1.000000e+00 1.000000e-01
3.095920e+03 0.000000e+00 1.000000e+00 1.000000e-01
3.095930e+03 0.000000e+00 1.000000e+00 1.000000e-01
3.095940e+03 0.000000e+00 1.000000e+00 1.000000e-01
3.095950e+03 0.000000e+00 1.000000e+00 1.000000e-01
3.095960e+03 0.000000e+00 1.000000e+00 1.000000e-01
3.095970e+03 0.000000e+00 1.000000e+00 1.000000e-01
3.095980e+03 0.000000e+00 1.000000e+00 1.000000e-01
3.095990e+03 0.000000e+00 1.000000e+00 1.000000e-01
3.096000e+03 0.000000e+00 1.000000e+00 1.000000e-01
3.096010e+03 0.000000e+00 1.000000e+00 1.000000e-01
3.096020e+03 0.000000e+00 1.000000e+00 1.000000e-01
3.096030e+03 0.000000e+00 1.000000e+00 1.000000e-01
3.096040e+03 0.000000e+00 1.000000e+00 1.000000e-01
3.096050e+03 0.000000e+00 1.000000e+00 1.000000e-01
3.096060e+03 0.000000e+00 1.000000e+00 1.000000e-01
3.096070e+03 0.000000e+00 1.000000e+00 1.000000e-01
3.096080e+03 0.000000e+00 1.000000e+00 1.000000e-01
3.096090e+03 0.000000e+00 1.000000e+00 1.000000e-01
3.096100e+03 0.000000e+00 1.000000e+00 1.000000e-01
3.096110e+03 0.000000e+00 1.000000e+00 1.000000e-01
3.096120e+03 0.000000e+00 1.000000e+00 1.000000e-01
3.096130e+03 0.000000e+00 1.000000e+00 1.000000e-01
3.096140e+03 0.000000e+00 1.000000e+00 1.000000e-01
3.096150e+03 0.000000e+00 1.000000e+00 1.000000e-01
3.096160e+03 0.000000e+00 1.000000e+00 1.000000e-01
3.096170e+03 0.000000e+00 1.000000e+00 1.000000e-01
3.096180e+03 0.000000e+00 1.000000e+00 1.000000e-01
3.096190e+03 0.000000e+00 1.000000e+00 1.000000e-01
3.096200e+03 0.000000e+00 1.000000e+00 1.000000e-01
3.096210e+03 0.000000e+00 1.000000e+00 1.000000e-01
3.096220e+03 0.000000e+00 1.000000e+00 1.000000e-01
3.096230e+03 0.000000e+00 1.000000e+00 1.000000e-01
3.096240e+03 0.000000e+00 1.000000e+00 1.000000e-01
3.096250e+03 0.000000e+00 1.000000e+00 1.000000e-01
3.096260e+03 0.000000e+00 1.000000e+00 1.000000e-01
3.096270e+03 0.000000e+00 1.000000e+00 1.000000e-01
3.096280e+03 0.000000e+00 1.000000e+00 1.000000e-01
3.096290e+03 0.000000e+00 1.000000e+00 1.000000e-01
3.096300e+03 0.000000e+00 1.000000e+00 1.000000e-01
3.096310e+03 0.000000e+00 1.000000e+00 1.000000e-01
3.096320e+03 0.000000e+00 1.000000e+00 1.000000e-01
3.096330e+03 0.000000e+00 1.000000e+00 1.000000e-01
3.096340e+03 0.000000e+00 1.000000e+00 1.000000e-01
3.096350e+03 0.000000e+00 1.000000e+00 1.000000e-01
3.096360e+03 0.000000e+00 1.000000e+00 1.000000e-01
3.096370e+03 0.000000e+00 1.000000e+00 1.000000e-01
3.096380e+03 0.000000e+00 1.000000e+00 1.000000e-01
3.096390e+03 0.000000e+00 1.000000e+00 1.000000e-01
3.096400e+03 0.000000e+00 1.000000e+00 1.000000e-01
3.096410e+03 0.000000e+00 1.000000e+00 1.000000e-01
3.096420e+03 0.000000e+00 1.000000e+00 1.000000e-01
3.096430e+03 0.000000e+00 1.000000e+00 1.000000e-01
3.096440e+03 0.000000e+00 1.000000e+00 1.000000e-01
3.096450e+03 0.000000e+00 1.000000e+00 1.000000e-01
3.096460e+03 0.000000e+00 1.000000e+00 1.000000e-01
3.096470e+03 0.000000e+00 1.000000e+00 1.000000e-01
3.096480e+03 1.360562e-12 1.000000e+00 1.000000e-01
3.096490e+03 1.360583e-12 1.000000e+00 1.000000e-01
3.096500e+03 0.000000e+00 1.000000e+00 1.000000e-01
3.096510e+03 0.000000e+00 1.000000e+00 1.000000e-01
3.096520e+03 0.000000e+00 1.000000e+00 1.000000e-01
3.096530e+03 0.000000e+00 1.000000e+00 1.000000e-01
3.096540e+03 0.000000e+00 1.000000e+00 1.000000e-01
3.096550e+03 0.000000e+00 1.000000e+00 1.000000e-01
3.096560e+03 0.000000e+00 1.000000e+00 1.000000e-01
3.096570e+03 0.000000e+00 1.000000e+00 1.000000e-01
3.096580e+03 0.000000e+00 1.000000e+00 1.000000e-01
3.096590e+03 0.000000e+00 1.000000e+00 1.000000e-01
3.096600e+03 0.000000e+00 1.000000e+00 1.000000e-01
3.096610e+03 0.000000e+00 1.000000e+00 1.000000e-01
3.096620e+03 0.000000e+00 1.000000e+00 1.000000e-01
3.096630e+03 0.000000e+00 1.000000e+00 1.000000e-01
3.096640e+03 0.000000e+00 1.000000e+00 1.000000e-01
3.096650e+03 0.000000e+00 1.000000e+00 1.000000e-01
3.096660e+03 0.000000e+00 1.000000e+00 1.000000e-01
3.096670e+03 0.000000e+00 1.000000e+00 1.000000e-01
3.096680e+03 0.000000e+00 1.000000e+00 1.000000e-01
3.096690e+03 0.000000e+00 1.000000e+00 1.000000e-01
3.096700e+03 0.000000e+00 1.000000e+00 1.000000e-01
3.096710e+03 0.000000e+00 1.000000e+00 1.000000e-01
3.096720e+03 0.000000e+00 1.000000e+00 1.000000e-01
3.096730e+03 0.000000e+00 1.000000e+00 1.000000e-01
3.096740e+03 0.000000e+00 1.000000e+00 1.000000e-01
3.096750e+03 0.000000e+00 1.000000e+00 1.000000e-01
3.096760e+03 0.000000e+00 1.000000e+00 1.000000e-01
3.096770e+03 0.000000e+00 1.000000e+00 1.000000e-01
3.096780e+03 0.000000e+00 1.000000e+00 1.000000e-01
3.096790e+03 0.000000e+00 1.000000e+00 1.000000e-01
3.096800e+03 0.000000e+00 1.000000e+00 1.000000e-01
3.096810e+03 0.000000e+00 1.000000e+00 1.000000e-01
3.096820e+03 0.000000e+00 1.000000e+00 1.000000e-01
3.096830e+03 0.000000e+00 1.000000e+00 1.000000e-01
3.096840e+03 0.000000e+00 1.000000e+00 1.000000e-01
3.096850e+03 0.000000e+00 1.000000e+00 1.000000e-01
3.096860e+03 0.000000e+00 1.000000e+00 1.000000e-01
3.096870e+03 0.000000e+00 1.000000e+00 1.000000e-01
3.096880e+03 0.000000e+00 1.000000e+00 1.000000e-01
3.096890e+03 0.000000e+00 1.000000e+00 1.000000e-01
3.096900e+03 0.000000e+00 1.000000e+00 1.000000e-01
3.096910e+03 0.000000e+00 1.000000e+00 1.000000e-01
3.096920e+03 0.000000e+00 1.000000e+00 1.000000e-01
3.096930e+03 0.000000e+00 1.000000e+00 1.000000e-01
3.096940e+03 0.000000e+00 1.000000e+00 1.000000e-01
3.096950e+03 0.000000e+00 1.000000e+00 1.000000e-01
3.096960e+03 0.000000e+00 1.000000e+00 1.000000e-01
3.096970e+03 0.000000e+00 1.000000e+00 1.000000e-01
3.096980e+03 0.000000e+00 1.000000e+00 1.000000e-01
3.096990e+03 0.000000e+00 1.000000e+00 1.000000e-01
3.097000e+03 0.000000e+00 1.000000e+00 1.000000e-01
3.097010e+03 0.000000e+00 1.000000e+00 1.000000e-01
3.097020e+03 0.000000e+00 1.000000e+00 1.000000e-01
3.097030e+03 0.000000e+00 1.000000e+00 1.000000e-01
3.097040e+03 0.000000e+00 1.000000e+00 1.000000e-01
3.097050e+03 0.000000e+00 1.000000e+00 1.000000e-01
3.097060e+03 0.000000e+00 1.000000e+00 1.000000e-01
3.097070e+03 0.000000e+00 1.000000e+00 1.000000e-01
3.097080e+03 0.000000e+00 1.000000e+00 1.000000e-01
3.097090e+03 0.000000e+00 1.000000e+00 1.000000e-01
3.097100e+03 0.000000e+00 1.000000e+00 1.000000e-01
3.097110e+03 0.000000e+00 1.000000e+00 1.000000e-01
3.097120e+03 0.000000e+00 1.000000e+00 1.000000e-01
3.097130e+03 0.000000e+00 1.000000e+00 1.000000e-01
3.097140e+03 0.000000e+00 1.000000e+00 1.000000e-01
3.097150e+03 0.000000e+00 1.000000e+00 1.000000e-01
3.097160e+03 0.000000e+00 1.000000e+00 1.000000e-01
3.097170e+03 0.000000e+00 1.000000e+00 1.000000e-01
3.097180e+03 0.000000e+00 1.000000e+00 1.000000e-01
3.097190e+03 0.000000e+00 1.000000e+00 1.000000e-01
3.097200e+03 0.000000e+00 1.000000e+00 1.000000e-01
3.097210e+03 0.000000e+00 1.000000e+00 1.000000e-01
3.097220e+03 0.000000e+00 1.000000e+00 1.000000e-01
3.097230e+03 0.000000e+00 1.000000e+00 1.000000e-01
3.097240e+03 0.000000e+00 1.000000e+00 1.000000e-01
3.097250e+03 0.000000e+00 1.000000e+00 1.000000e-01
3.097260e+03 0.000000e+00 1.000000e+00 1.000000e-01
3.097270e+03 0.000000e+00 1.000000e+00 1.000000e-01
3.097280e+03 0.000000e+00 1.000000e+00 1.000000e-01
3.097290e+03 0.000000e+00 1.000000e+00 1.000000e-01
3.097300e+03 0.000000e+00 1.000000e+00 1.000000e-01
3.097310e+03 0.000000e+00 1.000000e+00 1.000000e-01
3.097320e+03 0.000000e+00 1.000000e+00 1.000000e-01
3.097330e+03 0.000000e+00 1.000000e+00 1.000000e-01
3.097340e+03 0.000000e+00 1.000000e+00 1.000000e-01
3.097350e+03 0.000000e+00 1.000000e+00 1.000000e-01
3.097360e+03 0.000000e+00 1.000000e+00 1.000000e-01
3.097370e+03 0.000000e+00 1.000000e+00 1.000000e-01
3.097380e+03 0.000000e+00 1.000000e+00 1.000000e-01
3.097390e+03 0.000000e+00 1.000000e+00 1.000000e-01
3.097400e+03 0.000000e+00 1.000000e+00 1.000000e-01
3.097410e+03 0.000000e+00 1.000000e+00 1.000000e-01
3.097420e+03 0.000000e+00 1.000000e+00 1.000000e-01
3.097430e+03 0.000000e+00 1.000000e+00 1.000000e-01
3.097440e+03 0.000000e+00 1.000000e+00 1.000000e-01
3.097450e+03 0.000000e+00 1.000000e+00 1.000000e-01
3.097460e+03 0.000000e+00 1.000000e+00 1.000000e-01
3.097470e+03 0.000000e+00 1.000000e+00 1.000000e-01
3.097480e+03 0.000000e+00 1.000000e+00 1.000000e-01
3.097490e+03 0.000000e+00 1.000000e+00 1.000000e-01
3.097500e+03 0.000000e+00 1.000000e+00 1.000000e-01
3.097510e+03 0.000000e+00 1.000000e+00 1.000000e-01
3.097520e+03 0.000000e+00 1.000000e+00 1.000000e-01
3.097530e+03 0.000000e+00 1.000000e+00 1.000000e-01
3.097540e+03 0.000000e+00 1.000000e+00 1.000000e-01
3.097550e+03 0.000000e+00 1.000000e+00 1.000000e-01
3.097560e+03 0.000000e+00 1.000000e+00 1.000000e-01
3.097570e+03 0.000000e+00 1.000000e+00 1.000000e-01
3.097580e+03 0.000000e+00 1.000000e+00 1.000000e-01
3.097590e+03 0.000000e+00 1.000000e+00 1.000000e-01
3.097600e+03 0.000000e+00 1.000000e+00 1.000000e-01
3.097610e+03 0.000000e+00 1.000000e+00 1.000000e-01
3.097620e+03 0.000000e+00 1.000000e+00 1.000000e-01
3.097630e+03 0.000000e+00 1.000000e+00 1.000000e-01
3.097640e+03 0.000000e+00 1.000000e+00 1.000000e-01
3.097650e+03 0.000000e+00 1.000000e+00 1.000000e-01
3.097660e+03 0.000000e+00 1.000000e+00 1.000000e-01
3.097670e+03 0.000000e+00 1.000000e+00 1.000000e-01
3.097680e+03 0.000000e+00 1.000000e+00 1.000000e-01
3.097690e+03 0.000000e+00 1.000000e+00 1.000000e-01
3.097700e+03 0.000000e+00 1.000000e+00 1.000000e-01
3.097710e+03 0.000000e+00 1.000000e+00 1.000000e-01
3.097720e+03 0.000000e+00 1.000000e+00 1.000000e-01
3.097730e+03 0.000000e+00 1.000000e+00 1.000000e-01
3.097740e+03 0.000000e+00 1.000000e+00 1.000000e-01
3.097750e+03 0.000000e+00 1.000000e+00 1.000000e-01
3.097760e+03 0.000000e+00 1.000000e+00 1.000000e-01
3.097770e+03 0.000000e+00 1.000000e+00 1.000000e-01
3.097780e+03 0.000000e+00 1.000000e+00 1.000000e-01
3.097790e+03 0.000000e+00 1.000000e+00 1.000000e-01
3.097800e+03 0.000000e+00 1.000000e+00 1.000000e-01
3.097810e+03 0.000000e+00 1.000000e+00 1.000000e-01
3.097820e+03 0.000000e+00 1.000000e+00 1.000000e-01
3.097830e+03 0.000000e+00 1.000000e+00 1.000000e-01
3.097840e+03 0.000000e+00 1.000000e+00 1.000000e-01
3.097850e+03 0.000000e+00 1.000000e+00 1.000000e-01
3.097860e+03 0.000000e+00 1.000000e+00 1.000000e-01
3.097870e+03 0.000000e+00 1.000000e+00 1.000000e-01
3.097880e+03 0.000000e+00 1.000000e+00 1.000000e-01
3.097890e+03 0.000000e+00 1.000000e+00 1.000000e-01
3.097900e+03 0.000000e+00 1.000000e+00 1.000000e-01
3.097910e+03 0.000000e+00 1.000000e+00 1.000000e-01
3.097920e+03 0.000000e+00 1.000000e+00 1.000000e-01
3.097930e+03 0.000000e+00 1.000000e+00 1.000000e-01
3.097940e+03 0.000000e+00 1.000000e+00 1.000000e-01
3.097950e+03 0.000000e+00 1.000000e+00 1.000000e-01
3.097960e+03 0.000000e+00 1.000000e+00 1.000000e-01
3.097970e+03 0.000000e+00 1.000000e+00 1.000000e-01
3.097980e+03 0.000000e+00 1.000000e+00 1.000000e-01
3.097990e+03 0.000000e+00 1.000000e+00 1.000000e-01
3.098000e+03 0.000000e+00 1.000000e+00 1.000000e-01
3.098010e+03 0.000000e+00 1.000000e+00 1.000000e-01
3.098020e+03 0.000000e+00 1.000000e+00 1.000000e-01
3.098030e+03 0.000000e+00 1.000000e+00 1.000000e-01
3.098040e+03 0.000000e+00 1.000000e+00 1.000000e-01
3.098050e+03 0.000000e+00 1.000000e+00 1.000000e-01
3.098060e+03 0.000000e+00 1.000000e+00 1.000000e-01
3.098070e+03 0.000000e+00 1.000000e+00 1.000000e-01
3.098080e+03 0.000000e+00 1.000000e+00 1.000000e-01
3.098090e+03 0.000000e+00 1.000000e+00 1.000000e-01
3.098100e+03 0.000000e+00 1.000000e+00 1.000000e-01
3.098110e+03 0.000000e+00 1.000000e+00 1.000000e-01
3.098120e+03 0.000000e+00 1.000000e+00 1.000000e-01
3.098130e+03 0.000000e+00 1.000000e+00 1.000000e-01
3.098140e+03 0.000000e+00 1.000000e+00 1.000000e-01
3.098150e+03 0.000000e+00 1.000000e+00 1.000000e-01
3.098160e+03 0.000000e+00 1.000000e+00 1.000000e-01
3.098170e+03 0.000000e+00 1.000000e+00 1.000000e-01
3.098180e+03 0.000000e+00 1.000000e+00 1.000000e-01
3.098190e+03 0.000000e+00 1.000000e+00 1.000000e-01
3.098200e+03 0.000000e+00 1.000000e+00 1.000000e-01
3.098210e+03 0.000000e+00 1.000000e+00 1.000000e-01
3.098220e+03 0.000000e+00 1.000000e+00 1.000000e-01
3.098230e+03 0.000000e+00 1.000000e+00 1.000000e-01
3.098240e+03 0.000000e+00 1.000000e+00 1.000000e-01
3.098250e+03 0.000000e+00 1.000000e+00 1.000000e-01
3.098260e+03 0.000000e+00 1.000000e+00 1.000000e-01
3.098270e+03 0.000000e+00 1.000000e+00 1.000000e-01
3.098280e+03 0.000000e+00 1.000000e+00 1.000000e-01
3.098290e+03 0.000000e+00 1.000000e+00 1.000000e-01
3.098300e+03 0.000000e+00 1.000000e+00 1.000000e-01
3.098310e+03 0.000000e+00 1.000000e+00 1.000000e-01
3.098320e+03 0.000000e+00 1.000000e+00 1.000000e-01
3.098330e+03 0.000000e+00 1.000000e+00 1.000000e-01
3.098340e+03 0.000000e+00 1.000000e+00 1.000000e-01
3.098350e+03 0.000000e+00 1.000000e+00 1.000000e-01
3.098360e+03 0.000000e+00 1.000000e+00 1.000000e-01
3.098370e+03 0.000000e+00 1.000000e+00 1.000000e-01
3.098380e+03 0.000000e+00 1.000000e+00 1.000000e-01
3.098390e+03 0.000000e+00 1.000000e+00 1.000000e-01
3.098400e+03 0.000000e+00 1.000000e+00 1.000000e-01
3.098410e+03 0.000000e+00 1.000000e+00 1.000000e-01
3.098420e+03 0.000000e+00 1.000000e+00 1.000000e-01
3.098430e+03 0.000000e+00 1.000000e+00 1.000000e-01
3.098440e+03 0.000000e+00 1.000000e+00 1.000000e-01
3.098450e+03 0.000000e+00 1.000000e+00 1.000000e-01
3.098460e+03 0.000000e+00 1.000000e+00 1.000000e-01
3.098470e+03 0.000000e+00 1.000000e+00 1.000000e-01
3.098480e+03 0.000000e+00 1.000000e+00 1.000000e-01
3.098490e+03 0.000000e+00 1.000000e+00 1.000000e-01
3.098500e+03 0.000000e+00 1.000000e+00 1.000000e-01
3.098510e+03 0.000000e+00 1.000000e+00 1.000000e-01
3.098520e+03 0.000000e+00 1.000000e+00 1.000000e-01
3.098530e+03 0.000000e+00 1.000000e+00 1.000000e-01
3.098540e+03 0.000000e+00 1.000000e+00 1.000000e-01
3.098550e+03 0.000000e+00 1.000000e+00 1.000000e-01
3.098560e+03 0.000000e+00 1.000000e+00 1.000000e-01
3.098570e+03 0.000000e+00 1.000000e+00 1.000000e-01
3.098580e+03 0.000000e+00 1.000000e+00 1.000000e-01
3.098590e+03 0.000000e+00 1.000000e+00 1.000000e-01
3.098600e+03 0.000000e+00 1.000000e+00 1.000000e-01
3.098610e+03 0.000000e+00 1.000000e+00 1.000000e-01
3.098620e+03 0.000000e+00 1.000000e+00 1.000000e-01
3.098630e+03 0.000000e+00 1.000000e+00 1.000000e-01
3.098640e+03 0.000000e+00 1.000000e+00 1.000000e-01
3.098650e+03 0.000000e+00 1.000000e+00 1.000000e-01
3.098660e+03 0.000000e+00 1.000000e+00 1.000000e-01
3.098670e+03 0.000000e+00 1.000000e+00 1.000000e-01
3.098680e+03 0.000000e+00 1.000000e+00 1.000000e-01
3.098690e+03 0.000000e+00 1.000000e+00 1.000000e-01
3.098700e+03 0.000000e+00 1.000000e+00 1.000000e-01
3.098710e+03 0.000000e+00 1.000000e+00 1.000000e-01
3.098720e+03 0.000000e+00 1.000000e+00 1.000000e-01
3.098730e+03 0.000000e+00 1.000000e+00 1.000000e-01
3.098740e+03 0.000000e+00 1.000000e+00 1.000000e-01
3.098750e+03 0.000000e+00 1.000000e+00 1.000000e-01
3.098760e+03 0.000000e+00 1.000000e+00 1.000000e-01
3.098770e+03 0.000000e+00 1.000000e+00 1.000000e-01
3.098780e+03 0.000000e+00 1.000000e+00 1.000000e-01
3.098790e+03 0.000000e+00 1.000000e+00 1.000000e-01
3.098800e+03 0.000000e+00 1.000000e+00 1.000000e-01
3.098810e+03 0.000000e+00 1.000000e+00 1.000000e-01
3.098820e+03 0.000000e+00 1.000000e+00 1.000000e-01
3.098830e+03 0.000000e+00 1.000000e+00 1.000000e-01
3.098840e+03 0.000000e+00 1.000000e+00 1.000000e-01
3.098850e+03 0.000000e+00 1.000000e+00 1.000000e-01
3.098860e+03 0.000000e+00 1.000000e+00 1.000000e-01
3.098870e+03 0.000000e+00 1.000000e+00 1.000000e-01
3.098880e+03 0.000000e+00 1.000000e+00 1.000000e-01
3.098890e+03 0.000000e+00 1.000000e+00 1.000000e-01
3.098900e+03 0.000000e+00 1.000000e+00 1.000000e-01
3.098910e+03 0.000000e+00 1.000000e+00 1.000000e-01
3.098920e+03 0.000000e+00 1.000000e+00 1.000000e-01
3.098930e+03 0.000000e+00 1.000000e+00 1.000000e-01
3.098940e+03 0.000000e+00 1.000000e+00 1.000000e-01
3.098950e+03 0.000000e+00 1.000000e+00 1.000000e-01
3.098960e+03 0.000000e+00 1.000000e+00 1.000000e-01
3.098970e+03 0.000000e+00 1.000000e+00 1.000000e-01
3.098980e+03 0.000000e+00 1.000000e+00 1.000000e-01
3.098990e+03 0.000000e+00 1.000000e+00 1.000000e-01
3.099000e+03 0.000000e+00 1.000000e+00 1.000000e-01
3.099010e+03 0.000000e+00 1.000000e+00 1.000000e-01
3.099020e+03 0.000000e+00 1.000000e+00 1.000000e-01
3.099030e+03 0.000000e+00 1.000000e+00 1.000000e-01
3.099040e+03 0.000000e+00 1.000000e+00 1.000000e-01
3.099050e+03 0.000000e+00 1.000000e+00 1.000000e-01
3.099060e+03 0.000000e+00 1.000000e+00 1.000000e-01
3.099070e+03 0.000000e+00 1.000000e+00 1.000000e-01
3.099080e+03 0.000000e+00 1.000000e+00 1.000000e-01
3.099090e+03 0.000000e+00 1.000000e+00 1.000000e-01
3.099100e+03 0.000000e+00 1.000000e+00 1.000000e-01
3.099110e+03 0.000000e+00 1.000000e+00 1.000000e-01
3.099120e+03 0.000000e+00 1.000000e+00 1.000000e-01
3.099130e+03 0.000000e+00 1.000000e+00 1.000000e-01
3.099140e+03 0.000000e+00 1.000000e+00 1.000000e-01
3.099150e+03 0.000000e+00 1.000000e+00 1.000000e-01
3.099160e+03 0.000000e+00 1.000000e+00 1.000000e-01
3.099170e+03 0.000000e+00 1.000000e+00 1.000000e-01
3.099180e+03 0.000000e+00 1.000000e+00 1.000000e-01
3.099190e+03 0.000000e+00 1.000000e+00 1.000000e-01
3.099200e+03 0.000000e+00 1.000000e+00 1.000000e-01
3.099210e+03 0.000000e+00 1.000000e+00 1.000000e-01
3.099220e+03 0.000000e+00 1.000000e+00 1.000000e-01
3.099230e+03 0.000000e+00 1.000000e+00 1.000000e-01
3.099240e+03 0.000000e+00 1.000000e+00 1.000000e-01
3.099250e+03 0.000000e+00 1.000000e+00 1.000000e-01
3.099260e+03 0.000000e+00 1.000000e+00 1.000000e-01
3.099270e+03 0.000000e+00 1.000000e+00 1.000000e-01
3.099280e+03 0.000000e+00 1.000000e+00 1.000000e-01
3.099290e+03 0.000000e+00 1.000000e+00 1.000000e-01
3.099300e+03 0.000000e+00 1.000000e+00 1.000000e-01
3.099310e+03 0.000000e+00 1.000000e+00 1.000000e-01
3.099320e+03 0.000000e+00 1.000000e+00 1.000000e-01
3.099330e+03 0.000000e+00 1.000000e+00 1.000000e-01
3.099340e+03 0.000000e+00 1.000000e+00 1.000000e-01
3.099350e+03 0.000000e+00 1.000000e+00 1.000000e-01
3.099360e+03 0.000000e+00 1.000000e+00 1.000000e-01
3.099370e+03 0.000000e+00 1.000000e+00 1.000000e-01
3.099380e+03 0.000000e+00 1.000000e+00 1.000000e-01
3.099390e+03 0.000000e+00 1.000000e+00 1.000000e-01
3.099400e+03 0.000000e+00 1.000000e+00 1.000000e-01
3.099410e+03 0.000000e+00 1.000000e+00 1.000000e-01
3.099420e+03 0.000000e+00 1.000000e+00 1.000000e-01
3.099430e+03 0.000000e+00 1.000000e+00 1.000000e-01
3.099440e+03 0.000000e+00 1.000000e+00 1.000000e-01
3.099450e+03 0.000000e+00 1.000000e+00 1.000000e-01
3.099460e+03 0.000000e+00 1.000000e+00 1.000000e-01
3.099470e+03 0.000000e+00 1.000000e+00 1.000000e-01
3.099480e+03 0.000000e+00 1.000000e+00 1.000000e-01
3.099490e+03 0.000000e+00 1.000000e+00 1.000000e-01
3.099500e+03 0.000000e+00 1.000000e+00 1.000000e-01
3.099510e+03 0.000000e+00 1.000000e+00 1.000000e-01
3.099520e+03 0.000000e+00 1.000000e+00 1.000000e-01
3.099530e+03 0.000000e+00 1.000000e+00 1.000000e-01
3.099540e+03 0.000000e+00 1.000000e+00 1.000000e-01
3.099550e+03 0.000000e+00 1.000000e+00 1.000000e-01
3.099560e+03 0.000000e+00 1.000000e+00 1.000000e-01
3.099570e+03 0.000000e+00 1.000000e+00 1.000000e-01
3.099580e+03 0.000000e+00 1.000000e+00 1.000000e-01
3.099590e+03 0.000000e+00 1.000000e+00 1.000000e-01
3.099600e+03 0.000000e+00 1.000000e+00 1.000000e-01
3.099610e+03 0.000000e+00 1.000000e+00 1.000000e-01
3.099620e+03 0.000000e+00 1.000000e+00 1.000000e-01
3.099630e+03 0.000000e+00 1.000000e+00 1.000000e-01
3.099640e+03 0.000000e+00 1.000000e+00 1.000000e-01
3.099650e+03 0.000000e+00 1.000000e+00 1.000000e-01
3.099660e+03 0.000000e+00 1.000000e+00 1.000000e-01
3.099670e+03 0.000000e+00 1.000000e+00 1.000000e-01
3.099680e+03 0.000000e+00 1.000000e+00 1.000000e-01
3.099690e+03 0.000000e+00 1.000000e+00 1.000000e-01
3.099700e+03 0.000000e+00 1.000000e+00 1.000000e-01
3.099710e+03 0.000000e+00 1.000000e+00 1.000000e-01
3.099720e+03 0.000000e+00 1.000000e+00 1.000000e-01
3.099730e+03 0.000000e+00 1.000000e+00 1.000000e-01
3.099740e+03 0.000000e+00 1.000000e+00 1.000000e-01
3.099750e+03 0.000000e+00 1.000000e+00 1.000000e-01
3.099760e+03 0.000000e+00 1.000000e+00 1.000000e-01
3.099770e+03 0.000000e+00 1.000000e+00 1.000000e-01
3.099780e+03 0.000000e+00 1.000000e+00 1.000000e-01
3.099790e+03 0.000000e+00 1.000000e+00 1.000000e-01
3.099800e+03 0.000000e+00 1.000000e+00 1.000000e-01
3.099810e+03 0.000000e+00 1.000000e+00 1.000000e-01
3.099820e+03 0.000000e+00 1.000000e+00 1.000000e-01
3.099830e+03 0.000000e+00 1.000000e+00 1.000000e-01
3.099840e+03 0.000000e+00 1.000000e+00 1.000000e-01
3.099850e+03 0.000000e+00 1.000000e+00 1.000000e-01
3.099860e+03 0.000000e+00 1.000000e+00 1.000000e-01
3.099870e+03 0.000000e+00 1.000000e+00 1.000000e-01
3.099880e+03 0.000000e+00 1.000000e+00 1.000000e-01
3.099890e+03 0.000000e+00 1.000000e+00 1.000000e-01
3.099900e+03 0.000000e+00 1.000000e+00 1.000000e-01
3.099910e+03 0.000000e+00 1.000000e+00 1.000000e-01
3.099920e+03 0.000000e+00 1.000000e+00 1.000000e-01
3.099930e+03 0.000000e+00 1.000000e+00 1.000000e-01
3.099940e+03 0.000000e+00 1.000000e+00 1.000000e-01
3.099950e+03 0.000000e+00 1.000000e+00 1.000000e-01
3.099960e+03 0.000000e+00 1.000000e+00 1.000000e-01
3.099970e+03 0.000000e+00 1.000000e+00 1.000000e-01
3.099980e+03 0.000000e+00 1.000000e+00 1.000000e-01
3.099990e+03 0.000000e+00 1.000000e+00 1.000000e-01
3.100000e+03 0.000000e+00 1.000000e+00 1.000000e-01
3.100010e+03 0.000000e+00 1.000000e+00 1.000000e-01
3.100020e+03 0.000000e+00 1.000000e+00 1.000000e-01
3.100030e+03 0.000000e+00 1.000000e+00 1.000000e-01
3.100040e+03 0.000000e+00 1.000000e+00 1.000000e-01
3.100050e+03 0.000000e+00 1.000000e+00 1.000000e-01
3.100060e+03 0.000000e+00 1.000000e+00 1.000000e-01
3.100070e+03 0.000000e+00 1.000000e+00 1.000000e-01
3.100080e+03 0.000000e+00 1.000000e+00 1.000000e-01
3.100090e+03 0.000000e+00 1.000000e+00 1.000000e-01
3.100100e+03 0.000000e+00 1.000000e+00 1.000000e-01
3.100110e+03 0.000000e+00 1.000000e+00 1.000000e-01
3.100120e+03 0.000000e+00 1.000000e+00 1.000000e-01
3.100130e+03 0.000000e+00 1.000000e+00 1.000000e-01
3.100140e+03 0.000000e+00 1.000000e+00 1.000000e-01
3.100150e+03 0.000000e+00 1.000000e+00 1.000000e-01
3.100160e+03 0.000000e+00 1.000000e+00 1.000000e-01
3.100170e+03 0.000000e+00 1.000000e+00 1.000000e-01
3.100180e+03 0.000000e+00 1.000000e+00 1.000000e-01
3.100190e+03 0.000000e+00 1.000000e+00 1.000000e-01
3.100200e+03 0.000000e+00 1.000000e+00 1.000000e-01
3.100210e+03 0.000000e+00 1.000000e+00 1.000000e-01
3.100220e+03 0.000000e+00 1.000000e+00 1.000000e-01
3.100230e+03 0.000000e+00 1.000000e+00 1.000000e-01
3.100240e+03 0.000000e+00 1.000000e+00 1.000000e-01
3.100250e+03 0.000000e+00 1.000000e+00 1.000000e-01
3.100260e+03 0.000000e+00 1.000000e+00 1.000000e-01
3.100270e+03 0.000000e+00 1.000000e+00 1.000000e-01
3.100280e+03 0.000000e+00 1.000000e+00 1.000000e-01
3.100290e+03 0.000000e+00 1.000000e+00 1.000000e-01
3.100300e+03 0.000000e+00 1.000000e+00 1.000000e-01
3.100310e+03 0.000000e+00 1.000000e+00 1.000000e-01
3.100320e+03 0.000000e+00 1.000000e+00 1.000000e-01
3.100330e+03 0.000000e+00 1.000000e+00 1.000000e-01
3.100340e+03 0.000000e+00 1.000000e+00 1.000000e-01
3.100350e+03 0.000000e+00 1.000000e+00 1.000000e-01
3.100360e+03 0.000000e+00 1.000000e+00 1.000000e-01
3.100370e+03 0.000000e+00 1.000000e+00 1.000000e-01
3.100380e+03 0.000000e+00 1.000000e+00 1.000000e-01
3.100390e+03 0.000000e+00 1.000000e+00 1.000000e-01
3.100400e+03 0.000000e+00 1.000000e+00 1.000000e-01
3.100410e+03 0.000000e+00 1.000000e+00 1.000000e-01
3.100420e+03 0.000000e+00 1.000000e+00 1.000000e-01
3.100430e+03 0.000000e+00 1.000000e+00 1.000000e-01
3.100440e+03 0.000000e+00 1.000000e+00 1.000000e-01
3.100450e+03 0.000000e+00 1.000000e+00 1.000000e-01
3.100460e+03 0.000000e+00 1.000000e+00 1.000000e-01
3.100470e+03 0.000000e+00 1.000000e+00 1.000000e-01
3.100480e+03 0.000000e+00 1.000000e+00 1.000000e-01
3.100490e+03 0.000000e+00 1.000000e+00 1.000000e-01
3.100500e+03 0.000000e+00 1.000000e+00 1.000000e-01
3.100510e+03 0.000000e+00 1.000000e+00 1.000000e-01
3.100520e+03 0.000000e+00 1.000000e+00 1.000000e-01
3.100530e+03 0.000000e+00 1.000000e+00 1.000000e-01
3.100540e+03 0.000000e+00 1.000000e+00 1.000000e-01
3.100550e+03 0.000000e+00 1.000000e+00 1.000000e-01
3.100560e+03 0.000000e+00 1.000000e+00 1.000000e-01
3.100570e+03 0.000000e+00 1.000000e+00 1.000000e-01
3.100580e+03 0.000000e+00 1.000000e+00 1.000000e-01
3.100590e+03 0.000000e+00 1.000000e+00 1.000000e-01
3.100600e+03 0.000000e+00 1.000000e+00 1.000000e-01
3.100610e+03 0.000000e+00 1.000000e+00 1.000000e-01
3.100620e+03 0.000000e+00 1.000000e+00 1.000000e-01
3.100630e+03 0.000000e+00 1.000000e+00 1.000000e-01
3.100640e+03 0.000000e+00 1.000000e+00 1.000000e-01
3.100650e+03 0.000000e+00 1.000000e+00 1.000000e-01
3.100660e+03 0.000000e+00 1.000000e+00 1.000000e-01
3.100670e+03 0.000000e+00 1.000000e+00 1.000000e-01
3.100680e+03 0.000000e+00 1.000000e+00 1.000000e-01
3.100690e+03 0.000000e+00 1.000000e+00 1.000000e-01
3.100700e+03 0.000000e+00 1.000000e+00 1.000000e-01
3.100710e+03 0.000000e+00 1.000000e+00 1.000000e-01
3.100720e+03 0.000000e+00 1.000000e+00 1.000000e-01
3.100730e+03 0.000000e+00 1.000000e+00 1.000000e-01
3.100740e+03 0.000000e+00 1.000000e+00 1.000000e-01
3.100750e+03 0.000000e+00 1.000000e+00 1.000000e-01
3.100760e+03 0.000000e+00 1.000000e+00 1.000000e-01
3.100770e+03 0.000000e+00 1.000000e+00 1.000000e-01
3.100780e+03 0.000000e+00 1.000000e+00 1.000000e-01
3.100790e+03 0.000000e+00 1.000000e+00 1.000000e-01
3.100800e+03 0.000000e+00 1.000000e+00 1.000000e-01
3.100810e+03 0.000000e+00 1.000000e+00 1.000000e-01
3.100820e+03 0.000000e+00 1.000000e+00 1.000000e-01
3.100830e+03 0.000000e+00 1.000000e+00 1.000000e-01
3.100840e+03 0.000000e+00 1.000000e+00 1.000000e-01
3.100850e+03 0.000000e+00 1.000000e+00 1.000000e-01
3.100860e+03 0.000000e+00 1.000000e+00 1.000000e-01
3.100870e+03 0.000000e+00 1.000000e+00 1.000000e-01
3.100880e+03 0.000000e+00 1.000000e+00 1.000000e-01
3.100890e+03 0.000000e+00 1.000000e+00 1.000000e-01
3.100900e+03 0.000000e+00 1.000000e+00 1.000000e-01
3.100910e+03 0.000000e+00 1.000000e+00 1.000000e-01
3.100920e+03 0.000000e+00 1.000000e+00 1.000000e-01
3.100930e+03 0.000000e+00 1.000000e+00 1.000000e-01
3.100940e+03 0.000000e+00 1.000000e+00 1.000000e-01
3.100950e+03 0.000000e+00 1.000000e+00 1.000000e-01
3.100960e+03 0.000000e+00 1.000000e+00 1.000000e-01
3.100970e+03 0.000000e+00 1.000000e+00 1.000000e-01
3.100980e+03 0.000000e+00 1.000000e+00 1.000000e-01
3.100990e+03 0.000000e+00 1.000000e+00 1.000000e-01
3.101000e+03 0.000000e+00 1.000000e+00 1.000000e-01
3.101010e+03 0.000000e+00 1.000000e+00 1.000000e-01
3.101020e+03 0.000000e+00 1.000000e+00 1.000000e-01
3.101030e+03 0.000000e+00 1.000000e+00 1.000000e-01
3.101040e+03 0.000000e+00 1.000000e+00 1.000000e-01
3.101050e+03 0.000000e+00 1.000000e+00 1.000000e-01
3.101060e+03 0.000000e+00 1.000000e+00 1.000000e-01
3.101070e+03 0.000000e+00 1.000000e+00 1.000000e-01
3.101080e+03 0.000000e+00 1.000000e+00 1.000000e-01
3.101090e+03 0.000000e+00 1.000000e+00 1.000000e-01
3.101100e+03 0.000000e+00 1.000000e+00 1.000000e-01
3.101110e+03 0.000000e+00 1.000000e+00 1.000000e-01
3.101120e+03 0.000000e+00 1.000000e+00 1.000000e-01
3.101130e+03 0.000000e+00 1.000000e+00 1.000000e-01
3.101140e+03 0.000000e+00 1.000000e+00 1.000000e-01
3.101150e+03 0.000000e+00 1.000000e+00 1.000000e-01
3.101160e+03 0.000000e+00 1.000000e+00 1.000000e-01
3.101170e+03 0.000000e+00 1.000000e+00 1.000000e-01
3.101180e+03 0.000000e+00 1.000000e+00 1.000000e-01
3.101190e+03 0.000000e+00 1.000000e+00 1.000000e-01
3.101200e+03 0.000000e+00 1.000000e+00 1.000000e-01
3.101210e+03 0.000000e+00 1.000000e+00 1.000000e-01
3.101220e+03 0.000000e+00 1.000000e+00 1.000000e-01
3.101230e+03 0.000000e+00 1.000000e+00 1.000000e-01
3.101240e+03 0.000000e+00 1.000000e+00 1.000000e-01
3.101250e+03 0.000000e+00 1.000000e+00 1.000000e-01
3.101260e+03 0.000000e+00 1.000000e+00 1.000000e-01
3.101270e+03 0.000000e+00 1.000000e+00 1.000000e-01
3.101280e+03 0.000000e+00 1.000000e+00 1.000000e-01
3.101290e+03 0.000000e+00 1.000000e+00 1.000000e-01
3.101300e+03 0.000000e+00 1.000000e+00 1.000000e-01
3.101310e+03 0.000000e+00 1.000000e+00 1.000000e-01
3.101320e+03 0.000000e+00 1.000000e+00 1.000000e-01
3.101330e+03 0.000000e+00 1.000000e+00 1.000000e-01
3.101340e+03 0.000000e+00 1.000000e+00 1.000000e-01
3.101350e+03 0.000000e+00 1.000000e+00 1.000000e-01
3.101360e+03 0.000000e+00 1.000000e+00 1.000000e-01
3.101370e+03 0.000000e+00 1.000000e+00 1.000000e-01
3.101380e+03 0.000000e+00 1.000000e+00 1.000000e-01
3.101390e+03 0.000000e+00 1.000000e+00 1.000000e-01
3.101400e+03 0.000000e+00 1.000000e+00 1.000000e-01
3.101410e+03 0.000000e+00 1.000000e+00 1.000000e-01
3.101420e+03 0.000000e+00 1.000000e+00 1.000000e-01
3.101430e+03 0.000000e+00 1.000000e+00 1.000000e-01
3.101440e+03 0.000000e+00 1.000000e+00 1.000000e-01
3.101450e+03 0.000000e+00 1.000000e+00 1.000000e-01
3.101460e+03 0.000000e+00 1.000000e+00 1.000000e-01
3.101470e+03 0.000000e+00 1.000000e+00 1.000000e-01
3.101480e+03 0.000000e+00 1.000000e+00 1.000000e-01
3.101490e+03 0.000000e+00 1.000000e+00 1.000000e-01
3.101500e+03 0.000000e+00 1.000000e+00 1.000000e-01
3.101510e+03 0.000000e+00 1.000000e+00 1.000000e-01
3.101520e+03 0.000000e+00 1.000000e+00 1.000000e-01
3.101530e+03 0.000000e+00 1.000000e+00 1.000000e-01
3.101540e+03 0.000000e+00 1.000000e+00 1.000000e-01
3.101550e+03 0.000000e+00 1.000000e+00 1.000000e-01
3.101560e+03 0.000000e+00 1.000000e+00 1.000000e-01
3.101570e+03 0.000000e+00 1.000000e+00 1.000000e-01
3.101580e+03 0.000000e+00 1.000000e+00 1.000000e-01
3.101590e+03 0.000000e+00 1.000000e+00 1.000000e-01
3.101600e+03 0.000000e+00 1.000000e+00 1.000000e-01
3.101610e+03 0.000000e+00 1.000000e+00 1.000000e-01
3.101620e+03 0.000000e+00 1.000000e+00 1.000000e-01
3.101630e+03 0.000000e+00 1.000000e+00 1.000000e-01
3.101640e+03 0.000000e+00 1.000000e+00 1.000000e-01
3.101650e+03 0.000000e+00 1.000000e+00 1.000000e-01
3.101660e+03 0.000000e+00 1.000000e+00 1.000000e-01
3.101670e+03 0.000000e+00 1.000000e+00 1.000000e-01
3.101680e+03 0.000000e+00 1.000000e+00 1.000000e-01
3.101690e+03 0.000000e+00 1.000000e+00 1.000000e-01
3.101700e+03 0.000000e+00 1.000000e+00 1.000000e-01
3.101710e+03 0.000000e+00 1.000000e+00 1.000000e-01
3.101720e+03 0.000000e+00 1.000000e+00 1.000000e-01
3.101730e+03 0.000000e+00 1.000000e+00 1.000000e-01
3.101740e+03 0.000000e+00 1.000000e+00 1.000000e-01
3.101750e+03 0.000000e+00 1.000000e+00 1.000000e-01
3.101760e+03 0.000000e+00 1.000000e+00 1.000000e-01
3.101770e+03 0.000000e+00 1.000000e+00 1.000000e-01
3.101780e+03 0.000000e+00 1.000000e+00 1.000000e-01
3.101790e+03 0.000000e+00 1.000000e+00 1.000000e-01
3.101800e+03 0.000000e+00 1.000000e+00 1.000000e-01
3.101810e+03 0.000000e+00 1.000000e+00 1.000000e-01
3.101820e+03 0.000000e+00 1.000000e+00 1.000000e-01
3.101830e+03 0.000000e+00 1.000000e+00 1.000000e-01
3.101840e+03 0.000000e+00 1.000000e+00 1.000000e-01
3.101850e+03 0.000000e+00 1.000000e+00 1.000000e-01
3.101860e+03 0.000000e+00 1.000000e+00 1.000000e-01
3.101870e+03 0.000000e+00 1.000000e+00 1.000000e-01
3.101880e+03 0.000000e+00 1.000000e+00 1.000000e-01
3.101890e+03 0.000000e+00 1.000000e+00 1.000000e-01
3.101900e+03 0.000000e+00 1.000000e+00 1.000000e-01
3.101910e+03 0.000000e+00 1.000000e+00 1.000000e-01
3.101920e+03 0.000000e+00 1.000000e+00 1.000000e-01
3.101930e+03 0.000000e+00 1.000000e+00 1.000000e-01
3.101940e+03 0.000000e+00 1.000000e+00 1.000000e-01
3.101950e+03 0.000000e+00 1.000000e+00 1.000000e-01
3.101960e+03 0.000000e+00 1.000000e+00 1.000000e-01
3.101970e+03 0.000000e+00 1.000000e+00 1.000000e-01
3.101980e+03 0.000000e+00 1.000000e+00 1.000000e-01
3.101990e+03 0.000000e+00 1.000000e+00 1.000000e-01
3.102000e+03 0.000000e+00 1.000000e+00 1.000000e-01
3.102010e+03 0.000000e+00 1.000000e+00 1.000000e-01
3.102020e+03 0.000000e+00 1.000000e+00 1.000000e-01
3.102030e+03 0.000000e+00 1.000000e+00 1.000000e-01
3.102040e+03 0.000000e+00 1.000000e+00 1.000000e-01
3.102050e+03 0.000000e+00 1.000000e+00 1.000000e-01
3.102060e+03 0.000000e+00 1.000000e+00 1.000000e-01
3.102070e+03 0.000000e+00 1.000000e+00 1.000000e-01
3.102080e+03 0.000000e+00 1.000000e+00 1.000000e-01
3.102090e+03 0.000000e+00 1.000000e+00 1.000000e-01
3.102100e+03 0.000000e+00 1.000000e+00 1.000000e-01
3.102110e+03 0.000000e+00 1.000000e+00 1.000000e-01
3.102120e+03 0.000000e+00 1.000000e+00 1.000000e-01
3.102130e+03 0.000000e+00 1.000000e+00 1.000000e-01
3.102140e+03 0.000000e+00 1.000000e+00 1.000000e-01
3.102150e+03 0.000000e+00 1.000000e+00 1.000000e-01
3.102160e+03 0.000000e+00 1.000000e+00 1.000000e-01
3.102170e+03 0.000000e+00 1.000000e+00 1.000000e-01
3.102180e+03 0.000000e+00 1.000000e+00 1.000000e-01
3.102190e+03 0.000000e+00 1.000000e+00 1.000000e-01
3.102200e+03 0.000000e+00 1.000000e+00 1.000000e-01
3.102210e+03 0.000000e+00 1.000000e+00 1.000000e-01
3.102220e+03 0.000000e+00 1.000000e+00 1.000000e-01
3.102230e+03 0.000000e+00 1.000000e+00 1.000000e-01
3.102240e+03 0.000000e+00 1.000000e+00 1.000000e-01
3.102250e+03 0.000000e+00 1.000000e+00 1.000000e-01
3.102260e+03 0.000000e+00 1.000000e+00 1.000000e-01
3.102270e+03 0.000000e+00 1.000000e+00 1.000000e-01
3.102280e+03 0.000000e+00 1.000000e+00 1.000000e-01
3.102290e+03 0.000000e+00 1.000000e+00 1.000000e-01
3.102300e+03 0.000000e+00 1.000000e+00 1.000000e-01
3.102310e+03 0.000000e+00 1.000000e+00 1.000000e-01
3.102320e+03 0.000000e+00 1.000000e+00 1.000000e-01
3.102330e+03 0.000000e+00 1.000000e+00 1.000000e-01
3.102340e+03 0.000000e+00 1.000000e+00 1.000000e-01
3.102350e+03 0.000000e+00 1.000000e+00 1.000000e-01
3.102360e+03 0.000000e+00 1.000000e+00 1.000000e-01
3.102370e+03 0.000000e+00 1.000000e+00 1.000000e-01
3.102380e+03 0.000000e+00 1.000000e+00 1.000000e-01
3.102390e+03 0.000000e+00 1.000000e+00 1.000000e-01
3.102400e+03 0.000000e+00 1.000000e+00 1.000000e-01
3.102410e+03 0.000000e+00 1.000000e+00 1.000000e-01
3.102420e+03 0.000000e+00 1.000000e+00 1.000000e-01
3.102430e+03 0.000000e+00 1.000000e+00 1.000000e-01
3.102440e+03 0.000000e+00 1.000000e+00 1.000000e-01
3.102450e+03 0.000000e+00 1.000000e+00 1.000000e-01
3.102460e+03 0.000000e+00 1.000000e+00 1.000000e-01
3.102470e+03 0.000000e+00 1.000000e+00 1.000000e-01
3.102480e+03 0.000000e+00 1.000000e+00 1.000000e-01
3.102490e+03 0.000000e+00 1.000000e+00 1.000000e-01
3.102500e+03 0.000000e+00 1.000000e+00 1.000000e-01
3.102510e+03 0.000000e+00 1.000000e+00 1.000000e-01
3.102520e+03 0.000000e+00 1.000000e+00 1.000000e-01
3.102530e+03 0.000000e+00 1.000000e+00 1.000000e-01
3.102540e+03 0.000000e+00 1.000000e+00 1.000000e-01
3.102550e+03 0.000000e+00 1.000000e+00 1.000000e-01
3.102560e+03 0.000000e+00 1.000000e+00 1.000000e-01
3.102570e+03 0.000000e+00 1.000000e+00 1.000000e-01
3.102580e+03 0.000000e+00 1.000000e+00 1.000000e-01
3.102590e+03 0.000000e+00 1.000000e+00 1.000000e-01
3.102600e+03 0.000000e+00 1.000000e+00 1.000000e-01
3.102610e+03 0.000000e+00 1.000000e+00 1.000000e-01
3.102620e+03 0.000000e+00 1.000000e+00 1.000000e-01
3.102630e+03 0.000000e+00 1.000000e+00 1.000000e-01
3.102640e+03 0.000000e+00 1.000000e+00 1.000000e-01
3.102650e+03 0.000000e+00 1.000000e+00 1.000000e-01
3.102660e+03 0.000000e+00 1.000000e+00 1.000000e-01
3.102670e+03 0.000000e+00 1.000000e+00 1.000000e-01
3.102680e+03 0.000000e+00 1.000000e+00 1.000000e-01
3.102690e+03 0.000000e+00 1.000000e+00 1.000000e-01
3.102700e+03 0.000000e+00 1.000000e+00 1.000000e-01
3.102710e+03 0.000000e+00 1.000000e+00 1.000000e-01
3.102720e+03 0.000000e+00 1.000000e+00 1.000000e-01
3.102730e+03 0.000000e+00 1.000000e+00 1.000000e-01
3.102740e+03 0.000000e+00 1.000000e+00 1.000000e-01
3.102750e+03 0.000000e+00 1.000000e+00 1.000000e-01
3.102760e+03 0.000000e+00 1.000000e+00 1.000000e-01
3.102770e+03 0.000000e+00 1.000000e+00 1.000000e-01
3.102780e+03 0.000000e+00 1.000000e+00 1.000000e-01
3.102790e+03 0.000000e+00 1.000000e+00 1.000000e-01
3.102800e+03 0.000000e+00 1.000000e+00 1.000000e-01
3.102810e+03 0.000000e+00 1.000000e+00 1.000000e-01
3.102820e+03 0.000000e+00 1.000000e+00 1.000000e-01
3.102830e+03 0.000000e+00 1.000000e+00 1.000000e-01
3.102840e+03 0.000000e+00 1.000000e+00 1.000000e-01
3.102850e+03 0.000000e+00 1.000000e+00 1.000000e-01
3.102860e+03 0.000000e+00 1.000000e+00 1.000000e-01
3.102870e+03 0.000000e+00 1.000000e+00 1.000000e-01
3.102880e+03 0.000000e+00 1.000000e+00 1.000000e-01
3.102890e+03 0.000000e+00 1.000000e+00 1.000000e-01
3.102900e+03 0.000000e+00 1.000000e+00 1.000000e-01
3.102910e+03 0.000000e+00 1.000000e+00 1.000000e-01
3.102920e+03 0.000000e+00 1.000000e+00 1.000000e-01
3.102930e+03 0.000000e+00 1.000000e+00 1.000000e-01
3.102940e+03 0.000000e+00 1.000000e+00 1.000000e-01
3.102950e+03 0.000000e+00 1.000000e+00 1.000000e-01
3.102960e+03 0.000000e+00 1.000000e+00 1.000000e-01
3.102970e+03 0.000000e+00 1.000000e+00 1.000000e-01
3.102980e+03 0.000000e+00 1.000000e+00 1.000000e-01
3.102990e+03 0.000000e+00 1.000000e+00 1.000000e-01
3.103000e+03 0.000000e+00 1.000000e+00 1.000000e-01
3.103010e+03 0.000000e+00 1.000000e+00 1.000000e-01
3.103020e+03 0.000000e+00 1.000000e+00 1.000000e-01
3.103030e+03 0.000000e+00 1.000000e+00 1.000000e-01
3.103040e+03 0.000000e+00 1.000000e+00 1.000000e-01
3.103050e+03 0.000000e+00 1.000000e+00 1.000000e-01
3.103060e+03 0.000000e+00 1.000000e+00 1.000000e-01
3.103070e+03 0.000000e+00 1.000000e+00 1.000000e-01
3.103080e+03 0.000000e+00 1.000000e+00 1.000000e-01
3.103090e+03 0.000000e+00 1.000000e+00 1.000000e-01
3.103100e+03 0.000000e+00 1.000000e+00 1.000000e-01
3.103110e+03 0.000000e+00 1.000000e+00 1.000000e-01
3.103120e+03 0.000000e+00 1.000000e+00 1.000000e-01
3.103130e+03 0.000000e+00 1.000000e+00 1.000000e-01
3.103140e+03 0.000000e+00 1.000000e+00 1.000000e-01
3.103150e+03 0.000000e+00 1.000000e+00 1.000000e-01
3.103160e+03 0.000000e+00 1.000000e+00 1.000000e-01
3.103170e+03 0.000000e+00 1.000000e+00 1.000000e-01
3.103180e+03 0.000000e+00 1.000000e+00 1.000000e-01
3.103190e+03 0.000000e+00 1.000000e+00 1.000000e-01
3.103200e+03 0.000000e+00 1.000000e+00 1.000000e-01
3.103210e+03 0.000000e+00 1.000000e+00 1.000000e-01
3.103220e+03 0.000000e+00 1.000000e+00 1.000000e-01
3.103230e+03 0.000000e+00 1.000000e+00 1.000000e-01
3.103240e+03 0.000000e+00 1.000000e+00 1.000000e-01
3.103250e+03 0.000000e+00 1.000000e+00 1.000000e-01
3.103260e+03 0.000000e+00 1.000000e+00 1.000000e-01
3.103270e+03 0.000000e+00 1.000000e+00 1.000000e-01
3.103280e+03 0.000000e+00 1.000000e+00 1.000000e-01
3.103290e+03 0.000000e+00 1.000000e+00 1.000000e-01
3.103300e+03 0.000000e+00 1.000000e+00 1.000000e-01
3.103310e+03 0.000000e+00 1.000000e+00 1.000000e-01
3.103320e+03 0.000000e+00 1.000000e+00 1.000000e-01
3.103330e+03 0.000000e+00 1.000000e+00 1.000000e-01
3.103340e+03 0.000000e+00 1.000000e+00 1.000000e-01
3.103350e+03 0.000000e+00 1.000000e+00 1.000000e-01
3.103360e+03 0.000000e+00 1.000000e+00 1.000000e-01
3.103370e+03 0.000000e+00 1.000000e+00 1.000000e-01
3.103380e+03 0.000000e+00 1.000000e+00 1.000000e-01
3.103390e+03 0.000000e+00 1.000000e+00 1.000000e-01
3.103400e+03 0.000000e+00 1.000000e+00 1.000000e-01
3.103410e+03 0.000000e+00 1.000000e+00 1.000000e-01
3.103420e+03 0.000000e+00 1.000000e+00 1.000000e-01
3.103430e+03 0.000000e+00 1.000000e+00 1.000000e-01
3.103440e+03 0.000000e+00 1.000000e+00 1.000000e-01
3.103450e+03 0.000000e+00 1.000000e+00 1.000000e-01
3.103460e+03 0.000000e+00 1.000000e+00 1.000000e-01
3.103470e+03 0.000000e+00 1.000000e+00 1.000000e-01
3.103480e+03 0.000000e+00 1.000000e+00 1.000000e-01
3.103490e+03 0.000000e+00 1.000000e+00 1.000000e-01
3.103500e+03 0.000000e+00 1.000000e+00 1.000000e-01
3.103510e+03 0.000000e+00 1.000000e+00 1.000000e-01
3.103520e+03 0.000000e+00 1.000000e+00 1.000000e-01
3.103530e+03 0.000000e+00 1.000000e+00 1.000000e-01
3.103540e+03 0.000000e+00 1.000000e+00 1.000000e-01
3.103550e+03 0.000000e+00 1.000000e+00 1.000000e-01
3.103560e+03 0.000000e+00 1.000000e+00 1.000000e-01
3.103570e+03 0.000000e+00 1.000000e+00 1.000000e-01
3.103580e+03 0.000000e+00 1.000000e+00 1.000000e-01
3.103590e+03 0.000000e+00 1.000000e+00 1.000000e-01
3.103600e+03 0.000000e+00 1.000000e+00 1.000000e-01
3.103610e+03 0.000000e+00 1.000000e+00 1.000000e-01
3.103620e+03 0.000000e+00 1.000000e+00 1.000000e-01
3.103630e+03 0.000000e+00 1.000000e+00 1.000000e-01
3.103640e+03 0.000000e+00 1.000000e+00 1.000000e-01
3.103650e+03 0.000000e+00 1.000000e+00 1.000000e-01
3.103660e+03 0.000000e+00 1.000000e+00 1.000000e-01
3.103670e+03 0.000000e+00 1.000000e+00 1.000000e-01
3.103680e+03 0.000000e+00 1.000000e+00 1.000000e-01
3.103690e+03 0.000000e+00 1.000000e+00 1.000000e-01
3.103700e+03 0.000000e+00 1.000000e+00 1.000000e-01
3.103710e+03 0.000000e+00 1.000000e+00 1.000000e-01
3.103720e+03 0.000000e+00 1.000000e+00 1.000000e-01
3.103730e+03 0.000000e+00 1.000000e+00 1.000000e-01
3.103740e+03 0.000000e+00 1.000000e+00 1.000000e-01
3.103750e+03 0.000000e+00 1.000000e+00 1.000000e-01
3.103760e+03 0.000000e+00 1.000000e+00 1.000000e-01
3.103770e+03 0.000000e+00 1.000000e+00 1.000000e-01
3.103780e+03 0.000000e+00 1.000000e+00 1.000000e-01
3.103790e+03 0.000000e+00 1.000000e+00 1.000000e-01
3.103800e+03 0.000000e+00 1.000000e+00 1.000000e-01
3.103810e+03 0.000000e+00 1.000000e+00 1.000000e-01
3.103820e+03 0.000000e+00 1.000000e+00 1.000000e-01
3.103830e+03 0.000000e+00 1.000000e+00 1.000000e-01
3.103840e+03 0.000000e+00 1.000000e+00 1.000000e-01
3.103850e+03 0.000000e+00 1.000000e+00 1.000000e-01
3.103860e+03 0.000000e+00 1.000000e+00 1.000000e-01
3.103870e+03 0.000000e+00 1.000000e+00 1.000000e-01
3.103880e+03 0.000000e+00 1.000000e+00 1.000000e-01
3.103890e+03 0.000000e+00 1.000000e+00 1.000000e-01
3.103900e+03 0.000000e+00 1.000000e+00 1.000000e-01
3.103910e+03 0.000000e+00 1.000000e+00 1.000000e-01
3.103920e+03 0.000000e+00 1.000000e+00 1.000000e-01
3.103930e+03 0.000000e+00 1.000000e+00 1.000000e-01
3.103940e+03 0.000000e+00 1.000000e+00 1.000000e-01
3.103950e+03 0.000000e+00 1.000000e+00 1.000000e-01
3.103960e+03 0.000000e+00 1.000000e+00 1.000000e-01
3.103970e+03 0.000000e+00 1.000000e+00 1.000000e-01
3.103980e+03 0.000000e+00 1.000000e+00 1.000000e-01
3.103990e+03 0.000000e+00 1.000000e+00 1.000000e-01
3.104000e+03 0.000000e+00 1.000000e+00 1.000000e-01
3.104010e+03 0.000000e+00 1.000000e+00 1.000000e-01
3.104020e+03 0.000000e+00 1.000000e+00 1.000000e-01
3.104030e+03 0.000000e+00 1.000000e+00 1.000000e-01
3.104040e+03 0.000000e+00 1.000000e+00 1.000000e-01
3.104050e+03 0.000000e+00 1.000000e+00 1.000000e-01
3.104060e+03 0.000000e+00 1.000000e+00 1.000000e-01
3.104070e+03 0.000000e+00 1.000000e+00 1.000000e-01
3.104080e+03 0.000000e+00 1.000000e+00 1.000000e-01
3.104090e+03 0.000000e+00 1.000000e+00 1.000000e-01
3.104100e+03 0.000000e+00 1.000000e+00 1.000000e-01
3.104110e+03 0.000000e+00 1.000000e+00 1.000000e-01
3.104120e+03 0.000000e+00 1.000000e+00 1.000000e-01
3.104130e+03 0.000000e+00 1.000000e+00 1.000000e-01
3.104140e+03 0.000000e+00 1.000000e+00 1.000000e-01
3.104150e+03 0.000000e+00 1.000000e+00 1.000000e-01
3.104160e+03 0.000000e+00 1.000000e+00 1.000000e-01
3.104170e+03 0.000000e+00 1.000000e+00 1.000000e-01
3.104180e+03 0.000000e+00 1.000000e+00 1.000000e-01
3.104190e+03 0.000000e+00 1.000000e+00 1.000000e-01
3.104200e+03 0.000000e+00 1.000000e+00 1.000000e-01
3.104210e+03 0.000000e+00 1.000000e+00 1.000000e-01
3.104220e+03 0.000000e+00 1.000000e+00 1.000000e-01
3.104230e+03 0.000000e+00 1.000000e+00 1.000000e-01
3.104240e+03 0.000000e+00 1.000000e+00 1.000000e-01
3.104250e+03 0.000000e+00 1.000000e+00 1.000000e-01
3.104260e+03 0.000000e+00 1.000000e+00 1.000000e-01
3.104270e+03 0.000000e+00 1.000000e+00 1.000000e-01
3.104280e+03 0.000000e+00 1.000000e+00 1.000000e-01
3.104290e+03 0.000000e+00 1.000000e+00 1.000000e-01
3.104300e+03 0.000000e+00 1.000000e+00 1.000000e-01
3.104310e+03 0.000000e+00 1.000000e+00 1.000000e-01
3.104320e+03 0.000000e+00 1.000000e+00 1.000000e-01
3.104330e+03 0.000000e+00 1.000000e+00 1.000000e-01
3.104340e+03 0.000000e+00 1.000000e+00 1.000000e-01
3.104350e+03 0.000000e+00 1.000000e+00 1.000000e-01
3.104360e+03 0.000000e+00 1.000000e+00 1.000000e-01
3.104370e+03 0.000000e+00 1.000000e+00 1.000000e-01
3.104380e+03 0.000000e+00 1.000000e+00 1.000000e-01
3.104390e+03 0.000000e+00 1.000000e+00 1.000000e-01
3.104400e+03 0.000000e+00 1.000000e+00 1.000000e-01
3.104410e+03 0.000000e+00 1.000000e+00 1.000000e-01
3.104420e+03 0.000000e+00 1.000000e+00 1.000000e-01
3.104430e+03 0.000000e+00 1.000000e+00 1.000000e-01
3.104440e+03 0.000000e+00 1.000000e+00 1.000000e-01
3.104450e+03 0.000000e+00 1.000000e+00 1.000000e-01
3.104460e+03 0.000000e+00 1.000000e+00 1.000000e-01
3.104470e+03 0.000000e+00 1.000000e+00 1.000000e-01
3.104480e+03 0.000000e+00 1.000000e+00 1.000000e-01
3.104490e+03 0.000000e+00 1.000000e+00 1.000000e-01
3.104500e+03 0.000000e+00 1.000000e+00 1.000000e-01
3.104510e+03 0.000000e+00 1.000000e+00 1.000000e-01
3.104520e+03 0.000000e+00 1.000000e+00 1.000000e-01
3.104530e+03 0.000000e+00 1.000000e+00 1.000000e-01
3.104540e+03 0.000000e+00 1.000000e+00 1.000000e-01
3.104550e+03 0.000000e+00 1.000000e+00 1.000000e-01
3.104560e+03 0.000000e+00 1.000000e+00 1.000000e-01
3.104570e+03 0.000000e+00 1.000000e+00 1.000000e-01
3.104580e+03 0.000000e+00 1.000000e+00 1.000000e-01
3.104590e+03 0.000000e+00 1.000000e+00 1.000000e-01
3.104600e+03 0.000000e+00 1.000000e+00 1.000000e-01
3.104610e+03 0.000000e+00 1.000000e+00 1.000000e-01
3.104620e+03 0.000000e+00 1.000000e+00 1.000000e-01
3.104630e+03 0.000000e+00 1.000000e+00 1.000000e-01
3.104640e+03 0.000000e+00 1.000000e+00 1.000000e-01
3.104650e+03 0.000000e+00 1.000000e+00 1.000000e-01
3.104660e+03 0.000000e+00 1.000000e+00 1.000000e-01
3.104670e+03 0.000000e+00 1.000000e+00 1.000000e-01
3.104680e+03 0.000000e+00 1.000000e+00 1.000000e-01
3.104690e+03 0.000000e+00 1.000000e+00 1.000000e-01
3.104700e+03 0.000000e+00 1.000000e+00 1.000000e-01
3.104710e+03 0.000000e+00 1.000000e+00 1.000000e-01
3.104720e+03 0.000000e+00 1.000000e+00 1.000000e-01
3.104730e+03 0.000000e+00 1.000000e+00 1.000000e-01
3.104740e+03 0.000000e+00 1.000000e+00 1.000000e-01
3.104750e+03 0.000000e+00 1.000000e+00 1.000000e-01
3.104760e+03 0.000000e+00 1.000000e+00 1.000000e-01
3.104770e+03 0.000000e+00 1.000000e+00 1.000000e-01
3.104780e+03 0.000000e+00 1.000000e+00 1.000000e-01
3.104790e+03 0.000000e+00 1.000000e+00 1.000000e-01
3.104800e+03 0.000000e+00 1.000000e+00 1.000000e-01
3.104810e+03 0.000000e+00 1.000000e+00 1.000000e-01
3.104820e+03 0.000000e+00 1.000000e+00 1.000000e-01
3.104830e+03 0.000000e+00 1.000000e+00 1.000000e-01
3.104840e+03 0.000000e+00 1.000000e+00 1.000000e-01
3.104850e+03 0.000000e+00 1.000000e+00 1.000000e-01
3.104860e+03 0.000000e+00 1.000000e+00 1.000000e-01
3.104870e+03 0.000000e+00 1.000000e+00 1.000000e-01
3.104880e+03 0.000000e+00 1.000000e+00 1.000000e-01
3.104890e+03 0.000000e+00 1.000000e+00 1.000000e-01
3.104900e+03 0.000000e+00 1.000000e+00 1.000000e-01
3.104910e+03 0.000000e+00 1.000000e+00 1.000000e-01
3.104920e+03 0.000000e+00 1.000000e+00 1.000000e-01
3.104930e+03 0.000000e+00 1.000000e+00 1.000000e-01
3.104940e+03 0.000000e+00 1.000000e+00 1.000000e-01
3.104950e+03 0.000000e+00 1.000000e+00 1.000000e-01
3.104960e+03 0.000000e+00 1.000000e+00 1.000000e-01
3.104970e+03 0.000000e+00 1.000000e+00 1.000000e-01
3.104980e+03 0.000000e+00 1.000000e+00 1.000000e-01
3.104990e+03 0.000000e+00 1.000000e+00 1.000000e-01
3.105000e+03 0.000000e+00 1.000000e+00 1.000000e-01
3.105010e+03 0.000000e+00 1.000000e+00 1.000000e-01
3.105020e+03 0.000000e+00 1.000000e+00 1.000000e-01
3.105030e+03 0.000000e+00 1.000000e+00 1.000000e-01
3.105040e+03 0.000000e+00 1.000000e+00 1.000000e-01
3.105050e+03 0.000000e+00 1.000000e+00 1.000000e-01
3.105060e+03 0.000000e+00 1.000000e+00 1.000000e-01
3.105070e+03 0.000000e+00 1.000000e+00 1.000000e-01
3.105080e+03 0.000000e+00 1.000000e+00 1.000000e-01
3.105090e+03 0.000000e+00 1.000000e+00 1.000000e-01
3.105100e+03 0.000000e+00 1.000000e+00 1.000000e-01
3.105110e+03 0.000000e+00 1.000000e+00 1.000000e-01
3.105120e+03 0.000000e+00 1.000000e+00 1.000000e-01
3.105130e+03 0.000000e+00 1.000000e+00 1.000000e-01
3.105140e+03 0.000000e+00 1.000000e+00 1.000000e-01
3.105150e+03 0.000000e+00 1.000000e+00 1.000000e-01
3.105160e+03 0.000000e+00 1.000000e+00 1.000000e-01
3.105170e+03 0.000000e+00 1.000000e+00 1.000000e-01
3.105180e+03 0.000000e+00 1.000000e+00 1.000000e-01
3.105190e+03 0.000000e+00 1.000000e+00 1.000000e-01
3.105200e+03 0.000000e+00 1.000000e+00 1.000000e-01
3.105210e+03 0.000000e+00 1.000000e+00 1.000000e-01
3.105220e+03 0.000000e+00 1.000000e+00 1.000000e-01
3.105230e+03 0.000000e+00 1.000000e+00 1.000000e-01
3.105240e+03 0.000000e+00 1.000000e+00 1.000000e-01
3.105250e+03 0.000000e+00 1.000000e+00 1.000000e-01
3.105260e+03 0.000000e+00 1.000000e+00 1.000000e-01
3.105270e+03 0.000000e+00 1.000000e+00 1.000000e-01
3.105280e+03 0.000000e+00 1.000000e+00 1.000000e-01
3.105290e+03 0.000000e+00 1.000000e+00 1.000000e-01
3.105300e+03 0.000000e+00 1.000000e+00 1.000000e-01
3.105310e+03 0.000000e+00 1.000000e+00 1.000000e-01
3.105320e+03 0.000000e+00 1.000000e+00 1.000000e-01
3.105330e+03 0.000000e+00 1.000000e+00 1.000000e-01
3.105340e+03 0.000000e+00 1.000000e+00 1.000000e-01
3.105350e+03 0.000000e+00 1.000000e+00 1.000000e-01
3.105360e+03 0.000000e+00 1.000000e+00 1.000000e-01
3.105370e+03 0.000000e+00 1.000000e+00 1.000000e-01
3.105380e+03 0.000000e+00 1.000000e+00 1.000000e-01
3.105390e+03 0.000000e+00 1.000000e+00 1.000000e-01
3.105400e+03 0.000000e+00 1.000000e+00 1.000000e-01
3.105410e+03 0.000000e+00 1.000000e+00 1.000000e-01
3.105420e+03 0.000000e+00 1.000000e+00 1.000000e-01
3.105430e+03 0.000000e+00 1.000000e+00 1.000000e-01
3.105440e+03 0.000000e+00 1.000000e+00 1.000000e-01
3.105450e+03 0.000000e+00 1.000000e+00 1.000000e-01
3.105460e+03 0.000000e+00 1.000000e+00 1.000000e-01
3.105470e+03 0.000000e+00 1.000000e+00 1.000000e-01
3.105480e+03 0.000000e+00 1.000000e+00 1.000000e-01
3.105490e+03 0.000000e+00 1.000000e+00 1.000000e-01
3.105500e+03 0.000000e+00 1.000000e+00 1.000000e-01
3.105510e+03 0.000000e+00 1.000000e+00 1.000000e-01
3.105520e+03 0.000000e+00 1.000000e+00 1.000000e-01
3.105530e+03 0.000000e+00 1.000000e+00 1.000000e-01
3.105540e+03 0.000000e+00 1.000000e+00 1.000000e-01
3.105550e+03 0.000000e+00 1.000000e+00 1.000000e-01
3.105560e+03 0.000000e+00 1.000000e+00 1.000000e-01
3.105570e+03 0.000000e+00 1.000000e+00 1.000000e-01
3.105580e+03 0.000000e+00 1.000000e+00 1.000000e-01
3.105590e+03 0.000000e+00 1.000000e+00 1.000000e-01
3.105600e+03 0.000000e+00 1.000000e+00 1.000000e-01
3.105610e+03 0.000000e+00 1.000000e+00 1.000000e-01
3.105620e+03 0.000000e+00 1.000000e+00 1.000000e-01
3.105630e+03 0.000000e+00 1.000000e+00 1.000000e-01
3.105640e+03 0.000000e+00 1.000000e+00 1.000000e-01
3.105650e+03 0.000000e+00 1.000000e+00 1.000000e-01
3.105660e+03 0.000000e+00 1.000000e+00 1.000000e-01
3.105670e+03 0.000000e+00 1.000000e+00 1.000000e-01
3.105680e+03 0.000000e+00 1.000000e+00 1.000000e-01
3.105690e+03 0.000000e+00 1.000000e+00 1.000000e-01
3.105700e+03 0.000000e+00 1.000000e+00 1.000000e-01
3.105710e+03 0.000000e+00 1.000000e+00 1.000000e-01
3.105720e+03 0.000000e+00 1.000000e+00 1.000000e-01
3.105730e+03 0.000000e+00 1.000000e+00 1.000000e-01
3.105740e+03 0.000000e+00 1.000000e+00 1.000000e-01
3.105750e+03 0.000000e+00 1.000000e+00 1.000000e-01
3.105760e+03 0.000000e+00 1.000000e+00 1.000000e-01
3.105770e+03 0.000000e+00 1.000000e+00 1.000000e-01
3.105780e+03 0.000000e+00 1.000000e+00 1.000000e-01
3.105790e+03 0.000000e+00 1.000000e+00 1.000000e-01
3.105800e+03 0.000000e+00 1.000000e+00 1.000000e-01
3.105810e+03 0.000000e+00 1.000000e+00 1.000000e-01
3.105820e+03 0.000000e+00 1.000000e+00 1.000000e-01
3.105830e+03 0.000000e+00 1.000000e+00 1.000000e-01
3.105840e+03 0.000000e+00 1.000000e+00 1.000000e-01
3.105850e+03 0.000000e+00 1.000000e+00 1.000000e-01
3.105860e+03 0.000000e+00 1.000000e+00 1.000000e-01
3.105870e+03 0.000000e+00 1.000000e+00 1.000000e-01
3.105880e+03 0.000000e+00 1.000000e+00 1.000000e-01
3.105890e+03 0.000000e+00 1.000000e+00 1.000000e-01
3.105900e+03 0.000000e+00 1.000000e+00 1.000000e-01
3.105910e+03 0.000000e+00 1.000000e+00 1.000000e-01
3.105920e+03 0.000000e+00 1.000000e+00 1.000000e-01
3.105930e+03 0.000000e+00 1.000000e+00 1.000000e-01
3.105940e+03 0.000000e+00 1.000000e+00 1.000000e-01
3.105950e+03 0.000000e+00 1.000000e+00 1.000000e-01
3.105960e+03 0.000000e+00 1.000000e+00 1.000000e-01
3.105970e+03 0.000000e+00 1.000000e+00 1.000000e-01
3.105980e+03 0.000000e+00 1.000000e+00 1.000000e-01
3.105990e+03 0.000000e+00 1.000000e+00 1.000000e-01
3.106000e+03 0.000000e+00 1.000000e+00 1.000000e-01
3.106010e+03 0.000000e+00 1.000000e+00 1.000000e-01
3.106020e+03 0.000000e+00 1.000000e+00 1.000000e-01
3.106030e+03 0.000000e+00 1.000000e+00 1.000000e-01
3.106040e+03 0.000000e+00 1.000000e+00 1.000000e-01
3.106050e+03 0.000000e+00 1.000000e+00 1.000000e-01
3.106060e+03 0.000000e+00 1.000000e+00 1.000000e-01
3.106070e+03 0.000000e+00 1.000000e+00 1.000000e-01
3.106080e+03 0.000000e+00 1.000000e+00 1.000000e-01
3.106090e+03 0.000000e+00 1.000000e+00 1.000000e-01
3.106100e+03 0.000000e+00 1.000000e+00 1.000000e-01
3.106110e+03 0.000000e+00 1.000000e+00 1.000000e-01
3.106120e+03 0.000000e+00 1.000000e+00 1.000000e-01
3.106130e+03 0.000000e+00 1.000000e+00 1.000000e-01
3.106140e+03 0.000000e+00 1.000000e+00 1.000000e-01
3.106150e+03 0.000000e+00 1.000000e+00 1.000000e-01
3.106160e+03 0.000000e+00 1.000000e+00 1.000000e-01
3.106170e+03 0.000000e+00 1.000000e+00 1.000000e-01
3.106180e+03 0.000000e+00 1.000000e+00 1.000000e-01
3.106190e+03 0.000000e+00 1.000000e+00 1.000000e-01
3.106200e+03 0.000000e+00 1.000000e+00 1.000000e-01
3.106210e+03 0.000000e+00 1.000000e+00 1.000000e-01
3.106220e+03 0.000000e+00 1.000000e+00 1.000000e-01
3.106230e+03 0.000000e+00 1.000000e+00 1.000000e-01
3.106240e+03 0.000000e+00 1.000000e+00 1.000000e-01
3.106250e+03 0.000000e+00 1.000000e+00 1.000000e-01
3.106260e+03 0.000000e+00 1.000000e+00 1.000000e-01
3.106270e+03 0.000000e+00 1.000000e+00 1.000000e-01
3.106280e+03 0.000000e+00 1.000000e+00 1.000000e-01
3.106290e+03 0.000000e+00 1.000000e+00 1.000000e-01
3.106300e+03 0.000000e+00 1.000000e+00 1.000000e-01
3.106310e+03 0.000000e+00 1.000000e+00 1.000000e-01
3.106320e+03 0.000000e+00 1.000000e+00 1.000000e-01
3.106330e+03 0.000000e+00 1.000000e+00 1.000000e-01
3.106340e+03 0.000000e+00 1.000000e+00 1.000000e-01
3.106350e+03 0.000000e+00 1.000000e+00 1.000000e-01
3.106360e+03 0.000000e+00 1.000000e+00 1.000000e-01
3.106370e+03 0.000000e+00 1.000000e+00 1.000000e-01
3.106380e+03 0.000000e+00 1.000000e+00 1.000000e-01
3.106390e+03 0.000000e+00 1.000000e+00 1.000000e-01
3.106400e+03 0.000000e+00 1.000000e+00 1.000000e-01
3.106410e+03 0.000000e+00 1.000000e+00 1.000000e-01
3.106420e+03 0.000000e+00 1.000000e+00 1.000000e-01
3.106430e+03 0.000000e+00 1.000000e+00 1.000000e-01
3.106440e+03 0.000000e+00 1.000000e+00 1.000000e-01
3.106450e+03 0.000000e+00 1.000000e+00 1.000000e-01
3.106460e+03 0.000000e+00 1.000000e+00 1.000000e-01
3.106470e+03 0.000000e+00 1.000000e+00 1.000000e-01
3.106480e+03 0.000000e+00 1.000000e+00 1.000000e-01
3.106490e+03 0.000000e+00 1.000000e+00 1.000000e-01
3.106500e+03 0.000000e+00 1.000000e+00 1.000000e-01
3.106510e+03 0.000000e+00 1.000000e+00 1.000000e-01
3.106520e+03 0.000000e+00 1.000000e+00 1.000000e-01
3.106530e+03 0.000000e+00 1.000000e+00 1.000000e-01
3.106540e+03 0.000000e+00 1.000000e+00 1.000000e-01
3.106550e+03 0.000000e+00 1.000000e+00 1.000000e-01
3.106560e+03 0.000000e+00 1.000000e+00 1.000000e-01
3.106570e+03 0.000000e+00 1.000000e+00 1.000000e-01
3.106580e+03 0.000000e+00 1.000000e+00 1.000000e-01
3.106590e+03 0.000000e+00 1.000000e+00 1.000000e-01
3.106600e+03 0.000000e+00 1.000000e+00 1.000000e-01
3.106610e+03 0.000000e+00 1.000000e+00 1.000000e-01
3.106620e+03 0.000000e+00 1.000000e+00 1.000000e-01
3.106630e+03 0.000000e+00 1.000000e+00 1.000000e-01
3.106640e+03 0.000000e+00 1.000000e+00 1.000000e-01
3.106650e+03 0.000000e+00 1.000000e+00 1.000000e-01
3.106660e+03 0.000000e+00 1.000000e+00 1.000000e-01
3.106670e+03 0.000000e+00 1.000000e+00 1.000000e-01
3.106680e+03 0.000000e+00 1.000000e+00 1.000000e-01
3.106690e+03 0.000000e+00 1.000000e+00 1.000000e-01
3.106700e+03 0.000000e+00 1.000000e+00 1.000000e-01
3.106710e+03 0.000000e+00 1.000000e+00 1.000000e-01
3.106720e+03 0.000000e+00 1.000000e+00 1.000000e-01
3.106730e+03 0.000000e+00 1.000000e+00 1.000000e-01
3.106740e+03 0.000000e+00 1.000000e+00 1.000000e-01
3.106750e+03 0.000000e+00 1.000000e+00 1.000000e-01
3.106760e+03 0.000000e+00 1.000000e+00 1.000000e-01
3.106770e+03 0.000000e+00 1.000000e+00 1.000000e-01
3.106780e+03 0.000000e+00 1.000000e+00 1.000000e-01
3.106790e+03 0.000000e+00 1.000000e+00 1.000000e-01
3.106800e+03 0.000000e+00 1.000000e+00 1.000000e-01
3.106810e+03 0.000000e+00 1.000000e+00 1.000000e-01
3.106820e+03 0.000000e+00 1.000000e+00 1.000000e-01
3.106830e+03 0.000000e+00 1.000000e+00 1.000000e-01
3.106840e+03 0.000000e+00 1.000000e+00 1.000000e-01
3.106850e+03 0.000000e+00 1.000000e+00 1.000000e-01
3.106860e+03 0.000000e+00 1.000000e+00 1.000000e-01
3.106870e+03 0.000000e+00 1.000000e+00 1.000000e-01
3.106880e+03 0.000000e+00 1.000000e+00 1.000000e-01
3.106890e+03 0.000000e+00 1.000000e+00 1.000000e-01
3.106900e+03 0.000000e+00 1.000000e+00 1.000000e-01
3.106910e+03 0.000000e+00 1.000000e+00 1.000000e-01
3.106920e+03 0.000000e+00 1.000000e+00 1.000000e-01
3.106930e+03 0.000000e+00 1.000000e+00 1.000000e-01
3.106940e+03 0.000000e+00 1.000000e+00 1.000000e-01
3.106950e+03 0.000000e+00 1.000000e+00 1.000000e-01
3.106960e+03 0.000000e+00 1.000000e+00 1.000000e-01
3.106970e+03 0.000000e+00 1.000000e+00 1.000000e-01
3.106980e+03 0.000000e+00 1.000000e+00 1.000000e-01
3.106990e+03 0.000000e+00 1.000000e+00 1.000000e-01
3.107000e+03 0.000000e+00 1.000000e+00 1.000000e-01
3.107010e+03 0.000000e+00 1.000000e+00 1.000000e-01
3.107020e+03 0.000000e+00 1.000000e+00 1.000000e-01
3.107030e+03 0.000000e+00 1.000000e+00 1.000000e-01
3.107040e+03 0.000000e+00 1.000000e+00 1.000000e-01
3.107050e+03 0.000000e+00 1.000000e+00 1.000000e-01
3.107060e+03 0.000000e+00 1.000000e+00 1.000000e-01
3.107070e+03 0.000000e+00 1.000000e+00 1.000000e-01
3.107080e+03 0.000000e+00 1.000000e+00 1.000000e-01
3.107090e+03 0.000000e+00 1.000000e+00 1.000000e-01
3.107100e+03 0.000000e+00 1.000000e+00 1.000000e-01
3.107110e+03 0.000000e+00 1.000000e+00 1.000000e-01
3.107120e+03 0.000000e+00 1.000000e+00 1.000000e-01
3.107130e+03 0.000000e+00 1.000000e+00 1.000000e-01
3.107140e+03 0.000000e+00 1.000000e+00 1.000000e-01
3.107150e+03 0.000000e+00 1.000000e+00 1.000000e-01
3.107160e+03 0.000000e+00 1.000000e+00 1.000000e-01
3.107170e+03 0.000000e+00 1.000000e+00 1.000000e-01
3.107180e+03 0.000000e+00 1.000000e+00 1.000000e-01
3.107190e+03 0.000000e+00 1.000000e+00 1.000000e-01
3.107200e+03 0.000000e+00 1.000000e+00 1.000000e-01
3.107210e+03 0.000000e+00 1.000000e+00 1.000000e-01
3.107220e+03 0.000000e+00 1.000000e+00 1.000000e-01
3.107230e+03 0.000000e+00 1.000000e+00 1.000000e-01
3.107240e+03 0.000000e+00 1.000000e+00 1.000000e-01
3.107250e+03 0.000000e+00 1.000000e+00 1.000000e-01
3.107260e+03 0.000000e+00 1.000000e+00 1.000000e-01
3.107270e+03 0.000000e+00 1.000000e+00 1.000000e-01
3.107280e+03 0.000000e+00 1.000000e+00 1.000000e-01
3.107290e+03 0.000000e+00 1.000000e+00 1.000000e-01
3.107300e+03 0.000000e+00 1.000000e+00 1.000000e-01
3.107310e+03 0.000000e+00 1.000000e+00 1.000000e-01
3.107320e+03 0.000000e+00 1.000000e+00 1.000000e-01
3.107330e+03 0.000000e+00 1.000000e+00 1.000000e-01
3.107340e+03 0.000000e+00 1.000000e+00 1.000000e-01
3.107350e+03 0.000000e+00 1.000000e+00 1.000000e-01
3.107360e+03 0.000000e+00 1.000000e+00 1.000000e-01
3.107370e+03 0.000000e+00 1.000000e+00 1.000000e-01
3.107380e+03 0.000000e+00 1.000000e+00 1.000000e-01
3.107390e+03 0.000000e+00 1.000000e+00 1.000000e-01
3.107400e+03 0.000000e+00 1.000000e+00 1.000000e-01
3.107410e+03 0.000000e+00 1.000000e+00 1.000000e-01
3.107420e+03 0.000000e+00 1.000000e+00 1.000000e-01
3.107430e+03 0.000000e+00 1.000000e+00 1.000000e-01
3.107440e+03 0.000000e+00 1.000000e+00 1.000000e-01
3.107450e+03 0.000000e+00 1.000000e+00 1.000000e-01
3.107460e+03 0.000000e+00 1.000000e+00 1.000000e-01
3.107470e+03 0.000000e+00 1.000000e+00 1.000000e-01
3.107480e+03 0.000000e+00 1.000000e+00 1.000000e-01
3.107490e+03 0.000000e+00 1.000000e+00 1.000000e-01
3.107500e+03 0.000000e+00 1.000000e+00 1.000000e-01
3.107510e+03 0.000000e+00 1.000000e+00 1.000000e-01
3.107520e+03 0.000000e+00 1.000000e+00 1.000000e-01
3.107530e+03 0.000000e+00 1.000000e+00 1.000000e-01
3.107540e+03 0.000000e+00 1.000000e+00 1.000000e-01
3.107550e+03 0.000000e+00 1.000000e+00 1.000000e-01
3.107560e+03 0.000000e+00 1.000000e+00 1.000000e-01
3.107570e+03 0.000000e+00 1.000000e+00 1.000000e-01
3.107580e+03 0.000000e+00 1.000000e+00 1.000000e-01
3.107590e+03 0.000000e+00 1.000000e+00 1.000000e-01
3.107600e+03 0.000000e+00 1.000000e+00 1.000000e-01
3.107610e+03 0.000000e+00 1.000000e+00 1.000000e-01
3.107620e+03 0.000000e+00 1.000000e+00 1.000000e-01
3.107630e+03 0.000000e+00 1.000000e+00 1.000000e-01
3.107640e+03 0.000000e+00 1.000000e+00 1.000000e-01
3.107650e+03 0.000000e+00 1.000000e+00 1.000000e-01
3.107660e+03 0.000000e+00 1.000000e+00 1.000000e-01
3.107670e+03 0.000000e+00 1.000000e+00 1.000000e-01
3.107680e+03 0.000000e+00 1.000000e+00 1.000000e-01
3.107690e+03 0.000000e+00 1.000000e+00 1.000000e-01
3.107700e+03 0.000000e+00 1.000000e+00 1.000000e-01
3.107710e+03 0.000000e+00 1.000000e+00 1.000000e-01
3.107720e+03 0.000000e+00 1.000000e+00 1.000000e-01
3.107730e+03 0.000000e+00 1.000000e+00 1.000000e-01
3.107740e+03 0.000000e+00 1.000000e+00 1.000000e-01
3.107750e+03 0.000000e+00 1.000000e+00 1.000000e-01
3.107760e+03 0.000000e+00 1.000000e+00 1.000000e-01
3.107770e+03 0.000000e+00 1.000000e+00 1.000000e-01
3.107780e+03 0.000000e+00 1.000000e+00 1.000000e-01
3.107790e+03 0.000000e+00 1.000000e+00 1.000000e-01
3.107800e+03 0.000000e+00 1.000000e+00 1.000000e-01
3.107810e+03 0.000000e+00 1.000000e+00 1.000000e-01
3.107820e+03 0.000000e+00 1.000000e+00 1.000000e-01
3.107830e+03 0.000000e+00 1.000000e+00 1.000000e-01
3.107840e+03 0.000000e+00 1.000000e+00 1.000000e-01
3.107850e+03 0.000000e+00 1.000000e+00 1.000000e-01
3.107860e+03 0.000000e+00 1.000000e+00 1.000000e-01
3.107870e+03 0.000000e+00 1.000000e+00 1.000000e-01
3.107880e+03 0.000000e+00 1.000000e+00 1.000000e-01
3.107890e+03 0.000000e+00 1.000000e+00 1.000000e-01
3.107900e+03 0.000000e+00 1.000000e+00 1.000000e-01
3.107910e+03 0.000000e+00 1.000000e+00 1.000000e-01
3.107920e+03 0.000000e+00 1.000000e+00 1.000000e-01
3.107930e+03 0.000000e+00 1.000000e+00 1.000000e-01
3.107940e+03 0.000000e+00 1.000000e+00 1.000000e-01
3.107950e+03 0.000000e+00 1.000000e+00 1.000000e-01
3.107960e+03 0.000000e+00 1.000000e+00 1.000000e-01
3.107970e+03 0.000000e+00 1.000000e+00 1.000000e-01
3.107980e+03 0.000000e+00 1.000000e+00 1.000000e-01
3.107990e+03 0.000000e+00 1.000000e+00 1.000000e-01
3.108000e+03 0.000000e+00 1.000000e+00 1.000000e-01
3.108010e+03 0.000000e+00 1.000000e+00 1.000000e-01
3.108020e+03 0.000000e+00 1.000000e+00 1.000000e-01
3.108030e+03 0.000000e+00 1.000000e+00 1.000000e-01
3.108040e+03 0.000000e+00 1.000000e+00 1.000000e-01
3.108050e+03 0.000000e+00 1.000000e+00 1.000000e-01
3.108060e+03 0.000000e+00 1.000000e+00 1.000000e-01
3.108070e+03 0.000000e+00 1.000000e+00 1.000000e-01
3.108080e+03 0.000000e+00 1.000000e+00 1.000000e-01
3.108090e+03 0.000000e+00 1.000000e+00 1.000000e-01
3.108100e+03 0.000000e+00 1.000000e+00 1.000000e-01
3.108110e+03 0.000000e+00 1.000000e+00 1.000000e-01
3.108120e+03 0.000000e+00 1.000000e+00 1.000000e-01
3.108130e+03 0.000000e+00 1.000000e+00 1.000000e-01
3.108140e+03 0.000000e+00 1.000000e+00 1.000000e-01
3.108150e+03 0.000000e+00 1.000000e+00 1.000000e-01
3.108160e+03 0.000000e+00 1.000000e+00 1.000000e-01
3.108170e+03 0.000000e+00 1.000000e+00 1.000000e-01
3.108180e+03 0.000000e+00 1.000000e+00 1.000000e-01
3.108190e+03 0.000000e+00 1.000000e+00 1.000000e-01
3.108200e+03 0.000000e+00 1.000000e+00 1.000000e-01
3.108210e+03 0.000000e+00 1.000000e+00 1.000000e-01
3.108220e+03 0.000000e+00 1.000000e+00 1.000000e-01
3.108230e+03 0.000000e+00 1.000000e+00 1.000000e-01
3.108240e+03 0.000000e+00 1.000000e+00 1.000000e-01
3.108250e+03 0.000000e+00 1.000000e+00 1.000000e-01
3.108260e+03 0.000000e+00 1.000000e+00 1.000000e-01
3.108270e+03 0.000000e+00 1.000000e+00 1.000000e-01
3.108280e+03 0.000000e+00 1.000000e+00 1.000000e-01
3.108290e+03 0.000000e+00 1.000000e+00 1.000000e-01
3.108300e+03 0.000000e+00 1.000000e+00 1.000000e-01
3.108310e+03 0.000000e+00 1.000000e+00 1.000000e-01
3.108320e+03 0.000000e+00 1.000000e+00 1.000000e-01
3.108330e+03 0.000000e+00 1.000000e+00 1.000000e-01
3.108340e+03 0.000000e+00 1.000000e+00 1.000000e-01
3.108350e+03 0.000000e+00 1.000000e+00 1.000000e-01
3.108360e+03 0.000000e+00 1.000000e+00 1.000000e-01
3.108370e+03 0.000000e+00 1.000000e+00 1.000000e-01
3.108380e+03 0.000000e+00 1.000000e+00 1.000000e-01
3.108390e+03 0.000000e+00 1.000000e+00 1.000000e-01
3.108400e+03 0.000000e+00 1.000000e+00 1.000000e-01
3.108410e+03 0.000000e+00 1.000000e+00 1.000000e-01
3.108420e+03 0.000000e+00 1.000000e+00 1.000000e-01
3.108430e+03 0.000000e+00 1.000000e+00 1.000000e-01
3.108440e+03 0.000000e+00 1.000000e+00 1.000000e-01
3.108450e+03 0.000000e+00 1.000000e+00 1.000000e-01
3.108460e+03 0.000000e+00 1.000000e+00 1.000000e-01
3.108470e+03 0.000000e+00 1.000000e+00 1.000000e-01
3.108480e+03 0.000000e+00 1.000000e+00 1.000000e-01
3.108490e+03 0.000000e+00 1.000000e+00 1.000000e-01
3.108500e+03 0.000000e+00 1.000000e+00 1.000000e-01
3.108510e+03 0.000000e+00 1.000000e+00 1.000000e-01
3.108520e+03 0.000000e+00 1.000000e+00 1.000000e-01
3.108530e+03 0.000000e+00 1.000000e+00 1.000000e-01
3.108540e+03 0.000000e+00 1.000000e+00 1.000000e-01
3.108550e+03 0.000000e+00 1.000000e+00 1.000000e-01
3.108560e+03 0.000000e+00 1.000000e+00 1.000000e-01
3.108570e+03 0.000000e+00 1.000000e+00 1.000000e-01
3.108580e+03 0.000000e+00 1.000000e+00 1.000000e-01
3.108590e+03 0.000000e+00 1.000000e+00 1.000000e-01
3.108600e+03 0.000000e+00 1.000000e+00 1.000000e-01
3.108610e+03 0.000000e+00 1.000000e+00 1.000000e-01
3.108620e+03 0.000000e+00 1.000000e+00 1.000000e-01
3.108630e+03 0.000000e+00 1.000000e+00 1.000000e-01
3.108640e+03 0.000000e+00 1.000000e+00 1.000000e-01
3.108650e+03 0.000000e+00 1.000000e+00 1.000000e-01
3.108660e+03 0.000000e+00 1.000000e+00 1.000000e-01
3.108670e+03 0.000000e+00 1.000000e+00 1.000000e-01
3.108680e+03 0.000000e+00 1.000000e+00 1.000000e-01
3.108690e+03 0.000000e+00 1.000000e+00 1.000000e-01
3.108700e+03 0.000000e+00 1.000000e+00 1.000000e-01
3.108710e+03 0.000000e+00 1.000000e+00 1.000000e-01
3.108720e+03 0.000000e+00 1.000000e+00 1.000000e-01
3.108730e+03 0.000000e+00 1.000000e+00 1.000000e-01
3.108740e+03 0.000000e+00 1.000000e+00 1.000000e-01
3.108750e+03 0.000000e+00 1.000000e+00 1.000000e-01
3.108760e+03 0.000000e+00 1.000000e+00 1.000000e-01
3.108770e+03 0.000000e+00 1.000000e+00 1.000000e-01
3.108780e+03 0.000000e+00 1.000000e+00 1.000000e-01
3.108790e+03 0.000000e+00 1.000000e+00 1.000000e-01
3.108800e+03 0.000000e+00 1.000000e+00 1.000000e-01
3.108810e+03 0.000000e+00 1.000000e+00 1.000000e-01
3.108820e+03 0.000000e+00 1.000000e+00 1.000000e-01
3.108830e+03 0.000000e+00 1.000000e+00 1.000000e-01
3.108840e+03 0.000000e+00 1.000000e+00 1.000000e-01
3.108850e+03 0.000000e+00 1.000000e+00 1.000000e-01
3.108860e+03 0.000000e+00 1.000000e+00 1.000000e-01
3.108870e+03 0.000000e+00 1.000000e+00 1.000000e-01
3.108880e+03 0.000000e+00 1.000000e+00 1.000000e-01
3.108890e+03 0.000000e+00 1.000000e+00 1.000000e-01
3.108900e+03 0.000000e+00 1.000000e+00 1.000000e-01
3.108910e+03 0.000000e+00 1.000000e+00 1.000000e-01
3.108920e+03 0.000000e+00 1.000000e+00 1.000000e-01
3.108930e+03 0.000000e+00 1.000000e+00 1.000000e-01
3.108940e+03 0.000000e+00 1.000000e+00 1.000000e-01
3.108950e+03 0.000000e+00 1.000000e+00 1.000000e-01
3.108960e+03 0.000000e+00 1.000000e+00 1.000000e-01
3.108970e+03 0.000000e+00 1.000000e+00 1.000000e-01
3.108980e+03 0.000000e+00 1.000000e+00 1.000000e-01
3.108990e+03 0.000000e+00 1.000000e+00 1.000000e-01
3.109000e+03 0.000000e+00 1.000000e+00 1.000000e-01
3.109010e+03 0.000000e+00 1.000000e+00 1.000000e-01
3.109020e+03 0.000000e+00 1.000000e+00 1.000000e-01
3.109030e+03 0.000000e+00 1.000000e+00 1.000000e-01
3.109040e+03 0.000000e+00 1.000000e+00 1.000000e-01
3.109050e+03 0.000000e+00 1.000000e+00 1.000000e-01
3.109060e+03 0.000000e+00 1.000000e+00 1.000000e-01
3.109070e+03 0.000000e+00 1.000000e+00 1.000000e-01
3.109080e+03 0.000000e+00 1.000000e+00 1.000000e-01
3.109090e+03 0.000000e+00 1.000000e+00 1.000000e-01
3.109100e+03 0.000000e+00 1.000000e+00 1.000000e-01
3.109110e+03 0.000000e+00 1.000000e+00 1.000000e-01
3.109120e+03 0.000000e+00 1.000000e+00 1.000000e-01
3.109130e+03 0.000000e+00 1.000000e+00 1.000000e-01
3.109140e+03 0.000000e+00 1.000000e+00 1.000000e-01
3.109150e+03 0.000000e+00 1.000000e+00 1.000000e-01
3.109160e+03 0.000000e+00 1.000000e+00 1.000000e-01
3.109170e+03 0.000000e+00 1.000000e+00 1.000000e-01
3.109180e+03 0.000000e+00 1.000000e+00 1.000000e-01
3.109190e+03 0.000000e+00 1.000000e+00 1.000000e-01
3.109200e+03 0.000000e+00 1.000000e+00 1.000000e-01
3.109210e+03 0.000000e+00 1.000000e+00 1.000000e-01
3.109220e+03 0.000000e+00 1.000000e+00 1.000000e-01
3.109230e+03 0.000000e+00 1.000000e+00 1.000000e-01
3.109240e+03 0.000000e+00 1.000000e+00 1.000000e-01
3.109250e+03 0.000000e+00 1.000000e+00 1.000000e-01
3.109260e+03 0.000000e+00 1.000000e+00 1.000000e-01
3.109270e+03 0.000000e+00 1.000000e+00 1.000000e-01
3.109280e+03 0.000000e+00 1.000000e+00 1.000000e-01
3.109290e+03 0.000000e+00 1.000000e+00 1.000000e-01
3.109300e+03 0.000000e+00 1.000000e+00 1.000000e-01
3.109310e+03 0.000000e+00 1.000000e+00 1.000000e-01
3.109320e+03 0.000000e+00 1.000000e+00 1.000000e-01
3.109330e+03 0.000000e+00 1.000000e+00 1.000000e-01
3.109340e+03 0.000000e+00 1.000000e+00 1.000000e-01
3.109350e+03 0.000000e+00 1.000000e+00 1.000000e-01
3.109360e+03 0.000000e+00 1.000000e+00 1.000000e-01
3.109370e+03 0.000000e+00 1.000000e+00 1.000000e-01
3.109380e+03 0.000000e+00 1.000000e+00 1.000000e-01
3.109390e+03 0.000000e+00 1.000000e+00 1.000000e-01
3.109400e+03 0.000000e+00 1.000000e+00 1.000000e-01
3.109410e+03 0.000000e+00 1.000000e+00 1.000000e-01
3.109420e+03 0.000000e+00 1.000000e+00 1.000000e-01
3.109430e+03 0.000000e+00 1.000000e+00 1.000000e-01
3.109440e+03 0.000000e+00 1.000000e+00 1.000000e-01
3.109450e+03 0.000000e+00 1.000000e+00 1.000000e-01
3.109460e+03 0.000000e+00 1.000000e+00 1.000000e-01
3.109470e+03 0.000000e+00 1.000000e+00 1.000000e-01
3.109480e+03 0.000000e+00 1.000000e+00 1.000000e-01
3.109490e+03 0.000000e+00 1.000000e+00 1.000000e-01
3.109500e+03 0.000000e+00 1.000000e+00 1.000000e-01
3.109510e+03 0.000000e+00 1.000000e+00 1.000000e-01
3.109520e+03 0.000000e+00 1.000000e+00 1.000000e-01
3.109530e+03 0.000000e+00 1.000000e+00 1.000000e-01
3.109540e+03 0.000000e+00 1.000000e+00 1.000000e-01
3.109550e+03 0.000000e+00 1.000000e+00 1.000000e-01
3.109560e+03 0.000000e+00 1.000000e+00 1.000000e-01
3.109570e+03 0.000000e+00 1.000000e+00 1.000000e-01
3.109580e+03 0.000000e+00 1.000000e+00 1.000000e-01
3.109590e+03 0.000000e+00 1.000000e+00 1.000000e-01
3.109600e+03 0.000000e+00 1.000000e+00 1.000000e-01
3.109610e+03 0.000000e+00 1.000000e+00 1.000000e-01
3.109620e+03 0.000000e+00 1.000000e+00 1.000000e-01
3.109630e+03 0.000000e+00 1.000000e+00 1.000000e-01
3.109640e+03 0.000000e+00 1.000000e+00 1.000000e-01
3.109650e+03 0.000000e+00 1.000000e+00 1.000000e-01
3.109660e+03 0.000000e+00 1.000000e+00 1.000000e-01
3.109670e+03 0.000000e+00 1.000000e+00 1.000000e-01
3.109680e+03 0.000000e+00 1.000000e+00 1.000000e-01
3.109690e+03 0.000000e+00 1.000000e+00 1.000000e-01
3.109700e+03 0.000000e+00 1.000000e+00 1.000000e-01
3.109710e+03 0.000000e+00 1.000000e+00 1.000000e-01
3.109720e+03 0.000000e+00 1.000000e+00 1.000000e-01
3.109730e+03 0.000000e+00 1.000000e+00 1.000000e-01
3.109740e+03 0.000000e+00 1.000000e+00 1.000000e-01
3.109750e+03 0.000000e+00 1.000000e+00 1.000000e-01
3.109760e+03 0.000000e+00 1.000000e+00 1.000000e-01
3.109770e+03 0.000000e+00 1.000000e+00 1.000000e-01
3.109780e+03 0.000000e+00 1.000000e+00 1.000000e-01
3.109790e+03 0.000000e+00 1.000000e+00 1.000000e-01
3.109800e+03 0.000000e+00 1.000000e+00 1.000000e-01
3.109810e+03 0.000000e+00 1.000000e+00 1.000000e-01
3.109820e+03 0.000000e+00 1.000000e+00 1.000000e-01
3.109830e+03 0.000000e+00 1.000000e+00 1.000000e-01
3.109840e+03 0.000000e+00 1.000000e+00 1.000000e-01
3.109850e+03 0.000000e+00 1.000000e+00 1.000000e-01
3.109860e+03 0.000000e+00 1.000000e+00 1.000000e-01
3.109870e+03 0.000000e+00 1.000000e+00 1.000000e-01
3.109880e+03 0.000000e+00 1.000000e+00 1.000000e-01
3.109890e+03 0.000000e+00 1.000000e+00 1.000000e-01
3.109900e+03 0.000000e+00 1.000000e+00 1.000000e-01
3.109910e+03 0.000000e+00 1.000000e+00 1.000000e-01
3.109920e+03 0.000000e+00 1.000000e+00 1.000000e-01
3.109930e+03 0.000000e+00 1.000000e+00 1.000000e-01
3.109940e+03 0.000000e+00 1.000000e+00 1.000000e-01
3.109950e+03 0.000000e+00 1.000000e+00 1.000000e-01
3.109960e+03 0.000000e+00 1.000000e+00 1.000000e-01
3.109970e+03 0.000000e+00 1.000000e+00 1.000000e-01
3.109980e+03 0.000000e+00 1.000000e+00 1.000000e-01
3.109990e+03 0.000000e+00 1.000000e+00 1.000000e-01
3.110000e+03 0.000000e+00 1.000000e+00 1.000000e-01
3.110010e+03 0.000000e+00 1.000000e+00 1.000000e-01
3.110020e+03 0.000000e+00 1.000000e+00 1.000000e-01
3.110030e+03 0.000000e+00 1.000000e+00 1.000000e-01
3.110040e+03 0.000000e+00 1.000000e+00 1.000000e-01
3.110050e+03 0.000000e+00 1.000000e+00 1.000000e-01
3.110060e+03 0.000000e+00 1.000000e+00 1.000000e-01
3.110070e+03 0.000000e+00 1.000000e+00 1.000000e-01
3.110080e+03 0.000000e+00 1.000000e+00 1.000000e-01
3.110090e+03 0.000000e+00 1.000000e+00 1.000000e-01
3.110100e+03 0.000000e+00 1.000000e+00 1.000000e-01
3.110110e+03 0.000000e+00 1.000000e+00 1.000000e-01
3.110120e+03 0.000000e+00 1.000000e+00 1.000000e-01
3.110130e+03 0.000000e+00 1.000000e+00 1.000000e-01
3.110140e+03 0.000000e+00 1.000000e+00 1.000000e-01
3.110150e+03 0.000000e+00 1.000000e+00 1.000000e-01
3.110160e+03 0.000000e+00 1.000000e+00 1.000000e-01
3.110170e+03 0.000000e+00 1.000000e+00 1.000000e-01
3.110180e+03 0.000000e+00 1.000000e+00 1.000000e-01
3.110190e+03 0.000000e+00 1.000000e+00 1.000000e-01
3.110200e+03 0.000000e+00 1.000000e+00 1.000000e-01
3.110210e+03 0.000000e+00 1.000000e+00 1.000000e-01
3.110220e+03 0.000000e+00 1.000000e+00 1.000000e-01
3.110230e+03 0.000000e+00 1.000000e+00 1.000000e-01
3.110240e+03 0.000000e+00 1.000000e+00 1.000000e-01
3.110250e+03 0.000000e+00 1.000000e+00 1.000000e-01
3.110260e+03 0.000000e+00 1.000000e+00 1.000000e-01
3.110270e+03 0.000000e+00 1.000000e+00 1.000000e-01
3.110280e+03 0.000000e+00 1.000000e+00 1.000000e-01
3.110290e+03 0.000000e+00 1.000000e+00 1.000000e-01
3.110300e+03 0.000000e+00 1.000000e+00 1.000000e-01
3.110310e+03 0.000000e+00 1.000000e+00 1.000000e-01
3.110320e+03 0.000000e+00 1.000000e+00 1.000000e-01
3.110330e+03 0.000000e+00 1.000000e+00 1.000000e-01
3.110340e+03 0.000000e+00 1.000000e+00 1.000000e-01
3.110350e+03 0.000000e+00 1.000000e+00 1.000000e-01
3.110360e+03 0.000000e+00 1.000000e+00 1.000000e-01
3.110370e+03 0.000000e+00 1.000000e+00 1.000000e-01
3.110380e+03 0.000000e+00 1.000000e+00 1.000000e-01
3.110390e+03 0.000000e+00 1.000000e+00 1.000000e-01
3.110400e+03 0.000000e+00 1.000000e+00 1.000000e-01
3.110410e+03 0.000000e+00 1.000000e+00 1.000000e-01
3.110420e+03 0.000000e+00 1.000000e+00 1.000000e-01
3.110430e+03 0.000000e+00 1.000000e+00 1.000000e-01
3.110440e+03 0.000000e+00 1.000000e+00 1.000000e-01
3.110450e+03 0.000000e+00 1.000000e+00 1.000000e-01
3.110460e+03 0.000000e+00 1.000000e+00 1.000000e-01
3.110470e+03 0.000000e+00 1.000000e+00 1.000000e-01
3.110480e+03 0.000000e+00 1.000000e+00 1.000000e-01
3.110490e+03 0.000000e+00 1.000000e+00 1.000000e-01
3.110500e+03 0.000000e+00 1.000000e+00 1.000000e-01
3.110510e+03 0.000000e+00 1.000000e+00 1.000000e-01
3.110520e+03 0.000000e+00 1.000000e+00 1.000000e-01
3.110530e+03 0.000000e+00 1.000000e+00 1.000000e-01
3.110540e+03 0.000000e+00 1.000000e+00 1.000000e-01
3.110550e+03 0.000000e+00 1.000000e+00 1.000000e-01
3.110560e+03 0.000000e+00 1.000000e+00 1.000000e-01
3.110570e+03 0.000000e+00 1.000000e+00 1.000000e-01
3.110580e+03 0.000000e+00 1.000000e+00 1.000000e-01
3.110590e+03 0.000000e+00 1.000000e+00 1.000000e-01
3.110600e+03 0.000000e+00 1.000000e+00 1.000000e-01
3.110610e+03 0.000000e+00 1.000000e+00 1.000000e-01
3.110620e+03 0.000000e+00 1.000000e+00 1.000000e-01
3.110630e+03 0.000000e+00 1.000000e+00 1.000000e-01
3.110640e+03 0.000000e+00 1.000000e+00 1.000000e-01
3.110650e+03 0.000000e+00 1.000000e+00 1.000000e-01
3.110660e+03 0.000000e+00 1.000000e+00 1.000000e-01
3.110670e+03 0.000000e+00 1.000000e+00 1.000000e-01
3.110680e+03 0.000000e+00 1.000000e+00 1.000000e-01
3.110690e+03 0.000000e+00 1.000000e+00 1.000000e-01
3.110700e+03 0.000000e+00 1.000000e+00 1.000000e-01
3.110710e+03 0.000000e+00 1.000000e+00 1.000000e-01
3.110720e+03 0.000000e+00 1.000000e+00 1.000000e-01
3.110730e+03 0.000000e+00 1.000000e+00 1.000000e-01
3.110740e+03 0.000000e+00 1.000000e+00 1.000000e-01
3.110750e+03 0.000000e+00 1.000000e+00 1.000000e-01
3.110760e+03 0.000000e+00 1.000000e+00 1.000000e-01
3.110770e+03 0.000000e+00 1.000000e+00 1.000000e-01
3.110780e+03 0.000000e+00 1.000000e+00 1.000000e-01
3.110790e+03 0.000000e+00 1.000000e+00 1.000000e-01
3.110800e+03 0.000000e+00 1.000000e+00 1.000000e-01
3.110810e+03 0.000000e+00 1.000000e+00 1.000000e-01
3.110820e+03 0.000000e+00 1.000000e+00 1.000000e-01
3.110830e+03 0.000000e+00 1.000000e+00 1.000000e-01
3.110840e+03 0.000000e+00 1.000000e+00 1.000000e-01
3.110850e+03 0.000000e+00 1.000000e+00 1.000000e-01
3.110860e+03 0.000000e+00 1.000000e+00 1.000000e-01
3.110870e+03 0.000000e+00 1.000000e+00 1.000000e-01
3.110880e+03 0.000000e+00 1.000000e+00 1.000000e-01
3.110890e+03 0.000000e+00 1.000000e+00 1.000000e-01
3.110900e+03 0.000000e+00 1.000000e+00 1.000000e-01
3.110910e+03 0.000000e+00 1.000000e+00 1.000000e-01
3.110920e+03 0.000000e+00 1.000000e+00 1.000000e-01
3.110930e+03 0.000000e+00 1.000000e+00 1.000000e-01
3.110940e+03 0.000000e+00 1.000000e+00 1.000000e-01
3.110950e+03 0.000000e+00 1.000000e+00 1.000000e-01
3.110960e+03 0.000000e+00 1.000000e+00 1.000000e-01
3.110970e+03 0.000000e+00 1.000000e+00 1.000000e-01
3.110980e+03 0.000000e+00 1.000000e+00 1.000000e-01
3.110990e+03 0.000000e+00 1.000000e+00 1.000000e-01
3.111000e+03 0.000000e+00 1.000000e+00 1.000000e-01
3.111010e+03 0.000000e+00 1.000000e+00 1.000000e-01
3.111020e+03 0.000000e+00 1.000000e+00 1.000000e-01
3.111030e+03 0.000000e+00 1.000000e+00 1.000000e-01
3.111040e+03 0.000000e+00 1.000000e+00 1.000000e-01
3.111050e+03 0.000000e+00 1.000000e+00 1.000000e-01
3.111060e+03 0.000000e+00 1.000000e+00 1.000000e-01
3.111070e+03 0.000000e+00 1.000000e+00 1.000000e-01
3.111080e+03 0.000000e+00 1.000000e+00 1.000000e-01
3.111090e+03 0.000000e+00 1.000000e+00 1.000000e-01
3.111100e+03 0.000000e+00 1.000000e+00 1.000000e-01
3.111110e+03 0.000000e+00 1.000000e+00 1.000000e-01
3.111120e+03 0.000000e+00 1.000000e+00 1.000000e-01
3.111130e+03 0.000000e+00 1.000000e+00 1.000000e-01
3.111140e+03 0.000000e+00 1.000000e+00 1.000000e-01
3.111150e+03 0.000000e+00 1.000000e+00 1.000000e-01
3.111160e+03 0.000000e+00 1.000000e+00 1.000000e-01
3.111170e+03 0.000000e+00 1.000000e+00 1.000000e-01
3.111180e+03 0.000000e+00 1.000000e+00 1.000000e-01
3.111190e+03 0.000000e+00 1.000000e+00 1.000000e-01
3.111200e+03 0.000000e+00 1.000000e+00 1.000000e-01
3.111210e+03 0.000000e+00 1.000000e+00 1.000000e-01
3.111220e+03 0.000000e+00 1.000000e+00 1.000000e-01
3.111230e+03 0.000000e+00 1.000000e+00 1.000000e-01
3.111240e+03 0.000000e+00 1.000000e+00 1.000000e-01
3.111250e+03 0.000000e+00 1.000000e+00 1.000000e-01
3.111260e+03 0.000000e+00 1.000000e+00 1.000000e-01
3.111270e+03 0.000000e+00 1.000000e+00 1.000000e-01
3.111280e+03 0.000000e+00 1.000000e+00 1.000000e-01
3.111290e+03 0.000000e+00 1.000000e+00 1.000000e-01
3.111300e+03 0.000000e+00 1.000000e+00 1.000000e-01
3.111310e+03 0.000000e+00 1.000000e+00 1.000000e-01
3.111320e+03 0.000000e+00 1.000000e+00 1.000000e-01
3.111330e+03 0.000000e+00 1.000000e+00 1.000000e-01
3.111340e+03 0.000000e+00 1.000000e+00 1.000000e-01
3.111350e+03 0.000000e+00 1.000000e+00 1.000000e-01
3.111360e+03 0.000000e+00 1.000000e+00 1.000000e-01
3.111370e+03 0.000000e+00 1.000000e+00 1.000000e-01
3.111380e+03 0.000000e+00 1.000000e+00 1.000000e-01
3.111390e+03 0.000000e+00 1.000000e+00 1.000000e-01
3.111400e+03 0.000000e+00 1.000000e+00 1.000000e-01
3.111410e+03 0.000000e+00 1.000000e+00 1.000000e-01
3.111420e+03 0.000000e+00 1.000000e+00 1.000000e-01
3.111430e+03 0.000000e+00 1.000000e+00 1.000000e-01
3.111440e+03 0.000000e+00 1.000000e+00 1.000000e-01
3.111450e+03 0.000000e+00 1.000000e+00 1.000000e-01
3.111460e+03 0.000000e+00 1.000000e+00 1.000000e-01
3.111470e+03 0.000000e+00 1.000000e+00 1.000000e-01
3.111480e+03 0.000000e+00 1.000000e+00 1.000000e-01
3.111490e+03 0.000000e+00 1.000000e+00 1.000000e-01
3.111500e+03 0.000000e+00 1.000000e+00 1.000000e-01
3.111510e+03 0.000000e+00 1.000000e+00 1.000000e-01
3.111520e+03 0.000000e+00 1.000000e+00 1.000000e-01
3.111530e+03 0.000000e+00 1.000000e+00 1.000000e-01
3.111540e+03 0.000000e+00 1.000000e+00 1.000000e-01
3.111550e+03 0.000000e+00 1.000000e+00 1.000000e-01
3.111560e+03 0.000000e+00 1.000000e+00 1.000000e-01
3.111570e+03 0.000000e+00 1.000000e+00 1.000000e-01
3.111580e+03 0.000000e+00 1.000000e+00 1.000000e-01
3.111590e+03 0.000000e+00 1.000000e+00 1.000000e-01
3.111600e+03 0.000000e+00 1.000000e+00 1.000000e-01
3.111610e+03 0.000000e+00 1.000000e+00 1.000000e-01
3.111620e+03 0.000000e+00 1.000000e+00 1.000000e-01
3.111630e+03 0.000000e+00 1.000000e+00 1.000000e-01
3.111640e+03 0.000000e+00 1.000000e+00 1.000000e-01
3.111650e+03 0.000000e+00 1.000000e+00 1.000000e-01
3.111660e+03 0.000000e+00 1.000000e+00 1.000000e-01
3.111670e+03 0.000000e+00 1.000000e+00 1.000000e-01
3.111680e+03 0.000000e+00 1.000000e+00 1.000000e-01
3.111690e+03 0.000000e+00 1.000000e+00 1.000000e-01
3.111700e+03 0.000000e+00 1.000000e+00 1.000000e-01
3.111710e+03 0.000000e+00 1.000000e+00 1.000000e-01
3.111720e+03 0.000000e+00 1.000000e+00 1.000000e-01
3.111730e+03 0.000000e+00 1.000000e+00 1.000000e-01
3.111740e+03 0.000000e+00 1.000000e+00 1.000000e-01
3.111750e+03 0.000000e+00 1.000000e+00 1.000000e-01
3.111760e+03 0.000000e+00 1.000000e+00 1.000000e-01
3.111770e+03 0.000000e+00 1.000000e+00 1.000000e-01
3.111780e+03 0.000000e+00 1.000000e+00 1.000000e-01
3.111790e+03 0.000000e+00 1.000000e+00 1.000000e-01
3.111800e+03 0.000000e+00 1.000000e+00 1.000000e-01
3.111810e+03 0.000000e+00 1.000000e+00 1.000000e-01
3.111820e+03 0.000000e+00 1.000000e+00 1.000000e-01
3.111830e+03 0.000000e+00 1.000000e+00 1.000000e-01
3.111840e+03 0.000000e+00 1.000000e+00 1.000000e-01
3.111850e+03 0.000000e+00 1.000000e+00 1.000000e-01
3.111860e+03 0.000000e+00 1.000000e+00 1.000000e-01
3.111870e+03 0.000000e+00 1.000000e+00 1.000000e-01
3.111880e+03 0.000000e+00 1.000000e+00 1.000000e-01
3.111890e+03 0.000000e+00 1.000000e+00 1.000000e-01
3.111900e+03 0.000000e+00 1.000000e+00 1.000000e-01
3.111910e+03 0.000000e+00 1.000000e+00 1.000000e-01
3.111920e+03 0.000000e+00 1.000000e+00 1.000000e-01
3.111930e+03 0.000000e+00 1.000000e+00 1.000000e-01
3.111940e+03 0.000000e+00 1.000000e+00 1.000000e-01
3.111950e+03 0.000000e+00 1.000000e+00 1.000000e-01
3.111960e+03 0.000000e+00 1.000000e+00 1.000000e-01
3.111970e+03 0.000000e+00 1.000000e+00 1.000000e-01
3.111980e+03 0.000000e+00 1.000000e+00 1.000000e-01
3.111990e+03 0.000000e+00 1.000000e+00 1.000000e-01
3.112000e+03 0.000000e+00 1.000000e+00 1.000000e-01
3.112010e+03 0.000000e+00 1.000000e+00 1.000000e-01
3.112020e+03 0.000000e+00 1.000000e+00 1.000000e-01
3.112030e+03 0.000000e+00 1.000000e+00 1.000000e-01
3.112040e+03 0.000000e+00 1.000000e+00 1.000000e-01
3.112050e+03 0.000000e+00 1.000000e+00 1.000000e-01
3.112060e+03 0.000000e+00 1.000000e+00 1.000000e-01
3.112070e+03 0.000000e+00 1.000000e+00 1.000000e-01
3.112080e+03 0.000000e+00 1.000000e+00 1.000000e-01
3.112090e+03 0.000000e+00 1.000000e+00 1.000000e-01
3.112100e+03 0.000000e+00 1.000000e+00 1.000000e-01
3.112110e+03 0.000000e+00 1.000000e+00 1.000000e-01
3.112120e+03 0.000000e+00 1.000000e+00 1.000000e-01
3.112130e+03 0.000000e+00 1.000000e+00 1.000000e-01
3.112140e+03 0.000000e+00 1.000000e+00 1.000000e-01
3.112150e+03 0.000000e+00 1.000000e+00 1.000000e-01
3.112160e+03 0.000000e+00 1.000000e+00 1.000000e-01
3.112170e+03 0.000000e+00 1.000000e+00 1.000000e-01
3.112180e+03 0.000000e+00 1.000000e+00 1.000000e-01
3.112190e+03 0.000000e+00 1.000000e+00 1.000000e-01
3.112200e+03 0.000000e+00 1.000000e+00 1.000000e-01
3.112210e+03 0.000000e+00 1.000000e+00 1.000000e-01
3.112220e+03 0.000000e+00 1.000000e+00 1.000000e-01
3.112230e+03 0.000000e+00 1.000000e+00 1.000000e-01
3.112240e+03 0.000000e+00 1.000000e+00 1.000000e-01
3.112250e+03 0.000000e+00 1.000000e+00 1.000000e-01
3.112260e+03 0.000000e+00 1.000000e+00 1.000000e-01
3.112270e+03 0.000000e+00 1.000000e+00 1.000000e-01
3.112280e+03 0.000000e+00 1.000000e+00 1.000000e-01
3.112290e+03 0.000000e+00 1.000000e+00 1.000000e-01
3.112300e+03 0.000000e+00 1.000000e+00 1.000000e-01
3.112310e+03 0.000000e+00 1.000000e+00 1.000000e-01
3.112320e+03 0.000000e+00 1.000000e+00 1.000000e-01
3.112330e+03 0.000000e+00 1.000000e+00 1.000000e-01
3.112340e+03 0.000000e+00 1.000000e+00 1.000000e-01
3.112350e+03 0.000000e+00 1.000000e+00 1.000000e-01
3.112360e+03 0.000000e+00 1.000000e+00 1.000000e-01
3.112370e+03 0.000000e+00 1.000000e+00 1.000000e-01
3.112380e+03 0.000000e+00 1.000000e+00 1.000000e-01
3.112390e+03 0.000000e+00 1.000000e+00 1.000000e-01
3.112400e+03 0.000000e+00 1.000000e+00 1.000000e-01
3.112410e+03 0.000000e+00 1.000000e+00 1.000000e-01
3.112420e+03 0.000000e+00 1.000000e+00 1.000000e-01
3.112430e+03 0.000000e+00 1.000000e+00 1.000000e-01
3.112440e+03 0.000000e+00 1.000000e+00 1.000000e-01
3.112450e+03 0.000000e+00 1.000000e+00 1.000000e-01
3.112460e+03 0.000000e+00 1.000000e+00 1.000000e-01
3.112470e+03 0.000000e+00 1.000000e+00 1.000000e-01
3.112480e+03 0.000000e+00 1.000000e+00 1.000000e-01
3.112490e+03 0.000000e+00 1.000000e+00 1.000000e-01
3.112500e+03 0.000000e+00 1.000000e+00 1.000000e-01
3.112510e+03 0.000000e+00 1.000000e+00 1.000000e-01
3.112520e+03 0.000000e+00 1.000000e+00 1.000000e-01
3.112530e+03 0.000000e+00 1.000000e+00 1.000000e-01
3.112540e+03 0.000000e+00 1.000000e+00 1.000000e-01
3.112550e+03 0.000000e+00 1.000000e+00 1.000000e-01
3.112560e+03 0.000000e+00 1.000000e+00 1.000000e-01
3.112570e+03 0.000000e+00 1.000000e+00 1.000000e-01
3.112580e+03 0.000000e+00 1.000000e+00 1.000000e-01
3.112590e+03 0.000000e+00 1.000000e+00 1.000000e-01
3.112600e+03 0.000000e+00 1.000000e+00 1.000000e-01
3.112610e+03 0.000000e+00 1.000000e+00 1.000000e-01
3.112620e+03 0.000000e+00 1.000000e+00 1.000000e-01
3.112630e+03 0.000000e+00 1.000000e+00 1.000000e-01
3.112640e+03 0.000000e+00 1.000000e+00 1.000000e-01
3.112650e+03 0.000000e+00 1.000000e+00 1.000000e-01
3.112660e+03 0.000000e+00 1.000000e+00 1.000000e-01
3.112670e+03 0.000000e+00 1.000000e+00 1.000000e-01
3.112680e+03 0.000000e+00 1.000000e+00 1.000000e-01
3.112690e+03 0.000000e+00 1.000000e+00 1.000000e-01
3.112700e+03 0.000000e+00 1.000000e+00 1.000000e-01
3.112710e+03 0.000000e+00 1.000000e+00 1.000000e-01
3.112720e+03 0.000000e+00 1.000000e+00 1.000000e-01
3.112730e+03 0.000000e+00 1.000000e+00 1.000000e-01
3.112740e+03 0.000000e+00 1.000000e+00 1.000000e-01
3.112750e+03 0.000000e+00 1.000000e+00 1.000000e-01
3.112760e+03 0.000000e+00 1.000000e+00 1.000000e-01
3.112770e+03 0.000000e+00 1.000000e+00 1.000000e-01
3.112780e+03 0.000000e+00 1.000000e+00 1.000000e-01
3.112790e+03 0.000000e+00 1.000000e+00 1.000000e-01
3.112800e+03 0.000000e+00 1.000000e+00 1.000000e-01
3.112810e+03 0.000000e+00 1.000000e+00 1.000000e-01
3.112820e+03 0.000000e+00 1.000000e+00 1.000000e-01
3.112830e+03 0.000000e+00 1.000000e+00 1.000000e-01
3.112840e+03 0.000000e+00 1.000000e+00 1.000000e-01
3.112850e+03 0.000000e+00 1.000000e+00 1.000000e-01
3.112860e+03 0.000000e+00 1.000000e+00 1.000000e-01
3.112870e+03 0.000000e+00 1.000000e+00 1.000000e-01
3.112880e+03 0.000000e+00 1.000000e+00 1.000000e-01
3.112890e+03 0.000000e+00 1.000000e+00 1.000000e-01
3.112900e+03 0.000000e+00 1.000000e+00 1.000000e-01
3.112910e+03 0.000000e+00 1.000000e+00 1.000000e-01
3.112920e+03 0.000000e+00 1.000000e+00 1.000000e-01
3.112930e+03 0.000000e+00 1.000000e+00 1.000000e-01
3.112940e+03 0.000000e+00 1.000000e+00 1.000000e-01
3.112950e+03 0.000000e+00 1.000000e+00 1.000000e-01
3.112960e+03 0.000000e+00 1.000000e+00 1.000000e-01
3.112970e+03 0.000000e+00 1.000000e+00 1.000000e-01
3.112980e+03 0.000000e+00 1.000000e+00 1.000000e-01
3.112990e+03 0.000000e+00 1.000000e+00 1.000000e-01
3.113000e+03 0.000000e+00 1.000000e+00 1.000000e-01
3.113010e+03 0.000000e+00 1.000000e+00 1.000000e-01
3.113020e+03 0.000000e+00 1.000000e+00 1.000000e-01
3.113030e+03 0.000000e+00 1.000000e+00 1.000000e-01
3.113040e+03 0.000000e+00 1.000000e+00 1.000000e-01
3.113050e+03 0.000000e+00 1.000000e+00 1.000000e-01
3.113060e+03 0.000000e+00 1.000000e+00 1.000000e-01
3.113070e+03 0.000000e+00 1.000000e+00 1.000000e-01
3.113080e+03 0.000000e+00 1.000000e+00 1.000000e-01
3.113090e+03 0.000000e+00 1.000000e+00 1.000000e-01
3.113100e+03 0.000000e+00 1.000000e+00 1.000000e-01
3.113110e+03 0.000000e+00 1.000000e+00 1.000000e-01
3.113120e+03 0.000000e+00 1.000000e+00 1.000000e-01
3.113130e+03 0.000000e+00 1.000000e+00 1.000000e-01
3.113140e+03 0.000000e+00 1.000000e+00 1.000000e-01
3.113150e+03 0.000000e+00 1.000000e+00 1.000000e-01
3.113160e+03 0.000000e+00 1.000000e+00 1.000000e-01
3.113170e+03 0.000000e+00 1.000000e+00 1.000000e-01
3.113180e+03 0.000000e+00 1.000000e+00 1.000000e-01
3.113190e+03 0.000000e+00 1.000000e+00 1.000000e-01
3.113200e+03 0.000000e+00 1.000000e+00 1.000000e-01
3.113210e+03 0.000000e+00 1.000000e+00 1.000000e-01
3.113220e+03 0.000000e+00 1.000000e+00 1.000000e-01
3.113230e+03 0.000000e+00 1.000000e+00 1.000000e-01
3.113240e+03 0.000000e+00 1.000000e+00 1.000000e-01
3.113250e+03 0.000000e+00 1.000000e+00 1.000000e-01
3.113260e+03 0.000000e+00 1.000000e+00 1.000000e-01
3.113270e+03 0.000000e+00 1.000000e+00 1.000000e-01
3.113280e+03 0.000000e+00 1.000000e+00 1.000000e-01
3.113290e+03 0.000000e+00 1.000000e+00 1.000000e-01
3.113300e+03 0.000000e+00 1.000000e+00 1.000000e-01
3.113310e+03 0.000000e+00 1.000000e+00 1.000000e-01
3.113320e+03 0.000000e+00 1.000000e+00 1.000000e-01
3.113330e+03 0.000000e+00 1.000000e+00 1.000000e-01
3.113340e+03 0.000000e+00 1.000000e+00 1.000000e-01
3.113350e+03 0.000000e+00 1.000000e+00 1.000000e-01
3.113360e+03 0.000000e+00 1.000000e+00 1.000000e-01
3.113370e+03 0.000000e+00 1.000000e+00 1.000000e-01
3.113380e+03 0.000000e+00 1.000000e+00 1.000000e-01
3.113390e+03 0.000000e+00 1.000000e+00 1.000000e-01
3.113400e+03 0.000000e+00 1.000000e+00 1.000000e-01
3.113410e+03 0.000000e+00 1.000000e+00 1.000000e-01
3.113420e+03 0.000000e+00 1.000000e+00 1.000000e-01
3.113430e+03 0.000000e+00 1.000000e+00 1.000000e-01
3.113440e+03 0.000000e+00 1.000000e+00 1.000000e-01
3.113450e+03 0.000000e+00 1.000000e+00 1.000000e-01
3.113460e+03 0.000000e+00 1.000000e+00 1.000000e-01
3.113470e+03 0.000000e+00 1.000000e+00 1.000000e-01
3.113480e+03 0.000000e+00 1.000000e+00 1.000000e-01
3.113490e+03 0.000000e+00 1.000000e+00 1.000000e-01
3.113500e+03 0.000000e+00 1.000000e+00 1.000000e-01
3.113510e+03 0.000000e+00 1.000000e+00 1.000000e-01
3.113520e+03 0.000000e+00 1.000000e+00 1.000000e-01
3.113530e+03 0.000000e+00 1.000000e+00 1.000000e-01
3.113540e+03 0.000000e+00 1.000000e+00 1.000000e-01
3.113550e+03 0.000000e+00 1.000000e+00 1.000000e-01
3.113560e+03 0.000000e+00 1.000000e+00 1.000000e-01
3.113570e+03 0.000000e+00 1.000000e+00 1.000000e-01
3.113580e+03 0.000000e+00 1.000000e+00 1.000000e-01
3.113590e+03 0.000000e+00 1.000000e+00 1.000000e-01
3.113600e+03 0.000000e+00 1.000000e+00 1.000000e-01
3.113610e+03 0.000000e+00 1.000000e+00 1.000000e-01
3.113620e+03 0.000000e+00 1.000000e+00 1.000000e-01
3.113630e+03 0.000000e+00 1.000000e+00 1.000000e-01
3.113640e+03 0.000000e+00 1.000000e+00 1.000000e-01
3.113650e+03 0.000000e+00 1.000000e+00 1.000000e-01
3.113660e+03 0.000000e+00 1.000000e+00 1.000000e-01
3.113670e+03 0.000000e+00 1.000000e+00 1.000000e-01
3.113680e+03 0.000000e+00 1.000000e+00 1.000000e-01
3.113690e+03 0.000000e+00 1.000000e+00 1.000000e-01
3.113700e+03 0.000000e+00 1.000000e+00 1.000000e-01
3.113710e+03 0.000000e+00 1.000000e+00 1.000000e-01
3.113720e+03 0.000000e+00 1.000000e+00 1.000000e-01
3.113730e+03 0.000000e+00 1.000000e+00 1.000000e-01
3.113740e+03 0.000000e+00 1.000000e+00 1.000000e-01
3.113750e+03 0.000000e+00 1.000000e+00 1.000000e-01
3.113760e+03 0.000000e+00 1.000000e+00 1.000000e-01
3.113770e+03 0.000000e+00 1.000000e+00 1.000000e-01
3.113780e+03 0.000000e+00 1.000000e+00 1.000000e-01
3.113790e+03 0.000000e+00 1.000000e+00 1.000000e-01
3.113800e+03 0.000000e+00 1.000000e+00 1.000000e-01
3.113810e+03 0.000000e+00 1.000000e+00 1.000000e-01
3.113820e+03 0.000000e+00 1.000000e+00 1.000000e-01
3.113830e+03 0.000000e+00 1.000000e+00 1.000000e-01
3.113840e+03 0.000000e+00 1.000000e+00 1.000000e-01
3.113850e+03 0.000000e+00 1.000000e+00 1.000000e-01
3.113860e+03 0.000000e+00 1.000000e+00 1.000000e-01
3.113870e+03 0.000000e+00 1.000000e+00 1.000000e-01
3.113880e+03 0.000000e+00 1.000000e+00 1.000000e-01
3.113890e+03 0.000000e+00 1.000000e+00 1.000000e-01
3.113900e+03 0.000000e+00 1.000000e+00 1.000000e-01
3.113910e+03 0.000000e+00 1.000000e+00 1.000000e-01
3.113920e+03 0.000000e+00 1.000000e+00 1.000000e-01
3.113930e+03 0.000000e+00 1.000000e+00 1.000000e-01
3.113940e+03 0.000000e+00 1.000000e+00 1.000000e-01
3.113950e+03 0.000000e+00 1.000000e+00 1.000000e-01
3.113960e+03 0.000000e+00 1.000000e+00 1.000000e-01
3.113970e+03 0.000000e+00 1.000000e+00 1.000000e-01
3.113980e+03 0.000000e+00 1.000000e+00 1.000000e-01
3.113990e+03 0.000000e+00 1.000000e+00 1.000000e-01
3.114000e+03 0.000000e+00 1.000000e+00 1.000000e-01
3.114010e+03 0.000000e+00 1.000000e+00 1.000000e-01
3.114020e+03 0.000000e+00 1.000000e+00 1.000000e-01
3.114030e+03 0.000000e+00 1.000000e+00 1.000000e-01
3.114040e+03 0.000000e+00 1.000000e+00 1.000000e-01
3.114050e+03 0.000000e+00 1.000000e+00 1.000000e-01
3.114060e+03 0.000000e+00 1.000000e+00 1.000000e-01
3.114070e+03 0.000000e+00 1.000000e+00 1.000000e-01
3.114080e+03 0.000000e+00 1.000000e+00 1.000000e-01
3.114090e+03 0.000000e+00 1.000000e+00 1.000000e-01
3.114100e+03 0.000000e+00 1.000000e+00 1.000000e-01
3.114110e+03 0.000000e+00 1.000000e+00 1.000000e-01
3.114120e+03 0.000000e+00 1.000000e+00 1.000000e-01
3.114130e+03 0.000000e+00 1.000000e+00 1.000000e-01
3.114140e+03 0.000000e+00 1.000000e+00 1.000000e-01
3.114150e+03 0.000000e+00 1.000000e+00 1.000000e-01
3.114160e+03 0.000000e+00 1.000000e+00 1.000000e-01
3.114170e+03 0.000000e+00 1.000000e+00 1.000000e-01
3.114180e+03 0.000000e+00 1.000000e+00 1.000000e-01
3.114190e+03 0.000000e+00 1.000000e+00 1.000000e-01
3.114200e+03 0.000000e+00 1.000000e+00 1.000000e-01
3.114210e+03 0.000000e+00 1.000000e+00 1.000000e-01
3.114220e+03 0.000000e+00 1.000000e+00 1.000000e-01
3.114230e+03 0.000000e+00 1.000000e+00 1.000000e-01
3.114240e+03 0.000000e+00 1.000000e+00 1.000000e-01
3.114250e+03 0.000000e+00 1.000000e+00 1.000000e-01
3.114260e+03 0.000000e+00 1.000000e+00 1.000000e-01
3.114270e+03 0.000000e+00 1.000000e+00 1.000000e-01
3.114280e+03 0.000000e+00 1.000000e+00 1.000000e-01
3.114290e+03 0.000000e+00 1.000000e+00 1.000000e-01
3.114300e+03 0.000000e+00 1.000000e+00 1.000000e-01
3.114310e+03 0.000000e+00 1.000000e+00 1.000000e-01
3.114320e+03 0.000000e+00 1.000000e+00 1.000000e-01
3.114330e+03 0.000000e+00 1.000000e+00 1.000000e-01
3.114340e+03 0.000000e+00 1.000000e+00 1.000000e-01
3.114350e+03 0.000000e+00 1.000000e+00 1.000000e-01
3.114360e+03 0.000000e+00 1.000000e+00 1.000000e-01
3.114370e+03 0.000000e+00 1.000000e+00 1.000000e-01
3.114380e+03 0.000000e+00 1.000000e+00 1.000000e-01
3.114390e+03 0.000000e+00 1.000000e+00 1.000000e-01
3.114400e+03 0.000000e+00 1.000000e+00 1.000000e-01
3.114410e+03 0.000000e+00 1.000000e+00 1.000000e-01
3.114420e+03 0.000000e+00 1.000000e+00 1.000000e-01
3.114430e+03 0.000000e+00 1.000000e+00 1.000000e-01
3.114440e+03 0.000000e+00 1.000000e+00 1.000000e-01
3.114450e+03 0.000000e+00 1.000000e+00 1.000000e-01
3.114460e+03 0.000000e+00 1.000000e+00 1.000000e-01
3.114470e+03 0.000000e+00 1.000000e+00 1.000000e-01
3.114480e+03 0.000000e+00 1.000000e+00 1.000000e-01
3.114490e+03 0.000000e+00 1.000000e+00 1.000000e-01
3.114500e+03 0.000000e+00 1.000000e+00 1.000000e-01
3.114510e+03 0.000000e+00 1.000000e+00 1.000000e-01
3.114520e+03 0.000000e+00 1.000000e+00 1.000000e-01
3.114530e+03 0.000000e+00 1.000000e+00 1.000000e-01
3.114540e+03 0.000000e+00 1.000000e+00 1.000000e-01
3.114550e+03 0.000000e+00 1.000000e+00 1.000000e-01
3.114560e+03 0.000000e+00 1.000000e+00 1.000000e-01
3.114570e+03 0.000000e+00 1.000000e+00 1.000000e-01
3.114580e+03 0.000000e+00 1.000000e+00 1.000000e-01
3.114590e+03 0.000000e+00 1.000000e+00 1.000000e-01
3.114600e+03 0.000000e+00 1.000000e+00 1.000000e-01
3.114610e+03 0.000000e+00 1.000000e+00 1.000000e-01
3.114620e+03 0.000000e+00 1.000000e+00 1.000000e-01
3.114630e+03 0.000000e+00 1.000000e+00 1.000000e-01
3.114640e+03 0.000000e+00 1.000000e+00 1.000000e-01
3.114650e+03 0.000000e+00 1.000000e+00 1.000000e-01
3.114660e+03 0.000000e+00 1.000000e+00 1.000000e-01
3.114670e+03 0.000000e+00 1.000000e+00 1.000000e-01
3.114680e+03 0.000000e+00 1.000000e+00 1.000000e-01
3.114690e+03 0.000000e+00 1.000000e+00 1.000000e-01
3.114700e+03 0.000000e+00 1.000000e+00 1.000000e-01
3.114710e+03 0.000000e+00 1.000000e+00 1.000000e-01
3.114720e+03 0.000000e+00 1.000000e+00 1.000000e-01
3.114730e+03 0.000000e+00 1.000000e+00 1.000000e-01
3.114740e+03 0.000000e+00 1.000000e+00 1.000000e-01
3.114750e+03 0.000000e+00 1.000000e+00 1.000000e-01
3.114760e+03 0.000000e+00 1.000000e+00 1.000000e-01
3.114770e+03 0.000000e+00 1.000000e+00 1.000000e-01
3.114780e+03 0.000000e+00 1.000000e+00 1.000000e-01
3.114790e+03 0.000000e+00 1.000000e+00 1.000000e-01
3.114800e+03 0.000000e+00 1.000000e+00 1.000000e-01
3.114810e+03 0.000000e+00 1.000000e+00 1.000000e-01
3.114820e+03 0.000000e+00 1.000000e+00 1.000000e-01
3.114830e+03 0.000000e+00 1.000000e+00 1.000000e-01
3.114840e+03 0.000000e+00 1.000000e+00 1.000000e-01
3.114850e+03 0.000000e+00 1.000000e+00 1.000000e-01
3.114860e+03 0.000000e+00 1.000000e+00 1.000000e-01
3.114870e+03 0.000000e+00 1.000000e+00 1.000000e-01
3.114880e+03 0.000000e+00 1.000000e+00 1.000000e-01
3.114890e+03 0.000000e+00 1.000000e+00 1.000000e-01
3.114900e+03 0.000000e+00 1.000000e+00 1.000000e-01
3.114910e+03 0.000000e+00 1.000000e+00 1.000000e-01
3.114920e+03 0.000000e+00 1.000000e+00 1.000000e-01
3.114930e+03 0.000000e+00 1.000000e+00 1.000000e-01
3.114940e+03 0.000000e+00 1.000000e+00 1.000000e-01
3.114950e+03 0.000000e+00 1.000000e+00 1.000000e-01
3.114960e+03 0.000000e+00 1.000000e+00 1.000000e-01
3.114970e+03 0.000000e+00 1.000000e+00 1.000000e-01
3.114980e+03 0.000000e+00 1.000000e+00 1.000000e-01
3.114990e+03 0.000000e+00 1.000000e+00 1.000000e-01
3.115000e+03 0.000000e+00 1.000000e+00 1.000000e-01
3.115010e+03 0.000000e+00 1.000000e+00 1.000000e-01
3.115020e+03 0.000000e+00 1.000000e+00 1.000000e-01
3.115030e+03 0.000000e+00 1.000000e+00 1.000000e-01
3.115040e+03 0.000000e+00 1.000000e+00 1.000000e-01
3.115050e+03 0.000000e+00 1.000000e+00 1.000000e-01
3.115060e+03 0.000000e+00 1.000000e+00 1.000000e-01
3.115070e+03 0.000000e+00 1.000000e+00 1.000000e-01
3.115080e+03 0.000000e+00 1.000000e+00 1.000000e-01
3.115090e+03 0.000000e+00 1.000000e+00 1.000000e-01
3.115100e+03 0.000000e+00 1.000000e+00 1.000000e-01
3.115110e+03 0.000000e+00 1.000000e+00 1.000000e-01
3.115120e+03 0.000000e+00 1.000000e+00 1.000000e-01
3.115130e+03 0.000000e+00 1.000000e+00 1.000000e-01
3.115140e+03 0.000000e+00 1.000000e+00 1.000000e-01
3.115150e+03 0.000000e+00 1.000000e+00 1.000000e-01
3.115160e+03 0.000000e+00 1.000000e+00 1.000000e-01
3.115170e+03 0.000000e+00 1.000000e+00 1.000000e-01
3.115180e+03 0.000000e+00 1.000000e+00 1.000000e-01
3.115190e+03 0.000000e+00 1.000000e+00 1.000000e-01
3.115200e+03 0.000000e+00 1.000000e+00 1.000000e-01
3.115210e+03 0.000000e+00 1.000000e+00 1.000000e-01
3.115220e+03 0.000000e+00 1.000000e+00 1.000000e-01
3.115230e+03 0.000000e+00 1.000000e+00 1.000000e-01
3.115240e+03 0.000000e+00 1.000000e+00 1.000000e-01
3.115250e+03 0.000000e+00 1.000000e+00 1.000000e-01
3.115260e+03 0.000000e+00 1.000000e+00 1.000000e-01
3.115270e+03 0.000000e+00 1.000000e+00 1.000000e-01
3.115280e+03 0.000000e+00 1.000000e+00 1.000000e-01
3.115290e+03 0.000000e+00 1.000000e+00 1.000000e-01
3.115300e+03 0.000000e+00 1.000000e+00 1.000000e-01
3.115310e+03 0.000000e+00 1.000000e+00 1.000000e-01
3.115320e+03 0.000000e+00 1.000000e+00 1.000000e-01
3.115330e+03 0.000000e+00 1.000000e+00 1.000000e-01
3.115340e+03 0.000000e+00 1.000000e+00 1.000000e-01
3.115350e+03 0.000000e+00 1.000000e+00 1.000000e-01
3.115360e+03 0.000000e+00 1.000000e+00 1.000000e-01
3.115370e+03 0.000000e+00 1.000000e+00 1.000000e-01
3.115380e+03 0.000000e+00 1.000000e+00 1.000000e-01
3.115390e+03 0.000000e+00 1.000000e+00 1.000000e-01
3.115400e+03 0.000000e+00 1.000000e+00 1.000000e-01
3.115410e+03 0.000000e+00 1.000000e+00 1.000000e-01
3.115420e+03 0.000000e+00 1.000000e+00 1.000000e-01
3.115430e+03 0.000000e+00 1.000000e+00 1.000000e-01
3.115440e+03 0.000000e+00 1.000000e+00 1.000000e-01
3.115450e+03 0.000000e+00 1.000000e+00 1.000000e-01
3.115460e+03 0.000000e+00 1.000000e+00 1.000000e-01
3.115470e+03 0.000000e+00 1.000000e+00 1.000000e-01
3.115480e+03 0.000000e+00 1.000000e+00 1.000000e-01
3.115490e+03 0.000000e+00 1.000000e+00 1.000000e-01
3.115500e+03 0.000000e+00 1.000000e+00 1.000000e-01
3.115510e+03 0.000000e+00 1.000000e+00 1.000000e-01
3.115520e+03 0.000000e+00 1.000000e+00 1.000000e-01
3.115530e+03 0.000000e+00 1.000000e+00 1.000000e-01
3.115540e+03 0.000000e+00 1.000000e+00 1.000000e-01
3.115550e+03 0.000000e+00 1.000000e+00 1.000000e-01
3.115560e+03 0.000000e+00 1.000000e+00 1.000000e-01
3.115570e+03 0.000000e+00 1.000000e+00 1.000000e-01
3.115580e+03 0.000000e+00 1.000000e+00 1.000000e-01
3.115590e+03 0.000000e+00 1.000000e+00 1.000000e-01
3.115600e+03 0.000000e+00 1.000000e+00 1.000000e-01
3.115610e+03 0.000000e+00 1.000000e+00 1.000000e-01
3.115620e+03 0.000000e+00 1.000000e+00 1.000000e-01
3.115630e+03 0.000000e+00 1.000000e+00 1.000000e-01
3.115640e+03 0.000000e+00 1.000000e+00 1.000000e-01
3.115650e+03 0.000000e+00 1.000000e+00 1.000000e-01
3.115660e+03 0.000000e+00 1.000000e+00 1.000000e-01
3.115670e+03 0.000000e+00 1.000000e+00 1.000000e-01
3.115680e+03 0.000000e+00 1.000000e+00 1.000000e-01
3.115690e+03 0.000000e+00 1.000000e+00 1.000000e-01
3.115700e+03 0.000000e+00 1.000000e+00 1.000000e-01
3.115710e+03 0.000000e+00 1.000000e+00 1.000000e-01
3.115720e+03 0.000000e+00 1.000000e+00 1.000000e-01
3.115730e+03 0.000000e+00 1.000000e+00 1.000000e-01
3.115740e+03 0.000000e+00 1.000000e+00 1.000000e-01
3.115750e+03 0.000000e+00 1.000000e+00 1.000000e-01
3.115760e+03 0.000000e+00 1.000000e+00 1.000000e-01
3.115770e+03 0.000000e+00 1.000000e+00 1.000000e-01
3.115780e+03 0.000000e+00 1.000000e+00 1.000000e-01
3.115790e+03 0.000000e+00 1.000000e+00 1.000000e-01
3.115800e+03 0.000000e+00 1.000000e+00 1.000000e-01
3.115810e+03 0.000000e+00 1.000000e+00 1.000000e-01
3.115820e+03 0.000000e+00 1.000000e+00 1.000000e-01
3.115830e+03 0.000000e+00 1.000000e+00 1.000000e-01
3.115840e+03 0.000000e+00 1.000000e+00 1.000000e-01
3.115850e+03 0.000000e+00 1.000000e+00 1.000000e-01
3.115860e+03 0.000000e+00 1.000000e+00 1.000000e-01
3.115870e+03 0.000000e+00 1.000000e+00 1.000000e-01
3.115880e+03 0.000000e+00 1.000000e+00 1.000000e-01
3.115890e+03 0.000000e+00 1.000000e+00 1.000000e-01
3.115900e+03 0.000000e+00 1.000000e+00 1.000000e-01
3.115910e+03 0.000000e+00 1.000000e+00 1.000000e-01
3.115920e+03 0.000000e+00 1.000000e+00 1.000000e-01
3.115930e+03 0.000000e+00 1.000000e+00 1.000000e-01
3.115940e+03 0.000000e+00 1.000000e+00 1.000000e-01
3.115950e+03 0.000000e+00 1.000000e+00 1.000000e-01
3.115960e+03 0.000000e+00 1.000000e+00 1.000000e-01
3.115970e+03 0.000000e+00 1.000000e+00 1.000000e-01
3.115980e+03 0.000000e+00 1.000000e+00 1.000000e-01
3.115990e+03 0.000000e+00 1.000000e+00 1.000000e-01
3.116000e+03 0.000000e+00 1.000000e+00 1.000000e-01
3.116010e+03 0.000000e+00 1.000000e+00 1.000000e-01
3.116020e+03 0.000000e+00 1.000000e+00 1.000000e-01
3.116030e+03 0.000000e+00 1.000000e+00 1.000000e-01
3.116040e+03 0.000000e+00 1.000000e+00 1.000000e-01
3.116050e+03 0.000000e+00 1.000000e+00 1.000000e-01
3.116060e+03 0.000000e+00 1.000000e+00 1.000000e-01
3.116070e+03 0.000000e+00 1.000000e+00 1.000000e-01
3.116080e+03 0.000000e+00 1.000000e+00 1.000000e-01
3.116090e+03 0.000000e+00 1.000000e+00 1.000000e-01
3.116100e+03 0.000000e+00 1.000000e+00 1.000000e-01
3.116110e+03 0.000000e+00 1.000000e+00 1.000000e-01
3.116120e+03 0.000000e+00 1.000000e+00 1.000000e-01
3.116130e+03 0.000000e+00 1.000000e+00 1.000000e-01
3.116140e+03 0.000000e+00 1.000000e+00 1.000000e-01
3.116150e+03 0.000000e+00 1.000000e+00 1.000000e-01
3.116160e+03 0.000000e+00 1.000000e+00 1.000000e-01
3.116170e+03 0.000000e+00 1.000000e+00 1.000000e-01
3.116180e+03 0.000000e+00 1.000000e+00 1.000000e-01
3.116190e+03 0.000000e+00 1.000000e+00 1.000000e-01
3.116200e+03 0.000000e+00 1.000000e+00 1.000000e-01
3.116210e+03 0.000000e+00 1.000000e+00 1.000000e-01
3.116220e+03 0.000000e+00 1.000000e+00 1.000000e-01
3.116230e+03 0.000000e+00 1.000000e+00 1.000000e-01
3.116240e+03 0.000000e+00 1.000000e+00 1.000000e-01
3.116250e+03 0.000000e+00 1.000000e+00 1.000000e-01
3.116260e+03 0.000000e+00 1.000000e+00 1.000000e-01
3.116270e+03 0.000000e+00 1.000000e+00 1.000000e-01
3.116280e+03 0.000000e+00 1.000000e+00 1.000000e-01
3.116290e+03 0.000000e+00 1.000000e+00 1.000000e-01
3.116300e+03 0.000000e+00 1.000000e+00 1.000000e-01
3.116310e+03 0.000000e+00 1.000000e+00 1.000000e-01
3.116320e+03 0.000000e+00 1.000000e+00 1.000000e-01
3.116330e+03 0.000000e+00 1.000000e+00 1.000000e-01
3.116340e+03 0.000000e+00 1.000000e+00 1.000000e-01
3.116350e+03 0.000000e+00 1.000000e+00 1.000000e-01
3.116360e+03 0.000000e+00 1.000000e+00 1.000000e-01
3.116370e+03 0.000000e+00 1.000000e+00 1.000000e-01
3.116380e+03 0.000000e+00 1.000000e+00 1.000000e-01
3.116390e+03 0.000000e+00 1.000000e+00 1.000000e-01
3.116400e+03 0.000000e+00 1.000000e+00 1.000000e-01
3.116410e+03 0.000000e+00 1.000000e+00 1.000000e-01
3.116420e+03 0.000000e+00 1.000000e+00 1.000000e-01
3.116430e+03 0.000000e+00 1.000000e+00 1.000000e-01
3.116440e+03 0.000000e+00 1.000000e+00 1.000000e-01
3.116450e+03 0.000000e+00 1.000000e+00 1.000000e-01
3.116460e+03 0.000000e+00 1.000000e+00 1.000000e-01
3.116470e+03 0.000000e+00 1.000000e+00 1.000000e-01
3.116480e+03 0.000000e+00 1.000000e+00 1.000000e-01
3.116490e+03 0.000000e+00 1.000000e+00 1.000000e-01
3.116500e+03 0.000000e+00 1.000000e+00 1.000000e-01
3.116510e+03 0.000000e+00 1.000000e+00 1.000000e-01
3.116520e+03 0.000000e+00 1.000000e+00 1.000000e-01
3.116530e+03 0.000000e+00 1.000000e+00 1.000000e-01
3.116540e+03 0.000000e+00 1.000000e+00 1.000000e-01
3.116550e+03 0.000000e+00 1.000000e+00 1.000000e-01
3.116560e+03 0.000000e+00 1.000000e+00 1.000000e-01
3.116570e+03 0.000000e+00 1.000000e+00 1.000000e-01
3.116580e+03 0.000000e+00 1.000000e+00 1.000000e-01
3.116590e+03 0.000000e+00 1.000000e+00 1.000000e-01
3.116600e+03 0.000000e+00 1.000000e+00 1.000000e-01
3.116610e+03 0.000000e+00 1.000000e+00 1.000000e-01
3.116620e+03 0.000000e+00 1.000000e+00 1.000000e-01
3.116630e+03 0.000000e+00 1.000000e+00 1.000000e-01
3.116640e+03 0.000000e+00 1.000000e+00 1.000000e-01
3.116650e+03 0.000000e+00 1.000000e+00 1.000000e-01
3.116660e+03 0.000000e+00 1.000000e+00 1.000000e-01
3.116670e+03 0.000000e+00 1.000000e+00 1.000000e-01
3.116680e+03 0.000000e+00 1.000000e+00 1.000000e-01
3.116690e+03 0.000000e+00 1.000000e+00 1.000000e-01
3.116700e+03 0.000000e+00 1.000000e+00 1.000000e-01
3.116710e+03 0.000000e+00 1.000000e+00 1.000000e-01
3.116720e+03 0.000000e+00 1.000000e+00 1.000000e-01
3.116730e+03 0.000000e+00 1.000000e+00 1.000000e-01
3.116740e+03 0.000000e+00 1.000000e+00 1.000000e-01
3.116750e+03 0.000000e+00 1.000000e+00 1.000000e-01
3.116760e+03 0.000000e+00 1.000000e+00 1.000000e-01
3.116770e+03 0.000000e+00 1.000000e+00 1.000000e-01
3.116780e+03 0.000000e+00 1.000000e+00 1.000000e-01
3.116790e+03 0.000000e+00 1.000000e+00 1.000000e-01
3.116800e+03 0.000000e+00 1.000000e+00 1.000000e-01
3.116810e+03 0.000000e+00 1.000000e+00 1.000000e-01
3.116820e+03 0.000000e+00 1.000000e+00 1.000000e-01
3.116830e+03 0.000000e+00 1.000000e+00 1.000000e-01
3.116840e+03 0.000000e+00 1.000000e+00 1.000000e-01
3.116850e+03 0.000000e+00 1.000000e+00 1.000000e-01
3.116860e+03 0.000000e+00 1.000000e+00 1.000000e-01
3.116870e+03 0.000000e+00 1.000000e+00 1.000000e-01
3.116880e+03 0.000000e+00 1.000000e+00 1.000000e-01
3.116890e+03 0.000000e+00 1.000000e+00 1.000000e-01
3.116900e+03 0.000000e+00 1.000000e+00 1.000000e-01
3.116910e+03 0.000000e+00 1.000000e+00 1.000000e-01
3.116920e+03 0.000000e+00 1.000000e+00 1.000000e-01
3.116930e+03 0.000000e+00 1.000000e+00 1.000000e-01
3.116940e+03 0.000000e+00 1.000000e+00 1.000000e-01
3.116950e+03 0.000000e+00 1.000000e+00 1.000000e-01
3.116960e+03 0.000000e+00 1.000000e+00 1.000000e-01
3.116970e+03 0.000000e+00 1.000000e+00 1.000000e-01
3.116980e+03 0.000000e+00 1.000000e+00 1.000000e-01
3.116990e+03 0.000000e+00 1.000000e+00 1.000000e-01
3.117000e+03 0.000000e+00 1.000000e+00 1.000000e-01
3.117010e+03 0.000000e+00 1.000000e+00 1.000000e-01
3.117020e+03 0.000000e+00 1.000000e+00 1.000000e-01
3.117030e+03 0.000000e+00 1.000000e+00 1.000000e-01
3.117040e+03 0.000000e+00 1.000000e+00 1.000000e-01
3.117050e+03 0.000000e+00 1.000000e+00 1.000000e-01
3.117060e+03 0.000000e+00 1.000000e+00 1.000000e-01
3.117070e+03 0.000000e+00 1.000000e+00 1.000000e-01
3.117080e+03 0.000000e+00 1.000000e+00 1.000000e-01
3.117090e+03 0.000000e+00 1.000000e+00 1.000000e-01
3.117100e+03 0.000000e+00 1.000000e+00 1.000000e-01
3.117110e+03 0.000000e+00 1.000000e+00 1.000000e-01
3.117120e+03 0.000000e+00 1.000000e+00 1.000000e-01
3.117130e+03 0.000000e+00 1.000000e+00 1.000000e-01
3.117140e+03 0.000000e+00 1.000000e+00 1.000000e-01
3.117150e+03 0.000000e+00 1.000000e+00 1.000000e-01
3.117160e+03 0.000000e+00 1.000000e+00 1.000000e-01
3.117170e+03 0.000000e+00 1.000000e+00 1.000000e-01
3.117180e+03 0.000000e+00 1.000000e+00 1.000000e-01
3.117190e+03 0.000000e+00 1.000000e+00 1.000000e-01
3.117200e+03 0.000000e+00 1.000000e+00 1.000000e-01
3.117210e+03 0.000000e+00 1.000000e+00 1.000000e-01
3.117220e+03 0.000000e+00 1.000000e+00 1.000000e-01
3.117230e+03 0.000000e+00 1.000000e+00 1.000000e-01
3.117240e+03 0.000000e+00 1.000000e+00 1.000000e-01
3.117250e+03 0.000000e+00 1.000000e+00 1.000000e-01
3.117260e+03 0.000000e+00 1.000000e+00 1.000000e-01
3.117270e+03 0.000000e+00 1.000000e+00 1.000000e-01
3.117280e+03 0.000000e+00 1.000000e+00 1.000000e-01
3.117290e+03 0.000000e+00 1.000000e+00 1.000000e-01
3.117300e+03 0.000000e+00 1.000000e+00 1.000000e-01
3.117310e+03 0.000000e+00 1.000000e+00 1.000000e-01
3.117320e+03 0.000000e+00 1.000000e+00 1.000000e-01
3.117330e+03 0.000000e+00 1.000000e+00 1.000000e-01
3.117340e+03 0.000000e+00 1.000000e+00 1.000000e-01
3.117350e+03 0.000000e+00 1.000000e+00 1.000000e-01
3.117360e+03 0.000000e+00 1.000000e+00 1.000000e-01
3.117370e+03 0.000000e+00 1.000000e+00 1.000000e-01
3.117380e+03 0.000000e+00 1.000000e+00 1.000000e-01
3.117390e+03 0.000000e+00 1.000000e+00 1.000000e-01
3.117400e+03 0.000000e+00 1.000000e+00 1.000000e-01
3.117410e+03 0.000000e+00 1.000000e+00 1.000000e-01
3.117420e+03 0.000000e+00 1.000000e+00 1.000000e-01
3.117430e+03 0.000000e+00 1.000000e+00 1.000000e-01
3.117440e+03 0.000000e+00 1.000000e+00 1.000000e-01
3.117450e+03 0.000000e+00 1.000000e+00 1.000000e-01
3.117460e+03 0.000000e+00 1.000000e+00 1.000000e-01
3.117470e+03 0.000000e+00 1.000000e+00 1.000000e-01
3.117480e+03 0.000000e+00 1.000000e+00 1.000000e-01
3.117490e+03 0.000000e+00 1.000000e+00 1.000000e-01
3.117500e+03 0.000000e+00 1.000000e+00 1.000000e-01
3.117510e+03 0.000000e+00 1.000000e+00 1.000000e-01
3.117520e+03 0.000000e+00 1.000000e+00 1.000000e-01
3.117530e+03 0.000000e+00 1.000000e+00 1.000000e-01
3.117540e+03 0.000000e+00 1.000000e+00 1.000000e-01
3.117550e+03 0.000000e+00 1.000000e+00 1.000000e-01
3.117560e+03 0.000000e+00 1.000000e+00 1.000000e-01
3.117570e+03 0.000000e+00 1.000000e+00 1.000000e-01
3.117580e+03 0.000000e+00 1.000000e+00 1.000000e-01
3.117590e+03 0.000000e+00 1.000000e+00 1.000000e-01
3.117600e+03 0.000000e+00 1.000000e+00 1.000000e-01
3.117610e+03 0.000000e+00 1.000000e+00 1.000000e-01
3.117620e+03 0.000000e+00 1.000000e+00 1.000000e-01
3.117630e+03 0.000000e+00 1.000000e+00 1.000000e-01
3.117640e+03 0.000000e+00 1.000000e+00 1.000000e-01
3.117650e+03 0.000000e+00 1.000000e+00 1.000000e-01
3.117660e+03 0.000000e+00 1.000000e+00 1.000000e-01
3.117670e+03 0.000000e+00 1.000000e+00 1.000000e-01
3.117680e+03 0.000000e+00 1.000000e+00 1.000000e-01
3.117690e+03 0.000000e+00 1.000000e+00 1.000000e-01
3.117700e+03 0.000000e+00 1.000000e+00 1.000000e-01
3.117710e+03 0.000000e+00 1.000000e+00 1.000000e-01
3.117720e+03 0.000000e+00 1.000000e+00 1.000000e-01
3.117730e+03 0.000000e+00 1.000000e+00 1.000000e-01
3.117740e+03 0.000000e+00 1.000000e+00 1.000000e-01
3.117750e+03 0.000000e+00 1.000000e+00 1.000000e-01
3.117760e+03 0.000000e+00 1.000000e+00 1.000000e-01
3.117770e+03 0.000000e+00 1.000000e+00 1.000000e-01
3.117780e+03 0.000000e+00 1.000000e+00 1.000000e-01
3.117790e+03 0.000000e+00 1.000000e+00 1.000000e-01
3.117800e+03 0.000000e+00 1.000000e+00 1.000000e-01
3.117810e+03 0.000000e+00 1.000000e+00 1.000000e-01
3.117820e+03 0.000000e+00 1.000000e+00 1.000000e-01
3.117830e+03 0.000000e+00 1.000000e+00 1.000000e-01
3.117840e+03 0.000000e+00 1.000000e+00 1.000000e-01
3.117850e+03 0.000000e+00 1.000000e+00 1.000000e-01
3.117860e+03 0.000000e+00 1.000000e+00 1.000000e-01
3.117870e+03 0.000000e+00 1.000000e+00 1.000000e-01
3.117880e+03 0.000000e+00 1.000000e+00 1.000000e-01
3.117890e+03 0.000000e+00 1.000000e+00 1.000000e-01
3.117900e+03 0.000000e+00 1.000000e+00 1.000000e-01
3.117910e+03 0.000000e+00 1.000000e+00 1.000000e-01
3.117920e+03 0.000000e+00 1.000000e+00 1.000000e-01
3.117930e+03 0.000000e+00 1.000000e+00 1.000000e-01
3.117940e+03 0.000000e+00 1.000000e+00 1.000000e-01
3.117950e+03 0.000000e+00 1.000000e+00 1.000000e-01
3.117960e+03 0.000000e+00 1.000000e+00 1.000000e-01
3.117970e+03 0.000000e+00 1.000000e+00 1.000000e-01
3.117980e+03 0.000000e+00 1.000000e+00 1.000000e-01
3.117990e+03 0.000000e+00 1.000000e+00 1.000000e-01
3.118000e+03 0.000000e+00 1.000000e+00 1.000000e-01
3.118010e+03 0.000000e+00 1.000000e+00 1.000000e-01
3.118020e+03 0.000000e+00 1.000000e+00 1.000000e-01
3.118030e+03 0.000000e+00 1.000000e+00 1.000000e-01
3.118040e+03 0.000000e+00 1.000000e+00 1.000000e-01
3.118050e+03 0.000000e+00 1.000000e+00 1.000000e-01
3.118060e+03 0.000000e+00 1.000000e+00 1.000000e-01
3.118070e+03 0.000000e+00 1.000000e+00 1.000000e-01
3.118080e+03 0.000000e+00 1.000000e+00 1.000000e-01
3.118090e+03 0.000000e+00 1.000000e+00 1.000000e-01
3.118100e+03 0.000000e+00 1.000000e+00 1.000000e-01
3.118110e+03 0.000000e+00 1.000000e+00 1.000000e-01
3.118120e+03 0.000000e+00 1.000000e+00 1.000000e-01
3.118130e+03 0.000000e+00 1.000000e+00 1.000000e-01
3.118140e+03 0.000000e+00 1.000000e+00 1.000000e-01
3.118150e+03 0.000000e+00 1.000000e+00 1.000000e-01
3.118160e+03 0.000000e+00 1.000000e+00 1.000000e-01
3.118170e+03 0.000000e+00 1.000000e+00 1.000000e-01
3.118180e+03 0.000000e+00 1.000000e+00 1.000000e-01
3.118190e+03 0.000000e+00 1.000000e+00 1.000000e-01
3.118200e+03 0.000000e+00 1.000000e+00 1.000000e-01
3.118210e+03 0.000000e+00 1.000000e+00 1.000000e-01
3.118220e+03 0.000000e+00 1.000000e+00 1.000000e-01
3.118230e+03 0.000000e+00 1.000000e+00 1.000000e-01
3.118240e+03 0.000000e+00 1.000000e+00 1.000000e-01
3.118250e+03 0.000000e+00 1.000000e+00 1.000000e-01
3.118260e+03 0.000000e+00 1.000000e+00 1.000000e-01
3.118270e+03 0.000000e+00 1.000000e+00 1.000000e-01
3.118280e+03 0.000000e+00 1.000000e+00 1.000000e-01
3.118290e+03 0.000000e+00 1.000000e+00 1.000000e-01
3.118300e+03 0.000000e+00 1.000000e+00 1.000000e-01
3.118310e+03 0.000000e+00 1.000000e+00 1.000000e-01
3.118320e+03 0.000000e+00 1.000000e+00 1.000000e-01
3.118330e+03 0.000000e+00 1.000000e+00 1.000000e-01
3.118340e+03 0.000000e+00 1.000000e+00 1.000000e-01
3.118350e+03 0.000000e+00 1.000000e+00 1.000000e-01
3.118360e+03 0.000000e+00 1.000000e+00 1.000000e-01
3.118370e+03 0.000000e+00 1.000000e+00 1.000000e-01
3.118380e+03 0.000000e+00 1.000000e+00 1.000000e-01
3.118390e+03 0.000000e+00 1.000000e+00 1.000000e-01
3.118400e+03 0.000000e+00 1.000000e+00 1.000000e-01
3.118410e+03 0.000000e+00 1.000000e+00 1.000000e-01
3.118420e+03 0.000000e+00 1.000000e+00 1.000000e-01
3.118430e+03 0.000000e+00 1.000000e+00 1.000000e-01
3.118440e+03 0.000000e+00 1.000000e+00 1.000000e-01
3.118450e+03 0.000000e+00 1.000000e+00 1.000000e-01
3.118460e+03 0.000000e+00 1.000000e+00 1.000000e-01
3.118470e+03 0.000000e+00 1.000000e+00 1.000000e-01
3.118480e+03 0.000000e+00 1.000000e+00 1.000000e-01
3.118490e+03 0.000000e+00 1.000000e+00 1.000000e-01
3.118500e+03 0.000000e+00 1.000000e+00 1.000000e-01
3.118510e+03 0.000000e+00 1.000000e+00 1.000000e-01
3.118520e+03 0.000000e+00 1.000000e+00 1.000000e-01
3.118530e+03 0.000000e+00 1.000000e+00 1.000000e-01
3.118540e+03 0.000000e+00 1.000000e+00 1.000000e-01
3.118550e+03 0.000000e+00 1.000000e+00 1.000000e-01
3.118560e+03 0.000000e+00 1.000000e+00 1.000000e-01
3.118570e+03 0.000000e+00 1.000000e+00 1.000000e-01
3.118580e+03 0.000000e+00 1.000000e+00 1.000000e-01
3.118590e+03 0.000000e+00 1.000000e+00 1.000000e-01
3.118600e+03 0.000000e+00 1.000000e+00 1.000000e-01
3.118610e+03 0.000000e+00 1.000000e+00 1.000000e-01
3.118620e+03 0.000000e+00 1.000000e+00 1.000000e-01
3.118630e+03 0.000000e+00 1.000000e+00 1.000000e-01
3.118640e+03 0.000000e+00 1.000000e+00 1.000000e-01
3.118650e+03 0.000000e+00 1.000000e+00 1.000000e-01
3.118660e+03 0.000000e+00 1.000000e+00 1.000000e-01
3.118670e+03 0.000000e+00 1.000000e+00 1.000000e-01
3.118680e+03 0.000000e+00 1.000000e+00 1.000000e-01
3.118690e+03 0.000000e+00 1.000000e+00 1.000000e-01
3.118700e+03 0.000000e+00 1.000000e+00 1.000000e-01
3.118710e+03 0.000000e+00 1.000000e+00 1.000000e-01
3.118720e+03 0.000000e+00 1.000000e+00 1.000000e-01
3.118730e+03 0.000000e+00 1.000000e+00 1.000000e-01
3.118740e+03 0.000000e+00 1.000000e+00 1.000000e-01
3.118750e+03 0.000000e+00 1.000000e+00 1.000000e-01
3.118760e+03 0.000000e+00 1.000000e+00 1.000000e-01
3.118770e+03 0.000000e+00 1.000000e+00 1.000000e-01
3.118780e+03 0.000000e+00 1.000000e+00 1.000000e-01
3.118790e+03 0.000000e+00 1.000000e+00 1.000000e-01
3.118800e+03 0.000000e+00 1.000000e+00 1.000000e-01
3.118810e+03 0.000000e+00 1.000000e+00 1.000000e-01
3.118820e+03 0.000000e+00 1.000000e+00 1.000000e-01
3.118830e+03 0.000000e+00 1.000000e+00 1.000000e-01
3.118840e+03 0.000000e+00 1.000000e+00 1.000000e-01
3.118850e+03 0.000000e+00 1.000000e+00 1.000000e-01
3.118860e+03 0.000000e+00 1.000000e+00 1.000000e-01
3.118870e+03 0.000000e+00 1.000000e+00 1.000000e-01
3.118880e+03 0.000000e+00 1.000000e+00 1.000000e-01
3.118890e+03 0.000000e+00 1.000000e+00 1.000000e-01
3.118900e+03 0.000000e+00 1.000000e+00 1.000000e-01
3.118910e+03 0.000000e+00 1.000000e+00 1.000000e-01
3.118920e+03 0.000000e+00 1.000000e+00 1.000000e-01
3.118930e+03 0.000000e+00 1.000000e+00 1.000000e-01
3.118940e+03 0.000000e+00 1.000000e+00 1.000000e-01
3.118950e+03 0.000000e+00 1.000000e+00 1.000000e-01
3.118960e+03 0.000000e+00 1.000000e+00 1.000000e-01
3.118970e+03 0.000000e+00 1.000000e+00 1.000000e-01
3.118980e+03 0.000000e+00 1.000000e+00 1.000000e-01
3.118990e+03 0.000000e+00 1.000000e+00 1.000000e-01
3.119000e+03 0.000000e+00 1.000000e+00 1.000000e-01
3.119010e+03 0.000000e+00 1.000000e+00 1.000000e-01
3.119020e+03 0.000000e+00 1.000000e+00 1.000000e-01
3.119030e+03 0.000000e+00 1.000000e+00 1.000000e-01
3.119040e+03 0.000000e+00 1.000000e+00 1.000000e-01
3.119050e+03 0.000000e+00 1.000000e+00 1.000000e-01
3.119060e+03 0.000000e+00 1.000000e+00 1.000000e-01
3.119070e+03 0.000000e+00 1.000000e+00 1.000000e-01
3.119080e+03 0.000000e+00 1.000000e+00 1.000000e-01
3.119090e+03 0.000000e+00 1.000000e+00 1.000000e-01
3.119100e+03 0.000000e+00 1.000000e+00 1.000000e-01
3.119110e+03 0.000000e+00 1.000000e+00 1.000000e-01
3.119120e+03 0.000000e+00 1.000000e+00 1.000000e-01
3.119130e+03 0.000000e+00 1.000000e+00 1.000000e-01
3.119140e+03 0.000000e+00 1.000000e+00 1.000000e-01
3.119150e+03 0.000000e+00 1.000000e+00 1.000000e-01
3.119160e+03 0.000000e+00 1.000000e+00 1.000000e-01
3.119170e+03 0.000000e+00 1.000000e+00 1.000000e-01
3.119180e+03 0.000000e+00 1.000000e+00 1.000000e-01
3.119190e+03 0.000000e+00 1.000000e+00 1.000000e-01
3.119200e+03 0.000000e+00 1.000000e+00 1.000000e-01
3.119210e+03 0.000000e+00 1.000000e+00 1.000000e-01
3.119220e+03 0.000000e+00 1.000000e+00 1.000000e-01
3.119230e+03 0.000000e+00 1.000000e+00 1.000000e-01
3.119240e+03 0.000000e+00 1.000000e+00 1.000000e-01
3.119250e+03 0.000000e+00 1.000000e+00 1.000000e-01
3.119260e+03 0.000000e+00 1.000000e+00 1.000000e-01
3.119270e+03 0.000000e+00 1.000000e+00 1.000000e-01
3.119280e+03 0.000000e+00 1.000000e+00 1.000000e-01
3.119290e+03 0.000000e+00 1.000000e+00 1.000000e-01
3.119300e+03 0.000000e+00 1.000000e+00 1.000000e-01
3.119310e+03 0.000000e+00 1.000000e+00 1.000000e-01
3.119320e+03 0.000000e+00 1.000000e+00 1.000000e-01
3.119330e+03 0.000000e+00 1.000000e+00 1.000000e-01
3.119340e+03 0.000000e+00 1.000000e+00 1.000000e-01
3.119350e+03 0.000000e+00 1.000000e+00 1.000000e-01
3.119360e+03 0.000000e+00 1.000000e+00 1.000000e-01
3.119370e+03 0.000000e+00 1.000000e+00 1.000000e-01
3.119380e+03 0.000000e+00 1.000000e+00 1.000000e-01
3.119390e+03 0.000000e+00 1.000000e+00 1.000000e-01
3.119400e+03 0.000000e+00 1.000000e+00 1.000000e-01
3.119410e+03 0.000000e+00 1.000000e+00 1.000000e-01
3.119420e+03 0.000000e+00 1.000000e+00 1.000000e-01
3.119430e+03 0.000000e+00 1.000000e+00 1.000000e-01
3.119440e+03 0.000000e+00 1.000000e+00 1.000000e-01
3.119450e+03 0.000000e+00 1.000000e+00 1.000000e-01
3.119460e+03 0.000000e+00 1.000000e+00 1.000000e-01
3.119470e+03 0.000000e+00 1.000000e+00 1.000000e-01
3.119480e+03 0.000000e+00 1.000000e+00 1.000000e-01
3.119490e+03 0.000000e+00 1.000000e+00 1.000000e-01
3.119500e+03 0.000000e+00 1.000000e+00 1.000000e-01
3.119510e+03 0.000000e+00 1.000000e+00 1.000000e-01
3.119520e+03 0.000000e+00 1.000000e+00 1.000000e-01
3.119530e+03 0.000000e+00 1.000000e+00 1.000000e-01
3.119540e+03 0.000000e+00 1.000000e+00 1.000000e-01
3.119550e+03 0.000000e+00 1.000000e+00 1.000000e-01
3.119560e+03 0.000000e+00 1.000000e+00 1.000000e-01
3.119570e+03 0.000000e+00 1.000000e+00 1.000000e-01
3.119580e+03 0.000000e+00 1.000000e+00 1.000000e-01
3.119590e+03 0.000000e+00 1.000000e+00 1.000000e-01
3.119600e+03 0.000000e+00 1.000000e+00 1.000000e-01
3.119610e+03 0.000000e+00 1.000000e+00 1.000000e-01
3.119620e+03 0.000000e+00 1.000000e+00 1.000000e-01
3.119630e+03 0.000000e+00 1.000000e+00 1.000000e-01
3.119640e+03 0.000000e+00 1.000000e+00 1.000000e-01
3.119650e+03 0.000000e+00 1.000000e+00 1.000000e-01
3.119660e+03 0.000000e+00 1.000000e+00 1.000000e-01
3.119670e+03 0.000000e+00 1.000000e+00 1.000000e-01
3.119680e+03 0.000000e+00 1.000000e+00 1.000000e-01
3.119690e+03 0.000000e+00 1.000000e+00 1.000000e-01
3.119700e+03 0.000000e+00 1.000000e+00 1.000000e-01
3.119710e+03 0.000000e+00 1.000000e+00 1.000000e-01
3.119720e+03 0.000000e+00 1.000000e+00 1.000000e-01
3.119730e+03 0.000000e+00 1.000000e+00 1.000000e-01
3.119740e+03 0.000000e+00 1.000000e+00 1.000000e-01
3.119750e+03 0.000000e+00 1.000000e+00 1.000000e-01
3.119760e+03 0.000000e+00 1.000000e+00 1.000000e-01
3.119770e+03 0.000000e+00 1.000000e+00 1.000000e-01
3.119780e+03 0.000000e+00 1.000000e+00 1.000000e-01
3.119790e+03 0.000000e+00 1.000000e+00 1.000000e-01
3.119800e+03 0.000000e+00 1.000000e+00 1.000000e-01
3.119810e+03 0.000000e+00 1.000000e+00 1.000000e-01
3.119820e+03 0.000000e+00 1.000000e+00 1.000000e-01
3.119830e+03 0.000000e+00 1.000000e+00 1.000000e-01
3.119840e+03 0.000000e+00 1.000000e+00 1.000000e-01
3.119850e+03 0.000000e+00 1.000000e+00 1.000000e-01
3.119860e+03 0.000000e+00 1.000000e+00 1.000000e-01
3.119870e+03 0.000000e+00 1.000000e+00 1.000000e-01
3.119880e+03 0.000000e+00 1.000000e+00 1.000000e-01
3.119890e+03 0.000000e+00 1.000000e+00 1.000000e-01
3.119900e+03 0.000000e+00 1.000000e+00 1.000000e-01
3.119910e+03 0.000000e+00 1.000000e+00 1.000000e-01
3.119920e+03 0.000000e+00 1.000000e+00 1.000000e-01
3.119930e+03 0.000000e+00 1.000000e+00 1.000000e-01
3.119940e+03 0.000000e+00 1.000000e+00 1.000000e-01
3.119950e+03 0.000000e+00 1.000000e+00 1.000000e-01
3.119960e+03 0.000000e+00 1.000000e+00 1.000000e-01
3.119970e+03 0.000000e+00 1.000000e+00 1.000000e-01
3.119980e+03 0.000000e+00 1.000000e+00 1.000000e-01
3.119990e+03 0.000000e+00 1.000000e+00 1.000000e-01
3.120000e+03 0.000000e+00 1.000000e+00 1.000000e-01
3.120010e+03 0.000000e+00 1.000000e+00 1.000000e-01
3.120020e+03 0.000000e+00 1.000000e+00 1.000000e-01
3.120030e+03 0.000000e+00 1.000000e+00 1.000000e-01
3.120040e+03 0.000000e+00 1.000000e+00 1.000000e-01
3.120050e+03 0.000000e+00 1.000000e+00 1.000000e-01
3.120060e+03 0.000000e+00 1.000000e+00 1.000000e-01
3.120070e+03 0.000000e+00 1.000000e+00 1.000000e-01
3.120080e+03 0.000000e+00 1.000000e+00 1.000000e-01
3.120090e+03 0.000000e+00 1.000000e+00 1.000000e-01
3.120100e+03 0.000000e+00 1.000000e+00 1.000000e-01
3.120110e+03 0.000000e+00 1.000000e+00 1.000000e-01
3.120120e+03 0.000000e+00 1.000000e+00 1.000000e-01
3.120130e+03 0.000000e+00 1.000000e+00 1.000000e-01
3.120140e+03 0.000000e+00 1.000000e+00 1.000000e-01
3.120150e+03 0.000000e+00 1.000000e+00 1.000000e-01
3.120160e+03 0.000000e+00 1.000000e+00 1.000000e-01
3.120170e+03 0.000000e+00 1.000000e+00 1.000000e-01
3.120180e+03 0.000000e+00 1.000000e+00 1.000000e-01
3.120190e+03 0.000000e+00 1.000000e+00 1.000000e-01
3.120200e+03 0.000000e+00 1.000000e+00 1.000000e-01
3.120210e+03 0.000000e+00 1.000000e+00 1.000000e-01
3.120220e+03 0.000000e+00 1.000000e+00 1.000000e-01
3.120230e+03 0.000000e+00 1.000000e+00 1.000000e-01
3.120240e+03 0.000000e+00 1.000000e+00 1.000000e-01
3.120250e+03 0.000000e+00 1.000000e+00 1.000000e-01
3.120260e+03 0.000000e+00 1.000000e+00 1.000000e-01
3.120270e+03 0.000000e+00 1.000000e+00 1.000000e-01
3.120280e+03 0.000000e+00 1.000000e+00 1.000000e-01
3.120290e+03 0.000000e+00 1.000000e+00 1.000000e-01
3.120300e+03 0.000000e+00 1.000000e+00 1.000000e-01
3.120310e+03 0.000000e+00 1.000000e+00 1.000000e-01
3.120320e+03 0.000000e+00 1.000000e+00 1.000000e-01
3.120330e+03 0.000000e+00 1.000000e+00 1.000000e-01
3.120340e+03 0.000000e+00 1.000000e+00 1.000000e-01
3.120350e+03 0.000000e+00 1.000000e+00 1.000000e-01
3.120360e+03 0.000000e+00 1.000000e+00 1.000000e-01
3.120370e+03 0.000000e+00 1.000000e+00 1.000000e-01
3.120380e+03 0.000000e+00 1.000000e+00 1.000000e-01
3.120390e+03 0.000000e+00 1.000000e+00 1.000000e-01
3.120400e+03 0.000000e+00 1.000000e+00 1.000000e-01
3.120410e+03 0.000000e+00 1.000000e+00 1.000000e-01
3.120420e+03 0.000000e+00 1.000000e+00 1.000000e-01
3.120430e+03 0.000000e+00 1.000000e+00 1.000000e-01
3.120440e+03 0.000000e+00 1.000000e+00 1.000000e-01
3.120450e+03 0.000000e+00 1.000000e+00 1.000000e-01
3.120460e+03 0.000000e+00 1.000000e+00 1.000000e-01
3.120470e+03 0.000000e+00 1.000000e+00 1.000000e-01
3.120480e+03 0.000000e+00 1.000000e+00 1.000000e-01
3.120490e+03 0.000000e+00 1.000000e+00 1.000000e-01
3.120500e+03 0.000000e+00 1.000000e+00 1.000000e-01
3.120510e+03 0.000000e+00 1.000000e+00 1.000000e-01
3.120520e+03 0.000000e+00 1.000000e+00 1.000000e-01
3.120530e+03 0.000000e+00 1.000000e+00 1.000000e-01
3.120540e+03 0.000000e+00 1.000000e+00 1.000000e-01
3.120550e+03 0.000000e+00 1.000000e+00 1.000000e-01
3.120560e+03 0.000000e+00 1.000000e+00 1.000000e-01
3.120570e+03 0.000000e+00 1.000000e+00 1.000000e-01
3.120580e+03 0.000000e+00 1.000000e+00 1.000000e-01
3.120590e+03 0.000000e+00 1.000000e+00 1.000000e-01
3.120600e+03 0.000000e+00 1.000000e+00 1.000000e-01
3.120610e+03 0.000000e+00 1.000000e+00 1.000000e-01
3.120620e+03 0.000000e+00 1.000000e+00 1.000000e-01
3.120630e+03 0.000000e+00 1.000000e+00 1.000000e-01
3.120640e+03 0.000000e+00 1.000000e+00 1.000000e-01
3.120650e+03 0.000000e+00 1.000000e+00 1.000000e-01
3.120660e+03 0.000000e+00 1.000000e+00 1.000000e-01
3.120670e+03 0.000000e+00 1.000000e+00 1.000000e-01
3.120680e+03 0.000000e+00 1.000000e+00 1.000000e-01
3.120690e+03 0.000000e+00 1.000000e+00 1.000000e-01
3.120700e+03 0.000000e+00 1.000000e+00 1.000000e-01
3.120710e+03 0.000000e+00 1.000000e+00 1.000000e-01
3.120720e+03 0.000000e+00 1.000000e+00 1.000000e-01
3.120730e+03 0.000000e+00 1.000000e+00 1.000000e-01
3.120740e+03 0.000000e+00 1.000000e+00 1.000000e-01
3.120750e+03 0.000000e+00 1.000000e+00 1.000000e-01
3.120760e+03 0.000000e+00 1.000000e+00 1.000000e-01
3.120770e+03 0.000000e+00 1.000000e+00 1.000000e-01
3.120780e+03 0.000000e+00 1.000000e+00 1.000000e-01
3.120790e+03 0.000000e+00 1.000000e+00 1.000000e-01
3.120800e+03 0.000000e+00 1.000000e+00 1.000000e-01
3.120810e+03 0.000000e+00 1.000000e+00 1.000000e-01
3.120820e+03 0.000000e+00 1.000000e+00 1.000000e-01
3.120830e+03 0.000000e+00 1.000000e+00 1.000000e-01
3.120840e+03 0.000000e+00 1.000000e+00 1.000000e-01
3.120850e+03 0.000000e+00 1.000000e+00 1.000000e-01
3.120860e+03 0.000000e+00 1.000000e+00 1.000000e-01
3.120870e+03 0.000000e+00 1.000000e+00 1.000000e-01
3.120880e+03 0.000000e+00 1.000000e+00 1.000000e-01
3.120890e+03 0.000000e+00 1.000000e+00 1.000000e-01
3.120900e+03 0.000000e+00 1.000000e+00 1.000000e-01
3.120910e+03 0.000000e+00 1.000000e+00 1.000000e-01
3.120920e+03 0.000000e+00 1.000000e+00 1.000000e-01
3.120930e+03 0.000000e+00 1.000000e+00 1.000000e-01
3.120940e+03 0.000000e+00 1.000000e+00 1.000000e-01
3.120950e+03 0.000000e+00 1.000000e+00 1.000000e-01
3.120960e+03 0.000000e+00 1.000000e+00 1.000000e-01
3.120970e+03 0.000000e+00 1.000000e+00 1.000000e-01
3.120980e+03 0.000000e+00 1.000000e+00 1.000000e-01
3.120990e+03 0.000000e+00 1.000000e+00 1.000000e-01
3.121000e+03 0.000000e+00 1.000000e+00 1.000000e-01
