# wavelength[A] tau flux flux_error
3.071000e+03 0.000000e+00 1.000000e+00 1.000000e-01
3.071010e+03 0.000000e+00 1.000000e+00 1.000000e-01
3.071020e+03 0.000000e+00 1.000000e+00 1.000000e-01
3.071030e+03 0.000000e+00 1.000000e+00 1.000000e-01
3.071040e+03 0.000000e+00 1.000000e+00 1.000000e-01
3.071050e+03 0.000000e+00 1.000000e+00 1.000000e-01
3.071060e+03 0.000000e+00 1.000000e+00 1.000000e-01
3.071070e+03 0.000000e+00 1.000000e+00 1.000000e-01
3.071080e+03 0.000000e+00 1.000000e+00 1.000000e-01
3.071090e+03 0.000000e+00 1.000000e+00 1.000000e-01
3.071100e+03 0.000000e+00 1.000000e+00 1.000000e-01
3.071110e+03 0.000000e+00 1.000000e+00 1.000000e-01
3.071120e+03 0.000000e+00 1.000000e+00 1.000000e-01
3.071130e+03 0.000000e+00 1.000000e+00 1.000000e-01
3.071140e+03 0.000000e+00 1.000000e+00 1.000000e-01
3.071150e+03 0.000000e+00 1.000000e+00 1.000000e-01
3.071160e+03 0.000000e+00 1.000000e+00 1.000000e-01
3.071170e+03 0.000000e+00 1.000000e+00 1.000000e-01
3.071180e+03 0.000000e+00 1.000000e+00 1.000000e-01
3.071190e+03 0.000000e+00 1.000000e+00 1.000000e-01
3.071200e+03 0.000000e+00 1.000000e+00 1.000000e-01
3.071210e+03 0.000000e+00 1.000000e+00 1.000000e-01
3.071220e+03 0.000000e+00 1.000000e+00 1.000000e-01
3.071230e+03 0.000000e+00 1.000000e+00 1.000000e-01
3.071240e+03 0.000000e+00 1.000000e+00 1.000000e-01
3.071250e+03 0.000000e+00 1.000000e+00 1.000000e-01
3.071260e+03 0.000000e+00 1.000000e+00 1.000000e-01
3.071270e+03 0.000000e+00 1.000000e+00 1.000000e-01
3.071280e+03 0.000000e+00 1.000000e+00 1.000000e-01
3.071290e+03 0.000000e+00 1.000000e+00 1.000000e-01
3.071300e+03 0.000000e+00 1.000000e+00 1.000000e-01
3.071310e+03 0.000000e+00 1.000000e+00 1.000000e-01
3.071320e+03 0.000000e+00 1.000000e+00 1.000000e-01
3.071330e+03 0.000000e+00 1.000000e+00 1.000000e-01
3.071340e+03 0.000000e+00 1.000000e+00 1.000000e-01
3.071350e+03 0.000000e+00 1.000000e+00 1.000000e-01
3.071360e+03 0.000000e+00 1.000000e+00 1.000000e-01
3.071370e+03 0.000000e+00 1.000000e+00 1.000000e-01
3.071380e+03 0.000000e+00 1.000000e+00 1.000000e-01
3.071390e+03 0.000000e+00 1.000000e+00 1.000000e-01
3.071400e+03 0.000000e+00 1.000000e+00 1.000000e-01
3.071410e+03 0.000000e+00 1.000000e+00 1.000000e-01
3.071420e+03 0.000000e+00 1.000000e+00 1.000000e-01
3.071430e+03 0.000000e+00 1.000000e+00 1.000000e-01
3.071440e+03 0.000000e+00 1.000000e+00 1.000000e-01
3.071450e+03 0.000000e+00 1.000000e+00 1.000000e-01
3.071460e+03 0.000000e+00 1.000000e+00 1.000000e-01
3.071470e+03 0.000000e+00 1.000000e+00 1.000000e-01
3.071480e+03 0.000000e+00 1.000000e+00 1.000000e-01
3.071490e+03 0.000000e+00 1.000000e+00 1.000000e-01
3.071500e+03 0.000000e+00 1.000000e+00 1.000000e-01
3.071510e+03 0.000000e+00 1.000000e+00 1.000000e-01
3.071520e+03 0.000000e+00 1.000000e+00 1.000000e-01
3.071530e+03 0.000000e+00 1.000000e+00 1.000000e-01
3.071540e+03 0.000000e+00 1.000000e+00 1.000000e-01
3.071550e+03 0.000000e+00 1.000000e+00 1.000000e-01
3.071560e+03 0.000000e+00 1.000000e+00 1.000000e-01
3.071570e+03 0.000000e+00 1.000000e+00 1.000000e-01
3.071580e+03 0.000000e+00 1.000000e+00 1.000000e-01
3.071590e+03 0.000000e+00 1.000000e+00 1.000000e-01
3.071600e+03 0.000000e+00 1.000000e+00 1.000000e-01
3.071610e+03 0.000000e+00 1.000000e+00 1.000000e-01
3.071620e+03 0.000000e+00 1.000000e+00 1.000000e-01
3.071630e+03 0.000000e+00 1.000000e+00 1.000000e-01
3.071640e+03 0.000000e+00 1.000000e+00 1.000000e-01
3.071650e+03 0.000000e+00 1.000000e+00 1.000000e-01
3.071660e+03 0.000000e+00 1.000000e+00 1.000000e-01
3.071670e+03 0.000000e+00 1.000000e+00 1.000000e-01
3.071680e+03 0.000000e+00 1.000000e+00 1.000000e-01
3.071690e+03 0.000000e+00 1.000000e+00 1.000000e-01
3.071700e+03 0.000000e+00 1.000000e+00 1.000000e-01
3.071710e+03 0.000000e+00 1.000000e+00 1.000000e-01
3.071720e+03 0.000000e+00 1.000000e+00 1.000000e-01
3.071730e+03 0.000000e+00 1.000000e+00 1.000000e-01
3.071740e+03 0.000000e+00 1.000000e+00 1.000000e-01
3.071750e+03 0.000000e+00 1.000000e+00 1.000000e-01
3.071760e+03 0.000000e+00 1.000000e+00 1.000000e-01
3.071770e+03 0.000000e+00 1.000000e+00 1.000000e-01
3.071780e+03 0.000000e+00 1.000000e+00 1.000000e-01
3.071790e+03 0.000000e+00 1.000000e+00 1.000000e-01
3.071800e+03 0.000000e+00 1.000000e+00 1.000000e-01
3.071810e+03 0.000000e+00 1.000000e+00 1.000000e-01
3.071820e+03 0.000000e+00 1.000000e+00 1.000000e-01
3.071830e+03 0.000000e+00 1.000000e+00 1.000000e-01
3.071840e+03 0.000000e+00 1.000000e+00 1.000000e-01
3.071850e+03 0.000000e+00 1.000000e+00 1.000000e-01
3.071860e+03 0.000000e+00 1.000000e+00 1.000000e-01
3.071870e+03 0.000000e+00 1.000000e+00 1.000000e-01
3.071880e+03 0.000000e+00 1.000000e+00 1.000000e-01
3.071890e+03 0.000000e+00 1.000000e+00 1.000000e-01
3.071900e+03 0.000000e+00 1.000000e+00 1.000000e-01
3.071910e+03 0.000000e+00 1.000000e+00 1.000000e-01
3.071920e+03 0.000000e+00 1.000000e+00 1.000000e-01
3.071930e+03 0.000000e+00 1.000000e+00 1.000000e-01
3.071940e+03 0.000000e+00 1.000000e+00 1.000000e-01
3.071950e+03 0.000000e+00 1.000000e+00 1.000000e-01
3.071960e+03 0.000000e+00 1.000000e+00 1.000000e-01
3.071970e+03 0.000000e+00 1.000000e+00 1.000000e-01
3.071980e+03 0.000000e+00 1.000000e+00 1.000000e-01
3.071990e+03 0.000000e+00 1.000000e+00 1.000000e-01
3.072000e+03 0.000000e+00 1.000000e+00 1.000000e-01
3.072010e+03 0.000000e+00 1.000000e+00 1.000000e-01
3.072020e+03 0.000000e+00 1.000000e+00 1.000000e-01
3.072030e+03 0.000000e+00 1.000000e+00 1.000000e-01
3.072040e+03 0.000000e+00 1.000000e+00 1.000000e-01
3.072050e+03 0.000000e+00 1.000000e+00 1.000000e-01
3.072060e+03 0.000000e+00 1.000000e+00 1.000000e-01
3.072070e+03 0.000000e+00 1.000000e+00 1.000000e-01
3.072080e+03 0.000000e+00 1.000000e+00 1.000000e-01
3.072090e+03 0.000000e+00 1.000000e+00 1.000000e-01
3.072100e+03 0.000000e+00 1.000000e+00 1.000000e-01
3.072110e+03 0.000000e+00 1.000000e+00 1.000000e-01
3.072120e+03 0.000000e+00 1.000000e+00 1.000000e-01
3.072130e+03 0.000000e+00 1.000000e+00 1.000000e-01
3.072140e+03 0.000000e+00 1.000000e+00 1.000000e-01
3.072150e+03 0.000000e+00 1.000000e+00 1.000000e-01
3.072160e+03 0.000000e+00 1.000000e+00 1.000000e-01
3.072170e+03 0.000000e+00 1.000000e+00 1.000000e-01
3.072180e+03 0.000000e+00 1.000000e+00 1.000000e-01
3.072190e+03 0.000000e+00 1.000000e+00 1.000000e-01
3.072200e+03 0.000000e+00 1.000000e+00 1.000000e-01
3.072210e+03 0.000000e+00 1.000000e+00 1.000000e-01
3.072220e+03 0.000000e+00 1.000000e+00 1.000000e-01
3.072230e+03 0.000000e+00 1.000000e+00 1.000000e-01
3.072240e+03 0.000000e+00 1.000000e+00 1.000000e-01
3.072250e+03 0.000000e+00 1.000000e+00 1.000000e-01
3.072260e+03 0.000000e+00 1.000000e+00 1.000000e-01
3.072270e+03 0.000000e+00 1.000000e+00 1.000000e-01
3.072280e+03 0.000000e+00 1.000000e+00 1.000000e-01
3.072290e+03 0.000000e+00 1.000000e+00 1.000000e-01
3.072300e+03 0.000000e+00 1.000000e+00 1.000000e-01
3.072310e+03 0.000000e+00 1.000000e+00 1.000000e-01
3.072320e+03 0.000000e+00 1.000000e+00 1.000000e-01
3.072330e+03 0.000000e+00 1.000000e+00 1.000000e-01
3.072340e+03 0.000000e+00 1.000000e+00 1.000000e-01
3.072350e+03 0.000000e+00 1.000000e+00 1.000000e-01
3.072360e+03 0.000000e+00 1.000000e+00 1.000000e-01
3.072370e+03 0.000000e+00 1.000000e+00 1.000000e-01
3.072380e+03 0.000000e+00 1.000000e+00 1.000000e-01
3.072390e+03 0.000000e+00 1.000000e+00 1.000000e-01
3.072400e+03 0.000000e+00 1.000000e+00 1.000000e-01
3.072410e+03 0.000000e+00 1.000000e+00 1.000000e-01
3.072420e+03 0.000000e+00 1.000000e+00 1.000000e-01
3.072430e+03 0.000000e+00 1.000000e+00 1.000000e-01
3.072440e+03 0.000000e+00 1.000000e+00 1.000000e-01
3.072450e+03 0.000000e+00 1.000000e+00 1.000000e-01
3.072460e+03 0.000000e+00 1.000000e+00 1.000000e-01
3.072470e+03 0.000000e+00 1.000000e+00 1.000000e-01
3.072480e+03 0.000000e+00 1.000000e+00 1.000000e-01
3.072490e+03 0.000000e+00 1.000000e+00 1.000000e-01
3.072500e+03 0.000000e+00 1.000000e+00 1.000000e-01
3.072510e+03 0.000000e+00 1.000000e+00 1.000000e-01
3.072520e+03 0.000000e+00 1.000000e+00 1.000000e-01
3.072530e+03 0.000000e+00 1.000000e+00 1.000000e-01
3.072540e+03 0.000000e+00 1.000000e+00 1.000000e-01
3.072550e+03 0.000000e+00 1.000000e+00 1.000000e-01
3.072560e+03 0.000000e+00 1.000000e+00 1.000000e-01
3.072570e+03 0.000000e+00 1.000000e+00 1.000000e-01
3.072580e+03 0.000000e+00 1.000000e+00 1.000000e-01
3.072590e+03 0.000000e+00 1.000000e+00 1.000000e-01
3.072600e+03 0.000000e+00 1.000000e+00 1.000000e-01
3.072610e+03 0.000000e+00 1.000000e+00 1.000000e-01
3.072620e+03 0.000000e+00 1.000000e+00 1.000000e-01
3.072630e+03 0.000000e+00 1.000000e+00 1.000000e-01
3.072640e+03 0.000000e+00 1.000000e+00 1.000000e-01
3.072650e+03 0.000000e+00 1.000000e+00 1.000000e-01
3.072660e+03 0.000000e+00 1.000000e+00 1.000000e-01
3.072670e+03 0.000000e+00 1.000000e+00 1.000000e-01
3.072680e+03 0.000000e+00 1.000000e+00 1.000000e-01
3.072690e+03 0.000000e+00 1.000000e+00 1.000000e-01
3.072700e+03 0.000000e+00 1.000000e+00 1.000000e-01
3.072710e+03 0.000000e+00 1.000000e+00 1.000000e-01
3.072720e+03 0.000000e+00 1.000000e+00 1.000000e-01
3.072730e+03 0.000000e+00 1.000000e+00 1.000000e-01
3.072740e+03 0.000000e+00 1.000000e+00 1.000000e-01
3.072750e+03 0.000000e+00 1.000000e+00 1.000000e-01
3.072760e+03 0.000000e+00 1.000000e+00 1.000000e-01
3.072770e+03 0.000000e+00 1.000000e+00 1.000000e-01
3.072780e+03 0.000000e+00 1.000000e+00 1.000000e-01
3.072790e+03 0.000000e+00 1.000000e+00 1.000000e-01
3.072800e+03 0.000000e+00 1.000000e+00 1.000000e-01
3.072810e+03 0.000000e+00 1.000000e+00 1.000000e-01
3.072820e+03 0.000000e+00 1.000000e+00 1.000000e-01
3.072830e+03 0.000000e+00 1.000000e+00 1.000000e-01
3.072840e+03 0.000000e+00 1.000000e+00 1.000000e-01
3.072850e+03 0.000000e+00 1.000000e+00 1.000000e-01
3.072860e+03 0.000000e+00 1.000000e+00 1.000000e-01
3.072870e+03 0.000000e+00 1.000000e+00 1.000000e-01
3.072880e+03 0.000000e+00 1.000000e+00 1.000000e-01
3.072890e+03 0.000000e+00 1.000000e+00 1.000000e-01
3.072900e+03 0.000000e+00 1.000000e+00 1.000000e-01
3.072910e+03 0.000000e+00 1.000000e+00 1.000000e-01
3.072920e+03 0.000000e+00 1.000000e+00 1.000000e-01
3.072930e+03 0.000000e+00 1.000000e+00 1.000000e-01
3.072940e+03 0.000000e+00 1.000000e+00 1.000000e-01
3.072950e+03 0.000000e+00 1.000000e+00 1.000000e-01
3.072960e+03 0.000000e+00 1.000000e+00 1.000000e-01
3.072970e+03 0.000000e+00 1.000000e+00 1.000000e-01
3.072980e+03 0.000000e+00 1.000000e+00 1.000000e-01
3.072990e+03 0.000000e+00 1.000000e+00 1.000000e-01
3.073000e+03 0.000000e+00 1.000000e+00 1.000000e-01
3.073010e+03 0.000000e+00 1.000000e+00 1.000000e-01
3.073020e+03 0.000000e+00 1.000000e+00 1.000000e-01
3.073030e+03 0.000000e+00 1.000000e+00 1.000000e-01
3.073040e+03 0.000000e+00 1.000000e+00 1.000000e-01
3.073050e+03 0.000000e+00 1.000000e+00 1.000000e-01
3.073060e+03 0.000000e+00 1.000000e+00 1.000000e-01
3.073070e+03 0.000000e+00 1.000000e+00 1.000000e-01
3.073080e+03 0.000000e+00 1.000000e+00 1.000000e-01
3.073090e+03 0.000000e+00 1.000000e+00 1.000000e-01
3.073100e+03 0.000000e+00 1.000000e+00 1.000000e-01
3.073110e+03 0.000000e+00 1.000000e+00 1.000000e-01
3.073120e+03 0.000000e+00 1.000000e+00 1.000000e-01
3.073130e+03 0.000000e+00 1.000000e+00 1.000000e-01
3.073140e+03 0.000000e+00 1.000000e+00 1.000000e-01
3.073150e+03 0.000000e+00 1.000000e+00 1.000000e-01
3.073160e+03 0.000000e+00 1.000000e+00 1.000000e-01
3.073170e+03 0.000000e+00 1.000000e+00 1.000000e-01
3.073180e+03 0.000000e+00 1.000000e+00 1.000000e-01
3.073190e+03 0.000000e+00 1.000000e+00 1.000000e-01
3.073200e+03 0.000000e+00 1.000000e+00 1.000000e-01
3.073210e+03 0.000000e+00 1.000000e+00 1.000000e-01
3.073220e+03 0.000000e+00 1.000000e+00 1.000000e-01
3.073230e+03 0.000000e+00 1.000000e+00 1.000000e-01
3.073240e+03 0.000000e+00 1.000000e+00 1.000000e-01
3.073250e+03 0.000000e+00 1.000000e+00 1.000000e-01
3.073260e+03 0.000000e+00 1.000000e+00 1.000000e-01
3.073270e+03 0.000000e+00 1.000000e+00 1.000000e-01
3.073280e+03 0.000000e+00 1.000000e+00 1.000000e-01
3.073290e+03 0.000000e+00 1.000000e+00 1.000000e-01
3.073300e+03 0.000000e+00 1.000000e+00 1.000000e-01
3.073310e+03 0.000000e+00 1.000000e+00 1.000000e-01
3.073320e+03 0.000000e+00 1.000000e+00 1.000000e-01
3.073330e+03 0.000000e+00 1.000000e+00 1.000000e-01
3.073340e+03 0.000000e+00 1.000000e+00 1.000000e-01
3.073350e+03 0.000000e+00 1.000000e+00 1.000000e-01
3.073360e+03 0.000000e+00 1.000000e+00 1.000000e-01
3.073370e+03 0.000000e+00 1.000000e+00 1.000000e-01
3.073380e+03 0.000000e+00 1.000000e+00 1.000000e-01
3.073390e+03 0.000000e+00 1.000000e+00 1.000000e-01
3.073400e+03 0.000000e+00 1.000000e+00 1.000000e-01
3.073410e+03 0.000000e+00 1.000000e+00 1.000000e-01
3.073420e+03 0.000000e+00 1.000000e+00 1.000000e-01
3.073430e+03 0.000000e+00 1.000000e+00 1.000000e-01
3.073440e+03 0.000000e+00 1.000000e+00 1.000000e-01
3.073450e+03 0.000000e+00 1.000000e+00 1.000000e-01
3.073460e+03 0.000000e+00 1.000000e+00 1.000000e-01
3.073470e+03 0.000000e+00 1.000000e+00 1.000000e-01
3.073480e+03 0.000000e+00 1.000000e+00 1.000000e-01
3.073490e+03 0.000000e+00 1.000000e+00 1.000000e-01
3.073500e+03 0.000000e+00 1.000000e+00 1.000000e-01
3.073510e+03 0.000000e+00 1.000000e+00 1.000000e-01
3.073520e+03 0.000000e+00 1.000000e+00 1.000000e-01
3.073530e+03 0.000000e+00 1.000000e+00 1.000000e-01
3.073540e+03 0.000000e+00 1.000000e+00 1.000000e-01
3.073550e+03 0.000000e+00 1.000000e+00 1.000000e-01
3.073560e+03 0.000000e+00 1.000000e+00 1.000000e-01
3.073570e+03 0.000000e+00 1.000000e+00 1.000000e-01
3.073580e+03 0.000000e+00 1.000000e+00 1.000000e-01
3.073590e+03 0.000000e+00 1.000000e+00 1.000000e-01
3.073600e+03 0.000000e+00 1.000000e+00 1.000000e-01
3.073610e+03 0.000000e+00 1.000000e+00 1.000000e-01
3.073620e+03 0.000000e+00 1.000000e+00 1.000000e-01
3.073630e+03 0.000000e+00 1.000000e+00 1.000000e-01
3.073640e+03 0.000000e+00 1.000000e+00 1.000000e-01
3.073650e+03 0.000000e+00 1.000000e+00 1.000000e-01
3.073660e+03 0.000000e+00 1.000000e+00 1.000000e-01
3.073670e+03 0.000000e+00 1.000000e+00 1.000000e-01
3.073680e+03 0.000000e+00 1.000000e+00 1.000000e-01
3.073690e+03 0.000000e+00 1.000000e+00 1.000000e-01
3.073700e+03 0.000000e+00 1.000000e+00 1.000000e-01
3.073710e+03 0.000000e+00 1.000000e+00 1.000000e-01
3.073720e+03 0.000000e+00 1.000000e+00 1.000000e-01
3.073730e+03 0.000000e+00 1.000000e+00 1.000000e-01
3.073740e+03 0.000000e+00 1.000000e+00 1.000000e-01
3.073750e+03 0.000000e+00 1.000000e+00 1.000000e-01
3.073760e+03 0.000000e+00 1.000000e+00 1.000000e-01
3.073770e+03 0.000000e+00 1.000000e+00 1.000000e-01
3.073780e+03 0.000000e+00 1.000000e+00 1.000000e-01
3.073790e+03 0.000000e+00 1.000000e+00 1.000000e-01
3.073800e+03 0.000000e+00 1.000000e+00 1.000000e-01
3.073810e+03 0.000000e+00 1.000000e+00 1.000000e-01
3.073820e+03 0.000000e+00 1.000000e+00 1.000000e-01
3.073830e+03 0.000000e+00 1.000000e+00 1.000000e-01
3.073840e+03 0.000000e+00 1.000000e+00 1.000000e-01
3.073850e+03 0.000000e+00 1.000000e+00 1.000000e-01
3.073860e+03 0.000000e+00 1.000000e+00 1.000000e-01
3.073870e+03 0.000000e+00 1.000000e+00 1.000000e-01
3.073880e+03 0.000000e+00 1.000000e+00 1.000000e-01
3.073890e+03 0.000000e+00 1.000000e+00 1.000000e-01
3.073900e+03 0.000000e+00 1.000000e+00 1.000000e-01
3.073910e+03 0.000000e+00 1.000000e+00 1.000000e-01
3.073920e+03 0.000000e+00 1.000000e+00 1.000000e-01
3.073930e+03 0.000000e+00 1.000000e+00 1.000000e-01
3.073940e+03 0.000000e+00 1.000000e+00 1.000000e-01
3.073950e+03 0.000000e+00 1.000000e+00 1.000000e-01
3.073960e+03 0.000000e+00 1.000000e+00 1.000000e-01
3.073970e+03 0.000000e+00 1.000000e+00 1.000000e-01
3.073980e+03 0.000000e+00 1.000000e+00 1.000000e-01
3.073990e+03 0.000000e+00 1.000000e+00 1.000000e-01
3.074000e+03 0.000000e+00 1.000000e+00 1.000000e-01
3.074010e+03 0.000000e+00 1.000000e+00 1.000000e-01
3.074020e+03 0.000000e+00 1.000000e+00 1.000000e-01
3.074030e+03 0.000000e+00 1.000000e+00 1.000000e-01
3.074040e+03 0.000000e+00 1.000000e+00 1.000000e-01
3.074050e+03 0.000000e+00 1.000000e+00 1.000000e-01
3.074060e+03 0.000000e+00 1.000000e+00 1.000000e-01
3.074070e+03 0.000000e+00 1.000000e+00 1.000000e-01
3.074080e+03 0.000000e+00 1.000000e+00 1.000000e-01
3.074090e+03 0.000000e+00 1.000000e+00 1.000000e-01
3.074100e+03 0.000000e+00 1.000000e+00 1.000000e-01
3.074110e+03 0.000000e+00 1.000000e+00 1.000000e-01
3.074120e+03 0.000000e+00 1.000000e+00 1.000000e-01
3.074130e+03 0.000000e+00 1.000000e+00 1.000000e-01
3.074140e+03 0.000000e+00 1.000000e+00 1.000000e-01
3.074150e+03 0.000000e+00 1.000000e+00 1.000000e-01
3.074160e+03 0.000000e+00 1.000000e+00 1.000000e-01
3.074170e+03 0.000000e+00 1.000000e+00 1.000000e-01
3.074180e+03 0.000000e+00 1.000000e+00 1.000000e-01
3.074190e+03 0.000000e+00 1.000000e+00 1.000000e-01
3.074200e+03 0.000000e+00 1.000000e+00 1.000000e-01
3.074210e+03 0.000000e+00 1.000000e+00 1.000000e-01
3.074220e+03 0.000000e+00 1.000000e+00 1.000000e-01
3.074230e+03 0.000000e+00 1.000000e+00 1.000000e-01
3.074240e+03 0.000000e+00 1.000000e+00 1.000000e-01
3.074250e+03 0.000000e+00 1.000000e+00 1.000000e-01
3.074260e+03 0.000000e+00 1.000000e+00 1.000000e-01
3.074270e+03 0.000000e+00 1.000000e+00 1.000000e-01
3.074280e+03 0.000000e+00 1.000000e+00 1.000000e-01
3.074290e+03 0.000000e+00 1.000000e+00 1.000000e-01
3.074300e+03 0.000000e+00 1.000000e+00 1.000000e-01
3.074310e+03 0.000000e+00 1.000000e+00 1.000000e-01
3.074320e+03 0.000000e+00 1.000000e+00 1.000000e-01
3.074330e+03 0.000000e+00 1.000000e+00 1.000000e-01
3.074340e+03 0.000000e+00 1.000000e+00 1.000000e-01
3.074350e+03 0.000000e+00 1.000000e+00 1.000000e-01
3.074360e+03 0.000000e+00 1.000000e+00 1.000000e-01
3.074370e+03 0.000000e+00 1.000000e+00 1.000000e-01
3.074380e+03 0.000000e+00 1.000000e+00 1.000000e-01
3.074390e+03 0.000000e+00 1.000000e+00 1.000000e-01
3.074400e+03 0.000000e+00 1.000000e+00 1.000000e-01
3.074410e+03 0.000000e+00 1.000000e+00 1.000000e-01
3.074420e+03 0.000000e+00 1.000000e+00 1.000000e-01
3.074430e+03 0.000000e+00 1.000000e+00 1.000000e-01
3.074440e+03 0.000000e+00 1.000000e+00 1.000000e-01
3.074450e+03 0.000000e+00 1.000000e+00 1.000000e-01
3.074460e+03 0.000000e+00 1.000000e+00 1.000000e-01
3.074470e+03 0.000000e+00 1.000000e+00 1.000000e-01
3.074480e+03 0.000000e+00 1.000000e+00 1.000000e-01
3.074490e+03 0.000000e+00 1.000000e+00 1.000000e-01
3.074500e+03 0.000000e+00 1.000000e+00 1.000000e-01
3.074510e+03 0.000000e+00 1.000000e+00 1.000000e-01
3.074520e+03 0.000000e+00 1.000000e+00 1.000000e-01
3.074530e+03 0.000000e+00 1.000000e+00 1.000000e-01
3.074540e+03 0.000000e+00 1.000000e+00 1.000000e-01
3.074550e+03 0.000000e+00 1.000000e+00 1.000000e-01
3.074560e+03 0.000000e+00 1.000000e+00 1.000000e-01
3.074570e+03 0.000000e+00 1.000000e+00 1.000000e-01
3.074580e+03 0.000000e+00 1.000000e+00 1.000000e-01
3.074590e+03 0.000000e+00 1.000000e+00 1.000000e-01
3.074600e+03 0.000000e+00 1.000000e+00 1.000000e-01
3.074610e+03 0.000000e+00 1.000000e+00 1.000000e-01
3.074620e+03 0.000000e+00 1.000000e+00 1.000000e-01
3.074630e+03 0.000000e+00 1.000000e+00 1.000000e-01
3.074640e+03 0.000000e+00 1.000000e+00 1.000000e-01
3.074650e+03 0.000000e+00 1.000000e+00 1.000000e-01
3.074660e+03 0.000000e+00 1.000000e+00 1.000000e-01
3.074670e+03 0.000000e+00 1.000000e+00 1.000000e-01
3.074680e+03 0.000000e+00 1.000000e+00 1.000000e-01
3.074690e+03 0.000000e+00 1.000000e+00 1.000000e-01
3.074700e+03 0.000000e+00 1.000000e+00 1.000000e-01
3.074710e+03 0.000000e+00 1.000000e+00 1.000000e-01
3.074720e+03 0.000000e+00 1.000000e+00 1.000000e-01
3.074730e+03 0.000000e+00 1.000000e+00 1.000000e-01
3.074740e+03 0.000000e+00 1.000000e+00 1.000000e-01
3.074750e+03 0.000000e+00 1.000000e+00 1.000000e-01
3.074760e+03 0.000000e+00 1.000000e+00 1.000000e-01
3.074770e+03 0.000000e+00 1.000000e+00 1.000000e-01
3.074780e+03 0.000000e+00 1.000000e+00 1.000000e-01
3.074790e+03 0.000000e+00 1.000000e+00 1.000000e-01
3.074800e+03 0.000000e+00 1.000000e+00 1.000000e-01
3.074810e+03 0.000000e+00 1.000000e+00 1.000000e-01
3.074820e+03 0.000000e+00 1.000000e+00 1.000000e-01
3.074830e+03 0.000000e+00 1.000000e+00 1.000000e-01
3.074840e+03 0.000000e+00 1.000000e+00 1.000000e-01
3.074850e+03 0.000000e+00 1.000000e+00 1.000000e-01
3.074860e+03 0.000000e+00 1.000000e+00 1.000000e-01
3.074870e+03 0.000000e+00 1.000000e+00 1.000000e-01
3.074880e+03 0.000000e+00 1.000000e+00 1.000000e-01
3.074890e+03 0.000000e+00 1.000000e+00 1.000000e-01
3.074900e+03 0.000000e+00 1.000000e+00 1.000000e-01
3.074910e+03 0.000000e+00 1.000000e+00 1.000000e-01
3.074920e+03 0.000000e+00 1.000000e+00 1.000000e-01
3.074930e+03 0.000000e+00 1.000000e+00 1.000000e-01
3.074940e+03 0.000000e+00 1.000000e+00 1.000000e-01
3.074950e+03 0.000000e+00 1.000000e+00 1.000000e-01
3.074960e+03 0.000000e+00 1.000000e+00 1.000000e-01
3.074970e+03 0.000000e+00 1.000000e+00 1.000000e-01
3.074980e+03 0.000000e+00 1.000000e+00 1.000000e-01
3.074990e+03 0.000000e+00 1.000000e+00 1.000000e-01
3.075000e+03 0.000000e+00 1.000000e+00 1.000000e-01
3.075010e+03 0.000000e+00 1.000000e+00 1.000000e-01
3.075020e+03 0.000000e+00 1.000000e+00 1.000000e-01
3.075030e+03 0.000000e+00 1.000000e+00 1.000000e-01
3.075040e+03 0.000000e+00 1.000000e+00 1.000000e-01
3.075050e+03 0.000000e+00 1.000000e+00 1.000000e-01
3.075060e+03 0.000000e+00 1.000000e+00 1.000000e-01
3.075070e+03 0.000000e+00 1.000000e+00 1.000000e-01
3.075080e+03 0.000000e+00 1.000000e+00 1.000000e-01
3.075090e+03 0.000000e+00 1.000000e+00 1.000000e-01
3.075100e+03 0.000000e+00 1.000000e+00 1.000000e-01
3.075110e+03 0.000000e+00 1.000000e+00 1.000000e-01
3.075120e+03 0.000000e+00 1.000000e+00 1.000000e-01
3.075130e+03 0.000000e+00 1.000000e+00 1.000000e-01
3.075140e+03 0.000000e+00 1.000000e+00 1.000000e-01
3.075150e+03 0.000000e+00 1.000000e+00 1.000000e-01
3.075160e+03 0.000000e+00 1.000000e+00 1.000000e-01
3.075170e+03 0.000000e+00 1.000000e+00 1.000000e-01
3.075180e+03 0.000000e+00 1.000000e+00 1.000000e-01
3.075190e+03 0.000000e+00 1.000000e+00 1.000000e-01
3.075200e+03 0.000000e+00 1.000000e+00 1.000000e-01
3.075210e+03 0.000000e+00 1.000000e+00 1.000000e-01
3.075220e+03 0.000000e+00 1.000000e+00 1.000000e-01
3.075230e+03 0.000000e+00 1.000000e+00 1.000000e-01
3.075240e+03 0.000000e+00 1.000000e+00 1.000000e-01
3.075250e+03 0.000000e+00 1.000000e+00 1.000000e-01
3.075260e+03 0.000000e+00 1.000000e+00 1.000000e-01
3.075270e+03 0.000000e+00 1.000000e+00 1.000000e-01
3.075280e+03 0.000000e+00 1.000000e+00 1.000000e-01
3.075290e+03 0.000000e+00 1.000000e+00 1.000000e-01
3.075300e+03 0.000000e+00 1.000000e+00 1.000000e-01
3.075310e+03 0.000000e+00 1.000000e+00 1.000000e-01
3.075320e+03 0.000000e+00 1.000000e+00 1.000000e-01
3.075330e+03 0.000000e+00 1.000000e+00 1.000000e-01
3.075340e+03 0.000000e+00 1.000000e+00 1.000000e-01
3.075350e+03 0.000000e+00 1.000000e+00 1.000000e-01
3.075360e+03 0.000000e+00 1.000000e+00 1.000000e-01
3.075370e+03 0.000000e+00 1.000000e+00 1.000000e-01
3.075380e+03 0.000000e+00 1.000000e+00 1.000000e-01
3.075390e+03 0.000000e+00 1.000000e+00 1.000000e-01
3.075400e+03 0.000000e+00 1.000000e+00 1.000000e-01
3.075410e+03 0.000000e+00 1.000000e+00 1.000000e-01
3.075420e+03 0.000000e+00 1.000000e+00 1.000000e-01
3.075430e+03 0.000000e+00 1.000000e+00 1.000000e-01
3.075440e+03 0.000000e+00 1.000000e+00 1.000000e-01
3.075450e+03 0.000000e+00 1.000000e+00 1.000000e-01
3.075460e+03 0.000000e+00 1.000000e+00 1.000000e-01
3.075470e+03 0.000000e+00 1.000000e+00 1.000000e-01
3.075480e+03 0.000000e+00 1.000000e+00 1.000000e-01
3.075490e+03 0.000000e+00 1.000000e+00 1.000000e-01
3.075500e+03 0.000000e+00 1.000000e+00 1.000000e-01
3.075510e+03 0.000000e+00 1.000000e+00 1.000000e-01
3.075520e+03 0.000000e+00 1.000000e+00 1.000000e-01
3.075530e+03 0.000000e+00 1.000000e+00 1.000000e-01
3.075540e+03 0.000000e+00 1.000000e+00 1.000000e-01
3.075550e+03 0.000000e+00 1.000000e+00 1.000000e-01
3.075560e+03 0.000000e+00 1.000000e+00 1.000000e-01
3.075570e+03 0.000000e+00 1.000000e+00 1.000000e-01
3.075580e+03 0.000000e+00 1.000000e+00 1.000000e-01
3.075590e+03 0.000000e+00 1.000000e+00 1.000000e-01
3.075600e+03 0.000000e+00 1.000000e+00 1.000000e-01
3.075610e+03 0.000000e+00 1.000000e+00 1.000000e-01
3.075620e+03 0.000000e+00 1.000000e+00 1.000000e-01
3.075630e+03 0.000000e+00 1.000000e+00 1.000000e-01
3.075640e+03 0.000000e+00 1.000000e+00 1.000000e-01
3.075650e+03 0.000000e+00 1.000000e+00 1.000000e-01
3.075660e+03 0.000000e+00 1.000000e+00 1.000000e-01
3.075670e+03 0.000000e+00 1.000000e+00 1.000000e-01
3.075680e+03 0.000000e+00 1.000000e+00 1.000000e-01
3.075690e+03 0.000000e+00 1.000000e+00 1.000000e-01
3.075700e+03 0.000000e+00 1.000000e+00 1.000000e-01
3.075710e+03 0.000000e+00 1.000000e+00 1.000000e-01
3.075720e+03 0.000000e+00 1.000000e+00 1.000000e-01
3.075730e+03 0.000000e+00 1.000000e+00 1.000000e-01
3.075740e+03 0.000000e+00 1.000000e+00 1.000000e-01
3.075750e+03 0.000000e+00 1.000000e+00 1.000000e-01
3.075760e+03 0.000000e+00 1.000000e+00 1.000000e-01
3.075770e+03 0.000000e+00 1.000000e+00 1.000000e-01
3.075780e+03 0.000000e+00 1.000000e+00 1.000000e-01
3.075790e+03 0.000000e+00 1.000000e+00 1.000000e-01
3.075800e+03 0.000000e+00 1.000000e+00 1.000000e-01
3.075810e+03 0.000000e+00 1.000000e+00 1.000000e-01
3.075820e+03 0.000000e+00 1.000000e+00 1.000000e-01
3.075830e+03 0.000000e+00 1.000000e+00 1.000000e-01
3.075840e+03 0.000000e+00 1.000000e+00 1.000000e-01
3.075850e+03 0.000000e+00 1.000000e+00 1.000000e-01
3.075860e+03 0.000000e+00 1.000000e+00 1.000000e-01
3.075870e+03 0.000000e+00 1.000000e+00 1.000000e-01
3.075880e+03 0.000000e+00 1.000000e+00 1.000000e-01
3.075890e+03 0.000000e+00 1.000000e+00 1.000000e-01
3.075900e+03 0.000000e+00 1.000000e+00 1.000000e-01
3.075910e+03 0.000000e+00 1.000000e+00 1.000000e-01
3.075920e+03 0.000000e+00 1.000000e+00 1.000000e-01
3.075930e+03 0.000000e+00 1.000000e+00 1.000000e-01
3.075940e+03 0.000000e+00 1.000000e+00 1.000000e-01
3.075950e+03 0.000000e+00 1.000000e+00 1.000000e-01
3.075960e+03 0.000000e+00 1.000000e+00 1.000000e-01
3.075970e+03 0.000000e+00 1.000000e+00 1.000000e-01
3.075980e+03 0.000000e+00 1.000000e+00 1.000000e-01
3.075990e+03 0.000000e+00 1.000000e+00 1.000000e-01
3.076000e+03 0.000000e+00 1.000000e+00 1.000000e-01
3.076010e+03 0.000000e+00 1.000000e+00 1.000000e-01
3.076020e+03 0.000000e+00 1.000000e+00 1.000000e-01
3.076030e+03 0.000000e+00 1.000000e+00 1.000000e-01
3.076040e+03 0.000000e+00 1.000000e+00 1.000000e-01
3.076050e+03 0.000000e+00 1.000000e+00 1.000000e-01
3.076060e+03 0.000000e+00 1.000000e+00 1.000000e-01
3.076070e+03 0.000000e+00 1.000000e+00 1.000000e-01
3.076080e+03 0.000000e+00 1.000000e+00 1.000000e-01
3.076090e+03 0.000000e+00 1.000000e+00 1.000000e-01
3.076100e+03 0.000000e+00 1.000000e+00 1.000000e-01
3.076110e+03 0.000000e+00 1.000000e+00 1.000000e-01
3.076120e+03 0.000000e+00 1.000000e+00 1.000000e-01
3.076130e+03 0.000000e+00 1.000000e+00 1.000000e-01
3.076140e+03 0.000000e+00 1.000000e+00 1.000000e-01
3.076150e+03 0.000000e+00 1.000000e+00 1.000000e-01
3.076160e+03 0.000000e+00 1.000000e+00 1.000000e-01
3.076170e+03 0.000000e+00 1.000000e+00 1.000000e-01
3.076180e+03 0.000000e+00 1.000000e+00 1.000000e-01
3.076190e+03 0.000000e+00 1.000000e+00 1.000000e-01
3.076200e+03 0.000000e+00 1.000000e+00 1.000000e-01
3.076210e+03 0.000000e+00 1.000000e+00 1.000000e-01
3.076220e+03 0.000000e+00 1.000000e+00 1.000000e-01
3.076230e+03 0.000000e+00 1.000000e+00 1.000000e-01
3.076240e+03 0.000000e+00 1.000000e+00 1.000000e-01
3.076250e+03 0.000000e+00 1.000000e+00 1.000000e-01
3.076260e+03 0.000000e+00 1.000000e+00 1.000000e-01
3.076270e+03 0.000000e+00 1.000000e+00 1.000000e-01
3.076280e+03 0.000000e+00 1.000000e+00 1.000000e-01
3.076290e+03 0.000000e+00 1.000000e+00 1.000000e-01
3.076300e+03 0.000000e+00 1.000000e+00 1.000000e-01
3.076310e+03 0.000000e+00 1.000000e+00 1.000000e-01
3.076320e+03 0.000000e+00 1.000000e+00 1.000000e-01
3.076330e+03 0.000000e+00 1.000000e+00 1.000000e-01
3.076340e+03 0.000000e+00 1.000000e+00 1.000000e-01
3.076350e+03 0.000000e+00 1.000000e+00 1.000000e-01
3.076360e+03 0.000000e+00 1.000000e+00 1.000000e-01
3.076370e+03 0.000000e+00 1.000000e+00 1.000000e-01
3.076380e+03 0.000000e+00 1.000000e+00 1.000000e-01
3.076390e+03 0.000000e+00 1.000000e+00 1.000000e-01
3.076400e+03 0.000000e+00 1.000000e+00 1.000000e-01
3.076410e+03 0.000000e+00 1.000000e+00 1.000000e-01
3.076420e+03 0.000000e+00 1.000000e+00 1.000000e-01
3.076430e+03 0.000000e+00 1.000000e+00 1.000000e-01
3.076440e+03 0.000000e+00 1.000000e+00 1.000000e-01
3.076450e+03 0.000000e+00 1.000000e+00 1.000000e-01
3.076460e+03 0.000000e+00 1.000000e+00 1.000000e-01
3.076470e+03 0.000000e+00 1.000000e+00 1.000000e-01
3.076480e+03 0.000000e+00 1.000000e+00 1.000000e-01
3.076490e+03 0.000000e+00 1.000000e+00 1.000000e-01
3.076500e+03 0.000000e+00 1.000000e+00 1.000000e-01
3.076510e+03 0.000000e+00 1.000000e+00 1.000000e-01
3.076520e+03 0.000000e+00 1.000000e+00 1.000000e-01
3.076530e+03 0.000000e+00 1.000000e+00 1.000000e-01
3.076540e+03 0.000000e+00 1.000000e+00 1.000000e-01
3.076550e+03 0.000000e+00 1.000000e+00 1.000000e-01
3.076560e+03 0.000000e+00 1.000000e+00 1.000000e-01
3.076570e+03 0.000000e+00 1.000000e+00 1.000000e-01
3.076580e+03 0.000000e+00 1.000000e+00 1.000000e-01
3.076590e+03 0.000000e+00 1.000000e+00 1.000000e-01
3.076600e+03 0.000000e+00 1.000000e+00 1.000000e-01
3.076610e+03 0.000000e+00 1.000000e+00 1.000000e-01
3.076620e+03 0.000000e+00 1.000000e+00 1.000000e-01
3.076630e+03 0.000000e+00 1.000000e+00 1.000000e-01
3.076640e+03 0.000000e+00 1.000000e+00 1.000000e-01
3.076650e+03 0.000000e+00 1.000000e+00 1.000000e-01
3.076660e+03 0.000000e+00 1.000000e+00 1.000000e-01
3.076670e+03 0.000000e+00 1.000000e+00 1.000000e-01
3.076680e+03 0.000000e+00 1.000000e+00 1.000000e-01
3.076690e+03 0.000000e+00 1.000000e+00 1.000000e-01
3.076700e+03 0.000000e+00 1.000000e+00 1.000000e-01
3.076710e+03 0.000000e+00 1.000000e+00 1.000000e-01
3.076720e+03 0.000000e+00 1.000000e+00 1.000000e-01
3.076730e+03 0.000000e+00 1.000000e+00 1.000000e-01
3.076740e+03 0.000000e+00 1.000000e+00 1.000000e-01
3.076750e+03 0.000000e+00 1.000000e+00 1.000000e-01
3.076760e+03 0.000000e+00 1.000000e+00 1.000000e-01
3.076770e+03 0.000000e+00 1.000000e+00 1.000000e-01
3.076780e+03 0.000000e+00 1.000000e+00 1.000000e-01
3.076790e+03 0.000000e+00 1.000000e+00 1.000000e-01
3.076800e+03 0.000000e+00 1.000000e+00 1.000000e-01
3.076810e+03 0.000000e+00 1.000000e+00 1.000000e-01
3.076820e+03 0.000000e+00 1.000000e+00 1.000000e-01
3.076830e+03 0.000000e+00 1.000000e+00 1.000000e-01
3.076840e+03 0.000000e+00 1.000000e+00 1.000000e-01
3.076850e+03 0.000000e+00 1.000000e+00 1.000000e-01
3.076860e+03 0.000000e+00 1.000000e+00 1.000000e-01
3.076870e+03 0.000000e+00 1.000000e+00 1.000000e-01
3.076880e+03 0.000000e+00 1.000000e+00 1.000000e-01
3.076890e+03 0.000000e+00 1.000000e+00 1.000000e-01
3.076900e+03 0.000000e+00 1.000000e+00 1.000000e-01
3.076910e+03 0.000000e+00 1.000000e+00 1.000000e-01
3.076920e+03 0.000000e+00 1.000000e+00 1.000000e-01
3.076930e+03 0.000000e+00 1.000000e+00 1.000000e-01
3.076940e+03 0.000000e+00 1.000000e+00 1.000000e-01
3.076950e+03 0.000000e+00 1.000000e+00 1.000000e-01
3.076960e+03 0.000000e+00 1.000000e+00 1.000000e-01
3.076970e+03 0.000000e+00 1.000000e+00 1.000000e-01
3.076980e+03 0.000000e+00 1.000000e+00 1.000000e-01
3.076990e+03 0.000000e+00 1.000000e+00 1.000000e-01
3.077000e+03 0.000000e+00 1.000000e+00 1.000000e-01
3.077010e+03 0.000000e+00 1.000000e+00 1.000000e-01
3.077020e+03 0.000000e+00 1.000000e+00 1.000000e-01
3.077030e+03 0.000000e+00 1.000000e+00 1.000000e-01
3.077040e+03 0.000000e+00 1.000000e+00 1.000000e-01
3.077050e+03 0.000000e+00 1.000000e+00 1.000000e-01
3.077060e+03 0.000000e+00 1.000000e+00 1.000000e-01
3.077070e+03 0.000000e+00 1.000000e+00 1.000000e-01
3.077080e+03 0.000000e+00 1.000000e+00 1.000000e-01
3.077090e+03 0.000000e+00 1.000000e+00 1.000000e-01
3.077100e+03 0.000000e+00 1.000000e+00 1.000000e-01
3.077110e+03 0.000000e+00 1.000000e+00 1.000000e-01
3.077120e+03 0.000000e+00 1.000000e+00 1.000000e-01
3.077130e+03 0.000000e+00 1.000000e+00 1.000000e-01
3.077140e+03 0.000000e+00 1.000000e+00 1.000000e-01
3.077150e+03 0.000000e+00 1.000000e+00 1.000000e-01
3.077160e+03 0.000000e+00 1.000000e+00 1.000000e-01
3.077170e+03 0.000000e+00 1.000000e+00 1.000000e-01
3.077180e+03 0.000000e+00 1.000000e+00 1.000000e-01
3.077190e+03 0.000000e+00 1.000000e+00 1.000000e-01
3.077200e+03 0.000000e+00 1.000000e+00 1.000000e-01
3.077210e+03 0.000000e+00 1.000000e+00 1.000000e-01
3.077220e+03 0.000000e+00 1.000000e+00 1.000000e-01
3.077230e+03 0.000000e+00 1.000000e+00 1.000000e-01
3.077240e+03 0.000000e+00 1.000000e+00 1.000000e-01
3.077250e+03 0.000000e+00 1.000000e+00 1.000000e-01
3.077260e+03 0.000000e+00 1.000000e+00 1.000000e-01
3.077270e+03 0.000000e+00 1.000000e+00 1.000000e-01
3.077280e+03 0.000000e+00 1.000000e+00 1.000000e-01
3.077290e+03 0.000000e+00 1.000000e+00 1.000000e-01
3.077300e+03 0.000000e+00 1.000000e+00 1.000000e-01
3.077310e+03 0.000000e+00 1.000000e+00 1.000000e-01
3.077320e+03 0.000000e+00 1.000000e+00 1.000000e-01
3.077330e+03 0.000000e+00 1.000000e+00 1.000000e-01
3.077340e+03 0.000000e+00 1.000000e+00 1.000000e-01
3.077350e+03 0.000000e+00 1.000000e+00 1.000000e-01
3.077360e+03 0.000000e+00 1.000000e+00 1.000000e-01
3.077370e+03 0.000000e+00 1.000000e+00 1.000000e-01
3.077380e+03 0.000000e+00 1.000000e+00 1.000000e-01
3.077390e+03 0.000000e+00 1.000000e+00 1.000000e-01
3.077400e+03 0.000000e+00 1.000000e+00 1.000000e-01
3.077410e+03 0.000000e+00 1.000000e+00 1.000000e-01
3.077420e+03 0.000000e+00 1.000000e+00 1.000000e-01
3.077430e+03 0.000000e+00 1.000000e+00 1.000000e-01
3.077440e+03 0.000000e+00 1.000000e+00 1.000000e-01
3.077450e+03 0.000000e+00 1.000000e+00 1.000000e-01
3.077460e+03 0.000000e+00 1.000000e+00 1.000000e-01
3.077470e+03 0.000000e+00 1.000000e+00 1.000000e-01
3.077480e+03 0.000000e+00 1.000000e+00 1.000000e-01
3.077490e+03 0.000000e+00 1.000000e+00 1.000000e-01
3.077500e+03 0.000000e+00 1.000000e+00 1.000000e-01
3.077510e+03 0.000000e+00 1.000000e+00 1.000000e-01
3.077520e+03 0.000000e+00 1.000000e+00 1.000000e-01
3.077530e+03 0.000000e+00 1.000000e+00 1.000000e-01
3.077540e+03 0.000000e+00 1.000000e+00 1.000000e-01
3.077550e+03 0.000000e+00 1.000000e+00 1.000000e-01
3.077560e+03 0.000000e+00 1.000000e+00 1.000000e-01
3.077570e+03 0.000000e+00 1.000000e+00 1.000000e-01
3.077580e+03 0.000000e+00 1.000000e+00 1.000000e-01
3.077590e+03 0.000000e+00 1.000000e+00 1.000000e-01
3.077600e+03 0.000000e+00 1.000000e+00 1.000000e-01
3.077610e+03 0.000000e+00 1.000000e+00 1.000000e-01
3.077620e+03 0.000000e+00 1.000000e+00 1.000000e-01
3.077630e+03 0.000000e+00 1.000000e+00 1.000000e-01
3.077640e+03 0.000000e+00 1.000000e+00 1.000000e-01
3.077650e+03 0.000000e+00 1.000000e+00 1.000000e-01
3.077660e+03 0.000000e+00 1.000000e+00 1.000000e-01
3.077670e+03 0.000000e+00 1.000000e+00 1.000000e-01
3.077680e+03 0.000000e+00 1.000000e+00 1.000000e-01
3.077690e+03 0.000000e+00 1.000000e+00 1.000000e-01
3.077700e+03 0.000000e+00 1.000000e+00 1.000000e-01
3.077710e+03 0.000000e+00 1.000000e+00 1.000000e-01
3.077720e+03 0.000000e+00 1.000000e+00 1.000000e-01
3.077730e+03 0.000000e+00 1.000000e+00 1.000000e-01
3.077740e+03 0.000000e+00 1.000000e+00 1.000000e-01
3.077750e+03 0.000000e+00 1.000000e+00 1.000000e-01
3.077760e+03 0.000000e+00 1.000000e+00 1.000000e-01
3.077770e+03 0.000000e+00 1.000000e+00 1.000000e-01
3.077780e+03 0.000000e+00 1.000000e+00 1.000000e-01
3.077790e+03 0.000000e+00 1.000000e+00 1.000000e-01
3.077800e+03 0.000000e+00 1.000000e+00 1.000000e-01
3.077810e+03 0.000000e+00 1.000000e+00 1.000000e-01
3.077820e+03 0.000000e+00 1.000000e+00 1.000000e-01
3.077830e+03 0.000000e+00 1.000000e+00 1.000000e-01
3.077840e+03 0.000000e+00 1.000000e+00 1.000000e-01
3.077850e+03 0.000000e+00 1.000000e+00 1.000000e-01
3.077860e+03 0.000000e+00 1.000000e+00 1.000000e-01
3.077870e+03 0.000000e+00 1.000000e+00 1.000000e-01
3.077880e+03 0.000000e+00 1.000000e+00 1.000000e-01
3.077890e+03 0.000000e+00 1.000000e+00 1.000000e-01
3.077900e+03 0.000000e+00 1.000000e+00 1.000000e-01
3.077910e+03 0.000000e+00 1.000000e+00 1.000000e-01
3.077920e+03 0.000000e+00 1.000000e+00 1.000000e-01
3.077930e+03 0.000000e+00 1.000000e+00 1.000000e-01
3.077940e+03 0.000000e+00 1.000000e+00 1.000000e-01
3.077950e+03 0.000000e+00 1.000000e+00 1.000000e-01
3.077960e+03 0.000000e+00 1.000000e+00 1.000000e-01
3.077970e+03 0.000000e+00 1.000000e+00 1.000000e-01
3.077980e+03 0.000000e+00 1.000000e+00 1.000000e-01
3.077990e+03 0.000000e+00 1.000000e+00 1.000000e-01
3.078000e+03 0.000000e+00 1.000000e+00 1.000000e-01
3.078010e+03 0.000000e+00 1.000000e+00 1.000000e-01
3.078020e+03 0.000000e+00 1.000000e+00 1.000000e-01
3.078030e+03 0.000000e+00 1.000000e+00 1.000000e-01
3.078040e+03 0.000000e+00 1.000000e+00 1.000000e-01
3.078050e+03 0.000000e+00 1.000000e+00 1.000000e-01
3.078060e+03 0.000000e+00 1.000000e+00 1.000000e-01
3.078070e+03 0.000000e+00 1.000000e+00 1.000000e-01
3.078080e+03 0.000000e+00 1.000000e+00 1.000000e-01
3.078090e+03 0.000000e+00 1.000000e+00 1.000000e-01
3.078100e+03 0.000000e+00 1.000000e+00 1.000000e-01
3.078110e+03 0.000000e+00 1.000000e+00 1.000000e-01
3.078120e+03 0.000000e+00 1.000000e+00 1.000000e-01
3.078130e+03 0.000000e+00 1.000000e+00 1.000000e-01
3.078140e+03 0.000000e+00 1.000000e+00 1.000000e-01
3.078150e+03 0.000000e+00 1.000000e+00 1.000000e-01
3.078160e+03 0.000000e+00 1.000000e+00 1.000000e-01
3.078170e+03 0.000000e+00 1.000000e+00 1.000000e-01
3.078180e+03 0.000000e+00 1.000000e+00 1.000000e-01
3.078190e+03 0.000000e+00 1.000000e+00 1.000000e-01
3.078200e+03 0.000000e+00 1.000000e+00 1.000000e-01
3.078210e+03 0.000000e+00 1.000000e+00 1.000000e-01
3.078220e+03 0.000000e+00 1.000000e+00 1.000000e-01
3.078230e+03 0.000000e+00 1.000000e+00 1.000000e-01
3.078240e+03 0.000000e+00 1.000000e+00 1.000000e-01
3.078250e+03 0.000000e+00 1.000000e+00 1.000000e-01
3.078260e+03 0.000000e+00 1.000000e+00 1.000000e-01
3.078270e+03 0.000000e+00 1.000000e+00 1.000000e-01
3.078280e+03 0.000000e+00 1.000000e+00 1.000000e-01
3.078290e+03 0.000000e+00 1.000000e+00 1.000000e-01
3.078300e+03 0.000000e+00 1.000000e+00 1.000000e-01
3.078310e+03 0.000000e+00 1.000000e+00 1.000000e-01
3.078320e+03 0.000000e+00 1.000000e+00 1.000000e-01
3.078330e+03 0.000000e+00 1.000000e+00 1.000000e-01
3.078340e+03 0.000000e+00 1.000000e+00 1.000000e-01
3.078350e+03 0.000000e+00 1.000000e+00 1.000000e-01
3.078360e+03 0.000000e+00 1.000000e+00 1.000000e-01
3.078370e+03 0.000000e+00 1.000000e+00 1.000000e-01
3.078380e+03 0.000000e+00 1.000000e+00 1.000000e-01
3.078390e+03 0.000000e+00 1.000000e+00 1.000000e-01
3.078400e+03 0.000000e+00 1.000000e+00 1.000000e-01
3.078410e+03 0.000000e+00 1.000000e+00 1.000000e-01
3.078420e+03 0.000000e+00 1.000000e+00 1.000000e-01
3.078430e+03 0.000000e+00 1.000000e+00 1.000000e-01
3.078440e+03 0.000000e+00 1.000000e+00 1.000000e-01
3.078450e+03 0.000000e+00 1.000000e+00 1.000000e-01
3.078460e+03 0.000000e+00 1.000000e+00 1.000000e-01
3.078470e+03 0.000000e+00 1.000000e+00 1.000000e-01
3.078480e+03 0.000000e+00 1.000000e+00 1.000000e-01
3.078490e+03 0.000000e+00 1.000000e+00 1.000000e-01
3.078500e+03 0.000000e+00 1.000000e+00 1.000000e-01
3.078510e+03 0.000000e+00 1.000000e+00 1.000000e-01
3.078520e+03 0.000000e+00 1.000000e+00 1.000000e-01
3.078530e+03 0.000000e+00 1.000000e+00 1.000000e-01
3.078540e+03 0.000000e+00 1.000000e+00 1.000000e-01
3.078550e+03 0.000000e+00 1.000000e+00 1.000000e-01
3.078560e+03 0.000000e+00 1.000000e+00 1.000000e-01
3.078570e+03 0.000000e+00 1.000000e+00 1.000000e-01
3.078580e+03 0.000000e+00 1.000000e+00 1.000000e-01
3.078590e+03 0.000000e+00 1.000000e+00 1.000000e-01
3.078600e+03 0.000000e+00 1.000000e+00 1.000000e-01
3.078610e+03 0.000000e+00 1.000000e+00 1.000000e-01
3.078620e+03 0.000000e+00 1.000000e+00 1.000000e-01
3.078630e+03 0.000000e+00 1.000000e+00 1.000000e-01
3.078640e+03 0.000000e+00 1.000000e+00 1.000000e-01
3.078650e+03 0.000000e+00 1.000000e+00 1.000000e-01
3.078660e+03 0.000000e+00 1.000000e+00 1.000000e-01
3.078670e+03 0.000000e+00 1.000000e+00 1.000000e-01
3.078680e+03 0.000000e+00 1.000000e+00 1.000000e-01
3.078690e+03 0.000000e+00 1.000000e+00 1.000000e-01
3.078700e+03 0.000000e+00 1.000000e+00 1.000000e-01
3.078710e+03 0.000000e+00 1.000000e+00 1.000000e-01
3.078720e+03 0.000000e+00 1.000000e+00 1.000000e-01
3.078730e+03 0.000000e+00 1.000000e+00 1.000000e-01
3.078740e+03 0.000000e+00 1.000000e+00 1.000000e-01
3.078750e+03 0.000000e+00 1.000000e+00 1.000000e-01
3.078760e+03 0.000000e+00 1.000000e+00 1.000000e-01
3.078770e+03 0.000000e+00 1.000000e+00 1.000000e-01
3.078780e+03 0.000000e+00 1.000000e+00 1.000000e-01
3.078790e+03 0.000000e+00 1.000000e+00 1.000000e-01
3.078800e+03 0.000000e+00 1.000000e+00 1.000000e-01
3.078810e+03 0.000000e+00 1.000000e+00 1.000000e-01
3.078820e+03 0.000000e+00 1.000000e+00 1.000000e-01
3.078830e+03 0.000000e+00 1.000000e+00 1.000000e-01
3.078840e+03 0.000000e+00 1.000000e+00 1.000000e-01
3.078850e+03 0.000000e+00 1.000000e+00 1.000000e-01
3.078860e+03 0.000000e+00 1.000000e+00 1.000000e-01
3.078870e+03 0.000000e+00 1.000000e+00 1.000000e-01
3.078880e+03 0.000000e+00 1.000000e+00 1.000000e-01
3.078890e+03 0.000000e+00 1.000000e+00 1.000000e-01
3.078900e+03 0.000000e+00 1.000000e+00 1.000000e-01
3.078910e+03 0.000000e+00 1.000000e+00 1.000000e-01
3.078920e+03 0.000000e+00 1.000000e+00 1.000000e-01
3.078930e+03 0.000000e+00 1.000000e+00 1.000000e-01
3.078940e+03 0.000000e+00 1.000000e+00 1.000000e-01
3.078950e+03 0.000000e+00 1.000000e+00 1.000000e-01
3.078960e+03 0.000000e+00 1.000000e+00 1.000000e-01
3.078970e+03 0.000000e+00 1.000000e+00 1.000000e-01
3.078980e+03 0.000000e+00 1.000000e+00 1.000000e-01
3.078990e+03 0.000000e+00 1.000000e+00 1.000000e-01
3.079000e+03 0.000000e+00 1.000000e+00 1.000000e-01
3.079010e+03 0.000000e+00 1.000000e+00 1.000000e-01
3.079020e+03 0.000000e+00 1.000000e+00 1.000000e-01
3.079030e+03 0.000000e+00 1.000000e+00 1.000000e-01
3.079040e+03 0.000000e+00 1.000000e+00 1.000000e-01
3.079050e+03 0.000000e+00 1.000000e+00 1.000000e-01
3.079060e+03 0.000000e+00 1.000000e+00 1.000000e-01
3.079070e+03 0.000000e+00 1.000000e+00 1.000000e-01
3.079080e+03 0.000000e+00 1.000000e+00 1.000000e-01
3.079090e+03 0.000000e+00 1.000000e+00 1.000000e-01
3.079100e+03 0.000000e+00 1.000000e+00 1.000000e-01
3.079110e+03 0.000000e+00 1.000000e+00 1.000000e-01
3.079120e+03 0.000000e+00 1.000000e+00 1.000000e-01
3.079130e+03 0.000000e+00 1.000000e+00 1.000000e-01
3.079140e+03 0.000000e+00 1.000000e+00 1.000000e-01
3.079150e+03 0.000000e+00 1.000000e+00 1.000000e-01
3.079160e+03 0.000000e+00 1.000000e+00 1.000000e-01
3.079170e+03 0.000000e+00 1.000000e+00 1.000000e-01
3.079180e+03 0.000000e+00 1.000000e+00 1.000000e-01
3.079190e+03 0.000000e+00 1.000000e+00 1.000000e-01
3.079200e+03 0.000000e+00 1.000000e+00 1.000000e-01
3.079210e+03 0.000000e+00 1.000000e+00 1.000000e-01
3.079220e+03 0.000000e+00 1.000000e+00 1.000000e-01
3.079230e+03 0.000000e+00 1.000000e+00 1.000000e-01
3.079240e+03 0.000000e+00 1.000000e+00 1.000000e-01
3.079250e+03 0.000000e+00 1.000000e+00 1.000000e-01
3.079260e+03 0.000000e+00 1.000000e+00 1.000000e-01
3.079270e+03 0.000000e+00 1.000000e+00 1.000000e-01
3.079280e+03 0.000000e+00 1.000000e+00 1.000000e-01
3.079290e+03 0.000000e+00 1.000000e+00 1.000000e-01
3.079300e+03 0.000000e+00 1.000000e+00 1.000000e-01
3.079310e+03 0.000000e+00 1.000000e+00 1.000000e-01
3.079320e+03 0.000000e+00 1.000000e+00 1.000000e-01
3.079330e+03 0.000000e+00 1.000000e+00 1.000000e-01
3.079340e+03 0.000000e+00 1.000000e+00 1.000000e-01
3.079350e+03 0.000000e+00 1.000000e+00 1.000000e-01
3.079360e+03 0.000000e+00 1.000000e+00 1.000000e-01
3.079370e+03 0.000000e+00 1.000000e+00 1.000000e-01
3.079380e+03 0.000000e+00 1.000000e+00 1.000000e-01
3.079390e+03 0.000000e+00 1.000000e+00 1.000000e-01
3.079400e+03 0.000000e+00 1.000000e+00 1.000000e-01
3.079410e+03 0.000000e+00 1.000000e+00 1.000000e-01
3.079420e+03 0.000000e+00 1.000000e+00 1.000000e-01
3.079430e+03 0.000000e+00 1.000000e+00 1.000000e-01
3.079440e+03 0.000000e+00 1.000000e+00 1.000000e-01
3.079450e+03 0.000000e+00 1.000000e+00 1.000000e-01
3.079460e+03 0.000000e+00 1.000000e+00 1.000000e-01
3.079470e+03 0.000000e+00 1.000000e+00 1.000000e-01
3.079480e+03 0.000000e+00 1.000000e+00 1.000000e-01
3.079490e+03 0.000000e+00 1.000000e+00 1.000000e-01
3.079500e+03 0.000000e+00 1.000000e+00 1.000000e-01
3.079510e+03 0.000000e+00 1.000000e+00 1.000000e-01
3.079520e+03 0.000000e+00 1.000000e+00 1.000000e-01
3.079530e+03 0.000000e+00 1.000000e+00 1.000000e-01
3.079540e+03 0.000000e+00 1.000000e+00 1.000000e-01
3.079550e+03 0.000000e+00 1.000000e+00 1.000000e-01
3.079560e+03 0.000000e+00 1.000000e+00 1.000000e-01
3.079570e+03 0.000000e+00 1.000000e+00 1.000000e-01
3.079580e+03 0.000000e+00 1.000000e+00 1.000000e-01
3.079590e+03 0.000000e+00 1.000000e+00 1.000000e-01
3.079600e+03 0.000000e+00 1.000000e+00 1.000000e-01
3.079610e+03 0.000000e+00 1.000000e+00 1.000000e-01
3.079620e+03 0.000000e+00 1.000000e+00 1.000000e-01
3.079630e+03 0.000000e+00 1.000000e+00 1.000000e-01
3.079640e+03 0.000000e+00 1.000000e+00 1.000000e-01
3.079650e+03 0.000000e+00 1.000000e+00 1.000000e-01
3.079660e+03 0.000000e+00 1.000000e+00 1.000000e-01
3.079670e+03 0.000000e+00 1.000000e+00 1.000000e-01
3.079680e+03 0.000000e+00 1.000000e+00 1.000000e-01
3.079690e+03 0.000000e+00 1.000000e+00 1.000000e-01
3.079700e+03 0.000000e+00 1.000000e+00 1.000000e-01
3.079710e+03 0.000000e+00 1.000000e+00 1.000000e-01
3.079720e+03 0.000000e+00 1.000000e+00 1.000000e-01
3.079730e+03 0.000000e+00 1.000000e+00 1.000000e-01
3.079740e+03 0.000000e+00 1.000000e+00 1.000000e-01
3.079750e+03 0.000000e+00 1.000000e+00 1.000000e-01
3.079760e+03 0.000000e+00 1.000000e+00 1.000000e-01
3.079770e+03 0.000000e+00 1.000000e+00 1.000000e-01
3.079780e+03 0.000000e+00 1.000000e+00 1.000000e-01
3.079790e+03 0.000000e+00 1.000000e+00 1.000000e-01
3.079800e+03 0.000000e+00 1.000000e+00 1.000000e-01
3.079810e+03 0.000000e+00 1.000000e+00 1.000000e-01
3.079820e+03 0.000000e+00 1.000000e+00 1.000000e-01
3.079830e+03 0.000000e+00 1.000000e+00 1.000000e-01
3.079840e+03 0.000000e+00 1.000000e+00 1.000000e-01
3.079850e+03 0.000000e+00 1.000000e+00 1.000000e-01
3.079860e+03 0.000000e+00 1.000000e+00 1.000000e-01
3.079870e+03 0.000000e+00 1.000000e+00 1.000000e-01
3.079880e+03 0.000000e+00 1.000000e+00 1.000000e-01
3.079890e+03 0.000000e+00 1.000000e+00 1.000000e-01
3.079900e+03 0.000000e+00 1.000000e+00 1.000000e-01
3.079910e+03 0.000000e+00 1.000000e+00 1.000000e-01
3.079920e+03 0.000000e+00 1.000000e+00 1.000000e-01
3.079930e+03 0.000000e+00 1.000000e+00 1.000000e-01
3.079940e+03 0.000000e+00 1.000000e+00 1.000000e-01
3.079950e+03 0.000000e+00 1.000000e+00 1.000000e-01
3.079960e+03 0.000000e+00 1.000000e+00 1.000000e-01
3.079970e+03 0.000000e+00 1.000000e+00 1.000000e-01
3.079980e+03 0.000000e+00 1.000000e+00 1.000000e-01
3.079990e+03 0.000000e+00 1.000000e+00 1.000000e-01
3.080000e+03 0.000000e+00 1.000000e+00 1.000000e-01
3.080010e+03 0.000000e+00 1.000000e+00 1.000000e-01
3.080020e+03 0.000000e+00 1.000000e+00 1.000000e-01
3.080030e+03 0.000000e+00 1.000000e+00 1.000000e-01
3.080040e+03 0.000000e+00 1.000000e+00 1.000000e-01
3.080050e+03 0.000000e+00 1.000000e+00 1.000000e-01
3.080060e+03 0.000000e+00 1.000000e+00 1.000000e-01
3.080070e+03 0.000000e+00 1.000000e+00 1.000000e-01
3.080080e+03 0.000000e+00 1.000000e+00 1.000000e-01
3.080090e+03 0.000000e+00 1.000000e+00 1.000000e-01
3.080100e+03 0.000000e+00 1.000000e+00 1.000000e-01
3.080110e+03 0.000000e+00 1.000000e+00 1.000000e-01
3.080120e+03 0.000000e+00 1.000000e+00 1.000000e-01
3.080130e+03 0.000000e+00 1.000000e+00 1.000000e-01
3.080140e+03 0.000000e+00 1.000000e+00 1.000000e-01
3.080150e+03 0.000000e+00 1.000000e+00 1.000000e-01
3.080160e+03 0.000000e+00 1.000000e+00 1.000000e-01
3.080170e+03 0.000000e+00 1.000000e+00 1.000000e-01
3.080180e+03 0.000000e+00 1.000000e+00 1.000000e-01
3.080190e+03 0.000000e+00 1.000000e+00 1.000000e-01
3.080200e+03 0.000000e+00 1.000000e+00 1.000000e-01
3.080210e+03 0.000000e+00 1.000000e+00 1.000000e-01
3.080220e+03 0.000000e+00 1.000000e+00 1.000000e-01
3.080230e+03 0.000000e+00 1.000000e+00 1.000000e-01
3.080240e+03 0.000000e+00 1.000000e+00 1.000000e-01
3.080250e+03 0.000000e+00 1.000000e+00 1.000000e-01
3.080260e+03 0.000000e+00 1.000000e+00 1.000000e-01
3.080270e+03 0.000000e+00 1.000000e+00 1.000000e-01
3.080280e+03 0.000000e+00 1.000000e+00 1.000000e-01
3.080290e+03 0.000000e+00 1.000000e+00 1.000000e-01
3.080300e+03 0.000000e+00 1.000000e+00 1.000000e-01
3.080310e+03 0.000000e+00 1.000000e+00 1.000000e-01
3.080320e+03 0.000000e+00 1.000000e+00 1.000000e-01
3.080330e+03 0.000000e+00 1.000000e+00 1.000000e-01
3.080340e+03 0.000000e+00 1.000000e+00 1.000000e-01
3.080350e+03 0.000000e+00 1.000000e+00 1.000000e-01
3.080360e+03 0.000000e+00 1.000000e+00 1.000000e-01
3.080370e+03 0.000000e+00 1.000000e+00 1.000000e-01
3.080380e+03 0.000000e+00 1.000000e+00 1.000000e-01
3.080390e+03 0.000000e+00 1.000000e+00 1.000000e-01
3.080400e+03 0.000000e+00 1.000000e+00 1.000000e-01
3.080410e+03 0.000000e+00 1.000000e+00 1.000000e-01
3.080420e+03 0.000000e+00 1.000000e+00 1.000000e-01
3.080430e+03 0.000000e+00 1.000000e+00 1.000000e-01
3.080440e+03 0.000000e+00 1.000000e+00 1.000000e-01
3.080450e+03 0.000000e+00 1.000000e+00 1.000000e-01
3.080460e+03 0.000000e+00 1.000000e+00 1.000000e-01
3.080470e+03 0.000000e+00 1.000000e+00 1.000000e-01
3.080480e+03 0.000000e+00 1.000000e+00 1.000000e-01
3.080490e+03 0.000000e+00 1.000000e+00 1.000000e-01
3.080500e+03 0.000000e+00 1.000000e+00 1.000000e-01
3.080510e+03 0.000000e+00 1.000000e+00 1.000000e-01
3.080520e+03 0.000000e+00 1.000000e+00 1.000000e-01
3.080530e+03 0.000000e+00 1.000000e+00 1.000000e-01
3.080540e+03 0.000000e+00 1.000000e+00 1.000000e-01
3.080550e+03 0.000000e+00 1.000000e+00 1.000000e-01
3.080560e+03 0.000000e+00 1.000000e+00 1.000000e-01
3.080570e+03 0.000000e+00 1.000000e+00 1.000000e-01
3.080580e+03 0.000000e+00 1.000000e+00 1.000000e-01
3.080590e+03 0.000000e+00 1.000000e+00 1.000000e-01
3.080600e+03 0.000000e+00 1.000000e+00 1.000000e-01
3.080610e+03 0.000000e+00 1.000000e+00 1.000000e-01
3.080620e+03 0.000000e+00 1.000000e+00 1.000000e-01
3.080630e+03 0.000000e+00 1.000000e+00 1.000000e-01
3.080640e+03 0.000000e+00 1.000000e+00 1.000000e-01
3.080650e+03 0.000000e+00 1.000000e+00 1.000000e-01
3.080660e+03 0.000000e+00 1.000000e+00 1.000000e-01
3.080670e+03 0.000000e+00 1.000000e+00 1.000000e-01
3.080680e+03 0.000000e+00 1.000000e+00 1.000000e-01
3.080690e+03 0.000000e+00 1.000000e+00 1.000000e-01
3.080700e+03 0.000000e+00 1.000000e+00 1.000000e-01
3.080710e+03 0.000000e+00 1.000000e+00 1.000000e-01
3.080720e+03 0.000000e+00 1.000000e+00 1.000000e-01
3.080730e+03 0.000000e+00 1.000000e+00 1.000000e-01
3.080740e+03 0.000000e+00 1.000000e+00 1.000000e-01
3.080750e+03 0.000000e+00 1.000000e+00 1.000000e-01
3.080760e+03 0.000000e+00 1.000000e+00 1.000000e-01
3.080770e+03 0.000000e+00 1.000000e+00 1.000000e-01
3.080780e+03 0.000000e+00 1.000000e+00 1.000000e-01
3.080790e+03 0.000000e+00 1.000000e+00 1.000000e-01
3.080800e+03 0.000000e+00 1.000000e+00 1.000000e-01
3.080810e+03 0.000000e+00 1.000000e+00 1.000000e-01
3.080820e+03 0.000000e+00 1.000000e+00 1.000000e-01
3.080830e+03 0.000000e+00 1.000000e+00 1.000000e-01
3.080840e+03 0.000000e+00 1.000000e+00 1.000000e-01
3.080850e+03 0.000000e+00 1.000000e+00 1.000000e-01
3.080860e+03 0.000000e+00 1.000000e+00 1.000000e-01
3.080870e+03 0.000000e+00 1.000000e+00 1.000000e-01
3.080880e+03 0.000000e+00 1.000000e+00 1.000000e-01
3.080890e+03 0.000000e+00 1.000000e+00 1.000000e-01
3.080900e+03 0.000000e+00 1.000000e+00 1.000000e-01
3.080910e+03 0.000000e+00 1.000000e+00 1.000000e-01
3.080920e+03 0.000000e+00 1.000000e+00 1.000000e-01
3.080930e+03 0.000000e+00 1.000000e+00 1.000000e-01
3.080940e+03 0.000000e+00 1.000000e+00 1.000000e-01
3.080950e+03 0.000000e+00 1.000000e+00 1.000000e-01
3.080960e+03 0.000000e+00 1.000000e+00 1.000000e-01
3.080970e+03 0.000000e+00 1.000000e+00 1.000000e-01
3.080980e+03 0.000000e+00 1.000000e+00 1.000000e-01
3.080990e+03 0.000000e+00 1.000000e+00 1.000000e-01
3.081000e+03 0.000000e+00 1.000000e+00 1.000000e-01
3.081010e+03 0.000000e+00 1.000000e+00 1.000000e-01
3.081020e+03 0.000000e+00 1.000000e+00 1.000000e-01
3.081030e+03 0.000000e+00 1.000000e+00 1.000000e-01
3.081040e+03 0.000000e+00 1.000000e+00 1.000000e-01
3.081050e+03 0.000000e+00 1.000000e+00 1.000000e-01
3.081060e+03 0.000000e+00 1.000000e+00 1.000000e-01
3.081070e+03 0.000000e+00 1.000000e+00 1.000000e-01
3.081080e+03 0.000000e+00 1.000000e+00 1.000000e-01
3.081090e+03 0.000000e+00 1.000000e+00 1.000000e-01
3.081100e+03 0.000000e+00 1.000000e+00 1.000000e-01
3.081110e+03 0.000000e+00 1.000000e+00 1.000000e-01
3.081120e+03 0.000000e+00 1.000000e+00 1.000000e-01
3.081130e+03 0.000000e+00 1.000000e+00 1.000000e-01
3.081140e+03 0.000000e+00 1.000000e+00 1.000000e-01
3.081150e+03 0.000000e+00 1.000000e+00 1.000000e-01
3.081160e+03 0.000000e+00 1.000000e+00 1.000000e-01
3.081170e+03 0.000000e+00 1.000000e+00 1.000000e-01
3.081180e+03 0.000000e+00 1.000000e+00 1.000000e-01
3.081190e+03 0.000000e+00 1.000000e+00 1.000000e-01
3.081200e+03 0.000000e+00 1.000000e+00 1.000000e-01
3.081210e+03 0.000000e+00 1.000000e+00 1.000000e-01
3.081220e+03 0.000000e+00 1.000000e+00 1.000000e-01
3.081230e+03 0.000000e+00 1.000000e+00 1.000000e-01
3.081240e+03 0.000000e+00 1.000000e+00 1.000000e-01
3.081250e+03 0.000000e+00 1.000000e+00 1.000000e-01
3.081260e+03 0.000000e+00 1.000000e+00 1.000000e-01
3.081270e+03 0.000000e+00 1.000000e+00 1.000000e-01
3.081280e+03 0.000000e+00 1.000000e+00 1.000000e-01
3.081290e+03 0.000000e+00 1.000000e+00 1.000000e-01
3.081300e+03 0.000000e+00 1.000000e+00 1.000000e-01
3.081310e+03 0.000000e+00 1.000000e+00 1.000000e-01
3.081320e+03 0.000000e+00 1.000000e+00 1.000000e-01
3.081330e+03 0.000000e+00 1.000000e+00 1.000000e-01
3.081340e+03 0.000000e+00 1.000000e+00 1.000000e-01
3.081350e+03 0.000000e+00 1.000000e+00 1.000000e-01
3.081360e+03 0.000000e+00 1.000000e+00 1.000000e-01
3.081370e+03 0.000000e+00 1.000000e+00 1.000000e-01
3.081380e+03 0.000000e+00 1.000000e+00 1.000000e-01
3.081390e+03 0.000000e+00 1.000000e+00 1.000000e-01
3.081400e+03 0.000000e+00 1.000000e+00 1.000000e-01
3.081410e+03 0.000000e+00 1.000000e+00 1.000000e-01
3.081420e+03 0.000000e+00 1.000000e+00 1.000000e-01
3.081430e+03 0.000000e+00 1.000000e+00 1.000000e-01
3.081440e+03 0.000000e+00 1.000000e+00 1.000000e-01
3.081450e+03 0.000000e+00 1.000000e+00 1.000000e-01
3.081460e+03 0.000000e+00 1.000000e+00 1.000000e-01
3.081470e+03 0.000000e+00 1.000000e+00 1.000000e-01
3.081480e+03 0.000000e+00 1.000000e+00 1.000000e-01
3.081490e+03 0.000000e+00 1.000000e+00 1.000000e-01
3.081500e+03 0.000000e+00 1.000000e+00 1.000000e-01
3.081510e+03 0.000000e+00 1.000000e+00 1.000000e-01
3.081520e+03 0.000000e+00 1.000000e+00 1.000000e-01
3.081530e+03 0.000000e+00 1.000000e+00 1.000000e-01
3.081540e+03 0.000000e+00 1.000000e+00 1.000000e-01
3.081550e+03 0.000000e+00 1.000000e+00 1.000000e-01
3.081560e+03 0.000000e+00 1.000000e+00 1.000000e-01
3.081570e+03 0.000000e+00 1.000000e+00 1.000000e-01
3.081580e+03 0.000000e+00 1.000000e+00 1.000000e-01
3.081590e+03 0.000000e+00 1.000000e+00 1.000000e-01
3.081600e+03 0.000000e+00 1.000000e+00 1.000000e-01
3.081610e+03 0.000000e+00 1.000000e+00 1.000000e-01
3.081620e+03 0.000000e+00 1.000000e+00 1.000000e-01
3.081630e+03 0.000000e+00 1.000000e+00 1.000000e-01
3.081640e+03 0.000000e+00 1.000000e+00 1.000000e-01
3.081650e+03 0.000000e+00 1.000000e+00 1.000000e-01
3.081660e+03 0.000000e+00 1.000000e+00 1.000000e-01
3.081670e+03 0.000000e+00 1.000000e+00 1.000000e-01
3.081680e+03 0.000000e+00 1.000000e+00 1.000000e-01
3.081690e+03 0.000000e+00 1.000000e+00 1.000000e-01
3.081700e+03 0.000000e+00 1.000000e+00 1.000000e-01
3.081710e+03 0.000000e+00 1.000000e+00 1.000000e-01
3.081720e+03 0.000000e+00 1.000000e+00 1.000000e-01
3.081730e+03 0.000000e+00 1.000000e+00 1.000000e-01
3.081740e+03 0.000000e+00 1.000000e+00 1.000000e-01
3.081750e+03 0.000000e+00 1.000000e+00 1.000000e-01
3.081760e+03 0.000000e+00 1.000000e+00 1.000000e-01
3.081770e+03 0.000000e+00 1.000000e+00 1.000000e-01
3.081780e+03 0.000000e+00 1.000000e+00 1.000000e-01
3.081790e+03 0.000000e+00 1.000000e+00 1.000000e-01
3.081800e+03 0.000000e+00 1.000000e+00 1.000000e-01
3.081810e+03 0.000000e+00 1.000000e+00 1.000000e-01
3.081820e+03 0.000000e+00 1.000000e+00 1.000000e-01
3.081830e+03 0.000000e+00 1.000000e+00 1.000000e-01
3.081840e+03 0.000000e+00 1.000000e+00 1.000000e-01
3.081850e+03 0.000000e+00 1.000000e+00 1.000000e-01
3.081860e+03 0.000000e+00 1.000000e+00 1.000000e-01
3.081870e+03 0.000000e+00 1.000000e+00 1.000000e-01
3.081880e+03 0.000000e+00 1.000000e+00 1.000000e-01
3.081890e+03 0.000000e+00 1.000000e+00 1.000000e-01
3.081900e+03 0.000000e+00 1.000000e+00 1.000000e-01
3.081910e+03 0.000000e+00 1.000000e+00 1.000000e-01
3.081920e+03 0.000000e+00 1.000000e+00 1.000000e-01
3.081930e+03 0.000000e+00 1.000000e+00 1.000000e-01
3.081940e+03 0.000000e+00 1.000000e+00 1.000000e-01
3.081950e+03 0.000000e+00 1.000000e+00 1.000000e-01
3.081960e+03 0.000000e+00 1.000000e+00 1.000000e-01
3.081970e+03 0.000000e+00 1.000000e+00 1.000000e-01
3.081980e+03 0.000000e+00 1.000000e+00 1.000000e-01
3.081990e+03 0.000000e+00 1.000000e+00 1.000000e-01
3.082000e+03 0.000000e+00 1.000000e+00 1.000000e-01
3.082010e+03 0.000000e+00 1.000000e+00 1.000000e-01
3.082020e+03 0.000000e+00 1.000000e+00 1.000000e-01
3.082030e+03 0.000000e+00 1.000000e+00 1.000000e-01
3.082040e+03 0.000000e+00 1.000000e+00 1.000000e-01
3.082050e+03 0.000000e+00 1.000000e+00 1.000000e-01
3.082060e+03 0.000000e+00 1.000000e+00 1.000000e-01
3.082070e+03 0.000000e+00 1.000000e+00 1.000000e-01
3.082080e+03 0.000000e+00 1.000000e+00 1.000000e-01
3.082090e+03 0.000000e+00 1.000000e+00 1.000000e-01
3.082100e+03 0.000000e+00 1.000000e+00 1.000000e-01
3.082110e+03 0.000000e+00 1.000000e+00 1.000000e-01
3.082120e+03 0.000000e+00 1.000000e+00 1.000000e-01
3.082130e+03 0.000000e+00 1.000000e+00 1.000000e-01
3.082140e+03 0.000000e+00 1.000000e+00 1.000000e-01
3.082150e+03 0.000000e+00 1.000000e+00 1.000000e-01
3.082160e+03 0.000000e+00 1.000000e+00 1.000000e-01
3.082170e+03 0.000000e+00 1.000000e+00 1.000000e-01
3.082180e+03 0.000000e+00 1.000000e+00 1.000000e-01
3.082190e+03 0.000000e+00 1.000000e+00 1.000000e-01
3.082200e+03 0.000000e+00 1.000000e+00 1.000000e-01
3.082210e+03 0.000000e+00 1.000000e+00 1.000000e-01
3.082220e+03 0.000000e+00 1.000000e+00 1.000000e-01
3.082230e+03 0.000000e+00 1.000000e+00 1.000000e-01
3.082240e+03 0.000000e+00 1.000000e+00 1.000000e-01
3.082250e+03 0.000000e+00 1.000000e+00 1.000000e-01
3.082260e+03 0.000000e+00 1.000000e+00 1.000000e-01
3.082270e+03 0.000000e+00 1.000000e+00 1.000000e-01
3.082280e+03 0.000000e+00 1.000000e+00 1.000000e-01
3.082290e+03 0.000000e+00 1.000000e+00 1.000000e-01
3.082300e+03 0.000000e+00 1.000000e+00 1.000000e-01
3.082310e+03 0.000000e+00 1.000000e+00 1.000000e-01
3.082320e+03 0.000000e+00 1.000000e+00 1.000000e-01
3.082330e+03 0.000000e+00 1.000000e+00 1.000000e-01
3.082340e+03 0.000000e+00 1.000000e+00 1.000000e-01
3.082350e+03 0.000000e+00 1.000000e+00 1.000000e-01
3.082360e+03 0.000000e+00 1.000000e+00 1.000000e-01
3.082370e+03 0.000000e+00 1.000000e+00 1.000000e-01
3.082380e+03 0.000000e+00 1.000000e+00 1.000000e-01
3.082390e+03 0.000000e+00 1.000000e+00 1.000000e-01
3.082400e+03 0.000000e+00 1.000000e+00 1.000000e-01
3.082410e+03 0.000000e+00 1.000000e+00 1.000000e-01
3.082420e+03 0.000000e+00 1.000000e+00 1.000000e-01
3.082430e+03 0.000000e+00 1.000000e+00 1.000000e-01
3.082440e+03 0.000000e+00 1.000000e+00 1.000000e-01
3.082450e+03 0.000000e+00 1.000000e+00 1.000000e-01
3.082460e+03 0.000000e+00 1.000000e+00 1.000000e-01
3.082470e+03 0.000000e+00 1.000000e+00 1.000000e-01
3.082480e+03 0.000000e+00 1.000000e+00 1.000000e-01
3.082490e+03 0.000000e+00 1.000000e+00 1.000000e-01
3.082500e+03 0.000000e+00 1.000000e+00 1.000000e-01
3.082510e+03 0.000000e+00 1.000000e+00 1.000000e-01
3.082520e+03 0.000000e+00 1.000000e+00 1.000000e-01
3.082530e+03 0.000000e+00 1.000000e+00 1.000000e-01
3.082540e+03 0.000000e+00 1.000000e+00 1.000000e-01
3.082550e+03 0.000000e+00 1.000000e+00 1.000000e-01
3.082560e+03 0.000000e+00 1.000000e+00 1.000000e-01
3.082570e+03 0.000000e+00 1.000000e+00 1.000000e-01
3.082580e+03 0.000000e+00 1.000000e+00 1.000000e-01
3.082590e+03 0.000000e+00 1.000000e+00 1.000000e-01
3.082600e+03 0.000000e+00 1.000000e+00 1.000000e-01
3.082610e+03 0.000000e+00 1.000000e+00 1.000000e-01
3.082620e+03 0.000000e+00 1.000000e+00 1.000000e-01
3.082630e+03 0.000000e+00 1.000000e+00 1.000000e-01
3.082640e+03 0.000000e+00 1.000000e+00 1.000000e-01
3.082650e+03 0.000000e+00 1.000000e+00 1.000000e-01
3.082660e+03 0.000000e+00 1.000000e+00 1.000000e-01
3.082670e+03 0.000000e+00 1.000000e+00 1.000000e-01
3.082680e+03 0.000000e+00 1.000000e+00 1.000000e-01
3.082690e+03 0.000000e+00 1.000000e+00 1.000000e-01
3.082700e+03 0.000000e+00 1.000000e+00 1.000000e-01
3.082710e+03 0.000000e+00 1.000000e+00 1.000000e-01
3.082720e+03 0.000000e+00 1.000000e+00 1.000000e-01
3.082730e+03 0.000000e+00 1.000000e+00 1.000000e-01
3.082740e+03 0.000000e+00 1.000000e+00 1.000000e-01
3.082750e+03 0.000000e+00 1.000000e+00 1.000000e-01
3.082760e+03 0.000000e+00 1.000000e+00 1.000000e-01
3.082770e+03 0.000000e+00 1.000000e+00 1.000000e-01
3.082780e+03 0.000000e+00 1.000000e+00 1.000000e-01
3.082790e+03 0.000000e+00 1.000000e+00 1.000000e-01
3.082800e+03 0.000000e+00 1.000000e+00 1.000000e-01
3.082810e+03 0.000000e+00 1.000000e+00 1.000000e-01
3.082820e+03 0.000000e+00 1.000000e+00 1.000000e-01
3.082830e+03 0.000000e+00 1.000000e+00 1.000000e-01
3.082840e+03 0.000000e+00 1.000000e+00 1.000000e-01
3.082850e+03 0.000000e+00 1.000000e+00 1.000000e-01
3.082860e+03 0.000000e+00 1.000000e+00 1.000000e-01
3.082870e+03 0.000000e+00 1.000000e+00 1.000000e-01
3.082880e+03 0.000000e+00 1.000000e+00 1.000000e-01
3.082890e+03 0.000000e+00 1.000000e+00 1.000000e-01
3.082900e+03 0.000000e+00 1.000000e+00 1.000000e-01
3.082910e+03 0.000000e+00 1.000000e+00 1.000000e-01
3.082920e+03 0.000000e+00 1.000000e+00 1.000000e-01
3.082930e+03 0.000000e+00 1.000000e+00 1.000000e-01
3.082940e+03 0.000000e+00 1.000000e+00 1.000000e-01
3.082950e+03 0.000000e+00 1.000000e+00 1.000000e-01
3.082960e+03 0.000000e+00 1.000000e+00 1.000000e-01
3.082970e+03 0.000000e+00 1.000000e+00 1.000000e-01
3.082980e+03 0.000000e+00 1.000000e+00 1.000000e-01
3.082990e+03 0.000000e+00 1.000000e+00 1.000000e-01
3.083000e+03 0.000000e+00 1.000000e+00 1.000000e-01
3.083010e+03 0.000000e+00 1.000000e+00 1.000000e-01
3.083020e+03 0.000000e+00 1.000000e+00 1.000000e-01
3.083030e+03 0.000000e+00 1.000000e+00 1.000000e-01
3.083040e+03 0.000000e+00 1.000000e+00 1.000000e-01
3.083050e+03 0.000000e+00 1.000000e+00 1.000000e-01
3.083060e+03 0.000000e+00 1.000000e+00 1.000000e-01
3.083070e+03 0.000000e+00 1.000000e+00 1.000000e-01
3.083080e+03 0.000000e+00 1.000000e+00 1.000000e-01
3.083090e+03 0.000000e+00 1.000000e+00 1.000000e-01
3.083100e+03 0.000000e+00 1.000000e+00 1.000000e-01
3.083110e+03 0.000000e+00 1.000000e+00 1.000000e-01
3.083120e+03 0.000000e+00 1.000000e+00 1.000000e-01
3.083130e+03 0.000000e+00 1.000000e+00 1.000000e-01
3.083140e+03 0.000000e+00 1.000000e+00 1.000000e-01
3.083150e+03 0.000000e+00 1.000000e+00 1.000000e-01
3.083160e+03 0.000000e+00 1.000000e+00 1.000000e-01
3.083170e+03 0.000000e+00 1.000000e+00 1.000000e-01
3.083180e+03 0.000000e+00 1.000000e+00 1.000000e-01
3.083190e+03 0.000000e+00 1.000000e+00 1.000000e-01
3.083200e+03 0.000000e+00 1.000000e+00 1.000000e-01
3.083210e+03 0.000000e+00 1.000000e+00 1.000000e-01
3.083220e+03 0.000000e+00 1.000000e+00 1.000000e-01
3.083230e+03 0.000000e+00 1.000000e+00 1.000000e-01
3.083240e+03 0.000000e+00 1.000000e+00 1.000000e-01
3.083250e+03 0.000000e+00 1.000000e+00 1.000000e-01
3.083260e+03 0.000000e+00 1.000000e+00 1.000000e-01
3.083270e+03 0.000000e+00 1.000000e+00 1.000000e-01
3.083280e+03 0.000000e+00 1.000000e+00 1.000000e-01
3.083290e+03 0.000000e+00 1.000000e+00 1.000000e-01
3.083300e+03 0.000000e+00 1.000000e+00 1.000000e-01
3.083310e+03 0.000000e+00 1.000000e+00 1.000000e-01
3.083320e+03 0.000000e+00 1.000000e+00 1.000000e-01
3.083330e+03 0.000000e+00 1.000000e+00 1.000000e-01
3.083340e+03 0.000000e+00 1.000000e+00 1.000000e-01
3.083350e+03 0.000000e+00 1.000000e+00 1.000000e-01
3.083360e+03 0.000000e+00 1.000000e+00 1.000000e-01
3.083370e+03 0.000000e+00 1.000000e+00 1.000000e-01
3.083380e+03 0.000000e+00 1.000000e+00 1.000000e-01
3.083390e+03 0.000000e+00 1.000000e+00 1.000000e-01
3.083400e+03 0.000000e+00 1.000000e+00 1.000000e-01
3.083410e+03 0.000000e+00 1.000000e+00 1.000000e-01
3.083420e+03 0.000000e+00 1.000000e+00 1.000000e-01
3.083430e+03 0.000000e+00 1.000000e+00 1.000000e-01
3.083440e+03 0.000000e+00 1.000000e+00 1.000000e-01
3.083450e+03 0.000000e+00 1.000000e+00 1.000000e-01
3.083460e+03 0.000000e+00 1.000000e+00 1.000000e-01
3.083470e+03 0.000000e+00 1.000000e+00 1.000000e-01
3.083480e+03 0.000000e+00 1.000000e+00 1.000000e-01
3.083490e+03 0.000000e+00 1.000000e+00 1.000000e-01
3.083500e+03 0.000000e+00 1.000000e+00 1.000000e-01
3.083510e+03 0.000000e+00 1.000000e+00 1.000000e-01
3.083520e+03 0.000000e+00 1.000000e+00 1.000000e-01
3.083530e+03 0.000000e+00 1.000000e+00 1.000000e-01
3.083540e+03 0.000000e+00 1.000000e+00 1.000000e-01
3.083550e+03 0.000000e+00 1.000000e+00 1.000000e-01
3.083560e+03 0.000000e+00 1.000000e+00 1.000000e-01
3.083570e+03 0.000000e+00 1.000000e+00 1.000000e-01
3.083580e+03 0.000000e+00 1.000000e+00 1.000000e-01
3.083590e+03 0.000000e+00 1.000000e+00 1.000000e-01
3.083600e+03 0.000000e+00 1.000000e+00 1.000000e-01
3.083610e+03 0.000000e+00 1.000000e+00 1.000000e-01
3.083620e+03 0.000000e+00 1.000000e+00 1.000000e-01
3.083630e+03 0.000000e+00 1.000000e+00 1.000000e-01
3.083640e+03 0.000000e+00 1.000000e+00 1.000000e-01
3.083650e+03 0.000000e+00 1.000000e+00 1.000000e-01
3.083660e+03 0.000000e+00 1.000000e+00 1.000000e-01
3.083670e+03 0.000000e+00 1.000000e+00 1.000000e-01
3.083680e+03 0.000000e+00 1.000000e+00 1.000000e-01
3.083690e+03 0.000000e+00 1.000000e+00 1.000000e-01
3.083700e+03 0.000000e+00 1.000000e+00 1.000000e-01
3.083710e+03 0.000000e+00 1.000000e+00 1.000000e-01
3.083720e+03 0.000000e+00 1.000000e+00 1.000000e-01
3.083730e+03 0.000000e+00 1.000000e+00 1.000000e-01
3.083740e+03 0.000000e+00 1.000000e+00 1.000000e-01
3.083750e+03 0.000000e+00 1.000000e+00 1.000000e-01
3.083760e+03 0.000000e+00 1.000000e+00 1.000000e-01
3.083770e+03 0.000000e+00 1.000000e+00 1.000000e-01
3.083780e+03 0.000000e+00 1.000000e+00 1.000000e-01
3.083790e+03 0.000000e+00 1.000000e+00 1.000000e-01
3.083800e+03 0.000000e+00 1.000000e+00 1.000000e-01
3.083810e+03 0.000000e+00 1.000000e+00 1.000000e-01
3.083820e+03 0.000000e+00 1.000000e+00 1.000000e-01
3.083830e+03 0.000000e+00 1.000000e+00 1.000000e-01
3.083840e+03 0.000000e+00 1.000000e+00 1.000000e-01
3.083850e+03 0.000000e+00 1.000000e+00 1.000000e-01
3.083860e+03 0.000000e+00 1.000000e+00 1.000000e-01
3.083870e+03 0.000000e+00 1.000000e+00 1.000000e-01
3.083880e+03 0.000000e+00 1.000000e+00 1.000000e-01
3.083890e+03 0.000000e+00 1.000000e+00 1.000000e-01
3.083900e+03 0.000000e+00 1.000000e+00 1.000000e-01
3.083910e+03 0.000000e+00 1.000000e+00 1.000000e-01
3.083920e+03 0.000000e+00 1.000000e+00 1.000000e-01
3.083930e+03 0.000000e+00 1.000000e+00 1.000000e-01
3.083940e+03 0.000000e+00 1.000000e+00 1.000000e-01
3.083950e+03 0.000000e+00 1.000000e+00 1.000000e-01
3.083960e+03 0.000000e+00 1.000000e+00 1.000000e-01
3.083970e+03 0.000000e+00 1.000000e+00 1.000000e-01
3.083980e+03 0.000000e+00 1.000000e+00 1.000000e-01
3.083990e+03 0.000000e+00 1.000000e+00 1.000000e-01
3.084000e+03 0.000000e+00 1.000000e+00 1.000000e-01
3.084010e+03 0.000000e+00 1.000000e+00 1.000000e-01
3.084020e+03 0.000000e+00 1.000000e+00 1.000000e-01
3.084030e+03 0.000000e+00 1.000000e+00 1.000000e-01
3.084040e+03 0.000000e+00 1.000000e+00 1.000000e-01
3.084050e+03 0.000000e+00 1.000000e+00 1.000000e-01
3.084060e+03 0.000000e+00 1.000000e+00 1.000000e-01
3.084070e+03 0.000000e+00 1.000000e+00 1.000000e-01
3.084080e+03 0.000000e+00 1.000000e+00 1.000000e-01
3.084090e+03 0.000000e+00 1.000000e+00 1.000000e-01
3.084100e+03 0.000000e+00 1.000000e+00 1.000000e-01
3.084110e+03 0.000000e+00 1.000000e+00 1.000000e-01
3.084120e+03 0.000000e+00 1.000000e+00 1.000000e-01
3.084130e+03 0.000000e+00 1.000000e+00 1.000000e-01
3.084140e+03 0.000000e+00 1.000000e+00 1.000000e-01
3.084150e+03 0.000000e+00 1.000000e+00 1.000000e-01
3.084160e+03 0.000000e+00 1.000000e+00 1.000000e-01
3.084170e+03 0.000000e+00 1.000000e+00 1.000000e-01
3.084180e+03 0.000000e+00 1.000000e+00 1.000000e-01
3.084190e+03 0.000000e+00 1.000000e+00 1.000000e-01
3.084200e+03 0.000000e+00 1.000000e+00 1.000000e-01
3.084210e+03 0.000000e+00 1.000000e+00 1.000000e-01
3.084220e+03 0.000000e+00 1.000000e+00 1.000000e-01
3.084230e+03 0.000000e+00 1.000000e+00 1.000000e-01
3.084240e+03 0.000000e+00 1.000000e+00 1.000000e-01
3.084250e+03 0.000000e+00 1.000000e+00 1.000000e-01
3.084260e+03 0.000000e+00 1.000000e+00 1.000000e-01
3.084270e+03 0.000000e+00 1.000000e+00 1.000000e-01
3.084280e+03 0.000000e+00 1.000000e+00 1.000000e-01
3.084290e+03 0.000000e+00 1.000000e+00 1.000000e-01
3.084300e+03 0.000000e+00 1.000000e+00 1.000000e-01
3.084310e+03 0.000000e+00 1.000000e+00 1.000000e-01
3.084320e+03 0.000000e+00 1.000000e+00 1.000000e-01
3.084330e+03 0.000000e+00 1.000000e+00 1.000000e-01
3.084340e+03 0.000000e+00 1.000000e+00 1.000000e-01
3.084350e+03 0.000000e+00 1.000000e+00 1.000000e-01
3.084360e+03 0.000000e+00 1.000000e+00 1.000000e-01
3.084370e+03 0.000000e+00 1.000000e+00 1.000000e-01
3.084380e+03 0.000000e+00 1.000000e+00 1.000000e-01
3.084390e+03 0.000000e+00 1.000000e+00 1.000000e-01
3.084400e+03 0.000000e+00 1.000000e+00 1.000000e-01
3.084410e+03 0.000000e+00 1.000000e+00 1.000000e-01
3.084420e+03 0.000000e+00 1.000000e+00 1.000000e-01
3.084430e+03 0.000000e+00 1.000000e+00 1.000000e-01
3.084440e+03 0.000000e+00 1.000000e+00 1.000000e-01
3.084450e+03 0.000000e+00 1.000000e+00 1.000000e-01
3.084460e+03 0.000000e+00 1.000000e+00 1.000000e-01
3.084470e+03 0.000000e+00 1.000000e+00 1.000000e-01
3.084480e+03 0.000000e+00 1.000000e+00 1.000000e-01
3.084490e+03 0.000000e+00 1.000000e+00 1.000000e-01
3.084500e+03 0.000000e+00 1.000000e+00 1.000000e-01
3.084510e+03 0.000000e+00 1.000000e+00 1.000000e-01
3.084520e+03 0.000000e+00 1.000000e+00 1.000000e-01
3.084530e+03 0.000000e+00 1.000000e+00 1.000000e-01
3.084540e+03 0.000000e+00 1.000000e+00 1.000000e-01
3.084550e+03 0.000000e+00 1.000000e+00 1.000000e-01
3.084560e+03 0.000000e+00 1.000000e+00 1.000000e-01
3.084570e+03 0.000000e+00 1.000000e+00 1.000000e-01
3.084580e+03 0.000000e+00 1.000000e+00 1.000000e-01
3.084590e+03 0.000000e+00 1.000000e+00 1.000000e-01
3.084600e+03 0.000000e+00 1.000000e+00 1.000000e-01
3.084610e+03 0.000000e+00 1.000000e+00 1.000000e-01
3.084620e+03 0.000000e+00 1.000000e+00 1.000000e-01
3.084630e+03 0.000000e+00 1.000000e+00 1.000000e-01
3.084640e+03 0.000000e+00 1.000000e+00 1.000000e-01
3.084650e+03 0.000000e+00 1.000000e+00 1.000000e-01
3.084660e+03 0.000000e+00 1.000000e+00 1.000000e-01
3.084670e+03 0.000000e+00 1.000000e+00 1.000000e-01
3.084680e+03 0.000000e+00 1.000000e+00 1.000000e-01
3.084690e+03 0.000000e+00 1.000000e+00 1.000000e-01
3.084700e+03 0.000000e+00 1.000000e+00 1.000000e-01
3.084710e+03 0.000000e+00 1.000000e+00 1.000000e-01
3.084720e+03 0.000000e+00 1.000000e+00 1.000000e-01
3.084730e+03 0.000000e+00 1.000000e+00 1.000000e-01
3.084740e+03 0.000000e+00 1.000000e+00 1.000000e-01
3.084750e+03 0.000000e+00 1.000000e+00 1.000000e-01
3.084760e+03 0.000000e+00 1.000000e+00 1.000000e-01
3.084770e+03 0.000000e+00 1.000000e+00 1.000000e-01
3.084780e+03 0.000000e+00 1.000000e+00 1.000000e-01
3.084790e+03 0.000000e+00 1.000000e+00 1.000000e-01
3.084800e+03 0.000000e+00 1.000000e+00 1.000000e-01
3.084810e+03 0.000000e+00 1.000000e+00 1.000000e-01
3.084820e+03 0.000000e+00 1.000000e+00 1.000000e-01
3.084830e+03 0.000000e+00 1.000000e+00 1.000000e-01
3.084840e+03 0.000000e+00 1.000000e+00 1.000000e-01
3.084850e+03 0.000000e+00 1.000000e+00 1.000000e-01
3.084860e+03 0.000000e+00 1.000000e+00 1.000000e-01
3.084870e+03 0.000000e+00 1.000000e+00 1.000000e-01
3.084880e+03 0.000000e+00 1.000000e+00 1.000000e-01
3.084890e+03 0.000000e+00 1.000000e+00 1.000000e-01
3.084900e+03 0.000000e+00 1.000000e+00 1.000000e-01
3.084910e+03 0.000000e+00 1.000000e+00 1.000000e-01
3.084920e+03 0.000000e+00 1.000000e+00 1.000000e-01
3.084930e+03 0.000000e+00 1.000000e+00 1.000000e-01
3.084940e+03 0.000000e+00 1.000000e+00 1.000000e-01
3.084950e+03 0.000000e+00 1.000000e+00 1.000000e-01
3.084960e+03 0.000000e+00 1.000000e+00 1.000000e-01
3.084970e+03 0.000000e+00 1.000000e+00 1.000000e-01
3.084980e+03 0.000000e+00 1.000000e+00 1.000000e-01
3.084990e+03 0.000000e+00 1.000000e+00 1.000000e-01
3.085000e+03 0.000000e+00 1.000000e+00 1.000000e-01
3.085010e+03 0.000000e+00 1.000000e+00 1.000000e-01
3.085020e+03 0.000000e+00 1.000000e+00 1.000000e-01
3.085030e+03 0.000000e+00 1.000000e+00 1.000000e-01
3.085040e+03 0.000000e+00 1.000000e+00 1.000000e-01
3.085050e+03 0.000000e+00 1.000000e+00 1.000000e-01
3.085060e+03 0.000000e+00 1.000000e+00 1.000000e-01
3.085070e+03 0.000000e+00 1.000000e+00 1.000000e-01
3.085080e+03 0.000000e+00 1.000000e+00 1.000000e-01
3.085090e+03 0.000000e+00 1.000000e+00 1.000000e-01
3.085100e+03 0.000000e+00 1.000000e+00 1.000000e-01
3.085110e+03 0.000000e+00 1.000000e+00 1.000000e-01
3.085120e+03 0.000000e+00 1.000000e+00 1.000000e-01
3.085130e+03 0.000000e+00 1.000000e+00 1.000000e-01
3.085140e+03 0.000000e+00 1.000000e+00 1.000000e-01
3.085150e+03 0.000000e+00 1.000000e+00 1.000000e-01
3.085160e+03 0.000000e+00 1.000000e+00 1.000000e-01
3.085170e+03 0.000000e+00 1.000000e+00 1.000000e-01
3.085180e+03 0.000000e+00 1.000000e+00 1.000000e-01
3.085190e+03 0.000000e+00 1.000000e+00 1.000000e-01
3.085200e+03 0.000000e+00 1.000000e+00 1.000000e-01
3.085210e+03 0.000000e+00 1.000000e+00 1.000000e-01
3.085220e+03 0.000000e+00 1.000000e+00 1.000000e-01
3.085230e+03 0.000000e+00 1.000000e+00 1.000000e-01
3.085240e+03 0.000000e+00 1.000000e+00 1.000000e-01
3.085250e+03 0.000000e+00 1.000000e+00 1.000000e-01
3.085260e+03 0.000000e+00 1.000000e+00 1.000000e-01
3.085270e+03 0.000000e+00 1.000000e+00 1.000000e-01
3.085280e+03 0.000000e+00 1.000000e+00 1.000000e-01
3.085290e+03 0.000000e+00 1.000000e+00 1.000000e-01
3.085300e+03 0.000000e+00 1.000000e+00 1.000000e-01
3.085310e+03 0.000000e+00 1.000000e+00 1.000000e-01
3.085320e+03 0.000000e+00 1.000000e+00 1.000000e-01
3.085330e+03 0.000000e+00 1.000000e+00 1.000000e-01
3.085340e+03 0.000000e+00 1.000000e+00 1.000000e-01
3.085350e+03 0.000000e+00 1.000000e+00 1.000000e-01
3.085360e+03 0.000000e+00 1.000000e+00 1.000000e-01
3.085370e+03 0.000000e+00 1.000000e+00 1.000000e-01
3.085380e+03 0.000000e+00 1.000000e+00 1.000000e-01
3.085390e+03 0.000000e+00 1.000000e+00 1.000000e-01
3.085400e+03 0.000000e+00 1.000000e+00 1.000000e-01
3.085410e+03 0.000000e+00 1.000000e+00 1.000000e-01
3.085420e+03 0.000000e+00 1.000000e+00 1.000000e-01
3.085430e+03 0.000000e+00 1.000000e+00 1.000000e-01
3.085440e+03 0.000000e+00 1.000000e+00 1.000000e-01
3.085450e+03 0.000000e+00 1.000000e+00 1.000000e-01
3.085460e+03 0.000000e+00 1.000000e+00 1.000000e-01
3.085470e+03 0.000000e+00 1.000000e+00 1.000000e-01
3.085480e+03 0.000000e+00 1.000000e+00 1.000000e-01
3.085490e+03 0.000000e+00 1.000000e+00 1.000000e-01
3.085500e+03 0.000000e+00 1.000000e+00 1.000000e-01
3.085510e+03 0.000000e+00 1.000000e+00 1.000000e-01
3.085520e+03 0.000000e+00 1.000000e+00 1.000000e-01
3.085530e+03 0.000000e+00 1.000000e+00 1.000000e-01
3.085540e+03 0.000000e+00 1.000000e+00 1.000000e-01
3.085550e+03 0.000000e+00 1.000000e+00 1.000000e-01
3.085560e+03 0.000000e+00 1.000000e+00 1.000000e-01
3.085570e+03 0.000000e+00 1.000000e+00 1.000000e-01
3.085580e+03 0.000000e+00 1.000000e+00 1.000000e-01
3.085590e+03 0.000000e+00 1.000000e+00 1.000000e-01
3.085600e+03 0.000000e+00 1.000000e+00 1.000000e-01
3.085610e+03 0.000000e+00 1.000000e+00 1.000000e-01
3.085620e+03 0.000000e+00 1.000000e+00 1.000000e-01
3.085630e+03 0.000000e+00 1.000000e+00 1.000000e-01
3.085640e+03 0.000000e+00 1.000000e+00 1.000000e-01
3.085650e+03 0.000000e+00 1.000000e+00 1.000000e-01
3.085660e+03 0.000000e+00 1.000000e+00 1.000000e-01
3.085670e+03 0.000000e+00 1.000000e+00 1.000000e-01
3.085680e+03 0.000000e+00 1.000000e+00 1.000000e-01
3.085690e+03 0.000000e+00 1.000000e+00 1.000000e-01
3.085700e+03 0.000000e+00 1.000000e+00 1.000000e-01
3.085710e+03 0.000000e+00 1.000000e+00 1.000000e-01
3.085720e+03 0.000000e+00 1.000000e+00 1.000000e-01
3.085730e+03 0.000000e+00 1.000000e+00 1.000000e-01
3.085740e+03 0.000000e+00 1.000000e+00 1.000000e-01
3.085750e+03 0.000000e+00 1.000000e+00 1.000000e-01
3.085760e+03 0.000000e+00 1.000000e+00 1.000000e-01
3.085770e+03 0.000000e+00 1.000000e+00 1.000000e-01
3.085780e+03 0.000000e+00 1.000000e+00 1.000000e-01
3.085790e+03 0.000000e+00 1.000000e+00 1.000000e-01
3.085800e+03 0.000000e+00 1.000000e+00 1.000000e-01
3.085810e+03 0.000000e+00 1.000000e+00 1.000000e-01
3.085820e+03 0.000000e+00 1.000000e+00 1.000000e-01
3.085830e+03 0.000000e+00 1.000000e+00 1.000000e-01
3.085840e+03 0.000000e+00 1.000000e+00 1.000000e-01
3.085850e+03 0.000000e+00 1.000000e+00 1.000000e-01
3.085860e+03 0.000000e+00 1.000000e+00 1.000000e-01
3.085870e+03 0.000000e+00 1.000000e+00 1.000000e-01
3.085880e+03 0.000000e+00 1.000000e+00 1.000000e-01
3.085890e+03 0.000000e+00 1.000000e+00 1.000000e-01
3.085900e+03 0.000000e+00 1.000000e+00 1.000000e-01
3.085910e+03 0.000000e+00 1.000000e+00 1.000000e-01
3.085920e+03 0.000000e+00 1.000000e+00 1.000000e-01
3.085930e+03 0.000000e+00 1.000000e+00 1.000000e-01
3.085940e+03 0.000000e+00 1.000000e+00 1.000000e-01
3.085950e+03 0.000000e+00 1.000000e+00 1.000000e-01
3.085960e+03 0.000000e+00 1.000000e+00 1.000000e-01
3.085970e+03 0.000000e+00 1.000000e+00 1.000000e-01
3.085980e+03 0.000000e+00 1.000000e+00 1.000000e-01
3.085990e+03 0.000000e+00 1.000000e+00 1.000000e-01
3.086000e+03 0.000000e+00 1.000000e+00 1.000000e-01
3.086010e+03 0.000000e+00 1.000000e+00 1.000000e-01
3.086020e+03 0.000000e+00 1.000000e+00 1.000000e-01
3.086030e+03 0.000000e+00 1.000000e+00 1.000000e-01
3.086040e+03 0.000000e+00 1.000000e+00 1.000000e-01
3.086050e+03 0.000000e+00 1.000000e+00 1.000000e-01
3.086060e+03 0.000000e+00 1.000000e+00 1.000000e-01
3.086070e+03 0.000000e+00 1.000000e+00 1.000000e-01
3.086080e+03 0.000000e+00 1.000000e+00 1.000000e-01
3.086090e+03 0.000000e+00 1.000000e+00 1.000000e-01
3.086100e+03 0.000000e+00 1.000000e+00 1.000000e-01
3.086110e+03 0.000000e+00 1.000000e+00 1.000000e-01
3.086120e+03 0.000000e+00 1.000000e+00 1.000000e-01
3.086130e+03 0.000000e+00 1.000000e+00 1.000000e-01
3.086140e+03 0.000000e+00 1.000000e+00 1.000000e-01
3.086150e+03 0.000000e+00 1.000000e+00 1.000000e-01
3.086160e+03 0.000000e+00 1.000000e+00 1.000000e-01
3.086170e+03 0.000000e+00 1.000000e+00 1.000000e-01
3.086180e+03 0.000000e+00 1.000000e+00 1.000000e-01
3.086190e+03 0.000000e+00 1.000000e+00 1.000000e-01
3.086200e+03 0.000000e+00 1.000000e+00 1.000000e-01
3.086210e+03 0.000000e+00 1.000000e+00 1.000000e-01
3.086220e+03 0.000000e+00 1.000000e+00 1.000000e-01
3.086230e+03 0.000000e+00 1.000000e+00 1.000000e-01
3.086240e+03 0.000000e+00 1.000000e+00 1.000000e-01
3.086250e+03 0.000000e+00 1.000000e+00 1.000000e-01
3.086260e+03 0.000000e+00 1.000000e+00 1.000000e-01
3.086270e+03 0.000000e+00 1.000000e+00 1.000000e-01
3.086280e+03 0.000000e+00 1.000000e+00 1.000000e-01
3.086290e+03 0.000000e+00 1.000000e+00 1.000000e-01
3.086300e+03 0.000000e+00 1.000000e+00 1.000000e-01
3.086310e+03 0.000000e+00 1.000000e+00 1.000000e-01
3.086320e+03 0.000000e+00 1.000000e+00 1.000000e-01
3.086330e+03 0.000000e+00 1.000000e+00 1.000000e-01
3.086340e+03 0.000000e+00 1.000000e+00 1.000000e-01
3.086350e+03 0.000000e+00 1.000000e+00 1.000000e-01
3.086360e+03 0.000000e+00 1.000000e+00 1.000000e-01
3.086370e+03 0.000000e+00 1.000000e+00 1.000000e-01
3.086380e+03 0.000000e+00 1.000000e+00 1.000000e-01
3.086390e+03 0.000000e+00 1.000000e+00 1.000000e-01
3.086400e+03 0.000000e+00 1.000000e+00 1.000000e-01
3.086410e+03 0.000000e+00 1.000000e+00 1.000000e-01
3.086420e+03 0.000000e+00 1.000000e+00 1.000000e-01
3.086430e+03 0.000000e+00 1.000000e+00 1.000000e-01
3.086440e+03 0.000000e+00 1.000000e+00 1.000000e-01
3.086450e+03 0.000000e+00 1.000000e+00 1.000000e-01
3.086460e+03 0.000000e+00 1.000000e+00 1.000000e-01
3.086470e+03 0.000000e+00 1.000000e+00 1.000000e-01
3.086480e+03 0.000000e+00 1.000000e+00 1.000000e-01
3.086490e+03 0.000000e+00 1.000000e+00 1.000000e-01
3.086500e+03 0.000000e+00 1.000000e+00 1.000000e-01
3.086510e+03 0.000000e+00 1.000000e+00 1.000000e-01
3.086520e+03 0.000000e+00 1.000000e+00 1.000000e-01
3.086530e+03 0.000000e+00 1.000000e+00 1.000000e-01
3.086540e+03 0.000000e+00 1.000000e+00 1.000000e-01
3.086550e+03 0.000000e+00 1.000000e+00 1.000000e-01
3.086560e+03 0.000000e+00 1.000000e+00 1.000000e-01
3.086570e+03 0.000000e+00 1.000000e+00 1.000000e-01
3.086580e+03 0.000000e+00 1.000000e+00 1.000000e-01
3.086590e+03 0.000000e+00 1.000000e+00 1.000000e-01
3.086600e+03 0.000000e+00 1.000000e+00 1.000000e-01
3.086610e+03 0.000000e+00 1.000000e+00 1.000000e-01
3.086620e+03 0.000000e+00 1.000000e+00 1.000000e-01
3.086630e+03 0.000000e+00 1.000000e+00 1.000000e-01
3.086640e+03 0.000000e+00 1.000000e+00 1.000000e-01
3.086650e+03 0.000000e+00 1.000000e+00 1.000000e-01
3.086660e+03 0.000000e+00 1.000000e+00 1.000000e-01
3.086670e+03 0.000000e+00 1.000000e+00 1.000000e-01
3.086680e+03 0.000000e+00 1.000000e+00 1.000000e-01
3.086690e+03 0.000000e+00 1.000000e+00 1.000000e-01
3.086700e+03 0.000000e+00 1.000000e+00 1.000000e-01
3.086710e+03 0.000000e+00 1.000000e+00 1.000000e-01
3.086720e+03 0.000000e+00 1.000000e+00 1.000000e-01
3.086730e+03 0.000000e+00 1.000000e+00 1.000000e-01
3.086740e+03 0.000000e+00 1.000000e+00 1.000000e-01
3.086750e+03 0.000000e+00 1.000000e+00 1.000000e-01
3.086760e+03 0.000000e+00 1.000000e+00 1.000000e-01
3.086770e+03 0.000000e+00 1.000000e+00 1.000000e-01
3.086780e+03 0.000000e+00 1.000000e+00 1.000000e-01
3.086790e+03 0.000000e+00 1.000000e+00 1.000000e-01
3.086800e+03 0.000000e+00 1.000000e+00 1.000000e-01
3.086810e+03 0.000000e+00 1.000000e+00 1.000000e-01
3.086820e+03 0.000000e+00 1.000000e+00 1.000000e-01
3.086830e+03 0.000000e+00 1.000000e+00 1.000000e-01
3.086840e+03 0.000000e+00 1.000000e+00 1.000000e-01
3.086850e+03 0.000000e+00 1.000000e+00 1.000000e-01
3.086860e+03 0.000000e+00 1.000000e+00 1.000000e-01
3.086870e+03 0.000000e+00 1.000000e+00 1.000000e-01
3.086880e+03 0.000000e+00 1.000000e+00 1.000000e-01
3.086890e+03 0.000000e+00 1.000000e+00 1.000000e-01
3.086900e+03 0.000000e+00 1.000000e+00 1.000000e-01
3.086910e+03 0.000000e+00 1.000000e+00 1.000000e-01
3.086920e+03 0.000000e+00 1.000000e+00 1.000000e-01
3.086930e+03 0.000000e+00 1.000000e+00 1.000000e-01
3.086940e+03 0.000000e+00 1.000000e+00 1.000000e-01
3.086950e+03 0.000000e+00 1.000000e+00 1.000000e-01
3.086960e+03 0.000000e+00 1.000000e+00 1.000000e-01
3.086970e+03 0.000000e+00 1.000000e+00 1.000000e-01
3.086980e+03 0.000000e+00 1.000000e+00 1.000000e-01
3.086990e+03 0.000000e+00 1.000000e+00 1.000000e-01
3.087000e+03 0.000000e+00 1.000000e+00 1.000000e-01
3.087010e+03 0.000000e+00 1.000000e+00 1.000000e-01
3.087020e+03 0.000000e+00 1.000000e+00 1.000000e-01
3.087030e+03 0.000000e+00 1.000000e+00 1.000000e-01
3.087040e+03 0.000000e+00 1.000000e+00 1.000000e-01
3.087050e+03 0.000000e+00 1.000000e+00 1.000000e-01
3.087060e+03 0.000000e+00 1.000000e+00 1.000000e-01
3.087070e+03 0.000000e+00 1.000000e+00 1.000000e-01
3.087080e+03 0.000000e+00 1.000000e+00 1.000000e-01
3.087090e+03 0.000000e+00 1.000000e+00 1.000000e-01
3.087100e+03 0.000000e+00 1.000000e+00 1.000000e-01
3.087110e+03 0.000000e+00 1.000000e+00 1.000000e-01
3.087120e+03 0.000000e+00 1.000000e+00 1.000000e-01
3.087130e+03 0.000000e+00 1.000000e+00 1.000000e-01
3.087140e+03 0.000000e+00 1.000000e+00 1.000000e-01
3.087150e+03 0.000000e+00 1.000000e+00 1.000000e-01
3.087160e+03 0.000000e+00 1.000000e+00 1.000000e-01
3.087170e+03 0.000000e+00 1.000000e+00 1.000000e-01
3.087180e+03 0.000000e+00 1.000000e+00 1.000000e-01
3.087190e+03 0.000000e+00 1.000000e+00 1.000000e-01
3.087200e+03 0.000000e+00 1.000000e+00 1.000000e-01
3.087210e+03 0.000000e+00 1.000000e+00 1.000000e-01
3.087220e+03 0.000000e+00 1.000000e+00 1.000000e-01
3.087230e+03 0.000000e+00 1.000000e+00 1.000000e-01
3.087240e+03 0.000000e+00 1.000000e+00 1.000000e-01
3.087250e+03 0.000000e+00 1.000000e+00 1.000000e-01
3.087260e+03 0.000000e+00 1.000000e+00 1.000000e-01
3.087270e+03 0.000000e+00 1.000000e+00 1.000000e-01
3.087280e+03 0.000000e+00 1.000000e+00 1.000000e-01
3.087290e+03 0.000000e+00 1.000000e+00 1.000000e-01
3.087300e+03 0.000000e+00 1.000000e+00 1.000000e-01
3.087310e+03 0.000000e+00 1.000000e+00 1.000000e-01
3.087320e+03 0.000000e+00 1.000000e+00 1.000000e-01
3.087330e+03 0.000000e+00 1.000000e+00 1.000000e-01
3.087340e+03 0.000000e+00 1.000000e+00 1.000000e-01
3.087350e+03 0.000000e+00 1.000000e+00 1.000000e-01
3.087360e+03 0.000000e+00 1.000000e+00 1.000000e-01
3.087370e+03 0.000000e+00 1.000000e+00 1.000000e-01
3.087380e+03 0.000000e+00 1.000000e+00 1.000000e-01
3.087390e+03 0.000000e+00 1.000000e+00 1.000000e-01
3.087400e+03 0.000000e+00 1.000000e+00 1.000000e-01
3.087410e+03 0.000000e+00 1.000000e+00 1.000000e-01
3.087420e+03 0.000000e+00 1.000000e+00 1.000000e-01
3.087430e+03 0.000000e+00 1.000000e+00 1.000000e-01
3.087440e+03 0.000000e+00 1.000000e+00 1.000000e-01
3.087450e+03 0.000000e+00 1.000000e+00 1.000000e-01
3.087460e+03 0.000000e+00 1.000000e+00 1.000000e-01
3.087470e+03 0.000000e+00 1.000000e+00 1.000000e-01
3.087480e+03 0.000000e+00 1.000000e+00 1.000000e-01
3.087490e+03 0.000000e+00 1.000000e+00 1.000000e-01
3.087500e+03 0.000000e+00 1.000000e+00 1.000000e-01
3.087510e+03 0.000000e+00 1.000000e+00 1.000000e-01
3.087520e+03 0.000000e+00 1.000000e+00 1.000000e-01
3.087530e+03 0.000000e+00 1.000000e+00 1.000000e-01
3.087540e+03 0.000000e+00 1.000000e+00 1.000000e-01
3.087550e+03 0.000000e+00 1.000000e+00 1.000000e-01
3.087560e+03 0.000000e+00 1.000000e+00 1.000000e-01
3.087570e+03 0.000000e+00 1.000000e+00 1.000000e-01
3.087580e+03 0.000000e+00 1.000000e+00 1.000000e-01
3.087590e+03 0.000000e+00 1.000000e+00 1.000000e-01
3.087600e+03 0.000000e+00 1.000000e+00 1.000000e-01
3.087610e+03 0.000000e+00 1.000000e+00 1.000000e-01
3.087620e+03 0.000000e+00 1.000000e+00 1.000000e-01
3.087630e+03 0.000000e+00 1.000000e+00 1.000000e-01
3.087640e+03 0.000000e+00 1.000000e+00 1.000000e-01
3.087650e+03 0.000000e+00 1.000000e+00 1.000000e-01
3.087660e+03 0.000000e+00 1.000000e+00 1.000000e-01
3.087670e+03 0.000000e+00 1.000000e+00 1.000000e-01
3.087680e+03 0.000000e+00 1.000000e+00 1.000000e-01
3.087690e+03 0.000000e+00 1.000000e+00 1.000000e-01
3.087700e+03 0.000000e+00 1.000000e+00 1.000000e-01
3.087710e+03 0.000000e+00 1.000000e+00 1.000000e-01
3.087720e+03 0.000000e+00 1.000000e+00 1.000000e-01
3.087730e+03 0.000000e+00 1.000000e+00 1.000000e-01
3.087740e+03 0.000000e+00 1.000000e+00 1.000000e-01
3.087750e+03 0.000000e+00 1.000000e+00 1.000000e-01
3.087760e+03 0.000000e+00 1.000000e+00 1.000000e-01
3.087770e+03 0.000000e+00 1.000000e+00 1.000000e-01
3.087780e+03 0.000000e+00 1.000000e+00 1.000000e-01
3.087790e+03 0.000000e+00 1.000000e+00 1.000000e-01
3.087800e+03 0.000000e+00 1.000000e+00 1.000000e-01
3.087810e+03 0.000000e+00 1.000000e+00 1.000000e-01
3.087820e+03 0.000000e+00 1.000000e+00 1.000000e-01
3.087830e+03 0.000000e+00 1.000000e+00 1.000000e-01
3.087840e+03 0.000000e+00 1.000000e+00 1.000000e-01
3.087850e+03 0.000000e+00 1.000000e+00 1.000000e-01
3.087860e+03 0.000000e+00 1.000000e+00 1.000000e-01
3.087870e+03 0.000000e+00 1.000000e+00 1.000000e-01
3.087880e+03 0.000000e+00 1.000000e+00 1.000000e-01
3.087890e+03 0.000000e+00 1.000000e+00 1.000000e-01
3.087900e+03 0.000000e+00 1.000000e+00 1.000000e-01
3.087910e+03 0.000000e+00 1.000000e+00 1.000000e-01
3.087920e+03 0.000000e+00 1.000000e+00 1.000000e-01
3.087930e+03 0.000000e+00 1.000000e+00 1.000000e-01
3.087940e+03 0.000000e+00 1.000000e+00 1.000000e-01
3.087950e+03 0.000000e+00 1.000000e+00 1.000000e-01
3.087960e+03 0.000000e+00 1.000000e+00 1.000000e-01
3.087970e+03 0.000000e+00 1.000000e+00 1.000000e-01
3.087980e+03 0.000000e+00 1.000000e+00 1.000000e-01
3.087990e+03 0.000000e+00 1.000000e+00 1.000000e-01
3.088000e+03 0.000000e+00 1.000000e+00 1.000000e-01
3.088010e+03 0.000000e+00 1.000000e+00 1.000000e-01
3.088020e+03 0.000000e+00 1.000000e+00 1.000000e-01
3.088030e+03 0.000000e+00 1.000000e+00 1.000000e-01
3.088040e+03 0.000000e+00 1.000000e+00 1.000000e-01
3.088050e+03 0.000000e+00 1.000000e+00 1.000000e-01
3.088060e+03 0.000000e+00 1.000000e+00 1.000000e-01
3.088070e+03 0.000000e+00 1.000000e+00 1.000000e-01
3.088080e+03 0.000000e+00 1.000000e+00 1.000000e-01
3.088090e+03 0.000000e+00 1.000000e+00 1.000000e-01
3.088100e+03 0.000000e+00 1.000000e+00 1.000000e-01
3.088110e+03 0.000000e+00 1.000000e+00 1.000000e-01
3.088120e+03 0.000000e+00 1.000000e+00 1.000000e-01
3.088130e+03 0.000000e+00 1.000000e+00 1.000000e-01
3.088140e+03 0.000000e+00 1.000000e+00 1.000000e-01
3.088150e+03 0.000000e+00 1.000000e+00 1.000000e-01
3.088160e+03 0.000000e+00 1.000000e+00 1.000000e-01
3.088170e+03 0.000000e+00 1.000000e+00 1.000000e-01
3.088180e+03 0.000000e+00 1.000000e+00 1.000000e-01
3.088190e+03 0.000000e+00 1.000000e+00 1.000000e-01
3.088200e+03 0.000000e+00 1.000000e+00 1.000000e-01
3.088210e+03 0.000000e+00 1.000000e+00 1.000000e-01
3.088220e+03 0.000000e+00 1.000000e+00 1.000000e-01
3.088230e+03 0.000000e+00 1.000000e+00 1.000000e-01
3.088240e+03 0.000000e+00 1.000000e+00 1.000000e-01
3.088250e+03 0.000000e+00 1.000000e+00 1.000000e-01
3.088260e+03 0.000000e+00 1.000000e+00 1.000000e-01
3.088270e+03 0.000000e+00 1.000000e+00 1.000000e-01
3.088280e+03 0.000000e+00 1.000000e+00 1.000000e-01
3.088290e+03 0.000000e+00 1.000000e+00 1.000000e-01
3.088300e+03 0.000000e+00 1.000000e+00 1.000000e-01
3.088310e+03 0.000000e+00 1.000000e+00 1.000000e-01
3.088320e+03 0.000000e+00 1.000000e+00 1.000000e-01
3.088330e+03 0.000000e+00 1.000000e+00 1.000000e-01
3.088340e+03 0.000000e+00 1.000000e+00 1.000000e-01
3.088350e+03 0.000000e+00 1.000000e+00 1.000000e-01
3.088360e+03 0.000000e+00 1.000000e+00 1.000000e-01
3.088370e+03 0.000000e+00 1.000000e+00 1.000000e-01
3.088380e+03 0.000000e+00 1.000000e+00 1.000000e-01
3.088390e+03 0.000000e+00 1.000000e+00 1.000000e-01
3.088400e+03 0.000000e+00 1.000000e+00 1.000000e-01
3.088410e+03 0.000000e+00 1.000000e+00 1.000000e-01
3.088420e+03 0.000000e+00 1.000000e+00 1.000000e-01
3.088430e+03 0.000000e+00 1.000000e+00 1.000000e-01
3.088440e+03 0.000000e+00 1.000000e+00 1.000000e-01
3.088450e+03 0.000000e+00 1.000000e+00 1.000000e-01
3.088460e+03 0.000000e+00 1.000000e+00 1.000000e-01
3.088470e+03 0.000000e+00 1.000000e+00 1.000000e-01
3.088480e+03 0.000000e+00 1.000000e+00 1.000000e-01
3.088490e+03 0.000000e+00 1.000000e+00 1.000000e-01
3.088500e+03 0.000000e+00 1.000000e+00 1.000000e-01
3.088510e+03 0.000000e+00 1.000000e+00 1.000000e-01
3.088520e+03 0.000000e+00 1.000000e+00 1.000000e-01
3.088530e+03 0.000000e+00 1.000000e+00 1.000000e-01
3.088540e+03 0.000000e+00 1.000000e+00 1.000000e-01
3.088550e+03 0.000000e+00 1.000000e+00 1.000000e-01
3.088560e+03 0.000000e+00 1.000000e+00 1.000000e-01
3.088570e+03 0.000000e+00 1.000000e+00 1.000000e-01
3.088580e+03 0.000000e+00 1.000000e+00 1.000000e-01
3.088590e+03 0.000000e+00 1.000000e+00 1.000000e-01
3.088600e+03 0.000000e+00 1.000000e+00 1.000000e-01
3.088610e+03 0.000000e+00 1.000000e+00 1.000000e-01
3.088620e+03 0.000000e+00 1.000000e+00 1.000000e-01
3.088630e+03 0.000000e+00 1.000000e+00 1.000000e-01
3.088640e+03 0.000000e+00 1.000000e+00 1.000000e-01
3.088650e+03 0.000000e+00 1.000000e+00 1.000000e-01
3.088660e+03 0.000000e+00 1.000000e+00 1.000000e-01
3.088670e+03 0.000000e+00 1.000000e+00 1.000000e-01
3.088680e+03 0.000000e+00 1.000000e+00 1.000000e-01
3.088690e+03 0.000000e+00 1.000000e+00 1.000000e-01
3.088700e+03 0.000000e+00 1.000000e+00 1.000000e-01
3.088710e+03 0.000000e+00 1.000000e+00 1.000000e-01
3.088720e+03 0.000000e+00 1.000000e+00 1.000000e-01
3.088730e+03 0.000000e+00 1.000000e+00 1.000000e-01
3.088740e+03 0.000000e+00 1.000000e+00 1.000000e-01
3.088750e+03 0.000000e+00 1.000000e+00 1.000000e-01
3.088760e+03 0.000000e+00 1.000000e+00 1.000000e-01
3.088770e+03 0.000000e+00 1.000000e+00 1.000000e-01
3.088780e+03 0.000000e+00 1.000000e+00 1.000000e-01
3.088790e+03 0.000000e+00 1.000000e+00 1.000000e-01
3.088800e+03 0.000000e+00 1.000000e+00 1.000000e-01
3.088810e+03 0.000000e+00 1.000000e+00 1.000000e-01
3.088820e+03 0.000000e+00 1.000000e+00 1.000000e-01
3.088830e+03 0.000000e+00 1.000000e+00 1.000000e-01
3.088840e+03 0.000000e+00 1.000000e+00 1.000000e-01
3.088850e+03 0.000000e+00 1.000000e+00 1.000000e-01
3.088860e+03 0.000000e+00 1.000000e+00 1.000000e-01
3.088870e+03 0.000000e+00 1.000000e+00 1.000000e-01
3.088880e+03 0.000000e+00 1.000000e+00 1.000000e-01
3.088890e+03 0.000000e+00 1.000000e+00 1.000000e-01
3.088900e+03 0.000000e+00 1.000000e+00 1.000000e-01
3.088910e+03 0.000000e+00 1.000000e+00 1.000000e-01
3.088920e+03 0.000000e+00 1.000000e+00 1.000000e-01
3.088930e+03 0.000000e+00 1.000000e+00 1.000000e-01
3.088940e+03 0.000000e+00 1.000000e+00 1.000000e-01
3.088950e+03 0.000000e+00 1.000000e+00 1.000000e-01
3.088960e+03 0.000000e+00 1.000000e+00 1.000000e-01
3.088970e+03 0.000000e+00 1.000000e+00 1.000000e-01
3.088980e+03 0.000000e+00 1.000000e+00 1.000000e-01
3.088990e+03 0.000000e+00 1.000000e+00 1.000000e-01
3.089000e+03 0.000000e+00 1.000000e+00 1.000000e-01
3.089010e+03 0.000000e+00 1.000000e+00 1.000000e-01
3.089020e+03 0.000000e+00 1.000000e+00 1.000000e-01
3.089030e+03 0.000000e+00 1.000000e+00 1.000000e-01
3.089040e+03 0.000000e+00 1.000000e+00 1.000000e-01
3.089050e+03 0.000000e+00 1.000000e+00 1.000000e-01
3.089060e+03 0.000000e+00 1.000000e+00 1.000000e-01
3.089070e+03 0.000000e+00 1.000000e+00 1.000000e-01
3.089080e+03 0.000000e+00 1.000000e+00 1.000000e-01
3.089090e+03 0.000000e+00 1.000000e+00 1.000000e-01
3.089100e+03 2.580154e-04 9.997420e-01 9.998710e-02
3.089110e+03 6.110685e-04 9.993891e-01 9.996945e-02
3.089120e+03 8.123481e-04 9.991880e-01 9.995939e-02
3.089130e+03 1.076078e-03 9.989245e-01 9.994621e-02
3.089140e+03 1.419049e-03 9.985820e-01 9.992907e-02
3.089150e+03 1.861364e-03 9.981404e-01 9.990698e-02
3.089160e+03 2.426625e-03 9.975763e-01 9.987874e-02
3.089170e+03 3.141964e-03 9.968630e-01 9.984303e-02
3.089180e+03 4.037846e-03 9.959703e-01 9.979831e-02
3.089190e+03 5.147584e-03 9.948656e-01 9.974295e-02
3.089200e+03 6.508732e-03 9.935124e-01 9.967509e-02
3.089210e+03 8.153179e-03 9.918800e-01 9.959317e-02
3.089220e+03 1.011829e-02 9.899327e-01 9.949536e-02
3.089230e+03 1.243653e-02 9.876405e-01 9.938010e-02
3.089240e+03 1.513516e-02 9.849788e-01 9.924610e-02
3.089250e+03 1.823364e-02 9.819316e-01 9.909246e-02
3.089260e+03 2.174101e-02 9.784936e-01 9.891884e-02
3.089270e+03 2.565346e-02 9.746728e-01 9.872552e-02
3.089280e+03 2.995230e-02 9.704918e-01 9.851354e-02
3.089290e+03 3.460289e-02 9.659889e-01 9.828474e-02
3.089300e+03 3.955467e-02 9.612174e-01 9.804170e-02
3.089310e+03 4.474267e-02 9.562435e-01 9.778770e-02
3.089320e+03 5.009092e-02 9.511429e-01 9.752656e-02
3.089330e+03 5.551750e-02 9.459955e-01 9.726230e-02
3.089340e+03 6.094136e-02 9.408784e-01 9.699889e-02
3.089350e+03 6.628993e-02 9.358595e-01 9.673983e-02
3.089360e+03 7.150675e-02 9.309900e-01 9.648782e-02
3.089370e+03 7.655760e-02 9.262996e-01 9.624446e-02
3.089380e+03 8.243770e-02 9.208688e-01 9.596191e-02
3.089390e+03 8.763583e-02 9.160944e-01 9.571282e-02
3.089400e+03 9.278357e-02 9.113907e-01 9.546679e-02
3.089410e+03 9.797521e-02 9.066714e-01 9.521929e-02
3.089420e+03 1.032308e-01 9.019188e-01 9.496940e-02
3.089430e+03 1.085196e-01 8.971614e-01 9.471860e-02
3.089440e+03 1.139745e-01 8.922807e-01 9.446061e-02
3.089450e+03 1.189305e-01 8.878695e-01 9.422683e-02
3.089460e+03 1.231098e-01 8.841666e-01 9.403013e-02
3.089470e+03 1.274909e-01 8.803014e-01 9.382438e-02
3.089480e+03 1.301686e-01 8.779474e-01 9.369885e-02
3.089490e+03 1.313843e-01 8.768807e-01 9.364191e-02
3.089500e+03 1.309446e-01 8.772663e-01 9.366250e-02
3.089510e+03 1.287504e-01 8.791934e-01 9.376531e-02
3.089520e+03 1.249017e-01 8.825836e-01 9.394592e-02
3.089530e+03 1.197022e-01 8.871846e-01 9.419048e-02
3.089540e+03 1.136532e-01 8.925674e-01 9.447579e-02
3.089550e+03 1.074269e-01 8.981422e-01 9.477037e-02
3.089560e+03 1.018029e-01 9.032076e-01 9.503723e-02
3.089570e+03 9.762449e-02 9.069894e-01 9.523599e-02
3.089580e+03 9.643787e-02 9.080663e-01 9.529251e-02
3.089590e+03 9.769317e-02 9.069271e-01 9.523272e-02
3.089600e+03 1.021622e-01 9.028831e-01 9.502016e-02
3.089610e+03 1.116790e-01 8.943313e-01 9.456909e-02
3.089620e+03 1.258123e-01 8.817803e-01 9.390316e-02
3.089630e+03 1.449134e-01 8.650972e-01 9.301060e-02
3.089640e+03 1.690463e-01 8.444698e-01 9.189504e-02
3.089650e+03 1.981201e-01 8.202713e-01 9.056883e-02
3.089660e+03 2.318001e-01 7.931047e-01 8.905642e-02
3.089670e+03 2.698395e-01 7.635021e-01 8.737860e-02
3.089680e+03 3.112202e-01 7.325525e-01 8.558928e-02
3.089690e+03 3.556251e-01 7.007353e-01 8.370993e-02
3.089700e+03 4.010770e-01 6.695985e-01 8.182900e-02
3.089710e+03 4.476111e-01 6.391532e-01 7.994706e-02
3.089720e+03 4.943656e-01 6.099578e-01 7.809979e-02
3.089730e+03 5.393364e-01 5.831351e-01 7.636328e-02
3.089740e+03 5.814632e-01 5.590797e-01 7.477163e-02
3.089750e+03 6.185972e-01 5.386996e-01 7.339616e-02
3.089760e+03 6.510037e-01 5.215220e-01 7.221648e-02
3.089770e+03 6.777218e-01 5.077725e-01 7.125815e-02
3.089780e+03 6.982838e-01 4.974383e-01 7.052930e-02
3.089790e+03 7.127328e-01 4.903025e-01 7.002160e-02
3.089800e+03 7.206223e-01 4.864494e-01 6.974593e-02
3.089810e+03 7.228420e-01 4.853709e-01 6.966856e-02
3.089820e+03 7.191071e-01 4.871871e-01 6.979879e-02
3.089830e+03 7.103592e-01 4.914676e-01 7.010475e-02
3.089840e+03 6.974786e-01 4.978390e-01 7.055770e-02
3.089850e+03 6.807704e-01 5.062268e-01 7.114962e-02
3.089860e+03 6.609255e-01 5.163732e-01 7.185911e-02
3.089870e+03 6.392428e-01 5.276918e-01 7.264240e-02
3.089880e+03 6.155788e-01 5.403280e-01 7.350701e-02
3.089890e+03 5.912963e-01 5.536092e-01 7.440492e-02
3.089900e+03 5.644912e-01 5.686494e-01 7.540885e-02
3.089910e+03 5.379123e-01 5.839662e-01 7.641768e-02
3.089920e+03 5.105370e-01 6.001732e-01 7.747084e-02
3.089930e+03 4.829400e-01 6.169668e-01 7.854724e-02
3.089940e+03 4.537054e-01 6.352699e-01 7.970382e-02
3.089950e+03 4.232857e-01 6.548915e-01 8.092537e-02
3.089960e+03 3.926446e-01 6.752687e-01 8.217473e-02
3.089970e+03 3.601246e-01 6.975894e-01 8.352182e-02
3.089980e+03 3.261889e-01 7.216689e-01 8.495110e-02
3.089990e+03 2.934467e-01 7.456890e-01 8.635329e-02
3.090000e+03 2.615081e-01 7.698896e-01 8.774335e-02
3.090010e+03 2.309789e-01 7.937562e-01 8.909300e-02
3.090020e+03 2.025024e-01 8.166845e-01 9.037060e-02
3.090030e+03 1.763680e-01 8.383095e-01 9.155924e-02
3.090040e+03 1.527354e-01 8.583568e-01 9.264755e-02
3.090050e+03 1.319525e-01 8.763826e-01 9.361531e-02
3.090060e+03 1.133910e-01 8.928015e-01 9.448817e-02
3.090070e+03 9.695142e-02 9.076001e-01 9.526805e-02
3.090080e+03 8.383831e-02 9.195799e-01 9.589473e-02
3.090090e+03 7.219770e-02 9.303469e-01 9.645449e-02
3.090100e+03 6.160239e-02 9.402567e-01 9.696683e-02
3.090110e+03 5.275104e-02 9.486162e-01 9.739693e-02
3.090120e+03 4.626424e-02 9.547896e-01 9.771334e-02
3.090130e+03 4.098794e-02 9.598407e-01 9.797146e-02
3.090140e+03 3.675720e-02 9.639101e-01 9.817893e-02
3.090150e+03 3.344430e-02 9.671088e-01 9.834169e-02
3.090160e+03 3.089491e-02 9.695775e-01 9.846712e-02
3.090170e+03 2.995788e-02 9.704864e-01 9.851327e-02
3.090180e+03 2.862661e-02 9.717793e-01 9.857886e-02
3.090190e+03 2.771527e-02 9.726653e-01 9.862379e-02
3.090200e+03 2.713484e-02 9.732300e-01 9.865242e-02
3.090210e+03 2.588964e-02 9.744426e-01 9.871386e-02
3.090220e+03 2.576478e-02 9.745643e-01 9.872002e-02
3.090230e+03 2.571055e-02 9.746171e-01 9.872270e-02
3.090240e+03 2.564821e-02 9.746779e-01 9.872578e-02
3.090250e+03 2.539221e-02 9.749275e-01 9.873842e-02
3.090260e+03 2.514802e-02 9.751656e-01 9.875047e-02
3.090270e+03 2.469958e-02 9.756030e-01 9.877262e-02
3.090280e+03 2.402071e-02 9.762655e-01 9.880615e-02
3.090290e+03 2.310216e-02 9.771627e-01 9.885154e-02
3.090300e+03 2.195252e-02 9.782867e-01 9.890838e-02
3.090310e+03 2.043271e-02 9.797746e-01 9.898357e-02
3.090320e+03 1.894370e-02 9.812346e-01 9.905729e-02
3.090330e+03 1.617370e-02 9.839564e-01 9.919458e-02
3.090340e+03 1.479236e-02 9.853165e-01 9.926311e-02
3.090350e+03 1.320267e-02 9.868841e-01 9.934204e-02
3.090360e+03 1.070067e-02 9.893564e-01 9.946640e-02
3.090370e+03 8.648930e-03 9.913884e-01 9.956849e-02
3.090380e+03 7.437593e-03 9.925900e-01 9.962881e-02
3.090390e+03 6.341832e-03 9.936782e-01 9.968341e-02
3.090400e+03 5.374913e-03 9.946395e-01 9.973162e-02
3.090410e+03 4.540477e-03 9.954698e-01 9.977323e-02
3.090420e+03 3.834356e-03 9.961730e-01 9.980847e-02
3.090430e+03 3.025396e-03 9.969792e-01 9.984884e-02
3.090440e+03 2.569601e-03 9.974337e-01 9.987160e-02
3.090450e+03 1.869197e-03 9.981325e-01 9.990658e-02
3.090460e+03 1.612755e-03 9.983885e-01 9.991939e-02
3.090470e+03 1.410523e-03 9.985905e-01 9.992950e-02
3.090480e+03 1.250218e-03 9.987506e-01 9.993751e-02
3.090490e+03 1.123284e-03 9.988773e-01 9.994385e-02
3.090500e+03 1.018372e-03 9.989821e-01 9.994909e-02
3.090510e+03 9.284835e-04 9.990719e-01 9.995359e-02
3.090520e+03 8.523213e-04 9.991480e-01 9.995739e-02
3.090530e+03 7.854202e-04 9.992149e-01 9.996074e-02
3.090540e+03 7.250995e-04 9.992752e-01 9.996375e-02
3.090550e+03 6.697735e-04 9.993305e-01 9.996652e-02
3.090560e+03 6.192133e-04 9.993810e-01 9.996904e-02
3.090570e+03 1.841149e-04 9.998159e-01 9.999079e-02
3.090580e+03 1.833753e-04 9.998166e-01 9.999083e-02
3.090590e+03 2.128465e-06 9.999979e-01 9.999989e-02
3.090600e+03 1.945042e-06 9.999981e-01 9.999990e-02
3.090610e+03 2.911428e-04 9.997089e-01 9.998544e-02
3.090620e+03 4.427052e-04 9.995574e-01 9.997787e-02
3.090630e+03 9.686194e-04 9.990318e-01 9.995158e-02
3.090640e+03 1.181990e-03 9.988187e-01 9.994092e-02
3.090650e+03 1.371333e-03 9.986296e-01 9.993146e-02
3.090660e+03 1.535337e-03 9.984658e-01 9.992326e-02
3.090670e+03 1.748059e-03 9.982535e-01 9.991264e-02
3.090680e+03 1.972041e-03 9.980299e-01 9.990145e-02
3.090690e+03 2.208541e-03 9.977939e-01 9.988963e-02
3.090700e+03 2.460314e-03 9.975427e-01 9.987706e-02
3.090710e+03 2.731721e-03 9.972720e-01 9.986351e-02
3.090720e+03 3.028650e-03 9.969759e-01 9.984868e-02
3.090730e+03 4.159891e-03 9.958487e-01 9.979222e-02
3.090740e+03 4.665765e-03 9.953451e-01 9.976698e-02
3.090750e+03 5.234772e-03 9.947789e-01 9.973860e-02
3.090760e+03 5.876668e-03 9.941406e-01 9.970660e-02
3.090770e+03 6.608270e-03 9.934135e-01 9.967013e-02
3.090780e+03 7.432517e-03 9.925950e-01 9.962906e-02
3.090790e+03 7.775126e-03 9.922550e-01 9.961200e-02
3.090800e+03 8.896514e-03 9.911429e-01 9.955616e-02
3.090810e+03 1.010666e-02 9.899442e-01 9.949594e-02
3.090820e+03 1.139995e-02 9.886648e-01 9.943162e-02
3.090830e+03 1.277091e-02 9.873103e-01 9.936349e-02
3.090840e+03 1.420572e-02 9.858947e-01 9.929223e-02
3.090850e+03 1.569326e-02 9.844292e-01 9.921841e-02
3.090860e+03 1.722554e-02 9.829220e-01 9.914242e-02
3.090870e+03 1.878694e-02 9.813884e-01 9.906505e-02
3.090880e+03 2.036389e-02 9.798421e-01 9.898697e-02
3.090890e+03 2.194318e-02 9.782958e-01 9.890884e-02
3.090900e+03 2.351200e-02 9.767623e-01 9.883128e-02
3.090910e+03 2.505887e-02 9.752525e-01 9.875487e-02
3.090920e+03 2.657395e-02 9.737760e-01 9.868009e-02
3.090930e+03 2.804944e-02 9.723403e-01 9.860732e-02
3.090940e+03 2.947977e-02 9.709505e-01 9.853682e-02
3.090950e+03 3.086177e-02 9.696096e-01 9.846876e-02
3.090960e+03 3.219457e-02 9.683182e-01 9.840316e-02
3.090970e+03 3.347949e-02 9.670747e-01 9.833996e-02
3.090980e+03 3.471965e-02 9.658762e-01 9.827900e-02
3.090990e+03 3.591959e-02 9.647179e-01 9.822005e-02
3.091000e+03 3.708471e-02 9.635945e-01 9.816285e-02
3.091010e+03 3.822065e-02 9.625005e-01 9.810711e-02
3.091020e+03 3.933268e-02 9.614308e-01 9.805258e-02
3.091030e+03 4.042502e-02 9.603812e-01 9.799904e-02
3.091040e+03 4.150027e-02 9.593491e-01 9.794637e-02
3.091050e+03 4.255883e-02 9.583341e-01 9.789454e-02
3.091060e+03 4.359855e-02 9.573382e-01 9.784366e-02
3.091070e+03 4.461437e-02 9.563662e-01 9.779398e-02
3.091080e+03 4.559817e-02 9.554258e-01 9.774588e-02
3.091090e+03 4.653886e-02 9.545275e-01 9.769992e-02
3.091100e+03 4.742249e-02 9.536844e-01 9.765677e-02
3.091110e+03 4.823264e-02 9.529121e-01 9.761722e-02
3.091120e+03 4.895093e-02 9.522279e-01 9.758216e-02
3.091130e+03 4.955765e-02 9.516503e-01 9.755256e-02
3.091140e+03 5.003250e-02 9.511985e-01 9.752941e-02
3.091150e+03 5.094010e-02 9.503356e-01 9.748516e-02
3.091160e+03 5.187695e-02 9.494457e-01 9.743950e-02
3.091170e+03 5.193521e-02 9.493904e-01 9.743667e-02
3.091180e+03 5.179246e-02 9.495259e-01 9.744362e-02
3.091190e+03 5.143720e-02 9.498633e-01 9.746093e-02
3.091200e+03 5.086193e-02 9.504099e-01 9.748897e-02
3.091210e+03 5.006357e-02 9.511690e-01 9.752789e-02
3.091220e+03 4.904371e-02 9.521395e-01 9.757764e-02
3.091230e+03 4.780875e-02 9.533161e-01 9.763791e-02
3.091240e+03 4.637028e-02 9.546884e-01 9.770816e-02
3.091250e+03 4.474260e-02 9.562436e-01 9.778771e-02
3.091260e+03 4.281623e-02 9.580874e-01 9.788194e-02
3.091270e+03 4.090594e-02 9.599194e-01 9.797548e-02
3.091280e+03 3.886624e-02 9.618794e-01 9.807545e-02
3.091290e+03 3.672602e-02 9.639402e-01 9.818046e-02
3.091300e+03 3.451483e-02 9.660740e-01 9.828906e-02
3.091310e+03 3.226216e-02 9.682527e-01 9.839983e-02
3.091320e+03 2.999663e-02 9.704488e-01 9.851136e-02
3.091330e+03 2.774538e-02 9.726360e-01 9.862231e-02
3.091340e+03 2.553339e-02 9.747898e-01 9.873145e-02
3.091350e+03 2.338304e-02 9.768882e-01 9.883766e-02
3.091360e+03 2.131421e-02 9.789113e-01 9.893995e-02
3.091370e+03 1.858197e-02 9.815896e-01 9.907520e-02
3.091380e+03 1.682746e-02 9.833133e-01 9.916216e-02
3.091390e+03 1.517963e-02 9.849350e-01 9.924389e-02
3.091400e+03 1.451607e-02 9.855888e-01 9.927682e-02
3.091410e+03 1.405135e-02 9.860469e-01 9.929989e-02
3.091420e+03 1.460416e-02 9.855020e-01 9.927245e-02
3.091430e+03 1.683920e-02 9.833018e-01 9.916157e-02
3.091440e+03 2.172547e-02 9.785088e-01 9.891961e-02
3.091450e+03 3.056486e-02 9.698975e-01 9.848338e-02
3.091460e+03 4.491287e-02 9.560808e-01 9.777938e-02
3.091470e+03 6.635707e-02 9.357967e-01 9.673658e-02
3.091480e+03 9.541991e-02 9.089912e-01 9.534103e-02
3.091490e+03 1.339425e-01 8.746403e-01 9.352221e-02
3.091500e+03 1.801478e-01 8.351468e-01 9.138637e-02
3.091510e+03 2.312866e-01 7.935120e-01 8.907929e-02
3.091520e+03 2.828948e-01 7.535991e-01 8.681008e-02
3.091530e+03 3.292978e-01 7.194287e-01 8.481914e-02
3.091540e+03 3.645752e-01 6.944916e-01 8.333616e-02
3.091550e+03 3.837763e-01 6.812838e-01 8.253992e-02
3.091560e+03 3.840473e-01 6.810992e-01 8.252873e-02
3.091570e+03 3.653171e-01 6.939766e-01 8.330526e-02
3.091580e+03 3.303128e-01 7.186989e-01 8.477611e-02
3.091590e+03 2.839017e-01 7.528406e-01 8.676639e-02
3.091600e+03 2.319765e-01 7.929648e-01 8.904857e-02
3.091610e+03 1.802360e-01 8.350731e-01 9.138233e-02
3.091620e+03 1.332037e-01 8.752868e-01 9.355676e-02
3.091630e+03 9.370019e-02 9.105557e-01 9.542304e-02
3.091640e+03 6.280510e-02 9.391265e-01 9.690854e-02
3.091650e+03 4.019280e-02 9.606042e-01 9.801042e-02
3.091660e+03 2.464917e-02 9.756521e-01 9.877511e-02
3.091670e+03 1.458564e-02 9.855202e-01 9.927337e-02
3.091680e+03 8.432895e-03 9.916026e-01 9.957924e-02
3.091690e+03 4.869847e-03 9.951420e-01 9.975680e-02
3.091700e+03 2.908159e-03 9.970961e-01 9.985470e-02
3.091710e+03 1.870790e-03 9.981310e-01 9.990650e-02
3.091720e+03 9.158815e-04 9.990845e-01 9.995422e-02
3.091730e+03 8.633508e-04 9.991370e-01 9.995684e-02
3.091740e+03 8.122496e-04 9.991881e-01 9.995940e-02
3.091750e+03 7.626312e-04 9.992377e-01 9.996188e-02
3.091760e+03 7.145592e-04 9.992857e-01 9.996428e-02
3.091770e+03 6.681001e-04 9.993321e-01 9.996660e-02
3.091780e+03 6.233189e-04 9.993769e-01 9.996884e-02
3.091790e+03 1.241182e-06 9.999988e-01 9.999994e-02
3.091800e+03 1.098714e-06 9.999989e-01 9.999995e-02
3.091810e+03 9.927568e-07 9.999990e-01 9.999995e-02
3.091820e+03 9.124202e-07 9.999991e-01 9.999995e-02
3.091830e+03 8.500555e-07 9.999991e-01 9.999996e-02
3.091840e+03 0.000000e+00 1.000000e+00 1.000000e-01
3.091850e+03 0.000000e+00 1.000000e+00 1.000000e-01
3.091860e+03 0.000000e+00 1.000000e+00 1.000000e-01
3.091870e+03 1.907853e-06 9.999981e-01 9.999990e-02
3.091880e+03 1.907930e-06 9.999981e-01 9.999990e-02
3.091890e+03 0.000000e+00 1.000000e+00 1.000000e-01
3.091900e+03 0.000000e+00 1.000000e+00 1.000000e-01
3.091910e+03 0.000000e+00 1.000000e+00 1.000000e-01
3.091920e+03 0.000000e+00 1.000000e+00 1.000000e-01
3.091930e+03 0.000000e+00 1.000000e+00 1.000000e-01
3.091940e+03 0.000000e+00 1.000000e+00 1.000000e-01
3.091950e+03 0.000000e+00 1.000000e+00 1.000000e-01
3.091960e+03 0.000000e+00 1.000000e+00 1.000000e-01
3.091970e+03 0.000000e+00 1.000000e+00 1.000000e-01
3.091980e+03 0.000000e+00 1.000000e+00 1.000000e-01
3.091990e+03 0.000000e+00 1.000000e+00 1.000000e-01
3.092000e+03 0.000000e+00 1.000000e+00 1.000000e-01
3.092010e+03 0.000000e+00 1.000000e+00 1.000000e-01
3.092020e+03 0.000000e+00 1.000000e+00 1.000000e-01
3.092030e+03 0.000000e+00 1.000000e+00 1.000000e-01
3.092040e+03 0.000000e+00 1.000000e+00 1.000000e-01
3.092050e+03 0.000000e+00 1.000000e+00 1.000000e-01
3.092060e+03 0.000000e+00 1.000000e+00 1.000000e-01
3.092070e+03 0.000000e+00 1.000000e+00 1.000000e-01
3.092080e+03 0.000000e+00 1.000000e+00 1.000000e-01
3.092090e+03 0.000000e+00 1.000000e+00 1.000000e-01
3.092100e+03 0.000000e+00 1.000000e+00 1.000000e-01
3.092110e+03 0.000000e+00 1.000000e+00 1.000000e-01
3.092120e+03 0.000000e+00 1.000000e+00 1.000000e-01
3.092130e+03 0.000000e+00 1.000000e+00 1.000000e-01
3.092140e+03 0.000000e+00 1.000000e+00 1.000000e-01
3.092150e+03 6.904422e-08 9.999999e-01 1.000000e-01
3.092160e+03 6.903492e-08 9.999999e-01 1.000000e-01
3.092170e+03 0.000000e+00 1.000000e+00 1.000000e-01
3.092180e+03 0.000000e+00 1.000000e+00 1.000000e-01
3.092190e+03 0.000000e+00 1.000000e+00 1.000000e-01
3.092200e+03 0.000000e+00 1.000000e+00 1.000000e-01
3.092210e+03 0.000000e+00 1.000000e+00 1.000000e-01
3.092220e+03 0.000000e+00 1.000000e+00 1.000000e-01
3.092230e+03 1.411747e-10 1.000000e+00 1.000000e-01
3.092240e+03 1.411412e-10 1.000000e+00 1.000000e-01
3.092250e+03 0.000000e+00 1.000000e+00 1.000000e-01
3.092260e+03 2.091601e-08 1.000000e+00 1.000000e-01
3.092270e+03 2.091366e-08 1.000000e+00 1.000000e-01
3.092280e+03 0.000000e+00 1.000000e+00 1.000000e-01
3.092290e+03 0.000000e+00 1.000000e+00 1.000000e-01
3.092300e+03 0.000000e+00 1.000000e+00 1.000000e-01
3.092310e+03 0.000000e+00 1.000000e+00 1.000000e-01
3.092320e+03 6.033118e-08 9.999999e-01 1.000000e-01
3.092330e+03 6.034741e-08 9.999999e-01 1.000000e-01
3.092340e+03 0.000000e+00 1.000000e+00 1.000000e-01
3.092350e+03 0.000000e+00 1.000000e+00 1.000000e-01
3.092360e+03 1.285804e-10 1.000000e+00 1.000000e-01
3.092370e+03 1.285623e-10 1.000000e+00 1.000000e-01
3.092380e+03 0.000000e+00 1.000000e+00 1.000000e-01
3.092390e+03 0.000000e+00 1.000000e+00 1.000000e-01
3.092400e+03 0.000000e+00 1.000000e+00 1.000000e-01
3.092410e+03 0.000000e+00 1.000000e+00 1.000000e-01
3.092420e+03 0.000000e+00 1.000000e+00 1.000000e-01
3.092430e+03 0.000000e+00 1.000000e+00 1.000000e-01
3.092440e+03 0.000000e+00 1.000000e+00 1.000000e-01
3.092450e+03 0.000000e+00 1.000000e+00 1.000000e-01
3.092460e+03 0.000000e+00 1.000000e+00 1.000000e-01
3.092470e+03 0.000000e+00 1.000000e+00 1.000000e-01
3.092480e+03 0.000000e+00 1.000000e+00 1.000000e-01
3.092490e+03 8.559975e-08 9.999999e-01 1.000000e-01
3.092500e+03 8.560206e-08 9.999999e-01 1.000000e-01
3.092510e+03 0.000000e+00 1.000000e+00 1.000000e-01
3.092520e+03 0.000000e+00 1.000000e+00 1.000000e-01
3.092530e+03 1.020593e-07 9.999999e-01 9.999999e-02
3.092540e+03 5.685058e-06 9.999943e-01 9.999972e-02
3.092550e+03 8.739515e-06 9.999913e-01 9.999956e-02
3.092560e+03 1.388486e-05 9.999861e-01 9.999931e-02
3.092570e+03 2.213665e-05 9.999779e-01 9.999889e-02
3.092580e+03 3.518843e-05 9.999648e-01 9.999824e-02
3.092590e+03 3.783943e-04 9.996217e-01 9.998108e-02
3.092600e+03 5.900981e-04 9.994101e-01 9.997050e-02
3.092610e+03 9.373819e-04 9.990631e-01 9.995314e-02
3.092620e+03 1.502164e-03 9.984990e-01 9.992492e-02
3.092630e+03 2.411698e-03 9.975912e-01 9.987949e-02
3.092640e+03 3.848905e-03 9.961585e-01 9.980774e-02
3.092650e+03 6.080840e-03 9.939376e-01 9.969642e-02
3.092660e+03 9.484867e-03 9.905600e-01 9.952688e-02
3.092670e+03 1.458066e-02 9.855251e-01 9.927362e-02
3.092680e+03 2.206586e-02 9.781758e-01 9.890277e-02
3.092690e+03 3.284537e-02 9.676882e-01 9.837114e-02
3.092700e+03 4.806552e-02 9.530713e-01 9.762537e-02
3.092710e+03 6.913648e-02 9.331993e-01 9.660224e-02
3.092720e+03 9.768521e-02 9.069344e-01 9.523310e-02
3.092730e+03 1.355721e-01 8.732162e-01 9.344604e-02
3.092740e+03 1.848123e-01 8.312603e-01 9.117348e-02
3.092750e+03 2.474096e-01 7.808208e-01 8.836407e-02
3.092760e+03 3.252302e-01 7.223611e-01 8.499183e-02
3.092770e+03 4.197654e-01 6.572010e-01 8.106793e-02
3.092780e+03 5.319156e-01 5.874785e-01 7.664715e-02
3.092790e+03 6.617341e-01 5.159558e-01 7.183007e-02
3.092800e+03 8.081737e-01 4.456713e-01 6.675861e-02
3.092810e+03 9.689261e-01 3.794904e-01 6.160279e-02
3.092820e+03 1.140321e+00 3.197163e-01 5.654346e-02
3.092830e+03 1.317353e+00 2.678432e-01 5.175357e-02
3.092840e+03 1.493845e+00 2.245077e-01 4.738224e-02
3.092850e+03 1.662754e+00 1.896160e-01 4.354492e-02
3.092860e+03 1.817343e+00 1.624567e-01 4.030592e-02
3.092870e+03 1.948771e+00 1.424490e-01 3.774242e-02
3.092880e+03 2.050426e+00 1.286801e-01 3.587200e-02
3.092890e+03 2.118653e+00 1.201935e-01 3.466893e-02
3.092900e+03 2.148230e+00 1.166905e-01 3.416000e-02
3.092910e+03 2.138429e+00 1.178399e-01 3.432781e-02
3.092920e+03 2.089400e+00 1.237614e-01 3.517974e-02
3.092930e+03 2.004078e+00 1.347846e-01 3.671302e-02
3.092940e+03 1.889096e+00 1.512084e-01 3.888553e-02
3.092950e+03 1.750844e+00 1.736274e-01 4.166862e-02
3.092960e+03 1.599704e+00 2.019563e-01 4.493955e-02
3.092970e+03 1.446546e+00 2.353819e-01 4.851617e-02
3.092980e+03 1.301251e+00 2.721911e-01 5.217194e-02
3.092990e+03 1.169787e+00 3.104331e-01 5.571653e-02
3.093000e+03 1.052727e+00 3.489847e-01 5.907493e-02
3.093010e+03 9.433807e-01 3.893095e-01 6.239467e-02
3.093020e+03 8.324873e-01 4.349661e-01 6.595196e-02
3.093030e+03 7.131985e-01 4.900742e-01 7.000530e-02
3.093040e+03 5.857710e-01 5.566765e-01 7.461075e-02
3.093050e+03 4.586392e-01 6.321433e-01 7.950744e-02
3.093060e+03 3.443281e-01 7.086964e-01 8.418411e-02
3.093070e+03 2.566477e-01 7.736407e-01 8.795685e-02
3.093080e+03 2.043838e-01 8.151495e-01 9.028563e-02
3.093090e+03 1.948776e-01 8.229353e-01 9.071578e-02
3.093100e+03 2.320939e-01 7.928717e-01 8.904334e-02
3.093110e+03 3.133162e-01 7.310188e-01 8.549964e-02
3.093120e+03 4.282155e-01 6.516710e-01 8.072614e-02
3.093130e+03 5.556325e-01 5.737092e-01 7.574360e-02
3.093140e+03 6.649254e-01 5.143119e-01 7.171554e-02
3.093150e+03 7.261516e-01 4.837671e-01 6.955337e-02
3.093160e+03 7.206137e-01 4.864536e-01 6.974623e-02
3.093170e+03 6.488028e-01 5.226712e-01 7.229600e-02
3.093180e+03 5.300470e-01 5.885773e-01 7.671879e-02
3.093190e+03 3.936840e-01 6.745672e-01 8.213204e-02
3.093200e+03 2.673136e-01 7.654330e-01 8.748903e-02
3.093210e+03 1.685862e-01 8.448584e-01 9.191618e-02
3.093220e+03 1.032835e-01 9.018712e-01 9.496690e-02
3.093230e+03 6.819497e-02 9.340783e-01 9.664773e-02
3.093240e+03 5.742096e-02 9.441965e-01 9.716977e-02
3.093250e+03 6.334546e-02 9.386192e-01 9.688236e-02
3.093260e+03 8.048823e-02 9.226658e-01 9.605549e-02
3.093270e+03 1.050934e-01 9.002404e-01 9.488100e-02
3.093280e+03 1.332156e-01 8.752764e-01 9.355621e-02
3.093290e+03 1.623920e-01 8.501079e-01 9.220130e-02
3.093300e+03 1.918262e-01 8.254504e-01 9.085430e-02
3.093310e+03 2.230611e-01 8.000659e-01 8.944641e-02
3.093320e+03 2.598032e-01 7.712033e-01 8.781818e-02
3.093330e+03 3.073156e-01 7.354185e-01 8.575654e-02
3.093340e+03 3.697664e-01 6.908957e-01 8.312014e-02
3.093350e+03 4.483120e-01 6.387053e-01 7.991904e-02
3.093360e+03 5.435451e-01 5.806860e-01 7.620275e-02
3.093370e+03 6.546742e-01 5.196113e-01 7.208407e-02
3.093380e+03 7.819843e-01 4.574973e-01 6.763855e-02
3.093390e+03 9.273559e-01 3.955983e-01 6.289661e-02
3.093400e+03 1.091930e+00 3.355681e-01 5.792824e-02
3.093410e+03 1.276707e+00 2.789545e-01 5.281615e-02
3.093420e+03 1.481298e+00 2.273425e-01 4.768045e-02
3.093430e+03 1.701005e+00 1.824999e-01 4.272001e-02
3.093440e+03 1.933018e+00 1.447107e-01 3.804087e-02
3.093450e+03 2.175464e+00 1.135554e-01 3.369799e-02
3.093460e+03 2.429351e+00 8.809402e-02 2.968064e-02
3.093470e+03 2.698744e+00 6.728999e-02 2.594031e-02
3.093480e+03 2.988102e+00 5.038299e-02 2.244615e-02
3.093490e+03 3.298290e+00 3.694630e-02 1.922142e-02
3.093500e+03 3.621258e+00 2.674900e-02 1.635512e-02
3.093510e+03 3.939021e+00 1.946726e-02 1.395251e-02
3.093520e+03 4.222210e+00 1.466620e-02 1.211041e-02
3.093530e+03 4.436403e+00 1.183845e-02 1.088046e-02
3.093540e+03 4.554140e+00 1.052354e-02 1.025843e-02
3.093550e+03 4.562767e+00 1.043315e-02 1.021428e-02
3.093560e+03 4.472189e+00 1.142228e-02 1.068751e-02
3.093570e+03 4.311608e+00 1.341196e-02 1.158100e-02
3.093580e+03 4.123316e+00 1.619074e-02 1.272428e-02
3.093590e+03 3.954815e+00 1.916221e-02 1.384276e-02
3.093600e+03 3.842376e+00 2.144260e-02 1.464329e-02
3.093610e+03 3.812109e+00 2.210152e-02 1.486658e-02
3.093620e+03 3.873806e+00 2.077914e-02 1.441497e-02
3.093630e+03 4.024821e+00 1.786663e-02 1.336661e-02
3.093640e+03 4.257473e+00 1.415803e-02 1.189875e-02
3.093650e+03 4.558270e+00 1.048017e-02 1.023727e-02
3.093660e+03 4.913471e+00 7.346943e-03 8.571431e-03
3.093670e+03 5.310751e+00 4.938216e-03 7.027244e-03
3.093680e+03 5.737700e+00 3.222169e-03 5.676416e-03
3.093690e+03 6.184412e+00 2.061314e-03 4.540170e-03
3.093700e+03 6.644393e+00 1.301299e-03 3.607352e-03
3.093710e+03 7.111839e+00 8.153944e-04 2.855511e-03
3.093720e+03 7.593918e+00 5.035046e-04 2.243891e-03
3.093730e+03 8.104581e+00 3.021518e-04 1.738251e-03
3.093740e+03 8.662219e+00 1.729999e-04 1.315294e-03
3.093750e+03 9.274507e+00 9.378483e-05 9.684257e-04
3.093760e+03 9.917627e+00 4.929798e-05 7.021252e-04
3.093770e+03 1.052798e+01 2.677669e-05 5.174620e-04
3.093780e+03 1.102920e+01 1.622101e-05 4.027531e-04
3.093790e+03 1.137622e+01 1.146489e-05 3.385985e-04
3.093800e+03 1.158192e+01 9.333337e-06 3.055051e-04
3.093810e+03 1.170608e+01 8.243525e-06 2.871154e-04
3.093820e+03 1.181402e+01 7.400112e-06 2.720315e-04
3.093830e+03 1.194281e+01 6.505866e-06 2.550660e-04
3.093840e+03 1.209186e+01 5.604945e-06 2.367476e-04
3.093850e+03 1.223953e+01 4.835474e-06 2.198971e-04
3.093860e+03 1.235897e+01 4.291079e-06 2.071492e-04
3.093870e+03 1.242748e+01 4.006964e-06 2.001740e-04
3.093880e+03 1.243101e+01 3.992828e-06 1.998206e-04
3.093890e+03 1.236315e+01 4.273189e-06 2.067169e-04
3.093900e+03 1.222363e+01 4.912985e-06 2.216525e-04
3.093910e+03 1.201432e+01 6.056872e-06 2.461071e-04
3.093920e+03 1.174060e+01 7.963848e-06 2.822029e-04
3.093930e+03 1.140770e+01 1.110961e-05 3.333108e-04
3.093940e+03 1.102255e+01 1.632922e-05 4.040942e-04
3.093950e+03 1.059292e+01 2.509301e-05 5.009292e-04
3.093960e+03 1.012405e+01 4.010344e-05 6.332727e-04
3.093970e+03 9.622662e+00 6.621111e-05 8.137021e-04
3.093980e+03 9.095882e+00 1.121266e-04 1.058898e-03
3.093990e+03 8.546867e+00 1.941525e-04 1.393386e-03
3.094000e+03 7.980651e+00 3.420167e-04 1.849369e-03
3.094010e+03 7.403820e+00 6.089220e-04 2.467635e-03
3.094020e+03 6.821015e+00 1.090613e-03 3.302443e-03
3.094030e+03 6.239396e+00 1.951034e-03 4.417051e-03
3.094040e+03 5.666334e+00 3.460527e-03 5.882625e-03
3.094050e+03 5.110245e+00 6.034603e-03 7.768271e-03
3.094060e+03 4.578135e+00 1.027404e-02 1.013610e-02
3.094070e+03 4.078140e+00 1.693894e-02 1.301497e-02
3.094080e+03 3.615200e+00 2.691153e-02 1.640474e-02
3.094090e+03 3.192919e+00 4.105188e-02 2.026126e-02
3.094100e+03 2.813599e+00 5.998871e-02 2.449259e-02
3.094110e+03 2.478050e+00 8.390671e-02 2.896666e-02
3.094120e+03 2.186567e+00 1.123016e-01 3.351144e-02
3.094130e+03 1.937929e+00 1.440019e-01 3.794758e-02
3.094140e+03 1.730631e+00 1.771725e-01 4.209186e-02
3.094150e+03 1.561504e+00 2.098203e-01 4.580614e-02
3.094160e+03 1.427299e+00 2.399561e-01 4.898531e-02
3.094170e+03 1.327302e+00 2.651918e-01 5.149678e-02
3.094180e+03 1.255047e+00 2.850624e-01 5.339123e-02
3.094190e+03 1.207511e+00 2.989404e-01 5.467544e-02
3.094200e+03 1.180835e+00 3.070221e-01 5.540958e-02
3.094210e+03 1.171543e+00 3.098885e-01 5.566763e-02
3.094220e+03 1.175111e+00 3.087848e-01 5.556841e-02
3.094230e+03 1.189775e+00 3.042897e-01 5.516246e-02
3.094240e+03 1.210668e+00 2.979982e-01 5.458921e-02
3.094250e+03 1.234467e+00 2.909899e-01 5.394348e-02
3.094260e+03 1.260114e+00 2.836217e-01 5.325614e-02
3.094270e+03 1.283385e+00 2.770976e-01 5.264006e-02
3.094280e+03 1.302355e+00 2.718908e-01 5.214314e-02
3.094290e+03 1.316340e+00 2.681149e-01 5.177981e-02
3.094300e+03 1.324457e+00 2.659472e-01 5.157007e-02
3.094310e+03 1.324642e+00 2.658982e-01 5.156532e-02
3.094320e+03 1.318091e+00 2.676457e-01 5.173448e-02
3.094330e+03 1.303738e+00 2.715150e-01 5.210710e-02
3.094340e+03 1.281138e+00 2.777211e-01 5.269925e-02
3.094350e+03 1.251468e+00 2.860846e-01 5.348688e-02
3.094360e+03 1.214822e+00 2.967628e-01 5.447594e-02
3.094370e+03 1.171489e+00 3.099052e-01 5.566913e-02
3.094380e+03 1.122572e+00 3.254415e-01 5.704748e-02
3.094390e+03 1.068646e+00 3.434732e-01 5.860659e-02
3.094400e+03 1.010702e+00 3.639635e-01 6.032939e-02
3.094410e+03 9.494398e-01 3.869577e-01 6.220593e-02
3.094420e+03 8.874342e-01 4.117108e-01 6.416469e-02
3.094430e+03 8.245783e-01 4.384199e-01 6.621328e-02
3.094440e+03 7.615845e-01 4.669260e-01 6.833198e-02
3.094450e+03 6.995908e-01 4.967885e-01 7.048323e-02
3.094460e+03 6.391229e-01 5.277551e-01 7.264676e-02
3.094470e+03 5.816944e-01 5.589505e-01 7.476299e-02
3.094480e+03 5.263199e-01 5.907751e-01 7.686189e-02
3.094490e+03 4.744403e-01 6.222333e-01 7.888176e-02
3.094500e+03 4.270968e-01 6.524004e-01 8.077131e-02
3.094510e+03 3.862120e-01 6.796264e-01 8.243946e-02
3.094520e+03 3.544711e-01 7.015444e-01 8.375825e-02
3.094530e+03 3.334505e-01 7.164474e-01 8.464321e-02
3.094540e+03 3.265242e-01 7.214269e-01 8.493686e-02
3.094550e+03 3.338865e-01 7.161350e-01 8.462476e-02
3.094560e+03 3.550341e-01 7.011495e-01 8.373467e-02
3.094570e+03 3.878085e-01 6.785422e-01 8.237368e-02
3.094580e+03 4.261427e-01 6.530232e-01 8.080985e-02
3.094590e+03 4.648156e-01 6.282509e-01 7.926228e-02
3.094600e+03 4.982631e-01 6.075851e-01 7.794774e-02
3.094610e+03 5.217359e-01 5.934894e-01 7.703826e-02
3.094620e+03 5.333572e-01 5.866322e-01 7.659192e-02
3.094630e+03 5.316314e-01 5.876455e-01 7.665804e-02
3.094640e+03 5.168472e-01 5.963979e-01 7.722680e-02
3.094650e+03 4.865120e-01 6.147670e-01 7.840708e-02
3.094660e+03 4.419781e-01 6.427637e-01 8.017255e-02
3.094670e+03 3.854430e-01 6.801493e-01 8.247116e-02
3.094680e+03 3.235110e-01 7.236040e-01 8.506492e-02
3.094690e+03 2.645589e-01 7.675444e-01 8.760961e-02
3.094700e+03 2.170719e-01 8.048721e-01 8.971466e-02
3.094710e+03 1.858932e-01 8.303623e-01 9.112422e-02
3.094720e+03 1.737461e-01 8.405103e-01 9.167935e-02
3.094730e+03 1.824677e-01 8.332116e-01 9.128042e-02
3.094740e+03 2.123893e-01 8.086498e-01 8.992496e-02
3.094750e+03 2.644485e-01 7.676292e-01 8.761445e-02
3.094760e+03 3.387584e-01 7.126546e-01 8.441887e-02
3.094770e+03 4.332340e-01 6.484088e-01 8.052383e-02
3.094780e+03 5.413619e-01 5.819551e-01 7.628598e-02
3.094790e+03 6.511453e-01 5.214482e-01 7.221137e-02
3.094800e+03 7.486993e-01 4.729813e-01 6.877364e-02
3.094810e+03 8.223106e-01 4.394152e-01 6.628840e-02
3.094820e+03 8.615194e-01 4.225196e-01 6.500151e-02
3.094830e+03 8.662618e-01 4.205206e-01 6.484756e-02
3.094840e+03 8.431941e-01 4.303338e-01 6.559983e-02
3.094850e+03 8.074919e-01 4.459752e-01 6.678138e-02
3.094860e+03 7.765885e-01 4.599725e-01 6.782128e-02
3.094870e+03 7.701232e-01 4.629560e-01 6.804087e-02
3.094880e+03 8.023852e-01 4.482585e-01 6.695211e-02
3.094890e+03 8.821601e-01 4.138879e-01 6.433412e-02
3.094900e+03 1.014944e+00 3.624229e-01 6.020157e-02
3.094910e+03 1.198907e+00 3.015236e-01 5.491116e-02
3.094920e+03 1.429338e+00 2.394673e-01 4.893540e-02
3.094930e+03 1.690098e+00 1.845015e-01 4.295364e-02
3.094940e+03 1.953112e+00 1.418320e-01 3.766059e-02
3.094950e+03 2.174138e+00 1.137062e-01 3.372034e-02
3.094960e+03 2.302553e+00 1.000032e-01 3.162328e-02
3.094970e+03 2.306187e+00 9.964048e-02 3.156588e-02
3.094980e+03 2.190976e+00 1.118076e-01 3.343764e-02
3.094990e+03 1.994287e+00 1.361106e-01 3.689317e-02
3.095000e+03 1.767404e+00 1.707757e-01 4.132502e-02
3.095010e+03 1.549133e+00 2.124321e-01 4.609035e-02
3.095020e+03 1.362876e+00 2.559238e-01 5.058891e-02
3.095030e+03 1.215418e+00 2.965860e-01 5.445971e-02
3.095040e+03 1.104285e+00 3.314479e-01 5.757151e-02
3.095050e+03 1.024736e+00 3.588913e-01 5.990754e-02
3.095060e+03 9.749649e-01 3.772056e-01 6.141707e-02
3.095070e+03 9.442497e-01 3.889713e-01 6.236757e-02
3.095080e+03 9.279812e-01 3.953510e-01 6.287695e-02
3.095090e+03 9.221306e-01 3.976709e-01 6.306115e-02
3.095100e+03 9.189854e-01 3.989236e-01 6.316040e-02
3.095110e+03 9.139334e-01 4.009440e-01 6.332014e-02
3.095120e+03 9.036053e-01 4.051065e-01 6.364798e-02
3.095130e+03 8.847441e-01 4.128198e-01 6.425106e-02
3.095140e+03 8.572052e-01 4.243464e-01 6.514188e-02
3.095150e+03 8.219705e-01 4.395646e-01 6.629967e-02
3.095160e+03 7.808027e-01 4.580382e-01 6.767852e-02
3.095170e+03 7.362725e-01 4.788957e-01 6.920229e-02
3.095180e+03 6.915095e-01 5.008195e-01 7.076860e-02
3.095190e+03 6.469319e-01 5.236499e-01 7.236366e-02
3.095200e+03 6.040744e-01 5.465801e-01 7.393106e-02
3.095210e+03 5.657254e-01 5.679480e-01 7.536232e-02
3.095220e+03 5.330591e-01 5.868071e-01 7.660334e-02
3.095230e+03 5.072027e-01 6.021777e-01 7.760011e-02
3.095240e+03 4.882056e-01 6.137267e-01 7.834071e-02
3.095250e+03 4.768589e-01 6.207301e-01 7.878643e-02
3.095260e+03 4.727757e-01 6.232699e-01 7.894744e-02
3.095270e+03 4.759338e-01 6.213046e-01 7.882288e-02
3.095280e+03 4.841058e-01 6.162480e-01 7.850147e-02
3.095290e+03 4.966249e-01 6.085812e-01 7.801162e-02
3.095300e+03 5.118519e-01 5.993845e-01 7.741993e-02
3.095310e+03 5.298958e-01 5.886663e-01 7.672459e-02
3.095320e+03 5.483406e-01 5.779080e-01 7.602026e-02
3.095330e+03 5.673422e-01 5.670305e-01 7.530143e-02
3.095340e+03 5.845832e-01 5.573381e-01 7.465508e-02
3.095350e+03 5.996239e-01 5.490181e-01 7.409576e-02
3.095360e+03 6.123824e-01 5.420579e-01 7.362458e-02
3.095370e+03 6.227979e-01 5.364414e-01 7.324216e-02
3.095380e+03 6.299083e-01 5.326406e-01 7.298223e-02
3.095390e+03 6.358350e-01 5.294932e-01 7.276628e-02
3.095400e+03 6.412179e-01 5.266506e-01 7.257070e-02
3.095410e+03 6.469393e-01 5.236461e-01 7.236339e-02
3.095420e+03 6.568118e-01 5.185018e-01 7.200707e-02
3.095430e+03 6.757009e-01 5.087997e-01 7.133020e-02
3.095440e+03 7.043355e-01 4.944370e-01 7.031622e-02
3.095450e+03 7.384662e-01 4.778463e-01 6.912643e-02
3.095460e+03 7.690894e-01 4.634349e-01 6.807605e-02
3.095470e+03 7.820534e-01 4.574657e-01 6.763621e-02
3.095480e+03 7.677141e-01 4.640727e-01 6.812288e-02
3.095490e+03 7.262745e-01 4.837077e-01 6.954910e-02
3.095500e+03 6.647356e-01 5.144095e-01 7.172235e-02
3.095510e+03 5.946307e-01 5.517663e-01 7.428097e-02
3.095520e+03 5.282843e-01 5.896157e-01 7.678644e-02
3.095530e+03 4.695485e-01 6.252845e-01 7.907493e-02
3.095540e+03 4.169274e-01 6.590688e-01 8.118305e-02
3.095550e+03 3.669107e-01 6.928715e-01 8.323891e-02
3.095560e+03 3.175319e-01 7.279434e-01 8.531960e-02
3.095570e+03 2.686271e-01 7.644282e-01 8.743159e-02
3.095580e+03 2.235860e-01 7.996461e-01 8.942293e-02
3.095590e+03 1.853610e-01 8.308043e-01 9.114847e-02
3.095600e+03 1.570145e-01 8.546917e-01 9.244954e-02
3.095610e+03 1.402996e-01 8.690978e-01 9.322542e-02
3.095620e+03 1.325316e-01 8.758753e-01 9.358821e-02
3.095630e+03 1.336213e-01 8.749213e-01 9.353723e-02
3.095640e+03 1.423427e-01 8.673240e-01 9.313023e-02
3.095650e+03 1.588955e-01 8.530855e-01 9.236263e-02
3.095660e+03 1.811573e-01 8.343041e-01 9.134025e-02
3.095670e+03 2.084404e-01 8.118494e-01 9.010269e-02
3.095680e+03 2.283962e-01 7.958089e-01 8.920812e-02
3.095690e+03 2.363562e-01 7.894994e-01 8.885378e-02
3.095700e+03 2.376432e-01 7.884840e-01 8.879662e-02
3.095710e+03 2.275748e-01 7.964629e-01 8.924477e-02
3.095720e+03 2.114860e-01 8.093806e-01 8.996558e-02
3.095730e+03 1.908038e-01 8.262947e-01 9.090075e-02
3.095740e+03 1.664540e-01 8.466617e-01 9.201422e-02
3.095750e+03 1.405409e-01 8.688881e-01 9.321417e-02
3.095760e+03 1.161806e-01 8.903144e-01 9.435647e-02
3.095770e+03 9.462831e-02 9.097110e-01 9.537877e-02
3.095780e+03 7.854212e-02 9.244631e-01 9.614901e-02
3.095790e+03 6.997916e-02 9.324133e-01 9.656155e-02
3.095800e+03 7.301220e-02 9.295895e-01 9.641522e-02
3.095810e+03 8.986593e-02 9.140537e-01 9.560616e-02
3.095820e+03 1.181291e-01 8.885813e-01 9.426459e-02
3.095830e+03 1.552125e-01 8.562332e-01 9.253287e-02
3.095840e+03 1.936109e-01 8.239784e-01 9.077326e-02
3.095850e+03 2.314455e-01 7.933859e-01 8.907221e-02
3.095860e+03 2.593930e-01 7.715198e-01 8.783620e-02
3.095870e+03 2.730553e-01 7.610507e-01 8.723822e-02
3.095880e+03 2.778656e-01 7.573986e-01 8.702865e-02
3.095890e+03 2.715312e-01 7.622115e-01 8.730473e-02
3.095900e+03 2.551944e-01 7.747659e-01 8.802078e-02
3.095910e+03 2.272773e-01 7.966998e-01 8.925804e-02
3.095920e+03 1.930319e-01 8.244557e-01 9.079954e-02
3.095930e+03 1.564441e-01 8.551793e-01 9.247591e-02
3.095940e+03 1.225248e-01 8.846840e-01 9.405764e-02
3.095950e+03 9.133167e-02 9.127149e-01 9.553612e-02
3.095960e+03 6.634660e-02 9.358065e-01 9.673709e-02
3.095970e+03 4.755466e-02 9.535583e-01 9.765031e-02
3.095980e+03 3.293952e-02 9.675971e-01 9.836651e-02
3.095990e+03 2.287732e-02 9.773824e-01 9.886265e-02
3.096000e+03 1.618041e-02 9.839498e-01 9.919424e-02
3.096010e+03 1.131606e-02 9.887477e-01 9.943579e-02
3.096020e+03 7.314673e-03 9.927120e-01 9.963493e-02
3.096030e+03 5.183496e-03 9.948299e-01 9.974116e-02
3.096040e+03 3.743490e-03 9.962635e-01 9.981300e-02
3.096050e+03 2.523614e-03 9.974796e-01 9.987390e-02
3.096060e+03 1.823548e-03 9.981781e-01 9.990886e-02
3.096070e+03 1.327027e-03 9.986739e-01 9.993367e-02
3.096080e+03 7.730026e-04 9.992273e-01 9.996136e-02
3.096090e+03 6.973572e-04 9.993029e-01 9.996514e-02
3.096100e+03 6.275011e-04 9.993727e-01 9.996863e-02
3.096110e+03 5.631942e-04 9.994370e-01 9.997184e-02
3.096120e+03 5.041813e-04 9.994959e-01 9.997479e-02
3.096130e+03 4.501949e-04 9.995499e-01 9.997749e-02
3.096140e+03 4.009592e-04 9.995991e-01 9.997995e-02
3.096150e+03 3.561935e-04 9.996439e-01 9.998219e-02
3.096160e+03 3.156157e-04 9.996844e-01 9.998422e-02
3.096170e+03 2.789450e-04 9.997211e-01 9.998605e-02
3.096180e+03 2.459047e-04 9.997541e-01 9.998771e-02
3.096190e+03 2.162241e-04 9.997838e-01 9.998919e-02
3.096200e+03 1.896407e-04 9.998104e-01 9.999052e-02
3.096210e+03 1.659014e-04 9.998341e-01 9.999171e-02
3.096220e+03 1.447643e-04 9.998552e-01 9.999276e-02
3.096230e+03 1.260149e-04 9.998740e-01 9.999370e-02
3.096240e+03 1.094036e-04 9.998906e-01 9.999453e-02
3.096250e+03 9.472563e-05 9.999053e-01 9.999526e-02
3.096260e+03 8.182154e-05 9.999182e-01 9.999591e-02
3.096270e+03 7.049711e-05 9.999295e-01 9.999648e-02
3.096280e+03 6.058741e-05 9.999394e-01 9.999697e-02
3.096290e+03 5.194029e-05 9.999481e-01 9.999740e-02
3.096300e+03 4.441624e-05 9.999556e-01 9.999778e-02
3.096310e+03 3.788798e-05 9.999621e-01 9.999811e-02
3.096320e+03 3.223959e-05 9.999678e-01 9.999839e-02
3.096330e+03 0.000000e+00 1.000000e+00 1.000000e-01
3.096340e+03 0.000000e+00 1.000000e+00 1.000000e-01
3.096350e+03 0.000000e+00 1.000000e+00 1.000000e-01
3.096360e+03 0.000000e+00 1.000000e+00 1.000000e-01
3.096370e+03 0.000000e+00 1.000000e+00 1.000000e-01
3.096380e+03 0.000000e+00 1.000000e+00 1.000000e-01
3.096390e+03 0.000000e+00 1.000000e+00 1.000000e-01
3.096400e+03 3.164860e-13 1.000000e+00 1.000000e-01
3.096410e+03 3.165095e-13 1.000000e+00 1.000000e-01
3.096420e+03 0.000000e+00 1.000000e+00 1.000000e-01
3.096430e+03 0.000000e+00 1.000000e+00 1.000000e-01
3.096440e+03 0.000000e+00 1.000000e+00 1.000000e-01
3.096450e+03 0.000000e+00 1.000000e+00 1.000000e-01
3.096460e+03 0.000000e+00 1.000000e+00 1.000000e-01
3.096470e+03 0.000000e+00 1.000000e+00 1.000000e-01
3.096480e+03 0.000000e+00 1.000000e+00 1.000000e-01
3.096490e+03 0.000000e+00 1.000000e+00 1.000000e-01
3.096500e+03 0.000000e+00 1.000000e+00 1.000000e-01
3.096510e+03 0.000000e+00 1.000000e+00 1.000000e-01
3.096520e+03 0.000000e+00 1.000000e+00 1.000000e-01
3.096530e+03 0.000000e+00 1.000000e+00 1.000000e-01
3.096540e+03 0.000000e+00 1.000000e+00 1.000000e-01
3.096550e+03 0.000000e+00 1.000000e+00 1.000000e-01
3.096560e+03 0.000000e+00 1.000000e+00 1.000000e-01
3.096570e+03 0.000000e+00 1.000000e+00 1.000000e-01
3.096580e+03 0.000000e+00 1.000000e+00 1.000000e-01
3.096590e+03 0.000000e+00 1.000000e+00 1.000000e-01
3.096600e+03 0.000000e+00 1.000000e+00 1.000000e-01
3.096610e+03 0.000000e+00 1.000000e+00 1.000000e-01
3.096620e+03 0.000000e+00 1.000000e+00 1.000000e-01
3.096630e+03 0.000000e+00 1.000000e+00 1.000000e-01
3.096640e+03 0.000000e+00 1.000000e+00 1.000000e-01
3.096650e+03 0.000000e+00 1.000000e+00 1.000000e-01
3.096660e+03 1.553363e-08 1.000000e+00 1.000000e-01
3.096670e+03 1.553259e-08 1.000000e+00 1.000000e-01
3.096680e+03 0.000000e+00 1.000000e+00 1.000000e-01
3.096690e+03 0.000000e+00 1.000000e+00 1.000000e-01
3.096700e+03 0.000000e+00 1.000000e+00 1.000000e-01
3.096710e+03 0.000000e+00 1.000000e+00 1.000000e-01
3.096720e+03 0.000000e+00 1.000000e+00 1.000000e-01
3.096730e+03 0.000000e+00 1.000000e+00 1.000000e-01
3.096740e+03 1.865055e-13 1.000000e+00 1.000000e-01
3.096750e+03 1.865185e-13 1.000000e+00 1.000000e-01
3.096760e+03 0.000000e+00 1.000000e+00 1.000000e-01
3.096770e+03 0.000000e+00 1.000000e+00 1.000000e-01
3.096780e+03 1.039371e-17 1.000000e+00 1.000000e-01
3.096790e+03 1.039421e-17 1.000000e+00 1.000000e-01
3.096800e+03 0.000000e+00 1.000000e+00 1.000000e-01
3.096810e+03 0.000000e+00 1.000000e+00 1.000000e-01
3.096820e+03 0.000000e+00 1.000000e+00 1.000000e-01
3.096830e+03 0.000000e+00 1.000000e+00 1.000000e-01
3.096840e+03 0.000000e+00 1.000000e+00 1.000000e-01
3.096850e+03 0.000000e+00 1.000000e+00 1.000000e-01
3.096860e+03 0.000000e+00 1.000000e+00 1.000000e-01
3.096870e+03 0.000000e+00 1.000000e+00 1.000000e-01
3.096880e+03 0.000000e+00 1.000000e+00 1.000000e-01
3.096890e+03 0.000000e+00 1.000000e+00 1.000000e-01
3.096900e+03 0.000000e+00 1.000000e+00 1.000000e-01
3.096910e+03 0.000000e+00 1.000000e+00 1.000000e-01
3.096920e+03 0.000000e+00 1.000000e+00 1.000000e-01
3.096930e+03 0.000000e+00 1.000000e+00 1.000000e-01
3.096940e+03 0.000000e+00 1.000000e+00 1.000000e-01
3.096950e+03 0.000000e+00 1.000000e+00 1.000000e-01
3.096960e+03 0.000000e+00 1.000000e+00 1.000000e-01
3.096970e+03 0.000000e+00 1.000000e+00 1.000000e-01
3.096980e+03 0.000000e+00 1.000000e+00 1.000000e-01
3.096990e+03 0.000000e+00 1.000000e+00 1.000000e-01
3.097000e+03 0.000000e+00 1.000000e+00 1.000000e-01
3.097010e+03 0.000000e+00 1.000000e+00 1.000000e-01
3.097020e+03 0.000000e+00 1.000000e+00 1.000000e-01
3.097030e+03 0.000000e+00 1.000000e+00 1.000000e-01
3.097040e+03 0.000000e+00 1.000000e+00 1.000000e-01
3.097050e+03 0.000000e+00 1.000000e+00 1.000000e-01
3.097060e+03 0.000000e+00 1.000000e+00 1.000000e-01
3.097070e+03 0.000000e+00 1.000000e+00 1.000000e-01
3.097080e+03 1.312962e-14 1.000000e+00 1.000000e-01
3.097090e+03 1.313169e-14 1.000000e+00 1.000000e-01
3.097100e+03 0.000000e+00 1.000000e+00 1.000000e-01
3.097110e+03 0.000000e+00 1.000000e+00 1.000000e-01
3.097120e+03 0.000000e+00 1.000000e+00 1.000000e-01
3.097130e+03 0.000000e+00 1.000000e+00 1.000000e-01
3.097140e+03 0.000000e+00 1.000000e+00 1.000000e-01
3.097150e+03 0.000000e+00 1.000000e+00 1.000000e-01
3.097160e+03 0.000000e+00 1.000000e+00 1.000000e-01
3.097170e+03 0.000000e+00 1.000000e+00 1.000000e-01
3.097180e+03 0.000000e+00 1.000000e+00 1.000000e-01
3.097190e+03 0.000000e+00 1.000000e+00 1.000000e-01
3.097200e+03 0.000000e+00 1.000000e+00 1.000000e-01
3.097210e+03 0.000000e+00 1.000000e+00 1.000000e-01
3.097220e+03 0.000000e+00 1.000000e+00 1.000000e-01
3.097230e+03 1.805681e-11 1.000000e+00 1.000000e-01
3.097240e+03 1.805773e-11 1.000000e+00 1.000000e-01
3.097250e+03 0.000000e+00 1.000000e+00 1.000000e-01
3.097260e+03 0.000000e+00 1.000000e+00 1.000000e-01
3.097270e+03 0.000000e+00 1.000000e+00 1.000000e-01
3.097280e+03 0.000000e+00 1.000000e+00 1.000000e-01
3.097290e+03 0.000000e+00 1.000000e+00 1.000000e-01
3.097300e+03 0.000000e+00 1.000000e+00 1.000000e-01
3.097310e+03 0.000000e+00 1.000000e+00 1.000000e-01
3.097320e+03 0.000000e+00 1.000000e+00 1.000000e-01
3.097330e+03 0.000000e+00 1.000000e+00 1.000000e-01
3.097340e+03 0.000000e+00 1.000000e+00 1.000000e-01
3.097350e+03 0.000000e+00 1.000000e+00 1.000000e-01
3.097360e+03 0.000000e+00 1.000000e+00 1.000000e-01
3.097370e+03 0.000000e+00 1.000000e+00 1.000000e-01
3.097380e+03 0.000000e+00 1.000000e+00 1.000000e-01
3.097390e+03 0.000000e+00 1.000000e+00 1.000000e-01
3.097400e+03 0.000000e+00 1.000000e+00 1.000000e-01
3.097410e+03 2.490060e-13 1.000000e+00 1.000000e-01
3.097420e+03 2.489920e-13 1.000000e+00 1.000000e-01
3.097430e+03 0.000000e+00 1.000000e+00 1.000000e-01
3.097440e+03 0.000000e+00 1.000000e+00 1.000000e-01
3.097450e+03 0.000000e+00 1.000000e+00 1.000000e-01
3.097460e+03 0.000000e+00 1.000000e+00 1.000000e-01
3.097470e+03 0.000000e+00 1.000000e+00 1.000000e-01
3.097480e+03 0.000000e+00 1.000000e+00 1.000000e-01
3.097490e+03 0.000000e+00 1.000000e+00 1.000000e-01
3.097500e+03 0.000000e+00 1.000000e+00 1.000000e-01
3.097510e+03 0.000000e+00 1.000000e+00 1.000000e-01
3.097520e+03 0.000000e+00 1.000000e+00 1.000000e-01
3.097530e+03 0.000000e+00 1.000000e+00 1.000000e-01
3.097540e+03 0.000000e+00 1.000000e+00 1.000000e-01
3.097550e+03 0.000000e+00 1.000000e+00 1.000000e-01
3.097560e+03 0.000000e+00 1.000000e+00 1.000000e-01
3.097570e+03 0.000000e+00 1.000000e+00 1.000000e-01
3.097580e+03 0.000000e+00 1.000000e+00 1.000000e-01
3.097590e+03 0.000000e+00 1.000000e+00 1.000000e-01
3.097600e+03 0.000000e+00 1.000000e+00 1.000000e-01
3.097610e+03 0.000000e+00 1.000000e+00 1.000000e-01
3.097620e+03 0.000000e+00 1.000000e+00 1.000000e-01
3.097630e+03 0.000000e+00 1.000000e+00 1.000000e-01
3.097640e+03 0.000000e+00 1.000000e+00 1.000000e-01
3.097650e+03 0.000000e+00 1.000000e+00 1.000000e-01
3.097660e+03 0.000000e+00 1.000000e+00 1.000000e-01
3.097670e+03 0.000000e+00 1.000000e+00 1.000000e-01
3.097680e+03 0.000000e+00 1.000000e+00 1.000000e-01
3.097690e+03 0.000000e+00 1.000000e+00 1.000000e-01
3.097700e+03 0.000000e+00 1.000000e+00 1.000000e-01
3.097710e+03 0.000000e+00 1.000000e+00 1.000000e-01
3.097720e+03 0.000000e+00 1.000000e+00 1.000000e-01
3.097730e+03 0.000000e+00 1.000000e+00 1.000000e-01
3.097740e+03 0.000000e+00 1.000000e+00 1.000000e-01
3.097750e+03 0.000000e+00 1.000000e+00 1.000000e-01
3.097760e+03 0.000000e+00 1.000000e+00 1.000000e-01
3.097770e+03 0.000000e+00 1.000000e+00 1.000000e-01
3.097780e+03 0.000000e+00 1.000000e+00 1.000000e-01
3.097790e+03 0.000000e+00 1.000000e+00 1.000000e-01
3.097800e+03 0.000000e+00 1.000000e+00 1.000000e-01
3.097810e+03 0.000000e+00 1.000000e+00 1.000000e-01
3.097820e+03 0.000000e+00 1.000000e+00 1.000000e-01
3.097830e+03 0.000000e+00 1.000000e+00 1.000000e-01
3.097840e+03 0.000000e+00 1.000000e+00 1.000000e-01
3.097850e+03 0.000000e+00 1.000000e+00 1.000000e-01
3.097860e+03 0.000000e+00 1.000000e+00 1.000000e-01
3.097870e+03 0.000000e+00 1.000000e+00 1.000000e-01
3.097880e+03 0.000000e+00 1.000000e+00 1.000000e-01
3.097890e+03 0.000000e+00 1.000000e+00 1.000000e-01
3.097900e+03 0.000000e+00 1.000000e+00 1.000000e-01
3.097910e+03 0.000000e+00 1.000000e+00 1.000000e-01
3.097920e+03 0.000000e+00 1.000000e+00 1.000000e-01
3.097930e+03 0.000000e+00 1.000000e+00 1.000000e-01
3.097940e+03 0.000000e+00 1.000000e+00 1.000000e-01
3.097950e+03 0.000000e+00 1.000000e+00 1.000000e-01
3.097960e+03 0.000000e+00 1.000000e+00 1.000000e-01
3.097970e+03 0.000000e+00 1.000000e+00 1.000000e-01
3.097980e+03 0.000000e+00 1.000000e+00 1.000000e-01
3.097990e+03 0.000000e+00 1.000000e+00 1.000000e-01
3.098000e+03 0.000000e+00 1.000000e+00 1.000000e-01
3.098010e+03 0.000000e+00 1.000000e+00 1.000000e-01
3.098020e+03 0.000000e+00 1.000000e+00 1.000000e-01
3.098030e+03 0.000000e+00 1.000000e+00 1.000000e-01
3.098040e+03 0.000000e+00 1.000000e+00 1.000000e-01
3.098050e+03 0.000000e+00 1.000000e+00 1.000000e-01
3.098060e+03 0.000000e+00 1.000000e+00 1.000000e-01
3.098070e+03 0.000000e+00 1.000000e+00 1.000000e-01
3.098080e+03 0.000000e+00 1.000000e+00 1.000000e-01
3.098090e+03 0.000000e+00 1.000000e+00 1.000000e-01
3.098100e+03 0.000000e+00 1.000000e+00 1.000000e-01
3.098110e+03 0.000000e+00 1.000000e+00 1.000000e-01
3.098120e+03 0.000000e+00 1.000000e+00 1.000000e-01
3.098130e+03 0.000000e+00 1.000000e+00 1.000000e-01
3.098140e+03 0.000000e+00 1.000000e+00 1.000000e-01
3.098150e+03 0.000000e+00 1.000000e+00 1.000000e-01
3.098160e+03 0.000000e+00 1.000000e+00 1.000000e-01
3.098170e+03 0.000000e+00 1.000000e+00 1.000000e-01
3.098180e+03 0.000000e+00 1.000000e+00 1.000000e-01
3.098190e+03 0.000000e+00 1.000000e+00 1.000000e-01
3.098200e+03 0.000000e+00 1.000000e+00 1.000000e-01
3.098210e+03 0.000000e+00 1.000000e+00 1.000000e-01
3.098220e+03 0.000000e+00 1.000000e+00 1.000000e-01
3.098230e+03 0.000000e+00 1.000000e+00 1.000000e-01
3.098240e+03 0.000000e+00 1.000000e+00 1.000000e-01
3.098250e+03 0.000000e+00 1.000000e+00 1.000000e-01
3.098260e+03 0.000000e+00 1.000000e+00 1.000000e-01
3.098270e+03 0.000000e+00 1.000000e+00 1.000000e-01
3.098280e+03 0.000000e+00 1.000000e+00 1.000000e-01
3.098290e+03 0.000000e+00 1.000000e+00 1.000000e-01
3.098300e+03 0.000000e+00 1.000000e+00 1.000000e-01
3.098310e+03 0.000000e+00 1.000000e+00 1.000000e-01
3.098320e+03 0.000000e+00 1.000000e+00 1.000000e-01
3.098330e+03 0.000000e+00 1.000000e+00 1.000000e-01
3.098340e+03 0.000000e+00 1.000000e+00 1.000000e-01
3.098350e+03 0.000000e+00 1.000000e+00 1.000000e-01
3.098360e+03 0.000000e+00 1.000000e+00 1.000000e-01
3.098370e+03 0.000000e+00 1.000000e+00 1.000000e-01
3.098380e+03 0.000000e+00 1.000000e+00 1.000000e-01
3.098390e+03 0.000000e+00 1.000000e+00 1.000000e-01
3.098400e+03 0.000000e+00 1.000000e+00 1.000000e-01
3.098410e+03 0.000000e+00 1.000000e+00 1.000000e-01
3.098420e+03 0.000000e+00 1.000000e+00 1.000000e-01
3.098430e+03 0.000000e+00 1.000000e+00 1.000000e-01
3.098440e+03 0.000000e+00 1.000000e+00 1.000000e-01
3.098450e+03 0.000000e+00 1.000000e+00 1.000000e-01
3.098460e+03 0.000000e+00 1.000000e+00 1.000000e-01
3.098470e+03 0.000000e+00 1.000000e+00 1.000000e-01
3.098480e+03 0.000000e+00 1.000000e+00 1.000000e-01
3.098490e+03 0.000000e+00 1.000000e+00 1.000000e-01
3.098500e+03 0.000000e+00 1.000000e+00 1.000000e-01
3.098510e+03 0.000000e+00 1.000000e+00 1.000000e-01
3.098520e+03 0.000000e+00 1.000000e+00 1.000000e-01
3.098530e+03 0.000000e+00 1.000000e+00 1.000000e-01
3.098540e+03 0.000000e+00 1.000000e+00 1.000000e-01
3.098550e+03 0.000000e+00 1.000000e+00 1.000000e-01
3.098560e+03 0.000000e+00 1.000000e+00 1.000000e-01
3.098570e+03 0.000000e+00 1.000000e+00 1.000000e-01
3.098580e+03 0.000000e+00 1.000000e+00 1.000000e-01
3.098590e+03 0.000000e+00 1.000000e+00 1.000000e-01
3.098600e+03 0.000000e+00 1.000000e+00 1.000000e-01
3.098610e+03 0.000000e+00 1.000000e+00 1.000000e-01
3.098620e+03 0.000000e+00 1.000000e+00 1.000000e-01
3.098630e+03 0.000000e+00 1.000000e+00 1.000000e-01
3.098640e+03 0.000000e+00 1.000000e+00 1.000000e-01
3.098650e+03 0.000000e+00 1.000000e+00 1.000000e-01
3.098660e+03 0.000000e+00 1.000000e+00 1.000000e-01
3.098670e+03 0.000000e+00 1.000000e+00 1.000000e-01
3.098680e+03 0.000000e+00 1.000000e+00 1.000000e-01
3.098690e+03 0.000000e+00 1.000000e+00 1.000000e-01
3.098700e+03 0.000000e+00 1.000000e+00 1.000000e-01
3.098710e+03 0.000000e+00 1.000000e+00 1.000000e-01
3.098720e+03 0.000000e+00 1.000000e+00 1.000000e-01
3.098730e+03 0.000000e+00 1.000000e+00 1.000000e-01
3.098740e+03 0.000000e+00 1.000000e+00 1.000000e-01
3.098750e+03 0.000000e+00 1.000000e+00 1.000000e-01
3.098760e+03 0.000000e+00 1.000000e+00 1.000000e-01
3.098770e+03 0.000000e+00 1.000000e+00 1.000000e-01
3.098780e+03 0.000000e+00 1.000000e+00 1.000000e-01
3.098790e+03 0.000000e+00 1.000000e+00 1.000000e-01
3.098800e+03 0.000000e+00 1.000000e+00 1.000000e-01
3.098810e+03 0.000000e+00 1.000000e+00 1.000000e-01
3.098820e+03 0.000000e+00 1.000000e+00 1.000000e-01
3.098830e+03 0.000000e+00 1.000000e+00 1.000000e-01
3.098840e+03 0.000000e+00 1.000000e+00 1.000000e-01
3.098850e+03 0.000000e+00 1.000000e+00 1.000000e-01
3.098860e+03 0.000000e+00 1.000000e+00 1.000000e-01
3.098870e+03 0.000000e+00 1.000000e+00 1.000000e-01
3.098880e+03 0.000000e+00 1.000000e+00 1.000000e-01
3.098890e+03 0.000000e+00 1.000000e+00 1.000000e-01
3.098900e+03 0.000000e+00 1.000000e+00 1.000000e-01
3.098910e+03 0.000000e+00 1.000000e+00 1.000000e-01
3.098920e+03 0.000000e+00 1.000000e+00 1.000000e-01
3.098930e+03 0.000000e+00 1.000000e+00 1.000000e-01
3.098940e+03 0.000000e+00 1.000000e+00 1.000000e-01
3.098950e+03 0.000000e+00 1.000000e+00 1.000000e-01
3.098960e+03 0.000000e+00 1.000000e+00 1.000000e-01
3.098970e+03 0.000000e+00 1.000000e+00 1.000000e-01
3.098980e+03 0.000000e+00 1.000000e+00 1.000000e-01
3.098990e+03 0.000000e+00 1.000000e+00 1.000000e-01
3.099000e+03 0.000000e+00 1.000000e+00 1.000000e-01
3.099010e+03 0.000000e+00 1.000000e+00 1.000000e-01
3.099020e+03 0.000000e+00 1.000000e+00 1.000000e-01
3.099030e+03 0.000000e+00 1.000000e+00 1.000000e-01
3.099040e+03 0.000000e+00 1.000000e+00 1.000000e-01
3.099050e+03 0.000000e+00 1.000000e+00 1.000000e-01
3.099060e+03 0.000000e+00 1.000000e+00 1.000000e-01
3.099070e+03 0.000000e+00 1.000000e+00 1.000000e-01
3.099080e+03 0.000000e+00 1.000000e+00 1.000000e-01
3.099090e+03 0.000000e+00 1.000000e+00 1.000000e-01
3.099100e+03 0.000000e+00 1.000000e+00 1.000000e-01
3.099110e+03 0.000000e+00 1.000000e+00 1.000000e-01
3.099120e+03 0.000000e+00 1.000000e+00 1.000000e-01
3.099130e+03 0.000000e+00 1.000000e+00 1.000000e-01
3.099140e+03 0.000000e+00 1.000000e+00 1.000000e-01
3.099150e+03 0.000000e+00 1.000000e+00 1.000000e-01
3.099160e+03 0.000000e+00 1.000000e+00 1.000000e-01
3.099170e+03 0.000000e+00 1.000000e+00 1.000000e-01
3.099180e+03 0.000000e+00 1.000000e+00 1.000000e-01
3.099190e+03 0.000000e+00 1.000000e+00 1.000000e-01
3.099200e+03 0.000000e+00 1.000000e+00 1.000000e-01
3.099210e+03 0.000000e+00 1.000000e+00 1.000000e-01
3.099220e+03 0.000000e+00 1.000000e+00 1.000000e-01
3.099230e+03 0.000000e+00 1.000000e+00 1.000000e-01
3.099240e+03 0.000000e+00 1.000000e+00 1.000000e-01
3.099250e+03 0.000000e+00 1.000000e+00 1.000000e-01
3.099260e+03 0.000000e+00 1.000000e+00 1.000000e-01
3.099270e+03 0.000000e+00 1.000000e+00 1.000000e-01
3.099280e+03 0.000000e+00 1.000000e+00 1.000000e-01
3.099290e+03 0.000000e+00 1.000000e+00 1.000000e-01
3.099300e+03 0.000000e+00 1.000000e+00 1.000000e-01
3.099310e+03 0.000000e+00 1.000000e+00 1.000000e-01
3.099320e+03 0.000000e+00 1.000000e+00 1.000000e-01
3.099330e+03 0.000000e+00 1.000000e+00 1.000000e-01
3.099340e+03 0.000000e+00 1.000000e+00 1.000000e-01
3.099350e+03 0.000000e+00 1.000000e+00 1.000000e-01
3.099360e+03 0.000000e+00 1.000000e+00 1.000000e-01
3.099370e+03 0.000000e+00 1.000000e+00 1.000000e-01
3.099380e+03 0.000000e+00 1.000000e+00 1.000000e-01
3.099390e+03 0.000000e+00 1.000000e+00 1.000000e-01
3.099400e+03 0.000000e+00 1.000000e+00 1.000000e-01
3.099410e+03 0.000000e+00 1.000000e+00 1.000000e-01
3.099420e+03 0.000000e+00 1.000000e+00 1.000000e-01
3.099430e+03 0.000000e+00 1.000000e+00 1.000000e-01
3.099440e+03 0.000000e+00 1.000000e+00 1.000000e-01
3.099450e+03 0.000000e+00 1.000000e+00 1.000000e-01
3.099460e+03 0.000000e+00 1.000000e+00 1.000000e-01
3.099470e+03 0.000000e+00 1.000000e+00 1.000000e-01
3.099480e+03 0.000000e+00 1.000000e+00 1.000000e-01
3.099490e+03 0.000000e+00 1.000000e+00 1.000000e-01
3.099500e+03 0.000000e+00 1.000000e+00 1.000000e-01
3.099510e+03 0.000000e+00 1.000000e+00 1.000000e-01
3.099520e+03 0.000000e+00 1.000000e+00 1.000000e-01
3.099530e+03 0.000000e+00 1.000000e+00 1.000000e-01
3.099540e+03 0.000000e+00 1.000000e+00 1.000000e-01
3.099550e+03 0.000000e+00 1.000000e+00 1.000000e-01
3.099560e+03 0.000000e+00 1.000000e+00 1.000000e-01
3.099570e+03 0.000000e+00 1.000000e+00 1.000000e-01
3.099580e+03 0.000000e+00 1.000000e+00 1.000000e-01
3.099590e+03 0.000000e+00 1.000000e+00 1.000000e-01
3.099600e+03 0.000000e+00 1.000000e+00 1.000000e-01
3.099610e+03 0.000000e+00 1.000000e+00 1.000000e-01
3.099620e+03 0.000000e+00 1.000000e+00 1.000000e-01
3.099630e+03 0.000000e+00 1.000000e+00 1.000000e-01
3.099640e+03 0.000000e+00 1.000000e+00 1.000000e-01
3.099650e+03 0.000000e+00 1.000000e+00 1.000000e-01
3.099660e+03 0.000000e+00 1.000000e+00 1.000000e-01
3.099670e+03 0.000000e+00 1.000000e+00 1.000000e-01
3.099680e+03 0.000000e+00 1.000000e+00 1.000000e-01
3.099690e+03 0.000000e+00 1.000000e+00 1.000000e-01
3.099700e+03 0.000000e+00 1.000000e+00 1.000000e-01
3.099710e+03 0.000000e+00 1.000000e+00 1.000000e-01
3.099720e+03 0.000000e+00 1.000000e+00 1.000000e-01
3.099730e+03 0.000000e+00 1.000000e+00 1.000000e-01
3.099740e+03 0.000000e+00 1.000000e+00 1.000000e-01
3.099750e+03 0.000000e+00 1.000000e+00 1.000000e-01
3.099760e+03 0.000000e+00 1.000000e+00 1.000000e-01
3.099770e+03 0.000000e+00 1.000000e+00 1.000000e-01
3.099780e+03 0.000000e+00 1.000000e+00 1.000000e-01
3.099790e+03 0.000000e+00 1.000000e+00 1.000000e-01
3.099800e+03 0.000000e+00 1.000000e+00 1.000000e-01
3.099810e+03 0.000000e+00 1.000000e+00 1.000000e-01
3.099820e+03 0.000000e+00 1.000000e+00 1.000000e-01
3.099830e+03 0.000000e+00 1.000000e+00 1.000000e-01
3.099840e+03 0.000000e+00 1.000000e+00 1.000000e-01
3.099850e+03 0.000000e+00 1.000000e+00 1.000000e-01
3.099860e+03 0.000000e+00 1.000000e+00 1.000000e-01
3.099870e+03 0.000000e+00 1.000000e+00 1.000000e-01
3.099880e+03 0.000000e+00 1.000000e+00 1.000000e-01
3.099890e+03 0.000000e+00 1.000000e+00 1.000000e-01
3.099900e+03 0.000000e+00 1.000000e+00 1.000000e-01
3.099910e+03 0.000000e+00 1.000000e+00 1.000000e-01
3.099920e+03 0.000000e+00 1.000000e+00 1.000000e-01
3.099930e+03 0.000000e+00 1.000000e+00 1.000000e-01
3.099940e+03 0.000000e+00 1.000000e+00 1.000000e-01
3.099950e+03 0.000000e+00 1.000000e+00 1.000000e-01
3.099960e+03 0.000000e+00 1.000000e+00 1.000000e-01
3.099970e+03 0.000000e+00 1.000000e+00 1.000000e-01
3.099980e+03 0.000000e+00 1.000000e+00 1.000000e-01
3.099990e+03 0.000000e+00 1.000000e+00 1.000000e-01
3.100000e+03 0.000000e+00 1.000000e+00 1.000000e-01
3.100010e+03 0.000000e+00 1.000000e+00 1.000000e-01
3.100020e+03 0.000000e+00 1.000000e+00 1.000000e-01
3.100030e+03 0.000000e+00 1.000000e+00 1.000000e-01
3.100040e+03 0.000000e+00 1.000000e+00 1.000000e-01
3.100050e+03 0.000000e+00 1.000000e+00 1.000000e-01
3.100060e+03 0.000000e+00 1.000000e+00 1.000000e-01
3.100070e+03 0.000000e+00 1.000000e+00 1.000000e-01
3.100080e+03 0.000000e+00 1.000000e+00 1.000000e-01
3.100090e+03 0.000000e+00 1.000000e+00 1.000000e-01
3.100100e+03 0.000000e+00 1.000000e+00 1.000000e-01
3.100110e+03 0.000000e+00 1.000000e+00 1.000000e-01
3.100120e+03 0.000000e+00 1.000000e+00 1.000000e-01
3.100130e+03 0.000000e+00 1.000000e+00 1.000000e-01
3.100140e+03 0.000000e+00 1.000000e+00 1.000000e-01
3.100150e+03 0.000000e+00 1.000000e+00 1.000000e-01
3.100160e+03 0.000000e+00 1.000000e+00 1.000000e-01
3.100170e+03 0.000000e+00 1.000000e+00 1.000000e-01
3.100180e+03 0.000000e+00 1.000000e+00 1.000000e-01
3.100190e+03 0.000000e+00 1.000000e+00 1.000000e-01
3.100200e+03 0.000000e+00 1.000000e+00 1.000000e-01
3.100210e+03 0.000000e+00 1.000000e+00 1.000000e-01
3.100220e+03 0.000000e+00 1.000000e+00 1.000000e-01
3.100230e+03 0.000000e+00 1.000000e+00 1.000000e-01
3.100240e+03 0.000000e+00 1.000000e+00 1.000000e-01
3.100250e+03 0.000000e+00 1.000000e+00 1.000000e-01
3.100260e+03 0.000000e+00 1.000000e+00 1.000000e-01
3.100270e+03 0.000000e+00 1.000000e+00 1.000000e-01
3.100280e+03 0.000000e+00 1.000000e+00 1.000000e-01
3.100290e+03 0.000000e+00 1.000000e+00 1.000000e-01
3.100300e+03 0.000000e+00 1.000000e+00 1.000000e-01
3.100310e+03 0.000000e+00 1.000000e+00 1.000000e-01
3.100320e+03 0.000000e+00 1.000000e+00 1.000000e-01
3.100330e+03 0.000000e+00 1.000000e+00 1.000000e-01
3.100340e+03 0.000000e+00 1.000000e+00 1.000000e-01
3.100350e+03 0.000000e+00 1.000000e+00 1.000000e-01
3.100360e+03 0.000000e+00 1.000000e+00 1.000000e-01
3.100370e+03 0.000000e+00 1.000000e+00 1.000000e-01
3.100380e+03 0.000000e+00 1.000000e+00 1.000000e-01
3.100390e+03 0.000000e+00 1.000000e+00 1.000000e-01
3.100400e+03 0.000000e+00 1.000000e+00 1.000000e-01
3.100410e+03 0.000000e+00 1.000000e+00 1.000000e-01
3.100420e+03 0.000000e+00 1.000000e+00 1.000000e-01
3.100430e+03 0.000000e+00 1.000000e+00 1.000000e-01
3.100440e+03 0.000000e+00 1.000000e+00 1.000000e-01
3.100450e+03 0.000000e+00 1.000000e+00 1.000000e-01
3.100460e+03 0.000000e+00 1.000000e+00 1.000000e-01
3.100470e+03 0.000000e+00 1.000000e+00 1.000000e-01
3.100480e+03 0.000000e+00 1.000000e+00 1.000000e-01
3.100490e+03 0.000000e+00 1.000000e+00 1.000000e-01
3.100500e+03 0.000000e+00 1.000000e+00 1.000000e-01
3.100510e+03 0.000000e+00 1.000000e+00 1.000000e-01
3.100520e+03 0.000000e+00 1.000000e+00 1.000000e-01
3.100530e+03 0.000000e+00 1.000000e+00 1.000000e-01
3.100540e+03 0.000000e+00 1.000000e+00 1.000000e-01
3.100550e+03 0.000000e+00 1.000000e+00 1.000000e-01
3.100560e+03 0.000000e+00 1.000000e+00 1.000000e-01
3.100570e+03 0.000000e+00 1.000000e+00 1.000000e-01
3.100580e+03 0.000000e+00 1.000000e+00 1.000000e-01
3.100590e+03 0.000000e+00 1.000000e+00 1.000000e-01
3.100600e+03 0.000000e+00 1.000000e+00 1.000000e-01
3.100610e+03 0.000000e+00 1.000000e+00 1.000000e-01
3.100620e+03 0.000000e+00 1.000000e+00 1.000000e-01
3.100630e+03 0.000000e+00 1.000000e+00 1.000000e-01
3.100640e+03 0.000000e+00 1.000000e+00 1.000000e-01
3.100650e+03 0.000000e+00 1.000000e+00 1.000000e-01
3.100660e+03 0.000000e+00 1.000000e+00 1.000000e-01
3.100670e+03 0.000000e+00 1.000000e+00 1.000000e-01
3.100680e+03 0.000000e+00 1.000000e+00 1.000000e-01
3.100690e+03 0.000000e+00 1.000000e+00 1.000000e-01
3.100700e+03 0.000000e+00 1.000000e+00 1.000000e-01
3.100710e+03 0.000000e+00 1.000000e+00 1.000000e-01
3.100720e+03 0.000000e+00 1.000000e+00 1.000000e-01
3.100730e+03 0.000000e+00 1.000000e+00 1.000000e-01
3.100740e+03 0.000000e+00 1.000000e+00 1.000000e-01
3.100750e+03 0.000000e+00 1.000000e+00 1.000000e-01
3.100760e+03 0.000000e+00 1.000000e+00 1.000000e-01
3.100770e+03 0.000000e+00 1.000000e+00 1.000000e-01
3.100780e+03 0.000000e+00 1.000000e+00 1.000000e-01
3.100790e+03 0.000000e+00 1.000000e+00 1.000000e-01
3.100800e+03 0.000000e+00 1.000000e+00 1.000000e-01
3.100810e+03 0.000000e+00 1.000000e+00 1.000000e-01
3.100820e+03 0.000000e+00 1.000000e+00 1.000000e-01
3.100830e+03 0.000000e+00 1.000000e+00 1.000000e-01
3.100840e+03 0.000000e+00 1.000000e+00 1.000000e-01
3.100850e+03 0.000000e+00 1.000000e+00 1.000000e-01
3.100860e+03 0.000000e+00 1.000000e+00 1.000000e-01
3.100870e+03 0.000000e+00 1.000000e+00 1.000000e-01
3.100880e+03 0.000000e+00 1.000000e+00 1.000000e-01
3.100890e+03 0.000000e+00 1.000000e+00 1.000000e-01
3.100900e+03 0.000000e+00 1.000000e+00 1.000000e-01
3.100910e+03 0.000000e+00 1.000000e+00 1.000000e-01
3.100920e+03 0.000000e+00 1.000000e+00 1.000000e-01
3.100930e+03 0.000000e+00 1.000000e+00 1.000000e-01
3.100940e+03 0.000000e+00 1.000000e+00 1.000000e-01
3.100950e+03 0.000000e+00 1.000000e+00 1.000000e-01
3.100960e+03 0.000000e+00 1.000000e+00 1.000000e-01
3.100970e+03 0.000000e+00 1.000000e+00 1.000000e-01
3.100980e+03 0.000000e+00 1.000000e+00 1.000000e-01
3.100990e+03 0.000000e+00 1.000000e+00 1.000000e-01
3.101000e+03 0.000000e+00 1.000000e+00 1.000000e-01
3.101010e+03 0.000000e+00 1.000000e+00 1.000000e-01
3.101020e+03 0.000000e+00 1.000000e+00 1.000000e-01
3.101030e+03 0.000000e+00 1.000000e+00 1.000000e-01
3.101040e+03 0.000000e+00 1.000000e+00 1.000000e-01
3.101050e+03 0.000000e+00 1.000000e+00 1.000000e-01
3.101060e+03 0.000000e+00 1.000000e+00 1.000000e-01
3.101070e+03 0.000000e+00 1.000000e+00 1.000000e-01
3.101080e+03 0.000000e+00 1.000000e+00 1.000000e-01
3.101090e+03 0.000000e+00 1.000000e+00 1.000000e-01
3.101100e+03 0.000000e+00 1.000000e+00 1.000000e-01
3.101110e+03 0.000000e+00 1.000000e+00 1.000000e-01
3.101120e+03 0.000000e+00 1.000000e+00 1.000000e-01
3.101130e+03 0.000000e+00 1.000000e+00 1.000000e-01
3.101140e+03 0.000000e+00 1.000000e+00 1.000000e-01
3.101150e+03 0.000000e+00 1.000000e+00 1.000000e-01
3.101160e+03 0.000000e+00 1.000000e+00 1.000000e-01
3.101170e+03 0.000000e+00 1.000000e+00 1.000000e-01
3.101180e+03 0.000000e+00 1.000000e+00 1.000000e-01
3.101190e+03 0.000000e+00 1.000000e+00 1.000000e-01
3.101200e+03 0.000000e+00 1.000000e+00 1.000000e-01
3.101210e+03 0.000000e+00 1.000000e+00 1.000000e-01
3.101220e+03 0.000000e+00 1.000000e+00 1.000000e-01
3.101230e+03 0.000000e+00 1.000000e+00 1.000000e-01
3.101240e+03 0.000000e+00 1.000000e+00 1.000000e-01
3.101250e+03 0.000000e+00 1.000000e+00 1.000000e-01
3.101260e+03 0.000000e+00 1.000000e+00 1.000000e-01
3.101270e+03 0.000000e+00 1.000000e+00 1.000000e-01
3.101280e+03 0.000000e+00 1.000000e+00 1.000000e-01
3.101290e+03 0.000000e+00 1.000000e+00 1.000000e-01
3.101300e+03 0.000000e+00 1.000000e+00 1.000000e-01
3.101310e+03 0.000000e+00 1.000000e+00 1.000000e-01
3.101320e+03 0.000000e+00 1.000000e+00 1.000000e-01
3.101330e+03 0.000000e+00 1.000000e+00 1.000000e-01
3.101340e+03 0.000000e+00 1.000000e+00 1.000000e-01
3.101350e+03 0.000000e+00 1.000000e+00 1.000000e-01
3.101360e+03 0.000000e+00 1.000000e+00 1.000000e-01
3.101370e+03 0.000000e+00 1.000000e+00 1.000000e-01
3.101380e+03 0.000000e+00 1.000000e+00 1.000000e-01
3.101390e+03 0.000000e+00 1.000000e+00 1.000000e-01
3.101400e+03 0.000000e+00 1.000000e+00 1.000000e-01
3.101410e+03 0.000000e+00 1.000000e+00 1.000000e-01
3.101420e+03 0.000000e+00 1.000000e+00 1.000000e-01
3.101430e+03 0.000000e+00 1.000000e+00 1.000000e-01
3.101440e+03 0.000000e+00 1.000000e+00 1.000000e-01
3.101450e+03 0.000000e+00 1.000000e+00 1.000000e-01
3.101460e+03 0.000000e+00 1.000000e+00 1.000000e-01
3.101470e+03 0.000000e+00 1.000000e+00 1.000000e-01
3.101480e+03 0.000000e+00 1.000000e+00 1.000000e-01
3.101490e+03 0.000000e+00 1.000000e+00 1.000000e-01
3.101500e+03 0.000000e+00 1.000000e+00 1.000000e-01
3.101510e+03 0.000000e+00 1.000000e+00 1.000000e-01
3.101520e+03 0.000000e+00 1.000000e+00 1.000000e-01
3.101530e+03 0.000000e+00 1.000000e+00 1.000000e-01
3.101540e+03 0.000000e+00 1.000000e+00 1.000000e-01
3.101550e+03 0.000000e+00 1.000000e+00 1.000000e-01
3.101560e+03 0.000000e+00 1.000000e+00 1.000000e-01
3.101570e+03 0.000000e+00 1.000000e+00 1.000000e-01
3.101580e+03 0.000000e+00 1.000000e+00 1.000000e-01
3.101590e+03 0.000000e+00 1.000000e+00 1.000000e-01
3.101600e+03 0.000000e+00 1.000000e+00 1.000000e-01
3.101610e+03 0.000000e+00 1.000000e+00 1.000000e-01
3.101620e+03 0.000000e+00 1.000000e+00 1.000000e-01
3.101630e+03 0.000000e+00 1.000000e+00 1.000000e-01
3.101640e+03 0.000000e+00 1.000000e+00 1.000000e-01
3.101650e+03 0.000000e+00 1.000000e+00 1.000000e-01
3.101660e+03 0.000000e+00 1.000000e+00 1.000000e-01
3.101670e+03 0.000000e+00 1.000000e+00 1.000000e-01
3.101680e+03 0.000000e+00 1.000000e+00 1.000000e-01
3.101690e+03 0.000000e+00 1.000000e+00 1.000000e-01
3.101700e+03 0.000000e+00 1.000000e+00 1.000000e-01
3.101710e+03 0.000000e+00 1.000000e+00 1.000000e-01
3.101720e+03 0.000000e+00 1.000000e+00 1.000000e-01
3.101730e+03 0.000000e+00 1.000000e+00 1.000000e-01
3.101740e+03 0.000000e+00 1.000000e+00 1.000000e-01
3.101750e+03 0.000000e+00 1.000000e+00 1.000000e-01
3.101760e+03 0.000000e+00 1.000000e+00 1.000000e-01
3.101770e+03 0.000000e+00 1.000000e+00 1.000000e-01
3.101780e+03 0.000000e+00 1.000000e+00 1.000000e-01
3.101790e+03 0.000000e+00 1.000000e+00 1.000000e-01
3.101800e+03 0.000000e+00 1.000000e+00 1.000000e-01
3.101810e+03 0.000000e+00 1.000000e+00 1.000000e-01
3.101820e+03 0.000000e+00 1.000000e+00 1.000000e-01
3.101830e+03 0.000000e+00 1.000000e+00 1.000000e-01
3.101840e+03 0.000000e+00 1.000000e+00 1.000000e-01
3.101850e+03 0.000000e+00 1.000000e+00 1.000000e-01
3.101860e+03 0.000000e+00 1.000000e+00 1.000000e-01
3.101870e+03 0.000000e+00 1.000000e+00 1.000000e-01
3.101880e+03 0.000000e+00 1.000000e+00 1.000000e-01
3.101890e+03 0.000000e+00 1.000000e+00 1.000000e-01
3.101900e+03 0.000000e+00 1.000000e+00 1.000000e-01
3.101910e+03 0.000000e+00 1.000000e+00 1.000000e-01
3.101920e+03 0.000000e+00 1.000000e+00 1.000000e-01
3.101930e+03 0.000000e+00 1.000000e+00 1.000000e-01
3.101940e+03 0.000000e+00 1.000000e+00 1.000000e-01
3.101950e+03 0.000000e+00 1.000000e+00 1.000000e-01
3.101960e+03 0.000000e+00 1.000000e+00 1.000000e-01
3.101970e+03 0.000000e+00 1.000000e+00 1.000000e-01
3.101980e+03 0.000000e+00 1.000000e+00 1.000000e-01
3.101990e+03 0.000000e+00 1.000000e+00 1.000000e-01
3.102000e+03 0.000000e+00 1.000000e+00 1.000000e-01
3.102010e+03 0.000000e+00 1.000000e+00 1.000000e-01
3.102020e+03 0.000000e+00 1.000000e+00 1.000000e-01
3.102030e+03 0.000000e+00 1.000000e+00 1.000000e-01
3.102040e+03 0.000000e+00 1.000000e+00 1.000000e-01
3.102050e+03 0.000000e+00 1.000000e+00 1.000000e-01
3.102060e+03 0.000000e+00 1.000000e+00 1.000000e-01
3.102070e+03 0.000000e+00 1.000000e+00 1.000000e-01
3.102080e+03 0.000000e+00 1.000000e+00 1.000000e-01
3.102090e+03 0.000000e+00 1.000000e+00 1.000000e-01
3.102100e+03 0.000000e+00 1.000000e+00 1.000000e-01
3.102110e+03 0.000000e+00 1.000000e+00 1.000000e-01
3.102120e+03 0.000000e+00 1.000000e+00 1.000000e-01
3.102130e+03 0.000000e+00 1.000000e+00 1.000000e-01
3.102140e+03 0.000000e+00 1.000000e+00 1.000000e-01
3.102150e+03 0.000000e+00 1.000000e+00 1.000000e-01
3.102160e+03 0.000000e+00 1.000000e+00 1.000000e-01
3.102170e+03 0.000000e+00 1.000000e+00 1.000000e-01
3.102180e+03 0.000000e+00 1.000000e+00 1.000000e-01
3.102190e+03 0.000000e+00 1.000000e+00 1.000000e-01
3.102200e+03 0.000000e+00 1.000000e+00 1.000000e-01
3.102210e+03 0.000000e+00 1.000000e+00 1.000000e-01
3.102220e+03 0.000000e+00 1.000000e+00 1.000000e-01
3.102230e+03 0.000000e+00 1.000000e+00 1.000000e-01
3.102240e+03 0.000000e+00 1.000000e+00 1.000000e-01
3.102250e+03 0.000000e+00 1.000000e+00 1.000000e-01
3.102260e+03 0.000000e+00 1.000000e+00 1.000000e-01
3.102270e+03 0.000000e+00 1.000000e+00 1.000000e-01
3.102280e+03 0.000000e+00 1.000000e+00 1.000000e-01
3.102290e+03 0.000000e+00 1.000000e+00 1.000000e-01
3.102300e+03 0.000000e+00 1.000000e+00 1.000000e-01
3.102310e+03 0.000000e+00 1.000000e+00 1.000000e-01
3.102320e+03 0.000000e+00 1.000000e+00 1.000000e-01
3.102330e+03 0.000000e+00 1.000000e+00 1.000000e-01
3.102340e+03 0.000000e+00 1.000000e+00 1.000000e-01
3.102350e+03 0.000000e+00 1.000000e+00 1.000000e-01
3.102360e+03 0.000000e+00 1.000000e+00 1.000000e-01
3.102370e+03 0.000000e+00 1.000000e+00 1.000000e-01
3.102380e+03 0.000000e+00 1.000000e+00 1.000000e-01
3.102390e+03 0.000000e+00 1.000000e+00 1.000000e-01
3.102400e+03 0.000000e+00 1.000000e+00 1.000000e-01
3.102410e+03 0.000000e+00 1.000000e+00 1.000000e-01
3.102420e+03 0.000000e+00 1.000000e+00 1.000000e-01
3.102430e+03 0.000000e+00 1.000000e+00 1.000000e-01
3.102440e+03 0.000000e+00 1.000000e+00 1.000000e-01
3.102450e+03 0.000000e+00 1.000000e+00 1.000000e-01
3.102460e+03 0.000000e+00 1.000000e+00 1.000000e-01
3.102470e+03 0.000000e+00 1.000000e+00 1.000000e-01
3.102480e+03 0.000000e+00 1.000000e+00 1.000000e-01
3.102490e+03 0.000000e+00 1.000000e+00 1.000000e-01
3.102500e+03 0.000000e+00 1.000000e+00 1.000000e-01
3.102510e+03 0.000000e+00 1.000000e+00 1.000000e-01
3.102520e+03 0.000000e+00 1.000000e+00 1.000000e-01
3.102530e+03 0.000000e+00 1.000000e+00 1.000000e-01
3.102540e+03 0.000000e+00 1.000000e+00 1.000000e-01
3.102550e+03 0.000000e+00 1.000000e+00 1.000000e-01
3.102560e+03 0.000000e+00 1.000000e+00 1.000000e-01
3.102570e+03 0.000000e+00 1.000000e+00 1.000000e-01
3.102580e+03 0.000000e+00 1.000000e+00 1.000000e-01
3.102590e+03 0.000000e+00 1.000000e+00 1.000000e-01
3.102600e+03 0.000000e+00 1.000000e+00 1.000000e-01
3.102610e+03 0.000000e+00 1.000000e+00 1.000000e-01
3.102620e+03 0.000000e+00 1.000000e+00 1.000000e-01
3.102630e+03 0.000000e+00 1.000000e+00 1.000000e-01
3.102640e+03 0.000000e+00 1.000000e+00 1.000000e-01
3.102650e+03 0.000000e+00 1.000000e+00 1.000000e-01
3.102660e+03 0.000000e+00 1.000000e+00 1.000000e-01
3.102670e+03 0.000000e+00 1.000000e+00 1.000000e-01
3.102680e+03 0.000000e+00 1.000000e+00 1.000000e-01
3.102690e+03 0.000000e+00 1.000000e+00 1.000000e-01
3.102700e+03 0.000000e+00 1.000000e+00 1.000000e-01
3.102710e+03 0.000000e+00 1.000000e+00 1.000000e-01
3.102720e+03 0.000000e+00 1.000000e+00 1.000000e-01
3.102730e+03 0.000000e+00 1.000000e+00 1.000000e-01
3.102740e+03 0.000000e+00 1.000000e+00 1.000000e-01
3.102750e+03 0.000000e+00 1.000000e+00 1.000000e-01
3.102760e+03 0.000000e+00 1.000000e+00 1.000000e-01
3.102770e+03 0.000000e+00 1.000000e+00 1.000000e-01
3.102780e+03 0.000000e+00 1.000000e+00 1.000000e-01
3.102790e+03 0.000000e+00 1.000000e+00 1.000000e-01
3.102800e+03 0.000000e+00 1.000000e+00 1.000000e-01
3.102810e+03 0.000000e+00 1.000000e+00 1.000000e-01
3.102820e+03 0.000000e+00 1.000000e+00 1.000000e-01
3.102830e+03 0.000000e+00 1.000000e+00 1.000000e-01
3.102840e+03 0.000000e+00 1.000000e+00 1.000000e-01
3.102850e+03 0.000000e+00 1.000000e+00 1.000000e-01
3.102860e+03 0.000000e+00 1.000000e+00 1.000000e-01
3.102870e+03 0.000000e+00 1.000000e+00 1.000000e-01
3.102880e+03 0.000000e+00 1.000000e+00 1.000000e-01
3.102890e+03 0.000000e+00 1.000000e+00 1.000000e-01
3.102900e+03 0.000000e+00 1.000000e+00 1.000000e-01
3.102910e+03 0.000000e+00 1.000000e+00 1.000000e-01
3.102920e+03 0.000000e+00 1.000000e+00 1.000000e-01
3.102930e+03 0.000000e+00 1.000000e+00 1.000000e-01
3.102940e+03 0.000000e+00 1.000000e+00 1.000000e-01
3.102950e+03 0.000000e+00 1.000000e+00 1.000000e-01
3.102960e+03 0.000000e+00 1.000000e+00 1.000000e-01
3.102970e+03 0.000000e+00 1.000000e+00 1.000000e-01
3.102980e+03 0.000000e+00 1.000000e+00 1.000000e-01
3.102990e+03 0.000000e+00 1.000000e+00 1.000000e-01
3.103000e+03 0.000000e+00 1.000000e+00 1.000000e-01
3.103010e+03 0.000000e+00 1.000000e+00 1.000000e-01
3.103020e+03 0.000000e+00 1.000000e+00 1.000000e-01
3.103030e+03 0.000000e+00 1.000000e+00 1.000000e-01
3.103040e+03 0.000000e+00 1.000000e+00 1.000000e-01
3.103050e+03 0.000000e+00 1.000000e+00 1.000000e-01
3.103060e+03 0.000000e+00 1.000000e+00 1.000000e-01
3.103070e+03 0.000000e+00 1.000000e+00 1.000000e-01
3.103080e+03 0.000000e+00 1.000000e+00 1.000000e-01
3.103090e+03 0.000000e+00 1.000000e+00 1.000000e-01
3.103100e+03 0.000000e+00 1.000000e+00 1.000000e-01
3.103110e+03 0.000000e+00 1.000000e+00 1.000000e-01
3.103120e+03 0.000000e+00 1.000000e+00 1.000000e-01
3.103130e+03 0.000000e+00 1.000000e+00 1.000000e-01
3.103140e+03 0.000000e+00 1.000000e+00 1.000000e-01
3.103150e+03 0.000000e+00 1.000000e+00 1.000000e-01
3.103160e+03 0.000000e+00 1.000000e+00 1.000000e-01
3.103170e+03 0.000000e+00 1.000000e+00 1.000000e-01
3.103180e+03 0.000000e+00 1.000000e+00 1.000000e-01
3.103190e+03 0.000000e+00 1.000000e+00 1.000000e-01
3.103200e+03 0.000000e+00 1.000000e+00 1.000000e-01
3.103210e+03 0.000000e+00 1.000000e+00 1.000000e-01
3.103220e+03 0.000000e+00 1.000000e+00 1.000000e-01
3.103230e+03 0.000000e+00 1.000000e+00 1.000000e-01
3.103240e+03 0.000000e+00 1.000000e+00 1.000000e-01
3.103250e+03 0.000000e+00 1.000000e+00 1.000000e-01
3.103260e+03 0.000000e+00 1.000000e+00 1.000000e-01
3.103270e+03 0.000000e+00 1.000000e+00 1.000000e-01
3.103280e+03 0.000000e+00 1.000000e+00 1.000000e-01
3.103290e+03 0.000000e+00 1.000000e+00 1.000000e-01
3.103300e+03 0.000000e+00 1.000000e+00 1.000000e-01
3.103310e+03 0.000000e+00 1.000000e+00 1.000000e-01
3.103320e+03 0.000000e+00 1.000000e+00 1.000000e-01
3.103330e+03 0.000000e+00 1.000000e+00 1.000000e-01
3.103340e+03 0.000000e+00 1.000000e+00 1.000000e-01
3.103350e+03 0.000000e+00 1.000000e+00 1.000000e-01
3.103360e+03 0.000000e+00 1.000000e+00 1.000000e-01
3.103370e+03 0.000000e+00 1.000000e+00 1.000000e-01
3.103380e+03 0.000000e+00 1.000000e+00 1.000000e-01
3.103390e+03 0.000000e+00 1.000000e+00 1.000000e-01
3.103400e+03 0.000000e+00 1.000000e+00 1.000000e-01
3.103410e+03 0.000000e+00 1.000000e+00 1.000000e-01
3.103420e+03 0.000000e+00 1.000000e+00 1.000000e-01
3.103430e+03 0.000000e+00 1.000000e+00 1.000000e-01
3.103440e+03 0.000000e+00 1.000000e+00 1.000000e-01
3.103450e+03 0.000000e+00 1.000000e+00 1.000000e-01
3.103460e+03 0.000000e+00 1.000000e+00 1.000000e-01
3.103470e+03 0.000000e+00 1.000000e+00 1.000000e-01
3.103480e+03 0.000000e+00 1.000000e+00 1.000000e-01
3.103490e+03 0.000000e+00 1.000000e+00 1.000000e-01
3.103500e+03 0.000000e+00 1.000000e+00 1.000000e-01
3.103510e+03 0.000000e+00 1.000000e+00 1.000000e-01
3.103520e+03 0.000000e+00 1.000000e+00 1.000000e-01
3.103530e+03 0.000000e+00 1.000000e+00 1.000000e-01
3.103540e+03 0.000000e+00 1.000000e+00 1.000000e-01
3.103550e+03 0.000000e+00 1.000000e+00 1.000000e-01
3.103560e+03 0.000000e+00 1.000000e+00 1.000000e-01
3.103570e+03 0.000000e+00 1.000000e+00 1.000000e-01
3.103580e+03 0.000000e+00 1.000000e+00 1.000000e-01
3.103590e+03 0.000000e+00 1.000000e+00 1.000000e-01
3.103600e+03 0.000000e+00 1.000000e+00 1.000000e-01
3.103610e+03 0.000000e+00 1.000000e+00 1.000000e-01
3.103620e+03 0.000000e+00 1.000000e+00 1.000000e-01
3.103630e+03 0.000000e+00 1.000000e+00 1.000000e-01
3.103640e+03 0.000000e+00 1.000000e+00 1.000000e-01
3.103650e+03 0.000000e+00 1.000000e+00 1.000000e-01
3.103660e+03 0.000000e+00 1.000000e+00 1.000000e-01
3.103670e+03 0.000000e+00 1.000000e+00 1.000000e-01
3.103680e+03 0.000000e+00 1.000000e+00 1.000000e-01
3.103690e+03 0.000000e+00 1.000000e+00 1.000000e-01
3.103700e+03 0.000000e+00 1.000000e+00 1.000000e-01
3.103710e+03 0.000000e+00 1.000000e+00 1.000000e-01
3.103720e+03 0.000000e+00 1.000000e+00 1.000000e-01
3.103730e+03 0.000000e+00 1.000000e+00 1.000000e-01
3.103740e+03 0.000000e+00 1.000000e+00 1.000000e-01
3.103750e+03 0.000000e+00 1.000000e+00 1.000000e-01
3.103760e+03 0.000000e+00 1.000000e+00 1.000000e-01
3.103770e+03 0.000000e+00 1.000000e+00 1.000000e-01
3.103780e+03 0.000000e+00 1.000000e+00 1.000000e-01
3.103790e+03 0.000000e+00 1.000000e+00 1.000000e-01
3.103800e+03 0.000000e+00 1.000000e+00 1.000000e-01
3.103810e+03 0.000000e+00 1.000000e+00 1.000000e-01
3.103820e+03 0.000000e+00 1.000000e+00 1.000000e-01
3.103830e+03 0.000000e+00 1.000000e+00 1.000000e-01
3.103840e+03 0.000000e+00 1.000000e+00 1.000000e-01
3.103850e+03 0.000000e+00 1.000000e+00 1.000000e-01
3.103860e+03 0.000000e+00 1.000000e+00 1.000000e-01
3.103870e+03 0.000000e+00 1.000000e+00 1.000000e-01
3.103880e+03 0.000000e+00 1.000000e+00 1.000000e-01
3.103890e+03 0.000000e+00 1.000000e+00 1.000000e-01
3.103900e+03 0.000000e+00 1.000000e+00 1.000000e-01
3.103910e+03 0.000000e+00 1.000000e+00 1.000000e-01
3.103920e+03 0.000000e+00 1.000000e+00 1.000000e-01
3.103930e+03 0.000000e+00 1.000000e+00 1.000000e-01
3.103940e+03 0.000000e+00 1.000000e+00 1.000000e-01
3.103950e+03 0.000000e+00 1.000000e+00 1.000000e-01
3.103960e+03 0.000000e+00 1.000000e+00 1.000000e-01
3.103970e+03 0.000000e+00 1.000000e+00 1.000000e-01
3.103980e+03 0.000000e+00 1.000000e+00 1.000000e-01
3.103990e+03 0.000000e+00 1.000000e+00 1.000000e-01
3.104000e+03 0.000000e+00 1.000000e+00 1.000000e-01
3.104010e+03 0.000000e+00 1.000000e+00 1.000000e-01
3.104020e+03 0.000000e+00 1.000000e+00 1.000000e-01
3.104030e+03 0.000000e+00 1.000000e+00 1.000000e-01
3.104040e+03 0.000000e+00 1.000000e+00 1.000000e-01
3.104050e+03 0.000000e+00 1.000000e+00 1.000000e-01
3.104060e+03 0.000000e+00 1.000000e+00 1.000000e-01
3.104070e+03 0.000000e+00 1.000000e+00 1.000000e-01
3.104080e+03 0.000000e+00 1.000000e+00 1.000000e-01
3.104090e+03 0.000000e+00 1.000000e+00 1.000000e-01
3.104100e+03 0.000000e+00 1.000000e+00 1.000000e-01
3.104110e+03 0.000000e+00 1.000000e+00 1.000000e-01
3.104120e+03 0.000000e+00 1.000000e+00 1.000000e-01
3.104130e+03 0.000000e+00 1.000000e+00 1.000000e-01
3.104140e+03 0.000000e+00 1.000000e+00 1.000000e-01
3.104150e+03 0.000000e+00 1.000000e+00 1.000000e-01
3.104160e+03 0.000000e+00 1.000000e+00 1.000000e-01
3.104170e+03 0.000000e+00 1.000000e+00 1.000000e-01
3.104180e+03 0.000000e+00 1.000000e+00 1.000000e-01
3.104190e+03 0.000000e+00 1.000000e+00 1.000000e-01
3.104200e+03 0.000000e+00 1.000000e+00 1.000000e-01
3.104210e+03 0.000000e+00 1.000000e+00 1.000000e-01
3.104220e+03 0.000000e+00 1.000000e+00 1.000000e-01
3.104230e+03 0.000000e+00 1.000000e+00 1.000000e-01
3.104240e+03 0.000000e+00 1.000000e+00 1.000000e-01
3.104250e+03 0.000000e+00 1.000000e+00 1.000000e-01
3.104260e+03 0.000000e+00 1.000000e+00 1.000000e-01
3.104270e+03 0.000000e+00 1.000000e+00 1.000000e-01
3.104280e+03 0.000000e+00 1.000000e+00 1.000000e-01
3.104290e+03 0.000000e+00 1.000000e+00 1.000000e-01
3.104300e+03 0.000000e+00 1.000000e+00 1.000000e-01
3.104310e+03 0.000000e+00 1.000000e+00 1.000000e-01
3.104320e+03 0.000000e+00 1.000000e+00 1.000000e-01
3.104330e+03 0.000000e+00 1.000000e+00 1.000000e-01
3.104340e+03 0.000000e+00 1.000000e+00 1.000000e-01
3.104350e+03 0.000000e+00 1.000000e+00 1.000000e-01
3.104360e+03 0.000000e+00 1.000000e+00 1.000000e-01
3.104370e+03 0.000000e+00 1.000000e+00 1.000000e-01
3.104380e+03 0.000000e+00 1.000000e+00 1.000000e-01
3.104390e+03 0.000000e+00 1.000000e+00 1.000000e-01
3.104400e+03 0.000000e+00 1.000000e+00 1.000000e-01
3.104410e+03 0.000000e+00 1.000000e+00 1.000000e-01
3.104420e+03 0.000000e+00 1.000000e+00 1.000000e-01
3.104430e+03 0.000000e+00 1.000000e+00 1.000000e-01
3.104440e+03 0.000000e+00 1.000000e+00 1.000000e-01
3.104450e+03 0.000000e+00 1.000000e+00 1.000000e-01
3.104460e+03 0.000000e+00 1.000000e+00 1.000000e-01
3.104470e+03 0.000000e+00 1.000000e+00 1.000000e-01
3.104480e+03 0.000000e+00 1.000000e+00 1.000000e-01
3.104490e+03 0.000000e+00 1.000000e+00 1.000000e-01
3.104500e+03 0.000000e+00 1.000000e+00 1.000000e-01
3.104510e+03 0.000000e+00 1.000000e+00 1.000000e-01
3.104520e+03 0.000000e+00 1.000000e+00 1.000000e-01
3.104530e+03 0.000000e+00 1.000000e+00 1.000000e-01
3.104540e+03 0.000000e+00 1.000000e+00 1.000000e-01
3.104550e+03 0.000000e+00 1.000000e+00 1.000000e-01
3.104560e+03 0.000000e+00 1.000000e+00 1.000000e-01
3.104570e+03 0.000000e+00 1.000000e+00 1.000000e-01
3.104580e+03 0.000000e+00 1.000000e+00 1.000000e-01
3.104590e+03 0.000000e+00 1.000000e+00 1.000000e-01
3.104600e+03 0.000000e+00 1.000000e+00 1.000000e-01
3.104610e+03 0.000000e+00 1.000000e+00 1.000000e-01
3.104620e+03 0.000000e+00 1.000000e+00 1.000000e-01
3.104630e+03 0.000000e+00 1.000000e+00 1.000000e-01
3.104640e+03 0.000000e+00 1.000000e+00 1.000000e-01
3.104650e+03 0.000000e+00 1.000000e+00 1.000000e-01
3.104660e+03 0.000000e+00 1.000000e+00 1.000000e-01
3.104670e+03 0.000000e+00 1.000000e+00 1.000000e-01
3.104680e+03 0.000000e+00 1.000000e+00 1.000000e-01
3.104690e+03 0.000000e+00 1.000000e+00 1.000000e-01
3.104700e+03 0.000000e+00 1.000000e+00 1.000000e-01
3.104710e+03 0.000000e+00 1.000000e+00 1.000000e-01
3.104720e+03 0.000000e+00 1.000000e+00 1.000000e-01
3.104730e+03 0.000000e+00 1.000000e+00 1.000000e-01
3.104740e+03 0.000000e+00 1.000000e+00 1.000000e-01
3.104750e+03 0.000000e+00 1.000000e+00 1.000000e-01
3.104760e+03 0.000000e+00 1.000000e+00 1.000000e-01
3.104770e+03 0.000000e+00 1.000000e+00 1.000000e-01
3.104780e+03 0.000000e+00 1.000000e+00 1.000000e-01
3.104790e+03 0.000000e+00 1.000000e+00 1.000000e-01
3.104800e+03 0.000000e+00 1.000000e+00 1.000000e-01
3.104810e+03 0.000000e+00 1.000000e+00 1.000000e-01
3.104820e+03 0.000000e+00 1.000000e+00 1.000000e-01
3.104830e+03 0.000000e+00 1.000000e+00 1.000000e-01
3.104840e+03 0.000000e+00 1.000000e+00 1.000000e-01
3.104850e+03 0.000000e+00 1.000000e+00 1.000000e-01
3.104860e+03 0.000000e+00 1.000000e+00 1.000000e-01
3.104870e+03 0.000000e+00 1.000000e+00 1.000000e-01
3.104880e+03 0.000000e+00 1.000000e+00 1.000000e-01
3.104890e+03 0.000000e+00 1.000000e+00 1.000000e-01
3.104900e+03 0.000000e+00 1.000000e+00 1.000000e-01
3.104910e+03 0.000000e+00 1.000000e+00 1.000000e-01
3.104920e+03 0.000000e+00 1.000000e+00 1.000000e-01
3.104930e+03 0.000000e+00 1.000000e+00 1.000000e-01
3.104940e+03 0.000000e+00 1.000000e+00 1.000000e-01
3.104950e+03 0.000000e+00 1.000000e+00 1.000000e-01
3.104960e+03 0.000000e+00 1.000000e+00 1.000000e-01
3.104970e+03 0.000000e+00 1.000000e+00 1.000000e-01
3.104980e+03 0.000000e+00 1.000000e+00 1.000000e-01
3.104990e+03 0.000000e+00 1.000000e+00 1.000000e-01
3.105000e+03 0.000000e+00 1.000000e+00 1.000000e-01
3.105010e+03 0.000000e+00 1.000000e+00 1.000000e-01
3.105020e+03 0.000000e+00 1.000000e+00 1.000000e-01
3.105030e+03 0.000000e+00 1.000000e+00 1.000000e-01
3.105040e+03 0.000000e+00 1.000000e+00 1.000000e-01
3.105050e+03 0.000000e+00 1.000000e+00 1.000000e-01
3.105060e+03 0.000000e+00 1.000000e+00 1.000000e-01
3.105070e+03 0.000000e+00 1.000000e+00 1.000000e-01
3.105080e+03 0.000000e+00 1.000000e+00 1.000000e-01
3.105090e+03 0.000000e+00 1.000000e+00 1.000000e-01
3.105100e+03 0.000000e+00 1.000000e+00 1.000000e-01
3.105110e+03 0.000000e+00 1.000000e+00 1.000000e-01
3.105120e+03 0.000000e+00 1.000000e+00 1.000000e-01
3.105130e+03 0.000000e+00 1.000000e+00 1.000000e-01
3.105140e+03 0.000000e+00 1.000000e+00 1.000000e-01
3.105150e+03 0.000000e+00 1.000000e+00 1.000000e-01
3.105160e+03 0.000000e+00 1.000000e+00 1.000000e-01
3.105170e+03 0.000000e+00 1.000000e+00 1.000000e-01
3.105180e+03 0.000000e+00 1.000000e+00 1.000000e-01
3.105190e+03 0.000000e+00 1.000000e+00 1.000000e-01
3.105200e+03 0.000000e+00 1.000000e+00 1.000000e-01
3.105210e+03 0.000000e+00 1.000000e+00 1.000000e-01
3.105220e+03 0.000000e+00 1.000000e+00 1.000000e-01
3.105230e+03 0.000000e+00 1.000000e+00 1.000000e-01
3.105240e+03 0.000000e+00 1.000000e+00 1.000000e-01
3.105250e+03 0.000000e+00 1.000000e+00 1.000000e-01
3.105260e+03 0.000000e+00 1.000000e+00 1.000000e-01
3.105270e+03 0.000000e+00 1.000000e+00 1.000000e-01
3.105280e+03 0.000000e+00 1.000000e+00 1.000000e-01
3.105290e+03 0.000000e+00 1.000000e+00 1.000000e-01
3.105300e+03 0.000000e+00 1.000000e+00 1.000000e-01
3.105310e+03 0.000000e+00 1.000000e+00 1.000000e-01
3.105320e+03 0.000000e+00 1.000000e+00 1.000000e-01
3.105330e+03 0.000000e+00 1.000000e+00 1.000000e-01
3.105340e+03 0.000000e+00 1.000000e+00 1.000000e-01
3.105350e+03 0.000000e+00 1.000000e+00 1.000000e-01
3.105360e+03 0.000000e+00 1.000000e+00 1.000000e-01
3.105370e+03 0.000000e+00 1.000000e+00 1.000000e-01
3.105380e+03 0.000000e+00 1.000000e+00 1.000000e-01
3.105390e+03 0.000000e+00 1.000000e+00 1.000000e-01
3.105400e+03 0.000000e+00 1.000000e+00 1.000000e-01
3.105410e+03 0.000000e+00 1.000000e+00 1.000000e-01
3.105420e+03 0.000000e+00 1.000000e+00 1.000000e-01
3.105430e+03 0.000000e+00 1.000000e+00 1.000000e-01
3.105440e+03 0.000000e+00 1.000000e+00 1.000000e-01
3.105450e+03 0.000000e+00 1.000000e+00 1.000000e-01
3.105460e+03 0.000000e+00 1.000000e+00 1.000000e-01
3.105470e+03 0.000000e+00 1.000000e+00 1.000000e-01
3.105480e+03 0.000000e+00 1.000000e+00 1.000000e-01
3.105490e+03 0.000000e+00 1.000000e+00 1.000000e-01
3.105500e+03 0.000000e+00 1.000000e+00 1.000000e-01
3.105510e+03 0.000000e+00 1.000000e+00 1.000000e-01
3.105520e+03 0.000000e+00 1.000000e+00 1.000000e-01
3.105530e+03 0.000000e+00 1.000000e+00 1.000000e-01
3.105540e+03 0.000000e+00 1.000000e+00 1.000000e-01
3.105550e+03 0.000000e+00 1.000000e+00 1.000000e-01
3.105560e+03 0.000000e+00 1.000000e+00 1.000000e-01
3.105570e+03 0.000000e+00 1.000000e+00 1.000000e-01
3.105580e+03 0.000000e+00 1.000000e+00 1.000000e-01
3.105590e+03 0.000000e+00 1.000000e+00 1.000000e-01
3.105600e+03 0.000000e+00 1.000000e+00 1.000000e-01
3.105610e+03 0.000000e+00 1.000000e+00 1.000000e-01
3.105620e+03 0.000000e+00 1.000000e+00 1.000000e-01
3.105630e+03 0.000000e+00 1.000000e+00 1.000000e-01
3.105640e+03 0.000000e+00 1.000000e+00 1.000000e-01
3.105650e+03 0.000000e+00 1.000000e+00 1.000000e-01
3.105660e+03 0.000000e+00 1.000000e+00 1.000000e-01
3.105670e+03 0.000000e+00 1.000000e+00 1.000000e-01
3.105680e+03 0.000000e+00 1.000000e+00 1.000000e-01
3.105690e+03 0.000000e+00 1.000000e+00 1.000000e-01
3.105700e+03 0.000000e+00 1.000000e+00 1.000000e-01
3.105710e+03 0.000000e+00 1.000000e+00 1.000000e-01
3.105720e+03 0.000000e+00 1.000000e+00 1.000000e-01
3.105730e+03 0.000000e+00 1.000000e+00 1.000000e-01
3.105740e+03 0.000000e+00 1.000000e+00 1.000000e-01
3.105750e+03 0.000000e+00 1.000000e+00 1.000000e-01
3.105760e+03 0.000000e+00 1.000000e+00 1.000000e-01
3.105770e+03 0.000000e+00 1.000000e+00 1.000000e-01
3.105780e+03 0.000000e+00 1.000000e+00 1.000000e-01
3.105790e+03 0.000000e+00 1.000000e+00 1.000000e-01
3.105800e+03 0.000000e+00 1.000000e+00 1.000000e-01
3.105810e+03 0.000000e+00 1.000000e+00 1.000000e-01
3.105820e+03 0.000000e+00 1.000000e+00 1.000000e-01
3.105830e+03 0.000000e+00 1.000000e+00 1.000000e-01
3.105840e+03 0.000000e+00 1.000000e+00 1.000000e-01
3.105850e+03 0.000000e+00 1.000000e+00 1.000000e-01
3.105860e+03 0.000000e+00 1.000000e+00 1.000000e-01
3.105870e+03 0.000000e+00 1.000000e+00 1.000000e-01
3.105880e+03 0.000000e+00 1.000000e+00 1.000000e-01
3.105890e+03 0.000000e+00 1.000000e+00 1.000000e-01
3.105900e+03 0.000000e+00 1.000000e+00 1.000000e-01
3.105910e+03 0.000000e+00 1.000000e+00 1.000000e-01
3.105920e+03 0.000000e+00 1.000000e+00 1.000000e-01
3.105930e+03 0.000000e+00 1.000000e+00 1.000000e-01
3.105940e+03 0.000000e+00 1.000000e+00 1.000000e-01
3.105950e+03 0.000000e+00 1.000000e+00 1.000000e-01
3.105960e+03 0.000000e+00 1.000000e+00 1.000000e-01
3.105970e+03 0.000000e+00 1.000000e+00 1.000000e-01
3.105980e+03 0.000000e+00 1.000000e+00 1.000000e-01
3.105990e+03 0.000000e+00 1.000000e+00 1.000000e-01
3.106000e+03 0.000000e+00 1.000000e+00 1.000000e-01
3.106010e+03 0.000000e+00 1.000000e+00 1.000000e-01
3.106020e+03 0.000000e+00 1.000000e+00 1.000000e-01
3.106030e+03 0.000000e+00 1.000000e+00 1.000000e-01
3.106040e+03 0.000000e+00 1.000000e+00 1.000000e-01
3.106050e+03 0.000000e+00 1.000000e+00 1.000000e-01
3.106060e+03 0.000000e+00 1.000000e+00 1.000000e-01
3.106070e+03 0.000000e+00 1.000000e+00 1.000000e-01
3.106080e+03 0.000000e+00 1.000000e+00 1.000000e-01
3.106090e+03 0.000000e+00 1.000000e+00 1.000000e-01
3.106100e+03 0.000000e+00 1.000000e+00 1.000000e-01
3.106110e+03 0.000000e+00 1.000000e+00 1.000000e-01
3.106120e+03 0.000000e+00 1.000000e+00 1.000000e-01
3.106130e+03 0.000000e+00 1.000000e+00 1.000000e-01
3.106140e+03 0.000000e+00 1.000000e+00 1.000000e-01
3.106150e+03 0.000000e+00 1.000000e+00 1.000000e-01
3.106160e+03 0.000000e+00 1.000000e+00 1.000000e-01
3.106170e+03 0.000000e+00 1.000000e+00 1.000000e-01
3.106180e+03 0.000000e+00 1.000000e+00 1.000000e-01
3.106190e+03 0.000000e+00 1.000000e+00 1.000000e-01
3.106200e+03 0.000000e+00 1.000000e+00 1.000000e-01
3.106210e+03 0.000000e+00 1.000000e+00 1.000000e-01
3.106220e+03 0.000000e+00 1.000000e+00 1.000000e-01
3.106230e+03 0.000000e+00 1.000000e+00 1.000000e-01
3.106240e+03 0.000000e+00 1.000000e+00 1.000000e-01
3.106250e+03 0.000000e+00 1.000000e+00 1.000000e-01
3.106260e+03 0.000000e+00 1.000000e+00 1.000000e-01
3.106270e+03 0.000000e+00 1.000000e+00 1.000000e-01
3.106280e+03 0.000000e+00 1.000000e+00 1.000000e-01
3.106290e+03 0.000000e+00 1.000000e+00 1.000000e-01
3.106300e+03 0.000000e+00 1.000000e+00 1.000000e-01
3.106310e+03 0.000000e+00 1.000000e+00 1.000000e-01
3.106320e+03 0.000000e+00 1.000000e+00 1.000000e-01
3.106330e+03 0.000000e+00 1.000000e+00 1.000000e-01
3.106340e+03 0.000000e+00 1.000000e+00 1.000000e-01
3.106350e+03 0.000000e+00 1.000000e+00 1.000000e-01
3.106360e+03 0.000000e+00 1.000000e+00 1.000000e-01
3.106370e+03 0.000000e+00 1.000000e+00 1.000000e-01
3.106380e+03 0.000000e+00 1.000000e+00 1.000000e-01
3.106390e+03 0.000000e+00 1.000000e+00 1.000000e-01
3.106400e+03 0.000000e+00 1.000000e+00 1.000000e-01
3.106410e+03 0.000000e+00 1.000000e+00 1.000000e-01
3.106420e+03 0.000000e+00 1.000000e+00 1.000000e-01
3.106430e+03 0.000000e+00 1.000000e+00 1.000000e-01
3.106440e+03 0.000000e+00 1.000000e+00 1.000000e-01
3.106450e+03 0.000000e+00 1.000000e+00 1.000000e-01
3.106460e+03 0.000000e+00 1.000000e+00 1.000000e-01
3.106470e+03 0.000000e+00 1.000000e+00 1.000000e-01
3.106480e+03 0.000000e+00 1.000000e+00 1.000000e-01
3.106490e+03 0.000000e+00 1.000000e+00 1.000000e-01
3.106500e+03 0.000000e+00 1.000000e+00 1.000000e-01
3.106510e+03 0.000000e+00 1.000000e+00 1.000000e-01
3.106520e+03 0.000000e+00 1.000000e+00 1.000000e-01
3.106530e+03 0.000000e+00 1.000000e+00 1.000000e-01
3.106540e+03 0.000000e+00 1.000000e+00 1.000000e-01
3.106550e+03 0.000000e+00 1.000000e+00 1.000000e-01
3.106560e+03 0.000000e+00 1.000000e+00 1.000000e-01
3.106570e+03 0.000000e+00 1.000000e+00 1.000000e-01
3.106580e+03 0.000000e+00 1.000000e+00 1.000000e-01
3.106590e+03 0.000000e+00 1.000000e+00 1.000000e-01
3.106600e+03 0.000000e+00 1.000000e+00 1.000000e-01
3.106610e+03 0.000000e+00 1.000000e+00 1.000000e-01
3.106620e+03 0.000000e+00 1.000000e+00 1.000000e-01
3.106630e+03 0.000000e+00 1.000000e+00 1.000000e-01
3.106640e+03 0.000000e+00 1.000000e+00 1.000000e-01
3.106650e+03 0.000000e+00 1.000000e+00 1.000000e-01
3.106660e+03 0.000000e+00 1.000000e+00 1.000000e-01
3.106670e+03 0.000000e+00 1.000000e+00 1.000000e-01
3.106680e+03 0.000000e+00 1.000000e+00 1.000000e-01
3.106690e+03 0.000000e+00 1.000000e+00 1.000000e-01
3.106700e+03 0.000000e+00 1.000000e+00 1.000000e-01
3.106710e+03 0.000000e+00 1.000000e+00 1.000000e-01
3.106720e+03 0.000000e+00 1.000000e+00 1.000000e-01
3.106730e+03 0.000000e+00 1.000000e+00 1.000000e-01
3.106740e+03 0.000000e+00 1.000000e+00 1.000000e-01
3.106750e+03 0.000000e+00 1.000000e+00 1.000000e-01
3.106760e+03 0.000000e+00 1.000000e+00 1.000000e-01
3.106770e+03 0.000000e+00 1.000000e+00 1.000000e-01
3.106780e+03 0.000000e+00 1.000000e+00 1.000000e-01
3.106790e+03 0.000000e+00 1.000000e+00 1.000000e-01
3.106800e+03 0.000000e+00 1.000000e+00 1.000000e-01
3.106810e+03 0.000000e+00 1.000000e+00 1.000000e-01
3.106820e+03 0.000000e+00 1.000000e+00 1.000000e-01
3.106830e+03 0.000000e+00 1.000000e+00 1.000000e-01
3.106840e+03 0.000000e+00 1.000000e+00 1.000000e-01
3.106850e+03 0.000000e+00 1.000000e+00 1.000000e-01
3.106860e+03 0.000000e+00 1.000000e+00 1.000000e-01
3.106870e+03 0.000000e+00 1.000000e+00 1.000000e-01
3.106880e+03 0.000000e+00 1.000000e+00 1.000000e-01
3.106890e+03 0.000000e+00 1.000000e+00 1.000000e-01
3.106900e+03 0.000000e+00 1.000000e+00 1.000000e-01
3.106910e+03 0.000000e+00 1.000000e+00 1.000000e-01
3.106920e+03 0.000000e+00 1.000000e+00 1.000000e-01
3.106930e+03 0.000000e+00 1.000000e+00 1.000000e-01
3.106940e+03 0.000000e+00 1.000000e+00 1.000000e-01
3.106950e+03 0.000000e+00 1.000000e+00 1.000000e-01
3.106960e+03 0.000000e+00 1.000000e+00 1.000000e-01
3.106970e+03 0.000000e+00 1.000000e+00 1.000000e-01
3.106980e+03 0.000000e+00 1.000000e+00 1.000000e-01
3.106990e+03 0.000000e+00 1.000000e+00 1.000000e-01
3.107000e+03 0.000000e+00 1.000000e+00 1.000000e-01
3.107010e+03 0.000000e+00 1.000000e+00 1.000000e-01
3.107020e+03 0.000000e+00 1.000000e+00 1.000000e-01
3.107030e+03 0.000000e+00 1.000000e+00 1.000000e-01
3.107040e+03 0.000000e+00 1.000000e+00 1.000000e-01
3.107050e+03 0.000000e+00 1.000000e+00 1.000000e-01
3.107060e+03 0.000000e+00 1.000000e+00 1.000000e-01
3.107070e+03 0.000000e+00 1.000000e+00 1.000000e-01
3.107080e+03 0.000000e+00 1.000000e+00 1.000000e-01
3.107090e+03 0.000000e+00 1.000000e+00 1.000000e-01
3.107100e+03 0.000000e+00 1.000000e+00 1.000000e-01
3.107110e+03 0.000000e+00 1.000000e+00 1.000000e-01
3.107120e+03 0.000000e+00 1.000000e+00 1.000000e-01
3.107130e+03 0.000000e+00 1.000000e+00 1.000000e-01
3.107140e+03 0.000000e+00 1.000000e+00 1.000000e-01
3.107150e+03 0.000000e+00 1.000000e+00 1.000000e-01
3.107160e+03 0.000000e+00 1.000000e+00 1.000000e-01
3.107170e+03 0.000000e+00 1.000000e+00 1.000000e-01
3.107180e+03 0.000000e+00 1.000000e+00 1.000000e-01
3.107190e+03 0.000000e+00 1.000000e+00 1.000000e-01
3.107200e+03 0.000000e+00 1.000000e+00 1.000000e-01
3.107210e+03 0.000000e+00 1.000000e+00 1.000000e-01
3.107220e+03 0.000000e+00 1.000000e+00 1.000000e-01
3.107230e+03 0.000000e+00 1.000000e+00 1.000000e-01
3.107240e+03 0.000000e+00 1.000000e+00 1.000000e-01
3.107250e+03 0.000000e+00 1.000000e+00 1.000000e-01
3.107260e+03 0.000000e+00 1.000000e+00 1.000000e-01
3.107270e+03 0.000000e+00 1.000000e+00 1.000000e-01
3.107280e+03 0.000000e+00 1.000000e+00 1.000000e-01
3.107290e+03 0.000000e+00 1.000000e+00 1.000000e-01
3.107300e+03 0.000000e+00 1.000000e+00 1.000000e-01
3.107310e+03 0.000000e+00 1.000000e+00 1.000000e-01
3.107320e+03 0.000000e+00 1.000000e+00 1.000000e-01
3.107330e+03 0.000000e+00 1.000000e+00 1.000000e-01
3.107340e+03 0.000000e+00 1.000000e+00 1.000000e-01
3.107350e+03 0.000000e+00 1.000000e+00 1.000000e-01
3.107360e+03 0.000000e+00 1.000000e+00 1.000000e-01
3.107370e+03 0.000000e+00 1.000000e+00 1.000000e-01
3.107380e+03 0.000000e+00 1.000000e+00 1.000000e-01
3.107390e+03 0.000000e+00 1.000000e+00 1.000000e-01
3.107400e+03 0.000000e+00 1.000000e+00 1.000000e-01
3.107410e+03 0.000000e+00 1.000000e+00 1.000000e-01
3.107420e+03 0.000000e+00 1.000000e+00 1.000000e-01
3.107430e+03 0.000000e+00 1.000000e+00 1.000000e-01
3.107440e+03 0.000000e+00 1.000000e+00 1.000000e-01
3.107450e+03 0.000000e+00 1.000000e+00 1.000000e-01
3.107460e+03 0.000000e+00 1.000000e+00 1.000000e-01
3.107470e+03 0.000000e+00 1.000000e+00 1.000000e-01
3.107480e+03 0.000000e+00 1.000000e+00 1.000000e-01
3.107490e+03 0.000000e+00 1.000000e+00 1.000000e-01
3.107500e+03 0.000000e+00 1.000000e+00 1.000000e-01
3.107510e+03 0.000000e+00 1.000000e+00 1.000000e-01
3.107520e+03 0.000000e+00 1.000000e+00 1.000000e-01
3.107530e+03 0.000000e+00 1.000000e+00 1.000000e-01
3.107540e+03 0.000000e+00 1.000000e+00 1.000000e-01
3.107550e+03 0.000000e+00 1.000000e+00 1.000000e-01
3.107560e+03 0.000000e+00 1.000000e+00 1.000000e-01
3.107570e+03 0.000000e+00 1.000000e+00 1.000000e-01
3.107580e+03 0.000000e+00 1.000000e+00 1.000000e-01
3.107590e+03 0.000000e+00 1.000000e+00 1.000000e-01
3.107600e+03 0.000000e+00 1.000000e+00 1.000000e-01
3.107610e+03 0.000000e+00 1.000000e+00 1.000000e-01
3.107620e+03 0.000000e+00 1.000000e+00 1.000000e-01
3.107630e+03 0.000000e+00 1.000000e+00 1.000000e-01
3.107640e+03 0.000000e+00 1.000000e+00 1.000000e-01
3.107650e+03 0.000000e+00 1.000000e+00 1.000000e-01
3.107660e+03 0.000000e+00 1.000000e+00 1.000000e-01
3.107670e+03 0.000000e+00 1.000000e+00 1.000000e-01
3.107680e+03 0.000000e+00 1.000000e+00 1.000000e-01
3.107690e+03 0.000000e+00 1.000000e+00 1.000000e-01
3.107700e+03 0.000000e+00 1.000000e+00 1.000000e-01
3.107710e+03 0.000000e+00 1.000000e+00 1.000000e-01
3.107720e+03 0.000000e+00 1.000000e+00 1.000000e-01
3.107730e+03 0.000000e+00 1.000000e+00 1.000000e-01
3.107740e+03 0.000000e+00 1.000000e+00 1.000000e-01
3.107750e+03 0.000000e+00 1.000000e+00 1.000000e-01
3.107760e+03 0.000000e+00 1.000000e+00 1.000000e-01
3.107770e+03 0.000000e+00 1.000000e+00 1.000000e-01
3.107780e+03 0.000000e+00 1.000000e+00 1.000000e-01
3.107790e+03 0.000000e+00 1.000000e+00 1.000000e-01
3.107800e+03 0.000000e+00 1.000000e+00 1.000000e-01
3.107810e+03 0.000000e+00 1.000000e+00 1.000000e-01
3.107820e+03 0.000000e+00 1.000000e+00 1.000000e-01
3.107830e+03 0.000000e+00 1.000000e+00 1.000000e-01
3.107840e+03 0.000000e+00 1.000000e+00 1.000000e-01
3.107850e+03 0.000000e+00 1.000000e+00 1.000000e-01
3.107860e+03 0.000000e+00 1.000000e+00 1.000000e-01
3.107870e+03 0.000000e+00 1.000000e+00 1.000000e-01
3.107880e+03 0.000000e+00 1.000000e+00 1.000000e-01
3.107890e+03 0.000000e+00 1.000000e+00 1.000000e-01
3.107900e+03 0.000000e+00 1.000000e+00 1.000000e-01
3.107910e+03 0.000000e+00 1.000000e+00 1.000000e-01
3.107920e+03 0.000000e+00 1.000000e+00 1.000000e-01
3.107930e+03 0.000000e+00 1.000000e+00 1.000000e-01
3.107940e+03 0.000000e+00 1.000000e+00 1.000000e-01
3.107950e+03 0.000000e+00 1.000000e+00 1.000000e-01
3.107960e+03 0.000000e+00 1.000000e+00 1.000000e-01
3.107970e+03 0.000000e+00 1.000000e+00 1.000000e-01
3.107980e+03 0.000000e+00 1.000000e+00 1.000000e-01
3.107990e+03 0.000000e+00 1.000000e+00 1.000000e-01
3.108000e+03 0.000000e+00 1.000000e+00 1.000000e-01
3.108010e+03 0.000000e+00 1.000000e+00 1.000000e-01
3.108020e+03 0.000000e+00 1.000000e+00 1.000000e-01
3.108030e+03 0.000000e+00 1.000000e+00 1.000000e-01
3.108040e+03 0.000000e+00 1.000000e+00 1.000000e-01
3.108050e+03 0.000000e+00 1.000000e+00 1.000000e-01
3.108060e+03 0.000000e+00 1.000000e+00 1.000000e-01
3.108070e+03 0.000000e+00 1.000000e+00 1.000000e-01
3.108080e+03 0.000000e+00 1.000000e+00 1.000000e-01
3.108090e+03 0.000000e+00 1.000000e+00 1.000000e-01
3.108100e+03 0.000000e+00 1.000000e+00 1.000000e-01
3.108110e+03 0.000000e+00 1.000000e+00 1.000000e-01
3.108120e+03 0.000000e+00 1.000000e+00 1.000000e-01
3.108130e+03 0.000000e+00 1.000000e+00 1.000000e-01
3.108140e+03 0.000000e+00 1.000000e+00 1.000000e-01
3.108150e+03 0.000000e+00 1.000000e+00 1.000000e-01
3.108160e+03 0.000000e+00 1.000000e+00 1.000000e-01
3.108170e+03 0.000000e+00 1.000000e+00 1.000000e-01
3.108180e+03 0.000000e+00 1.000000e+00 1.000000e-01
3.108190e+03 0.000000e+00 1.000000e+00 1.000000e-01
3.108200e+03 0.000000e+00 1.000000e+00 1.000000e-01
3.108210e+03 0.000000e+00 1.000000e+00 1.000000e-01
3.108220e+03 0.000000e+00 1.000000e+00 1.000000e-01
3.108230e+03 0.000000e+00 1.000000e+00 1.000000e-01
3.108240e+03 0.000000e+00 1.000000e+00 1.000000e-01
3.108250e+03 0.000000e+00 1.000000e+00 1.000000e-01
3.108260e+03 0.000000e+00 1.000000e+00 1.000000e-01
3.108270e+03 0.000000e+00 1.000000e+00 1.000000e-01
3.108280e+03 0.000000e+00 1.000000e+00 1.000000e-01
3.108290e+03 0.000000e+00 1.000000e+00 1.000000e-01
3.108300e+03 0.000000e+00 1.000000e+00 1.000000e-01
3.108310e+03 0.000000e+00 1.000000e+00 1.000000e-01
3.108320e+03 0.000000e+00 1.000000e+00 1.000000e-01
3.108330e+03 0.000000e+00 1.000000e+00 1.000000e-01
3.108340e+03 0.000000e+00 1.000000e+00 1.000000e-01
3.108350e+03 0.000000e+00 1.000000e+00 1.000000e-01
3.108360e+03 0.000000e+00 1.000000e+00 1.000000e-01
3.108370e+03 0.000000e+00 1.000000e+00 1.000000e-01
3.108380e+03 0.000000e+00 1.000000e+00 1.000000e-01
3.108390e+03 0.000000e+00 1.000000e+00 1.000000e-01
3.108400e+03 0.000000e+00 1.000000e+00 1.000000e-01
3.108410e+03 0.000000e+00 1.000000e+00 1.000000e-01
3.108420e+03 0.000000e+00 1.000000e+00 1.000000e-01
3.108430e+03 0.000000e+00 1.000000e+00 1.000000e-01
3.108440e+03 0.000000e+00 1.000000e+00 1.000000e-01
3.108450e+03 0.000000e+00 1.000000e+00 1.000000e-01
3.108460e+03 0.000000e+00 1.000000e+00 1.000000e-01
3.108470e+03 0.000000e+00 1.000000e+00 1.000000e-01
3.108480e+03 0.000000e+00 1.000000e+00 1.000000e-01
3.108490e+03 0.000000e+00 1.000000e+00 1.000000e-01
3.108500e+03 0.000000e+00 1.000000e+00 1.000000e-01
3.108510e+03 0.000000e+00 1.000000e+00 1.000000e-01
3.108520e+03 0.000000e+00 1.000000e+00 1.000000e-01
3.108530e+03 0.000000e+00 1.000000e+00 1.000000e-01
3.108540e+03 0.000000e+00 1.000000e+00 1.000000e-01
3.108550e+03 0.000000e+00 1.000000e+00 1.000000e-01
3.108560e+03 0.000000e+00 1.000000e+00 1.000000e-01
3.108570e+03 0.000000e+00 1.000000e+00 1.000000e-01
3.108580e+03 0.000000e+00 1.000000e+00 1.000000e-01
3.108590e+03 0.000000e+00 1.000000e+00 1.000000e-01
3.108600e+03 0.000000e+00 1.000000e+00 1.000000e-01
3.108610e+03 0.000000e+00 1.000000e+00 1.000000e-01
3.108620e+03 0.000000e+00 1.000000e+00 1.000000e-01
3.108630e+03 0.000000e+00 1.000000e+00 1.000000e-01
3.108640e+03 0.000000e+00 1.000000e+00 1.000000e-01
3.108650e+03 0.000000e+00 1.000000e+00 1.000000e-01
3.108660e+03 0.000000e+00 1.000000e+00 1.000000e-01
3.108670e+03 0.000000e+00 1.000000e+00 1.000000e-01
3.108680e+03 0.000000e+00 1.000000e+00 1.000000e-01
3.108690e+03 0.000000e+00 1.000000e+00 1.000000e-01
3.108700e+03 0.000000e+00 1.000000e+00 1.000000e-01
3.108710e+03 0.000000e+00 1.000000e+00 1.000000e-01
3.108720e+03 0.000000e+00 1.000000e+00 1.000000e-01
3.108730e+03 0.000000e+00 1.000000e+00 1.000000e-01
3.108740e+03 0.000000e+00 1.000000e+00 1.000000e-01
3.108750e+03 0.000000e+00 1.000000e+00 1.000000e-01
3.108760e+03 0.000000e+00 1.000000e+00 1.000000e-01
3.108770e+03 0.000000e+00 1.000000e+00 1.000000e-01
3.108780e+03 0.000000e+00 1.000000e+00 1.000000e-01
3.108790e+03 0.000000e+00 1.000000e+00 1.000000e-01
3.108800e+03 0.000000e+00 1.000000e+00 1.000000e-01
3.108810e+03 0.000000e+00 1.000000e+00 1.000000e-01
3.108820e+03 0.000000e+00 1.000000e+00 1.000000e-01
3.108830e+03 0.000000e+00 1.000000e+00 1.000000e-01
3.108840e+03 0.000000e+00 1.000000e+00 1.000000e-01
3.108850e+03 0.000000e+00 1.000000e+00 1.000000e-01
3.108860e+03 0.000000e+00 1.000000e+00 1.000000e-01
3.108870e+03 0.000000e+00 1.000000e+00 1.000000e-01
3.108880e+03 0.000000e+00 1.000000e+00 1.000000e-01
3.108890e+03 0.000000e+00 1.000000e+00 1.000000e-01
3.108900e+03 0.000000e+00 1.000000e+00 1.000000e-01
3.108910e+03 0.000000e+00 1.000000e+00 1.000000e-01
3.108920e+03 0.000000e+00 1.000000e+00 1.000000e-01
3.108930e+03 0.000000e+00 1.000000e+00 1.000000e-01
3.108940e+03 0.000000e+00 1.000000e+00 1.000000e-01
3.108950e+03 0.000000e+00 1.000000e+00 1.000000e-01
3.108960e+03 0.000000e+00 1.000000e+00 1.000000e-01
3.108970e+03 0.000000e+00 1.000000e+00 1.000000e-01
3.108980e+03 0.000000e+00 1.000000e+00 1.000000e-01
3.108990e+03 0.000000e+00 1.000000e+00 1.000000e-01
3.109000e+03 0.000000e+00 1.000000e+00 1.000000e-01
3.109010e+03 0.000000e+00 1.000000e+00 1.000000e-01
3.109020e+03 0.000000e+00 1.000000e+00 1.000000e-01
3.109030e+03 0.000000e+00 1.000000e+00 1.000000e-01
3.109040e+03 0.000000e+00 1.000000e+00 1.000000e-01
3.109050e+03 0.000000e+00 1.000000e+00 1.000000e-01
3.109060e+03 0.000000e+00 1.000000e+00 1.000000e-01
3.109070e+03 0.000000e+00 1.000000e+00 1.000000e-01
3.109080e+03 0.000000e+00 1.000000e+00 1.000000e-01
3.109090e+03 0.000000e+00 1.000000e+00 1.000000e-01
3.109100e+03 0.000000e+00 1.000000e+00 1.000000e-01
3.109110e+03 0.000000e+00 1.000000e+00 1.000000e-01
3.109120e+03 0.000000e+00 1.000000e+00 1.000000e-01
3.109130e+03 0.000000e+00 1.000000e+00 1.000000e-01
3.109140e+03 0.000000e+00 1.000000e+00 1.000000e-01
3.109150e+03 0.000000e+00 1.000000e+00 1.000000e-01
3.109160e+03 0.000000e+00 1.000000e+00 1.000000e-01
3.109170e+03 0.000000e+00 1.000000e+00 1.000000e-01
3.109180e+03 0.000000e+00 1.000000e+00 1.000000e-01
3.109190e+03 0.000000e+00 1.000000e+00 1.000000e-01
3.109200e+03 0.000000e+00 1.000000e+00 1.000000e-01
3.109210e+03 0.000000e+00 1.000000e+00 1.000000e-01
3.109220e+03 0.000000e+00 1.000000e+00 1.000000e-01
3.109230e+03 0.000000e+00 1.000000e+00 1.000000e-01
3.109240e+03 0.000000e+00 1.000000e+00 1.000000e-01
3.109250e+03 0.000000e+00 1.000000e+00 1.000000e-01
3.109260e+03 0.000000e+00 1.000000e+00 1.000000e-01
3.109270e+03 0.000000e+00 1.000000e+00 1.000000e-01
3.109280e+03 0.000000e+00 1.000000e+00 1.000000e-01
3.109290e+03 0.000000e+00 1.000000e+00 1.000000e-01
3.109300e+03 0.000000e+00 1.000000e+00 1.000000e-01
3.109310e+03 0.000000e+00 1.000000e+00 1.000000e-01
3.109320e+03 0.000000e+00 1.000000e+00 1.000000e-01
3.109330e+03 0.000000e+00 1.000000e+00 1.000000e-01
3.109340e+03 0.000000e+00 1.000000e+00 1.000000e-01
3.109350e+03 0.000000e+00 1.000000e+00 1.000000e-01
3.109360e+03 0.000000e+00 1.000000e+00 1.000000e-01
3.109370e+03 0.000000e+00 1.000000e+00 1.000000e-01
3.109380e+03 0.000000e+00 1.000000e+00 1.000000e-01
3.109390e+03 0.000000e+00 1.000000e+00 1.000000e-01
3.109400e+03 0.000000e+00 1.000000e+00 1.000000e-01
3.109410e+03 0.000000e+00 1.000000e+00 1.000000e-01
3.109420e+03 0.000000e+00 1.000000e+00 1.000000e-01
3.109430e+03 0.000000e+00 1.000000e+00 1.000000e-01
3.109440e+03 0.000000e+00 1.000000e+00 1.000000e-01
3.109450e+03 0.000000e+00 1.000000e+00 1.000000e-01
3.109460e+03 0.000000e+00 1.000000e+00 1.000000e-01
3.109470e+03 0.000000e+00 1.000000e+00 1.000000e-01
3.109480e+03 0.000000e+00 1.000000e+00 1.000000e-01
3.109490e+03 0.000000e+00 1.000000e+00 1.000000e-01
3.109500e+03 0.000000e+00 1.000000e+00 1.000000e-01
3.109510e+03 0.000000e+00 1.000000e+00 1.000000e-01
3.109520e+03 0.000000e+00 1.000000e+00 1.000000e-01
3.109530e+03 0.000000e+00 1.000000e+00 1.000000e-01
3.109540e+03 0.000000e+00 1.000000e+00 1.000000e-01
3.109550e+03 0.000000e+00 1.000000e+00 1.000000e-01
3.109560e+03 0.000000e+00 1.000000e+00 1.000000e-01
3.109570e+03 0.000000e+00 1.000000e+00 1.000000e-01
3.109580e+03 0.000000e+00 1.000000e+00 1.000000e-01
3.109590e+03 0.000000e+00 1.000000e+00 1.000000e-01
3.109600e+03 0.000000e+00 1.000000e+00 1.000000e-01
3.109610e+03 0.000000e+00 1.000000e+00 1.000000e-01
3.109620e+03 0.000000e+00 1.000000e+00 1.000000e-01
3.109630e+03 0.000000e+00 1.000000e+00 1.000000e-01
3.109640e+03 0.000000e+00 1.000000e+00 1.000000e-01
3.109650e+03 0.000000e+00 1.000000e+00 1.000000e-01
3.109660e+03 0.000000e+00 1.000000e+00 1.000000e-01
3.109670e+03 0.000000e+00 1.000000e+00 1.000000e-01
3.109680e+03 0.000000e+00 1.000000e+00 1.000000e-01
3.109690e+03 0.000000e+00 1.000000e+00 1.000000e-01
3.109700e+03 0.000000e+00 1.000000e+00 1.000000e-01
3.109710e+03 0.000000e+00 1.000000e+00 1.000000e-01
3.109720e+03 0.000000e+00 1.000000e+00 1.000000e-01
3.109730e+03 0.000000e+00 1.000000e+00 1.000000e-01
3.109740e+03 0.000000e+00 1.000000e+00 1.000000e-01
3.109750e+03 0.000000e+00 1.000000e+00 1.000000e-01
3.109760e+03 0.000000e+00 1.000000e+00 1.000000e-01
3.109770e+03 0.000000e+00 1.000000e+00 1.000000e-01
3.109780e+03 0.000000e+00 1.000000e+00 1.000000e-01
3.109790e+03 0.000000e+00 1.000000e+00 1.000000e-01
3.109800e+03 0.000000e+00 1.000000e+00 1.000000e-01
3.109810e+03 0.000000e+00 1.000000e+00 1.000000e-01
3.109820e+03 0.000000e+00 1.000000e+00 1.000000e-01
3.109830e+03 0.000000e+00 1.000000e+00 1.000000e-01
3.109840e+03 0.000000e+00 1.000000e+00 1.000000e-01
3.109850e+03 0.000000e+00 1.000000e+00 1.000000e-01
3.109860e+03 0.000000e+00 1.000000e+00 1.000000e-01
3.109870e+03 0.000000e+00 1.000000e+00 1.000000e-01
3.109880e+03 0.000000e+00 1.000000e+00 1.000000e-01
3.109890e+03 0.000000e+00 1.000000e+00 1.000000e-01
3.109900e+03 0.000000e+00 1.000000e+00 1.000000e-01
3.109910e+03 0.000000e+00 1.000000e+00 1.000000e-01
3.109920e+03 0.000000e+00 1.000000e+00 1.000000e-01
3.109930e+03 0.000000e+00 1.000000e+00 1.000000e-01
3.109940e+03 0.000000e+00 1.000000e+00 1.000000e-01
3.109950e+03 0.000000e+00 1.000000e+00 1.000000e-01
3.109960e+03 0.000000e+00 1.000000e+00 1.000000e-01
3.109970e+03 0.000000e+00 1.000000e+00 1.000000e-01
3.109980e+03 0.000000e+00 1.000000e+00 1.000000e-01
3.109990e+03 0.000000e+00 1.000000e+00 1.000000e-01
3.110000e+03 0.000000e+00 1.000000e+00 1.000000e-01
3.110010e+03 0.000000e+00 1.000000e+00 1.000000e-01
3.110020e+03 0.000000e+00 1.000000e+00 1.000000e-01
3.110030e+03 0.000000e+00 1.000000e+00 1.000000e-01
3.110040e+03 0.000000e+00 1.000000e+00 1.000000e-01
3.110050e+03 0.000000e+00 1.000000e+00 1.000000e-01
3.110060e+03 0.000000e+00 1.000000e+00 1.000000e-01
3.110070e+03 0.000000e+00 1.000000e+00 1.000000e-01
3.110080e+03 0.000000e+00 1.000000e+00 1.000000e-01
3.110090e+03 0.000000e+00 1.000000e+00 1.000000e-01
3.110100e+03 0.000000e+00 1.000000e+00 1.000000e-01
3.110110e+03 0.000000e+00 1.000000e+00 1.000000e-01
3.110120e+03 0.000000e+00 1.000000e+00 1.000000e-01
3.110130e+03 0.000000e+00 1.000000e+00 1.000000e-01
3.110140e+03 0.000000e+00 1.000000e+00 1.000000e-01
3.110150e+03 0.000000e+00 1.000000e+00 1.000000e-01
3.110160e+03 0.000000e+00 1.000000e+00 1.000000e-01
3.110170e+03 0.000000e+00 1.000000e+00 1.000000e-01
3.110180e+03 0.000000e+00 1.000000e+00 1.000000e-01
3.110190e+03 0.000000e+00 1.000000e+00 1.000000e-01
3.110200e+03 0.000000e+00 1.000000e+00 1.000000e-01
3.110210e+03 0.000000e+00 1.000000e+00 1.000000e-01
3.110220e+03 0.000000e+00 1.000000e+00 1.000000e-01
3.110230e+03 0.000000e+00 1.000000e+00 1.000000e-01
3.110240e+03 0.000000e+00 1.000000e+00 1.000000e-01
3.110250e+03 0.000000e+00 1.000000e+00 1.000000e-01
3.110260e+03 0.000000e+00 1.000000e+00 1.000000e-01
3.110270e+03 0.000000e+00 1.000000e+00 1.000000e-01
3.110280e+03 0.000000e+00 1.000000e+00 1.000000e-01
3.110290e+03 0.000000e+00 1.000000e+00 1.000000e-01
3.110300e+03 0.000000e+00 1.000000e+00 1.000000e-01
3.110310e+03 0.000000e+00 1.000000e+00 1.000000e-01
3.110320e+03 0.000000e+00 1.000000e+00 1.000000e-01
3.110330e+03 0.000000e+00 1.000000e+00 1.000000e-01
3.110340e+03 0.000000e+00 1.000000e+00 1.000000e-01
3.110350e+03 0.000000e+00 1.000000e+00 1.000000e-01
3.110360e+03 0.000000e+00 1.000000e+00 1.000000e-01
3.110370e+03 0.000000e+00 1.000000e+00 1.000000e-01
3.110380e+03 0.000000e+00 1.000000e+00 1.000000e-01
3.110390e+03 0.000000e+00 1.000000e+00 1.000000e-01
3.110400e+03 0.000000e+00 1.000000e+00 1.000000e-01
3.110410e+03 0.000000e+00 1.000000e+00 1.000000e-01
3.110420e+03 0.000000e+00 1.000000e+00 1.000000e-01
3.110430e+03 0.000000e+00 1.000000e+00 1.000000e-01
3.110440e+03 0.000000e+00 1.000000e+00 1.000000e-01
3.110450e+03 0.000000e+00 1.000000e+00 1.000000e-01
3.110460e+03 0.000000e+00 1.000000e+00 1.000000e-01
3.110470e+03 0.000000e+00 1.000000e+00 1.000000e-01
3.110480e+03 0.000000e+00 1.000000e+00 1.000000e-01
3.110490e+03 0.000000e+00 1.000000e+00 1.000000e-01
3.110500e+03 0.000000e+00 1.000000e+00 1.000000e-01
3.110510e+03 0.000000e+00 1.000000e+00 1.000000e-01
3.110520e+03 0.000000e+00 1.000000e+00 1.000000e-01
3.110530e+03 0.000000e+00 1.000000e+00 1.000000e-01
3.110540e+03 0.000000e+00 1.000000e+00 1.000000e-01
3.110550e+03 0.000000e+00 1.000000e+00 1.000000e-01
3.110560e+03 0.000000e+00 1.000000e+00 1.000000e-01
3.110570e+03 0.000000e+00 1.000000e+00 1.000000e-01
3.110580e+03 0.000000e+00 1.000000e+00 1.000000e-01
3.110590e+03 0.000000e+00 1.000000e+00 1.000000e-01
3.110600e+03 0.000000e+00 1.000000e+00 1.000000e-01
3.110610e+03 0.000000e+00 1.000000e+00 1.000000e-01
3.110620e+03 0.000000e+00 1.000000e+00 1.000000e-01
3.110630e+03 0.000000e+00 1.000000e+00 1.000000e-01
3.110640e+03 0.000000e+00 1.000000e+00 1.000000e-01
3.110650e+03 0.000000e+00 1.000000e+00 1.000000e-01
3.110660e+03 0.000000e+00 1.000000e+00 1.000000e-01
3.110670e+03 0.000000e+00 1.000000e+00 1.000000e-01
3.110680e+03 0.000000e+00 1.000000e+00 1.000000e-01
3.110690e+03 0.000000e+00 1.000000e+00 1.000000e-01
3.110700e+03 0.000000e+00 1.000000e+00 1.000000e-01
3.110710e+03 0.000000e+00 1.000000e+00 1.000000e-01
3.110720e+03 0.000000e+00 1.000000e+00 1.000000e-01
3.110730e+03 0.000000e+00 1.000000e+00 1.000000e-01
3.110740e+03 0.000000e+00 1.000000e+00 1.000000e-01
3.110750e+03 0.000000e+00 1.000000e+00 1.000000e-01
3.110760e+03 0.000000e+00 1.000000e+00 1.000000e-01
3.110770e+03 0.000000e+00 1.000000e+00 1.000000e-01
3.110780e+03 0.000000e+00 1.000000e+00 1.000000e-01
3.110790e+03 0.000000e+00 1.000000e+00 1.000000e-01
3.110800e+03 0.000000e+00 1.000000e+00 1.000000e-01
3.110810e+03 0.000000e+00 1.000000e+00 1.000000e-01
3.110820e+03 0.000000e+00 1.000000e+00 1.000000e-01
3.110830e+03 0.000000e+00 1.000000e+00 1.000000e-01
3.110840e+03 0.000000e+00 1.000000e+00 1.000000e-01
3.110850e+03 0.000000e+00 1.000000e+00 1.000000e-01
3.110860e+03 0.000000e+00 1.000000e+00 1.000000e-01
3.110870e+03 0.000000e+00 1.000000e+00 1.000000e-01
3.110880e+03 0.000000e+00 1.000000e+00 1.000000e-01
3.110890e+03 0.000000e+00 1.000000e+00 1.000000e-01
3.110900e+03 0.000000e+00 1.000000e+00 1.000000e-01
3.110910e+03 0.000000e+00 1.000000e+00 1.000000e-01
3.110920e+03 0.000000e+00 1.000000e+00 1.000000e-01
3.110930e+03 0.000000e+00 1.000000e+00 1.000000e-01
3.110940e+03 0.000000e+00 1.000000e+00 1.000000e-01
3.110950e+03 0.000000e+00 1.000000e+00 1.000000e-01
3.110960e+03 0.000000e+00 1.000000e+00 1.000000e-01
3.110970e+03 0.000000e+00 1.000000e+00 1.000000e-01
3.110980e+03 0.000000e+00 1.000000e+00 1.000000e-01
3.110990e+03 0.000000e+00 1.000000e+00 1.000000e-01
3.111000e+03 0.000000e+00 1.000000e+00 1.000000e-01
3.111010e+03 0.000000e+00 1.000000e+00 1.000000e-01
3.111020e+03 0.000000e+00 1.000000e+00 1.000000e-01
3.111030e+03 0.000000e+00 1.000000e+00 1.000000e-01
3.111040e+03 0.000000e+00 1.000000e+00 1.000000e-01
3.111050e+03 0.000000e+00 1.000000e+00 1.000000e-01
3.111060e+03 0.000000e+00 1.000000e+00 1.000000e-01
3.111070e+03 0.000000e+00 1.000000e+00 1.000000e-01
3.111080e+03 0.000000e+00 1.000000e+00 1.000000e-01
3.111090e+03 0.000000e+00 1.000000e+00 1.000000e-01
3.111100e+03 0.000000e+00 1.000000e+00 1.000000e-01
3.111110e+03 0.000000e+00 1.000000e+00 1.000000e-01
3.111120e+03 0.000000e+00 1.000000e+00 1.000000e-01
3.111130e+03 0.000000e+00 1.000000e+00 1.000000e-01
3.111140e+03 0.000000e+00 1.000000e+00 1.000000e-01
3.111150e+03 0.000000e+00 1.000000e+00 1.000000e-01
3.111160e+03 0.000000e+00 1.000000e+00 1.000000e-01
3.111170e+03 0.000000e+00 1.000000e+00 1.000000e-01
3.111180e+03 0.000000e+00 1.000000e+00 1.000000e-01
3.111190e+03 0.000000e+00 1.000000e+00 1.000000e-01
3.111200e+03 0.000000e+00 1.000000e+00 1.000000e-01
3.111210e+03 0.000000e+00 1.000000e+00 1.000000e-01
3.111220e+03 0.000000e+00 1.000000e+00 1.000000e-01
3.111230e+03 0.000000e+00 1.000000e+00 1.000000e-01
3.111240e+03 0.000000e+00 1.000000e+00 1.000000e-01
3.111250e+03 0.000000e+00 1.000000e+00 1.000000e-01
3.111260e+03 0.000000e+00 1.000000e+00 1.000000e-01
3.111270e+03 0.000000e+00 1.000000e+00 1.000000e-01
3.111280e+03 0.000000e+00 1.000000e+00 1.000000e-01
3.111290e+03 0.000000e+00 1.000000e+00 1.000000e-01
3.111300e+03 0.000000e+00 1.000000e+00 1.000000e-01
3.111310e+03 0.000000e+00 1.000000e+00 1.000000e-01
3.111320e+03 0.000000e+00 1.000000e+00 1.000000e-01
3.111330e+03 0.000000e+00 1.000000e+00 1.000000e-01
3.111340e+03 0.000000e+00 1.000000e+00 1.000000e-01
3.111350e+03 0.000000e+00 1.000000e+00 1.000000e-01
3.111360e+03 0.000000e+00 1.000000e+00 1.000000e-01
3.111370e+03 0.000000e+00 1.000000e+00 1.000000e-01
3.111380e+03 0.000000e+00 1.000000e+00 1.000000e-01
3.111390e+03 0.000000e+00 1.000000e+00 1.000000e-01
3.111400e+03 0.000000e+00 1.000000e+00 1.000000e-01
3.111410e+03 0.000000e+00 1.000000e+00 1.000000e-01
3.111420e+03 0.000000e+00 1.000000e+00 1.000000e-01
3.111430e+03 0.000000e+00 1.000000e+00 1.000000e-01
3.111440e+03 0.000000e+00 1.000000e+00 1.000000e-01
3.111450e+03 0.000000e+00 1.000000e+00 1.000000e-01
3.111460e+03 0.000000e+00 1.000000e+00 1.000000e-01
3.111470e+03 0.000000e+00 1.000000e+00 1.000000e-01
3.111480e+03 0.000000e+00 1.000000e+00 1.000000e-01
3.111490e+03 0.000000e+00 1.000000e+00 1.000000e-01
3.111500e+03 0.000000e+00 1.000000e+00 1.000000e-01
3.111510e+03 0.000000e+00 1.000000e+00 1.000000e-01
3.111520e+03 0.000000e+00 1.000000e+00 1.000000e-01
3.111530e+03 0.000000e+00 1.000000e+00 1.000000e-01
3.111540e+03 0.000000e+00 1.000000e+00 1.000000e-01
3.111550e+03 0.000000e+00 1.000000e+00 1.000000e-01
3.111560e+03 0.000000e+00 1.000000e+00 1.000000e-01
3.111570e+03 0.000000e+00 1.000000e+00 1.000000e-01
3.111580e+03 0.000000e+00 1.000000e+00 1.000000e-01
3.111590e+03 0.000000e+00 1.000000e+00 1.000000e-01
3.111600e+03 0.000000e+00 1.000000e+00 1.000000e-01
3.111610e+03 0.000000e+00 1.000000e+00 1.000000e-01
3.111620e+03 0.000000e+00 1.000000e+00 1.000000e-01
3.111630e+03 0.000000e+00 1.000000e+00 1.000000e-01
3.111640e+03 0.000000e+00 1.000000e+00 1.000000e-01
3.111650e+03 0.000000e+00 1.000000e+00 1.000000e-01
3.111660e+03 0.000000e+00 1.000000e+00 1.000000e-01
3.111670e+03 0.000000e+00 1.000000e+00 1.000000e-01
3.111680e+03 0.000000e+00 1.000000e+00 1.000000e-01
3.111690e+03 0.000000e+00 1.000000e+00 1.000000e-01
3.111700e+03 0.000000e+00 1.000000e+00 1.000000e-01
3.111710e+03 0.000000e+00 1.000000e+00 1.000000e-01
3.111720e+03 0.000000e+00 1.000000e+00 1.000000e-01
3.111730e+03 0.000000e+00 1.000000e+00 1.000000e-01
3.111740e+03 0.000000e+00 1.000000e+00 1.000000e-01
3.111750e+03 0.000000e+00 1.000000e+00 1.000000e-01
3.111760e+03 0.000000e+00 1.000000e+00 1.000000e-01
3.111770e+03 0.000000e+00 1.000000e+00 1.000000e-01
3.111780e+03 0.000000e+00 1.000000e+00 1.000000e-01
3.111790e+03 0.000000e+00 1.000000e+00 1.000000e-01
3.111800e+03 0.000000e+00 1.000000e+00 1.000000e-01
3.111810e+03 0.000000e+00 1.000000e+00 1.000000e-01
3.111820e+03 0.000000e+00 1.000000e+00 1.000000e-01
3.111830e+03 0.000000e+00 1.000000e+00 1.000000e-01
3.111840e+03 0.000000e+00 1.000000e+00 1.000000e-01
3.111850e+03 0.000000e+00 1.000000e+00 1.000000e-01
3.111860e+03 0.000000e+00 1.000000e+00 1.000000e-01
3.111870e+03 0.000000e+00 1.000000e+00 1.000000e-01
3.111880e+03 0.000000e+00 1.000000e+00 1.000000e-01
3.111890e+03 0.000000e+00 1.000000e+00 1.000000e-01
3.111900e+03 0.000000e+00 1.000000e+00 1.000000e-01
3.111910e+03 0.000000e+00 1.000000e+00 1.000000e-01
3.111920e+03 0.000000e+00 1.000000e+00 1.000000e-01
3.111930e+03 0.000000e+00 1.000000e+00 1.000000e-01
3.111940e+03 0.000000e+00 1.000000e+00 1.000000e-01
3.111950e+03 0.000000e+00 1.000000e+00 1.000000e-01
3.111960e+03 0.000000e+00 1.000000e+00 1.000000e-01
3.111970e+03 0.000000e+00 1.000000e+00 1.000000e-01
3.111980e+03 0.000000e+00 1.000000e+00 1.000000e-01
3.111990e+03 0.000000e+00 1.000000e+00 1.000000e-01
3.112000e+03 0.000000e+00 1.000000e+00 1.000000e-01
3.112010e+03 0.000000e+00 1.000000e+00 1.000000e-01
3.112020e+03 0.000000e+00 1.000000e+00 1.000000e-01
3.112030e+03 0.000000e+00 1.000000e+00 1.000000e-01
3.112040e+03 0.000000e+00 1.000000e+00 1.000000e-01
3.112050e+03 0.000000e+00 1.000000e+00 1.000000e-01
3.112060e+03 0.000000e+00 1.000000e+00 1.000000e-01
3.112070e+03 0.000000e+00 1.000000e+00 1.000000e-01
3.112080e+03 0.000000e+00 1.000000e+00 1.000000e-01
3.112090e+03 0.000000e+00 1.000000e+00 1.000000e-01
3.112100e+03 0.000000e+00 1.000000e+00 1.000000e-01
3.112110e+03 0.000000e+00 1.000000e+00 1.000000e-01
3.112120e+03 0.000000e+00 1.000000e+00 1.000000e-01
3.112130e+03 0.000000e+00 1.000000e+00 1.000000e-01
3.112140e+03 0.000000e+00 1.000000e+00 1.000000e-01
3.112150e+03 0.000000e+00 1.000000e+00 1.000000e-01
3.112160e+03 0.000000e+00 1.000000e+00 1.000000e-01
3.112170e+03 0.000000e+00 1.000000e+00 1.000000e-01
3.112180e+03 0.000000e+00 1.000000e+00 1.000000e-01
3.112190e+03 0.000000e+00 1.000000e+00 1.000000e-01
3.112200e+03 0.000000e+00 1.000000e+00 1.000000e-01
3.112210e+03 0.000000e+00 1.000000e+00 1.000000e-01
3.112220e+03 0.000000e+00 1.000000e+00 1.000000e-01
3.112230e+03 0.000000e+00 1.000000e+00 1.000000e-01
3.112240e+03 0.000000e+00 1.000000e+00 1.000000e-01
3.112250e+03 0.000000e+00 1.000000e+00 1.000000e-01
3.112260e+03 0.000000e+00 1.000000e+00 1.000000e-01
3.112270e+03 0.000000e+00 1.000000e+00 1.000000e-01
3.112280e+03 0.000000e+00 1.000000e+00 1.000000e-01
3.112290e+03 0.000000e+00 1.000000e+00 1.000000e-01
3.112300e+03 0.000000e+00 1.000000e+00 1.000000e-01
3.112310e+03 0.000000e+00 1.000000e+00 1.000000e-01
3.112320e+03 0.000000e+00 1.000000e+00 1.000000e-01
3.112330e+03 0.000000e+00 1.000000e+00 1.000000e-01
3.112340e+03 0.000000e+00 1.000000e+00 1.000000e-01
3.112350e+03 0.000000e+00 1.000000e+00 1.000000e-01
3.112360e+03 0.000000e+00 1.000000e+00 1.000000e-01
3.112370e+03 0.000000e+00 1.000000e+00 1.000000e-01
3.112380e+03 0.000000e+00 1.000000e+00 1.000000e-01
3.112390e+03 0.000000e+00 1.000000e+00 1.000000e-01
3.112400e+03 0.000000e+00 1.000000e+00 1.000000e-01
3.112410e+03 0.000000e+00 1.000000e+00 1.000000e-01
3.112420e+03 0.000000e+00 1.000000e+00 1.000000e-01
3.112430e+03 0.000000e+00 1.000000e+00 1.000000e-01
3.112440e+03 0.000000e+00 1.000000e+00 1.000000e-01
3.112450e+03 0.000000e+00 1.000000e+00 1.000000e-01
3.112460e+03 0.000000e+00 1.000000e+00 1.000000e-01
3.112470e+03 0.000000e+00 1.000000e+00 1.000000e-01
3.112480e+03 0.000000e+00 1.000000e+00 1.000000e-01
3.112490e+03 0.000000e+00 1.000000e+00 1.000000e-01
3.112500e+03 0.000000e+00 1.000000e+00 1.000000e-01
3.112510e+03 0.000000e+00 1.000000e+00 1.000000e-01
3.112520e+03 0.000000e+00 1.000000e+00 1.000000e-01
3.112530e+03 0.000000e+00 1.000000e+00 1.000000e-01
3.112540e+03 0.000000e+00 1.000000e+00 1.000000e-01
3.112550e+03 0.000000e+00 1.000000e+00 1.000000e-01
3.112560e+03 0.000000e+00 1.000000e+00 1.000000e-01
3.112570e+03 0.000000e+00 1.000000e+00 1.000000e-01
3.112580e+03 0.000000e+00 1.000000e+00 1.000000e-01
3.112590e+03 0.000000e+00 1.000000e+00 1.000000e-01
3.112600e+03 0.000000e+00 1.000000e+00 1.000000e-01
3.112610e+03 0.000000e+00 1.000000e+00 1.000000e-01
3.112620e+03 0.000000e+00 1.000000e+00 1.000000e-01
3.112630e+03 0.000000e+00 1.000000e+00 1.000000e-01
3.112640e+03 0.000000e+00 1.000000e+00 1.000000e-01
3.112650e+03 0.000000e+00 1.000000e+00 1.000000e-01
3.112660e+03 0.000000e+00 1.000000e+00 1.000000e-01
3.112670e+03 0.000000e+00 1.000000e+00 1.000000e-01
3.112680e+03 0.000000e+00 1.000000e+00 1.000000e-01
3.112690e+03 0.000000e+00 1.000000e+00 1.000000e-01
3.112700e+03 0.000000e+00 1.000000e+00 1.000000e-01
3.112710e+03 0.000000e+00 1.000000e+00 1.000000e-01
3.112720e+03 0.000000e+00 1.000000e+00 1.000000e-01
3.112730e+03 0.000000e+00 1.000000e+00 1.000000e-01
3.112740e+03 0.000000e+00 1.000000e+00 1.000000e-01
3.112750e+03 0.000000e+00 1.000000e+00 1.000000e-01
3.112760e+03 0.000000e+00 1.000000e+00 1.000000e-01
3.112770e+03 0.000000e+00 1.000000e+00 1.000000e-01
3.112780e+03 0.000000e+00 1.000000e+00 1.000000e-01
3.112790e+03 0.000000e+00 1.000000e+00 1.000000e-01
3.112800e+03 0.000000e+00 1.000000e+00 1.000000e-01
3.112810e+03 0.000000e+00 1.000000e+00 1.000000e-01
3.112820e+03 0.000000e+00 1.000000e+00 1.000000e-01
3.112830e+03 0.000000e+00 1.000000e+00 1.000000e-01
3.112840e+03 0.000000e+00 1.000000e+00 1.000000e-01
3.112850e+03 0.000000e+00 1.000000e+00 1.000000e-01
3.112860e+03 0.000000e+00 1.000000e+00 1.000000e-01
3.112870e+03 0.000000e+00 1.000000e+00 1.000000e-01
3.112880e+03 0.000000e+00 1.000000e+00 1.000000e-01
3.112890e+03 0.000000e+00 1.000000e+00 1.000000e-01
3.112900e+03 0.000000e+00 1.000000e+00 1.000000e-01
3.112910e+03 0.000000e+00 1.000000e+00 1.000000e-01
3.112920e+03 0.000000e+00 1.000000e+00 1.000000e-01
3.112930e+03 0.000000e+00 1.000000e+00 1.000000e-01
3.112940e+03 0.000000e+00 1.000000e+00 1.000000e-01
3.112950e+03 0.000000e+00 1.000000e+00 1.000000e-01
3.112960e+03 0.000000e+00 1.000000e+00 1.000000e-01
3.112970e+03 0.000000e+00 1.000000e+00 1.000000e-01
3.112980e+03 0.000000e+00 1.000000e+00 1.000000e-01
3.112990e+03 0.000000e+00 1.000000e+00 1.000000e-01
3.113000e+03 0.000000e+00 1.000000e+00 1.000000e-01
3.113010e+03 0.000000e+00 1.000000e+00 1.000000e-01
3.113020e+03 0.000000e+00 1.000000e+00 1.000000e-01
3.113030e+03 0.000000e+00 1.000000e+00 1.000000e-01
3.113040e+03 0.000000e+00 1.000000e+00 1.000000e-01
3.113050e+03 0.000000e+00 1.000000e+00 1.000000e-01
3.113060e+03 0.000000e+00 1.000000e+00 1.000000e-01
3.113070e+03 0.000000e+00 1.000000e+00 1.000000e-01
3.113080e+03 0.000000e+00 1.000000e+00 1.000000e-01
3.113090e+03 0.000000e+00 1.000000e+00 1.000000e-01
3.113100e+03 0.000000e+00 1.000000e+00 1.000000e-01
3.113110e+03 0.000000e+00 1.000000e+00 1.000000e-01
3.113120e+03 0.000000e+00 1.000000e+00 1.000000e-01
3.113130e+03 0.000000e+00 1.000000e+00 1.000000e-01
3.113140e+03 0.000000e+00 1.000000e+00 1.000000e-01
3.113150e+03 0.000000e+00 1.000000e+00 1.000000e-01
3.113160e+03 0.000000e+00 1.000000e+00 1.000000e-01
3.113170e+03 0.000000e+00 1.000000e+00 1.000000e-01
3.113180e+03 0.000000e+00 1.000000e+00 1.000000e-01
3.113190e+03 0.000000e+00 1.000000e+00 1.000000e-01
3.113200e+03 0.000000e+00 1.000000e+00 1.000000e-01
3.113210e+03 0.000000e+00 1.000000e+00 1.000000e-01
3.113220e+03 0.000000e+00 1.000000e+00 1.000000e-01
3.113230e+03 0.000000e+00 1.000000e+00 1.000000e-01
3.113240e+03 0.000000e+00 1.000000e+00 1.000000e-01
3.113250e+03 0.000000e+00 1.000000e+00 1.000000e-01
3.113260e+03 0.000000e+00 1.000000e+00 1.000000e-01
3.113270e+03 0.000000e+00 1.000000e+00 1.000000e-01
3.113280e+03 0.000000e+00 1.000000e+00 1.000000e-01
3.113290e+03 0.000000e+00 1.000000e+00 1.000000e-01
3.113300e+03 0.000000e+00 1.000000e+00 1.000000e-01
3.113310e+03 0.000000e+00 1.000000e+00 1.000000e-01
3.113320e+03 0.000000e+00 1.000000e+00 1.000000e-01
3.113330e+03 0.000000e+00 1.000000e+00 1.000000e-01
3.113340e+03 0.000000e+00 1.000000e+00 1.000000e-01
3.113350e+03 0.000000e+00 1.000000e+00 1.000000e-01
3.113360e+03 0.000000e+00 1.000000e+00 1.000000e-01
3.113370e+03 0.000000e+00 1.000000e+00 1.000000e-01
3.113380e+03 0.000000e+00 1.000000e+00 1.000000e-01
3.113390e+03 0.000000e+00 1.000000e+00 1.000000e-01
3.113400e+03 0.000000e+00 1.000000e+00 1.000000e-01
3.113410e+03 0.000000e+00 1.000000e+00 1.000000e-01
3.113420e+03 0.000000e+00 1.000000e+00 1.000000e-01
3.113430e+03 0.000000e+00 1.000000e+00 1.000000e-01
3.113440e+03 0.000000e+00 1.000000e+00 1.000000e-01
3.113450e+03 0.000000e+00 1.000000e+00 1.000000e-01
3.113460e+03 0.000000e+00 1.000000e+00 1.000000e-01
3.113470e+03 0.000000e+00 1.000000e+00 1.000000e-01
3.113480e+03 0.000000e+00 1.000000e+00 1.000000e-01
3.113490e+03 0.000000e+00 1.000000e+00 1.000000e-01
3.113500e+03 0.000000e+00 1.000000e+00 1.000000e-01
3.113510e+03 0.000000e+00 1.000000e+00 1.000000e-01
3.113520e+03 0.000000e+00 1.000000e+00 1.000000e-01
3.113530e+03 0.000000e+00 1.000000e+00 1.000000e-01
3.113540e+03 0.000000e+00 1.000000e+00 1.000000e-01
3.113550e+03 0.000000e+00 1.000000e+00 1.000000e-01
3.113560e+03 0.000000e+00 1.000000e+00 1.000000e-01
3.113570e+03 0.000000e+00 1.000000e+00 1.000000e-01
3.113580e+03 0.000000e+00 1.000000e+00 1.000000e-01
3.113590e+03 0.000000e+00 1.000000e+00 1.000000e-01
3.113600e+03 0.000000e+00 1.000000e+00 1.000000e-01
3.113610e+03 0.000000e+00 1.000000e+00 1.000000e-01
3.113620e+03 0.000000e+00 1.000000e+00 1.000000e-01
3.113630e+03 0.000000e+00 1.000000e+00 1.000000e-01
3.113640e+03 0.000000e+00 1.000000e+00 1.000000e-01
3.113650e+03 0.000000e+00 1.000000e+00 1.000000e-01
3.113660e+03 0.000000e+00 1.000000e+00 1.000000e-01
3.113670e+03 0.000000e+00 1.000000e+00 1.000000e-01
3.113680e+03 0.000000e+00 1.000000e+00 1.000000e-01
3.113690e+03 0.000000e+00 1.000000e+00 1.000000e-01
3.113700e+03 0.000000e+00 1.000000e+00 1.000000e-01
3.113710e+03 0.000000e+00 1.000000e+00 1.000000e-01
3.113720e+03 0.000000e+00 1.000000e+00 1.000000e-01
3.113730e+03 0.000000e+00 1.000000e+00 1.000000e-01
3.113740e+03 0.000000e+00 1.000000e+00 1.000000e-01
3.113750e+03 0.000000e+00 1.000000e+00 1.000000e-01
3.113760e+03 0.000000e+00 1.000000e+00 1.000000e-01
3.113770e+03 0.000000e+00 1.000000e+00 1.000000e-01
3.113780e+03 0.000000e+00 1.000000e+00 1.000000e-01
3.113790e+03 0.000000e+00 1.000000e+00 1.000000e-01
3.113800e+03 0.000000e+00 1.000000e+00 1.000000e-01
3.113810e+03 0.000000e+00 1.000000e+00 1.000000e-01
3.113820e+03 0.000000e+00 1.000000e+00 1.000000e-01
3.113830e+03 0.000000e+00 1.000000e+00 1.000000e-01
3.113840e+03 0.000000e+00 1.000000e+00 1.000000e-01
3.113850e+03 0.000000e+00 1.000000e+00 1.000000e-01
3.113860e+03 0.000000e+00 1.000000e+00 1.000000e-01
3.113870e+03 0.000000e+00 1.000000e+00 1.000000e-01
3.113880e+03 0.000000e+00 1.000000e+00 1.000000e-01
3.113890e+03 0.000000e+00 1.000000e+00 1.000000e-01
3.113900e+03 0.000000e+00 1.000000e+00 1.000000e-01
3.113910e+03 0.000000e+00 1.000000e+00 1.000000e-01
3.113920e+03 0.000000e+00 1.000000e+00 1.000000e-01
3.113930e+03 0.000000e+00 1.000000e+00 1.000000e-01
3.113940e+03 0.000000e+00 1.000000e+00 1.000000e-01
3.113950e+03 0.000000e+00 1.000000e+00 1.000000e-01
3.113960e+03 0.000000e+00 1.000000e+00 1.000000e-01
3.113970e+03 0.000000e+00 1.000000e+00 1.000000e-01
3.113980e+03 0.000000e+00 1.000000e+00 1.000000e-01
3.113990e+03 0.000000e+00 1.000000e+00 1.000000e-01
3.114000e+03 0.000000e+00 1.000000e+00 1.000000e-01
3.114010e+03 0.000000e+00 1.000000e+00 1.000000e-01
3.114020e+03 0.000000e+00 1.000000e+00 1.000000e-01
3.114030e+03 0.000000e+00 1.000000e+00 1.000000e-01
3.114040e+03 0.000000e+00 1.000000e+00 1.000000e-01
3.114050e+03 0.000000e+00 1.000000e+00 1.000000e-01
3.114060e+03 0.000000e+00 1.000000e+00 1.000000e-01
3.114070e+03 0.000000e+00 1.000000e+00 1.000000e-01
3.114080e+03 0.000000e+00 1.000000e+00 1.000000e-01
3.114090e+03 0.000000e+00 1.000000e+00 1.000000e-01
3.114100e+03 0.000000e+00 1.000000e+00 1.000000e-01
3.114110e+03 0.000000e+00 1.000000e+00 1.000000e-01
3.114120e+03 0.000000e+00 1.000000e+00 1.000000e-01
3.114130e+03 0.000000e+00 1.000000e+00 1.000000e-01
3.114140e+03 0.000000e+00 1.000000e+00 1.000000e-01
3.114150e+03 0.000000e+00 1.000000e+00 1.000000e-01
3.114160e+03 0.000000e+00 1.000000e+00 1.000000e-01
3.114170e+03 0.000000e+00 1.000000e+00 1.000000e-01
3.114180e+03 0.000000e+00 1.000000e+00 1.000000e-01
3.114190e+03 0.000000e+00 1.000000e+00 1.000000e-01
3.114200e+03 0.000000e+00 1.000000e+00 1.000000e-01
3.114210e+03 0.000000e+00 1.000000e+00 1.000000e-01
3.114220e+03 0.000000e+00 1.000000e+00 1.000000e-01
3.114230e+03 0.000000e+00 1.000000e+00 1.000000e-01
3.114240e+03 0.000000e+00 1.000000e+00 1.000000e-01
3.114250e+03 0.000000e+00 1.000000e+00 1.000000e-01
3.114260e+03 0.000000e+00 1.000000e+00 1.000000e-01
3.114270e+03 0.000000e+00 1.000000e+00 1.000000e-01
3.114280e+03 0.000000e+00 1.000000e+00 1.000000e-01
3.114290e+03 0.000000e+00 1.000000e+00 1.000000e-01
3.114300e+03 0.000000e+00 1.000000e+00 1.000000e-01
3.114310e+03 0.000000e+00 1.000000e+00 1.000000e-01
3.114320e+03 0.000000e+00 1.000000e+00 1.000000e-01
3.114330e+03 0.000000e+00 1.000000e+00 1.000000e-01
3.114340e+03 0.000000e+00 1.000000e+00 1.000000e-01
3.114350e+03 0.000000e+00 1.000000e+00 1.000000e-01
3.114360e+03 0.000000e+00 1.000000e+00 1.000000e-01
3.114370e+03 0.000000e+00 1.000000e+00 1.000000e-01
3.114380e+03 0.000000e+00 1.000000e+00 1.000000e-01
3.114390e+03 0.000000e+00 1.000000e+00 1.000000e-01
3.114400e+03 0.000000e+00 1.000000e+00 1.000000e-01
3.114410e+03 0.000000e+00 1.000000e+00 1.000000e-01
3.114420e+03 0.000000e+00 1.000000e+00 1.000000e-01
3.114430e+03 0.000000e+00 1.000000e+00 1.000000e-01
3.114440e+03 0.000000e+00 1.000000e+00 1.000000e-01
3.114450e+03 0.000000e+00 1.000000e+00 1.000000e-01
3.114460e+03 0.000000e+00 1.000000e+00 1.000000e-01
3.114470e+03 0.000000e+00 1.000000e+00 1.000000e-01
3.114480e+03 0.000000e+00 1.000000e+00 1.000000e-01
3.114490e+03 0.000000e+00 1.000000e+00 1.000000e-01
3.114500e+03 0.000000e+00 1.000000e+00 1.000000e-01
3.114510e+03 0.000000e+00 1.000000e+00 1.000000e-01
3.114520e+03 0.000000e+00 1.000000e+00 1.000000e-01
3.114530e+03 0.000000e+00 1.000000e+00 1.000000e-01
3.114540e+03 0.000000e+00 1.000000e+00 1.000000e-01
3.114550e+03 0.000000e+00 1.000000e+00 1.000000e-01
3.114560e+03 0.000000e+00 1.000000e+00 1.000000e-01
3.114570e+03 0.000000e+00 1.000000e+00 1.000000e-01
3.114580e+03 0.000000e+00 1.000000e+00 1.000000e-01
3.114590e+03 0.000000e+00 1.000000e+00 1.000000e-01
3.114600e+03 0.000000e+00 1.000000e+00 1.000000e-01
3.114610e+03 0.000000e+00 1.000000e+00 1.000000e-01
3.114620e+03 0.000000e+00 1.000000e+00 1.000000e-01
3.114630e+03 0.000000e+00 1.000000e+00 1.000000e-01
3.114640e+03 0.000000e+00 1.000000e+00 1.000000e-01
3.114650e+03 0.000000e+00 1.000000e+00 1.000000e-01
3.114660e+03 0.000000e+00 1.000000e+00 1.000000e-01
3.114670e+03 0.000000e+00 1.000000e+00 1.000000e-01
3.114680e+03 0.000000e+00 1.000000e+00 1.000000e-01
3.114690e+03 0.000000e+00 1.000000e+00 1.000000e-01
3.114700e+03 0.000000e+00 1.000000e+00 1.000000e-01
3.114710e+03 0.000000e+00 1.000000e+00 1.000000e-01
3.114720e+03 0.000000e+00 1.000000e+00 1.000000e-01
3.114730e+03 0.000000e+00 1.000000e+00 1.000000e-01
3.114740e+03 0.000000e+00 1.000000e+00 1.000000e-01
3.114750e+03 0.000000e+00 1.000000e+00 1.000000e-01
3.114760e+03 0.000000e+00 1.000000e+00 1.000000e-01
3.114770e+03 0.000000e+00 1.000000e+00 1.000000e-01
3.114780e+03 0.000000e+00 1.000000e+00 1.000000e-01
3.114790e+03 0.000000e+00 1.000000e+00 1.000000e-01
3.114800e+03 0.000000e+00 1.000000e+00 1.000000e-01
3.114810e+03 0.000000e+00 1.000000e+00 1.000000e-01
3.114820e+03 0.000000e+00 1.000000e+00 1.000000e-01
3.114830e+03 0.000000e+00 1.000000e+00 1.000000e-01
3.114840e+03 0.000000e+00 1.000000e+00 1.000000e-01
3.114850e+03 0.000000e+00 1.000000e+00 1.000000e-01
3.114860e+03 0.000000e+00 1.000000e+00 1.000000e-01
3.114870e+03 0.000000e+00 1.000000e+00 1.000000e-01
3.114880e+03 0.000000e+00 1.000000e+00 1.000000e-01
3.114890e+03 0.000000e+00 1.000000e+00 1.000000e-01
3.114900e+03 0.000000e+00 1.000000e+00 1.000000e-01
3.114910e+03 0.000000e+00 1.000000e+00 1.000000e-01
3.114920e+03 0.000000e+00 1.000000e+00 1.000000e-01
3.114930e+03 0.000000e+00 1.000000e+00 1.000000e-01
3.114940e+03 0.000000e+00 1.000000e+00 1.000000e-01
3.114950e+03 0.000000e+00 1.000000e+00 1.000000e-01
3.114960e+03 0.000000e+00 1.000000e+00 1.000000e-01
3.114970e+03 0.000000e+00 1.000000e+00 1.000000e-01
3.114980e+03 0.000000e+00 1.000000e+00 1.000000e-01
3.114990e+03 0.000000e+00 1.000000e+00 1.000000e-01
3.115000e+03 0.000000e+00 1.000000e+00 1.000000e-01
3.115010e+03 0.000000e+00 1.000000e+00 1.000000e-01
3.115020e+03 0.000000e+00 1.000000e+00 1.000000e-01
3.115030e+03 0.000000e+00 1.000000e+00 1.000000e-01
3.115040e+03 0.000000e+00 1.000000e+00 1.000000e-01
3.115050e+03 0.000000e+00 1.000000e+00 1.000000e-01
3.115060e+03 0.000000e+00 1.000000e+00 1.000000e-01
3.115070e+03 0.000000e+00 1.000000e+00 1.000000e-01
3.115080e+03 0.000000e+00 1.000000e+00 1.000000e-01
3.115090e+03 0.000000e+00 1.000000e+00 1.000000e-01
3.115100e+03 0.000000e+00 1.000000e+00 1.000000e-01
3.115110e+03 0.000000e+00 1.000000e+00 1.000000e-01
3.115120e+03 0.000000e+00 1.000000e+00 1.000000e-01
3.115130e+03 0.000000e+00 1.000000e+00 1.000000e-01
3.115140e+03 0.000000e+00 1.000000e+00 1.000000e-01
3.115150e+03 0.000000e+00 1.000000e+00 1.000000e-01
3.115160e+03 0.000000e+00 1.000000e+00 1.000000e-01
3.115170e+03 0.000000e+00 1.000000e+00 1.000000e-01
3.115180e+03 0.000000e+00 1.000000e+00 1.000000e-01
3.115190e+03 0.000000e+00 1.000000e+00 1.000000e-01
3.115200e+03 0.000000e+00 1.000000e+00 1.000000e-01
3.115210e+03 0.000000e+00 1.000000e+00 1.000000e-01
3.115220e+03 0.000000e+00 1.000000e+00 1.000000e-01
3.115230e+03 0.000000e+00 1.000000e+00 1.000000e-01
3.115240e+03 0.000000e+00 1.000000e+00 1.000000e-01
3.115250e+03 0.000000e+00 1.000000e+00 1.000000e-01
3.115260e+03 0.000000e+00 1.000000e+00 1.000000e-01
3.115270e+03 0.000000e+00 1.000000e+00 1.000000e-01
3.115280e+03 0.000000e+00 1.000000e+00 1.000000e-01
3.115290e+03 0.000000e+00 1.000000e+00 1.000000e-01
3.115300e+03 0.000000e+00 1.000000e+00 1.000000e-01
3.115310e+03 0.000000e+00 1.000000e+00 1.000000e-01
3.115320e+03 0.000000e+00 1.000000e+00 1.000000e-01
3.115330e+03 0.000000e+00 1.000000e+00 1.000000e-01
3.115340e+03 0.000000e+00 1.000000e+00 1.000000e-01
3.115350e+03 0.000000e+00 1.000000e+00 1.000000e-01
3.115360e+03 0.000000e+00 1.000000e+00 1.000000e-01
3.115370e+03 0.000000e+00 1.000000e+00 1.000000e-01
3.115380e+03 0.000000e+00 1.000000e+00 1.000000e-01
3.115390e+03 0.000000e+00 1.000000e+00 1.000000e-01
3.115400e+03 0.000000e+00 1.000000e+00 1.000000e-01
3.115410e+03 0.000000e+00 1.000000e+00 1.000000e-01
3.115420e+03 0.000000e+00 1.000000e+00 1.000000e-01
3.115430e+03 0.000000e+00 1.000000e+00 1.000000e-01
3.115440e+03 0.000000e+00 1.000000e+00 1.000000e-01
3.115450e+03 0.000000e+00 1.000000e+00 1.000000e-01
3.115460e+03 0.000000e+00 1.000000e+00 1.000000e-01
3.115470e+03 0.000000e+00 1.000000e+00 1.000000e-01
3.115480e+03 0.000000e+00 1.000000e+00 1.000000e-01
3.115490e+03 0.000000e+00 1.000000e+00 1.000000e-01
3.115500e+03 0.000000e+00 1.000000e+00 1.000000e-01
3.115510e+03 0.000000e+00 1.000000e+00 1.000000e-01
3.115520e+03 0.000000e+00 1.000000e+00 1.000000e-01
3.115530e+03 0.000000e+00 1.000000e+00 1.000000e-01
3.115540e+03 0.000000e+00 1.000000e+00 1.000000e-01
3.115550e+03 0.000000e+00 1.000000e+00 1.000000e-01
3.115560e+03 0.000000e+00 1.000000e+00 1.000000e-01
3.115570e+03 0.000000e+00 1.000000e+00 1.000000e-01
3.115580e+03 0.000000e+00 1.000000e+00 1.000000e-01
3.115590e+03 0.000000e+00 1.000000e+00 1.000000e-01
3.115600e+03 0.000000e+00 1.000000e+00 1.000000e-01
3.115610e+03 0.000000e+00 1.000000e+00 1.000000e-01
3.115620e+03 0.000000e+00 1.000000e+00 1.000000e-01
3.115630e+03 0.000000e+00 1.000000e+00 1.000000e-01
3.115640e+03 0.000000e+00 1.000000e+00 1.000000e-01
3.115650e+03 0.000000e+00 1.000000e+00 1.000000e-01
3.115660e+03 0.000000e+00 1.000000e+00 1.000000e-01
3.115670e+03 0.000000e+00 1.000000e+00 1.000000e-01
3.115680e+03 0.000000e+00 1.000000e+00 1.000000e-01
3.115690e+03 0.000000e+00 1.000000e+00 1.000000e-01
3.115700e+03 0.000000e+00 1.000000e+00 1.000000e-01
3.115710e+03 0.000000e+00 1.000000e+00 1.000000e-01
3.115720e+03 0.000000e+00 1.000000e+00 1.000000e-01
3.115730e+03 0.000000e+00 1.000000e+00 1.000000e-01
3.115740e+03 0.000000e+00 1.000000e+00 1.000000e-01
3.115750e+03 0.000000e+00 1.000000e+00 1.000000e-01
3.115760e+03 0.000000e+00 1.000000e+00 1.000000e-01
3.115770e+03 0.000000e+00 1.000000e+00 1.000000e-01
3.115780e+03 0.000000e+00 1.000000e+00 1.000000e-01
3.115790e+03 0.000000e+00 1.000000e+00 1.000000e-01
3.115800e+03 0.000000e+00 1.000000e+00 1.000000e-01
3.115810e+03 0.000000e+00 1.000000e+00 1.000000e-01
3.115820e+03 0.000000e+00 1.000000e+00 1.000000e-01
3.115830e+03 0.000000e+00 1.000000e+00 1.000000e-01
3.115840e+03 0.000000e+00 1.000000e+00 1.000000e-01
3.115850e+03 0.000000e+00 1.000000e+00 1.000000e-01
3.115860e+03 0.000000e+00 1.000000e+00 1.000000e-01
3.115870e+03 0.000000e+00 1.000000e+00 1.000000e-01
3.115880e+03 0.000000e+00 1.000000e+00 1.000000e-01
3.115890e+03 0.000000e+00 1.000000e+00 1.000000e-01
3.115900e+03 0.000000e+00 1.000000e+00 1.000000e-01
3.115910e+03 0.000000e+00 1.000000e+00 1.000000e-01
3.115920e+03 0.000000e+00 1.000000e+00 1.000000e-01
3.115930e+03 0.000000e+00 1.000000e+00 1.000000e-01
3.115940e+03 0.000000e+00 1.000000e+00 1.000000e-01
3.115950e+03 0.000000e+00 1.000000e+00 1.000000e-01
3.115960e+03 0.000000e+00 1.000000e+00 1.000000e-01
3.115970e+03 0.000000e+00 1.000000e+00 1.000000e-01
3.115980e+03 0.000000e+00 1.000000e+00 1.000000e-01
3.115990e+03 0.000000e+00 1.000000e+00 1.000000e-01
3.116000e+03 0.000000e+00 1.000000e+00 1.000000e-01
3.116010e+03 0.000000e+00 1.000000e+00 1.000000e-01
3.116020e+03 0.000000e+00 1.000000e+00 1.000000e-01
3.116030e+03 0.000000e+00 1.000000e+00 1.000000e-01
3.116040e+03 0.000000e+00 1.000000e+00 1.000000e-01
3.116050e+03 0.000000e+00 1.000000e+00 1.000000e-01
3.116060e+03 0.000000e+00 1.000000e+00 1.000000e-01
3.116070e+03 0.000000e+00 1.000000e+00 1.000000e-01
3.116080e+03 0.000000e+00 1.000000e+00 1.000000e-01
3.116090e+03 0.000000e+00 1.000000e+00 1.000000e-01
3.116100e+03 0.000000e+00 1.000000e+00 1.000000e-01
3.116110e+03 0.000000e+00 1.000000e+00 1.000000e-01
3.116120e+03 0.000000e+00 1.000000e+00 1.000000e-01
3.116130e+03 0.000000e+00 1.000000e+00 1.000000e-01
3.116140e+03 0.000000e+00 1.000000e+00 1.000000e-01
3.116150e+03 0.000000e+00 1.000000e+00 1.000000e-01
3.116160e+03 0.000000e+00 1.000000e+00 1.000000e-01
3.116170e+03 0.000000e+00 1.000000e+00 1.000000e-01
3.116180e+03 0.000000e+00 1.000000e+00 1.000000e-01
3.116190e+03 0.000000e+00 1.000000e+00 1.000000e-01
3.116200e+03 0.000000e+00 1.000000e+00 1.000000e-01
3.116210e+03 0.000000e+00 1.000000e+00 1.000000e-01
3.116220e+03 0.000000e+00 1.000000e+00 1.000000e-01
3.116230e+03 0.000000e+00 1.000000e+00 1.000000e-01
3.116240e+03 0.000000e+00 1.000000e+00 1.000000e-01
3.116250e+03 0.000000e+00 1.000000e+00 1.000000e-01
3.116260e+03 0.000000e+00 1.000000e+00 1.000000e-01
3.116270e+03 0.000000e+00 1.000000e+00 1.000000e-01
3.116280e+03 0.000000e+00 1.000000e+00 1.000000e-01
3.116290e+03 0.000000e+00 1.000000e+00 1.000000e-01
3.116300e+03 0.000000e+00 1.000000e+00 1.000000e-01
3.116310e+03 0.000000e+00 1.000000e+00 1.000000e-01
3.116320e+03 0.000000e+00 1.000000e+00 1.000000e-01
3.116330e+03 0.000000e+00 1.000000e+00 1.000000e-01
3.116340e+03 0.000000e+00 1.000000e+00 1.000000e-01
3.116350e+03 0.000000e+00 1.000000e+00 1.000000e-01
3.116360e+03 0.000000e+00 1.000000e+00 1.000000e-01
3.116370e+03 0.000000e+00 1.000000e+00 1.000000e-01
3.116380e+03 0.000000e+00 1.000000e+00 1.000000e-01
3.116390e+03 0.000000e+00 1.000000e+00 1.000000e-01
3.116400e+03 0.000000e+00 1.000000e+00 1.000000e-01
3.116410e+03 0.000000e+00 1.000000e+00 1.000000e-01
3.116420e+03 0.000000e+00 1.000000e+00 1.000000e-01
3.116430e+03 0.000000e+00 1.000000e+00 1.000000e-01
3.116440e+03 0.000000e+00 1.000000e+00 1.000000e-01
3.116450e+03 0.000000e+00 1.000000e+00 1.000000e-01
3.116460e+03 0.000000e+00 1.000000e+00 1.000000e-01
3.116470e+03 0.000000e+00 1.000000e+00 1.000000e-01
3.116480e+03 0.000000e+00 1.000000e+00 1.000000e-01
3.116490e+03 0.000000e+00 1.000000e+00 1.000000e-01
3.116500e+03 0.000000e+00 1.000000e+00 1.000000e-01
3.116510e+03 0.000000e+00 1.000000e+00 1.000000e-01
3.116520e+03 0.000000e+00 1.000000e+00 1.000000e-01
3.116530e+03 0.000000e+00 1.000000e+00 1.000000e-01
3.116540e+03 0.000000e+00 1.000000e+00 1.000000e-01
3.116550e+03 0.000000e+00 1.000000e+00 1.000000e-01
3.116560e+03 0.000000e+00 1.000000e+00 1.000000e-01
3.116570e+03 0.000000e+00 1.000000e+00 1.000000e-01
3.116580e+03 0.000000e+00 1.000000e+00 1.000000e-01
3.116590e+03 0.000000e+00 1.000000e+00 1.000000e-01
3.116600e+03 0.000000e+00 1.000000e+00 1.000000e-01
3.116610e+03 0.000000e+00 1.000000e+00 1.000000e-01
3.116620e+03 0.000000e+00 1.000000e+00 1.000000e-01
3.116630e+03 0.000000e+00 1.000000e+00 1.000000e-01
3.116640e+03 0.000000e+00 1.000000e+00 1.000000e-01
3.116650e+03 0.000000e+00 1.000000e+00 1.000000e-01
3.116660e+03 0.000000e+00 1.000000e+00 1.000000e-01
3.116670e+03 0.000000e+00 1.000000e+00 1.000000e-01
3.116680e+03 0.000000e+00 1.000000e+00 1.000000e-01
3.116690e+03 0.000000e+00 1.000000e+00 1.000000e-01
3.116700e+03 0.000000e+00 1.000000e+00 1.000000e-01
3.116710e+03 0.000000e+00 1.000000e+00 1.000000e-01
3.116720e+03 0.000000e+00 1.000000e+00 1.000000e-01
3.116730e+03 0.000000e+00 1.000000e+00 1.000000e-01
3.116740e+03 0.000000e+00 1.000000e+00 1.000000e-01
3.116750e+03 0.000000e+00 1.000000e+00 1.000000e-01
3.116760e+03 0.000000e+00 1.000000e+00 1.000000e-01
3.116770e+03 0.000000e+00 1.000000e+00 1.000000e-01
3.116780e+03 0.000000e+00 1.000000e+00 1.000000e-01
3.116790e+03 0.000000e+00 1.000000e+00 1.000000e-01
3.116800e+03 0.000000e+00 1.000000e+00 1.000000e-01
3.116810e+03 0.000000e+00 1.000000e+00 1.000000e-01
3.116820e+03 0.000000e+00 1.000000e+00 1.000000e-01
3.116830e+03 0.000000e+00 1.000000e+00 1.000000e-01
3.116840e+03 0.000000e+00 1.000000e+00 1.000000e-01
3.116850e+03 0.000000e+00 1.000000e+00 1.000000e-01
3.116860e+03 0.000000e+00 1.000000e+00 1.000000e-01
3.116870e+03 0.000000e+00 1.000000e+00 1.000000e-01
3.116880e+03 0.000000e+00 1.000000e+00 1.000000e-01
3.116890e+03 0.000000e+00 1.000000e+00 1.000000e-01
3.116900e+03 0.000000e+00 1.000000e+00 1.000000e-01
3.116910e+03 0.000000e+00 1.000000e+00 1.000000e-01
3.116920e+03 0.000000e+00 1.000000e+00 1.000000e-01
3.116930e+03 0.000000e+00 1.000000e+00 1.000000e-01
3.116940e+03 0.000000e+00 1.000000e+00 1.000000e-01
3.116950e+03 0.000000e+00 1.000000e+00 1.000000e-01
3.116960e+03 0.000000e+00 1.000000e+00 1.000000e-01
3.116970e+03 0.000000e+00 1.000000e+00 1.000000e-01
3.116980e+03 0.000000e+00 1.000000e+00 1.000000e-01
3.116990e+03 0.000000e+00 1.000000e+00 1.000000e-01
3.117000e+03 0.000000e+00 1.000000e+00 1.000000e-01
3.117010e+03 0.000000e+00 1.000000e+00 1.000000e-01
3.117020e+03 0.000000e+00 1.000000e+00 1.000000e-01
3.117030e+03 0.000000e+00 1.000000e+00 1.000000e-01
3.117040e+03 0.000000e+00 1.000000e+00 1.000000e-01
3.117050e+03 0.000000e+00 1.000000e+00 1.000000e-01
3.117060e+03 0.000000e+00 1.000000e+00 1.000000e-01
3.117070e+03 0.000000e+00 1.000000e+00 1.000000e-01
3.117080e+03 0.000000e+00 1.000000e+00 1.000000e-01
3.117090e+03 0.000000e+00 1.000000e+00 1.000000e-01
3.117100e+03 0.000000e+00 1.000000e+00 1.000000e-01
3.117110e+03 0.000000e+00 1.000000e+00 1.000000e-01
3.117120e+03 0.000000e+00 1.000000e+00 1.000000e-01
3.117130e+03 0.000000e+00 1.000000e+00 1.000000e-01
3.117140e+03 0.000000e+00 1.000000e+00 1.000000e-01
3.117150e+03 0.000000e+00 1.000000e+00 1.000000e-01
3.117160e+03 0.000000e+00 1.000000e+00 1.000000e-01
3.117170e+03 0.000000e+00 1.000000e+00 1.000000e-01
3.117180e+03 0.000000e+00 1.000000e+00 1.000000e-01
3.117190e+03 0.000000e+00 1.000000e+00 1.000000e-01
3.117200e+03 0.000000e+00 1.000000e+00 1.000000e-01
3.117210e+03 0.000000e+00 1.000000e+00 1.000000e-01
3.117220e+03 0.000000e+00 1.000000e+00 1.000000e-01
3.117230e+03 0.000000e+00 1.000000e+00 1.000000e-01
3.117240e+03 0.000000e+00 1.000000e+00 1.000000e-01
3.117250e+03 0.000000e+00 1.000000e+00 1.000000e-01
3.117260e+03 0.000000e+00 1.000000e+00 1.000000e-01
3.117270e+03 0.000000e+00 1.000000e+00 1.000000e-01
3.117280e+03 0.000000e+00 1.000000e+00 1.000000e-01
3.117290e+03 0.000000e+00 1.000000e+00 1.000000e-01
3.117300e+03 0.000000e+00 1.000000e+00 1.000000e-01
3.117310e+03 0.000000e+00 1.000000e+00 1.000000e-01
3.117320e+03 0.000000e+00 1.000000e+00 1.000000e-01
3.117330e+03 0.000000e+00 1.000000e+00 1.000000e-01
3.117340e+03 0.000000e+00 1.000000e+00 1.000000e-01
3.117350e+03 0.000000e+00 1.000000e+00 1.000000e-01
3.117360e+03 0.000000e+00 1.000000e+00 1.000000e-01
3.117370e+03 0.000000e+00 1.000000e+00 1.000000e-01
3.117380e+03 0.000000e+00 1.000000e+00 1.000000e-01
3.117390e+03 0.000000e+00 1.000000e+00 1.000000e-01
3.117400e+03 0.000000e+00 1.000000e+00 1.000000e-01
3.117410e+03 0.000000e+00 1.000000e+00 1.000000e-01
3.117420e+03 0.000000e+00 1.000000e+00 1.000000e-01
3.117430e+03 0.000000e+00 1.000000e+00 1.000000e-01
3.117440e+03 0.000000e+00 1.000000e+00 1.000000e-01
3.117450e+03 0.000000e+00 1.000000e+00 1.000000e-01
3.117460e+03 0.000000e+00 1.000000e+00 1.000000e-01
3.117470e+03 0.000000e+00 1.000000e+00 1.000000e-01
3.117480e+03 0.000000e+00 1.000000e+00 1.000000e-01
3.117490e+03 0.000000e+00 1.000000e+00 1.000000e-01
3.117500e+03 0.000000e+00 1.000000e+00 1.000000e-01
3.117510e+03 0.000000e+00 1.000000e+00 1.000000e-01
3.117520e+03 0.000000e+00 1.000000e+00 1.000000e-01
3.117530e+03 0.000000e+00 1.000000e+00 1.000000e-01
3.117540e+03 0.000000e+00 1.000000e+00 1.000000e-01
3.117550e+03 0.000000e+00 1.000000e+00 1.000000e-01
3.117560e+03 0.000000e+00 1.000000e+00 1.000000e-01
3.117570e+03 0.000000e+00 1.000000e+00 1.000000e-01
3.117580e+03 0.000000e+00 1.000000e+00 1.000000e-01
3.117590e+03 0.000000e+00 1.000000e+00 1.000000e-01
3.117600e+03 0.000000e+00 1.000000e+00 1.000000e-01
3.117610e+03 0.000000e+00 1.000000e+00 1.000000e-01
3.117620e+03 0.000000e+00 1.000000e+00 1.000000e-01
3.117630e+03 0.000000e+00 1.000000e+00 1.000000e-01
3.117640e+03 0.000000e+00 1.000000e+00 1.000000e-01
3.117650e+03 0.000000e+00 1.000000e+00 1.000000e-01
3.117660e+03 0.000000e+00 1.000000e+00 1.000000e-01
3.117670e+03 0.000000e+00 1.000000e+00 1.000000e-01
3.117680e+03 0.000000e+00 1.000000e+00 1.000000e-01
3.117690e+03 0.000000e+00 1.000000e+00 1.000000e-01
3.117700e+03 0.000000e+00 1.000000e+00 1.000000e-01
3.117710e+03 0.000000e+00 1.000000e+00 1.000000e-01
3.117720e+03 0.000000e+00 1.000000e+00 1.000000e-01
3.117730e+03 0.000000e+00 1.000000e+00 1.000000e-01
3.117740e+03 0.000000e+00 1.000000e+00 1.000000e-01
3.117750e+03 0.000000e+00 1.000000e+00 1.000000e-01
3.117760e+03 0.000000e+00 1.000000e+00 1.000000e-01
3.117770e+03 0.000000e+00 1.000000e+00 1.000000e-01
3.117780e+03 0.000000e+00 1.000000e+00 1.000000e-01
3.117790e+03 0.000000e+00 1.000000e+00 1.000000e-01
3.117800e+03 0.000000e+00 1.000000e+00 1.000000e-01
3.117810e+03 0.000000e+00 1.000000e+00 1.000000e-01
3.117820e+03 0.000000e+00 1.000000e+00 1.000000e-01
3.117830e+03 0.000000e+00 1.000000e+00 1.000000e-01
3.117840e+03 0.000000e+00 1.000000e+00 1.000000e-01
3.117850e+03 0.000000e+00 1.000000e+00 1.000000e-01
3.117860e+03 0.000000e+00 1.000000e+00 1.000000e-01
3.117870e+03 0.000000e+00 1.000000e+00 1.000000e-01
3.117880e+03 0.000000e+00 1.000000e+00 1.000000e-01
3.117890e+03 0.000000e+00 1.000000e+00 1.000000e-01
3.117900e+03 0.000000e+00 1.000000e+00 1.000000e-01
3.117910e+03 0.000000e+00 1.000000e+00 1.000000e-01
3.117920e+03 0.000000e+00 1.000000e+00 1.000000e-01
3.117930e+03 0.000000e+00 1.000000e+00 1.000000e-01
3.117940e+03 0.000000e+00 1.000000e+00 1.000000e-01
3.117950e+03 0.000000e+00 1.000000e+00 1.000000e-01
3.117960e+03 0.000000e+00 1.000000e+00 1.000000e-01
3.117970e+03 0.000000e+00 1.000000e+00 1.000000e-01
3.117980e+03 0.000000e+00 1.000000e+00 1.000000e-01
3.117990e+03 0.000000e+00 1.000000e+00 1.000000e-01
3.118000e+03 0.000000e+00 1.000000e+00 1.000000e-01
3.118010e+03 0.000000e+00 1.000000e+00 1.000000e-01
3.118020e+03 0.000000e+00 1.000000e+00 1.000000e-01
3.118030e+03 0.000000e+00 1.000000e+00 1.000000e-01
3.118040e+03 0.000000e+00 1.000000e+00 1.000000e-01
3.118050e+03 0.000000e+00 1.000000e+00 1.000000e-01
3.118060e+03 0.000000e+00 1.000000e+00 1.000000e-01
3.118070e+03 0.000000e+00 1.000000e+00 1.000000e-01
3.118080e+03 0.000000e+00 1.000000e+00 1.000000e-01
3.118090e+03 0.000000e+00 1.000000e+00 1.000000e-01
3.118100e+03 0.000000e+00 1.000000e+00 1.000000e-01
3.118110e+03 0.000000e+00 1.000000e+00 1.000000e-01
3.118120e+03 0.000000e+00 1.000000e+00 1.000000e-01
3.118130e+03 0.000000e+00 1.000000e+00 1.000000e-01
3.118140e+03 0.000000e+00 1.000000e+00 1.000000e-01
3.118150e+03 0.000000e+00 1.000000e+00 1.000000e-01
3.118160e+03 0.000000e+00 1.000000e+00 1.000000e-01
3.118170e+03 0.000000e+00 1.000000e+00 1.000000e-01
3.118180e+03 0.000000e+00 1.000000e+00 1.000000e-01
3.118190e+03 0.000000e+00 1.000000e+00 1.000000e-01
3.118200e+03 0.000000e+00 1.000000e+00 1.000000e-01
3.118210e+03 0.000000e+00 1.000000e+00 1.000000e-01
3.118220e+03 0.000000e+00 1.000000e+00 1.000000e-01
3.118230e+03 0.000000e+00 1.000000e+00 1.000000e-01
3.118240e+03 0.000000e+00 1.000000e+00 1.000000e-01
3.118250e+03 0.000000e+00 1.000000e+00 1.000000e-01
3.118260e+03 0.000000e+00 1.000000e+00 1.000000e-01
3.118270e+03 0.000000e+00 1.000000e+00 1.000000e-01
3.118280e+03 0.000000e+00 1.000000e+00 1.000000e-01
3.118290e+03 0.000000e+00 1.000000e+00 1.000000e-01
3.118300e+03 0.000000e+00 1.000000e+00 1.000000e-01
3.118310e+03 0.000000e+00 1.000000e+00 1.000000e-01
3.118320e+03 0.000000e+00 1.000000e+00 1.000000e-01
3.118330e+03 0.000000e+00 1.000000e+00 1.000000e-01
3.118340e+03 0.000000e+00 1.000000e+00 1.000000e-01
3.118350e+03 0.000000e+00 1.000000e+00 1.000000e-01
3.118360e+03 0.000000e+00 1.000000e+00 1.000000e-01
3.118370e+03 0.000000e+00 1.000000e+00 1.000000e-01
3.118380e+03 0.000000e+00 1.000000e+00 1.000000e-01
3.118390e+03 0.000000e+00 1.000000e+00 1.000000e-01
3.118400e+03 0.000000e+00 1.000000e+00 1.000000e-01
3.118410e+03 0.000000e+00 1.000000e+00 1.000000e-01
3.118420e+03 0.000000e+00 1.000000e+00 1.000000e-01
3.118430e+03 0.000000e+00 1.000000e+00 1.000000e-01
3.118440e+03 0.000000e+00 1.000000e+00 1.000000e-01
3.118450e+03 0.000000e+00 1.000000e+00 1.000000e-01
3.118460e+03 0.000000e+00 1.000000e+00 1.000000e-01
3.118470e+03 0.000000e+00 1.000000e+00 1.000000e-01
3.118480e+03 0.000000e+00 1.000000e+00 1.000000e-01
3.118490e+03 0.000000e+00 1.000000e+00 1.000000e-01
3.118500e+03 0.000000e+00 1.000000e+00 1.000000e-01
3.118510e+03 0.000000e+00 1.000000e+00 1.000000e-01
3.118520e+03 0.000000e+00 1.000000e+00 1.000000e-01
3.118530e+03 0.000000e+00 1.000000e+00 1.000000e-01
3.118540e+03 0.000000e+00 1.000000e+00 1.000000e-01
3.118550e+03 0.000000e+00 1.000000e+00 1.000000e-01
3.118560e+03 0.000000e+00 1.000000e+00 1.000000e-01
3.118570e+03 0.000000e+00 1.000000e+00 1.000000e-01
3.118580e+03 0.000000e+00 1.000000e+00 1.000000e-01
3.118590e+03 0.000000e+00 1.000000e+00 1.000000e-01
3.118600e+03 0.000000e+00 1.000000e+00 1.000000e-01
3.118610e+03 0.000000e+00 1.000000e+00 1.000000e-01
3.118620e+03 0.000000e+00 1.000000e+00 1.000000e-01
3.118630e+03 0.000000e+00 1.000000e+00 1.000000e-01
3.118640e+03 0.000000e+00 1.000000e+00 1.000000e-01
3.118650e+03 0.000000e+00 1.000000e+00 1.000000e-01
3.118660e+03 0.000000e+00 1.000000e+00 1.000000e-01
3.118670e+03 0.000000e+00 1.000000e+00 1.000000e-01
3.118680e+03 0.000000e+00 1.000000e+00 1.000000e-01
3.118690e+03 0.000000e+00 1.000000e+00 1.000000e-01
3.118700e+03 0.000000e+00 1.000000e+00 1.000000e-01
3.118710e+03 0.000000e+00 1.000000e+00 1.000000e-01
3.118720e+03 0.000000e+00 1.000000e+00 1.000000e-01
3.118730e+03 0.000000e+00 1.000000e+00 1.000000e-01
3.118740e+03 0.000000e+00 1.000000e+00 1.000000e-01
3.118750e+03 0.000000e+00 1.000000e+00 1.000000e-01
3.118760e+03 0.000000e+00 1.000000e+00 1.000000e-01
3.118770e+03 0.000000e+00 1.000000e+00 1.000000e-01
3.118780e+03 0.000000e+00 1.000000e+00 1.000000e-01
3.118790e+03 0.000000e+00 1.000000e+00 1.000000e-01
3.118800e+03 0.000000e+00 1.000000e+00 1.000000e-01
3.118810e+03 0.000000e+00 1.000000e+00 1.000000e-01
3.118820e+03 0.000000e+00 1.000000e+00 1.000000e-01
3.118830e+03 0.000000e+00 1.000000e+00 1.000000e-01
3.118840e+03 0.000000e+00 1.000000e+00 1.000000e-01
3.118850e+03 0.000000e+00 1.000000e+00 1.000000e-01
3.118860e+03 0.000000e+00 1.000000e+00 1.000000e-01
3.118870e+03 0.000000e+00 1.000000e+00 1.000000e-01
3.118880e+03 0.000000e+00 1.000000e+00 1.000000e-01
3.118890e+03 0.000000e+00 1.000000e+00 1.000000e-01
3.118900e+03 0.000000e+00 1.000000e+00 1.000000e-01
3.118910e+03 0.000000e+00 1.000000e+00 1.000000e-01
3.118920e+03 0.000000e+00 1.000000e+00 1.000000e-01
3.118930e+03 0.000000e+00 1.000000e+00 1.000000e-01
3.118940e+03 0.000000e+00 1.000000e+00 1.000000e-01
3.118950e+03 0.000000e+00 1.000000e+00 1.000000e-01
3.118960e+03 0.000000e+00 1.000000e+00 1.000000e-01
3.118970e+03 0.000000e+00 1.000000e+00 1.000000e-01
3.118980e+03 0.000000e+00 1.000000e+00 1.000000e-01
3.118990e+03 0.000000e+00 1.000000e+00 1.000000e-01
3.119000e+03 0.000000e+00 1.000000e+00 1.000000e-01
3.119010e+03 0.000000e+00 1.000000e+00 1.000000e-01
3.119020e+03 0.000000e+00 1.000000e+00 1.000000e-01
3.119030e+03 0.000000e+00 1.000000e+00 1.000000e-01
3.119040e+03 0.000000e+00 1.000000e+00 1.000000e-01
3.119050e+03 0.000000e+00 1.000000e+00 1.000000e-01
3.119060e+03 0.000000e+00 1.000000e+00 1.000000e-01
3.119070e+03 0.000000e+00 1.000000e+00 1.000000e-01
3.119080e+03 0.000000e+00 1.000000e+00 1.000000e-01
3.119090e+03 0.000000e+00 1.000000e+00 1.000000e-01
3.119100e+03 0.000000e+00 1.000000e+00 1.000000e-01
3.119110e+03 0.000000e+00 1.000000e+00 1.000000e-01
3.119120e+03 0.000000e+00 1.000000e+00 1.000000e-01
3.119130e+03 0.000000e+00 1.000000e+00 1.000000e-01
3.119140e+03 0.000000e+00 1.000000e+00 1.000000e-01
3.119150e+03 0.000000e+00 1.000000e+00 1.000000e-01
3.119160e+03 0.000000e+00 1.000000e+00 1.000000e-01
3.119170e+03 0.000000e+00 1.000000e+00 1.000000e-01
3.119180e+03 0.000000e+00 1.000000e+00 1.000000e-01
3.119190e+03 0.000000e+00 1.000000e+00 1.000000e-01
3.119200e+03 0.000000e+00 1.000000e+00 1.000000e-01
3.119210e+03 0.000000e+00 1.000000e+00 1.000000e-01
3.119220e+03 0.000000e+00 1.000000e+00 1.000000e-01
3.119230e+03 0.000000e+00 1.000000e+00 1.000000e-01
3.119240e+03 0.000000e+00 1.000000e+00 1.000000e-01
3.119250e+03 0.000000e+00 1.000000e+00 1.000000e-01
3.119260e+03 0.000000e+00 1.000000e+00 1.000000e-01
3.119270e+03 0.000000e+00 1.000000e+00 1.000000e-01
3.119280e+03 0.000000e+00 1.000000e+00 1.000000e-01
3.119290e+03 0.000000e+00 1.000000e+00 1.000000e-01
3.119300e+03 0.000000e+00 1.000000e+00 1.000000e-01
3.119310e+03 0.000000e+00 1.000000e+00 1.000000e-01
3.119320e+03 0.000000e+00 1.000000e+00 1.000000e-01
3.119330e+03 0.000000e+00 1.000000e+00 1.000000e-01
3.119340e+03 0.000000e+00 1.000000e+00 1.000000e-01
3.119350e+03 0.000000e+00 1.000000e+00 1.000000e-01
3.119360e+03 0.000000e+00 1.000000e+00 1.000000e-01
3.119370e+03 0.000000e+00 1.000000e+00 1.000000e-01
3.119380e+03 0.000000e+00 1.000000e+00 1.000000e-01
3.119390e+03 0.000000e+00 1.000000e+00 1.000000e-01
3.119400e+03 0.000000e+00 1.000000e+00 1.000000e-01
3.119410e+03 0.000000e+00 1.000000e+00 1.000000e-01
3.119420e+03 0.000000e+00 1.000000e+00 1.000000e-01
3.119430e+03 0.000000e+00 1.000000e+00 1.000000e-01
3.119440e+03 0.000000e+00 1.000000e+00 1.000000e-01
3.119450e+03 0.000000e+00 1.000000e+00 1.000000e-01
3.119460e+03 0.000000e+00 1.000000e+00 1.000000e-01
3.119470e+03 0.000000e+00 1.000000e+00 1.000000e-01
3.119480e+03 0.000000e+00 1.000000e+00 1.000000e-01
3.119490e+03 0.000000e+00 1.000000e+00 1.000000e-01
3.119500e+03 0.000000e+00 1.000000e+00 1.000000e-01
3.119510e+03 0.000000e+00 1.000000e+00 1.000000e-01
3.119520e+03 0.000000e+00 1.000000e+00 1.000000e-01
3.119530e+03 0.000000e+00 1.000000e+00 1.000000e-01
3.119540e+03 0.000000e+00 1.000000e+00 1.000000e-01
3.119550e+03 0.000000e+00 1.000000e+00 1.000000e-01
3.119560e+03 0.000000e+00 1.000000e+00 1.000000e-01
3.119570e+03 0.000000e+00 1.000000e+00 1.000000e-01
3.119580e+03 0.000000e+00 1.000000e+00 1.000000e-01
3.119590e+03 0.000000e+00 1.000000e+00 1.000000e-01
3.119600e+03 0.000000e+00 1.000000e+00 1.000000e-01
3.119610e+03 0.000000e+00 1.000000e+00 1.000000e-01
3.119620e+03 0.000000e+00 1.000000e+00 1.000000e-01
3.119630e+03 0.000000e+00 1.000000e+00 1.000000e-01
3.119640e+03 0.000000e+00 1.000000e+00 1.000000e-01
3.119650e+03 0.000000e+00 1.000000e+00 1.000000e-01
3.119660e+03 0.000000e+00 1.000000e+00 1.000000e-01
3.119670e+03 0.000000e+00 1.000000e+00 1.000000e-01
3.119680e+03 0.000000e+00 1.000000e+00 1.000000e-01
3.119690e+03 0.000000e+00 1.000000e+00 1.000000e-01
3.119700e+03 0.000000e+00 1.000000e+00 1.000000e-01
3.119710e+03 0.000000e+00 1.000000e+00 1.000000e-01
3.119720e+03 0.000000e+00 1.000000e+00 1.000000e-01
3.119730e+03 0.000000e+00 1.000000e+00 1.000000e-01
3.119740e+03 0.000000e+00 1.000000e+00 1.000000e-01
3.119750e+03 0.000000e+00 1.000000e+00 1.000000e-01
3.119760e+03 0.000000e+00 1.000000e+00 1.000000e-01
3.119770e+03 0.000000e+00 1.000000e+00 1.000000e-01
3.119780e+03 0.000000e+00 1.000000e+00 1.000000e-01
3.119790e+03 0.000000e+00 1.000000e+00 1.000000e-01
3.119800e+03 0.000000e+00 1.000000e+00 1.000000e-01
3.119810e+03 0.000000e+00 1.000000e+00 1.000000e-01
3.119820e+03 0.000000e+00 1.000000e+00 1.000000e-01
3.119830e+03 0.000000e+00 1.000000e+00 1.000000e-01
3.119840e+03 0.000000e+00 1.000000e+00 1.000000e-01
3.119850e+03 0.000000e+00 1.000000e+00 1.000000e-01
3.119860e+03 0.000000e+00 1.000000e+00 1.000000e-01
3.119870e+03 0.000000e+00 1.000000e+00 1.000000e-01
3.119880e+03 0.000000e+00 1.000000e+00 1.000000e-01
3.119890e+03 0.000000e+00 1.000000e+00 1.000000e-01
3.119900e+03 0.000000e+00 1.000000e+00 1.000000e-01
3.119910e+03 0.000000e+00 1.000000e+00 1.000000e-01
3.119920e+03 0.000000e+00 1.000000e+00 1.000000e-01
3.119930e+03 0.000000e+00 1.000000e+00 1.000000e-01
3.119940e+03 0.000000e+00 1.000000e+00 1.000000e-01
3.119950e+03 0.000000e+00 1.000000e+00 1.000000e-01
3.119960e+03 0.000000e+00 1.000000e+00 1.000000e-01
3.119970e+03 0.000000e+00 1.000000e+00 1.000000e-01
3.119980e+03 0.000000e+00 1.000000e+00 1.000000e-01
3.119990e+03 0.000000e+00 1.000000e+00 1.000000e-01
3.120000e+03 0.000000e+00 1.000000e+00 1.000000e-01
3.120010e+03 0.000000e+00 1.000000e+00 1.000000e-01
3.120020e+03 0.000000e+00 1.000000e+00 1.000000e-01
3.120030e+03 0.000000e+00 1.000000e+00 1.000000e-01
3.120040e+03 0.000000e+00 1.000000e+00 1.000000e-01
3.120050e+03 0.000000e+00 1.000000e+00 1.000000e-01
3.120060e+03 0.000000e+00 1.000000e+00 1.000000e-01
3.120070e+03 0.000000e+00 1.000000e+00 1.000000e-01
3.120080e+03 0.000000e+00 1.000000e+00 1.000000e-01
3.120090e+03 0.000000e+00 1.000000e+00 1.000000e-01
3.120100e+03 0.000000e+00 1.000000e+00 1.000000e-01
3.120110e+03 0.000000e+00 1.000000e+00 1.000000e-01
3.120120e+03 0.000000e+00 1.000000e+00 1.000000e-01
3.120130e+03 0.000000e+00 1.000000e+00 1.000000e-01
3.120140e+03 0.000000e+00 1.000000e+00 1.000000e-01
3.120150e+03 0.000000e+00 1.000000e+00 1.000000e-01
3.120160e+03 0.000000e+00 1.000000e+00 1.000000e-01
3.120170e+03 0.000000e+00 1.000000e+00 1.000000e-01
3.120180e+03 0.000000e+00 1.000000e+00 1.000000e-01
3.120190e+03 0.000000e+00 1.000000e+00 1.000000e-01
3.120200e+03 0.000000e+00 1.000000e+00 1.000000e-01
3.120210e+03 0.000000e+00 1.000000e+00 1.000000e-01
3.120220e+03 0.000000e+00 1.000000e+00 1.000000e-01
3.120230e+03 0.000000e+00 1.000000e+00 1.000000e-01
3.120240e+03 0.000000e+00 1.000000e+00 1.000000e-01
3.120250e+03 0.000000e+00 1.000000e+00 1.000000e-01
3.120260e+03 0.000000e+00 1.000000e+00 1.000000e-01
3.120270e+03 0.000000e+00 1.000000e+00 1.000000e-01
3.120280e+03 0.000000e+00 1.000000e+00 1.000000e-01
3.120290e+03 0.000000e+00 1.000000e+00 1.000000e-01
3.120300e+03 0.000000e+00 1.000000e+00 1.000000e-01
3.120310e+03 0.000000e+00 1.000000e+00 1.000000e-01
3.120320e+03 0.000000e+00 1.000000e+00 1.000000e-01
3.120330e+03 0.000000e+00 1.000000e+00 1.000000e-01
3.120340e+03 0.000000e+00 1.000000e+00 1.000000e-01
3.120350e+03 0.000000e+00 1.000000e+00 1.000000e-01
3.120360e+03 0.000000e+00 1.000000e+00 1.000000e-01
3.120370e+03 0.000000e+00 1.000000e+00 1.000000e-01
3.120380e+03 0.000000e+00 1.000000e+00 1.000000e-01
3.120390e+03 0.000000e+00 1.000000e+00 1.000000e-01
3.120400e+03 0.000000e+00 1.000000e+00 1.000000e-01
3.120410e+03 0.000000e+00 1.000000e+00 1.000000e-01
3.120420e+03 0.000000e+00 1.000000e+00 1.000000e-01
3.120430e+03 0.000000e+00 1.000000e+00 1.000000e-01
3.120440e+03 0.000000e+00 1.000000e+00 1.000000e-01
3.120450e+03 0.000000e+00 1.000000e+00 1.000000e-01
3.120460e+03 0.000000e+00 1.000000e+00 1.000000e-01
3.120470e+03 0.000000e+00 1.000000e+00 1.000000e-01
3.120480e+03 0.000000e+00 1.000000e+00 1.000000e-01
3.120490e+03 0.000000e+00 1.000000e+00 1.000000e-01
3.120500e+03 0.000000e+00 1.000000e+00 1.000000e-01
3.120510e+03 0.000000e+00 1.000000e+00 1.000000e-01
3.120520e+03 0.000000e+00 1.000000e+00 1.000000e-01
3.120530e+03 0.000000e+00 1.000000e+00 1.000000e-01
3.120540e+03 0.000000e+00 1.000000e+00 1.000000e-01
3.120550e+03 0.000000e+00 1.000000e+00 1.000000e-01
3.120560e+03 0.000000e+00 1.000000e+00 1.000000e-01
3.120570e+03 0.000000e+00 1.000000e+00 1.000000e-01
3.120580e+03 0.000000e+00 1.000000e+00 1.000000e-01
3.120590e+03 0.000000e+00 1.000000e+00 1.000000e-01
3.120600e+03 0.000000e+00 1.000000e+00 1.000000e-01
3.120610e+03 0.000000e+00 1.000000e+00 1.000000e-01
3.120620e+03 0.000000e+00 1.000000e+00 1.000000e-01
3.120630e+03 0.000000e+00 1.000000e+00 1.000000e-01
3.120640e+03 0.000000e+00 1.000000e+00 1.000000e-01
3.120650e+03 0.000000e+00 1.000000e+00 1.000000e-01
3.120660e+03 0.000000e+00 1.000000e+00 1.000000e-01
3.120670e+03 0.000000e+00 1.000000e+00 1.000000e-01
3.120680e+03 0.000000e+00 1.000000e+00 1.000000e-01
3.120690e+03 0.000000e+00 1.000000e+00 1.000000e-01
3.120700e+03 0.000000e+00 1.000000e+00 1.000000e-01
3.120710e+03 0.000000e+00 1.000000e+00 1.000000e-01
3.120720e+03 0.000000e+00 1.000000e+00 1.000000e-01
3.120730e+03 0.000000e+00 1.000000e+00 1.000000e-01
3.120740e+03 0.000000e+00 1.000000e+00 1.000000e-01
3.120750e+03 0.000000e+00 1.000000e+00 1.000000e-01
3.120760e+03 0.000000e+00 1.000000e+00 1.000000e-01
3.120770e+03 0.000000e+00 1.000000e+00 1.000000e-01
3.120780e+03 0.000000e+00 1.000000e+00 1.000000e-01
3.120790e+03 0.000000e+00 1.000000e+00 1.000000e-01
3.120800e+03 0.000000e+00 1.000000e+00 1.000000e-01
3.120810e+03 0.000000e+00 1.000000e+00 1.000000e-01
3.120820e+03 0.000000e+00 1.000000e+00 1.000000e-01
3.120830e+03 0.000000e+00 1.000000e+00 1.000000e-01
3.120840e+03 0.000000e+00 1.000000e+00 1.000000e-01
3.120850e+03 0.000000e+00 1.000000e+00 1.000000e-01
3.120860e+03 0.000000e+00 1.000000e+00 1.000000e-01
3.120870e+03 0.000000e+00 1.000000e+00 1.000000e-01
3.120880e+03 0.000000e+00 1.000000e+00 1.000000e-01
3.120890e+03 0.000000e+00 1.000000e+00 1.000000e-01
3.120900e+03 0.000000e+00 1.000000e+00 1.000000e-01
3.120910e+03 0.000000e+00 1.000000e+00 1.000000e-01
3.120920e+03 0.000000e+00 1.000000e+00 1.000000e-01
3.120930e+03 0.000000e+00 1.000000e+00 1.000000e-01
3.120940e+03 0.000000e+00 1.000000e+00 1.000000e-01
3.120950e+03 0.000000e+00 1.000000e+00 1.000000e-01
3.120960e+03 0.000000e+00 1.000000e+00 1.000000e-01
3.120970e+03 0.000000e+00 1.000000e+00 1.000000e-01
3.120980e+03 0.000000e+00 1.000000e+00 1.000000e-01
3.120990e+03 0.000000e+00 1.000000e+00 1.000000e-01
3.121000e+03 0.000000e+00 1.000000e+00 1.000000e-01
