# wavelength[A] tau flux flux_error
5.567000e+03 0.000000e+00 1.000000e+00 1.000000e-01
5.567010e+03 0.000000e+00 1.000000e+00 1.000000e-01
5.567020e+03 0.000000e+00 1.000000e+00 1.000000e-01
5.567030e+03 0.000000e+00 1.000000e+00 1.000000e-01
5.567040e+03 0.000000e+00 1.000000e+00 1.000000e-01
5.567050e+03 0.000000e+00 1.000000e+00 1.000000e-01
5.567060e+03 0.000000e+00 1.000000e+00 1.000000e-01
5.567070e+03 0.000000e+00 1.000000e+00 1.000000e-01
5.567080e+03 0.000000e+00 1.000000e+00 1.000000e-01
5.567090e+03 0.000000e+00 1.000000e+00 1.000000e-01
5.567100e+03 0.000000e+00 1.000000e+00 1.000000e-01
5.567110e+03 0.000000e+00 1.000000e+00 1.000000e-01
5.567120e+03 0.000000e+00 1.000000e+00 1.000000e-01
5.567130e+03 0.000000e+00 1.000000e+00 1.000000e-01
5.567140e+03 0.000000e+00 1.000000e+00 1.000000e-01
5.567150e+03 0.000000e+00 1.000000e+00 1.000000e-01
5.567160e+03 0.000000e+00 1.000000e+00 1.000000e-01
5.567170e+03 0.000000e+00 1.000000e+00 1.000000e-01
5.567180e+03 0.000000e+00 1.000000e+00 1.000000e-01
5.567190e+03 0.000000e+00 1.000000e+00 1.000000e-01
5.567200e+03 0.000000e+00 1.000000e+00 1.000000e-01
5.567210e+03 0.000000e+00 1.000000e+00 1.000000e-01
5.567220e+03 0.000000e+00 1.000000e+00 1.000000e-01
5.567230e+03 0.000000e+00 1.000000e+00 1.000000e-01
5.567240e+03 0.000000e+00 1.000000e+00 1.000000e-01
5.567250e+03 0.000000e+00 1.000000e+00 1.000000e-01
5.567260e+03 0.000000e+00 1.000000e+00 1.000000e-01
5.567270e+03 0.000000e+00 1.000000e+00 1.000000e-01
5.567280e+03 0.000000e+00 1.000000e+00 1.000000e-01
5.567290e+03 0.000000e+00 1.000000e+00 1.000000e-01
5.567300e+03 0.000000e+00 1.000000e+00 1.000000e-01
5.567310e+03 0.000000e+00 1.000000e+00 1.000000e-01
5.567320e+03 0.000000e+00 1.000000e+00 1.000000e-01
5.567330e+03 0.000000e+00 1.000000e+00 1.000000e-01
5.567340e+03 0.000000e+00 1.000000e+00 1.000000e-01
5.567350e+03 0.000000e+00 1.000000e+00 1.000000e-01
5.567360e+03 0.000000e+00 1.000000e+00 1.000000e-01
5.567370e+03 0.000000e+00 1.000000e+00 1.000000e-01
5.567380e+03 0.000000e+00 1.000000e+00 1.000000e-01
5.567390e+03 0.000000e+00 1.000000e+00 1.000000e-01
5.567400e+03 0.000000e+00 1.000000e+00 1.000000e-01
5.567410e+03 0.000000e+00 1.000000e+00 1.000000e-01
5.567420e+03 0.000000e+00 1.000000e+00 1.000000e-01
5.567430e+03 0.000000e+00 1.000000e+00 1.000000e-01
5.567440e+03 0.000000e+00 1.000000e+00 1.000000e-01
5.567450e+03 0.000000e+00 1.000000e+00 1.000000e-01
5.567460e+03 0.000000e+00 1.000000e+00 1.000000e-01
5.567470e+03 0.000000e+00 1.000000e+00 1.000000e-01
5.567480e+03 0.000000e+00 1.000000e+00 1.000000e-01
5.567490e+03 0.000000e+00 1.000000e+00 1.000000e-01
5.567500e+03 0.000000e+00 1.000000e+00 1.000000e-01
5.567510e+03 0.000000e+00 1.000000e+00 1.000000e-01
5.567520e+03 0.000000e+00 1.000000e+00 1.000000e-01
5.567530e+03 0.000000e+00 1.000000e+00 1.000000e-01
5.567540e+03 0.000000e+00 1.000000e+00 1.000000e-01
5.567550e+03 0.000000e+00 1.000000e+00 1.000000e-01
5.567560e+03 0.000000e+00 1.000000e+00 1.000000e-01
5.567570e+03 0.000000e+00 1.000000e+00 1.000000e-01
5.567580e+03 0.000000e+00 1.000000e+00 1.000000e-01
5.567590e+03 0.000000e+00 1.000000e+00 1.000000e-01
5.567600e+03 0.000000e+00 1.000000e+00 1.000000e-01
5.567610e+03 0.000000e+00 1.000000e+00 1.000000e-01
5.567620e+03 0.000000e+00 1.000000e+00 1.000000e-01
5.567630e+03 0.000000e+00 1.000000e+00 1.000000e-01
5.567640e+03 0.000000e+00 1.000000e+00 1.000000e-01
5.567650e+03 0.000000e+00 1.000000e+00 1.000000e-01
5.567660e+03 0.000000e+00 1.000000e+00 1.000000e-01
5.567670e+03 0.000000e+00 1.000000e+00 1.000000e-01
5.567680e+03 0.000000e+00 1.000000e+00 1.000000e-01
5.567690e+03 0.000000e+00 1.000000e+00 1.000000e-01
5.567700e+03 0.000000e+00 1.000000e+00 1.000000e-01
5.567710e+03 0.000000e+00 1.000000e+00 1.000000e-01
5.567720e+03 0.000000e+00 1.000000e+00 1.000000e-01
5.567730e+03 0.000000e+00 1.000000e+00 1.000000e-01
5.567740e+03 0.000000e+00 1.000000e+00 1.000000e-01
5.567750e+03 0.000000e+00 1.000000e+00 1.000000e-01
5.567760e+03 0.000000e+00 1.000000e+00 1.000000e-01
5.567770e+03 0.000000e+00 1.000000e+00 1.000000e-01
5.567780e+03 0.000000e+00 1.000000e+00 1.000000e-01
5.567790e+03 0.000000e+00 1.000000e+00 1.000000e-01
5.567800e+03 0.000000e+00 1.000000e+00 1.000000e-01
5.567810e+03 0.000000e+00 1.000000e+00 1.000000e-01
5.567820e+03 0.000000e+00 1.000000e+00 1.000000e-01
5.567830e+03 0.000000e+00 1.000000e+00 1.000000e-01
5.567840e+03 0.000000e+00 1.000000e+00 1.000000e-01
5.567850e+03 0.000000e+00 1.000000e+00 1.000000e-01
5.567860e+03 0.000000e+00 1.000000e+00 1.000000e-01
5.567870e+03 0.000000e+00 1.000000e+00 1.000000e-01
5.567880e+03 0.000000e+00 1.000000e+00 1.000000e-01
5.567890e+03 0.000000e+00 1.000000e+00 1.000000e-01
5.567900e+03 0.000000e+00 1.000000e+00 1.000000e-01
5.567910e+03 0.000000e+00 1.000000e+00 1.000000e-01
5.567920e+03 0.000000e+00 1.000000e+00 1.000000e-01
5.567930e+03 0.000000e+00 1.000000e+00 1.000000e-01
5.567940e+03 0.000000e+00 1.000000e+00 1.000000e-01
5.567950e+03 0.000000e+00 1.000000e+00 1.000000e-01
5.567960e+03 0.000000e+00 1.000000e+00 1.000000e-01
5.567970e+03 0.000000e+00 1.000000e+00 1.000000e-01
5.567980e+03 0.000000e+00 1.000000e+00 1.000000e-01
5.567990e+03 0.000000e+00 1.000000e+00 1.000000e-01
5.568000e+03 0.000000e+00 1.000000e+00 1.000000e-01
5.568010e+03 0.000000e+00 1.000000e+00 1.000000e-01
5.568020e+03 0.000000e+00 1.000000e+00 1.000000e-01
5.568030e+03 0.000000e+00 1.000000e+00 1.000000e-01
5.568040e+03 0.000000e+00 1.000000e+00 1.000000e-01
5.568050e+03 0.000000e+00 1.000000e+00 1.000000e-01
5.568060e+03 0.000000e+00 1.000000e+00 1.000000e-01
5.568070e+03 0.000000e+00 1.000000e+00 1.000000e-01
5.568080e+03 0.000000e+00 1.000000e+00 1.000000e-01
5.568090e+03 0.000000e+00 1.000000e+00 1.000000e-01
5.568100e+03 0.000000e+00 1.000000e+00 1.000000e-01
5.568110e+03 0.000000e+00 1.000000e+00 1.000000e-01
5.568120e+03 0.000000e+00 1.000000e+00 1.000000e-01
5.568130e+03 0.000000e+00 1.000000e+00 1.000000e-01
5.568140e+03 0.000000e+00 1.000000e+00 1.000000e-01
5.568150e+03 0.000000e+00 1.000000e+00 1.000000e-01
5.568160e+03 0.000000e+00 1.000000e+00 1.000000e-01
5.568170e+03 0.000000e+00 1.000000e+00 1.000000e-01
5.568180e+03 0.000000e+00 1.000000e+00 1.000000e-01
5.568190e+03 0.000000e+00 1.000000e+00 1.000000e-01
5.568200e+03 0.000000e+00 1.000000e+00 1.000000e-01
5.568210e+03 0.000000e+00 1.000000e+00 1.000000e-01
5.568220e+03 0.000000e+00 1.000000e+00 1.000000e-01
5.568230e+03 0.000000e+00 1.000000e+00 1.000000e-01
5.568240e+03 0.000000e+00 1.000000e+00 1.000000e-01
5.568250e+03 0.000000e+00 1.000000e+00 1.000000e-01
5.568260e+03 0.000000e+00 1.000000e+00 1.000000e-01
5.568270e+03 0.000000e+00 1.000000e+00 1.000000e-01
5.568280e+03 0.000000e+00 1.000000e+00 1.000000e-01
5.568290e+03 0.000000e+00 1.000000e+00 1.000000e-01
5.568300e+03 0.000000e+00 1.000000e+00 1.000000e-01
5.568310e+03 0.000000e+00 1.000000e+00 1.000000e-01
5.568320e+03 0.000000e+00 1.000000e+00 1.000000e-01
5.568330e+03 0.000000e+00 1.000000e+00 1.000000e-01
5.568340e+03 0.000000e+00 1.000000e+00 1.000000e-01
5.568350e+03 0.000000e+00 1.000000e+00 1.000000e-01
5.568360e+03 0.000000e+00 1.000000e+00 1.000000e-01
5.568370e+03 0.000000e+00 1.000000e+00 1.000000e-01
5.568380e+03 0.000000e+00 1.000000e+00 1.000000e-01
5.568390e+03 0.000000e+00 1.000000e+00 1.000000e-01
5.568400e+03 0.000000e+00 1.000000e+00 1.000000e-01
5.568410e+03 0.000000e+00 1.000000e+00 1.000000e-01
5.568420e+03 0.000000e+00 1.000000e+00 1.000000e-01
5.568430e+03 0.000000e+00 1.000000e+00 1.000000e-01
5.568440e+03 0.000000e+00 1.000000e+00 1.000000e-01
5.568450e+03 0.000000e+00 1.000000e+00 1.000000e-01
5.568460e+03 0.000000e+00 1.000000e+00 1.000000e-01
5.568470e+03 0.000000e+00 1.000000e+00 1.000000e-01
5.568480e+03 0.000000e+00 1.000000e+00 1.000000e-01
5.568490e+03 0.000000e+00 1.000000e+00 1.000000e-01
5.568500e+03 0.000000e+00 1.000000e+00 1.000000e-01
5.568510e+03 0.000000e+00 1.000000e+00 1.000000e-01
5.568520e+03 0.000000e+00 1.000000e+00 1.000000e-01
5.568530e+03 0.000000e+00 1.000000e+00 1.000000e-01
5.568540e+03 0.000000e+00 1.000000e+00 1.000000e-01
5.568550e+03 0.000000e+00 1.000000e+00 1.000000e-01
5.568560e+03 0.000000e+00 1.000000e+00 1.000000e-01
5.568570e+03 0.000000e+00 1.000000e+00 1.000000e-01
5.568580e+03 0.000000e+00 1.000000e+00 1.000000e-01
5.568590e+03 0.000000e+00 1.000000e+00 1.000000e-01
5.568600e+03 0.000000e+00 1.000000e+00 1.000000e-01
5.568610e+03 0.000000e+00 1.000000e+00 1.000000e-01
5.568620e+03 0.000000e+00 1.000000e+00 1.000000e-01
5.568630e+03 0.000000e+00 1.000000e+00 1.000000e-01
5.568640e+03 0.000000e+00 1.000000e+00 1.000000e-01
5.568650e+03 0.000000e+00 1.000000e+00 1.000000e-01
5.568660e+03 0.000000e+00 1.000000e+00 1.000000e-01
5.568670e+03 0.000000e+00 1.000000e+00 1.000000e-01
5.568680e+03 0.000000e+00 1.000000e+00 1.000000e-01
5.568690e+03 0.000000e+00 1.000000e+00 1.000000e-01
5.568700e+03 0.000000e+00 1.000000e+00 1.000000e-01
5.568710e+03 0.000000e+00 1.000000e+00 1.000000e-01
5.568720e+03 0.000000e+00 1.000000e+00 1.000000e-01
5.568730e+03 0.000000e+00 1.000000e+00 1.000000e-01
5.568740e+03 0.000000e+00 1.000000e+00 1.000000e-01
5.568750e+03 0.000000e+00 1.000000e+00 1.000000e-01
5.568760e+03 0.000000e+00 1.000000e+00 1.000000e-01
5.568770e+03 0.000000e+00 1.000000e+00 1.000000e-01
5.568780e+03 0.000000e+00 1.000000e+00 1.000000e-01
5.568790e+03 0.000000e+00 1.000000e+00 1.000000e-01
5.568800e+03 0.000000e+00 1.000000e+00 1.000000e-01
5.568810e+03 0.000000e+00 1.000000e+00 1.000000e-01
5.568820e+03 0.000000e+00 1.000000e+00 1.000000e-01
5.568830e+03 0.000000e+00 1.000000e+00 1.000000e-01
5.568840e+03 0.000000e+00 1.000000e+00 1.000000e-01
5.568850e+03 0.000000e+00 1.000000e+00 1.000000e-01
5.568860e+03 0.000000e+00 1.000000e+00 1.000000e-01
5.568870e+03 0.000000e+00 1.000000e+00 1.000000e-01
5.568880e+03 0.000000e+00 1.000000e+00 1.000000e-01
5.568890e+03 0.000000e+00 1.000000e+00 1.000000e-01
5.568900e+03 0.000000e+00 1.000000e+00 1.000000e-01
5.568910e+03 0.000000e+00 1.000000e+00 1.000000e-01
5.568920e+03 0.000000e+00 1.000000e+00 1.000000e-01
5.568930e+03 0.000000e+00 1.000000e+00 1.000000e-01
5.568940e+03 0.000000e+00 1.000000e+00 1.000000e-01
5.568950e+03 0.000000e+00 1.000000e+00 1.000000e-01
5.568960e+03 0.000000e+00 1.000000e+00 1.000000e-01
5.568970e+03 0.000000e+00 1.000000e+00 1.000000e-01
5.568980e+03 0.000000e+00 1.000000e+00 1.000000e-01
5.568990e+03 0.000000e+00 1.000000e+00 1.000000e-01
5.569000e+03 0.000000e+00 1.000000e+00 1.000000e-01
5.569010e+03 0.000000e+00 1.000000e+00 1.000000e-01
5.569020e+03 0.000000e+00 1.000000e+00 1.000000e-01
5.569030e+03 0.000000e+00 1.000000e+00 1.000000e-01
5.569040e+03 0.000000e+00 1.000000e+00 1.000000e-01
5.569050e+03 0.000000e+00 1.000000e+00 1.000000e-01
5.569060e+03 0.000000e+00 1.000000e+00 1.000000e-01
5.569070e+03 0.000000e+00 1.000000e+00 1.000000e-01
5.569080e+03 0.000000e+00 1.000000e+00 1.000000e-01
5.569090e+03 0.000000e+00 1.000000e+00 1.000000e-01
5.569100e+03 0.000000e+00 1.000000e+00 1.000000e-01
5.569110e+03 0.000000e+00 1.000000e+00 1.000000e-01
5.569120e+03 0.000000e+00 1.000000e+00 1.000000e-01
5.569130e+03 0.000000e+00 1.000000e+00 1.000000e-01
5.569140e+03 0.000000e+00 1.000000e+00 1.000000e-01
5.569150e+03 0.000000e+00 1.000000e+00 1.000000e-01
5.569160e+03 0.000000e+00 1.000000e+00 1.000000e-01
5.569170e+03 0.000000e+00 1.000000e+00 1.000000e-01
5.569180e+03 0.000000e+00 1.000000e+00 1.000000e-01
5.569190e+03 0.000000e+00 1.000000e+00 1.000000e-01
5.569200e+03 0.000000e+00 1.000000e+00 1.000000e-01
5.569210e+03 0.000000e+00 1.000000e+00 1.000000e-01
5.569220e+03 0.000000e+00 1.000000e+00 1.000000e-01
5.569230e+03 0.000000e+00 1.000000e+00 1.000000e-01
5.569240e+03 0.000000e+00 1.000000e+00 1.000000e-01
5.569250e+03 0.000000e+00 1.000000e+00 1.000000e-01
5.569260e+03 0.000000e+00 1.000000e+00 1.000000e-01
5.569270e+03 0.000000e+00 1.000000e+00 1.000000e-01
5.569280e+03 0.000000e+00 1.000000e+00 1.000000e-01
5.569290e+03 0.000000e+00 1.000000e+00 1.000000e-01
5.569300e+03 0.000000e+00 1.000000e+00 1.000000e-01
5.569310e+03 0.000000e+00 1.000000e+00 1.000000e-01
5.569320e+03 0.000000e+00 1.000000e+00 1.000000e-01
5.569330e+03 0.000000e+00 1.000000e+00 1.000000e-01
5.569340e+03 0.000000e+00 1.000000e+00 1.000000e-01
5.569350e+03 0.000000e+00 1.000000e+00 1.000000e-01
5.569360e+03 0.000000e+00 1.000000e+00 1.000000e-01
5.569370e+03 0.000000e+00 1.000000e+00 1.000000e-01
5.569380e+03 0.000000e+00 1.000000e+00 1.000000e-01
5.569390e+03 0.000000e+00 1.000000e+00 1.000000e-01
5.569400e+03 0.000000e+00 1.000000e+00 1.000000e-01
5.569410e+03 0.000000e+00 1.000000e+00 1.000000e-01
5.569420e+03 0.000000e+00 1.000000e+00 1.000000e-01
5.569430e+03 0.000000e+00 1.000000e+00 1.000000e-01
5.569440e+03 0.000000e+00 1.000000e+00 1.000000e-01
5.569450e+03 0.000000e+00 1.000000e+00 1.000000e-01
5.569460e+03 0.000000e+00 1.000000e+00 1.000000e-01
5.569470e+03 0.000000e+00 1.000000e+00 1.000000e-01
5.569480e+03 0.000000e+00 1.000000e+00 1.000000e-01
5.569490e+03 0.000000e+00 1.000000e+00 1.000000e-01
5.569500e+03 0.000000e+00 1.000000e+00 1.000000e-01
5.569510e+03 0.000000e+00 1.000000e+00 1.000000e-01
5.569520e+03 0.000000e+00 1.000000e+00 1.000000e-01
5.569530e+03 0.000000e+00 1.000000e+00 1.000000e-01
5.569540e+03 0.000000e+00 1.000000e+00 1.000000e-01
5.569550e+03 0.000000e+00 1.000000e+00 1.000000e-01
5.569560e+03 0.000000e+00 1.000000e+00 1.000000e-01
5.569570e+03 0.000000e+00 1.000000e+00 1.000000e-01
5.569580e+03 0.000000e+00 1.000000e+00 1.000000e-01
5.569590e+03 0.000000e+00 1.000000e+00 1.000000e-01
5.569600e+03 0.000000e+00 1.000000e+00 1.000000e-01
5.569610e+03 0.000000e+00 1.000000e+00 1.000000e-01
5.569620e+03 0.000000e+00 1.000000e+00 1.000000e-01
5.569630e+03 0.000000e+00 1.000000e+00 1.000000e-01
5.569640e+03 0.000000e+00 1.000000e+00 1.000000e-01
5.569650e+03 0.000000e+00 1.000000e+00 1.000000e-01
5.569660e+03 0.000000e+00 1.000000e+00 1.000000e-01
5.569670e+03 0.000000e+00 1.000000e+00 1.000000e-01
5.569680e+03 0.000000e+00 1.000000e+00 1.000000e-01
5.569690e+03 0.000000e+00 1.000000e+00 1.000000e-01
5.569700e+03 0.000000e+00 1.000000e+00 1.000000e-01
5.569710e+03 0.000000e+00 1.000000e+00 1.000000e-01
5.569720e+03 0.000000e+00 1.000000e+00 1.000000e-01
5.569730e+03 0.000000e+00 1.000000e+00 1.000000e-01
5.569740e+03 0.000000e+00 1.000000e+00 1.000000e-01
5.569750e+03 0.000000e+00 1.000000e+00 1.000000e-01
5.569760e+03 0.000000e+00 1.000000e+00 1.000000e-01
5.569770e+03 0.000000e+00 1.000000e+00 1.000000e-01
5.569780e+03 0.000000e+00 1.000000e+00 1.000000e-01
5.569790e+03 0.000000e+00 1.000000e+00 1.000000e-01
5.569800e+03 0.000000e+00 1.000000e+00 1.000000e-01
5.569810e+03 0.000000e+00 1.000000e+00 1.000000e-01
5.569820e+03 0.000000e+00 1.000000e+00 1.000000e-01
5.569830e+03 0.000000e+00 1.000000e+00 1.000000e-01
5.569840e+03 0.000000e+00 1.000000e+00 1.000000e-01
5.569850e+03 0.000000e+00 1.000000e+00 1.000000e-01
5.569860e+03 0.000000e+00 1.000000e+00 1.000000e-01
5.569870e+03 0.000000e+00 1.000000e+00 1.000000e-01
5.569880e+03 0.000000e+00 1.000000e+00 1.000000e-01
5.569890e+03 0.000000e+00 1.000000e+00 1.000000e-01
5.569900e+03 0.000000e+00 1.000000e+00 1.000000e-01
5.569910e+03 0.000000e+00 1.000000e+00 1.000000e-01
5.569920e+03 0.000000e+00 1.000000e+00 1.000000e-01
5.569930e+03 0.000000e+00 1.000000e+00 1.000000e-01
5.569940e+03 0.000000e+00 1.000000e+00 1.000000e-01
5.569950e+03 0.000000e+00 1.000000e+00 1.000000e-01
5.569960e+03 0.000000e+00 1.000000e+00 1.000000e-01
5.569970e+03 0.000000e+00 1.000000e+00 1.000000e-01
5.569980e+03 0.000000e+00 1.000000e+00 1.000000e-01
5.569990e+03 0.000000e+00 1.000000e+00 1.000000e-01
5.570000e+03 0.000000e+00 1.000000e+00 1.000000e-01
5.570010e+03 0.000000e+00 1.000000e+00 1.000000e-01
5.570020e+03 0.000000e+00 1.000000e+00 1.000000e-01
5.570030e+03 0.000000e+00 1.000000e+00 1.000000e-01
5.570040e+03 0.000000e+00 1.000000e+00 1.000000e-01
5.570050e+03 0.000000e+00 1.000000e+00 1.000000e-01
5.570060e+03 0.000000e+00 1.000000e+00 1.000000e-01
5.570070e+03 0.000000e+00 1.000000e+00 1.000000e-01
5.570080e+03 0.000000e+00 1.000000e+00 1.000000e-01
5.570090e+03 0.000000e+00 1.000000e+00 1.000000e-01
5.570100e+03 0.000000e+00 1.000000e+00 1.000000e-01
5.570110e+03 0.000000e+00 1.000000e+00 1.000000e-01
5.570120e+03 0.000000e+00 1.000000e+00 1.000000e-01
5.570130e+03 0.000000e+00 1.000000e+00 1.000000e-01
5.570140e+03 0.000000e+00 1.000000e+00 1.000000e-01
5.570150e+03 0.000000e+00 1.000000e+00 1.000000e-01
5.570160e+03 0.000000e+00 1.000000e+00 1.000000e-01
5.570170e+03 0.000000e+00 1.000000e+00 1.000000e-01
5.570180e+03 0.000000e+00 1.000000e+00 1.000000e-01
5.570190e+03 0.000000e+00 1.000000e+00 1.000000e-01
5.570200e+03 0.000000e+00 1.000000e+00 1.000000e-01
5.570210e+03 0.000000e+00 1.000000e+00 1.000000e-01
5.570220e+03 0.000000e+00 1.000000e+00 1.000000e-01
5.570230e+03 0.000000e+00 1.000000e+00 1.000000e-01
5.570240e+03 0.000000e+00 1.000000e+00 1.000000e-01
5.570250e+03 0.000000e+00 1.000000e+00 1.000000e-01
5.570260e+03 0.000000e+00 1.000000e+00 1.000000e-01
5.570270e+03 0.000000e+00 1.000000e+00 1.000000e-01
5.570280e+03 0.000000e+00 1.000000e+00 1.000000e-01
5.570290e+03 0.000000e+00 1.000000e+00 1.000000e-01
5.570300e+03 0.000000e+00 1.000000e+00 1.000000e-01
5.570310e+03 0.000000e+00 1.000000e+00 1.000000e-01
5.570320e+03 0.000000e+00 1.000000e+00 1.000000e-01
5.570330e+03 0.000000e+00 1.000000e+00 1.000000e-01
5.570340e+03 0.000000e+00 1.000000e+00 1.000000e-01
5.570350e+03 0.000000e+00 1.000000e+00 1.000000e-01
5.570360e+03 0.000000e+00 1.000000e+00 1.000000e-01
5.570370e+03 0.000000e+00 1.000000e+00 1.000000e-01
5.570380e+03 0.000000e+00 1.000000e+00 1.000000e-01
5.570390e+03 0.000000e+00 1.000000e+00 1.000000e-01
5.570400e+03 0.000000e+00 1.000000e+00 1.000000e-01
5.570410e+03 0.000000e+00 1.000000e+00 1.000000e-01
5.570420e+03 0.000000e+00 1.000000e+00 1.000000e-01
5.570430e+03 0.000000e+00 1.000000e+00 1.000000e-01
5.570440e+03 0.000000e+00 1.000000e+00 1.000000e-01
5.570450e+03 0.000000e+00 1.000000e+00 1.000000e-01
5.570460e+03 0.000000e+00 1.000000e+00 1.000000e-01
5.570470e+03 0.000000e+00 1.000000e+00 1.000000e-01
5.570480e+03 0.000000e+00 1.000000e+00 1.000000e-01
5.570490e+03 0.000000e+00 1.000000e+00 1.000000e-01
5.570500e+03 0.000000e+00 1.000000e+00 1.000000e-01
5.570510e+03 0.000000e+00 1.000000e+00 1.000000e-01
5.570520e+03 0.000000e+00 1.000000e+00 1.000000e-01
5.570530e+03 0.000000e+00 1.000000e+00 1.000000e-01
5.570540e+03 0.000000e+00 1.000000e+00 1.000000e-01
5.570550e+03 0.000000e+00 1.000000e+00 1.000000e-01
5.570560e+03 0.000000e+00 1.000000e+00 1.000000e-01
5.570570e+03 0.000000e+00 1.000000e+00 1.000000e-01
5.570580e+03 0.000000e+00 1.000000e+00 1.000000e-01
5.570590e+03 0.000000e+00 1.000000e+00 1.000000e-01
5.570600e+03 0.000000e+00 1.000000e+00 1.000000e-01
5.570610e+03 0.000000e+00 1.000000e+00 1.000000e-01
5.570620e+03 0.000000e+00 1.000000e+00 1.000000e-01
5.570630e+03 0.000000e+00 1.000000e+00 1.000000e-01
5.570640e+03 0.000000e+00 1.000000e+00 1.000000e-01
5.570650e+03 0.000000e+00 1.000000e+00 1.000000e-01
5.570660e+03 0.000000e+00 1.000000e+00 1.000000e-01
5.570670e+03 0.000000e+00 1.000000e+00 1.000000e-01
5.570680e+03 0.000000e+00 1.000000e+00 1.000000e-01
5.570690e+03 0.000000e+00 1.000000e+00 1.000000e-01
5.570700e+03 0.000000e+00 1.000000e+00 1.000000e-01
5.570710e+03 0.000000e+00 1.000000e+00 1.000000e-01
5.570720e+03 0.000000e+00 1.000000e+00 1.000000e-01
5.570730e+03 0.000000e+00 1.000000e+00 1.000000e-01
5.570740e+03 0.000000e+00 1.000000e+00 1.000000e-01
5.570750e+03 0.000000e+00 1.000000e+00 1.000000e-01
5.570760e+03 0.000000e+00 1.000000e+00 1.000000e-01
5.570770e+03 0.000000e+00 1.000000e+00 1.000000e-01
5.570780e+03 0.000000e+00 1.000000e+00 1.000000e-01
5.570790e+03 0.000000e+00 1.000000e+00 1.000000e-01
5.570800e+03 0.000000e+00 1.000000e+00 1.000000e-01
5.570810e+03 0.000000e+00 1.000000e+00 1.000000e-01
5.570820e+03 0.000000e+00 1.000000e+00 1.000000e-01
5.570830e+03 0.000000e+00 1.000000e+00 1.000000e-01
5.570840e+03 0.000000e+00 1.000000e+00 1.000000e-01
5.570850e+03 0.000000e+00 1.000000e+00 1.000000e-01
5.570860e+03 0.000000e+00 1.000000e+00 1.000000e-01
5.570870e+03 0.000000e+00 1.000000e+00 1.000000e-01
5.570880e+03 0.000000e+00 1.000000e+00 1.000000e-01
5.570890e+03 0.000000e+00 1.000000e+00 1.000000e-01
5.570900e+03 0.000000e+00 1.000000e+00 1.000000e-01
5.570910e+03 0.000000e+00 1.000000e+00 1.000000e-01
5.570920e+03 0.000000e+00 1.000000e+00 1.000000e-01
5.570930e+03 0.000000e+00 1.000000e+00 1.000000e-01
5.570940e+03 0.000000e+00 1.000000e+00 1.000000e-01
5.570950e+03 0.000000e+00 1.000000e+00 1.000000e-01
5.570960e+03 0.000000e+00 1.000000e+00 1.000000e-01
5.570970e+03 0.000000e+00 1.000000e+00 1.000000e-01
5.570980e+03 0.000000e+00 1.000000e+00 1.000000e-01
5.570990e+03 0.000000e+00 1.000000e+00 1.000000e-01
5.571000e+03 0.000000e+00 1.000000e+00 1.000000e-01
5.571010e+03 0.000000e+00 1.000000e+00 1.000000e-01
5.571020e+03 0.000000e+00 1.000000e+00 1.000000e-01
5.571030e+03 0.000000e+00 1.000000e+00 1.000000e-01
5.571040e+03 0.000000e+00 1.000000e+00 1.000000e-01
5.571050e+03 0.000000e+00 1.000000e+00 1.000000e-01
5.571060e+03 0.000000e+00 1.000000e+00 1.000000e-01
5.571070e+03 0.000000e+00 1.000000e+00 1.000000e-01
5.571080e+03 0.000000e+00 1.000000e+00 1.000000e-01
5.571090e+03 0.000000e+00 1.000000e+00 1.000000e-01
5.571100e+03 0.000000e+00 1.000000e+00 1.000000e-01
5.571110e+03 0.000000e+00 1.000000e+00 1.000000e-01
5.571120e+03 0.000000e+00 1.000000e+00 1.000000e-01
5.571130e+03 0.000000e+00 1.000000e+00 1.000000e-01
5.571140e+03 0.000000e+00 1.000000e+00 1.000000e-01
5.571150e+03 0.000000e+00 1.000000e+00 1.000000e-01
5.571160e+03 0.000000e+00 1.000000e+00 1.000000e-01
5.571170e+03 0.000000e+00 1.000000e+00 1.000000e-01
5.571180e+03 0.000000e+00 1.000000e+00 1.000000e-01
5.571190e+03 0.000000e+00 1.000000e+00 1.000000e-01
5.571200e+03 0.000000e+00 1.000000e+00 1.000000e-01
5.571210e+03 0.000000e+00 1.000000e+00 1.000000e-01
5.571220e+03 0.000000e+00 1.000000e+00 1.000000e-01
5.571230e+03 0.000000e+00 1.000000e+00 1.000000e-01
5.571240e+03 0.000000e+00 1.000000e+00 1.000000e-01
5.571250e+03 0.000000e+00 1.000000e+00 1.000000e-01
5.571260e+03 0.000000e+00 1.000000e+00 1.000000e-01
5.571270e+03 0.000000e+00 1.000000e+00 1.000000e-01
5.571280e+03 0.000000e+00 1.000000e+00 1.000000e-01
5.571290e+03 0.000000e+00 1.000000e+00 1.000000e-01
5.571300e+03 0.000000e+00 1.000000e+00 1.000000e-01
5.571310e+03 0.000000e+00 1.000000e+00 1.000000e-01
5.571320e+03 0.000000e+00 1.000000e+00 1.000000e-01
5.571330e+03 0.000000e+00 1.000000e+00 1.000000e-01
5.571340e+03 0.000000e+00 1.000000e+00 1.000000e-01
5.571350e+03 0.000000e+00 1.000000e+00 1.000000e-01
5.571360e+03 0.000000e+00 1.000000e+00 1.000000e-01
5.571370e+03 0.000000e+00 1.000000e+00 1.000000e-01
5.571380e+03 0.000000e+00 1.000000e+00 1.000000e-01
5.571390e+03 0.000000e+00 1.000000e+00 1.000000e-01
5.571400e+03 0.000000e+00 1.000000e+00 1.000000e-01
5.571410e+03 0.000000e+00 1.000000e+00 1.000000e-01
5.571420e+03 0.000000e+00 1.000000e+00 1.000000e-01
5.571430e+03 0.000000e+00 1.000000e+00 1.000000e-01
5.571440e+03 0.000000e+00 1.000000e+00 1.000000e-01
5.571450e+03 0.000000e+00 1.000000e+00 1.000000e-01
5.571460e+03 0.000000e+00 1.000000e+00 1.000000e-01
5.571470e+03 0.000000e+00 1.000000e+00 1.000000e-01
5.571480e+03 0.000000e+00 1.000000e+00 1.000000e-01
5.571490e+03 0.000000e+00 1.000000e+00 1.000000e-01
5.571500e+03 0.000000e+00 1.000000e+00 1.000000e-01
5.571510e+03 0.000000e+00 1.000000e+00 1.000000e-01
5.571520e+03 0.000000e+00 1.000000e+00 1.000000e-01
5.571530e+03 0.000000e+00 1.000000e+00 1.000000e-01
5.571540e+03 0.000000e+00 1.000000e+00 1.000000e-01
5.571550e+03 0.000000e+00 1.000000e+00 1.000000e-01
5.571560e+03 0.000000e+00 1.000000e+00 1.000000e-01
5.571570e+03 0.000000e+00 1.000000e+00 1.000000e-01
5.571580e+03 0.000000e+00 1.000000e+00 1.000000e-01
5.571590e+03 0.000000e+00 1.000000e+00 1.000000e-01
5.571600e+03 0.000000e+00 1.000000e+00 1.000000e-01
5.571610e+03 0.000000e+00 1.000000e+00 1.000000e-01
5.571620e+03 0.000000e+00 1.000000e+00 1.000000e-01
5.571630e+03 0.000000e+00 1.000000e+00 1.000000e-01
5.571640e+03 0.000000e+00 1.000000e+00 1.000000e-01
5.571650e+03 0.000000e+00 1.000000e+00 1.000000e-01
5.571660e+03 0.000000e+00 1.000000e+00 1.000000e-01
5.571670e+03 0.000000e+00 1.000000e+00 1.000000e-01
5.571680e+03 0.000000e+00 1.000000e+00 1.000000e-01
5.571690e+03 0.000000e+00 1.000000e+00 1.000000e-01
5.571700e+03 0.000000e+00 1.000000e+00 1.000000e-01
5.571710e+03 0.000000e+00 1.000000e+00 1.000000e-01
5.571720e+03 0.000000e+00 1.000000e+00 1.000000e-01
5.571730e+03 0.000000e+00 1.000000e+00 1.000000e-01
5.571740e+03 0.000000e+00 1.000000e+00 1.000000e-01
5.571750e+03 0.000000e+00 1.000000e+00 1.000000e-01
5.571760e+03 0.000000e+00 1.000000e+00 1.000000e-01
5.571770e+03 0.000000e+00 1.000000e+00 1.000000e-01
5.571780e+03 0.000000e+00 1.000000e+00 1.000000e-01
5.571790e+03 0.000000e+00 1.000000e+00 1.000000e-01
5.571800e+03 0.000000e+00 1.000000e+00 1.000000e-01
5.571810e+03 0.000000e+00 1.000000e+00 1.000000e-01
5.571820e+03 0.000000e+00 1.000000e+00 1.000000e-01
5.571830e+03 0.000000e+00 1.000000e+00 1.000000e-01
5.571840e+03 0.000000e+00 1.000000e+00 1.000000e-01
5.571850e+03 0.000000e+00 1.000000e+00 1.000000e-01
5.571860e+03 0.000000e+00 1.000000e+00 1.000000e-01
5.571870e+03 0.000000e+00 1.000000e+00 1.000000e-01
5.571880e+03 0.000000e+00 1.000000e+00 1.000000e-01
5.571890e+03 0.000000e+00 1.000000e+00 1.000000e-01
5.571900e+03 0.000000e+00 1.000000e+00 1.000000e-01
5.571910e+03 0.000000e+00 1.000000e+00 1.000000e-01
5.571920e+03 0.000000e+00 1.000000e+00 1.000000e-01
5.571930e+03 0.000000e+00 1.000000e+00 1.000000e-01
5.571940e+03 0.000000e+00 1.000000e+00 1.000000e-01
5.571950e+03 0.000000e+00 1.000000e+00 1.000000e-01
5.571960e+03 0.000000e+00 1.000000e+00 1.000000e-01
5.571970e+03 0.000000e+00 1.000000e+00 1.000000e-01
5.571980e+03 0.000000e+00 1.000000e+00 1.000000e-01
5.571990e+03 0.000000e+00 1.000000e+00 1.000000e-01
5.572000e+03 0.000000e+00 1.000000e+00 1.000000e-01
5.572010e+03 0.000000e+00 1.000000e+00 1.000000e-01
5.572020e+03 0.000000e+00 1.000000e+00 1.000000e-01
5.572030e+03 0.000000e+00 1.000000e+00 1.000000e-01
5.572040e+03 0.000000e+00 1.000000e+00 1.000000e-01
5.572050e+03 0.000000e+00 1.000000e+00 1.000000e-01
5.572060e+03 0.000000e+00 1.000000e+00 1.000000e-01
5.572070e+03 0.000000e+00 1.000000e+00 1.000000e-01
5.572080e+03 0.000000e+00 1.000000e+00 1.000000e-01
5.572090e+03 0.000000e+00 1.000000e+00 1.000000e-01
5.572100e+03 0.000000e+00 1.000000e+00 1.000000e-01
5.572110e+03 0.000000e+00 1.000000e+00 1.000000e-01
5.572120e+03 0.000000e+00 1.000000e+00 1.000000e-01
5.572130e+03 0.000000e+00 1.000000e+00 1.000000e-01
5.572140e+03 0.000000e+00 1.000000e+00 1.000000e-01
5.572150e+03 0.000000e+00 1.000000e+00 1.000000e-01
5.572160e+03 0.000000e+00 1.000000e+00 1.000000e-01
5.572170e+03 0.000000e+00 1.000000e+00 1.000000e-01
5.572180e+03 0.000000e+00 1.000000e+00 1.000000e-01
5.572190e+03 0.000000e+00 1.000000e+00 1.000000e-01
5.572200e+03 0.000000e+00 1.000000e+00 1.000000e-01
5.572210e+03 0.000000e+00 1.000000e+00 1.000000e-01
5.572220e+03 0.000000e+00 1.000000e+00 1.000000e-01
5.572230e+03 0.000000e+00 1.000000e+00 1.000000e-01
5.572240e+03 0.000000e+00 1.000000e+00 1.000000e-01
5.572250e+03 0.000000e+00 1.000000e+00 1.000000e-01
5.572260e+03 0.000000e+00 1.000000e+00 1.000000e-01
5.572270e+03 0.000000e+00 1.000000e+00 1.000000e-01
5.572280e+03 0.000000e+00 1.000000e+00 1.000000e-01
5.572290e+03 0.000000e+00 1.000000e+00 1.000000e-01
5.572300e+03 0.000000e+00 1.000000e+00 1.000000e-01
5.572310e+03 0.000000e+00 1.000000e+00 1.000000e-01
5.572320e+03 0.000000e+00 1.000000e+00 1.000000e-01
5.572330e+03 0.000000e+00 1.000000e+00 1.000000e-01
5.572340e+03 0.000000e+00 1.000000e+00 1.000000e-01
5.572350e+03 0.000000e+00 1.000000e+00 1.000000e-01
5.572360e+03 0.000000e+00 1.000000e+00 1.000000e-01
5.572370e+03 0.000000e+00 1.000000e+00 1.000000e-01
5.572380e+03 0.000000e+00 1.000000e+00 1.000000e-01
5.572390e+03 0.000000e+00 1.000000e+00 1.000000e-01
5.572400e+03 0.000000e+00 1.000000e+00 1.000000e-01
5.572410e+03 0.000000e+00 1.000000e+00 1.000000e-01
5.572420e+03 0.000000e+00 1.000000e+00 1.000000e-01
5.572430e+03 0.000000e+00 1.000000e+00 1.000000e-01
5.572440e+03 0.000000e+00 1.000000e+00 1.000000e-01
5.572450e+03 0.000000e+00 1.000000e+00 1.000000e-01
5.572460e+03 0.000000e+00 1.000000e+00 1.000000e-01
5.572470e+03 0.000000e+00 1.000000e+00 1.000000e-01
5.572480e+03 0.000000e+00 1.000000e+00 1.000000e-01
5.572490e+03 0.000000e+00 1.000000e+00 1.000000e-01
5.572500e+03 0.000000e+00 1.000000e+00 1.000000e-01
5.572510e+03 0.000000e+00 1.000000e+00 1.000000e-01
5.572520e+03 0.000000e+00 1.000000e+00 1.000000e-01
5.572530e+03 0.000000e+00 1.000000e+00 1.000000e-01
5.572540e+03 0.000000e+00 1.000000e+00 1.000000e-01
5.572550e+03 0.000000e+00 1.000000e+00 1.000000e-01
5.572560e+03 0.000000e+00 1.000000e+00 1.000000e-01
5.572570e+03 0.000000e+00 1.000000e+00 1.000000e-01
5.572580e+03 0.000000e+00 1.000000e+00 1.000000e-01
5.572590e+03 0.000000e+00 1.000000e+00 1.000000e-01
5.572600e+03 0.000000e+00 1.000000e+00 1.000000e-01
5.572610e+03 0.000000e+00 1.000000e+00 1.000000e-01
5.572620e+03 0.000000e+00 1.000000e+00 1.000000e-01
5.572630e+03 0.000000e+00 1.000000e+00 1.000000e-01
5.572640e+03 0.000000e+00 1.000000e+00 1.000000e-01
5.572650e+03 0.000000e+00 1.000000e+00 1.000000e-01
5.572660e+03 0.000000e+00 1.000000e+00 1.000000e-01
5.572670e+03 0.000000e+00 1.000000e+00 1.000000e-01
5.572680e+03 0.000000e+00 1.000000e+00 1.000000e-01
5.572690e+03 0.000000e+00 1.000000e+00 1.000000e-01
5.572700e+03 0.000000e+00 1.000000e+00 1.000000e-01
5.572710e+03 0.000000e+00 1.000000e+00 1.000000e-01
5.572720e+03 0.000000e+00 1.000000e+00 1.000000e-01
5.572730e+03 0.000000e+00 1.000000e+00 1.000000e-01
5.572740e+03 0.000000e+00 1.000000e+00 1.000000e-01
5.572750e+03 0.000000e+00 1.000000e+00 1.000000e-01
5.572760e+03 0.000000e+00 1.000000e+00 1.000000e-01
5.572770e+03 0.000000e+00 1.000000e+00 1.000000e-01
5.572780e+03 0.000000e+00 1.000000e+00 1.000000e-01
5.572790e+03 0.000000e+00 1.000000e+00 1.000000e-01
5.572800e+03 0.000000e+00 1.000000e+00 1.000000e-01
5.572810e+03 0.000000e+00 1.000000e+00 1.000000e-01
5.572820e+03 0.000000e+00 1.000000e+00 1.000000e-01
5.572830e+03 0.000000e+00 1.000000e+00 1.000000e-01
5.572840e+03 0.000000e+00 1.000000e+00 1.000000e-01
5.572850e+03 0.000000e+00 1.000000e+00 1.000000e-01
5.572860e+03 0.000000e+00 1.000000e+00 1.000000e-01
5.572870e+03 0.000000e+00 1.000000e+00 1.000000e-01
5.572880e+03 0.000000e+00 1.000000e+00 1.000000e-01
5.572890e+03 0.000000e+00 1.000000e+00 1.000000e-01
5.572900e+03 0.000000e+00 1.000000e+00 1.000000e-01
5.572910e+03 0.000000e+00 1.000000e+00 1.000000e-01
5.572920e+03 0.000000e+00 1.000000e+00 1.000000e-01
5.572930e+03 0.000000e+00 1.000000e+00 1.000000e-01
5.572940e+03 0.000000e+00 1.000000e+00 1.000000e-01
5.572950e+03 0.000000e+00 1.000000e+00 1.000000e-01
5.572960e+03 0.000000e+00 1.000000e+00 1.000000e-01
5.572970e+03 0.000000e+00 1.000000e+00 1.000000e-01
5.572980e+03 0.000000e+00 1.000000e+00 1.000000e-01
5.572990e+03 0.000000e+00 1.000000e+00 1.000000e-01
5.573000e+03 0.000000e+00 1.000000e+00 1.000000e-01
5.573010e+03 0.000000e+00 1.000000e+00 1.000000e-01
5.573020e+03 0.000000e+00 1.000000e+00 1.000000e-01
5.573030e+03 0.000000e+00 1.000000e+00 1.000000e-01
5.573040e+03 0.000000e+00 1.000000e+00 1.000000e-01
5.573050e+03 0.000000e+00 1.000000e+00 1.000000e-01
5.573060e+03 0.000000e+00 1.000000e+00 1.000000e-01
5.573070e+03 0.000000e+00 1.000000e+00 1.000000e-01
5.573080e+03 0.000000e+00 1.000000e+00 1.000000e-01
5.573090e+03 0.000000e+00 1.000000e+00 1.000000e-01
5.573100e+03 0.000000e+00 1.000000e+00 1.000000e-01
5.573110e+03 0.000000e+00 1.000000e+00 1.000000e-01
5.573120e+03 0.000000e+00 1.000000e+00 1.000000e-01
5.573130e+03 0.000000e+00 1.000000e+00 1.000000e-01
5.573140e+03 0.000000e+00 1.000000e+00 1.000000e-01
5.573150e+03 0.000000e+00 1.000000e+00 1.000000e-01
5.573160e+03 0.000000e+00 1.000000e+00 1.000000e-01
5.573170e+03 0.000000e+00 1.000000e+00 1.000000e-01
5.573180e+03 0.000000e+00 1.000000e+00 1.000000e-01
5.573190e+03 0.000000e+00 1.000000e+00 1.000000e-01
5.573200e+03 0.000000e+00 1.000000e+00 1.000000e-01
5.573210e+03 0.000000e+00 1.000000e+00 1.000000e-01
5.573220e+03 0.000000e+00 1.000000e+00 1.000000e-01
5.573230e+03 0.000000e+00 1.000000e+00 1.000000e-01
5.573240e+03 0.000000e+00 1.000000e+00 1.000000e-01
5.573250e+03 0.000000e+00 1.000000e+00 1.000000e-01
5.573260e+03 0.000000e+00 1.000000e+00 1.000000e-01
5.573270e+03 0.000000e+00 1.000000e+00 1.000000e-01
5.573280e+03 0.000000e+00 1.000000e+00 1.000000e-01
5.573290e+03 0.000000e+00 1.000000e+00 1.000000e-01
5.573300e+03 0.000000e+00 1.000000e+00 1.000000e-01
5.573310e+03 0.000000e+00 1.000000e+00 1.000000e-01
5.573320e+03 0.000000e+00 1.000000e+00 1.000000e-01
5.573330e+03 0.000000e+00 1.000000e+00 1.000000e-01
5.573340e+03 0.000000e+00 1.000000e+00 1.000000e-01
5.573350e+03 0.000000e+00 1.000000e+00 1.000000e-01
5.573360e+03 0.000000e+00 1.000000e+00 1.000000e-01
5.573370e+03 0.000000e+00 1.000000e+00 1.000000e-01
5.573380e+03 0.000000e+00 1.000000e+00 1.000000e-01
5.573390e+03 0.000000e+00 1.000000e+00 1.000000e-01
5.573400e+03 0.000000e+00 1.000000e+00 1.000000e-01
5.573410e+03 0.000000e+00 1.000000e+00 1.000000e-01
5.573420e+03 0.000000e+00 1.000000e+00 1.000000e-01
5.573430e+03 0.000000e+00 1.000000e+00 1.000000e-01
5.573440e+03 0.000000e+00 1.000000e+00 1.000000e-01
5.573450e+03 0.000000e+00 1.000000e+00 1.000000e-01
5.573460e+03 0.000000e+00 1.000000e+00 1.000000e-01
5.573470e+03 0.000000e+00 1.000000e+00 1.000000e-01
5.573480e+03 0.000000e+00 1.000000e+00 1.000000e-01
5.573490e+03 0.000000e+00 1.000000e+00 1.000000e-01
5.573500e+03 0.000000e+00 1.000000e+00 1.000000e-01
5.573510e+03 0.000000e+00 1.000000e+00 1.000000e-01
5.573520e+03 0.000000e+00 1.000000e+00 1.000000e-01
5.573530e+03 0.000000e+00 1.000000e+00 1.000000e-01
5.573540e+03 0.000000e+00 1.000000e+00 1.000000e-01
5.573550e+03 0.000000e+00 1.000000e+00 1.000000e-01
5.573560e+03 0.000000e+00 1.000000e+00 1.000000e-01
5.573570e+03 0.000000e+00 1.000000e+00 1.000000e-01
5.573580e+03 0.000000e+00 1.000000e+00 1.000000e-01
5.573590e+03 0.000000e+00 1.000000e+00 1.000000e-01
5.573600e+03 0.000000e+00 1.000000e+00 1.000000e-01
5.573610e+03 0.000000e+00 1.000000e+00 1.000000e-01
5.573620e+03 0.000000e+00 1.000000e+00 1.000000e-01
5.573630e+03 0.000000e+00 1.000000e+00 1.000000e-01
5.573640e+03 0.000000e+00 1.000000e+00 1.000000e-01
5.573650e+03 0.000000e+00 1.000000e+00 1.000000e-01
5.573660e+03 0.000000e+00 1.000000e+00 1.000000e-01
5.573670e+03 0.000000e+00 1.000000e+00 1.000000e-01
5.573680e+03 0.000000e+00 1.000000e+00 1.000000e-01
5.573690e+03 0.000000e+00 1.000000e+00 1.000000e-01
5.573700e+03 0.000000e+00 1.000000e+00 1.000000e-01
5.573710e+03 0.000000e+00 1.000000e+00 1.000000e-01
5.573720e+03 0.000000e+00 1.000000e+00 1.000000e-01
5.573730e+03 0.000000e+00 1.000000e+00 1.000000e-01
5.573740e+03 0.000000e+00 1.000000e+00 1.000000e-01
5.573750e+03 0.000000e+00 1.000000e+00 1.000000e-01
5.573760e+03 0.000000e+00 1.000000e+00 1.000000e-01
5.573770e+03 0.000000e+00 1.000000e+00 1.000000e-01
5.573780e+03 0.000000e+00 1.000000e+00 1.000000e-01
5.573790e+03 0.000000e+00 1.000000e+00 1.000000e-01
5.573800e+03 0.000000e+00 1.000000e+00 1.000000e-01
5.573810e+03 0.000000e+00 1.000000e+00 1.000000e-01
5.573820e+03 0.000000e+00 1.000000e+00 1.000000e-01
5.573830e+03 0.000000e+00 1.000000e+00 1.000000e-01
5.573840e+03 0.000000e+00 1.000000e+00 1.000000e-01
5.573850e+03 0.000000e+00 1.000000e+00 1.000000e-01
5.573860e+03 0.000000e+00 1.000000e+00 1.000000e-01
5.573870e+03 0.000000e+00 1.000000e+00 1.000000e-01
5.573880e+03 0.000000e+00 1.000000e+00 1.000000e-01
5.573890e+03 0.000000e+00 1.000000e+00 1.000000e-01
5.573900e+03 0.000000e+00 1.000000e+00 1.000000e-01
5.573910e+03 0.000000e+00 1.000000e+00 1.000000e-01
5.573920e+03 0.000000e+00 1.000000e+00 1.000000e-01
5.573930e+03 0.000000e+00 1.000000e+00 1.000000e-01
5.573940e+03 0.000000e+00 1.000000e+00 1.000000e-01
5.573950e+03 0.000000e+00 1.000000e+00 1.000000e-01
5.573960e+03 0.000000e+00 1.000000e+00 1.000000e-01
5.573970e+03 0.000000e+00 1.000000e+00 1.000000e-01
5.573980e+03 0.000000e+00 1.000000e+00 1.000000e-01
5.573990e+03 0.000000e+00 1.000000e+00 1.000000e-01
5.574000e+03 0.000000e+00 1.000000e+00 1.000000e-01
5.574010e+03 0.000000e+00 1.000000e+00 1.000000e-01
5.574020e+03 0.000000e+00 1.000000e+00 1.000000e-01
5.574030e+03 0.000000e+00 1.000000e+00 1.000000e-01
5.574040e+03 0.000000e+00 1.000000e+00 1.000000e-01
5.574050e+03 0.000000e+00 1.000000e+00 1.000000e-01
5.574060e+03 0.000000e+00 1.000000e+00 1.000000e-01
5.574070e+03 0.000000e+00 1.000000e+00 1.000000e-01
5.574080e+03 0.000000e+00 1.000000e+00 1.000000e-01
5.574090e+03 0.000000e+00 1.000000e+00 1.000000e-01
5.574100e+03 0.000000e+00 1.000000e+00 1.000000e-01
5.574110e+03 0.000000e+00 1.000000e+00 1.000000e-01
5.574120e+03 0.000000e+00 1.000000e+00 1.000000e-01
5.574130e+03 0.000000e+00 1.000000e+00 1.000000e-01
5.574140e+03 0.000000e+00 1.000000e+00 1.000000e-01
5.574150e+03 0.000000e+00 1.000000e+00 1.000000e-01
5.574160e+03 0.000000e+00 1.000000e+00 1.000000e-01
5.574170e+03 0.000000e+00 1.000000e+00 1.000000e-01
5.574180e+03 0.000000e+00 1.000000e+00 1.000000e-01
5.574190e+03 0.000000e+00 1.000000e+00 1.000000e-01
5.574200e+03 0.000000e+00 1.000000e+00 1.000000e-01
5.574210e+03 0.000000e+00 1.000000e+00 1.000000e-01
5.574220e+03 0.000000e+00 1.000000e+00 1.000000e-01
5.574230e+03 0.000000e+00 1.000000e+00 1.000000e-01
5.574240e+03 0.000000e+00 1.000000e+00 1.000000e-01
5.574250e+03 0.000000e+00 1.000000e+00 1.000000e-01
5.574260e+03 0.000000e+00 1.000000e+00 1.000000e-01
5.574270e+03 0.000000e+00 1.000000e+00 1.000000e-01
5.574280e+03 0.000000e+00 1.000000e+00 1.000000e-01
5.574290e+03 0.000000e+00 1.000000e+00 1.000000e-01
5.574300e+03 0.000000e+00 1.000000e+00 1.000000e-01
5.574310e+03 0.000000e+00 1.000000e+00 1.000000e-01
5.574320e+03 0.000000e+00 1.000000e+00 1.000000e-01
5.574330e+03 0.000000e+00 1.000000e+00 1.000000e-01
5.574340e+03 0.000000e+00 1.000000e+00 1.000000e-01
5.574350e+03 0.000000e+00 1.000000e+00 1.000000e-01
5.574360e+03 0.000000e+00 1.000000e+00 1.000000e-01
5.574370e+03 0.000000e+00 1.000000e+00 1.000000e-01
5.574380e+03 0.000000e+00 1.000000e+00 1.000000e-01
5.574390e+03 0.000000e+00 1.000000e+00 1.000000e-01
5.574400e+03 0.000000e+00 1.000000e+00 1.000000e-01
5.574410e+03 0.000000e+00 1.000000e+00 1.000000e-01
5.574420e+03 0.000000e+00 1.000000e+00 1.000000e-01
5.574430e+03 0.000000e+00 1.000000e+00 1.000000e-01
5.574440e+03 0.000000e+00 1.000000e+00 1.000000e-01
5.574450e+03 0.000000e+00 1.000000e+00 1.000000e-01
5.574460e+03 0.000000e+00 1.000000e+00 1.000000e-01
5.574470e+03 0.000000e+00 1.000000e+00 1.000000e-01
5.574480e+03 0.000000e+00 1.000000e+00 1.000000e-01
5.574490e+03 0.000000e+00 1.000000e+00 1.000000e-01
5.574500e+03 0.000000e+00 1.000000e+00 1.000000e-01
5.574510e+03 0.000000e+00 1.000000e+00 1.000000e-01
5.574520e+03 0.000000e+00 1.000000e+00 1.000000e-01
5.574530e+03 0.000000e+00 1.000000e+00 1.000000e-01
5.574540e+03 0.000000e+00 1.000000e+00 1.000000e-01
5.574550e+03 0.000000e+00 1.000000e+00 1.000000e-01
5.574560e+03 0.000000e+00 1.000000e+00 1.000000e-01
5.574570e+03 0.000000e+00 1.000000e+00 1.000000e-01
5.574580e+03 0.000000e+00 1.000000e+00 1.000000e-01
5.574590e+03 0.000000e+00 1.000000e+00 1.000000e-01
5.574600e+03 0.000000e+00 1.000000e+00 1.000000e-01
5.574610e+03 0.000000e+00 1.000000e+00 1.000000e-01
5.574620e+03 0.000000e+00 1.000000e+00 1.000000e-01
5.574630e+03 0.000000e+00 1.000000e+00 1.000000e-01
5.574640e+03 0.000000e+00 1.000000e+00 1.000000e-01
5.574650e+03 0.000000e+00 1.000000e+00 1.000000e-01
5.574660e+03 0.000000e+00 1.000000e+00 1.000000e-01
5.574670e+03 0.000000e+00 1.000000e+00 1.000000e-01
5.574680e+03 0.000000e+00 1.000000e+00 1.000000e-01
5.574690e+03 0.000000e+00 1.000000e+00 1.000000e-01
5.574700e+03 0.000000e+00 1.000000e+00 1.000000e-01
5.574710e+03 0.000000e+00 1.000000e+00 1.000000e-01
5.574720e+03 0.000000e+00 1.000000e+00 1.000000e-01
5.574730e+03 0.000000e+00 1.000000e+00 1.000000e-01
5.574740e+03 0.000000e+00 1.000000e+00 1.000000e-01
5.574750e+03 0.000000e+00 1.000000e+00 1.000000e-01
5.574760e+03 0.000000e+00 1.000000e+00 1.000000e-01
5.574770e+03 0.000000e+00 1.000000e+00 1.000000e-01
5.574780e+03 0.000000e+00 1.000000e+00 1.000000e-01
5.574790e+03 0.000000e+00 1.000000e+00 1.000000e-01
5.574800e+03 0.000000e+00 1.000000e+00 1.000000e-01
5.574810e+03 0.000000e+00 1.000000e+00 1.000000e-01
5.574820e+03 0.000000e+00 1.000000e+00 1.000000e-01
5.574830e+03 0.000000e+00 1.000000e+00 1.000000e-01
5.574840e+03 0.000000e+00 1.000000e+00 1.000000e-01
5.574850e+03 0.000000e+00 1.000000e+00 1.000000e-01
5.574860e+03 0.000000e+00 1.000000e+00 1.000000e-01
5.574870e+03 0.000000e+00 1.000000e+00 1.000000e-01
5.574880e+03 0.000000e+00 1.000000e+00 1.000000e-01
5.574890e+03 0.000000e+00 1.000000e+00 1.000000e-01
5.574900e+03 0.000000e+00 1.000000e+00 1.000000e-01
5.574910e+03 0.000000e+00 1.000000e+00 1.000000e-01
5.574920e+03 0.000000e+00 1.000000e+00 1.000000e-01
5.574930e+03 0.000000e+00 1.000000e+00 1.000000e-01
5.574940e+03 0.000000e+00 1.000000e+00 1.000000e-01
5.574950e+03 0.000000e+00 1.000000e+00 1.000000e-01
5.574960e+03 0.000000e+00 1.000000e+00 1.000000e-01
5.574970e+03 0.000000e+00 1.000000e+00 1.000000e-01
5.574980e+03 0.000000e+00 1.000000e+00 1.000000e-01
5.574990e+03 0.000000e+00 1.000000e+00 1.000000e-01
5.575000e+03 0.000000e+00 1.000000e+00 1.000000e-01
5.575010e+03 0.000000e+00 1.000000e+00 1.000000e-01
5.575020e+03 0.000000e+00 1.000000e+00 1.000000e-01
5.575030e+03 0.000000e+00 1.000000e+00 1.000000e-01
5.575040e+03 0.000000e+00 1.000000e+00 1.000000e-01
5.575050e+03 0.000000e+00 1.000000e+00 1.000000e-01
5.575060e+03 0.000000e+00 1.000000e+00 1.000000e-01
5.575070e+03 0.000000e+00 1.000000e+00 1.000000e-01
5.575080e+03 0.000000e+00 1.000000e+00 1.000000e-01
5.575090e+03 0.000000e+00 1.000000e+00 1.000000e-01
5.575100e+03 0.000000e+00 1.000000e+00 1.000000e-01
5.575110e+03 0.000000e+00 1.000000e+00 1.000000e-01
5.575120e+03 0.000000e+00 1.000000e+00 1.000000e-01
5.575130e+03 0.000000e+00 1.000000e+00 1.000000e-01
5.575140e+03 0.000000e+00 1.000000e+00 1.000000e-01
5.575150e+03 0.000000e+00 1.000000e+00 1.000000e-01
5.575160e+03 0.000000e+00 1.000000e+00 1.000000e-01
5.575170e+03 0.000000e+00 1.000000e+00 1.000000e-01
5.575180e+03 0.000000e+00 1.000000e+00 1.000000e-01
5.575190e+03 0.000000e+00 1.000000e+00 1.000000e-01
5.575200e+03 0.000000e+00 1.000000e+00 1.000000e-01
5.575210e+03 0.000000e+00 1.000000e+00 1.000000e-01
5.575220e+03 0.000000e+00 1.000000e+00 1.000000e-01
5.575230e+03 0.000000e+00 1.000000e+00 1.000000e-01
5.575240e+03 0.000000e+00 1.000000e+00 1.000000e-01
5.575250e+03 0.000000e+00 1.000000e+00 1.000000e-01
5.575260e+03 0.000000e+00 1.000000e+00 1.000000e-01
5.575270e+03 0.000000e+00 1.000000e+00 1.000000e-01
5.575280e+03 0.000000e+00 1.000000e+00 1.000000e-01
5.575290e+03 0.000000e+00 1.000000e+00 1.000000e-01
5.575300e+03 0.000000e+00 1.000000e+00 1.000000e-01
5.575310e+03 0.000000e+00 1.000000e+00 1.000000e-01
5.575320e+03 0.000000e+00 1.000000e+00 1.000000e-01
5.575330e+03 0.000000e+00 1.000000e+00 1.000000e-01
5.575340e+03 0.000000e+00 1.000000e+00 1.000000e-01
5.575350e+03 0.000000e+00 1.000000e+00 1.000000e-01
5.575360e+03 0.000000e+00 1.000000e+00 1.000000e-01
5.575370e+03 0.000000e+00 1.000000e+00 1.000000e-01
5.575380e+03 0.000000e+00 1.000000e+00 1.000000e-01
5.575390e+03 0.000000e+00 1.000000e+00 1.000000e-01
5.575400e+03 0.000000e+00 1.000000e+00 1.000000e-01
5.575410e+03 0.000000e+00 1.000000e+00 1.000000e-01
5.575420e+03 0.000000e+00 1.000000e+00 1.000000e-01
5.575430e+03 0.000000e+00 1.000000e+00 1.000000e-01
5.575440e+03 0.000000e+00 1.000000e+00 1.000000e-01
5.575450e+03 0.000000e+00 1.000000e+00 1.000000e-01
5.575460e+03 0.000000e+00 1.000000e+00 1.000000e-01
5.575470e+03 0.000000e+00 1.000000e+00 1.000000e-01
5.575480e+03 0.000000e+00 1.000000e+00 1.000000e-01
5.575490e+03 0.000000e+00 1.000000e+00 1.000000e-01
5.575500e+03 0.000000e+00 1.000000e+00 1.000000e-01
5.575510e+03 0.000000e+00 1.000000e+00 1.000000e-01
5.575520e+03 0.000000e+00 1.000000e+00 1.000000e-01
5.575530e+03 0.000000e+00 1.000000e+00 1.000000e-01
5.575540e+03 0.000000e+00 1.000000e+00 1.000000e-01
5.575550e+03 0.000000e+00 1.000000e+00 1.000000e-01
5.575560e+03 0.000000e+00 1.000000e+00 1.000000e-01
5.575570e+03 0.000000e+00 1.000000e+00 1.000000e-01
5.575580e+03 0.000000e+00 1.000000e+00 1.000000e-01
5.575590e+03 0.000000e+00 1.000000e+00 1.000000e-01
5.575600e+03 0.000000e+00 1.000000e+00 1.000000e-01
5.575610e+03 0.000000e+00 1.000000e+00 1.000000e-01
5.575620e+03 0.000000e+00 1.000000e+00 1.000000e-01
5.575630e+03 0.000000e+00 1.000000e+00 1.000000e-01
5.575640e+03 0.000000e+00 1.000000e+00 1.000000e-01
5.575650e+03 0.000000e+00 1.000000e+00 1.000000e-01
5.575660e+03 0.000000e+00 1.000000e+00 1.000000e-01
5.575670e+03 0.000000e+00 1.000000e+00 1.000000e-01
5.575680e+03 0.000000e+00 1.000000e+00 1.000000e-01
5.575690e+03 0.000000e+00 1.000000e+00 1.000000e-01
5.575700e+03 0.000000e+00 1.000000e+00 1.000000e-01
5.575710e+03 0.000000e+00 1.000000e+00 1.000000e-01
5.575720e+03 0.000000e+00 1.000000e+00 1.000000e-01
5.575730e+03 0.000000e+00 1.000000e+00 1.000000e-01
5.575740e+03 0.000000e+00 1.000000e+00 1.000000e-01
5.575750e+03 0.000000e+00 1.000000e+00 1.000000e-01
5.575760e+03 0.000000e+00 1.000000e+00 1.000000e-01
5.575770e+03 0.000000e+00 1.000000e+00 1.000000e-01
5.575780e+03 0.000000e+00 1.000000e+00 1.000000e-01
5.575790e+03 0.000000e+00 1.000000e+00 1.000000e-01
5.575800e+03 0.000000e+00 1.000000e+00 1.000000e-01
5.575810e+03 0.000000e+00 1.000000e+00 1.000000e-01
5.575820e+03 0.000000e+00 1.000000e+00 1.000000e-01
5.575830e+03 0.000000e+00 1.000000e+00 1.000000e-01
5.575840e+03 0.000000e+00 1.000000e+00 1.000000e-01
5.575850e+03 0.000000e+00 1.000000e+00 1.000000e-01
5.575860e+03 0.000000e+00 1.000000e+00 1.000000e-01
5.575870e+03 0.000000e+00 1.000000e+00 1.000000e-01
5.575880e+03 0.000000e+00 1.000000e+00 1.000000e-01
5.575890e+03 0.000000e+00 1.000000e+00 1.000000e-01
5.575900e+03 0.000000e+00 1.000000e+00 1.000000e-01
5.575910e+03 0.000000e+00 1.000000e+00 1.000000e-01
5.575920e+03 0.000000e+00 1.000000e+00 1.000000e-01
5.575930e+03 0.000000e+00 1.000000e+00 1.000000e-01
5.575940e+03 0.000000e+00 1.000000e+00 1.000000e-01
5.575950e+03 0.000000e+00 1.000000e+00 1.000000e-01
5.575960e+03 0.000000e+00 1.000000e+00 1.000000e-01
5.575970e+03 0.000000e+00 1.000000e+00 1.000000e-01
5.575980e+03 0.000000e+00 1.000000e+00 1.000000e-01
5.575990e+03 0.000000e+00 1.000000e+00 1.000000e-01
5.576000e+03 0.000000e+00 1.000000e+00 1.000000e-01
5.576010e+03 0.000000e+00 1.000000e+00 1.000000e-01
5.576020e+03 0.000000e+00 1.000000e+00 1.000000e-01
5.576030e+03 0.000000e+00 1.000000e+00 1.000000e-01
5.576040e+03 0.000000e+00 1.000000e+00 1.000000e-01
5.576050e+03 0.000000e+00 1.000000e+00 1.000000e-01
5.576060e+03 0.000000e+00 1.000000e+00 1.000000e-01
5.576070e+03 0.000000e+00 1.000000e+00 1.000000e-01
5.576080e+03 0.000000e+00 1.000000e+00 1.000000e-01
5.576090e+03 0.000000e+00 1.000000e+00 1.000000e-01
5.576100e+03 0.000000e+00 1.000000e+00 1.000000e-01
5.576110e+03 0.000000e+00 1.000000e+00 1.000000e-01
5.576120e+03 0.000000e+00 1.000000e+00 1.000000e-01
5.576130e+03 0.000000e+00 1.000000e+00 1.000000e-01
5.576140e+03 0.000000e+00 1.000000e+00 1.000000e-01
5.576150e+03 0.000000e+00 1.000000e+00 1.000000e-01
5.576160e+03 0.000000e+00 1.000000e+00 1.000000e-01
5.576170e+03 0.000000e+00 1.000000e+00 1.000000e-01
5.576180e+03 0.000000e+00 1.000000e+00 1.000000e-01
5.576190e+03 0.000000e+00 1.000000e+00 1.000000e-01
5.576200e+03 0.000000e+00 1.000000e+00 1.000000e-01
5.576210e+03 0.000000e+00 1.000000e+00 1.000000e-01
5.576220e+03 0.000000e+00 1.000000e+00 1.000000e-01
5.576230e+03 0.000000e+00 1.000000e+00 1.000000e-01
5.576240e+03 0.000000e+00 1.000000e+00 1.000000e-01
5.576250e+03 0.000000e+00 1.000000e+00 1.000000e-01
5.576260e+03 0.000000e+00 1.000000e+00 1.000000e-01
5.576270e+03 0.000000e+00 1.000000e+00 1.000000e-01
5.576280e+03 0.000000e+00 1.000000e+00 1.000000e-01
5.576290e+03 0.000000e+00 1.000000e+00 1.000000e-01
5.576300e+03 0.000000e+00 1.000000e+00 1.000000e-01
5.576310e+03 0.000000e+00 1.000000e+00 1.000000e-01
5.576320e+03 0.000000e+00 1.000000e+00 1.000000e-01
5.576330e+03 0.000000e+00 1.000000e+00 1.000000e-01
5.576340e+03 0.000000e+00 1.000000e+00 1.000000e-01
5.576350e+03 0.000000e+00 1.000000e+00 1.000000e-01
5.576360e+03 0.000000e+00 1.000000e+00 1.000000e-01
5.576370e+03 0.000000e+00 1.000000e+00 1.000000e-01
5.576380e+03 0.000000e+00 1.000000e+00 1.000000e-01
5.576390e+03 0.000000e+00 1.000000e+00 1.000000e-01
5.576400e+03 0.000000e+00 1.000000e+00 1.000000e-01
5.576410e+03 0.000000e+00 1.000000e+00 1.000000e-01
5.576420e+03 0.000000e+00 1.000000e+00 1.000000e-01
5.576430e+03 0.000000e+00 1.000000e+00 1.000000e-01
5.576440e+03 0.000000e+00 1.000000e+00 1.000000e-01
5.576450e+03 0.000000e+00 1.000000e+00 1.000000e-01
5.576460e+03 0.000000e+00 1.000000e+00 1.000000e-01
5.576470e+03 0.000000e+00 1.000000e+00 1.000000e-01
5.576480e+03 0.000000e+00 1.000000e+00 1.000000e-01
5.576490e+03 0.000000e+00 1.000000e+00 1.000000e-01
5.576500e+03 0.000000e+00 1.000000e+00 1.000000e-01
5.576510e+03 0.000000e+00 1.000000e+00 1.000000e-01
5.576520e+03 0.000000e+00 1.000000e+00 1.000000e-01
5.576530e+03 0.000000e+00 1.000000e+00 1.000000e-01
5.576540e+03 0.000000e+00 1.000000e+00 1.000000e-01
5.576550e+03 0.000000e+00 1.000000e+00 1.000000e-01
5.576560e+03 0.000000e+00 1.000000e+00 1.000000e-01
5.576570e+03 0.000000e+00 1.000000e+00 1.000000e-01
5.576580e+03 0.000000e+00 1.000000e+00 1.000000e-01
5.576590e+03 0.000000e+00 1.000000e+00 1.000000e-01
5.576600e+03 0.000000e+00 1.000000e+00 1.000000e-01
5.576610e+03 0.000000e+00 1.000000e+00 1.000000e-01
5.576620e+03 0.000000e+00 1.000000e+00 1.000000e-01
5.576630e+03 0.000000e+00 1.000000e+00 1.000000e-01
5.576640e+03 0.000000e+00 1.000000e+00 1.000000e-01
5.576650e+03 0.000000e+00 1.000000e+00 1.000000e-01
5.576660e+03 0.000000e+00 1.000000e+00 1.000000e-01
5.576670e+03 0.000000e+00 1.000000e+00 1.000000e-01
5.576680e+03 0.000000e+00 1.000000e+00 1.000000e-01
5.576690e+03 0.000000e+00 1.000000e+00 1.000000e-01
5.576700e+03 0.000000e+00 1.000000e+00 1.000000e-01
5.576710e+03 0.000000e+00 1.000000e+00 1.000000e-01
5.576720e+03 0.000000e+00 1.000000e+00 1.000000e-01
5.576730e+03 0.000000e+00 1.000000e+00 1.000000e-01
5.576740e+03 0.000000e+00 1.000000e+00 1.000000e-01
5.576750e+03 0.000000e+00 1.000000e+00 1.000000e-01
5.576760e+03 0.000000e+00 1.000000e+00 1.000000e-01
5.576770e+03 0.000000e+00 1.000000e+00 1.000000e-01
5.576780e+03 0.000000e+00 1.000000e+00 1.000000e-01
5.576790e+03 0.000000e+00 1.000000e+00 1.000000e-01
5.576800e+03 0.000000e+00 1.000000e+00 1.000000e-01
5.576810e+03 0.000000e+00 1.000000e+00 1.000000e-01
5.576820e+03 0.000000e+00 1.000000e+00 1.000000e-01
5.576830e+03 0.000000e+00 1.000000e+00 1.000000e-01
5.576840e+03 0.000000e+00 1.000000e+00 1.000000e-01
5.576850e+03 0.000000e+00 1.000000e+00 1.000000e-01
5.576860e+03 0.000000e+00 1.000000e+00 1.000000e-01
5.576870e+03 0.000000e+00 1.000000e+00 1.000000e-01
5.576880e+03 0.000000e+00 1.000000e+00 1.000000e-01
5.576890e+03 0.000000e+00 1.000000e+00 1.000000e-01
5.576900e+03 0.000000e+00 1.000000e+00 1.000000e-01
5.576910e+03 0.000000e+00 1.000000e+00 1.000000e-01
5.576920e+03 0.000000e+00 1.000000e+00 1.000000e-01
5.576930e+03 0.000000e+00 1.000000e+00 1.000000e-01
5.576940e+03 0.000000e+00 1.000000e+00 1.000000e-01
5.576950e+03 0.000000e+00 1.000000e+00 1.000000e-01
5.576960e+03 0.000000e+00 1.000000e+00 1.000000e-01
5.576970e+03 0.000000e+00 1.000000e+00 1.000000e-01
5.576980e+03 0.000000e+00 1.000000e+00 1.000000e-01
5.576990e+03 0.000000e+00 1.000000e+00 1.000000e-01
5.577000e+03 0.000000e+00 1.000000e+00 1.000000e-01
5.577010e+03 0.000000e+00 1.000000e+00 1.000000e-01
5.577020e+03 0.000000e+00 1.000000e+00 1.000000e-01
5.577030e+03 0.000000e+00 1.000000e+00 1.000000e-01
5.577040e+03 0.000000e+00 1.000000e+00 1.000000e-01
5.577050e+03 0.000000e+00 1.000000e+00 1.000000e-01
5.577060e+03 0.000000e+00 1.000000e+00 1.000000e-01
5.577070e+03 0.000000e+00 1.000000e+00 1.000000e-01
5.577080e+03 0.000000e+00 1.000000e+00 1.000000e-01
5.577090e+03 0.000000e+00 1.000000e+00 1.000000e-01
5.577100e+03 0.000000e+00 1.000000e+00 1.000000e-01
5.577110e+03 0.000000e+00 1.000000e+00 1.000000e-01
5.577120e+03 0.000000e+00 1.000000e+00 1.000000e-01
5.577130e+03 0.000000e+00 1.000000e+00 1.000000e-01
5.577140e+03 0.000000e+00 1.000000e+00 1.000000e-01
5.577150e+03 0.000000e+00 1.000000e+00 1.000000e-01
5.577160e+03 0.000000e+00 1.000000e+00 1.000000e-01
5.577170e+03 0.000000e+00 1.000000e+00 1.000000e-01
5.577180e+03 0.000000e+00 1.000000e+00 1.000000e-01
5.577190e+03 0.000000e+00 1.000000e+00 1.000000e-01
5.577200e+03 0.000000e+00 1.000000e+00 1.000000e-01
5.577210e+03 0.000000e+00 1.000000e+00 1.000000e-01
5.577220e+03 0.000000e+00 1.000000e+00 1.000000e-01
5.577230e+03 0.000000e+00 1.000000e+00 1.000000e-01
5.577240e+03 0.000000e+00 1.000000e+00 1.000000e-01
5.577250e+03 0.000000e+00 1.000000e+00 1.000000e-01
5.577260e+03 0.000000e+00 1.000000e+00 1.000000e-01
5.577270e+03 0.000000e+00 1.000000e+00 1.000000e-01
5.577280e+03 0.000000e+00 1.000000e+00 1.000000e-01
5.577290e+03 0.000000e+00 1.000000e+00 1.000000e-01
5.577300e+03 0.000000e+00 1.000000e+00 1.000000e-01
5.577310e+03 0.000000e+00 1.000000e+00 1.000000e-01
5.577320e+03 0.000000e+00 1.000000e+00 1.000000e-01
5.577330e+03 0.000000e+00 1.000000e+00 1.000000e-01
5.577340e+03 0.000000e+00 1.000000e+00 1.000000e-01
5.577350e+03 0.000000e+00 1.000000e+00 1.000000e-01
5.577360e+03 0.000000e+00 1.000000e+00 1.000000e-01
5.577370e+03 0.000000e+00 1.000000e+00 1.000000e-01
5.577380e+03 0.000000e+00 1.000000e+00 1.000000e-01
5.577390e+03 0.000000e+00 1.000000e+00 1.000000e-01
5.577400e+03 0.000000e+00 1.000000e+00 1.000000e-01
5.577410e+03 0.000000e+00 1.000000e+00 1.000000e-01
5.577420e+03 0.000000e+00 1.000000e+00 1.000000e-01
5.577430e+03 0.000000e+00 1.000000e+00 1.000000e-01
5.577440e+03 0.000000e+00 1.000000e+00 1.000000e-01
5.577450e+03 0.000000e+00 1.000000e+00 1.000000e-01
5.577460e+03 0.000000e+00 1.000000e+00 1.000000e-01
5.577470e+03 0.000000e+00 1.000000e+00 1.000000e-01
5.577480e+03 0.000000e+00 1.000000e+00 1.000000e-01
5.577490e+03 0.000000e+00 1.000000e+00 1.000000e-01
5.577500e+03 0.000000e+00 1.000000e+00 1.000000e-01
5.577510e+03 0.000000e+00 1.000000e+00 1.000000e-01
5.577520e+03 0.000000e+00 1.000000e+00 1.000000e-01
5.577530e+03 0.000000e+00 1.000000e+00 1.000000e-01
5.577540e+03 0.000000e+00 1.000000e+00 1.000000e-01
5.577550e+03 0.000000e+00 1.000000e+00 1.000000e-01
5.577560e+03 0.000000e+00 1.000000e+00 1.000000e-01
5.577570e+03 0.000000e+00 1.000000e+00 1.000000e-01
5.577580e+03 0.000000e+00 1.000000e+00 1.000000e-01
5.577590e+03 0.000000e+00 1.000000e+00 1.000000e-01
5.577600e+03 0.000000e+00 1.000000e+00 1.000000e-01
5.577610e+03 0.000000e+00 1.000000e+00 1.000000e-01
5.577620e+03 0.000000e+00 1.000000e+00 1.000000e-01
5.577630e+03 0.000000e+00 1.000000e+00 1.000000e-01
5.577640e+03 0.000000e+00 1.000000e+00 1.000000e-01
5.577650e+03 0.000000e+00 1.000000e+00 1.000000e-01
5.577660e+03 0.000000e+00 1.000000e+00 1.000000e-01
5.577670e+03 0.000000e+00 1.000000e+00 1.000000e-01
5.577680e+03 0.000000e+00 1.000000e+00 1.000000e-01
5.577690e+03 0.000000e+00 1.000000e+00 1.000000e-01
5.577700e+03 0.000000e+00 1.000000e+00 1.000000e-01
5.577710e+03 0.000000e+00 1.000000e+00 1.000000e-01
5.577720e+03 0.000000e+00 1.000000e+00 1.000000e-01
5.577730e+03 0.000000e+00 1.000000e+00 1.000000e-01
5.577740e+03 0.000000e+00 1.000000e+00 1.000000e-01
5.577750e+03 0.000000e+00 1.000000e+00 1.000000e-01
5.577760e+03 0.000000e+00 1.000000e+00 1.000000e-01
5.577770e+03 0.000000e+00 1.000000e+00 1.000000e-01
5.577780e+03 0.000000e+00 1.000000e+00 1.000000e-01
5.577790e+03 0.000000e+00 1.000000e+00 1.000000e-01
5.577800e+03 0.000000e+00 1.000000e+00 1.000000e-01
5.577810e+03 0.000000e+00 1.000000e+00 1.000000e-01
5.577820e+03 0.000000e+00 1.000000e+00 1.000000e-01
5.577830e+03 0.000000e+00 1.000000e+00 1.000000e-01
5.577840e+03 0.000000e+00 1.000000e+00 1.000000e-01
5.577850e+03 0.000000e+00 1.000000e+00 1.000000e-01
5.577860e+03 0.000000e+00 1.000000e+00 1.000000e-01
5.577870e+03 0.000000e+00 1.000000e+00 1.000000e-01
5.577880e+03 0.000000e+00 1.000000e+00 1.000000e-01
5.577890e+03 0.000000e+00 1.000000e+00 1.000000e-01
5.577900e+03 0.000000e+00 1.000000e+00 1.000000e-01
5.577910e+03 0.000000e+00 1.000000e+00 1.000000e-01
5.577920e+03 0.000000e+00 1.000000e+00 1.000000e-01
5.577930e+03 0.000000e+00 1.000000e+00 1.000000e-01
5.577940e+03 0.000000e+00 1.000000e+00 1.000000e-01
5.577950e+03 0.000000e+00 1.000000e+00 1.000000e-01
5.577960e+03 0.000000e+00 1.000000e+00 1.000000e-01
5.577970e+03 0.000000e+00 1.000000e+00 1.000000e-01
5.577980e+03 0.000000e+00 1.000000e+00 1.000000e-01
5.577990e+03 0.000000e+00 1.000000e+00 1.000000e-01
5.578000e+03 0.000000e+00 1.000000e+00 1.000000e-01
5.578010e+03 0.000000e+00 1.000000e+00 1.000000e-01
5.578020e+03 0.000000e+00 1.000000e+00 1.000000e-01
5.578030e+03 0.000000e+00 1.000000e+00 1.000000e-01
5.578040e+03 0.000000e+00 1.000000e+00 1.000000e-01
5.578050e+03 0.000000e+00 1.000000e+00 1.000000e-01
5.578060e+03 0.000000e+00 1.000000e+00 1.000000e-01
5.578070e+03 0.000000e+00 1.000000e+00 1.000000e-01
5.578080e+03 0.000000e+00 1.000000e+00 1.000000e-01
5.578090e+03 0.000000e+00 1.000000e+00 1.000000e-01
5.578100e+03 0.000000e+00 1.000000e+00 1.000000e-01
5.578110e+03 0.000000e+00 1.000000e+00 1.000000e-01
5.578120e+03 0.000000e+00 1.000000e+00 1.000000e-01
5.578130e+03 0.000000e+00 1.000000e+00 1.000000e-01
5.578140e+03 0.000000e+00 1.000000e+00 1.000000e-01
5.578150e+03 0.000000e+00 1.000000e+00 1.000000e-01
5.578160e+03 0.000000e+00 1.000000e+00 1.000000e-01
5.578170e+03 0.000000e+00 1.000000e+00 1.000000e-01
5.578180e+03 0.000000e+00 1.000000e+00 1.000000e-01
5.578190e+03 0.000000e+00 1.000000e+00 1.000000e-01
5.578200e+03 0.000000e+00 1.000000e+00 1.000000e-01
5.578210e+03 0.000000e+00 1.000000e+00 1.000000e-01
5.578220e+03 0.000000e+00 1.000000e+00 1.000000e-01
5.578230e+03 0.000000e+00 1.000000e+00 1.000000e-01
5.578240e+03 0.000000e+00 1.000000e+00 1.000000e-01
5.578250e+03 0.000000e+00 1.000000e+00 1.000000e-01
5.578260e+03 0.000000e+00 1.000000e+00 1.000000e-01
5.578270e+03 0.000000e+00 1.000000e+00 1.000000e-01
5.578280e+03 0.000000e+00 1.000000e+00 1.000000e-01
5.578290e+03 0.000000e+00 1.000000e+00 1.000000e-01
5.578300e+03 0.000000e+00 1.000000e+00 1.000000e-01
5.578310e+03 0.000000e+00 1.000000e+00 1.000000e-01
5.578320e+03 0.000000e+00 1.000000e+00 1.000000e-01
5.578330e+03 0.000000e+00 1.000000e+00 1.000000e-01
5.578340e+03 0.000000e+00 1.000000e+00 1.000000e-01
5.578350e+03 0.000000e+00 1.000000e+00 1.000000e-01
5.578360e+03 0.000000e+00 1.000000e+00 1.000000e-01
5.578370e+03 0.000000e+00 1.000000e+00 1.000000e-01
5.578380e+03 0.000000e+00 1.000000e+00 1.000000e-01
5.578390e+03 0.000000e+00 1.000000e+00 1.000000e-01
5.578400e+03 0.000000e+00 1.000000e+00 1.000000e-01
5.578410e+03 0.000000e+00 1.000000e+00 1.000000e-01
5.578420e+03 0.000000e+00 1.000000e+00 1.000000e-01
5.578430e+03 0.000000e+00 1.000000e+00 1.000000e-01
5.578440e+03 0.000000e+00 1.000000e+00 1.000000e-01
5.578450e+03 0.000000e+00 1.000000e+00 1.000000e-01
5.578460e+03 0.000000e+00 1.000000e+00 1.000000e-01
5.578470e+03 0.000000e+00 1.000000e+00 1.000000e-01
5.578480e+03 0.000000e+00 1.000000e+00 1.000000e-01
5.578490e+03 0.000000e+00 1.000000e+00 1.000000e-01
5.578500e+03 0.000000e+00 1.000000e+00 1.000000e-01
5.578510e+03 0.000000e+00 1.000000e+00 1.000000e-01
5.578520e+03 0.000000e+00 1.000000e+00 1.000000e-01
5.578530e+03 0.000000e+00 1.000000e+00 1.000000e-01
5.578540e+03 0.000000e+00 1.000000e+00 1.000000e-01
5.578550e+03 0.000000e+00 1.000000e+00 1.000000e-01
5.578560e+03 0.000000e+00 1.000000e+00 1.000000e-01
5.578570e+03 0.000000e+00 1.000000e+00 1.000000e-01
5.578580e+03 0.000000e+00 1.000000e+00 1.000000e-01
5.578590e+03 0.000000e+00 1.000000e+00 1.000000e-01
5.578600e+03 0.000000e+00 1.000000e+00 1.000000e-01
5.578610e+03 0.000000e+00 1.000000e+00 1.000000e-01
5.578620e+03 0.000000e+00 1.000000e+00 1.000000e-01
5.578630e+03 0.000000e+00 1.000000e+00 1.000000e-01
5.578640e+03 0.000000e+00 1.000000e+00 1.000000e-01
5.578650e+03 0.000000e+00 1.000000e+00 1.000000e-01
5.578660e+03 0.000000e+00 1.000000e+00 1.000000e-01
5.578670e+03 0.000000e+00 1.000000e+00 1.000000e-01
5.578680e+03 0.000000e+00 1.000000e+00 1.000000e-01
5.578690e+03 0.000000e+00 1.000000e+00 1.000000e-01
5.578700e+03 0.000000e+00 1.000000e+00 1.000000e-01
5.578710e+03 0.000000e+00 1.000000e+00 1.000000e-01
5.578720e+03 0.000000e+00 1.000000e+00 1.000000e-01
5.578730e+03 0.000000e+00 1.000000e+00 1.000000e-01
5.578740e+03 0.000000e+00 1.000000e+00 1.000000e-01
5.578750e+03 0.000000e+00 1.000000e+00 1.000000e-01
5.578760e+03 0.000000e+00 1.000000e+00 1.000000e-01
5.578770e+03 0.000000e+00 1.000000e+00 1.000000e-01
5.578780e+03 0.000000e+00 1.000000e+00 1.000000e-01
5.578790e+03 0.000000e+00 1.000000e+00 1.000000e-01
5.578800e+03 0.000000e+00 1.000000e+00 1.000000e-01
5.578810e+03 0.000000e+00 1.000000e+00 1.000000e-01
5.578820e+03 0.000000e+00 1.000000e+00 1.000000e-01
5.578830e+03 0.000000e+00 1.000000e+00 1.000000e-01
5.578840e+03 0.000000e+00 1.000000e+00 1.000000e-01
5.578850e+03 0.000000e+00 1.000000e+00 1.000000e-01
5.578860e+03 0.000000e+00 1.000000e+00 1.000000e-01
5.578870e+03 0.000000e+00 1.000000e+00 1.000000e-01
5.578880e+03 0.000000e+00 1.000000e+00 1.000000e-01
5.578890e+03 0.000000e+00 1.000000e+00 1.000000e-01
5.578900e+03 0.000000e+00 1.000000e+00 1.000000e-01
5.578910e+03 0.000000e+00 1.000000e+00 1.000000e-01
5.578920e+03 0.000000e+00 1.000000e+00 1.000000e-01
5.578930e+03 0.000000e+00 1.000000e+00 1.000000e-01
5.578940e+03 0.000000e+00 1.000000e+00 1.000000e-01
5.578950e+03 0.000000e+00 1.000000e+00 1.000000e-01
5.578960e+03 0.000000e+00 1.000000e+00 1.000000e-01
5.578970e+03 0.000000e+00 1.000000e+00 1.000000e-01
5.578980e+03 0.000000e+00 1.000000e+00 1.000000e-01
5.578990e+03 0.000000e+00 1.000000e+00 1.000000e-01
5.579000e+03 0.000000e+00 1.000000e+00 1.000000e-01
5.579010e+03 0.000000e+00 1.000000e+00 1.000000e-01
5.579020e+03 0.000000e+00 1.000000e+00 1.000000e-01
5.579030e+03 0.000000e+00 1.000000e+00 1.000000e-01
5.579040e+03 0.000000e+00 1.000000e+00 1.000000e-01
5.579050e+03 0.000000e+00 1.000000e+00 1.000000e-01
5.579060e+03 0.000000e+00 1.000000e+00 1.000000e-01
5.579070e+03 0.000000e+00 1.000000e+00 1.000000e-01
5.579080e+03 0.000000e+00 1.000000e+00 1.000000e-01
5.579090e+03 0.000000e+00 1.000000e+00 1.000000e-01
5.579100e+03 0.000000e+00 1.000000e+00 1.000000e-01
5.579110e+03 0.000000e+00 1.000000e+00 1.000000e-01
5.579120e+03 0.000000e+00 1.000000e+00 1.000000e-01
5.579130e+03 0.000000e+00 1.000000e+00 1.000000e-01
5.579140e+03 0.000000e+00 1.000000e+00 1.000000e-01
5.579150e+03 0.000000e+00 1.000000e+00 1.000000e-01
5.579160e+03 0.000000e+00 1.000000e+00 1.000000e-01
5.579170e+03 0.000000e+00 1.000000e+00 1.000000e-01
5.579180e+03 0.000000e+00 1.000000e+00 1.000000e-01
5.579190e+03 0.000000e+00 1.000000e+00 1.000000e-01
5.579200e+03 0.000000e+00 1.000000e+00 1.000000e-01
5.579210e+03 0.000000e+00 1.000000e+00 1.000000e-01
5.579220e+03 0.000000e+00 1.000000e+00 1.000000e-01
5.579230e+03 0.000000e+00 1.000000e+00 1.000000e-01
5.579240e+03 0.000000e+00 1.000000e+00 1.000000e-01
5.579250e+03 0.000000e+00 1.000000e+00 1.000000e-01
5.579260e+03 0.000000e+00 1.000000e+00 1.000000e-01
5.579270e+03 0.000000e+00 1.000000e+00 1.000000e-01
5.579280e+03 0.000000e+00 1.000000e+00 1.000000e-01
5.579290e+03 0.000000e+00 1.000000e+00 1.000000e-01
5.579300e+03 0.000000e+00 1.000000e+00 1.000000e-01
5.579310e+03 0.000000e+00 1.000000e+00 1.000000e-01
5.579320e+03 0.000000e+00 1.000000e+00 1.000000e-01
5.579330e+03 0.000000e+00 1.000000e+00 1.000000e-01
5.579340e+03 0.000000e+00 1.000000e+00 1.000000e-01
5.579350e+03 0.000000e+00 1.000000e+00 1.000000e-01
5.579360e+03 0.000000e+00 1.000000e+00 1.000000e-01
5.579370e+03 0.000000e+00 1.000000e+00 1.000000e-01
5.579380e+03 0.000000e+00 1.000000e+00 1.000000e-01
5.579390e+03 0.000000e+00 1.000000e+00 1.000000e-01
5.579400e+03 0.000000e+00 1.000000e+00 1.000000e-01
5.579410e+03 0.000000e+00 1.000000e+00 1.000000e-01
5.579420e+03 0.000000e+00 1.000000e+00 1.000000e-01
5.579430e+03 0.000000e+00 1.000000e+00 1.000000e-01
5.579440e+03 0.000000e+00 1.000000e+00 1.000000e-01
5.579450e+03 0.000000e+00 1.000000e+00 1.000000e-01
5.579460e+03 0.000000e+00 1.000000e+00 1.000000e-01
5.579470e+03 0.000000e+00 1.000000e+00 1.000000e-01
5.579480e+03 0.000000e+00 1.000000e+00 1.000000e-01
5.579490e+03 0.000000e+00 1.000000e+00 1.000000e-01
5.579500e+03 0.000000e+00 1.000000e+00 1.000000e-01
5.579510e+03 0.000000e+00 1.000000e+00 1.000000e-01
5.579520e+03 0.000000e+00 1.000000e+00 1.000000e-01
5.579530e+03 0.000000e+00 1.000000e+00 1.000000e-01
5.579540e+03 0.000000e+00 1.000000e+00 1.000000e-01
5.579550e+03 0.000000e+00 1.000000e+00 1.000000e-01
5.579560e+03 0.000000e+00 1.000000e+00 1.000000e-01
5.579570e+03 0.000000e+00 1.000000e+00 1.000000e-01
5.579580e+03 0.000000e+00 1.000000e+00 1.000000e-01
5.579590e+03 0.000000e+00 1.000000e+00 1.000000e-01
5.579600e+03 0.000000e+00 1.000000e+00 1.000000e-01
5.579610e+03 0.000000e+00 1.000000e+00 1.000000e-01
5.579620e+03 0.000000e+00 1.000000e+00 1.000000e-01
5.579630e+03 0.000000e+00 1.000000e+00 1.000000e-01
5.579640e+03 0.000000e+00 1.000000e+00 1.000000e-01
5.579650e+03 0.000000e+00 1.000000e+00 1.000000e-01
5.579660e+03 0.000000e+00 1.000000e+00 1.000000e-01
5.579670e+03 0.000000e+00 1.000000e+00 1.000000e-01
5.579680e+03 0.000000e+00 1.000000e+00 1.000000e-01
5.579690e+03 0.000000e+00 1.000000e+00 1.000000e-01
5.579700e+03 0.000000e+00 1.000000e+00 1.000000e-01
5.579710e+03 0.000000e+00 1.000000e+00 1.000000e-01
5.579720e+03 0.000000e+00 1.000000e+00 1.000000e-01
5.579730e+03 0.000000e+00 1.000000e+00 1.000000e-01
5.579740e+03 0.000000e+00 1.000000e+00 1.000000e-01
5.579750e+03 0.000000e+00 1.000000e+00 1.000000e-01
5.579760e+03 0.000000e+00 1.000000e+00 1.000000e-01
5.579770e+03 0.000000e+00 1.000000e+00 1.000000e-01
5.579780e+03 0.000000e+00 1.000000e+00 1.000000e-01
5.579790e+03 0.000000e+00 1.000000e+00 1.000000e-01
5.579800e+03 0.000000e+00 1.000000e+00 1.000000e-01
5.579810e+03 0.000000e+00 1.000000e+00 1.000000e-01
5.579820e+03 0.000000e+00 1.000000e+00 1.000000e-01
5.579830e+03 0.000000e+00 1.000000e+00 1.000000e-01
5.579840e+03 0.000000e+00 1.000000e+00 1.000000e-01
5.579850e+03 0.000000e+00 1.000000e+00 1.000000e-01
5.579860e+03 0.000000e+00 1.000000e+00 1.000000e-01
5.579870e+03 0.000000e+00 1.000000e+00 1.000000e-01
5.579880e+03 0.000000e+00 1.000000e+00 1.000000e-01
5.579890e+03 0.000000e+00 1.000000e+00 1.000000e-01
5.579900e+03 0.000000e+00 1.000000e+00 1.000000e-01
5.579910e+03 0.000000e+00 1.000000e+00 1.000000e-01
5.579920e+03 0.000000e+00 1.000000e+00 1.000000e-01
5.579930e+03 0.000000e+00 1.000000e+00 1.000000e-01
5.579940e+03 0.000000e+00 1.000000e+00 1.000000e-01
5.579950e+03 0.000000e+00 1.000000e+00 1.000000e-01
5.579960e+03 0.000000e+00 1.000000e+00 1.000000e-01
5.579970e+03 0.000000e+00 1.000000e+00 1.000000e-01
5.579980e+03 0.000000e+00 1.000000e+00 1.000000e-01
5.579990e+03 0.000000e+00 1.000000e+00 1.000000e-01
5.580000e+03 0.000000e+00 1.000000e+00 1.000000e-01
5.580010e+03 0.000000e+00 1.000000e+00 1.000000e-01
5.580020e+03 0.000000e+00 1.000000e+00 1.000000e-01
5.580030e+03 0.000000e+00 1.000000e+00 1.000000e-01
5.580040e+03 0.000000e+00 1.000000e+00 1.000000e-01
5.580050e+03 0.000000e+00 1.000000e+00 1.000000e-01
5.580060e+03 0.000000e+00 1.000000e+00 1.000000e-01
5.580070e+03 0.000000e+00 1.000000e+00 1.000000e-01
5.580080e+03 0.000000e+00 1.000000e+00 1.000000e-01
5.580090e+03 0.000000e+00 1.000000e+00 1.000000e-01
5.580100e+03 0.000000e+00 1.000000e+00 1.000000e-01
5.580110e+03 0.000000e+00 1.000000e+00 1.000000e-01
5.580120e+03 0.000000e+00 1.000000e+00 1.000000e-01
5.580130e+03 0.000000e+00 1.000000e+00 1.000000e-01
5.580140e+03 0.000000e+00 1.000000e+00 1.000000e-01
5.580150e+03 0.000000e+00 1.000000e+00 1.000000e-01
5.580160e+03 0.000000e+00 1.000000e+00 1.000000e-01
5.580170e+03 0.000000e+00 1.000000e+00 1.000000e-01
5.580180e+03 0.000000e+00 1.000000e+00 1.000000e-01
5.580190e+03 0.000000e+00 1.000000e+00 1.000000e-01
5.580200e+03 0.000000e+00 1.000000e+00 1.000000e-01
5.580210e+03 0.000000e+00 1.000000e+00 1.000000e-01
5.580220e+03 0.000000e+00 1.000000e+00 1.000000e-01
5.580230e+03 0.000000e+00 1.000000e+00 1.000000e-01
5.580240e+03 0.000000e+00 1.000000e+00 1.000000e-01
5.580250e+03 0.000000e+00 1.000000e+00 1.000000e-01
5.580260e+03 0.000000e+00 1.000000e+00 1.000000e-01
5.580270e+03 0.000000e+00 1.000000e+00 1.000000e-01
5.580280e+03 0.000000e+00 1.000000e+00 1.000000e-01
5.580290e+03 0.000000e+00 1.000000e+00 1.000000e-01
5.580300e+03 0.000000e+00 1.000000e+00 1.000000e-01
5.580310e+03 0.000000e+00 1.000000e+00 1.000000e-01
5.580320e+03 0.000000e+00 1.000000e+00 1.000000e-01
5.580330e+03 0.000000e+00 1.000000e+00 1.000000e-01
5.580340e+03 0.000000e+00 1.000000e+00 1.000000e-01
5.580350e+03 0.000000e+00 1.000000e+00 1.000000e-01
5.580360e+03 0.000000e+00 1.000000e+00 1.000000e-01
5.580370e+03 0.000000e+00 1.000000e+00 1.000000e-01
5.580380e+03 0.000000e+00 1.000000e+00 1.000000e-01
5.580390e+03 0.000000e+00 1.000000e+00 1.000000e-01
5.580400e+03 0.000000e+00 1.000000e+00 1.000000e-01
5.580410e+03 0.000000e+00 1.000000e+00 1.000000e-01
5.580420e+03 0.000000e+00 1.000000e+00 1.000000e-01
5.580430e+03 0.000000e+00 1.000000e+00 1.000000e-01
5.580440e+03 0.000000e+00 1.000000e+00 1.000000e-01
5.580450e+03 0.000000e+00 1.000000e+00 1.000000e-01
5.580460e+03 0.000000e+00 1.000000e+00 1.000000e-01
5.580470e+03 0.000000e+00 1.000000e+00 1.000000e-01
5.580480e+03 0.000000e+00 1.000000e+00 1.000000e-01
5.580490e+03 0.000000e+00 1.000000e+00 1.000000e-01
5.580500e+03 0.000000e+00 1.000000e+00 1.000000e-01
5.580510e+03 0.000000e+00 1.000000e+00 1.000000e-01
5.580520e+03 0.000000e+00 1.000000e+00 1.000000e-01
5.580530e+03 0.000000e+00 1.000000e+00 1.000000e-01
5.580540e+03 0.000000e+00 1.000000e+00 1.000000e-01
5.580550e+03 0.000000e+00 1.000000e+00 1.000000e-01
5.580560e+03 0.000000e+00 1.000000e+00 1.000000e-01
5.580570e+03 0.000000e+00 1.000000e+00 1.000000e-01
5.580580e+03 0.000000e+00 1.000000e+00 1.000000e-01
5.580590e+03 0.000000e+00 1.000000e+00 1.000000e-01
5.580600e+03 0.000000e+00 1.000000e+00 1.000000e-01
5.580610e+03 0.000000e+00 1.000000e+00 1.000000e-01
5.580620e+03 0.000000e+00 1.000000e+00 1.000000e-01
5.580630e+03 0.000000e+00 1.000000e+00 1.000000e-01
5.580640e+03 0.000000e+00 1.000000e+00 1.000000e-01
5.580650e+03 0.000000e+00 1.000000e+00 1.000000e-01
5.580660e+03 0.000000e+00 1.000000e+00 1.000000e-01
5.580670e+03 0.000000e+00 1.000000e+00 1.000000e-01
5.580680e+03 0.000000e+00 1.000000e+00 1.000000e-01
5.580690e+03 0.000000e+00 1.000000e+00 1.000000e-01
5.580700e+03 0.000000e+00 1.000000e+00 1.000000e-01
5.580710e+03 0.000000e+00 1.000000e+00 1.000000e-01
5.580720e+03 0.000000e+00 1.000000e+00 1.000000e-01
5.580730e+03 0.000000e+00 1.000000e+00 1.000000e-01
5.580740e+03 0.000000e+00 1.000000e+00 1.000000e-01
5.580750e+03 0.000000e+00 1.000000e+00 1.000000e-01
5.580760e+03 0.000000e+00 1.000000e+00 1.000000e-01
5.580770e+03 0.000000e+00 1.000000e+00 1.000000e-01
5.580780e+03 0.000000e+00 1.000000e+00 1.000000e-01
5.580790e+03 0.000000e+00 1.000000e+00 1.000000e-01
5.580800e+03 0.000000e+00 1.000000e+00 1.000000e-01
5.580810e+03 0.000000e+00 1.000000e+00 1.000000e-01
5.580820e+03 0.000000e+00 1.000000e+00 1.000000e-01
5.580830e+03 0.000000e+00 1.000000e+00 1.000000e-01
5.580840e+03 0.000000e+00 1.000000e+00 1.000000e-01
5.580850e+03 0.000000e+00 1.000000e+00 1.000000e-01
5.580860e+03 0.000000e+00 1.000000e+00 1.000000e-01
5.580870e+03 0.000000e+00 1.000000e+00 1.000000e-01
5.580880e+03 0.000000e+00 1.000000e+00 1.000000e-01
5.580890e+03 0.000000e+00 1.000000e+00 1.000000e-01
5.580900e+03 0.000000e+00 1.000000e+00 1.000000e-01
5.580910e+03 0.000000e+00 1.000000e+00 1.000000e-01
5.580920e+03 0.000000e+00 1.000000e+00 1.000000e-01
5.580930e+03 0.000000e+00 1.000000e+00 1.000000e-01
5.580940e+03 0.000000e+00 1.000000e+00 1.000000e-01
5.580950e+03 0.000000e+00 1.000000e+00 1.000000e-01
5.580960e+03 0.000000e+00 1.000000e+00 1.000000e-01
5.580970e+03 0.000000e+00 1.000000e+00 1.000000e-01
5.580980e+03 0.000000e+00 1.000000e+00 1.000000e-01
5.580990e+03 0.000000e+00 1.000000e+00 1.000000e-01
5.581000e+03 0.000000e+00 1.000000e+00 1.000000e-01
5.581010e+03 0.000000e+00 1.000000e+00 1.000000e-01
5.581020e+03 0.000000e+00 1.000000e+00 1.000000e-01
5.581030e+03 0.000000e+00 1.000000e+00 1.000000e-01
5.581040e+03 0.000000e+00 1.000000e+00 1.000000e-01
5.581050e+03 0.000000e+00 1.000000e+00 1.000000e-01
5.581060e+03 0.000000e+00 1.000000e+00 1.000000e-01
5.581070e+03 0.000000e+00 1.000000e+00 1.000000e-01
5.581080e+03 0.000000e+00 1.000000e+00 1.000000e-01
5.581090e+03 0.000000e+00 1.000000e+00 1.000000e-01
5.581100e+03 0.000000e+00 1.000000e+00 1.000000e-01
5.581110e+03 0.000000e+00 1.000000e+00 1.000000e-01
5.581120e+03 0.000000e+00 1.000000e+00 1.000000e-01
5.581130e+03 0.000000e+00 1.000000e+00 1.000000e-01
5.581140e+03 0.000000e+00 1.000000e+00 1.000000e-01
5.581150e+03 0.000000e+00 1.000000e+00 1.000000e-01
5.581160e+03 0.000000e+00 1.000000e+00 1.000000e-01
5.581170e+03 0.000000e+00 1.000000e+00 1.000000e-01
5.581180e+03 0.000000e+00 1.000000e+00 1.000000e-01
5.581190e+03 0.000000e+00 1.000000e+00 1.000000e-01
5.581200e+03 0.000000e+00 1.000000e+00 1.000000e-01
5.581210e+03 0.000000e+00 1.000000e+00 1.000000e-01
5.581220e+03 0.000000e+00 1.000000e+00 1.000000e-01
5.581230e+03 0.000000e+00 1.000000e+00 1.000000e-01
5.581240e+03 0.000000e+00 1.000000e+00 1.000000e-01
5.581250e+03 0.000000e+00 1.000000e+00 1.000000e-01
5.581260e+03 0.000000e+00 1.000000e+00 1.000000e-01
5.581270e+03 0.000000e+00 1.000000e+00 1.000000e-01
5.581280e+03 0.000000e+00 1.000000e+00 1.000000e-01
5.581290e+03 0.000000e+00 1.000000e+00 1.000000e-01
5.581300e+03 0.000000e+00 1.000000e+00 1.000000e-01
5.581310e+03 0.000000e+00 1.000000e+00 1.000000e-01
5.581320e+03 0.000000e+00 1.000000e+00 1.000000e-01
5.581330e+03 0.000000e+00 1.000000e+00 1.000000e-01
5.581340e+03 0.000000e+00 1.000000e+00 1.000000e-01
5.581350e+03 0.000000e+00 1.000000e+00 1.000000e-01
5.581360e+03 0.000000e+00 1.000000e+00 1.000000e-01
5.581370e+03 0.000000e+00 1.000000e+00 1.000000e-01
5.581380e+03 0.000000e+00 1.000000e+00 1.000000e-01
5.581390e+03 0.000000e+00 1.000000e+00 1.000000e-01
5.581400e+03 0.000000e+00 1.000000e+00 1.000000e-01
5.581410e+03 0.000000e+00 1.000000e+00 1.000000e-01
5.581420e+03 0.000000e+00 1.000000e+00 1.000000e-01
5.581430e+03 0.000000e+00 1.000000e+00 1.000000e-01
5.581440e+03 0.000000e+00 1.000000e+00 1.000000e-01
5.581450e+03 0.000000e+00 1.000000e+00 1.000000e-01
5.581460e+03 0.000000e+00 1.000000e+00 1.000000e-01
5.581470e+03 0.000000e+00 1.000000e+00 1.000000e-01
5.581480e+03 0.000000e+00 1.000000e+00 1.000000e-01
5.581490e+03 0.000000e+00 1.000000e+00 1.000000e-01
5.581500e+03 0.000000e+00 1.000000e+00 1.000000e-01
5.581510e+03 0.000000e+00 1.000000e+00 1.000000e-01
5.581520e+03 0.000000e+00 1.000000e+00 1.000000e-01
5.581530e+03 0.000000e+00 1.000000e+00 1.000000e-01
5.581540e+03 0.000000e+00 1.000000e+00 1.000000e-01
5.581550e+03 0.000000e+00 1.000000e+00 1.000000e-01
5.581560e+03 0.000000e+00 1.000000e+00 1.000000e-01
5.581570e+03 0.000000e+00 1.000000e+00 1.000000e-01
5.581580e+03 0.000000e+00 1.000000e+00 1.000000e-01
5.581590e+03 0.000000e+00 1.000000e+00 1.000000e-01
5.581600e+03 0.000000e+00 1.000000e+00 1.000000e-01
5.581610e+03 0.000000e+00 1.000000e+00 1.000000e-01
5.581620e+03 0.000000e+00 1.000000e+00 1.000000e-01
5.581630e+03 0.000000e+00 1.000000e+00 1.000000e-01
5.581640e+03 0.000000e+00 1.000000e+00 1.000000e-01
5.581650e+03 0.000000e+00 1.000000e+00 1.000000e-01
5.581660e+03 0.000000e+00 1.000000e+00 1.000000e-01
5.581670e+03 0.000000e+00 1.000000e+00 1.000000e-01
5.581680e+03 0.000000e+00 1.000000e+00 1.000000e-01
5.581690e+03 0.000000e+00 1.000000e+00 1.000000e-01
5.581700e+03 0.000000e+00 1.000000e+00 1.000000e-01
5.581710e+03 0.000000e+00 1.000000e+00 1.000000e-01
5.581720e+03 0.000000e+00 1.000000e+00 1.000000e-01
5.581730e+03 0.000000e+00 1.000000e+00 1.000000e-01
5.581740e+03 0.000000e+00 1.000000e+00 1.000000e-01
5.581750e+03 0.000000e+00 1.000000e+00 1.000000e-01
5.581760e+03 0.000000e+00 1.000000e+00 1.000000e-01
5.581770e+03 0.000000e+00 1.000000e+00 1.000000e-01
5.581780e+03 0.000000e+00 1.000000e+00 1.000000e-01
5.581790e+03 0.000000e+00 1.000000e+00 1.000000e-01
5.581800e+03 0.000000e+00 1.000000e+00 1.000000e-01
5.581810e+03 0.000000e+00 1.000000e+00 1.000000e-01
5.581820e+03 0.000000e+00 1.000000e+00 1.000000e-01
5.581830e+03 0.000000e+00 1.000000e+00 1.000000e-01
5.581840e+03 0.000000e+00 1.000000e+00 1.000000e-01
5.581850e+03 0.000000e+00 1.000000e+00 1.000000e-01
5.581860e+03 0.000000e+00 1.000000e+00 1.000000e-01
5.581870e+03 0.000000e+00 1.000000e+00 1.000000e-01
5.581880e+03 0.000000e+00 1.000000e+00 1.000000e-01
5.581890e+03 0.000000e+00 1.000000e+00 1.000000e-01
5.581900e+03 0.000000e+00 1.000000e+00 1.000000e-01
5.581910e+03 0.000000e+00 1.000000e+00 1.000000e-01
5.581920e+03 0.000000e+00 1.000000e+00 1.000000e-01
5.581930e+03 0.000000e+00 1.000000e+00 1.000000e-01
5.581940e+03 0.000000e+00 1.000000e+00 1.000000e-01
5.581950e+03 0.000000e+00 1.000000e+00 1.000000e-01
5.581960e+03 0.000000e+00 1.000000e+00 1.000000e-01
5.581970e+03 0.000000e+00 1.000000e+00 1.000000e-01
5.581980e+03 0.000000e+00 1.000000e+00 1.000000e-01
5.581990e+03 0.000000e+00 1.000000e+00 1.000000e-01
5.582000e+03 0.000000e+00 1.000000e+00 1.000000e-01
5.582010e+03 0.000000e+00 1.000000e+00 1.000000e-01
5.582020e+03 0.000000e+00 1.000000e+00 1.000000e-01
5.582030e+03 0.000000e+00 1.000000e+00 1.000000e-01
5.582040e+03 0.000000e+00 1.000000e+00 1.000000e-01
5.582050e+03 0.000000e+00 1.000000e+00 1.000000e-01
5.582060e+03 0.000000e+00 1.000000e+00 1.000000e-01
5.582070e+03 0.000000e+00 1.000000e+00 1.000000e-01
5.582080e+03 0.000000e+00 1.000000e+00 1.000000e-01
5.582090e+03 0.000000e+00 1.000000e+00 1.000000e-01
5.582100e+03 0.000000e+00 1.000000e+00 1.000000e-01
5.582110e+03 0.000000e+00 1.000000e+00 1.000000e-01
5.582120e+03 0.000000e+00 1.000000e+00 1.000000e-01
5.582130e+03 0.000000e+00 1.000000e+00 1.000000e-01
5.582140e+03 0.000000e+00 1.000000e+00 1.000000e-01
5.582150e+03 0.000000e+00 1.000000e+00 1.000000e-01
5.582160e+03 0.000000e+00 1.000000e+00 1.000000e-01
5.582170e+03 0.000000e+00 1.000000e+00 1.000000e-01
5.582180e+03 0.000000e+00 1.000000e+00 1.000000e-01
5.582190e+03 0.000000e+00 1.000000e+00 1.000000e-01
5.582200e+03 0.000000e+00 1.000000e+00 1.000000e-01
5.582210e+03 0.000000e+00 1.000000e+00 1.000000e-01
5.582220e+03 0.000000e+00 1.000000e+00 1.000000e-01
5.582230e+03 0.000000e+00 1.000000e+00 1.000000e-01
5.582240e+03 0.000000e+00 1.000000e+00 1.000000e-01
5.582250e+03 0.000000e+00 1.000000e+00 1.000000e-01
5.582260e+03 0.000000e+00 1.000000e+00 1.000000e-01
5.582270e+03 0.000000e+00 1.000000e+00 1.000000e-01
5.582280e+03 0.000000e+00 1.000000e+00 1.000000e-01
5.582290e+03 0.000000e+00 1.000000e+00 1.000000e-01
5.582300e+03 0.000000e+00 1.000000e+00 1.000000e-01
5.582310e+03 0.000000e+00 1.000000e+00 1.000000e-01
5.582320e+03 0.000000e+00 1.000000e+00 1.000000e-01
5.582330e+03 0.000000e+00 1.000000e+00 1.000000e-01
5.582340e+03 0.000000e+00 1.000000e+00 1.000000e-01
5.582350e+03 0.000000e+00 1.000000e+00 1.000000e-01
5.582360e+03 0.000000e+00 1.000000e+00 1.000000e-01
5.582370e+03 0.000000e+00 1.000000e+00 1.000000e-01
5.582380e+03 0.000000e+00 1.000000e+00 1.000000e-01
5.582390e+03 0.000000e+00 1.000000e+00 1.000000e-01
5.582400e+03 0.000000e+00 1.000000e+00 1.000000e-01
5.582410e+03 0.000000e+00 1.000000e+00 1.000000e-01
5.582420e+03 0.000000e+00 1.000000e+00 1.000000e-01
5.582430e+03 0.000000e+00 1.000000e+00 1.000000e-01
5.582440e+03 0.000000e+00 1.000000e+00 1.000000e-01
5.582450e+03 0.000000e+00 1.000000e+00 1.000000e-01
5.582460e+03 0.000000e+00 1.000000e+00 1.000000e-01
5.582470e+03 0.000000e+00 1.000000e+00 1.000000e-01
5.582480e+03 0.000000e+00 1.000000e+00 1.000000e-01
5.582490e+03 0.000000e+00 1.000000e+00 1.000000e-01
5.582500e+03 1.647984e-08 1.000000e+00 1.000000e-01
5.582510e+03 1.655647e-08 1.000000e+00 1.000000e-01
5.582520e+03 0.000000e+00 1.000000e+00 1.000000e-01
5.582530e+03 0.000000e+00 1.000000e+00 1.000000e-01
5.582540e+03 0.000000e+00 1.000000e+00 1.000000e-01
5.582550e+03 0.000000e+00 1.000000e+00 1.000000e-01
5.582560e+03 0.000000e+00 1.000000e+00 1.000000e-01
5.582570e+03 0.000000e+00 1.000000e+00 1.000000e-01
5.582580e+03 0.000000e+00 1.000000e+00 1.000000e-01
5.582590e+03 0.000000e+00 1.000000e+00 1.000000e-01
5.582600e+03 0.000000e+00 1.000000e+00 1.000000e-01
5.582610e+03 0.000000e+00 1.000000e+00 1.000000e-01
5.582620e+03 0.000000e+00 1.000000e+00 1.000000e-01
5.582630e+03 0.000000e+00 1.000000e+00 1.000000e-01
5.582640e+03 0.000000e+00 1.000000e+00 1.000000e-01
5.582650e+03 0.000000e+00 1.000000e+00 1.000000e-01
5.582660e+03 0.000000e+00 1.000000e+00 1.000000e-01
5.582670e+03 2.773470e-08 1.000000e+00 1.000000e-01
5.582680e+03 1.759554e-04 9.998241e-01 9.999120e-02
5.582690e+03 1.732094e-04 9.998268e-01 9.999134e-02
5.582700e+03 0.000000e+00 1.000000e+00 1.000000e-01
5.582710e+03 0.000000e+00 1.000000e+00 1.000000e-01
5.582720e+03 0.000000e+00 1.000000e+00 1.000000e-01
5.582730e+03 0.000000e+00 1.000000e+00 1.000000e-01
5.582740e+03 0.000000e+00 1.000000e+00 1.000000e-01
5.582750e+03 0.000000e+00 1.000000e+00 1.000000e-01
5.582760e+03 0.000000e+00 1.000000e+00 1.000000e-01
5.582770e+03 0.000000e+00 1.000000e+00 1.000000e-01
5.582780e+03 0.000000e+00 1.000000e+00 1.000000e-01
5.582790e+03 0.000000e+00 1.000000e+00 1.000000e-01
5.582800e+03 1.396360e-10 1.000000e+00 1.000000e-01
5.582810e+03 1.400397e-10 1.000000e+00 1.000000e-01
5.582820e+03 0.000000e+00 1.000000e+00 1.000000e-01
5.582830e+03 0.000000e+00 1.000000e+00 1.000000e-01
5.582840e+03 0.000000e+00 1.000000e+00 1.000000e-01
5.582850e+03 0.000000e+00 1.000000e+00 1.000000e-01
5.582860e+03 0.000000e+00 1.000000e+00 1.000000e-01
5.582870e+03 0.000000e+00 1.000000e+00 1.000000e-01
5.582880e+03 0.000000e+00 1.000000e+00 1.000000e-01
5.582890e+03 0.000000e+00 1.000000e+00 1.000000e-01
5.582900e+03 0.000000e+00 1.000000e+00 1.000000e-01
5.582910e+03 0.000000e+00 1.000000e+00 1.000000e-01
5.582920e+03 0.000000e+00 1.000000e+00 1.000000e-01
5.582930e+03 0.000000e+00 1.000000e+00 1.000000e-01
5.582940e+03 0.000000e+00 1.000000e+00 1.000000e-01
5.582950e+03 0.000000e+00 1.000000e+00 1.000000e-01
5.582960e+03 0.000000e+00 1.000000e+00 1.000000e-01
5.582970e+03 0.000000e+00 1.000000e+00 1.000000e-01
5.582980e+03 0.000000e+00 1.000000e+00 1.000000e-01
5.582990e+03 0.000000e+00 1.000000e+00 1.000000e-01
5.583000e+03 0.000000e+00 1.000000e+00 1.000000e-01
5.583010e+03 0.000000e+00 1.000000e+00 1.000000e-01
5.583020e+03 0.000000e+00 1.000000e+00 1.000000e-01
5.583030e+03 0.000000e+00 1.000000e+00 1.000000e-01
5.583040e+03 0.000000e+00 1.000000e+00 1.000000e-01
5.583050e+03 0.000000e+00 1.000000e+00 1.000000e-01
5.583060e+03 0.000000e+00 1.000000e+00 1.000000e-01
5.583070e+03 0.000000e+00 1.000000e+00 1.000000e-01
5.583080e+03 0.000000e+00 1.000000e+00 1.000000e-01
5.583090e+03 0.000000e+00 1.000000e+00 1.000000e-01
5.583100e+03 0.000000e+00 1.000000e+00 1.000000e-01
5.583110e+03 0.000000e+00 1.000000e+00 1.000000e-01
5.583120e+03 6.371927e-07 9.999994e-01 9.999997e-02
5.583130e+03 6.368076e-07 9.999994e-01 9.999997e-02
5.583140e+03 0.000000e+00 1.000000e+00 1.000000e-01
5.583150e+03 0.000000e+00 1.000000e+00 1.000000e-01
5.583160e+03 0.000000e+00 1.000000e+00 1.000000e-01
5.583170e+03 1.652078e-09 1.000000e+00 1.000000e-01
5.583180e+03 1.655237e-09 1.000000e+00 1.000000e-01
5.583190e+03 3.488343e-04 9.996512e-01 9.998256e-02
5.583200e+03 7.339381e-04 9.992663e-01 9.996331e-02
5.583210e+03 1.572487e-03 9.984287e-01 9.992141e-02
5.583220e+03 3.293883e-03 9.967115e-01 9.983544e-02
5.583230e+03 6.603782e-03 9.934180e-01 9.967036e-02
5.583240e+03 1.254144e-02 9.875369e-01 9.937489e-02
5.583250e+03 2.244895e-02 9.778011e-01 9.888383e-02
5.583260e+03 3.777960e-02 9.629251e-01 9.812875e-02
5.583270e+03 5.969998e-02 9.420471e-01 9.705911e-02
5.583280e+03 8.852112e-02 9.152838e-01 9.567046e-02
5.583290e+03 1.231141e-01 8.841628e-01 9.402993e-02
5.583300e+03 1.605683e-01 8.516596e-01 9.228541e-02
5.583310e+03 1.963564e-01 8.217193e-01 9.064873e-02
5.583320e+03 2.251279e-01 7.984141e-01 8.935402e-02
5.583330e+03 2.419874e-01 7.850661e-01 8.860395e-02
5.583340e+03 2.438522e-01 7.836035e-01 8.852138e-02
5.583350e+03 2.303722e-01 7.942380e-01 8.912003e-02
5.583360e+03 2.040378e-01 8.154316e-01 9.030125e-02
5.583370e+03 1.694282e-01 8.441473e-01 9.187749e-02
5.583380e+03 1.319126e-01 8.764176e-01 9.361718e-02
5.583390e+03 9.630836e-02 9.081839e-01 9.529868e-02
5.583400e+03 6.594852e-02 9.361791e-01 9.675635e-02
5.583410e+03 4.236985e-02 9.585152e-01 9.790379e-02
5.583420e+03 2.555526e-02 9.747685e-01 9.873037e-02
5.583430e+03 1.448619e-02 9.856182e-01 9.927831e-02
5.583440e+03 7.733913e-03 9.922959e-01 9.961405e-02
5.583450e+03 3.905280e-03 9.961023e-01 9.980493e-02
5.583460e+03 1.881435e-03 9.981203e-01 9.990597e-02
5.583470e+03 8.804548e-04 9.991199e-01 9.995599e-02
5.583480e+03 4.146016e-04 9.995855e-01 9.997927e-02
5.583490e+03 4.181442e-04 9.995819e-01 9.997909e-02
5.583500e+03 3.444998e-04 9.996556e-01 9.998278e-02
5.583510e+03 2.414202e-04 9.997586e-01 9.998793e-02
5.583520e+03 2.600923e-04 9.997399e-01 9.998700e-02
5.583530e+03 7.078332e-04 9.992924e-01 9.996461e-02
5.583540e+03 7.165601e-04 9.992837e-01 9.996418e-02
5.583550e+03 3.316375e-04 9.996684e-01 9.998342e-02
5.583560e+03 3.623614e-04 9.996377e-01 9.998188e-02
5.583570e+03 3.977150e-04 9.996024e-01 9.998012e-02
5.583580e+03 4.387253e-04 9.995614e-01 9.997807e-02
5.583590e+03 4.867603e-04 9.995134e-01 9.997566e-02
5.583600e+03 5.437631e-04 9.994564e-01 9.997282e-02
5.583610e+03 6.129047e-04 9.993873e-01 9.996936e-02
5.583620e+03 7.007015e-04 9.992995e-01 9.996497e-02
5.583630e+03 8.240488e-04 9.991763e-01 9.995881e-02
5.583640e+03 1.032422e-03 9.989681e-01 9.994839e-02
5.583650e+03 1.472203e-03 9.985289e-01 9.992642e-02
5.583660e+03 2.554633e-03 9.974486e-01 9.987235e-02
5.583670e+03 5.345425e-03 9.946688e-01 9.973309e-02
5.583680e+03 1.235485e-02 9.877212e-01 9.938416e-02
5.583690e+03 2.890284e-02 9.715108e-01 9.856525e-02
5.583700e+03 6.502835e-02 9.370409e-01 9.680087e-02
5.583710e+03 1.373607e-01 8.716557e-01 9.336251e-02
5.583720e+03 2.695080e-01 7.637551e-01 8.739309e-02
5.583730e+03 4.888086e-01 6.133567e-01 7.831709e-02
5.583740e+03 8.176796e-01 4.414548e-01 6.644207e-02
5.583750e+03 1.260144e+00 2.836132e-01 5.325534e-02
5.583760e+03 1.788126e+00 1.672733e-01 4.089906e-02
5.583770e+03 2.335503e+00 9.676181e-02 3.110656e-02
5.583780e+03 2.807676e+00 6.034510e-02 2.456524e-02
5.583790e+03 3.105831e+00 4.478727e-02 2.116300e-02
5.583800e+03 3.161529e+00 4.236090e-02 2.058176e-02
5.583810e+03 2.961528e+00 5.173981e-02 2.274639e-02
5.583820e+03 2.553115e+00 7.783879e-02 2.789960e-02
5.583830e+03 2.025991e+00 1.318631e-01 3.631296e-02
5.583840e+03 1.480348e+00 2.275584e-01 4.770308e-02
5.583850e+03 9.973001e-01 3.688740e-01 6.073500e-02
5.583860e+03 6.202183e-01 5.378270e-01 7.333669e-02
5.583870e+03 3.577600e-01 6.992409e-01 8.362063e-02
5.583880e+03 1.936356e-01 8.239581e-01 9.077214e-02
5.583890e+03 1.013176e-01 9.036460e-01 9.506030e-02
5.583900e+03 5.497085e-02 9.465127e-01 9.728889e-02
5.583910e+03 3.484165e-02 9.657583e-01 9.827300e-02
5.583920e+03 2.814643e-02 9.722460e-01 9.860254e-02
5.583930e+03 2.763457e-02 9.727438e-01 9.862777e-02
5.583940e+03 2.947632e-02 9.709539e-01 9.853699e-02
5.583950e+03 3.229139e-02 9.682244e-01 9.839839e-02
5.583960e+03 3.503880e-02 9.655679e-01 9.826332e-02
5.583970e+03 3.733730e-02 9.633511e-01 9.815045e-02
5.583980e+03 3.894291e-02 9.618056e-01 9.807169e-02
5.583990e+03 3.966461e-02 9.611117e-01 9.803631e-02
5.584000e+03 3.936129e-02 9.614033e-01 9.805118e-02
5.584010e+03 3.796984e-02 9.627420e-01 9.811942e-02
5.584020e+03 3.553218e-02 9.650917e-01 9.823908e-02
5.584030e+03 3.220269e-02 9.683103e-01 9.840276e-02
5.584040e+03 2.822983e-02 9.721649e-01 9.859842e-02
5.584050e+03 2.391706e-02 9.763667e-01 9.881127e-02
5.584060e+03 1.957434e-02 9.806160e-01 9.902606e-02
5.584070e+03 1.547334e-02 9.846458e-01 9.922932e-02
5.584080e+03 1.181608e-02 9.882535e-01 9.941094e-02
5.584090e+03 8.721370e-03 9.913166e-01 9.956488e-02
5.584100e+03 6.225145e-03 9.937942e-01 9.968923e-02
5.584110e+03 4.308234e-03 9.957010e-01 9.978482e-02
5.584120e+03 2.897740e-03 9.971065e-01 9.985522e-02
5.584130e+03 1.725653e-03 9.982758e-01 9.991375e-02
5.584140e+03 1.062799e-03 9.989378e-01 9.994687e-02
5.584150e+03 6.337994e-04 9.993664e-01 9.996832e-02
5.584160e+03 3.670025e-04 9.996331e-01 9.998165e-02
5.584170e+03 0.000000e+00 1.000000e+00 1.000000e-01
5.584180e+03 0.000000e+00 1.000000e+00 1.000000e-01
5.584190e+03 0.000000e+00 1.000000e+00 1.000000e-01
5.584200e+03 0.000000e+00 1.000000e+00 1.000000e-01
5.584210e+03 0.000000e+00 1.000000e+00 1.000000e-01
5.584220e+03 0.000000e+00 1.000000e+00 1.000000e-01
5.584230e+03 0.000000e+00 1.000000e+00 1.000000e-01
5.584240e+03 0.000000e+00 1.000000e+00 1.000000e-01
5.584250e+03 0.000000e+00 1.000000e+00 1.000000e-01
5.584260e+03 0.000000e+00 1.000000e+00 1.000000e-01
5.584270e+03 1.266437e-03 9.987344e-01 9.993670e-02
5.584280e+03 2.523614e-03 9.974796e-01 9.987390e-02
5.584290e+03 5.423726e-03 9.945910e-01 9.972918e-02
5.584300e+03 1.178057e-02 9.882886e-01 9.941270e-02
5.584310e+03 2.486265e-02 9.754439e-01 9.876456e-02
5.584320e+03 4.998100e-02 9.512475e-01 9.753192e-02
5.584330e+03 9.480081e-02 9.095541e-01 9.537055e-02
5.584340e+03 1.688850e-01 8.446060e-01 9.190245e-02
5.584350e+03 2.827494e-01 7.537087e-01 8.681640e-02
5.584360e+03 4.418774e-01 6.428285e-01 8.017658e-02
5.584370e+03 6.466061e-01 5.238205e-01 7.237545e-02
5.584380e+03 8.862305e-01 4.122066e-01 6.420332e-02
5.584390e+03 1.139055e+00 3.201213e-01 5.657926e-02
5.584400e+03 1.376490e+00 2.524631e-01 5.024571e-02
5.584410e+03 1.571654e+00 2.077013e-01 4.557426e-02
5.584420e+03 1.710013e+00 1.808635e-01 4.252805e-02
5.584430e+03 1.796791e+00 1.658303e-01 4.072226e-02
5.584440e+03 1.856148e+00 1.562735e-01 3.953144e-02
5.584450e+03 1.920000e+00 1.466070e-01 3.828929e-02
5.584460e+03 2.010649e+00 1.339017e-01 3.659259e-02
5.584470e+03 2.124964e+00 1.194373e-01 3.455970e-02
5.584480e+03 2.229648e+00 1.075663e-01 3.279730e-02
5.584490e+03 2.273010e+00 1.030017e-01 3.209387e-02
5.584500e+03 2.207898e+00 1.099315e-01 3.315592e-02
5.584510e+03 2.014432e+00 1.333962e-01 3.652344e-02
5.584520e+03 1.710280e+00 1.808151e-01 4.252236e-02
5.584530e+03 1.343561e+00 2.609150e-01 5.107984e-02
5.584540e+03 9.734217e-01 3.777882e-01 6.146447e-02
5.584550e+03 6.493056e-01 5.224084e-01 7.227783e-02
5.584560e+03 3.984977e-01 6.713278e-01 8.193460e-02
5.584570e+03 2.251087e-01 7.984294e-01 8.935488e-02
5.584580e+03 1.172507e-01 8.893622e-01 9.430600e-02
5.584590e+03 5.600812e-02 9.455315e-01 9.723844e-02
5.584600e+03 2.510984e-02 9.752028e-01 9.875236e-02
5.584610e+03 1.069079e-02 9.893662e-01 9.946689e-02
5.584620e+03 4.508367e-03 9.955018e-01 9.977484e-02
5.584630e+03 2.039830e-03 9.979622e-01 9.989806e-02
5.584640e+03 1.094657e-03 9.989059e-01 9.994528e-02
5.584650e+03 7.251171e-04 9.992751e-01 9.996375e-02
5.584660e+03 5.610717e-04 9.994391e-01 9.997195e-02
5.584670e+03 0.000000e+00 1.000000e+00 1.000000e-01
5.584680e+03 7.151540e-04 9.992851e-01 9.996425e-02
5.584690e+03 1.036316e-03 9.989642e-01 9.994820e-02
5.584700e+03 1.423101e-03 9.985779e-01 9.992887e-02
5.584710e+03 1.851623e-03 9.981501e-01 9.990746e-02
5.584720e+03 2.282415e-03 9.977202e-01 9.988594e-02
5.584730e+03 2.665211e-03 9.973383e-01 9.986683e-02
5.584740e+03 2.948120e-03 9.970562e-01 9.985270e-02
5.584750e+03 3.089050e-03 9.969157e-01 9.984567e-02
5.584760e+03 3.065959e-03 9.969387e-01 9.984682e-02
5.584770e+03 2.882510e-03 9.971216e-01 9.985598e-02
5.584780e+03 2.567109e-03 9.974362e-01 9.987173e-02
5.584790e+03 2.165708e-03 9.978366e-01 9.989177e-02
5.584800e+03 1.730849e-03 9.982706e-01 9.991349e-02
5.584810e+03 1.312545e-03 9.986883e-01 9.993439e-02
5.584820e+03 9.422572e-04 9.990582e-01 9.995290e-02
5.584830e+03 6.515443e-04 9.993487e-01 9.996743e-02
5.584840e+03 1.194687e-05 9.999881e-01 9.999940e-02
5.584850e+03 0.000000e+00 1.000000e+00 1.000000e-01
5.584860e+03 0.000000e+00 1.000000e+00 1.000000e-01
5.584870e+03 0.000000e+00 1.000000e+00 1.000000e-01
5.584880e+03 0.000000e+00 1.000000e+00 1.000000e-01
5.584890e+03 0.000000e+00 1.000000e+00 1.000000e-01
5.584900e+03 0.000000e+00 1.000000e+00 1.000000e-01
5.584910e+03 0.000000e+00 1.000000e+00 1.000000e-01
5.584920e+03 0.000000e+00 1.000000e+00 1.000000e-01
5.584930e+03 0.000000e+00 1.000000e+00 1.000000e-01
5.584940e+03 0.000000e+00 1.000000e+00 1.000000e-01
5.584950e+03 0.000000e+00 1.000000e+00 1.000000e-01
5.584960e+03 0.000000e+00 1.000000e+00 1.000000e-01
5.584970e+03 0.000000e+00 1.000000e+00 1.000000e-01
5.584980e+03 0.000000e+00 1.000000e+00 1.000000e-01
5.584990e+03 0.000000e+00 1.000000e+00 1.000000e-01
5.585000e+03 4.568042e-07 9.999995e-01 9.999998e-02
5.585010e+03 4.573459e-07 9.999995e-01 9.999998e-02
5.585020e+03 0.000000e+00 1.000000e+00 1.000000e-01
5.585030e+03 0.000000e+00 1.000000e+00 1.000000e-01
5.585040e+03 0.000000e+00 1.000000e+00 1.000000e-01
5.585050e+03 0.000000e+00 1.000000e+00 1.000000e-01
5.585060e+03 0.000000e+00 1.000000e+00 1.000000e-01
5.585070e+03 1.015341e-05 9.999898e-01 9.999949e-02
5.585080e+03 1.021696e-05 9.999898e-01 9.999949e-02
5.585090e+03 3.033991e-08 1.000000e+00 1.000000e-01
5.585100e+03 0.000000e+00 1.000000e+00 1.000000e-01
5.585110e+03 0.000000e+00 1.000000e+00 1.000000e-01
5.585120e+03 0.000000e+00 1.000000e+00 1.000000e-01
5.585130e+03 0.000000e+00 1.000000e+00 1.000000e-01
5.585140e+03 9.356693e-10 1.000000e+00 1.000000e-01
5.585150e+03 9.347667e-10 1.000000e+00 1.000000e-01
5.585160e+03 0.000000e+00 1.000000e+00 1.000000e-01
5.585170e+03 0.000000e+00 1.000000e+00 1.000000e-01
5.585180e+03 0.000000e+00 1.000000e+00 1.000000e-01
5.585190e+03 0.000000e+00 1.000000e+00 1.000000e-01
5.585200e+03 0.000000e+00 1.000000e+00 1.000000e-01
5.585210e+03 0.000000e+00 1.000000e+00 1.000000e-01
5.585220e+03 0.000000e+00 1.000000e+00 1.000000e-01
5.585230e+03 0.000000e+00 1.000000e+00 1.000000e-01
5.585240e+03 0.000000e+00 1.000000e+00 1.000000e-01
5.585250e+03 0.000000e+00 1.000000e+00 1.000000e-01
5.585260e+03 2.418980e-04 9.997581e-01 9.998791e-02
5.585270e+03 2.414984e-04 9.997585e-01 9.998793e-02
5.585280e+03 0.000000e+00 1.000000e+00 1.000000e-01
5.585290e+03 0.000000e+00 1.000000e+00 1.000000e-01
5.585300e+03 2.090189e-08 1.000000e+00 1.000000e-01
5.585310e+03 2.092545e-08 1.000000e+00 1.000000e-01
5.585320e+03 0.000000e+00 1.000000e+00 1.000000e-01
5.585330e+03 0.000000e+00 1.000000e+00 1.000000e-01
5.585340e+03 0.000000e+00 1.000000e+00 1.000000e-01
5.585350e+03 0.000000e+00 1.000000e+00 1.000000e-01
5.585360e+03 0.000000e+00 1.000000e+00 1.000000e-01
5.585370e+03 0.000000e+00 1.000000e+00 1.000000e-01
5.585380e+03 0.000000e+00 1.000000e+00 1.000000e-01
5.585390e+03 0.000000e+00 1.000000e+00 1.000000e-01
5.585400e+03 0.000000e+00 1.000000e+00 1.000000e-01
5.585410e+03 0.000000e+00 1.000000e+00 1.000000e-01
5.585420e+03 0.000000e+00 1.000000e+00 1.000000e-01
5.585430e+03 0.000000e+00 1.000000e+00 1.000000e-01
5.585440e+03 0.000000e+00 1.000000e+00 1.000000e-01
5.585450e+03 0.000000e+00 1.000000e+00 1.000000e-01
5.585460e+03 0.000000e+00 1.000000e+00 1.000000e-01
5.585470e+03 0.000000e+00 1.000000e+00 1.000000e-01
5.585480e+03 0.000000e+00 1.000000e+00 1.000000e-01
5.585490e+03 0.000000e+00 1.000000e+00 1.000000e-01
5.585500e+03 0.000000e+00 1.000000e+00 1.000000e-01
5.585510e+03 0.000000e+00 1.000000e+00 1.000000e-01
5.585520e+03 0.000000e+00 1.000000e+00 1.000000e-01
5.585530e+03 0.000000e+00 1.000000e+00 1.000000e-01
5.585540e+03 0.000000e+00 1.000000e+00 1.000000e-01
5.585550e+03 0.000000e+00 1.000000e+00 1.000000e-01
5.585560e+03 0.000000e+00 1.000000e+00 1.000000e-01
5.585570e+03 0.000000e+00 1.000000e+00 1.000000e-01
5.585580e+03 0.000000e+00 1.000000e+00 1.000000e-01
5.585590e+03 0.000000e+00 1.000000e+00 1.000000e-01
5.585600e+03 0.000000e+00 1.000000e+00 1.000000e-01
5.585610e+03 0.000000e+00 1.000000e+00 1.000000e-01
5.585620e+03 0.000000e+00 1.000000e+00 1.000000e-01
5.585630e+03 0.000000e+00 1.000000e+00 1.000000e-01
5.585640e+03 0.000000e+00 1.000000e+00 1.000000e-01
5.585650e+03 0.000000e+00 1.000000e+00 1.000000e-01
5.585660e+03 0.000000e+00 1.000000e+00 1.000000e-01
5.585670e+03 0.000000e+00 1.000000e+00 1.000000e-01
5.585680e+03 5.275586e-07 9.999995e-01 9.999997e-02
5.585690e+03 5.280112e-07 9.999995e-01 9.999997e-02
5.585700e+03 0.000000e+00 1.000000e+00 1.000000e-01
5.585710e+03 0.000000e+00 1.000000e+00 1.000000e-01
5.585720e+03 0.000000e+00 1.000000e+00 1.000000e-01
5.585730e+03 0.000000e+00 1.000000e+00 1.000000e-01
5.585740e+03 7.781812e-12 1.000000e+00 1.000000e-01
5.585750e+03 7.774919e-12 1.000000e+00 1.000000e-01
5.585760e+03 0.000000e+00 1.000000e+00 1.000000e-01
5.585770e+03 0.000000e+00 1.000000e+00 1.000000e-01
5.585780e+03 0.000000e+00 1.000000e+00 1.000000e-01
5.585790e+03 0.000000e+00 1.000000e+00 1.000000e-01
5.585800e+03 0.000000e+00 1.000000e+00 1.000000e-01
5.585810e+03 0.000000e+00 1.000000e+00 1.000000e-01
5.585820e+03 0.000000e+00 1.000000e+00 1.000000e-01
5.585830e+03 0.000000e+00 1.000000e+00 1.000000e-01
5.585840e+03 0.000000e+00 1.000000e+00 1.000000e-01
5.585850e+03 9.031433e-13 1.000000e+00 1.000000e-01
5.585860e+03 9.030574e-13 1.000000e+00 1.000000e-01
5.585870e+03 0.000000e+00 1.000000e+00 1.000000e-01
5.585880e+03 0.000000e+00 1.000000e+00 1.000000e-01
5.585890e+03 0.000000e+00 1.000000e+00 1.000000e-01
5.585900e+03 0.000000e+00 1.000000e+00 1.000000e-01
5.585910e+03 0.000000e+00 1.000000e+00 1.000000e-01
5.585920e+03 0.000000e+00 1.000000e+00 1.000000e-01
5.585930e+03 0.000000e+00 1.000000e+00 1.000000e-01
5.585940e+03 0.000000e+00 1.000000e+00 1.000000e-01
5.585950e+03 0.000000e+00 1.000000e+00 1.000000e-01
5.585960e+03 0.000000e+00 1.000000e+00 1.000000e-01
5.585970e+03 0.000000e+00 1.000000e+00 1.000000e-01
5.585980e+03 0.000000e+00 1.000000e+00 1.000000e-01
5.585990e+03 0.000000e+00 1.000000e+00 1.000000e-01
5.586000e+03 0.000000e+00 1.000000e+00 1.000000e-01
5.586010e+03 0.000000e+00 1.000000e+00 1.000000e-01
5.586020e+03 0.000000e+00 1.000000e+00 1.000000e-01
5.586030e+03 0.000000e+00 1.000000e+00 1.000000e-01
5.586040e+03 0.000000e+00 1.000000e+00 1.000000e-01
5.586050e+03 0.000000e+00 1.000000e+00 1.000000e-01
5.586060e+03 0.000000e+00 1.000000e+00 1.000000e-01
5.586070e+03 0.000000e+00 1.000000e+00 1.000000e-01
5.586080e+03 1.552779e-09 1.000000e+00 1.000000e-01
5.586090e+03 1.552819e-09 1.000000e+00 1.000000e-01
5.586100e+03 0.000000e+00 1.000000e+00 1.000000e-01
5.586110e+03 0.000000e+00 1.000000e+00 1.000000e-01
5.586120e+03 0.000000e+00 1.000000e+00 1.000000e-01
5.586130e+03 0.000000e+00 1.000000e+00 1.000000e-01
5.586140e+03 0.000000e+00 1.000000e+00 1.000000e-01
5.586150e+03 0.000000e+00 1.000000e+00 1.000000e-01
5.586160e+03 0.000000e+00 1.000000e+00 1.000000e-01
5.586170e+03 0.000000e+00 1.000000e+00 1.000000e-01
5.586180e+03 0.000000e+00 1.000000e+00 1.000000e-01
5.586190e+03 1.660388e-06 9.999983e-01 9.999992e-02
5.586200e+03 1.658801e-06 9.999983e-01 9.999992e-02
5.586210e+03 0.000000e+00 1.000000e+00 1.000000e-01
5.586220e+03 0.000000e+00 1.000000e+00 1.000000e-01
5.586230e+03 0.000000e+00 1.000000e+00 1.000000e-01
5.586240e+03 0.000000e+00 1.000000e+00 1.000000e-01
5.586250e+03 0.000000e+00 1.000000e+00 1.000000e-01
5.586260e+03 0.000000e+00 1.000000e+00 1.000000e-01
5.586270e+03 0.000000e+00 1.000000e+00 1.000000e-01
5.586280e+03 0.000000e+00 1.000000e+00 1.000000e-01
5.586290e+03 0.000000e+00 1.000000e+00 1.000000e-01
5.586300e+03 0.000000e+00 1.000000e+00 1.000000e-01
5.586310e+03 0.000000e+00 1.000000e+00 1.000000e-01
5.586320e+03 0.000000e+00 1.000000e+00 1.000000e-01
5.586330e+03 0.000000e+00 1.000000e+00 1.000000e-01
5.586340e+03 1.576570e-09 1.000000e+00 1.000000e-01
5.586350e+03 1.577130e-09 1.000000e+00 1.000000e-01
5.586360e+03 0.000000e+00 1.000000e+00 1.000000e-01
5.586370e+03 0.000000e+00 1.000000e+00 1.000000e-01
5.586380e+03 0.000000e+00 1.000000e+00 1.000000e-01
5.586390e+03 0.000000e+00 1.000000e+00 1.000000e-01
5.586400e+03 0.000000e+00 1.000000e+00 1.000000e-01
5.586410e+03 0.000000e+00 1.000000e+00 1.000000e-01
5.586420e+03 0.000000e+00 1.000000e+00 1.000000e-01
5.586430e+03 0.000000e+00 1.000000e+00 1.000000e-01
5.586440e+03 0.000000e+00 1.000000e+00 1.000000e-01
5.586450e+03 0.000000e+00 1.000000e+00 1.000000e-01
5.586460e+03 0.000000e+00 1.000000e+00 1.000000e-01
5.586470e+03 0.000000e+00 1.000000e+00 1.000000e-01
5.586480e+03 0.000000e+00 1.000000e+00 1.000000e-01
5.586490e+03 0.000000e+00 1.000000e+00 1.000000e-01
5.586500e+03 0.000000e+00 1.000000e+00 1.000000e-01
5.586510e+03 0.000000e+00 1.000000e+00 1.000000e-01
5.586520e+03 0.000000e+00 1.000000e+00 1.000000e-01
5.586530e+03 0.000000e+00 1.000000e+00 1.000000e-01
5.586540e+03 0.000000e+00 1.000000e+00 1.000000e-01
5.586550e+03 0.000000e+00 1.000000e+00 1.000000e-01
5.586560e+03 0.000000e+00 1.000000e+00 1.000000e-01
5.586570e+03 0.000000e+00 1.000000e+00 1.000000e-01
5.586580e+03 0.000000e+00 1.000000e+00 1.000000e-01
5.586590e+03 0.000000e+00 1.000000e+00 1.000000e-01
5.586600e+03 0.000000e+00 1.000000e+00 1.000000e-01
5.586610e+03 0.000000e+00 1.000000e+00 1.000000e-01
5.586620e+03 0.000000e+00 1.000000e+00 1.000000e-01
5.586630e+03 0.000000e+00 1.000000e+00 1.000000e-01
5.586640e+03 0.000000e+00 1.000000e+00 1.000000e-01
5.586650e+03 0.000000e+00 1.000000e+00 1.000000e-01
5.586660e+03 0.000000e+00 1.000000e+00 1.000000e-01
5.586670e+03 0.000000e+00 1.000000e+00 1.000000e-01
5.586680e+03 0.000000e+00 1.000000e+00 1.000000e-01
5.586690e+03 0.000000e+00 1.000000e+00 1.000000e-01
5.586700e+03 0.000000e+00 1.000000e+00 1.000000e-01
5.586710e+03 0.000000e+00 1.000000e+00 1.000000e-01
5.586720e+03 0.000000e+00 1.000000e+00 1.000000e-01
5.586730e+03 0.000000e+00 1.000000e+00 1.000000e-01
5.586740e+03 0.000000e+00 1.000000e+00 1.000000e-01
5.586750e+03 0.000000e+00 1.000000e+00 1.000000e-01
5.586760e+03 0.000000e+00 1.000000e+00 1.000000e-01
5.586770e+03 0.000000e+00 1.000000e+00 1.000000e-01
5.586780e+03 0.000000e+00 1.000000e+00 1.000000e-01
5.586790e+03 0.000000e+00 1.000000e+00 1.000000e-01
5.586800e+03 0.000000e+00 1.000000e+00 1.000000e-01
5.586810e+03 0.000000e+00 1.000000e+00 1.000000e-01
5.586820e+03 0.000000e+00 1.000000e+00 1.000000e-01
5.586830e+03 0.000000e+00 1.000000e+00 1.000000e-01
5.586840e+03 0.000000e+00 1.000000e+00 1.000000e-01
5.586850e+03 0.000000e+00 1.000000e+00 1.000000e-01
5.586860e+03 0.000000e+00 1.000000e+00 1.000000e-01
5.586870e+03 0.000000e+00 1.000000e+00 1.000000e-01
5.586880e+03 0.000000e+00 1.000000e+00 1.000000e-01
5.586890e+03 0.000000e+00 1.000000e+00 1.000000e-01
5.586900e+03 0.000000e+00 1.000000e+00 1.000000e-01
5.586910e+03 0.000000e+00 1.000000e+00 1.000000e-01
5.586920e+03 0.000000e+00 1.000000e+00 1.000000e-01
5.586930e+03 0.000000e+00 1.000000e+00 1.000000e-01
5.586940e+03 0.000000e+00 1.000000e+00 1.000000e-01
5.586950e+03 0.000000e+00 1.000000e+00 1.000000e-01
5.586960e+03 0.000000e+00 1.000000e+00 1.000000e-01
5.586970e+03 5.803169e-17 1.000000e+00 1.000000e-01
5.586980e+03 5.800256e-17 1.000000e+00 1.000000e-01
5.586990e+03 0.000000e+00 1.000000e+00 1.000000e-01
5.587000e+03 0.000000e+00 1.000000e+00 1.000000e-01
5.587010e+03 0.000000e+00 1.000000e+00 1.000000e-01
5.587020e+03 0.000000e+00 1.000000e+00 1.000000e-01
5.587030e+03 0.000000e+00 1.000000e+00 1.000000e-01
5.587040e+03 0.000000e+00 1.000000e+00 1.000000e-01
5.587050e+03 0.000000e+00 1.000000e+00 1.000000e-01
5.587060e+03 0.000000e+00 1.000000e+00 1.000000e-01
5.587070e+03 0.000000e+00 1.000000e+00 1.000000e-01
5.587080e+03 0.000000e+00 1.000000e+00 1.000000e-01
5.587090e+03 0.000000e+00 1.000000e+00 1.000000e-01
5.587100e+03 0.000000e+00 1.000000e+00 1.000000e-01
5.587110e+03 0.000000e+00 1.000000e+00 1.000000e-01
5.587120e+03 0.000000e+00 1.000000e+00 1.000000e-01
5.587130e+03 0.000000e+00 1.000000e+00 1.000000e-01
5.587140e+03 0.000000e+00 1.000000e+00 1.000000e-01
5.587150e+03 0.000000e+00 1.000000e+00 1.000000e-01
5.587160e+03 0.000000e+00 1.000000e+00 1.000000e-01
5.587170e+03 0.000000e+00 1.000000e+00 1.000000e-01
5.587180e+03 0.000000e+00 1.000000e+00 1.000000e-01
5.587190e+03 0.000000e+00 1.000000e+00 1.000000e-01
5.587200e+03 0.000000e+00 1.000000e+00 1.000000e-01
5.587210e+03 0.000000e+00 1.000000e+00 1.000000e-01
5.587220e+03 0.000000e+00 1.000000e+00 1.000000e-01
5.587230e+03 0.000000e+00 1.000000e+00 1.000000e-01
5.587240e+03 0.000000e+00 1.000000e+00 1.000000e-01
5.587250e+03 0.000000e+00 1.000000e+00 1.000000e-01
5.587260e+03 0.000000e+00 1.000000e+00 1.000000e-01
5.587270e+03 4.753814e-12 1.000000e+00 1.000000e-01
5.587280e+03 4.749301e-12 1.000000e+00 1.000000e-01
5.587290e+03 0.000000e+00 1.000000e+00 1.000000e-01
5.587300e+03 0.000000e+00 1.000000e+00 1.000000e-01
5.587310e+03 0.000000e+00 1.000000e+00 1.000000e-01
5.587320e+03 0.000000e+00 1.000000e+00 1.000000e-01
5.587330e+03 0.000000e+00 1.000000e+00 1.000000e-01
5.587340e+03 0.000000e+00 1.000000e+00 1.000000e-01
5.587350e+03 0.000000e+00 1.000000e+00 1.000000e-01
5.587360e+03 2.222396e-09 1.000000e+00 1.000000e-01
5.587370e+03 2.221740e-09 1.000000e+00 1.000000e-01
5.587380e+03 0.000000e+00 1.000000e+00 1.000000e-01
5.587390e+03 0.000000e+00 1.000000e+00 1.000000e-01
5.587400e+03 3.150827e-08 1.000000e+00 1.000000e-01
5.587410e+03 3.144659e-08 1.000000e+00 1.000000e-01
5.587420e+03 0.000000e+00 1.000000e+00 1.000000e-01
5.587430e+03 0.000000e+00 1.000000e+00 1.000000e-01
5.587440e+03 0.000000e+00 1.000000e+00 1.000000e-01
5.587450e+03 1.972592e-07 9.999998e-01 9.999999e-02
5.587460e+03 1.970899e-07 9.999998e-01 9.999999e-02
5.587470e+03 0.000000e+00 1.000000e+00 1.000000e-01
5.587480e+03 0.000000e+00 1.000000e+00 1.000000e-01
5.587490e+03 0.000000e+00 1.000000e+00 1.000000e-01
5.587500e+03 0.000000e+00 1.000000e+00 1.000000e-01
5.587510e+03 0.000000e+00 1.000000e+00 1.000000e-01
5.587520e+03 0.000000e+00 1.000000e+00 1.000000e-01
5.587530e+03 0.000000e+00 1.000000e+00 1.000000e-01
5.587540e+03 0.000000e+00 1.000000e+00 1.000000e-01
5.587550e+03 0.000000e+00 1.000000e+00 1.000000e-01
5.587560e+03 0.000000e+00 1.000000e+00 1.000000e-01
5.587570e+03 0.000000e+00 1.000000e+00 1.000000e-01
5.587580e+03 0.000000e+00 1.000000e+00 1.000000e-01
5.587590e+03 1.849123e-11 1.000000e+00 1.000000e-01
5.587600e+03 1.907491e-09 1.000000e+00 1.000000e-01
5.587610e+03 1.887320e-09 1.000000e+00 1.000000e-01
5.587620e+03 0.000000e+00 1.000000e+00 1.000000e-01
5.587630e+03 0.000000e+00 1.000000e+00 1.000000e-01
5.587640e+03 0.000000e+00 1.000000e+00 1.000000e-01
5.587650e+03 0.000000e+00 1.000000e+00 1.000000e-01
5.587660e+03 0.000000e+00 1.000000e+00 1.000000e-01
5.587670e+03 0.000000e+00 1.000000e+00 1.000000e-01
5.587680e+03 0.000000e+00 1.000000e+00 1.000000e-01
5.587690e+03 4.524804e-10 1.000000e+00 1.000000e-01
5.587700e+03 4.519183e-10 1.000000e+00 1.000000e-01
5.587710e+03 0.000000e+00 1.000000e+00 1.000000e-01
5.587720e+03 0.000000e+00 1.000000e+00 1.000000e-01
5.587730e+03 0.000000e+00 1.000000e+00 1.000000e-01
5.587740e+03 1.094312e-09 1.000000e+00 1.000000e-01
5.587750e+03 1.094501e-09 1.000000e+00 1.000000e-01
5.587760e+03 1.515513e-08 1.000000e+00 1.000000e-01
5.587770e+03 1.517026e-08 1.000000e+00 1.000000e-01
5.587780e+03 3.201281e-11 1.000000e+00 1.000000e-01
5.587790e+03 0.000000e+00 1.000000e+00 1.000000e-01
5.587800e+03 0.000000e+00 1.000000e+00 1.000000e-01
5.587810e+03 0.000000e+00 1.000000e+00 1.000000e-01
5.587820e+03 0.000000e+00 1.000000e+00 1.000000e-01
5.587830e+03 0.000000e+00 1.000000e+00 1.000000e-01
5.587840e+03 0.000000e+00 1.000000e+00 1.000000e-01
5.587850e+03 0.000000e+00 1.000000e+00 1.000000e-01
5.587860e+03 0.000000e+00 1.000000e+00 1.000000e-01
5.587870e+03 0.000000e+00 1.000000e+00 1.000000e-01
5.587880e+03 0.000000e+00 1.000000e+00 1.000000e-01
5.587890e+03 0.000000e+00 1.000000e+00 1.000000e-01
5.587900e+03 1.787190e-09 1.000000e+00 1.000000e-01
5.587910e+03 1.788136e-09 1.000000e+00 1.000000e-01
5.587920e+03 0.000000e+00 1.000000e+00 1.000000e-01
5.587930e+03 0.000000e+00 1.000000e+00 1.000000e-01
5.587940e+03 0.000000e+00 1.000000e+00 1.000000e-01
5.587950e+03 0.000000e+00 1.000000e+00 1.000000e-01
5.587960e+03 0.000000e+00 1.000000e+00 1.000000e-01
5.587970e+03 0.000000e+00 1.000000e+00 1.000000e-01
5.587980e+03 0.000000e+00 1.000000e+00 1.000000e-01
5.587990e+03 6.991606e-06 9.999930e-01 9.999965e-02
5.588000e+03 7.001107e-06 9.999930e-01 9.999965e-02
5.588010e+03 0.000000e+00 1.000000e+00 1.000000e-01
5.588020e+03 0.000000e+00 1.000000e+00 1.000000e-01
5.588030e+03 0.000000e+00 1.000000e+00 1.000000e-01
5.588040e+03 0.000000e+00 1.000000e+00 1.000000e-01
5.588050e+03 0.000000e+00 1.000000e+00 1.000000e-01
5.588060e+03 0.000000e+00 1.000000e+00 1.000000e-01
5.588070e+03 0.000000e+00 1.000000e+00 1.000000e-01
5.588080e+03 0.000000e+00 1.000000e+00 1.000000e-01
5.588090e+03 0.000000e+00 1.000000e+00 1.000000e-01
5.588100e+03 0.000000e+00 1.000000e+00 1.000000e-01
5.588110e+03 0.000000e+00 1.000000e+00 1.000000e-01
5.588120e+03 0.000000e+00 1.000000e+00 1.000000e-01
5.588130e+03 8.826276e-05 9.999117e-01 9.999559e-02
5.588140e+03 8.853136e-05 9.999115e-01 9.999557e-02
5.588150e+03 1.187462e-05 9.999881e-01 9.999941e-02
5.588160e+03 1.284291e-05 9.999872e-01 9.999936e-02
5.588170e+03 1.395892e-05 9.999860e-01 9.999930e-02
5.588180e+03 1.530759e-05 9.999847e-01 9.999923e-02
5.588190e+03 1.709117e-05 9.999829e-01 9.999915e-02
5.588200e+03 1.965047e-05 9.999803e-01 9.999902e-02
5.588210e+03 2.371711e-05 9.999763e-01 9.999881e-02
5.588220e+03 3.076489e-05 9.999692e-01 9.999846e-02
5.588230e+03 4.367676e-05 9.999563e-01 9.999782e-02
5.588240e+03 6.790004e-05 9.999321e-01 9.999661e-02
5.588250e+03 1.133429e-04 9.998867e-01 9.999433e-02
5.588260e+03 1.973099e-04 9.998027e-01 9.999013e-02
5.588270e+03 3.487564e-04 9.996513e-01 9.998256e-02
5.588280e+03 6.139972e-04 9.993862e-01 9.996930e-02
5.588290e+03 1.063665e-03 9.989369e-01 9.994683e-02
5.588300e+03 1.800128e-03 9.982015e-01 9.991003e-02
5.588310e+03 2.963762e-03 9.970406e-01 9.985192e-02
5.588320e+03 4.735558e-03 9.952756e-01 9.976350e-02
5.588330e+03 7.332787e-03 9.926940e-01 9.963403e-02
5.588340e+03 1.099433e-02 9.890659e-01 9.945179e-02
5.588350e+03 1.595311e-02 9.841735e-01 9.920552e-02
5.588360e+03 2.239542e-02 9.778535e-01 9.888648e-02
5.588370e+03 3.041030e-02 9.700474e-01 9.849099e-02
5.588380e+03 3.993666e-02 9.608503e-01 9.802297e-02
5.588390e+03 5.071935e-02 9.505454e-01 9.749592e-02
5.588400e+03 6.228738e-02 9.396128e-01 9.693363e-02
5.588410e+03 7.396613e-02 9.287031e-01 9.636925e-02
5.588420e+03 8.492979e-02 9.185768e-01 9.584241e-02
5.588430e+03 9.429186e-02 9.100171e-01 9.539482e-02
5.588440e+03 1.012278e-01 9.037272e-01 9.506457e-02
5.588450e+03 1.050691e-01 9.002623e-01 9.488215e-02
5.588460e+03 1.054477e-01 8.999215e-01 9.486419e-02
5.588470e+03 1.025089e-01 9.025701e-01 9.500369e-02
5.588480e+03 9.621758e-02 9.082664e-01 9.530301e-02
5.588490e+03 8.720984e-02 9.164848e-01 9.573321e-02
5.588500e+03 7.671612e-02 9.261527e-01 9.623683e-02
5.588510e+03 6.557764e-02 9.365263e-01 9.677429e-02
5.588520e+03 5.485943e-02 9.466182e-01 9.729431e-02
5.588530e+03 4.556333e-02 9.554591e-01 9.774759e-02
5.588540e+03 3.849103e-02 9.622403e-01 9.809385e-02
5.588550e+03 3.407165e-02 9.665022e-01 9.831085e-02
5.588560e+03 3.219593e-02 9.683168e-01 9.840309e-02
5.588570e+03 3.213268e-02 9.683781e-01 9.840620e-02
5.588580e+03 3.268087e-02 9.678474e-01 9.837923e-02
5.588590e+03 3.253371e-02 9.679898e-01 9.838647e-02
5.588600e+03 3.133444e-02 9.691514e-01 9.844549e-02
5.588610e+03 2.787909e-02 9.725059e-01 9.861572e-02
5.588620e+03 2.306804e-02 9.771960e-01 9.885322e-02
5.588630e+03 1.783616e-02 9.823220e-01 9.911216e-02
5.588640e+03 1.313568e-02 9.869502e-01 9.934537e-02
5.588650e+03 9.598198e-03 9.904477e-01 9.952124e-02
5.588660e+03 7.419858e-03 9.926076e-01 9.962969e-02
5.588670e+03 6.449215e-03 9.935715e-01 9.967806e-02
5.588680e+03 6.363091e-03 9.936571e-01 9.968235e-02
5.588690e+03 6.820022e-03 9.932032e-01 9.965958e-02
5.588700e+03 7.541896e-03 9.924865e-01 9.962362e-02
5.588710e+03 8.331606e-03 9.917030e-01 9.958429e-02
5.588720e+03 9.058045e-03 9.909829e-01 9.954812e-02
5.588730e+03 9.635048e-03 9.904112e-01 9.951941e-02
5.588740e+03 1.000754e-02 9.900424e-01 9.950087e-02
5.588750e+03 1.014105e-02 9.899102e-01 9.949423e-02
5.588760e+03 1.001715e-02 9.900329e-01 9.950039e-02
5.588770e+03 9.659389e-03 9.903871e-01 9.951819e-02
5.588780e+03 9.085089e-03 9.909561e-01 9.954678e-02
5.588790e+03 8.324814e-03 9.917097e-01 9.958462e-02
5.588800e+03 7.448761e-03 9.925789e-01 9.962825e-02
5.588810e+03 6.500732e-03 9.935204e-01 9.967549e-02
5.588820e+03 5.533694e-03 9.944816e-01 9.972370e-02
5.588830e+03 4.646887e-03 9.953639e-01 9.976793e-02
5.588840e+03 3.773378e-03 9.962337e-01 9.981151e-02
5.588850e+03 2.939822e-03 9.970645e-01 9.985312e-02
5.588860e+03 2.265647e-03 9.977369e-01 9.988678e-02
5.588870e+03 1.703436e-03 9.982980e-01 9.991486e-02
5.588880e+03 1.249584e-03 9.987512e-01 9.993754e-02
5.588890e+03 8.944909e-04 9.991059e-01 9.995529e-02
5.588900e+03 6.249613e-04 9.993752e-01 9.996876e-02
5.588910e+03 4.263263e-04 9.995738e-01 9.997869e-02
5.588920e+03 0.000000e+00 1.000000e+00 1.000000e-01
5.588930e+03 0.000000e+00 1.000000e+00 1.000000e-01
5.588940e+03 0.000000e+00 1.000000e+00 1.000000e-01
5.588950e+03 0.000000e+00 1.000000e+00 1.000000e-01
5.588960e+03 0.000000e+00 1.000000e+00 1.000000e-01
5.588970e+03 0.000000e+00 1.000000e+00 1.000000e-01
5.588980e+03 8.128341e-05 9.999187e-01 9.999594e-02
5.588990e+03 8.117298e-05 9.999188e-01 9.999594e-02
5.589000e+03 1.182796e-08 1.000000e+00 1.000000e-01
5.589010e+03 1.181454e-08 1.000000e+00 1.000000e-01
5.589020e+03 0.000000e+00 1.000000e+00 1.000000e-01
5.589030e+03 0.000000e+00 1.000000e+00 1.000000e-01
5.589040e+03 6.975106e-09 1.000000e+00 1.000000e-01
5.589050e+03 6.973735e-09 1.000000e+00 1.000000e-01
5.589060e+03 6.162284e-08 9.999999e-01 1.000000e-01
5.589070e+03 6.158414e-08 9.999999e-01 1.000000e-01
5.589080e+03 0.000000e+00 1.000000e+00 1.000000e-01
5.589090e+03 0.000000e+00 1.000000e+00 1.000000e-01
5.589100e+03 0.000000e+00 1.000000e+00 1.000000e-01
5.589110e+03 0.000000e+00 1.000000e+00 1.000000e-01
5.589120e+03 0.000000e+00 1.000000e+00 1.000000e-01
5.589130e+03 5.158323e-04 9.994843e-01 9.997421e-02
5.589140e+03 5.527039e-04 9.994474e-01 9.997237e-02
5.589150e+03 6.774612e-04 9.993228e-01 9.996613e-02
5.589160e+03 7.742418e-04 9.992261e-01 9.996130e-02
5.589170e+03 9.560718e-04 9.990444e-01 9.995221e-02
5.589180e+03 1.526427e-03 9.984747e-01 9.992371e-02
5.589190e+03 2.674172e-03 9.973294e-01 9.986638e-02
5.589200e+03 4.754846e-03 9.952564e-01 9.976254e-02
5.589210e+03 9.004518e-03 9.910359e-01 9.955079e-02
5.589220e+03 1.755795e-02 9.825953e-01 9.912594e-02
5.589230e+03 3.307263e-02 9.674683e-01 9.835997e-02
5.589240e+03 5.916773e-02 9.425487e-01 9.708495e-02
5.589250e+03 9.985027e-02 9.049729e-01 9.513006e-02
5.589260e+03 1.586469e-01 8.532976e-01 9.237411e-02
5.589270e+03 2.374167e-01 7.886626e-01 8.880668e-02
5.589280e+03 3.349870e-01 7.153474e-01 8.457821e-02
5.589290e+03 4.463165e-01 6.399812e-01 7.999882e-02
5.589300e+03 5.627876e-01 5.696190e-01 7.547311e-02
5.589310e+03 6.727027e-01 5.103274e-01 7.143721e-02
5.589320e+03 7.669832e-01 4.644120e-01 6.814778e-02
5.589330e+03 8.463175e-01 4.289918e-01 6.549746e-02
5.589340e+03 9.263134e-01 3.960110e-01 6.292940e-02
5.589350e+03 1.049794e+00 3.500097e-01 5.916162e-02
5.589360e+03 1.285679e+00 2.764628e-01 5.257973e-02
5.589370e+03 1.720998e+00 1.788875e-01 4.229509e-02
5.589380e+03 2.433173e+00 8.775790e-02 2.962396e-02
5.589390e+03 3.457482e+00 3.150901e-02 1.775078e-02
5.589400e+03 4.750315e+00 8.648974e-03 9.299986e-03
5.589410e+03 6.172610e+00 2.085784e-03 4.567038e-03
5.589420e+03 7.511006e+00 5.470308e-04 2.338869e-03
5.589430e+03 8.536677e+00 1.961410e-04 1.400503e-03
5.589440e+03 9.080361e+00 1.138805e-04 1.067148e-03
5.589450e+03 9.095560e+00 1.121627e-04 1.059069e-03
5.589460e+03 8.668149e+00 1.719771e-04 1.311400e-03
5.589470e+03 7.976234e+00 3.435306e-04 1.853458e-03
5.589480e+03 7.211807e+00 7.378224e-04 2.716289e-03
5.589490e+03 6.513102e+00 1.483869e-03 3.852102e-03
5.589500e+03 5.928093e+00 2.663556e-03 5.160965e-03
5.589510e+03 5.418057e+00 4.435759e-03 6.660149e-03
5.589520e+03 4.905383e+00 7.406603e-03 8.606162e-03
5.589530e+03 4.322411e+00 1.326786e-02 1.151862e-02
5.589540e+03 3.648060e+00 2.604160e-02 1.613741e-02
5.589550e+03 2.913393e+00 5.429123e-02 2.330048e-02
5.589560e+03 2.185361e+00 1.124371e-01 3.353165e-02
5.589570e+03 1.535764e+00 2.152912e-01 4.639948e-02
5.589580e+03 1.017638e+00 3.614477e-01 6.012052e-02
5.589590e+03 6.506757e-01 5.216932e-01 7.222833e-02
5.589600e+03 4.339575e-01 6.479398e-01 8.049471e-02
5.589610e+03 3.501534e-01 7.045800e-01 8.393926e-02
5.589620e+03 3.809355e-01 6.832220e-01 8.265724e-02
5.589630e+03 5.116054e-01 5.995323e-01 7.742947e-02
5.589640e+03 7.296415e-01 4.820818e-01 6.943211e-02
5.589650e+03 1.018783e+00 3.610340e-01 6.008611e-02
5.589660e+03 1.355858e+00 2.577260e-01 5.076672e-02
5.589670e+03 1.707799e+00 1.812643e-01 4.257515e-02
5.589680e+03 2.034627e+00 1.307292e-01 3.615650e-02
5.589690e+03 2.300461e+00 1.002126e-01 3.165638e-02
5.589700e+03 2.483157e+00 8.347927e-02 2.889278e-02
5.589710e+03 2.570404e+00 7.650467e-02 2.765948e-02
5.589720e+03 2.563183e+00 7.705907e-02 2.775952e-02
5.589730e+03 2.470993e+00 8.450094e-02 2.906905e-02
5.589740e+03 2.306433e+00 9.961599e-02 3.156200e-02
5.589750e+03 2.086469e+00 1.241246e-01 3.523133e-02
5.589760e+03 1.826506e+00 1.609750e-01 4.012169e-02
5.589770e+03 1.543886e+00 2.135496e-01 4.621143e-02
5.589780e+03 1.258105e+00 2.841919e-01 5.330965e-02
5.589790e+03 9.863167e-01 3.729478e-01 6.106946e-02
5.589800e+03 7.428964e-01 4.757340e-01 6.897347e-02
5.589810e+03 5.371946e-01 5.843854e-01 7.644510e-02
5.589820e+03 3.725872e-01 6.889496e-01 8.300299e-02
5.589830e+03 2.484502e-01 7.800087e-01 8.831810e-02
5.589840e+03 1.594194e-01 8.526387e-01 9.233844e-02
5.589850e+03 9.874216e-02 9.059763e-01 9.518279e-02
5.589860e+03 5.916477e-02 9.425515e-01 9.708509e-02
5.589870e+03 3.476773e-02 9.658297e-01 9.827664e-02
5.589880e+03 2.054261e-02 9.796670e-01 9.897813e-02
5.589890e+03 1.223293e-02 9.878416e-01 9.939022e-02
5.589900e+03 7.612907e-03 9.924160e-01 9.962008e-02
5.589910e+03 5.128902e-03 9.948842e-01 9.974388e-02
5.589920e+03 4.039476e-03 9.959687e-01 9.979823e-02
5.589930e+03 3.700594e-03 9.963062e-01 9.981514e-02
5.589940e+03 3.996926e-03 9.960111e-01 9.980035e-02
5.589950e+03 5.209146e-03 9.948044e-01 9.973988e-02
5.589960e+03 7.274704e-03 9.927517e-01 9.963693e-02
5.589970e+03 1.015182e-02 9.898995e-01 9.949369e-02
5.589980e+03 1.360295e-02 9.864891e-01 9.932216e-02
5.589990e+03 1.717955e-02 9.829672e-01 9.914470e-02
5.590000e+03 2.033092e-02 9.798744e-01 9.898860e-02
5.590010e+03 2.264304e-02 9.776114e-01 9.887423e-02
5.590020e+03 2.413366e-02 9.761552e-01 9.880057e-02
5.590030e+03 2.570953e-02 9.746181e-01 9.872275e-02
5.590040e+03 2.926686e-02 9.711573e-01 9.854731e-02
5.590050e+03 3.813975e-02 9.625784e-01 9.811108e-02
5.590060e+03 5.721328e-02 9.443926e-01 9.717987e-02
5.590070e+03 9.394943e-02 9.103288e-01 9.541115e-02
5.590080e+03 1.575927e-01 8.541977e-01 9.242281e-02
5.590090e+03 2.598459e-01 7.711704e-01 8.781631e-02
5.590100e+03 4.130021e-01 6.616609e-01 8.134254e-02
5.590110e+03 6.285651e-01 5.333566e-01 7.303127e-02
5.590120e+03 9.139101e-01 4.009534e-01 6.332088e-02
5.590130e+03 1.267563e+00 2.815169e-01 5.305817e-02
5.590140e+03 1.676830e+00 1.869657e-01 4.323953e-02
5.590150e+03 2.113845e+00 1.207727e-01 3.475237e-02
5.590160e+03 2.539662e+00 7.889309e-02 2.808791e-02
5.590170e+03 2.908979e+00 5.453137e-02 2.335195e-02
5.590180e+03 3.175768e+00 4.176202e-02 2.043576e-02
5.590190e+03 3.304489e+00 3.671797e-02 1.916193e-02
5.590200e+03 3.277167e+00 3.773501e-02 1.942550e-02
5.590210e+03 3.097648e+00 4.515529e-02 2.124977e-02
5.590220e+03 2.790684e+00 6.137923e-02 2.477483e-02
5.590230e+03 2.396319e+00 9.105251e-02 3.017491e-02
5.590240e+03 1.961304e+00 1.406749e-01 3.750666e-02
5.590250e+03 1.530160e+00 2.165010e-01 4.652967e-02
5.590260e+03 1.138059e+00 3.204404e-01 5.660746e-02
5.590270e+03 8.070222e-01 4.461847e-01 6.679706e-02
5.590280e+03 5.457519e-01 5.794059e-01 7.611872e-02
5.590290e+03 3.520891e-01 7.032175e-01 8.385806e-02
5.590300e+03 2.168334e-01 8.050641e-01 8.972536e-02
5.590310e+03 1.276108e-01 8.801959e-01 9.381875e-02
5.590320e+03 7.190996e-02 9.306147e-01 9.646837e-02
5.590330e+03 3.894174e-02 9.618067e-01 9.807175e-02
5.590340e+03 2.040625e-02 9.798006e-01 9.898488e-02
5.590350e+03 1.048297e-02 9.895718e-01 9.947722e-02
5.590360e+03 5.405005e-03 9.946096e-01 9.973011e-02
5.590370e+03 2.904868e-03 9.970993e-01 9.985486e-02
5.590380e+03 1.925586e-03 9.980763e-01 9.990377e-02
5.590390e+03 1.489150e-03 9.985120e-01 9.992557e-02
5.590400e+03 1.409132e-03 9.985919e-01 9.992957e-02
5.590410e+03 1.547903e-03 9.984533e-01 9.992263e-02
5.590420e+03 1.856044e-03 9.981457e-01 9.990724e-02
5.590430e+03 2.322020e-03 9.976807e-01 9.988397e-02
5.590440e+03 2.945265e-03 9.970591e-01 9.985285e-02
5.590450e+03 3.720896e-03 9.962860e-01 9.981413e-02
5.590460e+03 4.630717e-03 9.953800e-01 9.976873e-02
5.590470e+03 5.638376e-03 9.943775e-01 9.971848e-02
5.590480e+03 6.688338e-03 9.933340e-01 9.966614e-02
5.590490e+03 7.748125e-03 9.922818e-01 9.961334e-02
5.590500e+03 8.658118e-03 9.913793e-01 9.956803e-02
5.590510e+03 9.337600e-03 9.907059e-01 9.953421e-02
5.590520e+03 9.535194e-03 9.905101e-01 9.952437e-02
5.590530e+03 9.703662e-03 9.903433e-01 9.951599e-02
5.590540e+03 9.547061e-03 9.904984e-01 9.952378e-02
5.590550e+03 9.080978e-03 9.909601e-01 9.954698e-02
5.590560e+03 8.351378e-03 9.916834e-01 9.958330e-02
5.590570e+03 7.424933e-03 9.926026e-01 9.962944e-02
5.590580e+03 6.381618e-03 9.936387e-01 9.968143e-02
5.590590e+03 5.303437e-03 9.947106e-01 9.973518e-02
5.590600e+03 4.261397e-03 9.957477e-01 9.978716e-02
5.590610e+03 3.310821e-03 9.966947e-01 9.983460e-02
5.590620e+03 2.487365e-03 9.975157e-01 9.987571e-02
5.590630e+03 1.807213e-03 9.981944e-01 9.990968e-02
5.590640e+03 1.270032e-03 9.987308e-01 9.993652e-02
5.590650e+03 8.635013e-04 9.991369e-01 9.995683e-02
5.590660e+03 5.682294e-04 9.994319e-01 9.997159e-02
5.590670e+03 3.621359e-04 9.996379e-01 9.998189e-02
5.590680e+03 2.237490e-04 9.997763e-01 9.998881e-02
5.590690e+03 1.342643e-04 9.998657e-01 9.999329e-02
5.590700e+03 0.000000e+00 1.000000e+00 1.000000e-01
5.590710e+03 0.000000e+00 1.000000e+00 1.000000e-01
5.590720e+03 0.000000e+00 1.000000e+00 1.000000e-01
5.590730e+03 0.000000e+00 1.000000e+00 1.000000e-01
5.590740e+03 8.542591e-06 9.999915e-01 9.999957e-02
5.590750e+03 8.532794e-06 9.999915e-01 9.999957e-02
5.590760e+03 0.000000e+00 1.000000e+00 1.000000e-01
5.590770e+03 0.000000e+00 1.000000e+00 1.000000e-01
5.590780e+03 0.000000e+00 1.000000e+00 1.000000e-01
5.590790e+03 0.000000e+00 1.000000e+00 1.000000e-01
5.590800e+03 0.000000e+00 1.000000e+00 1.000000e-01
5.590810e+03 0.000000e+00 1.000000e+00 1.000000e-01
5.590820e+03 0.000000e+00 1.000000e+00 1.000000e-01
5.590830e+03 0.000000e+00 1.000000e+00 1.000000e-01
5.590840e+03 0.000000e+00 1.000000e+00 1.000000e-01
5.590850e+03 0.000000e+00 1.000000e+00 1.000000e-01
5.590860e+03 1.811813e-04 9.998188e-01 9.999094e-02
5.590870e+03 1.812162e-04 9.998188e-01 9.999094e-02
5.590880e+03 0.000000e+00 1.000000e+00 1.000000e-01
5.590890e+03 0.000000e+00 1.000000e+00 1.000000e-01
5.590900e+03 0.000000e+00 1.000000e+00 1.000000e-01
5.590910e+03 0.000000e+00 1.000000e+00 1.000000e-01
5.590920e+03 0.000000e+00 1.000000e+00 1.000000e-01
5.590930e+03 0.000000e+00 1.000000e+00 1.000000e-01
5.590940e+03 0.000000e+00 1.000000e+00 1.000000e-01
5.590950e+03 0.000000e+00 1.000000e+00 1.000000e-01
5.590960e+03 0.000000e+00 1.000000e+00 1.000000e-01
5.590970e+03 0.000000e+00 1.000000e+00 1.000000e-01
5.590980e+03 0.000000e+00 1.000000e+00 1.000000e-01
5.590990e+03 0.000000e+00 1.000000e+00 1.000000e-01
5.591000e+03 0.000000e+00 1.000000e+00 1.000000e-01
5.591010e+03 0.000000e+00 1.000000e+00 1.000000e-01
5.591020e+03 0.000000e+00 1.000000e+00 1.000000e-01
5.591030e+03 0.000000e+00 1.000000e+00 1.000000e-01
5.591040e+03 0.000000e+00 1.000000e+00 1.000000e-01
5.591050e+03 0.000000e+00 1.000000e+00 1.000000e-01
5.591060e+03 0.000000e+00 1.000000e+00 1.000000e-01
5.591070e+03 0.000000e+00 1.000000e+00 1.000000e-01
5.591080e+03 0.000000e+00 1.000000e+00 1.000000e-01
5.591090e+03 0.000000e+00 1.000000e+00 1.000000e-01
5.591100e+03 0.000000e+00 1.000000e+00 1.000000e-01
5.591110e+03 0.000000e+00 1.000000e+00 1.000000e-01
5.591120e+03 0.000000e+00 1.000000e+00 1.000000e-01
5.591130e+03 0.000000e+00 1.000000e+00 1.000000e-01
5.591140e+03 0.000000e+00 1.000000e+00 1.000000e-01
5.591150e+03 0.000000e+00 1.000000e+00 1.000000e-01
5.591160e+03 0.000000e+00 1.000000e+00 1.000000e-01
5.591170e+03 0.000000e+00 1.000000e+00 1.000000e-01
5.591180e+03 0.000000e+00 1.000000e+00 1.000000e-01
5.591190e+03 0.000000e+00 1.000000e+00 1.000000e-01
5.591200e+03 0.000000e+00 1.000000e+00 1.000000e-01
5.591210e+03 0.000000e+00 1.000000e+00 1.000000e-01
5.591220e+03 0.000000e+00 1.000000e+00 1.000000e-01
5.591230e+03 0.000000e+00 1.000000e+00 1.000000e-01
5.591240e+03 0.000000e+00 1.000000e+00 1.000000e-01
5.591250e+03 0.000000e+00 1.000000e+00 1.000000e-01
5.591260e+03 0.000000e+00 1.000000e+00 1.000000e-01
5.591270e+03 0.000000e+00 1.000000e+00 1.000000e-01
5.591280e+03 0.000000e+00 1.000000e+00 1.000000e-01
5.591290e+03 0.000000e+00 1.000000e+00 1.000000e-01
5.591300e+03 0.000000e+00 1.000000e+00 1.000000e-01
5.591310e+03 0.000000e+00 1.000000e+00 1.000000e-01
5.591320e+03 0.000000e+00 1.000000e+00 1.000000e-01
5.591330e+03 0.000000e+00 1.000000e+00 1.000000e-01
5.591340e+03 0.000000e+00 1.000000e+00 1.000000e-01
5.591350e+03 0.000000e+00 1.000000e+00 1.000000e-01
5.591360e+03 0.000000e+00 1.000000e+00 1.000000e-01
5.591370e+03 0.000000e+00 1.000000e+00 1.000000e-01
5.591380e+03 0.000000e+00 1.000000e+00 1.000000e-01
5.591390e+03 0.000000e+00 1.000000e+00 1.000000e-01
5.591400e+03 0.000000e+00 1.000000e+00 1.000000e-01
5.591410e+03 0.000000e+00 1.000000e+00 1.000000e-01
5.591420e+03 0.000000e+00 1.000000e+00 1.000000e-01
5.591430e+03 0.000000e+00 1.000000e+00 1.000000e-01
5.591440e+03 0.000000e+00 1.000000e+00 1.000000e-01
5.591450e+03 0.000000e+00 1.000000e+00 1.000000e-01
5.591460e+03 0.000000e+00 1.000000e+00 1.000000e-01
5.591470e+03 0.000000e+00 1.000000e+00 1.000000e-01
5.591480e+03 0.000000e+00 1.000000e+00 1.000000e-01
5.591490e+03 0.000000e+00 1.000000e+00 1.000000e-01
5.591500e+03 0.000000e+00 1.000000e+00 1.000000e-01
5.591510e+03 0.000000e+00 1.000000e+00 1.000000e-01
5.591520e+03 0.000000e+00 1.000000e+00 1.000000e-01
5.591530e+03 0.000000e+00 1.000000e+00 1.000000e-01
5.591540e+03 0.000000e+00 1.000000e+00 1.000000e-01
5.591550e+03 0.000000e+00 1.000000e+00 1.000000e-01
5.591560e+03 0.000000e+00 1.000000e+00 1.000000e-01
5.591570e+03 0.000000e+00 1.000000e+00 1.000000e-01
5.591580e+03 0.000000e+00 1.000000e+00 1.000000e-01
5.591590e+03 0.000000e+00 1.000000e+00 1.000000e-01
5.591600e+03 0.000000e+00 1.000000e+00 1.000000e-01
5.591610e+03 0.000000e+00 1.000000e+00 1.000000e-01
5.591620e+03 0.000000e+00 1.000000e+00 1.000000e-01
5.591630e+03 0.000000e+00 1.000000e+00 1.000000e-01
5.591640e+03 0.000000e+00 1.000000e+00 1.000000e-01
5.591650e+03 0.000000e+00 1.000000e+00 1.000000e-01
5.591660e+03 0.000000e+00 1.000000e+00 1.000000e-01
5.591670e+03 0.000000e+00 1.000000e+00 1.000000e-01
5.591680e+03 0.000000e+00 1.000000e+00 1.000000e-01
5.591690e+03 0.000000e+00 1.000000e+00 1.000000e-01
5.591700e+03 0.000000e+00 1.000000e+00 1.000000e-01
5.591710e+03 0.000000e+00 1.000000e+00 1.000000e-01
5.591720e+03 0.000000e+00 1.000000e+00 1.000000e-01
5.591730e+03 0.000000e+00 1.000000e+00 1.000000e-01
5.591740e+03 0.000000e+00 1.000000e+00 1.000000e-01
5.591750e+03 0.000000e+00 1.000000e+00 1.000000e-01
5.591760e+03 0.000000e+00 1.000000e+00 1.000000e-01
5.591770e+03 0.000000e+00 1.000000e+00 1.000000e-01
5.591780e+03 0.000000e+00 1.000000e+00 1.000000e-01
5.591790e+03 0.000000e+00 1.000000e+00 1.000000e-01
5.591800e+03 0.000000e+00 1.000000e+00 1.000000e-01
5.591810e+03 0.000000e+00 1.000000e+00 1.000000e-01
5.591820e+03 0.000000e+00 1.000000e+00 1.000000e-01
5.591830e+03 0.000000e+00 1.000000e+00 1.000000e-01
5.591840e+03 0.000000e+00 1.000000e+00 1.000000e-01
5.591850e+03 0.000000e+00 1.000000e+00 1.000000e-01
5.591860e+03 0.000000e+00 1.000000e+00 1.000000e-01
5.591870e+03 0.000000e+00 1.000000e+00 1.000000e-01
5.591880e+03 0.000000e+00 1.000000e+00 1.000000e-01
5.591890e+03 0.000000e+00 1.000000e+00 1.000000e-01
5.591900e+03 0.000000e+00 1.000000e+00 1.000000e-01
5.591910e+03 0.000000e+00 1.000000e+00 1.000000e-01
5.591920e+03 0.000000e+00 1.000000e+00 1.000000e-01
5.591930e+03 0.000000e+00 1.000000e+00 1.000000e-01
5.591940e+03 0.000000e+00 1.000000e+00 1.000000e-01
5.591950e+03 0.000000e+00 1.000000e+00 1.000000e-01
5.591960e+03 0.000000e+00 1.000000e+00 1.000000e-01
5.591970e+03 0.000000e+00 1.000000e+00 1.000000e-01
5.591980e+03 0.000000e+00 1.000000e+00 1.000000e-01
5.591990e+03 0.000000e+00 1.000000e+00 1.000000e-01
5.592000e+03 0.000000e+00 1.000000e+00 1.000000e-01
5.592010e+03 0.000000e+00 1.000000e+00 1.000000e-01
5.592020e+03 0.000000e+00 1.000000e+00 1.000000e-01
5.592030e+03 0.000000e+00 1.000000e+00 1.000000e-01
5.592040e+03 0.000000e+00 1.000000e+00 1.000000e-01
5.592050e+03 0.000000e+00 1.000000e+00 1.000000e-01
5.592060e+03 0.000000e+00 1.000000e+00 1.000000e-01
5.592070e+03 0.000000e+00 1.000000e+00 1.000000e-01
5.592080e+03 0.000000e+00 1.000000e+00 1.000000e-01
5.592090e+03 0.000000e+00 1.000000e+00 1.000000e-01
5.592100e+03 0.000000e+00 1.000000e+00 1.000000e-01
5.592110e+03 0.000000e+00 1.000000e+00 1.000000e-01
5.592120e+03 0.000000e+00 1.000000e+00 1.000000e-01
5.592130e+03 0.000000e+00 1.000000e+00 1.000000e-01
5.592140e+03 0.000000e+00 1.000000e+00 1.000000e-01
5.592150e+03 0.000000e+00 1.000000e+00 1.000000e-01
5.592160e+03 0.000000e+00 1.000000e+00 1.000000e-01
5.592170e+03 0.000000e+00 1.000000e+00 1.000000e-01
5.592180e+03 0.000000e+00 1.000000e+00 1.000000e-01
5.592190e+03 0.000000e+00 1.000000e+00 1.000000e-01
5.592200e+03 0.000000e+00 1.000000e+00 1.000000e-01
5.592210e+03 0.000000e+00 1.000000e+00 1.000000e-01
5.592220e+03 0.000000e+00 1.000000e+00 1.000000e-01
5.592230e+03 0.000000e+00 1.000000e+00 1.000000e-01
5.592240e+03 0.000000e+00 1.000000e+00 1.000000e-01
5.592250e+03 0.000000e+00 1.000000e+00 1.000000e-01
5.592260e+03 0.000000e+00 1.000000e+00 1.000000e-01
5.592270e+03 0.000000e+00 1.000000e+00 1.000000e-01
5.592280e+03 0.000000e+00 1.000000e+00 1.000000e-01
5.592290e+03 0.000000e+00 1.000000e+00 1.000000e-01
5.592300e+03 0.000000e+00 1.000000e+00 1.000000e-01
5.592310e+03 0.000000e+00 1.000000e+00 1.000000e-01
5.592320e+03 0.000000e+00 1.000000e+00 1.000000e-01
5.592330e+03 0.000000e+00 1.000000e+00 1.000000e-01
5.592340e+03 0.000000e+00 1.000000e+00 1.000000e-01
5.592350e+03 0.000000e+00 1.000000e+00 1.000000e-01
5.592360e+03 0.000000e+00 1.000000e+00 1.000000e-01
5.592370e+03 0.000000e+00 1.000000e+00 1.000000e-01
5.592380e+03 0.000000e+00 1.000000e+00 1.000000e-01
5.592390e+03 0.000000e+00 1.000000e+00 1.000000e-01
5.592400e+03 0.000000e+00 1.000000e+00 1.000000e-01
5.592410e+03 0.000000e+00 1.000000e+00 1.000000e-01
5.592420e+03 0.000000e+00 1.000000e+00 1.000000e-01
5.592430e+03 0.000000e+00 1.000000e+00 1.000000e-01
5.592440e+03 0.000000e+00 1.000000e+00 1.000000e-01
5.592450e+03 0.000000e+00 1.000000e+00 1.000000e-01
5.592460e+03 0.000000e+00 1.000000e+00 1.000000e-01
5.592470e+03 0.000000e+00 1.000000e+00 1.000000e-01
5.592480e+03 0.000000e+00 1.000000e+00 1.000000e-01
5.592490e+03 0.000000e+00 1.000000e+00 1.000000e-01
5.592500e+03 0.000000e+00 1.000000e+00 1.000000e-01
5.592510e+03 0.000000e+00 1.000000e+00 1.000000e-01
5.592520e+03 0.000000e+00 1.000000e+00 1.000000e-01
5.592530e+03 0.000000e+00 1.000000e+00 1.000000e-01
5.592540e+03 0.000000e+00 1.000000e+00 1.000000e-01
5.592550e+03 0.000000e+00 1.000000e+00 1.000000e-01
5.592560e+03 0.000000e+00 1.000000e+00 1.000000e-01
5.592570e+03 0.000000e+00 1.000000e+00 1.000000e-01
5.592580e+03 0.000000e+00 1.000000e+00 1.000000e-01
5.592590e+03 0.000000e+00 1.000000e+00 1.000000e-01
5.592600e+03 0.000000e+00 1.000000e+00 1.000000e-01
5.592610e+03 0.000000e+00 1.000000e+00 1.000000e-01
5.592620e+03 0.000000e+00 1.000000e+00 1.000000e-01
5.592630e+03 0.000000e+00 1.000000e+00 1.000000e-01
5.592640e+03 0.000000e+00 1.000000e+00 1.000000e-01
5.592650e+03 0.000000e+00 1.000000e+00 1.000000e-01
5.592660e+03 0.000000e+00 1.000000e+00 1.000000e-01
5.592670e+03 0.000000e+00 1.000000e+00 1.000000e-01
5.592680e+03 0.000000e+00 1.000000e+00 1.000000e-01
5.592690e+03 0.000000e+00 1.000000e+00 1.000000e-01
5.592700e+03 0.000000e+00 1.000000e+00 1.000000e-01
5.592710e+03 0.000000e+00 1.000000e+00 1.000000e-01
5.592720e+03 0.000000e+00 1.000000e+00 1.000000e-01
5.592730e+03 0.000000e+00 1.000000e+00 1.000000e-01
5.592740e+03 0.000000e+00 1.000000e+00 1.000000e-01
5.592750e+03 0.000000e+00 1.000000e+00 1.000000e-01
5.592760e+03 0.000000e+00 1.000000e+00 1.000000e-01
5.592770e+03 0.000000e+00 1.000000e+00 1.000000e-01
5.592780e+03 0.000000e+00 1.000000e+00 1.000000e-01
5.592790e+03 0.000000e+00 1.000000e+00 1.000000e-01
5.592800e+03 0.000000e+00 1.000000e+00 1.000000e-01
5.592810e+03 0.000000e+00 1.000000e+00 1.000000e-01
5.592820e+03 0.000000e+00 1.000000e+00 1.000000e-01
5.592830e+03 0.000000e+00 1.000000e+00 1.000000e-01
5.592840e+03 0.000000e+00 1.000000e+00 1.000000e-01
5.592850e+03 0.000000e+00 1.000000e+00 1.000000e-01
5.592860e+03 0.000000e+00 1.000000e+00 1.000000e-01
5.592870e+03 0.000000e+00 1.000000e+00 1.000000e-01
5.592880e+03 0.000000e+00 1.000000e+00 1.000000e-01
5.592890e+03 0.000000e+00 1.000000e+00 1.000000e-01
5.592900e+03 0.000000e+00 1.000000e+00 1.000000e-01
5.592910e+03 0.000000e+00 1.000000e+00 1.000000e-01
5.592920e+03 0.000000e+00 1.000000e+00 1.000000e-01
5.592930e+03 0.000000e+00 1.000000e+00 1.000000e-01
5.592940e+03 0.000000e+00 1.000000e+00 1.000000e-01
5.592950e+03 0.000000e+00 1.000000e+00 1.000000e-01
5.592960e+03 0.000000e+00 1.000000e+00 1.000000e-01
5.592970e+03 0.000000e+00 1.000000e+00 1.000000e-01
5.592980e+03 0.000000e+00 1.000000e+00 1.000000e-01
5.592990e+03 0.000000e+00 1.000000e+00 1.000000e-01
5.593000e+03 0.000000e+00 1.000000e+00 1.000000e-01
5.593010e+03 0.000000e+00 1.000000e+00 1.000000e-01
5.593020e+03 0.000000e+00 1.000000e+00 1.000000e-01
5.593030e+03 0.000000e+00 1.000000e+00 1.000000e-01
5.593040e+03 0.000000e+00 1.000000e+00 1.000000e-01
5.593050e+03 0.000000e+00 1.000000e+00 1.000000e-01
5.593060e+03 0.000000e+00 1.000000e+00 1.000000e-01
5.593070e+03 0.000000e+00 1.000000e+00 1.000000e-01
5.593080e+03 0.000000e+00 1.000000e+00 1.000000e-01
5.593090e+03 0.000000e+00 1.000000e+00 1.000000e-01
5.593100e+03 0.000000e+00 1.000000e+00 1.000000e-01
5.593110e+03 0.000000e+00 1.000000e+00 1.000000e-01
5.593120e+03 0.000000e+00 1.000000e+00 1.000000e-01
5.593130e+03 0.000000e+00 1.000000e+00 1.000000e-01
5.593140e+03 0.000000e+00 1.000000e+00 1.000000e-01
5.593150e+03 0.000000e+00 1.000000e+00 1.000000e-01
5.593160e+03 0.000000e+00 1.000000e+00 1.000000e-01
5.593170e+03 0.000000e+00 1.000000e+00 1.000000e-01
5.593180e+03 0.000000e+00 1.000000e+00 1.000000e-01
5.593190e+03 0.000000e+00 1.000000e+00 1.000000e-01
5.593200e+03 0.000000e+00 1.000000e+00 1.000000e-01
5.593210e+03 0.000000e+00 1.000000e+00 1.000000e-01
5.593220e+03 0.000000e+00 1.000000e+00 1.000000e-01
5.593230e+03 0.000000e+00 1.000000e+00 1.000000e-01
5.593240e+03 0.000000e+00 1.000000e+00 1.000000e-01
5.593250e+03 0.000000e+00 1.000000e+00 1.000000e-01
5.593260e+03 0.000000e+00 1.000000e+00 1.000000e-01
5.593270e+03 0.000000e+00 1.000000e+00 1.000000e-01
5.593280e+03 0.000000e+00 1.000000e+00 1.000000e-01
5.593290e+03 0.000000e+00 1.000000e+00 1.000000e-01
5.593300e+03 0.000000e+00 1.000000e+00 1.000000e-01
5.593310e+03 0.000000e+00 1.000000e+00 1.000000e-01
5.593320e+03 0.000000e+00 1.000000e+00 1.000000e-01
5.593330e+03 0.000000e+00 1.000000e+00 1.000000e-01
5.593340e+03 0.000000e+00 1.000000e+00 1.000000e-01
5.593350e+03 0.000000e+00 1.000000e+00 1.000000e-01
5.593360e+03 0.000000e+00 1.000000e+00 1.000000e-01
5.593370e+03 0.000000e+00 1.000000e+00 1.000000e-01
5.593380e+03 0.000000e+00 1.000000e+00 1.000000e-01
5.593390e+03 0.000000e+00 1.000000e+00 1.000000e-01
5.593400e+03 0.000000e+00 1.000000e+00 1.000000e-01
5.593410e+03 0.000000e+00 1.000000e+00 1.000000e-01
5.593420e+03 0.000000e+00 1.000000e+00 1.000000e-01
5.593430e+03 0.000000e+00 1.000000e+00 1.000000e-01
5.593440e+03 0.000000e+00 1.000000e+00 1.000000e-01
5.593450e+03 0.000000e+00 1.000000e+00 1.000000e-01
5.593460e+03 0.000000e+00 1.000000e+00 1.000000e-01
5.593470e+03 0.000000e+00 1.000000e+00 1.000000e-01
5.593480e+03 0.000000e+00 1.000000e+00 1.000000e-01
5.593490e+03 0.000000e+00 1.000000e+00 1.000000e-01
5.593500e+03 0.000000e+00 1.000000e+00 1.000000e-01
5.593510e+03 0.000000e+00 1.000000e+00 1.000000e-01
5.593520e+03 0.000000e+00 1.000000e+00 1.000000e-01
5.593530e+03 0.000000e+00 1.000000e+00 1.000000e-01
5.593540e+03 0.000000e+00 1.000000e+00 1.000000e-01
5.593550e+03 0.000000e+00 1.000000e+00 1.000000e-01
5.593560e+03 0.000000e+00 1.000000e+00 1.000000e-01
5.593570e+03 0.000000e+00 1.000000e+00 1.000000e-01
5.593580e+03 0.000000e+00 1.000000e+00 1.000000e-01
5.593590e+03 0.000000e+00 1.000000e+00 1.000000e-01
5.593600e+03 0.000000e+00 1.000000e+00 1.000000e-01
5.593610e+03 0.000000e+00 1.000000e+00 1.000000e-01
5.593620e+03 0.000000e+00 1.000000e+00 1.000000e-01
5.593630e+03 0.000000e+00 1.000000e+00 1.000000e-01
5.593640e+03 0.000000e+00 1.000000e+00 1.000000e-01
5.593650e+03 0.000000e+00 1.000000e+00 1.000000e-01
5.593660e+03 0.000000e+00 1.000000e+00 1.000000e-01
5.593670e+03 0.000000e+00 1.000000e+00 1.000000e-01
5.593680e+03 0.000000e+00 1.000000e+00 1.000000e-01
5.593690e+03 0.000000e+00 1.000000e+00 1.000000e-01
5.593700e+03 0.000000e+00 1.000000e+00 1.000000e-01
5.593710e+03 0.000000e+00 1.000000e+00 1.000000e-01
5.593720e+03 0.000000e+00 1.000000e+00 1.000000e-01
5.593730e+03 0.000000e+00 1.000000e+00 1.000000e-01
5.593740e+03 0.000000e+00 1.000000e+00 1.000000e-01
5.593750e+03 0.000000e+00 1.000000e+00 1.000000e-01
5.593760e+03 0.000000e+00 1.000000e+00 1.000000e-01
5.593770e+03 0.000000e+00 1.000000e+00 1.000000e-01
5.593780e+03 0.000000e+00 1.000000e+00 1.000000e-01
5.593790e+03 0.000000e+00 1.000000e+00 1.000000e-01
5.593800e+03 0.000000e+00 1.000000e+00 1.000000e-01
5.593810e+03 0.000000e+00 1.000000e+00 1.000000e-01
5.593820e+03 0.000000e+00 1.000000e+00 1.000000e-01
5.593830e+03 0.000000e+00 1.000000e+00 1.000000e-01
5.593840e+03 0.000000e+00 1.000000e+00 1.000000e-01
5.593850e+03 0.000000e+00 1.000000e+00 1.000000e-01
5.593860e+03 0.000000e+00 1.000000e+00 1.000000e-01
5.593870e+03 0.000000e+00 1.000000e+00 1.000000e-01
5.593880e+03 0.000000e+00 1.000000e+00 1.000000e-01
5.593890e+03 0.000000e+00 1.000000e+00 1.000000e-01
5.593900e+03 0.000000e+00 1.000000e+00 1.000000e-01
5.593910e+03 0.000000e+00 1.000000e+00 1.000000e-01
5.593920e+03 0.000000e+00 1.000000e+00 1.000000e-01
5.593930e+03 0.000000e+00 1.000000e+00 1.000000e-01
5.593940e+03 0.000000e+00 1.000000e+00 1.000000e-01
5.593950e+03 0.000000e+00 1.000000e+00 1.000000e-01
5.593960e+03 0.000000e+00 1.000000e+00 1.000000e-01
5.593970e+03 0.000000e+00 1.000000e+00 1.000000e-01
5.593980e+03 0.000000e+00 1.000000e+00 1.000000e-01
5.593990e+03 0.000000e+00 1.000000e+00 1.000000e-01
5.594000e+03 0.000000e+00 1.000000e+00 1.000000e-01
5.594010e+03 0.000000e+00 1.000000e+00 1.000000e-01
5.594020e+03 0.000000e+00 1.000000e+00 1.000000e-01
5.594030e+03 0.000000e+00 1.000000e+00 1.000000e-01
5.594040e+03 0.000000e+00 1.000000e+00 1.000000e-01
5.594050e+03 0.000000e+00 1.000000e+00 1.000000e-01
5.594060e+03 0.000000e+00 1.000000e+00 1.000000e-01
5.594070e+03 0.000000e+00 1.000000e+00 1.000000e-01
5.594080e+03 0.000000e+00 1.000000e+00 1.000000e-01
5.594090e+03 0.000000e+00 1.000000e+00 1.000000e-01
5.594100e+03 0.000000e+00 1.000000e+00 1.000000e-01
5.594110e+03 0.000000e+00 1.000000e+00 1.000000e-01
5.594120e+03 0.000000e+00 1.000000e+00 1.000000e-01
5.594130e+03 0.000000e+00 1.000000e+00 1.000000e-01
5.594140e+03 0.000000e+00 1.000000e+00 1.000000e-01
5.594150e+03 0.000000e+00 1.000000e+00 1.000000e-01
5.594160e+03 0.000000e+00 1.000000e+00 1.000000e-01
5.594170e+03 0.000000e+00 1.000000e+00 1.000000e-01
5.594180e+03 0.000000e+00 1.000000e+00 1.000000e-01
5.594190e+03 0.000000e+00 1.000000e+00 1.000000e-01
5.594200e+03 0.000000e+00 1.000000e+00 1.000000e-01
5.594210e+03 0.000000e+00 1.000000e+00 1.000000e-01
5.594220e+03 0.000000e+00 1.000000e+00 1.000000e-01
5.594230e+03 0.000000e+00 1.000000e+00 1.000000e-01
5.594240e+03 0.000000e+00 1.000000e+00 1.000000e-01
5.594250e+03 0.000000e+00 1.000000e+00 1.000000e-01
5.594260e+03 0.000000e+00 1.000000e+00 1.000000e-01
5.594270e+03 0.000000e+00 1.000000e+00 1.000000e-01
5.594280e+03 0.000000e+00 1.000000e+00 1.000000e-01
5.594290e+03 0.000000e+00 1.000000e+00 1.000000e-01
5.594300e+03 0.000000e+00 1.000000e+00 1.000000e-01
5.594310e+03 0.000000e+00 1.000000e+00 1.000000e-01
5.594320e+03 0.000000e+00 1.000000e+00 1.000000e-01
5.594330e+03 0.000000e+00 1.000000e+00 1.000000e-01
5.594340e+03 0.000000e+00 1.000000e+00 1.000000e-01
5.594350e+03 0.000000e+00 1.000000e+00 1.000000e-01
5.594360e+03 0.000000e+00 1.000000e+00 1.000000e-01
5.594370e+03 0.000000e+00 1.000000e+00 1.000000e-01
5.594380e+03 0.000000e+00 1.000000e+00 1.000000e-01
5.594390e+03 0.000000e+00 1.000000e+00 1.000000e-01
5.594400e+03 0.000000e+00 1.000000e+00 1.000000e-01
5.594410e+03 0.000000e+00 1.000000e+00 1.000000e-01
5.594420e+03 0.000000e+00 1.000000e+00 1.000000e-01
5.594430e+03 0.000000e+00 1.000000e+00 1.000000e-01
5.594440e+03 0.000000e+00 1.000000e+00 1.000000e-01
5.594450e+03 0.000000e+00 1.000000e+00 1.000000e-01
5.594460e+03 0.000000e+00 1.000000e+00 1.000000e-01
5.594470e+03 0.000000e+00 1.000000e+00 1.000000e-01
5.594480e+03 0.000000e+00 1.000000e+00 1.000000e-01
5.594490e+03 0.000000e+00 1.000000e+00 1.000000e-01
5.594500e+03 0.000000e+00 1.000000e+00 1.000000e-01
5.594510e+03 0.000000e+00 1.000000e+00 1.000000e-01
5.594520e+03 0.000000e+00 1.000000e+00 1.000000e-01
5.594530e+03 0.000000e+00 1.000000e+00 1.000000e-01
5.594540e+03 0.000000e+00 1.000000e+00 1.000000e-01
5.594550e+03 0.000000e+00 1.000000e+00 1.000000e-01
5.594560e+03 0.000000e+00 1.000000e+00 1.000000e-01
5.594570e+03 0.000000e+00 1.000000e+00 1.000000e-01
5.594580e+03 0.000000e+00 1.000000e+00 1.000000e-01
5.594590e+03 0.000000e+00 1.000000e+00 1.000000e-01
5.594600e+03 0.000000e+00 1.000000e+00 1.000000e-01
5.594610e+03 0.000000e+00 1.000000e+00 1.000000e-01
5.594620e+03 0.000000e+00 1.000000e+00 1.000000e-01
5.594630e+03 0.000000e+00 1.000000e+00 1.000000e-01
5.594640e+03 0.000000e+00 1.000000e+00 1.000000e-01
5.594650e+03 0.000000e+00 1.000000e+00 1.000000e-01
5.594660e+03 0.000000e+00 1.000000e+00 1.000000e-01
5.594670e+03 0.000000e+00 1.000000e+00 1.000000e-01
5.594680e+03 0.000000e+00 1.000000e+00 1.000000e-01
5.594690e+03 0.000000e+00 1.000000e+00 1.000000e-01
5.594700e+03 0.000000e+00 1.000000e+00 1.000000e-01
5.594710e+03 0.000000e+00 1.000000e+00 1.000000e-01
5.594720e+03 0.000000e+00 1.000000e+00 1.000000e-01
5.594730e+03 0.000000e+00 1.000000e+00 1.000000e-01
5.594740e+03 0.000000e+00 1.000000e+00 1.000000e-01
5.594750e+03 0.000000e+00 1.000000e+00 1.000000e-01
5.594760e+03 0.000000e+00 1.000000e+00 1.000000e-01
5.594770e+03 0.000000e+00 1.000000e+00 1.000000e-01
5.594780e+03 0.000000e+00 1.000000e+00 1.000000e-01
5.594790e+03 0.000000e+00 1.000000e+00 1.000000e-01
5.594800e+03 0.000000e+00 1.000000e+00 1.000000e-01
5.594810e+03 0.000000e+00 1.000000e+00 1.000000e-01
5.594820e+03 0.000000e+00 1.000000e+00 1.000000e-01
5.594830e+03 0.000000e+00 1.000000e+00 1.000000e-01
5.594840e+03 0.000000e+00 1.000000e+00 1.000000e-01
5.594850e+03 0.000000e+00 1.000000e+00 1.000000e-01
5.594860e+03 0.000000e+00 1.000000e+00 1.000000e-01
5.594870e+03 0.000000e+00 1.000000e+00 1.000000e-01
5.594880e+03 0.000000e+00 1.000000e+00 1.000000e-01
5.594890e+03 0.000000e+00 1.000000e+00 1.000000e-01
5.594900e+03 0.000000e+00 1.000000e+00 1.000000e-01
5.594910e+03 0.000000e+00 1.000000e+00 1.000000e-01
5.594920e+03 0.000000e+00 1.000000e+00 1.000000e-01
5.594930e+03 0.000000e+00 1.000000e+00 1.000000e-01
5.594940e+03 0.000000e+00 1.000000e+00 1.000000e-01
5.594950e+03 0.000000e+00 1.000000e+00 1.000000e-01
5.594960e+03 0.000000e+00 1.000000e+00 1.000000e-01
5.594970e+03 0.000000e+00 1.000000e+00 1.000000e-01
5.594980e+03 0.000000e+00 1.000000e+00 1.000000e-01
5.594990e+03 0.000000e+00 1.000000e+00 1.000000e-01
5.595000e+03 0.000000e+00 1.000000e+00 1.000000e-01
5.595010e+03 0.000000e+00 1.000000e+00 1.000000e-01
5.595020e+03 0.000000e+00 1.000000e+00 1.000000e-01
5.595030e+03 0.000000e+00 1.000000e+00 1.000000e-01
5.595040e+03 0.000000e+00 1.000000e+00 1.000000e-01
5.595050e+03 0.000000e+00 1.000000e+00 1.000000e-01
5.595060e+03 0.000000e+00 1.000000e+00 1.000000e-01
5.595070e+03 0.000000e+00 1.000000e+00 1.000000e-01
5.595080e+03 0.000000e+00 1.000000e+00 1.000000e-01
5.595090e+03 0.000000e+00 1.000000e+00 1.000000e-01
5.595100e+03 0.000000e+00 1.000000e+00 1.000000e-01
5.595110e+03 0.000000e+00 1.000000e+00 1.000000e-01
5.595120e+03 0.000000e+00 1.000000e+00 1.000000e-01
5.595130e+03 0.000000e+00 1.000000e+00 1.000000e-01
5.595140e+03 0.000000e+00 1.000000e+00 1.000000e-01
5.595150e+03 0.000000e+00 1.000000e+00 1.000000e-01
5.595160e+03 0.000000e+00 1.000000e+00 1.000000e-01
5.595170e+03 0.000000e+00 1.000000e+00 1.000000e-01
5.595180e+03 0.000000e+00 1.000000e+00 1.000000e-01
5.595190e+03 0.000000e+00 1.000000e+00 1.000000e-01
5.595200e+03 0.000000e+00 1.000000e+00 1.000000e-01
5.595210e+03 0.000000e+00 1.000000e+00 1.000000e-01
5.595220e+03 0.000000e+00 1.000000e+00 1.000000e-01
5.595230e+03 0.000000e+00 1.000000e+00 1.000000e-01
5.595240e+03 0.000000e+00 1.000000e+00 1.000000e-01
5.595250e+03 0.000000e+00 1.000000e+00 1.000000e-01
5.595260e+03 0.000000e+00 1.000000e+00 1.000000e-01
5.595270e+03 0.000000e+00 1.000000e+00 1.000000e-01
5.595280e+03 0.000000e+00 1.000000e+00 1.000000e-01
5.595290e+03 0.000000e+00 1.000000e+00 1.000000e-01
5.595300e+03 0.000000e+00 1.000000e+00 1.000000e-01
5.595310e+03 0.000000e+00 1.000000e+00 1.000000e-01
5.595320e+03 0.000000e+00 1.000000e+00 1.000000e-01
5.595330e+03 0.000000e+00 1.000000e+00 1.000000e-01
5.595340e+03 0.000000e+00 1.000000e+00 1.000000e-01
5.595350e+03 0.000000e+00 1.000000e+00 1.000000e-01
5.595360e+03 0.000000e+00 1.000000e+00 1.000000e-01
5.595370e+03 0.000000e+00 1.000000e+00 1.000000e-01
5.595380e+03 0.000000e+00 1.000000e+00 1.000000e-01
5.595390e+03 0.000000e+00 1.000000e+00 1.000000e-01
5.595400e+03 0.000000e+00 1.000000e+00 1.000000e-01
5.595410e+03 0.000000e+00 1.000000e+00 1.000000e-01
5.595420e+03 0.000000e+00 1.000000e+00 1.000000e-01
5.595430e+03 0.000000e+00 1.000000e+00 1.000000e-01
5.595440e+03 0.000000e+00 1.000000e+00 1.000000e-01
5.595450e+03 0.000000e+00 1.000000e+00 1.000000e-01
5.595460e+03 0.000000e+00 1.000000e+00 1.000000e-01
5.595470e+03 0.000000e+00 1.000000e+00 1.000000e-01
5.595480e+03 0.000000e+00 1.000000e+00 1.000000e-01
5.595490e+03 0.000000e+00 1.000000e+00 1.000000e-01
5.595500e+03 0.000000e+00 1.000000e+00 1.000000e-01
5.595510e+03 0.000000e+00 1.000000e+00 1.000000e-01
5.595520e+03 0.000000e+00 1.000000e+00 1.000000e-01
5.595530e+03 0.000000e+00 1.000000e+00 1.000000e-01
5.595540e+03 0.000000e+00 1.000000e+00 1.000000e-01
5.595550e+03 0.000000e+00 1.000000e+00 1.000000e-01
5.595560e+03 0.000000e+00 1.000000e+00 1.000000e-01
5.595570e+03 0.000000e+00 1.000000e+00 1.000000e-01
5.595580e+03 0.000000e+00 1.000000e+00 1.000000e-01
5.595590e+03 0.000000e+00 1.000000e+00 1.000000e-01
5.595600e+03 0.000000e+00 1.000000e+00 1.000000e-01
5.595610e+03 0.000000e+00 1.000000e+00 1.000000e-01
5.595620e+03 0.000000e+00 1.000000e+00 1.000000e-01
5.595630e+03 0.000000e+00 1.000000e+00 1.000000e-01
5.595640e+03 0.000000e+00 1.000000e+00 1.000000e-01
5.595650e+03 0.000000e+00 1.000000e+00 1.000000e-01
5.595660e+03 0.000000e+00 1.000000e+00 1.000000e-01
5.595670e+03 0.000000e+00 1.000000e+00 1.000000e-01
5.595680e+03 0.000000e+00 1.000000e+00 1.000000e-01
5.595690e+03 0.000000e+00 1.000000e+00 1.000000e-01
5.595700e+03 0.000000e+00 1.000000e+00 1.000000e-01
5.595710e+03 0.000000e+00 1.000000e+00 1.000000e-01
5.595720e+03 0.000000e+00 1.000000e+00 1.000000e-01
5.595730e+03 0.000000e+00 1.000000e+00 1.000000e-01
5.595740e+03 0.000000e+00 1.000000e+00 1.000000e-01
5.595750e+03 0.000000e+00 1.000000e+00 1.000000e-01
5.595760e+03 0.000000e+00 1.000000e+00 1.000000e-01
5.595770e+03 0.000000e+00 1.000000e+00 1.000000e-01
5.595780e+03 0.000000e+00 1.000000e+00 1.000000e-01
5.595790e+03 0.000000e+00 1.000000e+00 1.000000e-01
5.595800e+03 0.000000e+00 1.000000e+00 1.000000e-01
5.595810e+03 0.000000e+00 1.000000e+00 1.000000e-01
5.595820e+03 0.000000e+00 1.000000e+00 1.000000e-01
5.595830e+03 0.000000e+00 1.000000e+00 1.000000e-01
5.595840e+03 0.000000e+00 1.000000e+00 1.000000e-01
5.595850e+03 0.000000e+00 1.000000e+00 1.000000e-01
5.595860e+03 0.000000e+00 1.000000e+00 1.000000e-01
5.595870e+03 0.000000e+00 1.000000e+00 1.000000e-01
5.595880e+03 0.000000e+00 1.000000e+00 1.000000e-01
5.595890e+03 0.000000e+00 1.000000e+00 1.000000e-01
5.595900e+03 0.000000e+00 1.000000e+00 1.000000e-01
5.595910e+03 0.000000e+00 1.000000e+00 1.000000e-01
5.595920e+03 0.000000e+00 1.000000e+00 1.000000e-01
5.595930e+03 0.000000e+00 1.000000e+00 1.000000e-01
5.595940e+03 0.000000e+00 1.000000e+00 1.000000e-01
5.595950e+03 0.000000e+00 1.000000e+00 1.000000e-01
5.595960e+03 0.000000e+00 1.000000e+00 1.000000e-01
5.595970e+03 0.000000e+00 1.000000e+00 1.000000e-01
5.595980e+03 0.000000e+00 1.000000e+00 1.000000e-01
5.595990e+03 0.000000e+00 1.000000e+00 1.000000e-01
5.596000e+03 0.000000e+00 1.000000e+00 1.000000e-01
5.596010e+03 0.000000e+00 1.000000e+00 1.000000e-01
5.596020e+03 0.000000e+00 1.000000e+00 1.000000e-01
5.596030e+03 0.000000e+00 1.000000e+00 1.000000e-01
5.596040e+03 0.000000e+00 1.000000e+00 1.000000e-01
5.596050e+03 0.000000e+00 1.000000e+00 1.000000e-01
5.596060e+03 0.000000e+00 1.000000e+00 1.000000e-01
5.596070e+03 0.000000e+00 1.000000e+00 1.000000e-01
5.596080e+03 0.000000e+00 1.000000e+00 1.000000e-01
5.596090e+03 0.000000e+00 1.000000e+00 1.000000e-01
5.596100e+03 0.000000e+00 1.000000e+00 1.000000e-01
5.596110e+03 0.000000e+00 1.000000e+00 1.000000e-01
5.596120e+03 0.000000e+00 1.000000e+00 1.000000e-01
5.596130e+03 0.000000e+00 1.000000e+00 1.000000e-01
5.596140e+03 0.000000e+00 1.000000e+00 1.000000e-01
5.596150e+03 0.000000e+00 1.000000e+00 1.000000e-01
5.596160e+03 0.000000e+00 1.000000e+00 1.000000e-01
5.596170e+03 0.000000e+00 1.000000e+00 1.000000e-01
5.596180e+03 0.000000e+00 1.000000e+00 1.000000e-01
5.596190e+03 0.000000e+00 1.000000e+00 1.000000e-01
5.596200e+03 0.000000e+00 1.000000e+00 1.000000e-01
5.596210e+03 0.000000e+00 1.000000e+00 1.000000e-01
5.596220e+03 0.000000e+00 1.000000e+00 1.000000e-01
5.596230e+03 0.000000e+00 1.000000e+00 1.000000e-01
5.596240e+03 0.000000e+00 1.000000e+00 1.000000e-01
5.596250e+03 0.000000e+00 1.000000e+00 1.000000e-01
5.596260e+03 0.000000e+00 1.000000e+00 1.000000e-01
5.596270e+03 0.000000e+00 1.000000e+00 1.000000e-01
5.596280e+03 0.000000e+00 1.000000e+00 1.000000e-01
5.596290e+03 0.000000e+00 1.000000e+00 1.000000e-01
5.596300e+03 0.000000e+00 1.000000e+00 1.000000e-01
5.596310e+03 0.000000e+00 1.000000e+00 1.000000e-01
5.596320e+03 0.000000e+00 1.000000e+00 1.000000e-01
5.596330e+03 0.000000e+00 1.000000e+00 1.000000e-01
5.596340e+03 0.000000e+00 1.000000e+00 1.000000e-01
5.596350e+03 0.000000e+00 1.000000e+00 1.000000e-01
5.596360e+03 0.000000e+00 1.000000e+00 1.000000e-01
5.596370e+03 0.000000e+00 1.000000e+00 1.000000e-01
5.596380e+03 0.000000e+00 1.000000e+00 1.000000e-01
5.596390e+03 0.000000e+00 1.000000e+00 1.000000e-01
5.596400e+03 0.000000e+00 1.000000e+00 1.000000e-01
5.596410e+03 0.000000e+00 1.000000e+00 1.000000e-01
5.596420e+03 0.000000e+00 1.000000e+00 1.000000e-01
5.596430e+03 0.000000e+00 1.000000e+00 1.000000e-01
5.596440e+03 0.000000e+00 1.000000e+00 1.000000e-01
5.596450e+03 0.000000e+00 1.000000e+00 1.000000e-01
5.596460e+03 0.000000e+00 1.000000e+00 1.000000e-01
5.596470e+03 0.000000e+00 1.000000e+00 1.000000e-01
5.596480e+03 0.000000e+00 1.000000e+00 1.000000e-01
5.596490e+03 0.000000e+00 1.000000e+00 1.000000e-01
5.596500e+03 0.000000e+00 1.000000e+00 1.000000e-01
5.596510e+03 0.000000e+00 1.000000e+00 1.000000e-01
5.596520e+03 0.000000e+00 1.000000e+00 1.000000e-01
5.596530e+03 0.000000e+00 1.000000e+00 1.000000e-01
5.596540e+03 0.000000e+00 1.000000e+00 1.000000e-01
5.596550e+03 0.000000e+00 1.000000e+00 1.000000e-01
5.596560e+03 0.000000e+00 1.000000e+00 1.000000e-01
5.596570e+03 0.000000e+00 1.000000e+00 1.000000e-01
5.596580e+03 0.000000e+00 1.000000e+00 1.000000e-01
5.596590e+03 0.000000e+00 1.000000e+00 1.000000e-01
5.596600e+03 0.000000e+00 1.000000e+00 1.000000e-01
5.596610e+03 0.000000e+00 1.000000e+00 1.000000e-01
5.596620e+03 0.000000e+00 1.000000e+00 1.000000e-01
5.596630e+03 0.000000e+00 1.000000e+00 1.000000e-01
5.596640e+03 0.000000e+00 1.000000e+00 1.000000e-01
5.596650e+03 0.000000e+00 1.000000e+00 1.000000e-01
5.596660e+03 0.000000e+00 1.000000e+00 1.000000e-01
5.596670e+03 0.000000e+00 1.000000e+00 1.000000e-01
5.596680e+03 0.000000e+00 1.000000e+00 1.000000e-01
5.596690e+03 0.000000e+00 1.000000e+00 1.000000e-01
5.596700e+03 0.000000e+00 1.000000e+00 1.000000e-01
5.596710e+03 0.000000e+00 1.000000e+00 1.000000e-01
5.596720e+03 0.000000e+00 1.000000e+00 1.000000e-01
5.596730e+03 0.000000e+00 1.000000e+00 1.000000e-01
5.596740e+03 0.000000e+00 1.000000e+00 1.000000e-01
5.596750e+03 0.000000e+00 1.000000e+00 1.000000e-01
5.596760e+03 0.000000e+00 1.000000e+00 1.000000e-01
5.596770e+03 0.000000e+00 1.000000e+00 1.000000e-01
5.596780e+03 0.000000e+00 1.000000e+00 1.000000e-01
5.596790e+03 0.000000e+00 1.000000e+00 1.000000e-01
5.596800e+03 0.000000e+00 1.000000e+00 1.000000e-01
5.596810e+03 0.000000e+00 1.000000e+00 1.000000e-01
5.596820e+03 0.000000e+00 1.000000e+00 1.000000e-01
5.596830e+03 0.000000e+00 1.000000e+00 1.000000e-01
5.596840e+03 0.000000e+00 1.000000e+00 1.000000e-01
5.596850e+03 0.000000e+00 1.000000e+00 1.000000e-01
5.596860e+03 0.000000e+00 1.000000e+00 1.000000e-01
5.596870e+03 0.000000e+00 1.000000e+00 1.000000e-01
5.596880e+03 0.000000e+00 1.000000e+00 1.000000e-01
5.596890e+03 0.000000e+00 1.000000e+00 1.000000e-01
5.596900e+03 0.000000e+00 1.000000e+00 1.000000e-01
5.596910e+03 0.000000e+00 1.000000e+00 1.000000e-01
5.596920e+03 0.000000e+00 1.000000e+00 1.000000e-01
5.596930e+03 0.000000e+00 1.000000e+00 1.000000e-01
5.596940e+03 0.000000e+00 1.000000e+00 1.000000e-01
5.596950e+03 0.000000e+00 1.000000e+00 1.000000e-01
5.596960e+03 0.000000e+00 1.000000e+00 1.000000e-01
5.596970e+03 0.000000e+00 1.000000e+00 1.000000e-01
5.596980e+03 0.000000e+00 1.000000e+00 1.000000e-01
5.596990e+03 0.000000e+00 1.000000e+00 1.000000e-01
5.597000e+03 0.000000e+00 1.000000e+00 1.000000e-01
5.597010e+03 0.000000e+00 1.000000e+00 1.000000e-01
5.597020e+03 0.000000e+00 1.000000e+00 1.000000e-01
5.597030e+03 0.000000e+00 1.000000e+00 1.000000e-01
5.597040e+03 0.000000e+00 1.000000e+00 1.000000e-01
5.597050e+03 0.000000e+00 1.000000e+00 1.000000e-01
5.597060e+03 0.000000e+00 1.000000e+00 1.000000e-01
5.597070e+03 0.000000e+00 1.000000e+00 1.000000e-01
5.597080e+03 0.000000e+00 1.000000e+00 1.000000e-01
5.597090e+03 0.000000e+00 1.000000e+00 1.000000e-01
5.597100e+03 0.000000e+00 1.000000e+00 1.000000e-01
5.597110e+03 0.000000e+00 1.000000e+00 1.000000e-01
5.597120e+03 0.000000e+00 1.000000e+00 1.000000e-01
5.597130e+03 0.000000e+00 1.000000e+00 1.000000e-01
5.597140e+03 0.000000e+00 1.000000e+00 1.000000e-01
5.597150e+03 0.000000e+00 1.000000e+00 1.000000e-01
5.597160e+03 0.000000e+00 1.000000e+00 1.000000e-01
5.597170e+03 0.000000e+00 1.000000e+00 1.000000e-01
5.597180e+03 0.000000e+00 1.000000e+00 1.000000e-01
5.597190e+03 0.000000e+00 1.000000e+00 1.000000e-01
5.597200e+03 0.000000e+00 1.000000e+00 1.000000e-01
5.597210e+03 0.000000e+00 1.000000e+00 1.000000e-01
5.597220e+03 0.000000e+00 1.000000e+00 1.000000e-01
5.597230e+03 0.000000e+00 1.000000e+00 1.000000e-01
5.597240e+03 0.000000e+00 1.000000e+00 1.000000e-01
5.597250e+03 0.000000e+00 1.000000e+00 1.000000e-01
5.597260e+03 0.000000e+00 1.000000e+00 1.000000e-01
5.597270e+03 0.000000e+00 1.000000e+00 1.000000e-01
5.597280e+03 0.000000e+00 1.000000e+00 1.000000e-01
5.597290e+03 0.000000e+00 1.000000e+00 1.000000e-01
5.597300e+03 0.000000e+00 1.000000e+00 1.000000e-01
5.597310e+03 0.000000e+00 1.000000e+00 1.000000e-01
5.597320e+03 0.000000e+00 1.000000e+00 1.000000e-01
5.597330e+03 0.000000e+00 1.000000e+00 1.000000e-01
5.597340e+03 0.000000e+00 1.000000e+00 1.000000e-01
5.597350e+03 0.000000e+00 1.000000e+00 1.000000e-01
5.597360e+03 0.000000e+00 1.000000e+00 1.000000e-01
5.597370e+03 0.000000e+00 1.000000e+00 1.000000e-01
5.597380e+03 0.000000e+00 1.000000e+00 1.000000e-01
5.597390e+03 0.000000e+00 1.000000e+00 1.000000e-01
5.597400e+03 0.000000e+00 1.000000e+00 1.000000e-01
5.597410e+03 0.000000e+00 1.000000e+00 1.000000e-01
5.597420e+03 0.000000e+00 1.000000e+00 1.000000e-01
5.597430e+03 0.000000e+00 1.000000e+00 1.000000e-01
5.597440e+03 0.000000e+00 1.000000e+00 1.000000e-01
5.597450e+03 0.000000e+00 1.000000e+00 1.000000e-01
5.597460e+03 0.000000e+00 1.000000e+00 1.000000e-01
5.597470e+03 0.000000e+00 1.000000e+00 1.000000e-01
5.597480e+03 0.000000e+00 1.000000e+00 1.000000e-01
5.597490e+03 0.000000e+00 1.000000e+00 1.000000e-01
5.597500e+03 0.000000e+00 1.000000e+00 1.000000e-01
5.597510e+03 0.000000e+00 1.000000e+00 1.000000e-01
5.597520e+03 0.000000e+00 1.000000e+00 1.000000e-01
5.597530e+03 0.000000e+00 1.000000e+00 1.000000e-01
5.597540e+03 0.000000e+00 1.000000e+00 1.000000e-01
5.597550e+03 0.000000e+00 1.000000e+00 1.000000e-01
5.597560e+03 0.000000e+00 1.000000e+00 1.000000e-01
5.597570e+03 0.000000e+00 1.000000e+00 1.000000e-01
5.597580e+03 0.000000e+00 1.000000e+00 1.000000e-01
5.597590e+03 0.000000e+00 1.000000e+00 1.000000e-01
5.597600e+03 0.000000e+00 1.000000e+00 1.000000e-01
5.597610e+03 0.000000e+00 1.000000e+00 1.000000e-01
5.597620e+03 0.000000e+00 1.000000e+00 1.000000e-01
5.597630e+03 0.000000e+00 1.000000e+00 1.000000e-01
5.597640e+03 0.000000e+00 1.000000e+00 1.000000e-01
5.597650e+03 0.000000e+00 1.000000e+00 1.000000e-01
5.597660e+03 0.000000e+00 1.000000e+00 1.000000e-01
5.597670e+03 0.000000e+00 1.000000e+00 1.000000e-01
5.597680e+03 0.000000e+00 1.000000e+00 1.000000e-01
5.597690e+03 0.000000e+00 1.000000e+00 1.000000e-01
5.597700e+03 0.000000e+00 1.000000e+00 1.000000e-01
5.597710e+03 0.000000e+00 1.000000e+00 1.000000e-01
5.597720e+03 0.000000e+00 1.000000e+00 1.000000e-01
5.597730e+03 0.000000e+00 1.000000e+00 1.000000e-01
5.597740e+03 0.000000e+00 1.000000e+00 1.000000e-01
5.597750e+03 0.000000e+00 1.000000e+00 1.000000e-01
5.597760e+03 0.000000e+00 1.000000e+00 1.000000e-01
5.597770e+03 0.000000e+00 1.000000e+00 1.000000e-01
5.597780e+03 0.000000e+00 1.000000e+00 1.000000e-01
5.597790e+03 0.000000e+00 1.000000e+00 1.000000e-01
5.597800e+03 0.000000e+00 1.000000e+00 1.000000e-01
5.597810e+03 0.000000e+00 1.000000e+00 1.000000e-01
5.597820e+03 0.000000e+00 1.000000e+00 1.000000e-01
5.597830e+03 0.000000e+00 1.000000e+00 1.000000e-01
5.597840e+03 0.000000e+00 1.000000e+00 1.000000e-01
5.597850e+03 0.000000e+00 1.000000e+00 1.000000e-01
5.597860e+03 0.000000e+00 1.000000e+00 1.000000e-01
5.597870e+03 0.000000e+00 1.000000e+00 1.000000e-01
5.597880e+03 0.000000e+00 1.000000e+00 1.000000e-01
5.597890e+03 0.000000e+00 1.000000e+00 1.000000e-01
5.597900e+03 0.000000e+00 1.000000e+00 1.000000e-01
5.597910e+03 0.000000e+00 1.000000e+00 1.000000e-01
5.597920e+03 0.000000e+00 1.000000e+00 1.000000e-01
5.597930e+03 0.000000e+00 1.000000e+00 1.000000e-01
5.597940e+03 0.000000e+00 1.000000e+00 1.000000e-01
5.597950e+03 0.000000e+00 1.000000e+00 1.000000e-01
5.597960e+03 0.000000e+00 1.000000e+00 1.000000e-01
5.597970e+03 0.000000e+00 1.000000e+00 1.000000e-01
5.597980e+03 0.000000e+00 1.000000e+00 1.000000e-01
5.597990e+03 0.000000e+00 1.000000e+00 1.000000e-01
5.598000e+03 0.000000e+00 1.000000e+00 1.000000e-01
5.598010e+03 0.000000e+00 1.000000e+00 1.000000e-01
5.598020e+03 0.000000e+00 1.000000e+00 1.000000e-01
5.598030e+03 0.000000e+00 1.000000e+00 1.000000e-01
5.598040e+03 0.000000e+00 1.000000e+00 1.000000e-01
5.598050e+03 0.000000e+00 1.000000e+00 1.000000e-01
5.598060e+03 0.000000e+00 1.000000e+00 1.000000e-01
5.598070e+03 0.000000e+00 1.000000e+00 1.000000e-01
5.598080e+03 0.000000e+00 1.000000e+00 1.000000e-01
5.598090e+03 0.000000e+00 1.000000e+00 1.000000e-01
5.598100e+03 0.000000e+00 1.000000e+00 1.000000e-01
5.598110e+03 0.000000e+00 1.000000e+00 1.000000e-01
5.598120e+03 0.000000e+00 1.000000e+00 1.000000e-01
5.598130e+03 0.000000e+00 1.000000e+00 1.000000e-01
5.598140e+03 0.000000e+00 1.000000e+00 1.000000e-01
5.598150e+03 0.000000e+00 1.000000e+00 1.000000e-01
5.598160e+03 0.000000e+00 1.000000e+00 1.000000e-01
5.598170e+03 0.000000e+00 1.000000e+00 1.000000e-01
5.598180e+03 0.000000e+00 1.000000e+00 1.000000e-01
5.598190e+03 0.000000e+00 1.000000e+00 1.000000e-01
5.598200e+03 0.000000e+00 1.000000e+00 1.000000e-01
5.598210e+03 0.000000e+00 1.000000e+00 1.000000e-01
5.598220e+03 0.000000e+00 1.000000e+00 1.000000e-01
5.598230e+03 0.000000e+00 1.000000e+00 1.000000e-01
5.598240e+03 0.000000e+00 1.000000e+00 1.000000e-01
5.598250e+03 0.000000e+00 1.000000e+00 1.000000e-01
5.598260e+03 0.000000e+00 1.000000e+00 1.000000e-01
5.598270e+03 0.000000e+00 1.000000e+00 1.000000e-01
5.598280e+03 0.000000e+00 1.000000e+00 1.000000e-01
5.598290e+03 0.000000e+00 1.000000e+00 1.000000e-01
5.598300e+03 0.000000e+00 1.000000e+00 1.000000e-01
5.598310e+03 0.000000e+00 1.000000e+00 1.000000e-01
5.598320e+03 0.000000e+00 1.000000e+00 1.000000e-01
5.598330e+03 0.000000e+00 1.000000e+00 1.000000e-01
5.598340e+03 0.000000e+00 1.000000e+00 1.000000e-01
5.598350e+03 0.000000e+00 1.000000e+00 1.000000e-01
5.598360e+03 0.000000e+00 1.000000e+00 1.000000e-01
5.598370e+03 0.000000e+00 1.000000e+00 1.000000e-01
5.598380e+03 0.000000e+00 1.000000e+00 1.000000e-01
5.598390e+03 0.000000e+00 1.000000e+00 1.000000e-01
5.598400e+03 0.000000e+00 1.000000e+00 1.000000e-01
5.598410e+03 0.000000e+00 1.000000e+00 1.000000e-01
5.598420e+03 0.000000e+00 1.000000e+00 1.000000e-01
5.598430e+03 0.000000e+00 1.000000e+00 1.000000e-01
5.598440e+03 0.000000e+00 1.000000e+00 1.000000e-01
5.598450e+03 0.000000e+00 1.000000e+00 1.000000e-01
5.598460e+03 0.000000e+00 1.000000e+00 1.000000e-01
5.598470e+03 0.000000e+00 1.000000e+00 1.000000e-01
5.598480e+03 0.000000e+00 1.000000e+00 1.000000e-01
5.598490e+03 0.000000e+00 1.000000e+00 1.000000e-01
5.598500e+03 0.000000e+00 1.000000e+00 1.000000e-01
5.598510e+03 0.000000e+00 1.000000e+00 1.000000e-01
5.598520e+03 0.000000e+00 1.000000e+00 1.000000e-01
5.598530e+03 0.000000e+00 1.000000e+00 1.000000e-01
5.598540e+03 0.000000e+00 1.000000e+00 1.000000e-01
5.598550e+03 0.000000e+00 1.000000e+00 1.000000e-01
5.598560e+03 0.000000e+00 1.000000e+00 1.000000e-01
5.598570e+03 0.000000e+00 1.000000e+00 1.000000e-01
5.598580e+03 0.000000e+00 1.000000e+00 1.000000e-01
5.598590e+03 0.000000e+00 1.000000e+00 1.000000e-01
5.598600e+03 0.000000e+00 1.000000e+00 1.000000e-01
5.598610e+03 0.000000e+00 1.000000e+00 1.000000e-01
5.598620e+03 0.000000e+00 1.000000e+00 1.000000e-01
5.598630e+03 0.000000e+00 1.000000e+00 1.000000e-01
5.598640e+03 0.000000e+00 1.000000e+00 1.000000e-01
5.598650e+03 0.000000e+00 1.000000e+00 1.000000e-01
5.598660e+03 0.000000e+00 1.000000e+00 1.000000e-01
5.598670e+03 0.000000e+00 1.000000e+00 1.000000e-01
5.598680e+03 0.000000e+00 1.000000e+00 1.000000e-01
5.598690e+03 0.000000e+00 1.000000e+00 1.000000e-01
5.598700e+03 0.000000e+00 1.000000e+00 1.000000e-01
5.598710e+03 0.000000e+00 1.000000e+00 1.000000e-01
5.598720e+03 0.000000e+00 1.000000e+00 1.000000e-01
5.598730e+03 0.000000e+00 1.000000e+00 1.000000e-01
5.598740e+03 0.000000e+00 1.000000e+00 1.000000e-01
5.598750e+03 0.000000e+00 1.000000e+00 1.000000e-01
5.598760e+03 0.000000e+00 1.000000e+00 1.000000e-01
5.598770e+03 0.000000e+00 1.000000e+00 1.000000e-01
5.598780e+03 0.000000e+00 1.000000e+00 1.000000e-01
5.598790e+03 0.000000e+00 1.000000e+00 1.000000e-01
5.598800e+03 0.000000e+00 1.000000e+00 1.000000e-01
5.598810e+03 0.000000e+00 1.000000e+00 1.000000e-01
5.598820e+03 0.000000e+00 1.000000e+00 1.000000e-01
5.598830e+03 0.000000e+00 1.000000e+00 1.000000e-01
5.598840e+03 0.000000e+00 1.000000e+00 1.000000e-01
5.598850e+03 0.000000e+00 1.000000e+00 1.000000e-01
5.598860e+03 0.000000e+00 1.000000e+00 1.000000e-01
5.598870e+03 0.000000e+00 1.000000e+00 1.000000e-01
5.598880e+03 0.000000e+00 1.000000e+00 1.000000e-01
5.598890e+03 0.000000e+00 1.000000e+00 1.000000e-01
5.598900e+03 0.000000e+00 1.000000e+00 1.000000e-01
5.598910e+03 0.000000e+00 1.000000e+00 1.000000e-01
5.598920e+03 0.000000e+00 1.000000e+00 1.000000e-01
5.598930e+03 0.000000e+00 1.000000e+00 1.000000e-01
5.598940e+03 0.000000e+00 1.000000e+00 1.000000e-01
5.598950e+03 0.000000e+00 1.000000e+00 1.000000e-01
5.598960e+03 0.000000e+00 1.000000e+00 1.000000e-01
5.598970e+03 0.000000e+00 1.000000e+00 1.000000e-01
5.598980e+03 0.000000e+00 1.000000e+00 1.000000e-01
5.598990e+03 0.000000e+00 1.000000e+00 1.000000e-01
5.599000e+03 0.000000e+00 1.000000e+00 1.000000e-01
5.599010e+03 0.000000e+00 1.000000e+00 1.000000e-01
5.599020e+03 0.000000e+00 1.000000e+00 1.000000e-01
5.599030e+03 0.000000e+00 1.000000e+00 1.000000e-01
5.599040e+03 0.000000e+00 1.000000e+00 1.000000e-01
5.599050e+03 0.000000e+00 1.000000e+00 1.000000e-01
5.599060e+03 0.000000e+00 1.000000e+00 1.000000e-01
5.599070e+03 0.000000e+00 1.000000e+00 1.000000e-01
5.599080e+03 0.000000e+00 1.000000e+00 1.000000e-01
5.599090e+03 0.000000e+00 1.000000e+00 1.000000e-01
5.599100e+03 0.000000e+00 1.000000e+00 1.000000e-01
5.599110e+03 0.000000e+00 1.000000e+00 1.000000e-01
5.599120e+03 0.000000e+00 1.000000e+00 1.000000e-01
5.599130e+03 0.000000e+00 1.000000e+00 1.000000e-01
5.599140e+03 0.000000e+00 1.000000e+00 1.000000e-01
5.599150e+03 0.000000e+00 1.000000e+00 1.000000e-01
5.599160e+03 0.000000e+00 1.000000e+00 1.000000e-01
5.599170e+03 0.000000e+00 1.000000e+00 1.000000e-01
5.599180e+03 0.000000e+00 1.000000e+00 1.000000e-01
5.599190e+03 0.000000e+00 1.000000e+00 1.000000e-01
5.599200e+03 0.000000e+00 1.000000e+00 1.000000e-01
5.599210e+03 0.000000e+00 1.000000e+00 1.000000e-01
5.599220e+03 0.000000e+00 1.000000e+00 1.000000e-01
5.599230e+03 0.000000e+00 1.000000e+00 1.000000e-01
5.599240e+03 0.000000e+00 1.000000e+00 1.000000e-01
5.599250e+03 0.000000e+00 1.000000e+00 1.000000e-01
5.599260e+03 0.000000e+00 1.000000e+00 1.000000e-01
5.599270e+03 0.000000e+00 1.000000e+00 1.000000e-01
5.599280e+03 0.000000e+00 1.000000e+00 1.000000e-01
5.599290e+03 0.000000e+00 1.000000e+00 1.000000e-01
5.599300e+03 0.000000e+00 1.000000e+00 1.000000e-01
5.599310e+03 0.000000e+00 1.000000e+00 1.000000e-01
5.599320e+03 0.000000e+00 1.000000e+00 1.000000e-01
5.599330e+03 0.000000e+00 1.000000e+00 1.000000e-01
5.599340e+03 0.000000e+00 1.000000e+00 1.000000e-01
5.599350e+03 0.000000e+00 1.000000e+00 1.000000e-01
5.599360e+03 0.000000e+00 1.000000e+00 1.000000e-01
5.599370e+03 0.000000e+00 1.000000e+00 1.000000e-01
5.599380e+03 0.000000e+00 1.000000e+00 1.000000e-01
5.599390e+03 0.000000e+00 1.000000e+00 1.000000e-01
5.599400e+03 0.000000e+00 1.000000e+00 1.000000e-01
5.599410e+03 0.000000e+00 1.000000e+00 1.000000e-01
5.599420e+03 0.000000e+00 1.000000e+00 1.000000e-01
5.599430e+03 0.000000e+00 1.000000e+00 1.000000e-01
5.599440e+03 0.000000e+00 1.000000e+00 1.000000e-01
5.599450e+03 0.000000e+00 1.000000e+00 1.000000e-01
5.599460e+03 0.000000e+00 1.000000e+00 1.000000e-01
5.599470e+03 0.000000e+00 1.000000e+00 1.000000e-01
5.599480e+03 0.000000e+00 1.000000e+00 1.000000e-01
5.599490e+03 0.000000e+00 1.000000e+00 1.000000e-01
5.599500e+03 0.000000e+00 1.000000e+00 1.000000e-01
5.599510e+03 0.000000e+00 1.000000e+00 1.000000e-01
5.599520e+03 0.000000e+00 1.000000e+00 1.000000e-01
5.599530e+03 0.000000e+00 1.000000e+00 1.000000e-01
5.599540e+03 0.000000e+00 1.000000e+00 1.000000e-01
5.599550e+03 0.000000e+00 1.000000e+00 1.000000e-01
5.599560e+03 0.000000e+00 1.000000e+00 1.000000e-01
5.599570e+03 0.000000e+00 1.000000e+00 1.000000e-01
5.599580e+03 0.000000e+00 1.000000e+00 1.000000e-01
5.599590e+03 0.000000e+00 1.000000e+00 1.000000e-01
5.599600e+03 0.000000e+00 1.000000e+00 1.000000e-01
5.599610e+03 0.000000e+00 1.000000e+00 1.000000e-01
5.599620e+03 0.000000e+00 1.000000e+00 1.000000e-01
5.599630e+03 0.000000e+00 1.000000e+00 1.000000e-01
5.599640e+03 0.000000e+00 1.000000e+00 1.000000e-01
5.599650e+03 0.000000e+00 1.000000e+00 1.000000e-01
5.599660e+03 0.000000e+00 1.000000e+00 1.000000e-01
5.599670e+03 0.000000e+00 1.000000e+00 1.000000e-01
5.599680e+03 0.000000e+00 1.000000e+00 1.000000e-01
5.599690e+03 0.000000e+00 1.000000e+00 1.000000e-01
5.599700e+03 0.000000e+00 1.000000e+00 1.000000e-01
5.599710e+03 0.000000e+00 1.000000e+00 1.000000e-01
5.599720e+03 0.000000e+00 1.000000e+00 1.000000e-01
5.599730e+03 0.000000e+00 1.000000e+00 1.000000e-01
5.599740e+03 0.000000e+00 1.000000e+00 1.000000e-01
5.599750e+03 0.000000e+00 1.000000e+00 1.000000e-01
5.599760e+03 0.000000e+00 1.000000e+00 1.000000e-01
5.599770e+03 0.000000e+00 1.000000e+00 1.000000e-01
5.599780e+03 0.000000e+00 1.000000e+00 1.000000e-01
5.599790e+03 0.000000e+00 1.000000e+00 1.000000e-01
5.599800e+03 0.000000e+00 1.000000e+00 1.000000e-01
5.599810e+03 0.000000e+00 1.000000e+00 1.000000e-01
5.599820e+03 0.000000e+00 1.000000e+00 1.000000e-01
5.599830e+03 0.000000e+00 1.000000e+00 1.000000e-01
5.599840e+03 0.000000e+00 1.000000e+00 1.000000e-01
5.599850e+03 0.000000e+00 1.000000e+00 1.000000e-01
5.599860e+03 0.000000e+00 1.000000e+00 1.000000e-01
5.599870e+03 0.000000e+00 1.000000e+00 1.000000e-01
5.599880e+03 0.000000e+00 1.000000e+00 1.000000e-01
5.599890e+03 0.000000e+00 1.000000e+00 1.000000e-01
5.599900e+03 0.000000e+00 1.000000e+00 1.000000e-01
5.599910e+03 0.000000e+00 1.000000e+00 1.000000e-01
5.599920e+03 0.000000e+00 1.000000e+00 1.000000e-01
5.599930e+03 0.000000e+00 1.000000e+00 1.000000e-01
5.599940e+03 0.000000e+00 1.000000e+00 1.000000e-01
5.599950e+03 0.000000e+00 1.000000e+00 1.000000e-01
5.599960e+03 0.000000e+00 1.000000e+00 1.000000e-01
5.599970e+03 0.000000e+00 1.000000e+00 1.000000e-01
5.599980e+03 0.000000e+00 1.000000e+00 1.000000e-01
5.599990e+03 0.000000e+00 1.000000e+00 1.000000e-01
5.600000e+03 0.000000e+00 1.000000e+00 1.000000e-01
5.600010e+03 0.000000e+00 1.000000e+00 1.000000e-01
5.600020e+03 0.000000e+00 1.000000e+00 1.000000e-01
5.600030e+03 0.000000e+00 1.000000e+00 1.000000e-01
5.600040e+03 0.000000e+00 1.000000e+00 1.000000e-01
5.600050e+03 0.000000e+00 1.000000e+00 1.000000e-01
5.600060e+03 0.000000e+00 1.000000e+00 1.000000e-01
5.600070e+03 0.000000e+00 1.000000e+00 1.000000e-01
5.600080e+03 0.000000e+00 1.000000e+00 1.000000e-01
5.600090e+03 0.000000e+00 1.000000e+00 1.000000e-01
5.600100e+03 0.000000e+00 1.000000e+00 1.000000e-01
5.600110e+03 0.000000e+00 1.000000e+00 1.000000e-01
5.600120e+03 0.000000e+00 1.000000e+00 1.000000e-01
5.600130e+03 0.000000e+00 1.000000e+00 1.000000e-01
5.600140e+03 0.000000e+00 1.000000e+00 1.000000e-01
5.600150e+03 0.000000e+00 1.000000e+00 1.000000e-01
5.600160e+03 0.000000e+00 1.000000e+00 1.000000e-01
5.600170e+03 0.000000e+00 1.000000e+00 1.000000e-01
5.600180e+03 0.000000e+00 1.000000e+00 1.000000e-01
5.600190e+03 0.000000e+00 1.000000e+00 1.000000e-01
5.600200e+03 0.000000e+00 1.000000e+00 1.000000e-01
5.600210e+03 0.000000e+00 1.000000e+00 1.000000e-01
5.600220e+03 0.000000e+00 1.000000e+00 1.000000e-01
5.600230e+03 0.000000e+00 1.000000e+00 1.000000e-01
5.600240e+03 0.000000e+00 1.000000e+00 1.000000e-01
5.600250e+03 0.000000e+00 1.000000e+00 1.000000e-01
5.600260e+03 0.000000e+00 1.000000e+00 1.000000e-01
5.600270e+03 0.000000e+00 1.000000e+00 1.000000e-01
5.600280e+03 0.000000e+00 1.000000e+00 1.000000e-01
5.600290e+03 0.000000e+00 1.000000e+00 1.000000e-01
5.600300e+03 0.000000e+00 1.000000e+00 1.000000e-01
5.600310e+03 0.000000e+00 1.000000e+00 1.000000e-01
5.600320e+03 0.000000e+00 1.000000e+00 1.000000e-01
5.600330e+03 0.000000e+00 1.000000e+00 1.000000e-01
5.600340e+03 0.000000e+00 1.000000e+00 1.000000e-01
5.600350e+03 0.000000e+00 1.000000e+00 1.000000e-01
5.600360e+03 0.000000e+00 1.000000e+00 1.000000e-01
5.600370e+03 0.000000e+00 1.000000e+00 1.000000e-01
5.600380e+03 0.000000e+00 1.000000e+00 1.000000e-01
5.600390e+03 0.000000e+00 1.000000e+00 1.000000e-01
5.600400e+03 0.000000e+00 1.000000e+00 1.000000e-01
5.600410e+03 0.000000e+00 1.000000e+00 1.000000e-01
5.600420e+03 0.000000e+00 1.000000e+00 1.000000e-01
5.600430e+03 0.000000e+00 1.000000e+00 1.000000e-01
5.600440e+03 0.000000e+00 1.000000e+00 1.000000e-01
5.600450e+03 0.000000e+00 1.000000e+00 1.000000e-01
5.600460e+03 0.000000e+00 1.000000e+00 1.000000e-01
5.600470e+03 0.000000e+00 1.000000e+00 1.000000e-01
5.600480e+03 0.000000e+00 1.000000e+00 1.000000e-01
5.600490e+03 0.000000e+00 1.000000e+00 1.000000e-01
5.600500e+03 0.000000e+00 1.000000e+00 1.000000e-01
5.600510e+03 0.000000e+00 1.000000e+00 1.000000e-01
5.600520e+03 0.000000e+00 1.000000e+00 1.000000e-01
5.600530e+03 0.000000e+00 1.000000e+00 1.000000e-01
5.600540e+03 0.000000e+00 1.000000e+00 1.000000e-01
5.600550e+03 0.000000e+00 1.000000e+00 1.000000e-01
5.600560e+03 0.000000e+00 1.000000e+00 1.000000e-01
5.600570e+03 0.000000e+00 1.000000e+00 1.000000e-01
5.600580e+03 0.000000e+00 1.000000e+00 1.000000e-01
5.600590e+03 0.000000e+00 1.000000e+00 1.000000e-01
5.600600e+03 0.000000e+00 1.000000e+00 1.000000e-01
5.600610e+03 0.000000e+00 1.000000e+00 1.000000e-01
5.600620e+03 0.000000e+00 1.000000e+00 1.000000e-01
5.600630e+03 0.000000e+00 1.000000e+00 1.000000e-01
5.600640e+03 0.000000e+00 1.000000e+00 1.000000e-01
5.600650e+03 0.000000e+00 1.000000e+00 1.000000e-01
5.600660e+03 0.000000e+00 1.000000e+00 1.000000e-01
5.600670e+03 0.000000e+00 1.000000e+00 1.000000e-01
5.600680e+03 0.000000e+00 1.000000e+00 1.000000e-01
5.600690e+03 0.000000e+00 1.000000e+00 1.000000e-01
5.600700e+03 0.000000e+00 1.000000e+00 1.000000e-01
5.600710e+03 0.000000e+00 1.000000e+00 1.000000e-01
5.600720e+03 0.000000e+00 1.000000e+00 1.000000e-01
5.600730e+03 0.000000e+00 1.000000e+00 1.000000e-01
5.600740e+03 0.000000e+00 1.000000e+00 1.000000e-01
5.600750e+03 0.000000e+00 1.000000e+00 1.000000e-01
5.600760e+03 0.000000e+00 1.000000e+00 1.000000e-01
5.600770e+03 0.000000e+00 1.000000e+00 1.000000e-01
5.600780e+03 0.000000e+00 1.000000e+00 1.000000e-01
5.600790e+03 0.000000e+00 1.000000e+00 1.000000e-01
5.600800e+03 0.000000e+00 1.000000e+00 1.000000e-01
5.600810e+03 0.000000e+00 1.000000e+00 1.000000e-01
5.600820e+03 0.000000e+00 1.000000e+00 1.000000e-01
5.600830e+03 0.000000e+00 1.000000e+00 1.000000e-01
5.600840e+03 0.000000e+00 1.000000e+00 1.000000e-01
5.600850e+03 0.000000e+00 1.000000e+00 1.000000e-01
5.600860e+03 0.000000e+00 1.000000e+00 1.000000e-01
5.600870e+03 0.000000e+00 1.000000e+00 1.000000e-01
5.600880e+03 0.000000e+00 1.000000e+00 1.000000e-01
5.600890e+03 0.000000e+00 1.000000e+00 1.000000e-01
5.600900e+03 0.000000e+00 1.000000e+00 1.000000e-01
5.600910e+03 0.000000e+00 1.000000e+00 1.000000e-01
5.600920e+03 0.000000e+00 1.000000e+00 1.000000e-01
5.600930e+03 0.000000e+00 1.000000e+00 1.000000e-01
5.600940e+03 0.000000e+00 1.000000e+00 1.000000e-01
5.600950e+03 0.000000e+00 1.000000e+00 1.000000e-01
5.600960e+03 0.000000e+00 1.000000e+00 1.000000e-01
5.600970e+03 0.000000e+00 1.000000e+00 1.000000e-01
5.600980e+03 0.000000e+00 1.000000e+00 1.000000e-01
5.600990e+03 0.000000e+00 1.000000e+00 1.000000e-01
5.601000e+03 0.000000e+00 1.000000e+00 1.000000e-01
5.601010e+03 0.000000e+00 1.000000e+00 1.000000e-01
5.601020e+03 0.000000e+00 1.000000e+00 1.000000e-01
5.601030e+03 0.000000e+00 1.000000e+00 1.000000e-01
5.601040e+03 0.000000e+00 1.000000e+00 1.000000e-01
5.601050e+03 0.000000e+00 1.000000e+00 1.000000e-01
5.601060e+03 0.000000e+00 1.000000e+00 1.000000e-01
5.601070e+03 0.000000e+00 1.000000e+00 1.000000e-01
5.601080e+03 0.000000e+00 1.000000e+00 1.000000e-01
5.601090e+03 0.000000e+00 1.000000e+00 1.000000e-01
5.601100e+03 0.000000e+00 1.000000e+00 1.000000e-01
5.601110e+03 0.000000e+00 1.000000e+00 1.000000e-01
5.601120e+03 0.000000e+00 1.000000e+00 1.000000e-01
5.601130e+03 0.000000e+00 1.000000e+00 1.000000e-01
5.601140e+03 0.000000e+00 1.000000e+00 1.000000e-01
5.601150e+03 0.000000e+00 1.000000e+00 1.000000e-01
5.601160e+03 0.000000e+00 1.000000e+00 1.000000e-01
5.601170e+03 0.000000e+00 1.000000e+00 1.000000e-01
5.601180e+03 0.000000e+00 1.000000e+00 1.000000e-01
5.601190e+03 0.000000e+00 1.000000e+00 1.000000e-01
5.601200e+03 0.000000e+00 1.000000e+00 1.000000e-01
5.601210e+03 0.000000e+00 1.000000e+00 1.000000e-01
5.601220e+03 0.000000e+00 1.000000e+00 1.000000e-01
5.601230e+03 0.000000e+00 1.000000e+00 1.000000e-01
5.601240e+03 0.000000e+00 1.000000e+00 1.000000e-01
5.601250e+03 0.000000e+00 1.000000e+00 1.000000e-01
5.601260e+03 0.000000e+00 1.000000e+00 1.000000e-01
5.601270e+03 0.000000e+00 1.000000e+00 1.000000e-01
5.601280e+03 0.000000e+00 1.000000e+00 1.000000e-01
5.601290e+03 0.000000e+00 1.000000e+00 1.000000e-01
5.601300e+03 0.000000e+00 1.000000e+00 1.000000e-01
5.601310e+03 0.000000e+00 1.000000e+00 1.000000e-01
5.601320e+03 0.000000e+00 1.000000e+00 1.000000e-01
5.601330e+03 0.000000e+00 1.000000e+00 1.000000e-01
5.601340e+03 0.000000e+00 1.000000e+00 1.000000e-01
5.601350e+03 0.000000e+00 1.000000e+00 1.000000e-01
5.601360e+03 0.000000e+00 1.000000e+00 1.000000e-01
5.601370e+03 0.000000e+00 1.000000e+00 1.000000e-01
5.601380e+03 0.000000e+00 1.000000e+00 1.000000e-01
5.601390e+03 0.000000e+00 1.000000e+00 1.000000e-01
5.601400e+03 0.000000e+00 1.000000e+00 1.000000e-01
5.601410e+03 0.000000e+00 1.000000e+00 1.000000e-01
5.601420e+03 0.000000e+00 1.000000e+00 1.000000e-01
5.601430e+03 0.000000e+00 1.000000e+00 1.000000e-01
5.601440e+03 0.000000e+00 1.000000e+00 1.000000e-01
5.601450e+03 0.000000e+00 1.000000e+00 1.000000e-01
5.601460e+03 0.000000e+00 1.000000e+00 1.000000e-01
5.601470e+03 0.000000e+00 1.000000e+00 1.000000e-01
5.601480e+03 0.000000e+00 1.000000e+00 1.000000e-01
5.601490e+03 0.000000e+00 1.000000e+00 1.000000e-01
5.601500e+03 0.000000e+00 1.000000e+00 1.000000e-01
5.601510e+03 0.000000e+00 1.000000e+00 1.000000e-01
5.601520e+03 0.000000e+00 1.000000e+00 1.000000e-01
5.601530e+03 0.000000e+00 1.000000e+00 1.000000e-01
5.601540e+03 0.000000e+00 1.000000e+00 1.000000e-01
5.601550e+03 0.000000e+00 1.000000e+00 1.000000e-01
5.601560e+03 0.000000e+00 1.000000e+00 1.000000e-01
5.601570e+03 0.000000e+00 1.000000e+00 1.000000e-01
5.601580e+03 0.000000e+00 1.000000e+00 1.000000e-01
5.601590e+03 0.000000e+00 1.000000e+00 1.000000e-01
5.601600e+03 0.000000e+00 1.000000e+00 1.000000e-01
5.601610e+03 0.000000e+00 1.000000e+00 1.000000e-01
5.601620e+03 0.000000e+00 1.000000e+00 1.000000e-01
5.601630e+03 0.000000e+00 1.000000e+00 1.000000e-01
5.601640e+03 0.000000e+00 1.000000e+00 1.000000e-01
5.601650e+03 0.000000e+00 1.000000e+00 1.000000e-01
5.601660e+03 0.000000e+00 1.000000e+00 1.000000e-01
5.601670e+03 0.000000e+00 1.000000e+00 1.000000e-01
5.601680e+03 0.000000e+00 1.000000e+00 1.000000e-01
5.601690e+03 0.000000e+00 1.000000e+00 1.000000e-01
5.601700e+03 0.000000e+00 1.000000e+00 1.000000e-01
5.601710e+03 0.000000e+00 1.000000e+00 1.000000e-01
5.601720e+03 0.000000e+00 1.000000e+00 1.000000e-01
5.601730e+03 0.000000e+00 1.000000e+00 1.000000e-01
5.601740e+03 0.000000e+00 1.000000e+00 1.000000e-01
5.601750e+03 0.000000e+00 1.000000e+00 1.000000e-01
5.601760e+03 0.000000e+00 1.000000e+00 1.000000e-01
5.601770e+03 0.000000e+00 1.000000e+00 1.000000e-01
5.601780e+03 0.000000e+00 1.000000e+00 1.000000e-01
5.601790e+03 0.000000e+00 1.000000e+00 1.000000e-01
5.601800e+03 0.000000e+00 1.000000e+00 1.000000e-01
5.601810e+03 0.000000e+00 1.000000e+00 1.000000e-01
5.601820e+03 0.000000e+00 1.000000e+00 1.000000e-01
5.601830e+03 0.000000e+00 1.000000e+00 1.000000e-01
5.601840e+03 0.000000e+00 1.000000e+00 1.000000e-01
5.601850e+03 0.000000e+00 1.000000e+00 1.000000e-01
5.601860e+03 0.000000e+00 1.000000e+00 1.000000e-01
5.601870e+03 0.000000e+00 1.000000e+00 1.000000e-01
5.601880e+03 0.000000e+00 1.000000e+00 1.000000e-01
5.601890e+03 0.000000e+00 1.000000e+00 1.000000e-01
5.601900e+03 0.000000e+00 1.000000e+00 1.000000e-01
5.601910e+03 0.000000e+00 1.000000e+00 1.000000e-01
5.601920e+03 0.000000e+00 1.000000e+00 1.000000e-01
5.601930e+03 0.000000e+00 1.000000e+00 1.000000e-01
5.601940e+03 0.000000e+00 1.000000e+00 1.000000e-01
5.601950e+03 0.000000e+00 1.000000e+00 1.000000e-01
5.601960e+03 0.000000e+00 1.000000e+00 1.000000e-01
5.601970e+03 0.000000e+00 1.000000e+00 1.000000e-01
5.601980e+03 0.000000e+00 1.000000e+00 1.000000e-01
5.601990e+03 0.000000e+00 1.000000e+00 1.000000e-01
5.602000e+03 0.000000e+00 1.000000e+00 1.000000e-01
5.602010e+03 0.000000e+00 1.000000e+00 1.000000e-01
5.602020e+03 0.000000e+00 1.000000e+00 1.000000e-01
5.602030e+03 0.000000e+00 1.000000e+00 1.000000e-01
5.602040e+03 0.000000e+00 1.000000e+00 1.000000e-01
5.602050e+03 0.000000e+00 1.000000e+00 1.000000e-01
5.602060e+03 0.000000e+00 1.000000e+00 1.000000e-01
5.602070e+03 0.000000e+00 1.000000e+00 1.000000e-01
5.602080e+03 0.000000e+00 1.000000e+00 1.000000e-01
5.602090e+03 0.000000e+00 1.000000e+00 1.000000e-01
5.602100e+03 0.000000e+00 1.000000e+00 1.000000e-01
5.602110e+03 0.000000e+00 1.000000e+00 1.000000e-01
5.602120e+03 0.000000e+00 1.000000e+00 1.000000e-01
5.602130e+03 0.000000e+00 1.000000e+00 1.000000e-01
5.602140e+03 0.000000e+00 1.000000e+00 1.000000e-01
5.602150e+03 0.000000e+00 1.000000e+00 1.000000e-01
5.602160e+03 0.000000e+00 1.000000e+00 1.000000e-01
5.602170e+03 0.000000e+00 1.000000e+00 1.000000e-01
5.602180e+03 0.000000e+00 1.000000e+00 1.000000e-01
5.602190e+03 0.000000e+00 1.000000e+00 1.000000e-01
5.602200e+03 0.000000e+00 1.000000e+00 1.000000e-01
5.602210e+03 0.000000e+00 1.000000e+00 1.000000e-01
5.602220e+03 0.000000e+00 1.000000e+00 1.000000e-01
5.602230e+03 0.000000e+00 1.000000e+00 1.000000e-01
5.602240e+03 0.000000e+00 1.000000e+00 1.000000e-01
5.602250e+03 0.000000e+00 1.000000e+00 1.000000e-01
5.602260e+03 0.000000e+00 1.000000e+00 1.000000e-01
5.602270e+03 0.000000e+00 1.000000e+00 1.000000e-01
5.602280e+03 0.000000e+00 1.000000e+00 1.000000e-01
5.602290e+03 0.000000e+00 1.000000e+00 1.000000e-01
5.602300e+03 0.000000e+00 1.000000e+00 1.000000e-01
5.602310e+03 0.000000e+00 1.000000e+00 1.000000e-01
5.602320e+03 0.000000e+00 1.000000e+00 1.000000e-01
5.602330e+03 0.000000e+00 1.000000e+00 1.000000e-01
5.602340e+03 0.000000e+00 1.000000e+00 1.000000e-01
5.602350e+03 0.000000e+00 1.000000e+00 1.000000e-01
5.602360e+03 0.000000e+00 1.000000e+00 1.000000e-01
5.602370e+03 0.000000e+00 1.000000e+00 1.000000e-01
5.602380e+03 0.000000e+00 1.000000e+00 1.000000e-01
5.602390e+03 0.000000e+00 1.000000e+00 1.000000e-01
5.602400e+03 0.000000e+00 1.000000e+00 1.000000e-01
5.602410e+03 0.000000e+00 1.000000e+00 1.000000e-01
5.602420e+03 0.000000e+00 1.000000e+00 1.000000e-01
5.602430e+03 0.000000e+00 1.000000e+00 1.000000e-01
5.602440e+03 0.000000e+00 1.000000e+00 1.000000e-01
5.602450e+03 0.000000e+00 1.000000e+00 1.000000e-01
5.602460e+03 0.000000e+00 1.000000e+00 1.000000e-01
5.602470e+03 0.000000e+00 1.000000e+00 1.000000e-01
5.602480e+03 0.000000e+00 1.000000e+00 1.000000e-01
5.602490e+03 0.000000e+00 1.000000e+00 1.000000e-01
5.602500e+03 0.000000e+00 1.000000e+00 1.000000e-01
5.602510e+03 0.000000e+00 1.000000e+00 1.000000e-01
5.602520e+03 0.000000e+00 1.000000e+00 1.000000e-01
5.602530e+03 0.000000e+00 1.000000e+00 1.000000e-01
5.602540e+03 0.000000e+00 1.000000e+00 1.000000e-01
5.602550e+03 0.000000e+00 1.000000e+00 1.000000e-01
5.602560e+03 0.000000e+00 1.000000e+00 1.000000e-01
5.602570e+03 0.000000e+00 1.000000e+00 1.000000e-01
5.602580e+03 0.000000e+00 1.000000e+00 1.000000e-01
5.602590e+03 0.000000e+00 1.000000e+00 1.000000e-01
5.602600e+03 0.000000e+00 1.000000e+00 1.000000e-01
5.602610e+03 0.000000e+00 1.000000e+00 1.000000e-01
5.602620e+03 0.000000e+00 1.000000e+00 1.000000e-01
5.602630e+03 0.000000e+00 1.000000e+00 1.000000e-01
5.602640e+03 0.000000e+00 1.000000e+00 1.000000e-01
5.602650e+03 0.000000e+00 1.000000e+00 1.000000e-01
5.602660e+03 0.000000e+00 1.000000e+00 1.000000e-01
5.602670e+03 0.000000e+00 1.000000e+00 1.000000e-01
5.602680e+03 0.000000e+00 1.000000e+00 1.000000e-01
5.602690e+03 0.000000e+00 1.000000e+00 1.000000e-01
5.602700e+03 0.000000e+00 1.000000e+00 1.000000e-01
5.602710e+03 0.000000e+00 1.000000e+00 1.000000e-01
5.602720e+03 0.000000e+00 1.000000e+00 1.000000e-01
5.602730e+03 0.000000e+00 1.000000e+00 1.000000e-01
5.602740e+03 0.000000e+00 1.000000e+00 1.000000e-01
5.602750e+03 0.000000e+00 1.000000e+00 1.000000e-01
5.602760e+03 0.000000e+00 1.000000e+00 1.000000e-01
5.602770e+03 0.000000e+00 1.000000e+00 1.000000e-01
5.602780e+03 0.000000e+00 1.000000e+00 1.000000e-01
5.602790e+03 0.000000e+00 1.000000e+00 1.000000e-01
5.602800e+03 0.000000e+00 1.000000e+00 1.000000e-01
5.602810e+03 0.000000e+00 1.000000e+00 1.000000e-01
5.602820e+03 0.000000e+00 1.000000e+00 1.000000e-01
5.602830e+03 0.000000e+00 1.000000e+00 1.000000e-01
5.602840e+03 0.000000e+00 1.000000e+00 1.000000e-01
5.602850e+03 0.000000e+00 1.000000e+00 1.000000e-01
5.602860e+03 0.000000e+00 1.000000e+00 1.000000e-01
5.602870e+03 0.000000e+00 1.000000e+00 1.000000e-01
5.602880e+03 0.000000e+00 1.000000e+00 1.000000e-01
5.602890e+03 0.000000e+00 1.000000e+00 1.000000e-01
5.602900e+03 0.000000e+00 1.000000e+00 1.000000e-01
5.602910e+03 0.000000e+00 1.000000e+00 1.000000e-01
5.602920e+03 0.000000e+00 1.000000e+00 1.000000e-01
5.602930e+03 0.000000e+00 1.000000e+00 1.000000e-01
5.602940e+03 0.000000e+00 1.000000e+00 1.000000e-01
5.602950e+03 0.000000e+00 1.000000e+00 1.000000e-01
5.602960e+03 0.000000e+00 1.000000e+00 1.000000e-01
5.602970e+03 0.000000e+00 1.000000e+00 1.000000e-01
5.602980e+03 0.000000e+00 1.000000e+00 1.000000e-01
5.602990e+03 0.000000e+00 1.000000e+00 1.000000e-01
5.603000e+03 0.000000e+00 1.000000e+00 1.000000e-01
5.603010e+03 0.000000e+00 1.000000e+00 1.000000e-01
5.603020e+03 0.000000e+00 1.000000e+00 1.000000e-01
5.603030e+03 0.000000e+00 1.000000e+00 1.000000e-01
5.603040e+03 0.000000e+00 1.000000e+00 1.000000e-01
5.603050e+03 0.000000e+00 1.000000e+00 1.000000e-01
5.603060e+03 0.000000e+00 1.000000e+00 1.000000e-01
5.603070e+03 0.000000e+00 1.000000e+00 1.000000e-01
5.603080e+03 0.000000e+00 1.000000e+00 1.000000e-01
5.603090e+03 0.000000e+00 1.000000e+00 1.000000e-01
5.603100e+03 0.000000e+00 1.000000e+00 1.000000e-01
5.603110e+03 0.000000e+00 1.000000e+00 1.000000e-01
5.603120e+03 0.000000e+00 1.000000e+00 1.000000e-01
5.603130e+03 0.000000e+00 1.000000e+00 1.000000e-01
5.603140e+03 0.000000e+00 1.000000e+00 1.000000e-01
5.603150e+03 0.000000e+00 1.000000e+00 1.000000e-01
5.603160e+03 0.000000e+00 1.000000e+00 1.000000e-01
5.603170e+03 0.000000e+00 1.000000e+00 1.000000e-01
5.603180e+03 0.000000e+00 1.000000e+00 1.000000e-01
5.603190e+03 0.000000e+00 1.000000e+00 1.000000e-01
5.603200e+03 0.000000e+00 1.000000e+00 1.000000e-01
5.603210e+03 0.000000e+00 1.000000e+00 1.000000e-01
5.603220e+03 0.000000e+00 1.000000e+00 1.000000e-01
5.603230e+03 0.000000e+00 1.000000e+00 1.000000e-01
5.603240e+03 0.000000e+00 1.000000e+00 1.000000e-01
5.603250e+03 0.000000e+00 1.000000e+00 1.000000e-01
5.603260e+03 0.000000e+00 1.000000e+00 1.000000e-01
5.603270e+03 0.000000e+00 1.000000e+00 1.000000e-01
5.603280e+03 0.000000e+00 1.000000e+00 1.000000e-01
5.603290e+03 0.000000e+00 1.000000e+00 1.000000e-01
5.603300e+03 0.000000e+00 1.000000e+00 1.000000e-01
5.603310e+03 0.000000e+00 1.000000e+00 1.000000e-01
5.603320e+03 0.000000e+00 1.000000e+00 1.000000e-01
5.603330e+03 0.000000e+00 1.000000e+00 1.000000e-01
5.603340e+03 0.000000e+00 1.000000e+00 1.000000e-01
5.603350e+03 0.000000e+00 1.000000e+00 1.000000e-01
5.603360e+03 0.000000e+00 1.000000e+00 1.000000e-01
5.603370e+03 0.000000e+00 1.000000e+00 1.000000e-01
5.603380e+03 0.000000e+00 1.000000e+00 1.000000e-01
5.603390e+03 0.000000e+00 1.000000e+00 1.000000e-01
5.603400e+03 0.000000e+00 1.000000e+00 1.000000e-01
5.603410e+03 0.000000e+00 1.000000e+00 1.000000e-01
5.603420e+03 0.000000e+00 1.000000e+00 1.000000e-01
5.603430e+03 0.000000e+00 1.000000e+00 1.000000e-01
5.603440e+03 0.000000e+00 1.000000e+00 1.000000e-01
5.603450e+03 0.000000e+00 1.000000e+00 1.000000e-01
5.603460e+03 0.000000e+00 1.000000e+00 1.000000e-01
5.603470e+03 0.000000e+00 1.000000e+00 1.000000e-01
5.603480e+03 0.000000e+00 1.000000e+00 1.000000e-01
5.603490e+03 0.000000e+00 1.000000e+00 1.000000e-01
5.603500e+03 0.000000e+00 1.000000e+00 1.000000e-01
5.603510e+03 0.000000e+00 1.000000e+00 1.000000e-01
5.603520e+03 0.000000e+00 1.000000e+00 1.000000e-01
5.603530e+03 0.000000e+00 1.000000e+00 1.000000e-01
5.603540e+03 0.000000e+00 1.000000e+00 1.000000e-01
5.603550e+03 0.000000e+00 1.000000e+00 1.000000e-01
5.603560e+03 0.000000e+00 1.000000e+00 1.000000e-01
5.603570e+03 0.000000e+00 1.000000e+00 1.000000e-01
5.603580e+03 0.000000e+00 1.000000e+00 1.000000e-01
5.603590e+03 0.000000e+00 1.000000e+00 1.000000e-01
5.603600e+03 0.000000e+00 1.000000e+00 1.000000e-01
5.603610e+03 0.000000e+00 1.000000e+00 1.000000e-01
5.603620e+03 0.000000e+00 1.000000e+00 1.000000e-01
5.603630e+03 0.000000e+00 1.000000e+00 1.000000e-01
5.603640e+03 0.000000e+00 1.000000e+00 1.000000e-01
5.603650e+03 0.000000e+00 1.000000e+00 1.000000e-01
5.603660e+03 0.000000e+00 1.000000e+00 1.000000e-01
5.603670e+03 0.000000e+00 1.000000e+00 1.000000e-01
5.603680e+03 0.000000e+00 1.000000e+00 1.000000e-01
5.603690e+03 0.000000e+00 1.000000e+00 1.000000e-01
5.603700e+03 0.000000e+00 1.000000e+00 1.000000e-01
5.603710e+03 0.000000e+00 1.000000e+00 1.000000e-01
5.603720e+03 0.000000e+00 1.000000e+00 1.000000e-01
5.603730e+03 0.000000e+00 1.000000e+00 1.000000e-01
5.603740e+03 0.000000e+00 1.000000e+00 1.000000e-01
5.603750e+03 0.000000e+00 1.000000e+00 1.000000e-01
5.603760e+03 0.000000e+00 1.000000e+00 1.000000e-01
5.603770e+03 0.000000e+00 1.000000e+00 1.000000e-01
5.603780e+03 0.000000e+00 1.000000e+00 1.000000e-01
5.603790e+03 0.000000e+00 1.000000e+00 1.000000e-01
5.603800e+03 0.000000e+00 1.000000e+00 1.000000e-01
5.603810e+03 0.000000e+00 1.000000e+00 1.000000e-01
5.603820e+03 0.000000e+00 1.000000e+00 1.000000e-01
5.603830e+03 0.000000e+00 1.000000e+00 1.000000e-01
5.603840e+03 0.000000e+00 1.000000e+00 1.000000e-01
5.603850e+03 0.000000e+00 1.000000e+00 1.000000e-01
5.603860e+03 0.000000e+00 1.000000e+00 1.000000e-01
5.603870e+03 0.000000e+00 1.000000e+00 1.000000e-01
5.603880e+03 0.000000e+00 1.000000e+00 1.000000e-01
5.603890e+03 0.000000e+00 1.000000e+00 1.000000e-01
5.603900e+03 0.000000e+00 1.000000e+00 1.000000e-01
5.603910e+03 0.000000e+00 1.000000e+00 1.000000e-01
5.603920e+03 0.000000e+00 1.000000e+00 1.000000e-01
5.603930e+03 0.000000e+00 1.000000e+00 1.000000e-01
5.603940e+03 0.000000e+00 1.000000e+00 1.000000e-01
5.603950e+03 0.000000e+00 1.000000e+00 1.000000e-01
5.603960e+03 0.000000e+00 1.000000e+00 1.000000e-01
5.603970e+03 0.000000e+00 1.000000e+00 1.000000e-01
5.603980e+03 0.000000e+00 1.000000e+00 1.000000e-01
5.603990e+03 0.000000e+00 1.000000e+00 1.000000e-01
5.604000e+03 0.000000e+00 1.000000e+00 1.000000e-01
5.604010e+03 0.000000e+00 1.000000e+00 1.000000e-01
5.604020e+03 0.000000e+00 1.000000e+00 1.000000e-01
5.604030e+03 0.000000e+00 1.000000e+00 1.000000e-01
5.604040e+03 0.000000e+00 1.000000e+00 1.000000e-01
5.604050e+03 0.000000e+00 1.000000e+00 1.000000e-01
5.604060e+03 0.000000e+00 1.000000e+00 1.000000e-01
5.604070e+03 0.000000e+00 1.000000e+00 1.000000e-01
5.604080e+03 0.000000e+00 1.000000e+00 1.000000e-01
5.604090e+03 0.000000e+00 1.000000e+00 1.000000e-01
5.604100e+03 0.000000e+00 1.000000e+00 1.000000e-01
5.604110e+03 0.000000e+00 1.000000e+00 1.000000e-01
5.604120e+03 0.000000e+00 1.000000e+00 1.000000e-01
5.604130e+03 0.000000e+00 1.000000e+00 1.000000e-01
5.604140e+03 0.000000e+00 1.000000e+00 1.000000e-01
5.604150e+03 0.000000e+00 1.000000e+00 1.000000e-01
5.604160e+03 0.000000e+00 1.000000e+00 1.000000e-01
5.604170e+03 0.000000e+00 1.000000e+00 1.000000e-01
5.604180e+03 0.000000e+00 1.000000e+00 1.000000e-01
5.604190e+03 0.000000e+00 1.000000e+00 1.000000e-01
5.604200e+03 0.000000e+00 1.000000e+00 1.000000e-01
5.604210e+03 0.000000e+00 1.000000e+00 1.000000e-01
5.604220e+03 0.000000e+00 1.000000e+00 1.000000e-01
5.604230e+03 0.000000e+00 1.000000e+00 1.000000e-01
5.604240e+03 0.000000e+00 1.000000e+00 1.000000e-01
5.604250e+03 0.000000e+00 1.000000e+00 1.000000e-01
5.604260e+03 0.000000e+00 1.000000e+00 1.000000e-01
5.604270e+03 0.000000e+00 1.000000e+00 1.000000e-01
5.604280e+03 0.000000e+00 1.000000e+00 1.000000e-01
5.604290e+03 0.000000e+00 1.000000e+00 1.000000e-01
5.604300e+03 0.000000e+00 1.000000e+00 1.000000e-01
5.604310e+03 0.000000e+00 1.000000e+00 1.000000e-01
5.604320e+03 0.000000e+00 1.000000e+00 1.000000e-01
5.604330e+03 0.000000e+00 1.000000e+00 1.000000e-01
5.604340e+03 0.000000e+00 1.000000e+00 1.000000e-01
5.604350e+03 0.000000e+00 1.000000e+00 1.000000e-01
5.604360e+03 0.000000e+00 1.000000e+00 1.000000e-01
5.604370e+03 0.000000e+00 1.000000e+00 1.000000e-01
5.604380e+03 0.000000e+00 1.000000e+00 1.000000e-01
5.604390e+03 0.000000e+00 1.000000e+00 1.000000e-01
5.604400e+03 0.000000e+00 1.000000e+00 1.000000e-01
5.604410e+03 0.000000e+00 1.000000e+00 1.000000e-01
5.604420e+03 0.000000e+00 1.000000e+00 1.000000e-01
5.604430e+03 0.000000e+00 1.000000e+00 1.000000e-01
5.604440e+03 0.000000e+00 1.000000e+00 1.000000e-01
5.604450e+03 0.000000e+00 1.000000e+00 1.000000e-01
5.604460e+03 0.000000e+00 1.000000e+00 1.000000e-01
5.604470e+03 0.000000e+00 1.000000e+00 1.000000e-01
5.604480e+03 0.000000e+00 1.000000e+00 1.000000e-01
5.604490e+03 0.000000e+00 1.000000e+00 1.000000e-01
5.604500e+03 0.000000e+00 1.000000e+00 1.000000e-01
5.604510e+03 0.000000e+00 1.000000e+00 1.000000e-01
5.604520e+03 0.000000e+00 1.000000e+00 1.000000e-01
5.604530e+03 0.000000e+00 1.000000e+00 1.000000e-01
5.604540e+03 0.000000e+00 1.000000e+00 1.000000e-01
5.604550e+03 0.000000e+00 1.000000e+00 1.000000e-01
5.604560e+03 0.000000e+00 1.000000e+00 1.000000e-01
5.604570e+03 0.000000e+00 1.000000e+00 1.000000e-01
5.604580e+03 0.000000e+00 1.000000e+00 1.000000e-01
5.604590e+03 0.000000e+00 1.000000e+00 1.000000e-01
5.604600e+03 0.000000e+00 1.000000e+00 1.000000e-01
5.604610e+03 0.000000e+00 1.000000e+00 1.000000e-01
5.604620e+03 0.000000e+00 1.000000e+00 1.000000e-01
5.604630e+03 0.000000e+00 1.000000e+00 1.000000e-01
5.604640e+03 0.000000e+00 1.000000e+00 1.000000e-01
5.604650e+03 0.000000e+00 1.000000e+00 1.000000e-01
5.604660e+03 0.000000e+00 1.000000e+00 1.000000e-01
5.604670e+03 0.000000e+00 1.000000e+00 1.000000e-01
5.604680e+03 0.000000e+00 1.000000e+00 1.000000e-01
5.604690e+03 0.000000e+00 1.000000e+00 1.000000e-01
5.604700e+03 0.000000e+00 1.000000e+00 1.000000e-01
5.604710e+03 0.000000e+00 1.000000e+00 1.000000e-01
5.604720e+03 0.000000e+00 1.000000e+00 1.000000e-01
5.604730e+03 0.000000e+00 1.000000e+00 1.000000e-01
5.604740e+03 0.000000e+00 1.000000e+00 1.000000e-01
5.604750e+03 0.000000e+00 1.000000e+00 1.000000e-01
5.604760e+03 0.000000e+00 1.000000e+00 1.000000e-01
5.604770e+03 0.000000e+00 1.000000e+00 1.000000e-01
5.604780e+03 0.000000e+00 1.000000e+00 1.000000e-01
5.604790e+03 0.000000e+00 1.000000e+00 1.000000e-01
5.604800e+03 0.000000e+00 1.000000e+00 1.000000e-01
5.604810e+03 0.000000e+00 1.000000e+00 1.000000e-01
5.604820e+03 0.000000e+00 1.000000e+00 1.000000e-01
5.604830e+03 0.000000e+00 1.000000e+00 1.000000e-01
5.604840e+03 0.000000e+00 1.000000e+00 1.000000e-01
5.604850e+03 0.000000e+00 1.000000e+00 1.000000e-01
5.604860e+03 0.000000e+00 1.000000e+00 1.000000e-01
5.604870e+03 0.000000e+00 1.000000e+00 1.000000e-01
5.604880e+03 0.000000e+00 1.000000e+00 1.000000e-01
5.604890e+03 0.000000e+00 1.000000e+00 1.000000e-01
5.604900e+03 0.000000e+00 1.000000e+00 1.000000e-01
5.604910e+03 0.000000e+00 1.000000e+00 1.000000e-01
5.604920e+03 0.000000e+00 1.000000e+00 1.000000e-01
5.604930e+03 0.000000e+00 1.000000e+00 1.000000e-01
5.604940e+03 0.000000e+00 1.000000e+00 1.000000e-01
5.604950e+03 0.000000e+00 1.000000e+00 1.000000e-01
5.604960e+03 0.000000e+00 1.000000e+00 1.000000e-01
5.604970e+03 0.000000e+00 1.000000e+00 1.000000e-01
5.604980e+03 0.000000e+00 1.000000e+00 1.000000e-01
5.604990e+03 0.000000e+00 1.000000e+00 1.000000e-01
5.605000e+03 0.000000e+00 1.000000e+00 1.000000e-01
5.605010e+03 0.000000e+00 1.000000e+00 1.000000e-01
5.605020e+03 0.000000e+00 1.000000e+00 1.000000e-01
5.605030e+03 0.000000e+00 1.000000e+00 1.000000e-01
5.605040e+03 0.000000e+00 1.000000e+00 1.000000e-01
5.605050e+03 0.000000e+00 1.000000e+00 1.000000e-01
5.605060e+03 0.000000e+00 1.000000e+00 1.000000e-01
5.605070e+03 0.000000e+00 1.000000e+00 1.000000e-01
5.605080e+03 0.000000e+00 1.000000e+00 1.000000e-01
5.605090e+03 0.000000e+00 1.000000e+00 1.000000e-01
5.605100e+03 0.000000e+00 1.000000e+00 1.000000e-01
5.605110e+03 0.000000e+00 1.000000e+00 1.000000e-01
5.605120e+03 0.000000e+00 1.000000e+00 1.000000e-01
5.605130e+03 0.000000e+00 1.000000e+00 1.000000e-01
5.605140e+03 0.000000e+00 1.000000e+00 1.000000e-01
5.605150e+03 0.000000e+00 1.000000e+00 1.000000e-01
5.605160e+03 0.000000e+00 1.000000e+00 1.000000e-01
5.605170e+03 0.000000e+00 1.000000e+00 1.000000e-01
5.605180e+03 0.000000e+00 1.000000e+00 1.000000e-01
5.605190e+03 0.000000e+00 1.000000e+00 1.000000e-01
5.605200e+03 0.000000e+00 1.000000e+00 1.000000e-01
5.605210e+03 0.000000e+00 1.000000e+00 1.000000e-01
5.605220e+03 0.000000e+00 1.000000e+00 1.000000e-01
5.605230e+03 0.000000e+00 1.000000e+00 1.000000e-01
5.605240e+03 0.000000e+00 1.000000e+00 1.000000e-01
5.605250e+03 0.000000e+00 1.000000e+00 1.000000e-01
5.605260e+03 0.000000e+00 1.000000e+00 1.000000e-01
5.605270e+03 0.000000e+00 1.000000e+00 1.000000e-01
5.605280e+03 0.000000e+00 1.000000e+00 1.000000e-01
5.605290e+03 0.000000e+00 1.000000e+00 1.000000e-01
5.605300e+03 0.000000e+00 1.000000e+00 1.000000e-01
5.605310e+03 0.000000e+00 1.000000e+00 1.000000e-01
5.605320e+03 0.000000e+00 1.000000e+00 1.000000e-01
5.605330e+03 0.000000e+00 1.000000e+00 1.000000e-01
5.605340e+03 0.000000e+00 1.000000e+00 1.000000e-01
5.605350e+03 0.000000e+00 1.000000e+00 1.000000e-01
5.605360e+03 0.000000e+00 1.000000e+00 1.000000e-01
5.605370e+03 0.000000e+00 1.000000e+00 1.000000e-01
5.605380e+03 0.000000e+00 1.000000e+00 1.000000e-01
5.605390e+03 0.000000e+00 1.000000e+00 1.000000e-01
5.605400e+03 0.000000e+00 1.000000e+00 1.000000e-01
5.605410e+03 0.000000e+00 1.000000e+00 1.000000e-01
5.605420e+03 0.000000e+00 1.000000e+00 1.000000e-01
5.605430e+03 0.000000e+00 1.000000e+00 1.000000e-01
5.605440e+03 0.000000e+00 1.000000e+00 1.000000e-01
5.605450e+03 0.000000e+00 1.000000e+00 1.000000e-01
5.605460e+03 0.000000e+00 1.000000e+00 1.000000e-01
5.605470e+03 0.000000e+00 1.000000e+00 1.000000e-01
5.605480e+03 0.000000e+00 1.000000e+00 1.000000e-01
5.605490e+03 0.000000e+00 1.000000e+00 1.000000e-01
5.605500e+03 0.000000e+00 1.000000e+00 1.000000e-01
5.605510e+03 0.000000e+00 1.000000e+00 1.000000e-01
5.605520e+03 0.000000e+00 1.000000e+00 1.000000e-01
5.605530e+03 0.000000e+00 1.000000e+00 1.000000e-01
5.605540e+03 0.000000e+00 1.000000e+00 1.000000e-01
5.605550e+03 0.000000e+00 1.000000e+00 1.000000e-01
5.605560e+03 0.000000e+00 1.000000e+00 1.000000e-01
5.605570e+03 0.000000e+00 1.000000e+00 1.000000e-01
5.605580e+03 0.000000e+00 1.000000e+00 1.000000e-01
5.605590e+03 0.000000e+00 1.000000e+00 1.000000e-01
5.605600e+03 0.000000e+00 1.000000e+00 1.000000e-01
5.605610e+03 0.000000e+00 1.000000e+00 1.000000e-01
5.605620e+03 0.000000e+00 1.000000e+00 1.000000e-01
5.605630e+03 0.000000e+00 1.000000e+00 1.000000e-01
5.605640e+03 0.000000e+00 1.000000e+00 1.000000e-01
5.605650e+03 0.000000e+00 1.000000e+00 1.000000e-01
5.605660e+03 0.000000e+00 1.000000e+00 1.000000e-01
5.605670e+03 0.000000e+00 1.000000e+00 1.000000e-01
5.605680e+03 0.000000e+00 1.000000e+00 1.000000e-01
5.605690e+03 0.000000e+00 1.000000e+00 1.000000e-01
5.605700e+03 0.000000e+00 1.000000e+00 1.000000e-01
5.605710e+03 0.000000e+00 1.000000e+00 1.000000e-01
5.605720e+03 0.000000e+00 1.000000e+00 1.000000e-01
5.605730e+03 0.000000e+00 1.000000e+00 1.000000e-01
5.605740e+03 0.000000e+00 1.000000e+00 1.000000e-01
5.605750e+03 0.000000e+00 1.000000e+00 1.000000e-01
5.605760e+03 0.000000e+00 1.000000e+00 1.000000e-01
5.605770e+03 0.000000e+00 1.000000e+00 1.000000e-01
5.605780e+03 0.000000e+00 1.000000e+00 1.000000e-01
5.605790e+03 0.000000e+00 1.000000e+00 1.000000e-01
5.605800e+03 0.000000e+00 1.000000e+00 1.000000e-01
5.605810e+03 0.000000e+00 1.000000e+00 1.000000e-01
5.605820e+03 0.000000e+00 1.000000e+00 1.000000e-01
5.605830e+03 0.000000e+00 1.000000e+00 1.000000e-01
5.605840e+03 0.000000e+00 1.000000e+00 1.000000e-01
5.605850e+03 0.000000e+00 1.000000e+00 1.000000e-01
5.605860e+03 0.000000e+00 1.000000e+00 1.000000e-01
5.605870e+03 0.000000e+00 1.000000e+00 1.000000e-01
5.605880e+03 0.000000e+00 1.000000e+00 1.000000e-01
5.605890e+03 0.000000e+00 1.000000e+00 1.000000e-01
5.605900e+03 0.000000e+00 1.000000e+00 1.000000e-01
5.605910e+03 0.000000e+00 1.000000e+00 1.000000e-01
5.605920e+03 0.000000e+00 1.000000e+00 1.000000e-01
5.605930e+03 0.000000e+00 1.000000e+00 1.000000e-01
5.605940e+03 0.000000e+00 1.000000e+00 1.000000e-01
5.605950e+03 0.000000e+00 1.000000e+00 1.000000e-01
5.605960e+03 0.000000e+00 1.000000e+00 1.000000e-01
5.605970e+03 0.000000e+00 1.000000e+00 1.000000e-01
5.605980e+03 0.000000e+00 1.000000e+00 1.000000e-01
5.605990e+03 0.000000e+00 1.000000e+00 1.000000e-01
5.606000e+03 0.000000e+00 1.000000e+00 1.000000e-01
5.606010e+03 0.000000e+00 1.000000e+00 1.000000e-01
5.606020e+03 0.000000e+00 1.000000e+00 1.000000e-01
5.606030e+03 0.000000e+00 1.000000e+00 1.000000e-01
5.606040e+03 0.000000e+00 1.000000e+00 1.000000e-01
5.606050e+03 0.000000e+00 1.000000e+00 1.000000e-01
5.606060e+03 0.000000e+00 1.000000e+00 1.000000e-01
5.606070e+03 0.000000e+00 1.000000e+00 1.000000e-01
5.606080e+03 0.000000e+00 1.000000e+00 1.000000e-01
5.606090e+03 0.000000e+00 1.000000e+00 1.000000e-01
5.606100e+03 0.000000e+00 1.000000e+00 1.000000e-01
5.606110e+03 0.000000e+00 1.000000e+00 1.000000e-01
5.606120e+03 0.000000e+00 1.000000e+00 1.000000e-01
5.606130e+03 0.000000e+00 1.000000e+00 1.000000e-01
5.606140e+03 0.000000e+00 1.000000e+00 1.000000e-01
5.606150e+03 0.000000e+00 1.000000e+00 1.000000e-01
5.606160e+03 0.000000e+00 1.000000e+00 1.000000e-01
5.606170e+03 0.000000e+00 1.000000e+00 1.000000e-01
5.606180e+03 0.000000e+00 1.000000e+00 1.000000e-01
5.606190e+03 0.000000e+00 1.000000e+00 1.000000e-01
5.606200e+03 0.000000e+00 1.000000e+00 1.000000e-01
5.606210e+03 0.000000e+00 1.000000e+00 1.000000e-01
5.606220e+03 0.000000e+00 1.000000e+00 1.000000e-01
5.606230e+03 0.000000e+00 1.000000e+00 1.000000e-01
5.606240e+03 0.000000e+00 1.000000e+00 1.000000e-01
5.606250e+03 0.000000e+00 1.000000e+00 1.000000e-01
5.606260e+03 0.000000e+00 1.000000e+00 1.000000e-01
5.606270e+03 0.000000e+00 1.000000e+00 1.000000e-01
5.606280e+03 0.000000e+00 1.000000e+00 1.000000e-01
5.606290e+03 0.000000e+00 1.000000e+00 1.000000e-01
5.606300e+03 0.000000e+00 1.000000e+00 1.000000e-01
5.606310e+03 0.000000e+00 1.000000e+00 1.000000e-01
5.606320e+03 0.000000e+00 1.000000e+00 1.000000e-01
5.606330e+03 0.000000e+00 1.000000e+00 1.000000e-01
5.606340e+03 0.000000e+00 1.000000e+00 1.000000e-01
5.606350e+03 0.000000e+00 1.000000e+00 1.000000e-01
5.606360e+03 0.000000e+00 1.000000e+00 1.000000e-01
5.606370e+03 0.000000e+00 1.000000e+00 1.000000e-01
5.606380e+03 0.000000e+00 1.000000e+00 1.000000e-01
5.606390e+03 0.000000e+00 1.000000e+00 1.000000e-01
5.606400e+03 0.000000e+00 1.000000e+00 1.000000e-01
5.606410e+03 0.000000e+00 1.000000e+00 1.000000e-01
5.606420e+03 0.000000e+00 1.000000e+00 1.000000e-01
5.606430e+03 0.000000e+00 1.000000e+00 1.000000e-01
5.606440e+03 0.000000e+00 1.000000e+00 1.000000e-01
5.606450e+03 0.000000e+00 1.000000e+00 1.000000e-01
5.606460e+03 0.000000e+00 1.000000e+00 1.000000e-01
5.606470e+03 0.000000e+00 1.000000e+00 1.000000e-01
5.606480e+03 0.000000e+00 1.000000e+00 1.000000e-01
5.606490e+03 0.000000e+00 1.000000e+00 1.000000e-01
5.606500e+03 0.000000e+00 1.000000e+00 1.000000e-01
5.606510e+03 0.000000e+00 1.000000e+00 1.000000e-01
5.606520e+03 0.000000e+00 1.000000e+00 1.000000e-01
5.606530e+03 0.000000e+00 1.000000e+00 1.000000e-01
5.606540e+03 0.000000e+00 1.000000e+00 1.000000e-01
5.606550e+03 0.000000e+00 1.000000e+00 1.000000e-01
5.606560e+03 0.000000e+00 1.000000e+00 1.000000e-01
5.606570e+03 0.000000e+00 1.000000e+00 1.000000e-01
5.606580e+03 0.000000e+00 1.000000e+00 1.000000e-01
5.606590e+03 0.000000e+00 1.000000e+00 1.000000e-01
5.606600e+03 0.000000e+00 1.000000e+00 1.000000e-01
5.606610e+03 0.000000e+00 1.000000e+00 1.000000e-01
5.606620e+03 0.000000e+00 1.000000e+00 1.000000e-01
5.606630e+03 0.000000e+00 1.000000e+00 1.000000e-01
5.606640e+03 0.000000e+00 1.000000e+00 1.000000e-01
5.606650e+03 0.000000e+00 1.000000e+00 1.000000e-01
5.606660e+03 0.000000e+00 1.000000e+00 1.000000e-01
5.606670e+03 0.000000e+00 1.000000e+00 1.000000e-01
5.606680e+03 0.000000e+00 1.000000e+00 1.000000e-01
5.606690e+03 0.000000e+00 1.000000e+00 1.000000e-01
5.606700e+03 0.000000e+00 1.000000e+00 1.000000e-01
5.606710e+03 0.000000e+00 1.000000e+00 1.000000e-01
5.606720e+03 0.000000e+00 1.000000e+00 1.000000e-01
5.606730e+03 0.000000e+00 1.000000e+00 1.000000e-01
5.606740e+03 0.000000e+00 1.000000e+00 1.000000e-01
5.606750e+03 0.000000e+00 1.000000e+00 1.000000e-01
5.606760e+03 0.000000e+00 1.000000e+00 1.000000e-01
5.606770e+03 0.000000e+00 1.000000e+00 1.000000e-01
5.606780e+03 0.000000e+00 1.000000e+00 1.000000e-01
5.606790e+03 0.000000e+00 1.000000e+00 1.000000e-01
5.606800e+03 0.000000e+00 1.000000e+00 1.000000e-01
5.606810e+03 0.000000e+00 1.000000e+00 1.000000e-01
5.606820e+03 0.000000e+00 1.000000e+00 1.000000e-01
5.606830e+03 0.000000e+00 1.000000e+00 1.000000e-01
5.606840e+03 0.000000e+00 1.000000e+00 1.000000e-01
5.606850e+03 0.000000e+00 1.000000e+00 1.000000e-01
5.606860e+03 0.000000e+00 1.000000e+00 1.000000e-01
5.606870e+03 0.000000e+00 1.000000e+00 1.000000e-01
5.606880e+03 0.000000e+00 1.000000e+00 1.000000e-01
5.606890e+03 0.000000e+00 1.000000e+00 1.000000e-01
5.606900e+03 0.000000e+00 1.000000e+00 1.000000e-01
5.606910e+03 0.000000e+00 1.000000e+00 1.000000e-01
5.606920e+03 0.000000e+00 1.000000e+00 1.000000e-01
5.606930e+03 0.000000e+00 1.000000e+00 1.000000e-01
5.606940e+03 0.000000e+00 1.000000e+00 1.000000e-01
5.606950e+03 0.000000e+00 1.000000e+00 1.000000e-01
5.606960e+03 0.000000e+00 1.000000e+00 1.000000e-01
5.606970e+03 0.000000e+00 1.000000e+00 1.000000e-01
5.606980e+03 0.000000e+00 1.000000e+00 1.000000e-01
5.606990e+03 0.000000e+00 1.000000e+00 1.000000e-01
5.607000e+03 0.000000e+00 1.000000e+00 1.000000e-01
5.607010e+03 0.000000e+00 1.000000e+00 1.000000e-01
5.607020e+03 0.000000e+00 1.000000e+00 1.000000e-01
5.607030e+03 0.000000e+00 1.000000e+00 1.000000e-01
5.607040e+03 0.000000e+00 1.000000e+00 1.000000e-01
5.607050e+03 0.000000e+00 1.000000e+00 1.000000e-01
5.607060e+03 0.000000e+00 1.000000e+00 1.000000e-01
5.607070e+03 0.000000e+00 1.000000e+00 1.000000e-01
5.607080e+03 0.000000e+00 1.000000e+00 1.000000e-01
5.607090e+03 0.000000e+00 1.000000e+00 1.000000e-01
5.607100e+03 0.000000e+00 1.000000e+00 1.000000e-01
5.607110e+03 0.000000e+00 1.000000e+00 1.000000e-01
5.607120e+03 0.000000e+00 1.000000e+00 1.000000e-01
5.607130e+03 0.000000e+00 1.000000e+00 1.000000e-01
5.607140e+03 0.000000e+00 1.000000e+00 1.000000e-01
5.607150e+03 0.000000e+00 1.000000e+00 1.000000e-01
5.607160e+03 0.000000e+00 1.000000e+00 1.000000e-01
5.607170e+03 0.000000e+00 1.000000e+00 1.000000e-01
5.607180e+03 0.000000e+00 1.000000e+00 1.000000e-01
5.607190e+03 0.000000e+00 1.000000e+00 1.000000e-01
5.607200e+03 0.000000e+00 1.000000e+00 1.000000e-01
5.607210e+03 0.000000e+00 1.000000e+00 1.000000e-01
5.607220e+03 0.000000e+00 1.000000e+00 1.000000e-01
5.607230e+03 0.000000e+00 1.000000e+00 1.000000e-01
5.607240e+03 0.000000e+00 1.000000e+00 1.000000e-01
5.607250e+03 0.000000e+00 1.000000e+00 1.000000e-01
5.607260e+03 0.000000e+00 1.000000e+00 1.000000e-01
5.607270e+03 0.000000e+00 1.000000e+00 1.000000e-01
5.607280e+03 0.000000e+00 1.000000e+00 1.000000e-01
5.607290e+03 0.000000e+00 1.000000e+00 1.000000e-01
5.607300e+03 0.000000e+00 1.000000e+00 1.000000e-01
5.607310e+03 0.000000e+00 1.000000e+00 1.000000e-01
5.607320e+03 0.000000e+00 1.000000e+00 1.000000e-01
5.607330e+03 0.000000e+00 1.000000e+00 1.000000e-01
5.607340e+03 0.000000e+00 1.000000e+00 1.000000e-01
5.607350e+03 0.000000e+00 1.000000e+00 1.000000e-01
5.607360e+03 0.000000e+00 1.000000e+00 1.000000e-01
5.607370e+03 0.000000e+00 1.000000e+00 1.000000e-01
5.607380e+03 0.000000e+00 1.000000e+00 1.000000e-01
5.607390e+03 0.000000e+00 1.000000e+00 1.000000e-01
5.607400e+03 0.000000e+00 1.000000e+00 1.000000e-01
5.607410e+03 0.000000e+00 1.000000e+00 1.000000e-01
5.607420e+03 0.000000e+00 1.000000e+00 1.000000e-01
5.607430e+03 0.000000e+00 1.000000e+00 1.000000e-01
5.607440e+03 0.000000e+00 1.000000e+00 1.000000e-01
5.607450e+03 0.000000e+00 1.000000e+00 1.000000e-01
5.607460e+03 0.000000e+00 1.000000e+00 1.000000e-01
5.607470e+03 0.000000e+00 1.000000e+00 1.000000e-01
5.607480e+03 0.000000e+00 1.000000e+00 1.000000e-01
5.607490e+03 0.000000e+00 1.000000e+00 1.000000e-01
5.607500e+03 0.000000e+00 1.000000e+00 1.000000e-01
5.607510e+03 0.000000e+00 1.000000e+00 1.000000e-01
5.607520e+03 0.000000e+00 1.000000e+00 1.000000e-01
5.607530e+03 0.000000e+00 1.000000e+00 1.000000e-01
5.607540e+03 0.000000e+00 1.000000e+00 1.000000e-01
5.607550e+03 0.000000e+00 1.000000e+00 1.000000e-01
5.607560e+03 0.000000e+00 1.000000e+00 1.000000e-01
5.607570e+03 0.000000e+00 1.000000e+00 1.000000e-01
5.607580e+03 0.000000e+00 1.000000e+00 1.000000e-01
5.607590e+03 0.000000e+00 1.000000e+00 1.000000e-01
5.607600e+03 0.000000e+00 1.000000e+00 1.000000e-01
5.607610e+03 0.000000e+00 1.000000e+00 1.000000e-01
5.607620e+03 0.000000e+00 1.000000e+00 1.000000e-01
5.607630e+03 0.000000e+00 1.000000e+00 1.000000e-01
5.607640e+03 0.000000e+00 1.000000e+00 1.000000e-01
5.607650e+03 0.000000e+00 1.000000e+00 1.000000e-01
5.607660e+03 0.000000e+00 1.000000e+00 1.000000e-01
5.607670e+03 0.000000e+00 1.000000e+00 1.000000e-01
5.607680e+03 0.000000e+00 1.000000e+00 1.000000e-01
5.607690e+03 0.000000e+00 1.000000e+00 1.000000e-01
5.607700e+03 0.000000e+00 1.000000e+00 1.000000e-01
5.607710e+03 0.000000e+00 1.000000e+00 1.000000e-01
5.607720e+03 0.000000e+00 1.000000e+00 1.000000e-01
5.607730e+03 0.000000e+00 1.000000e+00 1.000000e-01
5.607740e+03 0.000000e+00 1.000000e+00 1.000000e-01
5.607750e+03 0.000000e+00 1.000000e+00 1.000000e-01
5.607760e+03 0.000000e+00 1.000000e+00 1.000000e-01
5.607770e+03 0.000000e+00 1.000000e+00 1.000000e-01
5.607780e+03 0.000000e+00 1.000000e+00 1.000000e-01
5.607790e+03 0.000000e+00 1.000000e+00 1.000000e-01
5.607800e+03 0.000000e+00 1.000000e+00 1.000000e-01
5.607810e+03 0.000000e+00 1.000000e+00 1.000000e-01
5.607820e+03 0.000000e+00 1.000000e+00 1.000000e-01
5.607830e+03 0.000000e+00 1.000000e+00 1.000000e-01
5.607840e+03 0.000000e+00 1.000000e+00 1.000000e-01
5.607850e+03 0.000000e+00 1.000000e+00 1.000000e-01
5.607860e+03 0.000000e+00 1.000000e+00 1.000000e-01
5.607870e+03 0.000000e+00 1.000000e+00 1.000000e-01
5.607880e+03 0.000000e+00 1.000000e+00 1.000000e-01
5.607890e+03 0.000000e+00 1.000000e+00 1.000000e-01
5.607900e+03 0.000000e+00 1.000000e+00 1.000000e-01
5.607910e+03 0.000000e+00 1.000000e+00 1.000000e-01
5.607920e+03 0.000000e+00 1.000000e+00 1.000000e-01
5.607930e+03 0.000000e+00 1.000000e+00 1.000000e-01
5.607940e+03 0.000000e+00 1.000000e+00 1.000000e-01
5.607950e+03 0.000000e+00 1.000000e+00 1.000000e-01
5.607960e+03 0.000000e+00 1.000000e+00 1.000000e-01
5.607970e+03 0.000000e+00 1.000000e+00 1.000000e-01
5.607980e+03 0.000000e+00 1.000000e+00 1.000000e-01
5.607990e+03 0.000000e+00 1.000000e+00 1.000000e-01
5.608000e+03 0.000000e+00 1.000000e+00 1.000000e-01
5.608010e+03 0.000000e+00 1.000000e+00 1.000000e-01
5.608020e+03 0.000000e+00 1.000000e+00 1.000000e-01
5.608030e+03 0.000000e+00 1.000000e+00 1.000000e-01
5.608040e+03 0.000000e+00 1.000000e+00 1.000000e-01
5.608050e+03 0.000000e+00 1.000000e+00 1.000000e-01
5.608060e+03 0.000000e+00 1.000000e+00 1.000000e-01
5.608070e+03 0.000000e+00 1.000000e+00 1.000000e-01
5.608080e+03 0.000000e+00 1.000000e+00 1.000000e-01
5.608090e+03 0.000000e+00 1.000000e+00 1.000000e-01
5.608100e+03 0.000000e+00 1.000000e+00 1.000000e-01
5.608110e+03 0.000000e+00 1.000000e+00 1.000000e-01
5.608120e+03 0.000000e+00 1.000000e+00 1.000000e-01
5.608130e+03 0.000000e+00 1.000000e+00 1.000000e-01
5.608140e+03 0.000000e+00 1.000000e+00 1.000000e-01
5.608150e+03 0.000000e+00 1.000000e+00 1.000000e-01
5.608160e+03 0.000000e+00 1.000000e+00 1.000000e-01
5.608170e+03 0.000000e+00 1.000000e+00 1.000000e-01
5.608180e+03 0.000000e+00 1.000000e+00 1.000000e-01
5.608190e+03 0.000000e+00 1.000000e+00 1.000000e-01
5.608200e+03 0.000000e+00 1.000000e+00 1.000000e-01
5.608210e+03 0.000000e+00 1.000000e+00 1.000000e-01
5.608220e+03 0.000000e+00 1.000000e+00 1.000000e-01
5.608230e+03 0.000000e+00 1.000000e+00 1.000000e-01
5.608240e+03 0.000000e+00 1.000000e+00 1.000000e-01
5.608250e+03 0.000000e+00 1.000000e+00 1.000000e-01
5.608260e+03 0.000000e+00 1.000000e+00 1.000000e-01
5.608270e+03 0.000000e+00 1.000000e+00 1.000000e-01
5.608280e+03 0.000000e+00 1.000000e+00 1.000000e-01
5.608290e+03 0.000000e+00 1.000000e+00 1.000000e-01
5.608300e+03 0.000000e+00 1.000000e+00 1.000000e-01
5.608310e+03 0.000000e+00 1.000000e+00 1.000000e-01
5.608320e+03 0.000000e+00 1.000000e+00 1.000000e-01
5.608330e+03 0.000000e+00 1.000000e+00 1.000000e-01
5.608340e+03 0.000000e+00 1.000000e+00 1.000000e-01
5.608350e+03 0.000000e+00 1.000000e+00 1.000000e-01
5.608360e+03 0.000000e+00 1.000000e+00 1.000000e-01
5.608370e+03 0.000000e+00 1.000000e+00 1.000000e-01
5.608380e+03 0.000000e+00 1.000000e+00 1.000000e-01
5.608390e+03 0.000000e+00 1.000000e+00 1.000000e-01
5.608400e+03 0.000000e+00 1.000000e+00 1.000000e-01
5.608410e+03 0.000000e+00 1.000000e+00 1.000000e-01
5.608420e+03 0.000000e+00 1.000000e+00 1.000000e-01
5.608430e+03 0.000000e+00 1.000000e+00 1.000000e-01
5.608440e+03 0.000000e+00 1.000000e+00 1.000000e-01
5.608450e+03 0.000000e+00 1.000000e+00 1.000000e-01
5.608460e+03 0.000000e+00 1.000000e+00 1.000000e-01
5.608470e+03 0.000000e+00 1.000000e+00 1.000000e-01
5.608480e+03 0.000000e+00 1.000000e+00 1.000000e-01
5.608490e+03 0.000000e+00 1.000000e+00 1.000000e-01
5.608500e+03 0.000000e+00 1.000000e+00 1.000000e-01
5.608510e+03 0.000000e+00 1.000000e+00 1.000000e-01
5.608520e+03 0.000000e+00 1.000000e+00 1.000000e-01
5.608530e+03 0.000000e+00 1.000000e+00 1.000000e-01
5.608540e+03 0.000000e+00 1.000000e+00 1.000000e-01
5.608550e+03 0.000000e+00 1.000000e+00 1.000000e-01
5.608560e+03 0.000000e+00 1.000000e+00 1.000000e-01
5.608570e+03 0.000000e+00 1.000000e+00 1.000000e-01
5.608580e+03 0.000000e+00 1.000000e+00 1.000000e-01
5.608590e+03 0.000000e+00 1.000000e+00 1.000000e-01
5.608600e+03 0.000000e+00 1.000000e+00 1.000000e-01
5.608610e+03 0.000000e+00 1.000000e+00 1.000000e-01
5.608620e+03 0.000000e+00 1.000000e+00 1.000000e-01
5.608630e+03 0.000000e+00 1.000000e+00 1.000000e-01
5.608640e+03 0.000000e+00 1.000000e+00 1.000000e-01
5.608650e+03 0.000000e+00 1.000000e+00 1.000000e-01
5.608660e+03 0.000000e+00 1.000000e+00 1.000000e-01
5.608670e+03 0.000000e+00 1.000000e+00 1.000000e-01
5.608680e+03 0.000000e+00 1.000000e+00 1.000000e-01
5.608690e+03 0.000000e+00 1.000000e+00 1.000000e-01
5.608700e+03 0.000000e+00 1.000000e+00 1.000000e-01
5.608710e+03 0.000000e+00 1.000000e+00 1.000000e-01
5.608720e+03 0.000000e+00 1.000000e+00 1.000000e-01
5.608730e+03 0.000000e+00 1.000000e+00 1.000000e-01
5.608740e+03 0.000000e+00 1.000000e+00 1.000000e-01
5.608750e+03 0.000000e+00 1.000000e+00 1.000000e-01
5.608760e+03 0.000000e+00 1.000000e+00 1.000000e-01
5.608770e+03 0.000000e+00 1.000000e+00 1.000000e-01
5.608780e+03 0.000000e+00 1.000000e+00 1.000000e-01
5.608790e+03 0.000000e+00 1.000000e+00 1.000000e-01
5.608800e+03 0.000000e+00 1.000000e+00 1.000000e-01
5.608810e+03 0.000000e+00 1.000000e+00 1.000000e-01
5.608820e+03 0.000000e+00 1.000000e+00 1.000000e-01
5.608830e+03 0.000000e+00 1.000000e+00 1.000000e-01
5.608840e+03 0.000000e+00 1.000000e+00 1.000000e-01
5.608850e+03 0.000000e+00 1.000000e+00 1.000000e-01
5.608860e+03 0.000000e+00 1.000000e+00 1.000000e-01
5.608870e+03 0.000000e+00 1.000000e+00 1.000000e-01
5.608880e+03 0.000000e+00 1.000000e+00 1.000000e-01
5.608890e+03 0.000000e+00 1.000000e+00 1.000000e-01
5.608900e+03 0.000000e+00 1.000000e+00 1.000000e-01
5.608910e+03 0.000000e+00 1.000000e+00 1.000000e-01
5.608920e+03 0.000000e+00 1.000000e+00 1.000000e-01
5.608930e+03 0.000000e+00 1.000000e+00 1.000000e-01
5.608940e+03 0.000000e+00 1.000000e+00 1.000000e-01
5.608950e+03 0.000000e+00 1.000000e+00 1.000000e-01
5.608960e+03 0.000000e+00 1.000000e+00 1.000000e-01
5.608970e+03 0.000000e+00 1.000000e+00 1.000000e-01
5.608980e+03 0.000000e+00 1.000000e+00 1.000000e-01
5.608990e+03 0.000000e+00 1.000000e+00 1.000000e-01
5.609000e+03 0.000000e+00 1.000000e+00 1.000000e-01
5.609010e+03 0.000000e+00 1.000000e+00 1.000000e-01
5.609020e+03 0.000000e+00 1.000000e+00 1.000000e-01
5.609030e+03 0.000000e+00 1.000000e+00 1.000000e-01
5.609040e+03 0.000000e+00 1.000000e+00 1.000000e-01
5.609050e+03 0.000000e+00 1.000000e+00 1.000000e-01
5.609060e+03 0.000000e+00 1.000000e+00 1.000000e-01
5.609070e+03 0.000000e+00 1.000000e+00 1.000000e-01
5.609080e+03 0.000000e+00 1.000000e+00 1.000000e-01
5.609090e+03 0.000000e+00 1.000000e+00 1.000000e-01
5.609100e+03 0.000000e+00 1.000000e+00 1.000000e-01
5.609110e+03 0.000000e+00 1.000000e+00 1.000000e-01
5.609120e+03 0.000000e+00 1.000000e+00 1.000000e-01
5.609130e+03 0.000000e+00 1.000000e+00 1.000000e-01
5.609140e+03 0.000000e+00 1.000000e+00 1.000000e-01
5.609150e+03 0.000000e+00 1.000000e+00 1.000000e-01
5.609160e+03 0.000000e+00 1.000000e+00 1.000000e-01
5.609170e+03 0.000000e+00 1.000000e+00 1.000000e-01
5.609180e+03 0.000000e+00 1.000000e+00 1.000000e-01
5.609190e+03 0.000000e+00 1.000000e+00 1.000000e-01
5.609200e+03 0.000000e+00 1.000000e+00 1.000000e-01
5.609210e+03 0.000000e+00 1.000000e+00 1.000000e-01
5.609220e+03 0.000000e+00 1.000000e+00 1.000000e-01
5.609230e+03 0.000000e+00 1.000000e+00 1.000000e-01
5.609240e+03 0.000000e+00 1.000000e+00 1.000000e-01
5.609250e+03 0.000000e+00 1.000000e+00 1.000000e-01
5.609260e+03 0.000000e+00 1.000000e+00 1.000000e-01
5.609270e+03 0.000000e+00 1.000000e+00 1.000000e-01
5.609280e+03 0.000000e+00 1.000000e+00 1.000000e-01
5.609290e+03 0.000000e+00 1.000000e+00 1.000000e-01
5.609300e+03 0.000000e+00 1.000000e+00 1.000000e-01
5.609310e+03 0.000000e+00 1.000000e+00 1.000000e-01
5.609320e+03 0.000000e+00 1.000000e+00 1.000000e-01
5.609330e+03 0.000000e+00 1.000000e+00 1.000000e-01
5.609340e+03 0.000000e+00 1.000000e+00 1.000000e-01
5.609350e+03 0.000000e+00 1.000000e+00 1.000000e-01
5.609360e+03 0.000000e+00 1.000000e+00 1.000000e-01
5.609370e+03 0.000000e+00 1.000000e+00 1.000000e-01
5.609380e+03 0.000000e+00 1.000000e+00 1.000000e-01
5.609390e+03 0.000000e+00 1.000000e+00 1.000000e-01
5.609400e+03 0.000000e+00 1.000000e+00 1.000000e-01
5.609410e+03 0.000000e+00 1.000000e+00 1.000000e-01
5.609420e+03 0.000000e+00 1.000000e+00 1.000000e-01
5.609430e+03 0.000000e+00 1.000000e+00 1.000000e-01
5.609440e+03 0.000000e+00 1.000000e+00 1.000000e-01
5.609450e+03 0.000000e+00 1.000000e+00 1.000000e-01
5.609460e+03 0.000000e+00 1.000000e+00 1.000000e-01
5.609470e+03 0.000000e+00 1.000000e+00 1.000000e-01
5.609480e+03 0.000000e+00 1.000000e+00 1.000000e-01
5.609490e+03 0.000000e+00 1.000000e+00 1.000000e-01
5.609500e+03 0.000000e+00 1.000000e+00 1.000000e-01
5.609510e+03 0.000000e+00 1.000000e+00 1.000000e-01
5.609520e+03 0.000000e+00 1.000000e+00 1.000000e-01
5.609530e+03 0.000000e+00 1.000000e+00 1.000000e-01
5.609540e+03 0.000000e+00 1.000000e+00 1.000000e-01
5.609550e+03 0.000000e+00 1.000000e+00 1.000000e-01
5.609560e+03 0.000000e+00 1.000000e+00 1.000000e-01
5.609570e+03 0.000000e+00 1.000000e+00 1.000000e-01
5.609580e+03 0.000000e+00 1.000000e+00 1.000000e-01
5.609590e+03 0.000000e+00 1.000000e+00 1.000000e-01
5.609600e+03 0.000000e+00 1.000000e+00 1.000000e-01
5.609610e+03 0.000000e+00 1.000000e+00 1.000000e-01
5.609620e+03 0.000000e+00 1.000000e+00 1.000000e-01
5.609630e+03 0.000000e+00 1.000000e+00 1.000000e-01
5.609640e+03 0.000000e+00 1.000000e+00 1.000000e-01
5.609650e+03 0.000000e+00 1.000000e+00 1.000000e-01
5.609660e+03 0.000000e+00 1.000000e+00 1.000000e-01
5.609670e+03 0.000000e+00 1.000000e+00 1.000000e-01
5.609680e+03 0.000000e+00 1.000000e+00 1.000000e-01
5.609690e+03 0.000000e+00 1.000000e+00 1.000000e-01
5.609700e+03 0.000000e+00 1.000000e+00 1.000000e-01
5.609710e+03 0.000000e+00 1.000000e+00 1.000000e-01
5.609720e+03 0.000000e+00 1.000000e+00 1.000000e-01
5.609730e+03 0.000000e+00 1.000000e+00 1.000000e-01
5.609740e+03 0.000000e+00 1.000000e+00 1.000000e-01
5.609750e+03 0.000000e+00 1.000000e+00 1.000000e-01
5.609760e+03 0.000000e+00 1.000000e+00 1.000000e-01
5.609770e+03 0.000000e+00 1.000000e+00 1.000000e-01
5.609780e+03 0.000000e+00 1.000000e+00 1.000000e-01
5.609790e+03 0.000000e+00 1.000000e+00 1.000000e-01
5.609800e+03 0.000000e+00 1.000000e+00 1.000000e-01
5.609810e+03 0.000000e+00 1.000000e+00 1.000000e-01
5.609820e+03 0.000000e+00 1.000000e+00 1.000000e-01
5.609830e+03 0.000000e+00 1.000000e+00 1.000000e-01
5.609840e+03 0.000000e+00 1.000000e+00 1.000000e-01
5.609850e+03 0.000000e+00 1.000000e+00 1.000000e-01
5.609860e+03 0.000000e+00 1.000000e+00 1.000000e-01
5.609870e+03 0.000000e+00 1.000000e+00 1.000000e-01
5.609880e+03 0.000000e+00 1.000000e+00 1.000000e-01
5.609890e+03 0.000000e+00 1.000000e+00 1.000000e-01
5.609900e+03 0.000000e+00 1.000000e+00 1.000000e-01
5.609910e+03 0.000000e+00 1.000000e+00 1.000000e-01
5.609920e+03 0.000000e+00 1.000000e+00 1.000000e-01
5.609930e+03 0.000000e+00 1.000000e+00 1.000000e-01
5.609940e+03 0.000000e+00 1.000000e+00 1.000000e-01
5.609950e+03 0.000000e+00 1.000000e+00 1.000000e-01
5.609960e+03 0.000000e+00 1.000000e+00 1.000000e-01
5.609970e+03 0.000000e+00 1.000000e+00 1.000000e-01
5.609980e+03 0.000000e+00 1.000000e+00 1.000000e-01
5.609990e+03 0.000000e+00 1.000000e+00 1.000000e-01
5.610000e+03 0.000000e+00 1.000000e+00 1.000000e-01
5.610010e+03 0.000000e+00 1.000000e+00 1.000000e-01
5.610020e+03 0.000000e+00 1.000000e+00 1.000000e-01
5.610030e+03 0.000000e+00 1.000000e+00 1.000000e-01
5.610040e+03 0.000000e+00 1.000000e+00 1.000000e-01
5.610050e+03 0.000000e+00 1.000000e+00 1.000000e-01
5.610060e+03 0.000000e+00 1.000000e+00 1.000000e-01
5.610070e+03 0.000000e+00 1.000000e+00 1.000000e-01
5.610080e+03 0.000000e+00 1.000000e+00 1.000000e-01
5.610090e+03 0.000000e+00 1.000000e+00 1.000000e-01
5.610100e+03 0.000000e+00 1.000000e+00 1.000000e-01
5.610110e+03 0.000000e+00 1.000000e+00 1.000000e-01
5.610120e+03 0.000000e+00 1.000000e+00 1.000000e-01
5.610130e+03 0.000000e+00 1.000000e+00 1.000000e-01
5.610140e+03 0.000000e+00 1.000000e+00 1.000000e-01
5.610150e+03 0.000000e+00 1.000000e+00 1.000000e-01
5.610160e+03 0.000000e+00 1.000000e+00 1.000000e-01
5.610170e+03 0.000000e+00 1.000000e+00 1.000000e-01
5.610180e+03 0.000000e+00 1.000000e+00 1.000000e-01
5.610190e+03 0.000000e+00 1.000000e+00 1.000000e-01
5.610200e+03 0.000000e+00 1.000000e+00 1.000000e-01
5.610210e+03 0.000000e+00 1.000000e+00 1.000000e-01
5.610220e+03 0.000000e+00 1.000000e+00 1.000000e-01
5.610230e+03 0.000000e+00 1.000000e+00 1.000000e-01
5.610240e+03 0.000000e+00 1.000000e+00 1.000000e-01
5.610250e+03 0.000000e+00 1.000000e+00 1.000000e-01
5.610260e+03 0.000000e+00 1.000000e+00 1.000000e-01
5.610270e+03 0.000000e+00 1.000000e+00 1.000000e-01
5.610280e+03 0.000000e+00 1.000000e+00 1.000000e-01
5.610290e+03 0.000000e+00 1.000000e+00 1.000000e-01
5.610300e+03 0.000000e+00 1.000000e+00 1.000000e-01
5.610310e+03 0.000000e+00 1.000000e+00 1.000000e-01
5.610320e+03 0.000000e+00 1.000000e+00 1.000000e-01
5.610330e+03 0.000000e+00 1.000000e+00 1.000000e-01
5.610340e+03 0.000000e+00 1.000000e+00 1.000000e-01
5.610350e+03 0.000000e+00 1.000000e+00 1.000000e-01
5.610360e+03 0.000000e+00 1.000000e+00 1.000000e-01
5.610370e+03 0.000000e+00 1.000000e+00 1.000000e-01
5.610380e+03 0.000000e+00 1.000000e+00 1.000000e-01
5.610390e+03 0.000000e+00 1.000000e+00 1.000000e-01
5.610400e+03 0.000000e+00 1.000000e+00 1.000000e-01
5.610410e+03 0.000000e+00 1.000000e+00 1.000000e-01
5.610420e+03 0.000000e+00 1.000000e+00 1.000000e-01
5.610430e+03 0.000000e+00 1.000000e+00 1.000000e-01
5.610440e+03 0.000000e+00 1.000000e+00 1.000000e-01
5.610450e+03 0.000000e+00 1.000000e+00 1.000000e-01
5.610460e+03 0.000000e+00 1.000000e+00 1.000000e-01
5.610470e+03 0.000000e+00 1.000000e+00 1.000000e-01
5.610480e+03 0.000000e+00 1.000000e+00 1.000000e-01
5.610490e+03 0.000000e+00 1.000000e+00 1.000000e-01
5.610500e+03 0.000000e+00 1.000000e+00 1.000000e-01
5.610510e+03 0.000000e+00 1.000000e+00 1.000000e-01
5.610520e+03 0.000000e+00 1.000000e+00 1.000000e-01
5.610530e+03 0.000000e+00 1.000000e+00 1.000000e-01
5.610540e+03 0.000000e+00 1.000000e+00 1.000000e-01
5.610550e+03 0.000000e+00 1.000000e+00 1.000000e-01
5.610560e+03 0.000000e+00 1.000000e+00 1.000000e-01
5.610570e+03 0.000000e+00 1.000000e+00 1.000000e-01
5.610580e+03 0.000000e+00 1.000000e+00 1.000000e-01
5.610590e+03 0.000000e+00 1.000000e+00 1.000000e-01
5.610600e+03 0.000000e+00 1.000000e+00 1.000000e-01
5.610610e+03 0.000000e+00 1.000000e+00 1.000000e-01
5.610620e+03 0.000000e+00 1.000000e+00 1.000000e-01
5.610630e+03 0.000000e+00 1.000000e+00 1.000000e-01
5.610640e+03 0.000000e+00 1.000000e+00 1.000000e-01
5.610650e+03 0.000000e+00 1.000000e+00 1.000000e-01
5.610660e+03 0.000000e+00 1.000000e+00 1.000000e-01
5.610670e+03 0.000000e+00 1.000000e+00 1.000000e-01
5.610680e+03 0.000000e+00 1.000000e+00 1.000000e-01
5.610690e+03 0.000000e+00 1.000000e+00 1.000000e-01
5.610700e+03 0.000000e+00 1.000000e+00 1.000000e-01
5.610710e+03 0.000000e+00 1.000000e+00 1.000000e-01
5.610720e+03 0.000000e+00 1.000000e+00 1.000000e-01
5.610730e+03 0.000000e+00 1.000000e+00 1.000000e-01
5.610740e+03 0.000000e+00 1.000000e+00 1.000000e-01
5.610750e+03 0.000000e+00 1.000000e+00 1.000000e-01
5.610760e+03 0.000000e+00 1.000000e+00 1.000000e-01
5.610770e+03 0.000000e+00 1.000000e+00 1.000000e-01
5.610780e+03 0.000000e+00 1.000000e+00 1.000000e-01
5.610790e+03 0.000000e+00 1.000000e+00 1.000000e-01
5.610800e+03 0.000000e+00 1.000000e+00 1.000000e-01
5.610810e+03 0.000000e+00 1.000000e+00 1.000000e-01
5.610820e+03 0.000000e+00 1.000000e+00 1.000000e-01
5.610830e+03 0.000000e+00 1.000000e+00 1.000000e-01
5.610840e+03 0.000000e+00 1.000000e+00 1.000000e-01
5.610850e+03 0.000000e+00 1.000000e+00 1.000000e-01
5.610860e+03 0.000000e+00 1.000000e+00 1.000000e-01
5.610870e+03 0.000000e+00 1.000000e+00 1.000000e-01
5.610880e+03 0.000000e+00 1.000000e+00 1.000000e-01
5.610890e+03 0.000000e+00 1.000000e+00 1.000000e-01
5.610900e+03 0.000000e+00 1.000000e+00 1.000000e-01
5.610910e+03 0.000000e+00 1.000000e+00 1.000000e-01
5.610920e+03 0.000000e+00 1.000000e+00 1.000000e-01
5.610930e+03 0.000000e+00 1.000000e+00 1.000000e-01
5.610940e+03 0.000000e+00 1.000000e+00 1.000000e-01
5.610950e+03 0.000000e+00 1.000000e+00 1.000000e-01
5.610960e+03 0.000000e+00 1.000000e+00 1.000000e-01
5.610970e+03 0.000000e+00 1.000000e+00 1.000000e-01
5.610980e+03 0.000000e+00 1.000000e+00 1.000000e-01
5.610990e+03 0.000000e+00 1.000000e+00 1.000000e-01
5.611000e+03 0.000000e+00 1.000000e+00 1.000000e-01
5.611010e+03 0.000000e+00 1.000000e+00 1.000000e-01
5.611020e+03 0.000000e+00 1.000000e+00 1.000000e-01
5.611030e+03 0.000000e+00 1.000000e+00 1.000000e-01
5.611040e+03 0.000000e+00 1.000000e+00 1.000000e-01
5.611050e+03 0.000000e+00 1.000000e+00 1.000000e-01
5.611060e+03 0.000000e+00 1.000000e+00 1.000000e-01
5.611070e+03 0.000000e+00 1.000000e+00 1.000000e-01
5.611080e+03 0.000000e+00 1.000000e+00 1.000000e-01
5.611090e+03 0.000000e+00 1.000000e+00 1.000000e-01
5.611100e+03 0.000000e+00 1.000000e+00 1.000000e-01
5.611110e+03 0.000000e+00 1.000000e+00 1.000000e-01
5.611120e+03 0.000000e+00 1.000000e+00 1.000000e-01
5.611130e+03 0.000000e+00 1.000000e+00 1.000000e-01
5.611140e+03 0.000000e+00 1.000000e+00 1.000000e-01
5.611150e+03 0.000000e+00 1.000000e+00 1.000000e-01
5.611160e+03 0.000000e+00 1.000000e+00 1.000000e-01
5.611170e+03 0.000000e+00 1.000000e+00 1.000000e-01
5.611180e+03 0.000000e+00 1.000000e+00 1.000000e-01
5.611190e+03 0.000000e+00 1.000000e+00 1.000000e-01
5.611200e+03 0.000000e+00 1.000000e+00 1.000000e-01
5.611210e+03 0.000000e+00 1.000000e+00 1.000000e-01
5.611220e+03 0.000000e+00 1.000000e+00 1.000000e-01
5.611230e+03 0.000000e+00 1.000000e+00 1.000000e-01
5.611240e+03 0.000000e+00 1.000000e+00 1.000000e-01
5.611250e+03 0.000000e+00 1.000000e+00 1.000000e-01
5.611260e+03 0.000000e+00 1.000000e+00 1.000000e-01
5.611270e+03 0.000000e+00 1.000000e+00 1.000000e-01
5.611280e+03 0.000000e+00 1.000000e+00 1.000000e-01
5.611290e+03 0.000000e+00 1.000000e+00 1.000000e-01
5.611300e+03 0.000000e+00 1.000000e+00 1.000000e-01
5.611310e+03 0.000000e+00 1.000000e+00 1.000000e-01
5.611320e+03 0.000000e+00 1.000000e+00 1.000000e-01
5.611330e+03 0.000000e+00 1.000000e+00 1.000000e-01
5.611340e+03 0.000000e+00 1.000000e+00 1.000000e-01
5.611350e+03 0.000000e+00 1.000000e+00 1.000000e-01
5.611360e+03 0.000000e+00 1.000000e+00 1.000000e-01
5.611370e+03 0.000000e+00 1.000000e+00 1.000000e-01
5.611380e+03 0.000000e+00 1.000000e+00 1.000000e-01
5.611390e+03 0.000000e+00 1.000000e+00 1.000000e-01
5.611400e+03 0.000000e+00 1.000000e+00 1.000000e-01
5.611410e+03 0.000000e+00 1.000000e+00 1.000000e-01
5.611420e+03 0.000000e+00 1.000000e+00 1.000000e-01
5.611430e+03 0.000000e+00 1.000000e+00 1.000000e-01
5.611440e+03 0.000000e+00 1.000000e+00 1.000000e-01
5.611450e+03 0.000000e+00 1.000000e+00 1.000000e-01
5.611460e+03 0.000000e+00 1.000000e+00 1.000000e-01
5.611470e+03 0.000000e+00 1.000000e+00 1.000000e-01
5.611480e+03 0.000000e+00 1.000000e+00 1.000000e-01
5.611490e+03 0.000000e+00 1.000000e+00 1.000000e-01
5.611500e+03 0.000000e+00 1.000000e+00 1.000000e-01
5.611510e+03 0.000000e+00 1.000000e+00 1.000000e-01
5.611520e+03 0.000000e+00 1.000000e+00 1.000000e-01
5.611530e+03 0.000000e+00 1.000000e+00 1.000000e-01
5.611540e+03 0.000000e+00 1.000000e+00 1.000000e-01
5.611550e+03 0.000000e+00 1.000000e+00 1.000000e-01
5.611560e+03 0.000000e+00 1.000000e+00 1.000000e-01
5.611570e+03 0.000000e+00 1.000000e+00 1.000000e-01
5.611580e+03 0.000000e+00 1.000000e+00 1.000000e-01
5.611590e+03 0.000000e+00 1.000000e+00 1.000000e-01
5.611600e+03 0.000000e+00 1.000000e+00 1.000000e-01
5.611610e+03 0.000000e+00 1.000000e+00 1.000000e-01
5.611620e+03 0.000000e+00 1.000000e+00 1.000000e-01
5.611630e+03 0.000000e+00 1.000000e+00 1.000000e-01
5.611640e+03 0.000000e+00 1.000000e+00 1.000000e-01
5.611650e+03 0.000000e+00 1.000000e+00 1.000000e-01
5.611660e+03 0.000000e+00 1.000000e+00 1.000000e-01
5.611670e+03 0.000000e+00 1.000000e+00 1.000000e-01
5.611680e+03 0.000000e+00 1.000000e+00 1.000000e-01
5.611690e+03 0.000000e+00 1.000000e+00 1.000000e-01
5.611700e+03 0.000000e+00 1.000000e+00 1.000000e-01
5.611710e+03 0.000000e+00 1.000000e+00 1.000000e-01
5.611720e+03 0.000000e+00 1.000000e+00 1.000000e-01
5.611730e+03 0.000000e+00 1.000000e+00 1.000000e-01
5.611740e+03 0.000000e+00 1.000000e+00 1.000000e-01
5.611750e+03 0.000000e+00 1.000000e+00 1.000000e-01
5.611760e+03 0.000000e+00 1.000000e+00 1.000000e-01
5.611770e+03 0.000000e+00 1.000000e+00 1.000000e-01
5.611780e+03 0.000000e+00 1.000000e+00 1.000000e-01
5.611790e+03 0.000000e+00 1.000000e+00 1.000000e-01
5.611800e+03 0.000000e+00 1.000000e+00 1.000000e-01
5.611810e+03 0.000000e+00 1.000000e+00 1.000000e-01
5.611820e+03 0.000000e+00 1.000000e+00 1.000000e-01
5.611830e+03 0.000000e+00 1.000000e+00 1.000000e-01
5.611840e+03 0.000000e+00 1.000000e+00 1.000000e-01
5.611850e+03 0.000000e+00 1.000000e+00 1.000000e-01
5.611860e+03 0.000000e+00 1.000000e+00 1.000000e-01
5.611870e+03 0.000000e+00 1.000000e+00 1.000000e-01
5.611880e+03 0.000000e+00 1.000000e+00 1.000000e-01
5.611890e+03 0.000000e+00 1.000000e+00 1.000000e-01
5.611900e+03 0.000000e+00 1.000000e+00 1.000000e-01
5.611910e+03 0.000000e+00 1.000000e+00 1.000000e-01
5.611920e+03 0.000000e+00 1.000000e+00 1.000000e-01
5.611930e+03 0.000000e+00 1.000000e+00 1.000000e-01
5.611940e+03 0.000000e+00 1.000000e+00 1.000000e-01
5.611950e+03 0.000000e+00 1.000000e+00 1.000000e-01
5.611960e+03 0.000000e+00 1.000000e+00 1.000000e-01
5.611970e+03 0.000000e+00 1.000000e+00 1.000000e-01
5.611980e+03 0.000000e+00 1.000000e+00 1.000000e-01
5.611990e+03 0.000000e+00 1.000000e+00 1.000000e-01
5.612000e+03 0.000000e+00 1.000000e+00 1.000000e-01
5.612010e+03 0.000000e+00 1.000000e+00 1.000000e-01
5.612020e+03 0.000000e+00 1.000000e+00 1.000000e-01
5.612030e+03 0.000000e+00 1.000000e+00 1.000000e-01
5.612040e+03 0.000000e+00 1.000000e+00 1.000000e-01
5.612050e+03 0.000000e+00 1.000000e+00 1.000000e-01
5.612060e+03 0.000000e+00 1.000000e+00 1.000000e-01
5.612070e+03 0.000000e+00 1.000000e+00 1.000000e-01
5.612080e+03 0.000000e+00 1.000000e+00 1.000000e-01
5.612090e+03 0.000000e+00 1.000000e+00 1.000000e-01
5.612100e+03 0.000000e+00 1.000000e+00 1.000000e-01
5.612110e+03 0.000000e+00 1.000000e+00 1.000000e-01
5.612120e+03 0.000000e+00 1.000000e+00 1.000000e-01
5.612130e+03 0.000000e+00 1.000000e+00 1.000000e-01
5.612140e+03 0.000000e+00 1.000000e+00 1.000000e-01
5.612150e+03 0.000000e+00 1.000000e+00 1.000000e-01
5.612160e+03 0.000000e+00 1.000000e+00 1.000000e-01
5.612170e+03 0.000000e+00 1.000000e+00 1.000000e-01
5.612180e+03 0.000000e+00 1.000000e+00 1.000000e-01
5.612190e+03 0.000000e+00 1.000000e+00 1.000000e-01
5.612200e+03 0.000000e+00 1.000000e+00 1.000000e-01
5.612210e+03 0.000000e+00 1.000000e+00 1.000000e-01
5.612220e+03 0.000000e+00 1.000000e+00 1.000000e-01
5.612230e+03 0.000000e+00 1.000000e+00 1.000000e-01
5.612240e+03 0.000000e+00 1.000000e+00 1.000000e-01
5.612250e+03 0.000000e+00 1.000000e+00 1.000000e-01
5.612260e+03 0.000000e+00 1.000000e+00 1.000000e-01
5.612270e+03 0.000000e+00 1.000000e+00 1.000000e-01
5.612280e+03 0.000000e+00 1.000000e+00 1.000000e-01
5.612290e+03 0.000000e+00 1.000000e+00 1.000000e-01
5.612300e+03 0.000000e+00 1.000000e+00 1.000000e-01
5.612310e+03 0.000000e+00 1.000000e+00 1.000000e-01
5.612320e+03 0.000000e+00 1.000000e+00 1.000000e-01
5.612330e+03 0.000000e+00 1.000000e+00 1.000000e-01
5.612340e+03 0.000000e+00 1.000000e+00 1.000000e-01
5.612350e+03 0.000000e+00 1.000000e+00 1.000000e-01
5.612360e+03 0.000000e+00 1.000000e+00 1.000000e-01
5.612370e+03 0.000000e+00 1.000000e+00 1.000000e-01
5.612380e+03 0.000000e+00 1.000000e+00 1.000000e-01
5.612390e+03 0.000000e+00 1.000000e+00 1.000000e-01
5.612400e+03 0.000000e+00 1.000000e+00 1.000000e-01
5.612410e+03 0.000000e+00 1.000000e+00 1.000000e-01
5.612420e+03 0.000000e+00 1.000000e+00 1.000000e-01
5.612430e+03 0.000000e+00 1.000000e+00 1.000000e-01
5.612440e+03 0.000000e+00 1.000000e+00 1.000000e-01
5.612450e+03 0.000000e+00 1.000000e+00 1.000000e-01
5.612460e+03 0.000000e+00 1.000000e+00 1.000000e-01
5.612470e+03 0.000000e+00 1.000000e+00 1.000000e-01
5.612480e+03 0.000000e+00 1.000000e+00 1.000000e-01
5.612490e+03 0.000000e+00 1.000000e+00 1.000000e-01
5.612500e+03 0.000000e+00 1.000000e+00 1.000000e-01
5.612510e+03 0.000000e+00 1.000000e+00 1.000000e-01
5.612520e+03 0.000000e+00 1.000000e+00 1.000000e-01
5.612530e+03 0.000000e+00 1.000000e+00 1.000000e-01
5.612540e+03 0.000000e+00 1.000000e+00 1.000000e-01
5.612550e+03 0.000000e+00 1.000000e+00 1.000000e-01
5.612560e+03 0.000000e+00 1.000000e+00 1.000000e-01
5.612570e+03 0.000000e+00 1.000000e+00 1.000000e-01
5.612580e+03 0.000000e+00 1.000000e+00 1.000000e-01
5.612590e+03 0.000000e+00 1.000000e+00 1.000000e-01
5.612600e+03 0.000000e+00 1.000000e+00 1.000000e-01
5.612610e+03 0.000000e+00 1.000000e+00 1.000000e-01
5.612620e+03 0.000000e+00 1.000000e+00 1.000000e-01
5.612630e+03 0.000000e+00 1.000000e+00 1.000000e-01
5.612640e+03 0.000000e+00 1.000000e+00 1.000000e-01
5.612650e+03 0.000000e+00 1.000000e+00 1.000000e-01
5.612660e+03 0.000000e+00 1.000000e+00 1.000000e-01
5.612670e+03 0.000000e+00 1.000000e+00 1.000000e-01
5.612680e+03 0.000000e+00 1.000000e+00 1.000000e-01
5.612690e+03 0.000000e+00 1.000000e+00 1.000000e-01
5.612700e+03 0.000000e+00 1.000000e+00 1.000000e-01
5.612710e+03 0.000000e+00 1.000000e+00 1.000000e-01
5.612720e+03 0.000000e+00 1.000000e+00 1.000000e-01
5.612730e+03 0.000000e+00 1.000000e+00 1.000000e-01
5.612740e+03 0.000000e+00 1.000000e+00 1.000000e-01
5.612750e+03 0.000000e+00 1.000000e+00 1.000000e-01
5.612760e+03 0.000000e+00 1.000000e+00 1.000000e-01
5.612770e+03 0.000000e+00 1.000000e+00 1.000000e-01
5.612780e+03 0.000000e+00 1.000000e+00 1.000000e-01
5.612790e+03 0.000000e+00 1.000000e+00 1.000000e-01
5.612800e+03 0.000000e+00 1.000000e+00 1.000000e-01
5.612810e+03 0.000000e+00 1.000000e+00 1.000000e-01
5.612820e+03 0.000000e+00 1.000000e+00 1.000000e-01
5.612830e+03 0.000000e+00 1.000000e+00 1.000000e-01
5.612840e+03 0.000000e+00 1.000000e+00 1.000000e-01
5.612850e+03 0.000000e+00 1.000000e+00 1.000000e-01
5.612860e+03 0.000000e+00 1.000000e+00 1.000000e-01
5.612870e+03 0.000000e+00 1.000000e+00 1.000000e-01
5.612880e+03 0.000000e+00 1.000000e+00 1.000000e-01
5.612890e+03 0.000000e+00 1.000000e+00 1.000000e-01
5.612900e+03 0.000000e+00 1.000000e+00 1.000000e-01
5.612910e+03 0.000000e+00 1.000000e+00 1.000000e-01
5.612920e+03 0.000000e+00 1.000000e+00 1.000000e-01
5.612930e+03 0.000000e+00 1.000000e+00 1.000000e-01
5.612940e+03 0.000000e+00 1.000000e+00 1.000000e-01
5.612950e+03 0.000000e+00 1.000000e+00 1.000000e-01
5.612960e+03 0.000000e+00 1.000000e+00 1.000000e-01
5.612970e+03 0.000000e+00 1.000000e+00 1.000000e-01
5.612980e+03 0.000000e+00 1.000000e+00 1.000000e-01
5.612990e+03 0.000000e+00 1.000000e+00 1.000000e-01
5.613000e+03 0.000000e+00 1.000000e+00 1.000000e-01
5.613010e+03 0.000000e+00 1.000000e+00 1.000000e-01
5.613020e+03 0.000000e+00 1.000000e+00 1.000000e-01
5.613030e+03 0.000000e+00 1.000000e+00 1.000000e-01
5.613040e+03 0.000000e+00 1.000000e+00 1.000000e-01
5.613050e+03 0.000000e+00 1.000000e+00 1.000000e-01
5.613060e+03 0.000000e+00 1.000000e+00 1.000000e-01
5.613070e+03 0.000000e+00 1.000000e+00 1.000000e-01
5.613080e+03 0.000000e+00 1.000000e+00 1.000000e-01
5.613090e+03 0.000000e+00 1.000000e+00 1.000000e-01
5.613100e+03 0.000000e+00 1.000000e+00 1.000000e-01
5.613110e+03 0.000000e+00 1.000000e+00 1.000000e-01
5.613120e+03 0.000000e+00 1.000000e+00 1.000000e-01
5.613130e+03 0.000000e+00 1.000000e+00 1.000000e-01
5.613140e+03 0.000000e+00 1.000000e+00 1.000000e-01
5.613150e+03 0.000000e+00 1.000000e+00 1.000000e-01
5.613160e+03 0.000000e+00 1.000000e+00 1.000000e-01
5.613170e+03 0.000000e+00 1.000000e+00 1.000000e-01
5.613180e+03 0.000000e+00 1.000000e+00 1.000000e-01
5.613190e+03 0.000000e+00 1.000000e+00 1.000000e-01
5.613200e+03 0.000000e+00 1.000000e+00 1.000000e-01
5.613210e+03 0.000000e+00 1.000000e+00 1.000000e-01
5.613220e+03 0.000000e+00 1.000000e+00 1.000000e-01
5.613230e+03 0.000000e+00 1.000000e+00 1.000000e-01
5.613240e+03 0.000000e+00 1.000000e+00 1.000000e-01
5.613250e+03 0.000000e+00 1.000000e+00 1.000000e-01
5.613260e+03 0.000000e+00 1.000000e+00 1.000000e-01
5.613270e+03 0.000000e+00 1.000000e+00 1.000000e-01
5.613280e+03 0.000000e+00 1.000000e+00 1.000000e-01
5.613290e+03 0.000000e+00 1.000000e+00 1.000000e-01
5.613300e+03 0.000000e+00 1.000000e+00 1.000000e-01
5.613310e+03 0.000000e+00 1.000000e+00 1.000000e-01
5.613320e+03 0.000000e+00 1.000000e+00 1.000000e-01
5.613330e+03 0.000000e+00 1.000000e+00 1.000000e-01
5.613340e+03 0.000000e+00 1.000000e+00 1.000000e-01
5.613350e+03 0.000000e+00 1.000000e+00 1.000000e-01
5.613360e+03 0.000000e+00 1.000000e+00 1.000000e-01
5.613370e+03 0.000000e+00 1.000000e+00 1.000000e-01
5.613380e+03 0.000000e+00 1.000000e+00 1.000000e-01
5.613390e+03 0.000000e+00 1.000000e+00 1.000000e-01
5.613400e+03 0.000000e+00 1.000000e+00 1.000000e-01
5.613410e+03 0.000000e+00 1.000000e+00 1.000000e-01
5.613420e+03 0.000000e+00 1.000000e+00 1.000000e-01
5.613430e+03 0.000000e+00 1.000000e+00 1.000000e-01
5.613440e+03 0.000000e+00 1.000000e+00 1.000000e-01
5.613450e+03 0.000000e+00 1.000000e+00 1.000000e-01
5.613460e+03 0.000000e+00 1.000000e+00 1.000000e-01
5.613470e+03 0.000000e+00 1.000000e+00 1.000000e-01
5.613480e+03 0.000000e+00 1.000000e+00 1.000000e-01
5.613490e+03 0.000000e+00 1.000000e+00 1.000000e-01
5.613500e+03 0.000000e+00 1.000000e+00 1.000000e-01
5.613510e+03 0.000000e+00 1.000000e+00 1.000000e-01
5.613520e+03 0.000000e+00 1.000000e+00 1.000000e-01
5.613530e+03 0.000000e+00 1.000000e+00 1.000000e-01
5.613540e+03 0.000000e+00 1.000000e+00 1.000000e-01
5.613550e+03 0.000000e+00 1.000000e+00 1.000000e-01
5.613560e+03 0.000000e+00 1.000000e+00 1.000000e-01
5.613570e+03 0.000000e+00 1.000000e+00 1.000000e-01
5.613580e+03 0.000000e+00 1.000000e+00 1.000000e-01
5.613590e+03 0.000000e+00 1.000000e+00 1.000000e-01
5.613600e+03 0.000000e+00 1.000000e+00 1.000000e-01
5.613610e+03 0.000000e+00 1.000000e+00 1.000000e-01
5.613620e+03 0.000000e+00 1.000000e+00 1.000000e-01
5.613630e+03 0.000000e+00 1.000000e+00 1.000000e-01
5.613640e+03 0.000000e+00 1.000000e+00 1.000000e-01
5.613650e+03 0.000000e+00 1.000000e+00 1.000000e-01
5.613660e+03 0.000000e+00 1.000000e+00 1.000000e-01
5.613670e+03 0.000000e+00 1.000000e+00 1.000000e-01
5.613680e+03 0.000000e+00 1.000000e+00 1.000000e-01
5.613690e+03 0.000000e+00 1.000000e+00 1.000000e-01
5.613700e+03 0.000000e+00 1.000000e+00 1.000000e-01
5.613710e+03 0.000000e+00 1.000000e+00 1.000000e-01
5.613720e+03 0.000000e+00 1.000000e+00 1.000000e-01
5.613730e+03 0.000000e+00 1.000000e+00 1.000000e-01
5.613740e+03 0.000000e+00 1.000000e+00 1.000000e-01
5.613750e+03 0.000000e+00 1.000000e+00 1.000000e-01
5.613760e+03 0.000000e+00 1.000000e+00 1.000000e-01
5.613770e+03 0.000000e+00 1.000000e+00 1.000000e-01
5.613780e+03 0.000000e+00 1.000000e+00 1.000000e-01
5.613790e+03 0.000000e+00 1.000000e+00 1.000000e-01
5.613800e+03 0.000000e+00 1.000000e+00 1.000000e-01
5.613810e+03 0.000000e+00 1.000000e+00 1.000000e-01
5.613820e+03 0.000000e+00 1.000000e+00 1.000000e-01
5.613830e+03 0.000000e+00 1.000000e+00 1.000000e-01
5.613840e+03 0.000000e+00 1.000000e+00 1.000000e-01
5.613850e+03 0.000000e+00 1.000000e+00 1.000000e-01
5.613860e+03 0.000000e+00 1.000000e+00 1.000000e-01
5.613870e+03 0.000000e+00 1.000000e+00 1.000000e-01
5.613880e+03 0.000000e+00 1.000000e+00 1.000000e-01
5.613890e+03 0.000000e+00 1.000000e+00 1.000000e-01
5.613900e+03 0.000000e+00 1.000000e+00 1.000000e-01
5.613910e+03 0.000000e+00 1.000000e+00 1.000000e-01
5.613920e+03 0.000000e+00 1.000000e+00 1.000000e-01
5.613930e+03 0.000000e+00 1.000000e+00 1.000000e-01
5.613940e+03 0.000000e+00 1.000000e+00 1.000000e-01
5.613950e+03 0.000000e+00 1.000000e+00 1.000000e-01
5.613960e+03 0.000000e+00 1.000000e+00 1.000000e-01
5.613970e+03 0.000000e+00 1.000000e+00 1.000000e-01
5.613980e+03 0.000000e+00 1.000000e+00 1.000000e-01
5.613990e+03 0.000000e+00 1.000000e+00 1.000000e-01
5.614000e+03 0.000000e+00 1.000000e+00 1.000000e-01
5.614010e+03 0.000000e+00 1.000000e+00 1.000000e-01
5.614020e+03 0.000000e+00 1.000000e+00 1.000000e-01
5.614030e+03 0.000000e+00 1.000000e+00 1.000000e-01
5.614040e+03 0.000000e+00 1.000000e+00 1.000000e-01
5.614050e+03 0.000000e+00 1.000000e+00 1.000000e-01
5.614060e+03 0.000000e+00 1.000000e+00 1.000000e-01
5.614070e+03 0.000000e+00 1.000000e+00 1.000000e-01
5.614080e+03 0.000000e+00 1.000000e+00 1.000000e-01
5.614090e+03 0.000000e+00 1.000000e+00 1.000000e-01
5.614100e+03 0.000000e+00 1.000000e+00 1.000000e-01
5.614110e+03 0.000000e+00 1.000000e+00 1.000000e-01
5.614120e+03 0.000000e+00 1.000000e+00 1.000000e-01
5.614130e+03 0.000000e+00 1.000000e+00 1.000000e-01
5.614140e+03 0.000000e+00 1.000000e+00 1.000000e-01
5.614150e+03 0.000000e+00 1.000000e+00 1.000000e-01
5.614160e+03 0.000000e+00 1.000000e+00 1.000000e-01
5.614170e+03 0.000000e+00 1.000000e+00 1.000000e-01
5.614180e+03 0.000000e+00 1.000000e+00 1.000000e-01
5.614190e+03 0.000000e+00 1.000000e+00 1.000000e-01
5.614200e+03 0.000000e+00 1.000000e+00 1.000000e-01
5.614210e+03 0.000000e+00 1.000000e+00 1.000000e-01
5.614220e+03 0.000000e+00 1.000000e+00 1.000000e-01
5.614230e+03 0.000000e+00 1.000000e+00 1.000000e-01
5.614240e+03 0.000000e+00 1.000000e+00 1.000000e-01
5.614250e+03 0.000000e+00 1.000000e+00 1.000000e-01
5.614260e+03 0.000000e+00 1.000000e+00 1.000000e-01
5.614270e+03 0.000000e+00 1.000000e+00 1.000000e-01
5.614280e+03 0.000000e+00 1.000000e+00 1.000000e-01
5.614290e+03 0.000000e+00 1.000000e+00 1.000000e-01
5.614300e+03 0.000000e+00 1.000000e+00 1.000000e-01
5.614310e+03 0.000000e+00 1.000000e+00 1.000000e-01
5.614320e+03 0.000000e+00 1.000000e+00 1.000000e-01
5.614330e+03 0.000000e+00 1.000000e+00 1.000000e-01
5.614340e+03 0.000000e+00 1.000000e+00 1.000000e-01
5.614350e+03 0.000000e+00 1.000000e+00 1.000000e-01
5.614360e+03 0.000000e+00 1.000000e+00 1.000000e-01
5.614370e+03 0.000000e+00 1.000000e+00 1.000000e-01
5.614380e+03 0.000000e+00 1.000000e+00 1.000000e-01
5.614390e+03 0.000000e+00 1.000000e+00 1.000000e-01
5.614400e+03 0.000000e+00 1.000000e+00 1.000000e-01
5.614410e+03 0.000000e+00 1.000000e+00 1.000000e-01
5.614420e+03 0.000000e+00 1.000000e+00 1.000000e-01
5.614430e+03 0.000000e+00 1.000000e+00 1.000000e-01
5.614440e+03 0.000000e+00 1.000000e+00 1.000000e-01
5.614450e+03 0.000000e+00 1.000000e+00 1.000000e-01
5.614460e+03 0.000000e+00 1.000000e+00 1.000000e-01
5.614470e+03 0.000000e+00 1.000000e+00 1.000000e-01
5.614480e+03 0.000000e+00 1.000000e+00 1.000000e-01
5.614490e+03 0.000000e+00 1.000000e+00 1.000000e-01
5.614500e+03 0.000000e+00 1.000000e+00 1.000000e-01
5.614510e+03 0.000000e+00 1.000000e+00 1.000000e-01
5.614520e+03 0.000000e+00 1.000000e+00 1.000000e-01
5.614530e+03 0.000000e+00 1.000000e+00 1.000000e-01
5.614540e+03 0.000000e+00 1.000000e+00 1.000000e-01
5.614550e+03 0.000000e+00 1.000000e+00 1.000000e-01
5.614560e+03 0.000000e+00 1.000000e+00 1.000000e-01
5.614570e+03 0.000000e+00 1.000000e+00 1.000000e-01
5.614580e+03 0.000000e+00 1.000000e+00 1.000000e-01
5.614590e+03 0.000000e+00 1.000000e+00 1.000000e-01
5.614600e+03 0.000000e+00 1.000000e+00 1.000000e-01
5.614610e+03 0.000000e+00 1.000000e+00 1.000000e-01
5.614620e+03 0.000000e+00 1.000000e+00 1.000000e-01
5.614630e+03 0.000000e+00 1.000000e+00 1.000000e-01
5.614640e+03 0.000000e+00 1.000000e+00 1.000000e-01
5.614650e+03 0.000000e+00 1.000000e+00 1.000000e-01
5.614660e+03 0.000000e+00 1.000000e+00 1.000000e-01
5.614670e+03 0.000000e+00 1.000000e+00 1.000000e-01
5.614680e+03 0.000000e+00 1.000000e+00 1.000000e-01
5.614690e+03 0.000000e+00 1.000000e+00 1.000000e-01
5.614700e+03 0.000000e+00 1.000000e+00 1.000000e-01
5.614710e+03 0.000000e+00 1.000000e+00 1.000000e-01
5.614720e+03 0.000000e+00 1.000000e+00 1.000000e-01
5.614730e+03 0.000000e+00 1.000000e+00 1.000000e-01
5.614740e+03 0.000000e+00 1.000000e+00 1.000000e-01
5.614750e+03 0.000000e+00 1.000000e+00 1.000000e-01
5.614760e+03 0.000000e+00 1.000000e+00 1.000000e-01
5.614770e+03 0.000000e+00 1.000000e+00 1.000000e-01
5.614780e+03 0.000000e+00 1.000000e+00 1.000000e-01
5.614790e+03 0.000000e+00 1.000000e+00 1.000000e-01
5.614800e+03 0.000000e+00 1.000000e+00 1.000000e-01
5.614810e+03 0.000000e+00 1.000000e+00 1.000000e-01
5.614820e+03 0.000000e+00 1.000000e+00 1.000000e-01
5.614830e+03 0.000000e+00 1.000000e+00 1.000000e-01
5.614840e+03 0.000000e+00 1.000000e+00 1.000000e-01
5.614850e+03 0.000000e+00 1.000000e+00 1.000000e-01
5.614860e+03 0.000000e+00 1.000000e+00 1.000000e-01
5.614870e+03 0.000000e+00 1.000000e+00 1.000000e-01
5.614880e+03 0.000000e+00 1.000000e+00 1.000000e-01
5.614890e+03 0.000000e+00 1.000000e+00 1.000000e-01
5.614900e+03 0.000000e+00 1.000000e+00 1.000000e-01
5.614910e+03 0.000000e+00 1.000000e+00 1.000000e-01
5.614920e+03 0.000000e+00 1.000000e+00 1.000000e-01
5.614930e+03 0.000000e+00 1.000000e+00 1.000000e-01
5.614940e+03 0.000000e+00 1.000000e+00 1.000000e-01
5.614950e+03 0.000000e+00 1.000000e+00 1.000000e-01
5.614960e+03 0.000000e+00 1.000000e+00 1.000000e-01
5.614970e+03 0.000000e+00 1.000000e+00 1.000000e-01
5.614980e+03 0.000000e+00 1.000000e+00 1.000000e-01
5.614990e+03 0.000000e+00 1.000000e+00 1.000000e-01
5.615000e+03 0.000000e+00 1.000000e+00 1.000000e-01
5.615010e+03 0.000000e+00 1.000000e+00 1.000000e-01
5.615020e+03 0.000000e+00 1.000000e+00 1.000000e-01
5.615030e+03 0.000000e+00 1.000000e+00 1.000000e-01
5.615040e+03 0.000000e+00 1.000000e+00 1.000000e-01
5.615050e+03 0.000000e+00 1.000000e+00 1.000000e-01
5.615060e+03 0.000000e+00 1.000000e+00 1.000000e-01
5.615070e+03 0.000000e+00 1.000000e+00 1.000000e-01
5.615080e+03 0.000000e+00 1.000000e+00 1.000000e-01
5.615090e+03 0.000000e+00 1.000000e+00 1.000000e-01
5.615100e+03 0.000000e+00 1.000000e+00 1.000000e-01
5.615110e+03 0.000000e+00 1.000000e+00 1.000000e-01
5.615120e+03 0.000000e+00 1.000000e+00 1.000000e-01
5.615130e+03 0.000000e+00 1.000000e+00 1.000000e-01
5.615140e+03 0.000000e+00 1.000000e+00 1.000000e-01
5.615150e+03 0.000000e+00 1.000000e+00 1.000000e-01
5.615160e+03 0.000000e+00 1.000000e+00 1.000000e-01
5.615170e+03 0.000000e+00 1.000000e+00 1.000000e-01
5.615180e+03 0.000000e+00 1.000000e+00 1.000000e-01
5.615190e+03 0.000000e+00 1.000000e+00 1.000000e-01
5.615200e+03 0.000000e+00 1.000000e+00 1.000000e-01
5.615210e+03 0.000000e+00 1.000000e+00 1.000000e-01
5.615220e+03 0.000000e+00 1.000000e+00 1.000000e-01
5.615230e+03 0.000000e+00 1.000000e+00 1.000000e-01
5.615240e+03 0.000000e+00 1.000000e+00 1.000000e-01
5.615250e+03 0.000000e+00 1.000000e+00 1.000000e-01
5.615260e+03 0.000000e+00 1.000000e+00 1.000000e-01
5.615270e+03 0.000000e+00 1.000000e+00 1.000000e-01
5.615280e+03 0.000000e+00 1.000000e+00 1.000000e-01
5.615290e+03 0.000000e+00 1.000000e+00 1.000000e-01
5.615300e+03 0.000000e+00 1.000000e+00 1.000000e-01
5.615310e+03 0.000000e+00 1.000000e+00 1.000000e-01
5.615320e+03 0.000000e+00 1.000000e+00 1.000000e-01
5.615330e+03 0.000000e+00 1.000000e+00 1.000000e-01
5.615340e+03 0.000000e+00 1.000000e+00 1.000000e-01
5.615350e+03 0.000000e+00 1.000000e+00 1.000000e-01
5.615360e+03 0.000000e+00 1.000000e+00 1.000000e-01
5.615370e+03 0.000000e+00 1.000000e+00 1.000000e-01
5.615380e+03 0.000000e+00 1.000000e+00 1.000000e-01
5.615390e+03 0.000000e+00 1.000000e+00 1.000000e-01
5.615400e+03 0.000000e+00 1.000000e+00 1.000000e-01
5.615410e+03 0.000000e+00 1.000000e+00 1.000000e-01
5.615420e+03 0.000000e+00 1.000000e+00 1.000000e-01
5.615430e+03 0.000000e+00 1.000000e+00 1.000000e-01
5.615440e+03 0.000000e+00 1.000000e+00 1.000000e-01
5.615450e+03 0.000000e+00 1.000000e+00 1.000000e-01
5.615460e+03 0.000000e+00 1.000000e+00 1.000000e-01
5.615470e+03 0.000000e+00 1.000000e+00 1.000000e-01
5.615480e+03 0.000000e+00 1.000000e+00 1.000000e-01
5.615490e+03 0.000000e+00 1.000000e+00 1.000000e-01
5.615500e+03 0.000000e+00 1.000000e+00 1.000000e-01
5.615510e+03 0.000000e+00 1.000000e+00 1.000000e-01
5.615520e+03 0.000000e+00 1.000000e+00 1.000000e-01
5.615530e+03 0.000000e+00 1.000000e+00 1.000000e-01
5.615540e+03 0.000000e+00 1.000000e+00 1.000000e-01
5.615550e+03 0.000000e+00 1.000000e+00 1.000000e-01
5.615560e+03 0.000000e+00 1.000000e+00 1.000000e-01
5.615570e+03 0.000000e+00 1.000000e+00 1.000000e-01
5.615580e+03 0.000000e+00 1.000000e+00 1.000000e-01
5.615590e+03 0.000000e+00 1.000000e+00 1.000000e-01
5.615600e+03 0.000000e+00 1.000000e+00 1.000000e-01
5.615610e+03 0.000000e+00 1.000000e+00 1.000000e-01
5.615620e+03 0.000000e+00 1.000000e+00 1.000000e-01
5.615630e+03 0.000000e+00 1.000000e+00 1.000000e-01
5.615640e+03 0.000000e+00 1.000000e+00 1.000000e-01
5.615650e+03 0.000000e+00 1.000000e+00 1.000000e-01
5.615660e+03 0.000000e+00 1.000000e+00 1.000000e-01
5.615670e+03 0.000000e+00 1.000000e+00 1.000000e-01
5.615680e+03 0.000000e+00 1.000000e+00 1.000000e-01
5.615690e+03 0.000000e+00 1.000000e+00 1.000000e-01
5.615700e+03 0.000000e+00 1.000000e+00 1.000000e-01
5.615710e+03 0.000000e+00 1.000000e+00 1.000000e-01
5.615720e+03 0.000000e+00 1.000000e+00 1.000000e-01
5.615730e+03 0.000000e+00 1.000000e+00 1.000000e-01
5.615740e+03 0.000000e+00 1.000000e+00 1.000000e-01
5.615750e+03 0.000000e+00 1.000000e+00 1.000000e-01
5.615760e+03 0.000000e+00 1.000000e+00 1.000000e-01
5.615770e+03 0.000000e+00 1.000000e+00 1.000000e-01
5.615780e+03 0.000000e+00 1.000000e+00 1.000000e-01
5.615790e+03 0.000000e+00 1.000000e+00 1.000000e-01
5.615800e+03 0.000000e+00 1.000000e+00 1.000000e-01
5.615810e+03 0.000000e+00 1.000000e+00 1.000000e-01
5.615820e+03 0.000000e+00 1.000000e+00 1.000000e-01
5.615830e+03 0.000000e+00 1.000000e+00 1.000000e-01
5.615840e+03 0.000000e+00 1.000000e+00 1.000000e-01
5.615850e+03 0.000000e+00 1.000000e+00 1.000000e-01
5.615860e+03 0.000000e+00 1.000000e+00 1.000000e-01
5.615870e+03 0.000000e+00 1.000000e+00 1.000000e-01
5.615880e+03 0.000000e+00 1.000000e+00 1.000000e-01
5.615890e+03 0.000000e+00 1.000000e+00 1.000000e-01
5.615900e+03 0.000000e+00 1.000000e+00 1.000000e-01
5.615910e+03 0.000000e+00 1.000000e+00 1.000000e-01
5.615920e+03 0.000000e+00 1.000000e+00 1.000000e-01
5.615930e+03 0.000000e+00 1.000000e+00 1.000000e-01
5.615940e+03 0.000000e+00 1.000000e+00 1.000000e-01
5.615950e+03 0.000000e+00 1.000000e+00 1.000000e-01
5.615960e+03 0.000000e+00 1.000000e+00 1.000000e-01
5.615970e+03 0.000000e+00 1.000000e+00 1.000000e-01
5.615980e+03 0.000000e+00 1.000000e+00 1.000000e-01
5.615990e+03 0.000000e+00 1.000000e+00 1.000000e-01
5.616000e+03 0.000000e+00 1.000000e+00 1.000000e-01
5.616010e+03 0.000000e+00 1.000000e+00 1.000000e-01
5.616020e+03 0.000000e+00 1.000000e+00 1.000000e-01
5.616030e+03 0.000000e+00 1.000000e+00 1.000000e-01
5.616040e+03 0.000000e+00 1.000000e+00 1.000000e-01
5.616050e+03 0.000000e+00 1.000000e+00 1.000000e-01
5.616060e+03 0.000000e+00 1.000000e+00 1.000000e-01
5.616070e+03 0.000000e+00 1.000000e+00 1.000000e-01
5.616080e+03 0.000000e+00 1.000000e+00 1.000000e-01
5.616090e+03 0.000000e+00 1.000000e+00 1.000000e-01
5.616100e+03 0.000000e+00 1.000000e+00 1.000000e-01
5.616110e+03 0.000000e+00 1.000000e+00 1.000000e-01
5.616120e+03 0.000000e+00 1.000000e+00 1.000000e-01
5.616130e+03 0.000000e+00 1.000000e+00 1.000000e-01
5.616140e+03 0.000000e+00 1.000000e+00 1.000000e-01
5.616150e+03 0.000000e+00 1.000000e+00 1.000000e-01
5.616160e+03 0.000000e+00 1.000000e+00 1.000000e-01
5.616170e+03 0.000000e+00 1.000000e+00 1.000000e-01
5.616180e+03 0.000000e+00 1.000000e+00 1.000000e-01
5.616190e+03 0.000000e+00 1.000000e+00 1.000000e-01
5.616200e+03 0.000000e+00 1.000000e+00 1.000000e-01
5.616210e+03 0.000000e+00 1.000000e+00 1.000000e-01
5.616220e+03 0.000000e+00 1.000000e+00 1.000000e-01
5.616230e+03 0.000000e+00 1.000000e+00 1.000000e-01
5.616240e+03 0.000000e+00 1.000000e+00 1.000000e-01
5.616250e+03 0.000000e+00 1.000000e+00 1.000000e-01
5.616260e+03 0.000000e+00 1.000000e+00 1.000000e-01
5.616270e+03 0.000000e+00 1.000000e+00 1.000000e-01
5.616280e+03 0.000000e+00 1.000000e+00 1.000000e-01
5.616290e+03 0.000000e+00 1.000000e+00 1.000000e-01
5.616300e+03 0.000000e+00 1.000000e+00 1.000000e-01
5.616310e+03 0.000000e+00 1.000000e+00 1.000000e-01
5.616320e+03 0.000000e+00 1.000000e+00 1.000000e-01
5.616330e+03 0.000000e+00 1.000000e+00 1.000000e-01
5.616340e+03 0.000000e+00 1.000000e+00 1.000000e-01
5.616350e+03 0.000000e+00 1.000000e+00 1.000000e-01
5.616360e+03 0.000000e+00 1.000000e+00 1.000000e-01
5.616370e+03 0.000000e+00 1.000000e+00 1.000000e-01
5.616380e+03 0.000000e+00 1.000000e+00 1.000000e-01
5.616390e+03 0.000000e+00 1.000000e+00 1.000000e-01
5.616400e+03 0.000000e+00 1.000000e+00 1.000000e-01
5.616410e+03 0.000000e+00 1.000000e+00 1.000000e-01
5.616420e+03 0.000000e+00 1.000000e+00 1.000000e-01
5.616430e+03 0.000000e+00 1.000000e+00 1.000000e-01
5.616440e+03 0.000000e+00 1.000000e+00 1.000000e-01
5.616450e+03 0.000000e+00 1.000000e+00 1.000000e-01
5.616460e+03 0.000000e+00 1.000000e+00 1.000000e-01
5.616470e+03 0.000000e+00 1.000000e+00 1.000000e-01
5.616480e+03 0.000000e+00 1.000000e+00 1.000000e-01
5.616490e+03 0.000000e+00 1.000000e+00 1.000000e-01
5.616500e+03 0.000000e+00 1.000000e+00 1.000000e-01
5.616510e+03 0.000000e+00 1.000000e+00 1.000000e-01
5.616520e+03 0.000000e+00 1.000000e+00 1.000000e-01
5.616530e+03 0.000000e+00 1.000000e+00 1.000000e-01
5.616540e+03 0.000000e+00 1.000000e+00 1.000000e-01
5.616550e+03 0.000000e+00 1.000000e+00 1.000000e-01
5.616560e+03 0.000000e+00 1.000000e+00 1.000000e-01
5.616570e+03 0.000000e+00 1.000000e+00 1.000000e-01
5.616580e+03 0.000000e+00 1.000000e+00 1.000000e-01
5.616590e+03 0.000000e+00 1.000000e+00 1.000000e-01
5.616600e+03 0.000000e+00 1.000000e+00 1.000000e-01
5.616610e+03 0.000000e+00 1.000000e+00 1.000000e-01
5.616620e+03 0.000000e+00 1.000000e+00 1.000000e-01
5.616630e+03 0.000000e+00 1.000000e+00 1.000000e-01
5.616640e+03 0.000000e+00 1.000000e+00 1.000000e-01
5.616650e+03 0.000000e+00 1.000000e+00 1.000000e-01
5.616660e+03 0.000000e+00 1.000000e+00 1.000000e-01
5.616670e+03 0.000000e+00 1.000000e+00 1.000000e-01
5.616680e+03 0.000000e+00 1.000000e+00 1.000000e-01
5.616690e+03 0.000000e+00 1.000000e+00 1.000000e-01
5.616700e+03 0.000000e+00 1.000000e+00 1.000000e-01
5.616710e+03 0.000000e+00 1.000000e+00 1.000000e-01
5.616720e+03 0.000000e+00 1.000000e+00 1.000000e-01
5.616730e+03 0.000000e+00 1.000000e+00 1.000000e-01
5.616740e+03 0.000000e+00 1.000000e+00 1.000000e-01
5.616750e+03 0.000000e+00 1.000000e+00 1.000000e-01
5.616760e+03 0.000000e+00 1.000000e+00 1.000000e-01
5.616770e+03 0.000000e+00 1.000000e+00 1.000000e-01
5.616780e+03 0.000000e+00 1.000000e+00 1.000000e-01
5.616790e+03 0.000000e+00 1.000000e+00 1.000000e-01
5.616800e+03 0.000000e+00 1.000000e+00 1.000000e-01
5.616810e+03 0.000000e+00 1.000000e+00 1.000000e-01
5.616820e+03 0.000000e+00 1.000000e+00 1.000000e-01
5.616830e+03 0.000000e+00 1.000000e+00 1.000000e-01
5.616840e+03 0.000000e+00 1.000000e+00 1.000000e-01
5.616850e+03 0.000000e+00 1.000000e+00 1.000000e-01
5.616860e+03 0.000000e+00 1.000000e+00 1.000000e-01
5.616870e+03 0.000000e+00 1.000000e+00 1.000000e-01
5.616880e+03 0.000000e+00 1.000000e+00 1.000000e-01
5.616890e+03 0.000000e+00 1.000000e+00 1.000000e-01
5.616900e+03 0.000000e+00 1.000000e+00 1.000000e-01
5.616910e+03 0.000000e+00 1.000000e+00 1.000000e-01
5.616920e+03 0.000000e+00 1.000000e+00 1.000000e-01
5.616930e+03 0.000000e+00 1.000000e+00 1.000000e-01
5.616940e+03 0.000000e+00 1.000000e+00 1.000000e-01
5.616950e+03 0.000000e+00 1.000000e+00 1.000000e-01
5.616960e+03 0.000000e+00 1.000000e+00 1.000000e-01
5.616970e+03 0.000000e+00 1.000000e+00 1.000000e-01
5.616980e+03 0.000000e+00 1.000000e+00 1.000000e-01
5.616990e+03 0.000000e+00 1.000000e+00 1.000000e-01
5.617000e+03 0.000000e+00 1.000000e+00 1.000000e-01
