# wavelength[A] tau flux flux_error
5.567000e+03 0.000000e+00 1.000000e+00 1.000000e-01
5.567010e+03 0.000000e+00 1.000000e+00 1.000000e-01
5.567020e+03 0.000000e+00 1.000000e+00 1.000000e-01
5.567030e+03 0.000000e+00 1.000000e+00 1.000000e-01
5.567040e+03 0.000000e+00 1.000000e+00 1.000000e-01
5.567050e+03 0.000000e+00 1.000000e+00 1.000000e-01
5.567060e+03 0.000000e+00 1.000000e+00 1.000000e-01
5.567070e+03 0.000000e+00 1.000000e+00 1.000000e-01
5.567080e+03 0.000000e+00 1.000000e+00 1.000000e-01
5.567090e+03 0.000000e+00 1.000000e+00 1.000000e-01
5.567100e+03 0.000000e+00 1.000000e+00 1.000000e-01
5.567110e+03 0.000000e+00 1.000000e+00 1.000000e-01
5.567120e+03 0.000000e+00 1.000000e+00 1.000000e-01
5.567130e+03 0.000000e+00 1.000000e+00 1.000000e-01
5.567140e+03 0.000000e+00 1.000000e+00 1.000000e-01
5.567150e+03 0.000000e+00 1.000000e+00 1.000000e-01
5.567160e+03 0.000000e+00 1.000000e+00 1.000000e-01
5.567170e+03 0.000000e+00 1.000000e+00 1.000000e-01
5.567180e+03 0.000000e+00 1.000000e+00 1.000000e-01
5.567190e+03 0.000000e+00 1.000000e+00 1.000000e-01
5.567200e+03 0.000000e+00 1.000000e+00 1.000000e-01
5.567210e+03 0.000000e+00 1.000000e+00 1.000000e-01
5.567220e+03 0.000000e+00 1.000000e+00 1.000000e-01
5.567230e+03 0.000000e+00 1.000000e+00 1.000000e-01
5.567240e+03 0.000000e+00 1.000000e+00 1.000000e-01
5.567250e+03 0.000000e+00 1.000000e+00 1.000000e-01
5.567260e+03 0.000000e+00 1.000000e+00 1.000000e-01
5.567270e+03 0.000000e+00 1.000000e+00 1.000000e-01
5.567280e+03 0.000000e+00 1.000000e+00 1.000000e-01
5.567290e+03 0.000000e+00 1.000000e+00 1.000000e-01
5.567300e+03 0.000000e+00 1.000000e+00 1.000000e-01
5.567310e+03 0.000000e+00 1.000000e+00 1.000000e-01
5.567320e+03 0.000000e+00 1.000000e+00 1.000000e-01
5.567330e+03 0.000000e+00 1.000000e+00 1.000000e-01
5.567340e+03 0.000000e+00 1.000000e+00 1.000000e-01
5.567350e+03 0.000000e+00 1.000000e+00 1.000000e-01
5.567360e+03 0.000000e+00 1.000000e+00 1.000000e-01
5.567370e+03 0.000000e+00 1.000000e+00 1.000000e-01
5.567380e+03 0.000000e+00 1.000000e+00 1.000000e-01
5.567390e+03 0.000000e+00 1.000000e+00 1.000000e-01
5.567400e+03 0.000000e+00 1.000000e+00 1.000000e-01
5.567410e+03 0.000000e+00 1.000000e+00 1.000000e-01
5.567420e+03 0.000000e+00 1.000000e+00 1.000000e-01
5.567430e+03 0.000000e+00 1.000000e+00 1.000000e-01
5.567440e+03 0.000000e+00 1.000000e+00 1.000000e-01
5.567450e+03 0.000000e+00 1.000000e+00 1.000000e-01
5.567460e+03 0.000000e+00 1.000000e+00 1.000000e-01
5.567470e+03 0.000000e+00 1.000000e+00 1.000000e-01
5.567480e+03 0.000000e+00 1.000000e+00 1.000000e-01
5.567490e+03 0.000000e+00 1.000000e+00 1.000000e-01
5.567500e+03 0.000000e+00 1.000000e+00 1.000000e-01
5.567510e+03 0.000000e+00 1.000000e+00 1.000000e-01
5.567520e+03 0.000000e+00 1.000000e+00 1.000000e-01
5.567530e+03 0.000000e+00 1.000000e+00 1.000000e-01
5.567540e+03 0.000000e+00 1.000000e+00 1.000000e-01
5.567550e+03 0.000000e+00 1.000000e+00 1.000000e-01
5.567560e+03 0.000000e+00 1.000000e+00 1.000000e-01
5.567570e+03 0.000000e+00 1.000000e+00 1.000000e-01
5.567580e+03 0.000000e+00 1.000000e+00 1.000000e-01
5.567590e+03 0.000000e+00 1.000000e+00 1.000000e-01
5.567600e+03 0.000000e+00 1.000000e+00 1.000000e-01
5.567610e+03 0.000000e+00 1.000000e+00 1.000000e-01
5.567620e+03 0.000000e+00 1.000000e+00 1.000000e-01
5.567630e+03 0.000000e+00 1.000000e+00 1.000000e-01
5.567640e+03 0.000000e+00 1.000000e+00 1.000000e-01
5.567650e+03 0.000000e+00 1.000000e+00 1.000000e-01
5.567660e+03 0.000000e+00 1.000000e+00 1.000000e-01
5.567670e+03 0.000000e+00 1.000000e+00 1.000000e-01
5.567680e+03 0.000000e+00 1.000000e+00 1.000000e-01
5.567690e+03 0.000000e+00 1.000000e+00 1.000000e-01
5.567700e+03 0.000000e+00 1.000000e+00 1.000000e-01
5.567710e+03 0.000000e+00 1.000000e+00 1.000000e-01
5.567720e+03 0.000000e+00 1.000000e+00 1.000000e-01
5.567730e+03 0.000000e+00 1.000000e+00 1.000000e-01
5.567740e+03 0.000000e+00 1.000000e+00 1.000000e-01
5.567750e+03 0.000000e+00 1.000000e+00 1.000000e-01
5.567760e+03 0.000000e+00 1.000000e+00 1.000000e-01
5.567770e+03 0.000000e+00 1.000000e+00 1.000000e-01
5.567780e+03 0.000000e+00 1.000000e+00 1.000000e-01
5.567790e+03 0.000000e+00 1.000000e+00 1.000000e-01
5.567800e+03 0.000000e+00 1.000000e+00 1.000000e-01
5.567810e+03 0.000000e+00 1.000000e+00 1.000000e-01
5.567820e+03 0.000000e+00 1.000000e+00 1.000000e-01
5.567830e+03 0.000000e+00 1.000000e+00 1.000000e-01
5.567840e+03 0.000000e+00 1.000000e+00 1.000000e-01
5.567850e+03 0.000000e+00 1.000000e+00 1.000000e-01
5.567860e+03 0.000000e+00 1.000000e+00 1.000000e-01
5.567870e+03 0.000000e+00 1.000000e+00 1.000000e-01
5.567880e+03 0.000000e+00 1.000000e+00 1.000000e-01
5.567890e+03 0.000000e+00 1.000000e+00 1.000000e-01
5.567900e+03 0.000000e+00 1.000000e+00 1.000000e-01
5.567910e+03 0.000000e+00 1.000000e+00 1.000000e-01
5.567920e+03 0.000000e+00 1.000000e+00 1.000000e-01
5.567930e+03 0.000000e+00 1.000000e+00 1.000000e-01
5.567940e+03 0.000000e+00 1.000000e+00 1.000000e-01
5.567950e+03 0.000000e+00 1.000000e+00 1.000000e-01
5.567960e+03 0.000000e+00 1.000000e+00 1.000000e-01
5.567970e+03 0.000000e+00 1.000000e+00 1.000000e-01
5.567980e+03 0.000000e+00 1.000000e+00 1.000000e-01
5.567990e+03 0.000000e+00 1.000000e+00 1.000000e-01
5.568000e+03 0.000000e+00 1.000000e+00 1.000000e-01
5.568010e+03 0.000000e+00 1.000000e+00 1.000000e-01
5.568020e+03 0.000000e+00 1.000000e+00 1.000000e-01
5.568030e+03 0.000000e+00 1.000000e+00 1.000000e-01
5.568040e+03 0.000000e+00 1.000000e+00 1.000000e-01
5.568050e+03 0.000000e+00 1.000000e+00 1.000000e-01
5.568060e+03 0.000000e+00 1.000000e+00 1.000000e-01
5.568070e+03 0.000000e+00 1.000000e+00 1.000000e-01
5.568080e+03 0.000000e+00 1.000000e+00 1.000000e-01
5.568090e+03 0.000000e+00 1.000000e+00 1.000000e-01
5.568100e+03 0.000000e+00 1.000000e+00 1.000000e-01
5.568110e+03 0.000000e+00 1.000000e+00 1.000000e-01
5.568120e+03 0.000000e+00 1.000000e+00 1.000000e-01
5.568130e+03 0.000000e+00 1.000000e+00 1.000000e-01
5.568140e+03 0.000000e+00 1.000000e+00 1.000000e-01
5.568150e+03 0.000000e+00 1.000000e+00 1.000000e-01
5.568160e+03 0.000000e+00 1.000000e+00 1.000000e-01
5.568170e+03 0.000000e+00 1.000000e+00 1.000000e-01
5.568180e+03 0.000000e+00 1.000000e+00 1.000000e-01
5.568190e+03 0.000000e+00 1.000000e+00 1.000000e-01
5.568200e+03 0.000000e+00 1.000000e+00 1.000000e-01
5.568210e+03 0.000000e+00 1.000000e+00 1.000000e-01
5.568220e+03 0.000000e+00 1.000000e+00 1.000000e-01
5.568230e+03 0.000000e+00 1.000000e+00 1.000000e-01
5.568240e+03 0.000000e+00 1.000000e+00 1.000000e-01
5.568250e+03 0.000000e+00 1.000000e+00 1.000000e-01
5.568260e+03 0.000000e+00 1.000000e+00 1.000000e-01
5.568270e+03 0.000000e+00 1.000000e+00 1.000000e-01
5.568280e+03 0.000000e+00 1.000000e+00 1.000000e-01
5.568290e+03 0.000000e+00 1.000000e+00 1.000000e-01
5.568300e+03 0.000000e+00 1.000000e+00 1.000000e-01
5.568310e+03 0.000000e+00 1.000000e+00 1.000000e-01
5.568320e+03 0.000000e+00 1.000000e+00 1.000000e-01
5.568330e+03 0.000000e+00 1.000000e+00 1.000000e-01
5.568340e+03 0.000000e+00 1.000000e+00 1.000000e-01
5.568350e+03 0.000000e+00 1.000000e+00 1.000000e-01
5.568360e+03 0.000000e+00 1.000000e+00 1.000000e-01
5.568370e+03 0.000000e+00 1.000000e+00 1.000000e-01
5.568380e+03 0.000000e+00 1.000000e+00 1.000000e-01
5.568390e+03 0.000000e+00 1.000000e+00 1.000000e-01
5.568400e+03 0.000000e+00 1.000000e+00 1.000000e-01
5.568410e+03 0.000000e+00 1.000000e+00 1.000000e-01
5.568420e+03 0.000000e+00 1.000000e+00 1.000000e-01
5.568430e+03 0.000000e+00 1.000000e+00 1.000000e-01
5.568440e+03 0.000000e+00 1.000000e+00 1.000000e-01
5.568450e+03 0.000000e+00 1.000000e+00 1.000000e-01
5.568460e+03 0.000000e+00 1.000000e+00 1.000000e-01
5.568470e+03 0.000000e+00 1.000000e+00 1.000000e-01
5.568480e+03 0.000000e+00 1.000000e+00 1.000000e-01
5.568490e+03 0.000000e+00 1.000000e+00 1.000000e-01
5.568500e+03 0.000000e+00 1.000000e+00 1.000000e-01
5.568510e+03 0.000000e+00 1.000000e+00 1.000000e-01
5.568520e+03 0.000000e+00 1.000000e+00 1.000000e-01
5.568530e+03 0.000000e+00 1.000000e+00 1.000000e-01
5.568540e+03 0.000000e+00 1.000000e+00 1.000000e-01
5.568550e+03 0.000000e+00 1.000000e+00 1.000000e-01
5.568560e+03 0.000000e+00 1.000000e+00 1.000000e-01
5.568570e+03 0.000000e+00 1.000000e+00 1.000000e-01
5.568580e+03 0.000000e+00 1.000000e+00 1.000000e-01
5.568590e+03 0.000000e+00 1.000000e+00 1.000000e-01
5.568600e+03 0.000000e+00 1.000000e+00 1.000000e-01
5.568610e+03 0.000000e+00 1.000000e+00 1.000000e-01
5.568620e+03 0.000000e+00 1.000000e+00 1.000000e-01
5.568630e+03 0.000000e+00 1.000000e+00 1.000000e-01
5.568640e+03 0.000000e+00 1.000000e+00 1.000000e-01
5.568650e+03 0.000000e+00 1.000000e+00 1.000000e-01
5.568660e+03 0.000000e+00 1.000000e+00 1.000000e-01
5.568670e+03 0.000000e+00 1.000000e+00 1.000000e-01
5.568680e+03 0.000000e+00 1.000000e+00 1.000000e-01
5.568690e+03 0.000000e+00 1.000000e+00 1.000000e-01
5.568700e+03 0.000000e+00 1.000000e+00 1.000000e-01
5.568710e+03 0.000000e+00 1.000000e+00 1.000000e-01
5.568720e+03 0.000000e+00 1.000000e+00 1.000000e-01
5.568730e+03 0.000000e+00 1.000000e+00 1.000000e-01
5.568740e+03 0.000000e+00 1.000000e+00 1.000000e-01
5.568750e+03 0.000000e+00 1.000000e+00 1.000000e-01
5.568760e+03 0.000000e+00 1.000000e+00 1.000000e-01
5.568770e+03 0.000000e+00 1.000000e+00 1.000000e-01
5.568780e+03 0.000000e+00 1.000000e+00 1.000000e-01
5.568790e+03 0.000000e+00 1.000000e+00 1.000000e-01
5.568800e+03 0.000000e+00 1.000000e+00 1.000000e-01
5.568810e+03 0.000000e+00 1.000000e+00 1.000000e-01
5.568820e+03 0.000000e+00 1.000000e+00 1.000000e-01
5.568830e+03 0.000000e+00 1.000000e+00 1.000000e-01
5.568840e+03 0.000000e+00 1.000000e+00 1.000000e-01
5.568850e+03 0.000000e+00 1.000000e+00 1.000000e-01
5.568860e+03 0.000000e+00 1.000000e+00 1.000000e-01
5.568870e+03 0.000000e+00 1.000000e+00 1.000000e-01
5.568880e+03 0.000000e+00 1.000000e+00 1.000000e-01
5.568890e+03 0.000000e+00 1.000000e+00 1.000000e-01
5.568900e+03 0.000000e+00 1.000000e+00 1.000000e-01
5.568910e+03 0.000000e+00 1.000000e+00 1.000000e-01
5.568920e+03 0.000000e+00 1.000000e+00 1.000000e-01
5.568930e+03 0.000000e+00 1.000000e+00 1.000000e-01
5.568940e+03 0.000000e+00 1.000000e+00 1.000000e-01
5.568950e+03 0.000000e+00 1.000000e+00 1.000000e-01
5.568960e+03 0.000000e+00 1.000000e+00 1.000000e-01
5.568970e+03 0.000000e+00 1.000000e+00 1.000000e-01
5.568980e+03 0.000000e+00 1.000000e+00 1.000000e-01
5.568990e+03 0.000000e+00 1.000000e+00 1.000000e-01
5.569000e+03 0.000000e+00 1.000000e+00 1.000000e-01
5.569010e+03 0.000000e+00 1.000000e+00 1.000000e-01
5.569020e+03 0.000000e+00 1.000000e+00 1.000000e-01
5.569030e+03 0.000000e+00 1.000000e+00 1.000000e-01
5.569040e+03 0.000000e+00 1.000000e+00 1.000000e-01
5.569050e+03 0.000000e+00 1.000000e+00 1.000000e-01
5.569060e+03 0.000000e+00 1.000000e+00 1.000000e-01
5.569070e+03 0.000000e+00 1.000000e+00 1.000000e-01
5.569080e+03 0.000000e+00 1.000000e+00 1.000000e-01
5.569090e+03 0.000000e+00 1.000000e+00 1.000000e-01
5.569100e+03 0.000000e+00 1.000000e+00 1.000000e-01
5.569110e+03 0.000000e+00 1.000000e+00 1.000000e-01
5.569120e+03 0.000000e+00 1.000000e+00 1.000000e-01
5.569130e+03 0.000000e+00 1.000000e+00 1.000000e-01
5.569140e+03 0.000000e+00 1.000000e+00 1.000000e-01
5.569150e+03 0.000000e+00 1.000000e+00 1.000000e-01
5.569160e+03 0.000000e+00 1.000000e+00 1.000000e-01
5.569170e+03 0.000000e+00 1.000000e+00 1.000000e-01
5.569180e+03 0.000000e+00 1.000000e+00 1.000000e-01
5.569190e+03 0.000000e+00 1.000000e+00 1.000000e-01
5.569200e+03 0.000000e+00 1.000000e+00 1.000000e-01
5.569210e+03 0.000000e+00 1.000000e+00 1.000000e-01
5.569220e+03 0.000000e+00 1.000000e+00 1.000000e-01
5.569230e+03 0.000000e+00 1.000000e+00 1.000000e-01
5.569240e+03 0.000000e+00 1.000000e+00 1.000000e-01
5.569250e+03 0.000000e+00 1.000000e+00 1.000000e-01
5.569260e+03 0.000000e+00 1.000000e+00 1.000000e-01
5.569270e+03 0.000000e+00 1.000000e+00 1.000000e-01
5.569280e+03 0.000000e+00 1.000000e+00 1.000000e-01
5.569290e+03 0.000000e+00 1.000000e+00 1.000000e-01
5.569300e+03 0.000000e+00 1.000000e+00 1.000000e-01
5.569310e+03 0.000000e+00 1.000000e+00 1.000000e-01
5.569320e+03 0.000000e+00 1.000000e+00 1.000000e-01
5.569330e+03 0.000000e+00 1.000000e+00 1.000000e-01
5.569340e+03 0.000000e+00 1.000000e+00 1.000000e-01
5.569350e+03 0.000000e+00 1.000000e+00 1.000000e-01
5.569360e+03 0.000000e+00 1.000000e+00 1.000000e-01
5.569370e+03 0.000000e+00 1.000000e+00 1.000000e-01
5.569380e+03 0.000000e+00 1.000000e+00 1.000000e-01
5.569390e+03 0.000000e+00 1.000000e+00 1.000000e-01
5.569400e+03 0.000000e+00 1.000000e+00 1.000000e-01
5.569410e+03 0.000000e+00 1.000000e+00 1.000000e-01
5.569420e+03 0.000000e+00 1.000000e+00 1.000000e-01
5.569430e+03 0.000000e+00 1.000000e+00 1.000000e-01
5.569440e+03 0.000000e+00 1.000000e+00 1.000000e-01
5.569450e+03 0.000000e+00 1.000000e+00 1.000000e-01
5.569460e+03 0.000000e+00 1.000000e+00 1.000000e-01
5.569470e+03 0.000000e+00 1.000000e+00 1.000000e-01
5.569480e+03 0.000000e+00 1.000000e+00 1.000000e-01
5.569490e+03 0.000000e+00 1.000000e+00 1.000000e-01
5.569500e+03 0.000000e+00 1.000000e+00 1.000000e-01
5.569510e+03 0.000000e+00 1.000000e+00 1.000000e-01
5.569520e+03 0.000000e+00 1.000000e+00 1.000000e-01
5.569530e+03 0.000000e+00 1.000000e+00 1.000000e-01
5.569540e+03 0.000000e+00 1.000000e+00 1.000000e-01
5.569550e+03 0.000000e+00 1.000000e+00 1.000000e-01
5.569560e+03 0.000000e+00 1.000000e+00 1.000000e-01
5.569570e+03 0.000000e+00 1.000000e+00 1.000000e-01
5.569580e+03 0.000000e+00 1.000000e+00 1.000000e-01
5.569590e+03 0.000000e+00 1.000000e+00 1.000000e-01
5.569600e+03 0.000000e+00 1.000000e+00 1.000000e-01
5.569610e+03 0.000000e+00 1.000000e+00 1.000000e-01
5.569620e+03 0.000000e+00 1.000000e+00 1.000000e-01
5.569630e+03 0.000000e+00 1.000000e+00 1.000000e-01
5.569640e+03 0.000000e+00 1.000000e+00 1.000000e-01
5.569650e+03 0.000000e+00 1.000000e+00 1.000000e-01
5.569660e+03 0.000000e+00 1.000000e+00 1.000000e-01
5.569670e+03 0.000000e+00 1.000000e+00 1.000000e-01
5.569680e+03 0.000000e+00 1.000000e+00 1.000000e-01
5.569690e+03 0.000000e+00 1.000000e+00 1.000000e-01
5.569700e+03 0.000000e+00 1.000000e+00 1.000000e-01
5.569710e+03 0.000000e+00 1.000000e+00 1.000000e-01
5.569720e+03 0.000000e+00 1.000000e+00 1.000000e-01
5.569730e+03 0.000000e+00 1.000000e+00 1.000000e-01
5.569740e+03 0.000000e+00 1.000000e+00 1.000000e-01
5.569750e+03 0.000000e+00 1.000000e+00 1.000000e-01
5.569760e+03 0.000000e+00 1.000000e+00 1.000000e-01
5.569770e+03 0.000000e+00 1.000000e+00 1.000000e-01
5.569780e+03 0.000000e+00 1.000000e+00 1.000000e-01
5.569790e+03 0.000000e+00 1.000000e+00 1.000000e-01
5.569800e+03 0.000000e+00 1.000000e+00 1.000000e-01
5.569810e+03 0.000000e+00 1.000000e+00 1.000000e-01
5.569820e+03 0.000000e+00 1.000000e+00 1.000000e-01
5.569830e+03 0.000000e+00 1.000000e+00 1.000000e-01
5.569840e+03 0.000000e+00 1.000000e+00 1.000000e-01
5.569850e+03 0.000000e+00 1.000000e+00 1.000000e-01
5.569860e+03 0.000000e+00 1.000000e+00 1.000000e-01
5.569870e+03 0.000000e+00 1.000000e+00 1.000000e-01
5.569880e+03 0.000000e+00 1.000000e+00 1.000000e-01
5.569890e+03 0.000000e+00 1.000000e+00 1.000000e-01
5.569900e+03 0.000000e+00 1.000000e+00 1.000000e-01
5.569910e+03 0.000000e+00 1.000000e+00 1.000000e-01
5.569920e+03 0.000000e+00 1.000000e+00 1.000000e-01
5.569930e+03 0.000000e+00 1.000000e+00 1.000000e-01
5.569940e+03 0.000000e+00 1.000000e+00 1.000000e-01
5.569950e+03 0.000000e+00 1.000000e+00 1.000000e-01
5.569960e+03 0.000000e+00 1.000000e+00 1.000000e-01
5.569970e+03 0.000000e+00 1.000000e+00 1.000000e-01
5.569980e+03 0.000000e+00 1.000000e+00 1.000000e-01
5.569990e+03 0.000000e+00 1.000000e+00 1.000000e-01
5.570000e+03 0.000000e+00 1.000000e+00 1.000000e-01
5.570010e+03 0.000000e+00 1.000000e+00 1.000000e-01
5.570020e+03 0.000000e+00 1.000000e+00 1.000000e-01
5.570030e+03 0.000000e+00 1.000000e+00 1.000000e-01
5.570040e+03 0.000000e+00 1.000000e+00 1.000000e-01
5.570050e+03 0.000000e+00 1.000000e+00 1.000000e-01
5.570060e+03 0.000000e+00 1.000000e+00 1.000000e-01
5.570070e+03 0.000000e+00 1.000000e+00 1.000000e-01
5.570080e+03 0.000000e+00 1.000000e+00 1.000000e-01
5.570090e+03 0.000000e+00 1.000000e+00 1.000000e-01
5.570100e+03 0.000000e+00 1.000000e+00 1.000000e-01
5.570110e+03 0.000000e+00 1.000000e+00 1.000000e-01
5.570120e+03 0.000000e+00 1.000000e+00 1.000000e-01
5.570130e+03 0.000000e+00 1.000000e+00 1.000000e-01
5.570140e+03 0.000000e+00 1.000000e+00 1.000000e-01
5.570150e+03 0.000000e+00 1.000000e+00 1.000000e-01
5.570160e+03 0.000000e+00 1.000000e+00 1.000000e-01
5.570170e+03 0.000000e+00 1.000000e+00 1.000000e-01
5.570180e+03 0.000000e+00 1.000000e+00 1.000000e-01
5.570190e+03 0.000000e+00 1.000000e+00 1.000000e-01
5.570200e+03 0.000000e+00 1.000000e+00 1.000000e-01
5.570210e+03 0.000000e+00 1.000000e+00 1.000000e-01
5.570220e+03 0.000000e+00 1.000000e+00 1.000000e-01
5.570230e+03 0.000000e+00 1.000000e+00 1.000000e-01
5.570240e+03 0.000000e+00 1.000000e+00 1.000000e-01
5.570250e+03 0.000000e+00 1.000000e+00 1.000000e-01
5.570260e+03 0.000000e+00 1.000000e+00 1.000000e-01
5.570270e+03 0.000000e+00 1.000000e+00 1.000000e-01
5.570280e+03 0.000000e+00 1.000000e+00 1.000000e-01
5.570290e+03 0.000000e+00 1.000000e+00 1.000000e-01
5.570300e+03 0.000000e+00 1.000000e+00 1.000000e-01
5.570310e+03 0.000000e+00 1.000000e+00 1.000000e-01
5.570320e+03 0.000000e+00 1.000000e+00 1.000000e-01
5.570330e+03 0.000000e+00 1.000000e+00 1.000000e-01
5.570340e+03 0.000000e+00 1.000000e+00 1.000000e-01
5.570350e+03 0.000000e+00 1.000000e+00 1.000000e-01
5.570360e+03 0.000000e+00 1.000000e+00 1.000000e-01
5.570370e+03 0.000000e+00 1.000000e+00 1.000000e-01
5.570380e+03 0.000000e+00 1.000000e+00 1.000000e-01
5.570390e+03 0.000000e+00 1.000000e+00 1.000000e-01
5.570400e+03 0.000000e+00 1.000000e+00 1.000000e-01
5.570410e+03 0.000000e+00 1.000000e+00 1.000000e-01
5.570420e+03 0.000000e+00 1.000000e+00 1.000000e-01
5.570430e+03 0.000000e+00 1.000000e+00 1.000000e-01
5.570440e+03 0.000000e+00 1.000000e+00 1.000000e-01
5.570450e+03 0.000000e+00 1.000000e+00 1.000000e-01
5.570460e+03 0.000000e+00 1.000000e+00 1.000000e-01
5.570470e+03 0.000000e+00 1.000000e+00 1.000000e-01
5.570480e+03 0.000000e+00 1.000000e+00 1.000000e-01
5.570490e+03 0.000000e+00 1.000000e+00 1.000000e-01
5.570500e+03 0.000000e+00 1.000000e+00 1.000000e-01
5.570510e+03 0.000000e+00 1.000000e+00 1.000000e-01
5.570520e+03 0.000000e+00 1.000000e+00 1.000000e-01
5.570530e+03 0.000000e+00 1.000000e+00 1.000000e-01
5.570540e+03 0.000000e+00 1.000000e+00 1.000000e-01
5.570550e+03 0.000000e+00 1.000000e+00 1.000000e-01
5.570560e+03 0.000000e+00 1.000000e+00 1.000000e-01
5.570570e+03 0.000000e+00 1.000000e+00 1.000000e-01
5.570580e+03 0.000000e+00 1.000000e+00 1.000000e-01
5.570590e+03 0.000000e+00 1.000000e+00 1.000000e-01
5.570600e+03 0.000000e+00 1.000000e+00 1.000000e-01
5.570610e+03 0.000000e+00 1.000000e+00 1.000000e-01
5.570620e+03 0.000000e+00 1.000000e+00 1.000000e-01
5.570630e+03 0.000000e+00 1.000000e+00 1.000000e-01
5.570640e+03 0.000000e+00 1.000000e+00 1.000000e-01
5.570650e+03 0.000000e+00 1.000000e+00 1.000000e-01
5.570660e+03 0.000000e+00 1.000000e+00 1.000000e-01
5.570670e+03 0.000000e+00 1.000000e+00 1.000000e-01
5.570680e+03 0.000000e+00 1.000000e+00 1.000000e-01
5.570690e+03 0.000000e+00 1.000000e+00 1.000000e-01
5.570700e+03 0.000000e+00 1.000000e+00 1.000000e-01
5.570710e+03 0.000000e+00 1.000000e+00 1.000000e-01
5.570720e+03 0.000000e+00 1.000000e+00 1.000000e-01
5.570730e+03 0.000000e+00 1.000000e+00 1.000000e-01
5.570740e+03 0.000000e+00 1.000000e+00 1.000000e-01
5.570750e+03 0.000000e+00 1.000000e+00 1.000000e-01
5.570760e+03 0.000000e+00 1.000000e+00 1.000000e-01
5.570770e+03 0.000000e+00 1.000000e+00 1.000000e-01
5.570780e+03 0.000000e+00 1.000000e+00 1.000000e-01
5.570790e+03 0.000000e+00 1.000000e+00 1.000000e-01
5.570800e+03 0.000000e+00 1.000000e+00 1.000000e-01
5.570810e+03 0.000000e+00 1.000000e+00 1.000000e-01
5.570820e+03 0.000000e+00 1.000000e+00 1.000000e-01
5.570830e+03 0.000000e+00 1.000000e+00 1.000000e-01
5.570840e+03 0.000000e+00 1.000000e+00 1.000000e-01
5.570850e+03 0.000000e+00 1.000000e+00 1.000000e-01
5.570860e+03 0.000000e+00 1.000000e+00 1.000000e-01
5.570870e+03 0.000000e+00 1.000000e+00 1.000000e-01
5.570880e+03 0.000000e+00 1.000000e+00 1.000000e-01
5.570890e+03 0.000000e+00 1.000000e+00 1.000000e-01
5.570900e+03 0.000000e+00 1.000000e+00 1.000000e-01
5.570910e+03 0.000000e+00 1.000000e+00 1.000000e-01
5.570920e+03 0.000000e+00 1.000000e+00 1.000000e-01
5.570930e+03 0.000000e+00 1.000000e+00 1.000000e-01
5.570940e+03 0.000000e+00 1.000000e+00 1.000000e-01
5.570950e+03 0.000000e+00 1.000000e+00 1.000000e-01
5.570960e+03 0.000000e+00 1.000000e+00 1.000000e-01
5.570970e+03 0.000000e+00 1.000000e+00 1.000000e-01
5.570980e+03 0.000000e+00 1.000000e+00 1.000000e-01
5.570990e+03 0.000000e+00 1.000000e+00 1.000000e-01
5.571000e+03 0.000000e+00 1.000000e+00 1.000000e-01
5.571010e+03 0.000000e+00 1.000000e+00 1.000000e-01
5.571020e+03 0.000000e+00 1.000000e+00 1.000000e-01
5.571030e+03 0.000000e+00 1.000000e+00 1.000000e-01
5.571040e+03 0.000000e+00 1.000000e+00 1.000000e-01
5.571050e+03 0.000000e+00 1.000000e+00 1.000000e-01
5.571060e+03 0.000000e+00 1.000000e+00 1.000000e-01
5.571070e+03 0.000000e+00 1.000000e+00 1.000000e-01
5.571080e+03 0.000000e+00 1.000000e+00 1.000000e-01
5.571090e+03 0.000000e+00 1.000000e+00 1.000000e-01
5.571100e+03 0.000000e+00 1.000000e+00 1.000000e-01
5.571110e+03 0.000000e+00 1.000000e+00 1.000000e-01
5.571120e+03 0.000000e+00 1.000000e+00 1.000000e-01
5.571130e+03 0.000000e+00 1.000000e+00 1.000000e-01
5.571140e+03 0.000000e+00 1.000000e+00 1.000000e-01
5.571150e+03 0.000000e+00 1.000000e+00 1.000000e-01
5.571160e+03 0.000000e+00 1.000000e+00 1.000000e-01
5.571170e+03 0.000000e+00 1.000000e+00 1.000000e-01
5.571180e+03 0.000000e+00 1.000000e+00 1.000000e-01
5.571190e+03 0.000000e+00 1.000000e+00 1.000000e-01
5.571200e+03 0.000000e+00 1.000000e+00 1.000000e-01
5.571210e+03 0.000000e+00 1.000000e+00 1.000000e-01
5.571220e+03 0.000000e+00 1.000000e+00 1.000000e-01
5.571230e+03 0.000000e+00 1.000000e+00 1.000000e-01
5.571240e+03 0.000000e+00 1.000000e+00 1.000000e-01
5.571250e+03 0.000000e+00 1.000000e+00 1.000000e-01
5.571260e+03 0.000000e+00 1.000000e+00 1.000000e-01
5.571270e+03 0.000000e+00 1.000000e+00 1.000000e-01
5.571280e+03 0.000000e+00 1.000000e+00 1.000000e-01
5.571290e+03 0.000000e+00 1.000000e+00 1.000000e-01
5.571300e+03 0.000000e+00 1.000000e+00 1.000000e-01
5.571310e+03 0.000000e+00 1.000000e+00 1.000000e-01
5.571320e+03 0.000000e+00 1.000000e+00 1.000000e-01
5.571330e+03 0.000000e+00 1.000000e+00 1.000000e-01
5.571340e+03 0.000000e+00 1.000000e+00 1.000000e-01
5.571350e+03 0.000000e+00 1.000000e+00 1.000000e-01
5.571360e+03 0.000000e+00 1.000000e+00 1.000000e-01
5.571370e+03 0.000000e+00 1.000000e+00 1.000000e-01
5.571380e+03 0.000000e+00 1.000000e+00 1.000000e-01
5.571390e+03 0.000000e+00 1.000000e+00 1.000000e-01
5.571400e+03 0.000000e+00 1.000000e+00 1.000000e-01
5.571410e+03 0.000000e+00 1.000000e+00 1.000000e-01
5.571420e+03 0.000000e+00 1.000000e+00 1.000000e-01
5.571430e+03 0.000000e+00 1.000000e+00 1.000000e-01
5.571440e+03 0.000000e+00 1.000000e+00 1.000000e-01
5.571450e+03 0.000000e+00 1.000000e+00 1.000000e-01
5.571460e+03 0.000000e+00 1.000000e+00 1.000000e-01
5.571470e+03 0.000000e+00 1.000000e+00 1.000000e-01
5.571480e+03 0.000000e+00 1.000000e+00 1.000000e-01
5.571490e+03 0.000000e+00 1.000000e+00 1.000000e-01
5.571500e+03 0.000000e+00 1.000000e+00 1.000000e-01
5.571510e+03 0.000000e+00 1.000000e+00 1.000000e-01
5.571520e+03 0.000000e+00 1.000000e+00 1.000000e-01
5.571530e+03 0.000000e+00 1.000000e+00 1.000000e-01
5.571540e+03 0.000000e+00 1.000000e+00 1.000000e-01
5.571550e+03 0.000000e+00 1.000000e+00 1.000000e-01
5.571560e+03 0.000000e+00 1.000000e+00 1.000000e-01
5.571570e+03 0.000000e+00 1.000000e+00 1.000000e-01
5.571580e+03 0.000000e+00 1.000000e+00 1.000000e-01
5.571590e+03 0.000000e+00 1.000000e+00 1.000000e-01
5.571600e+03 0.000000e+00 1.000000e+00 1.000000e-01
5.571610e+03 0.000000e+00 1.000000e+00 1.000000e-01
5.571620e+03 0.000000e+00 1.000000e+00 1.000000e-01
5.571630e+03 0.000000e+00 1.000000e+00 1.000000e-01
5.571640e+03 0.000000e+00 1.000000e+00 1.000000e-01
5.571650e+03 0.000000e+00 1.000000e+00 1.000000e-01
5.571660e+03 0.000000e+00 1.000000e+00 1.000000e-01
5.571670e+03 0.000000e+00 1.000000e+00 1.000000e-01
5.571680e+03 0.000000e+00 1.000000e+00 1.000000e-01
5.571690e+03 0.000000e+00 1.000000e+00 1.000000e-01
5.571700e+03 0.000000e+00 1.000000e+00 1.000000e-01
5.571710e+03 0.000000e+00 1.000000e+00 1.000000e-01
5.571720e+03 0.000000e+00 1.000000e+00 1.000000e-01
5.571730e+03 0.000000e+00 1.000000e+00 1.000000e-01
5.571740e+03 0.000000e+00 1.000000e+00 1.000000e-01
5.571750e+03 0.000000e+00 1.000000e+00 1.000000e-01
5.571760e+03 0.000000e+00 1.000000e+00 1.000000e-01
5.571770e+03 0.000000e+00 1.000000e+00 1.000000e-01
5.571780e+03 0.000000e+00 1.000000e+00 1.000000e-01
5.571790e+03 0.000000e+00 1.000000e+00 1.000000e-01
5.571800e+03 0.000000e+00 1.000000e+00 1.000000e-01
5.571810e+03 0.000000e+00 1.000000e+00 1.000000e-01
5.571820e+03 0.000000e+00 1.000000e+00 1.000000e-01
5.571830e+03 0.000000e+00 1.000000e+00 1.000000e-01
5.571840e+03 0.000000e+00 1.000000e+00 1.000000e-01
5.571850e+03 0.000000e+00 1.000000e+00 1.000000e-01
5.571860e+03 0.000000e+00 1.000000e+00 1.000000e-01
5.571870e+03 0.000000e+00 1.000000e+00 1.000000e-01
5.571880e+03 0.000000e+00 1.000000e+00 1.000000e-01
5.571890e+03 0.000000e+00 1.000000e+00 1.000000e-01
5.571900e+03 0.000000e+00 1.000000e+00 1.000000e-01
5.571910e+03 0.000000e+00 1.000000e+00 1.000000e-01
5.571920e+03 0.000000e+00 1.000000e+00 1.000000e-01
5.571930e+03 0.000000e+00 1.000000e+00 1.000000e-01
5.571940e+03 0.000000e+00 1.000000e+00 1.000000e-01
5.571950e+03 0.000000e+00 1.000000e+00 1.000000e-01
5.571960e+03 0.000000e+00 1.000000e+00 1.000000e-01
5.571970e+03 0.000000e+00 1.000000e+00 1.000000e-01
5.571980e+03 0.000000e+00 1.000000e+00 1.000000e-01
5.571990e+03 0.000000e+00 1.000000e+00 1.000000e-01
5.572000e+03 0.000000e+00 1.000000e+00 1.000000e-01
5.572010e+03 0.000000e+00 1.000000e+00 1.000000e-01
5.572020e+03 0.000000e+00 1.000000e+00 1.000000e-01
5.572030e+03 0.000000e+00 1.000000e+00 1.000000e-01
5.572040e+03 0.000000e+00 1.000000e+00 1.000000e-01
5.572050e+03 0.000000e+00 1.000000e+00 1.000000e-01
5.572060e+03 0.000000e+00 1.000000e+00 1.000000e-01
5.572070e+03 0.000000e+00 1.000000e+00 1.000000e-01
5.572080e+03 0.000000e+00 1.000000e+00 1.000000e-01
5.572090e+03 0.000000e+00 1.000000e+00 1.000000e-01
5.572100e+03 0.000000e+00 1.000000e+00 1.000000e-01
5.572110e+03 0.000000e+00 1.000000e+00 1.000000e-01
5.572120e+03 0.000000e+00 1.000000e+00 1.000000e-01
5.572130e+03 0.000000e+00 1.000000e+00 1.000000e-01
5.572140e+03 0.000000e+00 1.000000e+00 1.000000e-01
5.572150e+03 0.000000e+00 1.000000e+00 1.000000e-01
5.572160e+03 0.000000e+00 1.000000e+00 1.000000e-01
5.572170e+03 0.000000e+00 1.000000e+00 1.000000e-01
5.572180e+03 0.000000e+00 1.000000e+00 1.000000e-01
5.572190e+03 0.000000e+00 1.000000e+00 1.000000e-01
5.572200e+03 0.000000e+00 1.000000e+00 1.000000e-01
5.572210e+03 0.000000e+00 1.000000e+00 1.000000e-01
5.572220e+03 0.000000e+00 1.000000e+00 1.000000e-01
5.572230e+03 0.000000e+00 1.000000e+00 1.000000e-01
5.572240e+03 0.000000e+00 1.000000e+00 1.000000e-01
5.572250e+03 0.000000e+00 1.000000e+00 1.000000e-01
5.572260e+03 0.000000e+00 1.000000e+00 1.000000e-01
5.572270e+03 0.000000e+00 1.000000e+00 1.000000e-01
5.572280e+03 0.000000e+00 1.000000e+00 1.000000e-01
5.572290e+03 0.000000e+00 1.000000e+00 1.000000e-01
5.572300e+03 0.000000e+00 1.000000e+00 1.000000e-01
5.572310e+03 0.000000e+00 1.000000e+00 1.000000e-01
5.572320e+03 0.000000e+00 1.000000e+00 1.000000e-01
5.572330e+03 0.000000e+00 1.000000e+00 1.000000e-01
5.572340e+03 0.000000e+00 1.000000e+00 1.000000e-01
5.572350e+03 0.000000e+00 1.000000e+00 1.000000e-01
5.572360e+03 0.000000e+00 1.000000e+00 1.000000e-01
5.572370e+03 0.000000e+00 1.000000e+00 1.000000e-01
5.572380e+03 0.000000e+00 1.000000e+00 1.000000e-01
5.572390e+03 0.000000e+00 1.000000e+00 1.000000e-01
5.572400e+03 0.000000e+00 1.000000e+00 1.000000e-01
5.572410e+03 0.000000e+00 1.000000e+00 1.000000e-01
5.572420e+03 0.000000e+00 1.000000e+00 1.000000e-01
5.572430e+03 0.000000e+00 1.000000e+00 1.000000e-01
5.572440e+03 0.000000e+00 1.000000e+00 1.000000e-01
5.572450e+03 0.000000e+00 1.000000e+00 1.000000e-01
5.572460e+03 0.000000e+00 1.000000e+00 1.000000e-01
5.572470e+03 0.000000e+00 1.000000e+00 1.000000e-01
5.572480e+03 0.000000e+00 1.000000e+00 1.000000e-01
5.572490e+03 0.000000e+00 1.000000e+00 1.000000e-01
5.572500e+03 0.000000e+00 1.000000e+00 1.000000e-01
5.572510e+03 0.000000e+00 1.000000e+00 1.000000e-01
5.572520e+03 0.000000e+00 1.000000e+00 1.000000e-01
5.572530e+03 0.000000e+00 1.000000e+00 1.000000e-01
5.572540e+03 0.000000e+00 1.000000e+00 1.000000e-01
5.572550e+03 0.000000e+00 1.000000e+00 1.000000e-01
5.572560e+03 0.000000e+00 1.000000e+00 1.000000e-01
5.572570e+03 0.000000e+00 1.000000e+00 1.000000e-01
5.572580e+03 0.000000e+00 1.000000e+00 1.000000e-01
5.572590e+03 0.000000e+00 1.000000e+00 1.000000e-01
5.572600e+03 0.000000e+00 1.000000e+00 1.000000e-01
5.572610e+03 0.000000e+00 1.000000e+00 1.000000e-01
5.572620e+03 0.000000e+00 1.000000e+00 1.000000e-01
5.572630e+03 0.000000e+00 1.000000e+00 1.000000e-01
5.572640e+03 0.000000e+00 1.000000e+00 1.000000e-01
5.572650e+03 0.000000e+00 1.000000e+00 1.000000e-01
5.572660e+03 0.000000e+00 1.000000e+00 1.000000e-01
5.572670e+03 0.000000e+00 1.000000e+00 1.000000e-01
5.572680e+03 0.000000e+00 1.000000e+00 1.000000e-01
5.572690e+03 0.000000e+00 1.000000e+00 1.000000e-01
5.572700e+03 0.000000e+00 1.000000e+00 1.000000e-01
5.572710e+03 0.000000e+00 1.000000e+00 1.000000e-01
5.572720e+03 0.000000e+00 1.000000e+00 1.000000e-01
5.572730e+03 0.000000e+00 1.000000e+00 1.000000e-01
5.572740e+03 0.000000e+00 1.000000e+00 1.000000e-01
5.572750e+03 0.000000e+00 1.000000e+00 1.000000e-01
5.572760e+03 0.000000e+00 1.000000e+00 1.000000e-01
5.572770e+03 0.000000e+00 1.000000e+00 1.000000e-01
5.572780e+03 0.000000e+00 1.000000e+00 1.000000e-01
5.572790e+03 0.000000e+00 1.000000e+00 1.000000e-01
5.572800e+03 0.000000e+00 1.000000e+00 1.000000e-01
5.572810e+03 0.000000e+00 1.000000e+00 1.000000e-01
5.572820e+03 0.000000e+00 1.000000e+00 1.000000e-01
5.572830e+03 0.000000e+00 1.000000e+00 1.000000e-01
5.572840e+03 0.000000e+00 1.000000e+00 1.000000e-01
5.572850e+03 0.000000e+00 1.000000e+00 1.000000e-01
5.572860e+03 0.000000e+00 1.000000e+00 1.000000e-01
5.572870e+03 0.000000e+00 1.000000e+00 1.000000e-01
5.572880e+03 0.000000e+00 1.000000e+00 1.000000e-01
5.572890e+03 0.000000e+00 1.000000e+00 1.000000e-01
5.572900e+03 0.000000e+00 1.000000e+00 1.000000e-01
5.572910e+03 0.000000e+00 1.000000e+00 1.000000e-01
5.572920e+03 0.000000e+00 1.000000e+00 1.000000e-01
5.572930e+03 0.000000e+00 1.000000e+00 1.000000e-01
5.572940e+03 0.000000e+00 1.000000e+00 1.000000e-01
5.572950e+03 0.000000e+00 1.000000e+00 1.000000e-01
5.572960e+03 0.000000e+00 1.000000e+00 1.000000e-01
5.572970e+03 0.000000e+00 1.000000e+00 1.000000e-01
5.572980e+03 0.000000e+00 1.000000e+00 1.000000e-01
5.572990e+03 0.000000e+00 1.000000e+00 1.000000e-01
5.573000e+03 0.000000e+00 1.000000e+00 1.000000e-01
5.573010e+03 0.000000e+00 1.000000e+00 1.000000e-01
5.573020e+03 0.000000e+00 1.000000e+00 1.000000e-01
5.573030e+03 0.000000e+00 1.000000e+00 1.000000e-01
5.573040e+03 0.000000e+00 1.000000e+00 1.000000e-01
5.573050e+03 0.000000e+00 1.000000e+00 1.000000e-01
5.573060e+03 0.000000e+00 1.000000e+00 1.000000e-01
5.573070e+03 0.000000e+00 1.000000e+00 1.000000e-01
5.573080e+03 0.000000e+00 1.000000e+00 1.000000e-01
5.573090e+03 0.000000e+00 1.000000e+00 1.000000e-01
5.573100e+03 0.000000e+00 1.000000e+00 1.000000e-01
5.573110e+03 0.000000e+00 1.000000e+00 1.000000e-01
5.573120e+03 0.000000e+00 1.000000e+00 1.000000e-01
5.573130e+03 0.000000e+00 1.000000e+00 1.000000e-01
5.573140e+03 0.000000e+00 1.000000e+00 1.000000e-01
5.573150e+03 0.000000e+00 1.000000e+00 1.000000e-01
5.573160e+03 0.000000e+00 1.000000e+00 1.000000e-01
5.573170e+03 0.000000e+00 1.000000e+00 1.000000e-01
5.573180e+03 0.000000e+00 1.000000e+00 1.000000e-01
5.573190e+03 0.000000e+00 1.000000e+00 1.000000e-01
5.573200e+03 0.000000e+00 1.000000e+00 1.000000e-01
5.573210e+03 0.000000e+00 1.000000e+00 1.000000e-01
5.573220e+03 0.000000e+00 1.000000e+00 1.000000e-01
5.573230e+03 0.000000e+00 1.000000e+00 1.000000e-01
5.573240e+03 0.000000e+00 1.000000e+00 1.000000e-01
5.573250e+03 0.000000e+00 1.000000e+00 1.000000e-01
5.573260e+03 0.000000e+00 1.000000e+00 1.000000e-01
5.573270e+03 0.000000e+00 1.000000e+00 1.000000e-01
5.573280e+03 0.000000e+00 1.000000e+00 1.000000e-01
5.573290e+03 0.000000e+00 1.000000e+00 1.000000e-01
5.573300e+03 0.000000e+00 1.000000e+00 1.000000e-01
5.573310e+03 0.000000e+00 1.000000e+00 1.000000e-01
5.573320e+03 0.000000e+00 1.000000e+00 1.000000e-01
5.573330e+03 0.000000e+00 1.000000e+00 1.000000e-01
5.573340e+03 0.000000e+00 1.000000e+00 1.000000e-01
5.573350e+03 0.000000e+00 1.000000e+00 1.000000e-01
5.573360e+03 0.000000e+00 1.000000e+00 1.000000e-01
5.573370e+03 0.000000e+00 1.000000e+00 1.000000e-01
5.573380e+03 0.000000e+00 1.000000e+00 1.000000e-01
5.573390e+03 0.000000e+00 1.000000e+00 1.000000e-01
5.573400e+03 0.000000e+00 1.000000e+00 1.000000e-01
5.573410e+03 0.000000e+00 1.000000e+00 1.000000e-01
5.573420e+03 0.000000e+00 1.000000e+00 1.000000e-01
5.573430e+03 0.000000e+00 1.000000e+00 1.000000e-01
5.573440e+03 0.000000e+00 1.000000e+00 1.000000e-01
5.573450e+03 0.000000e+00 1.000000e+00 1.000000e-01
5.573460e+03 0.000000e+00 1.000000e+00 1.000000e-01
5.573470e+03 0.000000e+00 1.000000e+00 1.000000e-01
5.573480e+03 0.000000e+00 1.000000e+00 1.000000e-01
5.573490e+03 0.000000e+00 1.000000e+00 1.000000e-01
5.573500e+03 0.000000e+00 1.000000e+00 1.000000e-01
5.573510e+03 0.000000e+00 1.000000e+00 1.000000e-01
5.573520e+03 0.000000e+00 1.000000e+00 1.000000e-01
5.573530e+03 0.000000e+00 1.000000e+00 1.000000e-01
5.573540e+03 0.000000e+00 1.000000e+00 1.000000e-01
5.573550e+03 0.000000e+00 1.000000e+00 1.000000e-01
5.573560e+03 0.000000e+00 1.000000e+00 1.000000e-01
5.573570e+03 0.000000e+00 1.000000e+00 1.000000e-01
5.573580e+03 0.000000e+00 1.000000e+00 1.000000e-01
5.573590e+03 0.000000e+00 1.000000e+00 1.000000e-01
5.573600e+03 0.000000e+00 1.000000e+00 1.000000e-01
5.573610e+03 0.000000e+00 1.000000e+00 1.000000e-01
5.573620e+03 0.000000e+00 1.000000e+00 1.000000e-01
5.573630e+03 0.000000e+00 1.000000e+00 1.000000e-01
5.573640e+03 0.000000e+00 1.000000e+00 1.000000e-01
5.573650e+03 0.000000e+00 1.000000e+00 1.000000e-01
5.573660e+03 0.000000e+00 1.000000e+00 1.000000e-01
5.573670e+03 0.000000e+00 1.000000e+00 1.000000e-01
5.573680e+03 0.000000e+00 1.000000e+00 1.000000e-01
5.573690e+03 0.000000e+00 1.000000e+00 1.000000e-01
5.573700e+03 0.000000e+00 1.000000e+00 1.000000e-01
5.573710e+03 0.000000e+00 1.000000e+00 1.000000e-01
5.573720e+03 0.000000e+00 1.000000e+00 1.000000e-01
5.573730e+03 0.000000e+00 1.000000e+00 1.000000e-01
5.573740e+03 0.000000e+00 1.000000e+00 1.000000e-01
5.573750e+03 0.000000e+00 1.000000e+00 1.000000e-01
5.573760e+03 0.000000e+00 1.000000e+00 1.000000e-01
5.573770e+03 0.000000e+00 1.000000e+00 1.000000e-01
5.573780e+03 0.000000e+00 1.000000e+00 1.000000e-01
5.573790e+03 0.000000e+00 1.000000e+00 1.000000e-01
5.573800e+03 0.000000e+00 1.000000e+00 1.000000e-01
5.573810e+03 0.000000e+00 1.000000e+00 1.000000e-01
5.573820e+03 0.000000e+00 1.000000e+00 1.000000e-01
5.573830e+03 0.000000e+00 1.000000e+00 1.000000e-01
5.573840e+03 0.000000e+00 1.000000e+00 1.000000e-01
5.573850e+03 0.000000e+00 1.000000e+00 1.000000e-01
5.573860e+03 0.000000e+00 1.000000e+00 1.000000e-01
5.573870e+03 0.000000e+00 1.000000e+00 1.000000e-01
5.573880e+03 0.000000e+00 1.000000e+00 1.000000e-01
5.573890e+03 0.000000e+00 1.000000e+00 1.000000e-01
5.573900e+03 0.000000e+00 1.000000e+00 1.000000e-01
5.573910e+03 0.000000e+00 1.000000e+00 1.000000e-01
5.573920e+03 0.000000e+00 1.000000e+00 1.000000e-01
5.573930e+03 0.000000e+00 1.000000e+00 1.000000e-01
5.573940e+03 0.000000e+00 1.000000e+00 1.000000e-01
5.573950e+03 0.000000e+00 1.000000e+00 1.000000e-01
5.573960e+03 0.000000e+00 1.000000e+00 1.000000e-01
5.573970e+03 0.000000e+00 1.000000e+00 1.000000e-01
5.573980e+03 0.000000e+00 1.000000e+00 1.000000e-01
5.573990e+03 0.000000e+00 1.000000e+00 1.000000e-01
5.574000e+03 0.000000e+00 1.000000e+00 1.000000e-01
5.574010e+03 0.000000e+00 1.000000e+00 1.000000e-01
5.574020e+03 0.000000e+00 1.000000e+00 1.000000e-01
5.574030e+03 0.000000e+00 1.000000e+00 1.000000e-01
5.574040e+03 0.000000e+00 1.000000e+00 1.000000e-01
5.574050e+03 0.000000e+00 1.000000e+00 1.000000e-01
5.574060e+03 0.000000e+00 1.000000e+00 1.000000e-01
5.574070e+03 0.000000e+00 1.000000e+00 1.000000e-01
5.574080e+03 0.000000e+00 1.000000e+00 1.000000e-01
5.574090e+03 0.000000e+00 1.000000e+00 1.000000e-01
5.574100e+03 0.000000e+00 1.000000e+00 1.000000e-01
5.574110e+03 0.000000e+00 1.000000e+00 1.000000e-01
5.574120e+03 0.000000e+00 1.000000e+00 1.000000e-01
5.574130e+03 0.000000e+00 1.000000e+00 1.000000e-01
5.574140e+03 0.000000e+00 1.000000e+00 1.000000e-01
5.574150e+03 0.000000e+00 1.000000e+00 1.000000e-01
5.574160e+03 0.000000e+00 1.000000e+00 1.000000e-01
5.574170e+03 0.000000e+00 1.000000e+00 1.000000e-01
5.574180e+03 0.000000e+00 1.000000e+00 1.000000e-01
5.574190e+03 0.000000e+00 1.000000e+00 1.000000e-01
5.574200e+03 0.000000e+00 1.000000e+00 1.000000e-01
5.574210e+03 0.000000e+00 1.000000e+00 1.000000e-01
5.574220e+03 0.000000e+00 1.000000e+00 1.000000e-01
5.574230e+03 0.000000e+00 1.000000e+00 1.000000e-01
5.574240e+03 0.000000e+00 1.000000e+00 1.000000e-01
5.574250e+03 0.000000e+00 1.000000e+00 1.000000e-01
5.574260e+03 0.000000e+00 1.000000e+00 1.000000e-01
5.574270e+03 0.000000e+00 1.000000e+00 1.000000e-01
5.574280e+03 0.000000e+00 1.000000e+00 1.000000e-01
5.574290e+03 0.000000e+00 1.000000e+00 1.000000e-01
5.574300e+03 0.000000e+00 1.000000e+00 1.000000e-01
5.574310e+03 0.000000e+00 1.000000e+00 1.000000e-01
5.574320e+03 0.000000e+00 1.000000e+00 1.000000e-01
5.574330e+03 0.000000e+00 1.000000e+00 1.000000e-01
5.574340e+03 0.000000e+00 1.000000e+00 1.000000e-01
5.574350e+03 0.000000e+00 1.000000e+00 1.000000e-01
5.574360e+03 0.000000e+00 1.000000e+00 1.000000e-01
5.574370e+03 0.000000e+00 1.000000e+00 1.000000e-01
5.574380e+03 0.000000e+00 1.000000e+00 1.000000e-01
5.574390e+03 0.000000e+00 1.000000e+00 1.000000e-01
5.574400e+03 0.000000e+00 1.000000e+00 1.000000e-01
5.574410e+03 0.000000e+00 1.000000e+00 1.000000e-01
5.574420e+03 0.000000e+00 1.000000e+00 1.000000e-01
5.574430e+03 0.000000e+00 1.000000e+00 1.000000e-01
5.574440e+03 0.000000e+00 1.000000e+00 1.000000e-01
5.574450e+03 0.000000e+00 1.000000e+00 1.000000e-01
5.574460e+03 0.000000e+00 1.000000e+00 1.000000e-01
5.574470e+03 0.000000e+00 1.000000e+00 1.000000e-01
5.574480e+03 0.000000e+00 1.000000e+00 1.000000e-01
5.574490e+03 0.000000e+00 1.000000e+00 1.000000e-01
5.574500e+03 0.000000e+00 1.000000e+00 1.000000e-01
5.574510e+03 0.000000e+00 1.000000e+00 1.000000e-01
5.574520e+03 0.000000e+00 1.000000e+00 1.000000e-01
5.574530e+03 0.000000e+00 1.000000e+00 1.000000e-01
5.574540e+03 0.000000e+00 1.000000e+00 1.000000e-01
5.574550e+03 0.000000e+00 1.000000e+00 1.000000e-01
5.574560e+03 0.000000e+00 1.000000e+00 1.000000e-01
5.574570e+03 0.000000e+00 1.000000e+00 1.000000e-01
5.574580e+03 0.000000e+00 1.000000e+00 1.000000e-01
5.574590e+03 0.000000e+00 1.000000e+00 1.000000e-01
5.574600e+03 0.000000e+00 1.000000e+00 1.000000e-01
5.574610e+03 0.000000e+00 1.000000e+00 1.000000e-01
5.574620e+03 0.000000e+00 1.000000e+00 1.000000e-01
5.574630e+03 0.000000e+00 1.000000e+00 1.000000e-01
5.574640e+03 0.000000e+00 1.000000e+00 1.000000e-01
5.574650e+03 0.000000e+00 1.000000e+00 1.000000e-01
5.574660e+03 0.000000e+00 1.000000e+00 1.000000e-01
5.574670e+03 0.000000e+00 1.000000e+00 1.000000e-01
5.574680e+03 0.000000e+00 1.000000e+00 1.000000e-01
5.574690e+03 0.000000e+00 1.000000e+00 1.000000e-01
5.574700e+03 0.000000e+00 1.000000e+00 1.000000e-01
5.574710e+03 0.000000e+00 1.000000e+00 1.000000e-01
5.574720e+03 0.000000e+00 1.000000e+00 1.000000e-01
5.574730e+03 0.000000e+00 1.000000e+00 1.000000e-01
5.574740e+03 0.000000e+00 1.000000e+00 1.000000e-01
5.574750e+03 0.000000e+00 1.000000e+00 1.000000e-01
5.574760e+03 0.000000e+00 1.000000e+00 1.000000e-01
5.574770e+03 0.000000e+00 1.000000e+00 1.000000e-01
5.574780e+03 0.000000e+00 1.000000e+00 1.000000e-01
5.574790e+03 0.000000e+00 1.000000e+00 1.000000e-01
5.574800e+03 0.000000e+00 1.000000e+00 1.000000e-01
5.574810e+03 0.000000e+00 1.000000e+00 1.000000e-01
5.574820e+03 0.000000e+00 1.000000e+00 1.000000e-01
5.574830e+03 0.000000e+00 1.000000e+00 1.000000e-01
5.574840e+03 0.000000e+00 1.000000e+00 1.000000e-01
5.574850e+03 0.000000e+00 1.000000e+00 1.000000e-01
5.574860e+03 0.000000e+00 1.000000e+00 1.000000e-01
5.574870e+03 0.000000e+00 1.000000e+00 1.000000e-01
5.574880e+03 0.000000e+00 1.000000e+00 1.000000e-01
5.574890e+03 0.000000e+00 1.000000e+00 1.000000e-01
5.574900e+03 0.000000e+00 1.000000e+00 1.000000e-01
5.574910e+03 0.000000e+00 1.000000e+00 1.000000e-01
5.574920e+03 0.000000e+00 1.000000e+00 1.000000e-01
5.574930e+03 0.000000e+00 1.000000e+00 1.000000e-01
5.574940e+03 0.000000e+00 1.000000e+00 1.000000e-01
5.574950e+03 0.000000e+00 1.000000e+00 1.000000e-01
5.574960e+03 0.000000e+00 1.000000e+00 1.000000e-01
5.574970e+03 0.000000e+00 1.000000e+00 1.000000e-01
5.574980e+03 0.000000e+00 1.000000e+00 1.000000e-01
5.574990e+03 0.000000e+00 1.000000e+00 1.000000e-01
5.575000e+03 0.000000e+00 1.000000e+00 1.000000e-01
5.575010e+03 0.000000e+00 1.000000e+00 1.000000e-01
5.575020e+03 0.000000e+00 1.000000e+00 1.000000e-01
5.575030e+03 0.000000e+00 1.000000e+00 1.000000e-01
5.575040e+03 0.000000e+00 1.000000e+00 1.000000e-01
5.575050e+03 0.000000e+00 1.000000e+00 1.000000e-01
5.575060e+03 0.000000e+00 1.000000e+00 1.000000e-01
5.575070e+03 0.000000e+00 1.000000e+00 1.000000e-01
5.575080e+03 0.000000e+00 1.000000e+00 1.000000e-01
5.575090e+03 0.000000e+00 1.000000e+00 1.000000e-01
5.575100e+03 0.000000e+00 1.000000e+00 1.000000e-01
5.575110e+03 0.000000e+00 1.000000e+00 1.000000e-01
5.575120e+03 0.000000e+00 1.000000e+00 1.000000e-01
5.575130e+03 0.000000e+00 1.000000e+00 1.000000e-01
5.575140e+03 0.000000e+00 1.000000e+00 1.000000e-01
5.575150e+03 0.000000e+00 1.000000e+00 1.000000e-01
5.575160e+03 0.000000e+00 1.000000e+00 1.000000e-01
5.575170e+03 0.000000e+00 1.000000e+00 1.000000e-01
5.575180e+03 0.000000e+00 1.000000e+00 1.000000e-01
5.575190e+03 0.000000e+00 1.000000e+00 1.000000e-01
5.575200e+03 0.000000e+00 1.000000e+00 1.000000e-01
5.575210e+03 0.000000e+00 1.000000e+00 1.000000e-01
5.575220e+03 0.000000e+00 1.000000e+00 1.000000e-01
5.575230e+03 0.000000e+00 1.000000e+00 1.000000e-01
5.575240e+03 0.000000e+00 1.000000e+00 1.000000e-01
5.575250e+03 0.000000e+00 1.000000e+00 1.000000e-01
5.575260e+03 0.000000e+00 1.000000e+00 1.000000e-01
5.575270e+03 0.000000e+00 1.000000e+00 1.000000e-01
5.575280e+03 0.000000e+00 1.000000e+00 1.000000e-01
5.575290e+03 0.000000e+00 1.000000e+00 1.000000e-01
5.575300e+03 0.000000e+00 1.000000e+00 1.000000e-01
5.575310e+03 0.000000e+00 1.000000e+00 1.000000e-01
5.575320e+03 0.000000e+00 1.000000e+00 1.000000e-01
5.575330e+03 0.000000e+00 1.000000e+00 1.000000e-01
5.575340e+03 0.000000e+00 1.000000e+00 1.000000e-01
5.575350e+03 0.000000e+00 1.000000e+00 1.000000e-01
5.575360e+03 0.000000e+00 1.000000e+00 1.000000e-01
5.575370e+03 0.000000e+00 1.000000e+00 1.000000e-01
5.575380e+03 0.000000e+00 1.000000e+00 1.000000e-01
5.575390e+03 0.000000e+00 1.000000e+00 1.000000e-01
5.575400e+03 0.000000e+00 1.000000e+00 1.000000e-01
5.575410e+03 0.000000e+00 1.000000e+00 1.000000e-01
5.575420e+03 0.000000e+00 1.000000e+00 1.000000e-01
5.575430e+03 0.000000e+00 1.000000e+00 1.000000e-01
5.575440e+03 0.000000e+00 1.000000e+00 1.000000e-01
5.575450e+03 0.000000e+00 1.000000e+00 1.000000e-01
5.575460e+03 0.000000e+00 1.000000e+00 1.000000e-01
5.575470e+03 0.000000e+00 1.000000e+00 1.000000e-01
5.575480e+03 0.000000e+00 1.000000e+00 1.000000e-01
5.575490e+03 0.000000e+00 1.000000e+00 1.000000e-01
5.575500e+03 0.000000e+00 1.000000e+00 1.000000e-01
5.575510e+03 0.000000e+00 1.000000e+00 1.000000e-01
5.575520e+03 0.000000e+00 1.000000e+00 1.000000e-01
5.575530e+03 0.000000e+00 1.000000e+00 1.000000e-01
5.575540e+03 0.000000e+00 1.000000e+00 1.000000e-01
5.575550e+03 0.000000e+00 1.000000e+00 1.000000e-01
5.575560e+03 0.000000e+00 1.000000e+00 1.000000e-01
5.575570e+03 0.000000e+00 1.000000e+00 1.000000e-01
5.575580e+03 0.000000e+00 1.000000e+00 1.000000e-01
5.575590e+03 0.000000e+00 1.000000e+00 1.000000e-01
5.575600e+03 0.000000e+00 1.000000e+00 1.000000e-01
5.575610e+03 0.000000e+00 1.000000e+00 1.000000e-01
5.575620e+03 0.000000e+00 1.000000e+00 1.000000e-01
5.575630e+03 0.000000e+00 1.000000e+00 1.000000e-01
5.575640e+03 0.000000e+00 1.000000e+00 1.000000e-01
5.575650e+03 0.000000e+00 1.000000e+00 1.000000e-01
5.575660e+03 0.000000e+00 1.000000e+00 1.000000e-01
5.575670e+03 0.000000e+00 1.000000e+00 1.000000e-01
5.575680e+03 0.000000e+00 1.000000e+00 1.000000e-01
5.575690e+03 0.000000e+00 1.000000e+00 1.000000e-01
5.575700e+03 0.000000e+00 1.000000e+00 1.000000e-01
5.575710e+03 0.000000e+00 1.000000e+00 1.000000e-01
5.575720e+03 0.000000e+00 1.000000e+00 1.000000e-01
5.575730e+03 0.000000e+00 1.000000e+00 1.000000e-01
5.575740e+03 0.000000e+00 1.000000e+00 1.000000e-01
5.575750e+03 0.000000e+00 1.000000e+00 1.000000e-01
5.575760e+03 0.000000e+00 1.000000e+00 1.000000e-01
5.575770e+03 0.000000e+00 1.000000e+00 1.000000e-01
5.575780e+03 0.000000e+00 1.000000e+00 1.000000e-01
5.575790e+03 0.000000e+00 1.000000e+00 1.000000e-01
5.575800e+03 0.000000e+00 1.000000e+00 1.000000e-01
5.575810e+03 0.000000e+00 1.000000e+00 1.000000e-01
5.575820e+03 0.000000e+00 1.000000e+00 1.000000e-01
5.575830e+03 0.000000e+00 1.000000e+00 1.000000e-01
5.575840e+03 0.000000e+00 1.000000e+00 1.000000e-01
5.575850e+03 0.000000e+00 1.000000e+00 1.000000e-01
5.575860e+03 0.000000e+00 1.000000e+00 1.000000e-01
5.575870e+03 0.000000e+00 1.000000e+00 1.000000e-01
5.575880e+03 0.000000e+00 1.000000e+00 1.000000e-01
5.575890e+03 0.000000e+00 1.000000e+00 1.000000e-01
5.575900e+03 0.000000e+00 1.000000e+00 1.000000e-01
5.575910e+03 0.000000e+00 1.000000e+00 1.000000e-01
5.575920e+03 0.000000e+00 1.000000e+00 1.000000e-01
5.575930e+03 0.000000e+00 1.000000e+00 1.000000e-01
5.575940e+03 0.000000e+00 1.000000e+00 1.000000e-01
5.575950e+03 0.000000e+00 1.000000e+00 1.000000e-01
5.575960e+03 0.000000e+00 1.000000e+00 1.000000e-01
5.575970e+03 0.000000e+00 1.000000e+00 1.000000e-01
5.575980e+03 0.000000e+00 1.000000e+00 1.000000e-01
5.575990e+03 0.000000e+00 1.000000e+00 1.000000e-01
5.576000e+03 0.000000e+00 1.000000e+00 1.000000e-01
5.576010e+03 0.000000e+00 1.000000e+00 1.000000e-01
5.576020e+03 0.000000e+00 1.000000e+00 1.000000e-01
5.576030e+03 0.000000e+00 1.000000e+00 1.000000e-01
5.576040e+03 0.000000e+00 1.000000e+00 1.000000e-01
5.576050e+03 0.000000e+00 1.000000e+00 1.000000e-01
5.576060e+03 0.000000e+00 1.000000e+00 1.000000e-01
5.576070e+03 0.000000e+00 1.000000e+00 1.000000e-01
5.576080e+03 0.000000e+00 1.000000e+00 1.000000e-01
5.576090e+03 0.000000e+00 1.000000e+00 1.000000e-01
5.576100e+03 0.000000e+00 1.000000e+00 1.000000e-01
5.576110e+03 0.000000e+00 1.000000e+00 1.000000e-01
5.576120e+03 0.000000e+00 1.000000e+00 1.000000e-01
5.576130e+03 0.000000e+00 1.000000e+00 1.000000e-01
5.576140e+03 0.000000e+00 1.000000e+00 1.000000e-01
5.576150e+03 0.000000e+00 1.000000e+00 1.000000e-01
5.576160e+03 0.000000e+00 1.000000e+00 1.000000e-01
5.576170e+03 0.000000e+00 1.000000e+00 1.000000e-01
5.576180e+03 0.000000e+00 1.000000e+00 1.000000e-01
5.576190e+03 0.000000e+00 1.000000e+00 1.000000e-01
5.576200e+03 0.000000e+00 1.000000e+00 1.000000e-01
5.576210e+03 0.000000e+00 1.000000e+00 1.000000e-01
5.576220e+03 0.000000e+00 1.000000e+00 1.000000e-01
5.576230e+03 0.000000e+00 1.000000e+00 1.000000e-01
5.576240e+03 0.000000e+00 1.000000e+00 1.000000e-01
5.576250e+03 0.000000e+00 1.000000e+00 1.000000e-01
5.576260e+03 0.000000e+00 1.000000e+00 1.000000e-01
5.576270e+03 0.000000e+00 1.000000e+00 1.000000e-01
5.576280e+03 0.000000e+00 1.000000e+00 1.000000e-01
5.576290e+03 0.000000e+00 1.000000e+00 1.000000e-01
5.576300e+03 0.000000e+00 1.000000e+00 1.000000e-01
5.576310e+03 0.000000e+00 1.000000e+00 1.000000e-01
5.576320e+03 0.000000e+00 1.000000e+00 1.000000e-01
5.576330e+03 0.000000e+00 1.000000e+00 1.000000e-01
5.576340e+03 0.000000e+00 1.000000e+00 1.000000e-01
5.576350e+03 0.000000e+00 1.000000e+00 1.000000e-01
5.576360e+03 0.000000e+00 1.000000e+00 1.000000e-01
5.576370e+03 0.000000e+00 1.000000e+00 1.000000e-01
5.576380e+03 0.000000e+00 1.000000e+00 1.000000e-01
5.576390e+03 0.000000e+00 1.000000e+00 1.000000e-01
5.576400e+03 0.000000e+00 1.000000e+00 1.000000e-01
5.576410e+03 0.000000e+00 1.000000e+00 1.000000e-01
5.576420e+03 0.000000e+00 1.000000e+00 1.000000e-01
5.576430e+03 0.000000e+00 1.000000e+00 1.000000e-01
5.576440e+03 0.000000e+00 1.000000e+00 1.000000e-01
5.576450e+03 0.000000e+00 1.000000e+00 1.000000e-01
5.576460e+03 0.000000e+00 1.000000e+00 1.000000e-01
5.576470e+03 0.000000e+00 1.000000e+00 1.000000e-01
5.576480e+03 0.000000e+00 1.000000e+00 1.000000e-01
5.576490e+03 0.000000e+00 1.000000e+00 1.000000e-01
5.576500e+03 0.000000e+00 1.000000e+00 1.000000e-01
5.576510e+03 0.000000e+00 1.000000e+00 1.000000e-01
5.576520e+03 0.000000e+00 1.000000e+00 1.000000e-01
5.576530e+03 0.000000e+00 1.000000e+00 1.000000e-01
5.576540e+03 0.000000e+00 1.000000e+00 1.000000e-01
5.576550e+03 0.000000e+00 1.000000e+00 1.000000e-01
5.576560e+03 0.000000e+00 1.000000e+00 1.000000e-01
5.576570e+03 0.000000e+00 1.000000e+00 1.000000e-01
5.576580e+03 0.000000e+00 1.000000e+00 1.000000e-01
5.576590e+03 0.000000e+00 1.000000e+00 1.000000e-01
5.576600e+03 0.000000e+00 1.000000e+00 1.000000e-01
5.576610e+03 0.000000e+00 1.000000e+00 1.000000e-01
5.576620e+03 0.000000e+00 1.000000e+00 1.000000e-01
5.576630e+03 0.000000e+00 1.000000e+00 1.000000e-01
5.576640e+03 0.000000e+00 1.000000e+00 1.000000e-01
5.576650e+03 0.000000e+00 1.000000e+00 1.000000e-01
5.576660e+03 0.000000e+00 1.000000e+00 1.000000e-01
5.576670e+03 0.000000e+00 1.000000e+00 1.000000e-01
5.576680e+03 0.000000e+00 1.000000e+00 1.000000e-01
5.576690e+03 0.000000e+00 1.000000e+00 1.000000e-01
5.576700e+03 0.000000e+00 1.000000e+00 1.000000e-01
5.576710e+03 0.000000e+00 1.000000e+00 1.000000e-01
5.576720e+03 0.000000e+00 1.000000e+00 1.000000e-01
5.576730e+03 0.000000e+00 1.000000e+00 1.000000e-01
5.576740e+03 0.000000e+00 1.000000e+00 1.000000e-01
5.576750e+03 0.000000e+00 1.000000e+00 1.000000e-01
5.576760e+03 0.000000e+00 1.000000e+00 1.000000e-01
5.576770e+03 0.000000e+00 1.000000e+00 1.000000e-01
5.576780e+03 0.000000e+00 1.000000e+00 1.000000e-01
5.576790e+03 0.000000e+00 1.000000e+00 1.000000e-01
5.576800e+03 0.000000e+00 1.000000e+00 1.000000e-01
5.576810e+03 0.000000e+00 1.000000e+00 1.000000e-01
5.576820e+03 0.000000e+00 1.000000e+00 1.000000e-01
5.576830e+03 0.000000e+00 1.000000e+00 1.000000e-01
5.576840e+03 0.000000e+00 1.000000e+00 1.000000e-01
5.576850e+03 0.000000e+00 1.000000e+00 1.000000e-01
5.576860e+03 0.000000e+00 1.000000e+00 1.000000e-01
5.576870e+03 0.000000e+00 1.000000e+00 1.000000e-01
5.576880e+03 0.000000e+00 1.000000e+00 1.000000e-01
5.576890e+03 0.000000e+00 1.000000e+00 1.000000e-01
5.576900e+03 0.000000e+00 1.000000e+00 1.000000e-01
5.576910e+03 0.000000e+00 1.000000e+00 1.000000e-01
5.576920e+03 0.000000e+00 1.000000e+00 1.000000e-01
5.576930e+03 0.000000e+00 1.000000e+00 1.000000e-01
5.576940e+03 0.000000e+00 1.000000e+00 1.000000e-01
5.576950e+03 0.000000e+00 1.000000e+00 1.000000e-01
5.576960e+03 0.000000e+00 1.000000e+00 1.000000e-01
5.576970e+03 0.000000e+00 1.000000e+00 1.000000e-01
5.576980e+03 0.000000e+00 1.000000e+00 1.000000e-01
5.576990e+03 0.000000e+00 1.000000e+00 1.000000e-01
5.577000e+03 0.000000e+00 1.000000e+00 1.000000e-01
5.577010e+03 0.000000e+00 1.000000e+00 1.000000e-01
5.577020e+03 0.000000e+00 1.000000e+00 1.000000e-01
5.577030e+03 0.000000e+00 1.000000e+00 1.000000e-01
5.577040e+03 0.000000e+00 1.000000e+00 1.000000e-01
5.577050e+03 0.000000e+00 1.000000e+00 1.000000e-01
5.577060e+03 0.000000e+00 1.000000e+00 1.000000e-01
5.577070e+03 0.000000e+00 1.000000e+00 1.000000e-01
5.577080e+03 0.000000e+00 1.000000e+00 1.000000e-01
5.577090e+03 0.000000e+00 1.000000e+00 1.000000e-01
5.577100e+03 0.000000e+00 1.000000e+00 1.000000e-01
5.577110e+03 0.000000e+00 1.000000e+00 1.000000e-01
5.577120e+03 0.000000e+00 1.000000e+00 1.000000e-01
5.577130e+03 0.000000e+00 1.000000e+00 1.000000e-01
5.577140e+03 0.000000e+00 1.000000e+00 1.000000e-01
5.577150e+03 0.000000e+00 1.000000e+00 1.000000e-01
5.577160e+03 0.000000e+00 1.000000e+00 1.000000e-01
5.577170e+03 0.000000e+00 1.000000e+00 1.000000e-01
5.577180e+03 0.000000e+00 1.000000e+00 1.000000e-01
5.577190e+03 0.000000e+00 1.000000e+00 1.000000e-01
5.577200e+03 0.000000e+00 1.000000e+00 1.000000e-01
5.577210e+03 0.000000e+00 1.000000e+00 1.000000e-01
5.577220e+03 0.000000e+00 1.000000e+00 1.000000e-01
5.577230e+03 0.000000e+00 1.000000e+00 1.000000e-01
5.577240e+03 0.000000e+00 1.000000e+00 1.000000e-01
5.577250e+03 0.000000e+00 1.000000e+00 1.000000e-01
5.577260e+03 0.000000e+00 1.000000e+00 1.000000e-01
5.577270e+03 0.000000e+00 1.000000e+00 1.000000e-01
5.577280e+03 0.000000e+00 1.000000e+00 1.000000e-01
5.577290e+03 0.000000e+00 1.000000e+00 1.000000e-01
5.577300e+03 0.000000e+00 1.000000e+00 1.000000e-01
5.577310e+03 0.000000e+00 1.000000e+00 1.000000e-01
5.577320e+03 0.000000e+00 1.000000e+00 1.000000e-01
5.577330e+03 0.000000e+00 1.000000e+00 1.000000e-01
5.577340e+03 0.000000e+00 1.000000e+00 1.000000e-01
5.577350e+03 0.000000e+00 1.000000e+00 1.000000e-01
5.577360e+03 0.000000e+00 1.000000e+00 1.000000e-01
5.577370e+03 0.000000e+00 1.000000e+00 1.000000e-01
5.577380e+03 0.000000e+00 1.000000e+00 1.000000e-01
5.577390e+03 0.000000e+00 1.000000e+00 1.000000e-01
5.577400e+03 0.000000e+00 1.000000e+00 1.000000e-01
5.577410e+03 0.000000e+00 1.000000e+00 1.000000e-01
5.577420e+03 0.000000e+00 1.000000e+00 1.000000e-01
5.577430e+03 0.000000e+00 1.000000e+00 1.000000e-01
5.577440e+03 0.000000e+00 1.000000e+00 1.000000e-01
5.577450e+03 0.000000e+00 1.000000e+00 1.000000e-01
5.577460e+03 0.000000e+00 1.000000e+00 1.000000e-01
5.577470e+03 0.000000e+00 1.000000e+00 1.000000e-01
5.577480e+03 0.000000e+00 1.000000e+00 1.000000e-01
5.577490e+03 0.000000e+00 1.000000e+00 1.000000e-01
5.577500e+03 0.000000e+00 1.000000e+00 1.000000e-01
5.577510e+03 0.000000e+00 1.000000e+00 1.000000e-01
5.577520e+03 0.000000e+00 1.000000e+00 1.000000e-01
5.577530e+03 0.000000e+00 1.000000e+00 1.000000e-01
5.577540e+03 0.000000e+00 1.000000e+00 1.000000e-01
5.577550e+03 0.000000e+00 1.000000e+00 1.000000e-01
5.577560e+03 0.000000e+00 1.000000e+00 1.000000e-01
5.577570e+03 0.000000e+00 1.000000e+00 1.000000e-01
5.577580e+03 0.000000e+00 1.000000e+00 1.000000e-01
5.577590e+03 0.000000e+00 1.000000e+00 1.000000e-01
5.577600e+03 0.000000e+00 1.000000e+00 1.000000e-01
5.577610e+03 0.000000e+00 1.000000e+00 1.000000e-01
5.577620e+03 0.000000e+00 1.000000e+00 1.000000e-01
5.577630e+03 0.000000e+00 1.000000e+00 1.000000e-01
5.577640e+03 0.000000e+00 1.000000e+00 1.000000e-01
5.577650e+03 0.000000e+00 1.000000e+00 1.000000e-01
5.577660e+03 0.000000e+00 1.000000e+00 1.000000e-01
5.577670e+03 0.000000e+00 1.000000e+00 1.000000e-01
5.577680e+03 0.000000e+00 1.000000e+00 1.000000e-01
5.577690e+03 0.000000e+00 1.000000e+00 1.000000e-01
5.577700e+03 0.000000e+00 1.000000e+00 1.000000e-01
5.577710e+03 0.000000e+00 1.000000e+00 1.000000e-01
5.577720e+03 0.000000e+00 1.000000e+00 1.000000e-01
5.577730e+03 0.000000e+00 1.000000e+00 1.000000e-01
5.577740e+03 0.000000e+00 1.000000e+00 1.000000e-01
5.577750e+03 0.000000e+00 1.000000e+00 1.000000e-01
5.577760e+03 0.000000e+00 1.000000e+00 1.000000e-01
5.577770e+03 0.000000e+00 1.000000e+00 1.000000e-01
5.577780e+03 0.000000e+00 1.000000e+00 1.000000e-01
5.577790e+03 0.000000e+00 1.000000e+00 1.000000e-01
5.577800e+03 0.000000e+00 1.000000e+00 1.000000e-01
5.577810e+03 0.000000e+00 1.000000e+00 1.000000e-01
5.577820e+03 0.000000e+00 1.000000e+00 1.000000e-01
5.577830e+03 0.000000e+00 1.000000e+00 1.000000e-01
5.577840e+03 0.000000e+00 1.000000e+00 1.000000e-01
5.577850e+03 0.000000e+00 1.000000e+00 1.000000e-01
5.577860e+03 0.000000e+00 1.000000e+00 1.000000e-01
5.577870e+03 0.000000e+00 1.000000e+00 1.000000e-01
5.577880e+03 0.000000e+00 1.000000e+00 1.000000e-01
5.577890e+03 0.000000e+00 1.000000e+00 1.000000e-01
5.577900e+03 0.000000e+00 1.000000e+00 1.000000e-01
5.577910e+03 0.000000e+00 1.000000e+00 1.000000e-01
5.577920e+03 0.000000e+00 1.000000e+00 1.000000e-01
5.577930e+03 0.000000e+00 1.000000e+00 1.000000e-01
5.577940e+03 0.000000e+00 1.000000e+00 1.000000e-01
5.577950e+03 0.000000e+00 1.000000e+00 1.000000e-01
5.577960e+03 0.000000e+00 1.000000e+00 1.000000e-01
5.577970e+03 0.000000e+00 1.000000e+00 1.000000e-01
5.577980e+03 0.000000e+00 1.000000e+00 1.000000e-01
5.577990e+03 0.000000e+00 1.000000e+00 1.000000e-01
5.578000e+03 0.000000e+00 1.000000e+00 1.000000e-01
5.578010e+03 0.000000e+00 1.000000e+00 1.000000e-01
5.578020e+03 0.000000e+00 1.000000e+00 1.000000e-01
5.578030e+03 0.000000e+00 1.000000e+00 1.000000e-01
5.578040e+03 0.000000e+00 1.000000e+00 1.000000e-01
5.578050e+03 0.000000e+00 1.000000e+00 1.000000e-01
5.578060e+03 0.000000e+00 1.000000e+00 1.000000e-01
5.578070e+03 0.000000e+00 1.000000e+00 1.000000e-01
5.578080e+03 0.000000e+00 1.000000e+00 1.000000e-01
5.578090e+03 0.000000e+00 1.000000e+00 1.000000e-01
5.578100e+03 0.000000e+00 1.000000e+00 1.000000e-01
5.578110e+03 0.000000e+00 1.000000e+00 1.000000e-01
5.578120e+03 0.000000e+00 1.000000e+00 1.000000e-01
5.578130e+03 0.000000e+00 1.000000e+00 1.000000e-01
5.578140e+03 0.000000e+00 1.000000e+00 1.000000e-01
5.578150e+03 0.000000e+00 1.000000e+00 1.000000e-01
5.578160e+03 0.000000e+00 1.000000e+00 1.000000e-01
5.578170e+03 0.000000e+00 1.000000e+00 1.000000e-01
5.578180e+03 0.000000e+00 1.000000e+00 1.000000e-01
5.578190e+03 0.000000e+00 1.000000e+00 1.000000e-01
5.578200e+03 0.000000e+00 1.000000e+00 1.000000e-01
5.578210e+03 0.000000e+00 1.000000e+00 1.000000e-01
5.578220e+03 0.000000e+00 1.000000e+00 1.000000e-01
5.578230e+03 0.000000e+00 1.000000e+00 1.000000e-01
5.578240e+03 0.000000e+00 1.000000e+00 1.000000e-01
5.578250e+03 0.000000e+00 1.000000e+00 1.000000e-01
5.578260e+03 0.000000e+00 1.000000e+00 1.000000e-01
5.578270e+03 0.000000e+00 1.000000e+00 1.000000e-01
5.578280e+03 0.000000e+00 1.000000e+00 1.000000e-01
5.578290e+03 0.000000e+00 1.000000e+00 1.000000e-01
5.578300e+03 0.000000e+00 1.000000e+00 1.000000e-01
5.578310e+03 0.000000e+00 1.000000e+00 1.000000e-01
5.578320e+03 0.000000e+00 1.000000e+00 1.000000e-01
5.578330e+03 0.000000e+00 1.000000e+00 1.000000e-01
5.578340e+03 0.000000e+00 1.000000e+00 1.000000e-01
5.578350e+03 0.000000e+00 1.000000e+00 1.000000e-01
5.578360e+03 0.000000e+00 1.000000e+00 1.000000e-01
5.578370e+03 0.000000e+00 1.000000e+00 1.000000e-01
5.578380e+03 0.000000e+00 1.000000e+00 1.000000e-01
5.578390e+03 0.000000e+00 1.000000e+00 1.000000e-01
5.578400e+03 0.000000e+00 1.000000e+00 1.000000e-01
5.578410e+03 0.000000e+00 1.000000e+00 1.000000e-01
5.578420e+03 0.000000e+00 1.000000e+00 1.000000e-01
5.578430e+03 0.000000e+00 1.000000e+00 1.000000e-01
5.578440e+03 0.000000e+00 1.000000e+00 1.000000e-01
5.578450e+03 0.000000e+00 1.000000e+00 1.000000e-01
5.578460e+03 0.000000e+00 1.000000e+00 1.000000e-01
5.578470e+03 0.000000e+00 1.000000e+00 1.000000e-01
5.578480e+03 0.000000e+00 1.000000e+00 1.000000e-01
5.578490e+03 0.000000e+00 1.000000e+00 1.000000e-01
5.578500e+03 0.000000e+00 1.000000e+00 1.000000e-01
5.578510e+03 0.000000e+00 1.000000e+00 1.000000e-01
5.578520e+03 0.000000e+00 1.000000e+00 1.000000e-01
5.578530e+03 0.000000e+00 1.000000e+00 1.000000e-01
5.578540e+03 0.000000e+00 1.000000e+00 1.000000e-01
5.578550e+03 0.000000e+00 1.000000e+00 1.000000e-01
5.578560e+03 0.000000e+00 1.000000e+00 1.000000e-01
5.578570e+03 0.000000e+00 1.000000e+00 1.000000e-01
5.578580e+03 0.000000e+00 1.000000e+00 1.000000e-01
5.578590e+03 0.000000e+00 1.000000e+00 1.000000e-01
5.578600e+03 0.000000e+00 1.000000e+00 1.000000e-01
5.578610e+03 0.000000e+00 1.000000e+00 1.000000e-01
5.578620e+03 0.000000e+00 1.000000e+00 1.000000e-01
5.578630e+03 0.000000e+00 1.000000e+00 1.000000e-01
5.578640e+03 0.000000e+00 1.000000e+00 1.000000e-01
5.578650e+03 0.000000e+00 1.000000e+00 1.000000e-01
5.578660e+03 0.000000e+00 1.000000e+00 1.000000e-01
5.578670e+03 0.000000e+00 1.000000e+00 1.000000e-01
5.578680e+03 0.000000e+00 1.000000e+00 1.000000e-01
5.578690e+03 0.000000e+00 1.000000e+00 1.000000e-01
5.578700e+03 0.000000e+00 1.000000e+00 1.000000e-01
5.578710e+03 0.000000e+00 1.000000e+00 1.000000e-01
5.578720e+03 0.000000e+00 1.000000e+00 1.000000e-01
5.578730e+03 0.000000e+00 1.000000e+00 1.000000e-01
5.578740e+03 0.000000e+00 1.000000e+00 1.000000e-01
5.578750e+03 0.000000e+00 1.000000e+00 1.000000e-01
5.578760e+03 0.000000e+00 1.000000e+00 1.000000e-01
5.578770e+03 0.000000e+00 1.000000e+00 1.000000e-01
5.578780e+03 0.000000e+00 1.000000e+00 1.000000e-01
5.578790e+03 0.000000e+00 1.000000e+00 1.000000e-01
5.578800e+03 0.000000e+00 1.000000e+00 1.000000e-01
5.578810e+03 0.000000e+00 1.000000e+00 1.000000e-01
5.578820e+03 0.000000e+00 1.000000e+00 1.000000e-01
5.578830e+03 0.000000e+00 1.000000e+00 1.000000e-01
5.578840e+03 0.000000e+00 1.000000e+00 1.000000e-01
5.578850e+03 0.000000e+00 1.000000e+00 1.000000e-01
5.578860e+03 0.000000e+00 1.000000e+00 1.000000e-01
5.578870e+03 0.000000e+00 1.000000e+00 1.000000e-01
5.578880e+03 0.000000e+00 1.000000e+00 1.000000e-01
5.578890e+03 0.000000e+00 1.000000e+00 1.000000e-01
5.578900e+03 0.000000e+00 1.000000e+00 1.000000e-01
5.578910e+03 0.000000e+00 1.000000e+00 1.000000e-01
5.578920e+03 0.000000e+00 1.000000e+00 1.000000e-01
5.578930e+03 0.000000e+00 1.000000e+00 1.000000e-01
5.578940e+03 0.000000e+00 1.000000e+00 1.000000e-01
5.578950e+03 0.000000e+00 1.000000e+00 1.000000e-01
5.578960e+03 0.000000e+00 1.000000e+00 1.000000e-01
5.578970e+03 0.000000e+00 1.000000e+00 1.000000e-01
5.578980e+03 0.000000e+00 1.000000e+00 1.000000e-01
5.578990e+03 0.000000e+00 1.000000e+00 1.000000e-01
5.579000e+03 0.000000e+00 1.000000e+00 1.000000e-01
5.579010e+03 0.000000e+00 1.000000e+00 1.000000e-01
5.579020e+03 0.000000e+00 1.000000e+00 1.000000e-01
5.579030e+03 0.000000e+00 1.000000e+00 1.000000e-01
5.579040e+03 0.000000e+00 1.000000e+00 1.000000e-01
5.579050e+03 0.000000e+00 1.000000e+00 1.000000e-01
5.579060e+03 0.000000e+00 1.000000e+00 1.000000e-01
5.579070e+03 0.000000e+00 1.000000e+00 1.000000e-01
5.579080e+03 2.604323e-04 9.997396e-01 9.998698e-02
5.579090e+03 2.609431e-04 9.997391e-01 9.998695e-02
5.579100e+03 2.614553e-04 9.997386e-01 9.998693e-02
5.579110e+03 2.619691e-04 9.997381e-01 9.998690e-02
5.579120e+03 2.624844e-04 9.997376e-01 9.998688e-02
5.579130e+03 2.630013e-04 9.997370e-01 9.998685e-02
5.579140e+03 2.635196e-04 9.997365e-01 9.998682e-02
5.579150e+03 2.640395e-04 9.997360e-01 9.998680e-02
5.579160e+03 2.645609e-04 9.997355e-01 9.998677e-02
5.579170e+03 2.650839e-04 9.997350e-01 9.998675e-02
5.579180e+03 2.656084e-04 9.997344e-01 9.998672e-02
5.579190e+03 2.661345e-04 9.997339e-01 9.998669e-02
5.579200e+03 2.666621e-04 9.997334e-01 9.998667e-02
5.579210e+03 2.671913e-04 9.997328e-01 9.998664e-02
5.579220e+03 2.677221e-04 9.997323e-01 9.998661e-02
5.579230e+03 2.682544e-04 9.997318e-01 9.998659e-02
5.579240e+03 2.687884e-04 9.997312e-01 9.998656e-02
5.579250e+03 2.693239e-04 9.997307e-01 9.998653e-02
5.579260e+03 2.698611e-04 9.997302e-01 9.998651e-02
5.579270e+03 2.703998e-04 9.997296e-01 9.998648e-02
5.579280e+03 2.709402e-04 9.997291e-01 9.998645e-02
5.579290e+03 2.714822e-04 9.997286e-01 9.998643e-02
5.579300e+03 2.720258e-04 9.997280e-01 9.998640e-02
5.579310e+03 2.725710e-04 9.997275e-01 9.998637e-02
5.579320e+03 2.731179e-04 9.997269e-01 9.998635e-02
5.579330e+03 2.736664e-04 9.997264e-01 9.998632e-02
5.579340e+03 2.742166e-04 9.997258e-01 9.998629e-02
5.579350e+03 2.747684e-04 9.997253e-01 9.998626e-02
5.579360e+03 3.885923e-04 9.996115e-01 9.998057e-02
5.579370e+03 3.822158e-04 9.996179e-01 9.998089e-02
5.579380e+03 2.764339e-04 9.997236e-01 9.998618e-02
5.579390e+03 2.769925e-04 9.997230e-01 9.998615e-02
5.579400e+03 2.775527e-04 9.997225e-01 9.998612e-02
5.579410e+03 2.781146e-04 9.997219e-01 9.998610e-02
5.579420e+03 2.786783e-04 9.997214e-01 9.998607e-02
5.579430e+03 2.792436e-04 9.997208e-01 9.998604e-02
5.579440e+03 2.798107e-04 9.997202e-01 9.998601e-02
5.579450e+03 2.803795e-04 9.997197e-01 9.998598e-02
5.579460e+03 2.809500e-04 9.997191e-01 9.998595e-02
5.579470e+03 2.815223e-04 9.997185e-01 9.998592e-02
5.579480e+03 2.820963e-04 9.997179e-01 9.998590e-02
5.579490e+03 2.826721e-04 9.997174e-01 9.998587e-02
5.579500e+03 2.832496e-04 9.997168e-01 9.998584e-02
5.579510e+03 2.838289e-04 9.997162e-01 9.998581e-02
5.579520e+03 2.844100e-04 9.997156e-01 9.998578e-02
5.579530e+03 2.849929e-04 9.997150e-01 9.998575e-02
5.579540e+03 2.855775e-04 9.997145e-01 9.998572e-02
5.579550e+03 2.861640e-04 9.997139e-01 9.998569e-02
5.579560e+03 2.867522e-04 9.997133e-01 9.998566e-02
5.579570e+03 2.873423e-04 9.997127e-01 9.998563e-02
5.579580e+03 2.879342e-04 9.997121e-01 9.998560e-02
5.579590e+03 2.885279e-04 9.997115e-01 9.998557e-02
5.579600e+03 6.284337e-04 9.993718e-01 9.996858e-02
5.579610e+03 6.296965e-04 9.993705e-01 9.996852e-02
5.579620e+03 6.309630e-04 9.993692e-01 9.996846e-02
5.579630e+03 6.322334e-04 9.993680e-01 9.996839e-02
5.579640e+03 6.335077e-04 9.993667e-01 9.996833e-02
5.579650e+03 6.347858e-04 9.993654e-01 9.996827e-02
5.579660e+03 6.360678e-04 9.993641e-01 9.996820e-02
5.579670e+03 6.373536e-04 9.993628e-01 9.996814e-02
5.579680e+03 6.386434e-04 9.993616e-01 9.996807e-02
5.579690e+03 6.399370e-04 9.993603e-01 9.996801e-02
5.579700e+03 6.412346e-04 9.993590e-01 9.996794e-02
5.579710e+03 6.425362e-04 9.993577e-01 9.996788e-02
5.579720e+03 6.438417e-04 9.993564e-01 9.996781e-02
5.579730e+03 6.451512e-04 9.993551e-01 9.996775e-02
5.579740e+03 6.464647e-04 9.993537e-01 9.996768e-02
5.579750e+03 6.477822e-04 9.993524e-01 9.996762e-02
5.579760e+03 6.491038e-04 9.993511e-01 9.996755e-02
5.579770e+03 6.504293e-04 9.993498e-01 9.996748e-02
5.579780e+03 6.517590e-04 9.993485e-01 9.996742e-02
5.579790e+03 6.530927e-04 9.993471e-01 9.996735e-02
5.579800e+03 6.544305e-04 9.993458e-01 9.996728e-02
5.579810e+03 6.557725e-04 9.993444e-01 9.996722e-02
5.579820e+03 6.571186e-04 9.993431e-01 9.996715e-02
5.579830e+03 6.584688e-04 9.993417e-01 9.996708e-02
5.579840e+03 6.598231e-04 9.993404e-01 9.996701e-02
5.579850e+03 6.611817e-04 9.993390e-01 9.996695e-02
5.579860e+03 6.625445e-04 9.993377e-01 9.996688e-02
5.579870e+03 6.639114e-04 9.993363e-01 9.996681e-02
5.579880e+03 6.652827e-04 9.993349e-01 9.996674e-02
5.579890e+03 6.666581e-04 9.993336e-01 9.996667e-02
5.579900e+03 6.680378e-04 9.993322e-01 9.996660e-02
5.579910e+03 6.694218e-04 9.993308e-01 9.996653e-02
5.579920e+03 6.708102e-04 9.993294e-01 9.996647e-02
5.579930e+03 6.722028e-04 9.993280e-01 9.996640e-02
5.579940e+03 6.735998e-04 9.993266e-01 9.996633e-02
5.579950e+03 6.750011e-04 9.993252e-01 9.996626e-02
5.579960e+03 6.764068e-04 9.993238e-01 9.996619e-02
5.579970e+03 6.778169e-04 9.993224e-01 9.996611e-02
5.579980e+03 6.792314e-04 9.993210e-01 9.996604e-02
5.579990e+03 6.806504e-04 9.993196e-01 9.996597e-02
5.580000e+03 6.820738e-04 9.993182e-01 9.996590e-02
5.580010e+03 6.835017e-04 9.993167e-01 9.996583e-02
5.580020e+03 6.849340e-04 9.993153e-01 9.996576e-02
5.580030e+03 6.863709e-04 9.993139e-01 9.996569e-02
5.580040e+03 6.878122e-04 9.993124e-01 9.996562e-02
5.580050e+03 6.892582e-04 9.993110e-01 9.996554e-02
5.580060e+03 6.907087e-04 9.993095e-01 9.996547e-02
5.580070e+03 6.921637e-04 9.993081e-01 9.996540e-02
5.580080e+03 6.936234e-04 9.993066e-01 9.996532e-02
5.580090e+03 6.950877e-04 9.993052e-01 9.996525e-02
5.580100e+03 6.965566e-04 9.993037e-01 9.996518e-02
5.580110e+03 6.981191e-04 9.993021e-01 9.996510e-02
5.580120e+03 6.995973e-04 9.993006e-01 9.996503e-02
5.580130e+03 7.009915e-04 9.992993e-01 9.996496e-02
5.580140e+03 7.024791e-04 9.992978e-01 9.996488e-02
5.580150e+03 7.039716e-04 9.992963e-01 9.996481e-02
5.580160e+03 7.054688e-04 9.992948e-01 9.996473e-02
5.580170e+03 7.069707e-04 9.992933e-01 9.996466e-02
5.580180e+03 7.084775e-04 9.992918e-01 9.996458e-02
5.580190e+03 7.099891e-04 9.992903e-01 9.996451e-02
5.580200e+03 7.115055e-04 9.992887e-01 9.996443e-02
5.580210e+03 7.130268e-04 9.992872e-01 9.996436e-02
5.580220e+03 7.145530e-04 9.992857e-01 9.996428e-02
5.580230e+03 7.160840e-04 9.992842e-01 9.996420e-02
5.580240e+03 7.176200e-04 9.992826e-01 9.996413e-02
5.580250e+03 7.191610e-04 9.992811e-01 9.996405e-02
5.580260e+03 7.207069e-04 9.992796e-01 9.996397e-02
5.580270e+03 7.222578e-04 9.992780e-01 9.996389e-02
5.580280e+03 7.238137e-04 9.992764e-01 9.996382e-02
5.580290e+03 7.253747e-04 9.992749e-01 9.996374e-02
5.580300e+03 7.269407e-04 9.992733e-01 9.996366e-02
5.580310e+03 7.285117e-04 9.992718e-01 9.996358e-02
5.580320e+03 7.300879e-04 9.992702e-01 9.996350e-02
5.580330e+03 7.316692e-04 9.992686e-01 9.996342e-02
5.580340e+03 7.332556e-04 9.992670e-01 9.996334e-02
5.580350e+03 7.348472e-04 9.992654e-01 9.996326e-02
5.580360e+03 1.016825e-03 9.989837e-01 9.994917e-02
5.580370e+03 1.018977e-03 9.989815e-01 9.994906e-02
5.580380e+03 1.021136e-03 9.989794e-01 9.994896e-02
5.580390e+03 1.023302e-03 9.989772e-01 9.994885e-02
5.580400e+03 1.025491e-03 9.989750e-01 9.994874e-02
5.580410e+03 1.027671e-03 9.989729e-01 9.994863e-02
5.580420e+03 1.029840e-03 9.989707e-01 9.994852e-02
5.580430e+03 1.032034e-03 9.989685e-01 9.994841e-02
5.580440e+03 1.034234e-03 9.989663e-01 9.994830e-02
5.580450e+03 1.036442e-03 9.989641e-01 9.994819e-02
5.580460e+03 1.038656e-03 9.989619e-01 9.994808e-02
5.580470e+03 1.040878e-03 9.989597e-01 9.994797e-02
5.580480e+03 1.043107e-03 9.989574e-01 9.994786e-02
5.580490e+03 1.045343e-03 9.989552e-01 9.994775e-02
5.580500e+03 1.047586e-03 9.989530e-01 9.994763e-02
5.580510e+03 1.049837e-03 9.989507e-01 9.994752e-02
5.580520e+03 1.052094e-03 9.989485e-01 9.994741e-02
5.580530e+03 1.054359e-03 9.989462e-01 9.994730e-02
5.580540e+03 1.056632e-03 9.989439e-01 9.994718e-02
5.580550e+03 1.058912e-03 9.989416e-01 9.994707e-02
5.580560e+03 1.061199e-03 9.989394e-01 9.994695e-02
5.580570e+03 1.063493e-03 9.989371e-01 9.994684e-02
5.580580e+03 1.065795e-03 9.989348e-01 9.994672e-02
5.580590e+03 1.068110e-03 9.989325e-01 9.994661e-02
5.580600e+03 1.070428e-03 9.989301e-01 9.994649e-02
5.580610e+03 1.072747e-03 9.989278e-01 9.994638e-02
5.580620e+03 1.075079e-03 9.989255e-01 9.994626e-02
5.580630e+03 1.077419e-03 9.989232e-01 9.994614e-02
5.580640e+03 1.079766e-03 9.989208e-01 9.994603e-02
5.580650e+03 1.082122e-03 9.989185e-01 9.994591e-02
5.580660e+03 1.084485e-03 9.989161e-01 9.994579e-02
5.580670e+03 1.086855e-03 9.989137e-01 9.994567e-02
5.580680e+03 1.089234e-03 9.989114e-01 9.994555e-02
5.580690e+03 1.091620e-03 9.989090e-01 9.994543e-02
5.580700e+03 1.094014e-03 9.989066e-01 9.994531e-02
5.580710e+03 1.096416e-03 9.989042e-01 9.994519e-02
5.580720e+03 1.098826e-03 9.989018e-01 9.994507e-02
5.580730e+03 1.101244e-03 9.988994e-01 9.994495e-02
5.580740e+03 1.103670e-03 9.988969e-01 9.994483e-02
5.580750e+03 1.106104e-03 9.988945e-01 9.994471e-02
5.580760e+03 1.108547e-03 9.988921e-01 9.994459e-02
5.580770e+03 1.110997e-03 9.988896e-01 9.994447e-02
5.580780e+03 1.113455e-03 9.988872e-01 9.994434e-02
5.580790e+03 1.116608e-03 9.988840e-01 9.994419e-02
5.580800e+03 1.119082e-03 9.988815e-01 9.994406e-02
5.580810e+03 1.120881e-03 9.988797e-01 9.994397e-02
5.580820e+03 1.422706e-03 9.985783e-01 9.992889e-02
5.580830e+03 1.425793e-03 9.985752e-01 9.992874e-02
5.580840e+03 1.428890e-03 9.985721e-01 9.992858e-02
5.580850e+03 1.431997e-03 9.985690e-01 9.992843e-02
5.580860e+03 1.435115e-03 9.985659e-01 9.992827e-02
5.580870e+03 1.438242e-03 9.985628e-01 9.992811e-02
5.580880e+03 1.441380e-03 9.985597e-01 9.992796e-02
5.580890e+03 1.444528e-03 9.985565e-01 9.992780e-02
5.580900e+03 1.447687e-03 9.985534e-01 9.992764e-02
5.580910e+03 1.450856e-03 9.985502e-01 9.992748e-02
5.580920e+03 1.454035e-03 9.985470e-01 9.992732e-02
5.580930e+03 1.457225e-03 9.985438e-01 9.992717e-02
5.580940e+03 1.460426e-03 9.985406e-01 9.992701e-02
5.580950e+03 1.463637e-03 9.985374e-01 9.992684e-02
5.580960e+03 1.466858e-03 9.985342e-01 9.992668e-02
5.580970e+03 1.470091e-03 9.985310e-01 9.992652e-02
5.580980e+03 1.473334e-03 9.985278e-01 9.992636e-02
5.580990e+03 1.476588e-03 9.985245e-01 9.992620e-02
5.581000e+03 1.479852e-03 9.985212e-01 9.992603e-02
5.581010e+03 1.483128e-03 9.985180e-01 9.992587e-02
5.581020e+03 1.486415e-03 9.985147e-01 9.992571e-02
5.581030e+03 1.489712e-03 9.985114e-01 9.992554e-02
5.581040e+03 1.493021e-03 9.985081e-01 9.992538e-02
5.581050e+03 1.496340e-03 9.985048e-01 9.992521e-02
5.581060e+03 1.499671e-03 9.985015e-01 9.992504e-02
5.581070e+03 1.503013e-03 9.984981e-01 9.992488e-02
5.581080e+03 1.506366e-03 9.984948e-01 9.992471e-02
5.581090e+03 1.509731e-03 9.984914e-01 9.992454e-02
5.581100e+03 1.513106e-03 9.984880e-01 9.992437e-02
5.581110e+03 1.516494e-03 9.984847e-01 9.992420e-02
5.581120e+03 1.519892e-03 9.984813e-01 9.992403e-02
5.581130e+03 1.523302e-03 9.984779e-01 9.992386e-02
5.581140e+03 1.526724e-03 9.984744e-01 9.992369e-02
5.581150e+03 1.530157e-03 9.984710e-01 9.992352e-02
5.581160e+03 1.533602e-03 9.984676e-01 9.992335e-02
5.581170e+03 1.537059e-03 9.984641e-01 9.992318e-02
5.581180e+03 1.540527e-03 9.984607e-01 9.992300e-02
5.581190e+03 1.544007e-03 9.984572e-01 9.992283e-02
5.581200e+03 1.547499e-03 9.984537e-01 9.992265e-02
5.581210e+03 1.551003e-03 9.984502e-01 9.992248e-02
5.581220e+03 1.554519e-03 9.984467e-01 9.992230e-02
5.581230e+03 1.558046e-03 9.984432e-01 9.992213e-02
5.581240e+03 1.561586e-03 9.984396e-01 9.992195e-02
5.581250e+03 1.565193e-03 9.984360e-01 9.992177e-02
5.581260e+03 1.568757e-03 9.984325e-01 9.992159e-02
5.581270e+03 1.572279e-03 9.984290e-01 9.992142e-02
5.581280e+03 1.575868e-03 9.984254e-01 9.992124e-02
5.581290e+03 1.579469e-03 9.984218e-01 9.992106e-02
5.581300e+03 1.583083e-03 9.984182e-01 9.992088e-02
5.581310e+03 1.586709e-03 9.984145e-01 9.992070e-02
5.581320e+03 1.590347e-03 9.984109e-01 9.992051e-02
5.581330e+03 1.593998e-03 9.984073e-01 9.992033e-02
5.581340e+03 1.597662e-03 9.984036e-01 9.992015e-02
5.581350e+03 1.601338e-03 9.983999e-01 9.991997e-02
5.581360e+03 1.605028e-03 9.983963e-01 9.991978e-02
5.581370e+03 1.609048e-03 9.983922e-01 9.991958e-02
5.581380e+03 1.612763e-03 9.983885e-01 9.991939e-02
5.581390e+03 1.616173e-03 9.983851e-01 9.991922e-02
5.581400e+03 1.619913e-03 9.983814e-01 9.991904e-02
5.581410e+03 1.623667e-03 9.983777e-01 9.991885e-02
5.581420e+03 1.627434e-03 9.983739e-01 9.991866e-02
5.581430e+03 1.631215e-03 9.983701e-01 9.991847e-02
5.581440e+03 1.635008e-03 9.983663e-01 9.991828e-02
5.581450e+03 1.638815e-03 9.983625e-01 9.991809e-02
5.581460e+03 1.642635e-03 9.983587e-01 9.991790e-02
5.581470e+03 1.655534e-03 9.983458e-01 9.991726e-02
5.581480e+03 1.659420e-03 9.983420e-01 9.991706e-02
5.581490e+03 1.654177e-03 9.983472e-01 9.991733e-02
5.581500e+03 1.658051e-03 9.983433e-01 9.991713e-02
5.581510e+03 1.661939e-03 9.983394e-01 9.991694e-02
5.581520e+03 1.665844e-03 9.983355e-01 9.991674e-02
5.581530e+03 1.669830e-03 9.983316e-01 9.991654e-02
5.581540e+03 1.673756e-03 9.983276e-01 9.991635e-02
5.581550e+03 1.711134e-03 9.982903e-01 9.991448e-02
5.581560e+03 1.746615e-03 9.982549e-01 9.991271e-02
5.581570e+03 1.827039e-03 9.981746e-01 9.990869e-02
5.581580e+03 2.007722e-03 9.979943e-01 9.989966e-02
5.581590e+03 2.394092e-03 9.976088e-01 9.988037e-02
5.581600e+03 3.166149e-03 9.968389e-01 9.984182e-02
5.581610e+03 4.594928e-03 9.954156e-01 9.977052e-02
5.581620e+03 7.030582e-03 9.929941e-01 9.964909e-02
5.581630e+03 1.083823e-02 9.892203e-01 9.945955e-02
5.581640e+03 1.626957e-02 9.838621e-01 9.918982e-02
5.581650e+03 2.329021e-02 9.769789e-01 9.884224e-02
5.581660e+03 3.142554e-02 9.690631e-01 9.844100e-02
5.581670e+03 3.971621e-02 9.610621e-01 9.803378e-02
5.581680e+03 4.685612e-02 9.542247e-01 9.768442e-02
5.581690e+03 5.151291e-02 9.497914e-01 9.745724e-02
5.581700e+03 5.279109e-02 9.485782e-01 9.739498e-02
5.581710e+03 5.037302e-02 9.508747e-01 9.751280e-02
5.581720e+03 4.484622e-02 9.561445e-01 9.778264e-02
5.581730e+03 3.739189e-02 9.632986e-01 9.814777e-02
5.581740e+03 2.945288e-02 9.709766e-01 9.853815e-02
5.581750e+03 2.234508e-02 9.779027e-01 9.888896e-02
5.581760e+03 1.698835e-02 9.831551e-01 9.915418e-02
5.581770e+03 1.381820e-02 9.862768e-01 9.931147e-02
5.581780e+03 1.284534e-02 9.872368e-01 9.935979e-02
5.581790e+03 1.461332e-02 9.854929e-01 9.927200e-02
5.581800e+03 1.782256e-02 9.823353e-01 9.911283e-02
5.581810e+03 2.266091e-02 9.775939e-01 9.887335e-02
5.581820e+03 2.904254e-02 9.713751e-01 9.855837e-02
5.581830e+03 3.711462e-02 9.635657e-01 9.816138e-02
5.581840e+03 4.731721e-02 9.537848e-01 9.766191e-02
5.581850e+03 6.036946e-02 9.414167e-01 9.702663e-02
5.581860e+03 7.712749e-02 9.257718e-01 9.621704e-02
5.581870e+03 9.827373e-02 9.064008e-01 9.520508e-02
5.581880e+03 1.239631e-01 8.834124e-01 9.399002e-02
5.581890e+03 1.533238e-01 8.578519e-01 9.262029e-02
5.581900e+03 1.842880e-01 8.316963e-01 9.119738e-02
5.581910e+03 2.136707e-01 8.076143e-01 8.986736e-02
5.581920e+03 2.376591e-01 7.884714e-01 8.879591e-02
5.581930e+03 2.526080e-01 7.767723e-01 8.813469e-02
5.581940e+03 2.559200e-01 7.742039e-01 8.798886e-02
5.581950e+03 2.467236e-01 7.813566e-01 8.839438e-02
5.581960e+03 2.261182e-01 7.976238e-01 8.930979e-02
5.581970e+03 1.969023e-01 8.212709e-01 9.062400e-02
5.581980e+03 1.629033e-01 8.496734e-01 9.217773e-02
5.581990e+03 1.280684e-01 8.797932e-01 9.379729e-02
5.582000e+03 9.575232e-02 9.086891e-01 9.532518e-02
5.582010e+03 6.820363e-02 9.340703e-01 9.664731e-02
5.582020e+03 4.643167e-02 9.546298e-01 9.770516e-02
5.582030e+03 3.046781e-02 9.699917e-01 9.848815e-02
5.582040e+03 1.957032e-02 9.806199e-01 9.902626e-02
5.582050e+03 1.270069e-02 9.873796e-01 9.936698e-02
5.582060e+03 8.782141e-03 9.912563e-01 9.956186e-02
5.582070e+03 6.874692e-03 9.931489e-01 9.965686e-02
5.582080e+03 6.240763e-03 9.937787e-01 9.968845e-02
5.582090e+03 6.337522e-03 9.936825e-01 9.968363e-02
5.582100e+03 6.776921e-03 9.932460e-01 9.966173e-02
5.582110e+03 7.091682e-03 9.929334e-01 9.964604e-02
5.582120e+03 7.554318e-03 9.924741e-01 9.962300e-02
5.582130e+03 7.736091e-03 9.922938e-01 9.961394e-02
5.582140e+03 7.609276e-03 9.924196e-01 9.962026e-02
5.582150e+03 7.194576e-03 9.928312e-01 9.964092e-02
5.582160e+03 6.555790e-03 9.934657e-01 9.967275e-02
5.582170e+03 5.783921e-03 9.942328e-01 9.971122e-02
5.582180e+03 4.976168e-03 9.950362e-01 9.975150e-02
5.582190e+03 4.216456e-03 9.957924e-01 9.978940e-02
5.582200e+03 3.562695e-03 9.964436e-01 9.982202e-02
5.582210e+03 3.042852e-03 9.969618e-01 9.984797e-02
5.582220e+03 2.658688e-03 9.973448e-01 9.986715e-02
5.582230e+03 2.393996e-03 9.976089e-01 9.988037e-02
5.582240e+03 2.223792e-03 9.977787e-01 9.988887e-02
5.582250e+03 2.121846e-03 9.978804e-01 9.989396e-02
5.582260e+03 2.065394e-03 9.979367e-01 9.989678e-02
5.582270e+03 2.037103e-03 9.979650e-01 9.989820e-02
5.582280e+03 2.025076e-03 9.979770e-01 9.989880e-02
5.582290e+03 2.021851e-03 9.979802e-01 9.989896e-02
5.582300e+03 2.018616e-03 9.979834e-01 9.989912e-02
5.582310e+03 2.023848e-03 9.979782e-01 9.989886e-02
5.582320e+03 2.045413e-03 9.979567e-01 9.989778e-02
5.582330e+03 2.067530e-03 9.979346e-01 9.989668e-02
5.582340e+03 2.109175e-03 9.978930e-01 9.989460e-02
5.582350e+03 2.188905e-03 9.978135e-01 9.989061e-02
5.582360e+03 2.337737e-03 9.976650e-01 9.988318e-02
5.582370e+03 2.602679e-03 9.974007e-01 9.986995e-02
5.582380e+03 3.047491e-03 9.969571e-01 9.984774e-02
5.582390e+03 3.746330e-03 9.962607e-01 9.981286e-02
5.582400e+03 5.136201e-03 9.948770e-01 9.974352e-02
5.582410e+03 6.701515e-03 9.933209e-01 9.966549e-02
5.582420e+03 8.653642e-03 9.913837e-01 9.956825e-02
5.582430e+03 1.087833e-02 9.891806e-01 9.945756e-02
5.582440e+03 1.316231e-02 9.869239e-01 9.934405e-02
5.582450e+03 1.521799e-02 9.848972e-01 9.924199e-02
5.582460e+03 1.673946e-02 9.833999e-01 9.916652e-02
5.582470e+03 1.747650e-02 9.826753e-01 9.912998e-02
5.582480e+03 1.730206e-02 9.828468e-01 9.913863e-02
5.582490e+03 1.624836e-02 9.838829e-01 9.919087e-02
5.582500e+03 1.449747e-02 9.856071e-01 9.927775e-02
5.582510e+03 1.233013e-02 9.877456e-01 9.938539e-02
5.582520e+03 1.005263e-02 9.899977e-01 9.949863e-02
5.582530e+03 7.927772e-03 9.921036e-01 9.960440e-02
5.582540e+03 6.130610e-03 9.938881e-01 9.969394e-02
5.582550e+03 4.736971e-03 9.952742e-01 9.976343e-02
5.582560e+03 3.649098e-03 9.963576e-01 9.981771e-02
5.582570e+03 3.028906e-03 9.969757e-01 9.984867e-02
5.582580e+03 2.644788e-03 9.973587e-01 9.986785e-02
5.582590e+03 2.423873e-03 9.975791e-01 9.987888e-02
5.582600e+03 2.306313e-03 9.976963e-01 9.988475e-02
5.582610e+03 2.249128e-03 9.977534e-01 9.988761e-02
5.582620e+03 2.224640e-03 9.977778e-01 9.988883e-02
5.582630e+03 2.216646e-03 9.977858e-01 9.988923e-02
5.582640e+03 2.208677e-03 9.977938e-01 9.988963e-02
5.582650e+03 2.214671e-03 9.977878e-01 9.988933e-02
5.582660e+03 2.220689e-03 9.977818e-01 9.988903e-02
5.582670e+03 2.226732e-03 9.977757e-01 9.988873e-02
5.582680e+03 2.232800e-03 9.977697e-01 9.988842e-02
5.582690e+03 2.238893e-03 9.977636e-01 9.988812e-02
5.582700e+03 2.245011e-03 9.977575e-01 9.988781e-02
5.582710e+03 2.251154e-03 9.977514e-01 9.988751e-02
5.582720e+03 2.257323e-03 9.977452e-01 9.988720e-02
5.582730e+03 2.263517e-03 9.977390e-01 9.988689e-02
5.582740e+03 2.269737e-03 9.977328e-01 9.988658e-02
5.582750e+03 2.275982e-03 9.977266e-01 9.988627e-02
5.582760e+03 2.282254e-03 9.977203e-01 9.988595e-02
5.582770e+03 2.288552e-03 9.977141e-01 9.988564e-02
5.582780e+03 2.294876e-03 9.977078e-01 9.988532e-02
5.582790e+03 2.301227e-03 9.977014e-01 9.988500e-02
5.582800e+03 2.307604e-03 9.976951e-01 9.988469e-02
5.582810e+03 2.314008e-03 9.976887e-01 9.988437e-02
5.582820e+03 2.320439e-03 9.976823e-01 9.988405e-02
5.582830e+03 2.326897e-03 9.976758e-01 9.988372e-02
5.582840e+03 2.333382e-03 9.976693e-01 9.988340e-02
5.582850e+03 2.339894e-03 9.976628e-01 9.988307e-02
5.582860e+03 2.346434e-03 9.976563e-01 9.988275e-02
5.582870e+03 2.353002e-03 9.976498e-01 9.988242e-02
5.582880e+03 2.359597e-03 9.976432e-01 9.988209e-02
5.582890e+03 2.367171e-03 9.976356e-01 9.988171e-02
5.582900e+03 2.373830e-03 9.976290e-01 9.988138e-02
5.582910e+03 2.379551e-03 9.976233e-01 9.988109e-02
5.582920e+03 2.386259e-03 9.976166e-01 9.988076e-02
5.582930e+03 2.392996e-03 9.976099e-01 9.988042e-02
5.582940e+03 2.399762e-03 9.976031e-01 9.988008e-02
5.582950e+03 2.406556e-03 9.975963e-01 9.987974e-02
5.582960e+03 2.414195e-03 9.975887e-01 9.987936e-02
5.582970e+03 2.421047e-03 9.975819e-01 9.987902e-02
5.582980e+03 2.427115e-03 9.975758e-01 9.987872e-02
5.582990e+03 2.434027e-03 9.975689e-01 9.987837e-02
5.583000e+03 2.440969e-03 9.975620e-01 9.987803e-02
5.583010e+03 2.447940e-03 9.975551e-01 9.987768e-02
5.583020e+03 2.454942e-03 9.975481e-01 9.987733e-02
5.583030e+03 2.461974e-03 9.975411e-01 9.987698e-02
5.583040e+03 2.469037e-03 9.975340e-01 9.987662e-02
5.583050e+03 2.476130e-03 9.975269e-01 9.987627e-02
5.583060e+03 2.483254e-03 9.975198e-01 9.987591e-02
5.583070e+03 2.490409e-03 9.975127e-01 9.987556e-02
5.583080e+03 2.497596e-03 9.975055e-01 9.987520e-02
5.583090e+03 2.504813e-03 9.974983e-01 9.987484e-02
5.583100e+03 2.512063e-03 9.974911e-01 9.987448e-02
5.583110e+03 2.519344e-03 9.974838e-01 9.987411e-02
5.583120e+03 2.526657e-03 9.974765e-01 9.987375e-02
5.583130e+03 2.534002e-03 9.974692e-01 9.987338e-02
5.583140e+03 2.541379e-03 9.974618e-01 9.987301e-02
5.583150e+03 2.548789e-03 9.974545e-01 9.987264e-02
5.583160e+03 2.556232e-03 9.974470e-01 9.987227e-02
5.583170e+03 2.563708e-03 9.974396e-01 9.987190e-02
5.583180e+03 2.571216e-03 9.974321e-01 9.987152e-02
5.583190e+03 2.578758e-03 9.974246e-01 9.987115e-02
5.583200e+03 2.586334e-03 9.974170e-01 9.987077e-02
5.583210e+03 2.593943e-03 9.974094e-01 9.987039e-02
5.583220e+03 2.601586e-03 9.974018e-01 9.987001e-02
5.583230e+03 2.609263e-03 9.973941e-01 9.986962e-02
5.583240e+03 2.616975e-03 9.973864e-01 9.986924e-02
5.583250e+03 2.624721e-03 9.973787e-01 9.986885e-02
5.583260e+03 2.632501e-03 9.973710e-01 9.986846e-02
5.583270e+03 2.640317e-03 9.973632e-01 9.986807e-02
5.583280e+03 2.648168e-03 9.973553e-01 9.986768e-02
5.583290e+03 2.656054e-03 9.973475e-01 9.986729e-02
5.583300e+03 2.663975e-03 9.973396e-01 9.986689e-02
5.583310e+03 2.671933e-03 9.973316e-01 9.986649e-02
5.583320e+03 2.679926e-03 9.973237e-01 9.986609e-02
5.583330e+03 2.687956e-03 9.973157e-01 9.986569e-02
5.583340e+03 2.696022e-03 9.973076e-01 9.986529e-02
5.583350e+03 2.704125e-03 9.972995e-01 9.986489e-02
5.583360e+03 2.712265e-03 9.972914e-01 9.986448e-02
5.583370e+03 2.720441e-03 9.972833e-01 9.986407e-02
5.583380e+03 2.728656e-03 9.972751e-01 9.986366e-02
5.583390e+03 2.736907e-03 9.972668e-01 9.986325e-02
5.583400e+03 2.745197e-03 9.972586e-01 9.986283e-02
5.583410e+03 2.753524e-03 9.972503e-01 9.986242e-02
5.583420e+03 2.761890e-03 9.972419e-01 9.986200e-02
5.583430e+03 2.770294e-03 9.972335e-01 9.986158e-02
5.583440e+03 2.778737e-03 9.972251e-01 9.986116e-02
5.583450e+03 2.787220e-03 9.972167e-01 9.986074e-02
5.583460e+03 2.795741e-03 9.972082e-01 9.986031e-02
5.583470e+03 2.804302e-03 9.971996e-01 9.985988e-02
5.583480e+03 2.812902e-03 9.971911e-01 9.985945e-02
5.583490e+03 2.821543e-03 9.971824e-01 9.985902e-02
5.583500e+03 2.830223e-03 9.971738e-01 9.985859e-02
5.583510e+03 2.838944e-03 9.971651e-01 9.985815e-02
5.583520e+03 2.847706e-03 9.971563e-01 9.985772e-02
5.583530e+03 2.856509e-03 9.971476e-01 9.985728e-02
5.583540e+03 2.865353e-03 9.971387e-01 9.985683e-02
5.583550e+03 2.874239e-03 9.971299e-01 9.985639e-02
5.583560e+03 2.883166e-03 9.971210e-01 9.985595e-02
5.583570e+03 2.892136e-03 9.971120e-01 9.985550e-02
5.583580e+03 3.439778e-03 9.965661e-01 9.982816e-02
5.583590e+03 3.450949e-03 9.965550e-01 9.982760e-02
5.583600e+03 3.462174e-03 9.965438e-01 9.982704e-02
5.583610e+03 3.473455e-03 9.965326e-01 9.982648e-02
5.583620e+03 3.484793e-03 9.965213e-01 9.982591e-02
5.583630e+03 3.496186e-03 9.965099e-01 9.982534e-02
5.583640e+03 3.507637e-03 9.964985e-01 9.982477e-02
5.583650e+03 3.519145e-03 9.964870e-01 9.982420e-02
5.583660e+03 3.530710e-03 9.964755e-01 9.982362e-02
5.583670e+03 3.542333e-03 9.964639e-01 9.982304e-02
5.583680e+03 3.554015e-03 9.964523e-01 9.982246e-02
5.583690e+03 3.565756e-03 9.964406e-01 9.982187e-02
5.583700e+03 3.577555e-03 9.964288e-01 9.982128e-02
5.583710e+03 3.589415e-03 9.964170e-01 9.982069e-02
5.583720e+03 3.601334e-03 9.964051e-01 9.982010e-02
5.583730e+03 3.613313e-03 9.963932e-01 9.981950e-02
5.583740e+03 3.625354e-03 9.963812e-01 9.981890e-02
5.583750e+03 3.637456e-03 9.963692e-01 9.981829e-02
5.583760e+03 3.649619e-03 9.963570e-01 9.981769e-02
5.583770e+03 3.661845e-03 9.963449e-01 9.981708e-02
5.583780e+03 3.674133e-03 9.963326e-01 9.981646e-02
5.583790e+03 3.686484e-03 9.963203e-01 9.981585e-02
5.583800e+03 3.698898e-03 9.963079e-01 9.981523e-02
5.583810e+03 3.711376e-03 9.962955e-01 9.981460e-02
5.583820e+03 3.723919e-03 9.962830e-01 9.981398e-02
5.583830e+03 3.736526e-03 9.962704e-01 9.981335e-02
5.583840e+03 3.749198e-03 9.962578e-01 9.981272e-02
5.583850e+03 3.761936e-03 9.962451e-01 9.981208e-02
5.583860e+03 3.774741e-03 9.962324e-01 9.981144e-02
5.583870e+03 3.787611e-03 9.962196e-01 9.981080e-02
5.583880e+03 3.800549e-03 9.962067e-01 9.981015e-02
5.583890e+03 3.813554e-03 9.961937e-01 9.980950e-02
5.583900e+03 3.826628e-03 9.961807e-01 9.980885e-02
5.583910e+03 3.839769e-03 9.961676e-01 9.980820e-02
5.583920e+03 3.852980e-03 9.961544e-01 9.980754e-02
5.583930e+03 3.866260e-03 9.961412e-01 9.980687e-02
5.583940e+03 4.224590e-03 9.957843e-01 9.978899e-02
5.583950e+03 4.239367e-03 9.957696e-01 9.978826e-02
5.583960e+03 4.256017e-03 9.957530e-01 9.978743e-02
5.583970e+03 4.270955e-03 9.957382e-01 9.978668e-02
5.583980e+03 4.284173e-03 9.957250e-01 9.978602e-02
5.583990e+03 4.299270e-03 9.957100e-01 9.978527e-02
5.584000e+03 4.314447e-03 9.956948e-01 9.978451e-02
5.584010e+03 4.329707e-03 9.956797e-01 9.978375e-02
5.584020e+03 4.345049e-03 9.956644e-01 9.978298e-02
5.584030e+03 4.360474e-03 9.956490e-01 9.978221e-02
5.584040e+03 4.375982e-03 9.956336e-01 9.978144e-02
5.584050e+03 4.391575e-03 9.956181e-01 9.978066e-02
5.584060e+03 4.667093e-03 9.953438e-01 9.976692e-02
5.584070e+03 4.683877e-03 9.953271e-01 9.976608e-02
5.584080e+03 4.700753e-03 9.953103e-01 9.976524e-02
5.584090e+03 4.717722e-03 9.952934e-01 9.976439e-02
5.584100e+03 4.734784e-03 9.952764e-01 9.976354e-02
5.584110e+03 4.751941e-03 9.952593e-01 9.976268e-02
5.584120e+03 4.769193e-03 9.952422e-01 9.976182e-02
5.584130e+03 4.786540e-03 9.952249e-01 9.976096e-02
5.584140e+03 4.803984e-03 9.952075e-01 9.976009e-02
5.584150e+03 4.821526e-03 9.951901e-01 9.975921e-02
5.584160e+03 5.114273e-03 9.948988e-01 9.974461e-02
5.584170e+03 5.133092e-03 9.948801e-01 9.974367e-02
5.584180e+03 5.152017e-03 9.948612e-01 9.974273e-02
5.584190e+03 5.171048e-03 9.948423e-01 9.974178e-02
5.584200e+03 5.190186e-03 9.948233e-01 9.974083e-02
5.584210e+03 5.209433e-03 9.948041e-01 9.973987e-02
5.584220e+03 5.228789e-03 9.947849e-01 9.973890e-02
5.584230e+03 5.248255e-03 9.947655e-01 9.973793e-02
5.584240e+03 5.267831e-03 9.947460e-01 9.973696e-02
5.584250e+03 5.287519e-03 9.947264e-01 9.973597e-02
5.584260e+03 5.307320e-03 9.947067e-01 9.973499e-02
5.584270e+03 5.327234e-03 9.946869e-01 9.973399e-02
5.584280e+03 5.347262e-03 9.946670e-01 9.973299e-02
5.584290e+03 5.367405e-03 9.946470e-01 9.973199e-02
5.584300e+03 5.387664e-03 9.946268e-01 9.973098e-02
5.584310e+03 5.408040e-03 9.946066e-01 9.972996e-02
5.584320e+03 5.428534e-03 9.945862e-01 9.972894e-02
5.584330e+03 5.449147e-03 9.945657e-01 9.972791e-02
5.584340e+03 5.469879e-03 9.945451e-01 9.972688e-02
5.584350e+03 5.490733e-03 9.945243e-01 9.972584e-02
5.584360e+03 5.855053e-03 9.941621e-01 9.970768e-02
5.584370e+03 5.877499e-03 9.941397e-01 9.970656e-02
5.584380e+03 6.789570e-03 9.932334e-01 9.966110e-02
5.584390e+03 6.815777e-03 9.932074e-01 9.965979e-02
5.584400e+03 6.842138e-03 9.931812e-01 9.965848e-02
5.584410e+03 6.868654e-03 9.931549e-01 9.965716e-02
5.584420e+03 7.245384e-03 9.927808e-01 9.963839e-02
5.584430e+03 7.273592e-03 9.927528e-01 9.963698e-02
5.584440e+03 7.301967e-03 9.927246e-01 9.963557e-02
5.584450e+03 7.330510e-03 9.926963e-01 9.963415e-02
5.584460e+03 7.359224e-03 9.926678e-01 9.963271e-02
5.584470e+03 7.388109e-03 9.926391e-01 9.963128e-02
5.584480e+03 7.417167e-03 9.926103e-01 9.962983e-02
5.584490e+03 7.446400e-03 9.925813e-01 9.962837e-02
5.584500e+03 7.475808e-03 9.925521e-01 9.962691e-02
5.584510e+03 7.505393e-03 9.925227e-01 9.962543e-02
5.584520e+03 7.535156e-03 9.924932e-01 9.962395e-02
5.584530e+03 7.565100e-03 9.924634e-01 9.962246e-02
5.584540e+03 7.595225e-03 9.924335e-01 9.962096e-02
5.584550e+03 7.625533e-03 9.924035e-01 9.961945e-02
5.584560e+03 7.656025e-03 9.923732e-01 9.961793e-02
5.584570e+03 8.021453e-03 9.920106e-01 9.959973e-02
5.584580e+03 8.053633e-03 9.919787e-01 9.959813e-02
5.584590e+03 8.086010e-03 9.919466e-01 9.959652e-02
5.584600e+03 8.118585e-03 9.919143e-01 9.959489e-02
5.584610e+03 8.151361e-03 9.918818e-01 9.959326e-02
5.584620e+03 8.184338e-03 9.918491e-01 9.959162e-02
5.584630e+03 8.217519e-03 9.918162e-01 9.958997e-02
5.584640e+03 8.250905e-03 9.917830e-01 9.958830e-02
5.584650e+03 8.284497e-03 9.917497e-01 9.958663e-02
5.584660e+03 8.318299e-03 9.917162e-01 9.958495e-02
5.584670e+03 8.352310e-03 9.916825e-01 9.958326e-02
5.584680e+03 8.386534e-03 9.916485e-01 9.958155e-02
5.584690e+03 8.420972e-03 9.916144e-01 9.957984e-02
5.584700e+03 8.455625e-03 9.915800e-01 9.957811e-02
5.584710e+03 8.490496e-03 9.915454e-01 9.957638e-02
5.584720e+03 8.525586e-03 9.915107e-01 9.957463e-02
5.584730e+03 8.560898e-03 9.914756e-01 9.957287e-02
5.584740e+03 8.596432e-03 9.914404e-01 9.957110e-02
5.584750e+03 8.632192e-03 9.914050e-01 9.956932e-02
5.584760e+03 8.668179e-03 9.913693e-01 9.956753e-02
5.584770e+03 8.704395e-03 9.913334e-01 9.956573e-02
5.584780e+03 8.740841e-03 9.912972e-01 9.956391e-02
5.584790e+03 8.777521e-03 9.912609e-01 9.956209e-02
5.584800e+03 8.814435e-03 9.912243e-01 9.956025e-02
5.584810e+03 8.851587e-03 9.911875e-01 9.955840e-02
5.584820e+03 8.888977e-03 9.911504e-01 9.955654e-02
5.584830e+03 8.926609e-03 9.911131e-01 9.955466e-02
5.584840e+03 8.964484e-03 9.910756e-01 9.955278e-02
5.584850e+03 9.002604e-03 9.910378e-01 9.955088e-02
5.584860e+03 9.040972e-03 9.909998e-01 9.954897e-02
5.584870e+03 9.079590e-03 9.909615e-01 9.954705e-02
5.584880e+03 9.118459e-03 9.909230e-01 9.954511e-02
5.584890e+03 9.157583e-03 9.908842e-01 9.954317e-02
5.584900e+03 9.196963e-03 9.908452e-01 9.954121e-02
5.584910e+03 9.236601e-03 9.908059e-01 9.953923e-02
5.584920e+03 9.276501e-03 9.907664e-01 9.953725e-02
5.584930e+03 9.316664e-03 9.907266e-01 9.953525e-02
5.584940e+03 9.357093e-03 9.906865e-01 9.953324e-02
5.584950e+03 9.397789e-03 9.906462e-01 9.953121e-02
5.584960e+03 9.438757e-03 9.906056e-01 9.952917e-02
5.584970e+03 9.479997e-03 9.905648e-01 9.952712e-02
5.584980e+03 9.521512e-03 9.905237e-01 9.952506e-02
5.584990e+03 9.563306e-03 9.904823e-01 9.952298e-02
5.585000e+03 9.605379e-03 9.904406e-01 9.952088e-02
5.585010e+03 9.647736e-03 9.903987e-01 9.951877e-02
5.585020e+03 1.007101e-02 9.899795e-01 9.949772e-02
5.585030e+03 1.011544e-02 9.899356e-01 9.949550e-02
5.585040e+03 1.016016e-02 9.898913e-01 9.949328e-02
5.585050e+03 1.020519e-02 9.898467e-01 9.949104e-02
5.585060e+03 1.025053e-02 9.898018e-01 9.948878e-02
5.585070e+03 1.029617e-02 9.897567e-01 9.948651e-02
5.585080e+03 1.034212e-02 9.897112e-01 9.948423e-02
5.585090e+03 1.038838e-02 9.896654e-01 9.948193e-02
5.585100e+03 1.043497e-02 9.896193e-01 9.947961e-02
5.585110e+03 1.048187e-02 9.895729e-01 9.947728e-02
5.585120e+03 1.052909e-02 9.895261e-01 9.947493e-02
5.585130e+03 1.057664e-02 9.894791e-01 9.947256e-02
5.585140e+03 1.062452e-02 9.894317e-01 9.947018e-02
5.585150e+03 1.067273e-02 9.893840e-01 9.946778e-02
5.585160e+03 1.072128e-02 9.893360e-01 9.946537e-02
5.585170e+03 1.077016e-02 9.892876e-01 9.946294e-02
5.585180e+03 1.081939e-02 9.892389e-01 9.946049e-02
5.585190e+03 1.086895e-02 9.891899e-01 9.945803e-02
5.585200e+03 1.091887e-02 9.891405e-01 9.945554e-02
5.585210e+03 1.096914e-02 9.890908e-01 9.945304e-02
5.585220e+03 1.101976e-02 9.890407e-01 9.945053e-02
5.585230e+03 1.107074e-02 9.889903e-01 9.944799e-02
5.585240e+03 1.176113e-02 9.883078e-01 9.941367e-02
5.585250e+03 1.181534e-02 9.882542e-01 9.941097e-02
5.585260e+03 1.244246e-02 9.876346e-01 9.937981e-02
5.585270e+03 1.249969e-02 9.875781e-01 9.937696e-02
5.585280e+03 1.255733e-02 9.875212e-01 9.937410e-02
5.585290e+03 1.261538e-02 9.874639e-01 9.937122e-02
5.585300e+03 1.267383e-02 9.874061e-01 9.936831e-02
5.585310e+03 1.273270e-02 9.873480e-01 9.936539e-02
5.585320e+03 1.279200e-02 9.872895e-01 9.936244e-02
5.585330e+03 1.285171e-02 9.872305e-01 9.935947e-02
5.585340e+03 1.291185e-02 9.871711e-01 9.935649e-02
5.585350e+03 1.297243e-02 9.871114e-01 9.935348e-02
5.585360e+03 1.303344e-02 9.870511e-01 9.935045e-02
5.585370e+03 1.309489e-02 9.869905e-01 9.934739e-02
5.585380e+03 1.315678e-02 9.869294e-01 9.934432e-02
5.585390e+03 1.321913e-02 9.868679e-01 9.934122e-02
5.585400e+03 1.328193e-02 9.868059e-01 9.933810e-02
5.585410e+03 1.334518e-02 9.867435e-01 9.933496e-02
5.585420e+03 1.340890e-02 9.866806e-01 9.933180e-02
5.585430e+03 1.347309e-02 9.866173e-01 9.932861e-02
5.585440e+03 1.353775e-02 9.865535e-01 9.932540e-02
5.585450e+03 1.360288e-02 9.864892e-01 9.932216e-02
5.585460e+03 1.366850e-02 9.864245e-01 9.931891e-02
5.585470e+03 1.373460e-02 9.863593e-01 9.931562e-02
5.585480e+03 1.380119e-02 9.862936e-01 9.931232e-02
5.585490e+03 1.386828e-02 9.862274e-01 9.930898e-02
5.585500e+03 1.393587e-02 9.861608e-01 9.930563e-02
5.585510e+03 1.400397e-02 9.860936e-01 9.930225e-02
5.585520e+03 1.407258e-02 9.860260e-01 9.929884e-02
5.585530e+03 1.414170e-02 9.859578e-01 9.929541e-02
5.585540e+03 1.421135e-02 9.858892e-01 9.929195e-02
5.585550e+03 1.428152e-02 9.858200e-01 9.928847e-02
5.585560e+03 1.435223e-02 9.857503e-01 9.928496e-02
5.585570e+03 1.442348e-02 9.856800e-01 9.928142e-02
5.585580e+03 1.476488e-02 9.853436e-01 9.926447e-02
5.585590e+03 1.550103e-02 9.846185e-01 9.922794e-02
5.585600e+03 1.558666e-02 9.845342e-01 9.922370e-02
5.585610e+03 1.567314e-02 9.844490e-01 9.921941e-02
5.585620e+03 1.576048e-02 9.843631e-01 9.921507e-02
5.585630e+03 1.584868e-02 9.842762e-01 9.921070e-02
5.585640e+03 1.632596e-02 9.838066e-01 9.918702e-02
5.585650e+03 1.641903e-02 9.837150e-01 9.918241e-02
5.585660e+03 1.651305e-02 9.836225e-01 9.917775e-02
5.585670e+03 1.660805e-02 9.835291e-01 9.917304e-02
5.585680e+03 1.670405e-02 9.834347e-01 9.916828e-02
5.585690e+03 1.680105e-02 9.833393e-01 9.916347e-02
5.585700e+03 1.689909e-02 9.832429e-01 9.915861e-02
5.585710e+03 1.699817e-02 9.831455e-01 9.915369e-02
5.585720e+03 1.709833e-02 9.830470e-01 9.914873e-02
5.585730e+03 1.719958e-02 9.829475e-01 9.914371e-02
5.585740e+03 1.730195e-02 9.828469e-01 9.913863e-02
5.585750e+03 1.740546e-02 9.827451e-01 9.913350e-02
5.585760e+03 1.751012e-02 9.826423e-01 9.912832e-02
5.585770e+03 1.788233e-02 9.822766e-01 9.910987e-02
5.585780e+03 1.799150e-02 9.821694e-01 9.910446e-02
5.585790e+03 1.810193e-02 9.820609e-01 9.909899e-02
5.585800e+03 1.821365e-02 9.819512e-01 9.909345e-02
5.585810e+03 1.832670e-02 9.818402e-01 9.908785e-02
5.585820e+03 1.844109e-02 9.817279e-01 9.908218e-02
5.585830e+03 1.855686e-02 9.816143e-01 9.907645e-02
5.585840e+03 1.867404e-02 9.814992e-01 9.907064e-02
5.585850e+03 1.879266e-02 9.813828e-01 9.906477e-02
5.585860e+03 1.891276e-02 9.812650e-01 9.905882e-02
5.585870e+03 1.903438e-02 9.811456e-01 9.905280e-02
5.585880e+03 1.915755e-02 9.810248e-01 9.904670e-02
5.585890e+03 1.928231e-02 9.809024e-01 9.904052e-02
5.585900e+03 1.940870e-02 9.807784e-01 9.903426e-02
5.585910e+03 1.953677e-02 9.806528e-01 9.902792e-02
5.585920e+03 1.966656e-02 9.805256e-01 9.902149e-02
5.585930e+03 1.979811e-02 9.803966e-01 9.901498e-02
5.585940e+03 1.993147e-02 9.802658e-01 9.900838e-02
5.585950e+03 2.085548e-02 9.793605e-01 9.896264e-02
5.585960e+03 2.099885e-02 9.792201e-01 9.895555e-02
5.585970e+03 2.173369e-02 9.785008e-01 9.891920e-02
5.585980e+03 2.261226e-02 9.776415e-01 9.887575e-02
5.585990e+03 2.277550e-02 9.774819e-01 9.886768e-02
5.586000e+03 2.294125e-02 9.773199e-01 9.885949e-02
5.586010e+03 2.310959e-02 9.771554e-01 9.885117e-02
5.586020e+03 2.328059e-02 9.769883e-01 9.884272e-02
5.586030e+03 2.345435e-02 9.768186e-01 9.883413e-02
5.586040e+03 2.363094e-02 9.766461e-01 9.882541e-02
5.586050e+03 2.381047e-02 9.764708e-01 9.881654e-02
5.586060e+03 2.399304e-02 9.762925e-01 9.880752e-02
5.586070e+03 2.445744e-02 9.758392e-01 9.878457e-02
5.586080e+03 2.464860e-02 9.756527e-01 9.877513e-02
5.586090e+03 2.484316e-02 9.754629e-01 9.876553e-02
5.586100e+03 2.504123e-02 9.752697e-01 9.875574e-02
5.586110e+03 2.524296e-02 9.750730e-01 9.874578e-02
5.586120e+03 2.544849e-02 9.748726e-01 9.873564e-02
5.586130e+03 2.565795e-02 9.746684e-01 9.872530e-02
5.586140e+03 2.587152e-02 9.744603e-01 9.871475e-02
5.586150e+03 2.608935e-02 9.742480e-01 9.870400e-02
5.586160e+03 2.631163e-02 9.740315e-01 9.869303e-02
5.586170e+03 2.653854e-02 9.738105e-01 9.868184e-02
5.586180e+03 2.677030e-02 9.735848e-01 9.867040e-02
5.586190e+03 2.700712e-02 9.733543e-01 9.865872e-02
5.586200e+03 2.724922e-02 9.731187e-01 9.864678e-02
5.586210e+03 2.749687e-02 9.728777e-01 9.863456e-02
5.586220e+03 2.775033e-02 9.726312e-01 9.862207e-02
5.586230e+03 2.800989e-02 9.723788e-01 9.860927e-02
5.586240e+03 2.831002e-02 9.720869e-01 9.859447e-02
5.586250e+03 2.858116e-02 9.718234e-01 9.858110e-02
5.586260e+03 2.882835e-02 9.715832e-01 9.856892e-02
5.586270e+03 2.911565e-02 9.713041e-01 9.855476e-02
5.586280e+03 2.942512e-02 9.710036e-01 9.853951e-02
5.586290e+03 2.973181e-02 9.707058e-01 9.852440e-02
5.586300e+03 3.004932e-02 9.703977e-01 9.850876e-02
5.586310e+03 3.072490e-02 9.697423e-01 9.847549e-02
5.586320e+03 3.107229e-02 9.694055e-01 9.845839e-02
5.586330e+03 3.143990e-02 9.690492e-01 9.844030e-02
5.586340e+03 3.226150e-02 9.682533e-01 9.839987e-02
5.586350e+03 3.270000e-02 9.678289e-01 9.837829e-02
5.586360e+03 3.319048e-02 9.673543e-01 9.835417e-02
5.586370e+03 3.375403e-02 9.668093e-01 9.832646e-02
5.586380e+03 3.467504e-02 9.659192e-01 9.828119e-02
5.586390e+03 3.548496e-02 9.651372e-01 9.824140e-02
5.586400e+03 3.648858e-02 9.641691e-01 9.819211e-02
5.586410e+03 3.775103e-02 9.629527e-01 9.813015e-02
5.586420e+03 3.935106e-02 9.614131e-01 9.805168e-02
5.586430e+03 4.178948e-02 9.590717e-01 9.793220e-02
5.586440e+03 4.466919e-02 9.563138e-01 9.779130e-02
5.586450e+03 4.819934e-02 9.529438e-01 9.761884e-02
5.586460e+03 5.291544e-02 9.484602e-01 9.738892e-02
5.586470e+03 5.987422e-02 9.418830e-01 9.705066e-02
5.586480e+03 6.785620e-02 9.343948e-01 9.666410e-02
5.586490e+03 7.841499e-02 9.245807e-01 9.615512e-02
5.586500e+03 9.222427e-02 9.119006e-01 9.549349e-02
5.586510e+03 1.099847e-01 8.958478e-01 9.464924e-02
5.586520e+03 1.324387e-01 8.759566e-01 9.359255e-02
5.586530e+03 1.595042e-01 8.525664e-01 9.233452e-02
5.586540e+03 1.898665e-01 8.270696e-01 9.094337e-02
5.586550e+03 2.217374e-01 8.011257e-01 8.950562e-02
5.586560e+03 2.529979e-01 7.764695e-01 8.811751e-02
5.586570e+03 2.811038e-01 7.549500e-01 8.688786e-02
5.586580e+03 3.028660e-01 7.386980e-01 8.594754e-02
5.586590e+03 3.166027e-01 7.286202e-01 8.535925e-02
5.586600e+03 3.213776e-01 7.251494e-01 8.515571e-02
5.586610e+03 3.173919e-01 7.280454e-01 8.532557e-02
5.586620e+03 3.058582e-01 7.364911e-01 8.581906e-02
5.586630e+03 2.899309e-01 7.483153e-01 8.650522e-02
5.586640e+03 2.707839e-01 7.627813e-01 8.733735e-02
5.586650e+03 2.546087e-01 7.752198e-01 8.804657e-02
5.586660e+03 2.469313e-01 7.811944e-01 8.838520e-02
5.586670e+03 2.581857e-01 7.724518e-01 8.788924e-02
5.586680e+03 2.983275e-01 7.420583e-01 8.614280e-02
5.586690e+03 3.880959e-01 6.783473e-01 8.236184e-02
5.586700e+03 5.571084e-01 5.728632e-01 7.568773e-02
5.586710e+03 8.556750e-01 4.249962e-01 6.519173e-02
5.586720e+03 1.371014e+00 2.538494e-01 5.038346e-02
5.586730e+03 2.259444e+00 1.044085e-01 3.231231e-02
5.586740e+03 3.785208e+00 2.270414e-02 1.506789e-02
5.586750e+03 6.364936e+00 1.720852e-03 4.148315e-03
5.586760e+03 1.058967e+01 2.517477e-05 5.017446e-04
5.586770e+03 1.720465e+01 3.373761e-08 1.836780e-05
5.586780e+03 2.699536e+01 1.888266e-12 1.374142e-07
5.586790e+03 4.057558e+01 2.389191e-18 1.545701e-10
5.586800e+03 5.809457e+01 5.886406e-26 2.426192e-14
5.586810e+03 7.894353e+01 5.191139e-35 7.204956e-19
5.586820e+03 1.015834e+02 7.636302e-45 8.738594e-24
5.586830e+03 1.236182e+02 2.057393e-54 1.434361e-28
5.586840e+03 1.421718e+02 1.801260e-62 1.342110e-32
5.586850e+03 1.545087e+02 7.901914e-68 2.811034e-35
5.586860e+03 1.587247e+02 1.166082e-69 3.414794e-36
5.586870e+03 1.542617e+02 1.011590e-67 3.180551e-35
5.586880e+03 1.420538e+02 2.026836e-62 1.423670e-32
5.586890e+03 1.242494e+02 1.094361e-54 1.046117e-28
5.586900e+03 1.036093e+02 1.007093e-45 3.173472e-24
5.586910e+03 8.281739e+01 1.078608e-36 1.038561e-19
5.586920e+03 6.392750e+01 1.724402e-28 1.313165e-15
5.586930e+03 4.810416e+01 1.284188e-21 3.583556e-12
5.586940e+03 3.566902e+01 3.229537e-16 1.797091e-09
5.586950e+03 2.636085e+01 3.561451e-12 1.887181e-07
5.586960e+03 1.966567e+01 2.879435e-09 5.366036e-06
5.586970e+03 1.508979e+01 2.796324e-07 5.288028e-05
5.586980e+03 1.231863e+01 4.467741e-06 2.113703e-04
5.586990e+03 1.122598e+01 1.332354e-05 3.650143e-04
5.587000e+03 1.178117e+01 7.647234e-06 2.765363e-04
5.587010e+03 1.388372e+01 9.340628e-07 9.664693e-05
5.587020e+03 1.720818e+01 3.361882e-08 1.833544e-05
5.587030e+03 2.113315e+01 6.637243e-10 2.576285e-06
5.587040e+03 2.481558e+01 1.670048e-11 4.086622e-07
5.587050e+03 2.740794e+01 1.249923e-12 1.118000e-07
5.587060e+03 2.834399e+01 4.901849e-13 7.001321e-08
5.587070e+03 2.755290e+01 1.081259e-12 1.039836e-07
5.587080e+03 2.549476e+01 8.467689e-12 2.909929e-07
5.587090e+03 2.299597e+01 1.030328e-10 1.015051e-06
5.587100e+03 2.097009e+01 7.812773e-10 2.795134e-06
5.587110e+03 2.016024e+01 1.755973e-09 4.190433e-06
5.587120e+03 2.102419e+01 7.401371e-10 2.720546e-06
5.587130e+03 2.377241e+01 4.739963e-11 6.884739e-07
5.587140e+03 2.851373e+01 4.136622e-13 6.431658e-08
5.587150e+03 3.538752e+01 4.279527e-16 2.068702e-09
5.587160e+03 4.460568e+01 4.246180e-20 2.060626e-11
5.587170e+03 5.636579e+01 3.316250e-25 5.758689e-14
5.587180e+03 7.066734e+01 2.039695e-31 4.516298e-17
5.587190e+03 8.711032e+01 1.473899e-38 1.214043e-20
5.587200e+03 1.047907e+02 3.090286e-46 1.757921e-24
5.587210e+03 1.223525e+02 7.294084e-54 2.700756e-28
5.587220e+03 1.382160e+02 9.409297e-61 9.700153e-32
5.587230e+03 1.509049e+02 2.902776e-66 1.703754e-34
5.587240e+03 1.593512e+02 6.232622e-70 2.496522e-36
5.587250e+03 1.630490e+02 1.544184e-71 3.929610e-37
5.587260e+03 1.620326e+02 4.267263e-71 6.532429e-37
5.587270e+03 1.567024e+02 8.811027e-69 9.386707e-36
5.587280e+03 1.476265e+02 7.702556e-65 8.776421e-34
5.587290e+03 1.354189e+02 1.542789e-59 3.927835e-31
5.587300e+03 1.207292e+02 3.698152e-53 6.081243e-28
5.587310e+03 1.043120e+02 4.987504e-46 2.233272e-24
5.587320e+03 8.707617e+01 1.525106e-38 1.234952e-20
5.587330e+03 7.004760e+01 3.790643e-31 6.156820e-17
5.587340e+03 5.423119e+01 2.803448e-24 1.674350e-13
5.587350e+03 4.043560e+01 2.748152e-18 1.657755e-10
5.587360e+03 2.913245e+01 2.228110e-13 4.720286e-08
5.587370e+03 2.041658e+01 1.358917e-09 3.686350e-06
5.587380e+03 1.407442e+01 7.718903e-07 8.785729e-05
5.587390e+03 9.719987e+00 6.007078e-05 7.750534e-04
5.587400e+03 6.945007e+00 9.634339e-04 3.103923e-03
5.587410e+03 5.435634e+00 4.358469e-03 6.601870e-03
5.587420e+03 5.036945e+00 6.493553e-03 8.058258e-03
5.587430e+03 5.751187e+00 3.179006e-03 5.638267e-03
5.587440e+03 7.699545e+00 4.530333e-04 2.128458e-03
5.587450e+03 1.104258e+01 1.600545e-05 4.000681e-04
5.587460e+03 1.588992e+01 1.256301e-07 3.544434e-05
5.587470e+03 2.221311e+01 2.254079e-10 1.501359e-06
5.587480e+03 2.981126e+01 1.130142e-13 3.361759e-08
5.587490e+03 3.834670e+01 2.219432e-17 4.711084e-10
5.587500e+03 4.747733e+01 2.403564e-21 4.902616e-12
5.587510e+03 5.703137e+01 1.704469e-25 4.128521e-14
5.587520e+03 6.714967e+01 6.874943e-30 2.622011e-16
5.587530e+03 7.828932e+01 9.985711e-35 9.992853e-19
5.587540e+03 9.101820e+01 2.960033e-40 1.720475e-21
5.587550e+03 1.056340e+02 1.329687e-46 1.153121e-24
5.587560e+03 1.217557e+02 1.324885e-53 3.639898e-28
5.587570e+03 1.380868e+02 1.070671e-60 1.034732e-31
5.587580e+03 1.525259e+02 5.739329e-67 7.575836e-35
5.587590e+03 1.626440e+02 2.315411e-71 4.811872e-37
5.587600e+03 1.663717e+02 5.567680e-73 7.461689e-38
5.587610e+03 1.626323e+02 2.342624e-71 4.840066e-37
5.587620e+03 1.516625e+02 1.360832e-66 1.166547e-34
5.587630e+03 1.349337e+02 2.506381e-59 5.006377e-31
5.587640e+03 1.147211e+02 1.503984e-50 1.226370e-26
5.587650e+03 9.352233e+01 2.419731e-41 4.919076e-22
5.587660e+03 7.351195e+01 1.186219e-32 1.089137e-17
5.587670e+03 5.619359e+01 3.939426e-25 6.276484e-14
5.587680e+03 4.228202e+01 4.336624e-19 6.585305e-11
5.587690e+03 3.178942e+01 1.563261e-14 1.250304e-08
5.587700e+03 2.424639e+01 2.950706e-11 5.432040e-07
5.587710e+03 1.896485e+01 5.803222e-09 7.617888e-06
5.587720e+03 1.526831e+01 2.339145e-07 4.836471e-05
5.587730e+03 1.263894e+01 3.243223e-06 1.800895e-04
5.587740e+03 1.078506e+01 2.070664e-05 4.550455e-04
5.587750e+03 9.652391e+00 6.427171e-05 8.016964e-04
5.587760e+03 9.369189e+00 8.531259e-05 9.236482e-04
5.587770e+03 1.018645e+01 3.767722e-05 6.138177e-04
5.587780e+03 1.239786e+01 4.127422e-06 2.031606e-04
5.587790e+03 1.625396e+01 8.729582e-08 2.954587e-05
5.587800e+03 2.186696e+01 3.186395e-10 1.785048e-06
5.587810e+03 2.914643e+01 2.197173e-13 4.687401e-08
5.587820e+03 3.776383e+01 3.975374e-17 6.305056e-10
5.587830e+03 4.721012e+01 3.139818e-21 5.603408e-12
5.587840e+03 5.691914e+01 1.906913e-25 4.366822e-14
5.587850e+03 6.643863e+01 1.399809e-29 3.741402e-16
5.587860e+03 7.557467e+01 1.507778e-33 3.883012e-18
5.587870e+03 8.443920e+01 2.130685e-37 4.615934e-20
5.587880e+03 9.336527e+01 2.831256e-41 5.320954e-22
5.587890e+03 1.027191e+02 2.452712e-45 4.952486e-24
5.587900e+03 1.126982e+02 1.137089e-49 3.372075e-26
5.587910e+03 1.231967e+02 3.135978e-54 1.770869e-28
5.587920e+03 1.338064e+02 7.737894e-59 8.796530e-31
5.587930e+03 1.439440e+02 3.061507e-63 5.533089e-33
5.587940e+03 1.530446e+02 3.416378e-67 5.844979e-35
5.587950e+03 1.607356e+02 1.561038e-70 1.249415e-36
5.587960e+03 1.669074e+02 3.258786e-73 5.708578e-38
5.587970e+03 1.716622e+02 2.805863e-75 5.297040e-39
5.587980e+03 1.752053e+02 8.114988e-77 9.008323e-40
5.587990e+03 1.777694e+02 6.247577e-78 2.499515e-40
5.588000e+03 1.797054e+02 9.013952e-79 9.494184e-41
5.588010e+03 1.817363e+02 1.182875e-79 3.439295e-41
5.588020e+03 1.852955e+02 3.366642e-81 5.802277e-42
5.588030e+03 1.926931e+02 2.062843e-84 1.436260e-43
5.588040e+03 2.069082e+02 1.383270e-90 1.176125e-46
5.588050e+03 2.308869e+02 5.334706e-101 7.303907e-52
5.588060e+03 2.664801e+02 1.858488e-116 1.363264e-59
5.588070e+03 3.134144e+02 7.688586e-137 8.768458e-70
5.588080e+03 3.687743e+02 6.972121e-161 8.349923e-82
5.588090e+03 4.273898e+02 2.437718e-186 1.561319e-94
5.588100e+03 4.831263e+02 1.516739e-210 1.231560e-106
5.588110e+03 5.306698e+02 3.412308e-231 5.841497e-117
5.588120e+03 5.670572e+02 5.372526e-247 7.329751e-125
5.588130e+03 5.922214e+02 6.331441e-258 2.516235e-130
5.588140e+03 6.082738e+02 6.761612e-265 8.222902e-134
5.588150e+03 6.178155e+02 4.854446e-269 6.967386e-136
5.588160e+03 6.221121e+02 6.609353e-271 8.129793e-137
5.588170e+03 6.200648e+02 5.119870e-270 2.262713e-136
5.588180e+03 6.085830e+02 4.963274e-265 7.045051e-134
5.588190e+03 5.842110e+02 1.907159e-254 1.380999e-128
5.588200e+03 5.453132e+02 1.490972e-237 3.861311e-120
5.588210e+03 4.937710e+02 3.613851e-215 6.011532e-109
5.588220e+03 4.354999e+02 7.324740e-190 2.706426e-96
5.588230e+03 3.795700e+02 1.428439e-165 3.779469e-84
5.588240e+03 3.363360e+02 8.533839e-147 9.237878e-75
5.588250e+03 3.152011e+02 1.287991e-137 3.588859e-70
5.588260e+03 3.225686e+02 8.132474e-141 9.018023e-72
5.588270e+03 3.603537e+02 3.165144e-157 5.625961e-80
5.588280e+03 4.252537e+02 2.063723e-185 4.542822e-94
5.588290e+03 5.089516e+02 9.228496e-222 3.037844e-112
5.588300e+03 5.993581e+02 5.035795e-261 7.096334e-132
5.588310e+03 6.827974e+02 2.916609e-297 5.400564e-150
5.588320e+03 7.467380e+02 0.000000e+00 0.000000e+00
5.588330e+03 7.823740e+02 0.000000e+00 0.000000e+00
5.588340e+03 7.863002e+02 0.000000e+00 0.000000e+00
5.588350e+03 7.608857e+02 0.000000e+00 0.000000e+00
5.588360e+03 7.133617e+02 1.552269e-310 1.245901e-156
5.588370e+03 6.540970e+02 8.497091e-285 9.217967e-144
5.588380e+03 5.946849e+02 5.390699e-259 7.342138e-131
5.588390e+03 5.462765e+02 5.690395e-238 2.385455e-120
5.588400e+03 5.183385e+02 7.734611e-226 2.781117e-114
5.588410e+03 5.177935e+02 1.334003e-225 3.652401e-114
5.588420e+03 5.484448e+02 6.508125e-239 8.067295e-121
5.588430e+03 6.107170e+02 5.874681e-266 2.423774e-134
5.588440e+03 7.017833e+02 1.657165e-305 4.070830e-154
5.588450e+03 8.160537e+02 0.000000e+00 0.000000e+00
5.588460e+03 9.457926e+02 0.000000e+00 0.000000e+00
5.588470e+03 1.081598e+03 0.000000e+00 0.000000e+00
5.588480e+03 1.212686e+03 0.000000e+00 0.000000e+00
5.588490e+03 1.327255e+03 0.000000e+00 0.000000e+00
5.588500e+03 1.413432e+03 0.000000e+00 0.000000e+00
5.588510e+03 1.461053e+03 0.000000e+00 0.000000e+00
5.588520e+03 1.464019e+03 0.000000e+00 0.000000e+00
5.588530e+03 1.422468e+03 0.000000e+00 0.000000e+00
5.588540e+03 1.343938e+03 0.000000e+00 0.000000e+00
5.588550e+03 1.242866e+03 0.000000e+00 0.000000e+00
5.588560e+03 1.138282e+03 0.000000e+00 0.000000e+00
5.588570e+03 1.050166e+03 0.000000e+00 0.000000e+00
5.588580e+03 9.954011e+02 0.000000e+00 0.000000e+00
5.588590e+03 9.846021e+02 0.000000e+00 0.000000e+00
5.588600e+03 1.020902e+03 0.000000e+00 0.000000e+00
5.588610e+03 1.100855e+03 0.000000e+00 0.000000e+00
5.588620e+03 1.216699e+03 0.000000e+00 0.000000e+00
5.588630e+03 1.358568e+03 0.000000e+00 0.000000e+00
5.588640e+03 1.515541e+03 0.000000e+00 0.000000e+00
5.588650e+03 1.675441e+03 0.000000e+00 0.000000e+00
5.588660e+03 1.824235e+03 0.000000e+00 0.000000e+00
5.588670e+03 1.946270e+03 0.000000e+00 0.000000e+00
5.588680e+03 2.025991e+03 0.000000e+00 0.000000e+00
5.588690e+03 2.050790e+03 0.000000e+00 0.000000e+00
5.588700e+03 2.013862e+03 0.000000e+00 0.000000e+00
5.588710e+03 1.915821e+03 0.000000e+00 0.000000e+00
5.588720e+03 1.764536e+03 0.000000e+00 0.000000e+00
5.588730e+03 1.573379e+03 0.000000e+00 0.000000e+00
5.588740e+03 1.358720e+03 0.000000e+00 0.000000e+00
5.588750e+03 1.137432e+03 0.000000e+00 0.000000e+00
5.588760e+03 9.247846e+02 0.000000e+00 0.000000e+00
5.588770e+03 7.328589e+02 5.289763e-319 7.273076e-161
5.588780e+03 5.694790e+02 4.768925e-248 2.183787e-125
5.588790e+03 4.378374e+02 7.073614e-191 8.410478e-97
5.588800e+03 3.370091e+02 4.353093e-147 6.597797e-75
5.588810e+03 2.633155e+02 4.400976e-115 6.633986e-59
5.588820e+03 2.121890e+02 7.038757e-93 8.389730e-48
5.588830e+03 1.799830e+02 6.829232e-79 8.263917e-41
5.588840e+03 1.652077e+02 1.783235e-72 1.335378e-37
5.588850e+03 1.689270e+02 4.324682e-74 2.079587e-38
5.588860e+03 1.941749e+02 4.687059e-85 6.846210e-44
5.588870e+03 2.444794e+02 6.666949e-107 8.165139e-55
5.588880e+03 3.216848e+02 1.968281e-140 1.402954e-71
5.588890e+03 4.237017e+02 9.743126e-185 9.870728e-94
5.588900e+03 5.432512e+02 1.172180e-236 1.082673e-119
5.588910e+03 6.686854e+02 3.922938e-291 6.263336e-147
5.588920e+03 7.874073e+02 0.000000e+00 0.000000e+00
5.588930e+03 8.911136e+02 0.000000e+00 0.000000e+00
5.588940e+03 9.808218e+02 0.000000e+00 0.000000e+00
5.588950e+03 1.069209e+03 0.000000e+00 0.000000e+00
5.588960e+03 1.178415e+03 0.000000e+00 0.000000e+00
5.588970e+03 1.333165e+03 0.000000e+00 0.000000e+00
5.588980e+03 1.550935e+03 0.000000e+00 0.000000e+00
5.588990e+03 1.832396e+03 0.000000e+00 0.000000e+00
5.589000e+03 2.155908e+03 0.000000e+00 0.000000e+00
5.589010e+03 2.479071e+03 0.000000e+00 0.000000e+00
5.589020e+03 2.748173e+03 0.000000e+00 0.000000e+00
5.589030e+03 2.913323e+03 0.000000e+00 0.000000e+00
5.589040e+03 2.944176e+03 0.000000e+00 0.000000e+00
5.589050e+03 2.840100e+03 0.000000e+00 0.000000e+00
5.589060e+03 2.630421e+03 0.000000e+00 0.000000e+00
5.589070e+03 2.364525e+03 0.000000e+00 0.000000e+00
5.589080e+03 2.096255e+03 0.000000e+00 0.000000e+00
5.589090e+03 1.869395e+03 0.000000e+00 0.000000e+00
5.589100e+03 1.709898e+03 0.000000e+00 0.000000e+00
5.589110e+03 1.626426e+03 0.000000e+00 0.000000e+00
5.589120e+03 1.616467e+03 0.000000e+00 0.000000e+00
5.589130e+03 1.673061e+03 0.000000e+00 0.000000e+00
5.589140e+03 1.788089e+03 0.000000e+00 0.000000e+00
5.589150e+03 1.951093e+03 0.000000e+00 0.000000e+00
5.589160e+03 2.145846e+03 0.000000e+00 0.000000e+00
5.589170e+03 2.348653e+03 0.000000e+00 0.000000e+00
5.589180e+03 2.531592e+03 0.000000e+00 0.000000e+00
5.589190e+03 2.671088e+03 0.000000e+00 0.000000e+00
5.589200e+03 2.758623e+03 0.000000e+00 0.000000e+00
5.589210e+03 2.808319e+03 0.000000e+00 0.000000e+00
5.589220e+03 2.856900e+03 0.000000e+00 0.000000e+00
5.589230e+03 2.954885e+03 0.000000e+00 0.000000e+00
5.589240e+03 3.151586e+03 0.000000e+00 0.000000e+00
5.589250e+03 3.478439e+03 0.000000e+00 0.000000e+00
5.589260e+03 3.934956e+03 0.000000e+00 0.000000e+00
5.589270e+03 4.480581e+03 0.000000e+00 0.000000e+00
5.589280e+03 5.035442e+03 0.000000e+00 0.000000e+00
5.589290e+03 5.492742e+03 0.000000e+00 0.000000e+00
5.589300e+03 5.743193e+03 0.000000e+00 0.000000e+00
5.589310e+03 5.706448e+03 0.000000e+00 0.000000e+00
5.589320e+03 5.358680e+03 0.000000e+00 0.000000e+00
5.589330e+03 4.744035e+03 0.000000e+00 0.000000e+00
5.589340e+03 3.963616e+03 0.000000e+00 0.000000e+00
5.589350e+03 3.146241e+03 0.000000e+00 0.000000e+00
5.589360e+03 2.413846e+03 0.000000e+00 0.000000e+00
5.589370e+03 1.855693e+03 0.000000e+00 0.000000e+00
5.589380e+03 1.519160e+03 0.000000e+00 0.000000e+00
5.589390e+03 1.415630e+03 0.000000e+00 0.000000e+00
5.589400e+03 1.533616e+03 0.000000e+00 0.000000e+00
5.589410e+03 1.850221e+03 0.000000e+00 0.000000e+00
5.589420e+03 2.335536e+03 0.000000e+00 0.000000e+00
5.589430e+03 2.949838e+03 0.000000e+00 0.000000e+00
5.589440e+03 3.637916e+03 0.000000e+00 0.000000e+00
5.589450e+03 4.326821e+03 0.000000e+00 0.000000e+00
5.589460e+03 4.932087e+03 0.000000e+00 0.000000e+00
5.589470e+03 5.372936e+03 0.000000e+00 0.000000e+00
5.589480e+03 5.591482e+03 0.000000e+00 0.000000e+00
5.589490e+03 5.567675e+03 0.000000e+00 0.000000e+00
5.589500e+03 5.323144e+03 0.000000e+00 0.000000e+00
5.589510e+03 4.912509e+03 0.000000e+00 0.000000e+00
5.589520e+03 4.406609e+03 0.000000e+00 0.000000e+00
5.589530e+03 3.874804e+03 0.000000e+00 0.000000e+00
5.589540e+03 3.372141e+03 0.000000e+00 0.000000e+00
5.589550e+03 2.933630e+03 0.000000e+00 0.000000e+00
5.589560e+03 2.574676e+03 0.000000e+00 0.000000e+00
5.589570e+03 2.295390e+03 0.000000e+00 0.000000e+00
5.589580e+03 2.086469e+03 0.000000e+00 0.000000e+00
5.589590e+03 1.934917e+03 0.000000e+00 0.000000e+00
5.589600e+03 1.828405e+03 0.000000e+00 0.000000e+00
5.589610e+03 1.757542e+03 0.000000e+00 0.000000e+00
5.589620e+03 1.715919e+03 0.000000e+00 0.000000e+00
5.589630e+03 1.698418e+03 0.000000e+00 0.000000e+00
5.589640e+03 1.698867e+03 0.000000e+00 0.000000e+00
5.589650e+03 1.708297e+03 0.000000e+00 0.000000e+00
5.589660e+03 1.714826e+03 0.000000e+00 0.000000e+00
5.589670e+03 1.705527e+03 0.000000e+00 0.000000e+00
5.589680e+03 1.669829e+03 0.000000e+00 0.000000e+00
5.589690e+03 1.603380e+03 0.000000e+00 0.000000e+00
5.589700e+03 1.511226e+03 0.000000e+00 0.000000e+00
5.589710e+03 1.409461e+03 0.000000e+00 0.000000e+00
5.589720e+03 1.325015e+03 0.000000e+00 0.000000e+00
5.589730e+03 1.293447e+03 0.000000e+00 0.000000e+00
5.589740e+03 1.354648e+03 0.000000e+00 0.000000e+00
5.589750e+03 1.546126e+03 0.000000e+00 0.000000e+00
5.589760e+03 1.893989e+03 0.000000e+00 0.000000e+00
5.589770e+03 2.402788e+03 0.000000e+00 0.000000e+00
5.589780e+03 3.046976e+03 0.000000e+00 0.000000e+00
5.589790e+03 3.767802e+03 0.000000e+00 0.000000e+00
5.589800e+03 4.478919e+03 0.000000e+00 0.000000e+00
5.589810e+03 5.081369e+03 0.000000e+00 0.000000e+00
5.589820e+03 5.484746e+03 0.000000e+00 0.000000e+00
5.589830e+03 5.628192e+03 0.000000e+00 0.000000e+00
5.589840e+03 5.494313e+03 0.000000e+00 0.000000e+00
5.589850e+03 5.111503e+03 0.000000e+00 0.000000e+00
5.589860e+03 4.544565e+03 0.000000e+00 0.000000e+00
5.589870e+03 3.877473e+03 0.000000e+00 0.000000e+00
5.589880e+03 3.194171e+03 0.000000e+00 0.000000e+00
5.589890e+03 2.562812e+03 0.000000e+00 0.000000e+00
5.589900e+03 2.026744e+03 0.000000e+00 0.000000e+00
5.589910e+03 1.602879e+03 0.000000e+00 0.000000e+00
5.589920e+03 1.286066e+03 0.000000e+00 0.000000e+00
5.589930e+03 1.056887e+03 0.000000e+00 0.000000e+00
5.589940e+03 8.902410e+02 0.000000e+00 0.000000e+00
5.589950e+03 7.625814e+02 0.000000e+00 0.000000e+00
5.589960e+03 6.566369e+02 6.702262e-286 2.588873e-144
5.589970e+03 5.633314e+02 2.229931e-245 4.722214e-124
5.589980e+03 4.812848e+02 9.564496e-210 3.092652e-106
5.589990e+03 4.146090e+02 8.661302e-181 9.306611e-92
5.590000e+03 3.698297e+02 2.426537e-161 4.925989e-82
5.590010e+03 3.527844e+02 6.132999e-154 2.476489e-78
5.590020e+03 3.663406e+02 7.948624e-160 2.819330e-81
5.590030e+03 4.095790e+02 1.324609e-178 1.150917e-90
5.590040e+03 4.786638e+02 1.315132e-208 1.146792e-105
5.590050e+03 5.688089e+02 9.320474e-248 3.052945e-125
5.590060e+03 6.761383e+02 2.274440e-294 1.508125e-148
5.590070e+03 7.981637e+02 0.000000e+00 0.000000e+00
5.590080e+03 9.323790e+02 0.000000e+00 0.000000e+00
5.590090e+03 1.073756e+03 0.000000e+00 0.000000e+00
5.590100e+03 1.212782e+03 0.000000e+00 0.000000e+00
5.590110e+03 1.335599e+03 0.000000e+00 0.000000e+00
5.590120e+03 1.426673e+03 0.000000e+00 0.000000e+00
5.590130e+03 1.473012e+03 0.000000e+00 0.000000e+00
5.590140e+03 1.468050e+03 0.000000e+00 0.000000e+00
5.590150e+03 1.413516e+03 0.000000e+00 0.000000e+00
5.590160e+03 1.318664e+03 0.000000e+00 0.000000e+00
5.590170e+03 1.197554e+03 0.000000e+00 0.000000e+00
5.590180e+03 1.065900e+03 0.000000e+00 0.000000e+00
5.590190e+03 9.388937e+02 0.000000e+00 0.000000e+00
5.590200e+03 8.304175e+02 0.000000e+00 0.000000e+00
5.590210e+03 7.530616e+02 0.000000e+00 0.000000e+00
5.590220e+03 7.178641e+02 1.720187e-312 1.311559e-157
5.590230e+03 7.332430e+02 3.602677e-319 6.002231e-161
5.590240e+03 8.036616e+02 0.000000e+00 0.000000e+00
5.590250e+03 9.294470e+02 0.000000e+00 0.000000e+00
5.590260e+03 1.108905e+03 0.000000e+00 0.000000e+00
5.590270e+03 1.342381e+03 0.000000e+00 0.000000e+00
5.590280e+03 1.635921e+03 0.000000e+00 0.000000e+00
5.590290e+03 2.001165e+03 0.000000e+00 0.000000e+00
5.590300e+03 2.449058e+03 0.000000e+00 0.000000e+00
5.590310e+03 2.978237e+03 0.000000e+00 0.000000e+00
5.590320e+03 3.562946e+03 0.000000e+00 0.000000e+00
5.590330e+03 4.147584e+03 0.000000e+00 0.000000e+00
5.590340e+03 4.653439e+03 0.000000e+00 0.000000e+00
5.590350e+03 4.997634e+03 0.000000e+00 0.000000e+00
5.590360e+03 5.117595e+03 0.000000e+00 0.000000e+00
5.590370e+03 4.990569e+03 0.000000e+00 0.000000e+00
5.590380e+03 4.639669e+03 0.000000e+00 0.000000e+00
5.590390e+03 4.124613e+03 0.000000e+00 0.000000e+00
5.590400e+03 3.522519e+03 0.000000e+00 0.000000e+00
5.590410e+03 2.907603e+03 0.000000e+00 0.000000e+00
5.590420e+03 2.336916e+03 0.000000e+00 0.000000e+00
5.590430e+03 1.844736e+03 0.000000e+00 0.000000e+00
5.590440e+03 1.444066e+03 0.000000e+00 0.000000e+00
5.590450e+03 1.132109e+03 0.000000e+00 0.000000e+00
5.590460e+03 8.970871e+02 0.000000e+00 0.000000e+00
5.590470e+03 7.250673e+02 1.280136e-315 3.577898e-159
5.590480e+03 6.062954e+02 4.889165e-264 2.211146e-133
5.590490e+03 5.407080e+02 1.491009e-235 3.861358e-119
5.590500e+03 5.419536e+02 4.290772e-236 2.071418e-119
5.590510e+03 6.385514e+02 4.793261e-278 2.189352e-140
5.590520e+03 8.699969e+02 0.000000e+00 0.000000e+00
5.590530e+03 1.275543e+03 0.000000e+00 0.000000e+00
5.590540e+03 1.875368e+03 0.000000e+00 0.000000e+00
5.590550e+03 2.648663e+03 0.000000e+00 0.000000e+00
5.590560e+03 3.518900e+03 0.000000e+00 0.000000e+00
5.590570e+03 4.358476e+03 0.000000e+00 0.000000e+00
5.590580e+03 5.018789e+03 0.000000e+00 0.000000e+00
5.590590e+03 5.378218e+03 0.000000e+00 0.000000e+00
5.590600e+03 5.387179e+03 0.000000e+00 0.000000e+00
5.590610e+03 5.086755e+03 0.000000e+00 0.000000e+00
5.590620e+03 4.589529e+03 0.000000e+00 0.000000e+00
5.590630e+03 4.031679e+03 0.000000e+00 0.000000e+00
5.590640e+03 3.520895e+03 0.000000e+00 0.000000e+00
5.590650e+03 3.105121e+03 0.000000e+00 0.000000e+00
5.590660e+03 2.773380e+03 0.000000e+00 0.000000e+00
5.590670e+03 2.481842e+03 0.000000e+00 0.000000e+00
5.590680e+03 2.187129e+03 0.000000e+00 0.000000e+00
5.590690e+03 1.869557e+03 0.000000e+00 0.000000e+00
5.590700e+03 1.538387e+03 0.000000e+00 0.000000e+00
5.590710e+03 1.222044e+03 0.000000e+00 0.000000e+00
5.590720e+03 9.523379e+02 0.000000e+00 0.000000e+00
5.590730e+03 7.513562e+02 0.000000e+00 0.000000e+00
5.590740e+03 6.253383e+02 2.624486e-272 1.620027e-137
5.590750e+03 5.652834e+02 3.166299e-246 1.779410e-124
5.590760e+03 5.517025e+02 2.503963e-240 1.582391e-121
5.590770e+03 5.608287e+02 2.724005e-244 1.650456e-123
5.590780e+03 5.704946e+02 1.727148e-248 1.314210e-125
5.590790e+03 5.646247e+02 6.118155e-246 2.473491e-124
5.590800e+03 5.355913e+02 2.486868e-233 4.986850e-118
5.590810e+03 4.841206e+02 5.611672e-211 7.491109e-107
5.590820e+03 4.170578e+02 7.483651e-182 2.735626e-92
5.590830e+03 3.439820e+02 4.078450e-150 2.019517e-76
5.590840e+03 2.739839e+02 1.024026e-119 3.200041e-61
5.590850e+03 2.135744e+02 1.761154e-93 4.196610e-48
5.590860e+03 1.660519e+02 7.665812e-73 8.755462e-38
5.590870e+03 1.320413e+02 4.520735e-58 2.126202e-30
5.590880e+03 1.106657e+02 8.679954e-49 9.316627e-26
5.590890e+03 1.009258e+02 1.473891e-44 1.214039e-23
5.590900e+03 1.030569e+02 1.749731e-45 4.182978e-24
5.590910e+03 1.198096e+02 9.275566e-53 9.630974e-28
5.590920e+03 1.576034e+02 3.578550e-69 5.982098e-36
5.590930e+03 2.274221e+02 1.705361e-99 4.129601e-51
5.590940e+03 3.451309e+02 1.292883e-150 1.137050e-76
5.590950e+03 5.308108e+02 2.963405e-231 5.443717e-117
5.590960e+03 8.066629e+02 0.000000e+00 0.000000e+00
5.590970e+03 1.193279e+03 0.000000e+00 0.000000e+00
5.590980e+03 1.704556e+03 0.000000e+00 0.000000e+00
5.590990e+03 2.342204e+03 0.000000e+00 0.000000e+00
5.591000e+03 3.091319e+03 0.000000e+00 0.000000e+00
5.591010e+03 3.918485e+03 0.000000e+00 0.000000e+00
5.591020e+03 4.773286e+03 0.000000e+00 0.000000e+00
5.591030e+03 5.592984e+03 0.000000e+00 0.000000e+00
5.591040e+03 6.309229e+03 0.000000e+00 0.000000e+00
5.591050e+03 6.855538e+03 0.000000e+00 0.000000e+00
5.591060e+03 7.174904e+03 0.000000e+00 0.000000e+00
5.591070e+03 7.227625e+03 0.000000e+00 0.000000e+00
5.591080e+03 6.999144e+03 0.000000e+00 0.000000e+00
5.591090e+03 6.506344e+03 0.000000e+00 0.000000e+00
5.591100e+03 5.799244e+03 0.000000e+00 0.000000e+00
5.591110e+03 4.955284e+03 0.000000e+00 0.000000e+00
5.591120e+03 4.065878e+03 0.000000e+00 0.000000e+00
5.591130e+03 3.218743e+03 0.000000e+00 0.000000e+00
5.591140e+03 2.481933e+03 0.000000e+00 0.000000e+00
5.591150e+03 1.894956e+03 0.000000e+00 0.000000e+00
5.591160e+03 1.469039e+03 0.000000e+00 0.000000e+00
5.591170e+03 1.194500e+03 0.000000e+00 0.000000e+00
5.591180e+03 1.050684e+03 0.000000e+00 0.000000e+00
5.591190e+03 1.013887e+03 0.000000e+00 0.000000e+00
5.591200e+03 1.060710e+03 0.000000e+00 0.000000e+00
5.591210e+03 1.167040e+03 0.000000e+00 0.000000e+00
5.591220e+03 1.305181e+03 0.000000e+00 0.000000e+00
5.591230e+03 1.442566e+03 0.000000e+00 0.000000e+00
5.591240e+03 1.544603e+03 0.000000e+00 0.000000e+00
5.591250e+03 1.581676e+03 0.000000e+00 0.000000e+00
5.591260e+03 1.537467e+03 0.000000e+00 0.000000e+00
5.591270e+03 1.414340e+03 0.000000e+00 0.000000e+00
5.591280e+03 1.232685e+03 0.000000e+00 0.000000e+00
5.591290e+03 1.024268e+03 0.000000e+00 0.000000e+00
5.591300e+03 8.227565e+02 0.000000e+00 0.000000e+00
5.591310e+03 6.555785e+02 1.931463e-285 4.394841e-144
5.591320e+03 5.398917e+02 3.372960e-235 5.807719e-119
5.591330e+03 4.827529e+02 2.203405e-210 1.484387e-106
5.591340e+03 4.836327e+02 9.141078e-211 9.560898e-107
5.591350e+03 5.370442e+02 5.816692e-234 2.411782e-118
5.591360e+03 6.339932e+02 4.573709e-276 2.138623e-139
5.591370e+03 7.623030e+02 0.000000e+00 0.000000e+00
5.591380e+03 9.066884e+02 0.000000e+00 0.000000e+00
5.591390e+03 1.049559e+03 0.000000e+00 0.000000e+00
5.591400e+03 1.173023e+03 0.000000e+00 0.000000e+00
5.591410e+03 1.261831e+03 0.000000e+00 0.000000e+00
5.591420e+03 1.306373e+03 0.000000e+00 0.000000e+00
5.591430e+03 1.304645e+03 0.000000e+00 0.000000e+00
5.591440e+03 1.262342e+03 0.000000e+00 0.000000e+00
5.591450e+03 1.190908e+03 0.000000e+00 0.000000e+00
5.591460e+03 1.104134e+03 0.000000e+00 0.000000e+00
5.591470e+03 1.014477e+03 0.000000e+00 0.000000e+00
5.591480e+03 9.303278e+02 0.000000e+00 0.000000e+00
5.591490e+03 8.550342e+02 0.000000e+00 0.000000e+00
5.591500e+03 7.877952e+02 0.000000e+00 0.000000e+00
5.591510e+03 7.257519e+02 6.455823e-316 2.540831e-159
5.591520e+03 6.663222e+02 4.168087e-290 2.041589e-146
5.591530e+03 6.088067e+02 3.968203e-265 6.299368e-134
5.591540e+03 5.547687e+02 1.166826e-241 3.415883e-122
5.591550e+03 5.072365e+02 5.128483e-221 7.161343e-112
5.591560e+03 4.692370e+02 1.632911e-204 1.277854e-103
5.591570e+03 4.423442e+02 7.804783e-193 8.834468e-98
5.591580e+03 4.258066e+02 1.187283e-185 3.445697e-94
5.591590e+03 4.165383e+02 1.258135e-181 3.547019e-92
5.591600e+03 4.098918e+02 9.688895e-179 9.843219e-91
5.591610e+03 4.008809e+02 7.936287e-175 8.908584e-89
5.591620e+03 3.854251e+02 4.092675e-168 2.023036e-85
5.591630e+03 3.612427e+02 1.301052e-157 3.607009e-80
5.591640e+03 3.281815e+02 2.968800e-143 5.448670e-73
5.591650e+03 2.879825e+02 8.527074e-126 2.920115e-64
5.591660e+03 2.436349e+02 1.551304e-106 1.245514e-54
5.591670e+03 1.985690e+02 5.788640e-87 7.608311e-45
5.591680e+03 1.559177e+02 1.931093e-68 1.389638e-35
5.591690e+03 1.180165e+02 5.573215e-52 2.360766e-27
5.591700e+03 8.619597e+01 3.677597e-38 1.917706e-20
5.591710e+03 6.082805e+01 3.825736e-27 6.185253e-15
5.591720e+03 4.154612e+01 9.052084e-19 9.514244e-11
5.591730e+03 2.752189e+01 1.115305e-12 1.056080e-07
5.591740e+03 1.773131e+01 1.992467e-08 1.411548e-05
5.591750e+03 1.115186e+01 1.434856e-05 3.787949e-04
5.591760e+03 6.886798e+00 1.021179e-03 3.195589e-03
5.591770e+03 4.211736e+00 1.482062e-02 1.217399e-02
5.591780e+03 2.585413e+00 7.536497e-02 2.745268e-02
5.591790e+03 1.625852e+00 1.967441e-01 4.435584e-02
5.591800e+03 1.073248e+00 3.418961e-01 5.847188e-02
5.591810e+03 7.611117e-01 4.671468e-01 6.834814e-02
5.591820e+03 5.864879e-01 5.562776e-01 7.458402e-02
5.591830e+03 4.876839e-01 6.140469e-01 7.836115e-02
5.591840e+03 4.304907e-01 6.501900e-01 8.063436e-02
5.591850e+03 3.950482e-01 6.736476e-01 8.207604e-02
5.591860e+03 3.709879e-01 6.900523e-01 8.306939e-02
5.591870e+03 3.521769e-01 7.031558e-01 8.385438e-02
5.591880e+03 3.374758e-01 7.135692e-01 8.447303e-02
5.591890e+03 3.247340e-01 7.227196e-01 8.501292e-02
5.591900e+03 3.132897e-01 7.310381e-01 8.550077e-02
5.591910e+03 3.028027e-01 7.387448e-01 8.595027e-02
5.591920e+03 2.922596e-01 7.465747e-01 8.640456e-02
5.591930e+03 2.832057e-01 7.533648e-01 8.679659e-02
5.591940e+03 2.747222e-01 7.597832e-01 8.716554e-02
5.591950e+03 2.662268e-01 7.662654e-01 8.753658e-02
5.591960e+03 2.587245e-01 7.720357e-01 8.786556e-02
5.591970e+03 2.516361e-01 7.775276e-01 8.817753e-02
5.591980e+03 2.433749e-01 7.839775e-01 8.854251e-02
5.591990e+03 2.367015e-01 7.892269e-01 8.883844e-02
5.592000e+03 2.303917e-01 7.942225e-01 8.911916e-02
5.592010e+03 2.246611e-01 7.987869e-01 8.937488e-02
5.592020e+03 2.186700e-01 8.035869e-01 8.964301e-02
5.592030e+03 2.134734e-01 8.077736e-01 8.987623e-02
5.592040e+03 2.079413e-01 8.122547e-01 9.012518e-02
5.592050e+03 2.028182e-01 8.164267e-01 9.035633e-02
5.592060e+03 1.982953e-01 8.201277e-01 9.056090e-02
5.592070e+03 1.939581e-01 8.236924e-01 9.075750e-02
5.592080e+03 1.897950e-01 8.271287e-01 9.094662e-02
5.592090e+03 1.857950e-01 8.304438e-01 9.112869e-02
5.592100e+03 1.819484e-01 8.336444e-01 9.130413e-02
5.592110e+03 1.782460e-01 8.367365e-01 9.147330e-02
5.592120e+03 1.746797e-01 8.397259e-01 9.163656e-02
5.592130e+03 1.712417e-01 8.426179e-01 9.179422e-02
5.592140e+03 1.679251e-01 8.454172e-01 9.194657e-02
5.592150e+03 1.647232e-01 8.481284e-01 9.209389e-02
5.592160e+03 1.611844e-01 8.511351e-01 9.225699e-02
5.592170e+03 1.581979e-01 8.536808e-01 9.239485e-02
5.592180e+03 1.553093e-01 8.561503e-01 9.252839e-02
5.592190e+03 1.517718e-01 8.591843e-01 9.269219e-02
5.592200e+03 1.490706e-01 8.615082e-01 9.281747e-02
5.592210e+03 1.464537e-01 8.637657e-01 9.293900e-02
5.592220e+03 1.439172e-01 8.659595e-01 9.305694e-02
5.592230e+03 1.414572e-01 8.680923e-01 9.317147e-02
5.592240e+03 1.390705e-01 8.701667e-01 9.328273e-02
5.592250e+03 1.360521e-01 8.727971e-01 9.342361e-02
5.592260e+03 1.338237e-01 8.747443e-01 9.352777e-02
5.592270e+03 1.316583e-01 8.766405e-01 9.362908e-02
5.592280e+03 1.295532e-01 8.784878e-01 9.372768e-02
5.592290e+03 1.275061e-01 8.802881e-01 9.382367e-02
5.592300e+03 1.255145e-01 8.820430e-01 9.391715e-02
5.592310e+03 1.235761e-01 8.837543e-01 9.400821e-02
5.592320e+03 1.216890e-01 8.854237e-01 9.409695e-02
5.592330e+03 1.198511e-01 8.870525e-01 9.418346e-02
5.592340e+03 1.166924e-01 8.898589e-01 9.433233e-02
5.592350e+03 1.149685e-01 8.913942e-01 9.441368e-02
5.592360e+03 1.132879e-01 8.928936e-01 9.449305e-02
5.592370e+03 1.116491e-01 8.943581e-01 9.457051e-02
5.592380e+03 1.100504e-01 8.957890e-01 9.464613e-02
5.592390e+03 1.076966e-01 8.979000e-01 9.475758e-02
5.592400e+03 1.061803e-01 8.992625e-01 9.482945e-02
5.592410e+03 1.044540e-01 9.008163e-01 9.491134e-02
5.592420e+03 1.030122e-01 9.021160e-01 9.497978e-02
5.592430e+03 1.016039e-01 9.033873e-01 9.504669e-02
5.592440e+03 9.997592e-02 9.048592e-01 9.512409e-02
5.592450e+03 9.863517e-02 9.060732e-01 9.518788e-02
5.592460e+03 9.668115e-02 9.078454e-01 9.528092e-02
5.592470e+03 9.540959e-02 9.090005e-01 9.534152e-02
5.592480e+03 9.416602e-02 9.101316e-01 9.540082e-02
5.592490e+03 9.294956e-02 9.112395e-01 9.545886e-02
5.592500e+03 9.175935e-02 9.123247e-01 9.551569e-02
5.592510e+03 8.999952e-02 9.139316e-01 9.559977e-02
5.592520e+03 8.886398e-02 9.149700e-01 9.565407e-02
5.592530e+03 8.775228e-02 9.159878e-01 9.570725e-02
5.592540e+03 8.666368e-02 9.169854e-01 9.575936e-02
5.592550e+03 8.559750e-02 9.179636e-01 9.581042e-02
5.592560e+03 8.373759e-02 9.196726e-01 9.589956e-02
5.592570e+03 8.272684e-02 9.206026e-01 9.594804e-02
5.592580e+03 8.129774e-02 9.219192e-01 9.601662e-02
5.592590e+03 8.033355e-02 9.228085e-01 9.606292e-02
5.592600e+03 7.938827e-02 9.236812e-01 9.610834e-02
5.592610e+03 7.846136e-02 9.245378e-01 9.615289e-02
5.592620e+03 7.755233e-02 9.253786e-01 9.619660e-02
5.592630e+03 7.666066e-02 9.262041e-01 9.623950e-02
5.592640e+03 7.578588e-02 9.270147e-01 9.628160e-02
5.592650e+03 7.492754e-02 9.278107e-01 9.632293e-02
5.592660e+03 7.408518e-02 9.285926e-01 9.636351e-02
5.592670e+03 7.325839e-02 9.293607e-01 9.640335e-02
5.592680e+03 7.244675e-02 9.301153e-01 9.644248e-02
5.592690e+03 7.164986e-02 9.308568e-01 9.648092e-02
5.592700e+03 7.086734e-02 9.315855e-01 9.651868e-02
5.592710e+03 7.009882e-02 9.323017e-01 9.655577e-02
5.592720e+03 6.934394e-02 9.330057e-01 9.659222e-02
5.592730e+03 6.860235e-02 9.336979e-01 9.662804e-02
5.592740e+03 6.787372e-02 9.343785e-01 9.666325e-02
5.592750e+03 6.715772e-02 9.350477e-01 9.669787e-02
5.592760e+03 6.645405e-02 9.357059e-01 9.673189e-02
5.592770e+03 6.576241e-02 9.363533e-01 9.676535e-02
5.592780e+03 6.508248e-02 9.369902e-01 9.679825e-02
5.592790e+03 6.441401e-02 9.376167e-01 9.683061e-02
5.592800e+03 6.375670e-02 9.382332e-01 9.686244e-02
5.592810e+03 6.311030e-02 9.388399e-01 9.689375e-02
5.592820e+03 6.247455e-02 9.394370e-01 9.692456e-02
5.592830e+03 6.151064e-02 9.403429e-01 9.697128e-02
5.592840e+03 6.090065e-02 9.409167e-01 9.700086e-02
5.592850e+03 5.968453e-02 9.420617e-01 9.705986e-02
5.592860e+03 5.909869e-02 9.426137e-01 9.708830e-02
5.592870e+03 5.852214e-02 9.431574e-01 9.711629e-02
5.592880e+03 5.795470e-02 9.436927e-01 9.714385e-02
5.592890e+03 5.739615e-02 9.442199e-01 9.717098e-02
5.592900e+03 5.684630e-02 9.447393e-01 9.719770e-02
5.592910e+03 5.630496e-02 9.452508e-01 9.722401e-02
5.592920e+03 5.577193e-02 9.457548e-01 9.724993e-02
5.592930e+03 5.405376e-02 9.473812e-01 9.733351e-02
5.592940e+03 5.354840e-02 9.478601e-01 9.735810e-02
5.592950e+03 5.305065e-02 9.483320e-01 9.738234e-02
5.592960e+03 5.256035e-02 9.487971e-01 9.740621e-02
5.592970e+03 5.207733e-02 9.492555e-01 9.742974e-02
5.592980e+03 5.160144e-02 9.497073e-01 9.745293e-02
5.592990e+03 5.113254e-02 9.501527e-01 9.747578e-02
5.593000e+03 5.067048e-02 9.505919e-01 9.749830e-02
5.593010e+03 5.021512e-02 9.510248e-01 9.752050e-02
5.593020e+03 4.976632e-02 9.514517e-01 9.754239e-02
5.593030e+03 4.932395e-02 9.518727e-01 9.756396e-02
5.593040e+03 4.888788e-02 9.522879e-01 9.758524e-02
5.593050e+03 4.845799e-02 9.526974e-01 9.760622e-02
5.593060e+03 4.803415e-02 9.531012e-01 9.762690e-02
5.593070e+03 4.761624e-02 9.534996e-01 9.764731e-02
5.593080e+03 4.720415e-02 9.538926e-01 9.766743e-02
5.593090e+03 4.679776e-02 9.542804e-01 9.768728e-02
5.593100e+03 4.639695e-02 9.546629e-01 9.770685e-02
5.593110e+03 4.600164e-02 9.550404e-01 9.772617e-02
5.593120e+03 4.561169e-02 9.554129e-01 9.774522e-02
5.593130e+03 4.522703e-02 9.557805e-01 9.776403e-02
5.593140e+03 4.484754e-02 9.561432e-01 9.778258e-02
5.593150e+03 4.447313e-02 9.565013e-01 9.780088e-02
5.593160e+03 4.410369e-02 9.568547e-01 9.781895e-02
5.593170e+03 4.373915e-02 9.572036e-01 9.783678e-02
5.593180e+03 4.337941e-02 9.575480e-01 9.785438e-02
5.593190e+03 4.302438e-02 9.578880e-01 9.787175e-02
5.593200e+03 4.267397e-02 9.582238e-01 9.788890e-02
5.593210e+03 4.232810e-02 9.585552e-01 9.790583e-02
5.593220e+03 4.161055e-02 9.592433e-01 9.794097e-02
5.593230e+03 4.127643e-02 9.595638e-01 9.795733e-02
5.593240e+03 3.974950e-02 9.610301e-01 9.803215e-02
5.593250e+03 3.943310e-02 9.613343e-01 9.804766e-02
5.593260e+03 3.912070e-02 9.616346e-01 9.806297e-02
5.593270e+03 3.881224e-02 9.619313e-01 9.807810e-02
5.593280e+03 3.850765e-02 9.622243e-01 9.809303e-02
5.593290e+03 3.820686e-02 9.625138e-01 9.810779e-02
5.593300e+03 3.790980e-02 9.627998e-01 9.812236e-02
5.593310e+03 3.761641e-02 9.630823e-01 9.813676e-02
5.593320e+03 3.732662e-02 9.633614e-01 9.815098e-02
5.593330e+03 3.704038e-02 9.636372e-01 9.816503e-02
5.593340e+03 3.675762e-02 9.639097e-01 9.817891e-02
5.593350e+03 3.647828e-02 9.641790e-01 9.819262e-02
5.593360e+03 3.572331e-02 9.649072e-01 9.822969e-02
5.593370e+03 3.545435e-02 9.651668e-01 9.824290e-02
5.593380e+03 3.518860e-02 9.654233e-01 9.825596e-02
5.593390e+03 3.492601e-02 9.656769e-01 9.826886e-02
5.593400e+03 3.466653e-02 9.659275e-01 9.828161e-02
5.593410e+03 3.441009e-02 9.661752e-01 9.829421e-02
5.593420e+03 3.415666e-02 9.664201e-01 9.830667e-02
5.593430e+03 3.390619e-02 9.666622e-01 9.831898e-02
5.593440e+03 3.365862e-02 9.669015e-01 9.833115e-02
5.593450e+03 3.341391e-02 9.671382e-01 9.834318e-02
5.593460e+03 3.317202e-02 9.673721e-01 9.835508e-02
5.593470e+03 3.293289e-02 9.676035e-01 9.836684e-02
5.593480e+03 3.269649e-02 9.678323e-01 9.837847e-02
5.593490e+03 3.246277e-02 9.680585e-01 9.838996e-02
5.593500e+03 3.223169e-02 9.682822e-01 9.840133e-02
5.593510e+03 3.200320e-02 9.685035e-01 9.841257e-02
5.593520e+03 3.177727e-02 9.687223e-01 9.842369e-02
5.593530e+03 3.155386e-02 9.689388e-01 9.843469e-02
5.593540e+03 3.133293e-02 9.691529e-01 9.844556e-02
5.593550e+03 3.111444e-02 9.693646e-01 9.845632e-02
5.593560e+03 3.089834e-02 9.695741e-01 9.846696e-02
5.593570e+03 3.068462e-02 9.697814e-01 9.847748e-02
5.593580e+03 3.047322e-02 9.699864e-01 9.848789e-02
5.593590e+03 3.026412e-02 9.701893e-01 9.849819e-02
5.593600e+03 3.005728e-02 9.703900e-01 9.850837e-02
5.593610e+03 2.985266e-02 9.705885e-01 9.851845e-02
5.593620e+03 2.895112e-02 9.714640e-01 9.856287e-02
5.593630e+03 2.810245e-02 9.722888e-01 9.860470e-02
5.593640e+03 2.791474e-02 9.724713e-01 9.861396e-02
5.593650e+03 2.710950e-02 9.732547e-01 9.865367e-02
5.593660e+03 2.693050e-02 9.734289e-01 9.866250e-02
5.593670e+03 2.675336e-02 9.736013e-01 9.867124e-02
5.593680e+03 2.657806e-02 9.737720e-01 9.867989e-02
5.593690e+03 2.640456e-02 9.739410e-01 9.868845e-02
5.593700e+03 2.588535e-02 9.744468e-01 9.871407e-02
5.593710e+03 2.571809e-02 9.746098e-01 9.872233e-02
5.593720e+03 2.555253e-02 9.747712e-01 9.873050e-02
5.593730e+03 2.538865e-02 9.749309e-01 9.873859e-02
5.593740e+03 2.522642e-02 9.750891e-01 9.874660e-02
5.593750e+03 2.506583e-02 9.752457e-01 9.875453e-02
5.593760e+03 2.490684e-02 9.754008e-01 9.876238e-02
5.593770e+03 2.474944e-02 9.755543e-01 9.877015e-02
5.593780e+03 2.459360e-02 9.757064e-01 9.877785e-02
5.593790e+03 2.443931e-02 9.758569e-01 9.878547e-02
5.593800e+03 2.367333e-02 9.766047e-01 9.882331e-02
5.593810e+03 2.352680e-02 9.767478e-01 9.883055e-02
5.593820e+03 2.205193e-02 9.781894e-01 9.890346e-02
5.593830e+03 2.191647e-02 9.783220e-01 9.891016e-02
5.593840e+03 2.178230e-02 9.784532e-01 9.891679e-02
5.593850e+03 2.164942e-02 9.785832e-01 9.892337e-02
5.593860e+03 2.151781e-02 9.787120e-01 9.892988e-02
5.593870e+03 2.138745e-02 9.788396e-01 9.893632e-02
5.593880e+03 2.125833e-02 9.789660e-01 9.894271e-02
5.593890e+03 2.113043e-02 9.790913e-01 9.894904e-02
5.593900e+03 2.100373e-02 9.792153e-01 9.895531e-02
5.593910e+03 2.087822e-02 9.793382e-01 9.896152e-02
5.593920e+03 2.075388e-02 9.794600e-01 9.896767e-02
5.593930e+03 2.063070e-02 9.795807e-01 9.897377e-02
5.593940e+03 2.050866e-02 9.797002e-01 9.897981e-02
5.593950e+03 2.038775e-02 9.798187e-01 9.898579e-02
5.593960e+03 2.026795e-02 9.799361e-01 9.899172e-02
5.593970e+03 2.014926e-02 9.800524e-01 9.899760e-02
5.593980e+03 2.003164e-02 9.801677e-01 9.900342e-02
5.593990e+03 1.991510e-02 9.802819e-01 9.900919e-02
5.594000e+03 1.979962e-02 9.803951e-01 9.901490e-02
5.594010e+03 1.968518e-02 9.805073e-01 9.902057e-02
5.594020e+03 1.957177e-02 9.806185e-01 9.902618e-02
5.594030e+03 1.945938e-02 9.807287e-01 9.903175e-02
5.594040e+03 1.934800e-02 9.808380e-01 9.903726e-02
5.594050e+03 1.923761e-02 9.809463e-01 9.904273e-02
5.594060e+03 1.912820e-02 9.810536e-01 9.904815e-02
5.594070e+03 1.901976e-02 9.811600e-01 9.905352e-02
5.594080e+03 1.834231e-02 9.818249e-01 9.908708e-02
5.594090e+03 1.824018e-02 9.819252e-01 9.909214e-02
5.594100e+03 1.813893e-02 9.820246e-01 9.909715e-02
5.594110e+03 1.803856e-02 9.821232e-01 9.910213e-02
5.594120e+03 1.793905e-02 9.822209e-01 9.910706e-02
5.594130e+03 1.784039e-02 9.823178e-01 9.911195e-02
5.594140e+03 1.774257e-02 9.824139e-01 9.911679e-02
5.594150e+03 1.764559e-02 9.825092e-01 9.912160e-02
5.594160e+03 1.754943e-02 9.826037e-01 9.912637e-02
5.594170e+03 1.745408e-02 9.826974e-01 9.913109e-02
5.594180e+03 1.701672e-02 9.831272e-01 9.915277e-02
5.594190e+03 1.660288e-02 9.835342e-01 9.917329e-02
5.594200e+03 1.651372e-02 9.836219e-01 9.917771e-02
5.594210e+03 1.642530e-02 9.837089e-01 9.918210e-02
5.594220e+03 1.633762e-02 9.837951e-01 9.918645e-02
5.594230e+03 1.625065e-02 9.838807e-01 9.919076e-02
5.594240e+03 1.616440e-02 9.839655e-01 9.919504e-02
5.594250e+03 1.607886e-02 9.840497e-01 9.919928e-02
5.594260e+03 1.599401e-02 9.841332e-01 9.920349e-02
5.594270e+03 1.590986e-02 9.842160e-01 9.920766e-02
5.594280e+03 1.582639e-02 9.842982e-01 9.921180e-02
5.594290e+03 1.574360e-02 9.843797e-01 9.921591e-02
5.594300e+03 1.540179e-02 9.847162e-01 9.923287e-02
5.594310e+03 1.532133e-02 9.847954e-01 9.923686e-02
5.594320e+03 1.524152e-02 9.848740e-01 9.924082e-02
5.594330e+03 1.516235e-02 9.849520e-01 9.924475e-02
5.594340e+03 1.508382e-02 9.850294e-01 9.924865e-02
5.594350e+03 1.500591e-02 9.851061e-01 9.925251e-02
5.594360e+03 1.492863e-02 9.851823e-01 9.925635e-02
5.594370e+03 1.485195e-02 9.852578e-01 9.926015e-02
5.594380e+03 1.477588e-02 9.853327e-01 9.926393e-02
5.594390e+03 1.470042e-02 9.854071e-01 9.926767e-02
5.594400e+03 1.435142e-02 9.857511e-01 9.928500e-02
5.594410e+03 1.427820e-02 9.858233e-01 9.928863e-02
5.594420e+03 1.420555e-02 9.858949e-01 9.929224e-02
5.594430e+03 1.413347e-02 9.859659e-01 9.929582e-02
5.594440e+03 1.406195e-02 9.860365e-01 9.929937e-02
5.594450e+03 1.399099e-02 9.861064e-01 9.930289e-02
5.594460e+03 1.392058e-02 9.861759e-01 9.930639e-02
5.594470e+03 1.385071e-02 9.862448e-01 9.930986e-02
5.594480e+03 1.378138e-02 9.863131e-01 9.931330e-02
5.594490e+03 1.371259e-02 9.863810e-01 9.931672e-02
5.594500e+03 1.364432e-02 9.864483e-01 9.932011e-02
5.594510e+03 1.357658e-02 9.865152e-01 9.932347e-02
5.594520e+03 1.350935e-02 9.865815e-01 9.932681e-02
5.594530e+03 1.344263e-02 9.866473e-01 9.933012e-02
5.594540e+03 1.337642e-02 9.867126e-01 9.933341e-02
5.594550e+03 1.331071e-02 9.867775e-01 9.933667e-02
5.594560e+03 1.324550e-02 9.868418e-01 9.933991e-02
5.594570e+03 1.318077e-02 9.869057e-01 9.934313e-02
5.594580e+03 1.311654e-02 9.869691e-01 9.934632e-02
5.594590e+03 1.305278e-02 9.870320e-01 9.934949e-02
5.594600e+03 1.264682e-02 9.874328e-01 9.936965e-02
5.594610e+03 1.258534e-02 9.874935e-01 9.937271e-02
5.594620e+03 1.163984e-02 9.884276e-01 9.941970e-02
5.594630e+03 1.158271e-02 9.884841e-01 9.942254e-02
5.594640e+03 1.152601e-02 9.885402e-01 9.942536e-02
5.594650e+03 1.146973e-02 9.885958e-01 9.942815e-02
5.594660e+03 1.106618e-02 9.889948e-01 9.944822e-02
5.594670e+03 1.101209e-02 9.890483e-01 9.945091e-02
5.594680e+03 1.095840e-02 9.891014e-01 9.945358e-02
5.594690e+03 1.090511e-02 9.891541e-01 9.945623e-02
5.594700e+03 1.085221e-02 9.892065e-01 9.945886e-02
5.594710e+03 1.079971e-02 9.892584e-01 9.946147e-02
5.594720e+03 1.074760e-02 9.893100e-01 9.946406e-02
5.594730e+03 1.069587e-02 9.893611e-01 9.946663e-02
5.594740e+03 1.064452e-02 9.894119e-01 9.946919e-02
5.594750e+03 1.059354e-02 9.894624e-01 9.947172e-02
5.594760e+03 1.054294e-02 9.895124e-01 9.947424e-02
5.594770e+03 1.049271e-02 9.895621e-01 9.947674e-02
5.594780e+03 1.044284e-02 9.896115e-01 9.947922e-02
5.594790e+03 1.039334e-02 9.896605e-01 9.948168e-02
5.594800e+03 1.034419e-02 9.897091e-01 9.948413e-02
5.594810e+03 9.960985e-03 9.900885e-01 9.950319e-02
5.594820e+03 9.913845e-03 9.901351e-01 9.950553e-02
5.594830e+03 9.867045e-03 9.901815e-01 9.950786e-02
5.594840e+03 9.820582e-03 9.902275e-01 9.951017e-02
5.594850e+03 9.774452e-03 9.902732e-01 9.951247e-02
5.594860e+03 9.728653e-03 9.903185e-01 9.951475e-02
5.594870e+03 9.683181e-03 9.903635e-01 9.951701e-02
5.594880e+03 9.638033e-03 9.904083e-01 9.951926e-02
5.594890e+03 9.593206e-03 9.904527e-01 9.952149e-02
5.594900e+03 9.548697e-03 9.904967e-01 9.952370e-02
5.594910e+03 9.504503e-03 9.905405e-01 9.952590e-02
5.594920e+03 9.460620e-03 9.905840e-01 9.952809e-02
5.594930e+03 9.417046e-03 9.906272e-01 9.953025e-02
5.594940e+03 9.373778e-03 9.906700e-01 9.953241e-02
5.594950e+03 9.330813e-03 9.907126e-01 9.953455e-02
5.594960e+03 9.288148e-03 9.907549e-01 9.953667e-02
5.594970e+03 9.245780e-03 9.907968e-01 9.953878e-02
5.594980e+03 9.203707e-03 9.908385e-01 9.954087e-02
5.594990e+03 9.161925e-03 9.908799e-01 9.954295e-02
5.595000e+03 9.120433e-03 9.909210e-01 9.954502e-02
5.595010e+03 9.079226e-03 9.909619e-01 9.954707e-02
5.595020e+03 9.038303e-03 9.910024e-01 9.954910e-02
5.595030e+03 8.997661e-03 9.910427e-01 9.955113e-02
5.595040e+03 8.957297e-03 9.910827e-01 9.955314e-02
5.595050e+03 8.917210e-03 9.911224e-01 9.955513e-02
5.595060e+03 8.877395e-03 9.911619e-01 9.955711e-02
5.595070e+03 8.837851e-03 9.912011e-01 9.955908e-02
5.595080e+03 8.798575e-03 9.912400e-01 9.956104e-02
5.595090e+03 8.759565e-03 9.912787e-01 9.956298e-02
5.595100e+03 8.720818e-03 9.913171e-01 9.956491e-02
5.595110e+03 8.682332e-03 9.913553e-01 9.956682e-02
5.595120e+03 8.644104e-03 9.913931e-01 9.956873e-02
5.595130e+03 8.606133e-03 9.914308e-01 9.957062e-02
5.595140e+03 8.568416e-03 9.914682e-01 9.957250e-02
5.595150e+03 8.530950e-03 9.915053e-01 9.957436e-02
5.595160e+03 8.493733e-03 9.915422e-01 9.957621e-02
5.595170e+03 8.456764e-03 9.915789e-01 9.957805e-02
5.595180e+03 8.420039e-03 9.916153e-01 9.957988e-02
5.595190e+03 8.383557e-03 9.916515e-01 9.958170e-02
5.595200e+03 8.347316e-03 9.916874e-01 9.958350e-02
5.595210e+03 8.311312e-03 9.917231e-01 9.958530e-02
5.595220e+03 8.275546e-03 9.917586e-01 9.958708e-02
5.595230e+03 8.240013e-03 9.917938e-01 9.958885e-02
5.595240e+03 8.204712e-03 9.918289e-01 9.959060e-02
5.595250e+03 8.169641e-03 9.918636e-01 9.959235e-02
5.595260e+03 7.755743e-03 9.922743e-01 9.961296e-02
5.595270e+03 7.722599e-03 9.923071e-01 9.961461e-02
5.595280e+03 7.689670e-03 9.923398e-01 9.961625e-02
5.595290e+03 7.656955e-03 9.923723e-01 9.961788e-02
5.595300e+03 7.624452e-03 9.924045e-01 9.961950e-02
5.595310e+03 7.592158e-03 9.924366e-01 9.962111e-02
5.595320e+03 7.560072e-03 9.924684e-01 9.962271e-02
5.595330e+03 7.528193e-03 9.925001e-01 9.962430e-02
5.595340e+03 7.496518e-03 9.925315e-01 9.962588e-02
5.595350e+03 7.465045e-03 9.925627e-01 9.962744e-02
5.595360e+03 7.433774e-03 9.925938e-01 9.962900e-02
5.595370e+03 7.402701e-03 9.926246e-01 9.963055e-02
5.595380e+03 7.371826e-03 9.926553e-01 9.963209e-02
5.595390e+03 7.341147e-03 9.926857e-01 9.963362e-02
5.595400e+03 7.310662e-03 9.927160e-01 9.963513e-02
5.595410e+03 7.280370e-03 9.927461e-01 9.963664e-02
5.595420e+03 7.250268e-03 9.927760e-01 9.963814e-02
5.595430e+03 7.220355e-03 9.928056e-01 9.963963e-02
5.595440e+03 7.190630e-03 9.928352e-01 9.964111e-02
5.595450e+03 7.161091e-03 9.928645e-01 9.964259e-02
5.595460e+03 7.131736e-03 9.928936e-01 9.964405e-02
5.595470e+03 7.102564e-03 9.929226e-01 9.964550e-02
5.595480e+03 6.434502e-03 9.935862e-01 9.967879e-02
5.595490e+03 6.408176e-03 9.936123e-01 9.968010e-02
5.595500e+03 5.812519e-03 9.942043e-01 9.970980e-02
5.595510e+03 5.788731e-03 9.942280e-01 9.971098e-02
5.595520e+03 5.765092e-03 9.942515e-01 9.971216e-02
5.595530e+03 5.741599e-03 9.942749e-01 9.971333e-02
5.595540e+03 5.718252e-03 9.942981e-01 9.971450e-02
5.595550e+03 5.695050e-03 9.943211e-01 9.971565e-02
5.595560e+03 5.671991e-03 9.943441e-01 9.971680e-02
5.595570e+03 5.649074e-03 9.943669e-01 9.971794e-02
5.595580e+03 5.626297e-03 9.943895e-01 9.971908e-02
5.595590e+03 5.603661e-03 9.944120e-01 9.972021e-02
5.595600e+03 5.581163e-03 9.944344e-01 9.972133e-02
5.595610e+03 5.558803e-03 9.944566e-01 9.972245e-02
5.595620e+03 5.536579e-03 9.944787e-01 9.972355e-02
5.595630e+03 5.514490e-03 9.945007e-01 9.972466e-02
5.595640e+03 5.492536e-03 9.945225e-01 9.972575e-02
5.595650e+03 5.470714e-03 9.945442e-01 9.972684e-02
5.595660e+03 5.449024e-03 9.945658e-01 9.972792e-02
5.595670e+03 5.427465e-03 9.945872e-01 9.972899e-02
5.595680e+03 5.406036e-03 9.946086e-01 9.973006e-02
5.595690e+03 5.384735e-03 9.946297e-01 9.973113e-02
5.595700e+03 5.363562e-03 9.946508e-01 9.973218e-02
5.595710e+03 5.342516e-03 9.946717e-01 9.973323e-02
5.595720e+03 5.321596e-03 9.946925e-01 9.973427e-02
5.595730e+03 5.300800e-03 9.947132e-01 9.973531e-02
5.595740e+03 5.280127e-03 9.947338e-01 9.973634e-02
5.595750e+03 5.259577e-03 9.947542e-01 9.973737e-02
5.595760e+03 5.239149e-03 9.947746e-01 9.973839e-02
5.595770e+03 5.218841e-03 9.947948e-01 9.973940e-02
5.595780e+03 5.198654e-03 9.948148e-01 9.974040e-02
5.595790e+03 5.178584e-03 9.948348e-01 9.974141e-02
5.595800e+03 5.158633e-03 9.948546e-01 9.974240e-02
5.595810e+03 5.138798e-03 9.948744e-01 9.974339e-02
5.595820e+03 5.119080e-03 9.948940e-01 9.974437e-02
5.595830e+03 5.099476e-03 9.949135e-01 9.974535e-02
5.595840e+03 5.079987e-03 9.949329e-01 9.974632e-02
5.595850e+03 5.060611e-03 9.949522e-01 9.974729e-02
5.595860e+03 5.041347e-03 9.949713e-01 9.974825e-02
5.595870e+03 5.022194e-03 9.949904e-01 9.974921e-02
5.595880e+03 5.003153e-03 9.950093e-01 9.975016e-02
5.595890e+03 4.984220e-03 9.950282e-01 9.975110e-02
5.595900e+03 4.965397e-03 9.950469e-01 9.975204e-02
5.595910e+03 4.946682e-03 9.950655e-01 9.975297e-02
5.595920e+03 4.928074e-03 9.950840e-01 9.975390e-02
5.595930e+03 4.909572e-03 9.951025e-01 9.975482e-02
5.595940e+03 4.891176e-03 9.951208e-01 9.975574e-02
5.595950e+03 4.872885e-03 9.951390e-01 9.975665e-02
5.595960e+03 4.854697e-03 9.951571e-01 9.975756e-02
5.595970e+03 4.836613e-03 9.951751e-01 9.975846e-02
5.595980e+03 4.818631e-03 9.951930e-01 9.975936e-02
5.595990e+03 4.800751e-03 9.952108e-01 9.976025e-02
5.596000e+03 4.782971e-03 9.952284e-01 9.976114e-02
5.596010e+03 4.765292e-03 9.952460e-01 9.976202e-02
5.596020e+03 4.747711e-03 9.952635e-01 9.976290e-02
5.596030e+03 4.730229e-03 9.952809e-01 9.976377e-02
5.596040e+03 4.712845e-03 9.952982e-01 9.976464e-02
5.596050e+03 4.695558e-03 9.953154e-01 9.976550e-02
5.596060e+03 4.678368e-03 9.953326e-01 9.976635e-02
5.596070e+03 4.661273e-03 9.953496e-01 9.976721e-02
5.596080e+03 4.644272e-03 9.953665e-01 9.976806e-02
5.596090e+03 4.627366e-03 9.953833e-01 9.976890e-02
5.596100e+03 4.610554e-03 9.954001e-01 9.976974e-02
5.596110e+03 4.593834e-03 9.954167e-01 9.977057e-02
5.596120e+03 4.577206e-03 9.954333e-01 9.977140e-02
5.596130e+03 4.560669e-03 9.954497e-01 9.977223e-02
5.596140e+03 4.544224e-03 9.954661e-01 9.977305e-02
5.596150e+03 4.527868e-03 9.954824e-01 9.977386e-02
5.596160e+03 4.511602e-03 9.954986e-01 9.977467e-02
5.596170e+03 4.495424e-03 9.955147e-01 9.977548e-02
5.596180e+03 4.479334e-03 9.955307e-01 9.977628e-02
5.596190e+03 4.463332e-03 9.955466e-01 9.977708e-02
5.596200e+03 4.447417e-03 9.955625e-01 9.977788e-02
5.596210e+03 4.431588e-03 9.955782e-01 9.977867e-02
5.596220e+03 3.953545e-03 9.960543e-01 9.980252e-02
5.596230e+03 3.939682e-03 9.960681e-01 9.980321e-02
5.596240e+03 3.925894e-03 9.960818e-01 9.980390e-02
5.596250e+03 3.912179e-03 9.960955e-01 9.980458e-02
5.596260e+03 3.898537e-03 9.961091e-01 9.980526e-02
5.596270e+03 3.884966e-03 9.961226e-01 9.980594e-02
5.596280e+03 3.871468e-03 9.961360e-01 9.980661e-02
5.596290e+03 3.858041e-03 9.961494e-01 9.980728e-02
5.596300e+03 3.844684e-03 9.961627e-01 9.980795e-02
5.596310e+03 3.831398e-03 9.961759e-01 9.980861e-02
5.596320e+03 3.818182e-03 9.961891e-01 9.980927e-02
5.596330e+03 3.805034e-03 9.962022e-01 9.980993e-02
5.596340e+03 3.791956e-03 9.962152e-01 9.981058e-02
5.596350e+03 3.778945e-03 9.962282e-01 9.981123e-02
5.596360e+03 3.766003e-03 9.962411e-01 9.981188e-02
5.596370e+03 3.753127e-03 9.962539e-01 9.981252e-02
5.596380e+03 3.740319e-03 9.962667e-01 9.981316e-02
5.596390e+03 3.727577e-03 9.962794e-01 9.981379e-02
5.596400e+03 3.714900e-03 9.962920e-01 9.981443e-02
5.596410e+03 3.702289e-03 9.963046e-01 9.981506e-02
5.596420e+03 3.689744e-03 9.963171e-01 9.981568e-02
5.596430e+03 3.677262e-03 9.963295e-01 9.981631e-02
5.596440e+03 3.664845e-03 9.963419e-01 9.981693e-02
5.596450e+03 3.652491e-03 9.963542e-01 9.981754e-02
5.596460e+03 3.640201e-03 9.963664e-01 9.981816e-02
5.596470e+03 3.627973e-03 9.963786e-01 9.981877e-02
5.596480e+03 3.615808e-03 9.963907e-01 9.981937e-02
5.596490e+03 3.603704e-03 9.964028e-01 9.981998e-02
5.596500e+03 3.591662e-03 9.964148e-01 9.982058e-02
5.596510e+03 3.579681e-03 9.964267e-01 9.982118e-02
5.596520e+03 3.567761e-03 9.964386e-01 9.982177e-02
5.596530e+03 3.555901e-03 9.964504e-01 9.982236e-02
5.596540e+03 3.544100e-03 9.964622e-01 9.982295e-02
5.596550e+03 3.188634e-03 9.968164e-01 9.984070e-02
5.596560e+03 3.178287e-03 9.968268e-01 9.984121e-02
5.596570e+03 3.167991e-03 9.968370e-01 9.984173e-02
5.596580e+03 3.157745e-03 9.968472e-01 9.984224e-02
5.596590e+03 3.147550e-03 9.968574e-01 9.984275e-02
5.596600e+03 3.137404e-03 9.968675e-01 9.984325e-02
5.596610e+03 3.127308e-03 9.968776e-01 9.984376e-02
5.596620e+03 3.117262e-03 9.968876e-01 9.984426e-02
5.596630e+03 3.107264e-03 9.968976e-01 9.984476e-02
5.596640e+03 3.097314e-03 9.969075e-01 9.984525e-02
5.596650e+03 3.087413e-03 9.969173e-01 9.984575e-02
5.596660e+03 3.077560e-03 9.969272e-01 9.984624e-02
5.596670e+03 3.067754e-03 9.969369e-01 9.984673e-02
5.596680e+03 3.057996e-03 9.969467e-01 9.984722e-02
5.596690e+03 3.048284e-03 9.969564e-01 9.984770e-02
5.596700e+03 3.038620e-03 9.969660e-01 9.984818e-02
5.596710e+03 3.029001e-03 9.969756e-01 9.984866e-02
5.596720e+03 3.019429e-03 9.969851e-01 9.984914e-02
5.596730e+03 3.009903e-03 9.969946e-01 9.984962e-02
5.596740e+03 3.000422e-03 9.970041e-01 9.985009e-02
5.596750e+03 2.990986e-03 9.970135e-01 9.985056e-02
5.596760e+03 2.981595e-03 9.970228e-01 9.985103e-02
5.596770e+03 2.972249e-03 9.970322e-01 9.985150e-02
5.596780e+03 2.962947e-03 9.970414e-01 9.985196e-02
5.596790e+03 2.953689e-03 9.970507e-01 9.985242e-02
5.596800e+03 2.944475e-03 9.970599e-01 9.985288e-02
5.596810e+03 2.935304e-03 9.970690e-01 9.985334e-02
5.596820e+03 2.926177e-03 9.970781e-01 9.985380e-02
5.596830e+03 2.917092e-03 9.970872e-01 9.985425e-02
5.596840e+03 2.908050e-03 9.970962e-01 9.985470e-02
5.596850e+03 2.899051e-03 9.971051e-01 9.985515e-02
5.596860e+03 2.890094e-03 9.971141e-01 9.985560e-02
5.596870e+03 2.881178e-03 9.971230e-01 9.985604e-02
5.596880e+03 2.872304e-03 9.971318e-01 9.985649e-02
5.596890e+03 2.863472e-03 9.971406e-01 9.985693e-02
5.596900e+03 2.854681e-03 9.971494e-01 9.985737e-02
5.596910e+03 2.845930e-03 9.971581e-01 9.985780e-02
5.596920e+03 2.837220e-03 9.971668e-01 9.985824e-02
5.596930e+03 2.828551e-03 9.971754e-01 9.985867e-02
5.596940e+03 2.819921e-03 9.971841e-01 9.985910e-02
5.596950e+03 2.811331e-03 9.971926e-01 9.985953e-02
5.596960e+03 2.802781e-03 9.972011e-01 9.985996e-02
5.596970e+03 2.794270e-03 9.972096e-01 9.986038e-02
5.596980e+03 2.785799e-03 9.972181e-01 9.986081e-02
5.596990e+03 2.777366e-03 9.972265e-01 9.986123e-02
5.597000e+03 2.768972e-03 9.972349e-01 9.986165e-02
5.597010e+03 2.760616e-03 9.972432e-01 9.986206e-02
5.597020e+03 2.752298e-03 9.972515e-01 9.986248e-02
5.597030e+03 2.744018e-03 9.972597e-01 9.986289e-02
5.597040e+03 2.735776e-03 9.972680e-01 9.986330e-02
5.597050e+03 2.727571e-03 9.972761e-01 9.986371e-02
5.597060e+03 2.719404e-03 9.972843e-01 9.986412e-02
5.597070e+03 2.711273e-03 9.972924e-01 9.986453e-02
5.597080e+03 2.703179e-03 9.973005e-01 9.986493e-02
5.597090e+03 2.695122e-03 9.973085e-01 9.986533e-02
5.597100e+03 2.687101e-03 9.973165e-01 9.986574e-02
5.597110e+03 2.679116e-03 9.973245e-01 9.986613e-02
5.597120e+03 2.671167e-03 9.973324e-01 9.986653e-02
5.597130e+03 2.663254e-03 9.973403e-01 9.986693e-02
5.597140e+03 2.655376e-03 9.973481e-01 9.986732e-02
5.597150e+03 2.647533e-03 9.973560e-01 9.986771e-02
5.597160e+03 2.639726e-03 9.973638e-01 9.986810e-02
5.597170e+03 2.631953e-03 9.973715e-01 9.986849e-02
5.597180e+03 2.624215e-03 9.973792e-01 9.986888e-02
5.597190e+03 2.616511e-03 9.973869e-01 9.986926e-02
5.597200e+03 2.608841e-03 9.973946e-01 9.986964e-02
5.597210e+03 2.601206e-03 9.974022e-01 9.987002e-02
5.597220e+03 2.593604e-03 9.974098e-01 9.987040e-02
5.597230e+03 2.586036e-03 9.974173e-01 9.987078e-02
5.597240e+03 2.578501e-03 9.974248e-01 9.987116e-02
5.597250e+03 2.570999e-03 9.974323e-01 9.987153e-02
5.597260e+03 2.563530e-03 9.974398e-01 9.987191e-02
5.597270e+03 2.556095e-03 9.974472e-01 9.987228e-02
5.597280e+03 2.548691e-03 9.974546e-01 9.987265e-02
5.597290e+03 2.541320e-03 9.974619e-01 9.987301e-02
5.597300e+03 2.533982e-03 9.974692e-01 9.987338e-02
5.597310e+03 2.526675e-03 9.974765e-01 9.987375e-02
5.597320e+03 2.519400e-03 9.974838e-01 9.987411e-02
5.597330e+03 2.512157e-03 9.974910e-01 9.987447e-02
5.597340e+03 2.504946e-03 9.974982e-01 9.987483e-02
5.597350e+03 2.497765e-03 9.975054e-01 9.987519e-02
5.597360e+03 2.490616e-03 9.975125e-01 9.987555e-02
5.597370e+03 2.483498e-03 9.975196e-01 9.987590e-02
5.597380e+03 2.476410e-03 9.975267e-01 9.987626e-02
5.597390e+03 2.469353e-03 9.975337e-01 9.987661e-02
5.597400e+03 2.462327e-03 9.975407e-01 9.987696e-02
5.597410e+03 2.455330e-03 9.975477e-01 9.987731e-02
5.597420e+03 2.448364e-03 9.975546e-01 9.987766e-02
5.597430e+03 2.441427e-03 9.975616e-01 9.987800e-02
5.597440e+03 2.434521e-03 9.975684e-01 9.987835e-02
5.597450e+03 2.427643e-03 9.975753e-01 9.987869e-02
5.597460e+03 2.420795e-03 9.975821e-01 9.987903e-02
5.597470e+03 2.413977e-03 9.975889e-01 9.987937e-02
5.597480e+03 2.407187e-03 9.975957e-01 9.987971e-02
5.597490e+03 2.400426e-03 9.976025e-01 9.988005e-02
5.597500e+03 2.393694e-03 9.976092e-01 9.988039e-02
5.597510e+03 2.386990e-03 9.976159e-01 9.988072e-02
5.597520e+03 2.380315e-03 9.976225e-01 9.988106e-02
5.597530e+03 2.373668e-03 9.976291e-01 9.988139e-02
5.597540e+03 2.367049e-03 9.976358e-01 9.988172e-02
5.597550e+03 2.360458e-03 9.976423e-01 9.988205e-02
5.597560e+03 2.353894e-03 9.976489e-01 9.988237e-02
5.597570e+03 2.347359e-03 9.976554e-01 9.988270e-02
5.597580e+03 2.340850e-03 9.976619e-01 9.988303e-02
5.597590e+03 2.334369e-03 9.976684e-01 9.988335e-02
5.597600e+03 2.327915e-03 9.976748e-01 9.988367e-02
5.597610e+03 2.321488e-03 9.976812e-01 9.988399e-02
5.597620e+03 2.315088e-03 9.976876e-01 9.988431e-02
5.597630e+03 2.308714e-03 9.976939e-01 9.988463e-02
5.597640e+03 2.302367e-03 9.977003e-01 9.988495e-02
5.597650e+03 2.296046e-03 9.977066e-01 9.988526e-02
5.597660e+03 2.289752e-03 9.977129e-01 9.988558e-02
5.597670e+03 2.283483e-03 9.977191e-01 9.988589e-02
5.597680e+03 2.277241e-03 9.977254e-01 9.988620e-02
5.597690e+03 2.271024e-03 9.977316e-01 9.988651e-02
5.597700e+03 2.264833e-03 9.977377e-01 9.988682e-02
5.597710e+03 2.258667e-03 9.977439e-01 9.988713e-02
5.597720e+03 2.252527e-03 9.977500e-01 9.988744e-02
5.597730e+03 2.246412e-03 9.977561e-01 9.988774e-02
5.597740e+03 2.240322e-03 9.977622e-01 9.988805e-02
5.597750e+03 2.234257e-03 9.977682e-01 9.988835e-02
5.597760e+03 2.228216e-03 9.977743e-01 9.988865e-02
5.597770e+03 2.222201e-03 9.977803e-01 9.988895e-02
5.597780e+03 2.216210e-03 9.977862e-01 9.988925e-02
5.597790e+03 2.210243e-03 9.977922e-01 9.988955e-02
5.597800e+03 2.204301e-03 9.977981e-01 9.988985e-02
5.597810e+03 2.198382e-03 9.978040e-01 9.989014e-02
5.597820e+03 2.192488e-03 9.978099e-01 9.989044e-02
5.597830e+03 2.186618e-03 9.978158e-01 9.989073e-02
5.597840e+03 2.180771e-03 9.978216e-01 9.989102e-02
5.597850e+03 2.174948e-03 9.978274e-01 9.989131e-02
5.597860e+03 2.169148e-03 9.978332e-01 9.989160e-02
5.597870e+03 2.163372e-03 9.978390e-01 9.989189e-02
5.597880e+03 2.157619e-03 9.978447e-01 9.989218e-02
5.597890e+03 2.151889e-03 9.978504e-01 9.989246e-02
5.597900e+03 2.146182e-03 9.978561e-01 9.989275e-02
5.597910e+03 2.140498e-03 9.978618e-01 9.989303e-02
5.597920e+03 2.134837e-03 9.978674e-01 9.989332e-02
5.597930e+03 2.129198e-03 9.978731e-01 9.989360e-02
5.597940e+03 2.123582e-03 9.978787e-01 9.989388e-02
5.597950e+03 2.117988e-03 9.978843e-01 9.989416e-02
5.597960e+03 2.112416e-03 9.978898e-01 9.989443e-02
5.597970e+03 2.106867e-03 9.978954e-01 9.989471e-02
5.597980e+03 2.101339e-03 9.979009e-01 9.989499e-02
5.597990e+03 2.095833e-03 9.979064e-01 9.989526e-02
5.598000e+03 2.090350e-03 9.979118e-01 9.989554e-02
5.598010e+03 2.084887e-03 9.979173e-01 9.989581e-02
5.598020e+03 2.079447e-03 9.979227e-01 9.989608e-02
5.598030e+03 2.074028e-03 9.979281e-01 9.989635e-02
5.598040e+03 2.068630e-03 9.979335e-01 9.989662e-02
5.598050e+03 2.063253e-03 9.979389e-01 9.989689e-02
5.598060e+03 2.057898e-03 9.979442e-01 9.989716e-02
5.598070e+03 2.052563e-03 9.979495e-01 9.989742e-02
5.598080e+03 2.047249e-03 9.979548e-01 9.989769e-02
5.598090e+03 2.041956e-03 9.979601e-01 9.989795e-02
5.598100e+03 2.036684e-03 9.979654e-01 9.989822e-02
5.598110e+03 2.031432e-03 9.979706e-01 9.989848e-02
5.598120e+03 2.026201e-03 9.979759e-01 9.989874e-02
5.598130e+03 2.020990e-03 9.979811e-01 9.989900e-02
5.598140e+03 2.015799e-03 9.979862e-01 9.989926e-02
5.598150e+03 2.010629e-03 9.979914e-01 9.989952e-02
5.598160e+03 2.005478e-03 9.979965e-01 9.989978e-02
5.598170e+03 2.000348e-03 9.980017e-01 9.990003e-02
5.598180e+03 1.995237e-03 9.980068e-01 9.990029e-02
5.598190e+03 1.990146e-03 9.980118e-01 9.990054e-02
5.598200e+03 1.985074e-03 9.980169e-01 9.990080e-02
5.598210e+03 1.980022e-03 9.980219e-01 9.990105e-02
5.598220e+03 1.974989e-03 9.980270e-01 9.990130e-02
5.598230e+03 1.969976e-03 9.980320e-01 9.990155e-02
5.598240e+03 1.964982e-03 9.980369e-01 9.990180e-02
5.598250e+03 1.960007e-03 9.980419e-01 9.990205e-02
5.598260e+03 1.955051e-03 9.980469e-01 9.990230e-02
5.598270e+03 1.950114e-03 9.980518e-01 9.990254e-02
5.598280e+03 1.945196e-03 9.980567e-01 9.990279e-02
5.598290e+03 1.940296e-03 9.980616e-01 9.990303e-02
5.598300e+03 1.935415e-03 9.980665e-01 9.990328e-02
5.598310e+03 1.930553e-03 9.980713e-01 9.990352e-02
5.598320e+03 1.925709e-03 9.980761e-01 9.990376e-02
5.598330e+03 1.920883e-03 9.980810e-01 9.990400e-02
5.598340e+03 1.916076e-03 9.980858e-01 9.990424e-02
5.598350e+03 1.911287e-03 9.980905e-01 9.990448e-02
5.598360e+03 1.906516e-03 9.980953e-01 9.990472e-02
5.598370e+03 1.901762e-03 9.981000e-01 9.990496e-02
5.598380e+03 1.897027e-03 9.981048e-01 9.990519e-02
5.598390e+03 1.892310e-03 9.981095e-01 9.990543e-02
5.598400e+03 1.887610e-03 9.981142e-01 9.990566e-02
5.598410e+03 1.882928e-03 9.981188e-01 9.990590e-02
5.598420e+03 1.878263e-03 9.981235e-01 9.990613e-02
5.598430e+03 1.873616e-03 9.981281e-01 9.990636e-02
5.598440e+03 1.868986e-03 9.981328e-01 9.990659e-02
5.598450e+03 1.864373e-03 9.981374e-01 9.990682e-02
5.598460e+03 1.859778e-03 9.981420e-01 9.990705e-02
5.598470e+03 1.855200e-03 9.981465e-01 9.990728e-02
5.598480e+03 1.850638e-03 9.981511e-01 9.990751e-02
5.598490e+03 1.846094e-03 9.981556e-01 9.990774e-02
5.598500e+03 1.841566e-03 9.981601e-01 9.990796e-02
5.598510e+03 1.837055e-03 9.981646e-01 9.990819e-02
5.598520e+03 1.832561e-03 9.981691e-01 9.990841e-02
5.598530e+03 1.828084e-03 9.981736e-01 9.990864e-02
5.598540e+03 1.823623e-03 9.981780e-01 9.990886e-02
5.598550e+03 1.819178e-03 9.981825e-01 9.990908e-02
5.598560e+03 1.814750e-03 9.981869e-01 9.990930e-02
5.598570e+03 1.810338e-03 9.981913e-01 9.990952e-02
5.598580e+03 1.805942e-03 9.981957e-01 9.990974e-02
5.598590e+03 1.801562e-03 9.982001e-01 9.990996e-02
5.598600e+03 1.797199e-03 9.982044e-01 9.991018e-02
5.598610e+03 1.792851e-03 9.982088e-01 9.991040e-02
5.598620e+03 1.788519e-03 9.982131e-01 9.991061e-02
5.598630e+03 1.784203e-03 9.982174e-01 9.991083e-02
5.598640e+03 1.779902e-03 9.982217e-01 9.991104e-02
5.598650e+03 1.775618e-03 9.982260e-01 9.991126e-02
5.598660e+03 1.771348e-03 9.982302e-01 9.991147e-02
5.598670e+03 1.767095e-03 9.982345e-01 9.991168e-02
5.598680e+03 1.762856e-03 9.982387e-01 9.991190e-02
5.598690e+03 1.758633e-03 9.982429e-01 9.991211e-02
5.598700e+03 1.754426e-03 9.982471e-01 9.991232e-02
5.598710e+03 1.750233e-03 9.982513e-01 9.991253e-02
5.598720e+03 1.746056e-03 9.982555e-01 9.991274e-02
5.598730e+03 1.741893e-03 9.982596e-01 9.991294e-02
5.598740e+03 1.737746e-03 9.982638e-01 9.991315e-02
5.598750e+03 1.733614e-03 9.982679e-01 9.991336e-02
5.598760e+03 1.729496e-03 9.982720e-01 9.991356e-02
5.598770e+03 1.725393e-03 9.982761e-01 9.991377e-02
5.598780e+03 1.721305e-03 9.982802e-01 9.991397e-02
5.598790e+03 1.717231e-03 9.982842e-01 9.991418e-02
5.598800e+03 1.713172e-03 9.982883e-01 9.991438e-02
5.598810e+03 1.709127e-03 9.982923e-01 9.991458e-02
5.598820e+03 1.705097e-03 9.982964e-01 9.991478e-02
5.598830e+03 1.701081e-03 9.983004e-01 9.991498e-02
5.598840e+03 1.697080e-03 9.983044e-01 9.991518e-02
5.598850e+03 1.693092e-03 9.983083e-01 9.991538e-02
5.598860e+03 1.689119e-03 9.983123e-01 9.991558e-02
5.598870e+03 1.685160e-03 9.983163e-01 9.991578e-02
5.598880e+03 1.681214e-03 9.983202e-01 9.991597e-02
5.598890e+03 1.677283e-03 9.983241e-01 9.991617e-02
5.598900e+03 1.673366e-03 9.983280e-01 9.991637e-02
5.598910e+03 1.669462e-03 9.983319e-01 9.991656e-02
5.598920e+03 1.665572e-03 9.983358e-01 9.991676e-02
5.598930e+03 1.661696e-03 9.983397e-01 9.991695e-02
5.598940e+03 1.657833e-03 9.983435e-01 9.991714e-02
5.598950e+03 1.653984e-03 9.983474e-01 9.991733e-02
5.598960e+03 1.650149e-03 9.983512e-01 9.991753e-02
5.598970e+03 1.646326e-03 9.983550e-01 9.991772e-02
5.598980e+03 1.642518e-03 9.983588e-01 9.991791e-02
5.598990e+03 1.638722e-03 9.983626e-01 9.991810e-02
5.599000e+03 1.634940e-03 9.983664e-01 9.991829e-02
5.599010e+03 1.631170e-03 9.983702e-01 9.991847e-02
5.599020e+03 1.627414e-03 9.983739e-01 9.991866e-02
5.599030e+03 1.623671e-03 9.983776e-01 9.991885e-02
5.599040e+03 1.619941e-03 9.983814e-01 9.991904e-02
5.599050e+03 1.616224e-03 9.983851e-01 9.991922e-02
5.599060e+03 1.612520e-03 9.983888e-01 9.991941e-02
5.599070e+03 1.608829e-03 9.983925e-01 9.991959e-02
5.599080e+03 1.605150e-03 9.983961e-01 9.991977e-02
5.599090e+03 1.601484e-03 9.983998e-01 9.991996e-02
5.599100e+03 1.597830e-03 9.984034e-01 9.992014e-02
5.599110e+03 1.594190e-03 9.984071e-01 9.992032e-02
5.599120e+03 1.590561e-03 9.984107e-01 9.992050e-02
5.599130e+03 1.586945e-03 9.984143e-01 9.992068e-02
5.599140e+03 1.583342e-03 9.984179e-01 9.992086e-02
5.599150e+03 1.579751e-03 9.984215e-01 9.992104e-02
5.599160e+03 1.576172e-03 9.984251e-01 9.992122e-02
5.599170e+03 1.572605e-03 9.984286e-01 9.992140e-02
5.599180e+03 1.569051e-03 9.984322e-01 9.992158e-02
5.599190e+03 1.565508e-03 9.984357e-01 9.992176e-02
5.599200e+03 1.561978e-03 9.984392e-01 9.992193e-02
5.599210e+03 1.558460e-03 9.984428e-01 9.992211e-02
5.599220e+03 1.554953e-03 9.984463e-01 9.992228e-02
5.599230e+03 1.551459e-03 9.984497e-01 9.992246e-02
5.599240e+03 1.547976e-03 9.984532e-01 9.992263e-02
5.599250e+03 1.544506e-03 9.984567e-01 9.992280e-02
5.599260e+03 1.541046e-03 9.984601e-01 9.992298e-02
5.599270e+03 1.537599e-03 9.984636e-01 9.992315e-02
5.599280e+03 1.534163e-03 9.984670e-01 9.992332e-02
5.599290e+03 1.530739e-03 9.984704e-01 9.992349e-02
5.599300e+03 1.527326e-03 9.984738e-01 9.992366e-02
5.599310e+03 1.523925e-03 9.984772e-01 9.992383e-02
5.599320e+03 1.520535e-03 9.984806e-01 9.992400e-02
5.599330e+03 1.517157e-03 9.984840e-01 9.992417e-02
5.599340e+03 1.513790e-03 9.984874e-01 9.992434e-02
5.599350e+03 1.510434e-03 9.984907e-01 9.992451e-02
5.599360e+03 1.507089e-03 9.984940e-01 9.992467e-02
5.599370e+03 1.503756e-03 9.984974e-01 9.992484e-02
5.599380e+03 1.500434e-03 9.985007e-01 9.992501e-02
5.599390e+03 1.497122e-03 9.985040e-01 9.992517e-02
5.599400e+03 1.493822e-03 9.985073e-01 9.992534e-02
5.599410e+03 1.490533e-03 9.985106e-01 9.992550e-02
5.599420e+03 1.487254e-03 9.985139e-01 9.992566e-02
5.599430e+03 1.483987e-03 9.985171e-01 9.992583e-02
5.599440e+03 1.480730e-03 9.985204e-01 9.992599e-02
5.599450e+03 1.477484e-03 9.985236e-01 9.992615e-02
5.599460e+03 1.474249e-03 9.985268e-01 9.992631e-02
5.599470e+03 1.471024e-03 9.985301e-01 9.992648e-02
5.599480e+03 1.467811e-03 9.985333e-01 9.992664e-02
5.599490e+03 1.464607e-03 9.985365e-01 9.992680e-02
5.599500e+03 1.461414e-03 9.985397e-01 9.992696e-02
5.599510e+03 1.458232e-03 9.985428e-01 9.992711e-02
5.599520e+03 1.455060e-03 9.985460e-01 9.992727e-02
5.599530e+03 1.451899e-03 9.985492e-01 9.992743e-02
5.599540e+03 1.448748e-03 9.985523e-01 9.992759e-02
5.599550e+03 1.445607e-03 9.985554e-01 9.992775e-02
5.599560e+03 1.180996e-03 9.988197e-01 9.994097e-02
5.599570e+03 1.178384e-03 9.988223e-01 9.994110e-02
5.599580e+03 1.175781e-03 9.988249e-01 9.994123e-02
5.599590e+03 1.173187e-03 9.988275e-01 9.994136e-02
5.599600e+03 1.170601e-03 9.988301e-01 9.994149e-02
5.599610e+03 1.168024e-03 9.988327e-01 9.994162e-02
5.599620e+03 1.165455e-03 9.988352e-01 9.994174e-02
5.599630e+03 1.162895e-03 9.988378e-01 9.994187e-02
5.599640e+03 1.160344e-03 9.988403e-01 9.994200e-02
5.599650e+03 1.157800e-03 9.988429e-01 9.994213e-02
5.599660e+03 1.155266e-03 9.988454e-01 9.994225e-02
5.599670e+03 1.152739e-03 9.988479e-01 9.994238e-02
5.599680e+03 1.150221e-03 9.988504e-01 9.994251e-02
5.599690e+03 1.147711e-03 9.988529e-01 9.994263e-02
5.599700e+03 1.145209e-03 9.988554e-01 9.994276e-02
5.599710e+03 1.142716e-03 9.988579e-01 9.994288e-02
5.599720e+03 1.140231e-03 9.988604e-01 9.994300e-02
5.599730e+03 1.137753e-03 9.988629e-01 9.994313e-02
5.599740e+03 1.135284e-03 9.988654e-01 9.994325e-02
5.599750e+03 1.132823e-03 9.988678e-01 9.994337e-02
5.599760e+03 1.130370e-03 9.988703e-01 9.994350e-02
5.599770e+03 1.127925e-03 9.988727e-01 9.994362e-02
5.599780e+03 1.125488e-03 9.988751e-01 9.994374e-02
5.599790e+03 1.123059e-03 9.988776e-01 9.994386e-02
5.599800e+03 1.120638e-03 9.988800e-01 9.994398e-02
5.599810e+03 1.118225e-03 9.988824e-01 9.994410e-02
5.599820e+03 1.115819e-03 9.988848e-01 9.994422e-02
5.599830e+03 1.113421e-03 9.988872e-01 9.994434e-02
5.599840e+03 1.111031e-03 9.988896e-01 9.994446e-02
5.599850e+03 1.108649e-03 9.988920e-01 9.994458e-02
5.599860e+03 1.106274e-03 9.988943e-01 9.994470e-02
5.599870e+03 1.103908e-03 9.988967e-01 9.994482e-02
5.599880e+03 1.101548e-03 9.988991e-01 9.994494e-02
5.599890e+03 1.099196e-03 9.989014e-01 9.994506e-02
5.599900e+03 1.096852e-03 9.989037e-01 9.994517e-02
5.599910e+03 1.094516e-03 9.989061e-01 9.994529e-02
5.599920e+03 1.092186e-03 9.989084e-01 9.994541e-02
5.599930e+03 1.089865e-03 9.989107e-01 9.994552e-02
5.599940e+03 1.087550e-03 9.989130e-01 9.994564e-02
5.599950e+03 1.085243e-03 9.989153e-01 9.994575e-02
5.599960e+03 1.082944e-03 9.989176e-01 9.994587e-02
5.599970e+03 1.080652e-03 9.989199e-01 9.994598e-02
5.599980e+03 1.078367e-03 9.989222e-01 9.994610e-02
5.599990e+03 1.076089e-03 9.989245e-01 9.994621e-02
5.600000e+03 1.073819e-03 9.989268e-01 9.994632e-02
5.600010e+03 1.071555e-03 9.989290e-01 9.994644e-02
5.600020e+03 1.069299e-03 9.989313e-01 9.994655e-02
5.600030e+03 1.067050e-03 9.989335e-01 9.994666e-02
5.600040e+03 1.064809e-03 9.989358e-01 9.994677e-02
5.600050e+03 1.062574e-03 9.989380e-01 9.994689e-02
5.600060e+03 1.060346e-03 9.989402e-01 9.994700e-02
5.600070e+03 1.058126e-03 9.989424e-01 9.994711e-02
5.600080e+03 7.149751e-04 9.992853e-01 9.996426e-02
5.600090e+03 7.134318e-04 9.992868e-01 9.996433e-02
5.600100e+03 7.118934e-04 9.992884e-01 9.996441e-02
5.600110e+03 7.103601e-04 9.992899e-01 9.996449e-02
5.600120e+03 7.088317e-04 9.992914e-01 9.996456e-02
5.600130e+03 7.073082e-04 9.992929e-01 9.996464e-02
5.600140e+03 7.057897e-04 9.992945e-01 9.996472e-02
5.600150e+03 7.042760e-04 9.992960e-01 9.996479e-02
5.600160e+03 7.027672e-04 9.992975e-01 9.996487e-02
5.600170e+03 7.012633e-04 9.992990e-01 9.996494e-02
5.600180e+03 6.997642e-04 9.993005e-01 9.996502e-02
5.600190e+03 6.982699e-04 9.993020e-01 9.996509e-02
5.600200e+03 6.967804e-04 9.993035e-01 9.996517e-02
5.600210e+03 6.952956e-04 9.993049e-01 9.996524e-02
5.600220e+03 6.938156e-04 9.993064e-01 9.996532e-02
5.600230e+03 6.923404e-04 9.993079e-01 9.996539e-02
5.600240e+03 6.908698e-04 9.993094e-01 9.996546e-02
5.600250e+03 6.894040e-04 9.993108e-01 9.996554e-02
5.600260e+03 6.879428e-04 9.993123e-01 9.996561e-02
5.600270e+03 6.864862e-04 9.993137e-01 9.996568e-02
5.600280e+03 6.850343e-04 9.993152e-01 9.996575e-02
5.600290e+03 6.835870e-04 9.993166e-01 9.996583e-02
5.600300e+03 6.821443e-04 9.993181e-01 9.996590e-02
5.600310e+03 6.807062e-04 9.993195e-01 9.996597e-02
5.600320e+03 6.792726e-04 9.993210e-01 9.996604e-02
5.600330e+03 6.778435e-04 9.993224e-01 9.996611e-02
5.600340e+03 6.764189e-04 9.993238e-01 9.996618e-02
5.600350e+03 6.749989e-04 9.993252e-01 9.996626e-02
5.600360e+03 6.735833e-04 9.993266e-01 9.996633e-02
5.600370e+03 6.721722e-04 9.993281e-01 9.996640e-02
5.600380e+03 6.707655e-04 9.993295e-01 9.996647e-02
5.600390e+03 6.693632e-04 9.993309e-01 9.996654e-02
5.600400e+03 6.679654e-04 9.993323e-01 9.996661e-02
5.600410e+03 6.665719e-04 9.993337e-01 9.996668e-02
5.600420e+03 6.651827e-04 9.993350e-01 9.996675e-02
5.600430e+03 6.637980e-04 9.993364e-01 9.996682e-02
5.600440e+03 6.624175e-04 9.993378e-01 9.996688e-02
5.600450e+03 6.610414e-04 9.993392e-01 9.996695e-02
5.600460e+03 6.596695e-04 9.993405e-01 9.996702e-02
5.600470e+03 6.583019e-04 9.993419e-01 9.996709e-02
5.600480e+03 6.569386e-04 9.993433e-01 9.996716e-02
5.600490e+03 6.555795e-04 9.993446e-01 9.996723e-02
5.600500e+03 6.542247e-04 9.993460e-01 9.996729e-02
5.600510e+03 6.528740e-04 9.993473e-01 9.996736e-02
5.600520e+03 6.515275e-04 9.993487e-01 9.996743e-02
5.600530e+03 6.501852e-04 9.993500e-01 9.996750e-02
5.600540e+03 6.488471e-04 9.993514e-01 9.996756e-02
5.600550e+03 6.475130e-04 9.993527e-01 9.996763e-02
5.600560e+03 6.461831e-04 9.993540e-01 9.996770e-02
5.600570e+03 6.448573e-04 9.993554e-01 9.996776e-02
5.600580e+03 6.435356e-04 9.993567e-01 9.996783e-02
5.600590e+03 6.422180e-04 9.993580e-01 9.996789e-02
5.600600e+03 6.409043e-04 9.993593e-01 9.996796e-02
5.600610e+03 6.395948e-04 9.993606e-01 9.996803e-02
5.600620e+03 6.382892e-04 9.993619e-01 9.996809e-02
5.600630e+03 6.369877e-04 9.993632e-01 9.996816e-02
5.600640e+03 6.356901e-04 9.993645e-01 9.996822e-02
5.600650e+03 6.343965e-04 9.993658e-01 9.996829e-02
5.600660e+03 6.331068e-04 9.993671e-01 9.996835e-02
5.600670e+03 6.318211e-04 9.993684e-01 9.996841e-02
5.600680e+03 6.305393e-04 9.993697e-01 9.996848e-02
5.600690e+03 6.292614e-04 9.993709e-01 9.996854e-02
5.600700e+03 6.279874e-04 9.993722e-01 9.996861e-02
5.600710e+03 6.267173e-04 9.993735e-01 9.996867e-02
5.600720e+03 6.254510e-04 9.993747e-01 9.996873e-02
5.600730e+03 6.241886e-04 9.993760e-01 9.996880e-02
5.600740e+03 6.229299e-04 9.993773e-01 9.996886e-02
5.600750e+03 6.216751e-04 9.993785e-01 9.996892e-02
5.600760e+03 6.204241e-04 9.993798e-01 9.996898e-02
5.600770e+03 6.191769e-04 9.993810e-01 9.996905e-02
5.600780e+03 6.179334e-04 9.993823e-01 9.996911e-02
5.600790e+03 6.166937e-04 9.993835e-01 9.996917e-02
5.600800e+03 6.154577e-04 9.993847e-01 9.996923e-02
5.600810e+03 6.142255e-04 9.993860e-01 9.996929e-02
5.600820e+03 6.129969e-04 9.993872e-01 9.996935e-02
5.600830e+03 6.117720e-04 9.993884e-01 9.996942e-02
5.600840e+03 3.290507e-04 9.996710e-01 9.998355e-02
5.600850e+03 3.283807e-04 9.996717e-01 9.998358e-02
5.600860e+03 3.277127e-04 9.996723e-01 9.998362e-02
5.600870e+03 3.270468e-04 9.996730e-01 9.998365e-02
5.600880e+03 3.263830e-04 9.996737e-01 9.998368e-02
5.600890e+03 3.257211e-04 9.996743e-01 9.998372e-02
5.600900e+03 3.250613e-04 9.996750e-01 9.998375e-02
5.600910e+03 3.244035e-04 9.996756e-01 9.998378e-02
5.600920e+03 3.237476e-04 9.996763e-01 9.998381e-02
5.600930e+03 3.230938e-04 9.996770e-01 9.998385e-02
5.600940e+03 3.224419e-04 9.996776e-01 9.998388e-02
5.600950e+03 3.217920e-04 9.996783e-01 9.998391e-02
5.600960e+03 3.211441e-04 9.996789e-01 9.998394e-02
5.600970e+03 3.204981e-04 9.996796e-01 9.998398e-02
5.600980e+03 3.198541e-04 9.996802e-01 9.998401e-02
5.600990e+03 3.192121e-04 9.996808e-01 9.998404e-02
5.601000e+03 3.185719e-04 9.996815e-01 9.998407e-02
5.601010e+03 3.179337e-04 9.996821e-01 9.998410e-02
5.601020e+03 3.172974e-04 9.996828e-01 9.998414e-02
5.601030e+03 3.166630e-04 9.996834e-01 9.998417e-02
5.601040e+03 3.160305e-04 9.996840e-01 9.998420e-02
5.601050e+03 3.153999e-04 9.996846e-01 9.998423e-02
5.601060e+03 3.147712e-04 9.996853e-01 9.998426e-02
5.601070e+03 3.141444e-04 9.996859e-01 9.998429e-02
5.601080e+03 3.135195e-04 9.996865e-01 9.998433e-02
5.601090e+03 3.128964e-04 9.996872e-01 9.998436e-02
5.601100e+03 3.122752e-04 9.996878e-01 9.998439e-02
5.601110e+03 3.116558e-04 9.996884e-01 9.998442e-02
5.601120e+03 3.110383e-04 9.996890e-01 9.998445e-02
5.601130e+03 3.104226e-04 9.996896e-01 9.998448e-02
5.601140e+03 3.098087e-04 9.996902e-01 9.998451e-02
5.601150e+03 3.091967e-04 9.996909e-01 9.998454e-02
5.601160e+03 3.085864e-04 9.996915e-01 9.998457e-02
5.601170e+03 3.079780e-04 9.996921e-01 9.998460e-02
5.601180e+03 3.073714e-04 9.996927e-01 9.998463e-02
5.601190e+03 3.067666e-04 9.996933e-01 9.998466e-02
5.601200e+03 3.061635e-04 9.996939e-01 9.998469e-02
5.601210e+03 3.055622e-04 9.996945e-01 9.998472e-02
5.601220e+03 3.049627e-04 9.996951e-01 9.998475e-02
5.601230e+03 3.043650e-04 9.996957e-01 9.998478e-02
5.601240e+03 3.037690e-04 9.996963e-01 9.998481e-02
5.601250e+03 3.031748e-04 9.996969e-01 9.998484e-02
5.601260e+03 3.025823e-04 9.996975e-01 9.998487e-02
5.601270e+03 3.019916e-04 9.996981e-01 9.998490e-02
5.601280e+03 3.014026e-04 9.996986e-01 9.998493e-02
5.601290e+03 3.008153e-04 9.996992e-01 9.998496e-02
5.601300e+03 0.000000e+00 1.000000e+00 1.000000e-01
5.601310e+03 0.000000e+00 1.000000e+00 1.000000e-01
5.601320e+03 0.000000e+00 1.000000e+00 1.000000e-01
5.601330e+03 0.000000e+00 1.000000e+00 1.000000e-01
5.601340e+03 0.000000e+00 1.000000e+00 1.000000e-01
5.601350e+03 0.000000e+00 1.000000e+00 1.000000e-01
5.601360e+03 0.000000e+00 1.000000e+00 1.000000e-01
5.601370e+03 0.000000e+00 1.000000e+00 1.000000e-01
5.601380e+03 0.000000e+00 1.000000e+00 1.000000e-01
5.601390e+03 0.000000e+00 1.000000e+00 1.000000e-01
5.601400e+03 0.000000e+00 1.000000e+00 1.000000e-01
5.601410e+03 0.000000e+00 1.000000e+00 1.000000e-01
5.601420e+03 0.000000e+00 1.000000e+00 1.000000e-01
5.601430e+03 0.000000e+00 1.000000e+00 1.000000e-01
5.601440e+03 0.000000e+00 1.000000e+00 1.000000e-01
5.601450e+03 0.000000e+00 1.000000e+00 1.000000e-01
5.601460e+03 0.000000e+00 1.000000e+00 1.000000e-01
5.601470e+03 0.000000e+00 1.000000e+00 1.000000e-01
5.601480e+03 0.000000e+00 1.000000e+00 1.000000e-01
5.601490e+03 0.000000e+00 1.000000e+00 1.000000e-01
5.601500e+03 0.000000e+00 1.000000e+00 1.000000e-01
5.601510e+03 0.000000e+00 1.000000e+00 1.000000e-01
5.601520e+03 0.000000e+00 1.000000e+00 1.000000e-01
5.601530e+03 0.000000e+00 1.000000e+00 1.000000e-01
5.601540e+03 0.000000e+00 1.000000e+00 1.000000e-01
5.601550e+03 0.000000e+00 1.000000e+00 1.000000e-01
5.601560e+03 0.000000e+00 1.000000e+00 1.000000e-01
5.601570e+03 0.000000e+00 1.000000e+00 1.000000e-01
5.601580e+03 0.000000e+00 1.000000e+00 1.000000e-01
5.601590e+03 0.000000e+00 1.000000e+00 1.000000e-01
5.601600e+03 0.000000e+00 1.000000e+00 1.000000e-01
5.601610e+03 0.000000e+00 1.000000e+00 1.000000e-01
5.601620e+03 0.000000e+00 1.000000e+00 1.000000e-01
5.601630e+03 0.000000e+00 1.000000e+00 1.000000e-01
5.601640e+03 0.000000e+00 1.000000e+00 1.000000e-01
5.601650e+03 0.000000e+00 1.000000e+00 1.000000e-01
5.601660e+03 0.000000e+00 1.000000e+00 1.000000e-01
5.601670e+03 0.000000e+00 1.000000e+00 1.000000e-01
5.601680e+03 0.000000e+00 1.000000e+00 1.000000e-01
5.601690e+03 0.000000e+00 1.000000e+00 1.000000e-01
5.601700e+03 0.000000e+00 1.000000e+00 1.000000e-01
5.601710e+03 0.000000e+00 1.000000e+00 1.000000e-01
5.601720e+03 0.000000e+00 1.000000e+00 1.000000e-01
5.601730e+03 0.000000e+00 1.000000e+00 1.000000e-01
5.601740e+03 0.000000e+00 1.000000e+00 1.000000e-01
5.601750e+03 0.000000e+00 1.000000e+00 1.000000e-01
5.601760e+03 0.000000e+00 1.000000e+00 1.000000e-01
5.601770e+03 0.000000e+00 1.000000e+00 1.000000e-01
5.601780e+03 0.000000e+00 1.000000e+00 1.000000e-01
5.601790e+03 0.000000e+00 1.000000e+00 1.000000e-01
5.601800e+03 0.000000e+00 1.000000e+00 1.000000e-01
5.601810e+03 0.000000e+00 1.000000e+00 1.000000e-01
5.601820e+03 0.000000e+00 1.000000e+00 1.000000e-01
5.601830e+03 0.000000e+00 1.000000e+00 1.000000e-01
5.601840e+03 0.000000e+00 1.000000e+00 1.000000e-01
5.601850e+03 0.000000e+00 1.000000e+00 1.000000e-01
5.601860e+03 0.000000e+00 1.000000e+00 1.000000e-01
5.601870e+03 0.000000e+00 1.000000e+00 1.000000e-01
5.601880e+03 0.000000e+00 1.000000e+00 1.000000e-01
5.601890e+03 0.000000e+00 1.000000e+00 1.000000e-01
5.601900e+03 0.000000e+00 1.000000e+00 1.000000e-01
5.601910e+03 0.000000e+00 1.000000e+00 1.000000e-01
5.601920e+03 0.000000e+00 1.000000e+00 1.000000e-01
5.601930e+03 0.000000e+00 1.000000e+00 1.000000e-01
5.601940e+03 0.000000e+00 1.000000e+00 1.000000e-01
5.601950e+03 0.000000e+00 1.000000e+00 1.000000e-01
5.601960e+03 0.000000e+00 1.000000e+00 1.000000e-01
5.601970e+03 0.000000e+00 1.000000e+00 1.000000e-01
5.601980e+03 0.000000e+00 1.000000e+00 1.000000e-01
5.601990e+03 0.000000e+00 1.000000e+00 1.000000e-01
5.602000e+03 0.000000e+00 1.000000e+00 1.000000e-01
5.602010e+03 0.000000e+00 1.000000e+00 1.000000e-01
5.602020e+03 0.000000e+00 1.000000e+00 1.000000e-01
5.602030e+03 0.000000e+00 1.000000e+00 1.000000e-01
5.602040e+03 0.000000e+00 1.000000e+00 1.000000e-01
5.602050e+03 0.000000e+00 1.000000e+00 1.000000e-01
5.602060e+03 0.000000e+00 1.000000e+00 1.000000e-01
5.602070e+03 0.000000e+00 1.000000e+00 1.000000e-01
5.602080e+03 0.000000e+00 1.000000e+00 1.000000e-01
5.602090e+03 0.000000e+00 1.000000e+00 1.000000e-01
5.602100e+03 0.000000e+00 1.000000e+00 1.000000e-01
5.602110e+03 0.000000e+00 1.000000e+00 1.000000e-01
5.602120e+03 0.000000e+00 1.000000e+00 1.000000e-01
5.602130e+03 0.000000e+00 1.000000e+00 1.000000e-01
5.602140e+03 0.000000e+00 1.000000e+00 1.000000e-01
5.602150e+03 0.000000e+00 1.000000e+00 1.000000e-01
5.602160e+03 0.000000e+00 1.000000e+00 1.000000e-01
5.602170e+03 0.000000e+00 1.000000e+00 1.000000e-01
5.602180e+03 0.000000e+00 1.000000e+00 1.000000e-01
5.602190e+03 0.000000e+00 1.000000e+00 1.000000e-01
5.602200e+03 0.000000e+00 1.000000e+00 1.000000e-01
5.602210e+03 0.000000e+00 1.000000e+00 1.000000e-01
5.602220e+03 0.000000e+00 1.000000e+00 1.000000e-01
5.602230e+03 0.000000e+00 1.000000e+00 1.000000e-01
5.602240e+03 0.000000e+00 1.000000e+00 1.000000e-01
5.602250e+03 0.000000e+00 1.000000e+00 1.000000e-01
5.602260e+03 0.000000e+00 1.000000e+00 1.000000e-01
5.602270e+03 0.000000e+00 1.000000e+00 1.000000e-01
5.602280e+03 0.000000e+00 1.000000e+00 1.000000e-01
5.602290e+03 0.000000e+00 1.000000e+00 1.000000e-01
5.602300e+03 0.000000e+00 1.000000e+00 1.000000e-01
5.602310e+03 0.000000e+00 1.000000e+00 1.000000e-01
5.602320e+03 0.000000e+00 1.000000e+00 1.000000e-01
5.602330e+03 0.000000e+00 1.000000e+00 1.000000e-01
5.602340e+03 0.000000e+00 1.000000e+00 1.000000e-01
5.602350e+03 0.000000e+00 1.000000e+00 1.000000e-01
5.602360e+03 0.000000e+00 1.000000e+00 1.000000e-01
5.602370e+03 0.000000e+00 1.000000e+00 1.000000e-01
5.602380e+03 0.000000e+00 1.000000e+00 1.000000e-01
5.602390e+03 0.000000e+00 1.000000e+00 1.000000e-01
5.602400e+03 0.000000e+00 1.000000e+00 1.000000e-01
5.602410e+03 0.000000e+00 1.000000e+00 1.000000e-01
5.602420e+03 0.000000e+00 1.000000e+00 1.000000e-01
5.602430e+03 0.000000e+00 1.000000e+00 1.000000e-01
5.602440e+03 0.000000e+00 1.000000e+00 1.000000e-01
5.602450e+03 0.000000e+00 1.000000e+00 1.000000e-01
5.602460e+03 0.000000e+00 1.000000e+00 1.000000e-01
5.602470e+03 0.000000e+00 1.000000e+00 1.000000e-01
5.602480e+03 0.000000e+00 1.000000e+00 1.000000e-01
5.602490e+03 0.000000e+00 1.000000e+00 1.000000e-01
5.602500e+03 0.000000e+00 1.000000e+00 1.000000e-01
5.602510e+03 0.000000e+00 1.000000e+00 1.000000e-01
5.602520e+03 0.000000e+00 1.000000e+00 1.000000e-01
5.602530e+03 0.000000e+00 1.000000e+00 1.000000e-01
5.602540e+03 0.000000e+00 1.000000e+00 1.000000e-01
5.602550e+03 0.000000e+00 1.000000e+00 1.000000e-01
5.602560e+03 0.000000e+00 1.000000e+00 1.000000e-01
5.602570e+03 0.000000e+00 1.000000e+00 1.000000e-01
5.602580e+03 0.000000e+00 1.000000e+00 1.000000e-01
5.602590e+03 0.000000e+00 1.000000e+00 1.000000e-01
5.602600e+03 0.000000e+00 1.000000e+00 1.000000e-01
5.602610e+03 0.000000e+00 1.000000e+00 1.000000e-01
5.602620e+03 0.000000e+00 1.000000e+00 1.000000e-01
5.602630e+03 0.000000e+00 1.000000e+00 1.000000e-01
5.602640e+03 0.000000e+00 1.000000e+00 1.000000e-01
5.602650e+03 0.000000e+00 1.000000e+00 1.000000e-01
5.602660e+03 0.000000e+00 1.000000e+00 1.000000e-01
5.602670e+03 0.000000e+00 1.000000e+00 1.000000e-01
5.602680e+03 0.000000e+00 1.000000e+00 1.000000e-01
5.602690e+03 0.000000e+00 1.000000e+00 1.000000e-01
5.602700e+03 0.000000e+00 1.000000e+00 1.000000e-01
5.602710e+03 0.000000e+00 1.000000e+00 1.000000e-01
5.602720e+03 0.000000e+00 1.000000e+00 1.000000e-01
5.602730e+03 0.000000e+00 1.000000e+00 1.000000e-01
5.602740e+03 0.000000e+00 1.000000e+00 1.000000e-01
5.602750e+03 0.000000e+00 1.000000e+00 1.000000e-01
5.602760e+03 0.000000e+00 1.000000e+00 1.000000e-01
5.602770e+03 0.000000e+00 1.000000e+00 1.000000e-01
5.602780e+03 0.000000e+00 1.000000e+00 1.000000e-01
5.602790e+03 0.000000e+00 1.000000e+00 1.000000e-01
5.602800e+03 0.000000e+00 1.000000e+00 1.000000e-01
5.602810e+03 0.000000e+00 1.000000e+00 1.000000e-01
5.602820e+03 0.000000e+00 1.000000e+00 1.000000e-01
5.602830e+03 0.000000e+00 1.000000e+00 1.000000e-01
5.602840e+03 0.000000e+00 1.000000e+00 1.000000e-01
5.602850e+03 0.000000e+00 1.000000e+00 1.000000e-01
5.602860e+03 0.000000e+00 1.000000e+00 1.000000e-01
5.602870e+03 0.000000e+00 1.000000e+00 1.000000e-01
5.602880e+03 0.000000e+00 1.000000e+00 1.000000e-01
5.602890e+03 0.000000e+00 1.000000e+00 1.000000e-01
5.602900e+03 0.000000e+00 1.000000e+00 1.000000e-01
5.602910e+03 0.000000e+00 1.000000e+00 1.000000e-01
5.602920e+03 0.000000e+00 1.000000e+00 1.000000e-01
5.602930e+03 0.000000e+00 1.000000e+00 1.000000e-01
5.602940e+03 0.000000e+00 1.000000e+00 1.000000e-01
5.602950e+03 0.000000e+00 1.000000e+00 1.000000e-01
5.602960e+03 0.000000e+00 1.000000e+00 1.000000e-01
5.602970e+03 0.000000e+00 1.000000e+00 1.000000e-01
5.602980e+03 0.000000e+00 1.000000e+00 1.000000e-01
5.602990e+03 0.000000e+00 1.000000e+00 1.000000e-01
5.603000e+03 0.000000e+00 1.000000e+00 1.000000e-01
5.603010e+03 0.000000e+00 1.000000e+00 1.000000e-01
5.603020e+03 0.000000e+00 1.000000e+00 1.000000e-01
5.603030e+03 0.000000e+00 1.000000e+00 1.000000e-01
5.603040e+03 0.000000e+00 1.000000e+00 1.000000e-01
5.603050e+03 0.000000e+00 1.000000e+00 1.000000e-01
5.603060e+03 0.000000e+00 1.000000e+00 1.000000e-01
5.603070e+03 0.000000e+00 1.000000e+00 1.000000e-01
5.603080e+03 0.000000e+00 1.000000e+00 1.000000e-01
5.603090e+03 0.000000e+00 1.000000e+00 1.000000e-01
5.603100e+03 0.000000e+00 1.000000e+00 1.000000e-01
5.603110e+03 0.000000e+00 1.000000e+00 1.000000e-01
5.603120e+03 0.000000e+00 1.000000e+00 1.000000e-01
5.603130e+03 0.000000e+00 1.000000e+00 1.000000e-01
5.603140e+03 0.000000e+00 1.000000e+00 1.000000e-01
5.603150e+03 0.000000e+00 1.000000e+00 1.000000e-01
5.603160e+03 0.000000e+00 1.000000e+00 1.000000e-01
5.603170e+03 0.000000e+00 1.000000e+00 1.000000e-01
5.603180e+03 0.000000e+00 1.000000e+00 1.000000e-01
5.603190e+03 0.000000e+00 1.000000e+00 1.000000e-01
5.603200e+03 0.000000e+00 1.000000e+00 1.000000e-01
5.603210e+03 0.000000e+00 1.000000e+00 1.000000e-01
5.603220e+03 0.000000e+00 1.000000e+00 1.000000e-01
5.603230e+03 0.000000e+00 1.000000e+00 1.000000e-01
5.603240e+03 0.000000e+00 1.000000e+00 1.000000e-01
5.603250e+03 0.000000e+00 1.000000e+00 1.000000e-01
5.603260e+03 0.000000e+00 1.000000e+00 1.000000e-01
5.603270e+03 0.000000e+00 1.000000e+00 1.000000e-01
5.603280e+03 0.000000e+00 1.000000e+00 1.000000e-01
5.603290e+03 0.000000e+00 1.000000e+00 1.000000e-01
5.603300e+03 0.000000e+00 1.000000e+00 1.000000e-01
5.603310e+03 0.000000e+00 1.000000e+00 1.000000e-01
5.603320e+03 0.000000e+00 1.000000e+00 1.000000e-01
5.603330e+03 0.000000e+00 1.000000e+00 1.000000e-01
5.603340e+03 0.000000e+00 1.000000e+00 1.000000e-01
5.603350e+03 0.000000e+00 1.000000e+00 1.000000e-01
5.603360e+03 0.000000e+00 1.000000e+00 1.000000e-01
5.603370e+03 0.000000e+00 1.000000e+00 1.000000e-01
5.603380e+03 0.000000e+00 1.000000e+00 1.000000e-01
5.603390e+03 0.000000e+00 1.000000e+00 1.000000e-01
5.603400e+03 0.000000e+00 1.000000e+00 1.000000e-01
5.603410e+03 0.000000e+00 1.000000e+00 1.000000e-01
5.603420e+03 0.000000e+00 1.000000e+00 1.000000e-01
5.603430e+03 0.000000e+00 1.000000e+00 1.000000e-01
5.603440e+03 0.000000e+00 1.000000e+00 1.000000e-01
5.603450e+03 0.000000e+00 1.000000e+00 1.000000e-01
5.603460e+03 0.000000e+00 1.000000e+00 1.000000e-01
5.603470e+03 0.000000e+00 1.000000e+00 1.000000e-01
5.603480e+03 0.000000e+00 1.000000e+00 1.000000e-01
5.603490e+03 0.000000e+00 1.000000e+00 1.000000e-01
5.603500e+03 0.000000e+00 1.000000e+00 1.000000e-01
5.603510e+03 0.000000e+00 1.000000e+00 1.000000e-01
5.603520e+03 0.000000e+00 1.000000e+00 1.000000e-01
5.603530e+03 0.000000e+00 1.000000e+00 1.000000e-01
5.603540e+03 0.000000e+00 1.000000e+00 1.000000e-01
5.603550e+03 0.000000e+00 1.000000e+00 1.000000e-01
5.603560e+03 0.000000e+00 1.000000e+00 1.000000e-01
5.603570e+03 0.000000e+00 1.000000e+00 1.000000e-01
5.603580e+03 0.000000e+00 1.000000e+00 1.000000e-01
5.603590e+03 0.000000e+00 1.000000e+00 1.000000e-01
5.603600e+03 0.000000e+00 1.000000e+00 1.000000e-01
5.603610e+03 0.000000e+00 1.000000e+00 1.000000e-01
5.603620e+03 0.000000e+00 1.000000e+00 1.000000e-01
5.603630e+03 0.000000e+00 1.000000e+00 1.000000e-01
5.603640e+03 0.000000e+00 1.000000e+00 1.000000e-01
5.603650e+03 0.000000e+00 1.000000e+00 1.000000e-01
5.603660e+03 0.000000e+00 1.000000e+00 1.000000e-01
5.603670e+03 0.000000e+00 1.000000e+00 1.000000e-01
5.603680e+03 0.000000e+00 1.000000e+00 1.000000e-01
5.603690e+03 0.000000e+00 1.000000e+00 1.000000e-01
5.603700e+03 0.000000e+00 1.000000e+00 1.000000e-01
5.603710e+03 0.000000e+00 1.000000e+00 1.000000e-01
5.603720e+03 0.000000e+00 1.000000e+00 1.000000e-01
5.603730e+03 0.000000e+00 1.000000e+00 1.000000e-01
5.603740e+03 0.000000e+00 1.000000e+00 1.000000e-01
5.603750e+03 0.000000e+00 1.000000e+00 1.000000e-01
5.603760e+03 0.000000e+00 1.000000e+00 1.000000e-01
5.603770e+03 0.000000e+00 1.000000e+00 1.000000e-01
5.603780e+03 0.000000e+00 1.000000e+00 1.000000e-01
5.603790e+03 0.000000e+00 1.000000e+00 1.000000e-01
5.603800e+03 0.000000e+00 1.000000e+00 1.000000e-01
5.603810e+03 0.000000e+00 1.000000e+00 1.000000e-01
5.603820e+03 0.000000e+00 1.000000e+00 1.000000e-01
5.603830e+03 0.000000e+00 1.000000e+00 1.000000e-01
5.603840e+03 0.000000e+00 1.000000e+00 1.000000e-01
5.603850e+03 0.000000e+00 1.000000e+00 1.000000e-01
5.603860e+03 0.000000e+00 1.000000e+00 1.000000e-01
5.603870e+03 0.000000e+00 1.000000e+00 1.000000e-01
5.603880e+03 0.000000e+00 1.000000e+00 1.000000e-01
5.603890e+03 0.000000e+00 1.000000e+00 1.000000e-01
5.603900e+03 0.000000e+00 1.000000e+00 1.000000e-01
5.603910e+03 0.000000e+00 1.000000e+00 1.000000e-01
5.603920e+03 0.000000e+00 1.000000e+00 1.000000e-01
5.603930e+03 0.000000e+00 1.000000e+00 1.000000e-01
5.603940e+03 0.000000e+00 1.000000e+00 1.000000e-01
5.603950e+03 0.000000e+00 1.000000e+00 1.000000e-01
5.603960e+03 0.000000e+00 1.000000e+00 1.000000e-01
5.603970e+03 0.000000e+00 1.000000e+00 1.000000e-01
5.603980e+03 0.000000e+00 1.000000e+00 1.000000e-01
5.603990e+03 0.000000e+00 1.000000e+00 1.000000e-01
5.604000e+03 0.000000e+00 1.000000e+00 1.000000e-01
5.604010e+03 0.000000e+00 1.000000e+00 1.000000e-01
5.604020e+03 0.000000e+00 1.000000e+00 1.000000e-01
5.604030e+03 0.000000e+00 1.000000e+00 1.000000e-01
5.604040e+03 0.000000e+00 1.000000e+00 1.000000e-01
5.604050e+03 0.000000e+00 1.000000e+00 1.000000e-01
5.604060e+03 0.000000e+00 1.000000e+00 1.000000e-01
5.604070e+03 0.000000e+00 1.000000e+00 1.000000e-01
5.604080e+03 0.000000e+00 1.000000e+00 1.000000e-01
5.604090e+03 0.000000e+00 1.000000e+00 1.000000e-01
5.604100e+03 0.000000e+00 1.000000e+00 1.000000e-01
5.604110e+03 0.000000e+00 1.000000e+00 1.000000e-01
5.604120e+03 0.000000e+00 1.000000e+00 1.000000e-01
5.604130e+03 0.000000e+00 1.000000e+00 1.000000e-01
5.604140e+03 0.000000e+00 1.000000e+00 1.000000e-01
5.604150e+03 0.000000e+00 1.000000e+00 1.000000e-01
5.604160e+03 0.000000e+00 1.000000e+00 1.000000e-01
5.604170e+03 0.000000e+00 1.000000e+00 1.000000e-01
5.604180e+03 0.000000e+00 1.000000e+00 1.000000e-01
5.604190e+03 0.000000e+00 1.000000e+00 1.000000e-01
5.604200e+03 0.000000e+00 1.000000e+00 1.000000e-01
5.604210e+03 0.000000e+00 1.000000e+00 1.000000e-01
5.604220e+03 0.000000e+00 1.000000e+00 1.000000e-01
5.604230e+03 0.000000e+00 1.000000e+00 1.000000e-01
5.604240e+03 0.000000e+00 1.000000e+00 1.000000e-01
5.604250e+03 0.000000e+00 1.000000e+00 1.000000e-01
5.604260e+03 0.000000e+00 1.000000e+00 1.000000e-01
5.604270e+03 0.000000e+00 1.000000e+00 1.000000e-01
5.604280e+03 0.000000e+00 1.000000e+00 1.000000e-01
5.604290e+03 0.000000e+00 1.000000e+00 1.000000e-01
5.604300e+03 0.000000e+00 1.000000e+00 1.000000e-01
5.604310e+03 0.000000e+00 1.000000e+00 1.000000e-01
5.604320e+03 0.000000e+00 1.000000e+00 1.000000e-01
5.604330e+03 0.000000e+00 1.000000e+00 1.000000e-01
5.604340e+03 0.000000e+00 1.000000e+00 1.000000e-01
5.604350e+03 0.000000e+00 1.000000e+00 1.000000e-01
5.604360e+03 0.000000e+00 1.000000e+00 1.000000e-01
5.604370e+03 0.000000e+00 1.000000e+00 1.000000e-01
5.604380e+03 0.000000e+00 1.000000e+00 1.000000e-01
5.604390e+03 0.000000e+00 1.000000e+00 1.000000e-01
5.604400e+03 0.000000e+00 1.000000e+00 1.000000e-01
5.604410e+03 0.000000e+00 1.000000e+00 1.000000e-01
5.604420e+03 0.000000e+00 1.000000e+00 1.000000e-01
5.604430e+03 0.000000e+00 1.000000e+00 1.000000e-01
5.604440e+03 0.000000e+00 1.000000e+00 1.000000e-01
5.604450e+03 0.000000e+00 1.000000e+00 1.000000e-01
5.604460e+03 0.000000e+00 1.000000e+00 1.000000e-01
5.604470e+03 0.000000e+00 1.000000e+00 1.000000e-01
5.604480e+03 0.000000e+00 1.000000e+00 1.000000e-01
5.604490e+03 0.000000e+00 1.000000e+00 1.000000e-01
5.604500e+03 0.000000e+00 1.000000e+00 1.000000e-01
5.604510e+03 0.000000e+00 1.000000e+00 1.000000e-01
5.604520e+03 0.000000e+00 1.000000e+00 1.000000e-01
5.604530e+03 0.000000e+00 1.000000e+00 1.000000e-01
5.604540e+03 0.000000e+00 1.000000e+00 1.000000e-01
5.604550e+03 0.000000e+00 1.000000e+00 1.000000e-01
5.604560e+03 0.000000e+00 1.000000e+00 1.000000e-01
5.604570e+03 0.000000e+00 1.000000e+00 1.000000e-01
5.604580e+03 0.000000e+00 1.000000e+00 1.000000e-01
5.604590e+03 0.000000e+00 1.000000e+00 1.000000e-01
5.604600e+03 0.000000e+00 1.000000e+00 1.000000e-01
5.604610e+03 0.000000e+00 1.000000e+00 1.000000e-01
5.604620e+03 0.000000e+00 1.000000e+00 1.000000e-01
5.604630e+03 0.000000e+00 1.000000e+00 1.000000e-01
5.604640e+03 0.000000e+00 1.000000e+00 1.000000e-01
5.604650e+03 0.000000e+00 1.000000e+00 1.000000e-01
5.604660e+03 0.000000e+00 1.000000e+00 1.000000e-01
5.604670e+03 0.000000e+00 1.000000e+00 1.000000e-01
5.604680e+03 0.000000e+00 1.000000e+00 1.000000e-01
5.604690e+03 0.000000e+00 1.000000e+00 1.000000e-01
5.604700e+03 0.000000e+00 1.000000e+00 1.000000e-01
5.604710e+03 0.000000e+00 1.000000e+00 1.000000e-01
5.604720e+03 0.000000e+00 1.000000e+00 1.000000e-01
5.604730e+03 0.000000e+00 1.000000e+00 1.000000e-01
5.604740e+03 0.000000e+00 1.000000e+00 1.000000e-01
5.604750e+03 0.000000e+00 1.000000e+00 1.000000e-01
5.604760e+03 0.000000e+00 1.000000e+00 1.000000e-01
5.604770e+03 0.000000e+00 1.000000e+00 1.000000e-01
5.604780e+03 0.000000e+00 1.000000e+00 1.000000e-01
5.604790e+03 0.000000e+00 1.000000e+00 1.000000e-01
5.604800e+03 0.000000e+00 1.000000e+00 1.000000e-01
5.604810e+03 0.000000e+00 1.000000e+00 1.000000e-01
5.604820e+03 0.000000e+00 1.000000e+00 1.000000e-01
5.604830e+03 0.000000e+00 1.000000e+00 1.000000e-01
5.604840e+03 0.000000e+00 1.000000e+00 1.000000e-01
5.604850e+03 0.000000e+00 1.000000e+00 1.000000e-01
5.604860e+03 0.000000e+00 1.000000e+00 1.000000e-01
5.604870e+03 0.000000e+00 1.000000e+00 1.000000e-01
5.604880e+03 0.000000e+00 1.000000e+00 1.000000e-01
5.604890e+03 0.000000e+00 1.000000e+00 1.000000e-01
5.604900e+03 0.000000e+00 1.000000e+00 1.000000e-01
5.604910e+03 0.000000e+00 1.000000e+00 1.000000e-01
5.604920e+03 0.000000e+00 1.000000e+00 1.000000e-01
5.604930e+03 0.000000e+00 1.000000e+00 1.000000e-01
5.604940e+03 0.000000e+00 1.000000e+00 1.000000e-01
5.604950e+03 0.000000e+00 1.000000e+00 1.000000e-01
5.604960e+03 0.000000e+00 1.000000e+00 1.000000e-01
5.604970e+03 0.000000e+00 1.000000e+00 1.000000e-01
5.604980e+03 0.000000e+00 1.000000e+00 1.000000e-01
5.604990e+03 0.000000e+00 1.000000e+00 1.000000e-01
5.605000e+03 0.000000e+00 1.000000e+00 1.000000e-01
5.605010e+03 0.000000e+00 1.000000e+00 1.000000e-01
5.605020e+03 0.000000e+00 1.000000e+00 1.000000e-01
5.605030e+03 0.000000e+00 1.000000e+00 1.000000e-01
5.605040e+03 0.000000e+00 1.000000e+00 1.000000e-01
5.605050e+03 0.000000e+00 1.000000e+00 1.000000e-01
5.605060e+03 0.000000e+00 1.000000e+00 1.000000e-01
5.605070e+03 0.000000e+00 1.000000e+00 1.000000e-01
5.605080e+03 0.000000e+00 1.000000e+00 1.000000e-01
5.605090e+03 0.000000e+00 1.000000e+00 1.000000e-01
5.605100e+03 0.000000e+00 1.000000e+00 1.000000e-01
5.605110e+03 0.000000e+00 1.000000e+00 1.000000e-01
5.605120e+03 0.000000e+00 1.000000e+00 1.000000e-01
5.605130e+03 0.000000e+00 1.000000e+00 1.000000e-01
5.605140e+03 0.000000e+00 1.000000e+00 1.000000e-01
5.605150e+03 0.000000e+00 1.000000e+00 1.000000e-01
5.605160e+03 0.000000e+00 1.000000e+00 1.000000e-01
5.605170e+03 0.000000e+00 1.000000e+00 1.000000e-01
5.605180e+03 0.000000e+00 1.000000e+00 1.000000e-01
5.605190e+03 0.000000e+00 1.000000e+00 1.000000e-01
5.605200e+03 0.000000e+00 1.000000e+00 1.000000e-01
5.605210e+03 0.000000e+00 1.000000e+00 1.000000e-01
5.605220e+03 0.000000e+00 1.000000e+00 1.000000e-01
5.605230e+03 0.000000e+00 1.000000e+00 1.000000e-01
5.605240e+03 0.000000e+00 1.000000e+00 1.000000e-01
5.605250e+03 0.000000e+00 1.000000e+00 1.000000e-01
5.605260e+03 0.000000e+00 1.000000e+00 1.000000e-01
5.605270e+03 0.000000e+00 1.000000e+00 1.000000e-01
5.605280e+03 0.000000e+00 1.000000e+00 1.000000e-01
5.605290e+03 0.000000e+00 1.000000e+00 1.000000e-01
5.605300e+03 0.000000e+00 1.000000e+00 1.000000e-01
5.605310e+03 0.000000e+00 1.000000e+00 1.000000e-01
5.605320e+03 0.000000e+00 1.000000e+00 1.000000e-01
5.605330e+03 0.000000e+00 1.000000e+00 1.000000e-01
5.605340e+03 0.000000e+00 1.000000e+00 1.000000e-01
5.605350e+03 0.000000e+00 1.000000e+00 1.000000e-01
5.605360e+03 0.000000e+00 1.000000e+00 1.000000e-01
5.605370e+03 0.000000e+00 1.000000e+00 1.000000e-01
5.605380e+03 0.000000e+00 1.000000e+00 1.000000e-01
5.605390e+03 0.000000e+00 1.000000e+00 1.000000e-01
5.605400e+03 0.000000e+00 1.000000e+00 1.000000e-01
5.605410e+03 0.000000e+00 1.000000e+00 1.000000e-01
5.605420e+03 0.000000e+00 1.000000e+00 1.000000e-01
5.605430e+03 0.000000e+00 1.000000e+00 1.000000e-01
5.605440e+03 0.000000e+00 1.000000e+00 1.000000e-01
5.605450e+03 0.000000e+00 1.000000e+00 1.000000e-01
5.605460e+03 0.000000e+00 1.000000e+00 1.000000e-01
5.605470e+03 0.000000e+00 1.000000e+00 1.000000e-01
5.605480e+03 0.000000e+00 1.000000e+00 1.000000e-01
5.605490e+03 0.000000e+00 1.000000e+00 1.000000e-01
5.605500e+03 0.000000e+00 1.000000e+00 1.000000e-01
5.605510e+03 0.000000e+00 1.000000e+00 1.000000e-01
5.605520e+03 0.000000e+00 1.000000e+00 1.000000e-01
5.605530e+03 0.000000e+00 1.000000e+00 1.000000e-01
5.605540e+03 0.000000e+00 1.000000e+00 1.000000e-01
5.605550e+03 0.000000e+00 1.000000e+00 1.000000e-01
5.605560e+03 0.000000e+00 1.000000e+00 1.000000e-01
5.605570e+03 0.000000e+00 1.000000e+00 1.000000e-01
5.605580e+03 0.000000e+00 1.000000e+00 1.000000e-01
5.605590e+03 0.000000e+00 1.000000e+00 1.000000e-01
5.605600e+03 0.000000e+00 1.000000e+00 1.000000e-01
5.605610e+03 0.000000e+00 1.000000e+00 1.000000e-01
5.605620e+03 0.000000e+00 1.000000e+00 1.000000e-01
5.605630e+03 0.000000e+00 1.000000e+00 1.000000e-01
5.605640e+03 0.000000e+00 1.000000e+00 1.000000e-01
5.605650e+03 0.000000e+00 1.000000e+00 1.000000e-01
5.605660e+03 0.000000e+00 1.000000e+00 1.000000e-01
5.605670e+03 0.000000e+00 1.000000e+00 1.000000e-01
5.605680e+03 0.000000e+00 1.000000e+00 1.000000e-01
5.605690e+03 0.000000e+00 1.000000e+00 1.000000e-01
5.605700e+03 0.000000e+00 1.000000e+00 1.000000e-01
5.605710e+03 0.000000e+00 1.000000e+00 1.000000e-01
5.605720e+03 0.000000e+00 1.000000e+00 1.000000e-01
5.605730e+03 0.000000e+00 1.000000e+00 1.000000e-01
5.605740e+03 0.000000e+00 1.000000e+00 1.000000e-01
5.605750e+03 0.000000e+00 1.000000e+00 1.000000e-01
5.605760e+03 0.000000e+00 1.000000e+00 1.000000e-01
5.605770e+03 0.000000e+00 1.000000e+00 1.000000e-01
5.605780e+03 0.000000e+00 1.000000e+00 1.000000e-01
5.605790e+03 0.000000e+00 1.000000e+00 1.000000e-01
5.605800e+03 0.000000e+00 1.000000e+00 1.000000e-01
5.605810e+03 0.000000e+00 1.000000e+00 1.000000e-01
5.605820e+03 0.000000e+00 1.000000e+00 1.000000e-01
5.605830e+03 0.000000e+00 1.000000e+00 1.000000e-01
5.605840e+03 0.000000e+00 1.000000e+00 1.000000e-01
5.605850e+03 0.000000e+00 1.000000e+00 1.000000e-01
5.605860e+03 0.000000e+00 1.000000e+00 1.000000e-01
5.605870e+03 0.000000e+00 1.000000e+00 1.000000e-01
5.605880e+03 0.000000e+00 1.000000e+00 1.000000e-01
5.605890e+03 0.000000e+00 1.000000e+00 1.000000e-01
5.605900e+03 0.000000e+00 1.000000e+00 1.000000e-01
5.605910e+03 0.000000e+00 1.000000e+00 1.000000e-01
5.605920e+03 0.000000e+00 1.000000e+00 1.000000e-01
5.605930e+03 0.000000e+00 1.000000e+00 1.000000e-01
5.605940e+03 0.000000e+00 1.000000e+00 1.000000e-01
5.605950e+03 0.000000e+00 1.000000e+00 1.000000e-01
5.605960e+03 0.000000e+00 1.000000e+00 1.000000e-01
5.605970e+03 0.000000e+00 1.000000e+00 1.000000e-01
5.605980e+03 0.000000e+00 1.000000e+00 1.000000e-01
5.605990e+03 0.000000e+00 1.000000e+00 1.000000e-01
5.606000e+03 0.000000e+00 1.000000e+00 1.000000e-01
5.606010e+03 0.000000e+00 1.000000e+00 1.000000e-01
5.606020e+03 0.000000e+00 1.000000e+00 1.000000e-01
5.606030e+03 0.000000e+00 1.000000e+00 1.000000e-01
5.606040e+03 0.000000e+00 1.000000e+00 1.000000e-01
5.606050e+03 0.000000e+00 1.000000e+00 1.000000e-01
5.606060e+03 0.000000e+00 1.000000e+00 1.000000e-01
5.606070e+03 0.000000e+00 1.000000e+00 1.000000e-01
5.606080e+03 0.000000e+00 1.000000e+00 1.000000e-01
5.606090e+03 0.000000e+00 1.000000e+00 1.000000e-01
5.606100e+03 0.000000e+00 1.000000e+00 1.000000e-01
5.606110e+03 0.000000e+00 1.000000e+00 1.000000e-01
5.606120e+03 0.000000e+00 1.000000e+00 1.000000e-01
5.606130e+03 0.000000e+00 1.000000e+00 1.000000e-01
5.606140e+03 0.000000e+00 1.000000e+00 1.000000e-01
5.606150e+03 0.000000e+00 1.000000e+00 1.000000e-01
5.606160e+03 0.000000e+00 1.000000e+00 1.000000e-01
5.606170e+03 0.000000e+00 1.000000e+00 1.000000e-01
5.606180e+03 0.000000e+00 1.000000e+00 1.000000e-01
5.606190e+03 0.000000e+00 1.000000e+00 1.000000e-01
5.606200e+03 0.000000e+00 1.000000e+00 1.000000e-01
5.606210e+03 0.000000e+00 1.000000e+00 1.000000e-01
5.606220e+03 0.000000e+00 1.000000e+00 1.000000e-01
5.606230e+03 0.000000e+00 1.000000e+00 1.000000e-01
5.606240e+03 0.000000e+00 1.000000e+00 1.000000e-01
5.606250e+03 0.000000e+00 1.000000e+00 1.000000e-01
5.606260e+03 0.000000e+00 1.000000e+00 1.000000e-01
5.606270e+03 0.000000e+00 1.000000e+00 1.000000e-01
5.606280e+03 0.000000e+00 1.000000e+00 1.000000e-01
5.606290e+03 0.000000e+00 1.000000e+00 1.000000e-01
5.606300e+03 0.000000e+00 1.000000e+00 1.000000e-01
5.606310e+03 0.000000e+00 1.000000e+00 1.000000e-01
5.606320e+03 0.000000e+00 1.000000e+00 1.000000e-01
5.606330e+03 0.000000e+00 1.000000e+00 1.000000e-01
5.606340e+03 0.000000e+00 1.000000e+00 1.000000e-01
5.606350e+03 0.000000e+00 1.000000e+00 1.000000e-01
5.606360e+03 0.000000e+00 1.000000e+00 1.000000e-01
5.606370e+03 0.000000e+00 1.000000e+00 1.000000e-01
5.606380e+03 0.000000e+00 1.000000e+00 1.000000e-01
5.606390e+03 0.000000e+00 1.000000e+00 1.000000e-01
5.606400e+03 0.000000e+00 1.000000e+00 1.000000e-01
5.606410e+03 0.000000e+00 1.000000e+00 1.000000e-01
5.606420e+03 0.000000e+00 1.000000e+00 1.000000e-01
5.606430e+03 0.000000e+00 1.000000e+00 1.000000e-01
5.606440e+03 0.000000e+00 1.000000e+00 1.000000e-01
5.606450e+03 0.000000e+00 1.000000e+00 1.000000e-01
5.606460e+03 0.000000e+00 1.000000e+00 1.000000e-01
5.606470e+03 0.000000e+00 1.000000e+00 1.000000e-01
5.606480e+03 0.000000e+00 1.000000e+00 1.000000e-01
5.606490e+03 0.000000e+00 1.000000e+00 1.000000e-01
5.606500e+03 0.000000e+00 1.000000e+00 1.000000e-01
5.606510e+03 0.000000e+00 1.000000e+00 1.000000e-01
5.606520e+03 0.000000e+00 1.000000e+00 1.000000e-01
5.606530e+03 0.000000e+00 1.000000e+00 1.000000e-01
5.606540e+03 0.000000e+00 1.000000e+00 1.000000e-01
5.606550e+03 0.000000e+00 1.000000e+00 1.000000e-01
5.606560e+03 0.000000e+00 1.000000e+00 1.000000e-01
5.606570e+03 0.000000e+00 1.000000e+00 1.000000e-01
5.606580e+03 0.000000e+00 1.000000e+00 1.000000e-01
5.606590e+03 0.000000e+00 1.000000e+00 1.000000e-01
5.606600e+03 0.000000e+00 1.000000e+00 1.000000e-01
5.606610e+03 0.000000e+00 1.000000e+00 1.000000e-01
5.606620e+03 0.000000e+00 1.000000e+00 1.000000e-01
5.606630e+03 0.000000e+00 1.000000e+00 1.000000e-01
5.606640e+03 0.000000e+00 1.000000e+00 1.000000e-01
5.606650e+03 0.000000e+00 1.000000e+00 1.000000e-01
5.606660e+03 0.000000e+00 1.000000e+00 1.000000e-01
5.606670e+03 0.000000e+00 1.000000e+00 1.000000e-01
5.606680e+03 0.000000e+00 1.000000e+00 1.000000e-01
5.606690e+03 0.000000e+00 1.000000e+00 1.000000e-01
5.606700e+03 0.000000e+00 1.000000e+00 1.000000e-01
5.606710e+03 0.000000e+00 1.000000e+00 1.000000e-01
5.606720e+03 0.000000e+00 1.000000e+00 1.000000e-01
5.606730e+03 0.000000e+00 1.000000e+00 1.000000e-01
5.606740e+03 0.000000e+00 1.000000e+00 1.000000e-01
5.606750e+03 0.000000e+00 1.000000e+00 1.000000e-01
5.606760e+03 0.000000e+00 1.000000e+00 1.000000e-01
5.606770e+03 0.000000e+00 1.000000e+00 1.000000e-01
5.606780e+03 0.000000e+00 1.000000e+00 1.000000e-01
5.606790e+03 0.000000e+00 1.000000e+00 1.000000e-01
5.606800e+03 0.000000e+00 1.000000e+00 1.000000e-01
5.606810e+03 0.000000e+00 1.000000e+00 1.000000e-01
5.606820e+03 0.000000e+00 1.000000e+00 1.000000e-01
5.606830e+03 0.000000e+00 1.000000e+00 1.000000e-01
5.606840e+03 0.000000e+00 1.000000e+00 1.000000e-01
5.606850e+03 0.000000e+00 1.000000e+00 1.000000e-01
5.606860e+03 0.000000e+00 1.000000e+00 1.000000e-01
5.606870e+03 0.000000e+00 1.000000e+00 1.000000e-01
5.606880e+03 0.000000e+00 1.000000e+00 1.000000e-01
5.606890e+03 0.000000e+00 1.000000e+00 1.000000e-01
5.606900e+03 0.000000e+00 1.000000e+00 1.000000e-01
5.606910e+03 0.000000e+00 1.000000e+00 1.000000e-01
5.606920e+03 0.000000e+00 1.000000e+00 1.000000e-01
5.606930e+03 0.000000e+00 1.000000e+00 1.000000e-01
5.606940e+03 0.000000e+00 1.000000e+00 1.000000e-01
5.606950e+03 0.000000e+00 1.000000e+00 1.000000e-01
5.606960e+03 0.000000e+00 1.000000e+00 1.000000e-01
5.606970e+03 0.000000e+00 1.000000e+00 1.000000e-01
5.606980e+03 0.000000e+00 1.000000e+00 1.000000e-01
5.606990e+03 0.000000e+00 1.000000e+00 1.000000e-01
5.607000e+03 0.000000e+00 1.000000e+00 1.000000e-01
5.607010e+03 0.000000e+00 1.000000e+00 1.000000e-01
5.607020e+03 0.000000e+00 1.000000e+00 1.000000e-01
5.607030e+03 0.000000e+00 1.000000e+00 1.000000e-01
5.607040e+03 0.000000e+00 1.000000e+00 1.000000e-01
5.607050e+03 0.000000e+00 1.000000e+00 1.000000e-01
5.607060e+03 0.000000e+00 1.000000e+00 1.000000e-01
5.607070e+03 0.000000e+00 1.000000e+00 1.000000e-01
5.607080e+03 0.000000e+00 1.000000e+00 1.000000e-01
5.607090e+03 0.000000e+00 1.000000e+00 1.000000e-01
5.607100e+03 0.000000e+00 1.000000e+00 1.000000e-01
5.607110e+03 0.000000e+00 1.000000e+00 1.000000e-01
5.607120e+03 0.000000e+00 1.000000e+00 1.000000e-01
5.607130e+03 0.000000e+00 1.000000e+00 1.000000e-01
5.607140e+03 0.000000e+00 1.000000e+00 1.000000e-01
5.607150e+03 0.000000e+00 1.000000e+00 1.000000e-01
5.607160e+03 0.000000e+00 1.000000e+00 1.000000e-01
5.607170e+03 0.000000e+00 1.000000e+00 1.000000e-01
5.607180e+03 0.000000e+00 1.000000e+00 1.000000e-01
5.607190e+03 0.000000e+00 1.000000e+00 1.000000e-01
5.607200e+03 0.000000e+00 1.000000e+00 1.000000e-01
5.607210e+03 0.000000e+00 1.000000e+00 1.000000e-01
5.607220e+03 0.000000e+00 1.000000e+00 1.000000e-01
5.607230e+03 0.000000e+00 1.000000e+00 1.000000e-01
5.607240e+03 0.000000e+00 1.000000e+00 1.000000e-01
5.607250e+03 0.000000e+00 1.000000e+00 1.000000e-01
5.607260e+03 0.000000e+00 1.000000e+00 1.000000e-01
5.607270e+03 0.000000e+00 1.000000e+00 1.000000e-01
5.607280e+03 0.000000e+00 1.000000e+00 1.000000e-01
5.607290e+03 0.000000e+00 1.000000e+00 1.000000e-01
5.607300e+03 0.000000e+00 1.000000e+00 1.000000e-01
5.607310e+03 0.000000e+00 1.000000e+00 1.000000e-01
5.607320e+03 0.000000e+00 1.000000e+00 1.000000e-01
5.607330e+03 0.000000e+00 1.000000e+00 1.000000e-01
5.607340e+03 0.000000e+00 1.000000e+00 1.000000e-01
5.607350e+03 0.000000e+00 1.000000e+00 1.000000e-01
5.607360e+03 0.000000e+00 1.000000e+00 1.000000e-01
5.607370e+03 0.000000e+00 1.000000e+00 1.000000e-01
5.607380e+03 0.000000e+00 1.000000e+00 1.000000e-01
5.607390e+03 0.000000e+00 1.000000e+00 1.000000e-01
5.607400e+03 0.000000e+00 1.000000e+00 1.000000e-01
5.607410e+03 0.000000e+00 1.000000e+00 1.000000e-01
5.607420e+03 0.000000e+00 1.000000e+00 1.000000e-01
5.607430e+03 0.000000e+00 1.000000e+00 1.000000e-01
5.607440e+03 0.000000e+00 1.000000e+00 1.000000e-01
5.607450e+03 0.000000e+00 1.000000e+00 1.000000e-01
5.607460e+03 0.000000e+00 1.000000e+00 1.000000e-01
5.607470e+03 0.000000e+00 1.000000e+00 1.000000e-01
5.607480e+03 0.000000e+00 1.000000e+00 1.000000e-01
5.607490e+03 0.000000e+00 1.000000e+00 1.000000e-01
5.607500e+03 0.000000e+00 1.000000e+00 1.000000e-01
5.607510e+03 0.000000e+00 1.000000e+00 1.000000e-01
5.607520e+03 0.000000e+00 1.000000e+00 1.000000e-01
5.607530e+03 0.000000e+00 1.000000e+00 1.000000e-01
5.607540e+03 0.000000e+00 1.000000e+00 1.000000e-01
5.607550e+03 0.000000e+00 1.000000e+00 1.000000e-01
5.607560e+03 0.000000e+00 1.000000e+00 1.000000e-01
5.607570e+03 0.000000e+00 1.000000e+00 1.000000e-01
5.607580e+03 0.000000e+00 1.000000e+00 1.000000e-01
5.607590e+03 0.000000e+00 1.000000e+00 1.000000e-01
5.607600e+03 0.000000e+00 1.000000e+00 1.000000e-01
5.607610e+03 0.000000e+00 1.000000e+00 1.000000e-01
5.607620e+03 0.000000e+00 1.000000e+00 1.000000e-01
5.607630e+03 0.000000e+00 1.000000e+00 1.000000e-01
5.607640e+03 0.000000e+00 1.000000e+00 1.000000e-01
5.607650e+03 0.000000e+00 1.000000e+00 1.000000e-01
5.607660e+03 0.000000e+00 1.000000e+00 1.000000e-01
5.607670e+03 0.000000e+00 1.000000e+00 1.000000e-01
5.607680e+03 0.000000e+00 1.000000e+00 1.000000e-01
5.607690e+03 0.000000e+00 1.000000e+00 1.000000e-01
5.607700e+03 0.000000e+00 1.000000e+00 1.000000e-01
5.607710e+03 0.000000e+00 1.000000e+00 1.000000e-01
5.607720e+03 0.000000e+00 1.000000e+00 1.000000e-01
5.607730e+03 0.000000e+00 1.000000e+00 1.000000e-01
5.607740e+03 0.000000e+00 1.000000e+00 1.000000e-01
5.607750e+03 0.000000e+00 1.000000e+00 1.000000e-01
5.607760e+03 0.000000e+00 1.000000e+00 1.000000e-01
5.607770e+03 0.000000e+00 1.000000e+00 1.000000e-01
5.607780e+03 0.000000e+00 1.000000e+00 1.000000e-01
5.607790e+03 0.000000e+00 1.000000e+00 1.000000e-01
5.607800e+03 0.000000e+00 1.000000e+00 1.000000e-01
5.607810e+03 0.000000e+00 1.000000e+00 1.000000e-01
5.607820e+03 0.000000e+00 1.000000e+00 1.000000e-01
5.607830e+03 0.000000e+00 1.000000e+00 1.000000e-01
5.607840e+03 0.000000e+00 1.000000e+00 1.000000e-01
5.607850e+03 0.000000e+00 1.000000e+00 1.000000e-01
5.607860e+03 0.000000e+00 1.000000e+00 1.000000e-01
5.607870e+03 0.000000e+00 1.000000e+00 1.000000e-01
5.607880e+03 0.000000e+00 1.000000e+00 1.000000e-01
5.607890e+03 0.000000e+00 1.000000e+00 1.000000e-01
5.607900e+03 0.000000e+00 1.000000e+00 1.000000e-01
5.607910e+03 0.000000e+00 1.000000e+00 1.000000e-01
5.607920e+03 0.000000e+00 1.000000e+00 1.000000e-01
5.607930e+03 0.000000e+00 1.000000e+00 1.000000e-01
5.607940e+03 0.000000e+00 1.000000e+00 1.000000e-01
5.607950e+03 0.000000e+00 1.000000e+00 1.000000e-01
5.607960e+03 0.000000e+00 1.000000e+00 1.000000e-01
5.607970e+03 0.000000e+00 1.000000e+00 1.000000e-01
5.607980e+03 0.000000e+00 1.000000e+00 1.000000e-01
5.607990e+03 0.000000e+00 1.000000e+00 1.000000e-01
5.608000e+03 0.000000e+00 1.000000e+00 1.000000e-01
5.608010e+03 0.000000e+00 1.000000e+00 1.000000e-01
5.608020e+03 0.000000e+00 1.000000e+00 1.000000e-01
5.608030e+03 0.000000e+00 1.000000e+00 1.000000e-01
5.608040e+03 0.000000e+00 1.000000e+00 1.000000e-01
5.608050e+03 0.000000e+00 1.000000e+00 1.000000e-01
5.608060e+03 0.000000e+00 1.000000e+00 1.000000e-01
5.608070e+03 0.000000e+00 1.000000e+00 1.000000e-01
5.608080e+03 0.000000e+00 1.000000e+00 1.000000e-01
5.608090e+03 0.000000e+00 1.000000e+00 1.000000e-01
5.608100e+03 0.000000e+00 1.000000e+00 1.000000e-01
5.608110e+03 0.000000e+00 1.000000e+00 1.000000e-01
5.608120e+03 0.000000e+00 1.000000e+00 1.000000e-01
5.608130e+03 0.000000e+00 1.000000e+00 1.000000e-01
5.608140e+03 0.000000e+00 1.000000e+00 1.000000e-01
5.608150e+03 0.000000e+00 1.000000e+00 1.000000e-01
5.608160e+03 0.000000e+00 1.000000e+00 1.000000e-01
5.608170e+03 0.000000e+00 1.000000e+00 1.000000e-01
5.608180e+03 0.000000e+00 1.000000e+00 1.000000e-01
5.608190e+03 0.000000e+00 1.000000e+00 1.000000e-01
5.608200e+03 0.000000e+00 1.000000e+00 1.000000e-01
5.608210e+03 0.000000e+00 1.000000e+00 1.000000e-01
5.608220e+03 0.000000e+00 1.000000e+00 1.000000e-01
5.608230e+03 0.000000e+00 1.000000e+00 1.000000e-01
5.608240e+03 0.000000e+00 1.000000e+00 1.000000e-01
5.608250e+03 0.000000e+00 1.000000e+00 1.000000e-01
5.608260e+03 0.000000e+00 1.000000e+00 1.000000e-01
5.608270e+03 0.000000e+00 1.000000e+00 1.000000e-01
5.608280e+03 0.000000e+00 1.000000e+00 1.000000e-01
5.608290e+03 0.000000e+00 1.000000e+00 1.000000e-01
5.608300e+03 0.000000e+00 1.000000e+00 1.000000e-01
5.608310e+03 0.000000e+00 1.000000e+00 1.000000e-01
5.608320e+03 0.000000e+00 1.000000e+00 1.000000e-01
5.608330e+03 0.000000e+00 1.000000e+00 1.000000e-01
5.608340e+03 0.000000e+00 1.000000e+00 1.000000e-01
5.608350e+03 0.000000e+00 1.000000e+00 1.000000e-01
5.608360e+03 0.000000e+00 1.000000e+00 1.000000e-01
5.608370e+03 0.000000e+00 1.000000e+00 1.000000e-01
5.608380e+03 0.000000e+00 1.000000e+00 1.000000e-01
5.608390e+03 0.000000e+00 1.000000e+00 1.000000e-01
5.608400e+03 0.000000e+00 1.000000e+00 1.000000e-01
5.608410e+03 0.000000e+00 1.000000e+00 1.000000e-01
5.608420e+03 0.000000e+00 1.000000e+00 1.000000e-01
5.608430e+03 0.000000e+00 1.000000e+00 1.000000e-01
5.608440e+03 0.000000e+00 1.000000e+00 1.000000e-01
5.608450e+03 0.000000e+00 1.000000e+00 1.000000e-01
5.608460e+03 0.000000e+00 1.000000e+00 1.000000e-01
5.608470e+03 0.000000e+00 1.000000e+00 1.000000e-01
5.608480e+03 0.000000e+00 1.000000e+00 1.000000e-01
5.608490e+03 0.000000e+00 1.000000e+00 1.000000e-01
5.608500e+03 0.000000e+00 1.000000e+00 1.000000e-01
5.608510e+03 0.000000e+00 1.000000e+00 1.000000e-01
5.608520e+03 0.000000e+00 1.000000e+00 1.000000e-01
5.608530e+03 0.000000e+00 1.000000e+00 1.000000e-01
5.608540e+03 0.000000e+00 1.000000e+00 1.000000e-01
5.608550e+03 0.000000e+00 1.000000e+00 1.000000e-01
5.608560e+03 0.000000e+00 1.000000e+00 1.000000e-01
5.608570e+03 0.000000e+00 1.000000e+00 1.000000e-01
5.608580e+03 0.000000e+00 1.000000e+00 1.000000e-01
5.608590e+03 0.000000e+00 1.000000e+00 1.000000e-01
5.608600e+03 0.000000e+00 1.000000e+00 1.000000e-01
5.608610e+03 0.000000e+00 1.000000e+00 1.000000e-01
5.608620e+03 0.000000e+00 1.000000e+00 1.000000e-01
5.608630e+03 0.000000e+00 1.000000e+00 1.000000e-01
5.608640e+03 0.000000e+00 1.000000e+00 1.000000e-01
5.608650e+03 0.000000e+00 1.000000e+00 1.000000e-01
5.608660e+03 0.000000e+00 1.000000e+00 1.000000e-01
5.608670e+03 0.000000e+00 1.000000e+00 1.000000e-01
5.608680e+03 0.000000e+00 1.000000e+00 1.000000e-01
5.608690e+03 0.000000e+00 1.000000e+00 1.000000e-01
5.608700e+03 0.000000e+00 1.000000e+00 1.000000e-01
5.608710e+03 0.000000e+00 1.000000e+00 1.000000e-01
5.608720e+03 0.000000e+00 1.000000e+00 1.000000e-01
5.608730e+03 0.000000e+00 1.000000e+00 1.000000e-01
5.608740e+03 0.000000e+00 1.000000e+00 1.000000e-01
5.608750e+03 0.000000e+00 1.000000e+00 1.000000e-01
5.608760e+03 0.000000e+00 1.000000e+00 1.000000e-01
5.608770e+03 0.000000e+00 1.000000e+00 1.000000e-01
5.608780e+03 0.000000e+00 1.000000e+00 1.000000e-01
5.608790e+03 0.000000e+00 1.000000e+00 1.000000e-01
5.608800e+03 0.000000e+00 1.000000e+00 1.000000e-01
5.608810e+03 0.000000e+00 1.000000e+00 1.000000e-01
5.608820e+03 0.000000e+00 1.000000e+00 1.000000e-01
5.608830e+03 0.000000e+00 1.000000e+00 1.000000e-01
5.608840e+03 0.000000e+00 1.000000e+00 1.000000e-01
5.608850e+03 0.000000e+00 1.000000e+00 1.000000e-01
5.608860e+03 0.000000e+00 1.000000e+00 1.000000e-01
5.608870e+03 0.000000e+00 1.000000e+00 1.000000e-01
5.608880e+03 0.000000e+00 1.000000e+00 1.000000e-01
5.608890e+03 0.000000e+00 1.000000e+00 1.000000e-01
5.608900e+03 0.000000e+00 1.000000e+00 1.000000e-01
5.608910e+03 0.000000e+00 1.000000e+00 1.000000e-01
5.608920e+03 0.000000e+00 1.000000e+00 1.000000e-01
5.608930e+03 0.000000e+00 1.000000e+00 1.000000e-01
5.608940e+03 0.000000e+00 1.000000e+00 1.000000e-01
5.608950e+03 0.000000e+00 1.000000e+00 1.000000e-01
5.608960e+03 0.000000e+00 1.000000e+00 1.000000e-01
5.608970e+03 0.000000e+00 1.000000e+00 1.000000e-01
5.608980e+03 0.000000e+00 1.000000e+00 1.000000e-01
5.608990e+03 0.000000e+00 1.000000e+00 1.000000e-01
5.609000e+03 0.000000e+00 1.000000e+00 1.000000e-01
5.609010e+03 0.000000e+00 1.000000e+00 1.000000e-01
5.609020e+03 0.000000e+00 1.000000e+00 1.000000e-01
5.609030e+03 0.000000e+00 1.000000e+00 1.000000e-01
5.609040e+03 0.000000e+00 1.000000e+00 1.000000e-01
5.609050e+03 0.000000e+00 1.000000e+00 1.000000e-01
5.609060e+03 0.000000e+00 1.000000e+00 1.000000e-01
5.609070e+03 0.000000e+00 1.000000e+00 1.000000e-01
5.609080e+03 0.000000e+00 1.000000e+00 1.000000e-01
5.609090e+03 0.000000e+00 1.000000e+00 1.000000e-01
5.609100e+03 0.000000e+00 1.000000e+00 1.000000e-01
5.609110e+03 0.000000e+00 1.000000e+00 1.000000e-01
5.609120e+03 0.000000e+00 1.000000e+00 1.000000e-01
5.609130e+03 0.000000e+00 1.000000e+00 1.000000e-01
5.609140e+03 0.000000e+00 1.000000e+00 1.000000e-01
5.609150e+03 0.000000e+00 1.000000e+00 1.000000e-01
5.609160e+03 0.000000e+00 1.000000e+00 1.000000e-01
5.609170e+03 0.000000e+00 1.000000e+00 1.000000e-01
5.609180e+03 0.000000e+00 1.000000e+00 1.000000e-01
5.609190e+03 0.000000e+00 1.000000e+00 1.000000e-01
5.609200e+03 0.000000e+00 1.000000e+00 1.000000e-01
5.609210e+03 0.000000e+00 1.000000e+00 1.000000e-01
5.609220e+03 0.000000e+00 1.000000e+00 1.000000e-01
5.609230e+03 0.000000e+00 1.000000e+00 1.000000e-01
5.609240e+03 0.000000e+00 1.000000e+00 1.000000e-01
5.609250e+03 0.000000e+00 1.000000e+00 1.000000e-01
5.609260e+03 0.000000e+00 1.000000e+00 1.000000e-01
5.609270e+03 0.000000e+00 1.000000e+00 1.000000e-01
5.609280e+03 0.000000e+00 1.000000e+00 1.000000e-01
5.609290e+03 0.000000e+00 1.000000e+00 1.000000e-01
5.609300e+03 0.000000e+00 1.000000e+00 1.000000e-01
5.609310e+03 0.000000e+00 1.000000e+00 1.000000e-01
5.609320e+03 0.000000e+00 1.000000e+00 1.000000e-01
5.609330e+03 0.000000e+00 1.000000e+00 1.000000e-01
5.609340e+03 0.000000e+00 1.000000e+00 1.000000e-01
5.609350e+03 0.000000e+00 1.000000e+00 1.000000e-01
5.609360e+03 0.000000e+00 1.000000e+00 1.000000e-01
5.609370e+03 0.000000e+00 1.000000e+00 1.000000e-01
5.609380e+03 0.000000e+00 1.000000e+00 1.000000e-01
5.609390e+03 0.000000e+00 1.000000e+00 1.000000e-01
5.609400e+03 0.000000e+00 1.000000e+00 1.000000e-01
5.609410e+03 0.000000e+00 1.000000e+00 1.000000e-01
5.609420e+03 0.000000e+00 1.000000e+00 1.000000e-01
5.609430e+03 0.000000e+00 1.000000e+00 1.000000e-01
5.609440e+03 0.000000e+00 1.000000e+00 1.000000e-01
5.609450e+03 0.000000e+00 1.000000e+00 1.000000e-01
5.609460e+03 0.000000e+00 1.000000e+00 1.000000e-01
5.609470e+03 0.000000e+00 1.000000e+00 1.000000e-01
5.609480e+03 0.000000e+00 1.000000e+00 1.000000e-01
5.609490e+03 0.000000e+00 1.000000e+00 1.000000e-01
5.609500e+03 0.000000e+00 1.000000e+00 1.000000e-01
5.609510e+03 0.000000e+00 1.000000e+00 1.000000e-01
5.609520e+03 0.000000e+00 1.000000e+00 1.000000e-01
5.609530e+03 0.000000e+00 1.000000e+00 1.000000e-01
5.609540e+03 0.000000e+00 1.000000e+00 1.000000e-01
5.609550e+03 0.000000e+00 1.000000e+00 1.000000e-01
5.609560e+03 0.000000e+00 1.000000e+00 1.000000e-01
5.609570e+03 0.000000e+00 1.000000e+00 1.000000e-01
5.609580e+03 0.000000e+00 1.000000e+00 1.000000e-01
5.609590e+03 0.000000e+00 1.000000e+00 1.000000e-01
5.609600e+03 0.000000e+00 1.000000e+00 1.000000e-01
5.609610e+03 0.000000e+00 1.000000e+00 1.000000e-01
5.609620e+03 0.000000e+00 1.000000e+00 1.000000e-01
5.609630e+03 0.000000e+00 1.000000e+00 1.000000e-01
5.609640e+03 0.000000e+00 1.000000e+00 1.000000e-01
5.609650e+03 0.000000e+00 1.000000e+00 1.000000e-01
5.609660e+03 0.000000e+00 1.000000e+00 1.000000e-01
5.609670e+03 0.000000e+00 1.000000e+00 1.000000e-01
5.609680e+03 0.000000e+00 1.000000e+00 1.000000e-01
5.609690e+03 0.000000e+00 1.000000e+00 1.000000e-01
5.609700e+03 0.000000e+00 1.000000e+00 1.000000e-01
5.609710e+03 0.000000e+00 1.000000e+00 1.000000e-01
5.609720e+03 0.000000e+00 1.000000e+00 1.000000e-01
5.609730e+03 0.000000e+00 1.000000e+00 1.000000e-01
5.609740e+03 0.000000e+00 1.000000e+00 1.000000e-01
5.609750e+03 0.000000e+00 1.000000e+00 1.000000e-01
5.609760e+03 0.000000e+00 1.000000e+00 1.000000e-01
5.609770e+03 0.000000e+00 1.000000e+00 1.000000e-01
5.609780e+03 0.000000e+00 1.000000e+00 1.000000e-01
5.609790e+03 0.000000e+00 1.000000e+00 1.000000e-01
5.609800e+03 0.000000e+00 1.000000e+00 1.000000e-01
5.609810e+03 0.000000e+00 1.000000e+00 1.000000e-01
5.609820e+03 0.000000e+00 1.000000e+00 1.000000e-01
5.609830e+03 0.000000e+00 1.000000e+00 1.000000e-01
5.609840e+03 0.000000e+00 1.000000e+00 1.000000e-01
5.609850e+03 0.000000e+00 1.000000e+00 1.000000e-01
5.609860e+03 0.000000e+00 1.000000e+00 1.000000e-01
5.609870e+03 0.000000e+00 1.000000e+00 1.000000e-01
5.609880e+03 0.000000e+00 1.000000e+00 1.000000e-01
5.609890e+03 0.000000e+00 1.000000e+00 1.000000e-01
5.609900e+03 0.000000e+00 1.000000e+00 1.000000e-01
5.609910e+03 0.000000e+00 1.000000e+00 1.000000e-01
5.609920e+03 0.000000e+00 1.000000e+00 1.000000e-01
5.609930e+03 0.000000e+00 1.000000e+00 1.000000e-01
5.609940e+03 0.000000e+00 1.000000e+00 1.000000e-01
5.609950e+03 0.000000e+00 1.000000e+00 1.000000e-01
5.609960e+03 0.000000e+00 1.000000e+00 1.000000e-01
5.609970e+03 0.000000e+00 1.000000e+00 1.000000e-01
5.609980e+03 0.000000e+00 1.000000e+00 1.000000e-01
5.609990e+03 0.000000e+00 1.000000e+00 1.000000e-01
5.610000e+03 0.000000e+00 1.000000e+00 1.000000e-01
5.610010e+03 0.000000e+00 1.000000e+00 1.000000e-01
5.610020e+03 0.000000e+00 1.000000e+00 1.000000e-01
5.610030e+03 0.000000e+00 1.000000e+00 1.000000e-01
5.610040e+03 0.000000e+00 1.000000e+00 1.000000e-01
5.610050e+03 0.000000e+00 1.000000e+00 1.000000e-01
5.610060e+03 0.000000e+00 1.000000e+00 1.000000e-01
5.610070e+03 0.000000e+00 1.000000e+00 1.000000e-01
5.610080e+03 0.000000e+00 1.000000e+00 1.000000e-01
5.610090e+03 0.000000e+00 1.000000e+00 1.000000e-01
5.610100e+03 0.000000e+00 1.000000e+00 1.000000e-01
5.610110e+03 0.000000e+00 1.000000e+00 1.000000e-01
5.610120e+03 0.000000e+00 1.000000e+00 1.000000e-01
5.610130e+03 0.000000e+00 1.000000e+00 1.000000e-01
5.610140e+03 0.000000e+00 1.000000e+00 1.000000e-01
5.610150e+03 0.000000e+00 1.000000e+00 1.000000e-01
5.610160e+03 0.000000e+00 1.000000e+00 1.000000e-01
5.610170e+03 0.000000e+00 1.000000e+00 1.000000e-01
5.610180e+03 0.000000e+00 1.000000e+00 1.000000e-01
5.610190e+03 0.000000e+00 1.000000e+00 1.000000e-01
5.610200e+03 0.000000e+00 1.000000e+00 1.000000e-01
5.610210e+03 0.000000e+00 1.000000e+00 1.000000e-01
5.610220e+03 0.000000e+00 1.000000e+00 1.000000e-01
5.610230e+03 0.000000e+00 1.000000e+00 1.000000e-01
5.610240e+03 0.000000e+00 1.000000e+00 1.000000e-01
5.610250e+03 0.000000e+00 1.000000e+00 1.000000e-01
5.610260e+03 0.000000e+00 1.000000e+00 1.000000e-01
5.610270e+03 0.000000e+00 1.000000e+00 1.000000e-01
5.610280e+03 0.000000e+00 1.000000e+00 1.000000e-01
5.610290e+03 0.000000e+00 1.000000e+00 1.000000e-01
5.610300e+03 0.000000e+00 1.000000e+00 1.000000e-01
5.610310e+03 0.000000e+00 1.000000e+00 1.000000e-01
5.610320e+03 0.000000e+00 1.000000e+00 1.000000e-01
5.610330e+03 0.000000e+00 1.000000e+00 1.000000e-01
5.610340e+03 0.000000e+00 1.000000e+00 1.000000e-01
5.610350e+03 0.000000e+00 1.000000e+00 1.000000e-01
5.610360e+03 0.000000e+00 1.000000e+00 1.000000e-01
5.610370e+03 0.000000e+00 1.000000e+00 1.000000e-01
5.610380e+03 0.000000e+00 1.000000e+00 1.000000e-01
5.610390e+03 0.000000e+00 1.000000e+00 1.000000e-01
5.610400e+03 0.000000e+00 1.000000e+00 1.000000e-01
5.610410e+03 0.000000e+00 1.000000e+00 1.000000e-01
5.610420e+03 0.000000e+00 1.000000e+00 1.000000e-01
5.610430e+03 0.000000e+00 1.000000e+00 1.000000e-01
5.610440e+03 0.000000e+00 1.000000e+00 1.000000e-01
5.610450e+03 0.000000e+00 1.000000e+00 1.000000e-01
5.610460e+03 0.000000e+00 1.000000e+00 1.000000e-01
5.610470e+03 0.000000e+00 1.000000e+00 1.000000e-01
5.610480e+03 0.000000e+00 1.000000e+00 1.000000e-01
5.610490e+03 0.000000e+00 1.000000e+00 1.000000e-01
5.610500e+03 0.000000e+00 1.000000e+00 1.000000e-01
5.610510e+03 0.000000e+00 1.000000e+00 1.000000e-01
5.610520e+03 0.000000e+00 1.000000e+00 1.000000e-01
5.610530e+03 0.000000e+00 1.000000e+00 1.000000e-01
5.610540e+03 0.000000e+00 1.000000e+00 1.000000e-01
5.610550e+03 0.000000e+00 1.000000e+00 1.000000e-01
5.610560e+03 0.000000e+00 1.000000e+00 1.000000e-01
5.610570e+03 0.000000e+00 1.000000e+00 1.000000e-01
5.610580e+03 0.000000e+00 1.000000e+00 1.000000e-01
5.610590e+03 0.000000e+00 1.000000e+00 1.000000e-01
5.610600e+03 0.000000e+00 1.000000e+00 1.000000e-01
5.610610e+03 0.000000e+00 1.000000e+00 1.000000e-01
5.610620e+03 0.000000e+00 1.000000e+00 1.000000e-01
5.610630e+03 0.000000e+00 1.000000e+00 1.000000e-01
5.610640e+03 0.000000e+00 1.000000e+00 1.000000e-01
5.610650e+03 0.000000e+00 1.000000e+00 1.000000e-01
5.610660e+03 0.000000e+00 1.000000e+00 1.000000e-01
5.610670e+03 0.000000e+00 1.000000e+00 1.000000e-01
5.610680e+03 0.000000e+00 1.000000e+00 1.000000e-01
5.610690e+03 0.000000e+00 1.000000e+00 1.000000e-01
5.610700e+03 0.000000e+00 1.000000e+00 1.000000e-01
5.610710e+03 0.000000e+00 1.000000e+00 1.000000e-01
5.610720e+03 0.000000e+00 1.000000e+00 1.000000e-01
5.610730e+03 0.000000e+00 1.000000e+00 1.000000e-01
5.610740e+03 0.000000e+00 1.000000e+00 1.000000e-01
5.610750e+03 0.000000e+00 1.000000e+00 1.000000e-01
5.610760e+03 0.000000e+00 1.000000e+00 1.000000e-01
5.610770e+03 0.000000e+00 1.000000e+00 1.000000e-01
5.610780e+03 0.000000e+00 1.000000e+00 1.000000e-01
5.610790e+03 0.000000e+00 1.000000e+00 1.000000e-01
5.610800e+03 0.000000e+00 1.000000e+00 1.000000e-01
5.610810e+03 0.000000e+00 1.000000e+00 1.000000e-01
5.610820e+03 0.000000e+00 1.000000e+00 1.000000e-01
5.610830e+03 0.000000e+00 1.000000e+00 1.000000e-01
5.610840e+03 0.000000e+00 1.000000e+00 1.000000e-01
5.610850e+03 0.000000e+00 1.000000e+00 1.000000e-01
5.610860e+03 0.000000e+00 1.000000e+00 1.000000e-01
5.610870e+03 0.000000e+00 1.000000e+00 1.000000e-01
5.610880e+03 0.000000e+00 1.000000e+00 1.000000e-01
5.610890e+03 0.000000e+00 1.000000e+00 1.000000e-01
5.610900e+03 0.000000e+00 1.000000e+00 1.000000e-01
5.610910e+03 0.000000e+00 1.000000e+00 1.000000e-01
5.610920e+03 0.000000e+00 1.000000e+00 1.000000e-01
5.610930e+03 0.000000e+00 1.000000e+00 1.000000e-01
5.610940e+03 0.000000e+00 1.000000e+00 1.000000e-01
5.610950e+03 0.000000e+00 1.000000e+00 1.000000e-01
5.610960e+03 0.000000e+00 1.000000e+00 1.000000e-01
5.610970e+03 0.000000e+00 1.000000e+00 1.000000e-01
5.610980e+03 0.000000e+00 1.000000e+00 1.000000e-01
5.610990e+03 0.000000e+00 1.000000e+00 1.000000e-01
5.611000e+03 0.000000e+00 1.000000e+00 1.000000e-01
5.611010e+03 0.000000e+00 1.000000e+00 1.000000e-01
5.611020e+03 0.000000e+00 1.000000e+00 1.000000e-01
5.611030e+03 0.000000e+00 1.000000e+00 1.000000e-01
5.611040e+03 0.000000e+00 1.000000e+00 1.000000e-01
5.611050e+03 0.000000e+00 1.000000e+00 1.000000e-01
5.611060e+03 0.000000e+00 1.000000e+00 1.000000e-01
5.611070e+03 0.000000e+00 1.000000e+00 1.000000e-01
5.611080e+03 0.000000e+00 1.000000e+00 1.000000e-01
5.611090e+03 0.000000e+00 1.000000e+00 1.000000e-01
5.611100e+03 0.000000e+00 1.000000e+00 1.000000e-01
5.611110e+03 0.000000e+00 1.000000e+00 1.000000e-01
5.611120e+03 0.000000e+00 1.000000e+00 1.000000e-01
5.611130e+03 0.000000e+00 1.000000e+00 1.000000e-01
5.611140e+03 0.000000e+00 1.000000e+00 1.000000e-01
5.611150e+03 0.000000e+00 1.000000e+00 1.000000e-01
5.611160e+03 0.000000e+00 1.000000e+00 1.000000e-01
5.611170e+03 0.000000e+00 1.000000e+00 1.000000e-01
5.611180e+03 0.000000e+00 1.000000e+00 1.000000e-01
5.611190e+03 0.000000e+00 1.000000e+00 1.000000e-01
5.611200e+03 0.000000e+00 1.000000e+00 1.000000e-01
5.611210e+03 0.000000e+00 1.000000e+00 1.000000e-01
5.611220e+03 0.000000e+00 1.000000e+00 1.000000e-01
5.611230e+03 0.000000e+00 1.000000e+00 1.000000e-01
5.611240e+03 0.000000e+00 1.000000e+00 1.000000e-01
5.611250e+03 0.000000e+00 1.000000e+00 1.000000e-01
5.611260e+03 0.000000e+00 1.000000e+00 1.000000e-01
5.611270e+03 0.000000e+00 1.000000e+00 1.000000e-01
5.611280e+03 0.000000e+00 1.000000e+00 1.000000e-01
5.611290e+03 0.000000e+00 1.000000e+00 1.000000e-01
5.611300e+03 0.000000e+00 1.000000e+00 1.000000e-01
5.611310e+03 0.000000e+00 1.000000e+00 1.000000e-01
5.611320e+03 0.000000e+00 1.000000e+00 1.000000e-01
5.611330e+03 0.000000e+00 1.000000e+00 1.000000e-01
5.611340e+03 0.000000e+00 1.000000e+00 1.000000e-01
5.611350e+03 0.000000e+00 1.000000e+00 1.000000e-01
5.611360e+03 0.000000e+00 1.000000e+00 1.000000e-01
5.611370e+03 0.000000e+00 1.000000e+00 1.000000e-01
5.611380e+03 0.000000e+00 1.000000e+00 1.000000e-01
5.611390e+03 0.000000e+00 1.000000e+00 1.000000e-01
5.611400e+03 0.000000e+00 1.000000e+00 1.000000e-01
5.611410e+03 0.000000e+00 1.000000e+00 1.000000e-01
5.611420e+03 0.000000e+00 1.000000e+00 1.000000e-01
5.611430e+03 0.000000e+00 1.000000e+00 1.000000e-01
5.611440e+03 0.000000e+00 1.000000e+00 1.000000e-01
5.611450e+03 0.000000e+00 1.000000e+00 1.000000e-01
5.611460e+03 0.000000e+00 1.000000e+00 1.000000e-01
5.611470e+03 0.000000e+00 1.000000e+00 1.000000e-01
5.611480e+03 0.000000e+00 1.000000e+00 1.000000e-01
5.611490e+03 0.000000e+00 1.000000e+00 1.000000e-01
5.611500e+03 0.000000e+00 1.000000e+00 1.000000e-01
5.611510e+03 0.000000e+00 1.000000e+00 1.000000e-01
5.611520e+03 0.000000e+00 1.000000e+00 1.000000e-01
5.611530e+03 0.000000e+00 1.000000e+00 1.000000e-01
5.611540e+03 0.000000e+00 1.000000e+00 1.000000e-01
5.611550e+03 0.000000e+00 1.000000e+00 1.000000e-01
5.611560e+03 0.000000e+00 1.000000e+00 1.000000e-01
5.611570e+03 0.000000e+00 1.000000e+00 1.000000e-01
5.611580e+03 0.000000e+00 1.000000e+00 1.000000e-01
5.611590e+03 0.000000e+00 1.000000e+00 1.000000e-01
5.611600e+03 0.000000e+00 1.000000e+00 1.000000e-01
5.611610e+03 0.000000e+00 1.000000e+00 1.000000e-01
5.611620e+03 0.000000e+00 1.000000e+00 1.000000e-01
5.611630e+03 0.000000e+00 1.000000e+00 1.000000e-01
5.611640e+03 0.000000e+00 1.000000e+00 1.000000e-01
5.611650e+03 0.000000e+00 1.000000e+00 1.000000e-01
5.611660e+03 0.000000e+00 1.000000e+00 1.000000e-01
5.611670e+03 0.000000e+00 1.000000e+00 1.000000e-01
5.611680e+03 0.000000e+00 1.000000e+00 1.000000e-01
5.611690e+03 0.000000e+00 1.000000e+00 1.000000e-01
5.611700e+03 0.000000e+00 1.000000e+00 1.000000e-01
5.611710e+03 0.000000e+00 1.000000e+00 1.000000e-01
5.611720e+03 0.000000e+00 1.000000e+00 1.000000e-01
5.611730e+03 0.000000e+00 1.000000e+00 1.000000e-01
5.611740e+03 0.000000e+00 1.000000e+00 1.000000e-01
5.611750e+03 0.000000e+00 1.000000e+00 1.000000e-01
5.611760e+03 0.000000e+00 1.000000e+00 1.000000e-01
5.611770e+03 0.000000e+00 1.000000e+00 1.000000e-01
5.611780e+03 0.000000e+00 1.000000e+00 1.000000e-01
5.611790e+03 0.000000e+00 1.000000e+00 1.000000e-01
5.611800e+03 0.000000e+00 1.000000e+00 1.000000e-01
5.611810e+03 0.000000e+00 1.000000e+00 1.000000e-01
5.611820e+03 0.000000e+00 1.000000e+00 1.000000e-01
5.611830e+03 0.000000e+00 1.000000e+00 1.000000e-01
5.611840e+03 0.000000e+00 1.000000e+00 1.000000e-01
5.611850e+03 0.000000e+00 1.000000e+00 1.000000e-01
5.611860e+03 0.000000e+00 1.000000e+00 1.000000e-01
5.611870e+03 0.000000e+00 1.000000e+00 1.000000e-01
5.611880e+03 0.000000e+00 1.000000e+00 1.000000e-01
5.611890e+03 0.000000e+00 1.000000e+00 1.000000e-01
5.611900e+03 0.000000e+00 1.000000e+00 1.000000e-01
5.611910e+03 0.000000e+00 1.000000e+00 1.000000e-01
5.611920e+03 0.000000e+00 1.000000e+00 1.000000e-01
5.611930e+03 0.000000e+00 1.000000e+00 1.000000e-01
5.611940e+03 0.000000e+00 1.000000e+00 1.000000e-01
5.611950e+03 0.000000e+00 1.000000e+00 1.000000e-01
5.611960e+03 0.000000e+00 1.000000e+00 1.000000e-01
5.611970e+03 0.000000e+00 1.000000e+00 1.000000e-01
5.611980e+03 0.000000e+00 1.000000e+00 1.000000e-01
5.611990e+03 0.000000e+00 1.000000e+00 1.000000e-01
5.612000e+03 0.000000e+00 1.000000e+00 1.000000e-01
5.612010e+03 0.000000e+00 1.000000e+00 1.000000e-01
5.612020e+03 0.000000e+00 1.000000e+00 1.000000e-01
5.612030e+03 0.000000e+00 1.000000e+00 1.000000e-01
5.612040e+03 0.000000e+00 1.000000e+00 1.000000e-01
5.612050e+03 0.000000e+00 1.000000e+00 1.000000e-01
5.612060e+03 0.000000e+00 1.000000e+00 1.000000e-01
5.612070e+03 0.000000e+00 1.000000e+00 1.000000e-01
5.612080e+03 0.000000e+00 1.000000e+00 1.000000e-01
5.612090e+03 0.000000e+00 1.000000e+00 1.000000e-01
5.612100e+03 0.000000e+00 1.000000e+00 1.000000e-01
5.612110e+03 0.000000e+00 1.000000e+00 1.000000e-01
5.612120e+03 0.000000e+00 1.000000e+00 1.000000e-01
5.612130e+03 0.000000e+00 1.000000e+00 1.000000e-01
5.612140e+03 0.000000e+00 1.000000e+00 1.000000e-01
5.612150e+03 0.000000e+00 1.000000e+00 1.000000e-01
5.612160e+03 0.000000e+00 1.000000e+00 1.000000e-01
5.612170e+03 0.000000e+00 1.000000e+00 1.000000e-01
5.612180e+03 0.000000e+00 1.000000e+00 1.000000e-01
5.612190e+03 0.000000e+00 1.000000e+00 1.000000e-01
5.612200e+03 0.000000e+00 1.000000e+00 1.000000e-01
5.612210e+03 0.000000e+00 1.000000e+00 1.000000e-01
5.612220e+03 0.000000e+00 1.000000e+00 1.000000e-01
5.612230e+03 0.000000e+00 1.000000e+00 1.000000e-01
5.612240e+03 0.000000e+00 1.000000e+00 1.000000e-01
5.612250e+03 0.000000e+00 1.000000e+00 1.000000e-01
5.612260e+03 0.000000e+00 1.000000e+00 1.000000e-01
5.612270e+03 0.000000e+00 1.000000e+00 1.000000e-01
5.612280e+03 0.000000e+00 1.000000e+00 1.000000e-01
5.612290e+03 0.000000e+00 1.000000e+00 1.000000e-01
5.612300e+03 0.000000e+00 1.000000e+00 1.000000e-01
5.612310e+03 0.000000e+00 1.000000e+00 1.000000e-01
5.612320e+03 0.000000e+00 1.000000e+00 1.000000e-01
5.612330e+03 0.000000e+00 1.000000e+00 1.000000e-01
5.612340e+03 0.000000e+00 1.000000e+00 1.000000e-01
5.612350e+03 0.000000e+00 1.000000e+00 1.000000e-01
5.612360e+03 0.000000e+00 1.000000e+00 1.000000e-01
5.612370e+03 0.000000e+00 1.000000e+00 1.000000e-01
5.612380e+03 0.000000e+00 1.000000e+00 1.000000e-01
5.612390e+03 0.000000e+00 1.000000e+00 1.000000e-01
5.612400e+03 0.000000e+00 1.000000e+00 1.000000e-01
5.612410e+03 0.000000e+00 1.000000e+00 1.000000e-01
5.612420e+03 0.000000e+00 1.000000e+00 1.000000e-01
5.612430e+03 0.000000e+00 1.000000e+00 1.000000e-01
5.612440e+03 0.000000e+00 1.000000e+00 1.000000e-01
5.612450e+03 0.000000e+00 1.000000e+00 1.000000e-01
5.612460e+03 0.000000e+00 1.000000e+00 1.000000e-01
5.612470e+03 0.000000e+00 1.000000e+00 1.000000e-01
5.612480e+03 0.000000e+00 1.000000e+00 1.000000e-01
5.612490e+03 0.000000e+00 1.000000e+00 1.000000e-01
5.612500e+03 0.000000e+00 1.000000e+00 1.000000e-01
5.612510e+03 0.000000e+00 1.000000e+00 1.000000e-01
5.612520e+03 0.000000e+00 1.000000e+00 1.000000e-01
5.612530e+03 0.000000e+00 1.000000e+00 1.000000e-01
5.612540e+03 0.000000e+00 1.000000e+00 1.000000e-01
5.612550e+03 0.000000e+00 1.000000e+00 1.000000e-01
5.612560e+03 0.000000e+00 1.000000e+00 1.000000e-01
5.612570e+03 0.000000e+00 1.000000e+00 1.000000e-01
5.612580e+03 0.000000e+00 1.000000e+00 1.000000e-01
5.612590e+03 0.000000e+00 1.000000e+00 1.000000e-01
5.612600e+03 0.000000e+00 1.000000e+00 1.000000e-01
5.612610e+03 0.000000e+00 1.000000e+00 1.000000e-01
5.612620e+03 0.000000e+00 1.000000e+00 1.000000e-01
5.612630e+03 0.000000e+00 1.000000e+00 1.000000e-01
5.612640e+03 0.000000e+00 1.000000e+00 1.000000e-01
5.612650e+03 0.000000e+00 1.000000e+00 1.000000e-01
5.612660e+03 0.000000e+00 1.000000e+00 1.000000e-01
5.612670e+03 0.000000e+00 1.000000e+00 1.000000e-01
5.612680e+03 0.000000e+00 1.000000e+00 1.000000e-01
5.612690e+03 0.000000e+00 1.000000e+00 1.000000e-01
5.612700e+03 0.000000e+00 1.000000e+00 1.000000e-01
5.612710e+03 0.000000e+00 1.000000e+00 1.000000e-01
5.612720e+03 0.000000e+00 1.000000e+00 1.000000e-01
5.612730e+03 0.000000e+00 1.000000e+00 1.000000e-01
5.612740e+03 0.000000e+00 1.000000e+00 1.000000e-01
5.612750e+03 0.000000e+00 1.000000e+00 1.000000e-01
5.612760e+03 0.000000e+00 1.000000e+00 1.000000e-01
5.612770e+03 0.000000e+00 1.000000e+00 1.000000e-01
5.612780e+03 0.000000e+00 1.000000e+00 1.000000e-01
5.612790e+03 0.000000e+00 1.000000e+00 1.000000e-01
5.612800e+03 0.000000e+00 1.000000e+00 1.000000e-01
5.612810e+03 0.000000e+00 1.000000e+00 1.000000e-01
5.612820e+03 0.000000e+00 1.000000e+00 1.000000e-01
5.612830e+03 0.000000e+00 1.000000e+00 1.000000e-01
5.612840e+03 0.000000e+00 1.000000e+00 1.000000e-01
5.612850e+03 0.000000e+00 1.000000e+00 1.000000e-01
5.612860e+03 0.000000e+00 1.000000e+00 1.000000e-01
5.612870e+03 0.000000e+00 1.000000e+00 1.000000e-01
5.612880e+03 0.000000e+00 1.000000e+00 1.000000e-01
5.612890e+03 0.000000e+00 1.000000e+00 1.000000e-01
5.612900e+03 0.000000e+00 1.000000e+00 1.000000e-01
5.612910e+03 0.000000e+00 1.000000e+00 1.000000e-01
5.612920e+03 0.000000e+00 1.000000e+00 1.000000e-01
5.612930e+03 0.000000e+00 1.000000e+00 1.000000e-01
5.612940e+03 0.000000e+00 1.000000e+00 1.000000e-01
5.612950e+03 0.000000e+00 1.000000e+00 1.000000e-01
5.612960e+03 0.000000e+00 1.000000e+00 1.000000e-01
5.612970e+03 0.000000e+00 1.000000e+00 1.000000e-01
5.612980e+03 0.000000e+00 1.000000e+00 1.000000e-01
5.612990e+03 0.000000e+00 1.000000e+00 1.000000e-01
5.613000e+03 0.000000e+00 1.000000e+00 1.000000e-01
5.613010e+03 0.000000e+00 1.000000e+00 1.000000e-01
5.613020e+03 0.000000e+00 1.000000e+00 1.000000e-01
5.613030e+03 0.000000e+00 1.000000e+00 1.000000e-01
5.613040e+03 0.000000e+00 1.000000e+00 1.000000e-01
5.613050e+03 0.000000e+00 1.000000e+00 1.000000e-01
5.613060e+03 0.000000e+00 1.000000e+00 1.000000e-01
5.613070e+03 0.000000e+00 1.000000e+00 1.000000e-01
5.613080e+03 0.000000e+00 1.000000e+00 1.000000e-01
5.613090e+03 0.000000e+00 1.000000e+00 1.000000e-01
5.613100e+03 0.000000e+00 1.000000e+00 1.000000e-01
5.613110e+03 0.000000e+00 1.000000e+00 1.000000e-01
5.613120e+03 0.000000e+00 1.000000e+00 1.000000e-01
5.613130e+03 0.000000e+00 1.000000e+00 1.000000e-01
5.613140e+03 0.000000e+00 1.000000e+00 1.000000e-01
5.613150e+03 0.000000e+00 1.000000e+00 1.000000e-01
5.613160e+03 0.000000e+00 1.000000e+00 1.000000e-01
5.613170e+03 0.000000e+00 1.000000e+00 1.000000e-01
5.613180e+03 0.000000e+00 1.000000e+00 1.000000e-01
5.613190e+03 0.000000e+00 1.000000e+00 1.000000e-01
5.613200e+03 0.000000e+00 1.000000e+00 1.000000e-01
5.613210e+03 0.000000e+00 1.000000e+00 1.000000e-01
5.613220e+03 0.000000e+00 1.000000e+00 1.000000e-01
5.613230e+03 0.000000e+00 1.000000e+00 1.000000e-01
5.613240e+03 0.000000e+00 1.000000e+00 1.000000e-01
5.613250e+03 0.000000e+00 1.000000e+00 1.000000e-01
5.613260e+03 0.000000e+00 1.000000e+00 1.000000e-01
5.613270e+03 0.000000e+00 1.000000e+00 1.000000e-01
5.613280e+03 0.000000e+00 1.000000e+00 1.000000e-01
5.613290e+03 0.000000e+00 1.000000e+00 1.000000e-01
5.613300e+03 0.000000e+00 1.000000e+00 1.000000e-01
5.613310e+03 0.000000e+00 1.000000e+00 1.000000e-01
5.613320e+03 0.000000e+00 1.000000e+00 1.000000e-01
5.613330e+03 0.000000e+00 1.000000e+00 1.000000e-01
5.613340e+03 0.000000e+00 1.000000e+00 1.000000e-01
5.613350e+03 0.000000e+00 1.000000e+00 1.000000e-01
5.613360e+03 0.000000e+00 1.000000e+00 1.000000e-01
5.613370e+03 0.000000e+00 1.000000e+00 1.000000e-01
5.613380e+03 0.000000e+00 1.000000e+00 1.000000e-01
5.613390e+03 0.000000e+00 1.000000e+00 1.000000e-01
5.613400e+03 0.000000e+00 1.000000e+00 1.000000e-01
5.613410e+03 0.000000e+00 1.000000e+00 1.000000e-01
5.613420e+03 0.000000e+00 1.000000e+00 1.000000e-01
5.613430e+03 0.000000e+00 1.000000e+00 1.000000e-01
5.613440e+03 0.000000e+00 1.000000e+00 1.000000e-01
5.613450e+03 0.000000e+00 1.000000e+00 1.000000e-01
5.613460e+03 0.000000e+00 1.000000e+00 1.000000e-01
5.613470e+03 0.000000e+00 1.000000e+00 1.000000e-01
5.613480e+03 0.000000e+00 1.000000e+00 1.000000e-01
5.613490e+03 0.000000e+00 1.000000e+00 1.000000e-01
5.613500e+03 0.000000e+00 1.000000e+00 1.000000e-01
5.613510e+03 0.000000e+00 1.000000e+00 1.000000e-01
5.613520e+03 0.000000e+00 1.000000e+00 1.000000e-01
5.613530e+03 0.000000e+00 1.000000e+00 1.000000e-01
5.613540e+03 0.000000e+00 1.000000e+00 1.000000e-01
5.613550e+03 0.000000e+00 1.000000e+00 1.000000e-01
5.613560e+03 0.000000e+00 1.000000e+00 1.000000e-01
5.613570e+03 0.000000e+00 1.000000e+00 1.000000e-01
5.613580e+03 0.000000e+00 1.000000e+00 1.000000e-01
5.613590e+03 0.000000e+00 1.000000e+00 1.000000e-01
5.613600e+03 0.000000e+00 1.000000e+00 1.000000e-01
5.613610e+03 0.000000e+00 1.000000e+00 1.000000e-01
5.613620e+03 0.000000e+00 1.000000e+00 1.000000e-01
5.613630e+03 0.000000e+00 1.000000e+00 1.000000e-01
5.613640e+03 0.000000e+00 1.000000e+00 1.000000e-01
5.613650e+03 0.000000e+00 1.000000e+00 1.000000e-01
5.613660e+03 0.000000e+00 1.000000e+00 1.000000e-01
5.613670e+03 0.000000e+00 1.000000e+00 1.000000e-01
5.613680e+03 0.000000e+00 1.000000e+00 1.000000e-01
5.613690e+03 0.000000e+00 1.000000e+00 1.000000e-01
5.613700e+03 0.000000e+00 1.000000e+00 1.000000e-01
5.613710e+03 0.000000e+00 1.000000e+00 1.000000e-01
5.613720e+03 0.000000e+00 1.000000e+00 1.000000e-01
5.613730e+03 0.000000e+00 1.000000e+00 1.000000e-01
5.613740e+03 0.000000e+00 1.000000e+00 1.000000e-01
5.613750e+03 0.000000e+00 1.000000e+00 1.000000e-01
5.613760e+03 0.000000e+00 1.000000e+00 1.000000e-01
5.613770e+03 0.000000e+00 1.000000e+00 1.000000e-01
5.613780e+03 0.000000e+00 1.000000e+00 1.000000e-01
5.613790e+03 0.000000e+00 1.000000e+00 1.000000e-01
5.613800e+03 0.000000e+00 1.000000e+00 1.000000e-01
5.613810e+03 0.000000e+00 1.000000e+00 1.000000e-01
5.613820e+03 0.000000e+00 1.000000e+00 1.000000e-01
5.613830e+03 0.000000e+00 1.000000e+00 1.000000e-01
5.613840e+03 0.000000e+00 1.000000e+00 1.000000e-01
5.613850e+03 0.000000e+00 1.000000e+00 1.000000e-01
5.613860e+03 0.000000e+00 1.000000e+00 1.000000e-01
5.613870e+03 0.000000e+00 1.000000e+00 1.000000e-01
5.613880e+03 0.000000e+00 1.000000e+00 1.000000e-01
5.613890e+03 0.000000e+00 1.000000e+00 1.000000e-01
5.613900e+03 0.000000e+00 1.000000e+00 1.000000e-01
5.613910e+03 0.000000e+00 1.000000e+00 1.000000e-01
5.613920e+03 0.000000e+00 1.000000e+00 1.000000e-01
5.613930e+03 0.000000e+00 1.000000e+00 1.000000e-01
5.613940e+03 0.000000e+00 1.000000e+00 1.000000e-01
5.613950e+03 0.000000e+00 1.000000e+00 1.000000e-01
5.613960e+03 0.000000e+00 1.000000e+00 1.000000e-01
5.613970e+03 0.000000e+00 1.000000e+00 1.000000e-01
5.613980e+03 0.000000e+00 1.000000e+00 1.000000e-01
5.613990e+03 0.000000e+00 1.000000e+00 1.000000e-01
5.614000e+03 0.000000e+00 1.000000e+00 1.000000e-01
5.614010e+03 0.000000e+00 1.000000e+00 1.000000e-01
5.614020e+03 0.000000e+00 1.000000e+00 1.000000e-01
5.614030e+03 0.000000e+00 1.000000e+00 1.000000e-01
5.614040e+03 0.000000e+00 1.000000e+00 1.000000e-01
5.614050e+03 0.000000e+00 1.000000e+00 1.000000e-01
5.614060e+03 0.000000e+00 1.000000e+00 1.000000e-01
5.614070e+03 0.000000e+00 1.000000e+00 1.000000e-01
5.614080e+03 0.000000e+00 1.000000e+00 1.000000e-01
5.614090e+03 0.000000e+00 1.000000e+00 1.000000e-01
5.614100e+03 0.000000e+00 1.000000e+00 1.000000e-01
5.614110e+03 0.000000e+00 1.000000e+00 1.000000e-01
5.614120e+03 0.000000e+00 1.000000e+00 1.000000e-01
5.614130e+03 0.000000e+00 1.000000e+00 1.000000e-01
5.614140e+03 0.000000e+00 1.000000e+00 1.000000e-01
5.614150e+03 0.000000e+00 1.000000e+00 1.000000e-01
5.614160e+03 0.000000e+00 1.000000e+00 1.000000e-01
5.614170e+03 0.000000e+00 1.000000e+00 1.000000e-01
5.614180e+03 0.000000e+00 1.000000e+00 1.000000e-01
5.614190e+03 0.000000e+00 1.000000e+00 1.000000e-01
5.614200e+03 0.000000e+00 1.000000e+00 1.000000e-01
5.614210e+03 0.000000e+00 1.000000e+00 1.000000e-01
5.614220e+03 0.000000e+00 1.000000e+00 1.000000e-01
5.614230e+03 0.000000e+00 1.000000e+00 1.000000e-01
5.614240e+03 0.000000e+00 1.000000e+00 1.000000e-01
5.614250e+03 0.000000e+00 1.000000e+00 1.000000e-01
5.614260e+03 0.000000e+00 1.000000e+00 1.000000e-01
5.614270e+03 0.000000e+00 1.000000e+00 1.000000e-01
5.614280e+03 0.000000e+00 1.000000e+00 1.000000e-01
5.614290e+03 0.000000e+00 1.000000e+00 1.000000e-01
5.614300e+03 0.000000e+00 1.000000e+00 1.000000e-01
5.614310e+03 0.000000e+00 1.000000e+00 1.000000e-01
5.614320e+03 0.000000e+00 1.000000e+00 1.000000e-01
5.614330e+03 0.000000e+00 1.000000e+00 1.000000e-01
5.614340e+03 0.000000e+00 1.000000e+00 1.000000e-01
5.614350e+03 0.000000e+00 1.000000e+00 1.000000e-01
5.614360e+03 0.000000e+00 1.000000e+00 1.000000e-01
5.614370e+03 0.000000e+00 1.000000e+00 1.000000e-01
5.614380e+03 0.000000e+00 1.000000e+00 1.000000e-01
5.614390e+03 0.000000e+00 1.000000e+00 1.000000e-01
5.614400e+03 0.000000e+00 1.000000e+00 1.000000e-01
5.614410e+03 0.000000e+00 1.000000e+00 1.000000e-01
5.614420e+03 0.000000e+00 1.000000e+00 1.000000e-01
5.614430e+03 0.000000e+00 1.000000e+00 1.000000e-01
5.614440e+03 0.000000e+00 1.000000e+00 1.000000e-01
5.614450e+03 0.000000e+00 1.000000e+00 1.000000e-01
5.614460e+03 0.000000e+00 1.000000e+00 1.000000e-01
5.614470e+03 0.000000e+00 1.000000e+00 1.000000e-01
5.614480e+03 0.000000e+00 1.000000e+00 1.000000e-01
5.614490e+03 0.000000e+00 1.000000e+00 1.000000e-01
5.614500e+03 0.000000e+00 1.000000e+00 1.000000e-01
5.614510e+03 0.000000e+00 1.000000e+00 1.000000e-01
5.614520e+03 0.000000e+00 1.000000e+00 1.000000e-01
5.614530e+03 0.000000e+00 1.000000e+00 1.000000e-01
5.614540e+03 0.000000e+00 1.000000e+00 1.000000e-01
5.614550e+03 0.000000e+00 1.000000e+00 1.000000e-01
5.614560e+03 0.000000e+00 1.000000e+00 1.000000e-01
5.614570e+03 0.000000e+00 1.000000e+00 1.000000e-01
5.614580e+03 0.000000e+00 1.000000e+00 1.000000e-01
5.614590e+03 0.000000e+00 1.000000e+00 1.000000e-01
5.614600e+03 0.000000e+00 1.000000e+00 1.000000e-01
5.614610e+03 0.000000e+00 1.000000e+00 1.000000e-01
5.614620e+03 0.000000e+00 1.000000e+00 1.000000e-01
5.614630e+03 0.000000e+00 1.000000e+00 1.000000e-01
5.614640e+03 0.000000e+00 1.000000e+00 1.000000e-01
5.614650e+03 0.000000e+00 1.000000e+00 1.000000e-01
5.614660e+03 0.000000e+00 1.000000e+00 1.000000e-01
5.614670e+03 0.000000e+00 1.000000e+00 1.000000e-01
5.614680e+03 0.000000e+00 1.000000e+00 1.000000e-01
5.614690e+03 0.000000e+00 1.000000e+00 1.000000e-01
5.614700e+03 0.000000e+00 1.000000e+00 1.000000e-01
5.614710e+03 0.000000e+00 1.000000e+00 1.000000e-01
5.614720e+03 0.000000e+00 1.000000e+00 1.000000e-01
5.614730e+03 0.000000e+00 1.000000e+00 1.000000e-01
5.614740e+03 0.000000e+00 1.000000e+00 1.000000e-01
5.614750e+03 0.000000e+00 1.000000e+00 1.000000e-01
5.614760e+03 0.000000e+00 1.000000e+00 1.000000e-01
5.614770e+03 0.000000e+00 1.000000e+00 1.000000e-01
5.614780e+03 0.000000e+00 1.000000e+00 1.000000e-01
5.614790e+03 0.000000e+00 1.000000e+00 1.000000e-01
5.614800e+03 0.000000e+00 1.000000e+00 1.000000e-01
5.614810e+03 0.000000e+00 1.000000e+00 1.000000e-01
5.614820e+03 0.000000e+00 1.000000e+00 1.000000e-01
5.614830e+03 0.000000e+00 1.000000e+00 1.000000e-01
5.614840e+03 0.000000e+00 1.000000e+00 1.000000e-01
5.614850e+03 0.000000e+00 1.000000e+00 1.000000e-01
5.614860e+03 0.000000e+00 1.000000e+00 1.000000e-01
5.614870e+03 0.000000e+00 1.000000e+00 1.000000e-01
5.614880e+03 0.000000e+00 1.000000e+00 1.000000e-01
5.614890e+03 0.000000e+00 1.000000e+00 1.000000e-01
5.614900e+03 0.000000e+00 1.000000e+00 1.000000e-01
5.614910e+03 0.000000e+00 1.000000e+00 1.000000e-01
5.614920e+03 0.000000e+00 1.000000e+00 1.000000e-01
5.614930e+03 0.000000e+00 1.000000e+00 1.000000e-01
5.614940e+03 0.000000e+00 1.000000e+00 1.000000e-01
5.614950e+03 0.000000e+00 1.000000e+00 1.000000e-01
5.614960e+03 0.000000e+00 1.000000e+00 1.000000e-01
5.614970e+03 0.000000e+00 1.000000e+00 1.000000e-01
5.614980e+03 0.000000e+00 1.000000e+00 1.000000e-01
5.614990e+03 0.000000e+00 1.000000e+00 1.000000e-01
5.615000e+03 0.000000e+00 1.000000e+00 1.000000e-01
5.615010e+03 0.000000e+00 1.000000e+00 1.000000e-01
5.615020e+03 0.000000e+00 1.000000e+00 1.000000e-01
5.615030e+03 0.000000e+00 1.000000e+00 1.000000e-01
5.615040e+03 0.000000e+00 1.000000e+00 1.000000e-01
5.615050e+03 0.000000e+00 1.000000e+00 1.000000e-01
5.615060e+03 0.000000e+00 1.000000e+00 1.000000e-01
5.615070e+03 0.000000e+00 1.000000e+00 1.000000e-01
5.615080e+03 0.000000e+00 1.000000e+00 1.000000e-01
5.615090e+03 0.000000e+00 1.000000e+00 1.000000e-01
5.615100e+03 0.000000e+00 1.000000e+00 1.000000e-01
5.615110e+03 0.000000e+00 1.000000e+00 1.000000e-01
5.615120e+03 0.000000e+00 1.000000e+00 1.000000e-01
5.615130e+03 0.000000e+00 1.000000e+00 1.000000e-01
5.615140e+03 0.000000e+00 1.000000e+00 1.000000e-01
5.615150e+03 0.000000e+00 1.000000e+00 1.000000e-01
5.615160e+03 0.000000e+00 1.000000e+00 1.000000e-01
5.615170e+03 0.000000e+00 1.000000e+00 1.000000e-01
5.615180e+03 0.000000e+00 1.000000e+00 1.000000e-01
5.615190e+03 0.000000e+00 1.000000e+00 1.000000e-01
5.615200e+03 0.000000e+00 1.000000e+00 1.000000e-01
5.615210e+03 0.000000e+00 1.000000e+00 1.000000e-01
5.615220e+03 0.000000e+00 1.000000e+00 1.000000e-01
5.615230e+03 0.000000e+00 1.000000e+00 1.000000e-01
5.615240e+03 0.000000e+00 1.000000e+00 1.000000e-01
5.615250e+03 0.000000e+00 1.000000e+00 1.000000e-01
5.615260e+03 0.000000e+00 1.000000e+00 1.000000e-01
5.615270e+03 0.000000e+00 1.000000e+00 1.000000e-01
5.615280e+03 0.000000e+00 1.000000e+00 1.000000e-01
5.615290e+03 0.000000e+00 1.000000e+00 1.000000e-01
5.615300e+03 0.000000e+00 1.000000e+00 1.000000e-01
5.615310e+03 0.000000e+00 1.000000e+00 1.000000e-01
5.615320e+03 0.000000e+00 1.000000e+00 1.000000e-01
5.615330e+03 0.000000e+00 1.000000e+00 1.000000e-01
5.615340e+03 0.000000e+00 1.000000e+00 1.000000e-01
5.615350e+03 0.000000e+00 1.000000e+00 1.000000e-01
5.615360e+03 0.000000e+00 1.000000e+00 1.000000e-01
5.615370e+03 0.000000e+00 1.000000e+00 1.000000e-01
5.615380e+03 0.000000e+00 1.000000e+00 1.000000e-01
5.615390e+03 0.000000e+00 1.000000e+00 1.000000e-01
5.615400e+03 0.000000e+00 1.000000e+00 1.000000e-01
5.615410e+03 0.000000e+00 1.000000e+00 1.000000e-01
5.615420e+03 0.000000e+00 1.000000e+00 1.000000e-01
5.615430e+03 0.000000e+00 1.000000e+00 1.000000e-01
5.615440e+03 0.000000e+00 1.000000e+00 1.000000e-01
5.615450e+03 0.000000e+00 1.000000e+00 1.000000e-01
5.615460e+03 0.000000e+00 1.000000e+00 1.000000e-01
5.615470e+03 0.000000e+00 1.000000e+00 1.000000e-01
5.615480e+03 0.000000e+00 1.000000e+00 1.000000e-01
5.615490e+03 0.000000e+00 1.000000e+00 1.000000e-01
5.615500e+03 0.000000e+00 1.000000e+00 1.000000e-01
5.615510e+03 0.000000e+00 1.000000e+00 1.000000e-01
5.615520e+03 0.000000e+00 1.000000e+00 1.000000e-01
5.615530e+03 0.000000e+00 1.000000e+00 1.000000e-01
5.615540e+03 0.000000e+00 1.000000e+00 1.000000e-01
5.615550e+03 0.000000e+00 1.000000e+00 1.000000e-01
5.615560e+03 0.000000e+00 1.000000e+00 1.000000e-01
5.615570e+03 0.000000e+00 1.000000e+00 1.000000e-01
5.615580e+03 0.000000e+00 1.000000e+00 1.000000e-01
5.615590e+03 0.000000e+00 1.000000e+00 1.000000e-01
5.615600e+03 0.000000e+00 1.000000e+00 1.000000e-01
5.615610e+03 0.000000e+00 1.000000e+00 1.000000e-01
5.615620e+03 0.000000e+00 1.000000e+00 1.000000e-01
5.615630e+03 0.000000e+00 1.000000e+00 1.000000e-01
5.615640e+03 0.000000e+00 1.000000e+00 1.000000e-01
5.615650e+03 0.000000e+00 1.000000e+00 1.000000e-01
5.615660e+03 0.000000e+00 1.000000e+00 1.000000e-01
5.615670e+03 0.000000e+00 1.000000e+00 1.000000e-01
5.615680e+03 0.000000e+00 1.000000e+00 1.000000e-01
5.615690e+03 0.000000e+00 1.000000e+00 1.000000e-01
5.615700e+03 0.000000e+00 1.000000e+00 1.000000e-01
5.615710e+03 0.000000e+00 1.000000e+00 1.000000e-01
5.615720e+03 0.000000e+00 1.000000e+00 1.000000e-01
5.615730e+03 0.000000e+00 1.000000e+00 1.000000e-01
5.615740e+03 0.000000e+00 1.000000e+00 1.000000e-01
5.615750e+03 0.000000e+00 1.000000e+00 1.000000e-01
5.615760e+03 0.000000e+00 1.000000e+00 1.000000e-01
5.615770e+03 0.000000e+00 1.000000e+00 1.000000e-01
5.615780e+03 0.000000e+00 1.000000e+00 1.000000e-01
5.615790e+03 0.000000e+00 1.000000e+00 1.000000e-01
5.615800e+03 0.000000e+00 1.000000e+00 1.000000e-01
5.615810e+03 0.000000e+00 1.000000e+00 1.000000e-01
5.615820e+03 0.000000e+00 1.000000e+00 1.000000e-01
5.615830e+03 0.000000e+00 1.000000e+00 1.000000e-01
5.615840e+03 0.000000e+00 1.000000e+00 1.000000e-01
5.615850e+03 0.000000e+00 1.000000e+00 1.000000e-01
5.615860e+03 0.000000e+00 1.000000e+00 1.000000e-01
5.615870e+03 0.000000e+00 1.000000e+00 1.000000e-01
5.615880e+03 0.000000e+00 1.000000e+00 1.000000e-01
5.615890e+03 0.000000e+00 1.000000e+00 1.000000e-01
5.615900e+03 0.000000e+00 1.000000e+00 1.000000e-01
5.615910e+03 0.000000e+00 1.000000e+00 1.000000e-01
5.615920e+03 0.000000e+00 1.000000e+00 1.000000e-01
5.615930e+03 0.000000e+00 1.000000e+00 1.000000e-01
5.615940e+03 0.000000e+00 1.000000e+00 1.000000e-01
5.615950e+03 0.000000e+00 1.000000e+00 1.000000e-01
5.615960e+03 0.000000e+00 1.000000e+00 1.000000e-01
5.615970e+03 0.000000e+00 1.000000e+00 1.000000e-01
5.615980e+03 0.000000e+00 1.000000e+00 1.000000e-01
5.615990e+03 0.000000e+00 1.000000e+00 1.000000e-01
5.616000e+03 0.000000e+00 1.000000e+00 1.000000e-01
5.616010e+03 0.000000e+00 1.000000e+00 1.000000e-01
5.616020e+03 0.000000e+00 1.000000e+00 1.000000e-01
5.616030e+03 0.000000e+00 1.000000e+00 1.000000e-01
5.616040e+03 0.000000e+00 1.000000e+00 1.000000e-01
5.616050e+03 0.000000e+00 1.000000e+00 1.000000e-01
5.616060e+03 0.000000e+00 1.000000e+00 1.000000e-01
5.616070e+03 0.000000e+00 1.000000e+00 1.000000e-01
5.616080e+03 0.000000e+00 1.000000e+00 1.000000e-01
5.616090e+03 0.000000e+00 1.000000e+00 1.000000e-01
5.616100e+03 0.000000e+00 1.000000e+00 1.000000e-01
5.616110e+03 0.000000e+00 1.000000e+00 1.000000e-01
5.616120e+03 0.000000e+00 1.000000e+00 1.000000e-01
5.616130e+03 0.000000e+00 1.000000e+00 1.000000e-01
5.616140e+03 0.000000e+00 1.000000e+00 1.000000e-01
5.616150e+03 0.000000e+00 1.000000e+00 1.000000e-01
5.616160e+03 0.000000e+00 1.000000e+00 1.000000e-01
5.616170e+03 0.000000e+00 1.000000e+00 1.000000e-01
5.616180e+03 0.000000e+00 1.000000e+00 1.000000e-01
5.616190e+03 0.000000e+00 1.000000e+00 1.000000e-01
5.616200e+03 0.000000e+00 1.000000e+00 1.000000e-01
5.616210e+03 0.000000e+00 1.000000e+00 1.000000e-01
5.616220e+03 0.000000e+00 1.000000e+00 1.000000e-01
5.616230e+03 0.000000e+00 1.000000e+00 1.000000e-01
5.616240e+03 0.000000e+00 1.000000e+00 1.000000e-01
5.616250e+03 0.000000e+00 1.000000e+00 1.000000e-01
5.616260e+03 0.000000e+00 1.000000e+00 1.000000e-01
5.616270e+03 0.000000e+00 1.000000e+00 1.000000e-01
5.616280e+03 0.000000e+00 1.000000e+00 1.000000e-01
5.616290e+03 0.000000e+00 1.000000e+00 1.000000e-01
5.616300e+03 0.000000e+00 1.000000e+00 1.000000e-01
5.616310e+03 0.000000e+00 1.000000e+00 1.000000e-01
5.616320e+03 0.000000e+00 1.000000e+00 1.000000e-01
5.616330e+03 0.000000e+00 1.000000e+00 1.000000e-01
5.616340e+03 0.000000e+00 1.000000e+00 1.000000e-01
5.616350e+03 0.000000e+00 1.000000e+00 1.000000e-01
5.616360e+03 0.000000e+00 1.000000e+00 1.000000e-01
5.616370e+03 0.000000e+00 1.000000e+00 1.000000e-01
5.616380e+03 0.000000e+00 1.000000e+00 1.000000e-01
5.616390e+03 0.000000e+00 1.000000e+00 1.000000e-01
5.616400e+03 0.000000e+00 1.000000e+00 1.000000e-01
5.616410e+03 0.000000e+00 1.000000e+00 1.000000e-01
5.616420e+03 0.000000e+00 1.000000e+00 1.000000e-01
5.616430e+03 0.000000e+00 1.000000e+00 1.000000e-01
5.616440e+03 0.000000e+00 1.000000e+00 1.000000e-01
5.616450e+03 0.000000e+00 1.000000e+00 1.000000e-01
5.616460e+03 0.000000e+00 1.000000e+00 1.000000e-01
5.616470e+03 0.000000e+00 1.000000e+00 1.000000e-01
5.616480e+03 0.000000e+00 1.000000e+00 1.000000e-01
5.616490e+03 0.000000e+00 1.000000e+00 1.000000e-01
5.616500e+03 0.000000e+00 1.000000e+00 1.000000e-01
5.616510e+03 0.000000e+00 1.000000e+00 1.000000e-01
5.616520e+03 0.000000e+00 1.000000e+00 1.000000e-01
5.616530e+03 0.000000e+00 1.000000e+00 1.000000e-01
5.616540e+03 0.000000e+00 1.000000e+00 1.000000e-01
5.616550e+03 0.000000e+00 1.000000e+00 1.000000e-01
5.616560e+03 0.000000e+00 1.000000e+00 1.000000e-01
5.616570e+03 0.000000e+00 1.000000e+00 1.000000e-01
5.616580e+03 0.000000e+00 1.000000e+00 1.000000e-01
5.616590e+03 0.000000e+00 1.000000e+00 1.000000e-01
5.616600e+03 0.000000e+00 1.000000e+00 1.000000e-01
5.616610e+03 0.000000e+00 1.000000e+00 1.000000e-01
5.616620e+03 0.000000e+00 1.000000e+00 1.000000e-01
5.616630e+03 0.000000e+00 1.000000e+00 1.000000e-01
5.616640e+03 0.000000e+00 1.000000e+00 1.000000e-01
5.616650e+03 0.000000e+00 1.000000e+00 1.000000e-01
5.616660e+03 0.000000e+00 1.000000e+00 1.000000e-01
5.616670e+03 0.000000e+00 1.000000e+00 1.000000e-01
5.616680e+03 0.000000e+00 1.000000e+00 1.000000e-01
5.616690e+03 0.000000e+00 1.000000e+00 1.000000e-01
5.616700e+03 0.000000e+00 1.000000e+00 1.000000e-01
5.616710e+03 0.000000e+00 1.000000e+00 1.000000e-01
5.616720e+03 0.000000e+00 1.000000e+00 1.000000e-01
5.616730e+03 0.000000e+00 1.000000e+00 1.000000e-01
5.616740e+03 0.000000e+00 1.000000e+00 1.000000e-01
5.616750e+03 0.000000e+00 1.000000e+00 1.000000e-01
5.616760e+03 0.000000e+00 1.000000e+00 1.000000e-01
5.616770e+03 0.000000e+00 1.000000e+00 1.000000e-01
5.616780e+03 0.000000e+00 1.000000e+00 1.000000e-01
5.616790e+03 0.000000e+00 1.000000e+00 1.000000e-01
5.616800e+03 0.000000e+00 1.000000e+00 1.000000e-01
5.616810e+03 0.000000e+00 1.000000e+00 1.000000e-01
5.616820e+03 0.000000e+00 1.000000e+00 1.000000e-01
5.616830e+03 0.000000e+00 1.000000e+00 1.000000e-01
5.616840e+03 0.000000e+00 1.000000e+00 1.000000e-01
5.616850e+03 0.000000e+00 1.000000e+00 1.000000e-01
5.616860e+03 0.000000e+00 1.000000e+00 1.000000e-01
5.616870e+03 0.000000e+00 1.000000e+00 1.000000e-01
5.616880e+03 0.000000e+00 1.000000e+00 1.000000e-01
5.616890e+03 0.000000e+00 1.000000e+00 1.000000e-01
5.616900e+03 0.000000e+00 1.000000e+00 1.000000e-01
5.616910e+03 0.000000e+00 1.000000e+00 1.000000e-01
5.616920e+03 0.000000e+00 1.000000e+00 1.000000e-01
5.616930e+03 0.000000e+00 1.000000e+00 1.000000e-01
5.616940e+03 0.000000e+00 1.000000e+00 1.000000e-01
5.616950e+03 0.000000e+00 1.000000e+00 1.000000e-01
5.616960e+03 0.000000e+00 1.000000e+00 1.000000e-01
5.616970e+03 0.000000e+00 1.000000e+00 1.000000e-01
5.616980e+03 0.000000e+00 1.000000e+00 1.000000e-01
5.616990e+03 0.000000e+00 1.000000e+00 1.000000e-01
5.617000e+03 0.000000e+00 1.000000e+00 1.000000e-01
