# wavelength[A] tau flux flux_error
5.567000e+03 0.000000e+00 1.000000e+00 1.000000e-01
5.567010e+03 0.000000e+00 1.000000e+00 1.000000e-01
5.567020e+03 0.000000e+00 1.000000e+00 1.000000e-01
5.567030e+03 0.000000e+00 1.000000e+00 1.000000e-01
5.567040e+03 0.000000e+00 1.000000e+00 1.000000e-01
5.567050e+03 0.000000e+00 1.000000e+00 1.000000e-01
5.567060e+03 0.000000e+00 1.000000e+00 1.000000e-01
5.567070e+03 0.000000e+00 1.000000e+00 1.000000e-01
5.567080e+03 0.000000e+00 1.000000e+00 1.000000e-01
5.567090e+03 0.000000e+00 1.000000e+00 1.000000e-01
5.567100e+03 0.000000e+00 1.000000e+00 1.000000e-01
5.567110e+03 0.000000e+00 1.000000e+00 1.000000e-01
5.567120e+03 0.000000e+00 1.000000e+00 1.000000e-01
5.567130e+03 0.000000e+00 1.000000e+00 1.000000e-01
5.567140e+03 0.000000e+00 1.000000e+00 1.000000e-01
5.567150e+03 0.000000e+00 1.000000e+00 1.000000e-01
5.567160e+03 0.000000e+00 1.000000e+00 1.000000e-01
5.567170e+03 0.000000e+00 1.000000e+00 1.000000e-01
5.567180e+03 0.000000e+00 1.000000e+00 1.000000e-01
5.567190e+03 0.000000e+00 1.000000e+00 1.000000e-01
5.567200e+03 0.000000e+00 1.000000e+00 1.000000e-01
5.567210e+03 0.000000e+00 1.000000e+00 1.000000e-01
5.567220e+03 0.000000e+00 1.000000e+00 1.000000e-01
5.567230e+03 0.000000e+00 1.000000e+00 1.000000e-01
5.567240e+03 0.000000e+00 1.000000e+00 1.000000e-01
5.567250e+03 0.000000e+00 1.000000e+00 1.000000e-01
5.567260e+03 0.000000e+00 1.000000e+00 1.000000e-01
5.567270e+03 0.000000e+00 1.000000e+00 1.000000e-01
5.567280e+03 0.000000e+00 1.000000e+00 1.000000e-01
5.567290e+03 0.000000e+00 1.000000e+00 1.000000e-01
5.567300e+03 0.000000e+00 1.000000e+00 1.000000e-01
5.567310e+03 0.000000e+00 1.000000e+00 1.000000e-01
5.567320e+03 0.000000e+00 1.000000e+00 1.000000e-01
5.567330e+03 0.000000e+00 1.000000e+00 1.000000e-01
5.567340e+03 0.000000e+00 1.000000e+00 1.000000e-01
5.567350e+03 0.000000e+00 1.000000e+00 1.000000e-01
5.567360e+03 0.000000e+00 1.000000e+00 1.000000e-01
5.567370e+03 0.000000e+00 1.000000e+00 1.000000e-01
5.567380e+03 0.000000e+00 1.000000e+00 1.000000e-01
5.567390e+03 0.000000e+00 1.000000e+00 1.000000e-01
5.567400e+03 0.000000e+00 1.000000e+00 1.000000e-01
5.567410e+03 0.000000e+00 1.000000e+00 1.000000e-01
5.567420e+03 0.000000e+00 1.000000e+00 1.000000e-01
5.567430e+03 0.000000e+00 1.000000e+00 1.000000e-01
5.567440e+03 0.000000e+00 1.000000e+00 1.000000e-01
5.567450e+03 0.000000e+00 1.000000e+00 1.000000e-01
5.567460e+03 0.000000e+00 1.000000e+00 1.000000e-01
5.567470e+03 0.000000e+00 1.000000e+00 1.000000e-01
5.567480e+03 0.000000e+00 1.000000e+00 1.000000e-01
5.567490e+03 0.000000e+00 1.000000e+00 1.000000e-01
5.567500e+03 0.000000e+00 1.000000e+00 1.000000e-01
5.567510e+03 0.000000e+00 1.000000e+00 1.000000e-01
5.567520e+03 0.000000e+00 1.000000e+00 1.000000e-01
5.567530e+03 0.000000e+00 1.000000e+00 1.000000e-01
5.567540e+03 0.000000e+00 1.000000e+00 1.000000e-01
5.567550e+03 0.000000e+00 1.000000e+00 1.000000e-01
5.567560e+03 0.000000e+00 1.000000e+00 1.000000e-01
5.567570e+03 0.000000e+00 1.000000e+00 1.000000e-01
5.567580e+03 0.000000e+00 1.000000e+00 1.000000e-01
5.567590e+03 0.000000e+00 1.000000e+00 1.000000e-01
5.567600e+03 0.000000e+00 1.000000e+00 1.000000e-01
5.567610e+03 0.000000e+00 1.000000e+00 1.000000e-01
5.567620e+03 0.000000e+00 1.000000e+00 1.000000e-01
5.567630e+03 0.000000e+00 1.000000e+00 1.000000e-01
5.567640e+03 0.000000e+00 1.000000e+00 1.000000e-01
5.567650e+03 0.000000e+00 1.000000e+00 1.000000e-01
5.567660e+03 0.000000e+00 1.000000e+00 1.000000e-01
5.567670e+03 0.000000e+00 1.000000e+00 1.000000e-01
5.567680e+03 0.000000e+00 1.000000e+00 1.000000e-01
5.567690e+03 0.000000e+00 1.000000e+00 1.000000e-01
5.567700e+03 0.000000e+00 1.000000e+00 1.000000e-01
5.567710e+03 0.000000e+00 1.000000e+00 1.000000e-01
5.567720e+03 0.000000e+00 1.000000e+00 1.000000e-01
5.567730e+03 0.000000e+00 1.000000e+00 1.000000e-01
5.567740e+03 0.000000e+00 1.000000e+00 1.000000e-01
5.567750e+03 0.000000e+00 1.000000e+00 1.000000e-01
5.567760e+03 0.000000e+00 1.000000e+00 1.000000e-01
5.567770e+03 0.000000e+00 1.000000e+00 1.000000e-01
5.567780e+03 0.000000e+00 1.000000e+00 1.000000e-01
5.567790e+03 0.000000e+00 1.000000e+00 1.000000e-01
5.567800e+03 0.000000e+00 1.000000e+00 1.000000e-01
5.567810e+03 0.000000e+00 1.000000e+00 1.000000e-01
5.567820e+03 0.000000e+00 1.000000e+00 1.000000e-01
5.567830e+03 0.000000e+00 1.000000e+00 1.000000e-01
5.567840e+03 0.000000e+00 1.000000e+00 1.000000e-01
5.567850e+03 0.000000e+00 1.000000e+00 1.000000e-01
5.567860e+03 0.000000e+00 1.000000e+00 1.000000e-01
5.567870e+03 0.000000e+00 1.000000e+00 1.000000e-01
5.567880e+03 0.000000e+00 1.000000e+00 1.000000e-01
5.567890e+03 0.000000e+00 1.000000e+00 1.000000e-01
5.567900e+03 0.000000e+00 1.000000e+00 1.000000e-01
5.567910e+03 0.000000e+00 1.000000e+00 1.000000e-01
5.567920e+03 0.000000e+00 1.000000e+00 1.000000e-01
5.567930e+03 0.000000e+00 1.000000e+00 1.000000e-01
5.567940e+03 0.000000e+00 1.000000e+00 1.000000e-01
5.567950e+03 0.000000e+00 1.000000e+00 1.000000e-01
5.567960e+03 0.000000e+00 1.000000e+00 1.000000e-01
5.567970e+03 0.000000e+00 1.000000e+00 1.000000e-01
5.567980e+03 0.000000e+00 1.000000e+00 1.000000e-01
5.567990e+03 0.000000e+00 1.000000e+00 1.000000e-01
5.568000e+03 0.000000e+00 1.000000e+00 1.000000e-01
5.568010e+03 0.000000e+00 1.000000e+00 1.000000e-01
5.568020e+03 0.000000e+00 1.000000e+00 1.000000e-01
5.568030e+03 0.000000e+00 1.000000e+00 1.000000e-01
5.568040e+03 0.000000e+00 1.000000e+00 1.000000e-01
5.568050e+03 0.000000e+00 1.000000e+00 1.000000e-01
5.568060e+03 0.000000e+00 1.000000e+00 1.000000e-01
5.568070e+03 0.000000e+00 1.000000e+00 1.000000e-01
5.568080e+03 0.000000e+00 1.000000e+00 1.000000e-01
5.568090e+03 0.000000e+00 1.000000e+00 1.000000e-01
5.568100e+03 0.000000e+00 1.000000e+00 1.000000e-01
5.568110e+03 0.000000e+00 1.000000e+00 1.000000e-01
5.568120e+03 0.000000e+00 1.000000e+00 1.000000e-01
5.568130e+03 0.000000e+00 1.000000e+00 1.000000e-01
5.568140e+03 0.000000e+00 1.000000e+00 1.000000e-01
5.568150e+03 0.000000e+00 1.000000e+00 1.000000e-01
5.568160e+03 0.000000e+00 1.000000e+00 1.000000e-01
5.568170e+03 0.000000e+00 1.000000e+00 1.000000e-01
5.568180e+03 0.000000e+00 1.000000e+00 1.000000e-01
5.568190e+03 0.000000e+00 1.000000e+00 1.000000e-01
5.568200e+03 0.000000e+00 1.000000e+00 1.000000e-01
5.568210e+03 0.000000e+00 1.000000e+00 1.000000e-01
5.568220e+03 0.000000e+00 1.000000e+00 1.000000e-01
5.568230e+03 0.000000e+00 1.000000e+00 1.000000e-01
5.568240e+03 0.000000e+00 1.000000e+00 1.000000e-01
5.568250e+03 0.000000e+00 1.000000e+00 1.000000e-01
5.568260e+03 0.000000e+00 1.000000e+00 1.000000e-01
5.568270e+03 0.000000e+00 1.000000e+00 1.000000e-01
5.568280e+03 0.000000e+00 1.000000e+00 1.000000e-01
5.568290e+03 0.000000e+00 1.000000e+00 1.000000e-01
5.568300e+03 0.000000e+00 1.000000e+00 1.000000e-01
5.568310e+03 0.000000e+00 1.000000e+00 1.000000e-01
5.568320e+03 0.000000e+00 1.000000e+00 1.000000e-01
5.568330e+03 0.000000e+00 1.000000e+00 1.000000e-01
5.568340e+03 0.000000e+00 1.000000e+00 1.000000e-01
5.568350e+03 0.000000e+00 1.000000e+00 1.000000e-01
5.568360e+03 0.000000e+00 1.000000e+00 1.000000e-01
5.568370e+03 0.000000e+00 1.000000e+00 1.000000e-01
5.568380e+03 0.000000e+00 1.000000e+00 1.000000e-01
5.568390e+03 0.000000e+00 1.000000e+00 1.000000e-01
5.568400e+03 0.000000e+00 1.000000e+00 1.000000e-01
5.568410e+03 0.000000e+00 1.000000e+00 1.000000e-01
5.568420e+03 0.000000e+00 1.000000e+00 1.000000e-01
5.568430e+03 0.000000e+00 1.000000e+00 1.000000e-01
5.568440e+03 0.000000e+00 1.000000e+00 1.000000e-01
5.568450e+03 0.000000e+00 1.000000e+00 1.000000e-01
5.568460e+03 0.000000e+00 1.000000e+00 1.000000e-01
5.568470e+03 0.000000e+00 1.000000e+00 1.000000e-01
5.568480e+03 0.000000e+00 1.000000e+00 1.000000e-01
5.568490e+03 0.000000e+00 1.000000e+00 1.000000e-01
5.568500e+03 0.000000e+00 1.000000e+00 1.000000e-01
5.568510e+03 0.000000e+00 1.000000e+00 1.000000e-01
5.568520e+03 0.000000e+00 1.000000e+00 1.000000e-01
5.568530e+03 0.000000e+00 1.000000e+00 1.000000e-01
5.568540e+03 0.000000e+00 1.000000e+00 1.000000e-01
5.568550e+03 0.000000e+00 1.000000e+00 1.000000e-01
5.568560e+03 0.000000e+00 1.000000e+00 1.000000e-01
5.568570e+03 0.000000e+00 1.000000e+00 1.000000e-01
5.568580e+03 0.000000e+00 1.000000e+00 1.000000e-01
5.568590e+03 0.000000e+00 1.000000e+00 1.000000e-01
5.568600e+03 0.000000e+00 1.000000e+00 1.000000e-01
5.568610e+03 0.000000e+00 1.000000e+00 1.000000e-01
5.568620e+03 0.000000e+00 1.000000e+00 1.000000e-01
5.568630e+03 0.000000e+00 1.000000e+00 1.000000e-01
5.568640e+03 0.000000e+00 1.000000e+00 1.000000e-01
5.568650e+03 0.000000e+00 1.000000e+00 1.000000e-01
5.568660e+03 0.000000e+00 1.000000e+00 1.000000e-01
5.568670e+03 0.000000e+00 1.000000e+00 1.000000e-01
5.568680e+03 0.000000e+00 1.000000e+00 1.000000e-01
5.568690e+03 0.000000e+00 1.000000e+00 1.000000e-01
5.568700e+03 0.000000e+00 1.000000e+00 1.000000e-01
5.568710e+03 0.000000e+00 1.000000e+00 1.000000e-01
5.568720e+03 0.000000e+00 1.000000e+00 1.000000e-01
5.568730e+03 0.000000e+00 1.000000e+00 1.000000e-01
5.568740e+03 0.000000e+00 1.000000e+00 1.000000e-01
5.568750e+03 0.000000e+00 1.000000e+00 1.000000e-01
5.568760e+03 0.000000e+00 1.000000e+00 1.000000e-01
5.568770e+03 0.000000e+00 1.000000e+00 1.000000e-01
5.568780e+03 0.000000e+00 1.000000e+00 1.000000e-01
5.568790e+03 0.000000e+00 1.000000e+00 1.000000e-01
5.568800e+03 0.000000e+00 1.000000e+00 1.000000e-01
5.568810e+03 0.000000e+00 1.000000e+00 1.000000e-01
5.568820e+03 0.000000e+00 1.000000e+00 1.000000e-01
5.568830e+03 0.000000e+00 1.000000e+00 1.000000e-01
5.568840e+03 0.000000e+00 1.000000e+00 1.000000e-01
5.568850e+03 0.000000e+00 1.000000e+00 1.000000e-01
5.568860e+03 0.000000e+00 1.000000e+00 1.000000e-01
5.568870e+03 0.000000e+00 1.000000e+00 1.000000e-01
5.568880e+03 0.000000e+00 1.000000e+00 1.000000e-01
5.568890e+03 0.000000e+00 1.000000e+00 1.000000e-01
5.568900e+03 0.000000e+00 1.000000e+00 1.000000e-01
5.568910e+03 0.000000e+00 1.000000e+00 1.000000e-01
5.568920e+03 0.000000e+00 1.000000e+00 1.000000e-01
5.568930e+03 0.000000e+00 1.000000e+00 1.000000e-01
5.568940e+03 0.000000e+00 1.000000e+00 1.000000e-01
5.568950e+03 0.000000e+00 1.000000e+00 1.000000e-01
5.568960e+03 0.000000e+00 1.000000e+00 1.000000e-01
5.568970e+03 0.000000e+00 1.000000e+00 1.000000e-01
5.568980e+03 0.000000e+00 1.000000e+00 1.000000e-01
5.568990e+03 0.000000e+00 1.000000e+00 1.000000e-01
5.569000e+03 0.000000e+00 1.000000e+00 1.000000e-01
5.569010e+03 0.000000e+00 1.000000e+00 1.000000e-01
5.569020e+03 0.000000e+00 1.000000e+00 1.000000e-01
5.569030e+03 0.000000e+00 1.000000e+00 1.000000e-01
5.569040e+03 0.000000e+00 1.000000e+00 1.000000e-01
5.569050e+03 0.000000e+00 1.000000e+00 1.000000e-01
5.569060e+03 0.000000e+00 1.000000e+00 1.000000e-01
5.569070e+03 0.000000e+00 1.000000e+00 1.000000e-01
5.569080e+03 0.000000e+00 1.000000e+00 1.000000e-01
5.569090e+03 0.000000e+00 1.000000e+00 1.000000e-01
5.569100e+03 0.000000e+00 1.000000e+00 1.000000e-01
5.569110e+03 0.000000e+00 1.000000e+00 1.000000e-01
5.569120e+03 0.000000e+00 1.000000e+00 1.000000e-01
5.569130e+03 0.000000e+00 1.000000e+00 1.000000e-01
5.569140e+03 0.000000e+00 1.000000e+00 1.000000e-01
5.569150e+03 0.000000e+00 1.000000e+00 1.000000e-01
5.569160e+03 0.000000e+00 1.000000e+00 1.000000e-01
5.569170e+03 0.000000e+00 1.000000e+00 1.000000e-01
5.569180e+03 0.000000e+00 1.000000e+00 1.000000e-01
5.569190e+03 0.000000e+00 1.000000e+00 1.000000e-01
5.569200e+03 0.000000e+00 1.000000e+00 1.000000e-01
5.569210e+03 0.000000e+00 1.000000e+00 1.000000e-01
5.569220e+03 0.000000e+00 1.000000e+00 1.000000e-01
5.569230e+03 0.000000e+00 1.000000e+00 1.000000e-01
5.569240e+03 0.000000e+00 1.000000e+00 1.000000e-01
5.569250e+03 0.000000e+00 1.000000e+00 1.000000e-01
5.569260e+03 0.000000e+00 1.000000e+00 1.000000e-01
5.569270e+03 0.000000e+00 1.000000e+00 1.000000e-01
5.569280e+03 0.000000e+00 1.000000e+00 1.000000e-01
5.569290e+03 0.000000e+00 1.000000e+00 1.000000e-01
5.569300e+03 0.000000e+00 1.000000e+00 1.000000e-01
5.569310e+03 0.000000e+00 1.000000e+00 1.000000e-01
5.569320e+03 0.000000e+00 1.000000e+00 1.000000e-01
5.569330e+03 0.000000e+00 1.000000e+00 1.000000e-01
5.569340e+03 0.000000e+00 1.000000e+00 1.000000e-01
5.569350e+03 0.000000e+00 1.000000e+00 1.000000e-01
5.569360e+03 0.000000e+00 1.000000e+00 1.000000e-01
5.569370e+03 0.000000e+00 1.000000e+00 1.000000e-01
5.569380e+03 0.000000e+00 1.000000e+00 1.000000e-01
5.569390e+03 0.000000e+00 1.000000e+00 1.000000e-01
5.569400e+03 0.000000e+00 1.000000e+00 1.000000e-01
5.569410e+03 0.000000e+00 1.000000e+00 1.000000e-01
5.569420e+03 0.000000e+00 1.000000e+00 1.000000e-01
5.569430e+03 0.000000e+00 1.000000e+00 1.000000e-01
5.569440e+03 0.000000e+00 1.000000e+00 1.000000e-01
5.569450e+03 0.000000e+00 1.000000e+00 1.000000e-01
5.569460e+03 0.000000e+00 1.000000e+00 1.000000e-01
5.569470e+03 0.000000e+00 1.000000e+00 1.000000e-01
5.569480e+03 0.000000e+00 1.000000e+00 1.000000e-01
5.569490e+03 0.000000e+00 1.000000e+00 1.000000e-01
5.569500e+03 0.000000e+00 1.000000e+00 1.000000e-01
5.569510e+03 0.000000e+00 1.000000e+00 1.000000e-01
5.569520e+03 0.000000e+00 1.000000e+00 1.000000e-01
5.569530e+03 0.000000e+00 1.000000e+00 1.000000e-01
5.569540e+03 0.000000e+00 1.000000e+00 1.000000e-01
5.569550e+03 0.000000e+00 1.000000e+00 1.000000e-01
5.569560e+03 0.000000e+00 1.000000e+00 1.000000e-01
5.569570e+03 0.000000e+00 1.000000e+00 1.000000e-01
5.569580e+03 0.000000e+00 1.000000e+00 1.000000e-01
5.569590e+03 0.000000e+00 1.000000e+00 1.000000e-01
5.569600e+03 0.000000e+00 1.000000e+00 1.000000e-01
5.569610e+03 0.000000e+00 1.000000e+00 1.000000e-01
5.569620e+03 0.000000e+00 1.000000e+00 1.000000e-01
5.569630e+03 0.000000e+00 1.000000e+00 1.000000e-01
5.569640e+03 0.000000e+00 1.000000e+00 1.000000e-01
5.569650e+03 0.000000e+00 1.000000e+00 1.000000e-01
5.569660e+03 0.000000e+00 1.000000e+00 1.000000e-01
5.569670e+03 0.000000e+00 1.000000e+00 1.000000e-01
5.569680e+03 0.000000e+00 1.000000e+00 1.000000e-01
5.569690e+03 0.000000e+00 1.000000e+00 1.000000e-01
5.569700e+03 0.000000e+00 1.000000e+00 1.000000e-01
5.569710e+03 0.000000e+00 1.000000e+00 1.000000e-01
5.569720e+03 0.000000e+00 1.000000e+00 1.000000e-01
5.569730e+03 0.000000e+00 1.000000e+00 1.000000e-01
5.569740e+03 0.000000e+00 1.000000e+00 1.000000e-01
5.569750e+03 0.000000e+00 1.000000e+00 1.000000e-01
5.569760e+03 0.000000e+00 1.000000e+00 1.000000e-01
5.569770e+03 0.000000e+00 1.000000e+00 1.000000e-01
5.569780e+03 0.000000e+00 1.000000e+00 1.000000e-01
5.569790e+03 0.000000e+00 1.000000e+00 1.000000e-01
5.569800e+03 0.000000e+00 1.000000e+00 1.000000e-01
5.569810e+03 0.000000e+00 1.000000e+00 1.000000e-01
5.569820e+03 0.000000e+00 1.000000e+00 1.000000e-01
5.569830e+03 0.000000e+00 1.000000e+00 1.000000e-01
5.569840e+03 0.000000e+00 1.000000e+00 1.000000e-01
5.569850e+03 0.000000e+00 1.000000e+00 1.000000e-01
5.569860e+03 0.000000e+00 1.000000e+00 1.000000e-01
5.569870e+03 0.000000e+00 1.000000e+00 1.000000e-01
5.569880e+03 0.000000e+00 1.000000e+00 1.000000e-01
5.569890e+03 0.000000e+00 1.000000e+00 1.000000e-01
5.569900e+03 0.000000e+00 1.000000e+00 1.000000e-01
5.569910e+03 0.000000e+00 1.000000e+00 1.000000e-01
5.569920e+03 0.000000e+00 1.000000e+00 1.000000e-01
5.569930e+03 0.000000e+00 1.000000e+00 1.000000e-01
5.569940e+03 0.000000e+00 1.000000e+00 1.000000e-01
5.569950e+03 0.000000e+00 1.000000e+00 1.000000e-01
5.569960e+03 0.000000e+00 1.000000e+00 1.000000e-01
5.569970e+03 0.000000e+00 1.000000e+00 1.000000e-01
5.569980e+03 0.000000e+00 1.000000e+00 1.000000e-01
5.569990e+03 0.000000e+00 1.000000e+00 1.000000e-01
5.570000e+03 0.000000e+00 1.000000e+00 1.000000e-01
5.570010e+03 0.000000e+00 1.000000e+00 1.000000e-01
5.570020e+03 0.000000e+00 1.000000e+00 1.000000e-01
5.570030e+03 0.000000e+00 1.000000e+00 1.000000e-01
5.570040e+03 0.000000e+00 1.000000e+00 1.000000e-01
5.570050e+03 0.000000e+00 1.000000e+00 1.000000e-01
5.570060e+03 0.000000e+00 1.000000e+00 1.000000e-01
5.570070e+03 0.000000e+00 1.000000e+00 1.000000e-01
5.570080e+03 0.000000e+00 1.000000e+00 1.000000e-01
5.570090e+03 0.000000e+00 1.000000e+00 1.000000e-01
5.570100e+03 0.000000e+00 1.000000e+00 1.000000e-01
5.570110e+03 0.000000e+00 1.000000e+00 1.000000e-01
5.570120e+03 0.000000e+00 1.000000e+00 1.000000e-01
5.570130e+03 0.000000e+00 1.000000e+00 1.000000e-01
5.570140e+03 0.000000e+00 1.000000e+00 1.000000e-01
5.570150e+03 0.000000e+00 1.000000e+00 1.000000e-01
5.570160e+03 0.000000e+00 1.000000e+00 1.000000e-01
5.570170e+03 0.000000e+00 1.000000e+00 1.000000e-01
5.570180e+03 0.000000e+00 1.000000e+00 1.000000e-01
5.570190e+03 0.000000e+00 1.000000e+00 1.000000e-01
5.570200e+03 0.000000e+00 1.000000e+00 1.000000e-01
5.570210e+03 0.000000e+00 1.000000e+00 1.000000e-01
5.570220e+03 0.000000e+00 1.000000e+00 1.000000e-01
5.570230e+03 0.000000e+00 1.000000e+00 1.000000e-01
5.570240e+03 0.000000e+00 1.000000e+00 1.000000e-01
5.570250e+03 0.000000e+00 1.000000e+00 1.000000e-01
5.570260e+03 0.000000e+00 1.000000e+00 1.000000e-01
5.570270e+03 0.000000e+00 1.000000e+00 1.000000e-01
5.570280e+03 0.000000e+00 1.000000e+00 1.000000e-01
5.570290e+03 0.000000e+00 1.000000e+00 1.000000e-01
5.570300e+03 0.000000e+00 1.000000e+00 1.000000e-01
5.570310e+03 0.000000e+00 1.000000e+00 1.000000e-01
5.570320e+03 0.000000e+00 1.000000e+00 1.000000e-01
5.570330e+03 0.000000e+00 1.000000e+00 1.000000e-01
5.570340e+03 0.000000e+00 1.000000e+00 1.000000e-01
5.570350e+03 0.000000e+00 1.000000e+00 1.000000e-01
5.570360e+03 0.000000e+00 1.000000e+00 1.000000e-01
5.570370e+03 0.000000e+00 1.000000e+00 1.000000e-01
5.570380e+03 0.000000e+00 1.000000e+00 1.000000e-01
5.570390e+03 0.000000e+00 1.000000e+00 1.000000e-01
5.570400e+03 0.000000e+00 1.000000e+00 1.000000e-01
5.570410e+03 0.000000e+00 1.000000e+00 1.000000e-01
5.570420e+03 0.000000e+00 1.000000e+00 1.000000e-01
5.570430e+03 0.000000e+00 1.000000e+00 1.000000e-01
5.570440e+03 0.000000e+00 1.000000e+00 1.000000e-01
5.570450e+03 0.000000e+00 1.000000e+00 1.000000e-01
5.570460e+03 0.000000e+00 1.000000e+00 1.000000e-01
5.570470e+03 0.000000e+00 1.000000e+00 1.000000e-01
5.570480e+03 0.000000e+00 1.000000e+00 1.000000e-01
5.570490e+03 0.000000e+00 1.000000e+00 1.000000e-01
5.570500e+03 0.000000e+00 1.000000e+00 1.000000e-01
5.570510e+03 0.000000e+00 1.000000e+00 1.000000e-01
5.570520e+03 0.000000e+00 1.000000e+00 1.000000e-01
5.570530e+03 0.000000e+00 1.000000e+00 1.000000e-01
5.570540e+03 0.000000e+00 1.000000e+00 1.000000e-01
5.570550e+03 0.000000e+00 1.000000e+00 1.000000e-01
5.570560e+03 0.000000e+00 1.000000e+00 1.000000e-01
5.570570e+03 0.000000e+00 1.000000e+00 1.000000e-01
5.570580e+03 0.000000e+00 1.000000e+00 1.000000e-01
5.570590e+03 0.000000e+00 1.000000e+00 1.000000e-01
5.570600e+03 0.000000e+00 1.000000e+00 1.000000e-01
5.570610e+03 0.000000e+00 1.000000e+00 1.000000e-01
5.570620e+03 0.000000e+00 1.000000e+00 1.000000e-01
5.570630e+03 0.000000e+00 1.000000e+00 1.000000e-01
5.570640e+03 0.000000e+00 1.000000e+00 1.000000e-01
5.570650e+03 0.000000e+00 1.000000e+00 1.000000e-01
5.570660e+03 0.000000e+00 1.000000e+00 1.000000e-01
5.570670e+03 0.000000e+00 1.000000e+00 1.000000e-01
5.570680e+03 0.000000e+00 1.000000e+00 1.000000e-01
5.570690e+03 0.000000e+00 1.000000e+00 1.000000e-01
5.570700e+03 0.000000e+00 1.000000e+00 1.000000e-01
5.570710e+03 0.000000e+00 1.000000e+00 1.000000e-01
5.570720e+03 0.000000e+00 1.000000e+00 1.000000e-01
5.570730e+03 0.000000e+00 1.000000e+00 1.000000e-01
5.570740e+03 0.000000e+00 1.000000e+00 1.000000e-01
5.570750e+03 0.000000e+00 1.000000e+00 1.000000e-01
5.570760e+03 0.000000e+00 1.000000e+00 1.000000e-01
5.570770e+03 0.000000e+00 1.000000e+00 1.000000e-01
5.570780e+03 0.000000e+00 1.000000e+00 1.000000e-01
5.570790e+03 0.000000e+00 1.000000e+00 1.000000e-01
5.570800e+03 0.000000e+00 1.000000e+00 1.000000e-01
5.570810e+03 0.000000e+00 1.000000e+00 1.000000e-01
5.570820e+03 0.000000e+00 1.000000e+00 1.000000e-01
5.570830e+03 0.000000e+00 1.000000e+00 1.000000e-01
5.570840e+03 0.000000e+00 1.000000e+00 1.000000e-01
5.570850e+03 0.000000e+00 1.000000e+00 1.000000e-01
5.570860e+03 0.000000e+00 1.000000e+00 1.000000e-01
5.570870e+03 0.000000e+00 1.000000e+00 1.000000e-01
5.570880e+03 0.000000e+00 1.000000e+00 1.000000e-01
5.570890e+03 0.000000e+00 1.000000e+00 1.000000e-01
5.570900e+03 0.000000e+00 1.000000e+00 1.000000e-01
5.570910e+03 0.000000e+00 1.000000e+00 1.000000e-01
5.570920e+03 0.000000e+00 1.000000e+00 1.000000e-01
5.570930e+03 0.000000e+00 1.000000e+00 1.000000e-01
5.570940e+03 0.000000e+00 1.000000e+00 1.000000e-01
5.570950e+03 0.000000e+00 1.000000e+00 1.000000e-01
5.570960e+03 0.000000e+00 1.000000e+00 1.000000e-01
5.570970e+03 0.000000e+00 1.000000e+00 1.000000e-01
5.570980e+03 0.000000e+00 1.000000e+00 1.000000e-01
5.570990e+03 0.000000e+00 1.000000e+00 1.000000e-01
5.571000e+03 0.000000e+00 1.000000e+00 1.000000e-01
5.571010e+03 0.000000e+00 1.000000e+00 1.000000e-01
5.571020e+03 0.000000e+00 1.000000e+00 1.000000e-01
5.571030e+03 0.000000e+00 1.000000e+00 1.000000e-01
5.571040e+03 0.000000e+00 1.000000e+00 1.000000e-01
5.571050e+03 0.000000e+00 1.000000e+00 1.000000e-01
5.571060e+03 0.000000e+00 1.000000e+00 1.000000e-01
5.571070e+03 0.000000e+00 1.000000e+00 1.000000e-01
5.571080e+03 0.000000e+00 1.000000e+00 1.000000e-01
5.571090e+03 0.000000e+00 1.000000e+00 1.000000e-01
5.571100e+03 0.000000e+00 1.000000e+00 1.000000e-01
5.571110e+03 0.000000e+00 1.000000e+00 1.000000e-01
5.571120e+03 0.000000e+00 1.000000e+00 1.000000e-01
5.571130e+03 0.000000e+00 1.000000e+00 1.000000e-01
5.571140e+03 0.000000e+00 1.000000e+00 1.000000e-01
5.571150e+03 0.000000e+00 1.000000e+00 1.000000e-01
5.571160e+03 0.000000e+00 1.000000e+00 1.000000e-01
5.571170e+03 0.000000e+00 1.000000e+00 1.000000e-01
5.571180e+03 0.000000e+00 1.000000e+00 1.000000e-01
5.571190e+03 0.000000e+00 1.000000e+00 1.000000e-01
5.571200e+03 0.000000e+00 1.000000e+00 1.000000e-01
5.571210e+03 0.000000e+00 1.000000e+00 1.000000e-01
5.571220e+03 0.000000e+00 1.000000e+00 1.000000e-01
5.571230e+03 0.000000e+00 1.000000e+00 1.000000e-01
5.571240e+03 0.000000e+00 1.000000e+00 1.000000e-01
5.571250e+03 0.000000e+00 1.000000e+00 1.000000e-01
5.571260e+03 0.000000e+00 1.000000e+00 1.000000e-01
5.571270e+03 0.000000e+00 1.000000e+00 1.000000e-01
5.571280e+03 0.000000e+00 1.000000e+00 1.000000e-01
5.571290e+03 0.000000e+00 1.000000e+00 1.000000e-01
5.571300e+03 0.000000e+00 1.000000e+00 1.000000e-01
5.571310e+03 0.000000e+00 1.000000e+00 1.000000e-01
5.571320e+03 0.000000e+00 1.000000e+00 1.000000e-01
5.571330e+03 0.000000e+00 1.000000e+00 1.000000e-01
5.571340e+03 0.000000e+00 1.000000e+00 1.000000e-01
5.571350e+03 0.000000e+00 1.000000e+00 1.000000e-01
5.571360e+03 0.000000e+00 1.000000e+00 1.000000e-01
5.571370e+03 0.000000e+00 1.000000e+00 1.000000e-01
5.571380e+03 0.000000e+00 1.000000e+00 1.000000e-01
5.571390e+03 0.000000e+00 1.000000e+00 1.000000e-01
5.571400e+03 0.000000e+00 1.000000e+00 1.000000e-01
5.571410e+03 0.000000e+00 1.000000e+00 1.000000e-01
5.571420e+03 0.000000e+00 1.000000e+00 1.000000e-01
5.571430e+03 0.000000e+00 1.000000e+00 1.000000e-01
5.571440e+03 0.000000e+00 1.000000e+00 1.000000e-01
5.571450e+03 0.000000e+00 1.000000e+00 1.000000e-01
5.571460e+03 0.000000e+00 1.000000e+00 1.000000e-01
5.571470e+03 0.000000e+00 1.000000e+00 1.000000e-01
5.571480e+03 0.000000e+00 1.000000e+00 1.000000e-01
5.571490e+03 0.000000e+00 1.000000e+00 1.000000e-01
5.571500e+03 0.000000e+00 1.000000e+00 1.000000e-01
5.571510e+03 0.000000e+00 1.000000e+00 1.000000e-01
5.571520e+03 0.000000e+00 1.000000e+00 1.000000e-01
5.571530e+03 0.000000e+00 1.000000e+00 1.000000e-01
5.571540e+03 0.000000e+00 1.000000e+00 1.000000e-01
5.571550e+03 0.000000e+00 1.000000e+00 1.000000e-01
5.571560e+03 0.000000e+00 1.000000e+00 1.000000e-01
5.571570e+03 0.000000e+00 1.000000e+00 1.000000e-01
5.571580e+03 0.000000e+00 1.000000e+00 1.000000e-01
5.571590e+03 0.000000e+00 1.000000e+00 1.000000e-01
5.571600e+03 0.000000e+00 1.000000e+00 1.000000e-01
5.571610e+03 0.000000e+00 1.000000e+00 1.000000e-01
5.571620e+03 0.000000e+00 1.000000e+00 1.000000e-01
5.571630e+03 0.000000e+00 1.000000e+00 1.000000e-01
5.571640e+03 0.000000e+00 1.000000e+00 1.000000e-01
5.571650e+03 0.000000e+00 1.000000e+00 1.000000e-01
5.571660e+03 0.000000e+00 1.000000e+00 1.000000e-01
5.571670e+03 0.000000e+00 1.000000e+00 1.000000e-01
5.571680e+03 0.000000e+00 1.000000e+00 1.000000e-01
5.571690e+03 0.000000e+00 1.000000e+00 1.000000e-01
5.571700e+03 0.000000e+00 1.000000e+00 1.000000e-01
5.571710e+03 0.000000e+00 1.000000e+00 1.000000e-01
5.571720e+03 0.000000e+00 1.000000e+00 1.000000e-01
5.571730e+03 0.000000e+00 1.000000e+00 1.000000e-01
5.571740e+03 0.000000e+00 1.000000e+00 1.000000e-01
5.571750e+03 0.000000e+00 1.000000e+00 1.000000e-01
5.571760e+03 0.000000e+00 1.000000e+00 1.000000e-01
5.571770e+03 0.000000e+00 1.000000e+00 1.000000e-01
5.571780e+03 0.000000e+00 1.000000e+00 1.000000e-01
5.571790e+03 0.000000e+00 1.000000e+00 1.000000e-01
5.571800e+03 0.000000e+00 1.000000e+00 1.000000e-01
5.571810e+03 0.000000e+00 1.000000e+00 1.000000e-01
5.571820e+03 0.000000e+00 1.000000e+00 1.000000e-01
5.571830e+03 0.000000e+00 1.000000e+00 1.000000e-01
5.571840e+03 0.000000e+00 1.000000e+00 1.000000e-01
5.571850e+03 0.000000e+00 1.000000e+00 1.000000e-01
5.571860e+03 0.000000e+00 1.000000e+00 1.000000e-01
5.571870e+03 0.000000e+00 1.000000e+00 1.000000e-01
5.571880e+03 0.000000e+00 1.000000e+00 1.000000e-01
5.571890e+03 0.000000e+00 1.000000e+00 1.000000e-01
5.571900e+03 0.000000e+00 1.000000e+00 1.000000e-01
5.571910e+03 0.000000e+00 1.000000e+00 1.000000e-01
5.571920e+03 0.000000e+00 1.000000e+00 1.000000e-01
5.571930e+03 0.000000e+00 1.000000e+00 1.000000e-01
5.571940e+03 0.000000e+00 1.000000e+00 1.000000e-01
5.571950e+03 0.000000e+00 1.000000e+00 1.000000e-01
5.571960e+03 0.000000e+00 1.000000e+00 1.000000e-01
5.571970e+03 0.000000e+00 1.000000e+00 1.000000e-01
5.571980e+03 0.000000e+00 1.000000e+00 1.000000e-01
5.571990e+03 0.000000e+00 1.000000e+00 1.000000e-01
5.572000e+03 0.000000e+00 1.000000e+00 1.000000e-01
5.572010e+03 0.000000e+00 1.000000e+00 1.000000e-01
5.572020e+03 0.000000e+00 1.000000e+00 1.000000e-01
5.572030e+03 0.000000e+00 1.000000e+00 1.000000e-01
5.572040e+03 0.000000e+00 1.000000e+00 1.000000e-01
5.572050e+03 0.000000e+00 1.000000e+00 1.000000e-01
5.572060e+03 0.000000e+00 1.000000e+00 1.000000e-01
5.572070e+03 0.000000e+00 1.000000e+00 1.000000e-01
5.572080e+03 0.000000e+00 1.000000e+00 1.000000e-01
5.572090e+03 0.000000e+00 1.000000e+00 1.000000e-01
5.572100e+03 0.000000e+00 1.000000e+00 1.000000e-01
5.572110e+03 0.000000e+00 1.000000e+00 1.000000e-01
5.572120e+03 0.000000e+00 1.000000e+00 1.000000e-01
5.572130e+03 0.000000e+00 1.000000e+00 1.000000e-01
5.572140e+03 0.000000e+00 1.000000e+00 1.000000e-01
5.572150e+03 0.000000e+00 1.000000e+00 1.000000e-01
5.572160e+03 0.000000e+00 1.000000e+00 1.000000e-01
5.572170e+03 0.000000e+00 1.000000e+00 1.000000e-01
5.572180e+03 0.000000e+00 1.000000e+00 1.000000e-01
5.572190e+03 0.000000e+00 1.000000e+00 1.000000e-01
5.572200e+03 0.000000e+00 1.000000e+00 1.000000e-01
5.572210e+03 0.000000e+00 1.000000e+00 1.000000e-01
5.572220e+03 0.000000e+00 1.000000e+00 1.000000e-01
5.572230e+03 0.000000e+00 1.000000e+00 1.000000e-01
5.572240e+03 0.000000e+00 1.000000e+00 1.000000e-01
5.572250e+03 0.000000e+00 1.000000e+00 1.000000e-01
5.572260e+03 0.000000e+00 1.000000e+00 1.000000e-01
5.572270e+03 0.000000e+00 1.000000e+00 1.000000e-01
5.572280e+03 0.000000e+00 1.000000e+00 1.000000e-01
5.572290e+03 0.000000e+00 1.000000e+00 1.000000e-01
5.572300e+03 0.000000e+00 1.000000e+00 1.000000e-01
5.572310e+03 0.000000e+00 1.000000e+00 1.000000e-01
5.572320e+03 0.000000e+00 1.000000e+00 1.000000e-01
5.572330e+03 0.000000e+00 1.000000e+00 1.000000e-01
5.572340e+03 0.000000e+00 1.000000e+00 1.000000e-01
5.572350e+03 0.000000e+00 1.000000e+00 1.000000e-01
5.572360e+03 0.000000e+00 1.000000e+00 1.000000e-01
5.572370e+03 0.000000e+00 1.000000e+00 1.000000e-01
5.572380e+03 0.000000e+00 1.000000e+00 1.000000e-01
5.572390e+03 0.000000e+00 1.000000e+00 1.000000e-01
5.572400e+03 0.000000e+00 1.000000e+00 1.000000e-01
5.572410e+03 0.000000e+00 1.000000e+00 1.000000e-01
5.572420e+03 0.000000e+00 1.000000e+00 1.000000e-01
5.572430e+03 0.000000e+00 1.000000e+00 1.000000e-01
5.572440e+03 0.000000e+00 1.000000e+00 1.000000e-01
5.572450e+03 0.000000e+00 1.000000e+00 1.000000e-01
5.572460e+03 0.000000e+00 1.000000e+00 1.000000e-01
5.572470e+03 0.000000e+00 1.000000e+00 1.000000e-01
5.572480e+03 0.000000e+00 1.000000e+00 1.000000e-01
5.572490e+03 0.000000e+00 1.000000e+00 1.000000e-01
5.572500e+03 0.000000e+00 1.000000e+00 1.000000e-01
5.572510e+03 0.000000e+00 1.000000e+00 1.000000e-01
5.572520e+03 0.000000e+00 1.000000e+00 1.000000e-01
5.572530e+03 0.000000e+00 1.000000e+00 1.000000e-01
5.572540e+03 0.000000e+00 1.000000e+00 1.000000e-01
5.572550e+03 0.000000e+00 1.000000e+00 1.000000e-01
5.572560e+03 0.000000e+00 1.000000e+00 1.000000e-01
5.572570e+03 0.000000e+00 1.000000e+00 1.000000e-01
5.572580e+03 0.000000e+00 1.000000e+00 1.000000e-01
5.572590e+03 0.000000e+00 1.000000e+00 1.000000e-01
5.572600e+03 0.000000e+00 1.000000e+00 1.000000e-01
5.572610e+03 0.000000e+00 1.000000e+00 1.000000e-01
5.572620e+03 0.000000e+00 1.000000e+00 1.000000e-01
5.572630e+03 0.000000e+00 1.000000e+00 1.000000e-01
5.572640e+03 0.000000e+00 1.000000e+00 1.000000e-01
5.572650e+03 0.000000e+00 1.000000e+00 1.000000e-01
5.572660e+03 0.000000e+00 1.000000e+00 1.000000e-01
5.572670e+03 0.000000e+00 1.000000e+00 1.000000e-01
5.572680e+03 0.000000e+00 1.000000e+00 1.000000e-01
5.572690e+03 0.000000e+00 1.000000e+00 1.000000e-01
5.572700e+03 0.000000e+00 1.000000e+00 1.000000e-01
5.572710e+03 0.000000e+00 1.000000e+00 1.000000e-01
5.572720e+03 0.000000e+00 1.000000e+00 1.000000e-01
5.572730e+03 0.000000e+00 1.000000e+00 1.000000e-01
5.572740e+03 0.000000e+00 1.000000e+00 1.000000e-01
5.572750e+03 0.000000e+00 1.000000e+00 1.000000e-01
5.572760e+03 0.000000e+00 1.000000e+00 1.000000e-01
5.572770e+03 0.000000e+00 1.000000e+00 1.000000e-01
5.572780e+03 0.000000e+00 1.000000e+00 1.000000e-01
5.572790e+03 0.000000e+00 1.000000e+00 1.000000e-01
5.572800e+03 0.000000e+00 1.000000e+00 1.000000e-01
5.572810e+03 0.000000e+00 1.000000e+00 1.000000e-01
5.572820e+03 0.000000e+00 1.000000e+00 1.000000e-01
5.572830e+03 0.000000e+00 1.000000e+00 1.000000e-01
5.572840e+03 0.000000e+00 1.000000e+00 1.000000e-01
5.572850e+03 0.000000e+00 1.000000e+00 1.000000e-01
5.572860e+03 0.000000e+00 1.000000e+00 1.000000e-01
5.572870e+03 0.000000e+00 1.000000e+00 1.000000e-01
5.572880e+03 0.000000e+00 1.000000e+00 1.000000e-01
5.572890e+03 0.000000e+00 1.000000e+00 1.000000e-01
5.572900e+03 0.000000e+00 1.000000e+00 1.000000e-01
5.572910e+03 0.000000e+00 1.000000e+00 1.000000e-01
5.572920e+03 0.000000e+00 1.000000e+00 1.000000e-01
5.572930e+03 0.000000e+00 1.000000e+00 1.000000e-01
5.572940e+03 0.000000e+00 1.000000e+00 1.000000e-01
5.572950e+03 0.000000e+00 1.000000e+00 1.000000e-01
5.572960e+03 0.000000e+00 1.000000e+00 1.000000e-01
5.572970e+03 0.000000e+00 1.000000e+00 1.000000e-01
5.572980e+03 0.000000e+00 1.000000e+00 1.000000e-01
5.572990e+03 0.000000e+00 1.000000e+00 1.000000e-01
5.573000e+03 0.000000e+00 1.000000e+00 1.000000e-01
5.573010e+03 0.000000e+00 1.000000e+00 1.000000e-01
5.573020e+03 0.000000e+00 1.000000e+00 1.000000e-01
5.573030e+03 0.000000e+00 1.000000e+00 1.000000e-01
5.573040e+03 0.000000e+00 1.000000e+00 1.000000e-01
5.573050e+03 0.000000e+00 1.000000e+00 1.000000e-01
5.573060e+03 0.000000e+00 1.000000e+00 1.000000e-01
5.573070e+03 0.000000e+00 1.000000e+00 1.000000e-01
5.573080e+03 0.000000e+00 1.000000e+00 1.000000e-01
5.573090e+03 0.000000e+00 1.000000e+00 1.000000e-01
5.573100e+03 0.000000e+00 1.000000e+00 1.000000e-01
5.573110e+03 0.000000e+00 1.000000e+00 1.000000e-01
5.573120e+03 0.000000e+00 1.000000e+00 1.000000e-01
5.573130e+03 0.000000e+00 1.000000e+00 1.000000e-01
5.573140e+03 0.000000e+00 1.000000e+00 1.000000e-01
5.573150e+03 0.000000e+00 1.000000e+00 1.000000e-01
5.573160e+03 0.000000e+00 1.000000e+00 1.000000e-01
5.573170e+03 0.000000e+00 1.000000e+00 1.000000e-01
5.573180e+03 0.000000e+00 1.000000e+00 1.000000e-01
5.573190e+03 0.000000e+00 1.000000e+00 1.000000e-01
5.573200e+03 0.000000e+00 1.000000e+00 1.000000e-01
5.573210e+03 0.000000e+00 1.000000e+00 1.000000e-01
5.573220e+03 0.000000e+00 1.000000e+00 1.000000e-01
5.573230e+03 0.000000e+00 1.000000e+00 1.000000e-01
5.573240e+03 0.000000e+00 1.000000e+00 1.000000e-01
5.573250e+03 0.000000e+00 1.000000e+00 1.000000e-01
5.573260e+03 0.000000e+00 1.000000e+00 1.000000e-01
5.573270e+03 0.000000e+00 1.000000e+00 1.000000e-01
5.573280e+03 0.000000e+00 1.000000e+00 1.000000e-01
5.573290e+03 0.000000e+00 1.000000e+00 1.000000e-01
5.573300e+03 0.000000e+00 1.000000e+00 1.000000e-01
5.573310e+03 0.000000e+00 1.000000e+00 1.000000e-01
5.573320e+03 0.000000e+00 1.000000e+00 1.000000e-01
5.573330e+03 0.000000e+00 1.000000e+00 1.000000e-01
5.573340e+03 0.000000e+00 1.000000e+00 1.000000e-01
5.573350e+03 0.000000e+00 1.000000e+00 1.000000e-01
5.573360e+03 0.000000e+00 1.000000e+00 1.000000e-01
5.573370e+03 0.000000e+00 1.000000e+00 1.000000e-01
5.573380e+03 0.000000e+00 1.000000e+00 1.000000e-01
5.573390e+03 0.000000e+00 1.000000e+00 1.000000e-01
5.573400e+03 0.000000e+00 1.000000e+00 1.000000e-01
5.573410e+03 0.000000e+00 1.000000e+00 1.000000e-01
5.573420e+03 0.000000e+00 1.000000e+00 1.000000e-01
5.573430e+03 0.000000e+00 1.000000e+00 1.000000e-01
5.573440e+03 0.000000e+00 1.000000e+00 1.000000e-01
5.573450e+03 0.000000e+00 1.000000e+00 1.000000e-01
5.573460e+03 0.000000e+00 1.000000e+00 1.000000e-01
5.573470e+03 0.000000e+00 1.000000e+00 1.000000e-01
5.573480e+03 0.000000e+00 1.000000e+00 1.000000e-01
5.573490e+03 0.000000e+00 1.000000e+00 1.000000e-01
5.573500e+03 0.000000e+00 1.000000e+00 1.000000e-01
5.573510e+03 0.000000e+00 1.000000e+00 1.000000e-01
5.573520e+03 0.000000e+00 1.000000e+00 1.000000e-01
5.573530e+03 0.000000e+00 1.000000e+00 1.000000e-01
5.573540e+03 0.000000e+00 1.000000e+00 1.000000e-01
5.573550e+03 0.000000e+00 1.000000e+00 1.000000e-01
5.573560e+03 0.000000e+00 1.000000e+00 1.000000e-01
5.573570e+03 0.000000e+00 1.000000e+00 1.000000e-01
5.573580e+03 0.000000e+00 1.000000e+00 1.000000e-01
5.573590e+03 0.000000e+00 1.000000e+00 1.000000e-01
5.573600e+03 0.000000e+00 1.000000e+00 1.000000e-01
5.573610e+03 0.000000e+00 1.000000e+00 1.000000e-01
5.573620e+03 0.000000e+00 1.000000e+00 1.000000e-01
5.573630e+03 0.000000e+00 1.000000e+00 1.000000e-01
5.573640e+03 0.000000e+00 1.000000e+00 1.000000e-01
5.573650e+03 0.000000e+00 1.000000e+00 1.000000e-01
5.573660e+03 0.000000e+00 1.000000e+00 1.000000e-01
5.573670e+03 0.000000e+00 1.000000e+00 1.000000e-01
5.573680e+03 0.000000e+00 1.000000e+00 1.000000e-01
5.573690e+03 0.000000e+00 1.000000e+00 1.000000e-01
5.573700e+03 0.000000e+00 1.000000e+00 1.000000e-01
5.573710e+03 0.000000e+00 1.000000e+00 1.000000e-01
5.573720e+03 0.000000e+00 1.000000e+00 1.000000e-01
5.573730e+03 0.000000e+00 1.000000e+00 1.000000e-01
5.573740e+03 0.000000e+00 1.000000e+00 1.000000e-01
5.573750e+03 0.000000e+00 1.000000e+00 1.000000e-01
5.573760e+03 0.000000e+00 1.000000e+00 1.000000e-01
5.573770e+03 0.000000e+00 1.000000e+00 1.000000e-01
5.573780e+03 0.000000e+00 1.000000e+00 1.000000e-01
5.573790e+03 0.000000e+00 1.000000e+00 1.000000e-01
5.573800e+03 0.000000e+00 1.000000e+00 1.000000e-01
5.573810e+03 0.000000e+00 1.000000e+00 1.000000e-01
5.573820e+03 0.000000e+00 1.000000e+00 1.000000e-01
5.573830e+03 0.000000e+00 1.000000e+00 1.000000e-01
5.573840e+03 0.000000e+00 1.000000e+00 1.000000e-01
5.573850e+03 0.000000e+00 1.000000e+00 1.000000e-01
5.573860e+03 0.000000e+00 1.000000e+00 1.000000e-01
5.573870e+03 0.000000e+00 1.000000e+00 1.000000e-01
5.573880e+03 0.000000e+00 1.000000e+00 1.000000e-01
5.573890e+03 0.000000e+00 1.000000e+00 1.000000e-01
5.573900e+03 0.000000e+00 1.000000e+00 1.000000e-01
5.573910e+03 0.000000e+00 1.000000e+00 1.000000e-01
5.573920e+03 0.000000e+00 1.000000e+00 1.000000e-01
5.573930e+03 0.000000e+00 1.000000e+00 1.000000e-01
5.573940e+03 0.000000e+00 1.000000e+00 1.000000e-01
5.573950e+03 0.000000e+00 1.000000e+00 1.000000e-01
5.573960e+03 0.000000e+00 1.000000e+00 1.000000e-01
5.573970e+03 0.000000e+00 1.000000e+00 1.000000e-01
5.573980e+03 0.000000e+00 1.000000e+00 1.000000e-01
5.573990e+03 0.000000e+00 1.000000e+00 1.000000e-01
5.574000e+03 0.000000e+00 1.000000e+00 1.000000e-01
5.574010e+03 0.000000e+00 1.000000e+00 1.000000e-01
5.574020e+03 0.000000e+00 1.000000e+00 1.000000e-01
5.574030e+03 0.000000e+00 1.000000e+00 1.000000e-01
5.574040e+03 0.000000e+00 1.000000e+00 1.000000e-01
5.574050e+03 0.000000e+00 1.000000e+00 1.000000e-01
5.574060e+03 0.000000e+00 1.000000e+00 1.000000e-01
5.574070e+03 0.000000e+00 1.000000e+00 1.000000e-01
5.574080e+03 0.000000e+00 1.000000e+00 1.000000e-01
5.574090e+03 0.000000e+00 1.000000e+00 1.000000e-01
5.574100e+03 0.000000e+00 1.000000e+00 1.000000e-01
5.574110e+03 0.000000e+00 1.000000e+00 1.000000e-01
5.574120e+03 0.000000e+00 1.000000e+00 1.000000e-01
5.574130e+03 0.000000e+00 1.000000e+00 1.000000e-01
5.574140e+03 0.000000e+00 1.000000e+00 1.000000e-01
5.574150e+03 0.000000e+00 1.000000e+00 1.000000e-01
5.574160e+03 0.000000e+00 1.000000e+00 1.000000e-01
5.574170e+03 0.000000e+00 1.000000e+00 1.000000e-01
5.574180e+03 0.000000e+00 1.000000e+00 1.000000e-01
5.574190e+03 0.000000e+00 1.000000e+00 1.000000e-01
5.574200e+03 0.000000e+00 1.000000e+00 1.000000e-01
5.574210e+03 0.000000e+00 1.000000e+00 1.000000e-01
5.574220e+03 0.000000e+00 1.000000e+00 1.000000e-01
5.574230e+03 0.000000e+00 1.000000e+00 1.000000e-01
5.574240e+03 0.000000e+00 1.000000e+00 1.000000e-01
5.574250e+03 0.000000e+00 1.000000e+00 1.000000e-01
5.574260e+03 0.000000e+00 1.000000e+00 1.000000e-01
5.574270e+03 0.000000e+00 1.000000e+00 1.000000e-01
5.574280e+03 0.000000e+00 1.000000e+00 1.000000e-01
5.574290e+03 0.000000e+00 1.000000e+00 1.000000e-01
5.574300e+03 0.000000e+00 1.000000e+00 1.000000e-01
5.574310e+03 0.000000e+00 1.000000e+00 1.000000e-01
5.574320e+03 0.000000e+00 1.000000e+00 1.000000e-01
5.574330e+03 0.000000e+00 1.000000e+00 1.000000e-01
5.574340e+03 0.000000e+00 1.000000e+00 1.000000e-01
5.574350e+03 0.000000e+00 1.000000e+00 1.000000e-01
5.574360e+03 0.000000e+00 1.000000e+00 1.000000e-01
5.574370e+03 0.000000e+00 1.000000e+00 1.000000e-01
5.574380e+03 0.000000e+00 1.000000e+00 1.000000e-01
5.574390e+03 0.000000e+00 1.000000e+00 1.000000e-01
5.574400e+03 0.000000e+00 1.000000e+00 1.000000e-01
5.574410e+03 0.000000e+00 1.000000e+00 1.000000e-01
5.574420e+03 0.000000e+00 1.000000e+00 1.000000e-01
5.574430e+03 0.000000e+00 1.000000e+00 1.000000e-01
5.574440e+03 0.000000e+00 1.000000e+00 1.000000e-01
5.574450e+03 0.000000e+00 1.000000e+00 1.000000e-01
5.574460e+03 0.000000e+00 1.000000e+00 1.000000e-01
5.574470e+03 0.000000e+00 1.000000e+00 1.000000e-01
5.574480e+03 0.000000e+00 1.000000e+00 1.000000e-01
5.574490e+03 0.000000e+00 1.000000e+00 1.000000e-01
5.574500e+03 0.000000e+00 1.000000e+00 1.000000e-01
5.574510e+03 0.000000e+00 1.000000e+00 1.000000e-01
5.574520e+03 0.000000e+00 1.000000e+00 1.000000e-01
5.574530e+03 0.000000e+00 1.000000e+00 1.000000e-01
5.574540e+03 0.000000e+00 1.000000e+00 1.000000e-01
5.574550e+03 0.000000e+00 1.000000e+00 1.000000e-01
5.574560e+03 0.000000e+00 1.000000e+00 1.000000e-01
5.574570e+03 0.000000e+00 1.000000e+00 1.000000e-01
5.574580e+03 0.000000e+00 1.000000e+00 1.000000e-01
5.574590e+03 0.000000e+00 1.000000e+00 1.000000e-01
5.574600e+03 0.000000e+00 1.000000e+00 1.000000e-01
5.574610e+03 0.000000e+00 1.000000e+00 1.000000e-01
5.574620e+03 0.000000e+00 1.000000e+00 1.000000e-01
5.574630e+03 0.000000e+00 1.000000e+00 1.000000e-01
5.574640e+03 0.000000e+00 1.000000e+00 1.000000e-01
5.574650e+03 0.000000e+00 1.000000e+00 1.000000e-01
5.574660e+03 0.000000e+00 1.000000e+00 1.000000e-01
5.574670e+03 0.000000e+00 1.000000e+00 1.000000e-01
5.574680e+03 0.000000e+00 1.000000e+00 1.000000e-01
5.574690e+03 0.000000e+00 1.000000e+00 1.000000e-01
5.574700e+03 0.000000e+00 1.000000e+00 1.000000e-01
5.574710e+03 0.000000e+00 1.000000e+00 1.000000e-01
5.574720e+03 0.000000e+00 1.000000e+00 1.000000e-01
5.574730e+03 0.000000e+00 1.000000e+00 1.000000e-01
5.574740e+03 0.000000e+00 1.000000e+00 1.000000e-01
5.574750e+03 0.000000e+00 1.000000e+00 1.000000e-01
5.574760e+03 0.000000e+00 1.000000e+00 1.000000e-01
5.574770e+03 0.000000e+00 1.000000e+00 1.000000e-01
5.574780e+03 0.000000e+00 1.000000e+00 1.000000e-01
5.574790e+03 0.000000e+00 1.000000e+00 1.000000e-01
5.574800e+03 0.000000e+00 1.000000e+00 1.000000e-01
5.574810e+03 0.000000e+00 1.000000e+00 1.000000e-01
5.574820e+03 0.000000e+00 1.000000e+00 1.000000e-01
5.574830e+03 0.000000e+00 1.000000e+00 1.000000e-01
5.574840e+03 0.000000e+00 1.000000e+00 1.000000e-01
5.574850e+03 0.000000e+00 1.000000e+00 1.000000e-01
5.574860e+03 0.000000e+00 1.000000e+00 1.000000e-01
5.574870e+03 0.000000e+00 1.000000e+00 1.000000e-01
5.574880e+03 0.000000e+00 1.000000e+00 1.000000e-01
5.574890e+03 0.000000e+00 1.000000e+00 1.000000e-01
5.574900e+03 0.000000e+00 1.000000e+00 1.000000e-01
5.574910e+03 0.000000e+00 1.000000e+00 1.000000e-01
5.574920e+03 0.000000e+00 1.000000e+00 1.000000e-01
5.574930e+03 0.000000e+00 1.000000e+00 1.000000e-01
5.574940e+03 0.000000e+00 1.000000e+00 1.000000e-01
5.574950e+03 0.000000e+00 1.000000e+00 1.000000e-01
5.574960e+03 0.000000e+00 1.000000e+00 1.000000e-01
5.574970e+03 0.000000e+00 1.000000e+00 1.000000e-01
5.574980e+03 0.000000e+00 1.000000e+00 1.000000e-01
5.574990e+03 0.000000e+00 1.000000e+00 1.000000e-01
5.575000e+03 0.000000e+00 1.000000e+00 1.000000e-01
5.575010e+03 0.000000e+00 1.000000e+00 1.000000e-01
5.575020e+03 0.000000e+00 1.000000e+00 1.000000e-01
5.575030e+03 0.000000e+00 1.000000e+00 1.000000e-01
5.575040e+03 0.000000e+00 1.000000e+00 1.000000e-01
5.575050e+03 0.000000e+00 1.000000e+00 1.000000e-01
5.575060e+03 0.000000e+00 1.000000e+00 1.000000e-01
5.575070e+03 0.000000e+00 1.000000e+00 1.000000e-01
5.575080e+03 0.000000e+00 1.000000e+00 1.000000e-01
5.575090e+03 0.000000e+00 1.000000e+00 1.000000e-01
5.575100e+03 0.000000e+00 1.000000e+00 1.000000e-01
5.575110e+03 0.000000e+00 1.000000e+00 1.000000e-01
5.575120e+03 0.000000e+00 1.000000e+00 1.000000e-01
5.575130e+03 0.000000e+00 1.000000e+00 1.000000e-01
5.575140e+03 0.000000e+00 1.000000e+00 1.000000e-01
5.575150e+03 0.000000e+00 1.000000e+00 1.000000e-01
5.575160e+03 0.000000e+00 1.000000e+00 1.000000e-01
5.575170e+03 0.000000e+00 1.000000e+00 1.000000e-01
5.575180e+03 0.000000e+00 1.000000e+00 1.000000e-01
5.575190e+03 0.000000e+00 1.000000e+00 1.000000e-01
5.575200e+03 0.000000e+00 1.000000e+00 1.000000e-01
5.575210e+03 0.000000e+00 1.000000e+00 1.000000e-01
5.575220e+03 0.000000e+00 1.000000e+00 1.000000e-01
5.575230e+03 0.000000e+00 1.000000e+00 1.000000e-01
5.575240e+03 0.000000e+00 1.000000e+00 1.000000e-01
5.575250e+03 0.000000e+00 1.000000e+00 1.000000e-01
5.575260e+03 0.000000e+00 1.000000e+00 1.000000e-01
5.575270e+03 0.000000e+00 1.000000e+00 1.000000e-01
5.575280e+03 0.000000e+00 1.000000e+00 1.000000e-01
5.575290e+03 0.000000e+00 1.000000e+00 1.000000e-01
5.575300e+03 0.000000e+00 1.000000e+00 1.000000e-01
5.575310e+03 0.000000e+00 1.000000e+00 1.000000e-01
5.575320e+03 0.000000e+00 1.000000e+00 1.000000e-01
5.575330e+03 0.000000e+00 1.000000e+00 1.000000e-01
5.575340e+03 0.000000e+00 1.000000e+00 1.000000e-01
5.575350e+03 0.000000e+00 1.000000e+00 1.000000e-01
5.575360e+03 0.000000e+00 1.000000e+00 1.000000e-01
5.575370e+03 0.000000e+00 1.000000e+00 1.000000e-01
5.575380e+03 0.000000e+00 1.000000e+00 1.000000e-01
5.575390e+03 0.000000e+00 1.000000e+00 1.000000e-01
5.575400e+03 0.000000e+00 1.000000e+00 1.000000e-01
5.575410e+03 0.000000e+00 1.000000e+00 1.000000e-01
5.575420e+03 0.000000e+00 1.000000e+00 1.000000e-01
5.575430e+03 0.000000e+00 1.000000e+00 1.000000e-01
5.575440e+03 0.000000e+00 1.000000e+00 1.000000e-01
5.575450e+03 0.000000e+00 1.000000e+00 1.000000e-01
5.575460e+03 0.000000e+00 1.000000e+00 1.000000e-01
5.575470e+03 0.000000e+00 1.000000e+00 1.000000e-01
5.575480e+03 0.000000e+00 1.000000e+00 1.000000e-01
5.575490e+03 0.000000e+00 1.000000e+00 1.000000e-01
5.575500e+03 0.000000e+00 1.000000e+00 1.000000e-01
5.575510e+03 0.000000e+00 1.000000e+00 1.000000e-01
5.575520e+03 0.000000e+00 1.000000e+00 1.000000e-01
5.575530e+03 0.000000e+00 1.000000e+00 1.000000e-01
5.575540e+03 0.000000e+00 1.000000e+00 1.000000e-01
5.575550e+03 0.000000e+00 1.000000e+00 1.000000e-01
5.575560e+03 0.000000e+00 1.000000e+00 1.000000e-01
5.575570e+03 0.000000e+00 1.000000e+00 1.000000e-01
5.575580e+03 0.000000e+00 1.000000e+00 1.000000e-01
5.575590e+03 0.000000e+00 1.000000e+00 1.000000e-01
5.575600e+03 0.000000e+00 1.000000e+00 1.000000e-01
5.575610e+03 0.000000e+00 1.000000e+00 1.000000e-01
5.575620e+03 0.000000e+00 1.000000e+00 1.000000e-01
5.575630e+03 0.000000e+00 1.000000e+00 1.000000e-01
5.575640e+03 0.000000e+00 1.000000e+00 1.000000e-01
5.575650e+03 0.000000e+00 1.000000e+00 1.000000e-01
5.575660e+03 0.000000e+00 1.000000e+00 1.000000e-01
5.575670e+03 0.000000e+00 1.000000e+00 1.000000e-01
5.575680e+03 0.000000e+00 1.000000e+00 1.000000e-01
5.575690e+03 0.000000e+00 1.000000e+00 1.000000e-01
5.575700e+03 0.000000e+00 1.000000e+00 1.000000e-01
5.575710e+03 0.000000e+00 1.000000e+00 1.000000e-01
5.575720e+03 0.000000e+00 1.000000e+00 1.000000e-01
5.575730e+03 0.000000e+00 1.000000e+00 1.000000e-01
5.575740e+03 0.000000e+00 1.000000e+00 1.000000e-01
5.575750e+03 0.000000e+00 1.000000e+00 1.000000e-01
5.575760e+03 0.000000e+00 1.000000e+00 1.000000e-01
5.575770e+03 0.000000e+00 1.000000e+00 1.000000e-01
5.575780e+03 0.000000e+00 1.000000e+00 1.000000e-01
5.575790e+03 0.000000e+00 1.000000e+00 1.000000e-01
5.575800e+03 0.000000e+00 1.000000e+00 1.000000e-01
5.575810e+03 0.000000e+00 1.000000e+00 1.000000e-01
5.575820e+03 0.000000e+00 1.000000e+00 1.000000e-01
5.575830e+03 0.000000e+00 1.000000e+00 1.000000e-01
5.575840e+03 0.000000e+00 1.000000e+00 1.000000e-01
5.575850e+03 0.000000e+00 1.000000e+00 1.000000e-01
5.575860e+03 0.000000e+00 1.000000e+00 1.000000e-01
5.575870e+03 0.000000e+00 1.000000e+00 1.000000e-01
5.575880e+03 0.000000e+00 1.000000e+00 1.000000e-01
5.575890e+03 0.000000e+00 1.000000e+00 1.000000e-01
5.575900e+03 0.000000e+00 1.000000e+00 1.000000e-01
5.575910e+03 0.000000e+00 1.000000e+00 1.000000e-01
5.575920e+03 0.000000e+00 1.000000e+00 1.000000e-01
5.575930e+03 0.000000e+00 1.000000e+00 1.000000e-01
5.575940e+03 0.000000e+00 1.000000e+00 1.000000e-01
5.575950e+03 0.000000e+00 1.000000e+00 1.000000e-01
5.575960e+03 0.000000e+00 1.000000e+00 1.000000e-01
5.575970e+03 0.000000e+00 1.000000e+00 1.000000e-01
5.575980e+03 0.000000e+00 1.000000e+00 1.000000e-01
5.575990e+03 0.000000e+00 1.000000e+00 1.000000e-01
5.576000e+03 0.000000e+00 1.000000e+00 1.000000e-01
5.576010e+03 0.000000e+00 1.000000e+00 1.000000e-01
5.576020e+03 0.000000e+00 1.000000e+00 1.000000e-01
5.576030e+03 0.000000e+00 1.000000e+00 1.000000e-01
5.576040e+03 0.000000e+00 1.000000e+00 1.000000e-01
5.576050e+03 0.000000e+00 1.000000e+00 1.000000e-01
5.576060e+03 0.000000e+00 1.000000e+00 1.000000e-01
5.576070e+03 0.000000e+00 1.000000e+00 1.000000e-01
5.576080e+03 0.000000e+00 1.000000e+00 1.000000e-01
5.576090e+03 0.000000e+00 1.000000e+00 1.000000e-01
5.576100e+03 0.000000e+00 1.000000e+00 1.000000e-01
5.576110e+03 0.000000e+00 1.000000e+00 1.000000e-01
5.576120e+03 0.000000e+00 1.000000e+00 1.000000e-01
5.576130e+03 0.000000e+00 1.000000e+00 1.000000e-01
5.576140e+03 0.000000e+00 1.000000e+00 1.000000e-01
5.576150e+03 0.000000e+00 1.000000e+00 1.000000e-01
5.576160e+03 0.000000e+00 1.000000e+00 1.000000e-01
5.576170e+03 0.000000e+00 1.000000e+00 1.000000e-01
5.576180e+03 0.000000e+00 1.000000e+00 1.000000e-01
5.576190e+03 0.000000e+00 1.000000e+00 1.000000e-01
5.576200e+03 0.000000e+00 1.000000e+00 1.000000e-01
5.576210e+03 0.000000e+00 1.000000e+00 1.000000e-01
5.576220e+03 0.000000e+00 1.000000e+00 1.000000e-01
5.576230e+03 0.000000e+00 1.000000e+00 1.000000e-01
5.576240e+03 0.000000e+00 1.000000e+00 1.000000e-01
5.576250e+03 0.000000e+00 1.000000e+00 1.000000e-01
5.576260e+03 0.000000e+00 1.000000e+00 1.000000e-01
5.576270e+03 0.000000e+00 1.000000e+00 1.000000e-01
5.576280e+03 0.000000e+00 1.000000e+00 1.000000e-01
5.576290e+03 0.000000e+00 1.000000e+00 1.000000e-01
5.576300e+03 0.000000e+00 1.000000e+00 1.000000e-01
5.576310e+03 0.000000e+00 1.000000e+00 1.000000e-01
5.576320e+03 0.000000e+00 1.000000e+00 1.000000e-01
5.576330e+03 0.000000e+00 1.000000e+00 1.000000e-01
5.576340e+03 0.000000e+00 1.000000e+00 1.000000e-01
5.576350e+03 0.000000e+00 1.000000e+00 1.000000e-01
5.576360e+03 0.000000e+00 1.000000e+00 1.000000e-01
5.576370e+03 0.000000e+00 1.000000e+00 1.000000e-01
5.576380e+03 0.000000e+00 1.000000e+00 1.000000e-01
5.576390e+03 0.000000e+00 1.000000e+00 1.000000e-01
5.576400e+03 0.000000e+00 1.000000e+00 1.000000e-01
5.576410e+03 0.000000e+00 1.000000e+00 1.000000e-01
5.576420e+03 0.000000e+00 1.000000e+00 1.000000e-01
5.576430e+03 0.000000e+00 1.000000e+00 1.000000e-01
5.576440e+03 0.000000e+00 1.000000e+00 1.000000e-01
5.576450e+03 0.000000e+00 1.000000e+00 1.000000e-01
5.576460e+03 0.000000e+00 1.000000e+00 1.000000e-01
5.576470e+03 0.000000e+00 1.000000e+00 1.000000e-01
5.576480e+03 0.000000e+00 1.000000e+00 1.000000e-01
5.576490e+03 0.000000e+00 1.000000e+00 1.000000e-01
5.576500e+03 0.000000e+00 1.000000e+00 1.000000e-01
5.576510e+03 0.000000e+00 1.000000e+00 1.000000e-01
5.576520e+03 0.000000e+00 1.000000e+00 1.000000e-01
5.576530e+03 0.000000e+00 1.000000e+00 1.000000e-01
5.576540e+03 0.000000e+00 1.000000e+00 1.000000e-01
5.576550e+03 0.000000e+00 1.000000e+00 1.000000e-01
5.576560e+03 0.000000e+00 1.000000e+00 1.000000e-01
5.576570e+03 0.000000e+00 1.000000e+00 1.000000e-01
5.576580e+03 0.000000e+00 1.000000e+00 1.000000e-01
5.576590e+03 0.000000e+00 1.000000e+00 1.000000e-01
5.576600e+03 0.000000e+00 1.000000e+00 1.000000e-01
5.576610e+03 0.000000e+00 1.000000e+00 1.000000e-01
5.576620e+03 0.000000e+00 1.000000e+00 1.000000e-01
5.576630e+03 0.000000e+00 1.000000e+00 1.000000e-01
5.576640e+03 0.000000e+00 1.000000e+00 1.000000e-01
5.576650e+03 0.000000e+00 1.000000e+00 1.000000e-01
5.576660e+03 0.000000e+00 1.000000e+00 1.000000e-01
5.576670e+03 0.000000e+00 1.000000e+00 1.000000e-01
5.576680e+03 0.000000e+00 1.000000e+00 1.000000e-01
5.576690e+03 0.000000e+00 1.000000e+00 1.000000e-01
5.576700e+03 0.000000e+00 1.000000e+00 1.000000e-01
5.576710e+03 0.000000e+00 1.000000e+00 1.000000e-01
5.576720e+03 0.000000e+00 1.000000e+00 1.000000e-01
5.576730e+03 0.000000e+00 1.000000e+00 1.000000e-01
5.576740e+03 0.000000e+00 1.000000e+00 1.000000e-01
5.576750e+03 0.000000e+00 1.000000e+00 1.000000e-01
5.576760e+03 0.000000e+00 1.000000e+00 1.000000e-01
5.576770e+03 0.000000e+00 1.000000e+00 1.000000e-01
5.576780e+03 0.000000e+00 1.000000e+00 1.000000e-01
5.576790e+03 0.000000e+00 1.000000e+00 1.000000e-01
5.576800e+03 0.000000e+00 1.000000e+00 1.000000e-01
5.576810e+03 0.000000e+00 1.000000e+00 1.000000e-01
5.576820e+03 0.000000e+00 1.000000e+00 1.000000e-01
5.576830e+03 0.000000e+00 1.000000e+00 1.000000e-01
5.576840e+03 0.000000e+00 1.000000e+00 1.000000e-01
5.576850e+03 0.000000e+00 1.000000e+00 1.000000e-01
5.576860e+03 0.000000e+00 1.000000e+00 1.000000e-01
5.576870e+03 0.000000e+00 1.000000e+00 1.000000e-01
5.576880e+03 0.000000e+00 1.000000e+00 1.000000e-01
5.576890e+03 0.000000e+00 1.000000e+00 1.000000e-01
5.576900e+03 0.000000e+00 1.000000e+00 1.000000e-01
5.576910e+03 0.000000e+00 1.000000e+00 1.000000e-01
5.576920e+03 0.000000e+00 1.000000e+00 1.000000e-01
5.576930e+03 0.000000e+00 1.000000e+00 1.000000e-01
5.576940e+03 0.000000e+00 1.000000e+00 1.000000e-01
5.576950e+03 0.000000e+00 1.000000e+00 1.000000e-01
5.576960e+03 0.000000e+00 1.000000e+00 1.000000e-01
5.576970e+03 0.000000e+00 1.000000e+00 1.000000e-01
5.576980e+03 0.000000e+00 1.000000e+00 1.000000e-01
5.576990e+03 0.000000e+00 1.000000e+00 1.000000e-01
5.577000e+03 0.000000e+00 1.000000e+00 1.000000e-01
5.577010e+03 0.000000e+00 1.000000e+00 1.000000e-01
5.577020e+03 0.000000e+00 1.000000e+00 1.000000e-01
5.577030e+03 0.000000e+00 1.000000e+00 1.000000e-01
5.577040e+03 0.000000e+00 1.000000e+00 1.000000e-01
5.577050e+03 0.000000e+00 1.000000e+00 1.000000e-01
5.577060e+03 0.000000e+00 1.000000e+00 1.000000e-01
5.577070e+03 0.000000e+00 1.000000e+00 1.000000e-01
5.577080e+03 0.000000e+00 1.000000e+00 1.000000e-01
5.577090e+03 0.000000e+00 1.000000e+00 1.000000e-01
5.577100e+03 0.000000e+00 1.000000e+00 1.000000e-01
5.577110e+03 0.000000e+00 1.000000e+00 1.000000e-01
5.577120e+03 0.000000e+00 1.000000e+00 1.000000e-01
5.577130e+03 0.000000e+00 1.000000e+00 1.000000e-01
5.577140e+03 0.000000e+00 1.000000e+00 1.000000e-01
5.577150e+03 0.000000e+00 1.000000e+00 1.000000e-01
5.577160e+03 0.000000e+00 1.000000e+00 1.000000e-01
5.577170e+03 0.000000e+00 1.000000e+00 1.000000e-01
5.577180e+03 0.000000e+00 1.000000e+00 1.000000e-01
5.577190e+03 0.000000e+00 1.000000e+00 1.000000e-01
5.577200e+03 0.000000e+00 1.000000e+00 1.000000e-01
5.577210e+03 0.000000e+00 1.000000e+00 1.000000e-01
5.577220e+03 0.000000e+00 1.000000e+00 1.000000e-01
5.577230e+03 0.000000e+00 1.000000e+00 1.000000e-01
5.577240e+03 0.000000e+00 1.000000e+00 1.000000e-01
5.577250e+03 0.000000e+00 1.000000e+00 1.000000e-01
5.577260e+03 0.000000e+00 1.000000e+00 1.000000e-01
5.577270e+03 0.000000e+00 1.000000e+00 1.000000e-01
5.577280e+03 0.000000e+00 1.000000e+00 1.000000e-01
5.577290e+03 0.000000e+00 1.000000e+00 1.000000e-01
5.577300e+03 0.000000e+00 1.000000e+00 1.000000e-01
5.577310e+03 0.000000e+00 1.000000e+00 1.000000e-01
5.577320e+03 0.000000e+00 1.000000e+00 1.000000e-01
5.577330e+03 0.000000e+00 1.000000e+00 1.000000e-01
5.577340e+03 0.000000e+00 1.000000e+00 1.000000e-01
5.577350e+03 0.000000e+00 1.000000e+00 1.000000e-01
5.577360e+03 0.000000e+00 1.000000e+00 1.000000e-01
5.577370e+03 0.000000e+00 1.000000e+00 1.000000e-01
5.577380e+03 0.000000e+00 1.000000e+00 1.000000e-01
5.577390e+03 0.000000e+00 1.000000e+00 1.000000e-01
5.577400e+03 0.000000e+00 1.000000e+00 1.000000e-01
5.577410e+03 0.000000e+00 1.000000e+00 1.000000e-01
5.577420e+03 0.000000e+00 1.000000e+00 1.000000e-01
5.577430e+03 0.000000e+00 1.000000e+00 1.000000e-01
5.577440e+03 0.000000e+00 1.000000e+00 1.000000e-01
5.577450e+03 0.000000e+00 1.000000e+00 1.000000e-01
5.577460e+03 0.000000e+00 1.000000e+00 1.000000e-01
5.577470e+03 0.000000e+00 1.000000e+00 1.000000e-01
5.577480e+03 0.000000e+00 1.000000e+00 1.000000e-01
5.577490e+03 0.000000e+00 1.000000e+00 1.000000e-01
5.577500e+03 0.000000e+00 1.000000e+00 1.000000e-01
5.577510e+03 0.000000e+00 1.000000e+00 1.000000e-01
5.577520e+03 0.000000e+00 1.000000e+00 1.000000e-01
5.577530e+03 0.000000e+00 1.000000e+00 1.000000e-01
5.577540e+03 0.000000e+00 1.000000e+00 1.000000e-01
5.577550e+03 0.000000e+00 1.000000e+00 1.000000e-01
5.577560e+03 0.000000e+00 1.000000e+00 1.000000e-01
5.577570e+03 0.000000e+00 1.000000e+00 1.000000e-01
5.577580e+03 0.000000e+00 1.000000e+00 1.000000e-01
5.577590e+03 0.000000e+00 1.000000e+00 1.000000e-01
5.577600e+03 0.000000e+00 1.000000e+00 1.000000e-01
5.577610e+03 0.000000e+00 1.000000e+00 1.000000e-01
5.577620e+03 0.000000e+00 1.000000e+00 1.000000e-01
5.577630e+03 0.000000e+00 1.000000e+00 1.000000e-01
5.577640e+03 0.000000e+00 1.000000e+00 1.000000e-01
5.577650e+03 0.000000e+00 1.000000e+00 1.000000e-01
5.577660e+03 0.000000e+00 1.000000e+00 1.000000e-01
5.577670e+03 0.000000e+00 1.000000e+00 1.000000e-01
5.577680e+03 0.000000e+00 1.000000e+00 1.000000e-01
5.577690e+03 0.000000e+00 1.000000e+00 1.000000e-01
5.577700e+03 0.000000e+00 1.000000e+00 1.000000e-01
5.577710e+03 0.000000e+00 1.000000e+00 1.000000e-01
5.577720e+03 0.000000e+00 1.000000e+00 1.000000e-01
5.577730e+03 0.000000e+00 1.000000e+00 1.000000e-01
5.577740e+03 0.000000e+00 1.000000e+00 1.000000e-01
5.577750e+03 0.000000e+00 1.000000e+00 1.000000e-01
5.577760e+03 0.000000e+00 1.000000e+00 1.000000e-01
5.577770e+03 0.000000e+00 1.000000e+00 1.000000e-01
5.577780e+03 0.000000e+00 1.000000e+00 1.000000e-01
5.577790e+03 0.000000e+00 1.000000e+00 1.000000e-01
5.577800e+03 0.000000e+00 1.000000e+00 1.000000e-01
5.577810e+03 0.000000e+00 1.000000e+00 1.000000e-01
5.577820e+03 0.000000e+00 1.000000e+00 1.000000e-01
5.577830e+03 0.000000e+00 1.000000e+00 1.000000e-01
5.577840e+03 0.000000e+00 1.000000e+00 1.000000e-01
5.577850e+03 0.000000e+00 1.000000e+00 1.000000e-01
5.577860e+03 0.000000e+00 1.000000e+00 1.000000e-01
5.577870e+03 0.000000e+00 1.000000e+00 1.000000e-01
5.577880e+03 0.000000e+00 1.000000e+00 1.000000e-01
5.577890e+03 0.000000e+00 1.000000e+00 1.000000e-01
5.577900e+03 0.000000e+00 1.000000e+00 1.000000e-01
5.577910e+03 0.000000e+00 1.000000e+00 1.000000e-01
5.577920e+03 0.000000e+00 1.000000e+00 1.000000e-01
5.577930e+03 0.000000e+00 1.000000e+00 1.000000e-01
5.577940e+03 0.000000e+00 1.000000e+00 1.000000e-01
5.577950e+03 0.000000e+00 1.000000e+00 1.000000e-01
5.577960e+03 0.000000e+00 1.000000e+00 1.000000e-01
5.577970e+03 0.000000e+00 1.000000e+00 1.000000e-01
5.577980e+03 0.000000e+00 1.000000e+00 1.000000e-01
5.577990e+03 0.000000e+00 1.000000e+00 1.000000e-01
5.578000e+03 0.000000e+00 1.000000e+00 1.000000e-01
5.578010e+03 0.000000e+00 1.000000e+00 1.000000e-01
5.578020e+03 0.000000e+00 1.000000e+00 1.000000e-01
5.578030e+03 0.000000e+00 1.000000e+00 1.000000e-01
5.578040e+03 0.000000e+00 1.000000e+00 1.000000e-01
5.578050e+03 0.000000e+00 1.000000e+00 1.000000e-01
5.578060e+03 0.000000e+00 1.000000e+00 1.000000e-01
5.578070e+03 0.000000e+00 1.000000e+00 1.000000e-01
5.578080e+03 0.000000e+00 1.000000e+00 1.000000e-01
5.578090e+03 0.000000e+00 1.000000e+00 1.000000e-01
5.578100e+03 0.000000e+00 1.000000e+00 1.000000e-01
5.578110e+03 0.000000e+00 1.000000e+00 1.000000e-01
5.578120e+03 0.000000e+00 1.000000e+00 1.000000e-01
5.578130e+03 0.000000e+00 1.000000e+00 1.000000e-01
5.578140e+03 0.000000e+00 1.000000e+00 1.000000e-01
5.578150e+03 0.000000e+00 1.000000e+00 1.000000e-01
5.578160e+03 0.000000e+00 1.000000e+00 1.000000e-01
5.578170e+03 0.000000e+00 1.000000e+00 1.000000e-01
5.578180e+03 0.000000e+00 1.000000e+00 1.000000e-01
5.578190e+03 0.000000e+00 1.000000e+00 1.000000e-01
5.578200e+03 0.000000e+00 1.000000e+00 1.000000e-01
5.578210e+03 0.000000e+00 1.000000e+00 1.000000e-01
5.578220e+03 0.000000e+00 1.000000e+00 1.000000e-01
5.578230e+03 0.000000e+00 1.000000e+00 1.000000e-01
5.578240e+03 0.000000e+00 1.000000e+00 1.000000e-01
5.578250e+03 0.000000e+00 1.000000e+00 1.000000e-01
5.578260e+03 0.000000e+00 1.000000e+00 1.000000e-01
5.578270e+03 0.000000e+00 1.000000e+00 1.000000e-01
5.578280e+03 0.000000e+00 1.000000e+00 1.000000e-01
5.578290e+03 0.000000e+00 1.000000e+00 1.000000e-01
5.578300e+03 0.000000e+00 1.000000e+00 1.000000e-01
5.578310e+03 0.000000e+00 1.000000e+00 1.000000e-01
5.578320e+03 0.000000e+00 1.000000e+00 1.000000e-01
5.578330e+03 0.000000e+00 1.000000e+00 1.000000e-01
5.578340e+03 0.000000e+00 1.000000e+00 1.000000e-01
5.578350e+03 0.000000e+00 1.000000e+00 1.000000e-01
5.578360e+03 0.000000e+00 1.000000e+00 1.000000e-01
5.578370e+03 0.000000e+00 1.000000e+00 1.000000e-01
5.578380e+03 0.000000e+00 1.000000e+00 1.000000e-01
5.578390e+03 0.000000e+00 1.000000e+00 1.000000e-01
5.578400e+03 0.000000e+00 1.000000e+00 1.000000e-01
5.578410e+03 0.000000e+00 1.000000e+00 1.000000e-01
5.578420e+03 0.000000e+00 1.000000e+00 1.000000e-01
5.578430e+03 0.000000e+00 1.000000e+00 1.000000e-01
5.578440e+03 0.000000e+00 1.000000e+00 1.000000e-01
5.578450e+03 0.000000e+00 1.000000e+00 1.000000e-01
5.578460e+03 0.000000e+00 1.000000e+00 1.000000e-01
5.578470e+03 0.000000e+00 1.000000e+00 1.000000e-01
5.578480e+03 0.000000e+00 1.000000e+00 1.000000e-01
5.578490e+03 0.000000e+00 1.000000e+00 1.000000e-01
5.578500e+03 0.000000e+00 1.000000e+00 1.000000e-01
5.578510e+03 0.000000e+00 1.000000e+00 1.000000e-01
5.578520e+03 0.000000e+00 1.000000e+00 1.000000e-01
5.578530e+03 0.000000e+00 1.000000e+00 1.000000e-01
5.578540e+03 0.000000e+00 1.000000e+00 1.000000e-01
5.578550e+03 0.000000e+00 1.000000e+00 1.000000e-01
5.578560e+03 0.000000e+00 1.000000e+00 1.000000e-01
5.578570e+03 0.000000e+00 1.000000e+00 1.000000e-01
5.578580e+03 0.000000e+00 1.000000e+00 1.000000e-01
5.578590e+03 0.000000e+00 1.000000e+00 1.000000e-01
5.578600e+03 0.000000e+00 1.000000e+00 1.000000e-01
5.578610e+03 0.000000e+00 1.000000e+00 1.000000e-01
5.578620e+03 0.000000e+00 1.000000e+00 1.000000e-01
5.578630e+03 0.000000e+00 1.000000e+00 1.000000e-01
5.578640e+03 0.000000e+00 1.000000e+00 1.000000e-01
5.578650e+03 0.000000e+00 1.000000e+00 1.000000e-01
5.578660e+03 0.000000e+00 1.000000e+00 1.000000e-01
5.578670e+03 0.000000e+00 1.000000e+00 1.000000e-01
5.578680e+03 0.000000e+00 1.000000e+00 1.000000e-01
5.578690e+03 0.000000e+00 1.000000e+00 1.000000e-01
5.578700e+03 0.000000e+00 1.000000e+00 1.000000e-01
5.578710e+03 0.000000e+00 1.000000e+00 1.000000e-01
5.578720e+03 0.000000e+00 1.000000e+00 1.000000e-01
5.578730e+03 0.000000e+00 1.000000e+00 1.000000e-01
5.578740e+03 0.000000e+00 1.000000e+00 1.000000e-01
5.578750e+03 0.000000e+00 1.000000e+00 1.000000e-01
5.578760e+03 0.000000e+00 1.000000e+00 1.000000e-01
5.578770e+03 0.000000e+00 1.000000e+00 1.000000e-01
5.578780e+03 0.000000e+00 1.000000e+00 1.000000e-01
5.578790e+03 0.000000e+00 1.000000e+00 1.000000e-01
5.578800e+03 0.000000e+00 1.000000e+00 1.000000e-01
5.578810e+03 0.000000e+00 1.000000e+00 1.000000e-01
5.578820e+03 0.000000e+00 1.000000e+00 1.000000e-01
5.578830e+03 0.000000e+00 1.000000e+00 1.000000e-01
5.578840e+03 0.000000e+00 1.000000e+00 1.000000e-01
5.578850e+03 0.000000e+00 1.000000e+00 1.000000e-01
5.578860e+03 0.000000e+00 1.000000e+00 1.000000e-01
5.578870e+03 0.000000e+00 1.000000e+00 1.000000e-01
5.578880e+03 0.000000e+00 1.000000e+00 1.000000e-01
5.578890e+03 0.000000e+00 1.000000e+00 1.000000e-01
5.578900e+03 0.000000e+00 1.000000e+00 1.000000e-01
5.578910e+03 0.000000e+00 1.000000e+00 1.000000e-01
5.578920e+03 0.000000e+00 1.000000e+00 1.000000e-01
5.578930e+03 0.000000e+00 1.000000e+00 1.000000e-01
5.578940e+03 0.000000e+00 1.000000e+00 1.000000e-01
5.578950e+03 0.000000e+00 1.000000e+00 1.000000e-01
5.578960e+03 0.000000e+00 1.000000e+00 1.000000e-01
5.578970e+03 0.000000e+00 1.000000e+00 1.000000e-01
5.578980e+03 0.000000e+00 1.000000e+00 1.000000e-01
5.578990e+03 0.000000e+00 1.000000e+00 1.000000e-01
5.579000e+03 0.000000e+00 1.000000e+00 1.000000e-01
5.579010e+03 0.000000e+00 1.000000e+00 1.000000e-01
5.579020e+03 0.000000e+00 1.000000e+00 1.000000e-01
5.579030e+03 0.000000e+00 1.000000e+00 1.000000e-01
5.579040e+03 0.000000e+00 1.000000e+00 1.000000e-01
5.579050e+03 0.000000e+00 1.000000e+00 1.000000e-01
5.579060e+03 0.000000e+00 1.000000e+00 1.000000e-01
5.579070e+03 0.000000e+00 1.000000e+00 1.000000e-01
5.579080e+03 0.000000e+00 1.000000e+00 1.000000e-01
5.579090e+03 0.000000e+00 1.000000e+00 1.000000e-01
5.579100e+03 0.000000e+00 1.000000e+00 1.000000e-01
5.579110e+03 0.000000e+00 1.000000e+00 1.000000e-01
5.579120e+03 0.000000e+00 1.000000e+00 1.000000e-01
5.579130e+03 0.000000e+00 1.000000e+00 1.000000e-01
5.579140e+03 0.000000e+00 1.000000e+00 1.000000e-01
5.579150e+03 0.000000e+00 1.000000e+00 1.000000e-01
5.579160e+03 0.000000e+00 1.000000e+00 1.000000e-01
5.579170e+03 0.000000e+00 1.000000e+00 1.000000e-01
5.579180e+03 0.000000e+00 1.000000e+00 1.000000e-01
5.579190e+03 0.000000e+00 1.000000e+00 1.000000e-01
5.579200e+03 0.000000e+00 1.000000e+00 1.000000e-01
5.579210e+03 0.000000e+00 1.000000e+00 1.000000e-01
5.579220e+03 0.000000e+00 1.000000e+00 1.000000e-01
5.579230e+03 0.000000e+00 1.000000e+00 1.000000e-01
5.579240e+03 0.000000e+00 1.000000e+00 1.000000e-01
5.579250e+03 0.000000e+00 1.000000e+00 1.000000e-01
5.579260e+03 0.000000e+00 1.000000e+00 1.000000e-01
5.579270e+03 0.000000e+00 1.000000e+00 1.000000e-01
5.579280e+03 0.000000e+00 1.000000e+00 1.000000e-01
5.579290e+03 0.000000e+00 1.000000e+00 1.000000e-01
5.579300e+03 0.000000e+00 1.000000e+00 1.000000e-01
5.579310e+03 0.000000e+00 1.000000e+00 1.000000e-01
5.579320e+03 0.000000e+00 1.000000e+00 1.000000e-01
5.579330e+03 0.000000e+00 1.000000e+00 1.000000e-01
5.579340e+03 0.000000e+00 1.000000e+00 1.000000e-01
5.579350e+03 0.000000e+00 1.000000e+00 1.000000e-01
5.579360e+03 4.127431e-05 9.999587e-01 9.999794e-02
5.579370e+03 3.874850e-05 9.999613e-01 9.999806e-02
5.579380e+03 0.000000e+00 1.000000e+00 1.000000e-01
5.579390e+03 0.000000e+00 1.000000e+00 1.000000e-01
5.579400e+03 0.000000e+00 1.000000e+00 1.000000e-01
5.579410e+03 0.000000e+00 1.000000e+00 1.000000e-01
5.579420e+03 0.000000e+00 1.000000e+00 1.000000e-01
5.579430e+03 0.000000e+00 1.000000e+00 1.000000e-01
5.579440e+03 0.000000e+00 1.000000e+00 1.000000e-01
5.579450e+03 0.000000e+00 1.000000e+00 1.000000e-01
5.579460e+03 0.000000e+00 1.000000e+00 1.000000e-01
5.579470e+03 0.000000e+00 1.000000e+00 1.000000e-01
5.579480e+03 0.000000e+00 1.000000e+00 1.000000e-01
5.579490e+03 0.000000e+00 1.000000e+00 1.000000e-01
5.579500e+03 0.000000e+00 1.000000e+00 1.000000e-01
5.579510e+03 0.000000e+00 1.000000e+00 1.000000e-01
5.579520e+03 0.000000e+00 1.000000e+00 1.000000e-01
5.579530e+03 0.000000e+00 1.000000e+00 1.000000e-01
5.579540e+03 0.000000e+00 1.000000e+00 1.000000e-01
5.579550e+03 0.000000e+00 1.000000e+00 1.000000e-01
5.579560e+03 0.000000e+00 1.000000e+00 1.000000e-01
5.579570e+03 0.000000e+00 1.000000e+00 1.000000e-01
5.579580e+03 0.000000e+00 1.000000e+00 1.000000e-01
5.579590e+03 0.000000e+00 1.000000e+00 1.000000e-01
5.579600e+03 0.000000e+00 1.000000e+00 1.000000e-01
5.579610e+03 0.000000e+00 1.000000e+00 1.000000e-01
5.579620e+03 0.000000e+00 1.000000e+00 1.000000e-01
5.579630e+03 0.000000e+00 1.000000e+00 1.000000e-01
5.579640e+03 0.000000e+00 1.000000e+00 1.000000e-01
5.579650e+03 0.000000e+00 1.000000e+00 1.000000e-01
5.579660e+03 0.000000e+00 1.000000e+00 1.000000e-01
5.579670e+03 0.000000e+00 1.000000e+00 1.000000e-01
5.579680e+03 0.000000e+00 1.000000e+00 1.000000e-01
5.579690e+03 0.000000e+00 1.000000e+00 1.000000e-01
5.579700e+03 0.000000e+00 1.000000e+00 1.000000e-01
5.579710e+03 0.000000e+00 1.000000e+00 1.000000e-01
5.579720e+03 0.000000e+00 1.000000e+00 1.000000e-01
5.579730e+03 0.000000e+00 1.000000e+00 1.000000e-01
5.579740e+03 0.000000e+00 1.000000e+00 1.000000e-01
5.579750e+03 0.000000e+00 1.000000e+00 1.000000e-01
5.579760e+03 0.000000e+00 1.000000e+00 1.000000e-01
5.579770e+03 0.000000e+00 1.000000e+00 1.000000e-01
5.579780e+03 0.000000e+00 1.000000e+00 1.000000e-01
5.579790e+03 0.000000e+00 1.000000e+00 1.000000e-01
5.579800e+03 0.000000e+00 1.000000e+00 1.000000e-01
5.579810e+03 0.000000e+00 1.000000e+00 1.000000e-01
5.579820e+03 0.000000e+00 1.000000e+00 1.000000e-01
5.579830e+03 0.000000e+00 1.000000e+00 1.000000e-01
5.579840e+03 0.000000e+00 1.000000e+00 1.000000e-01
5.579850e+03 0.000000e+00 1.000000e+00 1.000000e-01
5.579860e+03 0.000000e+00 1.000000e+00 1.000000e-01
5.579870e+03 0.000000e+00 1.000000e+00 1.000000e-01
5.579880e+03 0.000000e+00 1.000000e+00 1.000000e-01
5.579890e+03 0.000000e+00 1.000000e+00 1.000000e-01
5.579900e+03 0.000000e+00 1.000000e+00 1.000000e-01
5.579910e+03 0.000000e+00 1.000000e+00 1.000000e-01
5.579920e+03 0.000000e+00 1.000000e+00 1.000000e-01
5.579930e+03 0.000000e+00 1.000000e+00 1.000000e-01
5.579940e+03 0.000000e+00 1.000000e+00 1.000000e-01
5.579950e+03 0.000000e+00 1.000000e+00 1.000000e-01
5.579960e+03 0.000000e+00 1.000000e+00 1.000000e-01
5.579970e+03 0.000000e+00 1.000000e+00 1.000000e-01
5.579980e+03 0.000000e+00 1.000000e+00 1.000000e-01
5.579990e+03 0.000000e+00 1.000000e+00 1.000000e-01
5.580000e+03 0.000000e+00 1.000000e+00 1.000000e-01
5.580010e+03 0.000000e+00 1.000000e+00 1.000000e-01
5.580020e+03 0.000000e+00 1.000000e+00 1.000000e-01
5.580030e+03 0.000000e+00 1.000000e+00 1.000000e-01
5.580040e+03 0.000000e+00 1.000000e+00 1.000000e-01
5.580050e+03 0.000000e+00 1.000000e+00 1.000000e-01
5.580060e+03 0.000000e+00 1.000000e+00 1.000000e-01
5.580070e+03 0.000000e+00 1.000000e+00 1.000000e-01
5.580080e+03 0.000000e+00 1.000000e+00 1.000000e-01
5.580090e+03 0.000000e+00 1.000000e+00 1.000000e-01
5.580100e+03 0.000000e+00 1.000000e+00 1.000000e-01
5.580110e+03 7.678249e-08 9.999999e-01 1.000000e-01
5.580120e+03 7.673018e-08 9.999999e-01 1.000000e-01
5.580130e+03 0.000000e+00 1.000000e+00 1.000000e-01
5.580140e+03 0.000000e+00 1.000000e+00 1.000000e-01
5.580150e+03 0.000000e+00 1.000000e+00 1.000000e-01
5.580160e+03 0.000000e+00 1.000000e+00 1.000000e-01
5.580170e+03 0.000000e+00 1.000000e+00 1.000000e-01
5.580180e+03 0.000000e+00 1.000000e+00 1.000000e-01
5.580190e+03 0.000000e+00 1.000000e+00 1.000000e-01
5.580200e+03 0.000000e+00 1.000000e+00 1.000000e-01
5.580210e+03 0.000000e+00 1.000000e+00 1.000000e-01
5.580220e+03 0.000000e+00 1.000000e+00 1.000000e-01
5.580230e+03 0.000000e+00 1.000000e+00 1.000000e-01
5.580240e+03 0.000000e+00 1.000000e+00 1.000000e-01
5.580250e+03 0.000000e+00 1.000000e+00 1.000000e-01
5.580260e+03 0.000000e+00 1.000000e+00 1.000000e-01
5.580270e+03 0.000000e+00 1.000000e+00 1.000000e-01
5.580280e+03 0.000000e+00 1.000000e+00 1.000000e-01
5.580290e+03 0.000000e+00 1.000000e+00 1.000000e-01
5.580300e+03 0.000000e+00 1.000000e+00 1.000000e-01
5.580310e+03 0.000000e+00 1.000000e+00 1.000000e-01
5.580320e+03 0.000000e+00 1.000000e+00 1.000000e-01
5.580330e+03 0.000000e+00 1.000000e+00 1.000000e-01
5.580340e+03 0.000000e+00 1.000000e+00 1.000000e-01
5.580350e+03 0.000000e+00 1.000000e+00 1.000000e-01
5.580360e+03 0.000000e+00 1.000000e+00 1.000000e-01
5.580370e+03 0.000000e+00 1.000000e+00 1.000000e-01
5.580380e+03 0.000000e+00 1.000000e+00 1.000000e-01
5.580390e+03 0.000000e+00 1.000000e+00 1.000000e-01
5.580400e+03 7.664725e-08 9.999999e-01 1.000000e-01
5.580410e+03 7.677071e-08 9.999999e-01 1.000000e-01
5.580420e+03 2.555688e-12 1.000000e+00 1.000000e-01
5.580430e+03 2.555044e-12 1.000000e+00 1.000000e-01
5.580440e+03 0.000000e+00 1.000000e+00 1.000000e-01
5.580450e+03 0.000000e+00 1.000000e+00 1.000000e-01
5.580460e+03 0.000000e+00 1.000000e+00 1.000000e-01
5.580470e+03 0.000000e+00 1.000000e+00 1.000000e-01
5.580480e+03 0.000000e+00 1.000000e+00 1.000000e-01
5.580490e+03 0.000000e+00 1.000000e+00 1.000000e-01
5.580500e+03 0.000000e+00 1.000000e+00 1.000000e-01
5.580510e+03 0.000000e+00 1.000000e+00 1.000000e-01
5.580520e+03 0.000000e+00 1.000000e+00 1.000000e-01
5.580530e+03 0.000000e+00 1.000000e+00 1.000000e-01
5.580540e+03 0.000000e+00 1.000000e+00 1.000000e-01
5.580550e+03 0.000000e+00 1.000000e+00 1.000000e-01
5.580560e+03 0.000000e+00 1.000000e+00 1.000000e-01
5.580570e+03 0.000000e+00 1.000000e+00 1.000000e-01
5.580580e+03 0.000000e+00 1.000000e+00 1.000000e-01
5.580590e+03 9.400873e-09 1.000000e+00 1.000000e-01
5.580600e+03 9.397188e-09 1.000000e+00 1.000000e-01
5.580610e+03 0.000000e+00 1.000000e+00 1.000000e-01
5.580620e+03 0.000000e+00 1.000000e+00 1.000000e-01
5.580630e+03 0.000000e+00 1.000000e+00 1.000000e-01
5.580640e+03 0.000000e+00 1.000000e+00 1.000000e-01
5.580650e+03 0.000000e+00 1.000000e+00 1.000000e-01
5.580660e+03 0.000000e+00 1.000000e+00 1.000000e-01
5.580670e+03 0.000000e+00 1.000000e+00 1.000000e-01
5.580680e+03 0.000000e+00 1.000000e+00 1.000000e-01
5.580690e+03 0.000000e+00 1.000000e+00 1.000000e-01
5.580700e+03 0.000000e+00 1.000000e+00 1.000000e-01
5.580710e+03 0.000000e+00 1.000000e+00 1.000000e-01
5.580720e+03 0.000000e+00 1.000000e+00 1.000000e-01
5.580730e+03 0.000000e+00 1.000000e+00 1.000000e-01
5.580740e+03 0.000000e+00 1.000000e+00 1.000000e-01
5.580750e+03 0.000000e+00 1.000000e+00 1.000000e-01
5.580760e+03 0.000000e+00 1.000000e+00 1.000000e-01
5.580770e+03 0.000000e+00 1.000000e+00 1.000000e-01
5.580780e+03 0.000000e+00 1.000000e+00 1.000000e-01
5.580790e+03 7.127733e-07 9.999993e-01 9.999996e-02
5.580800e+03 7.109412e-07 9.999993e-01 9.999996e-02
5.580810e+03 5.885916e-13 1.000000e+00 1.000000e-01
5.580820e+03 0.000000e+00 1.000000e+00 1.000000e-01
5.580830e+03 0.000000e+00 1.000000e+00 1.000000e-01
5.580840e+03 0.000000e+00 1.000000e+00 1.000000e-01
5.580850e+03 0.000000e+00 1.000000e+00 1.000000e-01
5.580860e+03 0.000000e+00 1.000000e+00 1.000000e-01
5.580870e+03 0.000000e+00 1.000000e+00 1.000000e-01
5.580880e+03 0.000000e+00 1.000000e+00 1.000000e-01
5.580890e+03 0.000000e+00 1.000000e+00 1.000000e-01
5.580900e+03 0.000000e+00 1.000000e+00 1.000000e-01
5.580910e+03 0.000000e+00 1.000000e+00 1.000000e-01
5.580920e+03 0.000000e+00 1.000000e+00 1.000000e-01
5.580930e+03 0.000000e+00 1.000000e+00 1.000000e-01
5.580940e+03 0.000000e+00 1.000000e+00 1.000000e-01
5.580950e+03 0.000000e+00 1.000000e+00 1.000000e-01
5.580960e+03 0.000000e+00 1.000000e+00 1.000000e-01
5.580970e+03 0.000000e+00 1.000000e+00 1.000000e-01
5.580980e+03 0.000000e+00 1.000000e+00 1.000000e-01
5.580990e+03 0.000000e+00 1.000000e+00 1.000000e-01
5.581000e+03 0.000000e+00 1.000000e+00 1.000000e-01
5.581010e+03 0.000000e+00 1.000000e+00 1.000000e-01
5.581020e+03 0.000000e+00 1.000000e+00 1.000000e-01
5.581030e+03 0.000000e+00 1.000000e+00 1.000000e-01
5.581040e+03 0.000000e+00 1.000000e+00 1.000000e-01
5.581050e+03 0.000000e+00 1.000000e+00 1.000000e-01
5.581060e+03 0.000000e+00 1.000000e+00 1.000000e-01
5.581070e+03 0.000000e+00 1.000000e+00 1.000000e-01
5.581080e+03 0.000000e+00 1.000000e+00 1.000000e-01
5.581090e+03 0.000000e+00 1.000000e+00 1.000000e-01
5.581100e+03 0.000000e+00 1.000000e+00 1.000000e-01
5.581110e+03 0.000000e+00 1.000000e+00 1.000000e-01
5.581120e+03 0.000000e+00 1.000000e+00 1.000000e-01
5.581130e+03 0.000000e+00 1.000000e+00 1.000000e-01
5.581140e+03 0.000000e+00 1.000000e+00 1.000000e-01
5.581150e+03 0.000000e+00 1.000000e+00 1.000000e-01
5.581160e+03 0.000000e+00 1.000000e+00 1.000000e-01
5.581170e+03 0.000000e+00 1.000000e+00 1.000000e-01
5.581180e+03 0.000000e+00 1.000000e+00 1.000000e-01
5.581190e+03 0.000000e+00 1.000000e+00 1.000000e-01
5.581200e+03 0.000000e+00 1.000000e+00 1.000000e-01
5.581210e+03 0.000000e+00 1.000000e+00 1.000000e-01
5.581220e+03 0.000000e+00 1.000000e+00 1.000000e-01
5.581230e+03 0.000000e+00 1.000000e+00 1.000000e-01
5.581240e+03 0.000000e+00 1.000000e+00 1.000000e-01
5.581250e+03 3.276956e-07 9.999997e-01 9.999998e-02
5.581260e+03 3.280376e-07 9.999997e-01 9.999998e-02
5.581270e+03 0.000000e+00 1.000000e+00 1.000000e-01
5.581280e+03 0.000000e+00 1.000000e+00 1.000000e-01
5.581290e+03 0.000000e+00 1.000000e+00 1.000000e-01
5.581300e+03 0.000000e+00 1.000000e+00 1.000000e-01
5.581310e+03 0.000000e+00 1.000000e+00 1.000000e-01
5.581320e+03 0.000000e+00 1.000000e+00 1.000000e-01
5.581330e+03 0.000000e+00 1.000000e+00 1.000000e-01
5.581340e+03 0.000000e+00 1.000000e+00 1.000000e-01
5.581350e+03 0.000000e+00 1.000000e+00 1.000000e-01
5.581360e+03 0.000000e+00 1.000000e+00 1.000000e-01
5.581370e+03 1.336793e-07 9.999999e-01 9.999999e-02
5.581380e+03 1.336685e-07 9.999999e-01 9.999999e-02
5.581390e+03 4.219286e-08 1.000000e+00 1.000000e-01
5.581400e+03 4.229494e-08 1.000000e+00 1.000000e-01
5.581410e+03 0.000000e+00 1.000000e+00 1.000000e-01
5.581420e+03 0.000000e+00 1.000000e+00 1.000000e-01
5.581430e+03 0.000000e+00 1.000000e+00 1.000000e-01
5.581440e+03 0.000000e+00 1.000000e+00 1.000000e-01
5.581450e+03 0.000000e+00 1.000000e+00 1.000000e-01
5.581460e+03 0.000000e+00 1.000000e+00 1.000000e-01
5.581470e+03 8.738949e-06 9.999913e-01 9.999956e-02
5.581480e+03 8.775826e-06 9.999912e-01 9.999956e-02
5.581490e+03 0.000000e+00 1.000000e+00 1.000000e-01
5.581500e+03 0.000000e+00 1.000000e+00 1.000000e-01
5.581510e+03 0.000000e+00 1.000000e+00 1.000000e-01
5.581520e+03 0.000000e+00 1.000000e+00 1.000000e-01
5.581530e+03 2.113971e-08 1.000000e+00 1.000000e-01
5.581540e+03 2.110009e-08 1.000000e+00 1.000000e-01
5.581550e+03 0.000000e+00 1.000000e+00 1.000000e-01
5.581560e+03 0.000000e+00 1.000000e+00 1.000000e-01
5.581570e+03 0.000000e+00 1.000000e+00 1.000000e-01
5.581580e+03 0.000000e+00 1.000000e+00 1.000000e-01
5.581590e+03 0.000000e+00 1.000000e+00 1.000000e-01
5.581600e+03 2.710516e-04 9.997290e-01 9.998645e-02
5.581610e+03 2.721171e-04 9.997279e-01 9.998640e-02
5.581620e+03 2.731888e-04 9.997268e-01 9.998634e-02
5.581630e+03 2.742669e-04 9.997258e-01 9.998629e-02
5.581640e+03 2.753514e-04 9.997247e-01 9.998623e-02
5.581650e+03 2.764424e-04 9.997236e-01 9.998618e-02
5.581660e+03 2.775398e-04 9.997225e-01 9.998612e-02
5.581670e+03 2.786438e-04 9.997214e-01 9.998607e-02
5.581680e+03 2.797544e-04 9.997203e-01 9.998601e-02
5.581690e+03 2.808716e-04 9.997192e-01 9.998596e-02
5.581700e+03 2.819955e-04 9.997180e-01 9.998590e-02
5.581710e+03 2.831262e-04 9.997169e-01 9.998584e-02
5.581720e+03 2.842637e-04 9.997158e-01 9.998579e-02
5.581730e+03 2.854081e-04 9.997146e-01 9.998573e-02
5.581740e+03 2.865593e-04 9.997135e-01 9.998567e-02
5.581750e+03 2.877176e-04 9.997123e-01 9.998562e-02
5.581760e+03 2.888829e-04 9.997112e-01 9.998556e-02
5.581770e+03 1.078572e-03 9.989220e-01 9.994609e-02
5.581780e+03 1.232557e-03 9.987682e-01 9.993839e-02
5.581790e+03 2.232304e-03 9.977702e-01 9.988845e-02
5.581800e+03 3.174415e-03 9.968306e-01 9.984141e-02
5.581810e+03 4.859219e-03 9.951526e-01 9.975733e-02
5.581820e+03 8.193419e-03 9.918401e-01 9.959117e-02
5.581830e+03 1.334666e-02 9.867420e-01 9.933489e-02
5.581840e+03 2.172230e-02 9.785119e-01 9.891976e-02
5.581850e+03 3.429168e-02 9.662896e-01 9.830003e-02
5.581860e+03 5.278304e-02 9.485858e-01 9.739537e-02
5.581870e+03 7.744234e-02 9.254804e-01 9.620189e-02
5.581880e+03 1.080761e-01 8.975593e-01 9.473961e-02
5.581890e+03 1.433008e-01 8.664934e-01 9.308563e-02
5.581900e+03 1.804075e-01 8.349299e-01 9.137450e-02
5.581910e+03 2.155693e-01 8.060824e-01 8.978209e-02
5.581920e+03 2.444288e-01 7.831518e-01 8.849586e-02
5.581930e+03 2.629651e-01 7.687687e-01 8.767946e-02
5.581940e+03 2.684100e-01 7.645942e-01 8.744108e-02
5.581950e+03 2.599250e-01 7.711094e-01 8.781284e-02
5.581960e+03 2.388134e-01 7.875618e-01 8.874468e-02
5.581970e+03 2.081926e-01 8.120506e-01 9.011385e-02
5.581980e+03 1.722394e-01 8.417777e-01 9.174844e-02
5.581990e+03 1.352612e-01 8.734877e-01 9.346057e-02
5.582000e+03 1.008750e-01 9.040461e-01 9.508134e-02
5.582010e+03 7.149997e-02 9.309963e-01 9.648815e-02
5.582020e+03 4.823445e-02 9.529104e-01 9.761713e-02
5.582030e+03 3.105091e-02 9.694262e-01 9.845944e-02
5.582040e+03 1.916883e-02 9.810137e-01 9.904614e-02
5.582050e+03 1.145447e-02 9.886109e-01 9.942891e-02
5.582060e+03 6.741347e-03 9.932813e-01 9.966350e-02
5.582070e+03 4.026386e-03 9.959817e-01 9.979888e-02
5.582080e+03 2.548992e-03 9.974543e-01 9.987263e-02
5.582090e+03 1.787825e-03 9.982138e-01 9.991065e-02
5.582100e+03 1.415394e-03 9.985856e-01 9.992926e-02
5.582110e+03 1.036499e-03 9.989640e-01 9.994819e-02
5.582120e+03 1.040874e-03 9.989597e-01 9.994797e-02
5.582130e+03 1.045278e-03 9.989553e-01 9.994775e-02
5.582140e+03 1.049709e-03 9.989508e-01 9.994753e-02
5.582150e+03 1.054169e-03 9.989464e-01 9.994731e-02
5.582160e+03 1.161728e-03 9.988389e-01 9.994193e-02
5.582170e+03 1.173567e-03 9.988271e-01 9.994134e-02
5.582180e+03 1.186264e-03 9.988144e-01 9.994070e-02
5.582190e+03 1.199955e-03 9.988008e-01 9.994002e-02
5.582200e+03 1.214803e-03 9.987859e-01 9.993928e-02
5.582210e+03 1.231011e-03 9.987697e-01 9.993847e-02
5.582220e+03 1.248832e-03 9.987519e-01 9.993758e-02
5.582230e+03 1.268593e-03 9.987322e-01 9.993659e-02
5.582240e+03 1.290740e-03 9.987101e-01 9.993548e-02
5.582250e+03 1.315948e-03 9.986849e-01 9.993422e-02
5.582260e+03 1.345437e-03 9.986555e-01 9.993275e-02
5.582270e+03 1.381853e-03 9.986191e-01 9.993093e-02
5.582280e+03 1.431708e-03 9.985693e-01 9.992844e-02
5.582290e+03 1.511766e-03 9.984894e-01 9.992444e-02
5.582300e+03 1.664574e-03 9.983368e-01 9.991681e-02
5.582310e+03 1.993433e-03 9.980086e-01 9.990038e-02
5.582320e+03 2.734495e-03 9.972692e-01 9.986337e-02
5.582330e+03 4.391636e-03 9.956180e-01 9.978066e-02
5.582340e+03 7.962106e-03 9.920695e-01 9.960269e-02
5.582350e+03 1.526605e-02 9.848499e-01 9.923960e-02
5.582360e+03 2.934564e-02 9.710808e-01 9.854343e-02
5.582370e+03 5.481148e-02 9.466636e-01 9.729664e-02
5.582380e+03 9.789987e-02 9.067397e-01 9.522288e-02
5.582390e+03 1.659201e-01 8.471139e-01 9.203879e-02
5.582400e+03 2.658092e-01 7.665854e-01 8.755486e-02
5.582410e+03 4.017576e-01 6.691429e-01 8.180116e-02
5.582420e+03 5.723326e-01 5.642078e-01 7.511377e-02
5.582430e+03 7.680488e-01 4.639174e-01 6.811148e-02
5.582440e+03 9.706299e-01 3.788443e-01 6.155033e-02
5.582450e+03 1.154962e+00 3.150695e-01 5.613105e-02
5.582460e+03 1.293861e+00 2.742099e-01 5.236506e-02
5.582470e+03 1.364632e+00 2.554746e-01 5.054450e-02
5.582480e+03 1.354846e+00 2.579870e-01 5.079242e-02
5.582490e+03 1.266241e+00 2.818893e-01 5.309325e-02
5.582500e+03 1.114181e+00 3.281840e-01 5.728735e-02
5.582510e+03 9.230240e-01 3.973157e-01 6.303299e-02
5.582520e+03 7.200130e-01 4.867459e-01 6.976718e-02
5.582530e+03 5.289664e-01 5.892137e-01 7.676025e-02
5.582540e+03 3.661293e-01 6.934132e-01 8.327143e-02
5.582550e+03 2.389160e-01 7.874810e-01 8.874013e-02
5.582560e+03 1.471622e-01 8.631539e-01 9.290608e-02
5.582570e+03 8.576922e-02 9.178060e-01 9.580219e-02
5.582580e+03 4.752856e-02 9.535832e-01 9.765159e-02
5.582590e+03 2.529303e-02 9.750242e-01 9.874331e-02
5.582600e+03 1.319252e-02 9.868941e-01 9.934254e-02
5.582610e+03 7.011323e-03 9.930132e-01 9.965005e-02
5.582620e+03 4.034905e-03 9.959732e-01 9.979846e-02
5.582630e+03 2.673930e-03 9.973296e-01 9.986639e-02
5.582640e+03 2.074657e-03 9.979275e-01 9.989632e-02
5.582650e+03 1.813555e-03 9.981881e-01 9.990936e-02
5.582660e+03 1.695457e-03 9.983060e-01 9.991526e-02
5.582670e+03 1.636276e-03 9.983651e-01 9.991822e-02
5.582680e+03 1.601801e-03 9.983995e-01 9.991994e-02
5.582690e+03 1.578645e-03 9.984226e-01 9.992110e-02
5.582700e+03 1.561584e-03 9.984396e-01 9.992195e-02
5.582710e+03 1.548450e-03 9.984527e-01 9.992261e-02
5.582720e+03 1.538201e-03 9.984630e-01 9.992312e-02
5.582730e+03 1.530234e-03 9.984709e-01 9.992352e-02
5.582740e+03 1.524140e-03 9.984770e-01 9.992382e-02
5.582750e+03 1.519611e-03 9.984815e-01 9.992405e-02
5.582760e+03 1.516409e-03 9.984847e-01 9.992421e-02
5.582770e+03 1.514343e-03 9.984868e-01 9.992431e-02
5.582780e+03 1.513257e-03 9.984879e-01 9.992437e-02
5.582790e+03 1.513022e-03 9.984881e-01 9.992438e-02
5.582800e+03 1.418522e-03 9.985825e-01 9.992910e-02
5.582810e+03 1.425532e-03 9.985755e-01 9.992875e-02
5.582820e+03 1.432595e-03 9.985684e-01 9.992840e-02
5.582830e+03 1.439710e-03 9.985613e-01 9.992804e-02
5.582840e+03 1.446879e-03 9.985542e-01 9.992768e-02
5.582850e+03 1.454101e-03 9.985470e-01 9.992732e-02
5.582860e+03 1.461377e-03 9.985397e-01 9.992696e-02
5.582870e+03 1.468708e-03 9.985324e-01 9.992659e-02
5.582880e+03 1.476094e-03 9.985250e-01 9.992622e-02
5.582890e+03 1.483537e-03 9.985176e-01 9.992585e-02
5.582900e+03 1.491035e-03 9.985101e-01 9.992548e-02
5.582910e+03 1.498591e-03 9.985025e-01 9.992510e-02
5.582920e+03 1.506205e-03 9.984949e-01 9.992472e-02
5.582930e+03 1.513876e-03 9.984873e-01 9.992433e-02
5.582940e+03 1.521607e-03 9.984796e-01 9.992395e-02
5.582950e+03 1.529396e-03 9.984718e-01 9.992356e-02
5.582960e+03 1.537246e-03 9.984639e-01 9.992317e-02
5.582970e+03 1.545156e-03 9.984560e-01 9.992277e-02
5.582980e+03 1.553128e-03 9.984481e-01 9.992237e-02
5.582990e+03 1.561162e-03 9.984401e-01 9.992197e-02
5.583000e+03 1.569258e-03 9.984320e-01 9.992157e-02
5.583010e+03 1.577417e-03 9.984238e-01 9.992116e-02
5.583020e+03 1.585640e-03 9.984156e-01 9.992075e-02
5.583030e+03 1.593928e-03 9.984073e-01 9.992034e-02
5.583040e+03 1.602280e-03 9.983990e-01 9.991992e-02
5.583050e+03 1.610699e-03 9.983906e-01 9.991950e-02
5.583060e+03 1.619184e-03 9.983821e-01 9.991907e-02
5.583070e+03 1.627737e-03 9.983736e-01 9.991865e-02
5.583080e+03 1.636357e-03 9.983650e-01 9.991822e-02
5.583090e+03 1.645046e-03 9.983563e-01 9.991778e-02
5.583100e+03 1.653805e-03 9.983476e-01 9.991734e-02
5.583110e+03 1.662633e-03 9.983387e-01 9.991690e-02
5.583120e+03 1.671533e-03 9.983299e-01 9.991646e-02
5.583130e+03 1.680504e-03 9.983209e-01 9.991601e-02
5.583140e+03 1.689548e-03 9.983119e-01 9.991556e-02
5.583150e+03 1.698665e-03 9.983028e-01 9.991510e-02
5.583160e+03 1.707857e-03 9.982936e-01 9.991464e-02
5.583170e+03 1.995977e-03 9.980060e-01 9.990025e-02
5.583180e+03 2.006414e-03 9.979956e-01 9.989973e-02
5.583190e+03 2.016935e-03 9.979851e-01 9.989920e-02
5.583200e+03 2.027539e-03 9.979745e-01 9.989867e-02
5.583210e+03 2.038228e-03 9.979638e-01 9.989814e-02
5.583220e+03 2.049002e-03 9.979531e-01 9.989760e-02
5.583230e+03 2.059863e-03 9.979423e-01 9.989706e-02
5.583240e+03 2.070812e-03 9.979313e-01 9.989651e-02
5.583250e+03 2.081849e-03 9.979203e-01 9.989596e-02
5.583260e+03 2.092976e-03 9.979092e-01 9.989541e-02
5.583270e+03 2.104193e-03 9.978980e-01 9.989485e-02
5.583280e+03 2.115501e-03 9.978867e-01 9.989428e-02
5.583290e+03 2.126902e-03 9.978754e-01 9.989371e-02
5.583300e+03 2.138396e-03 9.978639e-01 9.989314e-02
5.583310e+03 2.149985e-03 9.978523e-01 9.989256e-02
5.583320e+03 2.161670e-03 9.978407e-01 9.989197e-02
5.583330e+03 2.173450e-03 9.978289e-01 9.989139e-02
5.583340e+03 2.185329e-03 9.978171e-01 9.989079e-02
5.583350e+03 2.197306e-03 9.978051e-01 9.989020e-02
5.583360e+03 2.209383e-03 9.977931e-01 9.988959e-02
5.583370e+03 2.221561e-03 9.977809e-01 9.988898e-02
5.583380e+03 2.233842e-03 9.977687e-01 9.988837e-02
5.583390e+03 2.246225e-03 9.977563e-01 9.988775e-02
5.583400e+03 2.258713e-03 9.977438e-01 9.988713e-02
5.583410e+03 2.628732e-03 9.973747e-01 9.986865e-02
5.583420e+03 2.642836e-03 9.973607e-01 9.986795e-02
5.583430e+03 2.657057e-03 9.973465e-01 9.986724e-02
5.583440e+03 2.671395e-03 9.973322e-01 9.986652e-02
5.583450e+03 2.685853e-03 9.973178e-01 9.986580e-02
5.583460e+03 2.700431e-03 9.973032e-01 9.986507e-02
5.583470e+03 2.715130e-03 9.972886e-01 9.986434e-02
5.583480e+03 2.729953e-03 9.972738e-01 9.986360e-02
5.583490e+03 2.744900e-03 9.972589e-01 9.986285e-02
5.583500e+03 2.759972e-03 9.972438e-01 9.986210e-02
5.583510e+03 2.775173e-03 9.972287e-01 9.986134e-02
5.583520e+03 2.790502e-03 9.972134e-01 9.986057e-02
5.583530e+03 2.805961e-03 9.971980e-01 9.985980e-02
5.583540e+03 2.821552e-03 9.971824e-01 9.985902e-02
5.583550e+03 2.837277e-03 9.971667e-01 9.985824e-02
5.583560e+03 2.853136e-03 9.971509e-01 9.985744e-02
5.583570e+03 2.869132e-03 9.971350e-01 9.985665e-02
5.583580e+03 2.885266e-03 9.971189e-01 9.985584e-02
5.583590e+03 2.901539e-03 9.971027e-01 9.985503e-02
5.583600e+03 2.917954e-03 9.970863e-01 9.985421e-02
5.583610e+03 2.934512e-03 9.970698e-01 9.985338e-02
5.583620e+03 2.951215e-03 9.970531e-01 9.985255e-02
5.583630e+03 2.968064e-03 9.970363e-01 9.985171e-02
5.583640e+03 2.985061e-03 9.970194e-01 9.985086e-02
5.583650e+03 3.002208e-03 9.970023e-01 9.985000e-02
5.583660e+03 3.019507e-03 9.969850e-01 9.984914e-02
5.583670e+03 3.036959e-03 9.969676e-01 9.984827e-02
5.583680e+03 3.054567e-03 9.969501e-01 9.984739e-02
5.583690e+03 3.072332e-03 9.969324e-01 9.984650e-02
5.583700e+03 3.090257e-03 9.969145e-01 9.984561e-02
5.583710e+03 3.108342e-03 9.968965e-01 9.984470e-02
5.583720e+03 3.126591e-03 9.968783e-01 9.984379e-02
5.583730e+03 3.145005e-03 9.968599e-01 9.984287e-02
5.583740e+03 3.163586e-03 9.968414e-01 9.984195e-02
5.583750e+03 3.182337e-03 9.968227e-01 9.984101e-02
5.583760e+03 3.201259e-03 9.968039e-01 9.984007e-02
5.583770e+03 3.220354e-03 9.967848e-01 9.983911e-02
5.583780e+03 3.239625e-03 9.967656e-01 9.983815e-02
5.583790e+03 3.259074e-03 9.967462e-01 9.983718e-02
5.583800e+03 3.278703e-03 9.967267e-01 9.983620e-02
5.583810e+03 3.298515e-03 9.967069e-01 9.983521e-02
5.583820e+03 3.318511e-03 9.966870e-01 9.983421e-02
5.583830e+03 3.338694e-03 9.966669e-01 9.983320e-02
5.583840e+03 3.359067e-03 9.966466e-01 9.983219e-02
5.583850e+03 3.379631e-03 9.966261e-01 9.983116e-02
5.583860e+03 3.400390e-03 9.966054e-01 9.983012e-02
5.583870e+03 3.421346e-03 9.965845e-01 9.982908e-02
5.583880e+03 3.442502e-03 9.965634e-01 9.982802e-02
5.583890e+03 3.463859e-03 9.965421e-01 9.982696e-02
5.583900e+03 3.485421e-03 9.965206e-01 9.982588e-02
5.583910e+03 3.507190e-03 9.964990e-01 9.982479e-02
5.583920e+03 3.529169e-03 9.964771e-01 9.982370e-02
5.583930e+03 3.551361e-03 9.964549e-01 9.982259e-02
5.583940e+03 3.573769e-03 9.964326e-01 9.982147e-02
5.583950e+03 3.596395e-03 9.964101e-01 9.982034e-02
5.583960e+03 3.619366e-03 9.963872e-01 9.981920e-02
5.583970e+03 3.642438e-03 9.963642e-01 9.981804e-02
5.583980e+03 4.122476e-03 9.958860e-01 9.979409e-02
5.583990e+03 4.147801e-03 9.958608e-01 9.979282e-02
5.584000e+03 4.173370e-03 9.958353e-01 9.979155e-02
5.584010e+03 4.199186e-03 9.958096e-01 9.979026e-02
5.584020e+03 4.225253e-03 9.957837e-01 9.978896e-02
5.584030e+03 4.251574e-03 9.957575e-01 9.978765e-02
5.584040e+03 4.278152e-03 9.957310e-01 9.978632e-02
5.584050e+03 4.304991e-03 9.957043e-01 9.978498e-02
5.584060e+03 4.332095e-03 9.956773e-01 9.978363e-02
5.584070e+03 5.112390e-03 9.949007e-01 9.974471e-02
5.584080e+03 5.145972e-03 9.948672e-01 9.974303e-02
5.584090e+03 5.179900e-03 9.948335e-01 9.974134e-02
5.584100e+03 5.214179e-03 9.947994e-01 9.973963e-02
5.584110e+03 5.248813e-03 9.947649e-01 9.973790e-02
5.584120e+03 5.283809e-03 9.947301e-01 9.973616e-02
5.584130e+03 5.319171e-03 9.946950e-01 9.973439e-02
5.584140e+03 5.354904e-03 9.946594e-01 9.973261e-02
5.584150e+03 5.391015e-03 9.946235e-01 9.973081e-02
5.584160e+03 5.889114e-03 9.941282e-01 9.970598e-02
5.584170e+03 5.927807e-03 9.940897e-01 9.970405e-02
5.584180e+03 5.966903e-03 9.940509e-01 9.970210e-02
5.584190e+03 6.006411e-03 9.940116e-01 9.970013e-02
5.584200e+03 6.046334e-03 9.939719e-01 9.969814e-02
5.584210e+03 6.086679e-03 9.939318e-01 9.969613e-02
5.584220e+03 6.127453e-03 9.938913e-01 9.969410e-02
5.584230e+03 6.778778e-03 9.932441e-01 9.966163e-02
5.584240e+03 6.825251e-03 9.931980e-01 9.965932e-02
5.584250e+03 6.872229e-03 9.931513e-01 9.965698e-02
5.584260e+03 6.919720e-03 9.931042e-01 9.965461e-02
5.584270e+03 6.967732e-03 9.930565e-01 9.965222e-02
5.584280e+03 7.016273e-03 9.930083e-01 9.964980e-02
5.584290e+03 7.065349e-03 9.929596e-01 9.964736e-02
5.584300e+03 7.455352e-03 9.925724e-01 9.962793e-02
5.584310e+03 7.506865e-03 9.925212e-01 9.962536e-02
5.584320e+03 7.558948e-03 9.924695e-01 9.962277e-02
5.584330e+03 7.611610e-03 9.924173e-01 9.962014e-02
5.584340e+03 7.664859e-03 9.923644e-01 9.961749e-02
5.584350e+03 8.314236e-03 9.917202e-01 9.958515e-02
5.584360e+03 8.373384e-03 9.916616e-01 9.958221e-02
5.584370e+03 8.433203e-03 9.916023e-01 9.957923e-02
5.584380e+03 8.493704e-03 9.915423e-01 9.957622e-02
5.584390e+03 8.554897e-03 9.914816e-01 9.957317e-02
5.584400e+03 8.616794e-03 9.914202e-01 9.957009e-02
5.584410e+03 1.012108e-02 9.899300e-01 9.949522e-02
5.584420e+03 1.019582e-02 9.898560e-01 9.949151e-02
5.584430e+03 1.099491e-02 9.890653e-01 9.945176e-02
5.584440e+03 1.107424e-02 9.889869e-01 9.944782e-02
5.584450e+03 1.115450e-02 9.889075e-01 9.944383e-02
5.584460e+03 1.123568e-02 9.888272e-01 9.943979e-02
5.584470e+03 1.131782e-02 9.887460e-01 9.943571e-02
5.584480e+03 1.140092e-02 9.886638e-01 9.943158e-02
5.584490e+03 1.148501e-02 9.885807e-01 9.942740e-02
5.584500e+03 1.189408e-02 9.881764e-01 9.940706e-02
5.584510e+03 1.198274e-02 9.880888e-01 9.940265e-02
5.584520e+03 1.207245e-02 9.880001e-01 9.939820e-02
5.584530e+03 1.216324e-02 9.879104e-01 9.939368e-02
5.584540e+03 1.225513e-02 9.878197e-01 9.938912e-02
5.584550e+03 1.234814e-02 9.877278e-01 9.938450e-02
5.584560e+03 1.244227e-02 9.876348e-01 9.937982e-02
5.584570e+03 1.253756e-02 9.875407e-01 9.937508e-02
5.584580e+03 1.294952e-02 9.871340e-01 9.935462e-02
5.584590e+03 1.304841e-02 9.870363e-01 9.934970e-02
5.584600e+03 1.314853e-02 9.869375e-01 9.934473e-02
5.584610e+03 1.324988e-02 9.868375e-01 9.933970e-02
5.584620e+03 1.335250e-02 9.867363e-01 9.933460e-02
5.584630e+03 1.345640e-02 9.866337e-01 9.932944e-02
5.584640e+03 1.356161e-02 9.865299e-01 9.932421e-02
5.584650e+03 1.366815e-02 9.864248e-01 9.931892e-02
5.584660e+03 1.377605e-02 9.863184e-01 9.931356e-02
5.584670e+03 1.429404e-02 9.858076e-01 9.928785e-02
5.584680e+03 1.440795e-02 9.856954e-01 9.928219e-02
5.584690e+03 1.503756e-02 9.850749e-01 9.925094e-02
5.584700e+03 1.515849e-02 9.849558e-01 9.924494e-02
5.584710e+03 1.528099e-02 9.848352e-01 9.923886e-02
5.584720e+03 1.540509e-02 9.847130e-01 9.923270e-02
5.584730e+03 1.553081e-02 9.845892e-01 9.922647e-02
5.584740e+03 1.565818e-02 9.844638e-01 9.922015e-02
5.584750e+03 1.578725e-02 9.843367e-01 9.921374e-02
5.584760e+03 1.591803e-02 9.842080e-01 9.920726e-02
5.584770e+03 1.605056e-02 9.840776e-01 9.920068e-02
5.584780e+03 1.618487e-02 9.839454e-01 9.919402e-02
5.584790e+03 1.632100e-02 9.838115e-01 9.918727e-02
5.584800e+03 1.645897e-02 9.836757e-01 9.918043e-02
5.584810e+03 1.659884e-02 9.835382e-01 9.917349e-02
5.584820e+03 1.674062e-02 9.833987e-01 9.916646e-02
5.584830e+03 1.724320e-02 9.829046e-01 9.914155e-02
5.584840e+03 1.739177e-02 9.827586e-01 9.913418e-02
5.584850e+03 1.754240e-02 9.826106e-01 9.912672e-02
5.584860e+03 1.769514e-02 9.824605e-01 9.911915e-02
5.584870e+03 1.785003e-02 9.823083e-01 9.911147e-02
5.584880e+03 1.800712e-02 9.821540e-01 9.910369e-02
5.584890e+03 1.816643e-02 9.819976e-01 9.909579e-02
5.584900e+03 1.832803e-02 9.818389e-01 9.908778e-02
5.584910e+03 1.849196e-02 9.816780e-01 9.907966e-02
5.584920e+03 1.865825e-02 9.815147e-01 9.907143e-02
5.584930e+03 1.882697e-02 9.813492e-01 9.906307e-02
5.584940e+03 1.899815e-02 9.811812e-01 9.905459e-02
5.584950e+03 1.917186e-02 9.810108e-01 9.904599e-02
5.584960e+03 1.977330e-02 9.804209e-01 9.901621e-02
5.584970e+03 1.995556e-02 9.802422e-01 9.900718e-02
5.584980e+03 2.014054e-02 9.800609e-01 9.899803e-02
5.584990e+03 2.067257e-02 9.795396e-01 9.897169e-02
5.585000e+03 2.086588e-02 9.793503e-01 9.896213e-02
5.585010e+03 2.106212e-02 9.791581e-01 9.895242e-02
5.585020e+03 2.126135e-02 9.789631e-01 9.894256e-02
5.585030e+03 2.146364e-02 9.787651e-01 9.893256e-02
5.585040e+03 2.166904e-02 9.785640e-01 9.892240e-02
5.585050e+03 2.221071e-02 9.780341e-01 9.889561e-02
5.585060e+03 2.242386e-02 9.778257e-01 9.888507e-02
5.585070e+03 2.264035e-02 9.776140e-01 9.887437e-02
5.585080e+03 2.286025e-02 9.773991e-01 9.886350e-02
5.585090e+03 2.308362e-02 9.771808e-01 9.885245e-02
5.585100e+03 2.331056e-02 9.769590e-01 9.884124e-02
5.585110e+03 2.354114e-02 9.767338e-01 9.882984e-02
5.585120e+03 2.377544e-02 9.765050e-01 9.881827e-02
5.585130e+03 2.401355e-02 9.762725e-01 9.880650e-02
5.585140e+03 2.425555e-02 9.760363e-01 9.879455e-02
5.585150e+03 2.450153e-02 9.757962e-01 9.878240e-02
5.585160e+03 2.475159e-02 9.755522e-01 9.877005e-02
5.585170e+03 2.500582e-02 9.753042e-01 9.875749e-02
5.585180e+03 2.526431e-02 9.750522e-01 9.874473e-02
5.585190e+03 2.552718e-02 9.747959e-01 9.873175e-02
5.585200e+03 2.579452e-02 9.745353e-01 9.871856e-02
5.585210e+03 2.606643e-02 9.742704e-01 9.870513e-02
5.585220e+03 2.634304e-02 9.740009e-01 9.869148e-02
5.585230e+03 2.662445e-02 9.737269e-01 9.867760e-02
5.585240e+03 2.691078e-02 9.734481e-01 9.866347e-02
5.585250e+03 2.752282e-02 9.728525e-01 9.863328e-02
5.585260e+03 2.782189e-02 9.725616e-01 9.861854e-02
5.585270e+03 2.812628e-02 9.722656e-01 9.860353e-02
5.585280e+03 2.843613e-02 9.719644e-01 9.858825e-02
5.585290e+03 2.875158e-02 9.716578e-01 9.857270e-02
5.585300e+03 2.907277e-02 9.713458e-01 9.855688e-02
5.585310e+03 2.939985e-02 9.710281e-01 9.854076e-02
5.585320e+03 3.009480e-02 9.703535e-01 9.850652e-02
5.585330e+03 3.043990e-02 9.700187e-01 9.848953e-02
5.585340e+03 3.079149e-02 9.696777e-01 9.847222e-02
5.585350e+03 3.114976e-02 9.693304e-01 9.845458e-02
5.585360e+03 3.192314e-02 9.685810e-01 9.841651e-02
5.585370e+03 3.257850e-02 9.679465e-01 9.838427e-02
5.585380e+03 3.296335e-02 9.675740e-01 9.836534e-02
5.585390e+03 3.335568e-02 9.671945e-01 9.834605e-02
5.585400e+03 3.416675e-02 9.664103e-01 9.830617e-02
5.585410e+03 3.457629e-02 9.660146e-01 9.828604e-02
5.585420e+03 3.499397e-02 9.656112e-01 9.826552e-02
5.585430e+03 3.542002e-02 9.651999e-01 9.824459e-02
5.585440e+03 3.585466e-02 9.647805e-01 9.822324e-02
5.585450e+03 3.629816e-02 9.643527e-01 9.820146e-02
5.585460e+03 3.675076e-02 9.639164e-01 9.817924e-02
5.585470e+03 3.721273e-02 9.634712e-01 9.815657e-02
5.585480e+03 3.768434e-02 9.630169e-01 9.813342e-02
5.585490e+03 3.816588e-02 9.625533e-01 9.810980e-02
5.585500e+03 3.865764e-02 9.620800e-01 9.808568e-02
5.585510e+03 3.915994e-02 9.615969e-01 9.806105e-02
5.585520e+03 3.967308e-02 9.611036e-01 9.803589e-02
5.585530e+03 4.067475e-02 9.601414e-01 9.798680e-02
5.585540e+03 4.121438e-02 9.596234e-01 9.796037e-02
5.585550e+03 4.176595e-02 9.590942e-01 9.793336e-02
5.585560e+03 4.232982e-02 9.585536e-01 9.790575e-02
5.585570e+03 4.326430e-02 9.576582e-01 9.786001e-02
5.585580e+03 4.459113e-02 9.563884e-01 9.779511e-02
5.585590e+03 4.520300e-02 9.558034e-01 9.776520e-02
5.585600e+03 4.582895e-02 9.552053e-01 9.773461e-02
5.585610e+03 4.646943e-02 9.545937e-01 9.770331e-02
5.585620e+03 4.712493e-02 9.539682e-01 9.767130e-02
5.585630e+03 4.804561e-02 9.530903e-01 9.762634e-02
5.585640e+03 4.873465e-02 9.524338e-01 9.759272e-02
5.585650e+03 4.944030e-02 9.517620e-01 9.755829e-02
5.585660e+03 5.108020e-02 9.502025e-01 9.747833e-02
5.585670e+03 5.183549e-02 9.494851e-01 9.744152e-02
5.585680e+03 5.260955e-02 9.487504e-01 9.740382e-02
5.585690e+03 5.408593e-02 9.473507e-01 9.733194e-02
5.585700e+03 5.490496e-02 9.465751e-01 9.729209e-02
5.585710e+03 5.574493e-02 9.457803e-01 9.725124e-02
5.585720e+03 5.690033e-02 9.446882e-01 9.719507e-02
5.585730e+03 5.778920e-02 9.438489e-01 9.715189e-02
5.585740e+03 5.870153e-02 9.429882e-01 9.710758e-02
5.585750e+03 5.963820e-02 9.421053e-01 9.706211e-02
5.585760e+03 6.060015e-02 9.411995e-01 9.701544e-02
5.585770e+03 6.288352e-02 9.390528e-01 9.690474e-02
5.585780e+03 6.391444e-02 9.380853e-01 9.685480e-02
5.585790e+03 6.497404e-02 9.370918e-01 9.680350e-02
5.585800e+03 6.606345e-02 9.360715e-01 9.675079e-02
5.585810e+03 6.718391e-02 9.350232e-01 9.669660e-02
5.585820e+03 6.901104e-02 9.333164e-01 9.660830e-02
5.585830e+03 7.090033e-02 9.315547e-01 9.651708e-02
5.585840e+03 7.214997e-02 9.303914e-01 9.645680e-02
5.585850e+03 7.343737e-02 9.291943e-01 9.639473e-02
5.585860e+03 7.476418e-02 9.279623e-01 9.633080e-02
5.585870e+03 7.613217e-02 9.266937e-01 9.626493e-02
5.585880e+03 7.754318e-02 9.253871e-01 9.619704e-02
5.585890e+03 7.899919e-02 9.240407e-01 9.612703e-02
5.585900e+03 8.087582e-02 9.223082e-01 9.603688e-02
5.585910e+03 8.242969e-02 9.208762e-01 9.596229e-02
5.585920e+03 8.410109e-02 9.193383e-01 9.588213e-02
5.585930e+03 8.624932e-02 9.173655e-01 9.577920e-02
5.585940e+03 8.811492e-02 9.156556e-01 9.568990e-02
5.585950e+03 9.081605e-02 9.131857e-01 9.556075e-02
5.585960e+03 9.333400e-02 9.108892e-01 9.544052e-02
5.585970e+03 9.654205e-02 9.079717e-01 9.528755e-02
5.585980e+03 1.008540e-01 9.040650e-01 9.508233e-02
5.585990e+03 1.067984e-01 8.987068e-01 9.480015e-02
5.586000e+03 1.149340e-01 8.914250e-01 9.441531e-02
5.586010e+03 1.256812e-01 8.818960e-01 9.390932e-02
5.586020e+03 1.390895e-01 8.701501e-01 9.328184e-02
5.586030e+03 1.546129e-01 8.567468e-01 9.256062e-02
5.586040e+03 1.710028e-01 8.428192e-01 9.180518e-02
5.586050e+03 1.869023e-01 8.295248e-01 9.107825e-02
5.586060e+03 1.997774e-01 8.189130e-01 9.049381e-02
5.586070e+03 2.074130e-01 8.126839e-01 9.014898e-02
5.586080e+03 2.093654e-01 8.110988e-01 9.006102e-02
5.586090e+03 2.058387e-01 8.139644e-01 9.021997e-02
5.586100e+03 1.980927e-01 8.202938e-01 9.057007e-02
5.586110e+03 1.891502e-01 8.276622e-01 9.097594e-02
5.586120e+03 1.788934e-01 8.361950e-01 9.144370e-02
5.586130e+03 1.712699e-01 8.425941e-01 9.179292e-02
5.586140e+03 1.667969e-01 8.463715e-01 9.199845e-02
5.586150e+03 1.639078e-01 8.488202e-01 9.213144e-02
5.586160e+03 1.641338e-01 8.486285e-01 9.212103e-02
5.586170e+03 1.678111e-01 8.455135e-01 9.195181e-02
5.586180e+03 1.738281e-01 8.404414e-01 9.167559e-02
5.586190e+03 1.827193e-01 8.330020e-01 9.126894e-02
5.586200e+03 1.946764e-01 8.231010e-01 9.072491e-02
5.586210e+03 2.102590e-01 8.103743e-01 9.002079e-02
5.586220e+03 2.293972e-01 7.950127e-01 8.916348e-02
5.586230e+03 2.510127e-01 7.780125e-01 8.820502e-02
5.586240e+03 2.747549e-01 7.597583e-01 8.716412e-02
5.586250e+03 2.993048e-01 7.413334e-01 8.610072e-02
5.586260e+03 3.228375e-01 7.240915e-01 8.509357e-02
5.586270e+03 3.438000e-01 7.090707e-01 8.420634e-02
5.586280e+03 3.611153e-01 6.968987e-01 8.348046e-02
5.586290e+03 3.737109e-01 6.881758e-01 8.295636e-02
5.586300e+03 3.845901e-01 6.807296e-01 8.250634e-02
5.586310e+03 3.988795e-01 6.710716e-01 8.191896e-02
5.586320e+03 4.294963e-01 6.508368e-01 8.067446e-02
5.586330e+03 5.009432e-01 6.059588e-01 7.784336e-02
5.586340e+03 6.591561e-01 5.172877e-01 7.192271e-02
5.586350e+03 9.842699e-01 3.737120e-01 6.113199e-02
5.586360e+03 1.602924e+00 2.013071e-01 4.486726e-02
5.586370e+03 2.693990e+00 6.761063e-02 2.600204e-02
5.586380e+03 4.482654e+00 1.130337e-02 1.063173e-02
5.586390e+03 7.201911e+00 7.451607e-04 2.729763e-03
5.586400e+03 1.102545e+01 1.628202e-05 4.035099e-04
5.586410e+03 1.597083e+01 1.158666e-07 3.403918e-05
5.586420e+03 2.181753e+01 3.347864e-10 1.829717e-06
5.586430e+03 2.806365e+01 6.488029e-13 8.054830e-08
5.586440e+03 3.397864e+01 1.750918e-15 4.184397e-09
5.586450e+03 3.876053e+01 1.467294e-17 3.830527e-10
5.586460e+03 4.178396e+01 7.136056e-19 8.447518e-11
5.586470e+03 4.286922e+01 2.410650e-19 4.909837e-11
5.586480e+03 4.250588e+01 3.466803e-19 5.887957e-11
5.586490e+03 4.197548e+01 5.892265e-19 7.676109e-11
5.586500e+03 4.337612e+01 1.452086e-19 3.810625e-11
5.586510e+03 4.955492e+01 3.010045e-22 1.734948e-12
5.586520e+03 6.396601e+01 1.659259e-28 1.288122e-15
5.586530e+03 9.042811e+01 5.340376e-40 2.310925e-21
5.586540e+03 1.326805e+02 2.385659e-58 1.544558e-30
5.586550e+03 1.936667e+02 7.791810e-85 8.827123e-44
5.586560e+03 2.745491e+02 5.819104e-120 2.412282e-61
5.586570e+03 3.736757e+02 5.184527e-163 7.200366e-83
5.586580e+03 4.859128e+02 9.348514e-212 3.057534e-107
5.586590e+03 6.028435e+02 1.543053e-262 1.242197e-132
5.586600e+03 7.141445e+02 7.095223e-311 8.423315e-157
5.586610e+03 8.100109e+02 0.000000e+00 0.000000e+00
5.586620e+03 8.839344e+02 0.000000e+00 0.000000e+00
5.586630e+03 9.347589e+02 0.000000e+00 0.000000e+00
5.586640e+03 9.670406e+02 0.000000e+00 0.000000e+00
5.586650e+03 9.893670e+02 0.000000e+00 0.000000e+00
5.586660e+03 1.011162e+03 0.000000e+00 0.000000e+00
5.586670e+03 1.039271e+03 0.000000e+00 0.000000e+00
5.586680e+03 1.075698e+03 0.000000e+00 0.000000e+00
5.586690e+03 1.117365e+03 0.000000e+00 0.000000e+00
5.586700e+03 1.157770e+03 0.000000e+00 0.000000e+00
5.586710e+03 1.189599e+03 0.000000e+00 0.000000e+00
5.586720e+03 1.207013e+03 0.000000e+00 0.000000e+00
5.586730e+03 1.206690e+03 0.000000e+00 0.000000e+00
5.586740e+03 1.187518e+03 0.000000e+00 0.000000e+00
5.586750e+03 1.149569e+03 0.000000e+00 0.000000e+00
5.586760e+03 1.093310e+03 0.000000e+00 0.000000e+00
5.586770e+03 1.019719e+03 0.000000e+00 0.000000e+00
5.586780e+03 9.313229e+02 0.000000e+00 0.000000e+00
5.586790e+03 8.335371e+02 0.000000e+00 0.000000e+00
5.586800e+03 7.355057e+02 3.749464e-320 1.936353e-161
5.586810e+03 6.498943e+02 5.681844e-283 7.537801e-143
5.586820e+03 5.916685e+02 1.100600e-257 3.317530e-130
5.586830e+03 5.763616e+02 4.890540e-251 6.993239e-127
5.586840e+03 6.184394e+02 2.601329e-269 5.100322e-136
5.586850e+03 7.300642e+02 8.652695e-318 2.941546e-160
5.586860e+03 9.201006e+02 0.000000e+00 0.000000e+00
5.586870e+03 1.192894e+03 0.000000e+00 0.000000e+00
5.586880e+03 1.546430e+03 0.000000e+00 0.000000e+00
5.586890e+03 1.969903e+03 0.000000e+00 0.000000e+00
5.586900e+03 2.441319e+03 0.000000e+00 0.000000e+00
5.586910e+03 2.926306e+03 0.000000e+00 0.000000e+00
5.586920e+03 3.379488e+03 0.000000e+00 0.000000e+00
5.586930e+03 3.749456e+03 0.000000e+00 0.000000e+00
5.586940e+03 3.987357e+03 0.000000e+00 0.000000e+00
5.586950e+03 4.057544e+03 0.000000e+00 0.000000e+00
5.586960e+03 3.947239e+03 0.000000e+00 0.000000e+00
5.586970e+03 3.671574e+03 0.000000e+00 0.000000e+00
5.586980e+03 3.271422e+03 0.000000e+00 0.000000e+00
5.586990e+03 2.803911e+03 0.000000e+00 0.000000e+00
5.587000e+03 2.328487e+03 0.000000e+00 0.000000e+00
5.587010e+03 1.893241e+03 0.000000e+00 0.000000e+00
5.587020e+03 1.526105e+03 0.000000e+00 0.000000e+00
5.587030e+03 1.233399e+03 0.000000e+00 0.000000e+00
5.587040e+03 1.005162e+03 0.000000e+00 0.000000e+00
5.587050e+03 8.241436e+02 0.000000e+00 0.000000e+00
5.587060e+03 6.743675e+02 1.336362e-293 3.655628e-148
5.587070e+03 5.461472e+02 6.475729e-238 2.544745e-120
5.587080e+03 4.367057e+02 2.193391e-190 1.481010e-96
5.587090e+03 3.476633e+02 1.027401e-151 3.205309e-77
5.587100e+03 2.817266e+02 4.443237e-123 6.665761e-63
5.587110e+03 2.404763e+02 3.651332e-105 6.042625e-54
5.587120e+03 2.238989e+02 5.780009e-98 2.404165e-50
5.587130e+03 2.311227e+02 4.213789e-101 6.491370e-52
5.587140e+03 2.613594e+02 3.112121e-114 1.764120e-58
5.587150e+03 3.142515e+02 3.328936e-137 5.769693e-70
5.587160e+03 3.893415e+02 8.149452e-170 2.854724e-86
5.587170e+03 4.848869e+02 2.607827e-211 5.106689e-107
5.587180e+03 5.965036e+02 8.745119e-260 2.957215e-131
5.587190e+03 7.162208e+02 8.897085e-312 2.982798e-157
5.587200e+03 8.324681e+02 0.000000e+00 0.000000e+00
5.587210e+03 9.313167e+02 0.000000e+00 0.000000e+00
5.587220e+03 9.989291e+02 0.000000e+00 0.000000e+00
5.587230e+03 1.024712e+03 0.000000e+00 0.000000e+00
5.587240e+03 1.004233e+03 0.000000e+00 0.000000e+00
5.587250e+03 9.408813e+02 0.000000e+00 0.000000e+00
5.587260e+03 8.455467e+02 0.000000e+00 0.000000e+00
5.587270e+03 7.342728e+02 1.286349e-319 3.586571e-161
5.587280e+03 6.246467e+02 5.240640e-272 2.289244e-137
5.587290e+03 5.321221e+02 7.985476e-232 2.825859e-117
5.587300e+03 4.674462e+02 9.788177e-204 3.128606e-103
5.587310e+03 4.357335e+02 5.799102e-190 2.408132e-96
5.587320e+03 4.369469e+02 1.723366e-190 1.312770e-96
5.587330e+03 4.669729e+02 1.571224e-203 3.963867e-103
5.587340e+03 5.185277e+02 6.401766e-226 2.530171e-114
5.587350e+03 5.816837e+02 2.387632e-253 4.886341e-128
5.587360e+03 6.444747e+02 1.282873e-280 1.132640e-141
5.587370e+03 6.942812e+02 3.002549e-302 1.732787e-152
5.587380e+03 7.202088e+02 1.649288e-313 4.061143e-158
5.587390e+03 7.159089e+02 1.215330e-311 3.486158e-157
5.587400e+03 6.817277e+02 8.500288e-297 9.219701e-150
5.587410e+03 6.251174e+02 3.272987e-272 1.809140e-137
5.587420e+03 5.589842e+02 1.722908e-243 4.150793e-123
5.587430e+03 4.984767e+02 3.268357e-217 5.716955e-110
5.587440e+03 4.572835e+02 2.536831e-199 5.036696e-101
5.587450e+03 4.446038e+02 8.147397e-194 2.854365e-98
5.587460e+03 4.634873e+02 5.128682e-202 2.264659e-102
5.587470e+03 5.107444e+02 1.536487e-222 1.239551e-112
5.587480e+03 5.781503e+02 8.175299e-252 2.859248e-127
5.587490e+03 6.543631e+02 6.512261e-285 8.069858e-144
5.587500e+03 7.270490e+02 1.764502e-316 1.328346e-159
5.587510e+03 7.848163e+02 0.000000e+00 0.000000e+00
5.587520e+03 8.187980e+02 0.000000e+00 0.000000e+00
5.587530e+03 8.237981e+02 0.000000e+00 0.000000e+00
5.587540e+03 7.989249e+02 0.000000e+00 0.000000e+00
5.587550e+03 7.475822e+02 0.000000e+00 0.000000e+00
5.587560e+03 6.767236e+02 1.266737e-294 1.125494e-148
5.587570e+03 5.953960e+02 2.647342e-259 5.145233e-131
5.587580e+03 5.128334e+02 1.902307e-223 4.361545e-113
5.587590e+03 4.365619e+02 2.532597e-190 1.591414e-96
5.587600e+03 3.710607e+02 7.085856e-162 2.661927e-82
5.587610e+03 3.174061e+02 1.419997e-138 1.191636e-70
5.587620e+03 2.739789e+02 1.029165e-119 3.208060e-61
5.587630e+03 2.379694e+02 4.479046e-104 2.116376e-53
5.587640e+03 2.070438e+02 1.207883e-90 1.099037e-46
5.587650e+03 1.805475e+02 3.883490e-79 6.231765e-41
5.587660e+03 1.598231e+02 3.887917e-70 1.971780e-36
5.587670e+03 1.476618e+02 7.435332e-65 8.622837e-34
5.587680e+03 1.472098e+02 1.168395e-64 1.080923e-33
5.587690e+03 1.608469e+02 1.396643e-70 1.181796e-36
5.587700e+03 1.894461e+02 5.303956e-83 7.282827e-43
5.587710e+03 2.321585e+02 1.495765e-101 3.867512e-52
5.587720e+03 2.866094e+02 3.366111e-125 5.801820e-64
5.587730e+03 3.492492e+02 2.103744e-152 1.450429e-77
5.587740e+03 4.156533e+02 3.048214e-181 5.521063e-92
5.587750e+03 4.806799e+02 1.751348e-209 4.184911e-106
5.587760e+03 5.386401e+02 1.179139e-234 1.085882e-118
5.587770e+03 5.837351e+02 3.069495e-254 1.751997e-128
5.587780e+03 6.109405e+02 4.697785e-266 2.167437e-134
5.587790e+03 6.173475e+02 7.751312e-269 8.804154e-136
5.587800e+03 6.036370e+02 6.978612e-263 8.353809e-133
5.587810e+03 5.751321e+02 1.672235e-250 1.293149e-126
5.587820e+03 5.418679e+02 4.674740e-236 2.162115e-119
5.587830e+03 5.173139e+02 2.154922e-225 4.642114e-114
5.587840e+03 5.157167e+02 1.064297e-224 1.031648e-113
5.587850e+03 5.484598e+02 6.410867e-239 8.006789e-121
5.587860e+03 6.201972e+02 4.485016e-270 2.117786e-136
5.587870e+03 7.258784e+02 5.688931e-316 2.385148e-159
5.587880e+03 8.499520e+02 0.000000e+00 0.000000e+00
5.587890e+03 9.687297e+02 0.000000e+00 0.000000e+00
5.587900e+03 1.055907e+03 0.000000e+00 0.000000e+00
5.587910e+03 1.089872e+03 0.000000e+00 0.000000e+00
5.587920e+03 1.060183e+03 0.000000e+00 0.000000e+00
5.587930e+03 9.706295e+02 0.000000e+00 0.000000e+00
5.587940e+03 8.375837e+02 0.000000e+00 0.000000e+00
5.587950e+03 6.844713e+02 5.468686e-298 2.338522e-150
5.587960e+03 5.348959e+02 4.984858e-233 7.060353e-118
5.587970e+03 4.073045e+02 1.287903e-177 3.588736e-90
5.587980e+03 3.129473e+02 1.226609e-136 1.107524e-69
5.587990e+03 2.571502e+02 2.094591e-112 1.447270e-57
5.588000e+03 2.424521e+02 5.063053e-106 2.250123e-54
5.588010e+03 2.715994e+02 1.111446e-118 1.054251e-60
5.588020e+03 3.487346e+02 3.519423e-152 1.876013e-77
5.588030e+03 4.780710e+02 2.379026e-208 1.542409e-105
5.588040e+03 6.604578e+02 1.468362e-287 3.831922e-145
5.588050e+03 8.894013e+02 0.000000e+00 0.000000e+00
5.588060e+03 1.148678e+03 0.000000e+00 0.000000e+00
5.588070e+03 1.413353e+03 0.000000e+00 0.000000e+00
5.588080e+03 1.654497e+03 0.000000e+00 0.000000e+00
5.588090e+03 1.845996e+03 0.000000e+00 0.000000e+00
5.588100e+03 1.970645e+03 0.000000e+00 0.000000e+00
5.588110e+03 2.023121e+03 0.000000e+00 0.000000e+00
5.588120e+03 2.009266e+03 0.000000e+00 0.000000e+00
5.588130e+03 1.942938e+03 0.000000e+00 0.000000e+00
5.588140e+03 1.842378e+03 0.000000e+00 0.000000e+00
5.588150e+03 1.727300e+03 0.000000e+00 0.000000e+00
5.588160e+03 1.616804e+03 0.000000e+00 0.000000e+00
5.588170e+03 1.527630e+03 0.000000e+00 0.000000e+00
5.588180e+03 1.472564e+03 0.000000e+00 0.000000e+00
5.588190e+03 1.459288e+03 0.000000e+00 0.000000e+00
5.588200e+03 1.490191e+03 0.000000e+00 0.000000e+00
5.588210e+03 1.563129e+03 0.000000e+00 0.000000e+00
5.588220e+03 1.672618e+03 0.000000e+00 0.000000e+00
5.588230e+03 1.810767e+03 0.000000e+00 0.000000e+00
5.588240e+03 1.967583e+03 0.000000e+00 0.000000e+00
5.588250e+03 2.130956e+03 0.000000e+00 0.000000e+00
5.588260e+03 2.286980e+03 0.000000e+00 0.000000e+00
5.588270e+03 2.421222e+03 0.000000e+00 0.000000e+00
5.588280e+03 2.520871e+03 0.000000e+00 0.000000e+00
5.588290e+03 2.577065e+03 0.000000e+00 0.000000e+00
5.588300e+03 2.586344e+03 0.000000e+00 0.000000e+00
5.588310e+03 2.550534e+03 0.000000e+00 0.000000e+00
5.588320e+03 2.475137e+03 0.000000e+00 0.000000e+00
5.588330e+03 2.367077e+03 0.000000e+00 0.000000e+00
5.588340e+03 2.232868e+03 0.000000e+00 0.000000e+00
5.588350e+03 2.077949e+03 0.000000e+00 0.000000e+00
5.588360e+03 1.907174e+03 0.000000e+00 0.000000e+00
5.588370e+03 1.725932e+03 0.000000e+00 0.000000e+00
5.588380e+03 1.541135e+03 0.000000e+00 0.000000e+00
5.588390e+03 1.361569e+03 0.000000e+00 0.000000e+00
5.588400e+03 1.197536e+03 0.000000e+00 0.000000e+00
5.588410e+03 1.060039e+03 0.000000e+00 0.000000e+00
5.588420e+03 9.600108e+02 0.000000e+00 0.000000e+00
5.588430e+03 9.078589e+02 0.000000e+00 0.000000e+00
5.588440e+03 9.132427e+02 0.000000e+00 0.000000e+00
5.588450e+03 9.843699e+02 0.000000e+00 0.000000e+00
5.588460e+03 1.125780e+03 0.000000e+00 0.000000e+00
5.588470e+03 1.334085e+03 0.000000e+00 0.000000e+00
5.588480e+03 1.592671e+03 0.000000e+00 0.000000e+00
5.588490e+03 1.868380e+03 0.000000e+00 0.000000e+00
5.588500e+03 2.114014e+03 0.000000e+00 0.000000e+00
5.588510e+03 2.278749e+03 0.000000e+00 0.000000e+00
5.588520e+03 2.324207e+03 0.000000e+00 0.000000e+00
5.588530e+03 2.239497e+03 0.000000e+00 0.000000e+00
5.588540e+03 2.047454e+03 0.000000e+00 0.000000e+00
5.588550e+03 1.797866e+03 0.000000e+00 0.000000e+00
5.588560e+03 1.550167e+03 0.000000e+00 0.000000e+00
5.588570e+03 1.353406e+03 0.000000e+00 0.000000e+00
5.588580e+03 1.232214e+03 0.000000e+00 0.000000e+00
5.588590e+03 1.183822e+03 0.000000e+00 0.000000e+00
5.588600e+03 1.185536e+03 0.000000e+00 0.000000e+00
5.588610e+03 1.207735e+03 0.000000e+00 0.000000e+00
5.588620e+03 1.226171e+03 0.000000e+00 0.000000e+00
5.588630e+03 1.228951e+03 0.000000e+00 0.000000e+00
5.588640e+03 1.216832e+03 0.000000e+00 0.000000e+00
5.588650e+03 1.198490e+03 0.000000e+00 0.000000e+00
5.588660e+03 1.184037e+03 0.000000e+00 0.000000e+00
5.588670e+03 1.179796e+03 0.000000e+00 0.000000e+00
5.588680e+03 1.185861e+03 0.000000e+00 0.000000e+00
5.588690e+03 1.196374e+03 0.000000e+00 0.000000e+00
5.588700e+03 1.201770e+03 0.000000e+00 0.000000e+00
5.588710e+03 1.192090e+03 0.000000e+00 0.000000e+00
5.588720e+03 1.160507e+03 0.000000e+00 0.000000e+00
5.588730e+03 1.106002e+03 0.000000e+00 0.000000e+00
5.588740e+03 1.034089e+03 0.000000e+00 0.000000e+00
5.588750e+03 9.550439e+02 0.000000e+00 0.000000e+00
5.588760e+03 8.803940e+02 0.000000e+00 0.000000e+00
5.588770e+03 8.194454e+02 0.000000e+00 0.000000e+00
5.588780e+03 7.776508e+02 0.000000e+00 0.000000e+00
5.588790e+03 7.574255e+02 0.000000e+00 0.000000e+00
5.588800e+03 7.604666e+02 0.000000e+00 0.000000e+00
5.588810e+03 7.896732e+02 0.000000e+00 0.000000e+00
5.588820e+03 8.489411e+02 0.000000e+00 0.000000e+00
5.588830e+03 9.403544e+02 0.000000e+00 0.000000e+00
5.588840e+03 1.060020e+03 0.000000e+00 0.000000e+00
5.588850e+03 1.195154e+03 0.000000e+00 0.000000e+00
5.588860e+03 1.325120e+03 0.000000e+00 0.000000e+00
5.588870e+03 1.427435e+03 0.000000e+00 0.000000e+00
5.588880e+03 1.486685e+03 0.000000e+00 0.000000e+00
5.588890e+03 1.501783e+03 0.000000e+00 0.000000e+00
5.588900e+03 1.486827e+03 0.000000e+00 0.000000e+00
5.588910e+03 1.463953e+03 0.000000e+00 0.000000e+00
5.588920e+03 1.451449e+03 0.000000e+00 0.000000e+00
5.588930e+03 1.453766e+03 0.000000e+00 0.000000e+00
5.588940e+03 1.459498e+03 0.000000e+00 0.000000e+00
5.588950e+03 1.448753e+03 0.000000e+00 0.000000e+00
5.588960e+03 1.405644e+03 0.000000e+00 0.000000e+00
5.588970e+03 1.328655e+03 0.000000e+00 0.000000e+00
5.588980e+03 1.233456e+03 0.000000e+00 0.000000e+00
5.588990e+03 1.147847e+03 0.000000e+00 0.000000e+00
5.589000e+03 1.103147e+03 0.000000e+00 0.000000e+00
5.589010e+03 1.127150e+03 0.000000e+00 0.000000e+00
5.589020e+03 1.240567e+03 0.000000e+00 0.000000e+00
5.589030e+03 1.454783e+03 0.000000e+00 0.000000e+00
5.589040e+03 1.767457e+03 0.000000e+00 0.000000e+00
5.589050e+03 2.155632e+03 0.000000e+00 0.000000e+00
5.589060e+03 2.570978e+03 0.000000e+00 0.000000e+00
5.589070e+03 2.944112e+03 0.000000e+00 0.000000e+00
5.589080e+03 3.201244e+03 0.000000e+00 0.000000e+00
5.589090e+03 3.288291e+03 0.000000e+00 0.000000e+00
5.589100e+03 3.190897e+03 0.000000e+00 0.000000e+00
5.589110e+03 2.939194e+03 0.000000e+00 0.000000e+00
5.589120e+03 2.594269e+03 0.000000e+00 0.000000e+00
5.589130e+03 2.223820e+03 0.000000e+00 0.000000e+00
5.589140e+03 1.879888e+03 0.000000e+00 0.000000e+00
5.589150e+03 1.588666e+03 0.000000e+00 0.000000e+00
5.589160e+03 1.354117e+03 0.000000e+00 0.000000e+00
5.589170e+03 1.169709e+03 0.000000e+00 0.000000e+00
5.589180e+03 1.030354e+03 0.000000e+00 0.000000e+00
5.589190e+03 9.391682e+02 0.000000e+00 0.000000e+00
5.589200e+03 9.078180e+02 0.000000e+00 0.000000e+00
5.589210e+03 9.516022e+02 0.000000e+00 0.000000e+00
5.589220e+03 1.081177e+03 0.000000e+00 0.000000e+00
5.589230e+03 1.293008e+03 0.000000e+00 0.000000e+00
5.589240e+03 1.561801e+03 0.000000e+00 0.000000e+00
5.589250e+03 1.839297e+03 0.000000e+00 0.000000e+00
5.589260e+03 2.062910e+03 0.000000e+00 0.000000e+00
5.589270e+03 2.173408e+03 0.000000e+00 0.000000e+00
5.589280e+03 2.135285e+03 0.000000e+00 0.000000e+00
5.589290e+03 1.950420e+03 0.000000e+00 0.000000e+00
5.589300e+03 1.658237e+03 0.000000e+00 0.000000e+00
5.589310e+03 1.322550e+03 0.000000e+00 0.000000e+00
5.589320e+03 1.012145e+03 0.000000e+00 0.000000e+00
5.589330e+03 7.839136e+02 0.000000e+00 0.000000e+00
5.589340e+03 6.737253e+02 2.539816e-293 5.039659e-148
5.589350e+03 6.943607e+02 2.773087e-302 1.665259e-152
5.589360e+03 8.366370e+02 0.000000e+00 0.000000e+00
5.589370e+03 1.071047e+03 0.000000e+00 0.000000e+00
5.589380e+03 1.350897e+03 0.000000e+00 0.000000e+00
5.589390e+03 1.620034e+03 0.000000e+00 0.000000e+00
5.589400e+03 1.826299e+03 0.000000e+00 0.000000e+00
5.589410e+03 1.937133e+03 0.000000e+00 0.000000e+00
5.589420e+03 1.950182e+03 0.000000e+00 0.000000e+00
5.589430e+03 1.893012e+03 0.000000e+00 0.000000e+00
5.589440e+03 1.811667e+03 0.000000e+00 0.000000e+00
5.589450e+03 1.754013e+03 0.000000e+00 0.000000e+00
5.589460e+03 1.755849e+03 0.000000e+00 0.000000e+00
5.589470e+03 1.834753e+03 0.000000e+00 0.000000e+00
5.589480e+03 1.991136e+03 0.000000e+00 0.000000e+00
5.589490e+03 2.212279e+03 0.000000e+00 0.000000e+00
5.589500e+03 2.475464e+03 0.000000e+00 0.000000e+00
5.589510e+03 2.749290e+03 0.000000e+00 0.000000e+00
5.589520e+03 2.995235e+03 0.000000e+00 0.000000e+00
5.589530e+03 3.171996e+03 0.000000e+00 0.000000e+00
5.589540e+03 3.243239e+03 0.000000e+00 0.000000e+00
5.589550e+03 3.186680e+03 0.000000e+00 0.000000e+00
5.589560e+03 3.001026e+03 0.000000e+00 0.000000e+00
5.589570e+03 2.707833e+03 0.000000e+00 0.000000e+00
5.589580e+03 2.347473e+03 0.000000e+00 0.000000e+00
5.589590e+03 1.970638e+03 0.000000e+00 0.000000e+00
5.589600e+03 1.628127e+03 0.000000e+00 0.000000e+00
5.589610e+03 1.361700e+03 0.000000e+00 0.000000e+00
5.589620e+03 1.197778e+03 0.000000e+00 0.000000e+00
5.589630e+03 1.144485e+03 0.000000e+00 0.000000e+00
5.589640e+03 1.191527e+03 0.000000e+00 0.000000e+00
5.589650e+03 1.312290e+03 0.000000e+00 0.000000e+00
5.589660e+03 1.467957e+03 0.000000e+00 0.000000e+00
5.589670e+03 1.613853e+03 0.000000e+00 0.000000e+00
5.589680e+03 1.707844e+03 0.000000e+00 0.000000e+00
5.589690e+03 1.719410e+03 0.000000e+00 0.000000e+00
5.589700e+03 1.636795e+03 0.000000e+00 0.000000e+00
5.589710e+03 1.469462e+03 0.000000e+00 0.000000e+00
5.589720e+03 1.244606e+03 0.000000e+00 0.000000e+00
5.589730e+03 9.989326e+02 0.000000e+00 0.000000e+00
5.589740e+03 7.688925e+02 0.000000e+00 0.000000e+00
5.589750e+03 5.828430e+02 7.490143e-254 2.736813e-128
5.589760e+03 4.570879e+02 3.084833e-199 5.554127e-101
5.589770e+03 3.955694e+02 1.608392e-172 1.268224e-87
5.589780e+03 3.916099e+02 8.432927e-171 9.183097e-87
5.589790e+03 4.301834e+02 1.491820e-187 3.862409e-95
5.589800e+03 4.904086e+02 1.042965e-213 3.229497e-108
5.589810e+03 5.488714e+02 4.247879e-239 6.517576e-121
5.589820e+03 5.842300e+02 1.871271e-254 1.367944e-128
5.589830e+03 5.823111e+02 1.275037e-253 3.570766e-128
5.589840e+03 5.397328e+02 3.953752e-235 6.287887e-119
5.589850e+03 4.641866e+02 2.548723e-202 1.596472e-102
5.589860e+03 3.709984e+02 7.541414e-162 2.746164e-82
5.589870e+03 2.775389e+02 2.926730e-121 5.409926e-62
5.589880e+03 1.980277e+02 9.946569e-87 9.973249e-45
5.589890e+03 1.407045e+02 7.813109e-62 2.795194e-32
5.589900e+03 1.078114e+02 1.506944e-47 3.881937e-25
5.589910e+03 9.744647e+01 4.781180e-43 6.914608e-23
5.589920e+03 1.058358e+02 1.086681e-46 1.042440e-24
5.589930e+03 1.289935e+02 9.524389e-57 9.759298e-30
5.589940e+03 1.634188e+02 1.066934e-71 3.266396e-37
5.589950e+03 2.060314e+02 3.324287e-90 1.823263e-46
5.589960e+03 2.537174e+02 6.485341e-111 8.053161e-57
5.589970e+03 3.028491e+02 2.980644e-132 1.726454e-67
5.589980e+03 3.490489e+02 2.570211e-152 1.603188e-77
5.589990e+03 3.873632e+02 5.892273e-169 7.676114e-86
5.590000e+03 4.129229e+02 4.675819e-180 2.162364e-91
5.590010e+03 4.219557e+02 5.584324e-184 2.363117e-93
5.590020e+03 4.128842e+02 4.860207e-180 2.204588e-91
5.590030e+03 3.871934e+02 6.983343e-169 8.356640e-86
5.590040e+03 3.498490e+02 1.154842e-152 1.074636e-77
5.590050e+03 3.092451e+02 4.972414e-135 7.051535e-69
5.590060e+03 2.767730e+02 6.295492e-121 7.934413e-62
5.590070e+03 2.660477e+02 2.863915e-116 1.692311e-59
5.590080e+03 2.915477e+02 2.412463e-127 4.911683e-65
5.590090e+03 3.662329e+02 8.852732e-160 2.975354e-81
5.590100e+03 4.978765e+02 5.956135e-217 7.717600e-110
5.590110e+03 6.846190e+02 4.717959e-298 2.172086e-150
5.590120e+03 9.113829e+02 0.000000e+00 0.000000e+00
5.590130e+03 1.149461e+03 0.000000e+00 0.000000e+00
5.590140e+03 1.361006e+03 0.000000e+00 0.000000e+00
5.590150e+03 1.508066e+03 0.000000e+00 0.000000e+00
5.590160e+03 1.563258e+03 0.000000e+00 0.000000e+00
5.590170e+03 1.517784e+03 0.000000e+00 0.000000e+00
5.590180e+03 1.383391e+03 0.000000e+00 0.000000e+00
5.590190e+03 1.187714e+03 0.000000e+00 0.000000e+00
5.590200e+03 9.654821e+02 0.000000e+00 0.000000e+00
5.590210e+03 7.494663e+02 0.000000e+00 0.000000e+00
5.590220e+03 5.642703e+02 8.719892e-246 2.952946e-124
5.590230e+03 4.240967e+02 6.563850e-185 8.101759e-94
5.590240e+03 3.337616e+02 1.119916e-145 3.346514e-74
5.590250e+03 2.914144e+02 2.756446e-127 5.250187e-65
5.590260e+03 2.915468e+02 2.414573e-127 4.913831e-65
5.590270e+03 3.273517e+02 6.807107e-143 8.250519e-73
5.590280e+03 3.919551e+02 5.971277e-171 7.727404e-87
5.590290e+03 4.784615e+02 1.609916e-208 1.268825e-105
5.590300e+03 5.791963e+02 2.872306e-252 1.694788e-127
5.590310e+03 6.849373e+02 3.431561e-298 1.852447e-150
5.590320e+03 7.850360e+02 0.000000e+00 0.000000e+00
5.590330e+03 8.689256e+02 0.000000e+00 0.000000e+00
5.590340e+03 9.286148e+02 0.000000e+00 0.000000e+00
5.590350e+03 9.609757e+02 0.000000e+00 0.000000e+00
5.590360e+03 9.684254e+02 0.000000e+00 0.000000e+00
5.590370e+03 9.572756e+02 0.000000e+00 0.000000e+00
5.590380e+03 9.344014e+02 0.000000e+00 0.000000e+00
5.590390e+03 9.040084e+02 0.000000e+00 0.000000e+00
5.590400e+03 8.666093e+02 0.000000e+00 0.000000e+00
5.590410e+03 8.212755e+02 0.000000e+00 0.000000e+00
5.590420e+03 7.704672e+02 0.000000e+00 0.000000e+00
5.590430e+03 7.250476e+02 1.305694e-315 3.613439e-159
5.590440e+03 7.064055e+02 1.629307e-307 4.036468e-155
5.590450e+03 7.433499e+02 1.482197e-323 3.849931e-163
5.590460e+03 8.633659e+02 0.000000e+00 0.000000e+00
5.590470e+03 1.080429e+03 0.000000e+00 0.000000e+00
5.590480e+03 1.384066e+03 0.000000e+00 0.000000e+00
5.590490e+03 1.735301e+03 0.000000e+00 0.000000e+00
5.590500e+03 2.073421e+03 0.000000e+00 0.000000e+00
5.590510e+03 2.332764e+03 0.000000e+00 0.000000e+00
5.590520e+03 2.463317e+03 0.000000e+00 0.000000e+00
5.590530e+03 2.446120e+03 0.000000e+00 0.000000e+00
5.590540e+03 2.296879e+03 0.000000e+00 0.000000e+00
5.590550e+03 2.057380e+03 0.000000e+00 0.000000e+00
5.590560e+03 1.780212e+03 0.000000e+00 0.000000e+00
5.590570e+03 1.514191e+03 0.000000e+00 0.000000e+00
5.590580e+03 1.295295e+03 0.000000e+00 0.000000e+00
5.590590e+03 1.143703e+03 0.000000e+00 0.000000e+00
5.590600e+03 1.064824e+03 0.000000e+00 0.000000e+00
5.590610e+03 1.051858e+03 0.000000e+00 0.000000e+00
5.590620e+03 1.088618e+03 0.000000e+00 0.000000e+00
5.590630e+03 1.152446e+03 0.000000e+00 0.000000e+00
5.590640e+03 1.217475e+03 0.000000e+00 0.000000e+00
5.590650e+03 1.258497e+03 0.000000e+00 0.000000e+00
5.590660e+03 1.255382e+03 0.000000e+00 0.000000e+00
5.590670e+03 1.197326e+03 0.000000e+00 0.000000e+00
5.590680e+03 1.085541e+03 0.000000e+00 0.000000e+00
5.590690e+03 9.328775e+02 0.000000e+00 0.000000e+00
5.590700e+03 7.599604e+02 0.000000e+00 0.000000e+00
5.590710e+03 5.891021e+02 1.432860e-256 1.197021e-129
5.590720e+03 4.385198e+02 3.574844e-191 5.979000e-97
5.590730e+03 3.190527e+02 2.736414e-139 5.231074e-71
5.590740e+03 2.340439e+02 2.269964e-102 1.506640e-52
5.590750e+03 1.814115e+02 1.636767e-79 4.045698e-41
5.590760e+03 1.562581e+02 1.373961e-68 1.172161e-35
5.590770e+03 1.528209e+02 4.272980e-67 6.536803e-35
5.590780e+03 1.654604e+02 1.385098e-72 1.176902e-37
5.590790e+03 1.890755e+02 7.683116e-83 8.765338e-43
5.590800e+03 2.194172e+02 5.108818e-96 2.260270e-49
5.590810e+03 2.534462e+02 8.505500e-111 9.222527e-57
5.590820e+03 2.895165e+02 1.838965e-126 1.356085e-64
5.590830e+03 3.270384e+02 9.311316e-143 9.649516e-73
5.590840e+03 3.655422e+02 1.766176e-159 4.202590e-81
5.590850e+03 4.034799e+02 5.900811e-176 2.429159e-89
5.590860e+03 4.374384e+02 1.054181e-190 1.026733e-96
5.590870e+03 4.624193e+02 1.492344e-201 3.863087e-102
5.590880e+03 4.734000e+02 2.540976e-206 1.594044e-104
5.590890e+03 4.678042e+02 6.842275e-204 2.615774e-103
5.590900e+03 4.480208e+02 2.673152e-195 5.170253e-99
5.590910e+03 4.229838e+02 1.997475e-184 1.413320e-93
5.590920e+03 4.080691e+02 5.995792e-178 2.448631e-90
5.590930e+03 4.228819e+02 2.211636e-184 1.487157e-93
5.590940e+03 4.868790e+02 3.557456e-212 1.886122e-107
5.590950e+03 6.132926e+02 4.471203e-267 6.686706e-135
5.590960e+03 8.025886e+02 0.000000e+00 0.000000e+00
5.590970e+03 1.037720e+03 0.000000e+00 0.000000e+00
5.590980e+03 1.283953e+03 0.000000e+00 0.000000e+00
5.590990e+03 1.495164e+03 0.000000e+00 0.000000e+00
5.591000e+03 1.625941e+03 0.000000e+00 0.000000e+00
5.591010e+03 1.645621e+03 0.000000e+00 0.000000e+00
5.591020e+03 1.548525e+03 0.000000e+00 0.000000e+00
5.591030e+03 1.355772e+03 0.000000e+00 0.000000e+00
5.591040e+03 1.107833e+03 0.000000e+00 0.000000e+00
5.591050e+03 8.513237e+02 0.000000e+00 0.000000e+00
5.591060e+03 6.257566e+02 1.727268e-272 1.314255e-137
5.591070e+03 4.550807e+02 2.296023e-198 1.515263e-100
5.591080e+03 3.457819e+02 6.742706e-151 8.211398e-77
5.591090e+03 2.902534e+02 8.800941e-127 9.381333e-65
5.591100e+03 2.726688e+02 3.814733e-119 6.176352e-61
5.591110e+03 2.748455e+02 4.326271e-120 2.079969e-61
5.591120e+03 2.807077e+02 1.230788e-122 1.109409e-62
5.591130e+03 2.789684e+02 7.007509e-122 2.647170e-62
5.591140e+03 2.641606e+02 1.890130e-115 4.347563e-59
5.591150e+03 2.362966e+02 2.386024e-103 4.884694e-53
5.591160e+03 1.995240e+02 2.227492e-87 4.719632e-45
5.591170e+03 1.602811e+02 2.459175e-70 1.568176e-36
5.591180e+03 1.255239e+02 3.059643e-55 5.531404e-29
5.591190e+03 1.014396e+02 8.817345e-45 9.390072e-24
5.591200e+03 9.275183e+01 5.228702e-41 7.230976e-22
5.591210e+03 1.023597e+02 3.513674e-45 5.927626e-24
5.591220e+03 1.309414e+02 1.357888e-57 3.684953e-30
5.591230e+03 1.763677e+02 2.537814e-77 5.037672e-40
5.591240e+03 2.331911e+02 5.325793e-102 2.307768e-52
5.591250e+03 2.927893e+02 6.970106e-128 2.640096e-65
5.591260e+03 3.446621e+02 2.066051e-150 1.437376e-76
5.591270e+03 3.788157e+02 3.036846e-165 5.510758e-84
5.591280e+03 3.884723e+02 1.943610e-169 4.408639e-86
5.591290e+03 3.719755e+02 2.838550e-162 1.684800e-82
5.591300e+03 3.330411e+02 2.301838e-145 4.797747e-74
5.591310e+03 2.792821e+02 5.120873e-122 2.262935e-62
5.591320e+03 2.197439e+02 3.684962e-96 1.919625e-49
5.591330e+03 1.625000e+02 2.673940e-71 5.171016e-37
5.591340e+03 1.131153e+02 7.492712e-50 2.737282e-26
5.591350e+03 7.422804e+01 5.796566e-33 7.613518e-18
5.591360e+03 4.600525e+01 1.047548e-20 1.023498e-11
5.591370e+03 2.701910e+01 1.843963e-12 1.357926e-07
5.591380e+03 1.513844e+01 2.663543e-07 5.160952e-05
5.591390e+03 8.201820e+00 2.741541e-04 1.655760e-03
5.591400e+03 4.403407e+00 1.223558e-02 1.106146e-02
5.591410e+03 2.431813e+00 8.787740e-02 2.964412e-02
5.591420e+03 1.439286e+00 2.370969e-01 4.869260e-02
5.591430e+03 9.361237e-01 3.921450e-01 6.262148e-02
5.591440e+03 6.667015e-01 5.133992e-01 7.165188e-02
5.591450e+03 5.091517e-01 6.010052e-01 7.752453e-02
5.591460e+03 4.102214e-01 6.635034e-01 8.145572e-02
5.591470e+03 3.452510e-01 7.080426e-01 8.414527e-02
5.591480e+03 3.026676e-01 7.388446e-01 8.595607e-02
5.591490e+03 2.755092e-01 7.591854e-01 8.713125e-02
5.591500e+03 2.625242e-01 7.691078e-01 8.769879e-02
5.591510e+03 2.605545e-01 7.706242e-01 8.778520e-02
5.591520e+03 2.662004e-01 7.662856e-01 8.753774e-02
5.591530e+03 2.778241e-01 7.574301e-01 8.703046e-02
5.591540e+03 2.896557e-01 7.485212e-01 8.651712e-02
5.591550e+03 2.965715e-01 7.433625e-01 8.621847e-02
5.591560e+03 2.943996e-01 7.449788e-01 8.631215e-02
5.591570e+03 2.818476e-01 7.543886e-01 8.685555e-02
5.591580e+03 2.599767e-01 7.710695e-01 8.781056e-02
5.591590e+03 2.320085e-01 7.929394e-01 8.904714e-02
5.591600e+03 2.028959e-01 8.163632e-01 9.035282e-02
5.591610e+03 1.761780e-01 8.384687e-01 9.156794e-02
5.591620e+03 1.541639e-01 8.571315e-01 9.258140e-02
5.591630e+03 1.367868e-01 8.721561e-01 9.338930e-02
5.591640e+03 1.250469e-01 8.824555e-01 9.393910e-02
5.591650e+03 1.164200e-01 8.901013e-01 9.434518e-02
5.591660e+03 1.108288e-01 8.950920e-01 9.460930e-02
5.591670e+03 1.067301e-01 8.987682e-01 9.480339e-02
5.591680e+03 1.034728e-01 9.017005e-01 9.495791e-02
5.591690e+03 1.006769e-01 9.042251e-01 9.509075e-02
5.591700e+03 9.814458e-02 9.065178e-01 9.521123e-02
5.591710e+03 9.534512e-02 9.090591e-01 9.534459e-02
5.591720e+03 9.236245e-02 9.117746e-01 9.548689e-02
5.591730e+03 9.020702e-02 9.137420e-01 9.558985e-02
5.591740e+03 8.818513e-02 9.155914e-01 9.568654e-02
5.591750e+03 8.624805e-02 9.173667e-01 9.577926e-02
5.591760e+03 8.439031e-02 9.190725e-01 9.586827e-02
5.591770e+03 8.260692e-02 9.207130e-01 9.595379e-02
5.591780e+03 8.089333e-02 9.222921e-01 9.603604e-02
5.591790e+03 7.897169e-02 9.240661e-01 9.612836e-02
5.591800e+03 7.738762e-02 9.255310e-01 9.620452e-02
5.591810e+03 7.586178e-02 9.269443e-01 9.627795e-02
5.591820e+03 7.439090e-02 9.283087e-01 9.634878e-02
5.591830e+03 7.219412e-02 9.303503e-01 9.645467e-02
5.591840e+03 6.978482e-02 9.325945e-01 9.657093e-02
5.591850e+03 6.848641e-02 9.338062e-01 9.663365e-02
5.591860e+03 6.723163e-02 9.349786e-01 9.669429e-02
5.591870e+03 6.601828e-02 9.361137e-01 9.675297e-02
5.591880e+03 6.484430e-02 9.372134e-01 9.680978e-02
5.591890e+03 6.370776e-02 9.382792e-01 9.686481e-02
5.591900e+03 6.260686e-02 9.393127e-01 9.691814e-02
5.591910e+03 6.153993e-02 9.403154e-01 9.696986e-02
5.591920e+03 5.961294e-02 9.421291e-01 9.706334e-02
5.591930e+03 5.862893e-02 9.430566e-01 9.711110e-02
5.591940e+03 5.767374e-02 9.439579e-01 9.715749e-02
5.591950e+03 5.674610e-02 9.448339e-01 9.720257e-02
5.591960e+03 5.504029e-02 9.464470e-01 9.728551e-02
5.591970e+03 5.418877e-02 9.472533e-01 9.732694e-02
5.591980e+03 5.336034e-02 9.480383e-01 9.736726e-02
5.591990e+03 5.255405e-02 9.488030e-01 9.740652e-02
5.592000e+03 5.126024e-02 9.500314e-01 9.746955e-02
5.592010e+03 5.050350e-02 9.507506e-01 9.750644e-02
5.592020e+03 4.976623e-02 9.514518e-01 9.754239e-02
5.592030e+03 4.904769e-02 9.521357e-01 9.757744e-02
5.592040e+03 4.802725e-02 9.531078e-01 9.762724e-02
5.592050e+03 4.664440e-02 9.544267e-01 9.769477e-02
5.592060e+03 4.565405e-02 9.553724e-01 9.774315e-02
5.592070e+03 4.501280e-02 9.559852e-01 9.777450e-02
5.592080e+03 4.438700e-02 9.565837e-01 9.780510e-02
5.592090e+03 4.348072e-02 9.574510e-01 9.784943e-02
5.592100e+03 4.224093e-02 9.586388e-01 9.791010e-02
5.592110e+03 4.166935e-02 9.591869e-01 9.793809e-02
5.592120e+03 4.111095e-02 9.597226e-01 9.796543e-02
5.592130e+03 4.056527e-02 9.602465e-01 9.799217e-02
5.592140e+03 4.003190e-02 9.607588e-01 9.801830e-02
5.592150e+03 3.916019e-02 9.615967e-01 9.806104e-02
5.592160e+03 3.865293e-02 9.620846e-01 9.808591e-02
5.592170e+03 3.815678e-02 9.625620e-01 9.811025e-02
5.592180e+03 3.767138e-02 9.630294e-01 9.813406e-02
5.592190e+03 3.719640e-02 9.634869e-01 9.815737e-02
5.592200e+03 3.644618e-02 9.642100e-01 9.819419e-02
5.592210e+03 3.599326e-02 9.646468e-01 9.821643e-02
5.592220e+03 3.554980e-02 9.650747e-01 9.823821e-02
5.592230e+03 3.511550e-02 9.654939e-01 9.825955e-02
5.592240e+03 3.431575e-02 9.662664e-01 9.829885e-02
5.592250e+03 3.390186e-02 9.666664e-01 9.831919e-02
5.592260e+03 3.349632e-02 9.670585e-01 9.833913e-02
5.592270e+03 3.309887e-02 9.674429e-01 9.835868e-02
5.592280e+03 3.270928e-02 9.678199e-01 9.837784e-02
5.592290e+03 3.232733e-02 9.681896e-01 9.839663e-02
5.592300e+03 3.157134e-02 9.689218e-01 9.843383e-02
5.592310e+03 3.120988e-02 9.692721e-01 9.845162e-02
5.592320e+03 3.085530e-02 9.696159e-01 9.846907e-02
5.592330e+03 3.050742e-02 9.699532e-01 9.848620e-02
5.592340e+03 3.016604e-02 9.702844e-01 9.850302e-02
5.592350e+03 2.983099e-02 9.706096e-01 9.851952e-02
5.592360e+03 2.950210e-02 9.709288e-01 9.853572e-02
5.592370e+03 2.917922e-02 9.712424e-01 9.855163e-02
5.592380e+03 2.886218e-02 9.715504e-01 9.856725e-02
5.592390e+03 2.855082e-02 9.718529e-01 9.858260e-02
5.592400e+03 2.774683e-02 9.726346e-01 9.862224e-02
5.592410e+03 2.745028e-02 9.729231e-01 9.863686e-02
5.592420e+03 2.715894e-02 9.732066e-01 9.865123e-02
5.592430e+03 2.687269e-02 9.734852e-01 9.866535e-02
5.592440e+03 2.659140e-02 9.737590e-01 9.867923e-02
5.592450e+03 2.631495e-02 9.740283e-01 9.869287e-02
5.592460e+03 2.604321e-02 9.742930e-01 9.870628e-02
5.592470e+03 2.577608e-02 9.745533e-01 9.871947e-02
5.592480e+03 2.551344e-02 9.748093e-01 9.873243e-02
5.592490e+03 2.525519e-02 9.750611e-01 9.874518e-02
5.592500e+03 2.500121e-02 9.753087e-01 9.875772e-02
5.592510e+03 2.475141e-02 9.755524e-01 9.877006e-02
5.592520e+03 2.450570e-02 9.757921e-01 9.878219e-02
5.592530e+03 2.426396e-02 9.760280e-01 9.879413e-02
5.592540e+03 2.402612e-02 9.762602e-01 9.880588e-02
5.592550e+03 2.379208e-02 9.764887e-01 9.881744e-02
5.592560e+03 2.356176e-02 9.767137e-01 9.882882e-02
5.592570e+03 2.333506e-02 9.769351e-01 9.884003e-02
5.592580e+03 2.266987e-02 9.775852e-01 9.887291e-02
5.592590e+03 2.245363e-02 9.777966e-01 9.888360e-02
5.592600e+03 2.224074e-02 9.780048e-01 9.889412e-02
5.592610e+03 2.203113e-02 9.782098e-01 9.890449e-02
5.592620e+03 2.182473e-02 9.784117e-01 9.891470e-02
5.592630e+03 2.162147e-02 9.786106e-01 9.892475e-02
5.592640e+03 2.142128e-02 9.788065e-01 9.893465e-02
5.592650e+03 2.122410e-02 9.789996e-01 9.894441e-02
5.592660e+03 2.102985e-02 9.791897e-01 9.895402e-02
5.592670e+03 2.083849e-02 9.793771e-01 9.896348e-02
5.592680e+03 2.064995e-02 9.795618e-01 9.897281e-02
5.592690e+03 2.046416e-02 9.797438e-01 9.898201e-02
5.592700e+03 2.028108e-02 9.799232e-01 9.899107e-02
5.592710e+03 2.010065e-02 9.801000e-01 9.900000e-02
5.592720e+03 1.992281e-02 9.802743e-01 9.900880e-02
5.592730e+03 1.974750e-02 9.804462e-01 9.901748e-02
5.592740e+03 1.957469e-02 9.806156e-01 9.902604e-02
5.592750e+03 1.940432e-02 9.807827e-01 9.903448e-02
5.592760e+03 1.923633e-02 9.809475e-01 9.904279e-02
5.592770e+03 1.907069e-02 9.811100e-01 9.905100e-02
5.592780e+03 1.890735e-02 9.812703e-01 9.905909e-02
5.592790e+03 1.874625e-02 9.814284e-01 9.906707e-02
5.592800e+03 1.858737e-02 9.815843e-01 9.907494e-02
5.592810e+03 1.843065e-02 9.817382e-01 9.908270e-02
5.592820e+03 1.827605e-02 9.818899e-01 9.909036e-02
5.592830e+03 1.812354e-02 9.820397e-01 9.909792e-02
5.592840e+03 1.797307e-02 9.821875e-01 9.910537e-02
5.592850e+03 1.782460e-02 9.823333e-01 9.911273e-02
5.592860e+03 1.767810e-02 9.824772e-01 9.911999e-02
5.592870e+03 1.753353e-02 9.826193e-01 9.912715e-02
5.592880e+03 1.713028e-02 9.830156e-01 9.914714e-02
5.592890e+03 1.699148e-02 9.831521e-01 9.915402e-02
5.592900e+03 1.685449e-02 9.832868e-01 9.916082e-02
5.592910e+03 1.671927e-02 9.834197e-01 9.916752e-02
5.592920e+03 1.658578e-02 9.835510e-01 9.917414e-02
5.592930e+03 1.586254e-02 9.842626e-01 9.921001e-02
5.592940e+03 1.573700e-02 9.843862e-01 9.921624e-02
5.592950e+03 1.561306e-02 9.845082e-01 9.922239e-02
5.592960e+03 1.549068e-02 9.846287e-01 9.922846e-02
5.592970e+03 1.536983e-02 9.847477e-01 9.923445e-02
5.592980e+03 1.525050e-02 9.848652e-01 9.924038e-02
5.592990e+03 1.472023e-02 9.853876e-01 9.926669e-02
5.593000e+03 1.460702e-02 9.854991e-01 9.927231e-02
5.593010e+03 1.449521e-02 9.856093e-01 9.927786e-02
5.593020e+03 1.438476e-02 9.857182e-01 9.928334e-02
5.593030e+03 1.427567e-02 9.858257e-01 9.928876e-02
5.593040e+03 1.416789e-02 9.859320e-01 9.929411e-02
5.593050e+03 1.406142e-02 9.860370e-01 9.929939e-02
5.593060e+03 1.395622e-02 9.861407e-01 9.930462e-02
5.593070e+03 1.385229e-02 9.862432e-01 9.930978e-02
5.593080e+03 1.374959e-02 9.863445e-01 9.931488e-02
5.593090e+03 1.364810e-02 9.864446e-01 9.931992e-02
5.593100e+03 1.354781e-02 9.865435e-01 9.932490e-02
5.593110e+03 1.344870e-02 9.866413e-01 9.932982e-02
5.593120e+03 1.335074e-02 9.867380e-01 9.933469e-02
5.593130e+03 1.270515e-02 9.873752e-01 9.936676e-02
5.593140e+03 1.261370e-02 9.874655e-01 9.937130e-02
5.593150e+03 1.252329e-02 9.875548e-01 9.937579e-02
5.593160e+03 1.243392e-02 9.876431e-01 9.938023e-02
5.593170e+03 1.234557e-02 9.877303e-01 9.938462e-02
5.593180e+03 1.225822e-02 9.878166e-01 9.938896e-02
5.593190e+03 1.217185e-02 9.879019e-01 9.939326e-02
5.593200e+03 1.165742e-02 9.884103e-01 9.941882e-02
5.593210e+03 1.157630e-02 9.884904e-01 9.942286e-02
5.593220e+03 1.149608e-02 9.885697e-01 9.942684e-02
5.593230e+03 1.141675e-02 9.886482e-01 9.943079e-02
5.593240e+03 1.062913e-02 9.894272e-01 9.946995e-02
5.593250e+03 1.055701e-02 9.894985e-01 9.947354e-02
5.593260e+03 1.048569e-02 9.895691e-01 9.947709e-02
5.593270e+03 1.041513e-02 9.896389e-01 9.948060e-02
5.593280e+03 1.034533e-02 9.897080e-01 9.948407e-02
5.593290e+03 1.027628e-02 9.897763e-01 9.948750e-02
5.593300e+03 1.020797e-02 9.898440e-01 9.949090e-02
5.593310e+03 1.014038e-02 9.899109e-01 9.949426e-02
5.593320e+03 1.007350e-02 9.899771e-01 9.949759e-02
5.593330e+03 1.000734e-02 9.900426e-01 9.950088e-02
5.593340e+03 9.941861e-03 9.901074e-01 9.950414e-02
5.593350e+03 9.877070e-03 9.901715e-01 9.950736e-02
5.593360e+03 9.812952e-03 9.902350e-01 9.951055e-02
5.593370e+03 9.749498e-03 9.902979e-01 9.951371e-02
5.593380e+03 9.686698e-03 9.903601e-01 9.951684e-02
5.593390e+03 9.624543e-03 9.904216e-01 9.951993e-02
5.593400e+03 9.563022e-03 9.904826e-01 9.952299e-02
5.593410e+03 9.224248e-03 9.908182e-01 9.953985e-02
5.593420e+03 9.165050e-03 9.908768e-01 9.954280e-02
5.593430e+03 9.106455e-03 9.909349e-01 9.954571e-02
5.593440e+03 9.048453e-03 9.909924e-01 9.954860e-02
5.593450e+03 8.991036e-03 9.910493e-01 9.955146e-02
5.593460e+03 8.501572e-03 9.915345e-01 9.957582e-02
5.593470e+03 8.448647e-03 9.915869e-01 9.957846e-02
5.593480e+03 8.396243e-03 9.916389e-01 9.958107e-02
5.593490e+03 8.344354e-03 9.916904e-01 9.958365e-02
5.593500e+03 8.292973e-03 9.917413e-01 9.958621e-02
5.593510e+03 8.242093e-03 9.917918e-01 9.958874e-02
5.593520e+03 8.191707e-03 9.918418e-01 9.959125e-02
5.593530e+03 8.141808e-03 9.918912e-01 9.959374e-02
5.593540e+03 8.092390e-03 9.919403e-01 9.959620e-02
5.593550e+03 8.043446e-03 9.919888e-01 9.959864e-02
5.593560e+03 7.994969e-03 9.920369e-01 9.960105e-02
5.593570e+03 7.946955e-03 9.920845e-01 9.960344e-02
5.593580e+03 7.899395e-03 9.921317e-01 9.960581e-02
5.593590e+03 7.852286e-03 9.921785e-01 9.960816e-02
5.593600e+03 7.805619e-03 9.922248e-01 9.961048e-02
5.593610e+03 7.759390e-03 9.922706e-01 9.961278e-02
5.593620e+03 7.713593e-03 9.923161e-01 9.961506e-02
5.593630e+03 7.668223e-03 9.923611e-01 9.961732e-02
5.593640e+03 7.623272e-03 9.924057e-01 9.961956e-02
5.593650e+03 7.222293e-03 9.928037e-01 9.963954e-02
5.593660e+03 7.179553e-03 9.928462e-01 9.964167e-02
5.593670e+03 7.137209e-03 9.928882e-01 9.964378e-02
5.593680e+03 7.095258e-03 9.929299e-01 9.964587e-02
5.593690e+03 7.053692e-03 9.929711e-01 9.964794e-02
5.593700e+03 6.736288e-03 9.932863e-01 9.966375e-02
5.593710e+03 6.697617e-03 9.933248e-01 9.966568e-02
5.593720e+03 6.659293e-03 9.933628e-01 9.966759e-02
5.593730e+03 6.621312e-03 9.934006e-01 9.966948e-02
5.593740e+03 6.583670e-03 9.934380e-01 9.967136e-02
5.593750e+03 6.546362e-03 9.934750e-01 9.967322e-02
5.593760e+03 6.509384e-03 9.935118e-01 9.967506e-02
5.593770e+03 6.472732e-03 9.935482e-01 9.967689e-02
5.593780e+03 6.436403e-03 9.935843e-01 9.967870e-02
5.593790e+03 6.400392e-03 9.936200e-01 9.968049e-02
5.593800e+03 6.364695e-03 9.936555e-01 9.968227e-02
5.593810e+03 6.329309e-03 9.936907e-01 9.968403e-02
5.593820e+03 6.294229e-03 9.937255e-01 9.968578e-02
5.593830e+03 6.259453e-03 9.937601e-01 9.968752e-02
5.593840e+03 5.909336e-03 9.941081e-01 9.970497e-02
5.593850e+03 5.877603e-03 9.941396e-01 9.970655e-02
5.593860e+03 5.846134e-03 9.941709e-01 9.970812e-02
5.593870e+03 5.814926e-03 9.942019e-01 9.970968e-02
5.593880e+03 5.783976e-03 9.942327e-01 9.971122e-02
5.593890e+03 5.753281e-03 9.942632e-01 9.971275e-02
5.593900e+03 5.722838e-03 9.942935e-01 9.971427e-02
5.593910e+03 5.692645e-03 9.943235e-01 9.971577e-02
5.593920e+03 5.662699e-03 9.943533e-01 9.971727e-02
5.593930e+03 5.632996e-03 9.943828e-01 9.971875e-02
5.593940e+03 5.603534e-03 9.944121e-01 9.972022e-02
5.593950e+03 5.574311e-03 9.944412e-01 9.972167e-02
5.593960e+03 5.545324e-03 9.944700e-01 9.972312e-02
5.593970e+03 5.516569e-03 9.944986e-01 9.972455e-02
5.593980e+03 5.488046e-03 9.945270e-01 9.972597e-02
5.593990e+03 5.459750e-03 9.945551e-01 9.972738e-02
5.594000e+03 5.431680e-03 9.945830e-01 9.972878e-02
5.594010e+03 5.403832e-03 9.946107e-01 9.973017e-02
5.594020e+03 5.376206e-03 9.946382e-01 9.973155e-02
5.594030e+03 5.348798e-03 9.946655e-01 9.973292e-02
5.594040e+03 5.321605e-03 9.946925e-01 9.973427e-02
5.594050e+03 5.294626e-03 9.947194e-01 9.973562e-02
5.594060e+03 5.267858e-03 9.947460e-01 9.973695e-02
5.594070e+03 5.241300e-03 9.947724e-01 9.973828e-02
5.594080e+03 5.214947e-03 9.947986e-01 9.973959e-02
5.594090e+03 5.188800e-03 9.948246e-01 9.974090e-02
5.594100e+03 5.162855e-03 9.948505e-01 9.974219e-02
5.594110e+03 5.137109e-03 9.948761e-01 9.974347e-02
5.594120e+03 5.111562e-03 9.949015e-01 9.974475e-02
5.594130e+03 5.086211e-03 9.949267e-01 9.974601e-02
5.594140e+03 5.061054e-03 9.949517e-01 9.974727e-02
5.594150e+03 5.036089e-03 9.949766e-01 9.974851e-02
5.594160e+03 5.011314e-03 9.950012e-01 9.974975e-02
5.594170e+03 4.986726e-03 9.950257e-01 9.975097e-02
5.594180e+03 4.962325e-03 9.950500e-01 9.975219e-02
5.594190e+03 4.938107e-03 9.950741e-01 9.975340e-02
5.594200e+03 4.914072e-03 9.950980e-01 9.975460e-02
5.594210e+03 4.890217e-03 9.951217e-01 9.975579e-02
5.594220e+03 4.411595e-03 9.955981e-01 9.977966e-02
5.594230e+03 4.389862e-03 9.956198e-01 9.978075e-02
5.594240e+03 4.368293e-03 9.956412e-01 9.978182e-02
5.594250e+03 4.346887e-03 9.956625e-01 9.978289e-02
5.594260e+03 4.325642e-03 9.956837e-01 9.978395e-02
5.594270e+03 4.304557e-03 9.957047e-01 9.978500e-02
5.594280e+03 4.283630e-03 9.957255e-01 9.978605e-02
5.594290e+03 4.262858e-03 9.957462e-01 9.978708e-02
5.594300e+03 4.242242e-03 9.957667e-01 9.978811e-02
5.594310e+03 4.221778e-03 9.957871e-01 9.978913e-02
5.594320e+03 4.201466e-03 9.958073e-01 9.979015e-02
5.594330e+03 4.181304e-03 9.958274e-01 9.979115e-02
5.594340e+03 4.161290e-03 9.958474e-01 9.979215e-02
5.594350e+03 4.141423e-03 9.958671e-01 9.979314e-02
5.594360e+03 4.121702e-03 9.958868e-01 9.979413e-02
5.594370e+03 4.102125e-03 9.959063e-01 9.979510e-02
5.594380e+03 4.082690e-03 9.959256e-01 9.979607e-02
5.594390e+03 4.063397e-03 9.959448e-01 9.979704e-02
5.594400e+03 3.582822e-03 9.964236e-01 9.982102e-02
5.594410e+03 3.565600e-03 9.964407e-01 9.982188e-02
5.594420e+03 3.548506e-03 9.964578e-01 9.982273e-02
5.594430e+03 3.531536e-03 9.964747e-01 9.982358e-02
5.594440e+03 3.514691e-03 9.964915e-01 9.982442e-02
5.594450e+03 3.497969e-03 9.965081e-01 9.982525e-02
5.594460e+03 3.481368e-03 9.965247e-01 9.982608e-02
5.594470e+03 3.464888e-03 9.965411e-01 9.982691e-02
5.594480e+03 3.448527e-03 9.965574e-01 9.982772e-02
5.594490e+03 3.432284e-03 9.965736e-01 9.982853e-02
5.594500e+03 3.416158e-03 9.965897e-01 9.982934e-02
5.594510e+03 3.400148e-03 9.966056e-01 9.983014e-02
5.594520e+03 3.384252e-03 9.966215e-01 9.983093e-02
5.594530e+03 3.368470e-03 9.966372e-01 9.983172e-02
5.594540e+03 3.014745e-03 9.969898e-01 9.984938e-02
5.594550e+03 3.000499e-03 9.970040e-01 9.985009e-02
5.594560e+03 2.986356e-03 9.970181e-01 9.985079e-02
5.594570e+03 2.972314e-03 9.970321e-01 9.985149e-02
5.594580e+03 2.958373e-03 9.970460e-01 9.985219e-02
5.594590e+03 2.944532e-03 9.970598e-01 9.985288e-02
5.594600e+03 2.930789e-03 9.970735e-01 9.985357e-02
5.594610e+03 2.917144e-03 9.970871e-01 9.985425e-02
5.594620e+03 2.903596e-03 9.971006e-01 9.985493e-02
5.594630e+03 2.890144e-03 9.971140e-01 9.985560e-02
5.594640e+03 2.876787e-03 9.971273e-01 9.985626e-02
5.594650e+03 2.863524e-03 9.971406e-01 9.985693e-02
5.594660e+03 2.850354e-03 9.971537e-01 9.985758e-02
5.594670e+03 2.115665e-03 9.978866e-01 9.989427e-02
5.594680e+03 2.105483e-03 9.978967e-01 9.989478e-02
5.594690e+03 2.095375e-03 9.979068e-01 9.989529e-02
5.594700e+03 2.085341e-03 9.979168e-01 9.989579e-02
5.594710e+03 2.075379e-03 9.979268e-01 9.989628e-02
5.594720e+03 2.065489e-03 9.979366e-01 9.989678e-02
5.594730e+03 2.055671e-03 9.979464e-01 9.989727e-02
5.594740e+03 2.045923e-03 9.979562e-01 9.989776e-02
5.594750e+03 2.036246e-03 9.979658e-01 9.989824e-02
5.594760e+03 2.026637e-03 9.979754e-01 9.989872e-02
5.594770e+03 2.017098e-03 9.979849e-01 9.989920e-02
5.594780e+03 2.007626e-03 9.979944e-01 9.989967e-02
5.594790e+03 1.998222e-03 9.980038e-01 9.990014e-02
5.594800e+03 1.988884e-03 9.980131e-01 9.990061e-02
5.594810e+03 1.979612e-03 9.980223e-01 9.990107e-02
5.594820e+03 1.655083e-03 9.983463e-01 9.991728e-02
5.594830e+03 1.647168e-03 9.983542e-01 9.991768e-02
5.594840e+03 1.639309e-03 9.983620e-01 9.991807e-02
5.594850e+03 1.631508e-03 9.983698e-01 9.991846e-02
5.594860e+03 1.623762e-03 9.983776e-01 9.991884e-02
5.594870e+03 1.616071e-03 9.983852e-01 9.991923e-02
5.594880e+03 1.608435e-03 9.983929e-01 9.991961e-02
5.594890e+03 1.600854e-03 9.984004e-01 9.991999e-02
5.594900e+03 1.593327e-03 9.984079e-01 9.992037e-02
5.594910e+03 1.585852e-03 9.984154e-01 9.992074e-02
5.594920e+03 1.578431e-03 9.984228e-01 9.992111e-02
5.594930e+03 1.571062e-03 9.984302e-01 9.992148e-02
5.594940e+03 1.563745e-03 9.984375e-01 9.992184e-02
5.594950e+03 1.556479e-03 9.984447e-01 9.992221e-02
5.594960e+03 1.549264e-03 9.984519e-01 9.992257e-02
5.594970e+03 1.542100e-03 9.984591e-01 9.992292e-02
5.594980e+03 1.534985e-03 9.984662e-01 9.992328e-02
5.594990e+03 1.527920e-03 9.984732e-01 9.992363e-02
5.595000e+03 1.520904e-03 9.984803e-01 9.992398e-02
5.595010e+03 1.513936e-03 9.984872e-01 9.992433e-02
5.595020e+03 1.507017e-03 9.984941e-01 9.992468e-02
5.595030e+03 1.500145e-03 9.985010e-01 9.992502e-02
5.595040e+03 1.493320e-03 9.985078e-01 9.992536e-02
5.595050e+03 1.486542e-03 9.985146e-01 9.992570e-02
5.595060e+03 1.479810e-03 9.985213e-01 9.992604e-02
5.595070e+03 1.473125e-03 9.985280e-01 9.992637e-02
5.595080e+03 1.466485e-03 9.985346e-01 9.992670e-02
5.595090e+03 1.459889e-03 9.985412e-01 9.992703e-02
5.595100e+03 1.453339e-03 9.985477e-01 9.992736e-02
5.595110e+03 1.446833e-03 9.985542e-01 9.992768e-02
5.595120e+03 1.440371e-03 9.985607e-01 9.992801e-02
5.595130e+03 1.433952e-03 9.985671e-01 9.992833e-02
5.595140e+03 1.427576e-03 9.985734e-01 9.992865e-02
5.595150e+03 1.421243e-03 9.985798e-01 9.992896e-02
5.595160e+03 1.414952e-03 9.985860e-01 9.992928e-02
5.595170e+03 1.408703e-03 9.985923e-01 9.992959e-02
5.595180e+03 1.402496e-03 9.985985e-01 9.992990e-02
5.595190e+03 1.396330e-03 9.986046e-01 9.993021e-02
5.595200e+03 1.390205e-03 9.986108e-01 9.993051e-02
5.595210e+03 1.384120e-03 9.986168e-01 9.993082e-02
5.595220e+03 1.378075e-03 9.986229e-01 9.993112e-02
5.595230e+03 1.372070e-03 9.986289e-01 9.993142e-02
5.595240e+03 1.366105e-03 9.986348e-01 9.993172e-02
5.595250e+03 1.360179e-03 9.986407e-01 9.993201e-02
5.595260e+03 1.354291e-03 9.986466e-01 9.993231e-02
5.595270e+03 1.348441e-03 9.986525e-01 9.993260e-02
5.595280e+03 1.342630e-03 9.986583e-01 9.993289e-02
5.595290e+03 1.005888e-03 9.989946e-01 9.994972e-02
5.595300e+03 1.001437e-03 9.989991e-01 9.994994e-02
5.595310e+03 9.970147e-04 9.990035e-01 9.995016e-02
5.595320e+03 9.926223e-04 9.990079e-01 9.995038e-02
5.595330e+03 9.882589e-04 9.990122e-01 9.995060e-02
5.595340e+03 9.839243e-04 9.990166e-01 9.995082e-02
5.595350e+03 9.796182e-04 9.990209e-01 9.995103e-02
5.595360e+03 9.753405e-04 9.990251e-01 9.995124e-02
5.595370e+03 9.710908e-04 9.990294e-01 9.995146e-02
5.595380e+03 9.668689e-04 9.990336e-01 9.995167e-02
5.595390e+03 9.626746e-04 9.990378e-01 9.995188e-02
5.595400e+03 9.585076e-04 9.990420e-01 9.995209e-02
5.595410e+03 9.543677e-04 9.990461e-01 9.995229e-02
5.595420e+03 9.502547e-04 9.990502e-01 9.995250e-02
5.595430e+03 9.461683e-04 9.990543e-01 9.995270e-02
5.595440e+03 9.421082e-04 9.990583e-01 9.995291e-02
5.595450e+03 9.380744e-04 9.990624e-01 9.995311e-02
5.595460e+03 9.340664e-04 9.990664e-01 9.995331e-02
5.595470e+03 9.300842e-04 9.990703e-01 9.995351e-02
5.595480e+03 9.261275e-04 9.990743e-01 9.995370e-02
5.595490e+03 9.221961e-04 9.990782e-01 9.995390e-02
5.595500e+03 9.182897e-04 9.990821e-01 9.995410e-02
5.595510e+03 9.144082e-04 9.990860e-01 9.995429e-02
5.595520e+03 9.105513e-04 9.990899e-01 9.995448e-02
5.595530e+03 9.067188e-04 9.990937e-01 9.995467e-02
5.595540e+03 9.029106e-04 9.990975e-01 9.995486e-02
5.595550e+03 8.991264e-04 9.991013e-01 9.995505e-02
5.595560e+03 8.953660e-04 9.991050e-01 9.995524e-02
5.595570e+03 8.916292e-04 9.991088e-01 9.995543e-02
5.595580e+03 8.879158e-04 9.991125e-01 9.995561e-02
5.595590e+03 8.842257e-04 9.991162e-01 9.995580e-02
5.595600e+03 8.805586e-04 9.991198e-01 9.995598e-02
5.595610e+03 8.769143e-04 9.991235e-01 9.995616e-02
5.595620e+03 8.732927e-04 9.991271e-01 9.995634e-02
5.595630e+03 8.696935e-04 9.991307e-01 9.995652e-02
5.595640e+03 4.553034e-04 9.995448e-01 9.997724e-02
5.595650e+03 4.533457e-04 9.995468e-01 9.997734e-02
5.595660e+03 4.514006e-04 9.995487e-01 9.997743e-02
5.595670e+03 4.494681e-04 9.995506e-01 9.997753e-02
5.595680e+03 4.475479e-04 9.995526e-01 9.997763e-02
5.595690e+03 4.456400e-04 9.995545e-01 9.997772e-02
5.595700e+03 4.437443e-04 9.995564e-01 9.997782e-02
5.595710e+03 4.418606e-04 9.995582e-01 9.997791e-02
5.595720e+03 4.399890e-04 9.995601e-01 9.997800e-02
5.595730e+03 4.381292e-04 9.995620e-01 9.997810e-02
5.595740e+03 4.362812e-04 9.995638e-01 9.997819e-02
5.595750e+03 4.344449e-04 9.995656e-01 9.997828e-02
5.595760e+03 4.326201e-04 9.995675e-01 9.997837e-02
5.595770e+03 4.308068e-04 9.995693e-01 9.997846e-02
5.595780e+03 4.290049e-04 9.995711e-01 9.997855e-02
5.595790e+03 4.272143e-04 9.995729e-01 9.997864e-02
5.595800e+03 4.254349e-04 9.995747e-01 9.997873e-02
5.595810e+03 4.236666e-04 9.995764e-01 9.997882e-02
5.595820e+03 4.219093e-04 9.995782e-01 9.997891e-02
5.595830e+03 4.201629e-04 9.995799e-01 9.997899e-02
5.595840e+03 4.184273e-04 9.995817e-01 9.997908e-02
5.595850e+03 4.167025e-04 9.995834e-01 9.997917e-02
5.595860e+03 4.149884e-04 9.995851e-01 9.997925e-02
5.595870e+03 4.132847e-04 9.995868e-01 9.997934e-02
5.595880e+03 4.115916e-04 9.995885e-01 9.997942e-02
5.595890e+03 4.099089e-04 9.995902e-01 9.997951e-02
5.595900e+03 4.082364e-04 9.995918e-01 9.997959e-02
5.595910e+03 4.065742e-04 9.995935e-01 9.997967e-02
5.595920e+03 4.049221e-04 9.995952e-01 9.997976e-02
5.595930e+03 4.032801e-04 9.995968e-01 9.997984e-02
5.595940e+03 4.016481e-04 9.995984e-01 9.997992e-02
5.595950e+03 4.000259e-04 9.996001e-01 9.998000e-02
5.595960e+03 3.984136e-04 9.996017e-01 9.998008e-02
5.595970e+03 3.968110e-04 9.996033e-01 9.998016e-02
5.595980e+03 3.952180e-04 9.996049e-01 9.998024e-02
5.595990e+03 3.936346e-04 9.996064e-01 9.998032e-02
5.596000e+03 3.920608e-04 9.996080e-01 9.998040e-02
5.596010e+03 3.904963e-04 9.996096e-01 9.998048e-02
5.596020e+03 3.889412e-04 9.996111e-01 9.998055e-02
5.596030e+03 3.873954e-04 9.996127e-01 9.998063e-02
5.596040e+03 3.858588e-04 9.996142e-01 9.998071e-02
5.596050e+03 3.843313e-04 9.996157e-01 9.998079e-02
5.596060e+03 3.828129e-04 9.996173e-01 9.998086e-02
5.596070e+03 3.813035e-04 9.996188e-01 9.998094e-02
5.596080e+03 3.798029e-04 9.996203e-01 9.998101e-02
5.596090e+03 3.783113e-04 9.996218e-01 9.998109e-02
5.596100e+03 3.768284e-04 9.996232e-01 9.998116e-02
5.596110e+03 3.753542e-04 9.996247e-01 9.998123e-02
5.596120e+03 3.738886e-04 9.996262e-01 9.998131e-02
5.596130e+03 3.724316e-04 9.996276e-01 9.998138e-02
5.596140e+03 0.000000e+00 1.000000e+00 1.000000e-01
5.596150e+03 0.000000e+00 1.000000e+00 1.000000e-01
5.596160e+03 0.000000e+00 1.000000e+00 1.000000e-01
5.596170e+03 0.000000e+00 1.000000e+00 1.000000e-01
5.596180e+03 0.000000e+00 1.000000e+00 1.000000e-01
5.596190e+03 0.000000e+00 1.000000e+00 1.000000e-01
5.596200e+03 0.000000e+00 1.000000e+00 1.000000e-01
5.596210e+03 0.000000e+00 1.000000e+00 1.000000e-01
5.596220e+03 0.000000e+00 1.000000e+00 1.000000e-01
5.596230e+03 0.000000e+00 1.000000e+00 1.000000e-01
5.596240e+03 0.000000e+00 1.000000e+00 1.000000e-01
5.596250e+03 0.000000e+00 1.000000e+00 1.000000e-01
5.596260e+03 0.000000e+00 1.000000e+00 1.000000e-01
5.596270e+03 0.000000e+00 1.000000e+00 1.000000e-01
5.596280e+03 0.000000e+00 1.000000e+00 1.000000e-01
5.596290e+03 0.000000e+00 1.000000e+00 1.000000e-01
5.596300e+03 0.000000e+00 1.000000e+00 1.000000e-01
5.596310e+03 0.000000e+00 1.000000e+00 1.000000e-01
5.596320e+03 0.000000e+00 1.000000e+00 1.000000e-01
5.596330e+03 0.000000e+00 1.000000e+00 1.000000e-01
5.596340e+03 0.000000e+00 1.000000e+00 1.000000e-01
5.596350e+03 0.000000e+00 1.000000e+00 1.000000e-01
5.596360e+03 0.000000e+00 1.000000e+00 1.000000e-01
5.596370e+03 0.000000e+00 1.000000e+00 1.000000e-01
5.596380e+03 0.000000e+00 1.000000e+00 1.000000e-01
5.596390e+03 0.000000e+00 1.000000e+00 1.000000e-01
5.596400e+03 0.000000e+00 1.000000e+00 1.000000e-01
5.596410e+03 0.000000e+00 1.000000e+00 1.000000e-01
5.596420e+03 0.000000e+00 1.000000e+00 1.000000e-01
5.596430e+03 0.000000e+00 1.000000e+00 1.000000e-01
5.596440e+03 0.000000e+00 1.000000e+00 1.000000e-01
5.596450e+03 0.000000e+00 1.000000e+00 1.000000e-01
5.596460e+03 0.000000e+00 1.000000e+00 1.000000e-01
5.596470e+03 0.000000e+00 1.000000e+00 1.000000e-01
5.596480e+03 0.000000e+00 1.000000e+00 1.000000e-01
5.596490e+03 0.000000e+00 1.000000e+00 1.000000e-01
5.596500e+03 0.000000e+00 1.000000e+00 1.000000e-01
5.596510e+03 0.000000e+00 1.000000e+00 1.000000e-01
5.596520e+03 0.000000e+00 1.000000e+00 1.000000e-01
5.596530e+03 0.000000e+00 1.000000e+00 1.000000e-01
5.596540e+03 0.000000e+00 1.000000e+00 1.000000e-01
5.596550e+03 0.000000e+00 1.000000e+00 1.000000e-01
5.596560e+03 0.000000e+00 1.000000e+00 1.000000e-01
5.596570e+03 0.000000e+00 1.000000e+00 1.000000e-01
5.596580e+03 0.000000e+00 1.000000e+00 1.000000e-01
5.596590e+03 0.000000e+00 1.000000e+00 1.000000e-01
5.596600e+03 0.000000e+00 1.000000e+00 1.000000e-01
5.596610e+03 0.000000e+00 1.000000e+00 1.000000e-01
5.596620e+03 0.000000e+00 1.000000e+00 1.000000e-01
5.596630e+03 0.000000e+00 1.000000e+00 1.000000e-01
5.596640e+03 0.000000e+00 1.000000e+00 1.000000e-01
5.596650e+03 0.000000e+00 1.000000e+00 1.000000e-01
5.596660e+03 0.000000e+00 1.000000e+00 1.000000e-01
5.596670e+03 0.000000e+00 1.000000e+00 1.000000e-01
5.596680e+03 0.000000e+00 1.000000e+00 1.000000e-01
5.596690e+03 0.000000e+00 1.000000e+00 1.000000e-01
5.596700e+03 0.000000e+00 1.000000e+00 1.000000e-01
5.596710e+03 0.000000e+00 1.000000e+00 1.000000e-01
5.596720e+03 0.000000e+00 1.000000e+00 1.000000e-01
5.596730e+03 0.000000e+00 1.000000e+00 1.000000e-01
5.596740e+03 0.000000e+00 1.000000e+00 1.000000e-01
5.596750e+03 0.000000e+00 1.000000e+00 1.000000e-01
5.596760e+03 0.000000e+00 1.000000e+00 1.000000e-01
5.596770e+03 0.000000e+00 1.000000e+00 1.000000e-01
5.596780e+03 0.000000e+00 1.000000e+00 1.000000e-01
5.596790e+03 0.000000e+00 1.000000e+00 1.000000e-01
5.596800e+03 0.000000e+00 1.000000e+00 1.000000e-01
5.596810e+03 0.000000e+00 1.000000e+00 1.000000e-01
5.596820e+03 0.000000e+00 1.000000e+00 1.000000e-01
5.596830e+03 0.000000e+00 1.000000e+00 1.000000e-01
5.596840e+03 0.000000e+00 1.000000e+00 1.000000e-01
5.596850e+03 0.000000e+00 1.000000e+00 1.000000e-01
5.596860e+03 0.000000e+00 1.000000e+00 1.000000e-01
5.596870e+03 0.000000e+00 1.000000e+00 1.000000e-01
5.596880e+03 0.000000e+00 1.000000e+00 1.000000e-01
5.596890e+03 0.000000e+00 1.000000e+00 1.000000e-01
5.596900e+03 0.000000e+00 1.000000e+00 1.000000e-01
5.596910e+03 0.000000e+00 1.000000e+00 1.000000e-01
5.596920e+03 0.000000e+00 1.000000e+00 1.000000e-01
5.596930e+03 0.000000e+00 1.000000e+00 1.000000e-01
5.596940e+03 0.000000e+00 1.000000e+00 1.000000e-01
5.596950e+03 0.000000e+00 1.000000e+00 1.000000e-01
5.596960e+03 0.000000e+00 1.000000e+00 1.000000e-01
5.596970e+03 0.000000e+00 1.000000e+00 1.000000e-01
5.596980e+03 0.000000e+00 1.000000e+00 1.000000e-01
5.596990e+03 0.000000e+00 1.000000e+00 1.000000e-01
5.597000e+03 0.000000e+00 1.000000e+00 1.000000e-01
5.597010e+03 0.000000e+00 1.000000e+00 1.000000e-01
5.597020e+03 0.000000e+00 1.000000e+00 1.000000e-01
5.597030e+03 0.000000e+00 1.000000e+00 1.000000e-01
5.597040e+03 0.000000e+00 1.000000e+00 1.000000e-01
5.597050e+03 0.000000e+00 1.000000e+00 1.000000e-01
5.597060e+03 0.000000e+00 1.000000e+00 1.000000e-01
5.597070e+03 0.000000e+00 1.000000e+00 1.000000e-01
5.597080e+03 0.000000e+00 1.000000e+00 1.000000e-01
5.597090e+03 0.000000e+00 1.000000e+00 1.000000e-01
5.597100e+03 0.000000e+00 1.000000e+00 1.000000e-01
5.597110e+03 0.000000e+00 1.000000e+00 1.000000e-01
5.597120e+03 0.000000e+00 1.000000e+00 1.000000e-01
5.597130e+03 0.000000e+00 1.000000e+00 1.000000e-01
5.597140e+03 0.000000e+00 1.000000e+00 1.000000e-01
5.597150e+03 0.000000e+00 1.000000e+00 1.000000e-01
5.597160e+03 0.000000e+00 1.000000e+00 1.000000e-01
5.597170e+03 0.000000e+00 1.000000e+00 1.000000e-01
5.597180e+03 0.000000e+00 1.000000e+00 1.000000e-01
5.597190e+03 0.000000e+00 1.000000e+00 1.000000e-01
5.597200e+03 0.000000e+00 1.000000e+00 1.000000e-01
5.597210e+03 0.000000e+00 1.000000e+00 1.000000e-01
5.597220e+03 0.000000e+00 1.000000e+00 1.000000e-01
5.597230e+03 0.000000e+00 1.000000e+00 1.000000e-01
5.597240e+03 0.000000e+00 1.000000e+00 1.000000e-01
5.597250e+03 0.000000e+00 1.000000e+00 1.000000e-01
5.597260e+03 0.000000e+00 1.000000e+00 1.000000e-01
5.597270e+03 0.000000e+00 1.000000e+00 1.000000e-01
5.597280e+03 0.000000e+00 1.000000e+00 1.000000e-01
5.597290e+03 0.000000e+00 1.000000e+00 1.000000e-01
5.597300e+03 0.000000e+00 1.000000e+00 1.000000e-01
5.597310e+03 0.000000e+00 1.000000e+00 1.000000e-01
5.597320e+03 0.000000e+00 1.000000e+00 1.000000e-01
5.597330e+03 0.000000e+00 1.000000e+00 1.000000e-01
5.597340e+03 0.000000e+00 1.000000e+00 1.000000e-01
5.597350e+03 0.000000e+00 1.000000e+00 1.000000e-01
5.597360e+03 0.000000e+00 1.000000e+00 1.000000e-01
5.597370e+03 0.000000e+00 1.000000e+00 1.000000e-01
5.597380e+03 0.000000e+00 1.000000e+00 1.000000e-01
5.597390e+03 0.000000e+00 1.000000e+00 1.000000e-01
5.597400e+03 0.000000e+00 1.000000e+00 1.000000e-01
5.597410e+03 0.000000e+00 1.000000e+00 1.000000e-01
5.597420e+03 0.000000e+00 1.000000e+00 1.000000e-01
5.597430e+03 0.000000e+00 1.000000e+00 1.000000e-01
5.597440e+03 0.000000e+00 1.000000e+00 1.000000e-01
5.597450e+03 0.000000e+00 1.000000e+00 1.000000e-01
5.597460e+03 0.000000e+00 1.000000e+00 1.000000e-01
5.597470e+03 0.000000e+00 1.000000e+00 1.000000e-01
5.597480e+03 0.000000e+00 1.000000e+00 1.000000e-01
5.597490e+03 0.000000e+00 1.000000e+00 1.000000e-01
5.597500e+03 0.000000e+00 1.000000e+00 1.000000e-01
5.597510e+03 0.000000e+00 1.000000e+00 1.000000e-01
5.597520e+03 0.000000e+00 1.000000e+00 1.000000e-01
5.597530e+03 0.000000e+00 1.000000e+00 1.000000e-01
5.597540e+03 0.000000e+00 1.000000e+00 1.000000e-01
5.597550e+03 0.000000e+00 1.000000e+00 1.000000e-01
5.597560e+03 0.000000e+00 1.000000e+00 1.000000e-01
5.597570e+03 0.000000e+00 1.000000e+00 1.000000e-01
5.597580e+03 0.000000e+00 1.000000e+00 1.000000e-01
5.597590e+03 0.000000e+00 1.000000e+00 1.000000e-01
5.597600e+03 0.000000e+00 1.000000e+00 1.000000e-01
5.597610e+03 0.000000e+00 1.000000e+00 1.000000e-01
5.597620e+03 0.000000e+00 1.000000e+00 1.000000e-01
5.597630e+03 0.000000e+00 1.000000e+00 1.000000e-01
5.597640e+03 0.000000e+00 1.000000e+00 1.000000e-01
5.597650e+03 0.000000e+00 1.000000e+00 1.000000e-01
5.597660e+03 0.000000e+00 1.000000e+00 1.000000e-01
5.597670e+03 0.000000e+00 1.000000e+00 1.000000e-01
5.597680e+03 0.000000e+00 1.000000e+00 1.000000e-01
5.597690e+03 0.000000e+00 1.000000e+00 1.000000e-01
5.597700e+03 0.000000e+00 1.000000e+00 1.000000e-01
5.597710e+03 0.000000e+00 1.000000e+00 1.000000e-01
5.597720e+03 0.000000e+00 1.000000e+00 1.000000e-01
5.597730e+03 0.000000e+00 1.000000e+00 1.000000e-01
5.597740e+03 0.000000e+00 1.000000e+00 1.000000e-01
5.597750e+03 0.000000e+00 1.000000e+00 1.000000e-01
5.597760e+03 0.000000e+00 1.000000e+00 1.000000e-01
5.597770e+03 0.000000e+00 1.000000e+00 1.000000e-01
5.597780e+03 0.000000e+00 1.000000e+00 1.000000e-01
5.597790e+03 0.000000e+00 1.000000e+00 1.000000e-01
5.597800e+03 0.000000e+00 1.000000e+00 1.000000e-01
5.597810e+03 0.000000e+00 1.000000e+00 1.000000e-01
5.597820e+03 0.000000e+00 1.000000e+00 1.000000e-01
5.597830e+03 0.000000e+00 1.000000e+00 1.000000e-01
5.597840e+03 0.000000e+00 1.000000e+00 1.000000e-01
5.597850e+03 0.000000e+00 1.000000e+00 1.000000e-01
5.597860e+03 0.000000e+00 1.000000e+00 1.000000e-01
5.597870e+03 0.000000e+00 1.000000e+00 1.000000e-01
5.597880e+03 0.000000e+00 1.000000e+00 1.000000e-01
5.597890e+03 0.000000e+00 1.000000e+00 1.000000e-01
5.597900e+03 0.000000e+00 1.000000e+00 1.000000e-01
5.597910e+03 0.000000e+00 1.000000e+00 1.000000e-01
5.597920e+03 0.000000e+00 1.000000e+00 1.000000e-01
5.597930e+03 0.000000e+00 1.000000e+00 1.000000e-01
5.597940e+03 0.000000e+00 1.000000e+00 1.000000e-01
5.597950e+03 0.000000e+00 1.000000e+00 1.000000e-01
5.597960e+03 0.000000e+00 1.000000e+00 1.000000e-01
5.597970e+03 0.000000e+00 1.000000e+00 1.000000e-01
5.597980e+03 0.000000e+00 1.000000e+00 1.000000e-01
5.597990e+03 0.000000e+00 1.000000e+00 1.000000e-01
5.598000e+03 0.000000e+00 1.000000e+00 1.000000e-01
5.598010e+03 0.000000e+00 1.000000e+00 1.000000e-01
5.598020e+03 0.000000e+00 1.000000e+00 1.000000e-01
5.598030e+03 0.000000e+00 1.000000e+00 1.000000e-01
5.598040e+03 0.000000e+00 1.000000e+00 1.000000e-01
5.598050e+03 0.000000e+00 1.000000e+00 1.000000e-01
5.598060e+03 0.000000e+00 1.000000e+00 1.000000e-01
5.598070e+03 0.000000e+00 1.000000e+00 1.000000e-01
5.598080e+03 0.000000e+00 1.000000e+00 1.000000e-01
5.598090e+03 0.000000e+00 1.000000e+00 1.000000e-01
5.598100e+03 0.000000e+00 1.000000e+00 1.000000e-01
5.598110e+03 0.000000e+00 1.000000e+00 1.000000e-01
5.598120e+03 0.000000e+00 1.000000e+00 1.000000e-01
5.598130e+03 0.000000e+00 1.000000e+00 1.000000e-01
5.598140e+03 0.000000e+00 1.000000e+00 1.000000e-01
5.598150e+03 0.000000e+00 1.000000e+00 1.000000e-01
5.598160e+03 0.000000e+00 1.000000e+00 1.000000e-01
5.598170e+03 0.000000e+00 1.000000e+00 1.000000e-01
5.598180e+03 0.000000e+00 1.000000e+00 1.000000e-01
5.598190e+03 0.000000e+00 1.000000e+00 1.000000e-01
5.598200e+03 0.000000e+00 1.000000e+00 1.000000e-01
5.598210e+03 0.000000e+00 1.000000e+00 1.000000e-01
5.598220e+03 0.000000e+00 1.000000e+00 1.000000e-01
5.598230e+03 0.000000e+00 1.000000e+00 1.000000e-01
5.598240e+03 0.000000e+00 1.000000e+00 1.000000e-01
5.598250e+03 0.000000e+00 1.000000e+00 1.000000e-01
5.598260e+03 0.000000e+00 1.000000e+00 1.000000e-01
5.598270e+03 0.000000e+00 1.000000e+00 1.000000e-01
5.598280e+03 0.000000e+00 1.000000e+00 1.000000e-01
5.598290e+03 0.000000e+00 1.000000e+00 1.000000e-01
5.598300e+03 0.000000e+00 1.000000e+00 1.000000e-01
5.598310e+03 0.000000e+00 1.000000e+00 1.000000e-01
5.598320e+03 0.000000e+00 1.000000e+00 1.000000e-01
5.598330e+03 0.000000e+00 1.000000e+00 1.000000e-01
5.598340e+03 0.000000e+00 1.000000e+00 1.000000e-01
5.598350e+03 0.000000e+00 1.000000e+00 1.000000e-01
5.598360e+03 0.000000e+00 1.000000e+00 1.000000e-01
5.598370e+03 0.000000e+00 1.000000e+00 1.000000e-01
5.598380e+03 0.000000e+00 1.000000e+00 1.000000e-01
5.598390e+03 0.000000e+00 1.000000e+00 1.000000e-01
5.598400e+03 0.000000e+00 1.000000e+00 1.000000e-01
5.598410e+03 0.000000e+00 1.000000e+00 1.000000e-01
5.598420e+03 0.000000e+00 1.000000e+00 1.000000e-01
5.598430e+03 0.000000e+00 1.000000e+00 1.000000e-01
5.598440e+03 0.000000e+00 1.000000e+00 1.000000e-01
5.598450e+03 0.000000e+00 1.000000e+00 1.000000e-01
5.598460e+03 0.000000e+00 1.000000e+00 1.000000e-01
5.598470e+03 0.000000e+00 1.000000e+00 1.000000e-01
5.598480e+03 0.000000e+00 1.000000e+00 1.000000e-01
5.598490e+03 0.000000e+00 1.000000e+00 1.000000e-01
5.598500e+03 0.000000e+00 1.000000e+00 1.000000e-01
5.598510e+03 0.000000e+00 1.000000e+00 1.000000e-01
5.598520e+03 0.000000e+00 1.000000e+00 1.000000e-01
5.598530e+03 0.000000e+00 1.000000e+00 1.000000e-01
5.598540e+03 0.000000e+00 1.000000e+00 1.000000e-01
5.598550e+03 0.000000e+00 1.000000e+00 1.000000e-01
5.598560e+03 0.000000e+00 1.000000e+00 1.000000e-01
5.598570e+03 0.000000e+00 1.000000e+00 1.000000e-01
5.598580e+03 0.000000e+00 1.000000e+00 1.000000e-01
5.598590e+03 0.000000e+00 1.000000e+00 1.000000e-01
5.598600e+03 0.000000e+00 1.000000e+00 1.000000e-01
5.598610e+03 0.000000e+00 1.000000e+00 1.000000e-01
5.598620e+03 0.000000e+00 1.000000e+00 1.000000e-01
5.598630e+03 0.000000e+00 1.000000e+00 1.000000e-01
5.598640e+03 0.000000e+00 1.000000e+00 1.000000e-01
5.598650e+03 0.000000e+00 1.000000e+00 1.000000e-01
5.598660e+03 0.000000e+00 1.000000e+00 1.000000e-01
5.598670e+03 0.000000e+00 1.000000e+00 1.000000e-01
5.598680e+03 0.000000e+00 1.000000e+00 1.000000e-01
5.598690e+03 0.000000e+00 1.000000e+00 1.000000e-01
5.598700e+03 0.000000e+00 1.000000e+00 1.000000e-01
5.598710e+03 0.000000e+00 1.000000e+00 1.000000e-01
5.598720e+03 0.000000e+00 1.000000e+00 1.000000e-01
5.598730e+03 0.000000e+00 1.000000e+00 1.000000e-01
5.598740e+03 0.000000e+00 1.000000e+00 1.000000e-01
5.598750e+03 0.000000e+00 1.000000e+00 1.000000e-01
5.598760e+03 0.000000e+00 1.000000e+00 1.000000e-01
5.598770e+03 0.000000e+00 1.000000e+00 1.000000e-01
5.598780e+03 0.000000e+00 1.000000e+00 1.000000e-01
5.598790e+03 0.000000e+00 1.000000e+00 1.000000e-01
5.598800e+03 0.000000e+00 1.000000e+00 1.000000e-01
5.598810e+03 0.000000e+00 1.000000e+00 1.000000e-01
5.598820e+03 0.000000e+00 1.000000e+00 1.000000e-01
5.598830e+03 0.000000e+00 1.000000e+00 1.000000e-01
5.598840e+03 0.000000e+00 1.000000e+00 1.000000e-01
5.598850e+03 0.000000e+00 1.000000e+00 1.000000e-01
5.598860e+03 0.000000e+00 1.000000e+00 1.000000e-01
5.598870e+03 0.000000e+00 1.000000e+00 1.000000e-01
5.598880e+03 0.000000e+00 1.000000e+00 1.000000e-01
5.598890e+03 0.000000e+00 1.000000e+00 1.000000e-01
5.598900e+03 0.000000e+00 1.000000e+00 1.000000e-01
5.598910e+03 0.000000e+00 1.000000e+00 1.000000e-01
5.598920e+03 0.000000e+00 1.000000e+00 1.000000e-01
5.598930e+03 0.000000e+00 1.000000e+00 1.000000e-01
5.598940e+03 0.000000e+00 1.000000e+00 1.000000e-01
5.598950e+03 0.000000e+00 1.000000e+00 1.000000e-01
5.598960e+03 0.000000e+00 1.000000e+00 1.000000e-01
5.598970e+03 0.000000e+00 1.000000e+00 1.000000e-01
5.598980e+03 0.000000e+00 1.000000e+00 1.000000e-01
5.598990e+03 0.000000e+00 1.000000e+00 1.000000e-01
5.599000e+03 0.000000e+00 1.000000e+00 1.000000e-01
5.599010e+03 0.000000e+00 1.000000e+00 1.000000e-01
5.599020e+03 0.000000e+00 1.000000e+00 1.000000e-01
5.599030e+03 0.000000e+00 1.000000e+00 1.000000e-01
5.599040e+03 0.000000e+00 1.000000e+00 1.000000e-01
5.599050e+03 0.000000e+00 1.000000e+00 1.000000e-01
5.599060e+03 0.000000e+00 1.000000e+00 1.000000e-01
5.599070e+03 0.000000e+00 1.000000e+00 1.000000e-01
5.599080e+03 0.000000e+00 1.000000e+00 1.000000e-01
5.599090e+03 0.000000e+00 1.000000e+00 1.000000e-01
5.599100e+03 0.000000e+00 1.000000e+00 1.000000e-01
5.599110e+03 0.000000e+00 1.000000e+00 1.000000e-01
5.599120e+03 0.000000e+00 1.000000e+00 1.000000e-01
5.599130e+03 0.000000e+00 1.000000e+00 1.000000e-01
5.599140e+03 0.000000e+00 1.000000e+00 1.000000e-01
5.599150e+03 0.000000e+00 1.000000e+00 1.000000e-01
5.599160e+03 0.000000e+00 1.000000e+00 1.000000e-01
5.599170e+03 0.000000e+00 1.000000e+00 1.000000e-01
5.599180e+03 0.000000e+00 1.000000e+00 1.000000e-01
5.599190e+03 0.000000e+00 1.000000e+00 1.000000e-01
5.599200e+03 0.000000e+00 1.000000e+00 1.000000e-01
5.599210e+03 0.000000e+00 1.000000e+00 1.000000e-01
5.599220e+03 0.000000e+00 1.000000e+00 1.000000e-01
5.599230e+03 0.000000e+00 1.000000e+00 1.000000e-01
5.599240e+03 0.000000e+00 1.000000e+00 1.000000e-01
5.599250e+03 0.000000e+00 1.000000e+00 1.000000e-01
5.599260e+03 0.000000e+00 1.000000e+00 1.000000e-01
5.599270e+03 0.000000e+00 1.000000e+00 1.000000e-01
5.599280e+03 0.000000e+00 1.000000e+00 1.000000e-01
5.599290e+03 0.000000e+00 1.000000e+00 1.000000e-01
5.599300e+03 0.000000e+00 1.000000e+00 1.000000e-01
5.599310e+03 0.000000e+00 1.000000e+00 1.000000e-01
5.599320e+03 0.000000e+00 1.000000e+00 1.000000e-01
5.599330e+03 0.000000e+00 1.000000e+00 1.000000e-01
5.599340e+03 0.000000e+00 1.000000e+00 1.000000e-01
5.599350e+03 0.000000e+00 1.000000e+00 1.000000e-01
5.599360e+03 0.000000e+00 1.000000e+00 1.000000e-01
5.599370e+03 0.000000e+00 1.000000e+00 1.000000e-01
5.599380e+03 0.000000e+00 1.000000e+00 1.000000e-01
5.599390e+03 0.000000e+00 1.000000e+00 1.000000e-01
5.599400e+03 0.000000e+00 1.000000e+00 1.000000e-01
5.599410e+03 0.000000e+00 1.000000e+00 1.000000e-01
5.599420e+03 0.000000e+00 1.000000e+00 1.000000e-01
5.599430e+03 0.000000e+00 1.000000e+00 1.000000e-01
5.599440e+03 0.000000e+00 1.000000e+00 1.000000e-01
5.599450e+03 0.000000e+00 1.000000e+00 1.000000e-01
5.599460e+03 0.000000e+00 1.000000e+00 1.000000e-01
5.599470e+03 0.000000e+00 1.000000e+00 1.000000e-01
5.599480e+03 0.000000e+00 1.000000e+00 1.000000e-01
5.599490e+03 0.000000e+00 1.000000e+00 1.000000e-01
5.599500e+03 0.000000e+00 1.000000e+00 1.000000e-01
5.599510e+03 0.000000e+00 1.000000e+00 1.000000e-01
5.599520e+03 0.000000e+00 1.000000e+00 1.000000e-01
5.599530e+03 0.000000e+00 1.000000e+00 1.000000e-01
5.599540e+03 0.000000e+00 1.000000e+00 1.000000e-01
5.599550e+03 0.000000e+00 1.000000e+00 1.000000e-01
5.599560e+03 0.000000e+00 1.000000e+00 1.000000e-01
5.599570e+03 0.000000e+00 1.000000e+00 1.000000e-01
5.599580e+03 0.000000e+00 1.000000e+00 1.000000e-01
5.599590e+03 0.000000e+00 1.000000e+00 1.000000e-01
5.599600e+03 0.000000e+00 1.000000e+00 1.000000e-01
5.599610e+03 0.000000e+00 1.000000e+00 1.000000e-01
5.599620e+03 0.000000e+00 1.000000e+00 1.000000e-01
5.599630e+03 0.000000e+00 1.000000e+00 1.000000e-01
5.599640e+03 0.000000e+00 1.000000e+00 1.000000e-01
5.599650e+03 0.000000e+00 1.000000e+00 1.000000e-01
5.599660e+03 0.000000e+00 1.000000e+00 1.000000e-01
5.599670e+03 0.000000e+00 1.000000e+00 1.000000e-01
5.599680e+03 0.000000e+00 1.000000e+00 1.000000e-01
5.599690e+03 0.000000e+00 1.000000e+00 1.000000e-01
5.599700e+03 0.000000e+00 1.000000e+00 1.000000e-01
5.599710e+03 0.000000e+00 1.000000e+00 1.000000e-01
5.599720e+03 0.000000e+00 1.000000e+00 1.000000e-01
5.599730e+03 0.000000e+00 1.000000e+00 1.000000e-01
5.599740e+03 0.000000e+00 1.000000e+00 1.000000e-01
5.599750e+03 0.000000e+00 1.000000e+00 1.000000e-01
5.599760e+03 0.000000e+00 1.000000e+00 1.000000e-01
5.599770e+03 0.000000e+00 1.000000e+00 1.000000e-01
5.599780e+03 0.000000e+00 1.000000e+00 1.000000e-01
5.599790e+03 0.000000e+00 1.000000e+00 1.000000e-01
5.599800e+03 0.000000e+00 1.000000e+00 1.000000e-01
5.599810e+03 0.000000e+00 1.000000e+00 1.000000e-01
5.599820e+03 0.000000e+00 1.000000e+00 1.000000e-01
5.599830e+03 0.000000e+00 1.000000e+00 1.000000e-01
5.599840e+03 0.000000e+00 1.000000e+00 1.000000e-01
5.599850e+03 0.000000e+00 1.000000e+00 1.000000e-01
5.599860e+03 0.000000e+00 1.000000e+00 1.000000e-01
5.599870e+03 0.000000e+00 1.000000e+00 1.000000e-01
5.599880e+03 0.000000e+00 1.000000e+00 1.000000e-01
5.599890e+03 0.000000e+00 1.000000e+00 1.000000e-01
5.599900e+03 0.000000e+00 1.000000e+00 1.000000e-01
5.599910e+03 0.000000e+00 1.000000e+00 1.000000e-01
5.599920e+03 0.000000e+00 1.000000e+00 1.000000e-01
5.599930e+03 0.000000e+00 1.000000e+00 1.000000e-01
5.599940e+03 0.000000e+00 1.000000e+00 1.000000e-01
5.599950e+03 0.000000e+00 1.000000e+00 1.000000e-01
5.599960e+03 0.000000e+00 1.000000e+00 1.000000e-01
5.599970e+03 0.000000e+00 1.000000e+00 1.000000e-01
5.599980e+03 0.000000e+00 1.000000e+00 1.000000e-01
5.599990e+03 0.000000e+00 1.000000e+00 1.000000e-01
5.600000e+03 0.000000e+00 1.000000e+00 1.000000e-01
5.600010e+03 0.000000e+00 1.000000e+00 1.000000e-01
5.600020e+03 0.000000e+00 1.000000e+00 1.000000e-01
5.600030e+03 0.000000e+00 1.000000e+00 1.000000e-01
5.600040e+03 0.000000e+00 1.000000e+00 1.000000e-01
5.600050e+03 0.000000e+00 1.000000e+00 1.000000e-01
5.600060e+03 0.000000e+00 1.000000e+00 1.000000e-01
5.600070e+03 0.000000e+00 1.000000e+00 1.000000e-01
5.600080e+03 0.000000e+00 1.000000e+00 1.000000e-01
5.600090e+03 0.000000e+00 1.000000e+00 1.000000e-01
5.600100e+03 0.000000e+00 1.000000e+00 1.000000e-01
5.600110e+03 0.000000e+00 1.000000e+00 1.000000e-01
5.600120e+03 0.000000e+00 1.000000e+00 1.000000e-01
5.600130e+03 0.000000e+00 1.000000e+00 1.000000e-01
5.600140e+03 0.000000e+00 1.000000e+00 1.000000e-01
5.600150e+03 0.000000e+00 1.000000e+00 1.000000e-01
5.600160e+03 0.000000e+00 1.000000e+00 1.000000e-01
5.600170e+03 0.000000e+00 1.000000e+00 1.000000e-01
5.600180e+03 0.000000e+00 1.000000e+00 1.000000e-01
5.600190e+03 0.000000e+00 1.000000e+00 1.000000e-01
5.600200e+03 0.000000e+00 1.000000e+00 1.000000e-01
5.600210e+03 0.000000e+00 1.000000e+00 1.000000e-01
5.600220e+03 0.000000e+00 1.000000e+00 1.000000e-01
5.600230e+03 0.000000e+00 1.000000e+00 1.000000e-01
5.600240e+03 0.000000e+00 1.000000e+00 1.000000e-01
5.600250e+03 0.000000e+00 1.000000e+00 1.000000e-01
5.600260e+03 0.000000e+00 1.000000e+00 1.000000e-01
5.600270e+03 0.000000e+00 1.000000e+00 1.000000e-01
5.600280e+03 0.000000e+00 1.000000e+00 1.000000e-01
5.600290e+03 0.000000e+00 1.000000e+00 1.000000e-01
5.600300e+03 0.000000e+00 1.000000e+00 1.000000e-01
5.600310e+03 0.000000e+00 1.000000e+00 1.000000e-01
5.600320e+03 0.000000e+00 1.000000e+00 1.000000e-01
5.600330e+03 0.000000e+00 1.000000e+00 1.000000e-01
5.600340e+03 0.000000e+00 1.000000e+00 1.000000e-01
5.600350e+03 0.000000e+00 1.000000e+00 1.000000e-01
5.600360e+03 0.000000e+00 1.000000e+00 1.000000e-01
5.600370e+03 0.000000e+00 1.000000e+00 1.000000e-01
5.600380e+03 0.000000e+00 1.000000e+00 1.000000e-01
5.600390e+03 0.000000e+00 1.000000e+00 1.000000e-01
5.600400e+03 0.000000e+00 1.000000e+00 1.000000e-01
5.600410e+03 0.000000e+00 1.000000e+00 1.000000e-01
5.600420e+03 0.000000e+00 1.000000e+00 1.000000e-01
5.600430e+03 0.000000e+00 1.000000e+00 1.000000e-01
5.600440e+03 0.000000e+00 1.000000e+00 1.000000e-01
5.600450e+03 0.000000e+00 1.000000e+00 1.000000e-01
5.600460e+03 0.000000e+00 1.000000e+00 1.000000e-01
5.600470e+03 0.000000e+00 1.000000e+00 1.000000e-01
5.600480e+03 0.000000e+00 1.000000e+00 1.000000e-01
5.600490e+03 0.000000e+00 1.000000e+00 1.000000e-01
5.600500e+03 0.000000e+00 1.000000e+00 1.000000e-01
5.600510e+03 0.000000e+00 1.000000e+00 1.000000e-01
5.600520e+03 0.000000e+00 1.000000e+00 1.000000e-01
5.600530e+03 0.000000e+00 1.000000e+00 1.000000e-01
5.600540e+03 0.000000e+00 1.000000e+00 1.000000e-01
5.600550e+03 0.000000e+00 1.000000e+00 1.000000e-01
5.600560e+03 0.000000e+00 1.000000e+00 1.000000e-01
5.600570e+03 0.000000e+00 1.000000e+00 1.000000e-01
5.600580e+03 0.000000e+00 1.000000e+00 1.000000e-01
5.600590e+03 0.000000e+00 1.000000e+00 1.000000e-01
5.600600e+03 0.000000e+00 1.000000e+00 1.000000e-01
5.600610e+03 0.000000e+00 1.000000e+00 1.000000e-01
5.600620e+03 0.000000e+00 1.000000e+00 1.000000e-01
5.600630e+03 0.000000e+00 1.000000e+00 1.000000e-01
5.600640e+03 0.000000e+00 1.000000e+00 1.000000e-01
5.600650e+03 0.000000e+00 1.000000e+00 1.000000e-01
5.600660e+03 0.000000e+00 1.000000e+00 1.000000e-01
5.600670e+03 0.000000e+00 1.000000e+00 1.000000e-01
5.600680e+03 0.000000e+00 1.000000e+00 1.000000e-01
5.600690e+03 0.000000e+00 1.000000e+00 1.000000e-01
5.600700e+03 0.000000e+00 1.000000e+00 1.000000e-01
5.600710e+03 0.000000e+00 1.000000e+00 1.000000e-01
5.600720e+03 0.000000e+00 1.000000e+00 1.000000e-01
5.600730e+03 0.000000e+00 1.000000e+00 1.000000e-01
5.600740e+03 0.000000e+00 1.000000e+00 1.000000e-01
5.600750e+03 0.000000e+00 1.000000e+00 1.000000e-01
5.600760e+03 0.000000e+00 1.000000e+00 1.000000e-01
5.600770e+03 0.000000e+00 1.000000e+00 1.000000e-01
5.600780e+03 0.000000e+00 1.000000e+00 1.000000e-01
5.600790e+03 0.000000e+00 1.000000e+00 1.000000e-01
5.600800e+03 0.000000e+00 1.000000e+00 1.000000e-01
5.600810e+03 0.000000e+00 1.000000e+00 1.000000e-01
5.600820e+03 0.000000e+00 1.000000e+00 1.000000e-01
5.600830e+03 0.000000e+00 1.000000e+00 1.000000e-01
5.600840e+03 0.000000e+00 1.000000e+00 1.000000e-01
5.600850e+03 0.000000e+00 1.000000e+00 1.000000e-01
5.600860e+03 0.000000e+00 1.000000e+00 1.000000e-01
5.600870e+03 0.000000e+00 1.000000e+00 1.000000e-01
5.600880e+03 0.000000e+00 1.000000e+00 1.000000e-01
5.600890e+03 0.000000e+00 1.000000e+00 1.000000e-01
5.600900e+03 0.000000e+00 1.000000e+00 1.000000e-01
5.600910e+03 0.000000e+00 1.000000e+00 1.000000e-01
5.600920e+03 0.000000e+00 1.000000e+00 1.000000e-01
5.600930e+03 0.000000e+00 1.000000e+00 1.000000e-01
5.600940e+03 0.000000e+00 1.000000e+00 1.000000e-01
5.600950e+03 0.000000e+00 1.000000e+00 1.000000e-01
5.600960e+03 0.000000e+00 1.000000e+00 1.000000e-01
5.600970e+03 0.000000e+00 1.000000e+00 1.000000e-01
5.600980e+03 0.000000e+00 1.000000e+00 1.000000e-01
5.600990e+03 0.000000e+00 1.000000e+00 1.000000e-01
5.601000e+03 0.000000e+00 1.000000e+00 1.000000e-01
5.601010e+03 0.000000e+00 1.000000e+00 1.000000e-01
5.601020e+03 0.000000e+00 1.000000e+00 1.000000e-01
5.601030e+03 0.000000e+00 1.000000e+00 1.000000e-01
5.601040e+03 0.000000e+00 1.000000e+00 1.000000e-01
5.601050e+03 0.000000e+00 1.000000e+00 1.000000e-01
5.601060e+03 0.000000e+00 1.000000e+00 1.000000e-01
5.601070e+03 0.000000e+00 1.000000e+00 1.000000e-01
5.601080e+03 0.000000e+00 1.000000e+00 1.000000e-01
5.601090e+03 0.000000e+00 1.000000e+00 1.000000e-01
5.601100e+03 0.000000e+00 1.000000e+00 1.000000e-01
5.601110e+03 0.000000e+00 1.000000e+00 1.000000e-01
5.601120e+03 0.000000e+00 1.000000e+00 1.000000e-01
5.601130e+03 0.000000e+00 1.000000e+00 1.000000e-01
5.601140e+03 0.000000e+00 1.000000e+00 1.000000e-01
5.601150e+03 0.000000e+00 1.000000e+00 1.000000e-01
5.601160e+03 0.000000e+00 1.000000e+00 1.000000e-01
5.601170e+03 0.000000e+00 1.000000e+00 1.000000e-01
5.601180e+03 0.000000e+00 1.000000e+00 1.000000e-01
5.601190e+03 0.000000e+00 1.000000e+00 1.000000e-01
5.601200e+03 0.000000e+00 1.000000e+00 1.000000e-01
5.601210e+03 0.000000e+00 1.000000e+00 1.000000e-01
5.601220e+03 0.000000e+00 1.000000e+00 1.000000e-01
5.601230e+03 0.000000e+00 1.000000e+00 1.000000e-01
5.601240e+03 0.000000e+00 1.000000e+00 1.000000e-01
5.601250e+03 0.000000e+00 1.000000e+00 1.000000e-01
5.601260e+03 0.000000e+00 1.000000e+00 1.000000e-01
5.601270e+03 0.000000e+00 1.000000e+00 1.000000e-01
5.601280e+03 0.000000e+00 1.000000e+00 1.000000e-01
5.601290e+03 0.000000e+00 1.000000e+00 1.000000e-01
5.601300e+03 0.000000e+00 1.000000e+00 1.000000e-01
5.601310e+03 0.000000e+00 1.000000e+00 1.000000e-01
5.601320e+03 0.000000e+00 1.000000e+00 1.000000e-01
5.601330e+03 0.000000e+00 1.000000e+00 1.000000e-01
5.601340e+03 0.000000e+00 1.000000e+00 1.000000e-01
5.601350e+03 0.000000e+00 1.000000e+00 1.000000e-01
5.601360e+03 0.000000e+00 1.000000e+00 1.000000e-01
5.601370e+03 0.000000e+00 1.000000e+00 1.000000e-01
5.601380e+03 0.000000e+00 1.000000e+00 1.000000e-01
5.601390e+03 0.000000e+00 1.000000e+00 1.000000e-01
5.601400e+03 0.000000e+00 1.000000e+00 1.000000e-01
5.601410e+03 0.000000e+00 1.000000e+00 1.000000e-01
5.601420e+03 0.000000e+00 1.000000e+00 1.000000e-01
5.601430e+03 0.000000e+00 1.000000e+00 1.000000e-01
5.601440e+03 0.000000e+00 1.000000e+00 1.000000e-01
5.601450e+03 0.000000e+00 1.000000e+00 1.000000e-01
5.601460e+03 0.000000e+00 1.000000e+00 1.000000e-01
5.601470e+03 0.000000e+00 1.000000e+00 1.000000e-01
5.601480e+03 0.000000e+00 1.000000e+00 1.000000e-01
5.601490e+03 0.000000e+00 1.000000e+00 1.000000e-01
5.601500e+03 0.000000e+00 1.000000e+00 1.000000e-01
5.601510e+03 0.000000e+00 1.000000e+00 1.000000e-01
5.601520e+03 0.000000e+00 1.000000e+00 1.000000e-01
5.601530e+03 0.000000e+00 1.000000e+00 1.000000e-01
5.601540e+03 0.000000e+00 1.000000e+00 1.000000e-01
5.601550e+03 0.000000e+00 1.000000e+00 1.000000e-01
5.601560e+03 0.000000e+00 1.000000e+00 1.000000e-01
5.601570e+03 0.000000e+00 1.000000e+00 1.000000e-01
5.601580e+03 0.000000e+00 1.000000e+00 1.000000e-01
5.601590e+03 0.000000e+00 1.000000e+00 1.000000e-01
5.601600e+03 0.000000e+00 1.000000e+00 1.000000e-01
5.601610e+03 0.000000e+00 1.000000e+00 1.000000e-01
5.601620e+03 0.000000e+00 1.000000e+00 1.000000e-01
5.601630e+03 0.000000e+00 1.000000e+00 1.000000e-01
5.601640e+03 0.000000e+00 1.000000e+00 1.000000e-01
5.601650e+03 0.000000e+00 1.000000e+00 1.000000e-01
5.601660e+03 0.000000e+00 1.000000e+00 1.000000e-01
5.601670e+03 0.000000e+00 1.000000e+00 1.000000e-01
5.601680e+03 0.000000e+00 1.000000e+00 1.000000e-01
5.601690e+03 0.000000e+00 1.000000e+00 1.000000e-01
5.601700e+03 0.000000e+00 1.000000e+00 1.000000e-01
5.601710e+03 0.000000e+00 1.000000e+00 1.000000e-01
5.601720e+03 0.000000e+00 1.000000e+00 1.000000e-01
5.601730e+03 0.000000e+00 1.000000e+00 1.000000e-01
5.601740e+03 0.000000e+00 1.000000e+00 1.000000e-01
5.601750e+03 0.000000e+00 1.000000e+00 1.000000e-01
5.601760e+03 0.000000e+00 1.000000e+00 1.000000e-01
5.601770e+03 0.000000e+00 1.000000e+00 1.000000e-01
5.601780e+03 0.000000e+00 1.000000e+00 1.000000e-01
5.601790e+03 0.000000e+00 1.000000e+00 1.000000e-01
5.601800e+03 0.000000e+00 1.000000e+00 1.000000e-01
5.601810e+03 0.000000e+00 1.000000e+00 1.000000e-01
5.601820e+03 0.000000e+00 1.000000e+00 1.000000e-01
5.601830e+03 0.000000e+00 1.000000e+00 1.000000e-01
5.601840e+03 0.000000e+00 1.000000e+00 1.000000e-01
5.601850e+03 0.000000e+00 1.000000e+00 1.000000e-01
5.601860e+03 0.000000e+00 1.000000e+00 1.000000e-01
5.601870e+03 0.000000e+00 1.000000e+00 1.000000e-01
5.601880e+03 0.000000e+00 1.000000e+00 1.000000e-01
5.601890e+03 0.000000e+00 1.000000e+00 1.000000e-01
5.601900e+03 0.000000e+00 1.000000e+00 1.000000e-01
5.601910e+03 0.000000e+00 1.000000e+00 1.000000e-01
5.601920e+03 0.000000e+00 1.000000e+00 1.000000e-01
5.601930e+03 0.000000e+00 1.000000e+00 1.000000e-01
5.601940e+03 0.000000e+00 1.000000e+00 1.000000e-01
5.601950e+03 0.000000e+00 1.000000e+00 1.000000e-01
5.601960e+03 0.000000e+00 1.000000e+00 1.000000e-01
5.601970e+03 0.000000e+00 1.000000e+00 1.000000e-01
5.601980e+03 0.000000e+00 1.000000e+00 1.000000e-01
5.601990e+03 0.000000e+00 1.000000e+00 1.000000e-01
5.602000e+03 0.000000e+00 1.000000e+00 1.000000e-01
5.602010e+03 0.000000e+00 1.000000e+00 1.000000e-01
5.602020e+03 0.000000e+00 1.000000e+00 1.000000e-01
5.602030e+03 0.000000e+00 1.000000e+00 1.000000e-01
5.602040e+03 0.000000e+00 1.000000e+00 1.000000e-01
5.602050e+03 0.000000e+00 1.000000e+00 1.000000e-01
5.602060e+03 0.000000e+00 1.000000e+00 1.000000e-01
5.602070e+03 0.000000e+00 1.000000e+00 1.000000e-01
5.602080e+03 0.000000e+00 1.000000e+00 1.000000e-01
5.602090e+03 0.000000e+00 1.000000e+00 1.000000e-01
5.602100e+03 0.000000e+00 1.000000e+00 1.000000e-01
5.602110e+03 0.000000e+00 1.000000e+00 1.000000e-01
5.602120e+03 0.000000e+00 1.000000e+00 1.000000e-01
5.602130e+03 0.000000e+00 1.000000e+00 1.000000e-01
5.602140e+03 0.000000e+00 1.000000e+00 1.000000e-01
5.602150e+03 0.000000e+00 1.000000e+00 1.000000e-01
5.602160e+03 0.000000e+00 1.000000e+00 1.000000e-01
5.602170e+03 0.000000e+00 1.000000e+00 1.000000e-01
5.602180e+03 0.000000e+00 1.000000e+00 1.000000e-01
5.602190e+03 0.000000e+00 1.000000e+00 1.000000e-01
5.602200e+03 0.000000e+00 1.000000e+00 1.000000e-01
5.602210e+03 0.000000e+00 1.000000e+00 1.000000e-01
5.602220e+03 0.000000e+00 1.000000e+00 1.000000e-01
5.602230e+03 0.000000e+00 1.000000e+00 1.000000e-01
5.602240e+03 0.000000e+00 1.000000e+00 1.000000e-01
5.602250e+03 0.000000e+00 1.000000e+00 1.000000e-01
5.602260e+03 0.000000e+00 1.000000e+00 1.000000e-01
5.602270e+03 0.000000e+00 1.000000e+00 1.000000e-01
5.602280e+03 0.000000e+00 1.000000e+00 1.000000e-01
5.602290e+03 0.000000e+00 1.000000e+00 1.000000e-01
5.602300e+03 0.000000e+00 1.000000e+00 1.000000e-01
5.602310e+03 0.000000e+00 1.000000e+00 1.000000e-01
5.602320e+03 0.000000e+00 1.000000e+00 1.000000e-01
5.602330e+03 0.000000e+00 1.000000e+00 1.000000e-01
5.602340e+03 0.000000e+00 1.000000e+00 1.000000e-01
5.602350e+03 0.000000e+00 1.000000e+00 1.000000e-01
5.602360e+03 0.000000e+00 1.000000e+00 1.000000e-01
5.602370e+03 0.000000e+00 1.000000e+00 1.000000e-01
5.602380e+03 0.000000e+00 1.000000e+00 1.000000e-01
5.602390e+03 0.000000e+00 1.000000e+00 1.000000e-01
5.602400e+03 0.000000e+00 1.000000e+00 1.000000e-01
5.602410e+03 0.000000e+00 1.000000e+00 1.000000e-01
5.602420e+03 0.000000e+00 1.000000e+00 1.000000e-01
5.602430e+03 0.000000e+00 1.000000e+00 1.000000e-01
5.602440e+03 0.000000e+00 1.000000e+00 1.000000e-01
5.602450e+03 0.000000e+00 1.000000e+00 1.000000e-01
5.602460e+03 0.000000e+00 1.000000e+00 1.000000e-01
5.602470e+03 0.000000e+00 1.000000e+00 1.000000e-01
5.602480e+03 0.000000e+00 1.000000e+00 1.000000e-01
5.602490e+03 0.000000e+00 1.000000e+00 1.000000e-01
5.602500e+03 0.000000e+00 1.000000e+00 1.000000e-01
5.602510e+03 0.000000e+00 1.000000e+00 1.000000e-01
5.602520e+03 0.000000e+00 1.000000e+00 1.000000e-01
5.602530e+03 0.000000e+00 1.000000e+00 1.000000e-01
5.602540e+03 0.000000e+00 1.000000e+00 1.000000e-01
5.602550e+03 0.000000e+00 1.000000e+00 1.000000e-01
5.602560e+03 0.000000e+00 1.000000e+00 1.000000e-01
5.602570e+03 0.000000e+00 1.000000e+00 1.000000e-01
5.602580e+03 0.000000e+00 1.000000e+00 1.000000e-01
5.602590e+03 0.000000e+00 1.000000e+00 1.000000e-01
5.602600e+03 0.000000e+00 1.000000e+00 1.000000e-01
5.602610e+03 0.000000e+00 1.000000e+00 1.000000e-01
5.602620e+03 0.000000e+00 1.000000e+00 1.000000e-01
5.602630e+03 0.000000e+00 1.000000e+00 1.000000e-01
5.602640e+03 0.000000e+00 1.000000e+00 1.000000e-01
5.602650e+03 0.000000e+00 1.000000e+00 1.000000e-01
5.602660e+03 0.000000e+00 1.000000e+00 1.000000e-01
5.602670e+03 0.000000e+00 1.000000e+00 1.000000e-01
5.602680e+03 0.000000e+00 1.000000e+00 1.000000e-01
5.602690e+03 0.000000e+00 1.000000e+00 1.000000e-01
5.602700e+03 0.000000e+00 1.000000e+00 1.000000e-01
5.602710e+03 0.000000e+00 1.000000e+00 1.000000e-01
5.602720e+03 0.000000e+00 1.000000e+00 1.000000e-01
5.602730e+03 0.000000e+00 1.000000e+00 1.000000e-01
5.602740e+03 0.000000e+00 1.000000e+00 1.000000e-01
5.602750e+03 0.000000e+00 1.000000e+00 1.000000e-01
5.602760e+03 0.000000e+00 1.000000e+00 1.000000e-01
5.602770e+03 0.000000e+00 1.000000e+00 1.000000e-01
5.602780e+03 0.000000e+00 1.000000e+00 1.000000e-01
5.602790e+03 0.000000e+00 1.000000e+00 1.000000e-01
5.602800e+03 0.000000e+00 1.000000e+00 1.000000e-01
5.602810e+03 0.000000e+00 1.000000e+00 1.000000e-01
5.602820e+03 0.000000e+00 1.000000e+00 1.000000e-01
5.602830e+03 0.000000e+00 1.000000e+00 1.000000e-01
5.602840e+03 0.000000e+00 1.000000e+00 1.000000e-01
5.602850e+03 0.000000e+00 1.000000e+00 1.000000e-01
5.602860e+03 0.000000e+00 1.000000e+00 1.000000e-01
5.602870e+03 0.000000e+00 1.000000e+00 1.000000e-01
5.602880e+03 0.000000e+00 1.000000e+00 1.000000e-01
5.602890e+03 0.000000e+00 1.000000e+00 1.000000e-01
5.602900e+03 0.000000e+00 1.000000e+00 1.000000e-01
5.602910e+03 0.000000e+00 1.000000e+00 1.000000e-01
5.602920e+03 0.000000e+00 1.000000e+00 1.000000e-01
5.602930e+03 0.000000e+00 1.000000e+00 1.000000e-01
5.602940e+03 0.000000e+00 1.000000e+00 1.000000e-01
5.602950e+03 0.000000e+00 1.000000e+00 1.000000e-01
5.602960e+03 0.000000e+00 1.000000e+00 1.000000e-01
5.602970e+03 0.000000e+00 1.000000e+00 1.000000e-01
5.602980e+03 0.000000e+00 1.000000e+00 1.000000e-01
5.602990e+03 0.000000e+00 1.000000e+00 1.000000e-01
5.603000e+03 0.000000e+00 1.000000e+00 1.000000e-01
5.603010e+03 0.000000e+00 1.000000e+00 1.000000e-01
5.603020e+03 0.000000e+00 1.000000e+00 1.000000e-01
5.603030e+03 0.000000e+00 1.000000e+00 1.000000e-01
5.603040e+03 0.000000e+00 1.000000e+00 1.000000e-01
5.603050e+03 0.000000e+00 1.000000e+00 1.000000e-01
5.603060e+03 0.000000e+00 1.000000e+00 1.000000e-01
5.603070e+03 0.000000e+00 1.000000e+00 1.000000e-01
5.603080e+03 0.000000e+00 1.000000e+00 1.000000e-01
5.603090e+03 0.000000e+00 1.000000e+00 1.000000e-01
5.603100e+03 0.000000e+00 1.000000e+00 1.000000e-01
5.603110e+03 0.000000e+00 1.000000e+00 1.000000e-01
5.603120e+03 0.000000e+00 1.000000e+00 1.000000e-01
5.603130e+03 0.000000e+00 1.000000e+00 1.000000e-01
5.603140e+03 0.000000e+00 1.000000e+00 1.000000e-01
5.603150e+03 0.000000e+00 1.000000e+00 1.000000e-01
5.603160e+03 0.000000e+00 1.000000e+00 1.000000e-01
5.603170e+03 0.000000e+00 1.000000e+00 1.000000e-01
5.603180e+03 0.000000e+00 1.000000e+00 1.000000e-01
5.603190e+03 0.000000e+00 1.000000e+00 1.000000e-01
5.603200e+03 0.000000e+00 1.000000e+00 1.000000e-01
5.603210e+03 0.000000e+00 1.000000e+00 1.000000e-01
5.603220e+03 0.000000e+00 1.000000e+00 1.000000e-01
5.603230e+03 0.000000e+00 1.000000e+00 1.000000e-01
5.603240e+03 0.000000e+00 1.000000e+00 1.000000e-01
5.603250e+03 0.000000e+00 1.000000e+00 1.000000e-01
5.603260e+03 0.000000e+00 1.000000e+00 1.000000e-01
5.603270e+03 0.000000e+00 1.000000e+00 1.000000e-01
5.603280e+03 0.000000e+00 1.000000e+00 1.000000e-01
5.603290e+03 0.000000e+00 1.000000e+00 1.000000e-01
5.603300e+03 0.000000e+00 1.000000e+00 1.000000e-01
5.603310e+03 0.000000e+00 1.000000e+00 1.000000e-01
5.603320e+03 0.000000e+00 1.000000e+00 1.000000e-01
5.603330e+03 0.000000e+00 1.000000e+00 1.000000e-01
5.603340e+03 0.000000e+00 1.000000e+00 1.000000e-01
5.603350e+03 0.000000e+00 1.000000e+00 1.000000e-01
5.603360e+03 0.000000e+00 1.000000e+00 1.000000e-01
5.603370e+03 0.000000e+00 1.000000e+00 1.000000e-01
5.603380e+03 0.000000e+00 1.000000e+00 1.000000e-01
5.603390e+03 0.000000e+00 1.000000e+00 1.000000e-01
5.603400e+03 0.000000e+00 1.000000e+00 1.000000e-01
5.603410e+03 0.000000e+00 1.000000e+00 1.000000e-01
5.603420e+03 0.000000e+00 1.000000e+00 1.000000e-01
5.603430e+03 0.000000e+00 1.000000e+00 1.000000e-01
5.603440e+03 0.000000e+00 1.000000e+00 1.000000e-01
5.603450e+03 0.000000e+00 1.000000e+00 1.000000e-01
5.603460e+03 0.000000e+00 1.000000e+00 1.000000e-01
5.603470e+03 0.000000e+00 1.000000e+00 1.000000e-01
5.603480e+03 0.000000e+00 1.000000e+00 1.000000e-01
5.603490e+03 0.000000e+00 1.000000e+00 1.000000e-01
5.603500e+03 0.000000e+00 1.000000e+00 1.000000e-01
5.603510e+03 0.000000e+00 1.000000e+00 1.000000e-01
5.603520e+03 0.000000e+00 1.000000e+00 1.000000e-01
5.603530e+03 0.000000e+00 1.000000e+00 1.000000e-01
5.603540e+03 0.000000e+00 1.000000e+00 1.000000e-01
5.603550e+03 0.000000e+00 1.000000e+00 1.000000e-01
5.603560e+03 0.000000e+00 1.000000e+00 1.000000e-01
5.603570e+03 0.000000e+00 1.000000e+00 1.000000e-01
5.603580e+03 0.000000e+00 1.000000e+00 1.000000e-01
5.603590e+03 0.000000e+00 1.000000e+00 1.000000e-01
5.603600e+03 0.000000e+00 1.000000e+00 1.000000e-01
5.603610e+03 0.000000e+00 1.000000e+00 1.000000e-01
5.603620e+03 0.000000e+00 1.000000e+00 1.000000e-01
5.603630e+03 0.000000e+00 1.000000e+00 1.000000e-01
5.603640e+03 0.000000e+00 1.000000e+00 1.000000e-01
5.603650e+03 0.000000e+00 1.000000e+00 1.000000e-01
5.603660e+03 0.000000e+00 1.000000e+00 1.000000e-01
5.603670e+03 0.000000e+00 1.000000e+00 1.000000e-01
5.603680e+03 0.000000e+00 1.000000e+00 1.000000e-01
5.603690e+03 0.000000e+00 1.000000e+00 1.000000e-01
5.603700e+03 0.000000e+00 1.000000e+00 1.000000e-01
5.603710e+03 0.000000e+00 1.000000e+00 1.000000e-01
5.603720e+03 0.000000e+00 1.000000e+00 1.000000e-01
5.603730e+03 0.000000e+00 1.000000e+00 1.000000e-01
5.603740e+03 0.000000e+00 1.000000e+00 1.000000e-01
5.603750e+03 0.000000e+00 1.000000e+00 1.000000e-01
5.603760e+03 0.000000e+00 1.000000e+00 1.000000e-01
5.603770e+03 0.000000e+00 1.000000e+00 1.000000e-01
5.603780e+03 0.000000e+00 1.000000e+00 1.000000e-01
5.603790e+03 0.000000e+00 1.000000e+00 1.000000e-01
5.603800e+03 0.000000e+00 1.000000e+00 1.000000e-01
5.603810e+03 0.000000e+00 1.000000e+00 1.000000e-01
5.603820e+03 0.000000e+00 1.000000e+00 1.000000e-01
5.603830e+03 0.000000e+00 1.000000e+00 1.000000e-01
5.603840e+03 0.000000e+00 1.000000e+00 1.000000e-01
5.603850e+03 0.000000e+00 1.000000e+00 1.000000e-01
5.603860e+03 0.000000e+00 1.000000e+00 1.000000e-01
5.603870e+03 0.000000e+00 1.000000e+00 1.000000e-01
5.603880e+03 0.000000e+00 1.000000e+00 1.000000e-01
5.603890e+03 0.000000e+00 1.000000e+00 1.000000e-01
5.603900e+03 0.000000e+00 1.000000e+00 1.000000e-01
5.603910e+03 0.000000e+00 1.000000e+00 1.000000e-01
5.603920e+03 0.000000e+00 1.000000e+00 1.000000e-01
5.603930e+03 0.000000e+00 1.000000e+00 1.000000e-01
5.603940e+03 0.000000e+00 1.000000e+00 1.000000e-01
5.603950e+03 0.000000e+00 1.000000e+00 1.000000e-01
5.603960e+03 0.000000e+00 1.000000e+00 1.000000e-01
5.603970e+03 0.000000e+00 1.000000e+00 1.000000e-01
5.603980e+03 0.000000e+00 1.000000e+00 1.000000e-01
5.603990e+03 0.000000e+00 1.000000e+00 1.000000e-01
5.604000e+03 0.000000e+00 1.000000e+00 1.000000e-01
5.604010e+03 0.000000e+00 1.000000e+00 1.000000e-01
5.604020e+03 0.000000e+00 1.000000e+00 1.000000e-01
5.604030e+03 0.000000e+00 1.000000e+00 1.000000e-01
5.604040e+03 0.000000e+00 1.000000e+00 1.000000e-01
5.604050e+03 0.000000e+00 1.000000e+00 1.000000e-01
5.604060e+03 0.000000e+00 1.000000e+00 1.000000e-01
5.604070e+03 0.000000e+00 1.000000e+00 1.000000e-01
5.604080e+03 0.000000e+00 1.000000e+00 1.000000e-01
5.604090e+03 0.000000e+00 1.000000e+00 1.000000e-01
5.604100e+03 0.000000e+00 1.000000e+00 1.000000e-01
5.604110e+03 0.000000e+00 1.000000e+00 1.000000e-01
5.604120e+03 0.000000e+00 1.000000e+00 1.000000e-01
5.604130e+03 0.000000e+00 1.000000e+00 1.000000e-01
5.604140e+03 0.000000e+00 1.000000e+00 1.000000e-01
5.604150e+03 0.000000e+00 1.000000e+00 1.000000e-01
5.604160e+03 0.000000e+00 1.000000e+00 1.000000e-01
5.604170e+03 0.000000e+00 1.000000e+00 1.000000e-01
5.604180e+03 0.000000e+00 1.000000e+00 1.000000e-01
5.604190e+03 0.000000e+00 1.000000e+00 1.000000e-01
5.604200e+03 0.000000e+00 1.000000e+00 1.000000e-01
5.604210e+03 0.000000e+00 1.000000e+00 1.000000e-01
5.604220e+03 0.000000e+00 1.000000e+00 1.000000e-01
5.604230e+03 0.000000e+00 1.000000e+00 1.000000e-01
5.604240e+03 0.000000e+00 1.000000e+00 1.000000e-01
5.604250e+03 0.000000e+00 1.000000e+00 1.000000e-01
5.604260e+03 0.000000e+00 1.000000e+00 1.000000e-01
5.604270e+03 0.000000e+00 1.000000e+00 1.000000e-01
5.604280e+03 0.000000e+00 1.000000e+00 1.000000e-01
5.604290e+03 0.000000e+00 1.000000e+00 1.000000e-01
5.604300e+03 0.000000e+00 1.000000e+00 1.000000e-01
5.604310e+03 0.000000e+00 1.000000e+00 1.000000e-01
5.604320e+03 0.000000e+00 1.000000e+00 1.000000e-01
5.604330e+03 0.000000e+00 1.000000e+00 1.000000e-01
5.604340e+03 0.000000e+00 1.000000e+00 1.000000e-01
5.604350e+03 0.000000e+00 1.000000e+00 1.000000e-01
5.604360e+03 0.000000e+00 1.000000e+00 1.000000e-01
5.604370e+03 0.000000e+00 1.000000e+00 1.000000e-01
5.604380e+03 0.000000e+00 1.000000e+00 1.000000e-01
5.604390e+03 0.000000e+00 1.000000e+00 1.000000e-01
5.604400e+03 0.000000e+00 1.000000e+00 1.000000e-01
5.604410e+03 0.000000e+00 1.000000e+00 1.000000e-01
5.604420e+03 0.000000e+00 1.000000e+00 1.000000e-01
5.604430e+03 0.000000e+00 1.000000e+00 1.000000e-01
5.604440e+03 0.000000e+00 1.000000e+00 1.000000e-01
5.604450e+03 0.000000e+00 1.000000e+00 1.000000e-01
5.604460e+03 0.000000e+00 1.000000e+00 1.000000e-01
5.604470e+03 0.000000e+00 1.000000e+00 1.000000e-01
5.604480e+03 0.000000e+00 1.000000e+00 1.000000e-01
5.604490e+03 0.000000e+00 1.000000e+00 1.000000e-01
5.604500e+03 0.000000e+00 1.000000e+00 1.000000e-01
5.604510e+03 0.000000e+00 1.000000e+00 1.000000e-01
5.604520e+03 0.000000e+00 1.000000e+00 1.000000e-01
5.604530e+03 0.000000e+00 1.000000e+00 1.000000e-01
5.604540e+03 0.000000e+00 1.000000e+00 1.000000e-01
5.604550e+03 0.000000e+00 1.000000e+00 1.000000e-01
5.604560e+03 0.000000e+00 1.000000e+00 1.000000e-01
5.604570e+03 0.000000e+00 1.000000e+00 1.000000e-01
5.604580e+03 0.000000e+00 1.000000e+00 1.000000e-01
5.604590e+03 0.000000e+00 1.000000e+00 1.000000e-01
5.604600e+03 0.000000e+00 1.000000e+00 1.000000e-01
5.604610e+03 0.000000e+00 1.000000e+00 1.000000e-01
5.604620e+03 0.000000e+00 1.000000e+00 1.000000e-01
5.604630e+03 0.000000e+00 1.000000e+00 1.000000e-01
5.604640e+03 0.000000e+00 1.000000e+00 1.000000e-01
5.604650e+03 0.000000e+00 1.000000e+00 1.000000e-01
5.604660e+03 0.000000e+00 1.000000e+00 1.000000e-01
5.604670e+03 0.000000e+00 1.000000e+00 1.000000e-01
5.604680e+03 0.000000e+00 1.000000e+00 1.000000e-01
5.604690e+03 0.000000e+00 1.000000e+00 1.000000e-01
5.604700e+03 0.000000e+00 1.000000e+00 1.000000e-01
5.604710e+03 0.000000e+00 1.000000e+00 1.000000e-01
5.604720e+03 0.000000e+00 1.000000e+00 1.000000e-01
5.604730e+03 0.000000e+00 1.000000e+00 1.000000e-01
5.604740e+03 0.000000e+00 1.000000e+00 1.000000e-01
5.604750e+03 0.000000e+00 1.000000e+00 1.000000e-01
5.604760e+03 0.000000e+00 1.000000e+00 1.000000e-01
5.604770e+03 0.000000e+00 1.000000e+00 1.000000e-01
5.604780e+03 0.000000e+00 1.000000e+00 1.000000e-01
5.604790e+03 0.000000e+00 1.000000e+00 1.000000e-01
5.604800e+03 0.000000e+00 1.000000e+00 1.000000e-01
5.604810e+03 0.000000e+00 1.000000e+00 1.000000e-01
5.604820e+03 0.000000e+00 1.000000e+00 1.000000e-01
5.604830e+03 0.000000e+00 1.000000e+00 1.000000e-01
5.604840e+03 0.000000e+00 1.000000e+00 1.000000e-01
5.604850e+03 0.000000e+00 1.000000e+00 1.000000e-01
5.604860e+03 0.000000e+00 1.000000e+00 1.000000e-01
5.604870e+03 0.000000e+00 1.000000e+00 1.000000e-01
5.604880e+03 0.000000e+00 1.000000e+00 1.000000e-01
5.604890e+03 0.000000e+00 1.000000e+00 1.000000e-01
5.604900e+03 0.000000e+00 1.000000e+00 1.000000e-01
5.604910e+03 0.000000e+00 1.000000e+00 1.000000e-01
5.604920e+03 0.000000e+00 1.000000e+00 1.000000e-01
5.604930e+03 0.000000e+00 1.000000e+00 1.000000e-01
5.604940e+03 0.000000e+00 1.000000e+00 1.000000e-01
5.604950e+03 0.000000e+00 1.000000e+00 1.000000e-01
5.604960e+03 0.000000e+00 1.000000e+00 1.000000e-01
5.604970e+03 0.000000e+00 1.000000e+00 1.000000e-01
5.604980e+03 0.000000e+00 1.000000e+00 1.000000e-01
5.604990e+03 0.000000e+00 1.000000e+00 1.000000e-01
5.605000e+03 0.000000e+00 1.000000e+00 1.000000e-01
5.605010e+03 0.000000e+00 1.000000e+00 1.000000e-01
5.605020e+03 0.000000e+00 1.000000e+00 1.000000e-01
5.605030e+03 0.000000e+00 1.000000e+00 1.000000e-01
5.605040e+03 0.000000e+00 1.000000e+00 1.000000e-01
5.605050e+03 0.000000e+00 1.000000e+00 1.000000e-01
5.605060e+03 0.000000e+00 1.000000e+00 1.000000e-01
5.605070e+03 0.000000e+00 1.000000e+00 1.000000e-01
5.605080e+03 0.000000e+00 1.000000e+00 1.000000e-01
5.605090e+03 0.000000e+00 1.000000e+00 1.000000e-01
5.605100e+03 0.000000e+00 1.000000e+00 1.000000e-01
5.605110e+03 0.000000e+00 1.000000e+00 1.000000e-01
5.605120e+03 0.000000e+00 1.000000e+00 1.000000e-01
5.605130e+03 0.000000e+00 1.000000e+00 1.000000e-01
5.605140e+03 0.000000e+00 1.000000e+00 1.000000e-01
5.605150e+03 0.000000e+00 1.000000e+00 1.000000e-01
5.605160e+03 0.000000e+00 1.000000e+00 1.000000e-01
5.605170e+03 0.000000e+00 1.000000e+00 1.000000e-01
5.605180e+03 0.000000e+00 1.000000e+00 1.000000e-01
5.605190e+03 0.000000e+00 1.000000e+00 1.000000e-01
5.605200e+03 0.000000e+00 1.000000e+00 1.000000e-01
5.605210e+03 0.000000e+00 1.000000e+00 1.000000e-01
5.605220e+03 0.000000e+00 1.000000e+00 1.000000e-01
5.605230e+03 0.000000e+00 1.000000e+00 1.000000e-01
5.605240e+03 0.000000e+00 1.000000e+00 1.000000e-01
5.605250e+03 0.000000e+00 1.000000e+00 1.000000e-01
5.605260e+03 0.000000e+00 1.000000e+00 1.000000e-01
5.605270e+03 0.000000e+00 1.000000e+00 1.000000e-01
5.605280e+03 0.000000e+00 1.000000e+00 1.000000e-01
5.605290e+03 0.000000e+00 1.000000e+00 1.000000e-01
5.605300e+03 0.000000e+00 1.000000e+00 1.000000e-01
5.605310e+03 0.000000e+00 1.000000e+00 1.000000e-01
5.605320e+03 0.000000e+00 1.000000e+00 1.000000e-01
5.605330e+03 0.000000e+00 1.000000e+00 1.000000e-01
5.605340e+03 0.000000e+00 1.000000e+00 1.000000e-01
5.605350e+03 0.000000e+00 1.000000e+00 1.000000e-01
5.605360e+03 0.000000e+00 1.000000e+00 1.000000e-01
5.605370e+03 0.000000e+00 1.000000e+00 1.000000e-01
5.605380e+03 0.000000e+00 1.000000e+00 1.000000e-01
5.605390e+03 0.000000e+00 1.000000e+00 1.000000e-01
5.605400e+03 0.000000e+00 1.000000e+00 1.000000e-01
5.605410e+03 0.000000e+00 1.000000e+00 1.000000e-01
5.605420e+03 0.000000e+00 1.000000e+00 1.000000e-01
5.605430e+03 0.000000e+00 1.000000e+00 1.000000e-01
5.605440e+03 0.000000e+00 1.000000e+00 1.000000e-01
5.605450e+03 0.000000e+00 1.000000e+00 1.000000e-01
5.605460e+03 0.000000e+00 1.000000e+00 1.000000e-01
5.605470e+03 0.000000e+00 1.000000e+00 1.000000e-01
5.605480e+03 0.000000e+00 1.000000e+00 1.000000e-01
5.605490e+03 0.000000e+00 1.000000e+00 1.000000e-01
5.605500e+03 0.000000e+00 1.000000e+00 1.000000e-01
5.605510e+03 0.000000e+00 1.000000e+00 1.000000e-01
5.605520e+03 0.000000e+00 1.000000e+00 1.000000e-01
5.605530e+03 0.000000e+00 1.000000e+00 1.000000e-01
5.605540e+03 0.000000e+00 1.000000e+00 1.000000e-01
5.605550e+03 0.000000e+00 1.000000e+00 1.000000e-01
5.605560e+03 0.000000e+00 1.000000e+00 1.000000e-01
5.605570e+03 0.000000e+00 1.000000e+00 1.000000e-01
5.605580e+03 0.000000e+00 1.000000e+00 1.000000e-01
5.605590e+03 0.000000e+00 1.000000e+00 1.000000e-01
5.605600e+03 0.000000e+00 1.000000e+00 1.000000e-01
5.605610e+03 0.000000e+00 1.000000e+00 1.000000e-01
5.605620e+03 0.000000e+00 1.000000e+00 1.000000e-01
5.605630e+03 0.000000e+00 1.000000e+00 1.000000e-01
5.605640e+03 0.000000e+00 1.000000e+00 1.000000e-01
5.605650e+03 0.000000e+00 1.000000e+00 1.000000e-01
5.605660e+03 0.000000e+00 1.000000e+00 1.000000e-01
5.605670e+03 0.000000e+00 1.000000e+00 1.000000e-01
5.605680e+03 0.000000e+00 1.000000e+00 1.000000e-01
5.605690e+03 0.000000e+00 1.000000e+00 1.000000e-01
5.605700e+03 0.000000e+00 1.000000e+00 1.000000e-01
5.605710e+03 0.000000e+00 1.000000e+00 1.000000e-01
5.605720e+03 0.000000e+00 1.000000e+00 1.000000e-01
5.605730e+03 0.000000e+00 1.000000e+00 1.000000e-01
5.605740e+03 0.000000e+00 1.000000e+00 1.000000e-01
5.605750e+03 0.000000e+00 1.000000e+00 1.000000e-01
5.605760e+03 0.000000e+00 1.000000e+00 1.000000e-01
5.605770e+03 0.000000e+00 1.000000e+00 1.000000e-01
5.605780e+03 0.000000e+00 1.000000e+00 1.000000e-01
5.605790e+03 0.000000e+00 1.000000e+00 1.000000e-01
5.605800e+03 0.000000e+00 1.000000e+00 1.000000e-01
5.605810e+03 0.000000e+00 1.000000e+00 1.000000e-01
5.605820e+03 0.000000e+00 1.000000e+00 1.000000e-01
5.605830e+03 0.000000e+00 1.000000e+00 1.000000e-01
5.605840e+03 0.000000e+00 1.000000e+00 1.000000e-01
5.605850e+03 0.000000e+00 1.000000e+00 1.000000e-01
5.605860e+03 0.000000e+00 1.000000e+00 1.000000e-01
5.605870e+03 0.000000e+00 1.000000e+00 1.000000e-01
5.605880e+03 0.000000e+00 1.000000e+00 1.000000e-01
5.605890e+03 0.000000e+00 1.000000e+00 1.000000e-01
5.605900e+03 0.000000e+00 1.000000e+00 1.000000e-01
5.605910e+03 0.000000e+00 1.000000e+00 1.000000e-01
5.605920e+03 0.000000e+00 1.000000e+00 1.000000e-01
5.605930e+03 0.000000e+00 1.000000e+00 1.000000e-01
5.605940e+03 0.000000e+00 1.000000e+00 1.000000e-01
5.605950e+03 0.000000e+00 1.000000e+00 1.000000e-01
5.605960e+03 0.000000e+00 1.000000e+00 1.000000e-01
5.605970e+03 0.000000e+00 1.000000e+00 1.000000e-01
5.605980e+03 0.000000e+00 1.000000e+00 1.000000e-01
5.605990e+03 0.000000e+00 1.000000e+00 1.000000e-01
5.606000e+03 0.000000e+00 1.000000e+00 1.000000e-01
5.606010e+03 0.000000e+00 1.000000e+00 1.000000e-01
5.606020e+03 0.000000e+00 1.000000e+00 1.000000e-01
5.606030e+03 0.000000e+00 1.000000e+00 1.000000e-01
5.606040e+03 0.000000e+00 1.000000e+00 1.000000e-01
5.606050e+03 0.000000e+00 1.000000e+00 1.000000e-01
5.606060e+03 0.000000e+00 1.000000e+00 1.000000e-01
5.606070e+03 0.000000e+00 1.000000e+00 1.000000e-01
5.606080e+03 0.000000e+00 1.000000e+00 1.000000e-01
5.606090e+03 0.000000e+00 1.000000e+00 1.000000e-01
5.606100e+03 0.000000e+00 1.000000e+00 1.000000e-01
5.606110e+03 0.000000e+00 1.000000e+00 1.000000e-01
5.606120e+03 0.000000e+00 1.000000e+00 1.000000e-01
5.606130e+03 0.000000e+00 1.000000e+00 1.000000e-01
5.606140e+03 0.000000e+00 1.000000e+00 1.000000e-01
5.606150e+03 0.000000e+00 1.000000e+00 1.000000e-01
5.606160e+03 0.000000e+00 1.000000e+00 1.000000e-01
5.606170e+03 0.000000e+00 1.000000e+00 1.000000e-01
5.606180e+03 0.000000e+00 1.000000e+00 1.000000e-01
5.606190e+03 0.000000e+00 1.000000e+00 1.000000e-01
5.606200e+03 0.000000e+00 1.000000e+00 1.000000e-01
5.606210e+03 0.000000e+00 1.000000e+00 1.000000e-01
5.606220e+03 0.000000e+00 1.000000e+00 1.000000e-01
5.606230e+03 0.000000e+00 1.000000e+00 1.000000e-01
5.606240e+03 0.000000e+00 1.000000e+00 1.000000e-01
5.606250e+03 0.000000e+00 1.000000e+00 1.000000e-01
5.606260e+03 0.000000e+00 1.000000e+00 1.000000e-01
5.606270e+03 0.000000e+00 1.000000e+00 1.000000e-01
5.606280e+03 0.000000e+00 1.000000e+00 1.000000e-01
5.606290e+03 0.000000e+00 1.000000e+00 1.000000e-01
5.606300e+03 0.000000e+00 1.000000e+00 1.000000e-01
5.606310e+03 0.000000e+00 1.000000e+00 1.000000e-01
5.606320e+03 0.000000e+00 1.000000e+00 1.000000e-01
5.606330e+03 0.000000e+00 1.000000e+00 1.000000e-01
5.606340e+03 0.000000e+00 1.000000e+00 1.000000e-01
5.606350e+03 0.000000e+00 1.000000e+00 1.000000e-01
5.606360e+03 0.000000e+00 1.000000e+00 1.000000e-01
5.606370e+03 0.000000e+00 1.000000e+00 1.000000e-01
5.606380e+03 0.000000e+00 1.000000e+00 1.000000e-01
5.606390e+03 0.000000e+00 1.000000e+00 1.000000e-01
5.606400e+03 0.000000e+00 1.000000e+00 1.000000e-01
5.606410e+03 0.000000e+00 1.000000e+00 1.000000e-01
5.606420e+03 0.000000e+00 1.000000e+00 1.000000e-01
5.606430e+03 0.000000e+00 1.000000e+00 1.000000e-01
5.606440e+03 0.000000e+00 1.000000e+00 1.000000e-01
5.606450e+03 0.000000e+00 1.000000e+00 1.000000e-01
5.606460e+03 0.000000e+00 1.000000e+00 1.000000e-01
5.606470e+03 0.000000e+00 1.000000e+00 1.000000e-01
5.606480e+03 0.000000e+00 1.000000e+00 1.000000e-01
5.606490e+03 0.000000e+00 1.000000e+00 1.000000e-01
5.606500e+03 0.000000e+00 1.000000e+00 1.000000e-01
5.606510e+03 0.000000e+00 1.000000e+00 1.000000e-01
5.606520e+03 0.000000e+00 1.000000e+00 1.000000e-01
5.606530e+03 0.000000e+00 1.000000e+00 1.000000e-01
5.606540e+03 0.000000e+00 1.000000e+00 1.000000e-01
5.606550e+03 0.000000e+00 1.000000e+00 1.000000e-01
5.606560e+03 0.000000e+00 1.000000e+00 1.000000e-01
5.606570e+03 0.000000e+00 1.000000e+00 1.000000e-01
5.606580e+03 0.000000e+00 1.000000e+00 1.000000e-01
5.606590e+03 0.000000e+00 1.000000e+00 1.000000e-01
5.606600e+03 0.000000e+00 1.000000e+00 1.000000e-01
5.606610e+03 0.000000e+00 1.000000e+00 1.000000e-01
5.606620e+03 0.000000e+00 1.000000e+00 1.000000e-01
5.606630e+03 0.000000e+00 1.000000e+00 1.000000e-01
5.606640e+03 0.000000e+00 1.000000e+00 1.000000e-01
5.606650e+03 0.000000e+00 1.000000e+00 1.000000e-01
5.606660e+03 0.000000e+00 1.000000e+00 1.000000e-01
5.606670e+03 0.000000e+00 1.000000e+00 1.000000e-01
5.606680e+03 0.000000e+00 1.000000e+00 1.000000e-01
5.606690e+03 0.000000e+00 1.000000e+00 1.000000e-01
5.606700e+03 0.000000e+00 1.000000e+00 1.000000e-01
5.606710e+03 0.000000e+00 1.000000e+00 1.000000e-01
5.606720e+03 0.000000e+00 1.000000e+00 1.000000e-01
5.606730e+03 0.000000e+00 1.000000e+00 1.000000e-01
5.606740e+03 0.000000e+00 1.000000e+00 1.000000e-01
5.606750e+03 0.000000e+00 1.000000e+00 1.000000e-01
5.606760e+03 0.000000e+00 1.000000e+00 1.000000e-01
5.606770e+03 0.000000e+00 1.000000e+00 1.000000e-01
5.606780e+03 0.000000e+00 1.000000e+00 1.000000e-01
5.606790e+03 0.000000e+00 1.000000e+00 1.000000e-01
5.606800e+03 0.000000e+00 1.000000e+00 1.000000e-01
5.606810e+03 0.000000e+00 1.000000e+00 1.000000e-01
5.606820e+03 0.000000e+00 1.000000e+00 1.000000e-01
5.606830e+03 0.000000e+00 1.000000e+00 1.000000e-01
5.606840e+03 0.000000e+00 1.000000e+00 1.000000e-01
5.606850e+03 0.000000e+00 1.000000e+00 1.000000e-01
5.606860e+03 0.000000e+00 1.000000e+00 1.000000e-01
5.606870e+03 0.000000e+00 1.000000e+00 1.000000e-01
5.606880e+03 0.000000e+00 1.000000e+00 1.000000e-01
5.606890e+03 0.000000e+00 1.000000e+00 1.000000e-01
5.606900e+03 0.000000e+00 1.000000e+00 1.000000e-01
5.606910e+03 0.000000e+00 1.000000e+00 1.000000e-01
5.606920e+03 0.000000e+00 1.000000e+00 1.000000e-01
5.606930e+03 0.000000e+00 1.000000e+00 1.000000e-01
5.606940e+03 0.000000e+00 1.000000e+00 1.000000e-01
5.606950e+03 0.000000e+00 1.000000e+00 1.000000e-01
5.606960e+03 0.000000e+00 1.000000e+00 1.000000e-01
5.606970e+03 0.000000e+00 1.000000e+00 1.000000e-01
5.606980e+03 0.000000e+00 1.000000e+00 1.000000e-01
5.606990e+03 0.000000e+00 1.000000e+00 1.000000e-01
5.607000e+03 0.000000e+00 1.000000e+00 1.000000e-01
5.607010e+03 0.000000e+00 1.000000e+00 1.000000e-01
5.607020e+03 0.000000e+00 1.000000e+00 1.000000e-01
5.607030e+03 0.000000e+00 1.000000e+00 1.000000e-01
5.607040e+03 0.000000e+00 1.000000e+00 1.000000e-01
5.607050e+03 0.000000e+00 1.000000e+00 1.000000e-01
5.607060e+03 0.000000e+00 1.000000e+00 1.000000e-01
5.607070e+03 0.000000e+00 1.000000e+00 1.000000e-01
5.607080e+03 0.000000e+00 1.000000e+00 1.000000e-01
5.607090e+03 0.000000e+00 1.000000e+00 1.000000e-01
5.607100e+03 0.000000e+00 1.000000e+00 1.000000e-01
5.607110e+03 0.000000e+00 1.000000e+00 1.000000e-01
5.607120e+03 0.000000e+00 1.000000e+00 1.000000e-01
5.607130e+03 0.000000e+00 1.000000e+00 1.000000e-01
5.607140e+03 0.000000e+00 1.000000e+00 1.000000e-01
5.607150e+03 0.000000e+00 1.000000e+00 1.000000e-01
5.607160e+03 0.000000e+00 1.000000e+00 1.000000e-01
5.607170e+03 0.000000e+00 1.000000e+00 1.000000e-01
5.607180e+03 0.000000e+00 1.000000e+00 1.000000e-01
5.607190e+03 0.000000e+00 1.000000e+00 1.000000e-01
5.607200e+03 0.000000e+00 1.000000e+00 1.000000e-01
5.607210e+03 0.000000e+00 1.000000e+00 1.000000e-01
5.607220e+03 0.000000e+00 1.000000e+00 1.000000e-01
5.607230e+03 0.000000e+00 1.000000e+00 1.000000e-01
5.607240e+03 0.000000e+00 1.000000e+00 1.000000e-01
5.607250e+03 0.000000e+00 1.000000e+00 1.000000e-01
5.607260e+03 0.000000e+00 1.000000e+00 1.000000e-01
5.607270e+03 0.000000e+00 1.000000e+00 1.000000e-01
5.607280e+03 0.000000e+00 1.000000e+00 1.000000e-01
5.607290e+03 0.000000e+00 1.000000e+00 1.000000e-01
5.607300e+03 0.000000e+00 1.000000e+00 1.000000e-01
5.607310e+03 0.000000e+00 1.000000e+00 1.000000e-01
5.607320e+03 0.000000e+00 1.000000e+00 1.000000e-01
5.607330e+03 0.000000e+00 1.000000e+00 1.000000e-01
5.607340e+03 0.000000e+00 1.000000e+00 1.000000e-01
5.607350e+03 0.000000e+00 1.000000e+00 1.000000e-01
5.607360e+03 0.000000e+00 1.000000e+00 1.000000e-01
5.607370e+03 0.000000e+00 1.000000e+00 1.000000e-01
5.607380e+03 0.000000e+00 1.000000e+00 1.000000e-01
5.607390e+03 0.000000e+00 1.000000e+00 1.000000e-01
5.607400e+03 0.000000e+00 1.000000e+00 1.000000e-01
5.607410e+03 0.000000e+00 1.000000e+00 1.000000e-01
5.607420e+03 0.000000e+00 1.000000e+00 1.000000e-01
5.607430e+03 0.000000e+00 1.000000e+00 1.000000e-01
5.607440e+03 0.000000e+00 1.000000e+00 1.000000e-01
5.607450e+03 0.000000e+00 1.000000e+00 1.000000e-01
5.607460e+03 0.000000e+00 1.000000e+00 1.000000e-01
5.607470e+03 0.000000e+00 1.000000e+00 1.000000e-01
5.607480e+03 0.000000e+00 1.000000e+00 1.000000e-01
5.607490e+03 0.000000e+00 1.000000e+00 1.000000e-01
5.607500e+03 0.000000e+00 1.000000e+00 1.000000e-01
5.607510e+03 0.000000e+00 1.000000e+00 1.000000e-01
5.607520e+03 0.000000e+00 1.000000e+00 1.000000e-01
5.607530e+03 0.000000e+00 1.000000e+00 1.000000e-01
5.607540e+03 0.000000e+00 1.000000e+00 1.000000e-01
5.607550e+03 0.000000e+00 1.000000e+00 1.000000e-01
5.607560e+03 0.000000e+00 1.000000e+00 1.000000e-01
5.607570e+03 0.000000e+00 1.000000e+00 1.000000e-01
5.607580e+03 0.000000e+00 1.000000e+00 1.000000e-01
5.607590e+03 0.000000e+00 1.000000e+00 1.000000e-01
5.607600e+03 0.000000e+00 1.000000e+00 1.000000e-01
5.607610e+03 0.000000e+00 1.000000e+00 1.000000e-01
5.607620e+03 0.000000e+00 1.000000e+00 1.000000e-01
5.607630e+03 0.000000e+00 1.000000e+00 1.000000e-01
5.607640e+03 0.000000e+00 1.000000e+00 1.000000e-01
5.607650e+03 0.000000e+00 1.000000e+00 1.000000e-01
5.607660e+03 0.000000e+00 1.000000e+00 1.000000e-01
5.607670e+03 0.000000e+00 1.000000e+00 1.000000e-01
5.607680e+03 0.000000e+00 1.000000e+00 1.000000e-01
5.607690e+03 0.000000e+00 1.000000e+00 1.000000e-01
5.607700e+03 0.000000e+00 1.000000e+00 1.000000e-01
5.607710e+03 0.000000e+00 1.000000e+00 1.000000e-01
5.607720e+03 0.000000e+00 1.000000e+00 1.000000e-01
5.607730e+03 0.000000e+00 1.000000e+00 1.000000e-01
5.607740e+03 0.000000e+00 1.000000e+00 1.000000e-01
5.607750e+03 0.000000e+00 1.000000e+00 1.000000e-01
5.607760e+03 0.000000e+00 1.000000e+00 1.000000e-01
5.607770e+03 0.000000e+00 1.000000e+00 1.000000e-01
5.607780e+03 0.000000e+00 1.000000e+00 1.000000e-01
5.607790e+03 0.000000e+00 1.000000e+00 1.000000e-01
5.607800e+03 0.000000e+00 1.000000e+00 1.000000e-01
5.607810e+03 0.000000e+00 1.000000e+00 1.000000e-01
5.607820e+03 0.000000e+00 1.000000e+00 1.000000e-01
5.607830e+03 0.000000e+00 1.000000e+00 1.000000e-01
5.607840e+03 0.000000e+00 1.000000e+00 1.000000e-01
5.607850e+03 0.000000e+00 1.000000e+00 1.000000e-01
5.607860e+03 0.000000e+00 1.000000e+00 1.000000e-01
5.607870e+03 0.000000e+00 1.000000e+00 1.000000e-01
5.607880e+03 0.000000e+00 1.000000e+00 1.000000e-01
5.607890e+03 0.000000e+00 1.000000e+00 1.000000e-01
5.607900e+03 0.000000e+00 1.000000e+00 1.000000e-01
5.607910e+03 0.000000e+00 1.000000e+00 1.000000e-01
5.607920e+03 0.000000e+00 1.000000e+00 1.000000e-01
5.607930e+03 0.000000e+00 1.000000e+00 1.000000e-01
5.607940e+03 0.000000e+00 1.000000e+00 1.000000e-01
5.607950e+03 0.000000e+00 1.000000e+00 1.000000e-01
5.607960e+03 0.000000e+00 1.000000e+00 1.000000e-01
5.607970e+03 0.000000e+00 1.000000e+00 1.000000e-01
5.607980e+03 0.000000e+00 1.000000e+00 1.000000e-01
5.607990e+03 0.000000e+00 1.000000e+00 1.000000e-01
5.608000e+03 0.000000e+00 1.000000e+00 1.000000e-01
5.608010e+03 0.000000e+00 1.000000e+00 1.000000e-01
5.608020e+03 0.000000e+00 1.000000e+00 1.000000e-01
5.608030e+03 0.000000e+00 1.000000e+00 1.000000e-01
5.608040e+03 0.000000e+00 1.000000e+00 1.000000e-01
5.608050e+03 0.000000e+00 1.000000e+00 1.000000e-01
5.608060e+03 0.000000e+00 1.000000e+00 1.000000e-01
5.608070e+03 0.000000e+00 1.000000e+00 1.000000e-01
5.608080e+03 0.000000e+00 1.000000e+00 1.000000e-01
5.608090e+03 0.000000e+00 1.000000e+00 1.000000e-01
5.608100e+03 0.000000e+00 1.000000e+00 1.000000e-01
5.608110e+03 0.000000e+00 1.000000e+00 1.000000e-01
5.608120e+03 0.000000e+00 1.000000e+00 1.000000e-01
5.608130e+03 0.000000e+00 1.000000e+00 1.000000e-01
5.608140e+03 0.000000e+00 1.000000e+00 1.000000e-01
5.608150e+03 0.000000e+00 1.000000e+00 1.000000e-01
5.608160e+03 0.000000e+00 1.000000e+00 1.000000e-01
5.608170e+03 0.000000e+00 1.000000e+00 1.000000e-01
5.608180e+03 0.000000e+00 1.000000e+00 1.000000e-01
5.608190e+03 0.000000e+00 1.000000e+00 1.000000e-01
5.608200e+03 0.000000e+00 1.000000e+00 1.000000e-01
5.608210e+03 0.000000e+00 1.000000e+00 1.000000e-01
5.608220e+03 0.000000e+00 1.000000e+00 1.000000e-01
5.608230e+03 0.000000e+00 1.000000e+00 1.000000e-01
5.608240e+03 0.000000e+00 1.000000e+00 1.000000e-01
5.608250e+03 0.000000e+00 1.000000e+00 1.000000e-01
5.608260e+03 0.000000e+00 1.000000e+00 1.000000e-01
5.608270e+03 0.000000e+00 1.000000e+00 1.000000e-01
5.608280e+03 0.000000e+00 1.000000e+00 1.000000e-01
5.608290e+03 0.000000e+00 1.000000e+00 1.000000e-01
5.608300e+03 0.000000e+00 1.000000e+00 1.000000e-01
5.608310e+03 0.000000e+00 1.000000e+00 1.000000e-01
5.608320e+03 0.000000e+00 1.000000e+00 1.000000e-01
5.608330e+03 0.000000e+00 1.000000e+00 1.000000e-01
5.608340e+03 0.000000e+00 1.000000e+00 1.000000e-01
5.608350e+03 0.000000e+00 1.000000e+00 1.000000e-01
5.608360e+03 0.000000e+00 1.000000e+00 1.000000e-01
5.608370e+03 0.000000e+00 1.000000e+00 1.000000e-01
5.608380e+03 0.000000e+00 1.000000e+00 1.000000e-01
5.608390e+03 0.000000e+00 1.000000e+00 1.000000e-01
5.608400e+03 0.000000e+00 1.000000e+00 1.000000e-01
5.608410e+03 0.000000e+00 1.000000e+00 1.000000e-01
5.608420e+03 0.000000e+00 1.000000e+00 1.000000e-01
5.608430e+03 0.000000e+00 1.000000e+00 1.000000e-01
5.608440e+03 0.000000e+00 1.000000e+00 1.000000e-01
5.608450e+03 0.000000e+00 1.000000e+00 1.000000e-01
5.608460e+03 0.000000e+00 1.000000e+00 1.000000e-01
5.608470e+03 0.000000e+00 1.000000e+00 1.000000e-01
5.608480e+03 0.000000e+00 1.000000e+00 1.000000e-01
5.608490e+03 0.000000e+00 1.000000e+00 1.000000e-01
5.608500e+03 0.000000e+00 1.000000e+00 1.000000e-01
5.608510e+03 0.000000e+00 1.000000e+00 1.000000e-01
5.608520e+03 0.000000e+00 1.000000e+00 1.000000e-01
5.608530e+03 0.000000e+00 1.000000e+00 1.000000e-01
5.608540e+03 0.000000e+00 1.000000e+00 1.000000e-01
5.608550e+03 0.000000e+00 1.000000e+00 1.000000e-01
5.608560e+03 0.000000e+00 1.000000e+00 1.000000e-01
5.608570e+03 0.000000e+00 1.000000e+00 1.000000e-01
5.608580e+03 0.000000e+00 1.000000e+00 1.000000e-01
5.608590e+03 0.000000e+00 1.000000e+00 1.000000e-01
5.608600e+03 0.000000e+00 1.000000e+00 1.000000e-01
5.608610e+03 0.000000e+00 1.000000e+00 1.000000e-01
5.608620e+03 0.000000e+00 1.000000e+00 1.000000e-01
5.608630e+03 0.000000e+00 1.000000e+00 1.000000e-01
5.608640e+03 0.000000e+00 1.000000e+00 1.000000e-01
5.608650e+03 0.000000e+00 1.000000e+00 1.000000e-01
5.608660e+03 0.000000e+00 1.000000e+00 1.000000e-01
5.608670e+03 0.000000e+00 1.000000e+00 1.000000e-01
5.608680e+03 0.000000e+00 1.000000e+00 1.000000e-01
5.608690e+03 0.000000e+00 1.000000e+00 1.000000e-01
5.608700e+03 0.000000e+00 1.000000e+00 1.000000e-01
5.608710e+03 0.000000e+00 1.000000e+00 1.000000e-01
5.608720e+03 0.000000e+00 1.000000e+00 1.000000e-01
5.608730e+03 0.000000e+00 1.000000e+00 1.000000e-01
5.608740e+03 0.000000e+00 1.000000e+00 1.000000e-01
5.608750e+03 0.000000e+00 1.000000e+00 1.000000e-01
5.608760e+03 0.000000e+00 1.000000e+00 1.000000e-01
5.608770e+03 0.000000e+00 1.000000e+00 1.000000e-01
5.608780e+03 0.000000e+00 1.000000e+00 1.000000e-01
5.608790e+03 0.000000e+00 1.000000e+00 1.000000e-01
5.608800e+03 0.000000e+00 1.000000e+00 1.000000e-01
5.608810e+03 0.000000e+00 1.000000e+00 1.000000e-01
5.608820e+03 0.000000e+00 1.000000e+00 1.000000e-01
5.608830e+03 0.000000e+00 1.000000e+00 1.000000e-01
5.608840e+03 0.000000e+00 1.000000e+00 1.000000e-01
5.608850e+03 0.000000e+00 1.000000e+00 1.000000e-01
5.608860e+03 0.000000e+00 1.000000e+00 1.000000e-01
5.608870e+03 0.000000e+00 1.000000e+00 1.000000e-01
5.608880e+03 0.000000e+00 1.000000e+00 1.000000e-01
5.608890e+03 0.000000e+00 1.000000e+00 1.000000e-01
5.608900e+03 0.000000e+00 1.000000e+00 1.000000e-01
5.608910e+03 0.000000e+00 1.000000e+00 1.000000e-01
5.608920e+03 0.000000e+00 1.000000e+00 1.000000e-01
5.608930e+03 0.000000e+00 1.000000e+00 1.000000e-01
5.608940e+03 0.000000e+00 1.000000e+00 1.000000e-01
5.608950e+03 0.000000e+00 1.000000e+00 1.000000e-01
5.608960e+03 0.000000e+00 1.000000e+00 1.000000e-01
5.608970e+03 0.000000e+00 1.000000e+00 1.000000e-01
5.608980e+03 0.000000e+00 1.000000e+00 1.000000e-01
5.608990e+03 0.000000e+00 1.000000e+00 1.000000e-01
5.609000e+03 0.000000e+00 1.000000e+00 1.000000e-01
5.609010e+03 0.000000e+00 1.000000e+00 1.000000e-01
5.609020e+03 0.000000e+00 1.000000e+00 1.000000e-01
5.609030e+03 0.000000e+00 1.000000e+00 1.000000e-01
5.609040e+03 0.000000e+00 1.000000e+00 1.000000e-01
5.609050e+03 0.000000e+00 1.000000e+00 1.000000e-01
5.609060e+03 0.000000e+00 1.000000e+00 1.000000e-01
5.609070e+03 0.000000e+00 1.000000e+00 1.000000e-01
5.609080e+03 0.000000e+00 1.000000e+00 1.000000e-01
5.609090e+03 0.000000e+00 1.000000e+00 1.000000e-01
5.609100e+03 0.000000e+00 1.000000e+00 1.000000e-01
5.609110e+03 0.000000e+00 1.000000e+00 1.000000e-01
5.609120e+03 0.000000e+00 1.000000e+00 1.000000e-01
5.609130e+03 0.000000e+00 1.000000e+00 1.000000e-01
5.609140e+03 0.000000e+00 1.000000e+00 1.000000e-01
5.609150e+03 0.000000e+00 1.000000e+00 1.000000e-01
5.609160e+03 0.000000e+00 1.000000e+00 1.000000e-01
5.609170e+03 0.000000e+00 1.000000e+00 1.000000e-01
5.609180e+03 0.000000e+00 1.000000e+00 1.000000e-01
5.609190e+03 0.000000e+00 1.000000e+00 1.000000e-01
5.609200e+03 0.000000e+00 1.000000e+00 1.000000e-01
5.609210e+03 0.000000e+00 1.000000e+00 1.000000e-01
5.609220e+03 0.000000e+00 1.000000e+00 1.000000e-01
5.609230e+03 0.000000e+00 1.000000e+00 1.000000e-01
5.609240e+03 0.000000e+00 1.000000e+00 1.000000e-01
5.609250e+03 0.000000e+00 1.000000e+00 1.000000e-01
5.609260e+03 0.000000e+00 1.000000e+00 1.000000e-01
5.609270e+03 0.000000e+00 1.000000e+00 1.000000e-01
5.609280e+03 0.000000e+00 1.000000e+00 1.000000e-01
5.609290e+03 0.000000e+00 1.000000e+00 1.000000e-01
5.609300e+03 0.000000e+00 1.000000e+00 1.000000e-01
5.609310e+03 0.000000e+00 1.000000e+00 1.000000e-01
5.609320e+03 0.000000e+00 1.000000e+00 1.000000e-01
5.609330e+03 0.000000e+00 1.000000e+00 1.000000e-01
5.609340e+03 0.000000e+00 1.000000e+00 1.000000e-01
5.609350e+03 0.000000e+00 1.000000e+00 1.000000e-01
5.609360e+03 0.000000e+00 1.000000e+00 1.000000e-01
5.609370e+03 0.000000e+00 1.000000e+00 1.000000e-01
5.609380e+03 0.000000e+00 1.000000e+00 1.000000e-01
5.609390e+03 0.000000e+00 1.000000e+00 1.000000e-01
5.609400e+03 0.000000e+00 1.000000e+00 1.000000e-01
5.609410e+03 0.000000e+00 1.000000e+00 1.000000e-01
5.609420e+03 0.000000e+00 1.000000e+00 1.000000e-01
5.609430e+03 0.000000e+00 1.000000e+00 1.000000e-01
5.609440e+03 0.000000e+00 1.000000e+00 1.000000e-01
5.609450e+03 0.000000e+00 1.000000e+00 1.000000e-01
5.609460e+03 0.000000e+00 1.000000e+00 1.000000e-01
5.609470e+03 0.000000e+00 1.000000e+00 1.000000e-01
5.609480e+03 0.000000e+00 1.000000e+00 1.000000e-01
5.609490e+03 0.000000e+00 1.000000e+00 1.000000e-01
5.609500e+03 0.000000e+00 1.000000e+00 1.000000e-01
5.609510e+03 0.000000e+00 1.000000e+00 1.000000e-01
5.609520e+03 0.000000e+00 1.000000e+00 1.000000e-01
5.609530e+03 0.000000e+00 1.000000e+00 1.000000e-01
5.609540e+03 0.000000e+00 1.000000e+00 1.000000e-01
5.609550e+03 0.000000e+00 1.000000e+00 1.000000e-01
5.609560e+03 0.000000e+00 1.000000e+00 1.000000e-01
5.609570e+03 0.000000e+00 1.000000e+00 1.000000e-01
5.609580e+03 0.000000e+00 1.000000e+00 1.000000e-01
5.609590e+03 0.000000e+00 1.000000e+00 1.000000e-01
5.609600e+03 0.000000e+00 1.000000e+00 1.000000e-01
5.609610e+03 0.000000e+00 1.000000e+00 1.000000e-01
5.609620e+03 0.000000e+00 1.000000e+00 1.000000e-01
5.609630e+03 0.000000e+00 1.000000e+00 1.000000e-01
5.609640e+03 0.000000e+00 1.000000e+00 1.000000e-01
5.609650e+03 0.000000e+00 1.000000e+00 1.000000e-01
5.609660e+03 0.000000e+00 1.000000e+00 1.000000e-01
5.609670e+03 0.000000e+00 1.000000e+00 1.000000e-01
5.609680e+03 0.000000e+00 1.000000e+00 1.000000e-01
5.609690e+03 0.000000e+00 1.000000e+00 1.000000e-01
5.609700e+03 0.000000e+00 1.000000e+00 1.000000e-01
5.609710e+03 0.000000e+00 1.000000e+00 1.000000e-01
5.609720e+03 0.000000e+00 1.000000e+00 1.000000e-01
5.609730e+03 0.000000e+00 1.000000e+00 1.000000e-01
5.609740e+03 0.000000e+00 1.000000e+00 1.000000e-01
5.609750e+03 0.000000e+00 1.000000e+00 1.000000e-01
5.609760e+03 0.000000e+00 1.000000e+00 1.000000e-01
5.609770e+03 0.000000e+00 1.000000e+00 1.000000e-01
5.609780e+03 0.000000e+00 1.000000e+00 1.000000e-01
5.609790e+03 0.000000e+00 1.000000e+00 1.000000e-01
5.609800e+03 0.000000e+00 1.000000e+00 1.000000e-01
5.609810e+03 0.000000e+00 1.000000e+00 1.000000e-01
5.609820e+03 0.000000e+00 1.000000e+00 1.000000e-01
5.609830e+03 0.000000e+00 1.000000e+00 1.000000e-01
5.609840e+03 0.000000e+00 1.000000e+00 1.000000e-01
5.609850e+03 0.000000e+00 1.000000e+00 1.000000e-01
5.609860e+03 0.000000e+00 1.000000e+00 1.000000e-01
5.609870e+03 0.000000e+00 1.000000e+00 1.000000e-01
5.609880e+03 0.000000e+00 1.000000e+00 1.000000e-01
5.609890e+03 0.000000e+00 1.000000e+00 1.000000e-01
5.609900e+03 0.000000e+00 1.000000e+00 1.000000e-01
5.609910e+03 0.000000e+00 1.000000e+00 1.000000e-01
5.609920e+03 0.000000e+00 1.000000e+00 1.000000e-01
5.609930e+03 0.000000e+00 1.000000e+00 1.000000e-01
5.609940e+03 0.000000e+00 1.000000e+00 1.000000e-01
5.609950e+03 0.000000e+00 1.000000e+00 1.000000e-01
5.609960e+03 0.000000e+00 1.000000e+00 1.000000e-01
5.609970e+03 0.000000e+00 1.000000e+00 1.000000e-01
5.609980e+03 0.000000e+00 1.000000e+00 1.000000e-01
5.609990e+03 0.000000e+00 1.000000e+00 1.000000e-01
5.610000e+03 0.000000e+00 1.000000e+00 1.000000e-01
5.610010e+03 0.000000e+00 1.000000e+00 1.000000e-01
5.610020e+03 0.000000e+00 1.000000e+00 1.000000e-01
5.610030e+03 0.000000e+00 1.000000e+00 1.000000e-01
5.610040e+03 0.000000e+00 1.000000e+00 1.000000e-01
5.610050e+03 0.000000e+00 1.000000e+00 1.000000e-01
5.610060e+03 0.000000e+00 1.000000e+00 1.000000e-01
5.610070e+03 0.000000e+00 1.000000e+00 1.000000e-01
5.610080e+03 0.000000e+00 1.000000e+00 1.000000e-01
5.610090e+03 0.000000e+00 1.000000e+00 1.000000e-01
5.610100e+03 0.000000e+00 1.000000e+00 1.000000e-01
5.610110e+03 0.000000e+00 1.000000e+00 1.000000e-01
5.610120e+03 0.000000e+00 1.000000e+00 1.000000e-01
5.610130e+03 0.000000e+00 1.000000e+00 1.000000e-01
5.610140e+03 0.000000e+00 1.000000e+00 1.000000e-01
5.610150e+03 0.000000e+00 1.000000e+00 1.000000e-01
5.610160e+03 0.000000e+00 1.000000e+00 1.000000e-01
5.610170e+03 0.000000e+00 1.000000e+00 1.000000e-01
5.610180e+03 0.000000e+00 1.000000e+00 1.000000e-01
5.610190e+03 0.000000e+00 1.000000e+00 1.000000e-01
5.610200e+03 0.000000e+00 1.000000e+00 1.000000e-01
5.610210e+03 0.000000e+00 1.000000e+00 1.000000e-01
5.610220e+03 0.000000e+00 1.000000e+00 1.000000e-01
5.610230e+03 0.000000e+00 1.000000e+00 1.000000e-01
5.610240e+03 0.000000e+00 1.000000e+00 1.000000e-01
5.610250e+03 0.000000e+00 1.000000e+00 1.000000e-01
5.610260e+03 0.000000e+00 1.000000e+00 1.000000e-01
5.610270e+03 0.000000e+00 1.000000e+00 1.000000e-01
5.610280e+03 0.000000e+00 1.000000e+00 1.000000e-01
5.610290e+03 0.000000e+00 1.000000e+00 1.000000e-01
5.610300e+03 0.000000e+00 1.000000e+00 1.000000e-01
5.610310e+03 0.000000e+00 1.000000e+00 1.000000e-01
5.610320e+03 0.000000e+00 1.000000e+00 1.000000e-01
5.610330e+03 0.000000e+00 1.000000e+00 1.000000e-01
5.610340e+03 0.000000e+00 1.000000e+00 1.000000e-01
5.610350e+03 0.000000e+00 1.000000e+00 1.000000e-01
5.610360e+03 0.000000e+00 1.000000e+00 1.000000e-01
5.610370e+03 0.000000e+00 1.000000e+00 1.000000e-01
5.610380e+03 0.000000e+00 1.000000e+00 1.000000e-01
5.610390e+03 0.000000e+00 1.000000e+00 1.000000e-01
5.610400e+03 0.000000e+00 1.000000e+00 1.000000e-01
5.610410e+03 0.000000e+00 1.000000e+00 1.000000e-01
5.610420e+03 0.000000e+00 1.000000e+00 1.000000e-01
5.610430e+03 0.000000e+00 1.000000e+00 1.000000e-01
5.610440e+03 0.000000e+00 1.000000e+00 1.000000e-01
5.610450e+03 0.000000e+00 1.000000e+00 1.000000e-01
5.610460e+03 0.000000e+00 1.000000e+00 1.000000e-01
5.610470e+03 0.000000e+00 1.000000e+00 1.000000e-01
5.610480e+03 0.000000e+00 1.000000e+00 1.000000e-01
5.610490e+03 0.000000e+00 1.000000e+00 1.000000e-01
5.610500e+03 0.000000e+00 1.000000e+00 1.000000e-01
5.610510e+03 0.000000e+00 1.000000e+00 1.000000e-01
5.610520e+03 0.000000e+00 1.000000e+00 1.000000e-01
5.610530e+03 0.000000e+00 1.000000e+00 1.000000e-01
5.610540e+03 0.000000e+00 1.000000e+00 1.000000e-01
5.610550e+03 0.000000e+00 1.000000e+00 1.000000e-01
5.610560e+03 0.000000e+00 1.000000e+00 1.000000e-01
5.610570e+03 0.000000e+00 1.000000e+00 1.000000e-01
5.610580e+03 0.000000e+00 1.000000e+00 1.000000e-01
5.610590e+03 0.000000e+00 1.000000e+00 1.000000e-01
5.610600e+03 0.000000e+00 1.000000e+00 1.000000e-01
5.610610e+03 0.000000e+00 1.000000e+00 1.000000e-01
5.610620e+03 0.000000e+00 1.000000e+00 1.000000e-01
5.610630e+03 0.000000e+00 1.000000e+00 1.000000e-01
5.610640e+03 0.000000e+00 1.000000e+00 1.000000e-01
5.610650e+03 0.000000e+00 1.000000e+00 1.000000e-01
5.610660e+03 0.000000e+00 1.000000e+00 1.000000e-01
5.610670e+03 0.000000e+00 1.000000e+00 1.000000e-01
5.610680e+03 0.000000e+00 1.000000e+00 1.000000e-01
5.610690e+03 0.000000e+00 1.000000e+00 1.000000e-01
5.610700e+03 0.000000e+00 1.000000e+00 1.000000e-01
5.610710e+03 0.000000e+00 1.000000e+00 1.000000e-01
5.610720e+03 0.000000e+00 1.000000e+00 1.000000e-01
5.610730e+03 0.000000e+00 1.000000e+00 1.000000e-01
5.610740e+03 0.000000e+00 1.000000e+00 1.000000e-01
5.610750e+03 0.000000e+00 1.000000e+00 1.000000e-01
5.610760e+03 0.000000e+00 1.000000e+00 1.000000e-01
5.610770e+03 0.000000e+00 1.000000e+00 1.000000e-01
5.610780e+03 0.000000e+00 1.000000e+00 1.000000e-01
5.610790e+03 0.000000e+00 1.000000e+00 1.000000e-01
5.610800e+03 0.000000e+00 1.000000e+00 1.000000e-01
5.610810e+03 0.000000e+00 1.000000e+00 1.000000e-01
5.610820e+03 0.000000e+00 1.000000e+00 1.000000e-01
5.610830e+03 0.000000e+00 1.000000e+00 1.000000e-01
5.610840e+03 0.000000e+00 1.000000e+00 1.000000e-01
5.610850e+03 0.000000e+00 1.000000e+00 1.000000e-01
5.610860e+03 0.000000e+00 1.000000e+00 1.000000e-01
5.610870e+03 0.000000e+00 1.000000e+00 1.000000e-01
5.610880e+03 0.000000e+00 1.000000e+00 1.000000e-01
5.610890e+03 0.000000e+00 1.000000e+00 1.000000e-01
5.610900e+03 0.000000e+00 1.000000e+00 1.000000e-01
5.610910e+03 0.000000e+00 1.000000e+00 1.000000e-01
5.610920e+03 0.000000e+00 1.000000e+00 1.000000e-01
5.610930e+03 0.000000e+00 1.000000e+00 1.000000e-01
5.610940e+03 0.000000e+00 1.000000e+00 1.000000e-01
5.610950e+03 0.000000e+00 1.000000e+00 1.000000e-01
5.610960e+03 0.000000e+00 1.000000e+00 1.000000e-01
5.610970e+03 0.000000e+00 1.000000e+00 1.000000e-01
5.610980e+03 0.000000e+00 1.000000e+00 1.000000e-01
5.610990e+03 0.000000e+00 1.000000e+00 1.000000e-01
5.611000e+03 0.000000e+00 1.000000e+00 1.000000e-01
5.611010e+03 0.000000e+00 1.000000e+00 1.000000e-01
5.611020e+03 0.000000e+00 1.000000e+00 1.000000e-01
5.611030e+03 0.000000e+00 1.000000e+00 1.000000e-01
5.611040e+03 0.000000e+00 1.000000e+00 1.000000e-01
5.611050e+03 0.000000e+00 1.000000e+00 1.000000e-01
5.611060e+03 0.000000e+00 1.000000e+00 1.000000e-01
5.611070e+03 0.000000e+00 1.000000e+00 1.000000e-01
5.611080e+03 0.000000e+00 1.000000e+00 1.000000e-01
5.611090e+03 0.000000e+00 1.000000e+00 1.000000e-01
5.611100e+03 0.000000e+00 1.000000e+00 1.000000e-01
5.611110e+03 0.000000e+00 1.000000e+00 1.000000e-01
5.611120e+03 0.000000e+00 1.000000e+00 1.000000e-01
5.611130e+03 0.000000e+00 1.000000e+00 1.000000e-01
5.611140e+03 0.000000e+00 1.000000e+00 1.000000e-01
5.611150e+03 0.000000e+00 1.000000e+00 1.000000e-01
5.611160e+03 0.000000e+00 1.000000e+00 1.000000e-01
5.611170e+03 0.000000e+00 1.000000e+00 1.000000e-01
5.611180e+03 0.000000e+00 1.000000e+00 1.000000e-01
5.611190e+03 0.000000e+00 1.000000e+00 1.000000e-01
5.611200e+03 0.000000e+00 1.000000e+00 1.000000e-01
5.611210e+03 0.000000e+00 1.000000e+00 1.000000e-01
5.611220e+03 0.000000e+00 1.000000e+00 1.000000e-01
5.611230e+03 0.000000e+00 1.000000e+00 1.000000e-01
5.611240e+03 0.000000e+00 1.000000e+00 1.000000e-01
5.611250e+03 0.000000e+00 1.000000e+00 1.000000e-01
5.611260e+03 0.000000e+00 1.000000e+00 1.000000e-01
5.611270e+03 0.000000e+00 1.000000e+00 1.000000e-01
5.611280e+03 0.000000e+00 1.000000e+00 1.000000e-01
5.611290e+03 0.000000e+00 1.000000e+00 1.000000e-01
5.611300e+03 0.000000e+00 1.000000e+00 1.000000e-01
5.611310e+03 0.000000e+00 1.000000e+00 1.000000e-01
5.611320e+03 0.000000e+00 1.000000e+00 1.000000e-01
5.611330e+03 0.000000e+00 1.000000e+00 1.000000e-01
5.611340e+03 0.000000e+00 1.000000e+00 1.000000e-01
5.611350e+03 0.000000e+00 1.000000e+00 1.000000e-01
5.611360e+03 0.000000e+00 1.000000e+00 1.000000e-01
5.611370e+03 0.000000e+00 1.000000e+00 1.000000e-01
5.611380e+03 0.000000e+00 1.000000e+00 1.000000e-01
5.611390e+03 0.000000e+00 1.000000e+00 1.000000e-01
5.611400e+03 0.000000e+00 1.000000e+00 1.000000e-01
5.611410e+03 0.000000e+00 1.000000e+00 1.000000e-01
5.611420e+03 0.000000e+00 1.000000e+00 1.000000e-01
5.611430e+03 0.000000e+00 1.000000e+00 1.000000e-01
5.611440e+03 0.000000e+00 1.000000e+00 1.000000e-01
5.611450e+03 0.000000e+00 1.000000e+00 1.000000e-01
5.611460e+03 0.000000e+00 1.000000e+00 1.000000e-01
5.611470e+03 0.000000e+00 1.000000e+00 1.000000e-01
5.611480e+03 0.000000e+00 1.000000e+00 1.000000e-01
5.611490e+03 0.000000e+00 1.000000e+00 1.000000e-01
5.611500e+03 0.000000e+00 1.000000e+00 1.000000e-01
5.611510e+03 0.000000e+00 1.000000e+00 1.000000e-01
5.611520e+03 0.000000e+00 1.000000e+00 1.000000e-01
5.611530e+03 0.000000e+00 1.000000e+00 1.000000e-01
5.611540e+03 0.000000e+00 1.000000e+00 1.000000e-01
5.611550e+03 0.000000e+00 1.000000e+00 1.000000e-01
5.611560e+03 0.000000e+00 1.000000e+00 1.000000e-01
5.611570e+03 0.000000e+00 1.000000e+00 1.000000e-01
5.611580e+03 0.000000e+00 1.000000e+00 1.000000e-01
5.611590e+03 0.000000e+00 1.000000e+00 1.000000e-01
5.611600e+03 0.000000e+00 1.000000e+00 1.000000e-01
5.611610e+03 0.000000e+00 1.000000e+00 1.000000e-01
5.611620e+03 0.000000e+00 1.000000e+00 1.000000e-01
5.611630e+03 0.000000e+00 1.000000e+00 1.000000e-01
5.611640e+03 0.000000e+00 1.000000e+00 1.000000e-01
5.611650e+03 0.000000e+00 1.000000e+00 1.000000e-01
5.611660e+03 0.000000e+00 1.000000e+00 1.000000e-01
5.611670e+03 0.000000e+00 1.000000e+00 1.000000e-01
5.611680e+03 0.000000e+00 1.000000e+00 1.000000e-01
5.611690e+03 0.000000e+00 1.000000e+00 1.000000e-01
5.611700e+03 0.000000e+00 1.000000e+00 1.000000e-01
5.611710e+03 0.000000e+00 1.000000e+00 1.000000e-01
5.611720e+03 0.000000e+00 1.000000e+00 1.000000e-01
5.611730e+03 0.000000e+00 1.000000e+00 1.000000e-01
5.611740e+03 0.000000e+00 1.000000e+00 1.000000e-01
5.611750e+03 0.000000e+00 1.000000e+00 1.000000e-01
5.611760e+03 0.000000e+00 1.000000e+00 1.000000e-01
5.611770e+03 0.000000e+00 1.000000e+00 1.000000e-01
5.611780e+03 0.000000e+00 1.000000e+00 1.000000e-01
5.611790e+03 0.000000e+00 1.000000e+00 1.000000e-01
5.611800e+03 0.000000e+00 1.000000e+00 1.000000e-01
5.611810e+03 0.000000e+00 1.000000e+00 1.000000e-01
5.611820e+03 0.000000e+00 1.000000e+00 1.000000e-01
5.611830e+03 0.000000e+00 1.000000e+00 1.000000e-01
5.611840e+03 0.000000e+00 1.000000e+00 1.000000e-01
5.611850e+03 0.000000e+00 1.000000e+00 1.000000e-01
5.611860e+03 0.000000e+00 1.000000e+00 1.000000e-01
5.611870e+03 0.000000e+00 1.000000e+00 1.000000e-01
5.611880e+03 0.000000e+00 1.000000e+00 1.000000e-01
5.611890e+03 0.000000e+00 1.000000e+00 1.000000e-01
5.611900e+03 0.000000e+00 1.000000e+00 1.000000e-01
5.611910e+03 0.000000e+00 1.000000e+00 1.000000e-01
5.611920e+03 0.000000e+00 1.000000e+00 1.000000e-01
5.611930e+03 0.000000e+00 1.000000e+00 1.000000e-01
5.611940e+03 0.000000e+00 1.000000e+00 1.000000e-01
5.611950e+03 0.000000e+00 1.000000e+00 1.000000e-01
5.611960e+03 0.000000e+00 1.000000e+00 1.000000e-01
5.611970e+03 0.000000e+00 1.000000e+00 1.000000e-01
5.611980e+03 0.000000e+00 1.000000e+00 1.000000e-01
5.611990e+03 0.000000e+00 1.000000e+00 1.000000e-01
5.612000e+03 0.000000e+00 1.000000e+00 1.000000e-01
5.612010e+03 0.000000e+00 1.000000e+00 1.000000e-01
5.612020e+03 0.000000e+00 1.000000e+00 1.000000e-01
5.612030e+03 0.000000e+00 1.000000e+00 1.000000e-01
5.612040e+03 0.000000e+00 1.000000e+00 1.000000e-01
5.612050e+03 0.000000e+00 1.000000e+00 1.000000e-01
5.612060e+03 0.000000e+00 1.000000e+00 1.000000e-01
5.612070e+03 0.000000e+00 1.000000e+00 1.000000e-01
5.612080e+03 0.000000e+00 1.000000e+00 1.000000e-01
5.612090e+03 0.000000e+00 1.000000e+00 1.000000e-01
5.612100e+03 0.000000e+00 1.000000e+00 1.000000e-01
5.612110e+03 0.000000e+00 1.000000e+00 1.000000e-01
5.612120e+03 0.000000e+00 1.000000e+00 1.000000e-01
5.612130e+03 0.000000e+00 1.000000e+00 1.000000e-01
5.612140e+03 0.000000e+00 1.000000e+00 1.000000e-01
5.612150e+03 0.000000e+00 1.000000e+00 1.000000e-01
5.612160e+03 0.000000e+00 1.000000e+00 1.000000e-01
5.612170e+03 0.000000e+00 1.000000e+00 1.000000e-01
5.612180e+03 0.000000e+00 1.000000e+00 1.000000e-01
5.612190e+03 0.000000e+00 1.000000e+00 1.000000e-01
5.612200e+03 0.000000e+00 1.000000e+00 1.000000e-01
5.612210e+03 0.000000e+00 1.000000e+00 1.000000e-01
5.612220e+03 0.000000e+00 1.000000e+00 1.000000e-01
5.612230e+03 0.000000e+00 1.000000e+00 1.000000e-01
5.612240e+03 0.000000e+00 1.000000e+00 1.000000e-01
5.612250e+03 0.000000e+00 1.000000e+00 1.000000e-01
5.612260e+03 0.000000e+00 1.000000e+00 1.000000e-01
5.612270e+03 0.000000e+00 1.000000e+00 1.000000e-01
5.612280e+03 0.000000e+00 1.000000e+00 1.000000e-01
5.612290e+03 0.000000e+00 1.000000e+00 1.000000e-01
5.612300e+03 0.000000e+00 1.000000e+00 1.000000e-01
5.612310e+03 0.000000e+00 1.000000e+00 1.000000e-01
5.612320e+03 0.000000e+00 1.000000e+00 1.000000e-01
5.612330e+03 0.000000e+00 1.000000e+00 1.000000e-01
5.612340e+03 0.000000e+00 1.000000e+00 1.000000e-01
5.612350e+03 0.000000e+00 1.000000e+00 1.000000e-01
5.612360e+03 0.000000e+00 1.000000e+00 1.000000e-01
5.612370e+03 0.000000e+00 1.000000e+00 1.000000e-01
5.612380e+03 0.000000e+00 1.000000e+00 1.000000e-01
5.612390e+03 0.000000e+00 1.000000e+00 1.000000e-01
5.612400e+03 0.000000e+00 1.000000e+00 1.000000e-01
5.612410e+03 0.000000e+00 1.000000e+00 1.000000e-01
5.612420e+03 0.000000e+00 1.000000e+00 1.000000e-01
5.612430e+03 0.000000e+00 1.000000e+00 1.000000e-01
5.612440e+03 0.000000e+00 1.000000e+00 1.000000e-01
5.612450e+03 0.000000e+00 1.000000e+00 1.000000e-01
5.612460e+03 0.000000e+00 1.000000e+00 1.000000e-01
5.612470e+03 0.000000e+00 1.000000e+00 1.000000e-01
5.612480e+03 0.000000e+00 1.000000e+00 1.000000e-01
5.612490e+03 0.000000e+00 1.000000e+00 1.000000e-01
5.612500e+03 0.000000e+00 1.000000e+00 1.000000e-01
5.612510e+03 0.000000e+00 1.000000e+00 1.000000e-01
5.612520e+03 0.000000e+00 1.000000e+00 1.000000e-01
5.612530e+03 0.000000e+00 1.000000e+00 1.000000e-01
5.612540e+03 0.000000e+00 1.000000e+00 1.000000e-01
5.612550e+03 0.000000e+00 1.000000e+00 1.000000e-01
5.612560e+03 0.000000e+00 1.000000e+00 1.000000e-01
5.612570e+03 0.000000e+00 1.000000e+00 1.000000e-01
5.612580e+03 0.000000e+00 1.000000e+00 1.000000e-01
5.612590e+03 0.000000e+00 1.000000e+00 1.000000e-01
5.612600e+03 0.000000e+00 1.000000e+00 1.000000e-01
5.612610e+03 0.000000e+00 1.000000e+00 1.000000e-01
5.612620e+03 0.000000e+00 1.000000e+00 1.000000e-01
5.612630e+03 0.000000e+00 1.000000e+00 1.000000e-01
5.612640e+03 0.000000e+00 1.000000e+00 1.000000e-01
5.612650e+03 0.000000e+00 1.000000e+00 1.000000e-01
5.612660e+03 0.000000e+00 1.000000e+00 1.000000e-01
5.612670e+03 0.000000e+00 1.000000e+00 1.000000e-01
5.612680e+03 0.000000e+00 1.000000e+00 1.000000e-01
5.612690e+03 0.000000e+00 1.000000e+00 1.000000e-01
5.612700e+03 0.000000e+00 1.000000e+00 1.000000e-01
5.612710e+03 0.000000e+00 1.000000e+00 1.000000e-01
5.612720e+03 0.000000e+00 1.000000e+00 1.000000e-01
5.612730e+03 0.000000e+00 1.000000e+00 1.000000e-01
5.612740e+03 0.000000e+00 1.000000e+00 1.000000e-01
5.612750e+03 0.000000e+00 1.000000e+00 1.000000e-01
5.612760e+03 0.000000e+00 1.000000e+00 1.000000e-01
5.612770e+03 0.000000e+00 1.000000e+00 1.000000e-01
5.612780e+03 0.000000e+00 1.000000e+00 1.000000e-01
5.612790e+03 0.000000e+00 1.000000e+00 1.000000e-01
5.612800e+03 0.000000e+00 1.000000e+00 1.000000e-01
5.612810e+03 0.000000e+00 1.000000e+00 1.000000e-01
5.612820e+03 0.000000e+00 1.000000e+00 1.000000e-01
5.612830e+03 0.000000e+00 1.000000e+00 1.000000e-01
5.612840e+03 0.000000e+00 1.000000e+00 1.000000e-01
5.612850e+03 0.000000e+00 1.000000e+00 1.000000e-01
5.612860e+03 0.000000e+00 1.000000e+00 1.000000e-01
5.612870e+03 0.000000e+00 1.000000e+00 1.000000e-01
5.612880e+03 0.000000e+00 1.000000e+00 1.000000e-01
5.612890e+03 0.000000e+00 1.000000e+00 1.000000e-01
5.612900e+03 0.000000e+00 1.000000e+00 1.000000e-01
5.612910e+03 0.000000e+00 1.000000e+00 1.000000e-01
5.612920e+03 0.000000e+00 1.000000e+00 1.000000e-01
5.612930e+03 0.000000e+00 1.000000e+00 1.000000e-01
5.612940e+03 0.000000e+00 1.000000e+00 1.000000e-01
5.612950e+03 0.000000e+00 1.000000e+00 1.000000e-01
5.612960e+03 0.000000e+00 1.000000e+00 1.000000e-01
5.612970e+03 0.000000e+00 1.000000e+00 1.000000e-01
5.612980e+03 0.000000e+00 1.000000e+00 1.000000e-01
5.612990e+03 0.000000e+00 1.000000e+00 1.000000e-01
5.613000e+03 0.000000e+00 1.000000e+00 1.000000e-01
5.613010e+03 0.000000e+00 1.000000e+00 1.000000e-01
5.613020e+03 0.000000e+00 1.000000e+00 1.000000e-01
5.613030e+03 0.000000e+00 1.000000e+00 1.000000e-01
5.613040e+03 0.000000e+00 1.000000e+00 1.000000e-01
5.613050e+03 0.000000e+00 1.000000e+00 1.000000e-01
5.613060e+03 0.000000e+00 1.000000e+00 1.000000e-01
5.613070e+03 0.000000e+00 1.000000e+00 1.000000e-01
5.613080e+03 0.000000e+00 1.000000e+00 1.000000e-01
5.613090e+03 0.000000e+00 1.000000e+00 1.000000e-01
5.613100e+03 0.000000e+00 1.000000e+00 1.000000e-01
5.613110e+03 0.000000e+00 1.000000e+00 1.000000e-01
5.613120e+03 0.000000e+00 1.000000e+00 1.000000e-01
5.613130e+03 0.000000e+00 1.000000e+00 1.000000e-01
5.613140e+03 0.000000e+00 1.000000e+00 1.000000e-01
5.613150e+03 0.000000e+00 1.000000e+00 1.000000e-01
5.613160e+03 0.000000e+00 1.000000e+00 1.000000e-01
5.613170e+03 0.000000e+00 1.000000e+00 1.000000e-01
5.613180e+03 0.000000e+00 1.000000e+00 1.000000e-01
5.613190e+03 0.000000e+00 1.000000e+00 1.000000e-01
5.613200e+03 0.000000e+00 1.000000e+00 1.000000e-01
5.613210e+03 0.000000e+00 1.000000e+00 1.000000e-01
5.613220e+03 0.000000e+00 1.000000e+00 1.000000e-01
5.613230e+03 0.000000e+00 1.000000e+00 1.000000e-01
5.613240e+03 0.000000e+00 1.000000e+00 1.000000e-01
5.613250e+03 0.000000e+00 1.000000e+00 1.000000e-01
5.613260e+03 0.000000e+00 1.000000e+00 1.000000e-01
5.613270e+03 0.000000e+00 1.000000e+00 1.000000e-01
5.613280e+03 0.000000e+00 1.000000e+00 1.000000e-01
5.613290e+03 0.000000e+00 1.000000e+00 1.000000e-01
5.613300e+03 0.000000e+00 1.000000e+00 1.000000e-01
5.613310e+03 0.000000e+00 1.000000e+00 1.000000e-01
5.613320e+03 0.000000e+00 1.000000e+00 1.000000e-01
5.613330e+03 0.000000e+00 1.000000e+00 1.000000e-01
5.613340e+03 0.000000e+00 1.000000e+00 1.000000e-01
5.613350e+03 0.000000e+00 1.000000e+00 1.000000e-01
5.613360e+03 0.000000e+00 1.000000e+00 1.000000e-01
5.613370e+03 0.000000e+00 1.000000e+00 1.000000e-01
5.613380e+03 0.000000e+00 1.000000e+00 1.000000e-01
5.613390e+03 0.000000e+00 1.000000e+00 1.000000e-01
5.613400e+03 0.000000e+00 1.000000e+00 1.000000e-01
5.613410e+03 0.000000e+00 1.000000e+00 1.000000e-01
5.613420e+03 0.000000e+00 1.000000e+00 1.000000e-01
5.613430e+03 0.000000e+00 1.000000e+00 1.000000e-01
5.613440e+03 0.000000e+00 1.000000e+00 1.000000e-01
5.613450e+03 0.000000e+00 1.000000e+00 1.000000e-01
5.613460e+03 0.000000e+00 1.000000e+00 1.000000e-01
5.613470e+03 0.000000e+00 1.000000e+00 1.000000e-01
5.613480e+03 0.000000e+00 1.000000e+00 1.000000e-01
5.613490e+03 0.000000e+00 1.000000e+00 1.000000e-01
5.613500e+03 0.000000e+00 1.000000e+00 1.000000e-01
5.613510e+03 0.000000e+00 1.000000e+00 1.000000e-01
5.613520e+03 0.000000e+00 1.000000e+00 1.000000e-01
5.613530e+03 0.000000e+00 1.000000e+00 1.000000e-01
5.613540e+03 0.000000e+00 1.000000e+00 1.000000e-01
5.613550e+03 0.000000e+00 1.000000e+00 1.000000e-01
5.613560e+03 0.000000e+00 1.000000e+00 1.000000e-01
5.613570e+03 0.000000e+00 1.000000e+00 1.000000e-01
5.613580e+03 0.000000e+00 1.000000e+00 1.000000e-01
5.613590e+03 0.000000e+00 1.000000e+00 1.000000e-01
5.613600e+03 0.000000e+00 1.000000e+00 1.000000e-01
5.613610e+03 0.000000e+00 1.000000e+00 1.000000e-01
5.613620e+03 0.000000e+00 1.000000e+00 1.000000e-01
5.613630e+03 0.000000e+00 1.000000e+00 1.000000e-01
5.613640e+03 0.000000e+00 1.000000e+00 1.000000e-01
5.613650e+03 0.000000e+00 1.000000e+00 1.000000e-01
5.613660e+03 0.000000e+00 1.000000e+00 1.000000e-01
5.613670e+03 0.000000e+00 1.000000e+00 1.000000e-01
5.613680e+03 0.000000e+00 1.000000e+00 1.000000e-01
5.613690e+03 0.000000e+00 1.000000e+00 1.000000e-01
5.613700e+03 0.000000e+00 1.000000e+00 1.000000e-01
5.613710e+03 0.000000e+00 1.000000e+00 1.000000e-01
5.613720e+03 0.000000e+00 1.000000e+00 1.000000e-01
5.613730e+03 0.000000e+00 1.000000e+00 1.000000e-01
5.613740e+03 0.000000e+00 1.000000e+00 1.000000e-01
5.613750e+03 0.000000e+00 1.000000e+00 1.000000e-01
5.613760e+03 0.000000e+00 1.000000e+00 1.000000e-01
5.613770e+03 0.000000e+00 1.000000e+00 1.000000e-01
5.613780e+03 0.000000e+00 1.000000e+00 1.000000e-01
5.613790e+03 0.000000e+00 1.000000e+00 1.000000e-01
5.613800e+03 0.000000e+00 1.000000e+00 1.000000e-01
5.613810e+03 0.000000e+00 1.000000e+00 1.000000e-01
5.613820e+03 0.000000e+00 1.000000e+00 1.000000e-01
5.613830e+03 0.000000e+00 1.000000e+00 1.000000e-01
5.613840e+03 0.000000e+00 1.000000e+00 1.000000e-01
5.613850e+03 0.000000e+00 1.000000e+00 1.000000e-01
5.613860e+03 0.000000e+00 1.000000e+00 1.000000e-01
5.613870e+03 0.000000e+00 1.000000e+00 1.000000e-01
5.613880e+03 0.000000e+00 1.000000e+00 1.000000e-01
5.613890e+03 0.000000e+00 1.000000e+00 1.000000e-01
5.613900e+03 0.000000e+00 1.000000e+00 1.000000e-01
5.613910e+03 0.000000e+00 1.000000e+00 1.000000e-01
5.613920e+03 0.000000e+00 1.000000e+00 1.000000e-01
5.613930e+03 0.000000e+00 1.000000e+00 1.000000e-01
5.613940e+03 0.000000e+00 1.000000e+00 1.000000e-01
5.613950e+03 0.000000e+00 1.000000e+00 1.000000e-01
5.613960e+03 0.000000e+00 1.000000e+00 1.000000e-01
5.613970e+03 0.000000e+00 1.000000e+00 1.000000e-01
5.613980e+03 0.000000e+00 1.000000e+00 1.000000e-01
5.613990e+03 0.000000e+00 1.000000e+00 1.000000e-01
5.614000e+03 0.000000e+00 1.000000e+00 1.000000e-01
5.614010e+03 0.000000e+00 1.000000e+00 1.000000e-01
5.614020e+03 0.000000e+00 1.000000e+00 1.000000e-01
5.614030e+03 0.000000e+00 1.000000e+00 1.000000e-01
5.614040e+03 0.000000e+00 1.000000e+00 1.000000e-01
5.614050e+03 0.000000e+00 1.000000e+00 1.000000e-01
5.614060e+03 0.000000e+00 1.000000e+00 1.000000e-01
5.614070e+03 0.000000e+00 1.000000e+00 1.000000e-01
5.614080e+03 0.000000e+00 1.000000e+00 1.000000e-01
5.614090e+03 0.000000e+00 1.000000e+00 1.000000e-01
5.614100e+03 0.000000e+00 1.000000e+00 1.000000e-01
5.614110e+03 0.000000e+00 1.000000e+00 1.000000e-01
5.614120e+03 0.000000e+00 1.000000e+00 1.000000e-01
5.614130e+03 0.000000e+00 1.000000e+00 1.000000e-01
5.614140e+03 0.000000e+00 1.000000e+00 1.000000e-01
5.614150e+03 0.000000e+00 1.000000e+00 1.000000e-01
5.614160e+03 0.000000e+00 1.000000e+00 1.000000e-01
5.614170e+03 0.000000e+00 1.000000e+00 1.000000e-01
5.614180e+03 0.000000e+00 1.000000e+00 1.000000e-01
5.614190e+03 0.000000e+00 1.000000e+00 1.000000e-01
5.614200e+03 0.000000e+00 1.000000e+00 1.000000e-01
5.614210e+03 0.000000e+00 1.000000e+00 1.000000e-01
5.614220e+03 0.000000e+00 1.000000e+00 1.000000e-01
5.614230e+03 0.000000e+00 1.000000e+00 1.000000e-01
5.614240e+03 0.000000e+00 1.000000e+00 1.000000e-01
5.614250e+03 0.000000e+00 1.000000e+00 1.000000e-01
5.614260e+03 0.000000e+00 1.000000e+00 1.000000e-01
5.614270e+03 0.000000e+00 1.000000e+00 1.000000e-01
5.614280e+03 0.000000e+00 1.000000e+00 1.000000e-01
5.614290e+03 0.000000e+00 1.000000e+00 1.000000e-01
5.614300e+03 0.000000e+00 1.000000e+00 1.000000e-01
5.614310e+03 0.000000e+00 1.000000e+00 1.000000e-01
5.614320e+03 0.000000e+00 1.000000e+00 1.000000e-01
5.614330e+03 0.000000e+00 1.000000e+00 1.000000e-01
5.614340e+03 0.000000e+00 1.000000e+00 1.000000e-01
5.614350e+03 0.000000e+00 1.000000e+00 1.000000e-01
5.614360e+03 0.000000e+00 1.000000e+00 1.000000e-01
5.614370e+03 0.000000e+00 1.000000e+00 1.000000e-01
5.614380e+03 0.000000e+00 1.000000e+00 1.000000e-01
5.614390e+03 0.000000e+00 1.000000e+00 1.000000e-01
5.614400e+03 0.000000e+00 1.000000e+00 1.000000e-01
5.614410e+03 0.000000e+00 1.000000e+00 1.000000e-01
5.614420e+03 0.000000e+00 1.000000e+00 1.000000e-01
5.614430e+03 0.000000e+00 1.000000e+00 1.000000e-01
5.614440e+03 0.000000e+00 1.000000e+00 1.000000e-01
5.614450e+03 0.000000e+00 1.000000e+00 1.000000e-01
5.614460e+03 0.000000e+00 1.000000e+00 1.000000e-01
5.614470e+03 0.000000e+00 1.000000e+00 1.000000e-01
5.614480e+03 0.000000e+00 1.000000e+00 1.000000e-01
5.614490e+03 0.000000e+00 1.000000e+00 1.000000e-01
5.614500e+03 0.000000e+00 1.000000e+00 1.000000e-01
5.614510e+03 0.000000e+00 1.000000e+00 1.000000e-01
5.614520e+03 0.000000e+00 1.000000e+00 1.000000e-01
5.614530e+03 0.000000e+00 1.000000e+00 1.000000e-01
5.614540e+03 0.000000e+00 1.000000e+00 1.000000e-01
5.614550e+03 0.000000e+00 1.000000e+00 1.000000e-01
5.614560e+03 0.000000e+00 1.000000e+00 1.000000e-01
5.614570e+03 0.000000e+00 1.000000e+00 1.000000e-01
5.614580e+03 0.000000e+00 1.000000e+00 1.000000e-01
5.614590e+03 0.000000e+00 1.000000e+00 1.000000e-01
5.614600e+03 0.000000e+00 1.000000e+00 1.000000e-01
5.614610e+03 0.000000e+00 1.000000e+00 1.000000e-01
5.614620e+03 0.000000e+00 1.000000e+00 1.000000e-01
5.614630e+03 0.000000e+00 1.000000e+00 1.000000e-01
5.614640e+03 0.000000e+00 1.000000e+00 1.000000e-01
5.614650e+03 0.000000e+00 1.000000e+00 1.000000e-01
5.614660e+03 0.000000e+00 1.000000e+00 1.000000e-01
5.614670e+03 0.000000e+00 1.000000e+00 1.000000e-01
5.614680e+03 0.000000e+00 1.000000e+00 1.000000e-01
5.614690e+03 0.000000e+00 1.000000e+00 1.000000e-01
5.614700e+03 0.000000e+00 1.000000e+00 1.000000e-01
5.614710e+03 0.000000e+00 1.000000e+00 1.000000e-01
5.614720e+03 0.000000e+00 1.000000e+00 1.000000e-01
5.614730e+03 0.000000e+00 1.000000e+00 1.000000e-01
5.614740e+03 0.000000e+00 1.000000e+00 1.000000e-01
5.614750e+03 0.000000e+00 1.000000e+00 1.000000e-01
5.614760e+03 0.000000e+00 1.000000e+00 1.000000e-01
5.614770e+03 0.000000e+00 1.000000e+00 1.000000e-01
5.614780e+03 0.000000e+00 1.000000e+00 1.000000e-01
5.614790e+03 0.000000e+00 1.000000e+00 1.000000e-01
5.614800e+03 0.000000e+00 1.000000e+00 1.000000e-01
5.614810e+03 0.000000e+00 1.000000e+00 1.000000e-01
5.614820e+03 0.000000e+00 1.000000e+00 1.000000e-01
5.614830e+03 0.000000e+00 1.000000e+00 1.000000e-01
5.614840e+03 0.000000e+00 1.000000e+00 1.000000e-01
5.614850e+03 0.000000e+00 1.000000e+00 1.000000e-01
5.614860e+03 0.000000e+00 1.000000e+00 1.000000e-01
5.614870e+03 0.000000e+00 1.000000e+00 1.000000e-01
5.614880e+03 0.000000e+00 1.000000e+00 1.000000e-01
5.614890e+03 0.000000e+00 1.000000e+00 1.000000e-01
5.614900e+03 0.000000e+00 1.000000e+00 1.000000e-01
5.614910e+03 0.000000e+00 1.000000e+00 1.000000e-01
5.614920e+03 0.000000e+00 1.000000e+00 1.000000e-01
5.614930e+03 0.000000e+00 1.000000e+00 1.000000e-01
5.614940e+03 0.000000e+00 1.000000e+00 1.000000e-01
5.614950e+03 0.000000e+00 1.000000e+00 1.000000e-01
5.614960e+03 0.000000e+00 1.000000e+00 1.000000e-01
5.614970e+03 0.000000e+00 1.000000e+00 1.000000e-01
5.614980e+03 0.000000e+00 1.000000e+00 1.000000e-01
5.614990e+03 0.000000e+00 1.000000e+00 1.000000e-01
5.615000e+03 0.000000e+00 1.000000e+00 1.000000e-01
5.615010e+03 0.000000e+00 1.000000e+00 1.000000e-01
5.615020e+03 0.000000e+00 1.000000e+00 1.000000e-01
5.615030e+03 0.000000e+00 1.000000e+00 1.000000e-01
5.615040e+03 0.000000e+00 1.000000e+00 1.000000e-01
5.615050e+03 0.000000e+00 1.000000e+00 1.000000e-01
5.615060e+03 0.000000e+00 1.000000e+00 1.000000e-01
5.615070e+03 0.000000e+00 1.000000e+00 1.000000e-01
5.615080e+03 0.000000e+00 1.000000e+00 1.000000e-01
5.615090e+03 0.000000e+00 1.000000e+00 1.000000e-01
5.615100e+03 0.000000e+00 1.000000e+00 1.000000e-01
5.615110e+03 0.000000e+00 1.000000e+00 1.000000e-01
5.615120e+03 0.000000e+00 1.000000e+00 1.000000e-01
5.615130e+03 0.000000e+00 1.000000e+00 1.000000e-01
5.615140e+03 0.000000e+00 1.000000e+00 1.000000e-01
5.615150e+03 0.000000e+00 1.000000e+00 1.000000e-01
5.615160e+03 0.000000e+00 1.000000e+00 1.000000e-01
5.615170e+03 0.000000e+00 1.000000e+00 1.000000e-01
5.615180e+03 0.000000e+00 1.000000e+00 1.000000e-01
5.615190e+03 0.000000e+00 1.000000e+00 1.000000e-01
5.615200e+03 0.000000e+00 1.000000e+00 1.000000e-01
5.615210e+03 0.000000e+00 1.000000e+00 1.000000e-01
5.615220e+03 0.000000e+00 1.000000e+00 1.000000e-01
5.615230e+03 0.000000e+00 1.000000e+00 1.000000e-01
5.615240e+03 0.000000e+00 1.000000e+00 1.000000e-01
5.615250e+03 0.000000e+00 1.000000e+00 1.000000e-01
5.615260e+03 0.000000e+00 1.000000e+00 1.000000e-01
5.615270e+03 0.000000e+00 1.000000e+00 1.000000e-01
5.615280e+03 0.000000e+00 1.000000e+00 1.000000e-01
5.615290e+03 0.000000e+00 1.000000e+00 1.000000e-01
5.615300e+03 0.000000e+00 1.000000e+00 1.000000e-01
5.615310e+03 0.000000e+00 1.000000e+00 1.000000e-01
5.615320e+03 0.000000e+00 1.000000e+00 1.000000e-01
5.615330e+03 0.000000e+00 1.000000e+00 1.000000e-01
5.615340e+03 0.000000e+00 1.000000e+00 1.000000e-01
5.615350e+03 0.000000e+00 1.000000e+00 1.000000e-01
5.615360e+03 0.000000e+00 1.000000e+00 1.000000e-01
5.615370e+03 0.000000e+00 1.000000e+00 1.000000e-01
5.615380e+03 0.000000e+00 1.000000e+00 1.000000e-01
5.615390e+03 0.000000e+00 1.000000e+00 1.000000e-01
5.615400e+03 0.000000e+00 1.000000e+00 1.000000e-01
5.615410e+03 0.000000e+00 1.000000e+00 1.000000e-01
5.615420e+03 0.000000e+00 1.000000e+00 1.000000e-01
5.615430e+03 0.000000e+00 1.000000e+00 1.000000e-01
5.615440e+03 0.000000e+00 1.000000e+00 1.000000e-01
5.615450e+03 0.000000e+00 1.000000e+00 1.000000e-01
5.615460e+03 0.000000e+00 1.000000e+00 1.000000e-01
5.615470e+03 0.000000e+00 1.000000e+00 1.000000e-01
5.615480e+03 0.000000e+00 1.000000e+00 1.000000e-01
5.615490e+03 0.000000e+00 1.000000e+00 1.000000e-01
5.615500e+03 0.000000e+00 1.000000e+00 1.000000e-01
5.615510e+03 0.000000e+00 1.000000e+00 1.000000e-01
5.615520e+03 0.000000e+00 1.000000e+00 1.000000e-01
5.615530e+03 0.000000e+00 1.000000e+00 1.000000e-01
5.615540e+03 0.000000e+00 1.000000e+00 1.000000e-01
5.615550e+03 0.000000e+00 1.000000e+00 1.000000e-01
5.615560e+03 0.000000e+00 1.000000e+00 1.000000e-01
5.615570e+03 0.000000e+00 1.000000e+00 1.000000e-01
5.615580e+03 0.000000e+00 1.000000e+00 1.000000e-01
5.615590e+03 0.000000e+00 1.000000e+00 1.000000e-01
5.615600e+03 0.000000e+00 1.000000e+00 1.000000e-01
5.615610e+03 0.000000e+00 1.000000e+00 1.000000e-01
5.615620e+03 0.000000e+00 1.000000e+00 1.000000e-01
5.615630e+03 0.000000e+00 1.000000e+00 1.000000e-01
5.615640e+03 0.000000e+00 1.000000e+00 1.000000e-01
5.615650e+03 0.000000e+00 1.000000e+00 1.000000e-01
5.615660e+03 0.000000e+00 1.000000e+00 1.000000e-01
5.615670e+03 0.000000e+00 1.000000e+00 1.000000e-01
5.615680e+03 0.000000e+00 1.000000e+00 1.000000e-01
5.615690e+03 0.000000e+00 1.000000e+00 1.000000e-01
5.615700e+03 0.000000e+00 1.000000e+00 1.000000e-01
5.615710e+03 0.000000e+00 1.000000e+00 1.000000e-01
5.615720e+03 0.000000e+00 1.000000e+00 1.000000e-01
5.615730e+03 0.000000e+00 1.000000e+00 1.000000e-01
5.615740e+03 0.000000e+00 1.000000e+00 1.000000e-01
5.615750e+03 0.000000e+00 1.000000e+00 1.000000e-01
5.615760e+03 0.000000e+00 1.000000e+00 1.000000e-01
5.615770e+03 0.000000e+00 1.000000e+00 1.000000e-01
5.615780e+03 0.000000e+00 1.000000e+00 1.000000e-01
5.615790e+03 0.000000e+00 1.000000e+00 1.000000e-01
5.615800e+03 0.000000e+00 1.000000e+00 1.000000e-01
5.615810e+03 0.000000e+00 1.000000e+00 1.000000e-01
5.615820e+03 0.000000e+00 1.000000e+00 1.000000e-01
5.615830e+03 0.000000e+00 1.000000e+00 1.000000e-01
5.615840e+03 0.000000e+00 1.000000e+00 1.000000e-01
5.615850e+03 0.000000e+00 1.000000e+00 1.000000e-01
5.615860e+03 0.000000e+00 1.000000e+00 1.000000e-01
5.615870e+03 0.000000e+00 1.000000e+00 1.000000e-01
5.615880e+03 0.000000e+00 1.000000e+00 1.000000e-01
5.615890e+03 0.000000e+00 1.000000e+00 1.000000e-01
5.615900e+03 0.000000e+00 1.000000e+00 1.000000e-01
5.615910e+03 0.000000e+00 1.000000e+00 1.000000e-01
5.615920e+03 0.000000e+00 1.000000e+00 1.000000e-01
5.615930e+03 0.000000e+00 1.000000e+00 1.000000e-01
5.615940e+03 0.000000e+00 1.000000e+00 1.000000e-01
5.615950e+03 0.000000e+00 1.000000e+00 1.000000e-01
5.615960e+03 0.000000e+00 1.000000e+00 1.000000e-01
5.615970e+03 0.000000e+00 1.000000e+00 1.000000e-01
5.615980e+03 0.000000e+00 1.000000e+00 1.000000e-01
5.615990e+03 0.000000e+00 1.000000e+00 1.000000e-01
5.616000e+03 0.000000e+00 1.000000e+00 1.000000e-01
5.616010e+03 0.000000e+00 1.000000e+00 1.000000e-01
5.616020e+03 0.000000e+00 1.000000e+00 1.000000e-01
5.616030e+03 0.000000e+00 1.000000e+00 1.000000e-01
5.616040e+03 0.000000e+00 1.000000e+00 1.000000e-01
5.616050e+03 0.000000e+00 1.000000e+00 1.000000e-01
5.616060e+03 0.000000e+00 1.000000e+00 1.000000e-01
5.616070e+03 0.000000e+00 1.000000e+00 1.000000e-01
5.616080e+03 0.000000e+00 1.000000e+00 1.000000e-01
5.616090e+03 0.000000e+00 1.000000e+00 1.000000e-01
5.616100e+03 0.000000e+00 1.000000e+00 1.000000e-01
5.616110e+03 0.000000e+00 1.000000e+00 1.000000e-01
5.616120e+03 0.000000e+00 1.000000e+00 1.000000e-01
5.616130e+03 0.000000e+00 1.000000e+00 1.000000e-01
5.616140e+03 0.000000e+00 1.000000e+00 1.000000e-01
5.616150e+03 0.000000e+00 1.000000e+00 1.000000e-01
5.616160e+03 0.000000e+00 1.000000e+00 1.000000e-01
5.616170e+03 0.000000e+00 1.000000e+00 1.000000e-01
5.616180e+03 0.000000e+00 1.000000e+00 1.000000e-01
5.616190e+03 0.000000e+00 1.000000e+00 1.000000e-01
5.616200e+03 0.000000e+00 1.000000e+00 1.000000e-01
5.616210e+03 0.000000e+00 1.000000e+00 1.000000e-01
5.616220e+03 0.000000e+00 1.000000e+00 1.000000e-01
5.616230e+03 0.000000e+00 1.000000e+00 1.000000e-01
5.616240e+03 0.000000e+00 1.000000e+00 1.000000e-01
5.616250e+03 0.000000e+00 1.000000e+00 1.000000e-01
5.616260e+03 0.000000e+00 1.000000e+00 1.000000e-01
5.616270e+03 0.000000e+00 1.000000e+00 1.000000e-01
5.616280e+03 0.000000e+00 1.000000e+00 1.000000e-01
5.616290e+03 0.000000e+00 1.000000e+00 1.000000e-01
5.616300e+03 0.000000e+00 1.000000e+00 1.000000e-01
5.616310e+03 0.000000e+00 1.000000e+00 1.000000e-01
5.616320e+03 0.000000e+00 1.000000e+00 1.000000e-01
5.616330e+03 0.000000e+00 1.000000e+00 1.000000e-01
5.616340e+03 0.000000e+00 1.000000e+00 1.000000e-01
5.616350e+03 0.000000e+00 1.000000e+00 1.000000e-01
5.616360e+03 0.000000e+00 1.000000e+00 1.000000e-01
5.616370e+03 0.000000e+00 1.000000e+00 1.000000e-01
5.616380e+03 0.000000e+00 1.000000e+00 1.000000e-01
5.616390e+03 0.000000e+00 1.000000e+00 1.000000e-01
5.616400e+03 0.000000e+00 1.000000e+00 1.000000e-01
5.616410e+03 0.000000e+00 1.000000e+00 1.000000e-01
5.616420e+03 0.000000e+00 1.000000e+00 1.000000e-01
5.616430e+03 0.000000e+00 1.000000e+00 1.000000e-01
5.616440e+03 0.000000e+00 1.000000e+00 1.000000e-01
5.616450e+03 0.000000e+00 1.000000e+00 1.000000e-01
5.616460e+03 0.000000e+00 1.000000e+00 1.000000e-01
5.616470e+03 0.000000e+00 1.000000e+00 1.000000e-01
5.616480e+03 0.000000e+00 1.000000e+00 1.000000e-01
5.616490e+03 0.000000e+00 1.000000e+00 1.000000e-01
5.616500e+03 0.000000e+00 1.000000e+00 1.000000e-01
5.616510e+03 0.000000e+00 1.000000e+00 1.000000e-01
5.616520e+03 0.000000e+00 1.000000e+00 1.000000e-01
5.616530e+03 0.000000e+00 1.000000e+00 1.000000e-01
5.616540e+03 0.000000e+00 1.000000e+00 1.000000e-01
5.616550e+03 0.000000e+00 1.000000e+00 1.000000e-01
5.616560e+03 0.000000e+00 1.000000e+00 1.000000e-01
5.616570e+03 0.000000e+00 1.000000e+00 1.000000e-01
5.616580e+03 0.000000e+00 1.000000e+00 1.000000e-01
5.616590e+03 0.000000e+00 1.000000e+00 1.000000e-01
5.616600e+03 0.000000e+00 1.000000e+00 1.000000e-01
5.616610e+03 0.000000e+00 1.000000e+00 1.000000e-01
5.616620e+03 0.000000e+00 1.000000e+00 1.000000e-01
5.616630e+03 0.000000e+00 1.000000e+00 1.000000e-01
5.616640e+03 0.000000e+00 1.000000e+00 1.000000e-01
5.616650e+03 0.000000e+00 1.000000e+00 1.000000e-01
5.616660e+03 0.000000e+00 1.000000e+00 1.000000e-01
5.616670e+03 0.000000e+00 1.000000e+00 1.000000e-01
5.616680e+03 0.000000e+00 1.000000e+00 1.000000e-01
5.616690e+03 0.000000e+00 1.000000e+00 1.000000e-01
5.616700e+03 0.000000e+00 1.000000e+00 1.000000e-01
5.616710e+03 0.000000e+00 1.000000e+00 1.000000e-01
5.616720e+03 0.000000e+00 1.000000e+00 1.000000e-01
5.616730e+03 0.000000e+00 1.000000e+00 1.000000e-01
5.616740e+03 0.000000e+00 1.000000e+00 1.000000e-01
5.616750e+03 0.000000e+00 1.000000e+00 1.000000e-01
5.616760e+03 0.000000e+00 1.000000e+00 1.000000e-01
5.616770e+03 0.000000e+00 1.000000e+00 1.000000e-01
5.616780e+03 0.000000e+00 1.000000e+00 1.000000e-01
5.616790e+03 0.000000e+00 1.000000e+00 1.000000e-01
5.616800e+03 0.000000e+00 1.000000e+00 1.000000e-01
5.616810e+03 0.000000e+00 1.000000e+00 1.000000e-01
5.616820e+03 0.000000e+00 1.000000e+00 1.000000e-01
5.616830e+03 0.000000e+00 1.000000e+00 1.000000e-01
5.616840e+03 0.000000e+00 1.000000e+00 1.000000e-01
5.616850e+03 0.000000e+00 1.000000e+00 1.000000e-01
5.616860e+03 0.000000e+00 1.000000e+00 1.000000e-01
5.616870e+03 0.000000e+00 1.000000e+00 1.000000e-01
5.616880e+03 0.000000e+00 1.000000e+00 1.000000e-01
5.616890e+03 0.000000e+00 1.000000e+00 1.000000e-01
5.616900e+03 0.000000e+00 1.000000e+00 1.000000e-01
5.616910e+03 0.000000e+00 1.000000e+00 1.000000e-01
5.616920e+03 0.000000e+00 1.000000e+00 1.000000e-01
5.616930e+03 0.000000e+00 1.000000e+00 1.000000e-01
5.616940e+03 0.000000e+00 1.000000e+00 1.000000e-01
5.616950e+03 0.000000e+00 1.000000e+00 1.000000e-01
5.616960e+03 0.000000e+00 1.000000e+00 1.000000e-01
5.616970e+03 0.000000e+00 1.000000e+00 1.000000e-01
5.616980e+03 0.000000e+00 1.000000e+00 1.000000e-01
5.616990e+03 0.000000e+00 1.000000e+00 1.000000e-01
5.617000e+03 0.000000e+00 1.000000e+00 1.000000e-01
