# wavelength[A] tau flux flux_error
5.567000e+03 0.000000e+00 1.000000e+00 1.000000e-01
5.567010e+03 0.000000e+00 1.000000e+00 1.000000e-01
5.567020e+03 0.000000e+00 1.000000e+00 1.000000e-01
5.567030e+03 0.000000e+00 1.000000e+00 1.000000e-01
5.567040e+03 0.000000e+00 1.000000e+00 1.000000e-01
5.567050e+03 0.000000e+00 1.000000e+00 1.000000e-01
5.567060e+03 0.000000e+00 1.000000e+00 1.000000e-01
5.567070e+03 0.000000e+00 1.000000e+00 1.000000e-01
5.567080e+03 0.000000e+00 1.000000e+00 1.000000e-01
5.567090e+03 0.000000e+00 1.000000e+00 1.000000e-01
5.567100e+03 0.000000e+00 1.000000e+00 1.000000e-01
5.567110e+03 0.000000e+00 1.000000e+00 1.000000e-01
5.567120e+03 0.000000e+00 1.000000e+00 1.000000e-01
5.567130e+03 0.000000e+00 1.000000e+00 1.000000e-01
5.567140e+03 0.000000e+00 1.000000e+00 1.000000e-01
5.567150e+03 0.000000e+00 1.000000e+00 1.000000e-01
5.567160e+03 0.000000e+00 1.000000e+00 1.000000e-01
5.567170e+03 0.000000e+00 1.000000e+00 1.000000e-01
5.567180e+03 0.000000e+00 1.000000e+00 1.000000e-01
5.567190e+03 0.000000e+00 1.000000e+00 1.000000e-01
5.567200e+03 0.000000e+00 1.000000e+00 1.000000e-01
5.567210e+03 0.000000e+00 1.000000e+00 1.000000e-01
5.567220e+03 0.000000e+00 1.000000e+00 1.000000e-01
5.567230e+03 0.000000e+00 1.000000e+00 1.000000e-01
5.567240e+03 0.000000e+00 1.000000e+00 1.000000e-01
5.567250e+03 0.000000e+00 1.000000e+00 1.000000e-01
5.567260e+03 0.000000e+00 1.000000e+00 1.000000e-01
5.567270e+03 0.000000e+00 1.000000e+00 1.000000e-01
5.567280e+03 0.000000e+00 1.000000e+00 1.000000e-01
5.567290e+03 0.000000e+00 1.000000e+00 1.000000e-01
5.567300e+03 0.000000e+00 1.000000e+00 1.000000e-01
5.567310e+03 0.000000e+00 1.000000e+00 1.000000e-01
5.567320e+03 0.000000e+00 1.000000e+00 1.000000e-01
5.567330e+03 0.000000e+00 1.000000e+00 1.000000e-01
5.567340e+03 0.000000e+00 1.000000e+00 1.000000e-01
5.567350e+03 0.000000e+00 1.000000e+00 1.000000e-01
5.567360e+03 0.000000e+00 1.000000e+00 1.000000e-01
5.567370e+03 0.000000e+00 1.000000e+00 1.000000e-01
5.567380e+03 0.000000e+00 1.000000e+00 1.000000e-01
5.567390e+03 0.000000e+00 1.000000e+00 1.000000e-01
5.567400e+03 0.000000e+00 1.000000e+00 1.000000e-01
5.567410e+03 0.000000e+00 1.000000e+00 1.000000e-01
5.567420e+03 0.000000e+00 1.000000e+00 1.000000e-01
5.567430e+03 0.000000e+00 1.000000e+00 1.000000e-01
5.567440e+03 0.000000e+00 1.000000e+00 1.000000e-01
5.567450e+03 0.000000e+00 1.000000e+00 1.000000e-01
5.567460e+03 0.000000e+00 1.000000e+00 1.000000e-01
5.567470e+03 0.000000e+00 1.000000e+00 1.000000e-01
5.567480e+03 0.000000e+00 1.000000e+00 1.000000e-01
5.567490e+03 0.000000e+00 1.000000e+00 1.000000e-01
5.567500e+03 0.000000e+00 1.000000e+00 1.000000e-01
5.567510e+03 0.000000e+00 1.000000e+00 1.000000e-01
5.567520e+03 0.000000e+00 1.000000e+00 1.000000e-01
5.567530e+03 0.000000e+00 1.000000e+00 1.000000e-01
5.567540e+03 0.000000e+00 1.000000e+00 1.000000e-01
5.567550e+03 0.000000e+00 1.000000e+00 1.000000e-01
5.567560e+03 0.000000e+00 1.000000e+00 1.000000e-01
5.567570e+03 0.000000e+00 1.000000e+00 1.000000e-01
5.567580e+03 0.000000e+00 1.000000e+00 1.000000e-01
5.567590e+03 0.000000e+00 1.000000e+00 1.000000e-01
5.567600e+03 0.000000e+00 1.000000e+00 1.000000e-01
5.567610e+03 0.000000e+00 1.000000e+00 1.000000e-01
5.567620e+03 0.000000e+00 1.000000e+00 1.000000e-01
5.567630e+03 0.000000e+00 1.000000e+00 1.000000e-01
5.567640e+03 0.000000e+00 1.000000e+00 1.000000e-01
5.567650e+03 0.000000e+00 1.000000e+00 1.000000e-01
5.567660e+03 0.000000e+00 1.000000e+00 1.000000e-01
5.567670e+03 0.000000e+00 1.000000e+00 1.000000e-01
5.567680e+03 0.000000e+00 1.000000e+00 1.000000e-01
5.567690e+03 0.000000e+00 1.000000e+00 1.000000e-01
5.567700e+03 0.000000e+00 1.000000e+00 1.000000e-01
5.567710e+03 0.000000e+00 1.000000e+00 1.000000e-01
5.567720e+03 0.000000e+00 1.000000e+00 1.000000e-01
5.567730e+03 0.000000e+00 1.000000e+00 1.000000e-01
5.567740e+03 0.000000e+00 1.000000e+00 1.000000e-01
5.567750e+03 0.000000e+00 1.000000e+00 1.000000e-01
5.567760e+03 0.000000e+00 1.000000e+00 1.000000e-01
5.567770e+03 0.000000e+00 1.000000e+00 1.000000e-01
5.567780e+03 0.000000e+00 1.000000e+00 1.000000e-01
5.567790e+03 0.000000e+00 1.000000e+00 1.000000e-01
5.567800e+03 0.000000e+00 1.000000e+00 1.000000e-01
5.567810e+03 0.000000e+00 1.000000e+00 1.000000e-01
5.567820e+03 0.000000e+00 1.000000e+00 1.000000e-01
5.567830e+03 0.000000e+00 1.000000e+00 1.000000e-01
5.567840e+03 0.000000e+00 1.000000e+00 1.000000e-01
5.567850e+03 0.000000e+00 1.000000e+00 1.000000e-01
5.567860e+03 0.000000e+00 1.000000e+00 1.000000e-01
5.567870e+03 0.000000e+00 1.000000e+00 1.000000e-01
5.567880e+03 0.000000e+00 1.000000e+00 1.000000e-01
5.567890e+03 0.000000e+00 1.000000e+00 1.000000e-01
5.567900e+03 0.000000e+00 1.000000e+00 1.000000e-01
5.567910e+03 0.000000e+00 1.000000e+00 1.000000e-01
5.567920e+03 0.000000e+00 1.000000e+00 1.000000e-01
5.567930e+03 0.000000e+00 1.000000e+00 1.000000e-01
5.567940e+03 0.000000e+00 1.000000e+00 1.000000e-01
5.567950e+03 0.000000e+00 1.000000e+00 1.000000e-01
5.567960e+03 0.000000e+00 1.000000e+00 1.000000e-01
5.567970e+03 0.000000e+00 1.000000e+00 1.000000e-01
5.567980e+03 0.000000e+00 1.000000e+00 1.000000e-01
5.567990e+03 0.000000e+00 1.000000e+00 1.000000e-01
5.568000e+03 0.000000e+00 1.000000e+00 1.000000e-01
5.568010e+03 0.000000e+00 1.000000e+00 1.000000e-01
5.568020e+03 0.000000e+00 1.000000e+00 1.000000e-01
5.568030e+03 0.000000e+00 1.000000e+00 1.000000e-01
5.568040e+03 0.000000e+00 1.000000e+00 1.000000e-01
5.568050e+03 0.000000e+00 1.000000e+00 1.000000e-01
5.568060e+03 0.000000e+00 1.000000e+00 1.000000e-01
5.568070e+03 0.000000e+00 1.000000e+00 1.000000e-01
5.568080e+03 0.000000e+00 1.000000e+00 1.000000e-01
5.568090e+03 0.000000e+00 1.000000e+00 1.000000e-01
5.568100e+03 0.000000e+00 1.000000e+00 1.000000e-01
5.568110e+03 0.000000e+00 1.000000e+00 1.000000e-01
5.568120e+03 0.000000e+00 1.000000e+00 1.000000e-01
5.568130e+03 0.000000e+00 1.000000e+00 1.000000e-01
5.568140e+03 0.000000e+00 1.000000e+00 1.000000e-01
5.568150e+03 0.000000e+00 1.000000e+00 1.000000e-01
5.568160e+03 0.000000e+00 1.000000e+00 1.000000e-01
5.568170e+03 0.000000e+00 1.000000e+00 1.000000e-01
5.568180e+03 0.000000e+00 1.000000e+00 1.000000e-01
5.568190e+03 0.000000e+00 1.000000e+00 1.000000e-01
5.568200e+03 0.000000e+00 1.000000e+00 1.000000e-01
5.568210e+03 0.000000e+00 1.000000e+00 1.000000e-01
5.568220e+03 0.000000e+00 1.000000e+00 1.000000e-01
5.568230e+03 0.000000e+00 1.000000e+00 1.000000e-01
5.568240e+03 0.000000e+00 1.000000e+00 1.000000e-01
5.568250e+03 0.000000e+00 1.000000e+00 1.000000e-01
5.568260e+03 0.000000e+00 1.000000e+00 1.000000e-01
5.568270e+03 0.000000e+00 1.000000e+00 1.000000e-01
5.568280e+03 0.000000e+00 1.000000e+00 1.000000e-01
5.568290e+03 0.000000e+00 1.000000e+00 1.000000e-01
5.568300e+03 0.000000e+00 1.000000e+00 1.000000e-01
5.568310e+03 0.000000e+00 1.000000e+00 1.000000e-01
5.568320e+03 0.000000e+00 1.000000e+00 1.000000e-01
5.568330e+03 0.000000e+00 1.000000e+00 1.000000e-01
5.568340e+03 0.000000e+00 1.000000e+00 1.000000e-01
5.568350e+03 0.000000e+00 1.000000e+00 1.000000e-01
5.568360e+03 0.000000e+00 1.000000e+00 1.000000e-01
5.568370e+03 0.000000e+00 1.000000e+00 1.000000e-01
5.568380e+03 0.000000e+00 1.000000e+00 1.000000e-01
5.568390e+03 0.000000e+00 1.000000e+00 1.000000e-01
5.568400e+03 0.000000e+00 1.000000e+00 1.000000e-01
5.568410e+03 0.000000e+00 1.000000e+00 1.000000e-01
5.568420e+03 0.000000e+00 1.000000e+00 1.000000e-01
5.568430e+03 0.000000e+00 1.000000e+00 1.000000e-01
5.568440e+03 0.000000e+00 1.000000e+00 1.000000e-01
5.568450e+03 0.000000e+00 1.000000e+00 1.000000e-01
5.568460e+03 0.000000e+00 1.000000e+00 1.000000e-01
5.568470e+03 0.000000e+00 1.000000e+00 1.000000e-01
5.568480e+03 0.000000e+00 1.000000e+00 1.000000e-01
5.568490e+03 0.000000e+00 1.000000e+00 1.000000e-01
5.568500e+03 0.000000e+00 1.000000e+00 1.000000e-01
5.568510e+03 0.000000e+00 1.000000e+00 1.000000e-01
5.568520e+03 0.000000e+00 1.000000e+00 1.000000e-01
5.568530e+03 0.000000e+00 1.000000e+00 1.000000e-01
5.568540e+03 0.000000e+00 1.000000e+00 1.000000e-01
5.568550e+03 0.000000e+00 1.000000e+00 1.000000e-01
5.568560e+03 0.000000e+00 1.000000e+00 1.000000e-01
5.568570e+03 0.000000e+00 1.000000e+00 1.000000e-01
5.568580e+03 0.000000e+00 1.000000e+00 1.000000e-01
5.568590e+03 0.000000e+00 1.000000e+00 1.000000e-01
5.568600e+03 0.000000e+00 1.000000e+00 1.000000e-01
5.568610e+03 0.000000e+00 1.000000e+00 1.000000e-01
5.568620e+03 0.000000e+00 1.000000e+00 1.000000e-01
5.568630e+03 0.000000e+00 1.000000e+00 1.000000e-01
5.568640e+03 0.000000e+00 1.000000e+00 1.000000e-01
5.568650e+03 0.000000e+00 1.000000e+00 1.000000e-01
5.568660e+03 0.000000e+00 1.000000e+00 1.000000e-01
5.568670e+03 0.000000e+00 1.000000e+00 1.000000e-01
5.568680e+03 0.000000e+00 1.000000e+00 1.000000e-01
5.568690e+03 0.000000e+00 1.000000e+00 1.000000e-01
5.568700e+03 0.000000e+00 1.000000e+00 1.000000e-01
5.568710e+03 0.000000e+00 1.000000e+00 1.000000e-01
5.568720e+03 0.000000e+00 1.000000e+00 1.000000e-01
5.568730e+03 0.000000e+00 1.000000e+00 1.000000e-01
5.568740e+03 0.000000e+00 1.000000e+00 1.000000e-01
5.568750e+03 0.000000e+00 1.000000e+00 1.000000e-01
5.568760e+03 0.000000e+00 1.000000e+00 1.000000e-01
5.568770e+03 0.000000e+00 1.000000e+00 1.000000e-01
5.568780e+03 0.000000e+00 1.000000e+00 1.000000e-01
5.568790e+03 0.000000e+00 1.000000e+00 1.000000e-01
5.568800e+03 0.000000e+00 1.000000e+00 1.000000e-01
5.568810e+03 0.000000e+00 1.000000e+00 1.000000e-01
5.568820e+03 0.000000e+00 1.000000e+00 1.000000e-01
5.568830e+03 0.000000e+00 1.000000e+00 1.000000e-01
5.568840e+03 0.000000e+00 1.000000e+00 1.000000e-01
5.568850e+03 0.000000e+00 1.000000e+00 1.000000e-01
5.568860e+03 0.000000e+00 1.000000e+00 1.000000e-01
5.568870e+03 0.000000e+00 1.000000e+00 1.000000e-01
5.568880e+03 0.000000e+00 1.000000e+00 1.000000e-01
5.568890e+03 0.000000e+00 1.000000e+00 1.000000e-01
5.568900e+03 0.000000e+00 1.000000e+00 1.000000e-01
5.568910e+03 0.000000e+00 1.000000e+00 1.000000e-01
5.568920e+03 0.000000e+00 1.000000e+00 1.000000e-01
5.568930e+03 0.000000e+00 1.000000e+00 1.000000e-01
5.568940e+03 0.000000e+00 1.000000e+00 1.000000e-01
5.568950e+03 0.000000e+00 1.000000e+00 1.000000e-01
5.568960e+03 0.000000e+00 1.000000e+00 1.000000e-01
5.568970e+03 0.000000e+00 1.000000e+00 1.000000e-01
5.568980e+03 0.000000e+00 1.000000e+00 1.000000e-01
5.568990e+03 0.000000e+00 1.000000e+00 1.000000e-01
5.569000e+03 0.000000e+00 1.000000e+00 1.000000e-01
5.569010e+03 0.000000e+00 1.000000e+00 1.000000e-01
5.569020e+03 0.000000e+00 1.000000e+00 1.000000e-01
5.569030e+03 0.000000e+00 1.000000e+00 1.000000e-01
5.569040e+03 0.000000e+00 1.000000e+00 1.000000e-01
5.569050e+03 0.000000e+00 1.000000e+00 1.000000e-01
5.569060e+03 0.000000e+00 1.000000e+00 1.000000e-01
5.569070e+03 0.000000e+00 1.000000e+00 1.000000e-01
5.569080e+03 0.000000e+00 1.000000e+00 1.000000e-01
5.569090e+03 0.000000e+00 1.000000e+00 1.000000e-01
5.569100e+03 0.000000e+00 1.000000e+00 1.000000e-01
5.569110e+03 0.000000e+00 1.000000e+00 1.000000e-01
5.569120e+03 0.000000e+00 1.000000e+00 1.000000e-01
5.569130e+03 0.000000e+00 1.000000e+00 1.000000e-01
5.569140e+03 0.000000e+00 1.000000e+00 1.000000e-01
5.569150e+03 0.000000e+00 1.000000e+00 1.000000e-01
5.569160e+03 0.000000e+00 1.000000e+00 1.000000e-01
5.569170e+03 0.000000e+00 1.000000e+00 1.000000e-01
5.569180e+03 0.000000e+00 1.000000e+00 1.000000e-01
5.569190e+03 0.000000e+00 1.000000e+00 1.000000e-01
5.569200e+03 0.000000e+00 1.000000e+00 1.000000e-01
5.569210e+03 0.000000e+00 1.000000e+00 1.000000e-01
5.569220e+03 0.000000e+00 1.000000e+00 1.000000e-01
5.569230e+03 0.000000e+00 1.000000e+00 1.000000e-01
5.569240e+03 0.000000e+00 1.000000e+00 1.000000e-01
5.569250e+03 0.000000e+00 1.000000e+00 1.000000e-01
5.569260e+03 0.000000e+00 1.000000e+00 1.000000e-01
5.569270e+03 0.000000e+00 1.000000e+00 1.000000e-01
5.569280e+03 0.000000e+00 1.000000e+00 1.000000e-01
5.569290e+03 0.000000e+00 1.000000e+00 1.000000e-01
5.569300e+03 0.000000e+00 1.000000e+00 1.000000e-01
5.569310e+03 0.000000e+00 1.000000e+00 1.000000e-01
5.569320e+03 0.000000e+00 1.000000e+00 1.000000e-01
5.569330e+03 0.000000e+00 1.000000e+00 1.000000e-01
5.569340e+03 0.000000e+00 1.000000e+00 1.000000e-01
5.569350e+03 0.000000e+00 1.000000e+00 1.000000e-01
5.569360e+03 0.000000e+00 1.000000e+00 1.000000e-01
5.569370e+03 0.000000e+00 1.000000e+00 1.000000e-01
5.569380e+03 0.000000e+00 1.000000e+00 1.000000e-01
5.569390e+03 0.000000e+00 1.000000e+00 1.000000e-01
5.569400e+03 0.000000e+00 1.000000e+00 1.000000e-01
5.569410e+03 0.000000e+00 1.000000e+00 1.000000e-01
5.569420e+03 0.000000e+00 1.000000e+00 1.000000e-01
5.569430e+03 0.000000e+00 1.000000e+00 1.000000e-01
5.569440e+03 0.000000e+00 1.000000e+00 1.000000e-01
5.569450e+03 0.000000e+00 1.000000e+00 1.000000e-01
5.569460e+03 0.000000e+00 1.000000e+00 1.000000e-01
5.569470e+03 0.000000e+00 1.000000e+00 1.000000e-01
5.569480e+03 0.000000e+00 1.000000e+00 1.000000e-01
5.569490e+03 0.000000e+00 1.000000e+00 1.000000e-01
5.569500e+03 0.000000e+00 1.000000e+00 1.000000e-01
5.569510e+03 0.000000e+00 1.000000e+00 1.000000e-01
5.569520e+03 0.000000e+00 1.000000e+00 1.000000e-01
5.569530e+03 0.000000e+00 1.000000e+00 1.000000e-01
5.569540e+03 0.000000e+00 1.000000e+00 1.000000e-01
5.569550e+03 0.000000e+00 1.000000e+00 1.000000e-01
5.569560e+03 0.000000e+00 1.000000e+00 1.000000e-01
5.569570e+03 0.000000e+00 1.000000e+00 1.000000e-01
5.569580e+03 0.000000e+00 1.000000e+00 1.000000e-01
5.569590e+03 0.000000e+00 1.000000e+00 1.000000e-01
5.569600e+03 0.000000e+00 1.000000e+00 1.000000e-01
5.569610e+03 0.000000e+00 1.000000e+00 1.000000e-01
5.569620e+03 0.000000e+00 1.000000e+00 1.000000e-01
5.569630e+03 0.000000e+00 1.000000e+00 1.000000e-01
5.569640e+03 0.000000e+00 1.000000e+00 1.000000e-01
5.569650e+03 0.000000e+00 1.000000e+00 1.000000e-01
5.569660e+03 0.000000e+00 1.000000e+00 1.000000e-01
5.569670e+03 0.000000e+00 1.000000e+00 1.000000e-01
5.569680e+03 0.000000e+00 1.000000e+00 1.000000e-01
5.569690e+03 0.000000e+00 1.000000e+00 1.000000e-01
5.569700e+03 0.000000e+00 1.000000e+00 1.000000e-01
5.569710e+03 0.000000e+00 1.000000e+00 1.000000e-01
5.569720e+03 0.000000e+00 1.000000e+00 1.000000e-01
5.569730e+03 0.000000e+00 1.000000e+00 1.000000e-01
5.569740e+03 0.000000e+00 1.000000e+00 1.000000e-01
5.569750e+03 0.000000e+00 1.000000e+00 1.000000e-01
5.569760e+03 0.000000e+00 1.000000e+00 1.000000e-01
5.569770e+03 0.000000e+00 1.000000e+00 1.000000e-01
5.569780e+03 0.000000e+00 1.000000e+00 1.000000e-01
5.569790e+03 0.000000e+00 1.000000e+00 1.000000e-01
5.569800e+03 0.000000e+00 1.000000e+00 1.000000e-01
5.569810e+03 0.000000e+00 1.000000e+00 1.000000e-01
5.569820e+03 0.000000e+00 1.000000e+00 1.000000e-01
5.569830e+03 0.000000e+00 1.000000e+00 1.000000e-01
5.569840e+03 0.000000e+00 1.000000e+00 1.000000e-01
5.569850e+03 0.000000e+00 1.000000e+00 1.000000e-01
5.569860e+03 0.000000e+00 1.000000e+00 1.000000e-01
5.569870e+03 0.000000e+00 1.000000e+00 1.000000e-01
5.569880e+03 0.000000e+00 1.000000e+00 1.000000e-01
5.569890e+03 0.000000e+00 1.000000e+00 1.000000e-01
5.569900e+03 0.000000e+00 1.000000e+00 1.000000e-01
5.569910e+03 0.000000e+00 1.000000e+00 1.000000e-01
5.569920e+03 0.000000e+00 1.000000e+00 1.000000e-01
5.569930e+03 0.000000e+00 1.000000e+00 1.000000e-01
5.569940e+03 0.000000e+00 1.000000e+00 1.000000e-01
5.569950e+03 0.000000e+00 1.000000e+00 1.000000e-01
5.569960e+03 0.000000e+00 1.000000e+00 1.000000e-01
5.569970e+03 0.000000e+00 1.000000e+00 1.000000e-01
5.569980e+03 0.000000e+00 1.000000e+00 1.000000e-01
5.569990e+03 0.000000e+00 1.000000e+00 1.000000e-01
5.570000e+03 0.000000e+00 1.000000e+00 1.000000e-01
5.570010e+03 0.000000e+00 1.000000e+00 1.000000e-01
5.570020e+03 0.000000e+00 1.000000e+00 1.000000e-01
5.570030e+03 0.000000e+00 1.000000e+00 1.000000e-01
5.570040e+03 0.000000e+00 1.000000e+00 1.000000e-01
5.570050e+03 0.000000e+00 1.000000e+00 1.000000e-01
5.570060e+03 0.000000e+00 1.000000e+00 1.000000e-01
5.570070e+03 0.000000e+00 1.000000e+00 1.000000e-01
5.570080e+03 0.000000e+00 1.000000e+00 1.000000e-01
5.570090e+03 0.000000e+00 1.000000e+00 1.000000e-01
5.570100e+03 0.000000e+00 1.000000e+00 1.000000e-01
5.570110e+03 0.000000e+00 1.000000e+00 1.000000e-01
5.570120e+03 0.000000e+00 1.000000e+00 1.000000e-01
5.570130e+03 0.000000e+00 1.000000e+00 1.000000e-01
5.570140e+03 0.000000e+00 1.000000e+00 1.000000e-01
5.570150e+03 0.000000e+00 1.000000e+00 1.000000e-01
5.570160e+03 0.000000e+00 1.000000e+00 1.000000e-01
5.570170e+03 0.000000e+00 1.000000e+00 1.000000e-01
5.570180e+03 0.000000e+00 1.000000e+00 1.000000e-01
5.570190e+03 0.000000e+00 1.000000e+00 1.000000e-01
5.570200e+03 0.000000e+00 1.000000e+00 1.000000e-01
5.570210e+03 0.000000e+00 1.000000e+00 1.000000e-01
5.570220e+03 0.000000e+00 1.000000e+00 1.000000e-01
5.570230e+03 0.000000e+00 1.000000e+00 1.000000e-01
5.570240e+03 0.000000e+00 1.000000e+00 1.000000e-01
5.570250e+03 0.000000e+00 1.000000e+00 1.000000e-01
5.570260e+03 0.000000e+00 1.000000e+00 1.000000e-01
5.570270e+03 0.000000e+00 1.000000e+00 1.000000e-01
5.570280e+03 0.000000e+00 1.000000e+00 1.000000e-01
5.570290e+03 0.000000e+00 1.000000e+00 1.000000e-01
5.570300e+03 0.000000e+00 1.000000e+00 1.000000e-01
5.570310e+03 0.000000e+00 1.000000e+00 1.000000e-01
5.570320e+03 0.000000e+00 1.000000e+00 1.000000e-01
5.570330e+03 0.000000e+00 1.000000e+00 1.000000e-01
5.570340e+03 0.000000e+00 1.000000e+00 1.000000e-01
5.570350e+03 0.000000e+00 1.000000e+00 1.000000e-01
5.570360e+03 0.000000e+00 1.000000e+00 1.000000e-01
5.570370e+03 0.000000e+00 1.000000e+00 1.000000e-01
5.570380e+03 0.000000e+00 1.000000e+00 1.000000e-01
5.570390e+03 0.000000e+00 1.000000e+00 1.000000e-01
5.570400e+03 0.000000e+00 1.000000e+00 1.000000e-01
5.570410e+03 0.000000e+00 1.000000e+00 1.000000e-01
5.570420e+03 0.000000e+00 1.000000e+00 1.000000e-01
5.570430e+03 0.000000e+00 1.000000e+00 1.000000e-01
5.570440e+03 0.000000e+00 1.000000e+00 1.000000e-01
5.570450e+03 0.000000e+00 1.000000e+00 1.000000e-01
5.570460e+03 0.000000e+00 1.000000e+00 1.000000e-01
5.570470e+03 0.000000e+00 1.000000e+00 1.000000e-01
5.570480e+03 0.000000e+00 1.000000e+00 1.000000e-01
5.570490e+03 0.000000e+00 1.000000e+00 1.000000e-01
5.570500e+03 0.000000e+00 1.000000e+00 1.000000e-01
5.570510e+03 0.000000e+00 1.000000e+00 1.000000e-01
5.570520e+03 0.000000e+00 1.000000e+00 1.000000e-01
5.570530e+03 0.000000e+00 1.000000e+00 1.000000e-01
5.570540e+03 0.000000e+00 1.000000e+00 1.000000e-01
5.570550e+03 0.000000e+00 1.000000e+00 1.000000e-01
5.570560e+03 0.000000e+00 1.000000e+00 1.000000e-01
5.570570e+03 0.000000e+00 1.000000e+00 1.000000e-01
5.570580e+03 0.000000e+00 1.000000e+00 1.000000e-01
5.570590e+03 0.000000e+00 1.000000e+00 1.000000e-01
5.570600e+03 0.000000e+00 1.000000e+00 1.000000e-01
5.570610e+03 0.000000e+00 1.000000e+00 1.000000e-01
5.570620e+03 0.000000e+00 1.000000e+00 1.000000e-01
5.570630e+03 0.000000e+00 1.000000e+00 1.000000e-01
5.570640e+03 0.000000e+00 1.000000e+00 1.000000e-01
5.570650e+03 0.000000e+00 1.000000e+00 1.000000e-01
5.570660e+03 0.000000e+00 1.000000e+00 1.000000e-01
5.570670e+03 0.000000e+00 1.000000e+00 1.000000e-01
5.570680e+03 0.000000e+00 1.000000e+00 1.000000e-01
5.570690e+03 0.000000e+00 1.000000e+00 1.000000e-01
5.570700e+03 0.000000e+00 1.000000e+00 1.000000e-01
5.570710e+03 0.000000e+00 1.000000e+00 1.000000e-01
5.570720e+03 0.000000e+00 1.000000e+00 1.000000e-01
5.570730e+03 0.000000e+00 1.000000e+00 1.000000e-01
5.570740e+03 0.000000e+00 1.000000e+00 1.000000e-01
5.570750e+03 0.000000e+00 1.000000e+00 1.000000e-01
5.570760e+03 0.000000e+00 1.000000e+00 1.000000e-01
5.570770e+03 0.000000e+00 1.000000e+00 1.000000e-01
5.570780e+03 0.000000e+00 1.000000e+00 1.000000e-01
5.570790e+03 0.000000e+00 1.000000e+00 1.000000e-01
5.570800e+03 0.000000e+00 1.000000e+00 1.000000e-01
5.570810e+03 0.000000e+00 1.000000e+00 1.000000e-01
5.570820e+03 0.000000e+00 1.000000e+00 1.000000e-01
5.570830e+03 0.000000e+00 1.000000e+00 1.000000e-01
5.570840e+03 0.000000e+00 1.000000e+00 1.000000e-01
5.570850e+03 0.000000e+00 1.000000e+00 1.000000e-01
5.570860e+03 0.000000e+00 1.000000e+00 1.000000e-01
5.570870e+03 0.000000e+00 1.000000e+00 1.000000e-01
5.570880e+03 0.000000e+00 1.000000e+00 1.000000e-01
5.570890e+03 0.000000e+00 1.000000e+00 1.000000e-01
5.570900e+03 0.000000e+00 1.000000e+00 1.000000e-01
5.570910e+03 0.000000e+00 1.000000e+00 1.000000e-01
5.570920e+03 0.000000e+00 1.000000e+00 1.000000e-01
5.570930e+03 0.000000e+00 1.000000e+00 1.000000e-01
5.570940e+03 0.000000e+00 1.000000e+00 1.000000e-01
5.570950e+03 0.000000e+00 1.000000e+00 1.000000e-01
5.570960e+03 0.000000e+00 1.000000e+00 1.000000e-01
5.570970e+03 0.000000e+00 1.000000e+00 1.000000e-01
5.570980e+03 0.000000e+00 1.000000e+00 1.000000e-01
5.570990e+03 0.000000e+00 1.000000e+00 1.000000e-01
5.571000e+03 0.000000e+00 1.000000e+00 1.000000e-01
5.571010e+03 0.000000e+00 1.000000e+00 1.000000e-01
5.571020e+03 0.000000e+00 1.000000e+00 1.000000e-01
5.571030e+03 0.000000e+00 1.000000e+00 1.000000e-01
5.571040e+03 0.000000e+00 1.000000e+00 1.000000e-01
5.571050e+03 0.000000e+00 1.000000e+00 1.000000e-01
5.571060e+03 0.000000e+00 1.000000e+00 1.000000e-01
5.571070e+03 0.000000e+00 1.000000e+00 1.000000e-01
5.571080e+03 0.000000e+00 1.000000e+00 1.000000e-01
5.571090e+03 0.000000e+00 1.000000e+00 1.000000e-01
5.571100e+03 0.000000e+00 1.000000e+00 1.000000e-01
5.571110e+03 0.000000e+00 1.000000e+00 1.000000e-01
5.571120e+03 0.000000e+00 1.000000e+00 1.000000e-01
5.571130e+03 0.000000e+00 1.000000e+00 1.000000e-01
5.571140e+03 0.000000e+00 1.000000e+00 1.000000e-01
5.571150e+03 0.000000e+00 1.000000e+00 1.000000e-01
5.571160e+03 0.000000e+00 1.000000e+00 1.000000e-01
5.571170e+03 0.000000e+00 1.000000e+00 1.000000e-01
5.571180e+03 0.000000e+00 1.000000e+00 1.000000e-01
5.571190e+03 0.000000e+00 1.000000e+00 1.000000e-01
5.571200e+03 0.000000e+00 1.000000e+00 1.000000e-01
5.571210e+03 0.000000e+00 1.000000e+00 1.000000e-01
5.571220e+03 0.000000e+00 1.000000e+00 1.000000e-01
5.571230e+03 0.000000e+00 1.000000e+00 1.000000e-01
5.571240e+03 0.000000e+00 1.000000e+00 1.000000e-01
5.571250e+03 0.000000e+00 1.000000e+00 1.000000e-01
5.571260e+03 0.000000e+00 1.000000e+00 1.000000e-01
5.571270e+03 0.000000e+00 1.000000e+00 1.000000e-01
5.571280e+03 0.000000e+00 1.000000e+00 1.000000e-01
5.571290e+03 0.000000e+00 1.000000e+00 1.000000e-01
5.571300e+03 0.000000e+00 1.000000e+00 1.000000e-01
5.571310e+03 0.000000e+00 1.000000e+00 1.000000e-01
5.571320e+03 0.000000e+00 1.000000e+00 1.000000e-01
5.571330e+03 0.000000e+00 1.000000e+00 1.000000e-01
5.571340e+03 0.000000e+00 1.000000e+00 1.000000e-01
5.571350e+03 0.000000e+00 1.000000e+00 1.000000e-01
5.571360e+03 0.000000e+00 1.000000e+00 1.000000e-01
5.571370e+03 0.000000e+00 1.000000e+00 1.000000e-01
5.571380e+03 0.000000e+00 1.000000e+00 1.000000e-01
5.571390e+03 0.000000e+00 1.000000e+00 1.000000e-01
5.571400e+03 0.000000e+00 1.000000e+00 1.000000e-01
5.571410e+03 0.000000e+00 1.000000e+00 1.000000e-01
5.571420e+03 0.000000e+00 1.000000e+00 1.000000e-01
5.571430e+03 0.000000e+00 1.000000e+00 1.000000e-01
5.571440e+03 0.000000e+00 1.000000e+00 1.000000e-01
5.571450e+03 0.000000e+00 1.000000e+00 1.000000e-01
5.571460e+03 0.000000e+00 1.000000e+00 1.000000e-01
5.571470e+03 0.000000e+00 1.000000e+00 1.000000e-01
5.571480e+03 0.000000e+00 1.000000e+00 1.000000e-01
5.571490e+03 0.000000e+00 1.000000e+00 1.000000e-01
5.571500e+03 0.000000e+00 1.000000e+00 1.000000e-01
5.571510e+03 0.000000e+00 1.000000e+00 1.000000e-01
5.571520e+03 0.000000e+00 1.000000e+00 1.000000e-01
5.571530e+03 0.000000e+00 1.000000e+00 1.000000e-01
5.571540e+03 0.000000e+00 1.000000e+00 1.000000e-01
5.571550e+03 0.000000e+00 1.000000e+00 1.000000e-01
5.571560e+03 0.000000e+00 1.000000e+00 1.000000e-01
5.571570e+03 0.000000e+00 1.000000e+00 1.000000e-01
5.571580e+03 0.000000e+00 1.000000e+00 1.000000e-01
5.571590e+03 0.000000e+00 1.000000e+00 1.000000e-01
5.571600e+03 0.000000e+00 1.000000e+00 1.000000e-01
5.571610e+03 0.000000e+00 1.000000e+00 1.000000e-01
5.571620e+03 0.000000e+00 1.000000e+00 1.000000e-01
5.571630e+03 0.000000e+00 1.000000e+00 1.000000e-01
5.571640e+03 0.000000e+00 1.000000e+00 1.000000e-01
5.571650e+03 0.000000e+00 1.000000e+00 1.000000e-01
5.571660e+03 0.000000e+00 1.000000e+00 1.000000e-01
5.571670e+03 0.000000e+00 1.000000e+00 1.000000e-01
5.571680e+03 0.000000e+00 1.000000e+00 1.000000e-01
5.571690e+03 0.000000e+00 1.000000e+00 1.000000e-01
5.571700e+03 0.000000e+00 1.000000e+00 1.000000e-01
5.571710e+03 0.000000e+00 1.000000e+00 1.000000e-01
5.571720e+03 0.000000e+00 1.000000e+00 1.000000e-01
5.571730e+03 0.000000e+00 1.000000e+00 1.000000e-01
5.571740e+03 0.000000e+00 1.000000e+00 1.000000e-01
5.571750e+03 0.000000e+00 1.000000e+00 1.000000e-01
5.571760e+03 0.000000e+00 1.000000e+00 1.000000e-01
5.571770e+03 0.000000e+00 1.000000e+00 1.000000e-01
5.571780e+03 0.000000e+00 1.000000e+00 1.000000e-01
5.571790e+03 0.000000e+00 1.000000e+00 1.000000e-01
5.571800e+03 0.000000e+00 1.000000e+00 1.000000e-01
5.571810e+03 0.000000e+00 1.000000e+00 1.000000e-01
5.571820e+03 0.000000e+00 1.000000e+00 1.000000e-01
5.571830e+03 0.000000e+00 1.000000e+00 1.000000e-01
5.571840e+03 0.000000e+00 1.000000e+00 1.000000e-01
5.571850e+03 0.000000e+00 1.000000e+00 1.000000e-01
5.571860e+03 0.000000e+00 1.000000e+00 1.000000e-01
5.571870e+03 0.000000e+00 1.000000e+00 1.000000e-01
5.571880e+03 0.000000e+00 1.000000e+00 1.000000e-01
5.571890e+03 0.000000e+00 1.000000e+00 1.000000e-01
5.571900e+03 0.000000e+00 1.000000e+00 1.000000e-01
5.571910e+03 0.000000e+00 1.000000e+00 1.000000e-01
5.571920e+03 0.000000e+00 1.000000e+00 1.000000e-01
5.571930e+03 0.000000e+00 1.000000e+00 1.000000e-01
5.571940e+03 0.000000e+00 1.000000e+00 1.000000e-01
5.571950e+03 0.000000e+00 1.000000e+00 1.000000e-01
5.571960e+03 0.000000e+00 1.000000e+00 1.000000e-01
5.571970e+03 0.000000e+00 1.000000e+00 1.000000e-01
5.571980e+03 0.000000e+00 1.000000e+00 1.000000e-01
5.571990e+03 0.000000e+00 1.000000e+00 1.000000e-01
5.572000e+03 0.000000e+00 1.000000e+00 1.000000e-01
5.572010e+03 0.000000e+00 1.000000e+00 1.000000e-01
5.572020e+03 0.000000e+00 1.000000e+00 1.000000e-01
5.572030e+03 0.000000e+00 1.000000e+00 1.000000e-01
5.572040e+03 0.000000e+00 1.000000e+00 1.000000e-01
5.572050e+03 0.000000e+00 1.000000e+00 1.000000e-01
5.572060e+03 0.000000e+00 1.000000e+00 1.000000e-01
5.572070e+03 0.000000e+00 1.000000e+00 1.000000e-01
5.572080e+03 0.000000e+00 1.000000e+00 1.000000e-01
5.572090e+03 0.000000e+00 1.000000e+00 1.000000e-01
5.572100e+03 0.000000e+00 1.000000e+00 1.000000e-01
5.572110e+03 0.000000e+00 1.000000e+00 1.000000e-01
5.572120e+03 0.000000e+00 1.000000e+00 1.000000e-01
5.572130e+03 0.000000e+00 1.000000e+00 1.000000e-01
5.572140e+03 0.000000e+00 1.000000e+00 1.000000e-01
5.572150e+03 0.000000e+00 1.000000e+00 1.000000e-01
5.572160e+03 0.000000e+00 1.000000e+00 1.000000e-01
5.572170e+03 0.000000e+00 1.000000e+00 1.000000e-01
5.572180e+03 0.000000e+00 1.000000e+00 1.000000e-01
5.572190e+03 0.000000e+00 1.000000e+00 1.000000e-01
5.572200e+03 0.000000e+00 1.000000e+00 1.000000e-01
5.572210e+03 0.000000e+00 1.000000e+00 1.000000e-01
5.572220e+03 0.000000e+00 1.000000e+00 1.000000e-01
5.572230e+03 0.000000e+00 1.000000e+00 1.000000e-01
5.572240e+03 0.000000e+00 1.000000e+00 1.000000e-01
5.572250e+03 0.000000e+00 1.000000e+00 1.000000e-01
5.572260e+03 0.000000e+00 1.000000e+00 1.000000e-01
5.572270e+03 0.000000e+00 1.000000e+00 1.000000e-01
5.572280e+03 0.000000e+00 1.000000e+00 1.000000e-01
5.572290e+03 0.000000e+00 1.000000e+00 1.000000e-01
5.572300e+03 0.000000e+00 1.000000e+00 1.000000e-01
5.572310e+03 0.000000e+00 1.000000e+00 1.000000e-01
5.572320e+03 0.000000e+00 1.000000e+00 1.000000e-01
5.572330e+03 0.000000e+00 1.000000e+00 1.000000e-01
5.572340e+03 0.000000e+00 1.000000e+00 1.000000e-01
5.572350e+03 0.000000e+00 1.000000e+00 1.000000e-01
5.572360e+03 0.000000e+00 1.000000e+00 1.000000e-01
5.572370e+03 0.000000e+00 1.000000e+00 1.000000e-01
5.572380e+03 0.000000e+00 1.000000e+00 1.000000e-01
5.572390e+03 0.000000e+00 1.000000e+00 1.000000e-01
5.572400e+03 0.000000e+00 1.000000e+00 1.000000e-01
5.572410e+03 0.000000e+00 1.000000e+00 1.000000e-01
5.572420e+03 0.000000e+00 1.000000e+00 1.000000e-01
5.572430e+03 0.000000e+00 1.000000e+00 1.000000e-01
5.572440e+03 0.000000e+00 1.000000e+00 1.000000e-01
5.572450e+03 0.000000e+00 1.000000e+00 1.000000e-01
5.572460e+03 0.000000e+00 1.000000e+00 1.000000e-01
5.572470e+03 0.000000e+00 1.000000e+00 1.000000e-01
5.572480e+03 0.000000e+00 1.000000e+00 1.000000e-01
5.572490e+03 0.000000e+00 1.000000e+00 1.000000e-01
5.572500e+03 0.000000e+00 1.000000e+00 1.000000e-01
5.572510e+03 0.000000e+00 1.000000e+00 1.000000e-01
5.572520e+03 0.000000e+00 1.000000e+00 1.000000e-01
5.572530e+03 0.000000e+00 1.000000e+00 1.000000e-01
5.572540e+03 0.000000e+00 1.000000e+00 1.000000e-01
5.572550e+03 0.000000e+00 1.000000e+00 1.000000e-01
5.572560e+03 0.000000e+00 1.000000e+00 1.000000e-01
5.572570e+03 0.000000e+00 1.000000e+00 1.000000e-01
5.572580e+03 0.000000e+00 1.000000e+00 1.000000e-01
5.572590e+03 0.000000e+00 1.000000e+00 1.000000e-01
5.572600e+03 0.000000e+00 1.000000e+00 1.000000e-01
5.572610e+03 0.000000e+00 1.000000e+00 1.000000e-01
5.572620e+03 0.000000e+00 1.000000e+00 1.000000e-01
5.572630e+03 0.000000e+00 1.000000e+00 1.000000e-01
5.572640e+03 0.000000e+00 1.000000e+00 1.000000e-01
5.572650e+03 0.000000e+00 1.000000e+00 1.000000e-01
5.572660e+03 0.000000e+00 1.000000e+00 1.000000e-01
5.572670e+03 0.000000e+00 1.000000e+00 1.000000e-01
5.572680e+03 0.000000e+00 1.000000e+00 1.000000e-01
5.572690e+03 0.000000e+00 1.000000e+00 1.000000e-01
5.572700e+03 0.000000e+00 1.000000e+00 1.000000e-01
5.572710e+03 0.000000e+00 1.000000e+00 1.000000e-01
5.572720e+03 0.000000e+00 1.000000e+00 1.000000e-01
5.572730e+03 0.000000e+00 1.000000e+00 1.000000e-01
5.572740e+03 0.000000e+00 1.000000e+00 1.000000e-01
5.572750e+03 0.000000e+00 1.000000e+00 1.000000e-01
5.572760e+03 0.000000e+00 1.000000e+00 1.000000e-01
5.572770e+03 0.000000e+00 1.000000e+00 1.000000e-01
5.572780e+03 0.000000e+00 1.000000e+00 1.000000e-01
5.572790e+03 0.000000e+00 1.000000e+00 1.000000e-01
5.572800e+03 0.000000e+00 1.000000e+00 1.000000e-01
5.572810e+03 0.000000e+00 1.000000e+00 1.000000e-01
5.572820e+03 0.000000e+00 1.000000e+00 1.000000e-01
5.572830e+03 0.000000e+00 1.000000e+00 1.000000e-01
5.572840e+03 0.000000e+00 1.000000e+00 1.000000e-01
5.572850e+03 0.000000e+00 1.000000e+00 1.000000e-01
5.572860e+03 0.000000e+00 1.000000e+00 1.000000e-01
5.572870e+03 0.000000e+00 1.000000e+00 1.000000e-01
5.572880e+03 0.000000e+00 1.000000e+00 1.000000e-01
5.572890e+03 0.000000e+00 1.000000e+00 1.000000e-01
5.572900e+03 0.000000e+00 1.000000e+00 1.000000e-01
5.572910e+03 0.000000e+00 1.000000e+00 1.000000e-01
5.572920e+03 0.000000e+00 1.000000e+00 1.000000e-01
5.572930e+03 0.000000e+00 1.000000e+00 1.000000e-01
5.572940e+03 0.000000e+00 1.000000e+00 1.000000e-01
5.572950e+03 0.000000e+00 1.000000e+00 1.000000e-01
5.572960e+03 0.000000e+00 1.000000e+00 1.000000e-01
5.572970e+03 0.000000e+00 1.000000e+00 1.000000e-01
5.572980e+03 0.000000e+00 1.000000e+00 1.000000e-01
5.572990e+03 0.000000e+00 1.000000e+00 1.000000e-01
5.573000e+03 0.000000e+00 1.000000e+00 1.000000e-01
5.573010e+03 0.000000e+00 1.000000e+00 1.000000e-01
5.573020e+03 0.000000e+00 1.000000e+00 1.000000e-01
5.573030e+03 0.000000e+00 1.000000e+00 1.000000e-01
5.573040e+03 0.000000e+00 1.000000e+00 1.000000e-01
5.573050e+03 0.000000e+00 1.000000e+00 1.000000e-01
5.573060e+03 0.000000e+00 1.000000e+00 1.000000e-01
5.573070e+03 0.000000e+00 1.000000e+00 1.000000e-01
5.573080e+03 0.000000e+00 1.000000e+00 1.000000e-01
5.573090e+03 0.000000e+00 1.000000e+00 1.000000e-01
5.573100e+03 0.000000e+00 1.000000e+00 1.000000e-01
5.573110e+03 0.000000e+00 1.000000e+00 1.000000e-01
5.573120e+03 0.000000e+00 1.000000e+00 1.000000e-01
5.573130e+03 0.000000e+00 1.000000e+00 1.000000e-01
5.573140e+03 0.000000e+00 1.000000e+00 1.000000e-01
5.573150e+03 0.000000e+00 1.000000e+00 1.000000e-01
5.573160e+03 0.000000e+00 1.000000e+00 1.000000e-01
5.573170e+03 0.000000e+00 1.000000e+00 1.000000e-01
5.573180e+03 0.000000e+00 1.000000e+00 1.000000e-01
5.573190e+03 0.000000e+00 1.000000e+00 1.000000e-01
5.573200e+03 0.000000e+00 1.000000e+00 1.000000e-01
5.573210e+03 0.000000e+00 1.000000e+00 1.000000e-01
5.573220e+03 0.000000e+00 1.000000e+00 1.000000e-01
5.573230e+03 0.000000e+00 1.000000e+00 1.000000e-01
5.573240e+03 0.000000e+00 1.000000e+00 1.000000e-01
5.573250e+03 0.000000e+00 1.000000e+00 1.000000e-01
5.573260e+03 0.000000e+00 1.000000e+00 1.000000e-01
5.573270e+03 0.000000e+00 1.000000e+00 1.000000e-01
5.573280e+03 0.000000e+00 1.000000e+00 1.000000e-01
5.573290e+03 0.000000e+00 1.000000e+00 1.000000e-01
5.573300e+03 0.000000e+00 1.000000e+00 1.000000e-01
5.573310e+03 0.000000e+00 1.000000e+00 1.000000e-01
5.573320e+03 0.000000e+00 1.000000e+00 1.000000e-01
5.573330e+03 0.000000e+00 1.000000e+00 1.000000e-01
5.573340e+03 0.000000e+00 1.000000e+00 1.000000e-01
5.573350e+03 0.000000e+00 1.000000e+00 1.000000e-01
5.573360e+03 0.000000e+00 1.000000e+00 1.000000e-01
5.573370e+03 0.000000e+00 1.000000e+00 1.000000e-01
5.573380e+03 0.000000e+00 1.000000e+00 1.000000e-01
5.573390e+03 0.000000e+00 1.000000e+00 1.000000e-01
5.573400e+03 0.000000e+00 1.000000e+00 1.000000e-01
5.573410e+03 0.000000e+00 1.000000e+00 1.000000e-01
5.573420e+03 0.000000e+00 1.000000e+00 1.000000e-01
5.573430e+03 0.000000e+00 1.000000e+00 1.000000e-01
5.573440e+03 0.000000e+00 1.000000e+00 1.000000e-01
5.573450e+03 0.000000e+00 1.000000e+00 1.000000e-01
5.573460e+03 0.000000e+00 1.000000e+00 1.000000e-01
5.573470e+03 0.000000e+00 1.000000e+00 1.000000e-01
5.573480e+03 0.000000e+00 1.000000e+00 1.000000e-01
5.573490e+03 0.000000e+00 1.000000e+00 1.000000e-01
5.573500e+03 0.000000e+00 1.000000e+00 1.000000e-01
5.573510e+03 0.000000e+00 1.000000e+00 1.000000e-01
5.573520e+03 0.000000e+00 1.000000e+00 1.000000e-01
5.573530e+03 0.000000e+00 1.000000e+00 1.000000e-01
5.573540e+03 0.000000e+00 1.000000e+00 1.000000e-01
5.573550e+03 0.000000e+00 1.000000e+00 1.000000e-01
5.573560e+03 0.000000e+00 1.000000e+00 1.000000e-01
5.573570e+03 0.000000e+00 1.000000e+00 1.000000e-01
5.573580e+03 0.000000e+00 1.000000e+00 1.000000e-01
5.573590e+03 0.000000e+00 1.000000e+00 1.000000e-01
5.573600e+03 0.000000e+00 1.000000e+00 1.000000e-01
5.573610e+03 0.000000e+00 1.000000e+00 1.000000e-01
5.573620e+03 0.000000e+00 1.000000e+00 1.000000e-01
5.573630e+03 0.000000e+00 1.000000e+00 1.000000e-01
5.573640e+03 0.000000e+00 1.000000e+00 1.000000e-01
5.573650e+03 0.000000e+00 1.000000e+00 1.000000e-01
5.573660e+03 0.000000e+00 1.000000e+00 1.000000e-01
5.573670e+03 0.000000e+00 1.000000e+00 1.000000e-01
5.573680e+03 0.000000e+00 1.000000e+00 1.000000e-01
5.573690e+03 0.000000e+00 1.000000e+00 1.000000e-01
5.573700e+03 0.000000e+00 1.000000e+00 1.000000e-01
5.573710e+03 0.000000e+00 1.000000e+00 1.000000e-01
5.573720e+03 0.000000e+00 1.000000e+00 1.000000e-01
5.573730e+03 0.000000e+00 1.000000e+00 1.000000e-01
5.573740e+03 0.000000e+00 1.000000e+00 1.000000e-01
5.573750e+03 0.000000e+00 1.000000e+00 1.000000e-01
5.573760e+03 0.000000e+00 1.000000e+00 1.000000e-01
5.573770e+03 0.000000e+00 1.000000e+00 1.000000e-01
5.573780e+03 0.000000e+00 1.000000e+00 1.000000e-01
5.573790e+03 0.000000e+00 1.000000e+00 1.000000e-01
5.573800e+03 0.000000e+00 1.000000e+00 1.000000e-01
5.573810e+03 0.000000e+00 1.000000e+00 1.000000e-01
5.573820e+03 0.000000e+00 1.000000e+00 1.000000e-01
5.573830e+03 0.000000e+00 1.000000e+00 1.000000e-01
5.573840e+03 0.000000e+00 1.000000e+00 1.000000e-01
5.573850e+03 0.000000e+00 1.000000e+00 1.000000e-01
5.573860e+03 0.000000e+00 1.000000e+00 1.000000e-01
5.573870e+03 0.000000e+00 1.000000e+00 1.000000e-01
5.573880e+03 0.000000e+00 1.000000e+00 1.000000e-01
5.573890e+03 0.000000e+00 1.000000e+00 1.000000e-01
5.573900e+03 0.000000e+00 1.000000e+00 1.000000e-01
5.573910e+03 0.000000e+00 1.000000e+00 1.000000e-01
5.573920e+03 0.000000e+00 1.000000e+00 1.000000e-01
5.573930e+03 0.000000e+00 1.000000e+00 1.000000e-01
5.573940e+03 0.000000e+00 1.000000e+00 1.000000e-01
5.573950e+03 0.000000e+00 1.000000e+00 1.000000e-01
5.573960e+03 0.000000e+00 1.000000e+00 1.000000e-01
5.573970e+03 0.000000e+00 1.000000e+00 1.000000e-01
5.573980e+03 0.000000e+00 1.000000e+00 1.000000e-01
5.573990e+03 0.000000e+00 1.000000e+00 1.000000e-01
5.574000e+03 0.000000e+00 1.000000e+00 1.000000e-01
5.574010e+03 0.000000e+00 1.000000e+00 1.000000e-01
5.574020e+03 0.000000e+00 1.000000e+00 1.000000e-01
5.574030e+03 0.000000e+00 1.000000e+00 1.000000e-01
5.574040e+03 0.000000e+00 1.000000e+00 1.000000e-01
5.574050e+03 0.000000e+00 1.000000e+00 1.000000e-01
5.574060e+03 0.000000e+00 1.000000e+00 1.000000e-01
5.574070e+03 0.000000e+00 1.000000e+00 1.000000e-01
5.574080e+03 0.000000e+00 1.000000e+00 1.000000e-01
5.574090e+03 0.000000e+00 1.000000e+00 1.000000e-01
5.574100e+03 0.000000e+00 1.000000e+00 1.000000e-01
5.574110e+03 0.000000e+00 1.000000e+00 1.000000e-01
5.574120e+03 0.000000e+00 1.000000e+00 1.000000e-01
5.574130e+03 0.000000e+00 1.000000e+00 1.000000e-01
5.574140e+03 0.000000e+00 1.000000e+00 1.000000e-01
5.574150e+03 0.000000e+00 1.000000e+00 1.000000e-01
5.574160e+03 0.000000e+00 1.000000e+00 1.000000e-01
5.574170e+03 0.000000e+00 1.000000e+00 1.000000e-01
5.574180e+03 0.000000e+00 1.000000e+00 1.000000e-01
5.574190e+03 0.000000e+00 1.000000e+00 1.000000e-01
5.574200e+03 0.000000e+00 1.000000e+00 1.000000e-01
5.574210e+03 0.000000e+00 1.000000e+00 1.000000e-01
5.574220e+03 0.000000e+00 1.000000e+00 1.000000e-01
5.574230e+03 0.000000e+00 1.000000e+00 1.000000e-01
5.574240e+03 0.000000e+00 1.000000e+00 1.000000e-01
5.574250e+03 0.000000e+00 1.000000e+00 1.000000e-01
5.574260e+03 0.000000e+00 1.000000e+00 1.000000e-01
5.574270e+03 0.000000e+00 1.000000e+00 1.000000e-01
5.574280e+03 0.000000e+00 1.000000e+00 1.000000e-01
5.574290e+03 0.000000e+00 1.000000e+00 1.000000e-01
5.574300e+03 0.000000e+00 1.000000e+00 1.000000e-01
5.574310e+03 0.000000e+00 1.000000e+00 1.000000e-01
5.574320e+03 0.000000e+00 1.000000e+00 1.000000e-01
5.574330e+03 0.000000e+00 1.000000e+00 1.000000e-01
5.574340e+03 0.000000e+00 1.000000e+00 1.000000e-01
5.574350e+03 0.000000e+00 1.000000e+00 1.000000e-01
5.574360e+03 0.000000e+00 1.000000e+00 1.000000e-01
5.574370e+03 0.000000e+00 1.000000e+00 1.000000e-01
5.574380e+03 0.000000e+00 1.000000e+00 1.000000e-01
5.574390e+03 0.000000e+00 1.000000e+00 1.000000e-01
5.574400e+03 0.000000e+00 1.000000e+00 1.000000e-01
5.574410e+03 0.000000e+00 1.000000e+00 1.000000e-01
5.574420e+03 0.000000e+00 1.000000e+00 1.000000e-01
5.574430e+03 0.000000e+00 1.000000e+00 1.000000e-01
5.574440e+03 0.000000e+00 1.000000e+00 1.000000e-01
5.574450e+03 0.000000e+00 1.000000e+00 1.000000e-01
5.574460e+03 0.000000e+00 1.000000e+00 1.000000e-01
5.574470e+03 0.000000e+00 1.000000e+00 1.000000e-01
5.574480e+03 0.000000e+00 1.000000e+00 1.000000e-01
5.574490e+03 0.000000e+00 1.000000e+00 1.000000e-01
5.574500e+03 0.000000e+00 1.000000e+00 1.000000e-01
5.574510e+03 0.000000e+00 1.000000e+00 1.000000e-01
5.574520e+03 0.000000e+00 1.000000e+00 1.000000e-01
5.574530e+03 0.000000e+00 1.000000e+00 1.000000e-01
5.574540e+03 0.000000e+00 1.000000e+00 1.000000e-01
5.574550e+03 0.000000e+00 1.000000e+00 1.000000e-01
5.574560e+03 0.000000e+00 1.000000e+00 1.000000e-01
5.574570e+03 0.000000e+00 1.000000e+00 1.000000e-01
5.574580e+03 0.000000e+00 1.000000e+00 1.000000e-01
5.574590e+03 0.000000e+00 1.000000e+00 1.000000e-01
5.574600e+03 0.000000e+00 1.000000e+00 1.000000e-01
5.574610e+03 0.000000e+00 1.000000e+00 1.000000e-01
5.574620e+03 0.000000e+00 1.000000e+00 1.000000e-01
5.574630e+03 0.000000e+00 1.000000e+00 1.000000e-01
5.574640e+03 0.000000e+00 1.000000e+00 1.000000e-01
5.574650e+03 0.000000e+00 1.000000e+00 1.000000e-01
5.574660e+03 0.000000e+00 1.000000e+00 1.000000e-01
5.574670e+03 0.000000e+00 1.000000e+00 1.000000e-01
5.574680e+03 0.000000e+00 1.000000e+00 1.000000e-01
5.574690e+03 0.000000e+00 1.000000e+00 1.000000e-01
5.574700e+03 0.000000e+00 1.000000e+00 1.000000e-01
5.574710e+03 0.000000e+00 1.000000e+00 1.000000e-01
5.574720e+03 0.000000e+00 1.000000e+00 1.000000e-01
5.574730e+03 0.000000e+00 1.000000e+00 1.000000e-01
5.574740e+03 0.000000e+00 1.000000e+00 1.000000e-01
5.574750e+03 0.000000e+00 1.000000e+00 1.000000e-01
5.574760e+03 0.000000e+00 1.000000e+00 1.000000e-01
5.574770e+03 0.000000e+00 1.000000e+00 1.000000e-01
5.574780e+03 0.000000e+00 1.000000e+00 1.000000e-01
5.574790e+03 0.000000e+00 1.000000e+00 1.000000e-01
5.574800e+03 0.000000e+00 1.000000e+00 1.000000e-01
5.574810e+03 0.000000e+00 1.000000e+00 1.000000e-01
5.574820e+03 0.000000e+00 1.000000e+00 1.000000e-01
5.574830e+03 0.000000e+00 1.000000e+00 1.000000e-01
5.574840e+03 0.000000e+00 1.000000e+00 1.000000e-01
5.574850e+03 0.000000e+00 1.000000e+00 1.000000e-01
5.574860e+03 0.000000e+00 1.000000e+00 1.000000e-01
5.574870e+03 0.000000e+00 1.000000e+00 1.000000e-01
5.574880e+03 0.000000e+00 1.000000e+00 1.000000e-01
5.574890e+03 0.000000e+00 1.000000e+00 1.000000e-01
5.574900e+03 0.000000e+00 1.000000e+00 1.000000e-01
5.574910e+03 0.000000e+00 1.000000e+00 1.000000e-01
5.574920e+03 0.000000e+00 1.000000e+00 1.000000e-01
5.574930e+03 0.000000e+00 1.000000e+00 1.000000e-01
5.574940e+03 0.000000e+00 1.000000e+00 1.000000e-01
5.574950e+03 0.000000e+00 1.000000e+00 1.000000e-01
5.574960e+03 0.000000e+00 1.000000e+00 1.000000e-01
5.574970e+03 0.000000e+00 1.000000e+00 1.000000e-01
5.574980e+03 0.000000e+00 1.000000e+00 1.000000e-01
5.574990e+03 0.000000e+00 1.000000e+00 1.000000e-01
5.575000e+03 0.000000e+00 1.000000e+00 1.000000e-01
5.575010e+03 0.000000e+00 1.000000e+00 1.000000e-01
5.575020e+03 0.000000e+00 1.000000e+00 1.000000e-01
5.575030e+03 0.000000e+00 1.000000e+00 1.000000e-01
5.575040e+03 0.000000e+00 1.000000e+00 1.000000e-01
5.575050e+03 0.000000e+00 1.000000e+00 1.000000e-01
5.575060e+03 0.000000e+00 1.000000e+00 1.000000e-01
5.575070e+03 0.000000e+00 1.000000e+00 1.000000e-01
5.575080e+03 0.000000e+00 1.000000e+00 1.000000e-01
5.575090e+03 0.000000e+00 1.000000e+00 1.000000e-01
5.575100e+03 0.000000e+00 1.000000e+00 1.000000e-01
5.575110e+03 0.000000e+00 1.000000e+00 1.000000e-01
5.575120e+03 0.000000e+00 1.000000e+00 1.000000e-01
5.575130e+03 0.000000e+00 1.000000e+00 1.000000e-01
5.575140e+03 0.000000e+00 1.000000e+00 1.000000e-01
5.575150e+03 0.000000e+00 1.000000e+00 1.000000e-01
5.575160e+03 0.000000e+00 1.000000e+00 1.000000e-01
5.575170e+03 0.000000e+00 1.000000e+00 1.000000e-01
5.575180e+03 0.000000e+00 1.000000e+00 1.000000e-01
5.575190e+03 0.000000e+00 1.000000e+00 1.000000e-01
5.575200e+03 0.000000e+00 1.000000e+00 1.000000e-01
5.575210e+03 0.000000e+00 1.000000e+00 1.000000e-01
5.575220e+03 0.000000e+00 1.000000e+00 1.000000e-01
5.575230e+03 0.000000e+00 1.000000e+00 1.000000e-01
5.575240e+03 0.000000e+00 1.000000e+00 1.000000e-01
5.575250e+03 0.000000e+00 1.000000e+00 1.000000e-01
5.575260e+03 0.000000e+00 1.000000e+00 1.000000e-01
5.575270e+03 0.000000e+00 1.000000e+00 1.000000e-01
5.575280e+03 0.000000e+00 1.000000e+00 1.000000e-01
5.575290e+03 0.000000e+00 1.000000e+00 1.000000e-01
5.575300e+03 0.000000e+00 1.000000e+00 1.000000e-01
5.575310e+03 0.000000e+00 1.000000e+00 1.000000e-01
5.575320e+03 0.000000e+00 1.000000e+00 1.000000e-01
5.575330e+03 0.000000e+00 1.000000e+00 1.000000e-01
5.575340e+03 0.000000e+00 1.000000e+00 1.000000e-01
5.575350e+03 0.000000e+00 1.000000e+00 1.000000e-01
5.575360e+03 0.000000e+00 1.000000e+00 1.000000e-01
5.575370e+03 0.000000e+00 1.000000e+00 1.000000e-01
5.575380e+03 0.000000e+00 1.000000e+00 1.000000e-01
5.575390e+03 0.000000e+00 1.000000e+00 1.000000e-01
5.575400e+03 0.000000e+00 1.000000e+00 1.000000e-01
5.575410e+03 0.000000e+00 1.000000e+00 1.000000e-01
5.575420e+03 0.000000e+00 1.000000e+00 1.000000e-01
5.575430e+03 0.000000e+00 1.000000e+00 1.000000e-01
5.575440e+03 0.000000e+00 1.000000e+00 1.000000e-01
5.575450e+03 0.000000e+00 1.000000e+00 1.000000e-01
5.575460e+03 0.000000e+00 1.000000e+00 1.000000e-01
5.575470e+03 0.000000e+00 1.000000e+00 1.000000e-01
5.575480e+03 0.000000e+00 1.000000e+00 1.000000e-01
5.575490e+03 0.000000e+00 1.000000e+00 1.000000e-01
5.575500e+03 0.000000e+00 1.000000e+00 1.000000e-01
5.575510e+03 0.000000e+00 1.000000e+00 1.000000e-01
5.575520e+03 0.000000e+00 1.000000e+00 1.000000e-01
5.575530e+03 0.000000e+00 1.000000e+00 1.000000e-01
5.575540e+03 0.000000e+00 1.000000e+00 1.000000e-01
5.575550e+03 0.000000e+00 1.000000e+00 1.000000e-01
5.575560e+03 0.000000e+00 1.000000e+00 1.000000e-01
5.575570e+03 0.000000e+00 1.000000e+00 1.000000e-01
5.575580e+03 0.000000e+00 1.000000e+00 1.000000e-01
5.575590e+03 0.000000e+00 1.000000e+00 1.000000e-01
5.575600e+03 0.000000e+00 1.000000e+00 1.000000e-01
5.575610e+03 0.000000e+00 1.000000e+00 1.000000e-01
5.575620e+03 0.000000e+00 1.000000e+00 1.000000e-01
5.575630e+03 0.000000e+00 1.000000e+00 1.000000e-01
5.575640e+03 0.000000e+00 1.000000e+00 1.000000e-01
5.575650e+03 0.000000e+00 1.000000e+00 1.000000e-01
5.575660e+03 0.000000e+00 1.000000e+00 1.000000e-01
5.575670e+03 0.000000e+00 1.000000e+00 1.000000e-01
5.575680e+03 0.000000e+00 1.000000e+00 1.000000e-01
5.575690e+03 0.000000e+00 1.000000e+00 1.000000e-01
5.575700e+03 0.000000e+00 1.000000e+00 1.000000e-01
5.575710e+03 0.000000e+00 1.000000e+00 1.000000e-01
5.575720e+03 0.000000e+00 1.000000e+00 1.000000e-01
5.575730e+03 0.000000e+00 1.000000e+00 1.000000e-01
5.575740e+03 0.000000e+00 1.000000e+00 1.000000e-01
5.575750e+03 0.000000e+00 1.000000e+00 1.000000e-01
5.575760e+03 0.000000e+00 1.000000e+00 1.000000e-01
5.575770e+03 0.000000e+00 1.000000e+00 1.000000e-01
5.575780e+03 0.000000e+00 1.000000e+00 1.000000e-01
5.575790e+03 0.000000e+00 1.000000e+00 1.000000e-01
5.575800e+03 0.000000e+00 1.000000e+00 1.000000e-01
5.575810e+03 0.000000e+00 1.000000e+00 1.000000e-01
5.575820e+03 0.000000e+00 1.000000e+00 1.000000e-01
5.575830e+03 0.000000e+00 1.000000e+00 1.000000e-01
5.575840e+03 0.000000e+00 1.000000e+00 1.000000e-01
5.575850e+03 0.000000e+00 1.000000e+00 1.000000e-01
5.575860e+03 0.000000e+00 1.000000e+00 1.000000e-01
5.575870e+03 0.000000e+00 1.000000e+00 1.000000e-01
5.575880e+03 0.000000e+00 1.000000e+00 1.000000e-01
5.575890e+03 0.000000e+00 1.000000e+00 1.000000e-01
5.575900e+03 0.000000e+00 1.000000e+00 1.000000e-01
5.575910e+03 0.000000e+00 1.000000e+00 1.000000e-01
5.575920e+03 0.000000e+00 1.000000e+00 1.000000e-01
5.575930e+03 0.000000e+00 1.000000e+00 1.000000e-01
5.575940e+03 0.000000e+00 1.000000e+00 1.000000e-01
5.575950e+03 0.000000e+00 1.000000e+00 1.000000e-01
5.575960e+03 0.000000e+00 1.000000e+00 1.000000e-01
5.575970e+03 0.000000e+00 1.000000e+00 1.000000e-01
5.575980e+03 0.000000e+00 1.000000e+00 1.000000e-01
5.575990e+03 0.000000e+00 1.000000e+00 1.000000e-01
5.576000e+03 0.000000e+00 1.000000e+00 1.000000e-01
5.576010e+03 0.000000e+00 1.000000e+00 1.000000e-01
5.576020e+03 0.000000e+00 1.000000e+00 1.000000e-01
5.576030e+03 0.000000e+00 1.000000e+00 1.000000e-01
5.576040e+03 0.000000e+00 1.000000e+00 1.000000e-01
5.576050e+03 0.000000e+00 1.000000e+00 1.000000e-01
5.576060e+03 0.000000e+00 1.000000e+00 1.000000e-01
5.576070e+03 0.000000e+00 1.000000e+00 1.000000e-01
5.576080e+03 0.000000e+00 1.000000e+00 1.000000e-01
5.576090e+03 0.000000e+00 1.000000e+00 1.000000e-01
5.576100e+03 0.000000e+00 1.000000e+00 1.000000e-01
5.576110e+03 0.000000e+00 1.000000e+00 1.000000e-01
5.576120e+03 0.000000e+00 1.000000e+00 1.000000e-01
5.576130e+03 0.000000e+00 1.000000e+00 1.000000e-01
5.576140e+03 0.000000e+00 1.000000e+00 1.000000e-01
5.576150e+03 0.000000e+00 1.000000e+00 1.000000e-01
5.576160e+03 0.000000e+00 1.000000e+00 1.000000e-01
5.576170e+03 0.000000e+00 1.000000e+00 1.000000e-01
5.576180e+03 0.000000e+00 1.000000e+00 1.000000e-01
5.576190e+03 0.000000e+00 1.000000e+00 1.000000e-01
5.576200e+03 0.000000e+00 1.000000e+00 1.000000e-01
5.576210e+03 0.000000e+00 1.000000e+00 1.000000e-01
5.576220e+03 0.000000e+00 1.000000e+00 1.000000e-01
5.576230e+03 0.000000e+00 1.000000e+00 1.000000e-01
5.576240e+03 0.000000e+00 1.000000e+00 1.000000e-01
5.576250e+03 0.000000e+00 1.000000e+00 1.000000e-01
5.576260e+03 0.000000e+00 1.000000e+00 1.000000e-01
5.576270e+03 0.000000e+00 1.000000e+00 1.000000e-01
5.576280e+03 0.000000e+00 1.000000e+00 1.000000e-01
5.576290e+03 0.000000e+00 1.000000e+00 1.000000e-01
5.576300e+03 0.000000e+00 1.000000e+00 1.000000e-01
5.576310e+03 0.000000e+00 1.000000e+00 1.000000e-01
5.576320e+03 0.000000e+00 1.000000e+00 1.000000e-01
5.576330e+03 0.000000e+00 1.000000e+00 1.000000e-01
5.576340e+03 0.000000e+00 1.000000e+00 1.000000e-01
5.576350e+03 0.000000e+00 1.000000e+00 1.000000e-01
5.576360e+03 0.000000e+00 1.000000e+00 1.000000e-01
5.576370e+03 0.000000e+00 1.000000e+00 1.000000e-01
5.576380e+03 0.000000e+00 1.000000e+00 1.000000e-01
5.576390e+03 0.000000e+00 1.000000e+00 1.000000e-01
5.576400e+03 0.000000e+00 1.000000e+00 1.000000e-01
5.576410e+03 0.000000e+00 1.000000e+00 1.000000e-01
5.576420e+03 0.000000e+00 1.000000e+00 1.000000e-01
5.576430e+03 0.000000e+00 1.000000e+00 1.000000e-01
5.576440e+03 0.000000e+00 1.000000e+00 1.000000e-01
5.576450e+03 0.000000e+00 1.000000e+00 1.000000e-01
5.576460e+03 0.000000e+00 1.000000e+00 1.000000e-01
5.576470e+03 0.000000e+00 1.000000e+00 1.000000e-01
5.576480e+03 0.000000e+00 1.000000e+00 1.000000e-01
5.576490e+03 0.000000e+00 1.000000e+00 1.000000e-01
5.576500e+03 0.000000e+00 1.000000e+00 1.000000e-01
5.576510e+03 0.000000e+00 1.000000e+00 1.000000e-01
5.576520e+03 0.000000e+00 1.000000e+00 1.000000e-01
5.576530e+03 0.000000e+00 1.000000e+00 1.000000e-01
5.576540e+03 0.000000e+00 1.000000e+00 1.000000e-01
5.576550e+03 0.000000e+00 1.000000e+00 1.000000e-01
5.576560e+03 0.000000e+00 1.000000e+00 1.000000e-01
5.576570e+03 0.000000e+00 1.000000e+00 1.000000e-01
5.576580e+03 0.000000e+00 1.000000e+00 1.000000e-01
5.576590e+03 0.000000e+00 1.000000e+00 1.000000e-01
5.576600e+03 0.000000e+00 1.000000e+00 1.000000e-01
5.576610e+03 0.000000e+00 1.000000e+00 1.000000e-01
5.576620e+03 0.000000e+00 1.000000e+00 1.000000e-01
5.576630e+03 0.000000e+00 1.000000e+00 1.000000e-01
5.576640e+03 0.000000e+00 1.000000e+00 1.000000e-01
5.576650e+03 0.000000e+00 1.000000e+00 1.000000e-01
5.576660e+03 0.000000e+00 1.000000e+00 1.000000e-01
5.576670e+03 0.000000e+00 1.000000e+00 1.000000e-01
5.576680e+03 0.000000e+00 1.000000e+00 1.000000e-01
5.576690e+03 0.000000e+00 1.000000e+00 1.000000e-01
5.576700e+03 0.000000e+00 1.000000e+00 1.000000e-01
5.576710e+03 0.000000e+00 1.000000e+00 1.000000e-01
5.576720e+03 0.000000e+00 1.000000e+00 1.000000e-01
5.576730e+03 0.000000e+00 1.000000e+00 1.000000e-01
5.576740e+03 0.000000e+00 1.000000e+00 1.000000e-01
5.576750e+03 0.000000e+00 1.000000e+00 1.000000e-01
5.576760e+03 0.000000e+00 1.000000e+00 1.000000e-01
5.576770e+03 0.000000e+00 1.000000e+00 1.000000e-01
5.576780e+03 0.000000e+00 1.000000e+00 1.000000e-01
5.576790e+03 0.000000e+00 1.000000e+00 1.000000e-01
5.576800e+03 0.000000e+00 1.000000e+00 1.000000e-01
5.576810e+03 0.000000e+00 1.000000e+00 1.000000e-01
5.576820e+03 0.000000e+00 1.000000e+00 1.000000e-01
5.576830e+03 0.000000e+00 1.000000e+00 1.000000e-01
5.576840e+03 0.000000e+00 1.000000e+00 1.000000e-01
5.576850e+03 0.000000e+00 1.000000e+00 1.000000e-01
5.576860e+03 0.000000e+00 1.000000e+00 1.000000e-01
5.576870e+03 0.000000e+00 1.000000e+00 1.000000e-01
5.576880e+03 0.000000e+00 1.000000e+00 1.000000e-01
5.576890e+03 0.000000e+00 1.000000e+00 1.000000e-01
5.576900e+03 0.000000e+00 1.000000e+00 1.000000e-01
5.576910e+03 0.000000e+00 1.000000e+00 1.000000e-01
5.576920e+03 0.000000e+00 1.000000e+00 1.000000e-01
5.576930e+03 0.000000e+00 1.000000e+00 1.000000e-01
5.576940e+03 0.000000e+00 1.000000e+00 1.000000e-01
5.576950e+03 0.000000e+00 1.000000e+00 1.000000e-01
5.576960e+03 0.000000e+00 1.000000e+00 1.000000e-01
5.576970e+03 0.000000e+00 1.000000e+00 1.000000e-01
5.576980e+03 0.000000e+00 1.000000e+00 1.000000e-01
5.576990e+03 0.000000e+00 1.000000e+00 1.000000e-01
5.577000e+03 0.000000e+00 1.000000e+00 1.000000e-01
5.577010e+03 0.000000e+00 1.000000e+00 1.000000e-01
5.577020e+03 0.000000e+00 1.000000e+00 1.000000e-01
5.577030e+03 0.000000e+00 1.000000e+00 1.000000e-01
5.577040e+03 0.000000e+00 1.000000e+00 1.000000e-01
5.577050e+03 0.000000e+00 1.000000e+00 1.000000e-01
5.577060e+03 0.000000e+00 1.000000e+00 1.000000e-01
5.577070e+03 0.000000e+00 1.000000e+00 1.000000e-01
5.577080e+03 0.000000e+00 1.000000e+00 1.000000e-01
5.577090e+03 0.000000e+00 1.000000e+00 1.000000e-01
5.577100e+03 0.000000e+00 1.000000e+00 1.000000e-01
5.577110e+03 0.000000e+00 1.000000e+00 1.000000e-01
5.577120e+03 0.000000e+00 1.000000e+00 1.000000e-01
5.577130e+03 0.000000e+00 1.000000e+00 1.000000e-01
5.577140e+03 0.000000e+00 1.000000e+00 1.000000e-01
5.577150e+03 0.000000e+00 1.000000e+00 1.000000e-01
5.577160e+03 0.000000e+00 1.000000e+00 1.000000e-01
5.577170e+03 0.000000e+00 1.000000e+00 1.000000e-01
5.577180e+03 0.000000e+00 1.000000e+00 1.000000e-01
5.577190e+03 0.000000e+00 1.000000e+00 1.000000e-01
5.577200e+03 0.000000e+00 1.000000e+00 1.000000e-01
5.577210e+03 0.000000e+00 1.000000e+00 1.000000e-01
5.577220e+03 0.000000e+00 1.000000e+00 1.000000e-01
5.577230e+03 0.000000e+00 1.000000e+00 1.000000e-01
5.577240e+03 0.000000e+00 1.000000e+00 1.000000e-01
5.577250e+03 0.000000e+00 1.000000e+00 1.000000e-01
5.577260e+03 0.000000e+00 1.000000e+00 1.000000e-01
5.577270e+03 0.000000e+00 1.000000e+00 1.000000e-01
5.577280e+03 0.000000e+00 1.000000e+00 1.000000e-01
5.577290e+03 0.000000e+00 1.000000e+00 1.000000e-01
5.577300e+03 0.000000e+00 1.000000e+00 1.000000e-01
5.577310e+03 0.000000e+00 1.000000e+00 1.000000e-01
5.577320e+03 0.000000e+00 1.000000e+00 1.000000e-01
5.577330e+03 0.000000e+00 1.000000e+00 1.000000e-01
5.577340e+03 0.000000e+00 1.000000e+00 1.000000e-01
5.577350e+03 0.000000e+00 1.000000e+00 1.000000e-01
5.577360e+03 0.000000e+00 1.000000e+00 1.000000e-01
5.577370e+03 0.000000e+00 1.000000e+00 1.000000e-01
5.577380e+03 0.000000e+00 1.000000e+00 1.000000e-01
5.577390e+03 0.000000e+00 1.000000e+00 1.000000e-01
5.577400e+03 0.000000e+00 1.000000e+00 1.000000e-01
5.577410e+03 0.000000e+00 1.000000e+00 1.000000e-01
5.577420e+03 0.000000e+00 1.000000e+00 1.000000e-01
5.577430e+03 0.000000e+00 1.000000e+00 1.000000e-01
5.577440e+03 0.000000e+00 1.000000e+00 1.000000e-01
5.577450e+03 0.000000e+00 1.000000e+00 1.000000e-01
5.577460e+03 0.000000e+00 1.000000e+00 1.000000e-01
5.577470e+03 0.000000e+00 1.000000e+00 1.000000e-01
5.577480e+03 0.000000e+00 1.000000e+00 1.000000e-01
5.577490e+03 0.000000e+00 1.000000e+00 1.000000e-01
5.577500e+03 0.000000e+00 1.000000e+00 1.000000e-01
5.577510e+03 0.000000e+00 1.000000e+00 1.000000e-01
5.577520e+03 0.000000e+00 1.000000e+00 1.000000e-01
5.577530e+03 0.000000e+00 1.000000e+00 1.000000e-01
5.577540e+03 0.000000e+00 1.000000e+00 1.000000e-01
5.577550e+03 0.000000e+00 1.000000e+00 1.000000e-01
5.577560e+03 0.000000e+00 1.000000e+00 1.000000e-01
5.577570e+03 0.000000e+00 1.000000e+00 1.000000e-01
5.577580e+03 0.000000e+00 1.000000e+00 1.000000e-01
5.577590e+03 0.000000e+00 1.000000e+00 1.000000e-01
5.577600e+03 0.000000e+00 1.000000e+00 1.000000e-01
5.577610e+03 0.000000e+00 1.000000e+00 1.000000e-01
5.577620e+03 0.000000e+00 1.000000e+00 1.000000e-01
5.577630e+03 0.000000e+00 1.000000e+00 1.000000e-01
5.577640e+03 0.000000e+00 1.000000e+00 1.000000e-01
5.577650e+03 0.000000e+00 1.000000e+00 1.000000e-01
5.577660e+03 0.000000e+00 1.000000e+00 1.000000e-01
5.577670e+03 0.000000e+00 1.000000e+00 1.000000e-01
5.577680e+03 0.000000e+00 1.000000e+00 1.000000e-01
5.577690e+03 0.000000e+00 1.000000e+00 1.000000e-01
5.577700e+03 0.000000e+00 1.000000e+00 1.000000e-01
5.577710e+03 0.000000e+00 1.000000e+00 1.000000e-01
5.577720e+03 0.000000e+00 1.000000e+00 1.000000e-01
5.577730e+03 0.000000e+00 1.000000e+00 1.000000e-01
5.577740e+03 0.000000e+00 1.000000e+00 1.000000e-01
5.577750e+03 0.000000e+00 1.000000e+00 1.000000e-01
5.577760e+03 0.000000e+00 1.000000e+00 1.000000e-01
5.577770e+03 0.000000e+00 1.000000e+00 1.000000e-01
5.577780e+03 0.000000e+00 1.000000e+00 1.000000e-01
5.577790e+03 0.000000e+00 1.000000e+00 1.000000e-01
5.577800e+03 0.000000e+00 1.000000e+00 1.000000e-01
5.577810e+03 0.000000e+00 1.000000e+00 1.000000e-01
5.577820e+03 0.000000e+00 1.000000e+00 1.000000e-01
5.577830e+03 0.000000e+00 1.000000e+00 1.000000e-01
5.577840e+03 0.000000e+00 1.000000e+00 1.000000e-01
5.577850e+03 0.000000e+00 1.000000e+00 1.000000e-01
5.577860e+03 0.000000e+00 1.000000e+00 1.000000e-01
5.577870e+03 0.000000e+00 1.000000e+00 1.000000e-01
5.577880e+03 0.000000e+00 1.000000e+00 1.000000e-01
5.577890e+03 0.000000e+00 1.000000e+00 1.000000e-01
5.577900e+03 0.000000e+00 1.000000e+00 1.000000e-01
5.577910e+03 0.000000e+00 1.000000e+00 1.000000e-01
5.577920e+03 2.559640e-04 9.997441e-01 9.998720e-02
5.577930e+03 6.566371e-04 9.993436e-01 9.996717e-02
5.577940e+03 6.592182e-04 9.993410e-01 9.996704e-02
5.577950e+03 6.618145e-04 9.993384e-01 9.996691e-02
5.577960e+03 6.644262e-04 9.993358e-01 9.996678e-02
5.577970e+03 6.670534e-04 9.993332e-01 9.996665e-02
5.577980e+03 6.696962e-04 9.993305e-01 9.996652e-02
5.577990e+03 6.723547e-04 9.993279e-01 9.996639e-02
5.578000e+03 6.750290e-04 9.993252e-01 9.996625e-02
5.578010e+03 6.777194e-04 9.993225e-01 9.996612e-02
5.578020e+03 6.804258e-04 9.993198e-01 9.996598e-02
5.578030e+03 6.831485e-04 9.993171e-01 9.996585e-02
5.578040e+03 6.858875e-04 9.993143e-01 9.996571e-02
5.578050e+03 6.886430e-04 9.993116e-01 9.996557e-02
5.578060e+03 6.914152e-04 9.993088e-01 9.996544e-02
5.578070e+03 6.942041e-04 9.993060e-01 9.996530e-02
5.578080e+03 6.970100e-04 9.993032e-01 9.996516e-02
5.578090e+03 6.998328e-04 9.993004e-01 9.996501e-02
5.578100e+03 7.026729e-04 9.992976e-01 9.996487e-02
5.578110e+03 7.055302e-04 9.992947e-01 9.996473e-02
5.578120e+03 1.660059e-03 9.983413e-01 9.991703e-02
5.578130e+03 1.666692e-03 9.983347e-01 9.991670e-02
5.578140e+03 1.673365e-03 9.983280e-01 9.991637e-02
5.578150e+03 1.680078e-03 9.983213e-01 9.991603e-02
5.578160e+03 1.686832e-03 9.983146e-01 9.991569e-02
5.578170e+03 1.693626e-03 9.983078e-01 9.991535e-02
5.578180e+03 1.700461e-03 9.983010e-01 9.991501e-02
5.578190e+03 1.707338e-03 9.982941e-01 9.991467e-02
5.578200e+03 1.714257e-03 9.982872e-01 9.991432e-02
5.578210e+03 1.721217e-03 9.982803e-01 9.991398e-02
5.578220e+03 1.728221e-03 9.982733e-01 9.991363e-02
5.578230e+03 1.735267e-03 9.982662e-01 9.991327e-02
5.578240e+03 1.742356e-03 9.982592e-01 9.991292e-02
5.578250e+03 1.749489e-03 9.982520e-01 9.991256e-02
5.578260e+03 1.756665e-03 9.982449e-01 9.991221e-02
5.578270e+03 1.763886e-03 9.982377e-01 9.991184e-02
5.578280e+03 1.771152e-03 9.982304e-01 9.991148e-02
5.578290e+03 1.778462e-03 9.982231e-01 9.991112e-02
5.578300e+03 1.785818e-03 9.982158e-01 9.991075e-02
5.578310e+03 1.793219e-03 9.982084e-01 9.991038e-02
5.578320e+03 1.800667e-03 9.982010e-01 9.991001e-02
5.578330e+03 1.808161e-03 9.981935e-01 9.990963e-02
5.578340e+03 1.815702e-03 9.981859e-01 9.990926e-02
5.578350e+03 1.823290e-03 9.981784e-01 9.990888e-02
5.578360e+03 1.830926e-03 9.981707e-01 9.990850e-02
5.578370e+03 1.838610e-03 9.981631e-01 9.990811e-02
5.578380e+03 1.846343e-03 9.981554e-01 9.990773e-02
5.578390e+03 1.854124e-03 9.981476e-01 9.990734e-02
5.578400e+03 1.861955e-03 9.981398e-01 9.990695e-02
5.578410e+03 1.869835e-03 9.981319e-01 9.990655e-02
5.578420e+03 1.877765e-03 9.981240e-01 9.990616e-02
5.578430e+03 1.885746e-03 9.981160e-01 9.990576e-02
5.578440e+03 1.893778e-03 9.981080e-01 9.990536e-02
5.578450e+03 1.901862e-03 9.980999e-01 9.990495e-02
5.578460e+03 1.909997e-03 9.980918e-01 9.990455e-02
5.578470e+03 1.918185e-03 9.980837e-01 9.990414e-02
5.578480e+03 1.926425e-03 9.980754e-01 9.990373e-02
5.578490e+03 1.934719e-03 9.980672e-01 9.990331e-02
5.578500e+03 1.943066e-03 9.980588e-01 9.990289e-02
5.578510e+03 1.951467e-03 9.980504e-01 9.990247e-02
5.578520e+03 1.959923e-03 9.980420e-01 9.990205e-02
5.578530e+03 1.968434e-03 9.980335e-01 9.990163e-02
5.578540e+03 1.977001e-03 9.980250e-01 9.990120e-02
5.578550e+03 1.985623e-03 9.980163e-01 9.990077e-02
5.578560e+03 1.994302e-03 9.980077e-01 9.990033e-02
5.578570e+03 2.003039e-03 9.979990e-01 9.989990e-02
5.578580e+03 2.011832e-03 9.979902e-01 9.989946e-02
5.578590e+03 2.020684e-03 9.979814e-01 9.989902e-02
5.578600e+03 2.029594e-03 9.979725e-01 9.989857e-02
5.578610e+03 2.038564e-03 9.979635e-01 9.989812e-02
5.578620e+03 2.047593e-03 9.979545e-01 9.989767e-02
5.578630e+03 2.056682e-03 9.979454e-01 9.989722e-02
5.578640e+03 2.065831e-03 9.979363e-01 9.989676e-02
5.578650e+03 2.075042e-03 9.979271e-01 9.989630e-02
5.578660e+03 2.084315e-03 9.979179e-01 9.989584e-02
5.578670e+03 2.093650e-03 9.979085e-01 9.989537e-02
5.578680e+03 2.103047e-03 9.978992e-01 9.989490e-02
5.578690e+03 2.112509e-03 9.978897e-01 9.989443e-02
5.578700e+03 2.122034e-03 9.978802e-01 9.989395e-02
5.578710e+03 2.131624e-03 9.978706e-01 9.989348e-02
5.578720e+03 2.141278e-03 9.978610e-01 9.989299e-02
5.578730e+03 2.150999e-03 9.978513e-01 9.989251e-02
5.578740e+03 2.160786e-03 9.978415e-01 9.989202e-02
5.578750e+03 2.170640e-03 9.978317e-01 9.989153e-02
5.578760e+03 2.180561e-03 9.978218e-01 9.989103e-02
5.578770e+03 2.190551e-03 9.978118e-01 9.989053e-02
5.578780e+03 2.200610e-03 9.978018e-01 9.989003e-02
5.578790e+03 2.210737e-03 9.977917e-01 9.988952e-02
5.578800e+03 2.220935e-03 9.977815e-01 9.988901e-02
5.578810e+03 2.231204e-03 9.977713e-01 9.988850e-02
5.578820e+03 2.241544e-03 9.977610e-01 9.988799e-02
5.578830e+03 2.251956e-03 9.977506e-01 9.988747e-02
5.578840e+03 2.262441e-03 9.977401e-01 9.988694e-02
5.578850e+03 2.273000e-03 9.977296e-01 9.988641e-02
5.578860e+03 2.283632e-03 9.977190e-01 9.988588e-02
5.578870e+03 2.632243e-03 9.973712e-01 9.986847e-02
5.578880e+03 2.644354e-03 9.973591e-01 9.986787e-02
5.578890e+03 2.656549e-03 9.973470e-01 9.986726e-02
5.578900e+03 2.668829e-03 9.973347e-01 9.986665e-02
5.578910e+03 2.681195e-03 9.973224e-01 9.986603e-02
5.578920e+03 2.693647e-03 9.973100e-01 9.986541e-02
5.578930e+03 2.706186e-03 9.972975e-01 9.986478e-02
5.578940e+03 2.718814e-03 9.972849e-01 9.986415e-02
5.578950e+03 2.731530e-03 9.972722e-01 9.986352e-02
5.578960e+03 2.744336e-03 9.972594e-01 9.986288e-02
5.578970e+03 2.757232e-03 9.972466e-01 9.986223e-02
5.578980e+03 2.770220e-03 9.972336e-01 9.986158e-02
5.578990e+03 2.783300e-03 9.972206e-01 9.986093e-02
5.579000e+03 2.796474e-03 9.972074e-01 9.986027e-02
5.579010e+03 2.809741e-03 9.971942e-01 9.985961e-02
5.579020e+03 2.823104e-03 9.971809e-01 9.985894e-02
5.579030e+03 2.836562e-03 9.971675e-01 9.985827e-02
5.579040e+03 2.850117e-03 9.971539e-01 9.985760e-02
5.579050e+03 2.863770e-03 9.971403e-01 9.985691e-02
5.579060e+03 2.877521e-03 9.971266e-01 9.985623e-02
5.579070e+03 2.891372e-03 9.971128e-01 9.985554e-02
5.579080e+03 2.905324e-03 9.970989e-01 9.985484e-02
5.579090e+03 2.919377e-03 9.970849e-01 9.985414e-02
5.579100e+03 2.933533e-03 9.970708e-01 9.985343e-02
5.579110e+03 2.947792e-03 9.970565e-01 9.985272e-02
5.579120e+03 2.962156e-03 9.970422e-01 9.985200e-02
5.579130e+03 2.976625e-03 9.970278e-01 9.985128e-02
5.579140e+03 2.991202e-03 9.970133e-01 9.985055e-02
5.579150e+03 3.005885e-03 9.969986e-01 9.984982e-02
5.579160e+03 3.020678e-03 9.969839e-01 9.984908e-02
5.579170e+03 3.035581e-03 9.969690e-01 9.984834e-02
5.579180e+03 3.050594e-03 9.969541e-01 9.984759e-02
5.579190e+03 3.065720e-03 9.969390e-01 9.984683e-02
5.579200e+03 3.080958e-03 9.969238e-01 9.984607e-02
5.579210e+03 3.096311e-03 9.969085e-01 9.984530e-02
5.579220e+03 3.111780e-03 9.968931e-01 9.984453e-02
5.579230e+03 3.127365e-03 9.968775e-01 9.984375e-02
5.579240e+03 3.143068e-03 9.968619e-01 9.984297e-02
5.579250e+03 3.158890e-03 9.968461e-01 9.984218e-02
5.579260e+03 3.174832e-03 9.968302e-01 9.984138e-02
5.579270e+03 3.190896e-03 9.968142e-01 9.984058e-02
5.579280e+03 3.207082e-03 9.967981e-01 9.983977e-02
5.579290e+03 3.223392e-03 9.967818e-01 9.983896e-02
5.579300e+03 3.239828e-03 9.967654e-01 9.983814e-02
5.579310e+03 3.256390e-03 9.967489e-01 9.983731e-02
5.579320e+03 3.273079e-03 9.967323e-01 9.983648e-02
5.579330e+03 3.289898e-03 9.967155e-01 9.983564e-02
5.579340e+03 3.306848e-03 9.966986e-01 9.983479e-02
5.579350e+03 3.323929e-03 9.966816e-01 9.983394e-02
5.579360e+03 3.341143e-03 9.966644e-01 9.983308e-02
5.579370e+03 3.358492e-03 9.966471e-01 9.983222e-02
5.579380e+03 3.375977e-03 9.966297e-01 9.983134e-02
5.579390e+03 3.393600e-03 9.966122e-01 9.983046e-02
5.579400e+03 3.411361e-03 9.965945e-01 9.982958e-02
5.579410e+03 3.429263e-03 9.965766e-01 9.982868e-02
5.579420e+03 3.447307e-03 9.965586e-01 9.982778e-02
5.579430e+03 3.465494e-03 9.965405e-01 9.982688e-02
5.579440e+03 3.483826e-03 9.965222e-01 9.982596e-02
5.579450e+03 3.502304e-03 9.965038e-01 9.982504e-02
5.579460e+03 3.520930e-03 9.964853e-01 9.982411e-02
5.579470e+03 3.539706e-03 9.964666e-01 9.982317e-02
5.579480e+03 3.558633e-03 9.964477e-01 9.982223e-02
5.579490e+03 3.577713e-03 9.964287e-01 9.982127e-02
5.579500e+03 3.596948e-03 9.964095e-01 9.982031e-02
5.579510e+03 3.616338e-03 9.963902e-01 9.981935e-02
5.579520e+03 3.635887e-03 9.963707e-01 9.981837e-02
5.579530e+03 3.655595e-03 9.963511e-01 9.981739e-02
5.579540e+03 3.675464e-03 9.963313e-01 9.981640e-02
5.579550e+03 3.695497e-03 9.963113e-01 9.981540e-02
5.579560e+03 3.715695e-03 9.962912e-01 9.981439e-02
5.579570e+03 3.736059e-03 9.962709e-01 9.981337e-02
5.579580e+03 3.756592e-03 9.962505e-01 9.981235e-02
5.579590e+03 3.777295e-03 9.962298e-01 9.981131e-02
5.579600e+03 3.798171e-03 9.962090e-01 9.981027e-02
5.579610e+03 3.819221e-03 9.961881e-01 9.980922e-02
5.579620e+03 3.840448e-03 9.961669e-01 9.980816e-02
5.579630e+03 3.861852e-03 9.961456e-01 9.980709e-02
5.579640e+03 3.883437e-03 9.961241e-01 9.980602e-02
5.579650e+03 3.905204e-03 9.961024e-01 9.980493e-02
5.579660e+03 3.927156e-03 9.960805e-01 9.980383e-02
5.579670e+03 3.949294e-03 9.960585e-01 9.980273e-02
5.579680e+03 3.971620e-03 9.960363e-01 9.980162e-02
5.579690e+03 4.252290e-03 9.957567e-01 9.978761e-02
5.579700e+03 4.276014e-03 9.957331e-01 9.978643e-02
5.579710e+03 4.299939e-03 9.957093e-01 9.978523e-02
5.579720e+03 4.324067e-03 9.956853e-01 9.978403e-02
5.579730e+03 4.348400e-03 9.956610e-01 9.978282e-02
5.579740e+03 4.372942e-03 9.956366e-01 9.978159e-02
5.579750e+03 4.731629e-03 9.952795e-01 9.976370e-02
5.579760e+03 4.759234e-03 9.952521e-01 9.976232e-02
5.579770e+03 4.787085e-03 9.952244e-01 9.976093e-02
5.579780e+03 4.815186e-03 9.951964e-01 9.975953e-02
5.579790e+03 4.843540e-03 9.951682e-01 9.975812e-02
5.579800e+03 4.872150e-03 9.951397e-01 9.975669e-02
5.579810e+03 4.901019e-03 9.951110e-01 9.975525e-02
5.579820e+03 4.930150e-03 9.950820e-01 9.975380e-02
5.579830e+03 5.322087e-03 9.946921e-01 9.973425e-02
5.579840e+03 5.354612e-03 9.946597e-01 9.973263e-02
5.579850e+03 5.387443e-03 9.946270e-01 9.973099e-02
5.579860e+03 5.420584e-03 9.945941e-01 9.972934e-02
5.579870e+03 5.454039e-03 9.945608e-01 9.972767e-02
5.579880e+03 5.487812e-03 9.945272e-01 9.972599e-02
5.579890e+03 5.521908e-03 9.944933e-01 9.972429e-02
5.579900e+03 5.556330e-03 9.944591e-01 9.972257e-02
5.579910e+03 5.591084e-03 9.944245e-01 9.972084e-02
5.579920e+03 5.626172e-03 9.943896e-01 9.971909e-02
5.579930e+03 5.661600e-03 9.943544e-01 9.971732e-02
5.579940e+03 5.697373e-03 9.943188e-01 9.971554e-02
5.579950e+03 5.733494e-03 9.942829e-01 9.971374e-02
5.579960e+03 5.769968e-03 9.942466e-01 9.971192e-02
5.579970e+03 5.806801e-03 9.942100e-01 9.971008e-02
5.579980e+03 5.843997e-03 9.941730e-01 9.970823e-02
5.579990e+03 5.881561e-03 9.941357e-01 9.970635e-02
5.580000e+03 6.822314e-03 9.932009e-01 9.965947e-02
5.580010e+03 6.867754e-03 9.931558e-01 9.965720e-02
5.580020e+03 6.913662e-03 9.931102e-01 9.965491e-02
5.580030e+03 6.960044e-03 9.930641e-01 9.965260e-02
5.580040e+03 7.006908e-03 9.930176e-01 9.965027e-02
5.580050e+03 7.054259e-03 9.929706e-01 9.964791e-02
5.580060e+03 7.102106e-03 9.929231e-01 9.964552e-02
5.580070e+03 7.150455e-03 9.928750e-01 9.964312e-02
5.580080e+03 7.199313e-03 9.928265e-01 9.964068e-02
5.580090e+03 8.086112e-03 9.919465e-01 9.959651e-02
5.580100e+03 8.142613e-03 9.918904e-01 9.959370e-02
5.580110e+03 8.199725e-03 9.918338e-01 9.959085e-02
5.580120e+03 8.257456e-03 9.917765e-01 9.958798e-02
5.580130e+03 8.315816e-03 9.917187e-01 9.958507e-02
5.580140e+03 8.374813e-03 9.916602e-01 9.958213e-02
5.580150e+03 8.434459e-03 9.916010e-01 9.957917e-02
5.580160e+03 8.494761e-03 9.915412e-01 9.957616e-02
5.580170e+03 8.555731e-03 9.914808e-01 9.957313e-02
5.580180e+03 8.617378e-03 9.914196e-01 9.957006e-02
5.580190e+03 8.688321e-03 9.913493e-01 9.956653e-02
5.580200e+03 8.758671e-03 9.912796e-01 9.956302e-02
5.580210e+03 8.839790e-03 9.911992e-01 9.955899e-02
5.580220e+03 8.943915e-03 9.910960e-01 9.955380e-02
5.580230e+03 9.094486e-03 9.909467e-01 9.954631e-02
5.580240e+03 9.332156e-03 9.907113e-01 9.953448e-02
5.580250e+03 9.719967e-03 9.903271e-01 9.951518e-02
5.580260e+03 1.034360e-02 9.897097e-01 9.948415e-02
5.580270e+03 1.130117e-02 9.887625e-01 9.943654e-02
5.580280e+03 1.267808e-02 9.874020e-01 9.936810e-02
5.580290e+03 1.450799e-02 9.855967e-01 9.927723e-02
5.580300e+03 1.672978e-02 9.834094e-01 9.916700e-02
5.580310e+03 1.915946e-02 9.810229e-01 9.904660e-02
5.580320e+03 2.149784e-02 9.787316e-01 9.893086e-02
5.580330e+03 2.338474e-02 9.768866e-01 9.883757e-02
5.580340e+03 2.449033e-02 9.758071e-01 9.878295e-02
5.580350e+03 2.461272e-02 9.756877e-01 9.877691e-02
5.580360e+03 2.374240e-02 9.765372e-01 9.881990e-02
5.580370e+03 2.206539e-02 9.781763e-01 9.890279e-02
5.580380e+03 1.990357e-02 9.802932e-01 9.900976e-02
5.580390e+03 1.761852e-02 9.825358e-01 9.912294e-02
5.580400e+03 1.551809e-02 9.846017e-01 9.922710e-02
5.580410e+03 1.379798e-02 9.862968e-01 9.931248e-02
5.580420e+03 1.252996e-02 9.875482e-01 9.937546e-02
5.580430e+03 1.168745e-02 9.883806e-01 9.941733e-02
5.580440e+03 1.118808e-02 9.888743e-01 9.944216e-02
5.580450e+03 1.093365e-02 9.891259e-01 9.945481e-02
5.580460e+03 1.083673e-02 9.892218e-01 9.945963e-02
5.580470e+03 1.113523e-02 9.889265e-01 9.944479e-02
5.580480e+03 1.118278e-02 9.888795e-01 9.944242e-02
5.580490e+03 1.125538e-02 9.888077e-01 9.943881e-02
5.580500e+03 1.134002e-02 9.887240e-01 9.943460e-02
5.580510e+03 1.142473e-02 9.886403e-01 9.943039e-02
5.580520e+03 1.151971e-02 9.885464e-01 9.942567e-02
5.580530e+03 1.161592e-02 9.884513e-01 9.942089e-02
5.580540e+03 1.171338e-02 9.883550e-01 9.941604e-02
5.580550e+03 1.181212e-02 9.882574e-01 9.941113e-02
5.580560e+03 1.191215e-02 9.881585e-01 9.940616e-02
5.580570e+03 1.227443e-02 9.878006e-01 9.938816e-02
5.580580e+03 1.237919e-02 9.876971e-01 9.938295e-02
5.580590e+03 1.248535e-02 9.875923e-01 9.937768e-02
5.580600e+03 1.259294e-02 9.874860e-01 9.937233e-02
5.580610e+03 1.270197e-02 9.873784e-01 9.936691e-02
5.580620e+03 1.325838e-02 9.868291e-01 9.933927e-02
5.580630e+03 1.338510e-02 9.867041e-01 9.933298e-02
5.580640e+03 1.351409e-02 9.865768e-01 9.932657e-02
5.580650e+03 1.364545e-02 9.864472e-01 9.932005e-02
5.580660e+03 1.377924e-02 9.863153e-01 9.931341e-02
5.580670e+03 1.391557e-02 9.861808e-01 9.930664e-02
5.580680e+03 1.405453e-02 9.860438e-01 9.929974e-02
5.580690e+03 1.419623e-02 9.859041e-01 9.929270e-02
5.580700e+03 1.434078e-02 9.857616e-01 9.928553e-02
5.580710e+03 1.448830e-02 9.856161e-01 9.927820e-02
5.580720e+03 1.463892e-02 9.854677e-01 9.927073e-02
5.580730e+03 1.479279e-02 9.853161e-01 9.926309e-02
5.580740e+03 1.495005e-02 9.851611e-01 9.925528e-02
5.580750e+03 1.511088e-02 9.850027e-01 9.924730e-02
5.580760e+03 1.527546e-02 9.848406e-01 9.923914e-02
5.580770e+03 1.544399e-02 9.846747e-01 9.923077e-02
5.580780e+03 1.561667e-02 9.845046e-01 9.922221e-02
5.580790e+03 1.601314e-02 9.841144e-01 9.920254e-02
5.580800e+03 1.621109e-02 9.839196e-01 9.919272e-02
5.580810e+03 1.641596e-02 9.837180e-01 9.918256e-02
5.580820e+03 1.662848e-02 9.835090e-01 9.917202e-02
5.580830e+03 1.684958e-02 9.832916e-01 9.916106e-02
5.580840e+03 1.708058e-02 9.830645e-01 9.914961e-02
5.580850e+03 1.732372e-02 9.828255e-01 9.913755e-02
5.580860e+03 1.758321e-02 9.825705e-01 9.912469e-02
5.580870e+03 1.786778e-02 9.822909e-01 9.911059e-02
5.580880e+03 1.819618e-02 9.819684e-01 9.909432e-02
5.580890e+03 1.860869e-02 9.815634e-01 9.907388e-02
5.580900e+03 1.918962e-02 9.809933e-01 9.904511e-02
5.580910e+03 2.010904e-02 9.800918e-01 9.899959e-02
5.580920e+03 2.169507e-02 9.785386e-01 9.892111e-02
5.580930e+03 2.515167e-02 9.751620e-01 9.875029e-02
5.580940e+03 3.033589e-02 9.701196e-01 9.849465e-02
5.580950e+03 4.037154e-02 9.604325e-01 9.800166e-02
5.580960e+03 5.650859e-02 9.450584e-01 9.721411e-02
5.580970e+03 8.321070e-02 9.201572e-01 9.592483e-02
5.580980e+03 1.257026e-01 8.818770e-01 9.390831e-02
5.580990e+03 1.904824e-01 8.265603e-01 9.091536e-02
5.581000e+03 2.848102e-01 7.521570e-01 8.672699e-02
5.581010e+03 4.156636e-01 6.599022e-01 8.123437e-02
5.581020e+03 5.881584e-01 5.553491e-01 7.452175e-02
5.581030e+03 8.032555e-01 4.478685e-01 6.692298e-02
5.581040e+03 1.057566e+00 3.473000e-01 5.893216e-02
5.581050e+03 1.339482e+00 2.619813e-01 5.118411e-02
5.581060e+03 1.631366e+00 1.956621e-01 4.423371e-02
5.581070e+03 1.911028e+00 1.479283e-01 3.846145e-02
5.581080e+03 2.155764e+00 1.158147e-01 3.403155e-02
5.581090e+03 2.348107e+00 9.554983e-02 3.091113e-02
5.581100e+03 2.483432e+00 8.345633e-02 2.888881e-02
5.581110e+03 2.572643e+00 7.633355e-02 2.762853e-02
5.581120e+03 2.652784e+00 7.045479e-02 2.654332e-02
5.581130e+03 2.784693e+00 6.174806e-02 2.484916e-02
5.581140e+03 3.053451e+00 4.719576e-02 2.172458e-02
5.581150e+03 3.556234e+00 2.854614e-02 1.689560e-02
5.581160e+03 4.394698e+00 1.234261e-02 1.110973e-02
5.581170e+03 5.651697e+00 3.511553e-03 5.925836e-03
5.581180e+03 7.369231e+00 6.303525e-04 2.510682e-03
5.581190e+03 9.525604e+00 7.295968e-05 8.541644e-04
5.581200e+03 1.201958e+01 6.025062e-06 2.454600e-04
5.581210e+03 1.466732e+01 4.266429e-07 6.531791e-05
5.581220e+03 1.721774e+01 3.329891e-08 1.824799e-05
5.581230e+03 1.938689e+01 3.805227e-09 6.168652e-06
5.581240e+03 2.090603e+01 8.329608e-10 2.886106e-06
5.581250e+03 2.157294e+01 4.275548e-10 2.067740e-06
5.581260e+03 2.129300e+01 5.656732e-10 2.378388e-06
5.581270e+03 2.009875e+01 1.867334e-09 4.321266e-06
5.581280e+03 1.814205e+01 1.321318e-08 1.149486e-05
5.581290e+03 1.566151e+01 1.578682e-07 3.973263e-05
5.581300e+03 1.293508e+01 2.411946e-06 1.553044e-04
5.581310e+03 1.022863e+01 3.612134e-05 6.010103e-04
5.581320e+03 7.758722e+00 4.270017e-04 2.066402e-03
5.581330e+03 5.668988e+00 3.451358e-03 5.874826e-03
5.581340e+03 4.027237e+00 1.782351e-02 1.335047e-02
5.581350e+03 2.837071e+00 5.859705e-02 2.420683e-02
5.581360e+03 2.055559e+00 1.280212e-01 3.578005e-02
5.581370e+03 1.615120e+00 1.988669e-01 4.459449e-02
5.581380e+03 1.436781e+00 2.376917e-01 4.875363e-02
5.581390e+03 1.443104e+00 2.361934e-01 4.859973e-02
5.581400e+03 1.562965e+00 2.095139e-01 4.577269e-02
5.581410e+03 1.732964e+00 1.767597e-01 4.204280e-02
5.581420e+03 1.902526e+00 1.491912e-01 3.862528e-02
5.581430e+03 2.031490e+00 1.311400e-01 3.621326e-02
5.581440e+03 2.095606e+00 1.229956e-01 3.507073e-02
5.581450e+03 2.085135e+00 1.242903e-01 3.525483e-02
5.581460e+03 1.998969e+00 1.354748e-01 3.680691e-02
5.581470e+03 1.850252e+00 1.571976e-01 3.964815e-02
5.581480e+03 1.657078e+00 1.906954e-01 4.366868e-02
5.581490e+03 1.438114e+00 2.373749e-01 4.872114e-02
5.581500e+03 1.211976e+00 2.976087e-01 5.455353e-02
5.581510e+03 9.934692e-01 3.702898e-01 6.085145e-02
5.581520e+03 7.932514e-01 4.523716e-01 6.725857e-02
5.581530e+03 6.179401e-01 5.390537e-01 7.342027e-02
5.581540e+03 4.706896e-01 6.245714e-01 7.902983e-02
5.581550e+03 3.519035e-01 7.033480e-01 8.386585e-02
5.581560e+03 2.599322e-01 7.711038e-01 8.781252e-02
5.581570e+03 1.917251e-01 8.255337e-01 9.085889e-02
5.581580e+03 1.439082e-01 8.659672e-01 9.305736e-02
5.581590e+03 1.115561e-01 8.944412e-01 9.457490e-02
5.581600e+03 9.188226e-02 9.122125e-01 9.550982e-02
5.581610e+03 8.152174e-02 9.217127e-01 9.600587e-02
5.581620e+03 8.007291e-02 9.230490e-01 9.607544e-02
5.581630e+03 8.984990e-02 9.140684e-01 9.560692e-02
5.581640e+03 1.182783e-01 8.884487e-01 9.425756e-02
5.581650e+03 1.811697e-01 8.342937e-01 9.133968e-02
5.581660e+03 3.042448e-01 7.376803e-01 8.588832e-02
5.581670e+03 5.275270e-01 5.900624e-01 7.681552e-02
5.581680e+03 9.016706e-01 4.058910e-01 6.370958e-02
5.581690e+03 1.479328e+00 2.277908e-01 4.772744e-02
5.581700e+03 2.298599e+00 1.003994e-01 3.168587e-02
5.581710e+03 3.355607e+00 3.488820e-02 1.867838e-02
5.581720e+03 4.588819e+00 1.016486e-02 1.008209e-02
5.581730e+03 5.867282e+00 2.830556e-03 5.320297e-03
5.581740e+03 7.007256e+00 9.052891e-04 3.008802e-03
5.581750e+03 7.812843e+00 4.045062e-04 2.011234e-03
5.581760e+03 8.130355e+00 2.944635e-04 1.715994e-03
5.581770e+03 7.896687e+00 3.719740e-04 1.928663e-03
5.581780e+03 7.159244e+00 7.776426e-04 2.788624e-03
5.581790e+03 6.060886e+00 2.332334e-03 4.829425e-03
5.581800e+03 4.794811e+00 8.272566e-03 9.095365e-03
5.581810e+03 3.549623e+00 2.873547e-02 1.695154e-02
5.581820e+03 2.465633e+00 8.495503e-02 2.914705e-02
5.581830e+03 1.615502e+00 1.987909e-01 4.458597e-02
5.581840e+03 1.009213e+00 3.645056e-01 6.037430e-02
5.581850e+03 6.132963e-01 5.415628e-01 7.359095e-02
5.581860e+03 3.765444e-01 6.862286e-01 8.283892e-02
5.581870e+03 2.476129e-01 7.806621e-01 8.835508e-02
5.581880e+03 1.859793e-01 8.302908e-01 9.112029e-02
5.581890e+03 1.657004e-01 8.473000e-01 9.204890e-02
5.581900e+03 1.752505e-01 8.392468e-01 9.161041e-02
5.581910e+03 2.194178e-01 8.029862e-01 8.960949e-02
5.581920e+03 3.191437e-01 7.267711e-01 8.525087e-02
5.581930e+03 5.186853e-01 5.953027e-01 7.715586e-02
5.581940e+03 8.924903e-01 4.096344e-01 6.400268e-02
5.581950e+03 1.551081e+00 2.120187e-01 4.604549e-02
5.581960e+03 2.640059e+00 7.135709e-02 2.671275e-02
5.581970e+03 4.325929e+00 1.322127e-02 1.149838e-02
5.581980e+03 6.764586e+00 1.153925e-03 3.396947e-03
5.581990e+03 1.005446e+01 4.299338e-05 6.556934e-04
5.582000e+03 1.418535e+01 6.908428e-07 8.311695e-05
5.582010e+03 1.900198e+01 5.591741e-09 7.477795e-06
5.582020e+03 2.419978e+01 3.091496e-11 5.560122e-07
5.582030e+03 2.936816e+01 1.760225e-13 4.195503e-08
5.582040e+03 3.406688e+01 1.603038e-15 4.003796e-09
5.582050e+03 3.791718e+01 3.410179e-17 5.839674e-10
5.582060e+03 4.067773e+01 2.157178e-18 1.468733e-10
5.582070e+03 4.228915e+01 4.305828e-19 6.561881e-11
5.582080e+03 4.289196e+01 2.356458e-19 4.854336e-11
5.582090e+03 4.283718e+01 2.489144e-19 4.989133e-11
5.582100e+03 4.270197e+01 2.849506e-19 5.338076e-11
5.582110e+03 4.330210e+01 1.563648e-19 3.954299e-11
5.582120e+03 4.564896e+01 1.495918e-20 1.223077e-11
5.582130e+03 5.081658e+01 8.523885e-23 9.232489e-13
5.582140e+03 5.967669e+01 1.209878e-26 1.099944e-14
5.582150e+03 7.256095e+01 3.070291e-32 1.752225e-17
5.582160e+03 8.896990e+01 2.295418e-39 4.791052e-21
5.582170e+03 1.074978e+02 2.062110e-47 4.541046e-25
5.582180e+03 1.260998e+02 1.720055e-55 4.147354e-29
5.582190e+03 1.427249e+02 1.035998e-62 1.017840e-32
5.582200e+03 1.561437e+02 1.540453e-68 1.241150e-35
5.582210e+03 1.666638e+02 4.157517e-73 6.447881e-38
5.582220e+03 1.763813e+02 2.503705e-77 5.003704e-40
5.582230e+03 1.887403e+02 1.074332e-82 1.036500e-42
5.582240e+03 2.074372e+02 8.149905e-91 9.027683e-47
5.582250e+03 2.350261e+02 8.500420e-103 9.219772e-53
5.582260e+03 2.717938e+02 9.150589e-119 9.565871e-61
5.582270e+03 3.154661e+02 9.881609e-138 3.143503e-70
5.582280e+03 3.620212e+02 5.973115e-158 2.443996e-80
5.582290e+03 4.073797e+02 1.194643e-177 3.456361e-90
5.582300e+03 4.492955e+02 7.471948e-196 2.733486e-99
5.582310e+03 4.884916e+02 7.092337e-213 8.421601e-108
5.582320e+03 5.283606e+02 3.434922e-230 1.853354e-116
5.582330e+03 5.731321e+02 1.235655e-249 3.515189e-126
5.582340e+03 6.252151e+02 2.968522e-272 1.722940e-137
5.582350e+03 6.828840e+02 2.674639e-297 5.171691e-150
5.582360e+03 7.394905e+02 6.966326e-322 2.639380e-162
5.582370e+03 7.847237e+02 0.000000e+00 0.000000e+00
5.582380e+03 8.075550e+02 0.000000e+00 0.000000e+00
5.582390e+03 7.997158e+02 0.000000e+00 0.000000e+00
5.582400e+03 7.583815e+02 0.000000e+00 0.000000e+00
5.582410e+03 6.871316e+02 3.823995e-299 6.183846e-151
5.582420e+03 5.950532e+02 3.729618e-259 6.107060e-131
5.582430e+03 4.945775e+02 1.613342e-215 4.016643e-109
5.582440e+03 3.990039e+02 5.185796e-174 2.277234e-88
5.582450e+03 3.204750e+02 6.599162e-140 2.568883e-71
5.582460e+03 2.687554e+02 1.909850e-117 4.370183e-60
5.582470e+03 2.506408e+02 1.406385e-109 3.750179e-56
5.582480e+03 2.696041e+02 8.173570e-118 2.858946e-60
5.582490e+03 3.253147e+02 5.219593e-142 2.284643e-72
5.582500e+03 4.130219e+02 4.235018e-180 2.057916e-91
5.582510e+03 5.232082e+02 5.936730e-228 2.436541e-115
5.582520e+03 6.421401e+02 1.324640e-279 3.639561e-141
5.582530e+03 7.538248e+02 0.000000e+00 0.000000e+00
5.582540e+03 8.433260e+02 0.000000e+00 0.000000e+00
5.582550e+03 9.006249e+02 0.000000e+00 0.000000e+00
5.582560e+03 9.236427e+02 0.000000e+00 0.000000e+00
5.582570e+03 9.190222e+02 0.000000e+00 0.000000e+00
5.582580e+03 8.999595e+02 0.000000e+00 0.000000e+00
5.582590e+03 8.815502e+02 0.000000e+00 0.000000e+00
5.582600e+03 8.752564e+02 0.000000e+00 0.000000e+00
5.582610e+03 8.846528e+02 0.000000e+00 0.000000e+00
5.582620e+03 9.042281e+02 0.000000e+00 0.000000e+00
5.582630e+03 9.218485e+02 0.000000e+00 0.000000e+00
5.582640e+03 9.239063e+02 0.000000e+00 0.000000e+00
5.582650e+03 9.009955e+02 0.000000e+00 0.000000e+00
5.582660e+03 8.516441e+02 0.000000e+00 0.000000e+00
5.582670e+03 7.825060e+02 0.000000e+00 0.000000e+00
5.582680e+03 7.050346e+02 6.417755e-307 8.011089e-155
5.582690e+03 6.303303e+02 1.782477e-274 1.335095e-138
5.582700e+03 5.647326e+02 5.492075e-246 2.343518e-124
5.582710e+03 5.082619e+02 1.839403e-221 4.288826e-112
5.582720e+03 4.564080e+02 6.088603e-199 7.802950e-101
5.582730e+03 4.039636e+02 3.637732e-176 1.907284e-89
5.582740e+03 3.485842e+02 4.090819e-152 2.022577e-77
5.582750e+03 2.922168e+02 1.235584e-127 3.515087e-65
5.582760e+03 2.399751e+02 6.027492e-105 7.763692e-54
5.582770e+03 1.975586e+02 1.589911e-86 1.260917e-44
5.582780e+03 1.688709e+02 4.573883e-74 2.138664e-38
5.582790e+03 1.549738e+02 4.963079e-68 2.227797e-35
5.582800e+03 1.544530e+02 8.354424e-68 2.890402e-35
5.582810e+03 1.644985e+02 3.624356e-72 1.903774e-37
5.582820e+03 1.818551e+02 1.050299e-79 3.240831e-41
5.582830e+03 2.032447e+02 5.394313e-89 7.344599e-46
5.582840e+03 2.254060e+02 1.280590e-98 1.131632e-50
5.582850e+03 2.451667e+02 3.353179e-107 5.790664e-55
5.582860e+03 2.598220e+02 1.447896e-113 3.805122e-58
5.582870e+03 2.677261e+02 5.345824e-117 7.311514e-60
5.582880e+03 2.687398e+02 1.939905e-117 4.404436e-60
5.582890e+03 2.642426e+02 1.741462e-115 4.173083e-59
5.582900e+03 2.568112e+02 2.939791e-112 1.714582e-57
5.582910e+03 2.500246e+02 2.604453e-109 5.103384e-56
5.582920e+03 2.489044e+02 7.983764e-109 8.935191e-56
5.582930e+03 2.611248e+02 3.934883e-114 1.983654e-58
5.582940e+03 2.985076e+02 2.289827e-130 1.513217e-66
5.582950e+03 3.777729e+02 8.615939e-165 9.282208e-84
5.582960e+03 5.192029e+02 3.258784e-226 1.805210e-114
5.582970e+03 7.421104e+02 4.940656e-323 7.028980e-163
5.582980e+03 1.057021e+03 0.000000e+00 0.000000e+00
5.582990e+03 1.456358e+03 0.000000e+00 0.000000e+00
5.583000e+03 1.907501e+03 0.000000e+00 0.000000e+00
5.583010e+03 2.353034e+03 0.000000e+00 0.000000e+00
5.583020e+03 2.721161e+03 0.000000e+00 0.000000e+00
5.583030e+03 2.944787e+03 0.000000e+00 0.000000e+00
5.583040e+03 2.982534e+03 0.000000e+00 0.000000e+00
5.583050e+03 2.832644e+03 0.000000e+00 0.000000e+00
5.583060e+03 2.533183e+03 0.000000e+00 0.000000e+00
5.583070e+03 2.148336e+03 0.000000e+00 0.000000e+00
5.583080e+03 1.747196e+03 0.000000e+00 0.000000e+00
5.583090e+03 1.384343e+03 0.000000e+00 0.000000e+00
5.583100e+03 1.089660e+03 0.000000e+00 0.000000e+00
5.583110e+03 8.697471e+02 0.000000e+00 0.000000e+00
5.583120e+03 7.182172e+02 1.208462e-312 1.099301e-157
5.583130e+03 6.292357e+02 5.326163e-274 2.307848e-138
5.583140e+03 6.084210e+02 5.835983e-265 7.639360e-134
5.583150e+03 6.768673e+02 1.097131e-294 1.047440e-148
5.583160e+03 8.662100e+02 0.000000e+00 0.000000e+00
5.583170e+03 1.205130e+03 0.000000e+00 0.000000e+00
5.583180e+03 1.700539e+03 0.000000e+00 0.000000e+00
5.583190e+03 2.320010e+03 0.000000e+00 0.000000e+00
5.583200e+03 2.984398e+03 0.000000e+00 0.000000e+00
5.583210e+03 3.578203e+03 0.000000e+00 0.000000e+00
5.583220e+03 3.978557e+03 0.000000e+00 0.000000e+00
5.583230e+03 4.093777e+03 0.000000e+00 0.000000e+00
5.583240e+03 3.895115e+03 0.000000e+00 0.000000e+00
5.583250e+03 3.426606e+03 0.000000e+00 0.000000e+00
5.583260e+03 2.788133e+03 0.000000e+00 0.000000e+00
5.583270e+03 2.100270e+03 0.000000e+00 0.000000e+00
5.583280e+03 1.467510e+03 0.000000e+00 0.000000e+00
5.583290e+03 9.547252e+02 0.000000e+00 0.000000e+00
5.583300e+03 5.826979e+02 8.659701e-254 2.942737e-128
5.583310e+03 3.386747e+02 8.230600e-148 2.868902e-75
5.583320e+03 1.929887e+02 1.534860e-84 1.238895e-43
5.583330e+03 1.136076e+02 4.579654e-50 2.140013e-26
5.583340e+03 7.462010e+01 3.916519e-33 6.258209e-18
5.583350e+03 5.872311e+01 3.139623e-26 1.771898e-14
5.583360e+03 5.588149e+01 5.382397e-25 7.336482e-14
5.583370e+03 6.057877e+01 4.908768e-27 7.006260e-15
5.583380e+03 6.930820e+01 7.940209e-31 8.910785e-17
5.583390e+03 7.907245e+01 4.563224e-35 6.755164e-19
5.583400e+03 8.698776e+01 1.666075e-38 1.290765e-20
5.583410e+03 9.064108e+01 4.315996e-40 2.077497e-21
5.583420e+03 8.868769e+01 3.043878e-39 5.517135e-21
5.583430e+03 8.119365e+01 5.470754e-36 2.338964e-19
5.583440e+03 6.949994e+01 6.554811e-31 8.096179e-17
5.583450e+03 5.566959e+01 6.652793e-25 8.156465e-14
5.583460e+03 4.180046e+01 7.019263e-19 8.378104e-11
5.583470e+03 2.949347e+01 1.552922e-13 3.940713e-08
5.583480e+03 1.961713e+01 3.022651e-09 5.497864e-06
5.583490e+03 1.235792e+01 4.295616e-06 2.072587e-04
5.583500e+03 7.434881e+00 5.902995e-04 2.429608e-03
5.583510e+03 4.341177e+00 1.302119e-02 1.141104e-02
5.583520e+03 2.540796e+00 7.880368e-02 2.807199e-02
5.583530e+03 1.583837e+00 2.051863e-01 4.529749e-02
5.583540e+03 1.151349e+00 3.162098e-01 5.623254e-02
5.583550e+03 1.053847e+00 3.485943e-01 5.904187e-02
5.583560e+03 1.204219e+00 2.999263e-01 5.476553e-02
5.583570e+03 1.576361e+00 2.067259e-01 4.546712e-02
5.583580e+03 2.160915e+00 1.152197e-01 3.394402e-02
5.583590e+03 2.922232e+00 5.381346e-02 2.319773e-02
5.583600e+03 3.769536e+00 2.306277e-02 1.518643e-02
5.583610e+03 4.561421e+00 1.044720e-02 1.022116e-02
5.583620e+03 5.137303e+00 5.873508e-03 7.663882e-03
5.583630e+03 5.382209e+00 4.597655e-03 6.780601e-03
5.583640e+03 5.284923e+00 5.067424e-03 7.118584e-03
5.583650e+03 4.966819e+00 6.965272e-03 8.345821e-03
5.583660e+03 4.669385e+00 9.378038e-03 9.684027e-03
5.583670e+03 4.719414e+00 8.920408e-03 9.444791e-03
5.583680e+03 5.487243e+00 4.139241e-03 6.433693e-03
5.583690e+03 7.376354e+00 6.258789e-04 2.501757e-03
5.583700e+03 1.083264e+01 1.974434e-05 4.443461e-04
5.583710e+03 1.637855e+01 7.707013e-08 2.776151e-05
5.583720e+03 2.463557e+01 1.999439e-11 4.471509e-07
5.583730e+03 3.635326e+01 1.629213e-16 1.276406e-09
5.583740e+03 5.242924e+01 1.699303e-23 4.122260e-13
5.583750e+03 7.391660e+01 7.914560e-33 8.896381e-18
5.583760e+03 1.020106e+02 4.981368e-45 7.057881e-24
5.583770e+03 1.380223e+02 1.142079e-60 1.068681e-31
5.583780e+03 1.833530e+02 2.348632e-80 1.532525e-41
5.583790e+03 2.395211e+02 9.491296e-105 9.742328e-54
5.583800e+03 3.082893e+02 1.293146e-134 1.137166e-68
5.583810e+03 3.918386e+02 6.708983e-171 8.190838e-87
5.583820e+03 4.927997e+02 9.545943e-215 9.770334e-109
5.583830e+03 6.138464e+02 2.569856e-267 5.069375e-135
5.583840e+03 7.566126e+02 0.000000e+00 0.000000e+00
5.583850e+03 9.200640e+02 0.000000e+00 0.000000e+00
5.583860e+03 1.098982e+03 0.000000e+00 0.000000e+00
5.583870e+03 1.283639e+03 0.000000e+00 0.000000e+00
5.583880e+03 1.461578e+03 0.000000e+00 0.000000e+00
5.583890e+03 1.621494e+03 0.000000e+00 0.000000e+00
5.583900e+03 1.757819e+03 0.000000e+00 0.000000e+00
5.583910e+03 1.873474e+03 0.000000e+00 0.000000e+00
5.583920e+03 1.978346e+03 0.000000e+00 0.000000e+00
5.583930e+03 2.082831e+03 0.000000e+00 0.000000e+00
5.583940e+03 2.188764e+03 0.000000e+00 0.000000e+00
5.583950e+03 2.282617e+03 0.000000e+00 0.000000e+00
5.583960e+03 2.335976e+03 0.000000e+00 0.000000e+00
5.583970e+03 2.314956e+03 0.000000e+00 0.000000e+00
5.583980e+03 2.194993e+03 0.000000e+00 0.000000e+00
5.583990e+03 1.973539e+03 0.000000e+00 0.000000e+00
5.584000e+03 1.673745e+03 0.000000e+00 0.000000e+00
5.584010e+03 1.337143e+03 0.000000e+00 0.000000e+00
5.584020e+03 1.009413e+03 0.000000e+00 0.000000e+00
5.584030e+03 7.265098e+02 3.025666e-316 1.739444e-159
5.584040e+03 5.070299e+02 6.305247e-221 7.940558e-112
5.584050e+03 3.523650e+02 9.328908e-154 3.054326e-78
5.584060e+03 2.522314e+02 2.866249e-110 1.693000e-56
5.584070e+03 1.916313e+02 5.964861e-84 2.442306e-43
5.584080e+03 1.562384e+02 1.401314e-68 1.183771e-35
5.584090e+03 1.351602e+02 1.998287e-59 4.470221e-31
5.584100e+03 1.214984e+02 1.713655e-53 4.139631e-28
5.584110e+03 1.117240e+02 3.012329e-49 5.488469e-26
5.584120e+03 1.047093e+02 3.352268e-46 1.830920e-24
5.584130e+03 1.008658e+02 1.565017e-44 1.251006e-23
5.584140e+03 1.014852e+02 8.424282e-45 9.178389e-24
5.584150e+03 1.082358e+02 9.857866e-48 3.139724e-25
5.584160e+03 1.227114e+02 5.094578e-54 2.257117e-28
5.584170e+03 1.459708e+02 4.033420e-64 2.008338e-33
5.584180e+03 1.780562e+02 4.690189e-78 2.165684e-40
5.584190e+03 2.175936e+02 3.164422e-95 5.625319e-49
5.584200e+03 2.616003e+02 2.445826e-114 1.563914e-58
5.584210e+03 3.056706e+02 1.774001e-133 4.211889e-68
5.584220e+03 3.446160e+02 2.163601e-150 1.470918e-76
5.584230e+03 3.734633e+02 6.411308e-163 8.007065e-83
5.584240e+03 3.885605e+02 1.779595e-169 4.218524e-86
5.584250e+03 3.883955e+02 2.098873e-169 4.581346e-86
5.584260e+03 3.738396e+02 4.400891e-163 6.633921e-83
5.584270e+03 3.477244e+02 9.665676e-152 3.108967e-77
5.584280e+03 3.139257e+02 4.610856e-137 6.790328e-70
5.584290e+03 2.763408e+02 9.699060e-121 9.848381e-62
5.584300e+03 2.381138e+02 3.876996e-104 1.969009e-53
5.584310e+03 2.013206e+02 3.694507e-88 1.922110e-45
5.584320e+03 1.670865e+02 2.724255e-73 5.219439e-38
5.584330e+03 1.359273e+02 9.279810e-60 3.046278e-31
5.584340e+03 1.080964e+02 1.133244e-47 3.366369e-25
5.584350e+03 8.378268e+01 4.108150e-37 6.409485e-20
5.584360e+03 6.314112e+01 3.785802e-28 1.945714e-15
5.584370e+03 4.622531e+01 8.406230e-21 9.168550e-12
5.584380e+03 3.290267e+01 5.135150e-15 7.165996e-09
5.584390e+03 2.283713e+01 1.207704e-10 1.098956e-06
5.584400e+03 1.553626e+01 1.789324e-07 4.230040e-05
5.584410e+03 1.043729e+01 2.931864e-05 5.414669e-04
5.584420e+03 7.000766e+00 9.111833e-04 3.018581e-03
5.584430e+03 4.782718e+00 8.373211e-03 9.150525e-03
5.584440e+03 3.473212e+00 3.101724e-02 1.761171e-02
5.584450e+03 2.917775e+00 5.405385e-02 2.324948e-02
5.584460e+03 3.116109e+00 4.432931e-02 2.105453e-02
5.584470e+03 4.225196e+00 1.462247e-02 1.209234e-02
5.584480e+03 6.544502e+00 1.438001e-03 3.792098e-03
5.584490e+03 1.047782e+01 2.815397e-05 5.306032e-04
5.584500e+03 1.645310e+01 7.153375e-08 2.674579e-05
5.584510e+03 2.478744e+01 1.717713e-11 4.144530e-07
5.584520e+03 3.552446e+01 3.731824e-16 1.931793e-09
5.584530e+03 4.828401e+01 1.072804e-21 3.275369e-12
5.584540e+03 6.219808e+01 9.721101e-28 3.117868e-15
5.584550e+03 7.601293e+01 9.727537e-34 3.118900e-18
5.584560e+03 8.839784e+01 4.067296e-39 6.377535e-21
5.584570e+03 9.843248e+01 1.783681e-43 4.223365e-23
5.584580e+03 1.061532e+02 7.911279e-47 8.894537e-25
5.584590e+03 1.129336e+02 8.986189e-50 2.997697e-26
5.584600e+03 1.214398e+02 1.817020e-53 4.262652e-28
5.584610e+03 1.349456e+02 2.476807e-59 4.976753e-31
5.584620e+03 1.560203e+02 1.742871e-68 1.320178e-35
5.584630e+03 1.849591e+02 4.713041e-81 6.865159e-42
5.584640e+03 2.186751e+02 1.073005e-95 3.275675e-49
5.584650e+03 2.508311e+02 1.162654e-109 3.409771e-56
5.584660e+03 2.735710e+02 1.547460e-119 3.933777e-61
5.584670e+03 2.804152e+02 1.648965e-122 1.284120e-62
5.584680e+03 2.691307e+02 1.312254e-117 3.622504e-60
5.584690e+03 2.433085e+02 2.150054e-106 1.466306e-54
5.584700e+03 2.119793e+02 8.680879e-93 9.317124e-48
5.584710e+03 1.875936e+02 3.381724e-82 1.838947e-42
5.584720e+03 1.833022e+02 2.471062e-80 1.571961e-41
5.584730e+03 2.103737e+02 4.323987e-92 2.079420e-47
5.584740e+03 2.760213e+02 1.334946e-120 1.155399e-61
5.584750e+03 3.814690e+02 2.138535e-166 1.462373e-84
5.584760e+03 5.202938e+02 1.094602e-226 1.046232e-114
5.584770e+03 6.776616e+02 4.957878e-295 7.041220e-149
5.584780e+03 8.315096e+02 0.000000e+00 0.000000e+00
5.584790e+03 9.563637e+02 0.000000e+00 0.000000e+00
5.584800e+03 1.029303e+03 0.000000e+00 0.000000e+00
5.584810e+03 1.036225e+03 0.000000e+00 0.000000e+00
5.584820e+03 9.759490e+02 0.000000e+00 0.000000e+00
5.584830e+03 8.603710e+02 0.000000e+00 0.000000e+00
5.584840e+03 7.105609e+02 2.554707e-309 5.054411e-156
5.584850e+03 5.504787e+02 8.514359e-240 2.917938e-121
5.584860e+03 4.008189e+02 8.444452e-175 9.189370e-89
5.584870e+03 2.750933e+02 3.376755e-120 1.837595e-61
5.584880e+03 1.787256e+02 2.401286e-78 1.549608e-40
5.584890e+03 1.106030e+02 9.241560e-49 9.613303e-26
5.584900e+03 6.578358e+01 2.694965e-29 5.191305e-16
5.584910e+03 3.809889e+01 2.843550e-17 5.332495e-10
5.584920e+03 2.192188e+01 3.016123e-10 1.736699e-06
5.584930e+03 1.297122e+01 2.326331e-06 1.525231e-04
5.584940e+03 8.398430e+00 2.252206e-04 1.500735e-03
5.584950e+03 6.512367e+00 1.484961e-03 3.853519e-03
5.584960e+03 6.408966e+00 1.646726e-03 4.057987e-03
5.584970e+03 7.653426e+00 4.744158e-04 2.178109e-03
5.584980e+03 1.005237e+01 4.308368e-05 6.563816e-04
5.584990e+03 1.349911e+01 1.372176e-06 1.171399e-04
5.585000e+03 1.787340e+01 1.728545e-08 1.314741e-05
5.585010e+03 2.297561e+01 1.051521e-10 1.025437e-06
5.585020e+03 2.849656e+01 4.208240e-13 6.487095e-08
5.585030e+03 3.401428e+01 1.689609e-15 4.110486e-09
5.585040e+03 3.903264e+01 1.117732e-17 3.343250e-10
5.585050e+03 4.304446e+01 2.023156e-19 4.497950e-11
5.585060e+03 4.561357e+01 1.549810e-20 1.244914e-11
5.585070e+03 4.645140e+01 6.705242e-21 8.188554e-12
5.585080e+03 4.547139e+01 1.786590e-20 1.336634e-11
5.585090e+03 4.280574e+01 2.568649e-19 5.068184e-11
5.585100e+03 3.877789e+01 1.442036e-17 3.797415e-10
5.585110e+03 3.384344e+01 2.004381e-15 4.477031e-09
5.585120e+03 2.850425e+01 4.175993e-13 6.462192e-08
5.585130e+03 2.323436e+01 8.117975e-11 9.009981e-07
5.585140e+03 1.840904e+01 1.011714e-08 1.005840e-05
5.585150e+03 1.427283e+01 6.329759e-07 7.955979e-05
5.585160e+03 1.093285e+01 1.786178e-05 4.226320e-04
5.585170e+03 8.381065e+00 2.291658e-04 1.513822e-03
5.585180e+03 6.525976e+00 1.464888e-03 3.827386e-03
5.585190e+03 5.235354e+00 5.324939e-03 7.297218e-03
5.585200e+03 4.368567e+00 1.266939e-02 1.125584e-02
5.585210e+03 3.795891e+00 2.246288e-02 1.498762e-02
5.585220e+03 3.413157e+00 3.293705e-02 1.814857e-02
5.585230e+03 3.152906e+00 4.272778e-02 2.067070e-02
5.585240e+03 2.980904e+00 5.074696e-02 2.252709e-02
5.585250e+03 2.911259e+00 5.440720e-02 2.332535e-02
5.585260e+03 3.035591e+00 4.804624e-02 2.191945e-02
5.585270e+03 3.587324e+00 2.767228e-02 1.663499e-02
5.585280e+03 5.053770e+00 6.385214e-03 7.990753e-03
5.585290e+03 8.336217e+00 2.396773e-04 1.548151e-03
5.585300e+03 1.491592e+01 3.327355e-07 5.768323e-05
5.585310e+03 2.693223e+01 2.011317e-12 1.418209e-07
5.585320e+03 4.702690e+01 3.771190e-21 6.141001e-12
5.585330e+03 7.784663e+01 1.554677e-34 1.246867e-18
5.585340e+03 1.212439e+02 2.210255e-53 4.701334e-28
5.585350e+03 1.774259e+02 8.808634e-78 2.967934e-40
5.585360e+03 2.444545e+02 6.835401e-107 8.267648e-55
5.585370e+03 3.183432e+02 5.563157e-139 7.458658e-71
5.585380e+03 3.936802e+02 1.063758e-171 3.261530e-87
5.585390e+03 4.643757e+02 2.109496e-202 1.452411e-102
5.585400e+03 5.241661e+02 2.278035e-228 1.509316e-115
5.585410e+03 5.669373e+02 6.056931e-247 7.782629e-125
5.585420e+03 5.873068e+02 8.627952e-256 2.937338e-129
5.585430e+03 5.818668e+02 1.988115e-253 4.458828e-128
5.585440e+03 5.508366e+02 5.952406e-240 2.439755e-121
5.585450e+03 4.992157e+02 1.560850e-217 3.950760e-110
5.585460e+03 4.364044e+02 2.964657e-190 1.721818e-96
5.585470e+03 3.739705e+02 3.860792e-163 6.213527e-83
5.585480e+03 3.223582e+02 1.003688e-140 1.001842e-71
5.585490e+03 2.880864e+02 7.685688e-126 2.772307e-64
5.585500e+03 2.728258e+02 3.260238e-119 5.709849e-61
5.585510e+03 2.747077e+02 4.965378e-120 2.228313e-61
5.585520e+03 2.909132e+02 4.550033e-127 6.745393e-65
5.585530e+03 3.198718e+02 1.206253e-139 3.473115e-71
5.585540e+03 3.616914e+02 8.306357e-158 2.882075e-80
5.585550e+03 4.167027e+02 1.067380e-181 3.267079e-92
5.585560e+03 4.834298e+02 1.119763e-210 1.058189e-106
5.585570e+03 5.578489e+02 5.361470e-243 7.322206e-123
5.585580e+03 6.350099e+02 1.654637e-276 1.286327e-139
5.585590e+03 7.123057e+02 4.462554e-310 2.112476e-156
5.585600e+03 7.921314e+02 0.000000e+00 0.000000e+00
5.585610e+03 8.815327e+02 0.000000e+00 0.000000e+00
5.585620e+03 9.880657e+02 0.000000e+00 0.000000e+00
5.585630e+03 1.113577e+03 0.000000e+00 0.000000e+00
5.585640e+03 1.249396e+03 0.000000e+00 0.000000e+00
5.585650e+03 1.376200e+03 0.000000e+00 0.000000e+00
5.585660e+03 1.469493e+03 0.000000e+00 0.000000e+00
5.585670e+03 1.508518e+03 0.000000e+00 0.000000e+00
5.585680e+03 1.484363e+03 0.000000e+00 0.000000e+00
5.585690e+03 1.403347e+03 0.000000e+00 0.000000e+00
5.585700e+03 1.284300e+03 0.000000e+00 0.000000e+00
5.585710e+03 1.151427e+03 0.000000e+00 0.000000e+00
5.585720e+03 1.026345e+03 0.000000e+00 0.000000e+00
5.585730e+03 9.226468e+02 0.000000e+00 0.000000e+00
5.585740e+03 8.445377e+02 0.000000e+00 0.000000e+00
5.585750e+03 7.889678e+02 0.000000e+00 0.000000e+00
5.585760e+03 7.493650e+02 0.000000e+00 0.000000e+00
5.585770e+03 7.189809e+02 5.630421e-313 7.503613e-158
5.585780e+03 6.926937e+02 1.468751e-301 3.832429e-152
5.585790e+03 6.672293e+02 1.682694e-290 1.297187e-146
5.585800e+03 6.406094e+02 6.121723e-279 7.824144e-141
5.585810e+03 6.118482e+02 1.895402e-266 1.376736e-134
5.585820e+03 5.815129e+02 2.832301e-253 5.321936e-128
5.585830e+03 5.529693e+02 7.054475e-241 8.399092e-122
5.585840e+03 5.333940e+02 2.238401e-232 1.496129e-117
5.585850e+03 5.333328e+02 2.379728e-232 1.542637e-117
5.585860e+03 5.639719e+02 1.175161e-245 3.428062e-124
5.585870e+03 6.323179e+02 2.442379e-275 4.942043e-139
5.585880e+03 7.359046e+02 2.515782e-320 1.586122e-161
5.585890e+03 8.596791e+02 0.000000e+00 0.000000e+00
5.585900e+03 9.775386e+02 0.000000e+00 0.000000e+00
5.585910e+03 1.059155e+03 0.000000e+00 0.000000e+00
5.585920e+03 1.079894e+03 0.000000e+00 0.000000e+00
5.585930e+03 1.029510e+03 0.000000e+00 0.000000e+00
5.585940e+03 9.154685e+02 0.000000e+00 0.000000e+00
5.585950e+03 7.594379e+02 0.000000e+00 0.000000e+00
5.585960e+03 5.889973e+02 1.591244e-256 1.261445e-129
5.585970e+03 4.287587e+02 6.200822e-187 7.874530e-95
5.585980e+03 2.946013e+02 1.138376e-128 1.066947e-65
5.585990e+03 1.924441e+02 2.646084e-84 1.626679e-43
5.586000e+03 1.205122e+02 4.594427e-53 6.778220e-28
5.586010e+03 7.296588e+01 2.047967e-32 1.431072e-17
5.586020e+03 4.303819e+01 2.035885e-19 4.512078e-11
5.586030e+03 2.486974e+01 1.582004e-11 3.977442e-07
5.586040e+03 1.413219e+01 7.285652e-07 8.535603e-05
5.586050e+03 7.924947e+00 3.616090e-04 1.901602e-03
5.586060e+03 4.416382e+00 1.207786e-02 1.098993e-02
5.586070e+03 2.481619e+00 8.360779e-02 2.891501e-02
5.586080e+03 1.443593e+00 2.360781e-01 4.858787e-02
5.586090e+03 9.015494e-01 4.059402e-01 6.371344e-02
5.586100e+03 6.248849e-01 5.353230e-01 7.316577e-02
5.586110e+03 4.849401e-01 6.157341e-01 7.846872e-02
5.586120e+03 4.129028e-01 6.617266e-01 8.134658e-02
5.586130e+03 3.736188e-01 6.882392e-01 8.296019e-02
5.586140e+03 3.499693e-01 7.047097e-01 8.394699e-02
5.586150e+03 3.326408e-01 7.170277e-01 8.467749e-02
5.586160e+03 3.162736e-01 7.288600e-01 8.537330e-02
5.586170e+03 3.004813e-01 7.404618e-01 8.605009e-02
5.586180e+03 2.833791e-01 7.532342e-01 8.678907e-02
5.586190e+03 2.647141e-01 7.674253e-01 8.760282e-02
5.586200e+03 2.454077e-01 7.823855e-01 8.845256e-02
5.586210e+03 2.260618e-01 7.976688e-01 8.931231e-02
5.586220e+03 2.075382e-01 8.125822e-01 9.014334e-02
5.586230e+03 1.900856e-01 8.268884e-01 9.093340e-02
5.586240e+03 1.750958e-01 8.393766e-01 9.161750e-02
5.586250e+03 1.622254e-01 8.502496e-01 9.220898e-02
5.586260e+03 1.513772e-01 8.595234e-01 9.271049e-02
5.586270e+03 1.422947e-01 8.673656e-01 9.313246e-02
5.586280e+03 1.346525e-01 8.740195e-01 9.348901e-02
5.586290e+03 1.278813e-01 8.799579e-01 9.380607e-02
5.586300e+03 1.222053e-01 8.849666e-01 9.407266e-02
5.586310e+03 1.171167e-01 8.894814e-01 9.431232e-02
5.586320e+03 1.123178e-01 8.937602e-01 9.453889e-02
5.586330e+03 1.081179e-01 8.975218e-01 9.473763e-02
5.586340e+03 1.041653e-01 9.010764e-01 9.492504e-02
5.586350e+03 1.005360e-01 9.043526e-01 9.509745e-02
5.586360e+03 9.711665e-02 9.074501e-01 9.526018e-02
5.586370e+03 9.357395e-02 9.106707e-01 9.542907e-02
5.586380e+03 9.053506e-02 9.134423e-01 9.557418e-02
5.586390e+03 8.713702e-02 9.165515e-01 9.573670e-02
5.586400e+03 8.442906e-02 9.190368e-01 9.586641e-02
5.586410e+03 8.186071e-02 9.214003e-01 9.598960e-02
5.586420e+03 7.859653e-02 9.244128e-01 9.614639e-02
5.586430e+03 7.629413e-02 9.265436e-01 9.625714e-02
5.586440e+03 7.347910e-02 9.291556e-01 9.639272e-02
5.586450e+03 7.141137e-02 9.310788e-01 9.649242e-02
5.586460e+03 6.943996e-02 9.329161e-01 9.658758e-02
5.586470e+03 6.725964e-02 9.349524e-01 9.669294e-02
5.586480e+03 6.546498e-02 9.366318e-01 9.677974e-02
5.586490e+03 6.204993e-02 9.398360e-01 9.694514e-02
5.586500e+03 6.045259e-02 9.413384e-01 9.702260e-02
5.586510e+03 5.892310e-02 9.427793e-01 9.709682e-02
5.586520e+03 5.699605e-02 9.445978e-01 9.719042e-02
5.586530e+03 5.559414e-02 9.459230e-01 9.725857e-02
5.586540e+03 5.424887e-02 9.471963e-01 9.732401e-02
5.586550e+03 5.250784e-02 9.488469e-01 9.740877e-02
5.586560e+03 5.128034e-02 9.500123e-01 9.746857e-02
5.586570e+03 5.010000e-02 9.511343e-01 9.752611e-02
5.586580e+03 4.896431e-02 9.522151e-01 9.758151e-02
5.586590e+03 4.787093e-02 9.532568e-01 9.763487e-02
5.586600e+03 4.681767e-02 9.542614e-01 9.768630e-02
5.586610e+03 4.580249e-02 9.552306e-01 9.773590e-02
5.586620e+03 4.482347e-02 9.561663e-01 9.778375e-02
5.586630e+03 4.429203e-02 9.566745e-01 9.780974e-02
5.586640e+03 4.339376e-02 9.575343e-01 9.785368e-02
5.586650e+03 4.252731e-02 9.583643e-01 9.789608e-02
5.586660e+03 4.169126e-02 9.591659e-01 9.793701e-02
5.586670e+03 4.059491e-02 9.602180e-01 9.799072e-02
5.586680e+03 3.982339e-02 9.609591e-01 9.802852e-02
5.586690e+03 3.907992e-02 9.616738e-01 9.806497e-02
5.586700e+03 3.793631e-02 9.627743e-01 9.812106e-02
5.586710e+03 3.725450e-02 9.634309e-01 9.815452e-02
5.586720e+03 3.660022e-02 9.640615e-01 9.818663e-02
5.586730e+03 3.510726e-02 9.655019e-01 9.825995e-02
5.586740e+03 3.452360e-02 9.660655e-01 9.828863e-02
5.586750e+03 3.397038e-02 9.666001e-01 9.831582e-02
5.586760e+03 3.344967e-02 9.671036e-01 9.834142e-02
5.586770e+03 3.296410e-02 9.675733e-01 9.836530e-02
5.586780e+03 3.251675e-02 9.680062e-01 9.838731e-02
5.586790e+03 3.211114e-02 9.683989e-01 9.840726e-02
5.586800e+03 3.175103e-02 9.687477e-01 9.842498e-02
5.586810e+03 3.079359e-02 9.696757e-01 9.847211e-02
5.586820e+03 3.054566e-02 9.699161e-01 9.848432e-02
5.586830e+03 3.035347e-02 9.701026e-01 9.849379e-02
5.586840e+03 3.021913e-02 9.702329e-01 9.850040e-02
5.586850e+03 3.014343e-02 9.703064e-01 9.850413e-02
5.586860e+03 3.083446e-02 9.696361e-01 9.847010e-02
5.586870e+03 3.092029e-02 9.695529e-01 9.846587e-02
5.586880e+03 3.106084e-02 9.694166e-01 9.845896e-02
5.586890e+03 3.124919e-02 9.692340e-01 9.844968e-02
5.586900e+03 3.098184e-02 9.694932e-01 9.846284e-02
5.586910e+03 3.078808e-02 9.696810e-01 9.847238e-02
5.586920e+03 3.107278e-02 9.694050e-01 9.845837e-02
5.586930e+03 3.105061e-02 9.694265e-01 9.845946e-02
5.586940e+03 3.133205e-02 9.691537e-01 9.844560e-02
5.586950e+03 3.159211e-02 9.689017e-01 9.843280e-02
5.586960e+03 3.182244e-02 9.686786e-01 9.842147e-02
5.586970e+03 3.136568e-02 9.691211e-01 9.844395e-02
5.586980e+03 3.153974e-02 9.689524e-01 9.843538e-02
5.586990e+03 3.169230e-02 9.688046e-01 9.842787e-02
5.587000e+03 3.185367e-02 9.686483e-01 9.841993e-02
5.587010e+03 3.210466e-02 9.684052e-01 9.840758e-02
5.587020e+03 3.267293e-02 9.678551e-01 9.837963e-02
5.587030e+03 3.490386e-02 9.656983e-01 9.826995e-02
5.587040e+03 3.919828e-02 9.615600e-01 9.805917e-02
5.587050e+03 5.026928e-02 9.509733e-01 9.751786e-02
5.587060e+03 7.935420e-02 9.237127e-01 9.610997e-02
5.587070e+03 1.466805e-01 8.635699e-01 9.292846e-02
5.587080e+03 2.933933e-01 7.457288e-01 8.635559e-02
5.587090e+03 5.827549e-01 5.583581e-01 7.472336e-02
5.587100e+03 1.103276e+00 3.317824e-01 5.760056e-02
5.587110e+03 1.954182e+00 1.416803e-01 3.764045e-02
5.587120e+03 3.213163e+00 4.022916e-02 2.005721e-02
5.587130e+03 4.890942e+00 7.514342e-03 8.668531e-03
5.587140e+03 6.892804e+00 1.015064e-03 3.186007e-03
5.587150e+03 9.017257e+00 1.212984e-04 1.101356e-03
5.587160e+03 1.101262e+01 1.649231e-05 4.061072e-04
5.587170e+03 1.268609e+01 3.093875e-06 1.758941e-04
5.587180e+03 1.401354e+01 8.203420e-07 9.057273e-05
5.587190e+03 1.518367e+01 2.545747e-07 5.045540e-05
5.587200e+03 1.652645e+01 6.647442e-08 2.578263e-05
5.587210e+03 1.833750e+01 1.086737e-08 1.042467e-05
5.587220e+03 2.067727e+01 1.047065e-09 3.235838e-06
5.587230e+03 2.325435e+01 7.957277e-11 8.920357e-07
5.587240e+03 2.547584e+01 8.629445e-12 2.937592e-07
5.587250e+03 2.664899e+01 2.669866e-12 1.633972e-07
5.587260e+03 2.625770e+01 3.948454e-12 1.987072e-07
5.587270e+03 2.417147e+01 3.180278e-11 5.639395e-07
5.587280e+03 2.069377e+01 1.029937e-09 3.209263e-06
5.587290e+03 1.643737e+01 7.266744e-08 2.695690e-05
5.587300e+03 1.210077e+01 5.555208e-06 2.356949e-04
5.587310e+03 8.254939e+00 2.599714e-04 1.612363e-03
5.587320e+03 5.223541e+00 5.388215e-03 7.340446e-03
5.587330e+03 3.076883e+00 4.610273e-02 2.147155e-02
5.587340e+03 1.707190e+00 1.813747e-01 4.258810e-02
5.587350e+03 9.274566e-01 3.955585e-01 6.289344e-02
5.587360e+03 5.514498e-01 5.761140e-01 7.590217e-02
5.587370e+03 4.362676e-01 6.464447e-01 8.040179e-02
5.587380e+03 4.913939e-01 6.117730e-01 7.821592e-02
5.587390e+03 6.676975e-01 5.128881e-01 7.161621e-02
5.587400e+03 9.392482e-01 3.909216e-01 6.252372e-02
5.587410e+03 1.286127e+00 2.763389e-01 5.256795e-02
5.587420e+03 1.682152e+00 1.859734e-01 4.312463e-02
5.587430e+03 2.089068e+00 1.238024e-01 3.518557e-02
5.587440e+03 2.457627e+00 8.563789e-02 2.926395e-02
5.587450e+03 2.734905e+00 6.490020e-02 2.547552e-02
5.587460e+03 2.875706e+00 5.637634e-02 2.374370e-02
5.587470e+03 2.854331e+00 5.759433e-02 2.399882e-02
5.587480e+03 2.672302e+00 6.909301e-02 2.628555e-02
5.587490e+03 2.358762e+00 9.453723e-02 3.074691e-02
5.587500e+03 1.962410e+00 1.405193e-01 3.748591e-02
5.587510e+03 1.541905e+00 2.139732e-01 4.625723e-02
5.587520e+03 1.149709e+00 3.167288e-01 5.627866e-02
5.587530e+03 8.287597e-01 4.365904e-01 6.607499e-02
5.587540e+03 6.157373e-01 5.402425e-01 7.350119e-02
5.587550e+03 5.574109e-01 5.726899e-01 7.567628e-02
5.587560e+03 7.389261e-01 4.776266e-01 6.911053e-02
5.587570e+03 1.318907e+00 2.674274e-01 5.171339e-02
5.587580e+03 2.557390e+00 7.750677e-02 2.784004e-02
5.587590e+03 4.810949e+00 8.140133e-03 9.022268e-03
5.587600e+03 8.463388e+00 2.110559e-04 1.452776e-03
5.587610e+03 1.377442e+01 1.041943e-06 1.020756e-04
5.587620e+03 2.067206e+01 1.052537e-09 3.244283e-06
5.587630e+03 2.857431e+01 3.893439e-13 6.239743e-08
5.587640e+03 3.636185e+01 1.615279e-16 1.270936e-09
5.587650e+03 4.258969e+01 3.188109e-19 5.646334e-11
5.587660e+03 4.590975e+01 1.152516e-20 1.073553e-11
5.587670e+03 4.554385e+01 1.661720e-20 1.289077e-11
5.587680e+03 4.158065e+01 8.744870e-19 9.351401e-11
5.587690e+03 3.493761e+01 6.710992e-16 2.590558e-09
5.587700e+03 2.702096e+01 1.840550e-12 1.356669e-07
5.587710e+03 1.924244e+01 4.396591e-09 6.630680e-06
5.587720e+03 1.262462e+01 3.290004e-06 1.813837e-04
5.587730e+03 7.645686e+00 4.781022e-04 2.186555e-03
5.587740e+03 4.300004e+00 1.356851e-02 1.164839e-02
5.587750e+03 2.292157e+00 1.010482e-01 3.178809e-02
5.587760e+03 1.237202e+00 2.901950e-01 5.386975e-02
5.587770e+03 7.937058e-01 4.521660e-01 6.724329e-02
5.587780e+03 7.147098e-01 4.893341e-01 6.995242e-02
5.587790e+03 8.406630e-01 4.314244e-01 6.568290e-02
5.587800e+03 1.069743e+00 3.430967e-01 5.857445e-02
5.587810e+03 1.328593e+00 2.648496e-01 5.146354e-02
5.587820e+03 1.558726e+00 2.104039e-01 4.586980e-02
5.587830e+03 1.715559e+00 1.798632e-01 4.241028e-02
5.587840e+03 1.774413e+00 1.695830e-01 4.118045e-02
5.587850e+03 1.735511e+00 1.763100e-01 4.198928e-02
5.587860e+03 1.623821e+00 1.971440e-01 4.440090e-02
5.587870e+03 1.481549e+00 2.272853e-01 4.767445e-02
5.587880e+03 1.362606e+00 2.559928e-01 5.059573e-02
5.587890e+03 1.324423e+00 2.659564e-01 5.157097e-02
5.587900e+03 1.423856e+00 2.407839e-01 4.906973e-02
5.587910e+03 1.710516e+00 1.807724e-01 4.251734e-02
5.587920e+03 2.221739e+00 1.084204e-01 3.292725e-02
5.587930e+03 2.967140e+00 5.145023e-02 2.268264e-02
5.587940e+03 3.917393e+00 1.989289e-02 1.410421e-02
5.587950e+03 4.995838e+00 6.766051e-03 8.225601e-03
5.587960e+03 6.082012e+00 2.283578e-03 4.778679e-03
5.587970e+03 7.030123e+00 8.848230e-04 2.974597e-03
5.587980e+03 7.699589e+00 4.530134e-04 2.128411e-03
5.587990e+03 7.990241e+00 3.387526e-04 1.840523e-03
5.588000e+03 7.865749e+00 3.836618e-04 1.958729e-03
5.588010e+03 7.362400e+00 6.346734e-04 2.519273e-03
5.588020e+03 6.572482e+00 1.398323e-03 3.739415e-03
5.588030e+03 5.616146e+00 3.638638e-03 6.032113e-03
5.588040e+03 4.612677e+00 9.925209e-03 9.962534e-03
5.588050e+03 3.655220e+00 2.585580e-02 1.607974e-02
5.588060e+03 2.807902e+00 6.033142e-02 2.456245e-02
5.588070e+03 2.111728e+00 1.210286e-01 3.478917e-02
5.588080e+03 1.598109e+00 2.022786e-01 4.497540e-02
5.588090e+03 1.298378e+00 2.729743e-01 5.224694e-02
5.588100e+03 1.251571e+00 2.860552e-01 5.348413e-02
5.588110e+03 1.495789e+00 2.240717e-01 4.733621e-02
5.588120e+03 2.051353e+00 1.285609e-01 3.585538e-02
5.588130e+03 2.894523e+00 5.532543e-02 2.352136e-02
5.588140e+03 3.934053e+00 1.956422e-02 1.398722e-02
5.588150e+03 5.006082e+00 6.697090e-03 8.183575e-03
5.588160e+03 5.899721e+00 2.740209e-03 5.234701e-03
5.588170e+03 6.415250e+00 1.636411e-03 4.045257e-03
5.588180e+03 6.428409e+00 1.615019e-03 4.018730e-03
5.588190e+03 5.936183e+00 2.642096e-03 5.140133e-03
5.588200e+03 5.060910e+00 6.339790e-03 7.962280e-03
5.588210e+03 4.011729e+00 1.810206e-02 1.345439e-02
5.588220e+03 3.030816e+00 4.827625e-02 2.197186e-02
5.588230e+03 2.359638e+00 9.445439e-02 3.073343e-02
5.588240e+03 2.246300e+00 1.057899e-01 3.252536e-02
5.588250e+03 2.984611e+00 5.055915e-02 2.248536e-02
5.588260e+03 4.959125e+00 7.019065e-03 8.377986e-03
5.588270e+03 8.621632e+00 1.801660e-04 1.342259e-03
5.588280e+03 1.438212e+01 5.674481e-07 7.532915e-05
5.588290e+03 2.237905e+01 1.909421e-10 1.381818e-06
5.588300e+03 3.221803e+01 1.018326e-14 1.009121e-08
5.588310e+03 4.281123e+01 2.554585e-19 5.054290e-11
5.588320e+03 5.246669e+01 1.636840e-23 4.045788e-13
5.588330e+03 5.928472e+01 1.790498e-26 1.338095e-14
5.588340e+03 6.175349e+01 1.516351e-27 3.894035e-15
5.588350e+03 5.929256e+01 1.776518e-26 1.332861e-14
5.588360e+03 5.247219e+01 1.627859e-23 4.034674e-13
5.588370e+03 4.280154e+01 2.579451e-19 5.078829e-11
5.588380e+03 3.218153e+01 1.056178e-14 1.027705e-08
5.588390e+03 2.230712e+01 2.051828e-10 1.432420e-06
5.588400e+03 1.426050e+01 6.408279e-07 8.005173e-05
5.588410e+03 8.415345e+00 2.214431e-04 1.488096e-03
5.588420e+03 4.595051e+00 1.010170e-02 1.005072e-02
5.588430e+03 2.339125e+00 9.641201e-02 3.105028e-02
5.588440e+03 1.141217e+00 3.194300e-01 5.651814e-02
5.588450e+03 5.915591e-01 5.534637e-01 7.439514e-02
5.588460e+03 4.247393e-01 6.539403e-01 8.086657e-02
5.588470e+03 5.085749e-01 6.013519e-01 7.754688e-02
5.588480e+03 8.066033e-01 4.463717e-01 6.681105e-02
5.588490e+03 1.340193e+00 2.617953e-01 5.116593e-02
5.588500e+03 2.151366e+00 1.163252e-01 3.410648e-02
5.588510e+03 3.260873e+00 3.835488e-02 1.958440e-02
5.588520e+03 4.632880e+00 9.726707e-03 9.862407e-03
5.588530e+03 6.151498e+00 2.130288e-03 4.615504e-03
5.588540e+03 7.621331e+00 4.898895e-04 2.213345e-03
5.588550e+03 8.801878e+00 1.504502e-04 1.226582e-03
5.588560e+03 9.469811e+00 7.714599e-05 8.783279e-04
5.588570e+03 9.487721e+00 7.577661e-05 8.704976e-04
5.588580e+03 8.850644e+00 1.432895e-04 1.197036e-03
5.588590e+03 7.689649e+00 4.575388e-04 2.139016e-03
5.588600e+03 6.231937e+00 1.965641e-03 4.433555e-03
5.588610e+03 4.738495e+00 8.751805e-03 9.355108e-03
5.588620e+03 3.450545e+00 3.172835e-02 1.781245e-02
5.588630e+03 2.569724e+00 7.655665e-02 2.766887e-02
5.588640e+03 2.278857e+00 1.024012e-01 3.200019e-02
5.588650e+03 2.779775e+00 6.205246e-02 2.491033e-02
5.588660e+03 4.327459e+00 1.320105e-02 1.148958e-02
5.588670e+03 7.201430e+00 7.455188e-04 2.730419e-03
5.588680e+03 1.160485e+01 9.121763e-06 3.020226e-04
5.588690e+03 1.750303e+01 2.503414e-08 1.582218e-05
5.588700e+03 2.447125e+01 2.356526e-11 4.854406e-07
5.588710e+03 3.165294e+01 1.791863e-14 1.338605e-08
5.588720e+03 3.790168e+01 3.463448e-17 5.885107e-10
5.588730e+03 4.209776e+01 5.214050e-19 7.220838e-11
5.588740e+03 4.351147e+01 1.268259e-19 3.561262e-11
5.588750e+03 4.204479e+01 5.497690e-19 7.414641e-11
5.588760e+03 3.823167e+01 2.489993e-17 4.989983e-10
5.588770e+03 3.301101e+01 4.607891e-15 6.788145e-09
5.588780e+03 2.740522e+01 1.253332e-12 1.119523e-07
5.588790e+03 2.226423e+01 2.141742e-10 1.463469e-06
5.588800e+03 1.816261e+01 1.294427e-08 1.137729e-05
5.588810e+03 1.543036e+01 1.989199e-07 4.460043e-05
5.588820e+03 1.423063e+01 6.602635e-07 8.125660e-05
5.588830e+03 1.460663e+01 4.533350e-07 6.733015e-05
5.588840e+03 1.646724e+01 7.052934e-08 2.655736e-05
5.588850e+03 1.954191e+01 3.258798e-09 5.708589e-06
5.588860e+03 2.335752e+01 7.177243e-11 8.471861e-07
5.588870e+03 2.727912e+01 1.421774e-12 1.192381e-07
5.588880e+03 3.062142e+01 5.026729e-14 2.242037e-08
5.588890e+03 3.279857e+01 5.698506e-15 7.548845e-09
5.588900e+03 3.345506e+01 2.955642e-15 5.436582e-09
5.588910e+03 3.252936e+01 7.458976e-15 8.636536e-09
5.588920e+03 3.022184e+01 7.495896e-14 2.737863e-08
5.588930e+03 2.690063e+01 2.075899e-12 1.440798e-07
5.588940e+03 2.298630e+01 1.040347e-10 1.019974e-06
5.588950e+03 1.886620e+01 6.404940e-09 8.003087e-06
5.588960e+03 1.485104e+01 3.550399e-07 5.958523e-05
5.588970e+03 1.117719e+01 1.398968e-05 3.740278e-04
5.588980e+03 8.007067e+00 3.331001e-04 1.825103e-03
5.588990e+03 5.434155e+00 4.364923e-03 6.606756e-03
5.589000e+03 3.482666e+00 3.072540e-02 1.752866e-02
5.589010e+03 2.111002e+00 1.211166e-01 3.480181e-02
5.589020e+03 1.231355e+00 2.918969e-01 5.402749e-02
5.589030e+03 7.400113e-01 4.771085e-01 6.907304e-02
5.589040e+03 5.440141e-01 5.804137e-01 7.618489e-02
5.589050e+03 5.736786e-01 5.634489e-01 7.506323e-02
5.589060e+03 7.833556e-01 4.568704e-01 6.759219e-02
5.589070e+03 1.136642e+00 3.208948e-01 5.664758e-02
5.589080e+03 1.587523e+00 2.044314e-01 4.521409e-02
5.589090e+03 2.067752e+00 1.264697e-01 3.556258e-02
5.589100e+03 2.489049e+00 8.298884e-02 2.880778e-02
5.589110e+03 2.760937e+00 6.323247e-02 2.514607e-02
5.589120e+03 2.821321e+00 5.952725e-02 2.439821e-02
5.589130e+03 2.654768e+00 7.031518e-02 2.651701e-02
5.589140e+03 2.300274e+00 1.002313e-01 3.165933e-02
5.589150e+03 1.835863e+00 1.594758e-01 3.993442e-02
5.589160e+03 1.350522e+00 2.591050e-01 5.090236e-02
5.589170e+03 9.170640e-01 3.996908e-01 6.322111e-02
5.589180e+03 5.768037e-01 5.616908e-01 7.494603e-02
5.589190e+03 3.392219e-01 7.123243e-01 8.439931e-02
5.589200e+03 1.924986e-01 8.248955e-01 9.082376e-02
5.589210e+03 1.181800e-01 8.885361e-01 9.426219e-02
5.589220e+03 1.054264e-01 8.999407e-01 9.486520e-02
5.589230e+03 1.643243e-01 8.484668e-01 9.211226e-02
5.589240e+03 3.401910e-01 7.116344e-01 8.435843e-02
5.589250e+03 7.292913e-01 4.822506e-01 6.944427e-02
5.589260e+03 1.490377e+00 2.252877e-01 4.746448e-02
5.589270e+03 2.838173e+00 5.853253e-02 2.419350e-02
5.589280e+03 5.000056e+00 6.737568e-03 8.208269e-03
5.589290e+03 8.128012e+00 2.951543e-04 1.718005e-03
5.589300e+03 1.217508e+01 5.157366e-06 2.270984e-04
5.589310e+03 1.679480e+01 5.082891e-08 2.254527e-05
5.589320e+03 2.132822e+01 5.460985e-10 2.336875e-06
5.589330e+03 2.493084e+01 1.488242e-11 3.857774e-07
5.589340e+03 2.682152e+01 2.246779e-12 1.498926e-07
5.589350e+03 2.655705e+01 2.926994e-12 1.710846e-07
5.589360e+03 2.420087e+01 3.088136e-11 5.557100e-07
5.589370e+03 2.029849e+01 1.529254e-09 3.910567e-06
5.589380e+03 1.567184e+01 1.562445e-07 3.952777e-05
5.589390e+03 1.114134e+01 1.450036e-05 3.807934e-04
5.589400e+03 7.297583e+00 6.771737e-04 2.602256e-03
5.589410e+03 4.407934e+00 1.218032e-02 1.103645e-02
5.589420e+03 2.461194e+00 8.533300e-02 2.921181e-02
5.589430e+03 1.281435e+00 2.776387e-01 5.269143e-02
5.589440e+03 6.424430e-01 5.260058e-01 7.252626e-02
5.589450e+03 3.557488e-01 7.006486e-01 8.370476e-02
5.589460e+03 3.149275e-01 7.298418e-01 8.543078e-02
5.589470e+03 5.164788e-01 5.966177e-01 7.724103e-02
5.589480e+03 1.078157e+00 3.402221e-01 5.832856e-02
5.589490e+03 2.256457e+00 1.047209e-01 3.236061e-02
5.589500e+03 4.446219e+00 1.172281e-02 1.082719e-02
5.589510e+03 8.125628e+00 2.958588e-04 1.720055e-03
5.589520e+03 1.371167e+01 1.109421e-06 1.053291e-04
5.589530e+03 2.132796e+01 5.462413e-10 2.337181e-06
5.589540e+03 3.055530e+01 5.370365e-14 2.317405e-08
5.589550e+03 4.030384e+01 3.135188e-18 1.770646e-10
5.589560e+03 4.893579e+01 5.590601e-22 2.364445e-12
5.589570e+03 5.468617e+01 1.778674e-24 1.333669e-13
5.589580e+03 5.624392e+01 3.746073e-25 6.120517e-14
5.589590e+03 5.323716e+01 7.575181e-24 2.752305e-13
5.589600e+03 4.637736e+01 7.220515e-21 8.497361e-12
5.589610e+03 3.718589e+01 7.085517e-17 8.417551e-10
5.589620e+03 2.744657e+01 1.202563e-12 1.096614e-07
5.589630e+03 1.865251e+01 7.930840e-09 8.905526e-06
5.589640e+03 1.167644e+01 8.491567e-06 2.914029e-04
5.589650e+03 6.738359e+00 1.184589e-03 3.441786e-03
5.589660e+03 3.590481e+00 2.758505e-02 1.660875e-02
5.589670e+03 1.772263e+00 1.699479e-01 4.122474e-02
5.589680e+03 8.161800e-01 4.421173e-01 6.649190e-02
5.589690e+03 3.563822e-01 7.002049e-01 8.367825e-02
5.589700e+03 1.528990e-01 8.582164e-01 9.263997e-02
5.589710e+03 6.911556e-02 9.332188e-01 9.660325e-02
5.589720e+03 3.626224e-02 9.643874e-01 9.820323e-02
5.589730e+03 2.335906e-02 9.769116e-01 9.883884e-02
5.589740e+03 1.779301e-02 9.823644e-01 9.911430e-02
5.589750e+03 1.486993e-02 9.852401e-01 9.925926e-02
5.589760e+03 1.296167e-02 9.871220e-01 9.935401e-02
5.589770e+03 1.152027e-02 9.885458e-01 9.942564e-02
5.589780e+03 1.035124e-02 9.897021e-01 9.948378e-02
5.589790e+03 9.372199e-03 9.906716e-01 9.953249e-02
5.589800e+03 8.538390e-03 9.914980e-01 9.957399e-02
5.589810e+03 7.820291e-03 9.922102e-01 9.960975e-02
5.589820e+03 7.196355e-03 9.928295e-01 9.964083e-02
5.589830e+03 6.650125e-03 9.933719e-01 9.966805e-02
5.589840e+03 6.168726e-03 9.938503e-01 9.969204e-02
5.589850e+03 5.741928e-03 9.942745e-01 9.971332e-02
5.589860e+03 5.361496e-03 9.946529e-01 9.973228e-02
5.589870e+03 5.020732e-03 9.949919e-01 9.974928e-02
5.589880e+03 4.714135e-03 9.952970e-01 9.976457e-02
5.589890e+03 4.437146e-03 9.955727e-01 9.977839e-02
5.589900e+03 4.185960e-03 9.958228e-01 9.979092e-02
5.589910e+03 3.957375e-03 9.960504e-01 9.980233e-02
5.589920e+03 3.748682e-03 9.962583e-01 9.981274e-02
5.589930e+03 3.299393e-03 9.967060e-01 9.983517e-02
5.589940e+03 3.804078e-03 9.962031e-01 9.980998e-02
5.589950e+03 3.654362e-03 9.963523e-01 9.981745e-02
5.589960e+03 3.517340e-03 9.964888e-01 9.982429e-02
5.589970e+03 3.391743e-03 9.966140e-01 9.983056e-02
5.589980e+03 3.276464e-03 9.967289e-01 9.983631e-02
5.589990e+03 2.778679e-03 9.972252e-01 9.986116e-02
5.590000e+03 2.693202e-03 9.973104e-01 9.986543e-02
5.590010e+03 2.614939e-03 9.973885e-01 9.986934e-02
5.590020e+03 2.543260e-03 9.974600e-01 9.987292e-02
5.590030e+03 2.477609e-03 9.975255e-01 9.987620e-02
5.590040e+03 2.417496e-03 9.975854e-01 9.987920e-02
5.590050e+03 2.362484e-03 9.976403e-01 9.988195e-02
5.590060e+03 2.312184e-03 9.976905e-01 9.988446e-02
5.590070e+03 2.266249e-03 9.977363e-01 9.988675e-02
5.590080e+03 2.224372e-03 9.977781e-01 9.988884e-02
5.590090e+03 2.186276e-03 9.978161e-01 9.989075e-02
5.590100e+03 2.151713e-03 9.978506e-01 9.989247e-02
5.590110e+03 2.120463e-03 9.978818e-01 9.989403e-02
5.590120e+03 2.092326e-03 9.979099e-01 9.989544e-02
5.590130e+03 2.067125e-03 9.979350e-01 9.989670e-02
5.590140e+03 2.062917e-03 9.979392e-01 9.989691e-02
5.590150e+03 2.052957e-03 9.979491e-01 9.989740e-02
5.590160e+03 2.060609e-03 9.979415e-01 9.989702e-02
5.590170e+03 2.109634e-03 9.978926e-01 9.989457e-02
5.590180e+03 2.253738e-03 9.977488e-01 9.988738e-02
5.590190e+03 2.601515e-03 9.974019e-01 9.987001e-02
5.590200e+03 4.501737e-03 9.955084e-01 9.977517e-02
5.590210e+03 6.396417e-03 9.936240e-01 9.968069e-02
5.590220e+03 9.452303e-03 9.905922e-01 9.952850e-02
5.590230e+03 1.323638e-02 9.868508e-01 9.934037e-02
5.590240e+03 1.958278e-02 9.806077e-01 9.902564e-02
5.590250e+03 2.748021e-02 9.728939e-01 9.863539e-02
5.590260e+03 3.619863e-02 9.644487e-01 9.820635e-02
5.590270e+03 4.446603e-02 9.565081e-01 9.780123e-02
5.590280e+03 5.072765e-02 9.505375e-01 9.749551e-02
5.590290e+03 5.361199e-02 9.477998e-01 9.735501e-02
5.590300e+03 5.241907e-02 9.489311e-01 9.741310e-02
5.590310e+03 4.739426e-02 9.537113e-01 9.765814e-02
5.590320e+03 4.044731e-02 9.603598e-01 9.799795e-02
5.590330e+03 3.156007e-02 9.689327e-01 9.843438e-02
5.590340e+03 2.301671e-02 9.772461e-01 9.885576e-02
5.590350e+03 1.586590e-02 9.842593e-01 9.920984e-02
5.590360e+03 1.012544e-02 9.899256e-01 9.949501e-02
5.590370e+03 6.760072e-03 9.932627e-01 9.966257e-02
5.590380e+03 4.755680e-03 9.952556e-01 9.976250e-02
5.590390e+03 3.690524e-03 9.963163e-01 9.981564e-02
5.590400e+03 3.303573e-03 9.967019e-01 9.983496e-02
5.590410e+03 3.130939e-03 9.968740e-01 9.984358e-02
5.590420e+03 3.114241e-03 9.968906e-01 9.984441e-02
5.590430e+03 3.169888e-03 9.968351e-01 9.984163e-02
5.590440e+03 3.258525e-03 9.967468e-01 9.983721e-02
5.590450e+03 3.363705e-03 9.966419e-01 9.983196e-02
5.590460e+03 3.466602e-03 9.965394e-01 9.982682e-02
5.590470e+03 3.593299e-03 9.964131e-01 9.982050e-02
5.590480e+03 3.728594e-03 9.962783e-01 9.981374e-02
5.590490e+03 3.873909e-03 9.961336e-01 9.980649e-02
5.590500e+03 4.031734e-03 9.959764e-01 9.979862e-02
5.590510e+03 4.207305e-03 9.958015e-01 9.978986e-02
5.590520e+03 4.412852e-03 9.955969e-01 9.977960e-02
5.590530e+03 4.677830e-03 9.953331e-01 9.976638e-02
5.590540e+03 5.071748e-03 9.949411e-01 9.974673e-02
5.590550e+03 5.751329e-03 9.942652e-01 9.971285e-02
5.590560e+03 7.049743e-03 9.929750e-01 9.964813e-02
5.590570e+03 9.641798e-03 9.904045e-01 9.951907e-02
5.590580e+03 1.472939e-02 9.853786e-01 9.926624e-02
5.590590e+03 2.441007e-02 9.758854e-01 9.878691e-02
5.590600e+03 4.200188e-02 9.588680e-01 9.792180e-02
5.590610e+03 7.218749e-02 9.303564e-01 9.645499e-02
5.590620e+03 1.209757e-01 8.860555e-01 9.413052e-02
5.590630e+03 1.948209e-01 8.229821e-01 9.071836e-02
5.590640e+03 2.993827e-01 7.412757e-01 8.609737e-02
5.590650e+03 4.372706e-01 6.457967e-01 8.036148e-02
5.590660e+03 6.057635e-01 5.456576e-01 7.386864e-02
5.590670e+03 7.951239e-01 4.515253e-01 6.719563e-02
5.590680e+03 9.884784e-01 3.721425e-01 6.100349e-02
5.590690e+03 1.163891e+00 3.122687e-01 5.588101e-02
5.590700e+03 1.298498e+00 2.729414e-01 5.224379e-02
5.590710e+03 1.373656e+00 2.531797e-01 5.031697e-02
5.590720e+03 1.379429e+00 2.517223e-01 5.017193e-02
5.590730e+03 1.316834e+00 2.679825e-01 5.176702e-02
5.590740e+03 1.197074e+00 3.020767e-01 5.496151e-02
5.590750e+03 1.038224e+00 3.540831e-01 5.950488e-02
5.590760e+03 8.607329e-01 4.228520e-01 6.502707e-02
5.590770e+03 6.843335e-01 5.044263e-01 7.102298e-02
5.590780e+03 5.215163e-01 5.936198e-01 7.704672e-02
5.590790e+03 3.815542e-01 6.827994e-01 8.263167e-02
5.590800e+03 2.710346e-01 7.625901e-01 8.732640e-02
5.590810e+03 1.908028e-01 8.262955e-01 9.090080e-02
5.590820e+03 1.442910e-01 8.656358e-01 9.303955e-02
5.590830e+03 1.417672e-01 8.678233e-01 9.315703e-02
5.590840e+03 2.208921e-01 8.018032e-01 8.954346e-02
5.590850e+03 4.748734e-01 6.219638e-01 7.886468e-02
5.590860e+03 1.100113e+00 3.328335e-01 5.769173e-02
5.590870e+03 2.447343e+00 8.652319e-02 2.941482e-02
5.590880e+03 5.038753e+00 6.481827e-03 8.050979e-03
5.590890e+03 9.488201e+00 7.574021e-05 8.702885e-04
5.590900e+03 1.627082e+01 8.583657e-08 2.929788e-05
5.590910e+03 2.536423e+01 9.648425e-12 3.106191e-07
5.590920e+03 3.591360e+01 2.528834e-16 1.590231e-09
5.590930e+03 4.616809e+01 8.901256e-21 9.434647e-12
5.590940e+03 5.387375e+01 4.008005e-24 2.002000e-13
5.590950e+03 5.705916e+01 1.657754e-25 4.071553e-14
5.590960e+03 5.485022e+01 1.509561e-24 1.228642e-13
5.590970e+03 4.786020e+01 1.639006e-21 4.048465e-12
5.590980e+03 3.791651e+01 3.412458e-17 5.841625e-10
5.590990e+03 2.729310e+01 1.402025e-12 1.184071e-07
5.591000e+03 1.788787e+01 1.703713e-08 1.305263e-05
5.591010e+03 1.074457e+01 2.156212e-05 4.643503e-04
5.591020e+03 6.045801e+00 2.367784e-03 4.865988e-03
5.591030e+03 3.415567e+00 3.285776e-02 1.812671e-02
5.591040e+03 2.293946e+00 1.008677e-01 3.175967e-02
5.591050e+03 2.194664e+00 1.113960e-01 3.337604e-02
5.591060e+03 2.810973e+00 6.014647e-02 2.452478e-02
5.591070e+03 4.018375e+00 1.798217e-02 1.340976e-02
5.591080e+03 5.843568e+00 2.898481e-03 5.383754e-03
5.591090e+03 8.447124e+00 2.145165e-04 1.464638e-03
5.591100e+03 1.213019e+01 5.394203e-06 2.322542e-04
5.591110e+03 1.734850e+01 2.921748e-08 1.709312e-05
5.591120e+03 2.469315e+01 1.887560e-11 4.344606e-07
5.591130e+03 3.479842e+01 7.713227e-16 2.777270e-09
5.591140e+03 4.815284e+01 1.223176e-21 3.497393e-12
5.591150e+03 6.483215e+01 6.978366e-29 8.353662e-16
5.591160e+03 8.422825e+01 2.631083e-37 5.129408e-20
5.591170e+03 1.048917e+02 2.793348e-46 1.671331e-24
5.591180e+03 1.246011e+02 7.698773e-55 8.774265e-29
5.591190e+03 1.407158e+02 7.725036e-62 2.779395e-32
5.591200e+03 1.507435e+02 3.411411e-66 1.847001e-34
5.591210e+03 1.529720e+02 3.673824e-67 6.061208e-35
5.591220e+03 1.469351e+02 1.537717e-64 1.240047e-33
5.591230e+03 1.335466e+02 1.003381e-58 1.001689e-30
5.591240e+03 1.148503e+02 1.321775e-50 1.149685e-26
5.591250e+03 9.348615e+01 2.508879e-41 5.008871e-22
5.591260e+03 7.206469e+01 5.043136e-32 2.245693e-17
5.591270e+03 5.265467e+01 1.356331e-23 3.682840e-13
5.591280e+03 3.651365e+01 1.387790e-16 1.178045e-09
5.591290e+03 2.408036e+01 3.483629e-11 5.902227e-07
5.591300e+03 1.515767e+01 2.612800e-07 5.111555e-05
5.591310e+03 9.175976e+00 1.034962e-04 1.017331e-03
5.591320e+03 5.433399e+00 4.368221e-03 6.609252e-03
5.591330e+03 3.270455e+00 3.798914e-02 1.949080e-02
5.591340e+03 2.151269e+00 1.163365e-01 3.410813e-02
5.591350e+03 1.682521e+00 1.859048e-01 4.311668e-02
5.591360e+03 1.594559e+00 2.029981e-01 4.505531e-02
5.591370e+03 1.710956e+00 1.806929e-01 4.250799e-02
5.591380e+03 1.921709e+00 1.463566e-01 3.825658e-02
5.591390e+03 2.164614e+00 1.147942e-01 3.388129e-02
5.591400e+03 2.411942e+00 8.964107e-02 2.994012e-02
5.591410e+03 2.657096e+00 7.015168e-02 2.648616e-02
5.591420e+03 2.898495e+00 5.510608e-02 2.347468e-02
5.591430e+03 3.123346e+00 4.400966e-02 2.097848e-02
5.591440e+03 3.298372e+00 3.694325e-02 1.922063e-02
5.591450e+03 3.373997e+00 3.425245e-02 1.850742e-02
5.591460e+03 3.301451e+00 3.682969e-02 1.919106e-02
5.591470e+03 3.058030e+00 4.698017e-02 2.167491e-02
5.591480e+03 2.658606e+00 7.004581e-02 2.646617e-02
5.591490e+03 2.156706e+00 1.157057e-01 3.401554e-02
5.591500e+03 1.626310e+00 1.966538e-01 4.434567e-02
5.591510e+03 1.137604e+00 3.205863e-01 5.662034e-02
5.591520e+03 7.378427e-01 4.781443e-01 6.914798e-02
5.591530e+03 4.444541e-01 6.411742e-01 8.007336e-02
5.591540e+03 2.499141e-01 7.788677e-01 8.825348e-02
5.591550e+03 1.327513e-01 8.756829e-01 9.357793e-02
5.591560e+03 6.834787e-02 9.339355e-01 9.664034e-02
5.591570e+03 3.583868e-02 9.647959e-01 9.822403e-02
5.591580e+03 2.061421e-02 9.795968e-01 9.897458e-02
5.591590e+03 1.368280e-02 9.864104e-01 9.931819e-02
5.591600e+03 9.961482e-03 9.900880e-01 9.950316e-02
5.591610e+03 8.583414e-03 9.914533e-01 9.957175e-02
5.591620e+03 7.814140e-03 9.922163e-01 9.961006e-02
5.591630e+03 6.574234e-03 9.934473e-01 9.967183e-02
5.591640e+03 6.806514e-03 9.932166e-01 9.966025e-02
5.591650e+03 6.842337e-03 9.931810e-01 9.965847e-02
5.591660e+03 7.418680e-03 9.926088e-01 9.962975e-02
5.591670e+03 9.333728e-03 9.907097e-01 9.953440e-02
5.591680e+03 1.435169e-02 9.857508e-01 9.928498e-02
5.591690e+03 2.595676e-02 9.743772e-01 9.871055e-02
5.591700e+03 5.022691e-02 9.510136e-01 9.751993e-02
5.591710e+03 9.635195e-02 9.081443e-01 9.529661e-02
5.591720e+03 1.759484e-01 8.386612e-01 9.157845e-02
5.591730e+03 3.002064e-01 7.406653e-01 8.606191e-02
5.591740e+03 4.749035e-01 6.219451e-01 7.886350e-02
5.591750e+03 6.938033e-01 4.996720e-01 7.068748e-02
5.591760e+03 9.345085e-01 3.927789e-01 6.267207e-02
5.591770e+03 1.159550e+00 3.136273e-01 5.600244e-02
5.591780e+03 1.325155e+00 2.657618e-01 5.155209e-02
5.591790e+03 1.393941e+00 2.480956e-01 4.980919e-02
5.591800e+03 1.349863e+00 2.592759e-01 5.091914e-02
5.591810e+03 1.204157e+00 2.999448e-01 5.476722e-02
5.591820e+03 9.890920e-01 3.719143e-01 6.098477e-02
5.591830e+03 7.494623e-01 4.726206e-01 6.874741e-02
5.591840e+03 5.264876e-01 5.906760e-01 7.685545e-02
5.591850e+03 3.490220e-01 7.053776e-01 8.398676e-02
5.591860e+03 2.317776e-01 7.931225e-01 8.905742e-02
5.591870e+03 1.797188e-01 8.355051e-01 9.140597e-02
5.591880e+03 1.951173e-01 8.227382e-01 9.070492e-02
5.591890e+03 2.795052e-01 7.561578e-01 8.695733e-02
5.591900e+03 4.354565e-01 6.469693e-01 8.043440e-02
5.591910e+03 6.594837e-01 5.171183e-01 7.191094e-02
5.591920e+03 9.353229e-01 3.924591e-01 6.264656e-02
5.591930e+03 1.230326e+00 2.921974e-01 5.405529e-02
5.591940e+03 1.499068e+00 2.233382e-01 4.725867e-02
5.591950e+03 1.695857e+00 1.834420e-01 4.283013e-02
5.591960e+03 1.789842e+00 1.669866e-01 4.086399e-02
5.591970e+03 1.778141e+00 1.689519e-01 4.110376e-02
5.591980e+03 1.684375e+00 1.855603e-01 4.307671e-02
5.591990e+03 1.549313e+00 2.123938e-01 4.608620e-02
5.592000e+03 1.413241e+00 2.433532e-01 4.933084e-02
5.592010e+03 1.301169e+00 2.722135e-01 5.217408e-02
5.592020e+03 1.216973e+00 2.961252e-01 5.441738e-02
5.592030e+03 1.147615e+00 3.173928e-01 5.633762e-02
5.592040e+03 1.073290e+00 3.418817e-01 5.847065e-02
5.592050e+03 9.787578e-01 3.757776e-01 6.130070e-02
5.592060e+03 8.582822e-01 4.238896e-01 6.510681e-02
5.592070e+03 7.173546e-01 4.880416e-01 6.985997e-02
5.592080e+03 5.687038e-01 5.662590e-01 7.525018e-02
5.592090e+03 4.270331e-01 6.524420e-01 8.077388e-02
5.592100e+03 3.045986e-01 7.374193e-01 8.587312e-02
5.592110e+03 2.089829e-01 8.114091e-01 9.007825e-02
5.592120e+03 1.431664e-01 8.666099e-01 9.309188e-02
5.592130e+03 1.067336e-01 8.987651e-01 9.480322e-02
5.592140e+03 9.947975e-02 9.053083e-01 9.514769e-02
5.592150e+03 1.203898e-01 8.865747e-01 9.415810e-02
5.592160e+03 1.697037e-01 8.439148e-01 9.186483e-02
5.592170e+03 2.475588e-01 7.807043e-01 8.835747e-02
5.592180e+03 3.522006e-01 7.031390e-01 8.385339e-02
5.592190e+03 4.780165e-01 6.200120e-01 7.874084e-02
5.592200e+03 6.143106e-01 5.410138e-01 7.355364e-02
5.592210e+03 7.456395e-01 4.744308e-01 6.887894e-02
5.592220e+03 8.540594e-01 4.256834e-01 6.524442e-02
5.592230e+03 9.228964e-01 3.973664e-01 6.303701e-02
5.592240e+03 9.409480e-01 3.902577e-01 6.247061e-02
5.592250e+03 9.057400e-01 4.042426e-01 6.358008e-02
5.592260e+03 8.248632e-01 4.382949e-01 6.620385e-02
5.592270e+03 7.154223e-01 4.889856e-01 6.992750e-02
5.592280e+03 6.028397e-01 5.472554e-01 7.397671e-02
5.592290e+03 5.210352e-01 5.939054e-01 7.706526e-02
5.592300e+03 5.157236e-01 5.970684e-01 7.727020e-02
5.592310e+03 6.507992e-01 5.216287e-01 7.222387e-02
5.592320e+03 1.014559e+00 3.625623e-01 6.021315e-02
5.592330e+03 1.718846e+00 1.792730e-01 4.234064e-02
5.592340e+03 2.882367e+00 5.600205e-02 2.366475e-02
5.592350e+03 4.592595e+00 1.012654e-02 1.006307e-02
5.592360e+03 6.850654e+00 1.058763e-03 3.253864e-03
5.592370e+03 9.517991e+00 7.351724e-05 8.574219e-04
5.592380e+03 1.229492e+01 4.574933e-06 2.138909e-04
5.592390e+03 1.475650e+01 3.902404e-07 6.246922e-05
5.592400e+03 1.645159e+01 7.164125e-08 2.676588e-05
5.592410e+03 1.703552e+01 3.995461e-08 1.998865e-05
5.592420e+03 1.638369e+01 7.667532e-08 2.769031e-05
5.592430e+03 1.463457e+01 4.408465e-07 6.639627e-05
5.592440e+03 1.214169e+01 5.332498e-06 2.309220e-04
5.592450e+03 9.357225e+00 8.633935e-05 9.291897e-04
5.592460e+03 6.699625e+00 1.231373e-03 3.509093e-03
5.592470e+03 4.457651e+00 1.158956e-02 1.076548e-02
5.592480e+03 2.757541e+00 6.344759e-02 2.518880e-02
5.592490e+03 1.587397e+00 2.044570e-01 4.521693e-02
5.592500e+03 8.511723e-01 4.269142e-01 6.533867e-02
5.592510e+03 4.269780e-01 6.524779e-01 8.077611e-02
5.592520e+03 2.017107e-01 8.173313e-01 9.040638e-02
5.592530e+03 9.111877e-02 9.129093e-01 9.554629e-02
5.592540e+03 4.064863e-02 9.601664e-01 9.798808e-02
5.592550e+03 1.902493e-02 9.811549e-01 9.905326e-02
5.592560e+03 1.014801e-02 9.899033e-01 9.949388e-02
5.592570e+03 6.440865e-03 9.935798e-01 9.967847e-02
5.592580e+03 4.830620e-03 9.951810e-01 9.975876e-02
5.592590e+03 3.988568e-03 9.960194e-01 9.980077e-02
5.592600e+03 3.450185e-03 9.965558e-01 9.982764e-02
5.592610e+03 3.050211e-03 9.969544e-01 9.984761e-02
5.592620e+03 2.728241e-03 9.972755e-01 9.986368e-02
5.592630e+03 2.459168e-03 9.975439e-01 9.987712e-02
5.592640e+03 2.230038e-03 9.977724e-01 9.988856e-02
5.592650e+03 2.032650e-03 9.979694e-01 9.989842e-02
5.592660e+03 1.861121e-03 9.981406e-01 9.990699e-02
5.592670e+03 1.710977e-03 9.982905e-01 9.991449e-02
5.592680e+03 1.578710e-03 9.984225e-01 9.992110e-02
5.592690e+03 1.461623e-03 9.985394e-01 9.992695e-02
5.592700e+03 1.357266e-03 9.986437e-01 9.993216e-02
5.592710e+03 1.263797e-03 9.987370e-01 9.993683e-02
5.592720e+03 1.179894e-03 9.988208e-01 9.994102e-02
5.592730e+03 1.104202e-03 9.988964e-01 9.994481e-02
5.592740e+03 1.035668e-03 9.989649e-01 9.994823e-02
5.592750e+03 9.734039e-04 9.990271e-01 9.995134e-02
5.592760e+03 9.166585e-04 9.990838e-01 9.995418e-02
5.592770e+03 8.647905e-04 9.991356e-01 9.995677e-02
5.592780e+03 8.172504e-04 9.991831e-01 9.995915e-02
5.592790e+03 7.735648e-04 9.992267e-01 9.996133e-02
5.592800e+03 7.333238e-04 9.992669e-01 9.996334e-02
5.592810e+03 6.961712e-04 9.993041e-01 9.996520e-02
5.592820e+03 6.617962e-04 9.993384e-01 9.996692e-02
5.592830e+03 6.299263e-04 9.993703e-01 9.996851e-02
5.592840e+03 6.003220e-04 9.993999e-01 9.996999e-02
5.592850e+03 5.727719e-04 9.994274e-01 9.997137e-02
5.592860e+03 5.470889e-04 9.994531e-01 9.997265e-02
5.592870e+03 5.231069e-04 9.994770e-01 9.997385e-02
5.592880e+03 5.006779e-04 9.994994e-01 9.997497e-02
5.592890e+03 4.796699e-04 9.995204e-01 9.997602e-02
5.592900e+03 4.599646e-04 9.995401e-01 9.997700e-02
5.592910e+03 5.422010e-04 9.994579e-01 9.997289e-02
5.592920e+03 5.950964e-04 9.994051e-01 9.997025e-02
5.592930e+03 7.595416e-04 9.992407e-01 9.996203e-02
5.592940e+03 1.199702e-03 9.988010e-01 9.994003e-02
5.592950e+03 2.267036e-03 9.977355e-01 9.988671e-02
5.592960e+03 4.632440e-03 9.953783e-01 9.976865e-02
5.592970e+03 9.422528e-03 9.906217e-01 9.952998e-02
5.592980e+03 1.826480e-02 9.819010e-01 9.909092e-02
5.592990e+03 3.309279e-02 9.674488e-01 9.835897e-02
5.593000e+03 5.557770e-02 9.459385e-01 9.725937e-02
5.593010e+03 8.620260e-02 9.174083e-01 9.578144e-02
5.593020e+03 1.232695e-01 8.840254e-01 9.402262e-02
5.593030e+03 1.623860e-01 8.501130e-01 9.220157e-02
5.593040e+03 1.969779e-01 8.212088e-01 9.062057e-02
5.593050e+03 2.199732e-01 8.025403e-01 8.958461e-02
5.593060e+03 2.258719e-01 7.978203e-01 8.932079e-02
5.593070e+03 2.137308e-01 8.075658e-01 8.986466e-02
5.593080e+03 1.861513e-01 8.301480e-01 9.111246e-02
5.593090e+03 1.492410e-01 8.613615e-01 9.280956e-02
5.593100e+03 1.101511e-01 8.956988e-01 9.464136e-02
5.593110e+03 7.486293e-02 9.278707e-01 9.632604e-02
5.593120e+03 4.687067e-02 9.542108e-01 9.768371e-02
5.593130e+03 2.705366e-02 9.733090e-01 9.865642e-02
5.593140e+03 1.441776e-02 9.856857e-01 9.928170e-02
5.593150e+03 7.116615e-03 9.929086e-01 9.964480e-02
5.593160e+03 3.275679e-03 9.967297e-01 9.983635e-02
5.593170e+03 1.427561e-03 9.985735e-01 9.992865e-02
5.593180e+03 6.092795e-04 9.993909e-01 9.996954e-02
5.593190e+03 2.722661e-04 9.997278e-01 9.998639e-02
5.593200e+03 1.401773e-04 9.998598e-01 9.999299e-02
5.593210e+03 8.841894e-05 9.999116e-01 9.999558e-02
5.593220e+03 6.621796e-05 9.999338e-01 9.999669e-02
5.593230e+03 0.000000e+00 1.000000e+00 1.000000e-01
5.593240e+03 0.000000e+00 1.000000e+00 1.000000e-01
5.593250e+03 0.000000e+00 1.000000e+00 1.000000e-01
5.593260e+03 0.000000e+00 1.000000e+00 1.000000e-01
5.593270e+03 0.000000e+00 1.000000e+00 1.000000e-01
5.593280e+03 0.000000e+00 1.000000e+00 1.000000e-01
5.593290e+03 0.000000e+00 1.000000e+00 1.000000e-01
5.593300e+03 0.000000e+00 1.000000e+00 1.000000e-01
5.593310e+03 0.000000e+00 1.000000e+00 1.000000e-01
5.593320e+03 0.000000e+00 1.000000e+00 1.000000e-01
5.593330e+03 0.000000e+00 1.000000e+00 1.000000e-01
5.593340e+03 0.000000e+00 1.000000e+00 1.000000e-01
5.593350e+03 0.000000e+00 1.000000e+00 1.000000e-01
5.593360e+03 0.000000e+00 1.000000e+00 1.000000e-01
5.593370e+03 0.000000e+00 1.000000e+00 1.000000e-01
5.593380e+03 0.000000e+00 1.000000e+00 1.000000e-01
5.593390e+03 0.000000e+00 1.000000e+00 1.000000e-01
5.593400e+03 0.000000e+00 1.000000e+00 1.000000e-01
5.593410e+03 0.000000e+00 1.000000e+00 1.000000e-01
5.593420e+03 0.000000e+00 1.000000e+00 1.000000e-01
5.593430e+03 0.000000e+00 1.000000e+00 1.000000e-01
5.593440e+03 0.000000e+00 1.000000e+00 1.000000e-01
5.593450e+03 0.000000e+00 1.000000e+00 1.000000e-01
5.593460e+03 0.000000e+00 1.000000e+00 1.000000e-01
5.593470e+03 0.000000e+00 1.000000e+00 1.000000e-01
5.593480e+03 0.000000e+00 1.000000e+00 1.000000e-01
5.593490e+03 0.000000e+00 1.000000e+00 1.000000e-01
5.593500e+03 0.000000e+00 1.000000e+00 1.000000e-01
5.593510e+03 0.000000e+00 1.000000e+00 1.000000e-01
5.593520e+03 0.000000e+00 1.000000e+00 1.000000e-01
5.593530e+03 0.000000e+00 1.000000e+00 1.000000e-01
5.593540e+03 0.000000e+00 1.000000e+00 1.000000e-01
5.593550e+03 0.000000e+00 1.000000e+00 1.000000e-01
5.593560e+03 0.000000e+00 1.000000e+00 1.000000e-01
5.593570e+03 0.000000e+00 1.000000e+00 1.000000e-01
5.593580e+03 0.000000e+00 1.000000e+00 1.000000e-01
5.593590e+03 0.000000e+00 1.000000e+00 1.000000e-01
5.593600e+03 0.000000e+00 1.000000e+00 1.000000e-01
5.593610e+03 0.000000e+00 1.000000e+00 1.000000e-01
5.593620e+03 0.000000e+00 1.000000e+00 1.000000e-01
5.593630e+03 0.000000e+00 1.000000e+00 1.000000e-01
5.593640e+03 0.000000e+00 1.000000e+00 1.000000e-01
5.593650e+03 0.000000e+00 1.000000e+00 1.000000e-01
5.593660e+03 0.000000e+00 1.000000e+00 1.000000e-01
5.593670e+03 0.000000e+00 1.000000e+00 1.000000e-01
5.593680e+03 0.000000e+00 1.000000e+00 1.000000e-01
5.593690e+03 0.000000e+00 1.000000e+00 1.000000e-01
5.593700e+03 0.000000e+00 1.000000e+00 1.000000e-01
5.593710e+03 0.000000e+00 1.000000e+00 1.000000e-01
5.593720e+03 0.000000e+00 1.000000e+00 1.000000e-01
5.593730e+03 0.000000e+00 1.000000e+00 1.000000e-01
5.593740e+03 0.000000e+00 1.000000e+00 1.000000e-01
5.593750e+03 0.000000e+00 1.000000e+00 1.000000e-01
5.593760e+03 0.000000e+00 1.000000e+00 1.000000e-01
5.593770e+03 0.000000e+00 1.000000e+00 1.000000e-01
5.593780e+03 0.000000e+00 1.000000e+00 1.000000e-01
5.593790e+03 0.000000e+00 1.000000e+00 1.000000e-01
5.593800e+03 0.000000e+00 1.000000e+00 1.000000e-01
5.593810e+03 0.000000e+00 1.000000e+00 1.000000e-01
5.593820e+03 0.000000e+00 1.000000e+00 1.000000e-01
5.593830e+03 0.000000e+00 1.000000e+00 1.000000e-01
5.593840e+03 0.000000e+00 1.000000e+00 1.000000e-01
5.593850e+03 0.000000e+00 1.000000e+00 1.000000e-01
5.593860e+03 0.000000e+00 1.000000e+00 1.000000e-01
5.593870e+03 0.000000e+00 1.000000e+00 1.000000e-01
5.593880e+03 0.000000e+00 1.000000e+00 1.000000e-01
5.593890e+03 0.000000e+00 1.000000e+00 1.000000e-01
5.593900e+03 0.000000e+00 1.000000e+00 1.000000e-01
5.593910e+03 0.000000e+00 1.000000e+00 1.000000e-01
5.593920e+03 0.000000e+00 1.000000e+00 1.000000e-01
5.593930e+03 0.000000e+00 1.000000e+00 1.000000e-01
5.593940e+03 0.000000e+00 1.000000e+00 1.000000e-01
5.593950e+03 0.000000e+00 1.000000e+00 1.000000e-01
5.593960e+03 0.000000e+00 1.000000e+00 1.000000e-01
5.593970e+03 0.000000e+00 1.000000e+00 1.000000e-01
5.593980e+03 0.000000e+00 1.000000e+00 1.000000e-01
5.593990e+03 0.000000e+00 1.000000e+00 1.000000e-01
5.594000e+03 0.000000e+00 1.000000e+00 1.000000e-01
5.594010e+03 0.000000e+00 1.000000e+00 1.000000e-01
5.594020e+03 0.000000e+00 1.000000e+00 1.000000e-01
5.594030e+03 0.000000e+00 1.000000e+00 1.000000e-01
5.594040e+03 0.000000e+00 1.000000e+00 1.000000e-01
5.594050e+03 0.000000e+00 1.000000e+00 1.000000e-01
5.594060e+03 0.000000e+00 1.000000e+00 1.000000e-01
5.594070e+03 0.000000e+00 1.000000e+00 1.000000e-01
5.594080e+03 0.000000e+00 1.000000e+00 1.000000e-01
5.594090e+03 0.000000e+00 1.000000e+00 1.000000e-01
5.594100e+03 0.000000e+00 1.000000e+00 1.000000e-01
5.594110e+03 0.000000e+00 1.000000e+00 1.000000e-01
5.594120e+03 0.000000e+00 1.000000e+00 1.000000e-01
5.594130e+03 0.000000e+00 1.000000e+00 1.000000e-01
5.594140e+03 0.000000e+00 1.000000e+00 1.000000e-01
5.594150e+03 0.000000e+00 1.000000e+00 1.000000e-01
5.594160e+03 0.000000e+00 1.000000e+00 1.000000e-01
5.594170e+03 0.000000e+00 1.000000e+00 1.000000e-01
5.594180e+03 0.000000e+00 1.000000e+00 1.000000e-01
5.594190e+03 0.000000e+00 1.000000e+00 1.000000e-01
5.594200e+03 0.000000e+00 1.000000e+00 1.000000e-01
5.594210e+03 0.000000e+00 1.000000e+00 1.000000e-01
5.594220e+03 0.000000e+00 1.000000e+00 1.000000e-01
5.594230e+03 0.000000e+00 1.000000e+00 1.000000e-01
5.594240e+03 0.000000e+00 1.000000e+00 1.000000e-01
5.594250e+03 0.000000e+00 1.000000e+00 1.000000e-01
5.594260e+03 0.000000e+00 1.000000e+00 1.000000e-01
5.594270e+03 0.000000e+00 1.000000e+00 1.000000e-01
5.594280e+03 0.000000e+00 1.000000e+00 1.000000e-01
5.594290e+03 0.000000e+00 1.000000e+00 1.000000e-01
5.594300e+03 0.000000e+00 1.000000e+00 1.000000e-01
5.594310e+03 0.000000e+00 1.000000e+00 1.000000e-01
5.594320e+03 0.000000e+00 1.000000e+00 1.000000e-01
5.594330e+03 0.000000e+00 1.000000e+00 1.000000e-01
5.594340e+03 0.000000e+00 1.000000e+00 1.000000e-01
5.594350e+03 0.000000e+00 1.000000e+00 1.000000e-01
5.594360e+03 0.000000e+00 1.000000e+00 1.000000e-01
5.594370e+03 0.000000e+00 1.000000e+00 1.000000e-01
5.594380e+03 0.000000e+00 1.000000e+00 1.000000e-01
5.594390e+03 0.000000e+00 1.000000e+00 1.000000e-01
5.594400e+03 0.000000e+00 1.000000e+00 1.000000e-01
5.594410e+03 0.000000e+00 1.000000e+00 1.000000e-01
5.594420e+03 0.000000e+00 1.000000e+00 1.000000e-01
5.594430e+03 0.000000e+00 1.000000e+00 1.000000e-01
5.594440e+03 0.000000e+00 1.000000e+00 1.000000e-01
5.594450e+03 0.000000e+00 1.000000e+00 1.000000e-01
5.594460e+03 0.000000e+00 1.000000e+00 1.000000e-01
5.594470e+03 0.000000e+00 1.000000e+00 1.000000e-01
5.594480e+03 0.000000e+00 1.000000e+00 1.000000e-01
5.594490e+03 0.000000e+00 1.000000e+00 1.000000e-01
5.594500e+03 0.000000e+00 1.000000e+00 1.000000e-01
5.594510e+03 0.000000e+00 1.000000e+00 1.000000e-01
5.594520e+03 0.000000e+00 1.000000e+00 1.000000e-01
5.594530e+03 0.000000e+00 1.000000e+00 1.000000e-01
5.594540e+03 0.000000e+00 1.000000e+00 1.000000e-01
5.594550e+03 0.000000e+00 1.000000e+00 1.000000e-01
5.594560e+03 0.000000e+00 1.000000e+00 1.000000e-01
5.594570e+03 0.000000e+00 1.000000e+00 1.000000e-01
5.594580e+03 0.000000e+00 1.000000e+00 1.000000e-01
5.594590e+03 0.000000e+00 1.000000e+00 1.000000e-01
5.594600e+03 0.000000e+00 1.000000e+00 1.000000e-01
5.594610e+03 0.000000e+00 1.000000e+00 1.000000e-01
5.594620e+03 0.000000e+00 1.000000e+00 1.000000e-01
5.594630e+03 0.000000e+00 1.000000e+00 1.000000e-01
5.594640e+03 0.000000e+00 1.000000e+00 1.000000e-01
5.594650e+03 0.000000e+00 1.000000e+00 1.000000e-01
5.594660e+03 0.000000e+00 1.000000e+00 1.000000e-01
5.594670e+03 0.000000e+00 1.000000e+00 1.000000e-01
5.594680e+03 0.000000e+00 1.000000e+00 1.000000e-01
5.594690e+03 0.000000e+00 1.000000e+00 1.000000e-01
5.594700e+03 0.000000e+00 1.000000e+00 1.000000e-01
5.594710e+03 0.000000e+00 1.000000e+00 1.000000e-01
5.594720e+03 0.000000e+00 1.000000e+00 1.000000e-01
5.594730e+03 0.000000e+00 1.000000e+00 1.000000e-01
5.594740e+03 0.000000e+00 1.000000e+00 1.000000e-01
5.594750e+03 0.000000e+00 1.000000e+00 1.000000e-01
5.594760e+03 0.000000e+00 1.000000e+00 1.000000e-01
5.594770e+03 0.000000e+00 1.000000e+00 1.000000e-01
5.594780e+03 0.000000e+00 1.000000e+00 1.000000e-01
5.594790e+03 0.000000e+00 1.000000e+00 1.000000e-01
5.594800e+03 0.000000e+00 1.000000e+00 1.000000e-01
5.594810e+03 0.000000e+00 1.000000e+00 1.000000e-01
5.594820e+03 0.000000e+00 1.000000e+00 1.000000e-01
5.594830e+03 0.000000e+00 1.000000e+00 1.000000e-01
5.594840e+03 0.000000e+00 1.000000e+00 1.000000e-01
5.594850e+03 0.000000e+00 1.000000e+00 1.000000e-01
5.594860e+03 0.000000e+00 1.000000e+00 1.000000e-01
5.594870e+03 0.000000e+00 1.000000e+00 1.000000e-01
5.594880e+03 0.000000e+00 1.000000e+00 1.000000e-01
5.594890e+03 0.000000e+00 1.000000e+00 1.000000e-01
5.594900e+03 0.000000e+00 1.000000e+00 1.000000e-01
5.594910e+03 0.000000e+00 1.000000e+00 1.000000e-01
5.594920e+03 0.000000e+00 1.000000e+00 1.000000e-01
5.594930e+03 0.000000e+00 1.000000e+00 1.000000e-01
5.594940e+03 0.000000e+00 1.000000e+00 1.000000e-01
5.594950e+03 0.000000e+00 1.000000e+00 1.000000e-01
5.594960e+03 0.000000e+00 1.000000e+00 1.000000e-01
5.594970e+03 0.000000e+00 1.000000e+00 1.000000e-01
5.594980e+03 0.000000e+00 1.000000e+00 1.000000e-01
5.594990e+03 0.000000e+00 1.000000e+00 1.000000e-01
5.595000e+03 0.000000e+00 1.000000e+00 1.000000e-01
5.595010e+03 0.000000e+00 1.000000e+00 1.000000e-01
5.595020e+03 0.000000e+00 1.000000e+00 1.000000e-01
5.595030e+03 0.000000e+00 1.000000e+00 1.000000e-01
5.595040e+03 0.000000e+00 1.000000e+00 1.000000e-01
5.595050e+03 0.000000e+00 1.000000e+00 1.000000e-01
5.595060e+03 0.000000e+00 1.000000e+00 1.000000e-01
5.595070e+03 0.000000e+00 1.000000e+00 1.000000e-01
5.595080e+03 0.000000e+00 1.000000e+00 1.000000e-01
5.595090e+03 0.000000e+00 1.000000e+00 1.000000e-01
5.595100e+03 0.000000e+00 1.000000e+00 1.000000e-01
5.595110e+03 0.000000e+00 1.000000e+00 1.000000e-01
5.595120e+03 0.000000e+00 1.000000e+00 1.000000e-01
5.595130e+03 0.000000e+00 1.000000e+00 1.000000e-01
5.595140e+03 0.000000e+00 1.000000e+00 1.000000e-01
5.595150e+03 0.000000e+00 1.000000e+00 1.000000e-01
5.595160e+03 0.000000e+00 1.000000e+00 1.000000e-01
5.595170e+03 0.000000e+00 1.000000e+00 1.000000e-01
5.595180e+03 0.000000e+00 1.000000e+00 1.000000e-01
5.595190e+03 0.000000e+00 1.000000e+00 1.000000e-01
5.595200e+03 0.000000e+00 1.000000e+00 1.000000e-01
5.595210e+03 0.000000e+00 1.000000e+00 1.000000e-01
5.595220e+03 0.000000e+00 1.000000e+00 1.000000e-01
5.595230e+03 0.000000e+00 1.000000e+00 1.000000e-01
5.595240e+03 0.000000e+00 1.000000e+00 1.000000e-01
5.595250e+03 0.000000e+00 1.000000e+00 1.000000e-01
5.595260e+03 0.000000e+00 1.000000e+00 1.000000e-01
5.595270e+03 0.000000e+00 1.000000e+00 1.000000e-01
5.595280e+03 0.000000e+00 1.000000e+00 1.000000e-01
5.595290e+03 0.000000e+00 1.000000e+00 1.000000e-01
5.595300e+03 0.000000e+00 1.000000e+00 1.000000e-01
5.595310e+03 0.000000e+00 1.000000e+00 1.000000e-01
5.595320e+03 0.000000e+00 1.000000e+00 1.000000e-01
5.595330e+03 0.000000e+00 1.000000e+00 1.000000e-01
5.595340e+03 0.000000e+00 1.000000e+00 1.000000e-01
5.595350e+03 0.000000e+00 1.000000e+00 1.000000e-01
5.595360e+03 0.000000e+00 1.000000e+00 1.000000e-01
5.595370e+03 0.000000e+00 1.000000e+00 1.000000e-01
5.595380e+03 0.000000e+00 1.000000e+00 1.000000e-01
5.595390e+03 0.000000e+00 1.000000e+00 1.000000e-01
5.595400e+03 0.000000e+00 1.000000e+00 1.000000e-01
5.595410e+03 0.000000e+00 1.000000e+00 1.000000e-01
5.595420e+03 0.000000e+00 1.000000e+00 1.000000e-01
5.595430e+03 0.000000e+00 1.000000e+00 1.000000e-01
5.595440e+03 0.000000e+00 1.000000e+00 1.000000e-01
5.595450e+03 0.000000e+00 1.000000e+00 1.000000e-01
5.595460e+03 0.000000e+00 1.000000e+00 1.000000e-01
5.595470e+03 0.000000e+00 1.000000e+00 1.000000e-01
5.595480e+03 0.000000e+00 1.000000e+00 1.000000e-01
5.595490e+03 0.000000e+00 1.000000e+00 1.000000e-01
5.595500e+03 0.000000e+00 1.000000e+00 1.000000e-01
5.595510e+03 0.000000e+00 1.000000e+00 1.000000e-01
5.595520e+03 0.000000e+00 1.000000e+00 1.000000e-01
5.595530e+03 0.000000e+00 1.000000e+00 1.000000e-01
5.595540e+03 0.000000e+00 1.000000e+00 1.000000e-01
5.595550e+03 0.000000e+00 1.000000e+00 1.000000e-01
5.595560e+03 0.000000e+00 1.000000e+00 1.000000e-01
5.595570e+03 0.000000e+00 1.000000e+00 1.000000e-01
5.595580e+03 0.000000e+00 1.000000e+00 1.000000e-01
5.595590e+03 0.000000e+00 1.000000e+00 1.000000e-01
5.595600e+03 0.000000e+00 1.000000e+00 1.000000e-01
5.595610e+03 0.000000e+00 1.000000e+00 1.000000e-01
5.595620e+03 0.000000e+00 1.000000e+00 1.000000e-01
5.595630e+03 0.000000e+00 1.000000e+00 1.000000e-01
5.595640e+03 0.000000e+00 1.000000e+00 1.000000e-01
5.595650e+03 0.000000e+00 1.000000e+00 1.000000e-01
5.595660e+03 0.000000e+00 1.000000e+00 1.000000e-01
5.595670e+03 0.000000e+00 1.000000e+00 1.000000e-01
5.595680e+03 0.000000e+00 1.000000e+00 1.000000e-01
5.595690e+03 0.000000e+00 1.000000e+00 1.000000e-01
5.595700e+03 0.000000e+00 1.000000e+00 1.000000e-01
5.595710e+03 0.000000e+00 1.000000e+00 1.000000e-01
5.595720e+03 0.000000e+00 1.000000e+00 1.000000e-01
5.595730e+03 0.000000e+00 1.000000e+00 1.000000e-01
5.595740e+03 0.000000e+00 1.000000e+00 1.000000e-01
5.595750e+03 0.000000e+00 1.000000e+00 1.000000e-01
5.595760e+03 0.000000e+00 1.000000e+00 1.000000e-01
5.595770e+03 0.000000e+00 1.000000e+00 1.000000e-01
5.595780e+03 0.000000e+00 1.000000e+00 1.000000e-01
5.595790e+03 0.000000e+00 1.000000e+00 1.000000e-01
5.595800e+03 0.000000e+00 1.000000e+00 1.000000e-01
5.595810e+03 0.000000e+00 1.000000e+00 1.000000e-01
5.595820e+03 0.000000e+00 1.000000e+00 1.000000e-01
5.595830e+03 0.000000e+00 1.000000e+00 1.000000e-01
5.595840e+03 0.000000e+00 1.000000e+00 1.000000e-01
5.595850e+03 0.000000e+00 1.000000e+00 1.000000e-01
5.595860e+03 0.000000e+00 1.000000e+00 1.000000e-01
5.595870e+03 0.000000e+00 1.000000e+00 1.000000e-01
5.595880e+03 0.000000e+00 1.000000e+00 1.000000e-01
5.595890e+03 0.000000e+00 1.000000e+00 1.000000e-01
5.595900e+03 0.000000e+00 1.000000e+00 1.000000e-01
5.595910e+03 0.000000e+00 1.000000e+00 1.000000e-01
5.595920e+03 0.000000e+00 1.000000e+00 1.000000e-01
5.595930e+03 0.000000e+00 1.000000e+00 1.000000e-01
5.595940e+03 0.000000e+00 1.000000e+00 1.000000e-01
5.595950e+03 0.000000e+00 1.000000e+00 1.000000e-01
5.595960e+03 0.000000e+00 1.000000e+00 1.000000e-01
5.595970e+03 0.000000e+00 1.000000e+00 1.000000e-01
5.595980e+03 0.000000e+00 1.000000e+00 1.000000e-01
5.595990e+03 0.000000e+00 1.000000e+00 1.000000e-01
5.596000e+03 0.000000e+00 1.000000e+00 1.000000e-01
5.596010e+03 0.000000e+00 1.000000e+00 1.000000e-01
5.596020e+03 0.000000e+00 1.000000e+00 1.000000e-01
5.596030e+03 0.000000e+00 1.000000e+00 1.000000e-01
5.596040e+03 0.000000e+00 1.000000e+00 1.000000e-01
5.596050e+03 0.000000e+00 1.000000e+00 1.000000e-01
5.596060e+03 0.000000e+00 1.000000e+00 1.000000e-01
5.596070e+03 0.000000e+00 1.000000e+00 1.000000e-01
5.596080e+03 0.000000e+00 1.000000e+00 1.000000e-01
5.596090e+03 0.000000e+00 1.000000e+00 1.000000e-01
5.596100e+03 0.000000e+00 1.000000e+00 1.000000e-01
5.596110e+03 0.000000e+00 1.000000e+00 1.000000e-01
5.596120e+03 0.000000e+00 1.000000e+00 1.000000e-01
5.596130e+03 0.000000e+00 1.000000e+00 1.000000e-01
5.596140e+03 0.000000e+00 1.000000e+00 1.000000e-01
5.596150e+03 0.000000e+00 1.000000e+00 1.000000e-01
5.596160e+03 0.000000e+00 1.000000e+00 1.000000e-01
5.596170e+03 0.000000e+00 1.000000e+00 1.000000e-01
5.596180e+03 0.000000e+00 1.000000e+00 1.000000e-01
5.596190e+03 0.000000e+00 1.000000e+00 1.000000e-01
5.596200e+03 0.000000e+00 1.000000e+00 1.000000e-01
5.596210e+03 0.000000e+00 1.000000e+00 1.000000e-01
5.596220e+03 0.000000e+00 1.000000e+00 1.000000e-01
5.596230e+03 0.000000e+00 1.000000e+00 1.000000e-01
5.596240e+03 0.000000e+00 1.000000e+00 1.000000e-01
5.596250e+03 0.000000e+00 1.000000e+00 1.000000e-01
5.596260e+03 0.000000e+00 1.000000e+00 1.000000e-01
5.596270e+03 0.000000e+00 1.000000e+00 1.000000e-01
5.596280e+03 0.000000e+00 1.000000e+00 1.000000e-01
5.596290e+03 0.000000e+00 1.000000e+00 1.000000e-01
5.596300e+03 0.000000e+00 1.000000e+00 1.000000e-01
5.596310e+03 0.000000e+00 1.000000e+00 1.000000e-01
5.596320e+03 0.000000e+00 1.000000e+00 1.000000e-01
5.596330e+03 0.000000e+00 1.000000e+00 1.000000e-01
5.596340e+03 0.000000e+00 1.000000e+00 1.000000e-01
5.596350e+03 0.000000e+00 1.000000e+00 1.000000e-01
5.596360e+03 0.000000e+00 1.000000e+00 1.000000e-01
5.596370e+03 0.000000e+00 1.000000e+00 1.000000e-01
5.596380e+03 0.000000e+00 1.000000e+00 1.000000e-01
5.596390e+03 0.000000e+00 1.000000e+00 1.000000e-01
5.596400e+03 0.000000e+00 1.000000e+00 1.000000e-01
5.596410e+03 0.000000e+00 1.000000e+00 1.000000e-01
5.596420e+03 0.000000e+00 1.000000e+00 1.000000e-01
5.596430e+03 0.000000e+00 1.000000e+00 1.000000e-01
5.596440e+03 0.000000e+00 1.000000e+00 1.000000e-01
5.596450e+03 0.000000e+00 1.000000e+00 1.000000e-01
5.596460e+03 0.000000e+00 1.000000e+00 1.000000e-01
5.596470e+03 0.000000e+00 1.000000e+00 1.000000e-01
5.596480e+03 0.000000e+00 1.000000e+00 1.000000e-01
5.596490e+03 0.000000e+00 1.000000e+00 1.000000e-01
5.596500e+03 0.000000e+00 1.000000e+00 1.000000e-01
5.596510e+03 0.000000e+00 1.000000e+00 1.000000e-01
5.596520e+03 0.000000e+00 1.000000e+00 1.000000e-01
5.596530e+03 0.000000e+00 1.000000e+00 1.000000e-01
5.596540e+03 0.000000e+00 1.000000e+00 1.000000e-01
5.596550e+03 0.000000e+00 1.000000e+00 1.000000e-01
5.596560e+03 0.000000e+00 1.000000e+00 1.000000e-01
5.596570e+03 0.000000e+00 1.000000e+00 1.000000e-01
5.596580e+03 0.000000e+00 1.000000e+00 1.000000e-01
5.596590e+03 0.000000e+00 1.000000e+00 1.000000e-01
5.596600e+03 0.000000e+00 1.000000e+00 1.000000e-01
5.596610e+03 0.000000e+00 1.000000e+00 1.000000e-01
5.596620e+03 0.000000e+00 1.000000e+00 1.000000e-01
5.596630e+03 0.000000e+00 1.000000e+00 1.000000e-01
5.596640e+03 0.000000e+00 1.000000e+00 1.000000e-01
5.596650e+03 0.000000e+00 1.000000e+00 1.000000e-01
5.596660e+03 0.000000e+00 1.000000e+00 1.000000e-01
5.596670e+03 0.000000e+00 1.000000e+00 1.000000e-01
5.596680e+03 0.000000e+00 1.000000e+00 1.000000e-01
5.596690e+03 0.000000e+00 1.000000e+00 1.000000e-01
5.596700e+03 0.000000e+00 1.000000e+00 1.000000e-01
5.596710e+03 0.000000e+00 1.000000e+00 1.000000e-01
5.596720e+03 0.000000e+00 1.000000e+00 1.000000e-01
5.596730e+03 0.000000e+00 1.000000e+00 1.000000e-01
5.596740e+03 0.000000e+00 1.000000e+00 1.000000e-01
5.596750e+03 0.000000e+00 1.000000e+00 1.000000e-01
5.596760e+03 0.000000e+00 1.000000e+00 1.000000e-01
5.596770e+03 0.000000e+00 1.000000e+00 1.000000e-01
5.596780e+03 0.000000e+00 1.000000e+00 1.000000e-01
5.596790e+03 0.000000e+00 1.000000e+00 1.000000e-01
5.596800e+03 0.000000e+00 1.000000e+00 1.000000e-01
5.596810e+03 0.000000e+00 1.000000e+00 1.000000e-01
5.596820e+03 0.000000e+00 1.000000e+00 1.000000e-01
5.596830e+03 0.000000e+00 1.000000e+00 1.000000e-01
5.596840e+03 0.000000e+00 1.000000e+00 1.000000e-01
5.596850e+03 0.000000e+00 1.000000e+00 1.000000e-01
5.596860e+03 0.000000e+00 1.000000e+00 1.000000e-01
5.596870e+03 0.000000e+00 1.000000e+00 1.000000e-01
5.596880e+03 0.000000e+00 1.000000e+00 1.000000e-01
5.596890e+03 0.000000e+00 1.000000e+00 1.000000e-01
5.596900e+03 0.000000e+00 1.000000e+00 1.000000e-01
5.596910e+03 0.000000e+00 1.000000e+00 1.000000e-01
5.596920e+03 0.000000e+00 1.000000e+00 1.000000e-01
5.596930e+03 0.000000e+00 1.000000e+00 1.000000e-01
5.596940e+03 0.000000e+00 1.000000e+00 1.000000e-01
5.596950e+03 0.000000e+00 1.000000e+00 1.000000e-01
5.596960e+03 0.000000e+00 1.000000e+00 1.000000e-01
5.596970e+03 0.000000e+00 1.000000e+00 1.000000e-01
5.596980e+03 0.000000e+00 1.000000e+00 1.000000e-01
5.596990e+03 0.000000e+00 1.000000e+00 1.000000e-01
5.597000e+03 0.000000e+00 1.000000e+00 1.000000e-01
5.597010e+03 0.000000e+00 1.000000e+00 1.000000e-01
5.597020e+03 0.000000e+00 1.000000e+00 1.000000e-01
5.597030e+03 0.000000e+00 1.000000e+00 1.000000e-01
5.597040e+03 0.000000e+00 1.000000e+00 1.000000e-01
5.597050e+03 0.000000e+00 1.000000e+00 1.000000e-01
5.597060e+03 0.000000e+00 1.000000e+00 1.000000e-01
5.597070e+03 0.000000e+00 1.000000e+00 1.000000e-01
5.597080e+03 0.000000e+00 1.000000e+00 1.000000e-01
5.597090e+03 0.000000e+00 1.000000e+00 1.000000e-01
5.597100e+03 0.000000e+00 1.000000e+00 1.000000e-01
5.597110e+03 0.000000e+00 1.000000e+00 1.000000e-01
5.597120e+03 0.000000e+00 1.000000e+00 1.000000e-01
5.597130e+03 0.000000e+00 1.000000e+00 1.000000e-01
5.597140e+03 0.000000e+00 1.000000e+00 1.000000e-01
5.597150e+03 0.000000e+00 1.000000e+00 1.000000e-01
5.597160e+03 0.000000e+00 1.000000e+00 1.000000e-01
5.597170e+03 0.000000e+00 1.000000e+00 1.000000e-01
5.597180e+03 0.000000e+00 1.000000e+00 1.000000e-01
5.597190e+03 0.000000e+00 1.000000e+00 1.000000e-01
5.597200e+03 0.000000e+00 1.000000e+00 1.000000e-01
5.597210e+03 0.000000e+00 1.000000e+00 1.000000e-01
5.597220e+03 0.000000e+00 1.000000e+00 1.000000e-01
5.597230e+03 0.000000e+00 1.000000e+00 1.000000e-01
5.597240e+03 0.000000e+00 1.000000e+00 1.000000e-01
5.597250e+03 0.000000e+00 1.000000e+00 1.000000e-01
5.597260e+03 0.000000e+00 1.000000e+00 1.000000e-01
5.597270e+03 0.000000e+00 1.000000e+00 1.000000e-01
5.597280e+03 0.000000e+00 1.000000e+00 1.000000e-01
5.597290e+03 0.000000e+00 1.000000e+00 1.000000e-01
5.597300e+03 0.000000e+00 1.000000e+00 1.000000e-01
5.597310e+03 0.000000e+00 1.000000e+00 1.000000e-01
5.597320e+03 0.000000e+00 1.000000e+00 1.000000e-01
5.597330e+03 0.000000e+00 1.000000e+00 1.000000e-01
5.597340e+03 0.000000e+00 1.000000e+00 1.000000e-01
5.597350e+03 0.000000e+00 1.000000e+00 1.000000e-01
5.597360e+03 0.000000e+00 1.000000e+00 1.000000e-01
5.597370e+03 0.000000e+00 1.000000e+00 1.000000e-01
5.597380e+03 0.000000e+00 1.000000e+00 1.000000e-01
5.597390e+03 0.000000e+00 1.000000e+00 1.000000e-01
5.597400e+03 0.000000e+00 1.000000e+00 1.000000e-01
5.597410e+03 0.000000e+00 1.000000e+00 1.000000e-01
5.597420e+03 0.000000e+00 1.000000e+00 1.000000e-01
5.597430e+03 0.000000e+00 1.000000e+00 1.000000e-01
5.597440e+03 0.000000e+00 1.000000e+00 1.000000e-01
5.597450e+03 0.000000e+00 1.000000e+00 1.000000e-01
5.597460e+03 0.000000e+00 1.000000e+00 1.000000e-01
5.597470e+03 0.000000e+00 1.000000e+00 1.000000e-01
5.597480e+03 0.000000e+00 1.000000e+00 1.000000e-01
5.597490e+03 0.000000e+00 1.000000e+00 1.000000e-01
5.597500e+03 0.000000e+00 1.000000e+00 1.000000e-01
5.597510e+03 0.000000e+00 1.000000e+00 1.000000e-01
5.597520e+03 0.000000e+00 1.000000e+00 1.000000e-01
5.597530e+03 0.000000e+00 1.000000e+00 1.000000e-01
5.597540e+03 0.000000e+00 1.000000e+00 1.000000e-01
5.597550e+03 0.000000e+00 1.000000e+00 1.000000e-01
5.597560e+03 0.000000e+00 1.000000e+00 1.000000e-01
5.597570e+03 0.000000e+00 1.000000e+00 1.000000e-01
5.597580e+03 0.000000e+00 1.000000e+00 1.000000e-01
5.597590e+03 0.000000e+00 1.000000e+00 1.000000e-01
5.597600e+03 0.000000e+00 1.000000e+00 1.000000e-01
5.597610e+03 0.000000e+00 1.000000e+00 1.000000e-01
5.597620e+03 0.000000e+00 1.000000e+00 1.000000e-01
5.597630e+03 0.000000e+00 1.000000e+00 1.000000e-01
5.597640e+03 0.000000e+00 1.000000e+00 1.000000e-01
5.597650e+03 0.000000e+00 1.000000e+00 1.000000e-01
5.597660e+03 0.000000e+00 1.000000e+00 1.000000e-01
5.597670e+03 0.000000e+00 1.000000e+00 1.000000e-01
5.597680e+03 0.000000e+00 1.000000e+00 1.000000e-01
5.597690e+03 0.000000e+00 1.000000e+00 1.000000e-01
5.597700e+03 0.000000e+00 1.000000e+00 1.000000e-01
5.597710e+03 0.000000e+00 1.000000e+00 1.000000e-01
5.597720e+03 0.000000e+00 1.000000e+00 1.000000e-01
5.597730e+03 0.000000e+00 1.000000e+00 1.000000e-01
5.597740e+03 0.000000e+00 1.000000e+00 1.000000e-01
5.597750e+03 0.000000e+00 1.000000e+00 1.000000e-01
5.597760e+03 0.000000e+00 1.000000e+00 1.000000e-01
5.597770e+03 0.000000e+00 1.000000e+00 1.000000e-01
5.597780e+03 0.000000e+00 1.000000e+00 1.000000e-01
5.597790e+03 0.000000e+00 1.000000e+00 1.000000e-01
5.597800e+03 0.000000e+00 1.000000e+00 1.000000e-01
5.597810e+03 0.000000e+00 1.000000e+00 1.000000e-01
5.597820e+03 0.000000e+00 1.000000e+00 1.000000e-01
5.597830e+03 0.000000e+00 1.000000e+00 1.000000e-01
5.597840e+03 0.000000e+00 1.000000e+00 1.000000e-01
5.597850e+03 0.000000e+00 1.000000e+00 1.000000e-01
5.597860e+03 0.000000e+00 1.000000e+00 1.000000e-01
5.597870e+03 0.000000e+00 1.000000e+00 1.000000e-01
5.597880e+03 0.000000e+00 1.000000e+00 1.000000e-01
5.597890e+03 0.000000e+00 1.000000e+00 1.000000e-01
5.597900e+03 0.000000e+00 1.000000e+00 1.000000e-01
5.597910e+03 0.000000e+00 1.000000e+00 1.000000e-01
5.597920e+03 0.000000e+00 1.000000e+00 1.000000e-01
5.597930e+03 0.000000e+00 1.000000e+00 1.000000e-01
5.597940e+03 0.000000e+00 1.000000e+00 1.000000e-01
5.597950e+03 0.000000e+00 1.000000e+00 1.000000e-01
5.597960e+03 0.000000e+00 1.000000e+00 1.000000e-01
5.597970e+03 0.000000e+00 1.000000e+00 1.000000e-01
5.597980e+03 0.000000e+00 1.000000e+00 1.000000e-01
5.597990e+03 0.000000e+00 1.000000e+00 1.000000e-01
5.598000e+03 0.000000e+00 1.000000e+00 1.000000e-01
5.598010e+03 0.000000e+00 1.000000e+00 1.000000e-01
5.598020e+03 0.000000e+00 1.000000e+00 1.000000e-01
5.598030e+03 0.000000e+00 1.000000e+00 1.000000e-01
5.598040e+03 0.000000e+00 1.000000e+00 1.000000e-01
5.598050e+03 0.000000e+00 1.000000e+00 1.000000e-01
5.598060e+03 0.000000e+00 1.000000e+00 1.000000e-01
5.598070e+03 0.000000e+00 1.000000e+00 1.000000e-01
5.598080e+03 0.000000e+00 1.000000e+00 1.000000e-01
5.598090e+03 0.000000e+00 1.000000e+00 1.000000e-01
5.598100e+03 0.000000e+00 1.000000e+00 1.000000e-01
5.598110e+03 0.000000e+00 1.000000e+00 1.000000e-01
5.598120e+03 0.000000e+00 1.000000e+00 1.000000e-01
5.598130e+03 0.000000e+00 1.000000e+00 1.000000e-01
5.598140e+03 0.000000e+00 1.000000e+00 1.000000e-01
5.598150e+03 0.000000e+00 1.000000e+00 1.000000e-01
5.598160e+03 0.000000e+00 1.000000e+00 1.000000e-01
5.598170e+03 0.000000e+00 1.000000e+00 1.000000e-01
5.598180e+03 0.000000e+00 1.000000e+00 1.000000e-01
5.598190e+03 0.000000e+00 1.000000e+00 1.000000e-01
5.598200e+03 0.000000e+00 1.000000e+00 1.000000e-01
5.598210e+03 0.000000e+00 1.000000e+00 1.000000e-01
5.598220e+03 0.000000e+00 1.000000e+00 1.000000e-01
5.598230e+03 0.000000e+00 1.000000e+00 1.000000e-01
5.598240e+03 0.000000e+00 1.000000e+00 1.000000e-01
5.598250e+03 0.000000e+00 1.000000e+00 1.000000e-01
5.598260e+03 0.000000e+00 1.000000e+00 1.000000e-01
5.598270e+03 0.000000e+00 1.000000e+00 1.000000e-01
5.598280e+03 0.000000e+00 1.000000e+00 1.000000e-01
5.598290e+03 0.000000e+00 1.000000e+00 1.000000e-01
5.598300e+03 0.000000e+00 1.000000e+00 1.000000e-01
5.598310e+03 0.000000e+00 1.000000e+00 1.000000e-01
5.598320e+03 0.000000e+00 1.000000e+00 1.000000e-01
5.598330e+03 0.000000e+00 1.000000e+00 1.000000e-01
5.598340e+03 0.000000e+00 1.000000e+00 1.000000e-01
5.598350e+03 0.000000e+00 1.000000e+00 1.000000e-01
5.598360e+03 0.000000e+00 1.000000e+00 1.000000e-01
5.598370e+03 0.000000e+00 1.000000e+00 1.000000e-01
5.598380e+03 0.000000e+00 1.000000e+00 1.000000e-01
5.598390e+03 0.000000e+00 1.000000e+00 1.000000e-01
5.598400e+03 0.000000e+00 1.000000e+00 1.000000e-01
5.598410e+03 0.000000e+00 1.000000e+00 1.000000e-01
5.598420e+03 0.000000e+00 1.000000e+00 1.000000e-01
5.598430e+03 0.000000e+00 1.000000e+00 1.000000e-01
5.598440e+03 0.000000e+00 1.000000e+00 1.000000e-01
5.598450e+03 0.000000e+00 1.000000e+00 1.000000e-01
5.598460e+03 0.000000e+00 1.000000e+00 1.000000e-01
5.598470e+03 0.000000e+00 1.000000e+00 1.000000e-01
5.598480e+03 0.000000e+00 1.000000e+00 1.000000e-01
5.598490e+03 0.000000e+00 1.000000e+00 1.000000e-01
5.598500e+03 0.000000e+00 1.000000e+00 1.000000e-01
5.598510e+03 0.000000e+00 1.000000e+00 1.000000e-01
5.598520e+03 0.000000e+00 1.000000e+00 1.000000e-01
5.598530e+03 0.000000e+00 1.000000e+00 1.000000e-01
5.598540e+03 0.000000e+00 1.000000e+00 1.000000e-01
5.598550e+03 0.000000e+00 1.000000e+00 1.000000e-01
5.598560e+03 0.000000e+00 1.000000e+00 1.000000e-01
5.598570e+03 0.000000e+00 1.000000e+00 1.000000e-01
5.598580e+03 0.000000e+00 1.000000e+00 1.000000e-01
5.598590e+03 0.000000e+00 1.000000e+00 1.000000e-01
5.598600e+03 0.000000e+00 1.000000e+00 1.000000e-01
5.598610e+03 0.000000e+00 1.000000e+00 1.000000e-01
5.598620e+03 0.000000e+00 1.000000e+00 1.000000e-01
5.598630e+03 0.000000e+00 1.000000e+00 1.000000e-01
5.598640e+03 0.000000e+00 1.000000e+00 1.000000e-01
5.598650e+03 0.000000e+00 1.000000e+00 1.000000e-01
5.598660e+03 0.000000e+00 1.000000e+00 1.000000e-01
5.598670e+03 0.000000e+00 1.000000e+00 1.000000e-01
5.598680e+03 0.000000e+00 1.000000e+00 1.000000e-01
5.598690e+03 0.000000e+00 1.000000e+00 1.000000e-01
5.598700e+03 0.000000e+00 1.000000e+00 1.000000e-01
5.598710e+03 0.000000e+00 1.000000e+00 1.000000e-01
5.598720e+03 0.000000e+00 1.000000e+00 1.000000e-01
5.598730e+03 0.000000e+00 1.000000e+00 1.000000e-01
5.598740e+03 0.000000e+00 1.000000e+00 1.000000e-01
5.598750e+03 0.000000e+00 1.000000e+00 1.000000e-01
5.598760e+03 0.000000e+00 1.000000e+00 1.000000e-01
5.598770e+03 0.000000e+00 1.000000e+00 1.000000e-01
5.598780e+03 0.000000e+00 1.000000e+00 1.000000e-01
5.598790e+03 0.000000e+00 1.000000e+00 1.000000e-01
5.598800e+03 0.000000e+00 1.000000e+00 1.000000e-01
5.598810e+03 0.000000e+00 1.000000e+00 1.000000e-01
5.598820e+03 0.000000e+00 1.000000e+00 1.000000e-01
5.598830e+03 0.000000e+00 1.000000e+00 1.000000e-01
5.598840e+03 0.000000e+00 1.000000e+00 1.000000e-01
5.598850e+03 0.000000e+00 1.000000e+00 1.000000e-01
5.598860e+03 0.000000e+00 1.000000e+00 1.000000e-01
5.598870e+03 0.000000e+00 1.000000e+00 1.000000e-01
5.598880e+03 0.000000e+00 1.000000e+00 1.000000e-01
5.598890e+03 0.000000e+00 1.000000e+00 1.000000e-01
5.598900e+03 0.000000e+00 1.000000e+00 1.000000e-01
5.598910e+03 0.000000e+00 1.000000e+00 1.000000e-01
5.598920e+03 0.000000e+00 1.000000e+00 1.000000e-01
5.598930e+03 0.000000e+00 1.000000e+00 1.000000e-01
5.598940e+03 0.000000e+00 1.000000e+00 1.000000e-01
5.598950e+03 0.000000e+00 1.000000e+00 1.000000e-01
5.598960e+03 0.000000e+00 1.000000e+00 1.000000e-01
5.598970e+03 0.000000e+00 1.000000e+00 1.000000e-01
5.598980e+03 0.000000e+00 1.000000e+00 1.000000e-01
5.598990e+03 0.000000e+00 1.000000e+00 1.000000e-01
5.599000e+03 0.000000e+00 1.000000e+00 1.000000e-01
5.599010e+03 0.000000e+00 1.000000e+00 1.000000e-01
5.599020e+03 0.000000e+00 1.000000e+00 1.000000e-01
5.599030e+03 0.000000e+00 1.000000e+00 1.000000e-01
5.599040e+03 0.000000e+00 1.000000e+00 1.000000e-01
5.599050e+03 0.000000e+00 1.000000e+00 1.000000e-01
5.599060e+03 0.000000e+00 1.000000e+00 1.000000e-01
5.599070e+03 0.000000e+00 1.000000e+00 1.000000e-01
5.599080e+03 0.000000e+00 1.000000e+00 1.000000e-01
5.599090e+03 0.000000e+00 1.000000e+00 1.000000e-01
5.599100e+03 0.000000e+00 1.000000e+00 1.000000e-01
5.599110e+03 0.000000e+00 1.000000e+00 1.000000e-01
5.599120e+03 0.000000e+00 1.000000e+00 1.000000e-01
5.599130e+03 0.000000e+00 1.000000e+00 1.000000e-01
5.599140e+03 0.000000e+00 1.000000e+00 1.000000e-01
5.599150e+03 0.000000e+00 1.000000e+00 1.000000e-01
5.599160e+03 0.000000e+00 1.000000e+00 1.000000e-01
5.599170e+03 0.000000e+00 1.000000e+00 1.000000e-01
5.599180e+03 0.000000e+00 1.000000e+00 1.000000e-01
5.599190e+03 0.000000e+00 1.000000e+00 1.000000e-01
5.599200e+03 0.000000e+00 1.000000e+00 1.000000e-01
5.599210e+03 0.000000e+00 1.000000e+00 1.000000e-01
5.599220e+03 0.000000e+00 1.000000e+00 1.000000e-01
5.599230e+03 0.000000e+00 1.000000e+00 1.000000e-01
5.599240e+03 0.000000e+00 1.000000e+00 1.000000e-01
5.599250e+03 0.000000e+00 1.000000e+00 1.000000e-01
5.599260e+03 0.000000e+00 1.000000e+00 1.000000e-01
5.599270e+03 0.000000e+00 1.000000e+00 1.000000e-01
5.599280e+03 0.000000e+00 1.000000e+00 1.000000e-01
5.599290e+03 0.000000e+00 1.000000e+00 1.000000e-01
5.599300e+03 0.000000e+00 1.000000e+00 1.000000e-01
5.599310e+03 0.000000e+00 1.000000e+00 1.000000e-01
5.599320e+03 0.000000e+00 1.000000e+00 1.000000e-01
5.599330e+03 0.000000e+00 1.000000e+00 1.000000e-01
5.599340e+03 0.000000e+00 1.000000e+00 1.000000e-01
5.599350e+03 0.000000e+00 1.000000e+00 1.000000e-01
5.599360e+03 0.000000e+00 1.000000e+00 1.000000e-01
5.599370e+03 0.000000e+00 1.000000e+00 1.000000e-01
5.599380e+03 0.000000e+00 1.000000e+00 1.000000e-01
5.599390e+03 0.000000e+00 1.000000e+00 1.000000e-01
5.599400e+03 0.000000e+00 1.000000e+00 1.000000e-01
5.599410e+03 0.000000e+00 1.000000e+00 1.000000e-01
5.599420e+03 0.000000e+00 1.000000e+00 1.000000e-01
5.599430e+03 0.000000e+00 1.000000e+00 1.000000e-01
5.599440e+03 0.000000e+00 1.000000e+00 1.000000e-01
5.599450e+03 0.000000e+00 1.000000e+00 1.000000e-01
5.599460e+03 0.000000e+00 1.000000e+00 1.000000e-01
5.599470e+03 0.000000e+00 1.000000e+00 1.000000e-01
5.599480e+03 0.000000e+00 1.000000e+00 1.000000e-01
5.599490e+03 0.000000e+00 1.000000e+00 1.000000e-01
5.599500e+03 0.000000e+00 1.000000e+00 1.000000e-01
5.599510e+03 0.000000e+00 1.000000e+00 1.000000e-01
5.599520e+03 0.000000e+00 1.000000e+00 1.000000e-01
5.599530e+03 0.000000e+00 1.000000e+00 1.000000e-01
5.599540e+03 0.000000e+00 1.000000e+00 1.000000e-01
5.599550e+03 0.000000e+00 1.000000e+00 1.000000e-01
5.599560e+03 0.000000e+00 1.000000e+00 1.000000e-01
5.599570e+03 0.000000e+00 1.000000e+00 1.000000e-01
5.599580e+03 0.000000e+00 1.000000e+00 1.000000e-01
5.599590e+03 0.000000e+00 1.000000e+00 1.000000e-01
5.599600e+03 0.000000e+00 1.000000e+00 1.000000e-01
5.599610e+03 0.000000e+00 1.000000e+00 1.000000e-01
5.599620e+03 0.000000e+00 1.000000e+00 1.000000e-01
5.599630e+03 0.000000e+00 1.000000e+00 1.000000e-01
5.599640e+03 0.000000e+00 1.000000e+00 1.000000e-01
5.599650e+03 0.000000e+00 1.000000e+00 1.000000e-01
5.599660e+03 0.000000e+00 1.000000e+00 1.000000e-01
5.599670e+03 0.000000e+00 1.000000e+00 1.000000e-01
5.599680e+03 0.000000e+00 1.000000e+00 1.000000e-01
5.599690e+03 0.000000e+00 1.000000e+00 1.000000e-01
5.599700e+03 0.000000e+00 1.000000e+00 1.000000e-01
5.599710e+03 0.000000e+00 1.000000e+00 1.000000e-01
5.599720e+03 0.000000e+00 1.000000e+00 1.000000e-01
5.599730e+03 0.000000e+00 1.000000e+00 1.000000e-01
5.599740e+03 0.000000e+00 1.000000e+00 1.000000e-01
5.599750e+03 0.000000e+00 1.000000e+00 1.000000e-01
5.599760e+03 0.000000e+00 1.000000e+00 1.000000e-01
5.599770e+03 0.000000e+00 1.000000e+00 1.000000e-01
5.599780e+03 0.000000e+00 1.000000e+00 1.000000e-01
5.599790e+03 0.000000e+00 1.000000e+00 1.000000e-01
5.599800e+03 0.000000e+00 1.000000e+00 1.000000e-01
5.599810e+03 0.000000e+00 1.000000e+00 1.000000e-01
5.599820e+03 0.000000e+00 1.000000e+00 1.000000e-01
5.599830e+03 0.000000e+00 1.000000e+00 1.000000e-01
5.599840e+03 0.000000e+00 1.000000e+00 1.000000e-01
5.599850e+03 0.000000e+00 1.000000e+00 1.000000e-01
5.599860e+03 0.000000e+00 1.000000e+00 1.000000e-01
5.599870e+03 0.000000e+00 1.000000e+00 1.000000e-01
5.599880e+03 0.000000e+00 1.000000e+00 1.000000e-01
5.599890e+03 0.000000e+00 1.000000e+00 1.000000e-01
5.599900e+03 0.000000e+00 1.000000e+00 1.000000e-01
5.599910e+03 0.000000e+00 1.000000e+00 1.000000e-01
5.599920e+03 0.000000e+00 1.000000e+00 1.000000e-01
5.599930e+03 0.000000e+00 1.000000e+00 1.000000e-01
5.599940e+03 0.000000e+00 1.000000e+00 1.000000e-01
5.599950e+03 0.000000e+00 1.000000e+00 1.000000e-01
5.599960e+03 0.000000e+00 1.000000e+00 1.000000e-01
5.599970e+03 0.000000e+00 1.000000e+00 1.000000e-01
5.599980e+03 0.000000e+00 1.000000e+00 1.000000e-01
5.599990e+03 0.000000e+00 1.000000e+00 1.000000e-01
5.600000e+03 0.000000e+00 1.000000e+00 1.000000e-01
5.600010e+03 0.000000e+00 1.000000e+00 1.000000e-01
5.600020e+03 0.000000e+00 1.000000e+00 1.000000e-01
5.600030e+03 0.000000e+00 1.000000e+00 1.000000e-01
5.600040e+03 0.000000e+00 1.000000e+00 1.000000e-01
5.600050e+03 0.000000e+00 1.000000e+00 1.000000e-01
5.600060e+03 0.000000e+00 1.000000e+00 1.000000e-01
5.600070e+03 0.000000e+00 1.000000e+00 1.000000e-01
5.600080e+03 0.000000e+00 1.000000e+00 1.000000e-01
5.600090e+03 0.000000e+00 1.000000e+00 1.000000e-01
5.600100e+03 0.000000e+00 1.000000e+00 1.000000e-01
5.600110e+03 0.000000e+00 1.000000e+00 1.000000e-01
5.600120e+03 0.000000e+00 1.000000e+00 1.000000e-01
5.600130e+03 0.000000e+00 1.000000e+00 1.000000e-01
5.600140e+03 0.000000e+00 1.000000e+00 1.000000e-01
5.600150e+03 0.000000e+00 1.000000e+00 1.000000e-01
5.600160e+03 0.000000e+00 1.000000e+00 1.000000e-01
5.600170e+03 0.000000e+00 1.000000e+00 1.000000e-01
5.600180e+03 0.000000e+00 1.000000e+00 1.000000e-01
5.600190e+03 0.000000e+00 1.000000e+00 1.000000e-01
5.600200e+03 0.000000e+00 1.000000e+00 1.000000e-01
5.600210e+03 0.000000e+00 1.000000e+00 1.000000e-01
5.600220e+03 0.000000e+00 1.000000e+00 1.000000e-01
5.600230e+03 0.000000e+00 1.000000e+00 1.000000e-01
5.600240e+03 0.000000e+00 1.000000e+00 1.000000e-01
5.600250e+03 0.000000e+00 1.000000e+00 1.000000e-01
5.600260e+03 0.000000e+00 1.000000e+00 1.000000e-01
5.600270e+03 0.000000e+00 1.000000e+00 1.000000e-01
5.600280e+03 0.000000e+00 1.000000e+00 1.000000e-01
5.600290e+03 0.000000e+00 1.000000e+00 1.000000e-01
5.600300e+03 0.000000e+00 1.000000e+00 1.000000e-01
5.600310e+03 0.000000e+00 1.000000e+00 1.000000e-01
5.600320e+03 0.000000e+00 1.000000e+00 1.000000e-01
5.600330e+03 0.000000e+00 1.000000e+00 1.000000e-01
5.600340e+03 0.000000e+00 1.000000e+00 1.000000e-01
5.600350e+03 0.000000e+00 1.000000e+00 1.000000e-01
5.600360e+03 0.000000e+00 1.000000e+00 1.000000e-01
5.600370e+03 0.000000e+00 1.000000e+00 1.000000e-01
5.600380e+03 0.000000e+00 1.000000e+00 1.000000e-01
5.600390e+03 0.000000e+00 1.000000e+00 1.000000e-01
5.600400e+03 0.000000e+00 1.000000e+00 1.000000e-01
5.600410e+03 0.000000e+00 1.000000e+00 1.000000e-01
5.600420e+03 0.000000e+00 1.000000e+00 1.000000e-01
5.600430e+03 0.000000e+00 1.000000e+00 1.000000e-01
5.600440e+03 0.000000e+00 1.000000e+00 1.000000e-01
5.600450e+03 0.000000e+00 1.000000e+00 1.000000e-01
5.600460e+03 0.000000e+00 1.000000e+00 1.000000e-01
5.600470e+03 0.000000e+00 1.000000e+00 1.000000e-01
5.600480e+03 0.000000e+00 1.000000e+00 1.000000e-01
5.600490e+03 0.000000e+00 1.000000e+00 1.000000e-01
5.600500e+03 0.000000e+00 1.000000e+00 1.000000e-01
5.600510e+03 0.000000e+00 1.000000e+00 1.000000e-01
5.600520e+03 0.000000e+00 1.000000e+00 1.000000e-01
5.600530e+03 0.000000e+00 1.000000e+00 1.000000e-01
5.600540e+03 0.000000e+00 1.000000e+00 1.000000e-01
5.600550e+03 0.000000e+00 1.000000e+00 1.000000e-01
5.600560e+03 0.000000e+00 1.000000e+00 1.000000e-01
5.600570e+03 0.000000e+00 1.000000e+00 1.000000e-01
5.600580e+03 0.000000e+00 1.000000e+00 1.000000e-01
5.600590e+03 0.000000e+00 1.000000e+00 1.000000e-01
5.600600e+03 0.000000e+00 1.000000e+00 1.000000e-01
5.600610e+03 0.000000e+00 1.000000e+00 1.000000e-01
5.600620e+03 0.000000e+00 1.000000e+00 1.000000e-01
5.600630e+03 0.000000e+00 1.000000e+00 1.000000e-01
5.600640e+03 0.000000e+00 1.000000e+00 1.000000e-01
5.600650e+03 0.000000e+00 1.000000e+00 1.000000e-01
5.600660e+03 0.000000e+00 1.000000e+00 1.000000e-01
5.600670e+03 0.000000e+00 1.000000e+00 1.000000e-01
5.600680e+03 0.000000e+00 1.000000e+00 1.000000e-01
5.600690e+03 0.000000e+00 1.000000e+00 1.000000e-01
5.600700e+03 0.000000e+00 1.000000e+00 1.000000e-01
5.600710e+03 0.000000e+00 1.000000e+00 1.000000e-01
5.600720e+03 0.000000e+00 1.000000e+00 1.000000e-01
5.600730e+03 0.000000e+00 1.000000e+00 1.000000e-01
5.600740e+03 0.000000e+00 1.000000e+00 1.000000e-01
5.600750e+03 0.000000e+00 1.000000e+00 1.000000e-01
5.600760e+03 0.000000e+00 1.000000e+00 1.000000e-01
5.600770e+03 0.000000e+00 1.000000e+00 1.000000e-01
5.600780e+03 0.000000e+00 1.000000e+00 1.000000e-01
5.600790e+03 0.000000e+00 1.000000e+00 1.000000e-01
5.600800e+03 0.000000e+00 1.000000e+00 1.000000e-01
5.600810e+03 0.000000e+00 1.000000e+00 1.000000e-01
5.600820e+03 0.000000e+00 1.000000e+00 1.000000e-01
5.600830e+03 0.000000e+00 1.000000e+00 1.000000e-01
5.600840e+03 0.000000e+00 1.000000e+00 1.000000e-01
5.600850e+03 0.000000e+00 1.000000e+00 1.000000e-01
5.600860e+03 0.000000e+00 1.000000e+00 1.000000e-01
5.600870e+03 0.000000e+00 1.000000e+00 1.000000e-01
5.600880e+03 0.000000e+00 1.000000e+00 1.000000e-01
5.600890e+03 0.000000e+00 1.000000e+00 1.000000e-01
5.600900e+03 0.000000e+00 1.000000e+00 1.000000e-01
5.600910e+03 0.000000e+00 1.000000e+00 1.000000e-01
5.600920e+03 0.000000e+00 1.000000e+00 1.000000e-01
5.600930e+03 0.000000e+00 1.000000e+00 1.000000e-01
5.600940e+03 0.000000e+00 1.000000e+00 1.000000e-01
5.600950e+03 0.000000e+00 1.000000e+00 1.000000e-01
5.600960e+03 0.000000e+00 1.000000e+00 1.000000e-01
5.600970e+03 0.000000e+00 1.000000e+00 1.000000e-01
5.600980e+03 0.000000e+00 1.000000e+00 1.000000e-01
5.600990e+03 0.000000e+00 1.000000e+00 1.000000e-01
5.601000e+03 0.000000e+00 1.000000e+00 1.000000e-01
5.601010e+03 0.000000e+00 1.000000e+00 1.000000e-01
5.601020e+03 0.000000e+00 1.000000e+00 1.000000e-01
5.601030e+03 0.000000e+00 1.000000e+00 1.000000e-01
5.601040e+03 0.000000e+00 1.000000e+00 1.000000e-01
5.601050e+03 0.000000e+00 1.000000e+00 1.000000e-01
5.601060e+03 0.000000e+00 1.000000e+00 1.000000e-01
5.601070e+03 0.000000e+00 1.000000e+00 1.000000e-01
5.601080e+03 0.000000e+00 1.000000e+00 1.000000e-01
5.601090e+03 0.000000e+00 1.000000e+00 1.000000e-01
5.601100e+03 0.000000e+00 1.000000e+00 1.000000e-01
5.601110e+03 0.000000e+00 1.000000e+00 1.000000e-01
5.601120e+03 0.000000e+00 1.000000e+00 1.000000e-01
5.601130e+03 0.000000e+00 1.000000e+00 1.000000e-01
5.601140e+03 0.000000e+00 1.000000e+00 1.000000e-01
5.601150e+03 0.000000e+00 1.000000e+00 1.000000e-01
5.601160e+03 0.000000e+00 1.000000e+00 1.000000e-01
5.601170e+03 0.000000e+00 1.000000e+00 1.000000e-01
5.601180e+03 0.000000e+00 1.000000e+00 1.000000e-01
5.601190e+03 0.000000e+00 1.000000e+00 1.000000e-01
5.601200e+03 0.000000e+00 1.000000e+00 1.000000e-01
5.601210e+03 0.000000e+00 1.000000e+00 1.000000e-01
5.601220e+03 0.000000e+00 1.000000e+00 1.000000e-01
5.601230e+03 0.000000e+00 1.000000e+00 1.000000e-01
5.601240e+03 0.000000e+00 1.000000e+00 1.000000e-01
5.601250e+03 0.000000e+00 1.000000e+00 1.000000e-01
5.601260e+03 0.000000e+00 1.000000e+00 1.000000e-01
5.601270e+03 0.000000e+00 1.000000e+00 1.000000e-01
5.601280e+03 0.000000e+00 1.000000e+00 1.000000e-01
5.601290e+03 0.000000e+00 1.000000e+00 1.000000e-01
5.601300e+03 0.000000e+00 1.000000e+00 1.000000e-01
5.601310e+03 0.000000e+00 1.000000e+00 1.000000e-01
5.601320e+03 0.000000e+00 1.000000e+00 1.000000e-01
5.601330e+03 0.000000e+00 1.000000e+00 1.000000e-01
5.601340e+03 0.000000e+00 1.000000e+00 1.000000e-01
5.601350e+03 0.000000e+00 1.000000e+00 1.000000e-01
5.601360e+03 0.000000e+00 1.000000e+00 1.000000e-01
5.601370e+03 0.000000e+00 1.000000e+00 1.000000e-01
5.601380e+03 0.000000e+00 1.000000e+00 1.000000e-01
5.601390e+03 0.000000e+00 1.000000e+00 1.000000e-01
5.601400e+03 0.000000e+00 1.000000e+00 1.000000e-01
5.601410e+03 0.000000e+00 1.000000e+00 1.000000e-01
5.601420e+03 0.000000e+00 1.000000e+00 1.000000e-01
5.601430e+03 0.000000e+00 1.000000e+00 1.000000e-01
5.601440e+03 0.000000e+00 1.000000e+00 1.000000e-01
5.601450e+03 0.000000e+00 1.000000e+00 1.000000e-01
5.601460e+03 0.000000e+00 1.000000e+00 1.000000e-01
5.601470e+03 0.000000e+00 1.000000e+00 1.000000e-01
5.601480e+03 0.000000e+00 1.000000e+00 1.000000e-01
5.601490e+03 0.000000e+00 1.000000e+00 1.000000e-01
5.601500e+03 0.000000e+00 1.000000e+00 1.000000e-01
5.601510e+03 0.000000e+00 1.000000e+00 1.000000e-01
5.601520e+03 0.000000e+00 1.000000e+00 1.000000e-01
5.601530e+03 0.000000e+00 1.000000e+00 1.000000e-01
5.601540e+03 0.000000e+00 1.000000e+00 1.000000e-01
5.601550e+03 0.000000e+00 1.000000e+00 1.000000e-01
5.601560e+03 0.000000e+00 1.000000e+00 1.000000e-01
5.601570e+03 0.000000e+00 1.000000e+00 1.000000e-01
5.601580e+03 0.000000e+00 1.000000e+00 1.000000e-01
5.601590e+03 0.000000e+00 1.000000e+00 1.000000e-01
5.601600e+03 0.000000e+00 1.000000e+00 1.000000e-01
5.601610e+03 0.000000e+00 1.000000e+00 1.000000e-01
5.601620e+03 0.000000e+00 1.000000e+00 1.000000e-01
5.601630e+03 0.000000e+00 1.000000e+00 1.000000e-01
5.601640e+03 0.000000e+00 1.000000e+00 1.000000e-01
5.601650e+03 0.000000e+00 1.000000e+00 1.000000e-01
5.601660e+03 0.000000e+00 1.000000e+00 1.000000e-01
5.601670e+03 0.000000e+00 1.000000e+00 1.000000e-01
5.601680e+03 0.000000e+00 1.000000e+00 1.000000e-01
5.601690e+03 0.000000e+00 1.000000e+00 1.000000e-01
5.601700e+03 0.000000e+00 1.000000e+00 1.000000e-01
5.601710e+03 0.000000e+00 1.000000e+00 1.000000e-01
5.601720e+03 0.000000e+00 1.000000e+00 1.000000e-01
5.601730e+03 0.000000e+00 1.000000e+00 1.000000e-01
5.601740e+03 0.000000e+00 1.000000e+00 1.000000e-01
5.601750e+03 0.000000e+00 1.000000e+00 1.000000e-01
5.601760e+03 0.000000e+00 1.000000e+00 1.000000e-01
5.601770e+03 0.000000e+00 1.000000e+00 1.000000e-01
5.601780e+03 0.000000e+00 1.000000e+00 1.000000e-01
5.601790e+03 0.000000e+00 1.000000e+00 1.000000e-01
5.601800e+03 0.000000e+00 1.000000e+00 1.000000e-01
5.601810e+03 0.000000e+00 1.000000e+00 1.000000e-01
5.601820e+03 0.000000e+00 1.000000e+00 1.000000e-01
5.601830e+03 0.000000e+00 1.000000e+00 1.000000e-01
5.601840e+03 0.000000e+00 1.000000e+00 1.000000e-01
5.601850e+03 0.000000e+00 1.000000e+00 1.000000e-01
5.601860e+03 0.000000e+00 1.000000e+00 1.000000e-01
5.601870e+03 0.000000e+00 1.000000e+00 1.000000e-01
5.601880e+03 0.000000e+00 1.000000e+00 1.000000e-01
5.601890e+03 0.000000e+00 1.000000e+00 1.000000e-01
5.601900e+03 0.000000e+00 1.000000e+00 1.000000e-01
5.601910e+03 0.000000e+00 1.000000e+00 1.000000e-01
5.601920e+03 0.000000e+00 1.000000e+00 1.000000e-01
5.601930e+03 0.000000e+00 1.000000e+00 1.000000e-01
5.601940e+03 0.000000e+00 1.000000e+00 1.000000e-01
5.601950e+03 0.000000e+00 1.000000e+00 1.000000e-01
5.601960e+03 0.000000e+00 1.000000e+00 1.000000e-01
5.601970e+03 0.000000e+00 1.000000e+00 1.000000e-01
5.601980e+03 0.000000e+00 1.000000e+00 1.000000e-01
5.601990e+03 0.000000e+00 1.000000e+00 1.000000e-01
5.602000e+03 0.000000e+00 1.000000e+00 1.000000e-01
5.602010e+03 0.000000e+00 1.000000e+00 1.000000e-01
5.602020e+03 0.000000e+00 1.000000e+00 1.000000e-01
5.602030e+03 0.000000e+00 1.000000e+00 1.000000e-01
5.602040e+03 0.000000e+00 1.000000e+00 1.000000e-01
5.602050e+03 0.000000e+00 1.000000e+00 1.000000e-01
5.602060e+03 0.000000e+00 1.000000e+00 1.000000e-01
5.602070e+03 0.000000e+00 1.000000e+00 1.000000e-01
5.602080e+03 0.000000e+00 1.000000e+00 1.000000e-01
5.602090e+03 0.000000e+00 1.000000e+00 1.000000e-01
5.602100e+03 0.000000e+00 1.000000e+00 1.000000e-01
5.602110e+03 0.000000e+00 1.000000e+00 1.000000e-01
5.602120e+03 0.000000e+00 1.000000e+00 1.000000e-01
5.602130e+03 0.000000e+00 1.000000e+00 1.000000e-01
5.602140e+03 0.000000e+00 1.000000e+00 1.000000e-01
5.602150e+03 0.000000e+00 1.000000e+00 1.000000e-01
5.602160e+03 0.000000e+00 1.000000e+00 1.000000e-01
5.602170e+03 0.000000e+00 1.000000e+00 1.000000e-01
5.602180e+03 0.000000e+00 1.000000e+00 1.000000e-01
5.602190e+03 0.000000e+00 1.000000e+00 1.000000e-01
5.602200e+03 0.000000e+00 1.000000e+00 1.000000e-01
5.602210e+03 0.000000e+00 1.000000e+00 1.000000e-01
5.602220e+03 0.000000e+00 1.000000e+00 1.000000e-01
5.602230e+03 0.000000e+00 1.000000e+00 1.000000e-01
5.602240e+03 0.000000e+00 1.000000e+00 1.000000e-01
5.602250e+03 0.000000e+00 1.000000e+00 1.000000e-01
5.602260e+03 0.000000e+00 1.000000e+00 1.000000e-01
5.602270e+03 0.000000e+00 1.000000e+00 1.000000e-01
5.602280e+03 0.000000e+00 1.000000e+00 1.000000e-01
5.602290e+03 0.000000e+00 1.000000e+00 1.000000e-01
5.602300e+03 0.000000e+00 1.000000e+00 1.000000e-01
5.602310e+03 0.000000e+00 1.000000e+00 1.000000e-01
5.602320e+03 0.000000e+00 1.000000e+00 1.000000e-01
5.602330e+03 0.000000e+00 1.000000e+00 1.000000e-01
5.602340e+03 0.000000e+00 1.000000e+00 1.000000e-01
5.602350e+03 0.000000e+00 1.000000e+00 1.000000e-01
5.602360e+03 0.000000e+00 1.000000e+00 1.000000e-01
5.602370e+03 0.000000e+00 1.000000e+00 1.000000e-01
5.602380e+03 0.000000e+00 1.000000e+00 1.000000e-01
5.602390e+03 0.000000e+00 1.000000e+00 1.000000e-01
5.602400e+03 0.000000e+00 1.000000e+00 1.000000e-01
5.602410e+03 0.000000e+00 1.000000e+00 1.000000e-01
5.602420e+03 0.000000e+00 1.000000e+00 1.000000e-01
5.602430e+03 0.000000e+00 1.000000e+00 1.000000e-01
5.602440e+03 0.000000e+00 1.000000e+00 1.000000e-01
5.602450e+03 0.000000e+00 1.000000e+00 1.000000e-01
5.602460e+03 0.000000e+00 1.000000e+00 1.000000e-01
5.602470e+03 0.000000e+00 1.000000e+00 1.000000e-01
5.602480e+03 0.000000e+00 1.000000e+00 1.000000e-01
5.602490e+03 0.000000e+00 1.000000e+00 1.000000e-01
5.602500e+03 0.000000e+00 1.000000e+00 1.000000e-01
5.602510e+03 0.000000e+00 1.000000e+00 1.000000e-01
5.602520e+03 0.000000e+00 1.000000e+00 1.000000e-01
5.602530e+03 0.000000e+00 1.000000e+00 1.000000e-01
5.602540e+03 0.000000e+00 1.000000e+00 1.000000e-01
5.602550e+03 0.000000e+00 1.000000e+00 1.000000e-01
5.602560e+03 0.000000e+00 1.000000e+00 1.000000e-01
5.602570e+03 0.000000e+00 1.000000e+00 1.000000e-01
5.602580e+03 0.000000e+00 1.000000e+00 1.000000e-01
5.602590e+03 0.000000e+00 1.000000e+00 1.000000e-01
5.602600e+03 0.000000e+00 1.000000e+00 1.000000e-01
5.602610e+03 0.000000e+00 1.000000e+00 1.000000e-01
5.602620e+03 0.000000e+00 1.000000e+00 1.000000e-01
5.602630e+03 0.000000e+00 1.000000e+00 1.000000e-01
5.602640e+03 0.000000e+00 1.000000e+00 1.000000e-01
5.602650e+03 0.000000e+00 1.000000e+00 1.000000e-01
5.602660e+03 0.000000e+00 1.000000e+00 1.000000e-01
5.602670e+03 0.000000e+00 1.000000e+00 1.000000e-01
5.602680e+03 0.000000e+00 1.000000e+00 1.000000e-01
5.602690e+03 0.000000e+00 1.000000e+00 1.000000e-01
5.602700e+03 0.000000e+00 1.000000e+00 1.000000e-01
5.602710e+03 0.000000e+00 1.000000e+00 1.000000e-01
5.602720e+03 0.000000e+00 1.000000e+00 1.000000e-01
5.602730e+03 0.000000e+00 1.000000e+00 1.000000e-01
5.602740e+03 0.000000e+00 1.000000e+00 1.000000e-01
5.602750e+03 0.000000e+00 1.000000e+00 1.000000e-01
5.602760e+03 0.000000e+00 1.000000e+00 1.000000e-01
5.602770e+03 0.000000e+00 1.000000e+00 1.000000e-01
5.602780e+03 0.000000e+00 1.000000e+00 1.000000e-01
5.602790e+03 0.000000e+00 1.000000e+00 1.000000e-01
5.602800e+03 0.000000e+00 1.000000e+00 1.000000e-01
5.602810e+03 0.000000e+00 1.000000e+00 1.000000e-01
5.602820e+03 0.000000e+00 1.000000e+00 1.000000e-01
5.602830e+03 0.000000e+00 1.000000e+00 1.000000e-01
5.602840e+03 0.000000e+00 1.000000e+00 1.000000e-01
5.602850e+03 0.000000e+00 1.000000e+00 1.000000e-01
5.602860e+03 0.000000e+00 1.000000e+00 1.000000e-01
5.602870e+03 0.000000e+00 1.000000e+00 1.000000e-01
5.602880e+03 0.000000e+00 1.000000e+00 1.000000e-01
5.602890e+03 0.000000e+00 1.000000e+00 1.000000e-01
5.602900e+03 0.000000e+00 1.000000e+00 1.000000e-01
5.602910e+03 0.000000e+00 1.000000e+00 1.000000e-01
5.602920e+03 0.000000e+00 1.000000e+00 1.000000e-01
5.602930e+03 0.000000e+00 1.000000e+00 1.000000e-01
5.602940e+03 0.000000e+00 1.000000e+00 1.000000e-01
5.602950e+03 0.000000e+00 1.000000e+00 1.000000e-01
5.602960e+03 0.000000e+00 1.000000e+00 1.000000e-01
5.602970e+03 0.000000e+00 1.000000e+00 1.000000e-01
5.602980e+03 0.000000e+00 1.000000e+00 1.000000e-01
5.602990e+03 0.000000e+00 1.000000e+00 1.000000e-01
5.603000e+03 0.000000e+00 1.000000e+00 1.000000e-01
5.603010e+03 0.000000e+00 1.000000e+00 1.000000e-01
5.603020e+03 0.000000e+00 1.000000e+00 1.000000e-01
5.603030e+03 0.000000e+00 1.000000e+00 1.000000e-01
5.603040e+03 0.000000e+00 1.000000e+00 1.000000e-01
5.603050e+03 0.000000e+00 1.000000e+00 1.000000e-01
5.603060e+03 0.000000e+00 1.000000e+00 1.000000e-01
5.603070e+03 0.000000e+00 1.000000e+00 1.000000e-01
5.603080e+03 0.000000e+00 1.000000e+00 1.000000e-01
5.603090e+03 0.000000e+00 1.000000e+00 1.000000e-01
5.603100e+03 0.000000e+00 1.000000e+00 1.000000e-01
5.603110e+03 0.000000e+00 1.000000e+00 1.000000e-01
5.603120e+03 0.000000e+00 1.000000e+00 1.000000e-01
5.603130e+03 0.000000e+00 1.000000e+00 1.000000e-01
5.603140e+03 0.000000e+00 1.000000e+00 1.000000e-01
5.603150e+03 0.000000e+00 1.000000e+00 1.000000e-01
5.603160e+03 0.000000e+00 1.000000e+00 1.000000e-01
5.603170e+03 0.000000e+00 1.000000e+00 1.000000e-01
5.603180e+03 0.000000e+00 1.000000e+00 1.000000e-01
5.603190e+03 0.000000e+00 1.000000e+00 1.000000e-01
5.603200e+03 0.000000e+00 1.000000e+00 1.000000e-01
5.603210e+03 0.000000e+00 1.000000e+00 1.000000e-01
5.603220e+03 0.000000e+00 1.000000e+00 1.000000e-01
5.603230e+03 0.000000e+00 1.000000e+00 1.000000e-01
5.603240e+03 0.000000e+00 1.000000e+00 1.000000e-01
5.603250e+03 0.000000e+00 1.000000e+00 1.000000e-01
5.603260e+03 0.000000e+00 1.000000e+00 1.000000e-01
5.603270e+03 0.000000e+00 1.000000e+00 1.000000e-01
5.603280e+03 0.000000e+00 1.000000e+00 1.000000e-01
5.603290e+03 0.000000e+00 1.000000e+00 1.000000e-01
5.603300e+03 0.000000e+00 1.000000e+00 1.000000e-01
5.603310e+03 0.000000e+00 1.000000e+00 1.000000e-01
5.603320e+03 0.000000e+00 1.000000e+00 1.000000e-01
5.603330e+03 0.000000e+00 1.000000e+00 1.000000e-01
5.603340e+03 0.000000e+00 1.000000e+00 1.000000e-01
5.603350e+03 0.000000e+00 1.000000e+00 1.000000e-01
5.603360e+03 0.000000e+00 1.000000e+00 1.000000e-01
5.603370e+03 0.000000e+00 1.000000e+00 1.000000e-01
5.603380e+03 0.000000e+00 1.000000e+00 1.000000e-01
5.603390e+03 0.000000e+00 1.000000e+00 1.000000e-01
5.603400e+03 0.000000e+00 1.000000e+00 1.000000e-01
5.603410e+03 0.000000e+00 1.000000e+00 1.000000e-01
5.603420e+03 0.000000e+00 1.000000e+00 1.000000e-01
5.603430e+03 0.000000e+00 1.000000e+00 1.000000e-01
5.603440e+03 0.000000e+00 1.000000e+00 1.000000e-01
5.603450e+03 0.000000e+00 1.000000e+00 1.000000e-01
5.603460e+03 0.000000e+00 1.000000e+00 1.000000e-01
5.603470e+03 0.000000e+00 1.000000e+00 1.000000e-01
5.603480e+03 0.000000e+00 1.000000e+00 1.000000e-01
5.603490e+03 0.000000e+00 1.000000e+00 1.000000e-01
5.603500e+03 0.000000e+00 1.000000e+00 1.000000e-01
5.603510e+03 0.000000e+00 1.000000e+00 1.000000e-01
5.603520e+03 0.000000e+00 1.000000e+00 1.000000e-01
5.603530e+03 0.000000e+00 1.000000e+00 1.000000e-01
5.603540e+03 0.000000e+00 1.000000e+00 1.000000e-01
5.603550e+03 0.000000e+00 1.000000e+00 1.000000e-01
5.603560e+03 0.000000e+00 1.000000e+00 1.000000e-01
5.603570e+03 0.000000e+00 1.000000e+00 1.000000e-01
5.603580e+03 0.000000e+00 1.000000e+00 1.000000e-01
5.603590e+03 0.000000e+00 1.000000e+00 1.000000e-01
5.603600e+03 0.000000e+00 1.000000e+00 1.000000e-01
5.603610e+03 0.000000e+00 1.000000e+00 1.000000e-01
5.603620e+03 0.000000e+00 1.000000e+00 1.000000e-01
5.603630e+03 0.000000e+00 1.000000e+00 1.000000e-01
5.603640e+03 0.000000e+00 1.000000e+00 1.000000e-01
5.603650e+03 0.000000e+00 1.000000e+00 1.000000e-01
5.603660e+03 0.000000e+00 1.000000e+00 1.000000e-01
5.603670e+03 0.000000e+00 1.000000e+00 1.000000e-01
5.603680e+03 0.000000e+00 1.000000e+00 1.000000e-01
5.603690e+03 0.000000e+00 1.000000e+00 1.000000e-01
5.603700e+03 0.000000e+00 1.000000e+00 1.000000e-01
5.603710e+03 0.000000e+00 1.000000e+00 1.000000e-01
5.603720e+03 0.000000e+00 1.000000e+00 1.000000e-01
5.603730e+03 0.000000e+00 1.000000e+00 1.000000e-01
5.603740e+03 0.000000e+00 1.000000e+00 1.000000e-01
5.603750e+03 0.000000e+00 1.000000e+00 1.000000e-01
5.603760e+03 0.000000e+00 1.000000e+00 1.000000e-01
5.603770e+03 0.000000e+00 1.000000e+00 1.000000e-01
5.603780e+03 0.000000e+00 1.000000e+00 1.000000e-01
5.603790e+03 0.000000e+00 1.000000e+00 1.000000e-01
5.603800e+03 0.000000e+00 1.000000e+00 1.000000e-01
5.603810e+03 0.000000e+00 1.000000e+00 1.000000e-01
5.603820e+03 0.000000e+00 1.000000e+00 1.000000e-01
5.603830e+03 0.000000e+00 1.000000e+00 1.000000e-01
5.603840e+03 0.000000e+00 1.000000e+00 1.000000e-01
5.603850e+03 0.000000e+00 1.000000e+00 1.000000e-01
5.603860e+03 0.000000e+00 1.000000e+00 1.000000e-01
5.603870e+03 0.000000e+00 1.000000e+00 1.000000e-01
5.603880e+03 0.000000e+00 1.000000e+00 1.000000e-01
5.603890e+03 0.000000e+00 1.000000e+00 1.000000e-01
5.603900e+03 0.000000e+00 1.000000e+00 1.000000e-01
5.603910e+03 0.000000e+00 1.000000e+00 1.000000e-01
5.603920e+03 0.000000e+00 1.000000e+00 1.000000e-01
5.603930e+03 0.000000e+00 1.000000e+00 1.000000e-01
5.603940e+03 0.000000e+00 1.000000e+00 1.000000e-01
5.603950e+03 0.000000e+00 1.000000e+00 1.000000e-01
5.603960e+03 0.000000e+00 1.000000e+00 1.000000e-01
5.603970e+03 0.000000e+00 1.000000e+00 1.000000e-01
5.603980e+03 0.000000e+00 1.000000e+00 1.000000e-01
5.603990e+03 0.000000e+00 1.000000e+00 1.000000e-01
5.604000e+03 0.000000e+00 1.000000e+00 1.000000e-01
5.604010e+03 0.000000e+00 1.000000e+00 1.000000e-01
5.604020e+03 0.000000e+00 1.000000e+00 1.000000e-01
5.604030e+03 0.000000e+00 1.000000e+00 1.000000e-01
5.604040e+03 0.000000e+00 1.000000e+00 1.000000e-01
5.604050e+03 0.000000e+00 1.000000e+00 1.000000e-01
5.604060e+03 0.000000e+00 1.000000e+00 1.000000e-01
5.604070e+03 0.000000e+00 1.000000e+00 1.000000e-01
5.604080e+03 0.000000e+00 1.000000e+00 1.000000e-01
5.604090e+03 0.000000e+00 1.000000e+00 1.000000e-01
5.604100e+03 0.000000e+00 1.000000e+00 1.000000e-01
5.604110e+03 0.000000e+00 1.000000e+00 1.000000e-01
5.604120e+03 0.000000e+00 1.000000e+00 1.000000e-01
5.604130e+03 0.000000e+00 1.000000e+00 1.000000e-01
5.604140e+03 0.000000e+00 1.000000e+00 1.000000e-01
5.604150e+03 0.000000e+00 1.000000e+00 1.000000e-01
5.604160e+03 0.000000e+00 1.000000e+00 1.000000e-01
5.604170e+03 0.000000e+00 1.000000e+00 1.000000e-01
5.604180e+03 0.000000e+00 1.000000e+00 1.000000e-01
5.604190e+03 0.000000e+00 1.000000e+00 1.000000e-01
5.604200e+03 0.000000e+00 1.000000e+00 1.000000e-01
5.604210e+03 0.000000e+00 1.000000e+00 1.000000e-01
5.604220e+03 0.000000e+00 1.000000e+00 1.000000e-01
5.604230e+03 0.000000e+00 1.000000e+00 1.000000e-01
5.604240e+03 0.000000e+00 1.000000e+00 1.000000e-01
5.604250e+03 0.000000e+00 1.000000e+00 1.000000e-01
5.604260e+03 0.000000e+00 1.000000e+00 1.000000e-01
5.604270e+03 0.000000e+00 1.000000e+00 1.000000e-01
5.604280e+03 0.000000e+00 1.000000e+00 1.000000e-01
5.604290e+03 0.000000e+00 1.000000e+00 1.000000e-01
5.604300e+03 0.000000e+00 1.000000e+00 1.000000e-01
5.604310e+03 0.000000e+00 1.000000e+00 1.000000e-01
5.604320e+03 0.000000e+00 1.000000e+00 1.000000e-01
5.604330e+03 0.000000e+00 1.000000e+00 1.000000e-01
5.604340e+03 0.000000e+00 1.000000e+00 1.000000e-01
5.604350e+03 0.000000e+00 1.000000e+00 1.000000e-01
5.604360e+03 0.000000e+00 1.000000e+00 1.000000e-01
5.604370e+03 0.000000e+00 1.000000e+00 1.000000e-01
5.604380e+03 0.000000e+00 1.000000e+00 1.000000e-01
5.604390e+03 0.000000e+00 1.000000e+00 1.000000e-01
5.604400e+03 0.000000e+00 1.000000e+00 1.000000e-01
5.604410e+03 0.000000e+00 1.000000e+00 1.000000e-01
5.604420e+03 0.000000e+00 1.000000e+00 1.000000e-01
5.604430e+03 0.000000e+00 1.000000e+00 1.000000e-01
5.604440e+03 0.000000e+00 1.000000e+00 1.000000e-01
5.604450e+03 0.000000e+00 1.000000e+00 1.000000e-01
5.604460e+03 0.000000e+00 1.000000e+00 1.000000e-01
5.604470e+03 0.000000e+00 1.000000e+00 1.000000e-01
5.604480e+03 0.000000e+00 1.000000e+00 1.000000e-01
5.604490e+03 0.000000e+00 1.000000e+00 1.000000e-01
5.604500e+03 0.000000e+00 1.000000e+00 1.000000e-01
5.604510e+03 0.000000e+00 1.000000e+00 1.000000e-01
5.604520e+03 0.000000e+00 1.000000e+00 1.000000e-01
5.604530e+03 0.000000e+00 1.000000e+00 1.000000e-01
5.604540e+03 0.000000e+00 1.000000e+00 1.000000e-01
5.604550e+03 0.000000e+00 1.000000e+00 1.000000e-01
5.604560e+03 0.000000e+00 1.000000e+00 1.000000e-01
5.604570e+03 0.000000e+00 1.000000e+00 1.000000e-01
5.604580e+03 0.000000e+00 1.000000e+00 1.000000e-01
5.604590e+03 0.000000e+00 1.000000e+00 1.000000e-01
5.604600e+03 0.000000e+00 1.000000e+00 1.000000e-01
5.604610e+03 0.000000e+00 1.000000e+00 1.000000e-01
5.604620e+03 0.000000e+00 1.000000e+00 1.000000e-01
5.604630e+03 0.000000e+00 1.000000e+00 1.000000e-01
5.604640e+03 0.000000e+00 1.000000e+00 1.000000e-01
5.604650e+03 0.000000e+00 1.000000e+00 1.000000e-01
5.604660e+03 0.000000e+00 1.000000e+00 1.000000e-01
5.604670e+03 0.000000e+00 1.000000e+00 1.000000e-01
5.604680e+03 0.000000e+00 1.000000e+00 1.000000e-01
5.604690e+03 0.000000e+00 1.000000e+00 1.000000e-01
5.604700e+03 0.000000e+00 1.000000e+00 1.000000e-01
5.604710e+03 0.000000e+00 1.000000e+00 1.000000e-01
5.604720e+03 0.000000e+00 1.000000e+00 1.000000e-01
5.604730e+03 0.000000e+00 1.000000e+00 1.000000e-01
5.604740e+03 0.000000e+00 1.000000e+00 1.000000e-01
5.604750e+03 0.000000e+00 1.000000e+00 1.000000e-01
5.604760e+03 0.000000e+00 1.000000e+00 1.000000e-01
5.604770e+03 0.000000e+00 1.000000e+00 1.000000e-01
5.604780e+03 0.000000e+00 1.000000e+00 1.000000e-01
5.604790e+03 0.000000e+00 1.000000e+00 1.000000e-01
5.604800e+03 0.000000e+00 1.000000e+00 1.000000e-01
5.604810e+03 0.000000e+00 1.000000e+00 1.000000e-01
5.604820e+03 0.000000e+00 1.000000e+00 1.000000e-01
5.604830e+03 0.000000e+00 1.000000e+00 1.000000e-01
5.604840e+03 0.000000e+00 1.000000e+00 1.000000e-01
5.604850e+03 0.000000e+00 1.000000e+00 1.000000e-01
5.604860e+03 0.000000e+00 1.000000e+00 1.000000e-01
5.604870e+03 0.000000e+00 1.000000e+00 1.000000e-01
5.604880e+03 0.000000e+00 1.000000e+00 1.000000e-01
5.604890e+03 0.000000e+00 1.000000e+00 1.000000e-01
5.604900e+03 0.000000e+00 1.000000e+00 1.000000e-01
5.604910e+03 0.000000e+00 1.000000e+00 1.000000e-01
5.604920e+03 0.000000e+00 1.000000e+00 1.000000e-01
5.604930e+03 0.000000e+00 1.000000e+00 1.000000e-01
5.604940e+03 0.000000e+00 1.000000e+00 1.000000e-01
5.604950e+03 0.000000e+00 1.000000e+00 1.000000e-01
5.604960e+03 0.000000e+00 1.000000e+00 1.000000e-01
5.604970e+03 0.000000e+00 1.000000e+00 1.000000e-01
5.604980e+03 0.000000e+00 1.000000e+00 1.000000e-01
5.604990e+03 0.000000e+00 1.000000e+00 1.000000e-01
5.605000e+03 0.000000e+00 1.000000e+00 1.000000e-01
5.605010e+03 0.000000e+00 1.000000e+00 1.000000e-01
5.605020e+03 0.000000e+00 1.000000e+00 1.000000e-01
5.605030e+03 0.000000e+00 1.000000e+00 1.000000e-01
5.605040e+03 0.000000e+00 1.000000e+00 1.000000e-01
5.605050e+03 0.000000e+00 1.000000e+00 1.000000e-01
5.605060e+03 0.000000e+00 1.000000e+00 1.000000e-01
5.605070e+03 0.000000e+00 1.000000e+00 1.000000e-01
5.605080e+03 0.000000e+00 1.000000e+00 1.000000e-01
5.605090e+03 0.000000e+00 1.000000e+00 1.000000e-01
5.605100e+03 0.000000e+00 1.000000e+00 1.000000e-01
5.605110e+03 0.000000e+00 1.000000e+00 1.000000e-01
5.605120e+03 0.000000e+00 1.000000e+00 1.000000e-01
5.605130e+03 0.000000e+00 1.000000e+00 1.000000e-01
5.605140e+03 0.000000e+00 1.000000e+00 1.000000e-01
5.605150e+03 0.000000e+00 1.000000e+00 1.000000e-01
5.605160e+03 0.000000e+00 1.000000e+00 1.000000e-01
5.605170e+03 0.000000e+00 1.000000e+00 1.000000e-01
5.605180e+03 0.000000e+00 1.000000e+00 1.000000e-01
5.605190e+03 0.000000e+00 1.000000e+00 1.000000e-01
5.605200e+03 0.000000e+00 1.000000e+00 1.000000e-01
5.605210e+03 0.000000e+00 1.000000e+00 1.000000e-01
5.605220e+03 0.000000e+00 1.000000e+00 1.000000e-01
5.605230e+03 0.000000e+00 1.000000e+00 1.000000e-01
5.605240e+03 0.000000e+00 1.000000e+00 1.000000e-01
5.605250e+03 0.000000e+00 1.000000e+00 1.000000e-01
5.605260e+03 0.000000e+00 1.000000e+00 1.000000e-01
5.605270e+03 0.000000e+00 1.000000e+00 1.000000e-01
5.605280e+03 0.000000e+00 1.000000e+00 1.000000e-01
5.605290e+03 0.000000e+00 1.000000e+00 1.000000e-01
5.605300e+03 0.000000e+00 1.000000e+00 1.000000e-01
5.605310e+03 0.000000e+00 1.000000e+00 1.000000e-01
5.605320e+03 0.000000e+00 1.000000e+00 1.000000e-01
5.605330e+03 0.000000e+00 1.000000e+00 1.000000e-01
5.605340e+03 0.000000e+00 1.000000e+00 1.000000e-01
5.605350e+03 0.000000e+00 1.000000e+00 1.000000e-01
5.605360e+03 0.000000e+00 1.000000e+00 1.000000e-01
5.605370e+03 0.000000e+00 1.000000e+00 1.000000e-01
5.605380e+03 0.000000e+00 1.000000e+00 1.000000e-01
5.605390e+03 0.000000e+00 1.000000e+00 1.000000e-01
5.605400e+03 0.000000e+00 1.000000e+00 1.000000e-01
5.605410e+03 0.000000e+00 1.000000e+00 1.000000e-01
5.605420e+03 0.000000e+00 1.000000e+00 1.000000e-01
5.605430e+03 0.000000e+00 1.000000e+00 1.000000e-01
5.605440e+03 0.000000e+00 1.000000e+00 1.000000e-01
5.605450e+03 0.000000e+00 1.000000e+00 1.000000e-01
5.605460e+03 0.000000e+00 1.000000e+00 1.000000e-01
5.605470e+03 0.000000e+00 1.000000e+00 1.000000e-01
5.605480e+03 0.000000e+00 1.000000e+00 1.000000e-01
5.605490e+03 0.000000e+00 1.000000e+00 1.000000e-01
5.605500e+03 0.000000e+00 1.000000e+00 1.000000e-01
5.605510e+03 0.000000e+00 1.000000e+00 1.000000e-01
5.605520e+03 0.000000e+00 1.000000e+00 1.000000e-01
5.605530e+03 0.000000e+00 1.000000e+00 1.000000e-01
5.605540e+03 0.000000e+00 1.000000e+00 1.000000e-01
5.605550e+03 0.000000e+00 1.000000e+00 1.000000e-01
5.605560e+03 0.000000e+00 1.000000e+00 1.000000e-01
5.605570e+03 0.000000e+00 1.000000e+00 1.000000e-01
5.605580e+03 0.000000e+00 1.000000e+00 1.000000e-01
5.605590e+03 0.000000e+00 1.000000e+00 1.000000e-01
5.605600e+03 0.000000e+00 1.000000e+00 1.000000e-01
5.605610e+03 0.000000e+00 1.000000e+00 1.000000e-01
5.605620e+03 0.000000e+00 1.000000e+00 1.000000e-01
5.605630e+03 0.000000e+00 1.000000e+00 1.000000e-01
5.605640e+03 0.000000e+00 1.000000e+00 1.000000e-01
5.605650e+03 0.000000e+00 1.000000e+00 1.000000e-01
5.605660e+03 0.000000e+00 1.000000e+00 1.000000e-01
5.605670e+03 0.000000e+00 1.000000e+00 1.000000e-01
5.605680e+03 0.000000e+00 1.000000e+00 1.000000e-01
5.605690e+03 0.000000e+00 1.000000e+00 1.000000e-01
5.605700e+03 0.000000e+00 1.000000e+00 1.000000e-01
5.605710e+03 0.000000e+00 1.000000e+00 1.000000e-01
5.605720e+03 0.000000e+00 1.000000e+00 1.000000e-01
5.605730e+03 0.000000e+00 1.000000e+00 1.000000e-01
5.605740e+03 0.000000e+00 1.000000e+00 1.000000e-01
5.605750e+03 0.000000e+00 1.000000e+00 1.000000e-01
5.605760e+03 0.000000e+00 1.000000e+00 1.000000e-01
5.605770e+03 0.000000e+00 1.000000e+00 1.000000e-01
5.605780e+03 0.000000e+00 1.000000e+00 1.000000e-01
5.605790e+03 0.000000e+00 1.000000e+00 1.000000e-01
5.605800e+03 0.000000e+00 1.000000e+00 1.000000e-01
5.605810e+03 0.000000e+00 1.000000e+00 1.000000e-01
5.605820e+03 0.000000e+00 1.000000e+00 1.000000e-01
5.605830e+03 0.000000e+00 1.000000e+00 1.000000e-01
5.605840e+03 0.000000e+00 1.000000e+00 1.000000e-01
5.605850e+03 0.000000e+00 1.000000e+00 1.000000e-01
5.605860e+03 0.000000e+00 1.000000e+00 1.000000e-01
5.605870e+03 0.000000e+00 1.000000e+00 1.000000e-01
5.605880e+03 0.000000e+00 1.000000e+00 1.000000e-01
5.605890e+03 0.000000e+00 1.000000e+00 1.000000e-01
5.605900e+03 0.000000e+00 1.000000e+00 1.000000e-01
5.605910e+03 0.000000e+00 1.000000e+00 1.000000e-01
5.605920e+03 0.000000e+00 1.000000e+00 1.000000e-01
5.605930e+03 0.000000e+00 1.000000e+00 1.000000e-01
5.605940e+03 0.000000e+00 1.000000e+00 1.000000e-01
5.605950e+03 0.000000e+00 1.000000e+00 1.000000e-01
5.605960e+03 0.000000e+00 1.000000e+00 1.000000e-01
5.605970e+03 0.000000e+00 1.000000e+00 1.000000e-01
5.605980e+03 0.000000e+00 1.000000e+00 1.000000e-01
5.605990e+03 0.000000e+00 1.000000e+00 1.000000e-01
5.606000e+03 0.000000e+00 1.000000e+00 1.000000e-01
5.606010e+03 0.000000e+00 1.000000e+00 1.000000e-01
5.606020e+03 0.000000e+00 1.000000e+00 1.000000e-01
5.606030e+03 0.000000e+00 1.000000e+00 1.000000e-01
5.606040e+03 0.000000e+00 1.000000e+00 1.000000e-01
5.606050e+03 0.000000e+00 1.000000e+00 1.000000e-01
5.606060e+03 0.000000e+00 1.000000e+00 1.000000e-01
5.606070e+03 0.000000e+00 1.000000e+00 1.000000e-01
5.606080e+03 0.000000e+00 1.000000e+00 1.000000e-01
5.606090e+03 0.000000e+00 1.000000e+00 1.000000e-01
5.606100e+03 0.000000e+00 1.000000e+00 1.000000e-01
5.606110e+03 0.000000e+00 1.000000e+00 1.000000e-01
5.606120e+03 0.000000e+00 1.000000e+00 1.000000e-01
5.606130e+03 0.000000e+00 1.000000e+00 1.000000e-01
5.606140e+03 0.000000e+00 1.000000e+00 1.000000e-01
5.606150e+03 0.000000e+00 1.000000e+00 1.000000e-01
5.606160e+03 0.000000e+00 1.000000e+00 1.000000e-01
5.606170e+03 0.000000e+00 1.000000e+00 1.000000e-01
5.606180e+03 0.000000e+00 1.000000e+00 1.000000e-01
5.606190e+03 0.000000e+00 1.000000e+00 1.000000e-01
5.606200e+03 0.000000e+00 1.000000e+00 1.000000e-01
5.606210e+03 0.000000e+00 1.000000e+00 1.000000e-01
5.606220e+03 0.000000e+00 1.000000e+00 1.000000e-01
5.606230e+03 0.000000e+00 1.000000e+00 1.000000e-01
5.606240e+03 0.000000e+00 1.000000e+00 1.000000e-01
5.606250e+03 0.000000e+00 1.000000e+00 1.000000e-01
5.606260e+03 0.000000e+00 1.000000e+00 1.000000e-01
5.606270e+03 0.000000e+00 1.000000e+00 1.000000e-01
5.606280e+03 0.000000e+00 1.000000e+00 1.000000e-01
5.606290e+03 0.000000e+00 1.000000e+00 1.000000e-01
5.606300e+03 0.000000e+00 1.000000e+00 1.000000e-01
5.606310e+03 0.000000e+00 1.000000e+00 1.000000e-01
5.606320e+03 0.000000e+00 1.000000e+00 1.000000e-01
5.606330e+03 0.000000e+00 1.000000e+00 1.000000e-01
5.606340e+03 0.000000e+00 1.000000e+00 1.000000e-01
5.606350e+03 0.000000e+00 1.000000e+00 1.000000e-01
5.606360e+03 0.000000e+00 1.000000e+00 1.000000e-01
5.606370e+03 0.000000e+00 1.000000e+00 1.000000e-01
5.606380e+03 0.000000e+00 1.000000e+00 1.000000e-01
5.606390e+03 0.000000e+00 1.000000e+00 1.000000e-01
5.606400e+03 0.000000e+00 1.000000e+00 1.000000e-01
5.606410e+03 0.000000e+00 1.000000e+00 1.000000e-01
5.606420e+03 0.000000e+00 1.000000e+00 1.000000e-01
5.606430e+03 0.000000e+00 1.000000e+00 1.000000e-01
5.606440e+03 0.000000e+00 1.000000e+00 1.000000e-01
5.606450e+03 0.000000e+00 1.000000e+00 1.000000e-01
5.606460e+03 0.000000e+00 1.000000e+00 1.000000e-01
5.606470e+03 0.000000e+00 1.000000e+00 1.000000e-01
5.606480e+03 0.000000e+00 1.000000e+00 1.000000e-01
5.606490e+03 0.000000e+00 1.000000e+00 1.000000e-01
5.606500e+03 0.000000e+00 1.000000e+00 1.000000e-01
5.606510e+03 0.000000e+00 1.000000e+00 1.000000e-01
5.606520e+03 0.000000e+00 1.000000e+00 1.000000e-01
5.606530e+03 0.000000e+00 1.000000e+00 1.000000e-01
5.606540e+03 0.000000e+00 1.000000e+00 1.000000e-01
5.606550e+03 0.000000e+00 1.000000e+00 1.000000e-01
5.606560e+03 0.000000e+00 1.000000e+00 1.000000e-01
5.606570e+03 0.000000e+00 1.000000e+00 1.000000e-01
5.606580e+03 0.000000e+00 1.000000e+00 1.000000e-01
5.606590e+03 0.000000e+00 1.000000e+00 1.000000e-01
5.606600e+03 0.000000e+00 1.000000e+00 1.000000e-01
5.606610e+03 0.000000e+00 1.000000e+00 1.000000e-01
5.606620e+03 0.000000e+00 1.000000e+00 1.000000e-01
5.606630e+03 0.000000e+00 1.000000e+00 1.000000e-01
5.606640e+03 0.000000e+00 1.000000e+00 1.000000e-01
5.606650e+03 0.000000e+00 1.000000e+00 1.000000e-01
5.606660e+03 0.000000e+00 1.000000e+00 1.000000e-01
5.606670e+03 0.000000e+00 1.000000e+00 1.000000e-01
5.606680e+03 0.000000e+00 1.000000e+00 1.000000e-01
5.606690e+03 0.000000e+00 1.000000e+00 1.000000e-01
5.606700e+03 0.000000e+00 1.000000e+00 1.000000e-01
5.606710e+03 0.000000e+00 1.000000e+00 1.000000e-01
5.606720e+03 0.000000e+00 1.000000e+00 1.000000e-01
5.606730e+03 0.000000e+00 1.000000e+00 1.000000e-01
5.606740e+03 0.000000e+00 1.000000e+00 1.000000e-01
5.606750e+03 0.000000e+00 1.000000e+00 1.000000e-01
5.606760e+03 0.000000e+00 1.000000e+00 1.000000e-01
5.606770e+03 0.000000e+00 1.000000e+00 1.000000e-01
5.606780e+03 0.000000e+00 1.000000e+00 1.000000e-01
5.606790e+03 0.000000e+00 1.000000e+00 1.000000e-01
5.606800e+03 0.000000e+00 1.000000e+00 1.000000e-01
5.606810e+03 0.000000e+00 1.000000e+00 1.000000e-01
5.606820e+03 0.000000e+00 1.000000e+00 1.000000e-01
5.606830e+03 0.000000e+00 1.000000e+00 1.000000e-01
5.606840e+03 0.000000e+00 1.000000e+00 1.000000e-01
5.606850e+03 0.000000e+00 1.000000e+00 1.000000e-01
5.606860e+03 0.000000e+00 1.000000e+00 1.000000e-01
5.606870e+03 0.000000e+00 1.000000e+00 1.000000e-01
5.606880e+03 0.000000e+00 1.000000e+00 1.000000e-01
5.606890e+03 0.000000e+00 1.000000e+00 1.000000e-01
5.606900e+03 0.000000e+00 1.000000e+00 1.000000e-01
5.606910e+03 0.000000e+00 1.000000e+00 1.000000e-01
5.606920e+03 0.000000e+00 1.000000e+00 1.000000e-01
5.606930e+03 0.000000e+00 1.000000e+00 1.000000e-01
5.606940e+03 0.000000e+00 1.000000e+00 1.000000e-01
5.606950e+03 0.000000e+00 1.000000e+00 1.000000e-01
5.606960e+03 0.000000e+00 1.000000e+00 1.000000e-01
5.606970e+03 0.000000e+00 1.000000e+00 1.000000e-01
5.606980e+03 0.000000e+00 1.000000e+00 1.000000e-01
5.606990e+03 0.000000e+00 1.000000e+00 1.000000e-01
5.607000e+03 0.000000e+00 1.000000e+00 1.000000e-01
5.607010e+03 0.000000e+00 1.000000e+00 1.000000e-01
5.607020e+03 0.000000e+00 1.000000e+00 1.000000e-01
5.607030e+03 0.000000e+00 1.000000e+00 1.000000e-01
5.607040e+03 0.000000e+00 1.000000e+00 1.000000e-01
5.607050e+03 0.000000e+00 1.000000e+00 1.000000e-01
5.607060e+03 0.000000e+00 1.000000e+00 1.000000e-01
5.607070e+03 0.000000e+00 1.000000e+00 1.000000e-01
5.607080e+03 0.000000e+00 1.000000e+00 1.000000e-01
5.607090e+03 0.000000e+00 1.000000e+00 1.000000e-01
5.607100e+03 0.000000e+00 1.000000e+00 1.000000e-01
5.607110e+03 0.000000e+00 1.000000e+00 1.000000e-01
5.607120e+03 0.000000e+00 1.000000e+00 1.000000e-01
5.607130e+03 0.000000e+00 1.000000e+00 1.000000e-01
5.607140e+03 0.000000e+00 1.000000e+00 1.000000e-01
5.607150e+03 0.000000e+00 1.000000e+00 1.000000e-01
5.607160e+03 0.000000e+00 1.000000e+00 1.000000e-01
5.607170e+03 0.000000e+00 1.000000e+00 1.000000e-01
5.607180e+03 0.000000e+00 1.000000e+00 1.000000e-01
5.607190e+03 0.000000e+00 1.000000e+00 1.000000e-01
5.607200e+03 0.000000e+00 1.000000e+00 1.000000e-01
5.607210e+03 0.000000e+00 1.000000e+00 1.000000e-01
5.607220e+03 0.000000e+00 1.000000e+00 1.000000e-01
5.607230e+03 0.000000e+00 1.000000e+00 1.000000e-01
5.607240e+03 0.000000e+00 1.000000e+00 1.000000e-01
5.607250e+03 0.000000e+00 1.000000e+00 1.000000e-01
5.607260e+03 0.000000e+00 1.000000e+00 1.000000e-01
5.607270e+03 0.000000e+00 1.000000e+00 1.000000e-01
5.607280e+03 0.000000e+00 1.000000e+00 1.000000e-01
5.607290e+03 0.000000e+00 1.000000e+00 1.000000e-01
5.607300e+03 0.000000e+00 1.000000e+00 1.000000e-01
5.607310e+03 0.000000e+00 1.000000e+00 1.000000e-01
5.607320e+03 0.000000e+00 1.000000e+00 1.000000e-01
5.607330e+03 0.000000e+00 1.000000e+00 1.000000e-01
5.607340e+03 0.000000e+00 1.000000e+00 1.000000e-01
5.607350e+03 0.000000e+00 1.000000e+00 1.000000e-01
5.607360e+03 0.000000e+00 1.000000e+00 1.000000e-01
5.607370e+03 0.000000e+00 1.000000e+00 1.000000e-01
5.607380e+03 0.000000e+00 1.000000e+00 1.000000e-01
5.607390e+03 0.000000e+00 1.000000e+00 1.000000e-01
5.607400e+03 0.000000e+00 1.000000e+00 1.000000e-01
5.607410e+03 0.000000e+00 1.000000e+00 1.000000e-01
5.607420e+03 0.000000e+00 1.000000e+00 1.000000e-01
5.607430e+03 0.000000e+00 1.000000e+00 1.000000e-01
5.607440e+03 0.000000e+00 1.000000e+00 1.000000e-01
5.607450e+03 0.000000e+00 1.000000e+00 1.000000e-01
5.607460e+03 0.000000e+00 1.000000e+00 1.000000e-01
5.607470e+03 0.000000e+00 1.000000e+00 1.000000e-01
5.607480e+03 0.000000e+00 1.000000e+00 1.000000e-01
5.607490e+03 0.000000e+00 1.000000e+00 1.000000e-01
5.607500e+03 0.000000e+00 1.000000e+00 1.000000e-01
5.607510e+03 0.000000e+00 1.000000e+00 1.000000e-01
5.607520e+03 0.000000e+00 1.000000e+00 1.000000e-01
5.607530e+03 0.000000e+00 1.000000e+00 1.000000e-01
5.607540e+03 0.000000e+00 1.000000e+00 1.000000e-01
5.607550e+03 0.000000e+00 1.000000e+00 1.000000e-01
5.607560e+03 0.000000e+00 1.000000e+00 1.000000e-01
5.607570e+03 0.000000e+00 1.000000e+00 1.000000e-01
5.607580e+03 0.000000e+00 1.000000e+00 1.000000e-01
5.607590e+03 0.000000e+00 1.000000e+00 1.000000e-01
5.607600e+03 0.000000e+00 1.000000e+00 1.000000e-01
5.607610e+03 0.000000e+00 1.000000e+00 1.000000e-01
5.607620e+03 0.000000e+00 1.000000e+00 1.000000e-01
5.607630e+03 0.000000e+00 1.000000e+00 1.000000e-01
5.607640e+03 0.000000e+00 1.000000e+00 1.000000e-01
5.607650e+03 0.000000e+00 1.000000e+00 1.000000e-01
5.607660e+03 0.000000e+00 1.000000e+00 1.000000e-01
5.607670e+03 0.000000e+00 1.000000e+00 1.000000e-01
5.607680e+03 0.000000e+00 1.000000e+00 1.000000e-01
5.607690e+03 0.000000e+00 1.000000e+00 1.000000e-01
5.607700e+03 0.000000e+00 1.000000e+00 1.000000e-01
5.607710e+03 0.000000e+00 1.000000e+00 1.000000e-01
5.607720e+03 0.000000e+00 1.000000e+00 1.000000e-01
5.607730e+03 0.000000e+00 1.000000e+00 1.000000e-01
5.607740e+03 0.000000e+00 1.000000e+00 1.000000e-01
5.607750e+03 0.000000e+00 1.000000e+00 1.000000e-01
5.607760e+03 0.000000e+00 1.000000e+00 1.000000e-01
5.607770e+03 0.000000e+00 1.000000e+00 1.000000e-01
5.607780e+03 0.000000e+00 1.000000e+00 1.000000e-01
5.607790e+03 0.000000e+00 1.000000e+00 1.000000e-01
5.607800e+03 0.000000e+00 1.000000e+00 1.000000e-01
5.607810e+03 0.000000e+00 1.000000e+00 1.000000e-01
5.607820e+03 0.000000e+00 1.000000e+00 1.000000e-01
5.607830e+03 0.000000e+00 1.000000e+00 1.000000e-01
5.607840e+03 0.000000e+00 1.000000e+00 1.000000e-01
5.607850e+03 0.000000e+00 1.000000e+00 1.000000e-01
5.607860e+03 0.000000e+00 1.000000e+00 1.000000e-01
5.607870e+03 0.000000e+00 1.000000e+00 1.000000e-01
5.607880e+03 0.000000e+00 1.000000e+00 1.000000e-01
5.607890e+03 0.000000e+00 1.000000e+00 1.000000e-01
5.607900e+03 0.000000e+00 1.000000e+00 1.000000e-01
5.607910e+03 0.000000e+00 1.000000e+00 1.000000e-01
5.607920e+03 0.000000e+00 1.000000e+00 1.000000e-01
5.607930e+03 0.000000e+00 1.000000e+00 1.000000e-01
5.607940e+03 0.000000e+00 1.000000e+00 1.000000e-01
5.607950e+03 0.000000e+00 1.000000e+00 1.000000e-01
5.607960e+03 0.000000e+00 1.000000e+00 1.000000e-01
5.607970e+03 0.000000e+00 1.000000e+00 1.000000e-01
5.607980e+03 0.000000e+00 1.000000e+00 1.000000e-01
5.607990e+03 0.000000e+00 1.000000e+00 1.000000e-01
5.608000e+03 0.000000e+00 1.000000e+00 1.000000e-01
5.608010e+03 0.000000e+00 1.000000e+00 1.000000e-01
5.608020e+03 0.000000e+00 1.000000e+00 1.000000e-01
5.608030e+03 0.000000e+00 1.000000e+00 1.000000e-01
5.608040e+03 0.000000e+00 1.000000e+00 1.000000e-01
5.608050e+03 0.000000e+00 1.000000e+00 1.000000e-01
5.608060e+03 0.000000e+00 1.000000e+00 1.000000e-01
5.608070e+03 0.000000e+00 1.000000e+00 1.000000e-01
5.608080e+03 0.000000e+00 1.000000e+00 1.000000e-01
5.608090e+03 0.000000e+00 1.000000e+00 1.000000e-01
5.608100e+03 0.000000e+00 1.000000e+00 1.000000e-01
5.608110e+03 0.000000e+00 1.000000e+00 1.000000e-01
5.608120e+03 0.000000e+00 1.000000e+00 1.000000e-01
5.608130e+03 0.000000e+00 1.000000e+00 1.000000e-01
5.608140e+03 0.000000e+00 1.000000e+00 1.000000e-01
5.608150e+03 0.000000e+00 1.000000e+00 1.000000e-01
5.608160e+03 0.000000e+00 1.000000e+00 1.000000e-01
5.608170e+03 0.000000e+00 1.000000e+00 1.000000e-01
5.608180e+03 0.000000e+00 1.000000e+00 1.000000e-01
5.608190e+03 0.000000e+00 1.000000e+00 1.000000e-01
5.608200e+03 0.000000e+00 1.000000e+00 1.000000e-01
5.608210e+03 0.000000e+00 1.000000e+00 1.000000e-01
5.608220e+03 0.000000e+00 1.000000e+00 1.000000e-01
5.608230e+03 0.000000e+00 1.000000e+00 1.000000e-01
5.608240e+03 0.000000e+00 1.000000e+00 1.000000e-01
5.608250e+03 0.000000e+00 1.000000e+00 1.000000e-01
5.608260e+03 0.000000e+00 1.000000e+00 1.000000e-01
5.608270e+03 0.000000e+00 1.000000e+00 1.000000e-01
5.608280e+03 0.000000e+00 1.000000e+00 1.000000e-01
5.608290e+03 0.000000e+00 1.000000e+00 1.000000e-01
5.608300e+03 0.000000e+00 1.000000e+00 1.000000e-01
5.608310e+03 0.000000e+00 1.000000e+00 1.000000e-01
5.608320e+03 0.000000e+00 1.000000e+00 1.000000e-01
5.608330e+03 0.000000e+00 1.000000e+00 1.000000e-01
5.608340e+03 0.000000e+00 1.000000e+00 1.000000e-01
5.608350e+03 0.000000e+00 1.000000e+00 1.000000e-01
5.608360e+03 0.000000e+00 1.000000e+00 1.000000e-01
5.608370e+03 0.000000e+00 1.000000e+00 1.000000e-01
5.608380e+03 0.000000e+00 1.000000e+00 1.000000e-01
5.608390e+03 0.000000e+00 1.000000e+00 1.000000e-01
5.608400e+03 0.000000e+00 1.000000e+00 1.000000e-01
5.608410e+03 0.000000e+00 1.000000e+00 1.000000e-01
5.608420e+03 0.000000e+00 1.000000e+00 1.000000e-01
5.608430e+03 0.000000e+00 1.000000e+00 1.000000e-01
5.608440e+03 0.000000e+00 1.000000e+00 1.000000e-01
5.608450e+03 0.000000e+00 1.000000e+00 1.000000e-01
5.608460e+03 0.000000e+00 1.000000e+00 1.000000e-01
5.608470e+03 0.000000e+00 1.000000e+00 1.000000e-01
5.608480e+03 0.000000e+00 1.000000e+00 1.000000e-01
5.608490e+03 0.000000e+00 1.000000e+00 1.000000e-01
5.608500e+03 0.000000e+00 1.000000e+00 1.000000e-01
5.608510e+03 0.000000e+00 1.000000e+00 1.000000e-01
5.608520e+03 0.000000e+00 1.000000e+00 1.000000e-01
5.608530e+03 0.000000e+00 1.000000e+00 1.000000e-01
5.608540e+03 0.000000e+00 1.000000e+00 1.000000e-01
5.608550e+03 0.000000e+00 1.000000e+00 1.000000e-01
5.608560e+03 0.000000e+00 1.000000e+00 1.000000e-01
5.608570e+03 0.000000e+00 1.000000e+00 1.000000e-01
5.608580e+03 0.000000e+00 1.000000e+00 1.000000e-01
5.608590e+03 0.000000e+00 1.000000e+00 1.000000e-01
5.608600e+03 0.000000e+00 1.000000e+00 1.000000e-01
5.608610e+03 0.000000e+00 1.000000e+00 1.000000e-01
5.608620e+03 0.000000e+00 1.000000e+00 1.000000e-01
5.608630e+03 0.000000e+00 1.000000e+00 1.000000e-01
5.608640e+03 0.000000e+00 1.000000e+00 1.000000e-01
5.608650e+03 0.000000e+00 1.000000e+00 1.000000e-01
5.608660e+03 0.000000e+00 1.000000e+00 1.000000e-01
5.608670e+03 0.000000e+00 1.000000e+00 1.000000e-01
5.608680e+03 0.000000e+00 1.000000e+00 1.000000e-01
5.608690e+03 0.000000e+00 1.000000e+00 1.000000e-01
5.608700e+03 0.000000e+00 1.000000e+00 1.000000e-01
5.608710e+03 0.000000e+00 1.000000e+00 1.000000e-01
5.608720e+03 0.000000e+00 1.000000e+00 1.000000e-01
5.608730e+03 0.000000e+00 1.000000e+00 1.000000e-01
5.608740e+03 0.000000e+00 1.000000e+00 1.000000e-01
5.608750e+03 0.000000e+00 1.000000e+00 1.000000e-01
5.608760e+03 0.000000e+00 1.000000e+00 1.000000e-01
5.608770e+03 0.000000e+00 1.000000e+00 1.000000e-01
5.608780e+03 0.000000e+00 1.000000e+00 1.000000e-01
5.608790e+03 0.000000e+00 1.000000e+00 1.000000e-01
5.608800e+03 0.000000e+00 1.000000e+00 1.000000e-01
5.608810e+03 0.000000e+00 1.000000e+00 1.000000e-01
5.608820e+03 0.000000e+00 1.000000e+00 1.000000e-01
5.608830e+03 0.000000e+00 1.000000e+00 1.000000e-01
5.608840e+03 0.000000e+00 1.000000e+00 1.000000e-01
5.608850e+03 0.000000e+00 1.000000e+00 1.000000e-01
5.608860e+03 0.000000e+00 1.000000e+00 1.000000e-01
5.608870e+03 0.000000e+00 1.000000e+00 1.000000e-01
5.608880e+03 0.000000e+00 1.000000e+00 1.000000e-01
5.608890e+03 0.000000e+00 1.000000e+00 1.000000e-01
5.608900e+03 0.000000e+00 1.000000e+00 1.000000e-01
5.608910e+03 0.000000e+00 1.000000e+00 1.000000e-01
5.608920e+03 0.000000e+00 1.000000e+00 1.000000e-01
5.608930e+03 0.000000e+00 1.000000e+00 1.000000e-01
5.608940e+03 0.000000e+00 1.000000e+00 1.000000e-01
5.608950e+03 0.000000e+00 1.000000e+00 1.000000e-01
5.608960e+03 0.000000e+00 1.000000e+00 1.000000e-01
5.608970e+03 0.000000e+00 1.000000e+00 1.000000e-01
5.608980e+03 0.000000e+00 1.000000e+00 1.000000e-01
5.608990e+03 0.000000e+00 1.000000e+00 1.000000e-01
5.609000e+03 0.000000e+00 1.000000e+00 1.000000e-01
5.609010e+03 0.000000e+00 1.000000e+00 1.000000e-01
5.609020e+03 0.000000e+00 1.000000e+00 1.000000e-01
5.609030e+03 0.000000e+00 1.000000e+00 1.000000e-01
5.609040e+03 0.000000e+00 1.000000e+00 1.000000e-01
5.609050e+03 0.000000e+00 1.000000e+00 1.000000e-01
5.609060e+03 0.000000e+00 1.000000e+00 1.000000e-01
5.609070e+03 0.000000e+00 1.000000e+00 1.000000e-01
5.609080e+03 0.000000e+00 1.000000e+00 1.000000e-01
5.609090e+03 0.000000e+00 1.000000e+00 1.000000e-01
5.609100e+03 0.000000e+00 1.000000e+00 1.000000e-01
5.609110e+03 0.000000e+00 1.000000e+00 1.000000e-01
5.609120e+03 0.000000e+00 1.000000e+00 1.000000e-01
5.609130e+03 0.000000e+00 1.000000e+00 1.000000e-01
5.609140e+03 0.000000e+00 1.000000e+00 1.000000e-01
5.609150e+03 0.000000e+00 1.000000e+00 1.000000e-01
5.609160e+03 0.000000e+00 1.000000e+00 1.000000e-01
5.609170e+03 0.000000e+00 1.000000e+00 1.000000e-01
5.609180e+03 0.000000e+00 1.000000e+00 1.000000e-01
5.609190e+03 0.000000e+00 1.000000e+00 1.000000e-01
5.609200e+03 0.000000e+00 1.000000e+00 1.000000e-01
5.609210e+03 0.000000e+00 1.000000e+00 1.000000e-01
5.609220e+03 0.000000e+00 1.000000e+00 1.000000e-01
5.609230e+03 0.000000e+00 1.000000e+00 1.000000e-01
5.609240e+03 0.000000e+00 1.000000e+00 1.000000e-01
5.609250e+03 0.000000e+00 1.000000e+00 1.000000e-01
5.609260e+03 0.000000e+00 1.000000e+00 1.000000e-01
5.609270e+03 0.000000e+00 1.000000e+00 1.000000e-01
5.609280e+03 0.000000e+00 1.000000e+00 1.000000e-01
5.609290e+03 0.000000e+00 1.000000e+00 1.000000e-01
5.609300e+03 0.000000e+00 1.000000e+00 1.000000e-01
5.609310e+03 0.000000e+00 1.000000e+00 1.000000e-01
5.609320e+03 0.000000e+00 1.000000e+00 1.000000e-01
5.609330e+03 0.000000e+00 1.000000e+00 1.000000e-01
5.609340e+03 0.000000e+00 1.000000e+00 1.000000e-01
5.609350e+03 0.000000e+00 1.000000e+00 1.000000e-01
5.609360e+03 0.000000e+00 1.000000e+00 1.000000e-01
5.609370e+03 0.000000e+00 1.000000e+00 1.000000e-01
5.609380e+03 0.000000e+00 1.000000e+00 1.000000e-01
5.609390e+03 0.000000e+00 1.000000e+00 1.000000e-01
5.609400e+03 0.000000e+00 1.000000e+00 1.000000e-01
5.609410e+03 0.000000e+00 1.000000e+00 1.000000e-01
5.609420e+03 0.000000e+00 1.000000e+00 1.000000e-01
5.609430e+03 0.000000e+00 1.000000e+00 1.000000e-01
5.609440e+03 0.000000e+00 1.000000e+00 1.000000e-01
5.609450e+03 0.000000e+00 1.000000e+00 1.000000e-01
5.609460e+03 0.000000e+00 1.000000e+00 1.000000e-01
5.609470e+03 0.000000e+00 1.000000e+00 1.000000e-01
5.609480e+03 0.000000e+00 1.000000e+00 1.000000e-01
5.609490e+03 0.000000e+00 1.000000e+00 1.000000e-01
5.609500e+03 0.000000e+00 1.000000e+00 1.000000e-01
5.609510e+03 0.000000e+00 1.000000e+00 1.000000e-01
5.609520e+03 0.000000e+00 1.000000e+00 1.000000e-01
5.609530e+03 0.000000e+00 1.000000e+00 1.000000e-01
5.609540e+03 0.000000e+00 1.000000e+00 1.000000e-01
5.609550e+03 0.000000e+00 1.000000e+00 1.000000e-01
5.609560e+03 0.000000e+00 1.000000e+00 1.000000e-01
5.609570e+03 0.000000e+00 1.000000e+00 1.000000e-01
5.609580e+03 0.000000e+00 1.000000e+00 1.000000e-01
5.609590e+03 0.000000e+00 1.000000e+00 1.000000e-01
5.609600e+03 0.000000e+00 1.000000e+00 1.000000e-01
5.609610e+03 0.000000e+00 1.000000e+00 1.000000e-01
5.609620e+03 0.000000e+00 1.000000e+00 1.000000e-01
5.609630e+03 0.000000e+00 1.000000e+00 1.000000e-01
5.609640e+03 0.000000e+00 1.000000e+00 1.000000e-01
5.609650e+03 0.000000e+00 1.000000e+00 1.000000e-01
5.609660e+03 0.000000e+00 1.000000e+00 1.000000e-01
5.609670e+03 0.000000e+00 1.000000e+00 1.000000e-01
5.609680e+03 0.000000e+00 1.000000e+00 1.000000e-01
5.609690e+03 0.000000e+00 1.000000e+00 1.000000e-01
5.609700e+03 0.000000e+00 1.000000e+00 1.000000e-01
5.609710e+03 0.000000e+00 1.000000e+00 1.000000e-01
5.609720e+03 0.000000e+00 1.000000e+00 1.000000e-01
5.609730e+03 0.000000e+00 1.000000e+00 1.000000e-01
5.609740e+03 0.000000e+00 1.000000e+00 1.000000e-01
5.609750e+03 0.000000e+00 1.000000e+00 1.000000e-01
5.609760e+03 0.000000e+00 1.000000e+00 1.000000e-01
5.609770e+03 0.000000e+00 1.000000e+00 1.000000e-01
5.609780e+03 0.000000e+00 1.000000e+00 1.000000e-01
5.609790e+03 0.000000e+00 1.000000e+00 1.000000e-01
5.609800e+03 0.000000e+00 1.000000e+00 1.000000e-01
5.609810e+03 0.000000e+00 1.000000e+00 1.000000e-01
5.609820e+03 0.000000e+00 1.000000e+00 1.000000e-01
5.609830e+03 0.000000e+00 1.000000e+00 1.000000e-01
5.609840e+03 0.000000e+00 1.000000e+00 1.000000e-01
5.609850e+03 0.000000e+00 1.000000e+00 1.000000e-01
5.609860e+03 0.000000e+00 1.000000e+00 1.000000e-01
5.609870e+03 0.000000e+00 1.000000e+00 1.000000e-01
5.609880e+03 0.000000e+00 1.000000e+00 1.000000e-01
5.609890e+03 0.000000e+00 1.000000e+00 1.000000e-01
5.609900e+03 0.000000e+00 1.000000e+00 1.000000e-01
5.609910e+03 0.000000e+00 1.000000e+00 1.000000e-01
5.609920e+03 0.000000e+00 1.000000e+00 1.000000e-01
5.609930e+03 0.000000e+00 1.000000e+00 1.000000e-01
5.609940e+03 0.000000e+00 1.000000e+00 1.000000e-01
5.609950e+03 0.000000e+00 1.000000e+00 1.000000e-01
5.609960e+03 0.000000e+00 1.000000e+00 1.000000e-01
5.609970e+03 0.000000e+00 1.000000e+00 1.000000e-01
5.609980e+03 0.000000e+00 1.000000e+00 1.000000e-01
5.609990e+03 0.000000e+00 1.000000e+00 1.000000e-01
5.610000e+03 0.000000e+00 1.000000e+00 1.000000e-01
5.610010e+03 0.000000e+00 1.000000e+00 1.000000e-01
5.610020e+03 0.000000e+00 1.000000e+00 1.000000e-01
5.610030e+03 0.000000e+00 1.000000e+00 1.000000e-01
5.610040e+03 0.000000e+00 1.000000e+00 1.000000e-01
5.610050e+03 0.000000e+00 1.000000e+00 1.000000e-01
5.610060e+03 0.000000e+00 1.000000e+00 1.000000e-01
5.610070e+03 0.000000e+00 1.000000e+00 1.000000e-01
5.610080e+03 0.000000e+00 1.000000e+00 1.000000e-01
5.610090e+03 0.000000e+00 1.000000e+00 1.000000e-01
5.610100e+03 0.000000e+00 1.000000e+00 1.000000e-01
5.610110e+03 0.000000e+00 1.000000e+00 1.000000e-01
5.610120e+03 0.000000e+00 1.000000e+00 1.000000e-01
5.610130e+03 0.000000e+00 1.000000e+00 1.000000e-01
5.610140e+03 0.000000e+00 1.000000e+00 1.000000e-01
5.610150e+03 0.000000e+00 1.000000e+00 1.000000e-01
5.610160e+03 0.000000e+00 1.000000e+00 1.000000e-01
5.610170e+03 0.000000e+00 1.000000e+00 1.000000e-01
5.610180e+03 0.000000e+00 1.000000e+00 1.000000e-01
5.610190e+03 0.000000e+00 1.000000e+00 1.000000e-01
5.610200e+03 0.000000e+00 1.000000e+00 1.000000e-01
5.610210e+03 0.000000e+00 1.000000e+00 1.000000e-01
5.610220e+03 0.000000e+00 1.000000e+00 1.000000e-01
5.610230e+03 0.000000e+00 1.000000e+00 1.000000e-01
5.610240e+03 0.000000e+00 1.000000e+00 1.000000e-01
5.610250e+03 0.000000e+00 1.000000e+00 1.000000e-01
5.610260e+03 0.000000e+00 1.000000e+00 1.000000e-01
5.610270e+03 0.000000e+00 1.000000e+00 1.000000e-01
5.610280e+03 0.000000e+00 1.000000e+00 1.000000e-01
5.610290e+03 0.000000e+00 1.000000e+00 1.000000e-01
5.610300e+03 0.000000e+00 1.000000e+00 1.000000e-01
5.610310e+03 0.000000e+00 1.000000e+00 1.000000e-01
5.610320e+03 0.000000e+00 1.000000e+00 1.000000e-01
5.610330e+03 0.000000e+00 1.000000e+00 1.000000e-01
5.610340e+03 0.000000e+00 1.000000e+00 1.000000e-01
5.610350e+03 0.000000e+00 1.000000e+00 1.000000e-01
5.610360e+03 0.000000e+00 1.000000e+00 1.000000e-01
5.610370e+03 0.000000e+00 1.000000e+00 1.000000e-01
5.610380e+03 0.000000e+00 1.000000e+00 1.000000e-01
5.610390e+03 0.000000e+00 1.000000e+00 1.000000e-01
5.610400e+03 0.000000e+00 1.000000e+00 1.000000e-01
5.610410e+03 0.000000e+00 1.000000e+00 1.000000e-01
5.610420e+03 0.000000e+00 1.000000e+00 1.000000e-01
5.610430e+03 0.000000e+00 1.000000e+00 1.000000e-01
5.610440e+03 0.000000e+00 1.000000e+00 1.000000e-01
5.610450e+03 0.000000e+00 1.000000e+00 1.000000e-01
5.610460e+03 0.000000e+00 1.000000e+00 1.000000e-01
5.610470e+03 0.000000e+00 1.000000e+00 1.000000e-01
5.610480e+03 0.000000e+00 1.000000e+00 1.000000e-01
5.610490e+03 0.000000e+00 1.000000e+00 1.000000e-01
5.610500e+03 0.000000e+00 1.000000e+00 1.000000e-01
5.610510e+03 0.000000e+00 1.000000e+00 1.000000e-01
5.610520e+03 0.000000e+00 1.000000e+00 1.000000e-01
5.610530e+03 0.000000e+00 1.000000e+00 1.000000e-01
5.610540e+03 0.000000e+00 1.000000e+00 1.000000e-01
5.610550e+03 0.000000e+00 1.000000e+00 1.000000e-01
5.610560e+03 0.000000e+00 1.000000e+00 1.000000e-01
5.610570e+03 0.000000e+00 1.000000e+00 1.000000e-01
5.610580e+03 0.000000e+00 1.000000e+00 1.000000e-01
5.610590e+03 0.000000e+00 1.000000e+00 1.000000e-01
5.610600e+03 0.000000e+00 1.000000e+00 1.000000e-01
5.610610e+03 0.000000e+00 1.000000e+00 1.000000e-01
5.610620e+03 0.000000e+00 1.000000e+00 1.000000e-01
5.610630e+03 0.000000e+00 1.000000e+00 1.000000e-01
5.610640e+03 0.000000e+00 1.000000e+00 1.000000e-01
5.610650e+03 0.000000e+00 1.000000e+00 1.000000e-01
5.610660e+03 0.000000e+00 1.000000e+00 1.000000e-01
5.610670e+03 0.000000e+00 1.000000e+00 1.000000e-01
5.610680e+03 0.000000e+00 1.000000e+00 1.000000e-01
5.610690e+03 0.000000e+00 1.000000e+00 1.000000e-01
5.610700e+03 0.000000e+00 1.000000e+00 1.000000e-01
5.610710e+03 0.000000e+00 1.000000e+00 1.000000e-01
5.610720e+03 0.000000e+00 1.000000e+00 1.000000e-01
5.610730e+03 0.000000e+00 1.000000e+00 1.000000e-01
5.610740e+03 0.000000e+00 1.000000e+00 1.000000e-01
5.610750e+03 0.000000e+00 1.000000e+00 1.000000e-01
5.610760e+03 0.000000e+00 1.000000e+00 1.000000e-01
5.610770e+03 0.000000e+00 1.000000e+00 1.000000e-01
5.610780e+03 0.000000e+00 1.000000e+00 1.000000e-01
5.610790e+03 0.000000e+00 1.000000e+00 1.000000e-01
5.610800e+03 0.000000e+00 1.000000e+00 1.000000e-01
5.610810e+03 0.000000e+00 1.000000e+00 1.000000e-01
5.610820e+03 0.000000e+00 1.000000e+00 1.000000e-01
5.610830e+03 0.000000e+00 1.000000e+00 1.000000e-01
5.610840e+03 0.000000e+00 1.000000e+00 1.000000e-01
5.610850e+03 0.000000e+00 1.000000e+00 1.000000e-01
5.610860e+03 0.000000e+00 1.000000e+00 1.000000e-01
5.610870e+03 0.000000e+00 1.000000e+00 1.000000e-01
5.610880e+03 0.000000e+00 1.000000e+00 1.000000e-01
5.610890e+03 0.000000e+00 1.000000e+00 1.000000e-01
5.610900e+03 0.000000e+00 1.000000e+00 1.000000e-01
5.610910e+03 0.000000e+00 1.000000e+00 1.000000e-01
5.610920e+03 0.000000e+00 1.000000e+00 1.000000e-01
5.610930e+03 0.000000e+00 1.000000e+00 1.000000e-01
5.610940e+03 0.000000e+00 1.000000e+00 1.000000e-01
5.610950e+03 0.000000e+00 1.000000e+00 1.000000e-01
5.610960e+03 0.000000e+00 1.000000e+00 1.000000e-01
5.610970e+03 0.000000e+00 1.000000e+00 1.000000e-01
5.610980e+03 0.000000e+00 1.000000e+00 1.000000e-01
5.610990e+03 0.000000e+00 1.000000e+00 1.000000e-01
5.611000e+03 0.000000e+00 1.000000e+00 1.000000e-01
5.611010e+03 0.000000e+00 1.000000e+00 1.000000e-01
5.611020e+03 0.000000e+00 1.000000e+00 1.000000e-01
5.611030e+03 0.000000e+00 1.000000e+00 1.000000e-01
5.611040e+03 0.000000e+00 1.000000e+00 1.000000e-01
5.611050e+03 0.000000e+00 1.000000e+00 1.000000e-01
5.611060e+03 0.000000e+00 1.000000e+00 1.000000e-01
5.611070e+03 0.000000e+00 1.000000e+00 1.000000e-01
5.611080e+03 0.000000e+00 1.000000e+00 1.000000e-01
5.611090e+03 0.000000e+00 1.000000e+00 1.000000e-01
5.611100e+03 0.000000e+00 1.000000e+00 1.000000e-01
5.611110e+03 0.000000e+00 1.000000e+00 1.000000e-01
5.611120e+03 0.000000e+00 1.000000e+00 1.000000e-01
5.611130e+03 0.000000e+00 1.000000e+00 1.000000e-01
5.611140e+03 0.000000e+00 1.000000e+00 1.000000e-01
5.611150e+03 0.000000e+00 1.000000e+00 1.000000e-01
5.611160e+03 0.000000e+00 1.000000e+00 1.000000e-01
5.611170e+03 0.000000e+00 1.000000e+00 1.000000e-01
5.611180e+03 0.000000e+00 1.000000e+00 1.000000e-01
5.611190e+03 0.000000e+00 1.000000e+00 1.000000e-01
5.611200e+03 0.000000e+00 1.000000e+00 1.000000e-01
5.611210e+03 0.000000e+00 1.000000e+00 1.000000e-01
5.611220e+03 0.000000e+00 1.000000e+00 1.000000e-01
5.611230e+03 0.000000e+00 1.000000e+00 1.000000e-01
5.611240e+03 0.000000e+00 1.000000e+00 1.000000e-01
5.611250e+03 0.000000e+00 1.000000e+00 1.000000e-01
5.611260e+03 0.000000e+00 1.000000e+00 1.000000e-01
5.611270e+03 0.000000e+00 1.000000e+00 1.000000e-01
5.611280e+03 0.000000e+00 1.000000e+00 1.000000e-01
5.611290e+03 0.000000e+00 1.000000e+00 1.000000e-01
5.611300e+03 0.000000e+00 1.000000e+00 1.000000e-01
5.611310e+03 0.000000e+00 1.000000e+00 1.000000e-01
5.611320e+03 0.000000e+00 1.000000e+00 1.000000e-01
5.611330e+03 0.000000e+00 1.000000e+00 1.000000e-01
5.611340e+03 0.000000e+00 1.000000e+00 1.000000e-01
5.611350e+03 0.000000e+00 1.000000e+00 1.000000e-01
5.611360e+03 0.000000e+00 1.000000e+00 1.000000e-01
5.611370e+03 0.000000e+00 1.000000e+00 1.000000e-01
5.611380e+03 0.000000e+00 1.000000e+00 1.000000e-01
5.611390e+03 0.000000e+00 1.000000e+00 1.000000e-01
5.611400e+03 0.000000e+00 1.000000e+00 1.000000e-01
5.611410e+03 0.000000e+00 1.000000e+00 1.000000e-01
5.611420e+03 0.000000e+00 1.000000e+00 1.000000e-01
5.611430e+03 0.000000e+00 1.000000e+00 1.000000e-01
5.611440e+03 0.000000e+00 1.000000e+00 1.000000e-01
5.611450e+03 0.000000e+00 1.000000e+00 1.000000e-01
5.611460e+03 0.000000e+00 1.000000e+00 1.000000e-01
5.611470e+03 0.000000e+00 1.000000e+00 1.000000e-01
5.611480e+03 0.000000e+00 1.000000e+00 1.000000e-01
5.611490e+03 0.000000e+00 1.000000e+00 1.000000e-01
5.611500e+03 0.000000e+00 1.000000e+00 1.000000e-01
5.611510e+03 0.000000e+00 1.000000e+00 1.000000e-01
5.611520e+03 0.000000e+00 1.000000e+00 1.000000e-01
5.611530e+03 0.000000e+00 1.000000e+00 1.000000e-01
5.611540e+03 0.000000e+00 1.000000e+00 1.000000e-01
5.611550e+03 0.000000e+00 1.000000e+00 1.000000e-01
5.611560e+03 0.000000e+00 1.000000e+00 1.000000e-01
5.611570e+03 0.000000e+00 1.000000e+00 1.000000e-01
5.611580e+03 0.000000e+00 1.000000e+00 1.000000e-01
5.611590e+03 0.000000e+00 1.000000e+00 1.000000e-01
5.611600e+03 0.000000e+00 1.000000e+00 1.000000e-01
5.611610e+03 0.000000e+00 1.000000e+00 1.000000e-01
5.611620e+03 0.000000e+00 1.000000e+00 1.000000e-01
5.611630e+03 0.000000e+00 1.000000e+00 1.000000e-01
5.611640e+03 0.000000e+00 1.000000e+00 1.000000e-01
5.611650e+03 0.000000e+00 1.000000e+00 1.000000e-01
5.611660e+03 0.000000e+00 1.000000e+00 1.000000e-01
5.611670e+03 0.000000e+00 1.000000e+00 1.000000e-01
5.611680e+03 0.000000e+00 1.000000e+00 1.000000e-01
5.611690e+03 0.000000e+00 1.000000e+00 1.000000e-01
5.611700e+03 0.000000e+00 1.000000e+00 1.000000e-01
5.611710e+03 0.000000e+00 1.000000e+00 1.000000e-01
5.611720e+03 0.000000e+00 1.000000e+00 1.000000e-01
5.611730e+03 0.000000e+00 1.000000e+00 1.000000e-01
5.611740e+03 0.000000e+00 1.000000e+00 1.000000e-01
5.611750e+03 0.000000e+00 1.000000e+00 1.000000e-01
5.611760e+03 0.000000e+00 1.000000e+00 1.000000e-01
5.611770e+03 0.000000e+00 1.000000e+00 1.000000e-01
5.611780e+03 0.000000e+00 1.000000e+00 1.000000e-01
5.611790e+03 0.000000e+00 1.000000e+00 1.000000e-01
5.611800e+03 0.000000e+00 1.000000e+00 1.000000e-01
5.611810e+03 0.000000e+00 1.000000e+00 1.000000e-01
5.611820e+03 0.000000e+00 1.000000e+00 1.000000e-01
5.611830e+03 0.000000e+00 1.000000e+00 1.000000e-01
5.611840e+03 0.000000e+00 1.000000e+00 1.000000e-01
5.611850e+03 0.000000e+00 1.000000e+00 1.000000e-01
5.611860e+03 0.000000e+00 1.000000e+00 1.000000e-01
5.611870e+03 0.000000e+00 1.000000e+00 1.000000e-01
5.611880e+03 0.000000e+00 1.000000e+00 1.000000e-01
5.611890e+03 0.000000e+00 1.000000e+00 1.000000e-01
5.611900e+03 0.000000e+00 1.000000e+00 1.000000e-01
5.611910e+03 0.000000e+00 1.000000e+00 1.000000e-01
5.611920e+03 0.000000e+00 1.000000e+00 1.000000e-01
5.611930e+03 0.000000e+00 1.000000e+00 1.000000e-01
5.611940e+03 0.000000e+00 1.000000e+00 1.000000e-01
5.611950e+03 0.000000e+00 1.000000e+00 1.000000e-01
5.611960e+03 0.000000e+00 1.000000e+00 1.000000e-01
5.611970e+03 0.000000e+00 1.000000e+00 1.000000e-01
5.611980e+03 0.000000e+00 1.000000e+00 1.000000e-01
5.611990e+03 0.000000e+00 1.000000e+00 1.000000e-01
5.612000e+03 0.000000e+00 1.000000e+00 1.000000e-01
5.612010e+03 0.000000e+00 1.000000e+00 1.000000e-01
5.612020e+03 0.000000e+00 1.000000e+00 1.000000e-01
5.612030e+03 0.000000e+00 1.000000e+00 1.000000e-01
5.612040e+03 0.000000e+00 1.000000e+00 1.000000e-01
5.612050e+03 0.000000e+00 1.000000e+00 1.000000e-01
5.612060e+03 0.000000e+00 1.000000e+00 1.000000e-01
5.612070e+03 0.000000e+00 1.000000e+00 1.000000e-01
5.612080e+03 0.000000e+00 1.000000e+00 1.000000e-01
5.612090e+03 0.000000e+00 1.000000e+00 1.000000e-01
5.612100e+03 0.000000e+00 1.000000e+00 1.000000e-01
5.612110e+03 0.000000e+00 1.000000e+00 1.000000e-01
5.612120e+03 0.000000e+00 1.000000e+00 1.000000e-01
5.612130e+03 0.000000e+00 1.000000e+00 1.000000e-01
5.612140e+03 0.000000e+00 1.000000e+00 1.000000e-01
5.612150e+03 0.000000e+00 1.000000e+00 1.000000e-01
5.612160e+03 0.000000e+00 1.000000e+00 1.000000e-01
5.612170e+03 0.000000e+00 1.000000e+00 1.000000e-01
5.612180e+03 0.000000e+00 1.000000e+00 1.000000e-01
5.612190e+03 0.000000e+00 1.000000e+00 1.000000e-01
5.612200e+03 0.000000e+00 1.000000e+00 1.000000e-01
5.612210e+03 0.000000e+00 1.000000e+00 1.000000e-01
5.612220e+03 0.000000e+00 1.000000e+00 1.000000e-01
5.612230e+03 0.000000e+00 1.000000e+00 1.000000e-01
5.612240e+03 0.000000e+00 1.000000e+00 1.000000e-01
5.612250e+03 0.000000e+00 1.000000e+00 1.000000e-01
5.612260e+03 0.000000e+00 1.000000e+00 1.000000e-01
5.612270e+03 0.000000e+00 1.000000e+00 1.000000e-01
5.612280e+03 0.000000e+00 1.000000e+00 1.000000e-01
5.612290e+03 0.000000e+00 1.000000e+00 1.000000e-01
5.612300e+03 0.000000e+00 1.000000e+00 1.000000e-01
5.612310e+03 0.000000e+00 1.000000e+00 1.000000e-01
5.612320e+03 0.000000e+00 1.000000e+00 1.000000e-01
5.612330e+03 0.000000e+00 1.000000e+00 1.000000e-01
5.612340e+03 0.000000e+00 1.000000e+00 1.000000e-01
5.612350e+03 0.000000e+00 1.000000e+00 1.000000e-01
5.612360e+03 0.000000e+00 1.000000e+00 1.000000e-01
5.612370e+03 0.000000e+00 1.000000e+00 1.000000e-01
5.612380e+03 0.000000e+00 1.000000e+00 1.000000e-01
5.612390e+03 0.000000e+00 1.000000e+00 1.000000e-01
5.612400e+03 0.000000e+00 1.000000e+00 1.000000e-01
5.612410e+03 0.000000e+00 1.000000e+00 1.000000e-01
5.612420e+03 0.000000e+00 1.000000e+00 1.000000e-01
5.612430e+03 0.000000e+00 1.000000e+00 1.000000e-01
5.612440e+03 0.000000e+00 1.000000e+00 1.000000e-01
5.612450e+03 0.000000e+00 1.000000e+00 1.000000e-01
5.612460e+03 0.000000e+00 1.000000e+00 1.000000e-01
5.612470e+03 0.000000e+00 1.000000e+00 1.000000e-01
5.612480e+03 0.000000e+00 1.000000e+00 1.000000e-01
5.612490e+03 0.000000e+00 1.000000e+00 1.000000e-01
5.612500e+03 0.000000e+00 1.000000e+00 1.000000e-01
5.612510e+03 0.000000e+00 1.000000e+00 1.000000e-01
5.612520e+03 0.000000e+00 1.000000e+00 1.000000e-01
5.612530e+03 0.000000e+00 1.000000e+00 1.000000e-01
5.612540e+03 0.000000e+00 1.000000e+00 1.000000e-01
5.612550e+03 0.000000e+00 1.000000e+00 1.000000e-01
5.612560e+03 0.000000e+00 1.000000e+00 1.000000e-01
5.612570e+03 0.000000e+00 1.000000e+00 1.000000e-01
5.612580e+03 0.000000e+00 1.000000e+00 1.000000e-01
5.612590e+03 0.000000e+00 1.000000e+00 1.000000e-01
5.612600e+03 0.000000e+00 1.000000e+00 1.000000e-01
5.612610e+03 0.000000e+00 1.000000e+00 1.000000e-01
5.612620e+03 0.000000e+00 1.000000e+00 1.000000e-01
5.612630e+03 0.000000e+00 1.000000e+00 1.000000e-01
5.612640e+03 0.000000e+00 1.000000e+00 1.000000e-01
5.612650e+03 0.000000e+00 1.000000e+00 1.000000e-01
5.612660e+03 0.000000e+00 1.000000e+00 1.000000e-01
5.612670e+03 0.000000e+00 1.000000e+00 1.000000e-01
5.612680e+03 0.000000e+00 1.000000e+00 1.000000e-01
5.612690e+03 0.000000e+00 1.000000e+00 1.000000e-01
5.612700e+03 0.000000e+00 1.000000e+00 1.000000e-01
5.612710e+03 0.000000e+00 1.000000e+00 1.000000e-01
5.612720e+03 0.000000e+00 1.000000e+00 1.000000e-01
5.612730e+03 0.000000e+00 1.000000e+00 1.000000e-01
5.612740e+03 0.000000e+00 1.000000e+00 1.000000e-01
5.612750e+03 0.000000e+00 1.000000e+00 1.000000e-01
5.612760e+03 0.000000e+00 1.000000e+00 1.000000e-01
5.612770e+03 0.000000e+00 1.000000e+00 1.000000e-01
5.612780e+03 0.000000e+00 1.000000e+00 1.000000e-01
5.612790e+03 0.000000e+00 1.000000e+00 1.000000e-01
5.612800e+03 0.000000e+00 1.000000e+00 1.000000e-01
5.612810e+03 0.000000e+00 1.000000e+00 1.000000e-01
5.612820e+03 0.000000e+00 1.000000e+00 1.000000e-01
5.612830e+03 0.000000e+00 1.000000e+00 1.000000e-01
5.612840e+03 0.000000e+00 1.000000e+00 1.000000e-01
5.612850e+03 0.000000e+00 1.000000e+00 1.000000e-01
5.612860e+03 0.000000e+00 1.000000e+00 1.000000e-01
5.612870e+03 0.000000e+00 1.000000e+00 1.000000e-01
5.612880e+03 0.000000e+00 1.000000e+00 1.000000e-01
5.612890e+03 0.000000e+00 1.000000e+00 1.000000e-01
5.612900e+03 0.000000e+00 1.000000e+00 1.000000e-01
5.612910e+03 0.000000e+00 1.000000e+00 1.000000e-01
5.612920e+03 0.000000e+00 1.000000e+00 1.000000e-01
5.612930e+03 0.000000e+00 1.000000e+00 1.000000e-01
5.612940e+03 0.000000e+00 1.000000e+00 1.000000e-01
5.612950e+03 0.000000e+00 1.000000e+00 1.000000e-01
5.612960e+03 0.000000e+00 1.000000e+00 1.000000e-01
5.612970e+03 0.000000e+00 1.000000e+00 1.000000e-01
5.612980e+03 0.000000e+00 1.000000e+00 1.000000e-01
5.612990e+03 0.000000e+00 1.000000e+00 1.000000e-01
5.613000e+03 0.000000e+00 1.000000e+00 1.000000e-01
5.613010e+03 0.000000e+00 1.000000e+00 1.000000e-01
5.613020e+03 0.000000e+00 1.000000e+00 1.000000e-01
5.613030e+03 0.000000e+00 1.000000e+00 1.000000e-01
5.613040e+03 0.000000e+00 1.000000e+00 1.000000e-01
5.613050e+03 0.000000e+00 1.000000e+00 1.000000e-01
5.613060e+03 0.000000e+00 1.000000e+00 1.000000e-01
5.613070e+03 0.000000e+00 1.000000e+00 1.000000e-01
5.613080e+03 0.000000e+00 1.000000e+00 1.000000e-01
5.613090e+03 0.000000e+00 1.000000e+00 1.000000e-01
5.613100e+03 0.000000e+00 1.000000e+00 1.000000e-01
5.613110e+03 0.000000e+00 1.000000e+00 1.000000e-01
5.613120e+03 0.000000e+00 1.000000e+00 1.000000e-01
5.613130e+03 0.000000e+00 1.000000e+00 1.000000e-01
5.613140e+03 0.000000e+00 1.000000e+00 1.000000e-01
5.613150e+03 0.000000e+00 1.000000e+00 1.000000e-01
5.613160e+03 0.000000e+00 1.000000e+00 1.000000e-01
5.613170e+03 0.000000e+00 1.000000e+00 1.000000e-01
5.613180e+03 0.000000e+00 1.000000e+00 1.000000e-01
5.613190e+03 0.000000e+00 1.000000e+00 1.000000e-01
5.613200e+03 0.000000e+00 1.000000e+00 1.000000e-01
5.613210e+03 0.000000e+00 1.000000e+00 1.000000e-01
5.613220e+03 0.000000e+00 1.000000e+00 1.000000e-01
5.613230e+03 0.000000e+00 1.000000e+00 1.000000e-01
5.613240e+03 0.000000e+00 1.000000e+00 1.000000e-01
5.613250e+03 0.000000e+00 1.000000e+00 1.000000e-01
5.613260e+03 0.000000e+00 1.000000e+00 1.000000e-01
5.613270e+03 0.000000e+00 1.000000e+00 1.000000e-01
5.613280e+03 0.000000e+00 1.000000e+00 1.000000e-01
5.613290e+03 0.000000e+00 1.000000e+00 1.000000e-01
5.613300e+03 0.000000e+00 1.000000e+00 1.000000e-01
5.613310e+03 0.000000e+00 1.000000e+00 1.000000e-01
5.613320e+03 0.000000e+00 1.000000e+00 1.000000e-01
5.613330e+03 0.000000e+00 1.000000e+00 1.000000e-01
5.613340e+03 0.000000e+00 1.000000e+00 1.000000e-01
5.613350e+03 0.000000e+00 1.000000e+00 1.000000e-01
5.613360e+03 0.000000e+00 1.000000e+00 1.000000e-01
5.613370e+03 0.000000e+00 1.000000e+00 1.000000e-01
5.613380e+03 0.000000e+00 1.000000e+00 1.000000e-01
5.613390e+03 0.000000e+00 1.000000e+00 1.000000e-01
5.613400e+03 0.000000e+00 1.000000e+00 1.000000e-01
5.613410e+03 0.000000e+00 1.000000e+00 1.000000e-01
5.613420e+03 0.000000e+00 1.000000e+00 1.000000e-01
5.613430e+03 0.000000e+00 1.000000e+00 1.000000e-01
5.613440e+03 0.000000e+00 1.000000e+00 1.000000e-01
5.613450e+03 0.000000e+00 1.000000e+00 1.000000e-01
5.613460e+03 0.000000e+00 1.000000e+00 1.000000e-01
5.613470e+03 0.000000e+00 1.000000e+00 1.000000e-01
5.613480e+03 0.000000e+00 1.000000e+00 1.000000e-01
5.613490e+03 0.000000e+00 1.000000e+00 1.000000e-01
5.613500e+03 0.000000e+00 1.000000e+00 1.000000e-01
5.613510e+03 0.000000e+00 1.000000e+00 1.000000e-01
5.613520e+03 0.000000e+00 1.000000e+00 1.000000e-01
5.613530e+03 0.000000e+00 1.000000e+00 1.000000e-01
5.613540e+03 0.000000e+00 1.000000e+00 1.000000e-01
5.613550e+03 0.000000e+00 1.000000e+00 1.000000e-01
5.613560e+03 0.000000e+00 1.000000e+00 1.000000e-01
5.613570e+03 0.000000e+00 1.000000e+00 1.000000e-01
5.613580e+03 0.000000e+00 1.000000e+00 1.000000e-01
5.613590e+03 0.000000e+00 1.000000e+00 1.000000e-01
5.613600e+03 0.000000e+00 1.000000e+00 1.000000e-01
5.613610e+03 0.000000e+00 1.000000e+00 1.000000e-01
5.613620e+03 0.000000e+00 1.000000e+00 1.000000e-01
5.613630e+03 0.000000e+00 1.000000e+00 1.000000e-01
5.613640e+03 0.000000e+00 1.000000e+00 1.000000e-01
5.613650e+03 0.000000e+00 1.000000e+00 1.000000e-01
5.613660e+03 0.000000e+00 1.000000e+00 1.000000e-01
5.613670e+03 0.000000e+00 1.000000e+00 1.000000e-01
5.613680e+03 0.000000e+00 1.000000e+00 1.000000e-01
5.613690e+03 0.000000e+00 1.000000e+00 1.000000e-01
5.613700e+03 0.000000e+00 1.000000e+00 1.000000e-01
5.613710e+03 0.000000e+00 1.000000e+00 1.000000e-01
5.613720e+03 0.000000e+00 1.000000e+00 1.000000e-01
5.613730e+03 0.000000e+00 1.000000e+00 1.000000e-01
5.613740e+03 0.000000e+00 1.000000e+00 1.000000e-01
5.613750e+03 0.000000e+00 1.000000e+00 1.000000e-01
5.613760e+03 0.000000e+00 1.000000e+00 1.000000e-01
5.613770e+03 0.000000e+00 1.000000e+00 1.000000e-01
5.613780e+03 0.000000e+00 1.000000e+00 1.000000e-01
5.613790e+03 0.000000e+00 1.000000e+00 1.000000e-01
5.613800e+03 0.000000e+00 1.000000e+00 1.000000e-01
5.613810e+03 0.000000e+00 1.000000e+00 1.000000e-01
5.613820e+03 0.000000e+00 1.000000e+00 1.000000e-01
5.613830e+03 0.000000e+00 1.000000e+00 1.000000e-01
5.613840e+03 0.000000e+00 1.000000e+00 1.000000e-01
5.613850e+03 0.000000e+00 1.000000e+00 1.000000e-01
5.613860e+03 0.000000e+00 1.000000e+00 1.000000e-01
5.613870e+03 0.000000e+00 1.000000e+00 1.000000e-01
5.613880e+03 0.000000e+00 1.000000e+00 1.000000e-01
5.613890e+03 0.000000e+00 1.000000e+00 1.000000e-01
5.613900e+03 0.000000e+00 1.000000e+00 1.000000e-01
5.613910e+03 0.000000e+00 1.000000e+00 1.000000e-01
5.613920e+03 0.000000e+00 1.000000e+00 1.000000e-01
5.613930e+03 0.000000e+00 1.000000e+00 1.000000e-01
5.613940e+03 0.000000e+00 1.000000e+00 1.000000e-01
5.613950e+03 0.000000e+00 1.000000e+00 1.000000e-01
5.613960e+03 0.000000e+00 1.000000e+00 1.000000e-01
5.613970e+03 0.000000e+00 1.000000e+00 1.000000e-01
5.613980e+03 0.000000e+00 1.000000e+00 1.000000e-01
5.613990e+03 0.000000e+00 1.000000e+00 1.000000e-01
5.614000e+03 0.000000e+00 1.000000e+00 1.000000e-01
5.614010e+03 0.000000e+00 1.000000e+00 1.000000e-01
5.614020e+03 0.000000e+00 1.000000e+00 1.000000e-01
5.614030e+03 0.000000e+00 1.000000e+00 1.000000e-01
5.614040e+03 0.000000e+00 1.000000e+00 1.000000e-01
5.614050e+03 0.000000e+00 1.000000e+00 1.000000e-01
5.614060e+03 0.000000e+00 1.000000e+00 1.000000e-01
5.614070e+03 0.000000e+00 1.000000e+00 1.000000e-01
5.614080e+03 0.000000e+00 1.000000e+00 1.000000e-01
5.614090e+03 0.000000e+00 1.000000e+00 1.000000e-01
5.614100e+03 0.000000e+00 1.000000e+00 1.000000e-01
5.614110e+03 0.000000e+00 1.000000e+00 1.000000e-01
5.614120e+03 0.000000e+00 1.000000e+00 1.000000e-01
5.614130e+03 0.000000e+00 1.000000e+00 1.000000e-01
5.614140e+03 0.000000e+00 1.000000e+00 1.000000e-01
5.614150e+03 0.000000e+00 1.000000e+00 1.000000e-01
5.614160e+03 0.000000e+00 1.000000e+00 1.000000e-01
5.614170e+03 0.000000e+00 1.000000e+00 1.000000e-01
5.614180e+03 0.000000e+00 1.000000e+00 1.000000e-01
5.614190e+03 0.000000e+00 1.000000e+00 1.000000e-01
5.614200e+03 0.000000e+00 1.000000e+00 1.000000e-01
5.614210e+03 0.000000e+00 1.000000e+00 1.000000e-01
5.614220e+03 0.000000e+00 1.000000e+00 1.000000e-01
5.614230e+03 0.000000e+00 1.000000e+00 1.000000e-01
5.614240e+03 0.000000e+00 1.000000e+00 1.000000e-01
5.614250e+03 0.000000e+00 1.000000e+00 1.000000e-01
5.614260e+03 0.000000e+00 1.000000e+00 1.000000e-01
5.614270e+03 0.000000e+00 1.000000e+00 1.000000e-01
5.614280e+03 0.000000e+00 1.000000e+00 1.000000e-01
5.614290e+03 0.000000e+00 1.000000e+00 1.000000e-01
5.614300e+03 0.000000e+00 1.000000e+00 1.000000e-01
5.614310e+03 0.000000e+00 1.000000e+00 1.000000e-01
5.614320e+03 0.000000e+00 1.000000e+00 1.000000e-01
5.614330e+03 0.000000e+00 1.000000e+00 1.000000e-01
5.614340e+03 0.000000e+00 1.000000e+00 1.000000e-01
5.614350e+03 0.000000e+00 1.000000e+00 1.000000e-01
5.614360e+03 0.000000e+00 1.000000e+00 1.000000e-01
5.614370e+03 0.000000e+00 1.000000e+00 1.000000e-01
5.614380e+03 0.000000e+00 1.000000e+00 1.000000e-01
5.614390e+03 0.000000e+00 1.000000e+00 1.000000e-01
5.614400e+03 0.000000e+00 1.000000e+00 1.000000e-01
5.614410e+03 0.000000e+00 1.000000e+00 1.000000e-01
5.614420e+03 0.000000e+00 1.000000e+00 1.000000e-01
5.614430e+03 0.000000e+00 1.000000e+00 1.000000e-01
5.614440e+03 0.000000e+00 1.000000e+00 1.000000e-01
5.614450e+03 0.000000e+00 1.000000e+00 1.000000e-01
5.614460e+03 0.000000e+00 1.000000e+00 1.000000e-01
5.614470e+03 0.000000e+00 1.000000e+00 1.000000e-01
5.614480e+03 0.000000e+00 1.000000e+00 1.000000e-01
5.614490e+03 0.000000e+00 1.000000e+00 1.000000e-01
5.614500e+03 0.000000e+00 1.000000e+00 1.000000e-01
5.614510e+03 0.000000e+00 1.000000e+00 1.000000e-01
5.614520e+03 0.000000e+00 1.000000e+00 1.000000e-01
5.614530e+03 0.000000e+00 1.000000e+00 1.000000e-01
5.614540e+03 0.000000e+00 1.000000e+00 1.000000e-01
5.614550e+03 0.000000e+00 1.000000e+00 1.000000e-01
5.614560e+03 0.000000e+00 1.000000e+00 1.000000e-01
5.614570e+03 0.000000e+00 1.000000e+00 1.000000e-01
5.614580e+03 0.000000e+00 1.000000e+00 1.000000e-01
5.614590e+03 0.000000e+00 1.000000e+00 1.000000e-01
5.614600e+03 0.000000e+00 1.000000e+00 1.000000e-01
5.614610e+03 0.000000e+00 1.000000e+00 1.000000e-01
5.614620e+03 0.000000e+00 1.000000e+00 1.000000e-01
5.614630e+03 0.000000e+00 1.000000e+00 1.000000e-01
5.614640e+03 0.000000e+00 1.000000e+00 1.000000e-01
5.614650e+03 0.000000e+00 1.000000e+00 1.000000e-01
5.614660e+03 0.000000e+00 1.000000e+00 1.000000e-01
5.614670e+03 0.000000e+00 1.000000e+00 1.000000e-01
5.614680e+03 0.000000e+00 1.000000e+00 1.000000e-01
5.614690e+03 0.000000e+00 1.000000e+00 1.000000e-01
5.614700e+03 0.000000e+00 1.000000e+00 1.000000e-01
5.614710e+03 0.000000e+00 1.000000e+00 1.000000e-01
5.614720e+03 0.000000e+00 1.000000e+00 1.000000e-01
5.614730e+03 0.000000e+00 1.000000e+00 1.000000e-01
5.614740e+03 0.000000e+00 1.000000e+00 1.000000e-01
5.614750e+03 0.000000e+00 1.000000e+00 1.000000e-01
5.614760e+03 0.000000e+00 1.000000e+00 1.000000e-01
5.614770e+03 0.000000e+00 1.000000e+00 1.000000e-01
5.614780e+03 0.000000e+00 1.000000e+00 1.000000e-01
5.614790e+03 0.000000e+00 1.000000e+00 1.000000e-01
5.614800e+03 0.000000e+00 1.000000e+00 1.000000e-01
5.614810e+03 0.000000e+00 1.000000e+00 1.000000e-01
5.614820e+03 0.000000e+00 1.000000e+00 1.000000e-01
5.614830e+03 0.000000e+00 1.000000e+00 1.000000e-01
5.614840e+03 0.000000e+00 1.000000e+00 1.000000e-01
5.614850e+03 0.000000e+00 1.000000e+00 1.000000e-01
5.614860e+03 0.000000e+00 1.000000e+00 1.000000e-01
5.614870e+03 0.000000e+00 1.000000e+00 1.000000e-01
5.614880e+03 0.000000e+00 1.000000e+00 1.000000e-01
5.614890e+03 0.000000e+00 1.000000e+00 1.000000e-01
5.614900e+03 0.000000e+00 1.000000e+00 1.000000e-01
5.614910e+03 0.000000e+00 1.000000e+00 1.000000e-01
5.614920e+03 0.000000e+00 1.000000e+00 1.000000e-01
5.614930e+03 0.000000e+00 1.000000e+00 1.000000e-01
5.614940e+03 0.000000e+00 1.000000e+00 1.000000e-01
5.614950e+03 0.000000e+00 1.000000e+00 1.000000e-01
5.614960e+03 0.000000e+00 1.000000e+00 1.000000e-01
5.614970e+03 0.000000e+00 1.000000e+00 1.000000e-01
5.614980e+03 0.000000e+00 1.000000e+00 1.000000e-01
5.614990e+03 0.000000e+00 1.000000e+00 1.000000e-01
5.615000e+03 0.000000e+00 1.000000e+00 1.000000e-01
5.615010e+03 0.000000e+00 1.000000e+00 1.000000e-01
5.615020e+03 0.000000e+00 1.000000e+00 1.000000e-01
5.615030e+03 0.000000e+00 1.000000e+00 1.000000e-01
5.615040e+03 0.000000e+00 1.000000e+00 1.000000e-01
5.615050e+03 0.000000e+00 1.000000e+00 1.000000e-01
5.615060e+03 0.000000e+00 1.000000e+00 1.000000e-01
5.615070e+03 0.000000e+00 1.000000e+00 1.000000e-01
5.615080e+03 0.000000e+00 1.000000e+00 1.000000e-01
5.615090e+03 0.000000e+00 1.000000e+00 1.000000e-01
5.615100e+03 0.000000e+00 1.000000e+00 1.000000e-01
5.615110e+03 0.000000e+00 1.000000e+00 1.000000e-01
5.615120e+03 0.000000e+00 1.000000e+00 1.000000e-01
5.615130e+03 0.000000e+00 1.000000e+00 1.000000e-01
5.615140e+03 0.000000e+00 1.000000e+00 1.000000e-01
5.615150e+03 0.000000e+00 1.000000e+00 1.000000e-01
5.615160e+03 0.000000e+00 1.000000e+00 1.000000e-01
5.615170e+03 0.000000e+00 1.000000e+00 1.000000e-01
5.615180e+03 0.000000e+00 1.000000e+00 1.000000e-01
5.615190e+03 0.000000e+00 1.000000e+00 1.000000e-01
5.615200e+03 0.000000e+00 1.000000e+00 1.000000e-01
5.615210e+03 0.000000e+00 1.000000e+00 1.000000e-01
5.615220e+03 0.000000e+00 1.000000e+00 1.000000e-01
5.615230e+03 0.000000e+00 1.000000e+00 1.000000e-01
5.615240e+03 0.000000e+00 1.000000e+00 1.000000e-01
5.615250e+03 0.000000e+00 1.000000e+00 1.000000e-01
5.615260e+03 0.000000e+00 1.000000e+00 1.000000e-01
5.615270e+03 0.000000e+00 1.000000e+00 1.000000e-01
5.615280e+03 0.000000e+00 1.000000e+00 1.000000e-01
5.615290e+03 0.000000e+00 1.000000e+00 1.000000e-01
5.615300e+03 0.000000e+00 1.000000e+00 1.000000e-01
5.615310e+03 0.000000e+00 1.000000e+00 1.000000e-01
5.615320e+03 0.000000e+00 1.000000e+00 1.000000e-01
5.615330e+03 0.000000e+00 1.000000e+00 1.000000e-01
5.615340e+03 0.000000e+00 1.000000e+00 1.000000e-01
5.615350e+03 0.000000e+00 1.000000e+00 1.000000e-01
5.615360e+03 0.000000e+00 1.000000e+00 1.000000e-01
5.615370e+03 0.000000e+00 1.000000e+00 1.000000e-01
5.615380e+03 0.000000e+00 1.000000e+00 1.000000e-01
5.615390e+03 0.000000e+00 1.000000e+00 1.000000e-01
5.615400e+03 0.000000e+00 1.000000e+00 1.000000e-01
5.615410e+03 0.000000e+00 1.000000e+00 1.000000e-01
5.615420e+03 0.000000e+00 1.000000e+00 1.000000e-01
5.615430e+03 0.000000e+00 1.000000e+00 1.000000e-01
5.615440e+03 0.000000e+00 1.000000e+00 1.000000e-01
5.615450e+03 0.000000e+00 1.000000e+00 1.000000e-01
5.615460e+03 0.000000e+00 1.000000e+00 1.000000e-01
5.615470e+03 0.000000e+00 1.000000e+00 1.000000e-01
5.615480e+03 0.000000e+00 1.000000e+00 1.000000e-01
5.615490e+03 0.000000e+00 1.000000e+00 1.000000e-01
5.615500e+03 0.000000e+00 1.000000e+00 1.000000e-01
5.615510e+03 0.000000e+00 1.000000e+00 1.000000e-01
5.615520e+03 0.000000e+00 1.000000e+00 1.000000e-01
5.615530e+03 0.000000e+00 1.000000e+00 1.000000e-01
5.615540e+03 0.000000e+00 1.000000e+00 1.000000e-01
5.615550e+03 0.000000e+00 1.000000e+00 1.000000e-01
5.615560e+03 0.000000e+00 1.000000e+00 1.000000e-01
5.615570e+03 0.000000e+00 1.000000e+00 1.000000e-01
5.615580e+03 0.000000e+00 1.000000e+00 1.000000e-01
5.615590e+03 0.000000e+00 1.000000e+00 1.000000e-01
5.615600e+03 0.000000e+00 1.000000e+00 1.000000e-01
5.615610e+03 0.000000e+00 1.000000e+00 1.000000e-01
5.615620e+03 0.000000e+00 1.000000e+00 1.000000e-01
5.615630e+03 0.000000e+00 1.000000e+00 1.000000e-01
5.615640e+03 0.000000e+00 1.000000e+00 1.000000e-01
5.615650e+03 0.000000e+00 1.000000e+00 1.000000e-01
5.615660e+03 0.000000e+00 1.000000e+00 1.000000e-01
5.615670e+03 0.000000e+00 1.000000e+00 1.000000e-01
5.615680e+03 0.000000e+00 1.000000e+00 1.000000e-01
5.615690e+03 0.000000e+00 1.000000e+00 1.000000e-01
5.615700e+03 0.000000e+00 1.000000e+00 1.000000e-01
5.615710e+03 0.000000e+00 1.000000e+00 1.000000e-01
5.615720e+03 0.000000e+00 1.000000e+00 1.000000e-01
5.615730e+03 0.000000e+00 1.000000e+00 1.000000e-01
5.615740e+03 0.000000e+00 1.000000e+00 1.000000e-01
5.615750e+03 0.000000e+00 1.000000e+00 1.000000e-01
5.615760e+03 0.000000e+00 1.000000e+00 1.000000e-01
5.615770e+03 0.000000e+00 1.000000e+00 1.000000e-01
5.615780e+03 0.000000e+00 1.000000e+00 1.000000e-01
5.615790e+03 0.000000e+00 1.000000e+00 1.000000e-01
5.615800e+03 0.000000e+00 1.000000e+00 1.000000e-01
5.615810e+03 0.000000e+00 1.000000e+00 1.000000e-01
5.615820e+03 0.000000e+00 1.000000e+00 1.000000e-01
5.615830e+03 0.000000e+00 1.000000e+00 1.000000e-01
5.615840e+03 0.000000e+00 1.000000e+00 1.000000e-01
5.615850e+03 0.000000e+00 1.000000e+00 1.000000e-01
5.615860e+03 0.000000e+00 1.000000e+00 1.000000e-01
5.615870e+03 0.000000e+00 1.000000e+00 1.000000e-01
5.615880e+03 0.000000e+00 1.000000e+00 1.000000e-01
5.615890e+03 0.000000e+00 1.000000e+00 1.000000e-01
5.615900e+03 0.000000e+00 1.000000e+00 1.000000e-01
5.615910e+03 0.000000e+00 1.000000e+00 1.000000e-01
5.615920e+03 0.000000e+00 1.000000e+00 1.000000e-01
5.615930e+03 0.000000e+00 1.000000e+00 1.000000e-01
5.615940e+03 0.000000e+00 1.000000e+00 1.000000e-01
5.615950e+03 0.000000e+00 1.000000e+00 1.000000e-01
5.615960e+03 0.000000e+00 1.000000e+00 1.000000e-01
5.615970e+03 0.000000e+00 1.000000e+00 1.000000e-01
5.615980e+03 0.000000e+00 1.000000e+00 1.000000e-01
5.615990e+03 0.000000e+00 1.000000e+00 1.000000e-01
5.616000e+03 0.000000e+00 1.000000e+00 1.000000e-01
5.616010e+03 0.000000e+00 1.000000e+00 1.000000e-01
5.616020e+03 0.000000e+00 1.000000e+00 1.000000e-01
5.616030e+03 0.000000e+00 1.000000e+00 1.000000e-01
5.616040e+03 0.000000e+00 1.000000e+00 1.000000e-01
5.616050e+03 0.000000e+00 1.000000e+00 1.000000e-01
5.616060e+03 0.000000e+00 1.000000e+00 1.000000e-01
5.616070e+03 0.000000e+00 1.000000e+00 1.000000e-01
5.616080e+03 0.000000e+00 1.000000e+00 1.000000e-01
5.616090e+03 0.000000e+00 1.000000e+00 1.000000e-01
5.616100e+03 0.000000e+00 1.000000e+00 1.000000e-01
5.616110e+03 0.000000e+00 1.000000e+00 1.000000e-01
5.616120e+03 0.000000e+00 1.000000e+00 1.000000e-01
5.616130e+03 0.000000e+00 1.000000e+00 1.000000e-01
5.616140e+03 0.000000e+00 1.000000e+00 1.000000e-01
5.616150e+03 0.000000e+00 1.000000e+00 1.000000e-01
5.616160e+03 0.000000e+00 1.000000e+00 1.000000e-01
5.616170e+03 0.000000e+00 1.000000e+00 1.000000e-01
5.616180e+03 0.000000e+00 1.000000e+00 1.000000e-01
5.616190e+03 0.000000e+00 1.000000e+00 1.000000e-01
5.616200e+03 0.000000e+00 1.000000e+00 1.000000e-01
5.616210e+03 0.000000e+00 1.000000e+00 1.000000e-01
5.616220e+03 0.000000e+00 1.000000e+00 1.000000e-01
5.616230e+03 0.000000e+00 1.000000e+00 1.000000e-01
5.616240e+03 0.000000e+00 1.000000e+00 1.000000e-01
5.616250e+03 0.000000e+00 1.000000e+00 1.000000e-01
5.616260e+03 0.000000e+00 1.000000e+00 1.000000e-01
5.616270e+03 0.000000e+00 1.000000e+00 1.000000e-01
5.616280e+03 0.000000e+00 1.000000e+00 1.000000e-01
5.616290e+03 0.000000e+00 1.000000e+00 1.000000e-01
5.616300e+03 0.000000e+00 1.000000e+00 1.000000e-01
5.616310e+03 0.000000e+00 1.000000e+00 1.000000e-01
5.616320e+03 0.000000e+00 1.000000e+00 1.000000e-01
5.616330e+03 0.000000e+00 1.000000e+00 1.000000e-01
5.616340e+03 0.000000e+00 1.000000e+00 1.000000e-01
5.616350e+03 0.000000e+00 1.000000e+00 1.000000e-01
5.616360e+03 0.000000e+00 1.000000e+00 1.000000e-01
5.616370e+03 0.000000e+00 1.000000e+00 1.000000e-01
5.616380e+03 0.000000e+00 1.000000e+00 1.000000e-01
5.616390e+03 0.000000e+00 1.000000e+00 1.000000e-01
5.616400e+03 0.000000e+00 1.000000e+00 1.000000e-01
5.616410e+03 0.000000e+00 1.000000e+00 1.000000e-01
5.616420e+03 0.000000e+00 1.000000e+00 1.000000e-01
5.616430e+03 0.000000e+00 1.000000e+00 1.000000e-01
5.616440e+03 0.000000e+00 1.000000e+00 1.000000e-01
5.616450e+03 0.000000e+00 1.000000e+00 1.000000e-01
5.616460e+03 0.000000e+00 1.000000e+00 1.000000e-01
5.616470e+03 0.000000e+00 1.000000e+00 1.000000e-01
5.616480e+03 0.000000e+00 1.000000e+00 1.000000e-01
5.616490e+03 0.000000e+00 1.000000e+00 1.000000e-01
5.616500e+03 0.000000e+00 1.000000e+00 1.000000e-01
5.616510e+03 0.000000e+00 1.000000e+00 1.000000e-01
5.616520e+03 0.000000e+00 1.000000e+00 1.000000e-01
5.616530e+03 0.000000e+00 1.000000e+00 1.000000e-01
5.616540e+03 0.000000e+00 1.000000e+00 1.000000e-01
5.616550e+03 0.000000e+00 1.000000e+00 1.000000e-01
5.616560e+03 0.000000e+00 1.000000e+00 1.000000e-01
5.616570e+03 0.000000e+00 1.000000e+00 1.000000e-01
5.616580e+03 0.000000e+00 1.000000e+00 1.000000e-01
5.616590e+03 0.000000e+00 1.000000e+00 1.000000e-01
5.616600e+03 0.000000e+00 1.000000e+00 1.000000e-01
5.616610e+03 0.000000e+00 1.000000e+00 1.000000e-01
5.616620e+03 0.000000e+00 1.000000e+00 1.000000e-01
5.616630e+03 0.000000e+00 1.000000e+00 1.000000e-01
5.616640e+03 0.000000e+00 1.000000e+00 1.000000e-01
5.616650e+03 0.000000e+00 1.000000e+00 1.000000e-01
5.616660e+03 0.000000e+00 1.000000e+00 1.000000e-01
5.616670e+03 0.000000e+00 1.000000e+00 1.000000e-01
5.616680e+03 0.000000e+00 1.000000e+00 1.000000e-01
5.616690e+03 0.000000e+00 1.000000e+00 1.000000e-01
5.616700e+03 0.000000e+00 1.000000e+00 1.000000e-01
5.616710e+03 0.000000e+00 1.000000e+00 1.000000e-01
5.616720e+03 0.000000e+00 1.000000e+00 1.000000e-01
5.616730e+03 0.000000e+00 1.000000e+00 1.000000e-01
5.616740e+03 0.000000e+00 1.000000e+00 1.000000e-01
5.616750e+03 0.000000e+00 1.000000e+00 1.000000e-01
5.616760e+03 0.000000e+00 1.000000e+00 1.000000e-01
5.616770e+03 0.000000e+00 1.000000e+00 1.000000e-01
5.616780e+03 0.000000e+00 1.000000e+00 1.000000e-01
5.616790e+03 0.000000e+00 1.000000e+00 1.000000e-01
5.616800e+03 0.000000e+00 1.000000e+00 1.000000e-01
5.616810e+03 0.000000e+00 1.000000e+00 1.000000e-01
5.616820e+03 0.000000e+00 1.000000e+00 1.000000e-01
5.616830e+03 0.000000e+00 1.000000e+00 1.000000e-01
5.616840e+03 0.000000e+00 1.000000e+00 1.000000e-01
5.616850e+03 0.000000e+00 1.000000e+00 1.000000e-01
5.616860e+03 0.000000e+00 1.000000e+00 1.000000e-01
5.616870e+03 0.000000e+00 1.000000e+00 1.000000e-01
5.616880e+03 0.000000e+00 1.000000e+00 1.000000e-01
5.616890e+03 0.000000e+00 1.000000e+00 1.000000e-01
5.616900e+03 0.000000e+00 1.000000e+00 1.000000e-01
5.616910e+03 0.000000e+00 1.000000e+00 1.000000e-01
5.616920e+03 0.000000e+00 1.000000e+00 1.000000e-01
5.616930e+03 0.000000e+00 1.000000e+00 1.000000e-01
5.616940e+03 0.000000e+00 1.000000e+00 1.000000e-01
5.616950e+03 0.000000e+00 1.000000e+00 1.000000e-01
5.616960e+03 0.000000e+00 1.000000e+00 1.000000e-01
5.616970e+03 0.000000e+00 1.000000e+00 1.000000e-01
5.616980e+03 0.000000e+00 1.000000e+00 1.000000e-01
5.616990e+03 0.000000e+00 1.000000e+00 1.000000e-01
5.617000e+03 0.000000e+00 1.000000e+00 1.000000e-01
