# wavelength[A] tau flux flux_error
5.567000e+03 0.000000e+00 1.000000e+00 1.000000e-01
5.567010e+03 0.000000e+00 1.000000e+00 1.000000e-01
5.567020e+03 0.000000e+00 1.000000e+00 1.000000e-01
5.567030e+03 0.000000e+00 1.000000e+00 1.000000e-01
5.567040e+03 0.000000e+00 1.000000e+00 1.000000e-01
5.567050e+03 0.000000e+00 1.000000e+00 1.000000e-01
5.567060e+03 0.000000e+00 1.000000e+00 1.000000e-01
5.567070e+03 0.000000e+00 1.000000e+00 1.000000e-01
5.567080e+03 0.000000e+00 1.000000e+00 1.000000e-01
5.567090e+03 0.000000e+00 1.000000e+00 1.000000e-01
5.567100e+03 0.000000e+00 1.000000e+00 1.000000e-01
5.567110e+03 0.000000e+00 1.000000e+00 1.000000e-01
5.567120e+03 0.000000e+00 1.000000e+00 1.000000e-01
5.567130e+03 0.000000e+00 1.000000e+00 1.000000e-01
5.567140e+03 0.000000e+00 1.000000e+00 1.000000e-01
5.567150e+03 0.000000e+00 1.000000e+00 1.000000e-01
5.567160e+03 0.000000e+00 1.000000e+00 1.000000e-01
5.567170e+03 0.000000e+00 1.000000e+00 1.000000e-01
5.567180e+03 0.000000e+00 1.000000e+00 1.000000e-01
5.567190e+03 0.000000e+00 1.000000e+00 1.000000e-01
5.567200e+03 0.000000e+00 1.000000e+00 1.000000e-01
5.567210e+03 0.000000e+00 1.000000e+00 1.000000e-01
5.567220e+03 0.000000e+00 1.000000e+00 1.000000e-01
5.567230e+03 0.000000e+00 1.000000e+00 1.000000e-01
5.567240e+03 0.000000e+00 1.000000e+00 1.000000e-01
5.567250e+03 0.000000e+00 1.000000e+00 1.000000e-01
5.567260e+03 0.000000e+00 1.000000e+00 1.000000e-01
5.567270e+03 0.000000e+00 1.000000e+00 1.000000e-01
5.567280e+03 0.000000e+00 1.000000e+00 1.000000e-01
5.567290e+03 0.000000e+00 1.000000e+00 1.000000e-01
5.567300e+03 0.000000e+00 1.000000e+00 1.000000e-01
5.567310e+03 0.000000e+00 1.000000e+00 1.000000e-01
5.567320e+03 0.000000e+00 1.000000e+00 1.000000e-01
5.567330e+03 0.000000e+00 1.000000e+00 1.000000e-01
5.567340e+03 0.000000e+00 1.000000e+00 1.000000e-01
5.567350e+03 0.000000e+00 1.000000e+00 1.000000e-01
5.567360e+03 0.000000e+00 1.000000e+00 1.000000e-01
5.567370e+03 0.000000e+00 1.000000e+00 1.000000e-01
5.567380e+03 0.000000e+00 1.000000e+00 1.000000e-01
5.567390e+03 0.000000e+00 1.000000e+00 1.000000e-01
5.567400e+03 0.000000e+00 1.000000e+00 1.000000e-01
5.567410e+03 0.000000e+00 1.000000e+00 1.000000e-01
5.567420e+03 0.000000e+00 1.000000e+00 1.000000e-01
5.567430e+03 0.000000e+00 1.000000e+00 1.000000e-01
5.567440e+03 0.000000e+00 1.000000e+00 1.000000e-01
5.567450e+03 0.000000e+00 1.000000e+00 1.000000e-01
5.567460e+03 0.000000e+00 1.000000e+00 1.000000e-01
5.567470e+03 0.000000e+00 1.000000e+00 1.000000e-01
5.567480e+03 0.000000e+00 1.000000e+00 1.000000e-01
5.567490e+03 0.000000e+00 1.000000e+00 1.000000e-01
5.567500e+03 0.000000e+00 1.000000e+00 1.000000e-01
5.567510e+03 0.000000e+00 1.000000e+00 1.000000e-01
5.567520e+03 0.000000e+00 1.000000e+00 1.000000e-01
5.567530e+03 0.000000e+00 1.000000e+00 1.000000e-01
5.567540e+03 0.000000e+00 1.000000e+00 1.000000e-01
5.567550e+03 0.000000e+00 1.000000e+00 1.000000e-01
5.567560e+03 0.000000e+00 1.000000e+00 1.000000e-01
5.567570e+03 0.000000e+00 1.000000e+00 1.000000e-01
5.567580e+03 0.000000e+00 1.000000e+00 1.000000e-01
5.567590e+03 0.000000e+00 1.000000e+00 1.000000e-01
5.567600e+03 0.000000e+00 1.000000e+00 1.000000e-01
5.567610e+03 0.000000e+00 1.000000e+00 1.000000e-01
5.567620e+03 0.000000e+00 1.000000e+00 1.000000e-01
5.567630e+03 0.000000e+00 1.000000e+00 1.000000e-01
5.567640e+03 0.000000e+00 1.000000e+00 1.000000e-01
5.567650e+03 0.000000e+00 1.000000e+00 1.000000e-01
5.567660e+03 0.000000e+00 1.000000e+00 1.000000e-01
5.567670e+03 0.000000e+00 1.000000e+00 1.000000e-01
5.567680e+03 0.000000e+00 1.000000e+00 1.000000e-01
5.567690e+03 0.000000e+00 1.000000e+00 1.000000e-01
5.567700e+03 0.000000e+00 1.000000e+00 1.000000e-01
5.567710e+03 0.000000e+00 1.000000e+00 1.000000e-01
5.567720e+03 0.000000e+00 1.000000e+00 1.000000e-01
5.567730e+03 0.000000e+00 1.000000e+00 1.000000e-01
5.567740e+03 0.000000e+00 1.000000e+00 1.000000e-01
5.567750e+03 0.000000e+00 1.000000e+00 1.000000e-01
5.567760e+03 0.000000e+00 1.000000e+00 1.000000e-01
5.567770e+03 0.000000e+00 1.000000e+00 1.000000e-01
5.567780e+03 0.000000e+00 1.000000e+00 1.000000e-01
5.567790e+03 0.000000e+00 1.000000e+00 1.000000e-01
5.567800e+03 0.000000e+00 1.000000e+00 1.000000e-01
5.567810e+03 0.000000e+00 1.000000e+00 1.000000e-01
5.567820e+03 0.000000e+00 1.000000e+00 1.000000e-01
5.567830e+03 0.000000e+00 1.000000e+00 1.000000e-01
5.567840e+03 0.000000e+00 1.000000e+00 1.000000e-01
5.567850e+03 0.000000e+00 1.000000e+00 1.000000e-01
5.567860e+03 0.000000e+00 1.000000e+00 1.000000e-01
5.567870e+03 0.000000e+00 1.000000e+00 1.000000e-01
5.567880e+03 0.000000e+00 1.000000e+00 1.000000e-01
5.567890e+03 0.000000e+00 1.000000e+00 1.000000e-01
5.567900e+03 0.000000e+00 1.000000e+00 1.000000e-01
5.567910e+03 0.000000e+00 1.000000e+00 1.000000e-01
5.567920e+03 0.000000e+00 1.000000e+00 1.000000e-01
5.567930e+03 0.000000e+00 1.000000e+00 1.000000e-01
5.567940e+03 0.000000e+00 1.000000e+00 1.000000e-01
5.567950e+03 0.000000e+00 1.000000e+00 1.000000e-01
5.567960e+03 0.000000e+00 1.000000e+00 1.000000e-01
5.567970e+03 0.000000e+00 1.000000e+00 1.000000e-01
5.567980e+03 0.000000e+00 1.000000e+00 1.000000e-01
5.567990e+03 0.000000e+00 1.000000e+00 1.000000e-01
5.568000e+03 0.000000e+00 1.000000e+00 1.000000e-01
5.568010e+03 0.000000e+00 1.000000e+00 1.000000e-01
5.568020e+03 0.000000e+00 1.000000e+00 1.000000e-01
5.568030e+03 0.000000e+00 1.000000e+00 1.000000e-01
5.568040e+03 0.000000e+00 1.000000e+00 1.000000e-01
5.568050e+03 0.000000e+00 1.000000e+00 1.000000e-01
5.568060e+03 0.000000e+00 1.000000e+00 1.000000e-01
5.568070e+03 0.000000e+00 1.000000e+00 1.000000e-01
5.568080e+03 0.000000e+00 1.000000e+00 1.000000e-01
5.568090e+03 0.000000e+00 1.000000e+00 1.000000e-01
5.568100e+03 0.000000e+00 1.000000e+00 1.000000e-01
5.568110e+03 0.000000e+00 1.000000e+00 1.000000e-01
5.568120e+03 0.000000e+00 1.000000e+00 1.000000e-01
5.568130e+03 0.000000e+00 1.000000e+00 1.000000e-01
5.568140e+03 0.000000e+00 1.000000e+00 1.000000e-01
5.568150e+03 0.000000e+00 1.000000e+00 1.000000e-01
5.568160e+03 0.000000e+00 1.000000e+00 1.000000e-01
5.568170e+03 0.000000e+00 1.000000e+00 1.000000e-01
5.568180e+03 0.000000e+00 1.000000e+00 1.000000e-01
5.568190e+03 0.000000e+00 1.000000e+00 1.000000e-01
5.568200e+03 0.000000e+00 1.000000e+00 1.000000e-01
5.568210e+03 0.000000e+00 1.000000e+00 1.000000e-01
5.568220e+03 0.000000e+00 1.000000e+00 1.000000e-01
5.568230e+03 0.000000e+00 1.000000e+00 1.000000e-01
5.568240e+03 0.000000e+00 1.000000e+00 1.000000e-01
5.568250e+03 0.000000e+00 1.000000e+00 1.000000e-01
5.568260e+03 0.000000e+00 1.000000e+00 1.000000e-01
5.568270e+03 0.000000e+00 1.000000e+00 1.000000e-01
5.568280e+03 0.000000e+00 1.000000e+00 1.000000e-01
5.568290e+03 0.000000e+00 1.000000e+00 1.000000e-01
5.568300e+03 0.000000e+00 1.000000e+00 1.000000e-01
5.568310e+03 0.000000e+00 1.000000e+00 1.000000e-01
5.568320e+03 0.000000e+00 1.000000e+00 1.000000e-01
5.568330e+03 0.000000e+00 1.000000e+00 1.000000e-01
5.568340e+03 0.000000e+00 1.000000e+00 1.000000e-01
5.568350e+03 0.000000e+00 1.000000e+00 1.000000e-01
5.568360e+03 0.000000e+00 1.000000e+00 1.000000e-01
5.568370e+03 0.000000e+00 1.000000e+00 1.000000e-01
5.568380e+03 0.000000e+00 1.000000e+00 1.000000e-01
5.568390e+03 0.000000e+00 1.000000e+00 1.000000e-01
5.568400e+03 0.000000e+00 1.000000e+00 1.000000e-01
5.568410e+03 0.000000e+00 1.000000e+00 1.000000e-01
5.568420e+03 0.000000e+00 1.000000e+00 1.000000e-01
5.568430e+03 0.000000e+00 1.000000e+00 1.000000e-01
5.568440e+03 0.000000e+00 1.000000e+00 1.000000e-01
5.568450e+03 0.000000e+00 1.000000e+00 1.000000e-01
5.568460e+03 0.000000e+00 1.000000e+00 1.000000e-01
5.568470e+03 0.000000e+00 1.000000e+00 1.000000e-01
5.568480e+03 0.000000e+00 1.000000e+00 1.000000e-01
5.568490e+03 0.000000e+00 1.000000e+00 1.000000e-01
5.568500e+03 0.000000e+00 1.000000e+00 1.000000e-01
5.568510e+03 0.000000e+00 1.000000e+00 1.000000e-01
5.568520e+03 0.000000e+00 1.000000e+00 1.000000e-01
5.568530e+03 0.000000e+00 1.000000e+00 1.000000e-01
5.568540e+03 0.000000e+00 1.000000e+00 1.000000e-01
5.568550e+03 0.000000e+00 1.000000e+00 1.000000e-01
5.568560e+03 0.000000e+00 1.000000e+00 1.000000e-01
5.568570e+03 0.000000e+00 1.000000e+00 1.000000e-01
5.568580e+03 0.000000e+00 1.000000e+00 1.000000e-01
5.568590e+03 0.000000e+00 1.000000e+00 1.000000e-01
5.568600e+03 0.000000e+00 1.000000e+00 1.000000e-01
5.568610e+03 0.000000e+00 1.000000e+00 1.000000e-01
5.568620e+03 0.000000e+00 1.000000e+00 1.000000e-01
5.568630e+03 0.000000e+00 1.000000e+00 1.000000e-01
5.568640e+03 0.000000e+00 1.000000e+00 1.000000e-01
5.568650e+03 0.000000e+00 1.000000e+00 1.000000e-01
5.568660e+03 0.000000e+00 1.000000e+00 1.000000e-01
5.568670e+03 0.000000e+00 1.000000e+00 1.000000e-01
5.568680e+03 0.000000e+00 1.000000e+00 1.000000e-01
5.568690e+03 0.000000e+00 1.000000e+00 1.000000e-01
5.568700e+03 0.000000e+00 1.000000e+00 1.000000e-01
5.568710e+03 0.000000e+00 1.000000e+00 1.000000e-01
5.568720e+03 0.000000e+00 1.000000e+00 1.000000e-01
5.568730e+03 0.000000e+00 1.000000e+00 1.000000e-01
5.568740e+03 0.000000e+00 1.000000e+00 1.000000e-01
5.568750e+03 0.000000e+00 1.000000e+00 1.000000e-01
5.568760e+03 0.000000e+00 1.000000e+00 1.000000e-01
5.568770e+03 0.000000e+00 1.000000e+00 1.000000e-01
5.568780e+03 0.000000e+00 1.000000e+00 1.000000e-01
5.568790e+03 0.000000e+00 1.000000e+00 1.000000e-01
5.568800e+03 0.000000e+00 1.000000e+00 1.000000e-01
5.568810e+03 0.000000e+00 1.000000e+00 1.000000e-01
5.568820e+03 0.000000e+00 1.000000e+00 1.000000e-01
5.568830e+03 0.000000e+00 1.000000e+00 1.000000e-01
5.568840e+03 0.000000e+00 1.000000e+00 1.000000e-01
5.568850e+03 0.000000e+00 1.000000e+00 1.000000e-01
5.568860e+03 0.000000e+00 1.000000e+00 1.000000e-01
5.568870e+03 0.000000e+00 1.000000e+00 1.000000e-01
5.568880e+03 0.000000e+00 1.000000e+00 1.000000e-01
5.568890e+03 0.000000e+00 1.000000e+00 1.000000e-01
5.568900e+03 0.000000e+00 1.000000e+00 1.000000e-01
5.568910e+03 0.000000e+00 1.000000e+00 1.000000e-01
5.568920e+03 0.000000e+00 1.000000e+00 1.000000e-01
5.568930e+03 0.000000e+00 1.000000e+00 1.000000e-01
5.568940e+03 0.000000e+00 1.000000e+00 1.000000e-01
5.568950e+03 0.000000e+00 1.000000e+00 1.000000e-01
5.568960e+03 0.000000e+00 1.000000e+00 1.000000e-01
5.568970e+03 0.000000e+00 1.000000e+00 1.000000e-01
5.568980e+03 0.000000e+00 1.000000e+00 1.000000e-01
5.568990e+03 0.000000e+00 1.000000e+00 1.000000e-01
5.569000e+03 0.000000e+00 1.000000e+00 1.000000e-01
5.569010e+03 0.000000e+00 1.000000e+00 1.000000e-01
5.569020e+03 0.000000e+00 1.000000e+00 1.000000e-01
5.569030e+03 0.000000e+00 1.000000e+00 1.000000e-01
5.569040e+03 0.000000e+00 1.000000e+00 1.000000e-01
5.569050e+03 0.000000e+00 1.000000e+00 1.000000e-01
5.569060e+03 0.000000e+00 1.000000e+00 1.000000e-01
5.569070e+03 0.000000e+00 1.000000e+00 1.000000e-01
5.569080e+03 0.000000e+00 1.000000e+00 1.000000e-01
5.569090e+03 0.000000e+00 1.000000e+00 1.000000e-01
5.569100e+03 0.000000e+00 1.000000e+00 1.000000e-01
5.569110e+03 0.000000e+00 1.000000e+00 1.000000e-01
5.569120e+03 0.000000e+00 1.000000e+00 1.000000e-01
5.569130e+03 0.000000e+00 1.000000e+00 1.000000e-01
5.569140e+03 0.000000e+00 1.000000e+00 1.000000e-01
5.569150e+03 0.000000e+00 1.000000e+00 1.000000e-01
5.569160e+03 0.000000e+00 1.000000e+00 1.000000e-01
5.569170e+03 0.000000e+00 1.000000e+00 1.000000e-01
5.569180e+03 0.000000e+00 1.000000e+00 1.000000e-01
5.569190e+03 0.000000e+00 1.000000e+00 1.000000e-01
5.569200e+03 0.000000e+00 1.000000e+00 1.000000e-01
5.569210e+03 0.000000e+00 1.000000e+00 1.000000e-01
5.569220e+03 0.000000e+00 1.000000e+00 1.000000e-01
5.569230e+03 0.000000e+00 1.000000e+00 1.000000e-01
5.569240e+03 0.000000e+00 1.000000e+00 1.000000e-01
5.569250e+03 0.000000e+00 1.000000e+00 1.000000e-01
5.569260e+03 0.000000e+00 1.000000e+00 1.000000e-01
5.569270e+03 0.000000e+00 1.000000e+00 1.000000e-01
5.569280e+03 0.000000e+00 1.000000e+00 1.000000e-01
5.569290e+03 0.000000e+00 1.000000e+00 1.000000e-01
5.569300e+03 0.000000e+00 1.000000e+00 1.000000e-01
5.569310e+03 0.000000e+00 1.000000e+00 1.000000e-01
5.569320e+03 0.000000e+00 1.000000e+00 1.000000e-01
5.569330e+03 0.000000e+00 1.000000e+00 1.000000e-01
5.569340e+03 0.000000e+00 1.000000e+00 1.000000e-01
5.569350e+03 0.000000e+00 1.000000e+00 1.000000e-01
5.569360e+03 0.000000e+00 1.000000e+00 1.000000e-01
5.569370e+03 0.000000e+00 1.000000e+00 1.000000e-01
5.569380e+03 0.000000e+00 1.000000e+00 1.000000e-01
5.569390e+03 0.000000e+00 1.000000e+00 1.000000e-01
5.569400e+03 0.000000e+00 1.000000e+00 1.000000e-01
5.569410e+03 0.000000e+00 1.000000e+00 1.000000e-01
5.569420e+03 0.000000e+00 1.000000e+00 1.000000e-01
5.569430e+03 0.000000e+00 1.000000e+00 1.000000e-01
5.569440e+03 0.000000e+00 1.000000e+00 1.000000e-01
5.569450e+03 0.000000e+00 1.000000e+00 1.000000e-01
5.569460e+03 0.000000e+00 1.000000e+00 1.000000e-01
5.569470e+03 0.000000e+00 1.000000e+00 1.000000e-01
5.569480e+03 0.000000e+00 1.000000e+00 1.000000e-01
5.569490e+03 0.000000e+00 1.000000e+00 1.000000e-01
5.569500e+03 0.000000e+00 1.000000e+00 1.000000e-01
5.569510e+03 0.000000e+00 1.000000e+00 1.000000e-01
5.569520e+03 0.000000e+00 1.000000e+00 1.000000e-01
5.569530e+03 0.000000e+00 1.000000e+00 1.000000e-01
5.569540e+03 0.000000e+00 1.000000e+00 1.000000e-01
5.569550e+03 0.000000e+00 1.000000e+00 1.000000e-01
5.569560e+03 0.000000e+00 1.000000e+00 1.000000e-01
5.569570e+03 0.000000e+00 1.000000e+00 1.000000e-01
5.569580e+03 0.000000e+00 1.000000e+00 1.000000e-01
5.569590e+03 0.000000e+00 1.000000e+00 1.000000e-01
5.569600e+03 0.000000e+00 1.000000e+00 1.000000e-01
5.569610e+03 0.000000e+00 1.000000e+00 1.000000e-01
5.569620e+03 0.000000e+00 1.000000e+00 1.000000e-01
5.569630e+03 0.000000e+00 1.000000e+00 1.000000e-01
5.569640e+03 0.000000e+00 1.000000e+00 1.000000e-01
5.569650e+03 0.000000e+00 1.000000e+00 1.000000e-01
5.569660e+03 0.000000e+00 1.000000e+00 1.000000e-01
5.569670e+03 0.000000e+00 1.000000e+00 1.000000e-01
5.569680e+03 0.000000e+00 1.000000e+00 1.000000e-01
5.569690e+03 0.000000e+00 1.000000e+00 1.000000e-01
5.569700e+03 0.000000e+00 1.000000e+00 1.000000e-01
5.569710e+03 0.000000e+00 1.000000e+00 1.000000e-01
5.569720e+03 0.000000e+00 1.000000e+00 1.000000e-01
5.569730e+03 0.000000e+00 1.000000e+00 1.000000e-01
5.569740e+03 0.000000e+00 1.000000e+00 1.000000e-01
5.569750e+03 0.000000e+00 1.000000e+00 1.000000e-01
5.569760e+03 0.000000e+00 1.000000e+00 1.000000e-01
5.569770e+03 0.000000e+00 1.000000e+00 1.000000e-01
5.569780e+03 0.000000e+00 1.000000e+00 1.000000e-01
5.569790e+03 0.000000e+00 1.000000e+00 1.000000e-01
5.569800e+03 0.000000e+00 1.000000e+00 1.000000e-01
5.569810e+03 0.000000e+00 1.000000e+00 1.000000e-01
5.569820e+03 0.000000e+00 1.000000e+00 1.000000e-01
5.569830e+03 0.000000e+00 1.000000e+00 1.000000e-01
5.569840e+03 0.000000e+00 1.000000e+00 1.000000e-01
5.569850e+03 0.000000e+00 1.000000e+00 1.000000e-01
5.569860e+03 0.000000e+00 1.000000e+00 1.000000e-01
5.569870e+03 0.000000e+00 1.000000e+00 1.000000e-01
5.569880e+03 0.000000e+00 1.000000e+00 1.000000e-01
5.569890e+03 0.000000e+00 1.000000e+00 1.000000e-01
5.569900e+03 0.000000e+00 1.000000e+00 1.000000e-01
5.569910e+03 0.000000e+00 1.000000e+00 1.000000e-01
5.569920e+03 0.000000e+00 1.000000e+00 1.000000e-01
5.569930e+03 0.000000e+00 1.000000e+00 1.000000e-01
5.569940e+03 0.000000e+00 1.000000e+00 1.000000e-01
5.569950e+03 0.000000e+00 1.000000e+00 1.000000e-01
5.569960e+03 0.000000e+00 1.000000e+00 1.000000e-01
5.569970e+03 0.000000e+00 1.000000e+00 1.000000e-01
5.569980e+03 0.000000e+00 1.000000e+00 1.000000e-01
5.569990e+03 0.000000e+00 1.000000e+00 1.000000e-01
5.570000e+03 0.000000e+00 1.000000e+00 1.000000e-01
5.570010e+03 0.000000e+00 1.000000e+00 1.000000e-01
5.570020e+03 0.000000e+00 1.000000e+00 1.000000e-01
5.570030e+03 0.000000e+00 1.000000e+00 1.000000e-01
5.570040e+03 0.000000e+00 1.000000e+00 1.000000e-01
5.570050e+03 0.000000e+00 1.000000e+00 1.000000e-01
5.570060e+03 0.000000e+00 1.000000e+00 1.000000e-01
5.570070e+03 0.000000e+00 1.000000e+00 1.000000e-01
5.570080e+03 0.000000e+00 1.000000e+00 1.000000e-01
5.570090e+03 0.000000e+00 1.000000e+00 1.000000e-01
5.570100e+03 0.000000e+00 1.000000e+00 1.000000e-01
5.570110e+03 0.000000e+00 1.000000e+00 1.000000e-01
5.570120e+03 0.000000e+00 1.000000e+00 1.000000e-01
5.570130e+03 0.000000e+00 1.000000e+00 1.000000e-01
5.570140e+03 0.000000e+00 1.000000e+00 1.000000e-01
5.570150e+03 0.000000e+00 1.000000e+00 1.000000e-01
5.570160e+03 0.000000e+00 1.000000e+00 1.000000e-01
5.570170e+03 0.000000e+00 1.000000e+00 1.000000e-01
5.570180e+03 0.000000e+00 1.000000e+00 1.000000e-01
5.570190e+03 0.000000e+00 1.000000e+00 1.000000e-01
5.570200e+03 0.000000e+00 1.000000e+00 1.000000e-01
5.570210e+03 0.000000e+00 1.000000e+00 1.000000e-01
5.570220e+03 0.000000e+00 1.000000e+00 1.000000e-01
5.570230e+03 0.000000e+00 1.000000e+00 1.000000e-01
5.570240e+03 0.000000e+00 1.000000e+00 1.000000e-01
5.570250e+03 0.000000e+00 1.000000e+00 1.000000e-01
5.570260e+03 0.000000e+00 1.000000e+00 1.000000e-01
5.570270e+03 0.000000e+00 1.000000e+00 1.000000e-01
5.570280e+03 0.000000e+00 1.000000e+00 1.000000e-01
5.570290e+03 0.000000e+00 1.000000e+00 1.000000e-01
5.570300e+03 0.000000e+00 1.000000e+00 1.000000e-01
5.570310e+03 0.000000e+00 1.000000e+00 1.000000e-01
5.570320e+03 0.000000e+00 1.000000e+00 1.000000e-01
5.570330e+03 0.000000e+00 1.000000e+00 1.000000e-01
5.570340e+03 0.000000e+00 1.000000e+00 1.000000e-01
5.570350e+03 0.000000e+00 1.000000e+00 1.000000e-01
5.570360e+03 0.000000e+00 1.000000e+00 1.000000e-01
5.570370e+03 0.000000e+00 1.000000e+00 1.000000e-01
5.570380e+03 0.000000e+00 1.000000e+00 1.000000e-01
5.570390e+03 0.000000e+00 1.000000e+00 1.000000e-01
5.570400e+03 0.000000e+00 1.000000e+00 1.000000e-01
5.570410e+03 0.000000e+00 1.000000e+00 1.000000e-01
5.570420e+03 0.000000e+00 1.000000e+00 1.000000e-01
5.570430e+03 0.000000e+00 1.000000e+00 1.000000e-01
5.570440e+03 0.000000e+00 1.000000e+00 1.000000e-01
5.570450e+03 0.000000e+00 1.000000e+00 1.000000e-01
5.570460e+03 0.000000e+00 1.000000e+00 1.000000e-01
5.570470e+03 0.000000e+00 1.000000e+00 1.000000e-01
5.570480e+03 0.000000e+00 1.000000e+00 1.000000e-01
5.570490e+03 0.000000e+00 1.000000e+00 1.000000e-01
5.570500e+03 0.000000e+00 1.000000e+00 1.000000e-01
5.570510e+03 0.000000e+00 1.000000e+00 1.000000e-01
5.570520e+03 0.000000e+00 1.000000e+00 1.000000e-01
5.570530e+03 0.000000e+00 1.000000e+00 1.000000e-01
5.570540e+03 0.000000e+00 1.000000e+00 1.000000e-01
5.570550e+03 0.000000e+00 1.000000e+00 1.000000e-01
5.570560e+03 0.000000e+00 1.000000e+00 1.000000e-01
5.570570e+03 0.000000e+00 1.000000e+00 1.000000e-01
5.570580e+03 0.000000e+00 1.000000e+00 1.000000e-01
5.570590e+03 0.000000e+00 1.000000e+00 1.000000e-01
5.570600e+03 0.000000e+00 1.000000e+00 1.000000e-01
5.570610e+03 0.000000e+00 1.000000e+00 1.000000e-01
5.570620e+03 0.000000e+00 1.000000e+00 1.000000e-01
5.570630e+03 0.000000e+00 1.000000e+00 1.000000e-01
5.570640e+03 0.000000e+00 1.000000e+00 1.000000e-01
5.570650e+03 0.000000e+00 1.000000e+00 1.000000e-01
5.570660e+03 0.000000e+00 1.000000e+00 1.000000e-01
5.570670e+03 0.000000e+00 1.000000e+00 1.000000e-01
5.570680e+03 0.000000e+00 1.000000e+00 1.000000e-01
5.570690e+03 0.000000e+00 1.000000e+00 1.000000e-01
5.570700e+03 0.000000e+00 1.000000e+00 1.000000e-01
5.570710e+03 0.000000e+00 1.000000e+00 1.000000e-01
5.570720e+03 0.000000e+00 1.000000e+00 1.000000e-01
5.570730e+03 0.000000e+00 1.000000e+00 1.000000e-01
5.570740e+03 0.000000e+00 1.000000e+00 1.000000e-01
5.570750e+03 0.000000e+00 1.000000e+00 1.000000e-01
5.570760e+03 0.000000e+00 1.000000e+00 1.000000e-01
5.570770e+03 0.000000e+00 1.000000e+00 1.000000e-01
5.570780e+03 0.000000e+00 1.000000e+00 1.000000e-01
5.570790e+03 0.000000e+00 1.000000e+00 1.000000e-01
5.570800e+03 0.000000e+00 1.000000e+00 1.000000e-01
5.570810e+03 0.000000e+00 1.000000e+00 1.000000e-01
5.570820e+03 0.000000e+00 1.000000e+00 1.000000e-01
5.570830e+03 0.000000e+00 1.000000e+00 1.000000e-01
5.570840e+03 0.000000e+00 1.000000e+00 1.000000e-01
5.570850e+03 0.000000e+00 1.000000e+00 1.000000e-01
5.570860e+03 0.000000e+00 1.000000e+00 1.000000e-01
5.570870e+03 0.000000e+00 1.000000e+00 1.000000e-01
5.570880e+03 0.000000e+00 1.000000e+00 1.000000e-01
5.570890e+03 0.000000e+00 1.000000e+00 1.000000e-01
5.570900e+03 0.000000e+00 1.000000e+00 1.000000e-01
5.570910e+03 0.000000e+00 1.000000e+00 1.000000e-01
5.570920e+03 0.000000e+00 1.000000e+00 1.000000e-01
5.570930e+03 0.000000e+00 1.000000e+00 1.000000e-01
5.570940e+03 0.000000e+00 1.000000e+00 1.000000e-01
5.570950e+03 0.000000e+00 1.000000e+00 1.000000e-01
5.570960e+03 0.000000e+00 1.000000e+00 1.000000e-01
5.570970e+03 0.000000e+00 1.000000e+00 1.000000e-01
5.570980e+03 0.000000e+00 1.000000e+00 1.000000e-01
5.570990e+03 0.000000e+00 1.000000e+00 1.000000e-01
5.571000e+03 0.000000e+00 1.000000e+00 1.000000e-01
5.571010e+03 0.000000e+00 1.000000e+00 1.000000e-01
5.571020e+03 0.000000e+00 1.000000e+00 1.000000e-01
5.571030e+03 0.000000e+00 1.000000e+00 1.000000e-01
5.571040e+03 0.000000e+00 1.000000e+00 1.000000e-01
5.571050e+03 0.000000e+00 1.000000e+00 1.000000e-01
5.571060e+03 0.000000e+00 1.000000e+00 1.000000e-01
5.571070e+03 0.000000e+00 1.000000e+00 1.000000e-01
5.571080e+03 0.000000e+00 1.000000e+00 1.000000e-01
5.571090e+03 0.000000e+00 1.000000e+00 1.000000e-01
5.571100e+03 0.000000e+00 1.000000e+00 1.000000e-01
5.571110e+03 0.000000e+00 1.000000e+00 1.000000e-01
5.571120e+03 0.000000e+00 1.000000e+00 1.000000e-01
5.571130e+03 0.000000e+00 1.000000e+00 1.000000e-01
5.571140e+03 0.000000e+00 1.000000e+00 1.000000e-01
5.571150e+03 0.000000e+00 1.000000e+00 1.000000e-01
5.571160e+03 0.000000e+00 1.000000e+00 1.000000e-01
5.571170e+03 0.000000e+00 1.000000e+00 1.000000e-01
5.571180e+03 0.000000e+00 1.000000e+00 1.000000e-01
5.571190e+03 0.000000e+00 1.000000e+00 1.000000e-01
5.571200e+03 0.000000e+00 1.000000e+00 1.000000e-01
5.571210e+03 0.000000e+00 1.000000e+00 1.000000e-01
5.571220e+03 0.000000e+00 1.000000e+00 1.000000e-01
5.571230e+03 0.000000e+00 1.000000e+00 1.000000e-01
5.571240e+03 0.000000e+00 1.000000e+00 1.000000e-01
5.571250e+03 0.000000e+00 1.000000e+00 1.000000e-01
5.571260e+03 0.000000e+00 1.000000e+00 1.000000e-01
5.571270e+03 0.000000e+00 1.000000e+00 1.000000e-01
5.571280e+03 0.000000e+00 1.000000e+00 1.000000e-01
5.571290e+03 0.000000e+00 1.000000e+00 1.000000e-01
5.571300e+03 0.000000e+00 1.000000e+00 1.000000e-01
5.571310e+03 0.000000e+00 1.000000e+00 1.000000e-01
5.571320e+03 0.000000e+00 1.000000e+00 1.000000e-01
5.571330e+03 0.000000e+00 1.000000e+00 1.000000e-01
5.571340e+03 0.000000e+00 1.000000e+00 1.000000e-01
5.571350e+03 0.000000e+00 1.000000e+00 1.000000e-01
5.571360e+03 0.000000e+00 1.000000e+00 1.000000e-01
5.571370e+03 0.000000e+00 1.000000e+00 1.000000e-01
5.571380e+03 0.000000e+00 1.000000e+00 1.000000e-01
5.571390e+03 0.000000e+00 1.000000e+00 1.000000e-01
5.571400e+03 0.000000e+00 1.000000e+00 1.000000e-01
5.571410e+03 0.000000e+00 1.000000e+00 1.000000e-01
5.571420e+03 0.000000e+00 1.000000e+00 1.000000e-01
5.571430e+03 0.000000e+00 1.000000e+00 1.000000e-01
5.571440e+03 0.000000e+00 1.000000e+00 1.000000e-01
5.571450e+03 0.000000e+00 1.000000e+00 1.000000e-01
5.571460e+03 0.000000e+00 1.000000e+00 1.000000e-01
5.571470e+03 0.000000e+00 1.000000e+00 1.000000e-01
5.571480e+03 0.000000e+00 1.000000e+00 1.000000e-01
5.571490e+03 0.000000e+00 1.000000e+00 1.000000e-01
5.571500e+03 0.000000e+00 1.000000e+00 1.000000e-01
5.571510e+03 0.000000e+00 1.000000e+00 1.000000e-01
5.571520e+03 0.000000e+00 1.000000e+00 1.000000e-01
5.571530e+03 0.000000e+00 1.000000e+00 1.000000e-01
5.571540e+03 0.000000e+00 1.000000e+00 1.000000e-01
5.571550e+03 0.000000e+00 1.000000e+00 1.000000e-01
5.571560e+03 0.000000e+00 1.000000e+00 1.000000e-01
5.571570e+03 0.000000e+00 1.000000e+00 1.000000e-01
5.571580e+03 0.000000e+00 1.000000e+00 1.000000e-01
5.571590e+03 0.000000e+00 1.000000e+00 1.000000e-01
5.571600e+03 0.000000e+00 1.000000e+00 1.000000e-01
5.571610e+03 0.000000e+00 1.000000e+00 1.000000e-01
5.571620e+03 0.000000e+00 1.000000e+00 1.000000e-01
5.571630e+03 0.000000e+00 1.000000e+00 1.000000e-01
5.571640e+03 0.000000e+00 1.000000e+00 1.000000e-01
5.571650e+03 0.000000e+00 1.000000e+00 1.000000e-01
5.571660e+03 0.000000e+00 1.000000e+00 1.000000e-01
5.571670e+03 0.000000e+00 1.000000e+00 1.000000e-01
5.571680e+03 0.000000e+00 1.000000e+00 1.000000e-01
5.571690e+03 0.000000e+00 1.000000e+00 1.000000e-01
5.571700e+03 0.000000e+00 1.000000e+00 1.000000e-01
5.571710e+03 0.000000e+00 1.000000e+00 1.000000e-01
5.571720e+03 0.000000e+00 1.000000e+00 1.000000e-01
5.571730e+03 0.000000e+00 1.000000e+00 1.000000e-01
5.571740e+03 0.000000e+00 1.000000e+00 1.000000e-01
5.571750e+03 0.000000e+00 1.000000e+00 1.000000e-01
5.571760e+03 0.000000e+00 1.000000e+00 1.000000e-01
5.571770e+03 0.000000e+00 1.000000e+00 1.000000e-01
5.571780e+03 0.000000e+00 1.000000e+00 1.000000e-01
5.571790e+03 0.000000e+00 1.000000e+00 1.000000e-01
5.571800e+03 0.000000e+00 1.000000e+00 1.000000e-01
5.571810e+03 0.000000e+00 1.000000e+00 1.000000e-01
5.571820e+03 0.000000e+00 1.000000e+00 1.000000e-01
5.571830e+03 0.000000e+00 1.000000e+00 1.000000e-01
5.571840e+03 0.000000e+00 1.000000e+00 1.000000e-01
5.571850e+03 0.000000e+00 1.000000e+00 1.000000e-01
5.571860e+03 0.000000e+00 1.000000e+00 1.000000e-01
5.571870e+03 0.000000e+00 1.000000e+00 1.000000e-01
5.571880e+03 0.000000e+00 1.000000e+00 1.000000e-01
5.571890e+03 0.000000e+00 1.000000e+00 1.000000e-01
5.571900e+03 0.000000e+00 1.000000e+00 1.000000e-01
5.571910e+03 0.000000e+00 1.000000e+00 1.000000e-01
5.571920e+03 0.000000e+00 1.000000e+00 1.000000e-01
5.571930e+03 0.000000e+00 1.000000e+00 1.000000e-01
5.571940e+03 0.000000e+00 1.000000e+00 1.000000e-01
5.571950e+03 0.000000e+00 1.000000e+00 1.000000e-01
5.571960e+03 0.000000e+00 1.000000e+00 1.000000e-01
5.571970e+03 0.000000e+00 1.000000e+00 1.000000e-01
5.571980e+03 0.000000e+00 1.000000e+00 1.000000e-01
5.571990e+03 0.000000e+00 1.000000e+00 1.000000e-01
5.572000e+03 0.000000e+00 1.000000e+00 1.000000e-01
5.572010e+03 0.000000e+00 1.000000e+00 1.000000e-01
5.572020e+03 0.000000e+00 1.000000e+00 1.000000e-01
5.572030e+03 0.000000e+00 1.000000e+00 1.000000e-01
5.572040e+03 0.000000e+00 1.000000e+00 1.000000e-01
5.572050e+03 0.000000e+00 1.000000e+00 1.000000e-01
5.572060e+03 0.000000e+00 1.000000e+00 1.000000e-01
5.572070e+03 0.000000e+00 1.000000e+00 1.000000e-01
5.572080e+03 0.000000e+00 1.000000e+00 1.000000e-01
5.572090e+03 0.000000e+00 1.000000e+00 1.000000e-01
5.572100e+03 0.000000e+00 1.000000e+00 1.000000e-01
5.572110e+03 0.000000e+00 1.000000e+00 1.000000e-01
5.572120e+03 0.000000e+00 1.000000e+00 1.000000e-01
5.572130e+03 0.000000e+00 1.000000e+00 1.000000e-01
5.572140e+03 0.000000e+00 1.000000e+00 1.000000e-01
5.572150e+03 0.000000e+00 1.000000e+00 1.000000e-01
5.572160e+03 0.000000e+00 1.000000e+00 1.000000e-01
5.572170e+03 0.000000e+00 1.000000e+00 1.000000e-01
5.572180e+03 0.000000e+00 1.000000e+00 1.000000e-01
5.572190e+03 0.000000e+00 1.000000e+00 1.000000e-01
5.572200e+03 0.000000e+00 1.000000e+00 1.000000e-01
5.572210e+03 0.000000e+00 1.000000e+00 1.000000e-01
5.572220e+03 0.000000e+00 1.000000e+00 1.000000e-01
5.572230e+03 0.000000e+00 1.000000e+00 1.000000e-01
5.572240e+03 0.000000e+00 1.000000e+00 1.000000e-01
5.572250e+03 0.000000e+00 1.000000e+00 1.000000e-01
5.572260e+03 0.000000e+00 1.000000e+00 1.000000e-01
5.572270e+03 0.000000e+00 1.000000e+00 1.000000e-01
5.572280e+03 0.000000e+00 1.000000e+00 1.000000e-01
5.572290e+03 0.000000e+00 1.000000e+00 1.000000e-01
5.572300e+03 0.000000e+00 1.000000e+00 1.000000e-01
5.572310e+03 0.000000e+00 1.000000e+00 1.000000e-01
5.572320e+03 0.000000e+00 1.000000e+00 1.000000e-01
5.572330e+03 0.000000e+00 1.000000e+00 1.000000e-01
5.572340e+03 0.000000e+00 1.000000e+00 1.000000e-01
5.572350e+03 0.000000e+00 1.000000e+00 1.000000e-01
5.572360e+03 0.000000e+00 1.000000e+00 1.000000e-01
5.572370e+03 0.000000e+00 1.000000e+00 1.000000e-01
5.572380e+03 0.000000e+00 1.000000e+00 1.000000e-01
5.572390e+03 0.000000e+00 1.000000e+00 1.000000e-01
5.572400e+03 0.000000e+00 1.000000e+00 1.000000e-01
5.572410e+03 0.000000e+00 1.000000e+00 1.000000e-01
5.572420e+03 0.000000e+00 1.000000e+00 1.000000e-01
5.572430e+03 0.000000e+00 1.000000e+00 1.000000e-01
5.572440e+03 0.000000e+00 1.000000e+00 1.000000e-01
5.572450e+03 0.000000e+00 1.000000e+00 1.000000e-01
5.572460e+03 0.000000e+00 1.000000e+00 1.000000e-01
5.572470e+03 0.000000e+00 1.000000e+00 1.000000e-01
5.572480e+03 0.000000e+00 1.000000e+00 1.000000e-01
5.572490e+03 0.000000e+00 1.000000e+00 1.000000e-01
5.572500e+03 0.000000e+00 1.000000e+00 1.000000e-01
5.572510e+03 0.000000e+00 1.000000e+00 1.000000e-01
5.572520e+03 0.000000e+00 1.000000e+00 1.000000e-01
5.572530e+03 0.000000e+00 1.000000e+00 1.000000e-01
5.572540e+03 0.000000e+00 1.000000e+00 1.000000e-01
5.572550e+03 0.000000e+00 1.000000e+00 1.000000e-01
5.572560e+03 0.000000e+00 1.000000e+00 1.000000e-01
5.572570e+03 0.000000e+00 1.000000e+00 1.000000e-01
5.572580e+03 0.000000e+00 1.000000e+00 1.000000e-01
5.572590e+03 0.000000e+00 1.000000e+00 1.000000e-01
5.572600e+03 0.000000e+00 1.000000e+00 1.000000e-01
5.572610e+03 0.000000e+00 1.000000e+00 1.000000e-01
5.572620e+03 0.000000e+00 1.000000e+00 1.000000e-01
5.572630e+03 0.000000e+00 1.000000e+00 1.000000e-01
5.572640e+03 0.000000e+00 1.000000e+00 1.000000e-01
5.572650e+03 0.000000e+00 1.000000e+00 1.000000e-01
5.572660e+03 0.000000e+00 1.000000e+00 1.000000e-01
5.572670e+03 0.000000e+00 1.000000e+00 1.000000e-01
5.572680e+03 0.000000e+00 1.000000e+00 1.000000e-01
5.572690e+03 0.000000e+00 1.000000e+00 1.000000e-01
5.572700e+03 0.000000e+00 1.000000e+00 1.000000e-01
5.572710e+03 0.000000e+00 1.000000e+00 1.000000e-01
5.572720e+03 0.000000e+00 1.000000e+00 1.000000e-01
5.572730e+03 0.000000e+00 1.000000e+00 1.000000e-01
5.572740e+03 0.000000e+00 1.000000e+00 1.000000e-01
5.572750e+03 0.000000e+00 1.000000e+00 1.000000e-01
5.572760e+03 0.000000e+00 1.000000e+00 1.000000e-01
5.572770e+03 0.000000e+00 1.000000e+00 1.000000e-01
5.572780e+03 0.000000e+00 1.000000e+00 1.000000e-01
5.572790e+03 0.000000e+00 1.000000e+00 1.000000e-01
5.572800e+03 0.000000e+00 1.000000e+00 1.000000e-01
5.572810e+03 0.000000e+00 1.000000e+00 1.000000e-01
5.572820e+03 0.000000e+00 1.000000e+00 1.000000e-01
5.572830e+03 0.000000e+00 1.000000e+00 1.000000e-01
5.572840e+03 0.000000e+00 1.000000e+00 1.000000e-01
5.572850e+03 0.000000e+00 1.000000e+00 1.000000e-01
5.572860e+03 0.000000e+00 1.000000e+00 1.000000e-01
5.572870e+03 0.000000e+00 1.000000e+00 1.000000e-01
5.572880e+03 0.000000e+00 1.000000e+00 1.000000e-01
5.572890e+03 0.000000e+00 1.000000e+00 1.000000e-01
5.572900e+03 0.000000e+00 1.000000e+00 1.000000e-01
5.572910e+03 0.000000e+00 1.000000e+00 1.000000e-01
5.572920e+03 0.000000e+00 1.000000e+00 1.000000e-01
5.572930e+03 0.000000e+00 1.000000e+00 1.000000e-01
5.572940e+03 0.000000e+00 1.000000e+00 1.000000e-01
5.572950e+03 0.000000e+00 1.000000e+00 1.000000e-01
5.572960e+03 0.000000e+00 1.000000e+00 1.000000e-01
5.572970e+03 0.000000e+00 1.000000e+00 1.000000e-01
5.572980e+03 0.000000e+00 1.000000e+00 1.000000e-01
5.572990e+03 0.000000e+00 1.000000e+00 1.000000e-01
5.573000e+03 0.000000e+00 1.000000e+00 1.000000e-01
5.573010e+03 0.000000e+00 1.000000e+00 1.000000e-01
5.573020e+03 0.000000e+00 1.000000e+00 1.000000e-01
5.573030e+03 0.000000e+00 1.000000e+00 1.000000e-01
5.573040e+03 0.000000e+00 1.000000e+00 1.000000e-01
5.573050e+03 0.000000e+00 1.000000e+00 1.000000e-01
5.573060e+03 0.000000e+00 1.000000e+00 1.000000e-01
5.573070e+03 0.000000e+00 1.000000e+00 1.000000e-01
5.573080e+03 0.000000e+00 1.000000e+00 1.000000e-01
5.573090e+03 0.000000e+00 1.000000e+00 1.000000e-01
5.573100e+03 0.000000e+00 1.000000e+00 1.000000e-01
5.573110e+03 0.000000e+00 1.000000e+00 1.000000e-01
5.573120e+03 0.000000e+00 1.000000e+00 1.000000e-01
5.573130e+03 0.000000e+00 1.000000e+00 1.000000e-01
5.573140e+03 0.000000e+00 1.000000e+00 1.000000e-01
5.573150e+03 0.000000e+00 1.000000e+00 1.000000e-01
5.573160e+03 0.000000e+00 1.000000e+00 1.000000e-01
5.573170e+03 0.000000e+00 1.000000e+00 1.000000e-01
5.573180e+03 0.000000e+00 1.000000e+00 1.000000e-01
5.573190e+03 0.000000e+00 1.000000e+00 1.000000e-01
5.573200e+03 0.000000e+00 1.000000e+00 1.000000e-01
5.573210e+03 0.000000e+00 1.000000e+00 1.000000e-01
5.573220e+03 0.000000e+00 1.000000e+00 1.000000e-01
5.573230e+03 0.000000e+00 1.000000e+00 1.000000e-01
5.573240e+03 0.000000e+00 1.000000e+00 1.000000e-01
5.573250e+03 0.000000e+00 1.000000e+00 1.000000e-01
5.573260e+03 0.000000e+00 1.000000e+00 1.000000e-01
5.573270e+03 0.000000e+00 1.000000e+00 1.000000e-01
5.573280e+03 0.000000e+00 1.000000e+00 1.000000e-01
5.573290e+03 0.000000e+00 1.000000e+00 1.000000e-01
5.573300e+03 0.000000e+00 1.000000e+00 1.000000e-01
5.573310e+03 0.000000e+00 1.000000e+00 1.000000e-01
5.573320e+03 0.000000e+00 1.000000e+00 1.000000e-01
5.573330e+03 0.000000e+00 1.000000e+00 1.000000e-01
5.573340e+03 0.000000e+00 1.000000e+00 1.000000e-01
5.573350e+03 0.000000e+00 1.000000e+00 1.000000e-01
5.573360e+03 0.000000e+00 1.000000e+00 1.000000e-01
5.573370e+03 0.000000e+00 1.000000e+00 1.000000e-01
5.573380e+03 0.000000e+00 1.000000e+00 1.000000e-01
5.573390e+03 0.000000e+00 1.000000e+00 1.000000e-01
5.573400e+03 0.000000e+00 1.000000e+00 1.000000e-01
5.573410e+03 0.000000e+00 1.000000e+00 1.000000e-01
5.573420e+03 0.000000e+00 1.000000e+00 1.000000e-01
5.573430e+03 0.000000e+00 1.000000e+00 1.000000e-01
5.573440e+03 0.000000e+00 1.000000e+00 1.000000e-01
5.573450e+03 0.000000e+00 1.000000e+00 1.000000e-01
5.573460e+03 0.000000e+00 1.000000e+00 1.000000e-01
5.573470e+03 0.000000e+00 1.000000e+00 1.000000e-01
5.573480e+03 0.000000e+00 1.000000e+00 1.000000e-01
5.573490e+03 0.000000e+00 1.000000e+00 1.000000e-01
5.573500e+03 0.000000e+00 1.000000e+00 1.000000e-01
5.573510e+03 0.000000e+00 1.000000e+00 1.000000e-01
5.573520e+03 0.000000e+00 1.000000e+00 1.000000e-01
5.573530e+03 0.000000e+00 1.000000e+00 1.000000e-01
5.573540e+03 0.000000e+00 1.000000e+00 1.000000e-01
5.573550e+03 0.000000e+00 1.000000e+00 1.000000e-01
5.573560e+03 0.000000e+00 1.000000e+00 1.000000e-01
5.573570e+03 0.000000e+00 1.000000e+00 1.000000e-01
5.573580e+03 0.000000e+00 1.000000e+00 1.000000e-01
5.573590e+03 0.000000e+00 1.000000e+00 1.000000e-01
5.573600e+03 0.000000e+00 1.000000e+00 1.000000e-01
5.573610e+03 0.000000e+00 1.000000e+00 1.000000e-01
5.573620e+03 0.000000e+00 1.000000e+00 1.000000e-01
5.573630e+03 0.000000e+00 1.000000e+00 1.000000e-01
5.573640e+03 0.000000e+00 1.000000e+00 1.000000e-01
5.573650e+03 0.000000e+00 1.000000e+00 1.000000e-01
5.573660e+03 0.000000e+00 1.000000e+00 1.000000e-01
5.573670e+03 0.000000e+00 1.000000e+00 1.000000e-01
5.573680e+03 0.000000e+00 1.000000e+00 1.000000e-01
5.573690e+03 0.000000e+00 1.000000e+00 1.000000e-01
5.573700e+03 0.000000e+00 1.000000e+00 1.000000e-01
5.573710e+03 0.000000e+00 1.000000e+00 1.000000e-01
5.573720e+03 0.000000e+00 1.000000e+00 1.000000e-01
5.573730e+03 0.000000e+00 1.000000e+00 1.000000e-01
5.573740e+03 0.000000e+00 1.000000e+00 1.000000e-01
5.573750e+03 0.000000e+00 1.000000e+00 1.000000e-01
5.573760e+03 0.000000e+00 1.000000e+00 1.000000e-01
5.573770e+03 0.000000e+00 1.000000e+00 1.000000e-01
5.573780e+03 0.000000e+00 1.000000e+00 1.000000e-01
5.573790e+03 0.000000e+00 1.000000e+00 1.000000e-01
5.573800e+03 0.000000e+00 1.000000e+00 1.000000e-01
5.573810e+03 0.000000e+00 1.000000e+00 1.000000e-01
5.573820e+03 0.000000e+00 1.000000e+00 1.000000e-01
5.573830e+03 0.000000e+00 1.000000e+00 1.000000e-01
5.573840e+03 0.000000e+00 1.000000e+00 1.000000e-01
5.573850e+03 0.000000e+00 1.000000e+00 1.000000e-01
5.573860e+03 0.000000e+00 1.000000e+00 1.000000e-01
5.573870e+03 0.000000e+00 1.000000e+00 1.000000e-01
5.573880e+03 0.000000e+00 1.000000e+00 1.000000e-01
5.573890e+03 0.000000e+00 1.000000e+00 1.000000e-01
5.573900e+03 0.000000e+00 1.000000e+00 1.000000e-01
5.573910e+03 0.000000e+00 1.000000e+00 1.000000e-01
5.573920e+03 0.000000e+00 1.000000e+00 1.000000e-01
5.573930e+03 0.000000e+00 1.000000e+00 1.000000e-01
5.573940e+03 0.000000e+00 1.000000e+00 1.000000e-01
5.573950e+03 0.000000e+00 1.000000e+00 1.000000e-01
5.573960e+03 0.000000e+00 1.000000e+00 1.000000e-01
5.573970e+03 0.000000e+00 1.000000e+00 1.000000e-01
5.573980e+03 0.000000e+00 1.000000e+00 1.000000e-01
5.573990e+03 0.000000e+00 1.000000e+00 1.000000e-01
5.574000e+03 0.000000e+00 1.000000e+00 1.000000e-01
5.574010e+03 0.000000e+00 1.000000e+00 1.000000e-01
5.574020e+03 0.000000e+00 1.000000e+00 1.000000e-01
5.574030e+03 0.000000e+00 1.000000e+00 1.000000e-01
5.574040e+03 0.000000e+00 1.000000e+00 1.000000e-01
5.574050e+03 0.000000e+00 1.000000e+00 1.000000e-01
5.574060e+03 0.000000e+00 1.000000e+00 1.000000e-01
5.574070e+03 0.000000e+00 1.000000e+00 1.000000e-01
5.574080e+03 0.000000e+00 1.000000e+00 1.000000e-01
5.574090e+03 0.000000e+00 1.000000e+00 1.000000e-01
5.574100e+03 0.000000e+00 1.000000e+00 1.000000e-01
5.574110e+03 0.000000e+00 1.000000e+00 1.000000e-01
5.574120e+03 0.000000e+00 1.000000e+00 1.000000e-01
5.574130e+03 0.000000e+00 1.000000e+00 1.000000e-01
5.574140e+03 0.000000e+00 1.000000e+00 1.000000e-01
5.574150e+03 0.000000e+00 1.000000e+00 1.000000e-01
5.574160e+03 0.000000e+00 1.000000e+00 1.000000e-01
5.574170e+03 0.000000e+00 1.000000e+00 1.000000e-01
5.574180e+03 0.000000e+00 1.000000e+00 1.000000e-01
5.574190e+03 0.000000e+00 1.000000e+00 1.000000e-01
5.574200e+03 0.000000e+00 1.000000e+00 1.000000e-01
5.574210e+03 0.000000e+00 1.000000e+00 1.000000e-01
5.574220e+03 0.000000e+00 1.000000e+00 1.000000e-01
5.574230e+03 0.000000e+00 1.000000e+00 1.000000e-01
5.574240e+03 0.000000e+00 1.000000e+00 1.000000e-01
5.574250e+03 0.000000e+00 1.000000e+00 1.000000e-01
5.574260e+03 0.000000e+00 1.000000e+00 1.000000e-01
5.574270e+03 0.000000e+00 1.000000e+00 1.000000e-01
5.574280e+03 0.000000e+00 1.000000e+00 1.000000e-01
5.574290e+03 0.000000e+00 1.000000e+00 1.000000e-01
5.574300e+03 0.000000e+00 1.000000e+00 1.000000e-01
5.574310e+03 0.000000e+00 1.000000e+00 1.000000e-01
5.574320e+03 0.000000e+00 1.000000e+00 1.000000e-01
5.574330e+03 0.000000e+00 1.000000e+00 1.000000e-01
5.574340e+03 0.000000e+00 1.000000e+00 1.000000e-01
5.574350e+03 0.000000e+00 1.000000e+00 1.000000e-01
5.574360e+03 0.000000e+00 1.000000e+00 1.000000e-01
5.574370e+03 0.000000e+00 1.000000e+00 1.000000e-01
5.574380e+03 0.000000e+00 1.000000e+00 1.000000e-01
5.574390e+03 0.000000e+00 1.000000e+00 1.000000e-01
5.574400e+03 0.000000e+00 1.000000e+00 1.000000e-01
5.574410e+03 0.000000e+00 1.000000e+00 1.000000e-01
5.574420e+03 0.000000e+00 1.000000e+00 1.000000e-01
5.574430e+03 0.000000e+00 1.000000e+00 1.000000e-01
5.574440e+03 0.000000e+00 1.000000e+00 1.000000e-01
5.574450e+03 0.000000e+00 1.000000e+00 1.000000e-01
5.574460e+03 0.000000e+00 1.000000e+00 1.000000e-01
5.574470e+03 0.000000e+00 1.000000e+00 1.000000e-01
5.574480e+03 0.000000e+00 1.000000e+00 1.000000e-01
5.574490e+03 0.000000e+00 1.000000e+00 1.000000e-01
5.574500e+03 0.000000e+00 1.000000e+00 1.000000e-01
5.574510e+03 0.000000e+00 1.000000e+00 1.000000e-01
5.574520e+03 0.000000e+00 1.000000e+00 1.000000e-01
5.574530e+03 0.000000e+00 1.000000e+00 1.000000e-01
5.574540e+03 0.000000e+00 1.000000e+00 1.000000e-01
5.574550e+03 0.000000e+00 1.000000e+00 1.000000e-01
5.574560e+03 0.000000e+00 1.000000e+00 1.000000e-01
5.574570e+03 0.000000e+00 1.000000e+00 1.000000e-01
5.574580e+03 0.000000e+00 1.000000e+00 1.000000e-01
5.574590e+03 0.000000e+00 1.000000e+00 1.000000e-01
5.574600e+03 0.000000e+00 1.000000e+00 1.000000e-01
5.574610e+03 0.000000e+00 1.000000e+00 1.000000e-01
5.574620e+03 0.000000e+00 1.000000e+00 1.000000e-01
5.574630e+03 0.000000e+00 1.000000e+00 1.000000e-01
5.574640e+03 0.000000e+00 1.000000e+00 1.000000e-01
5.574650e+03 0.000000e+00 1.000000e+00 1.000000e-01
5.574660e+03 0.000000e+00 1.000000e+00 1.000000e-01
5.574670e+03 0.000000e+00 1.000000e+00 1.000000e-01
5.574680e+03 0.000000e+00 1.000000e+00 1.000000e-01
5.574690e+03 0.000000e+00 1.000000e+00 1.000000e-01
5.574700e+03 0.000000e+00 1.000000e+00 1.000000e-01
5.574710e+03 0.000000e+00 1.000000e+00 1.000000e-01
5.574720e+03 0.000000e+00 1.000000e+00 1.000000e-01
5.574730e+03 0.000000e+00 1.000000e+00 1.000000e-01
5.574740e+03 0.000000e+00 1.000000e+00 1.000000e-01
5.574750e+03 0.000000e+00 1.000000e+00 1.000000e-01
5.574760e+03 0.000000e+00 1.000000e+00 1.000000e-01
5.574770e+03 0.000000e+00 1.000000e+00 1.000000e-01
5.574780e+03 0.000000e+00 1.000000e+00 1.000000e-01
5.574790e+03 0.000000e+00 1.000000e+00 1.000000e-01
5.574800e+03 0.000000e+00 1.000000e+00 1.000000e-01
5.574810e+03 0.000000e+00 1.000000e+00 1.000000e-01
5.574820e+03 0.000000e+00 1.000000e+00 1.000000e-01
5.574830e+03 0.000000e+00 1.000000e+00 1.000000e-01
5.574840e+03 0.000000e+00 1.000000e+00 1.000000e-01
5.574850e+03 0.000000e+00 1.000000e+00 1.000000e-01
5.574860e+03 0.000000e+00 1.000000e+00 1.000000e-01
5.574870e+03 0.000000e+00 1.000000e+00 1.000000e-01
5.574880e+03 0.000000e+00 1.000000e+00 1.000000e-01
5.574890e+03 0.000000e+00 1.000000e+00 1.000000e-01
5.574900e+03 0.000000e+00 1.000000e+00 1.000000e-01
5.574910e+03 0.000000e+00 1.000000e+00 1.000000e-01
5.574920e+03 0.000000e+00 1.000000e+00 1.000000e-01
5.574930e+03 0.000000e+00 1.000000e+00 1.000000e-01
5.574940e+03 0.000000e+00 1.000000e+00 1.000000e-01
5.574950e+03 0.000000e+00 1.000000e+00 1.000000e-01
5.574960e+03 0.000000e+00 1.000000e+00 1.000000e-01
5.574970e+03 0.000000e+00 1.000000e+00 1.000000e-01
5.574980e+03 0.000000e+00 1.000000e+00 1.000000e-01
5.574990e+03 0.000000e+00 1.000000e+00 1.000000e-01
5.575000e+03 0.000000e+00 1.000000e+00 1.000000e-01
5.575010e+03 0.000000e+00 1.000000e+00 1.000000e-01
5.575020e+03 0.000000e+00 1.000000e+00 1.000000e-01
5.575030e+03 0.000000e+00 1.000000e+00 1.000000e-01
5.575040e+03 0.000000e+00 1.000000e+00 1.000000e-01
5.575050e+03 0.000000e+00 1.000000e+00 1.000000e-01
5.575060e+03 0.000000e+00 1.000000e+00 1.000000e-01
5.575070e+03 0.000000e+00 1.000000e+00 1.000000e-01
5.575080e+03 0.000000e+00 1.000000e+00 1.000000e-01
5.575090e+03 0.000000e+00 1.000000e+00 1.000000e-01
5.575100e+03 0.000000e+00 1.000000e+00 1.000000e-01
5.575110e+03 0.000000e+00 1.000000e+00 1.000000e-01
5.575120e+03 0.000000e+00 1.000000e+00 1.000000e-01
5.575130e+03 0.000000e+00 1.000000e+00 1.000000e-01
5.575140e+03 0.000000e+00 1.000000e+00 1.000000e-01
5.575150e+03 0.000000e+00 1.000000e+00 1.000000e-01
5.575160e+03 0.000000e+00 1.000000e+00 1.000000e-01
5.575170e+03 0.000000e+00 1.000000e+00 1.000000e-01
5.575180e+03 0.000000e+00 1.000000e+00 1.000000e-01
5.575190e+03 0.000000e+00 1.000000e+00 1.000000e-01
5.575200e+03 0.000000e+00 1.000000e+00 1.000000e-01
5.575210e+03 0.000000e+00 1.000000e+00 1.000000e-01
5.575220e+03 0.000000e+00 1.000000e+00 1.000000e-01
5.575230e+03 0.000000e+00 1.000000e+00 1.000000e-01
5.575240e+03 0.000000e+00 1.000000e+00 1.000000e-01
5.575250e+03 0.000000e+00 1.000000e+00 1.000000e-01
5.575260e+03 0.000000e+00 1.000000e+00 1.000000e-01
5.575270e+03 0.000000e+00 1.000000e+00 1.000000e-01
5.575280e+03 0.000000e+00 1.000000e+00 1.000000e-01
5.575290e+03 0.000000e+00 1.000000e+00 1.000000e-01
5.575300e+03 0.000000e+00 1.000000e+00 1.000000e-01
5.575310e+03 0.000000e+00 1.000000e+00 1.000000e-01
5.575320e+03 0.000000e+00 1.000000e+00 1.000000e-01
5.575330e+03 0.000000e+00 1.000000e+00 1.000000e-01
5.575340e+03 0.000000e+00 1.000000e+00 1.000000e-01
5.575350e+03 0.000000e+00 1.000000e+00 1.000000e-01
5.575360e+03 0.000000e+00 1.000000e+00 1.000000e-01
5.575370e+03 0.000000e+00 1.000000e+00 1.000000e-01
5.575380e+03 0.000000e+00 1.000000e+00 1.000000e-01
5.575390e+03 0.000000e+00 1.000000e+00 1.000000e-01
5.575400e+03 0.000000e+00 1.000000e+00 1.000000e-01
5.575410e+03 0.000000e+00 1.000000e+00 1.000000e-01
5.575420e+03 0.000000e+00 1.000000e+00 1.000000e-01
5.575430e+03 0.000000e+00 1.000000e+00 1.000000e-01
5.575440e+03 0.000000e+00 1.000000e+00 1.000000e-01
5.575450e+03 0.000000e+00 1.000000e+00 1.000000e-01
5.575460e+03 0.000000e+00 1.000000e+00 1.000000e-01
5.575470e+03 0.000000e+00 1.000000e+00 1.000000e-01
5.575480e+03 0.000000e+00 1.000000e+00 1.000000e-01
5.575490e+03 0.000000e+00 1.000000e+00 1.000000e-01
5.575500e+03 0.000000e+00 1.000000e+00 1.000000e-01
5.575510e+03 0.000000e+00 1.000000e+00 1.000000e-01
5.575520e+03 0.000000e+00 1.000000e+00 1.000000e-01
5.575530e+03 0.000000e+00 1.000000e+00 1.000000e-01
5.575540e+03 0.000000e+00 1.000000e+00 1.000000e-01
5.575550e+03 0.000000e+00 1.000000e+00 1.000000e-01
5.575560e+03 0.000000e+00 1.000000e+00 1.000000e-01
5.575570e+03 0.000000e+00 1.000000e+00 1.000000e-01
5.575580e+03 0.000000e+00 1.000000e+00 1.000000e-01
5.575590e+03 0.000000e+00 1.000000e+00 1.000000e-01
5.575600e+03 0.000000e+00 1.000000e+00 1.000000e-01
5.575610e+03 0.000000e+00 1.000000e+00 1.000000e-01
5.575620e+03 0.000000e+00 1.000000e+00 1.000000e-01
5.575630e+03 0.000000e+00 1.000000e+00 1.000000e-01
5.575640e+03 0.000000e+00 1.000000e+00 1.000000e-01
5.575650e+03 0.000000e+00 1.000000e+00 1.000000e-01
5.575660e+03 0.000000e+00 1.000000e+00 1.000000e-01
5.575670e+03 0.000000e+00 1.000000e+00 1.000000e-01
5.575680e+03 0.000000e+00 1.000000e+00 1.000000e-01
5.575690e+03 0.000000e+00 1.000000e+00 1.000000e-01
5.575700e+03 0.000000e+00 1.000000e+00 1.000000e-01
5.575710e+03 0.000000e+00 1.000000e+00 1.000000e-01
5.575720e+03 0.000000e+00 1.000000e+00 1.000000e-01
5.575730e+03 0.000000e+00 1.000000e+00 1.000000e-01
5.575740e+03 0.000000e+00 1.000000e+00 1.000000e-01
5.575750e+03 0.000000e+00 1.000000e+00 1.000000e-01
5.575760e+03 0.000000e+00 1.000000e+00 1.000000e-01
5.575770e+03 0.000000e+00 1.000000e+00 1.000000e-01
5.575780e+03 0.000000e+00 1.000000e+00 1.000000e-01
5.575790e+03 0.000000e+00 1.000000e+00 1.000000e-01
5.575800e+03 0.000000e+00 1.000000e+00 1.000000e-01
5.575810e+03 0.000000e+00 1.000000e+00 1.000000e-01
5.575820e+03 0.000000e+00 1.000000e+00 1.000000e-01
5.575830e+03 0.000000e+00 1.000000e+00 1.000000e-01
5.575840e+03 0.000000e+00 1.000000e+00 1.000000e-01
5.575850e+03 0.000000e+00 1.000000e+00 1.000000e-01
5.575860e+03 0.000000e+00 1.000000e+00 1.000000e-01
5.575870e+03 0.000000e+00 1.000000e+00 1.000000e-01
5.575880e+03 0.000000e+00 1.000000e+00 1.000000e-01
5.575890e+03 0.000000e+00 1.000000e+00 1.000000e-01
5.575900e+03 0.000000e+00 1.000000e+00 1.000000e-01
5.575910e+03 0.000000e+00 1.000000e+00 1.000000e-01
5.575920e+03 0.000000e+00 1.000000e+00 1.000000e-01
5.575930e+03 0.000000e+00 1.000000e+00 1.000000e-01
5.575940e+03 0.000000e+00 1.000000e+00 1.000000e-01
5.575950e+03 0.000000e+00 1.000000e+00 1.000000e-01
5.575960e+03 0.000000e+00 1.000000e+00 1.000000e-01
5.575970e+03 0.000000e+00 1.000000e+00 1.000000e-01
5.575980e+03 0.000000e+00 1.000000e+00 1.000000e-01
5.575990e+03 0.000000e+00 1.000000e+00 1.000000e-01
5.576000e+03 0.000000e+00 1.000000e+00 1.000000e-01
5.576010e+03 0.000000e+00 1.000000e+00 1.000000e-01
5.576020e+03 0.000000e+00 1.000000e+00 1.000000e-01
5.576030e+03 0.000000e+00 1.000000e+00 1.000000e-01
5.576040e+03 0.000000e+00 1.000000e+00 1.000000e-01
5.576050e+03 0.000000e+00 1.000000e+00 1.000000e-01
5.576060e+03 0.000000e+00 1.000000e+00 1.000000e-01
5.576070e+03 0.000000e+00 1.000000e+00 1.000000e-01
5.576080e+03 0.000000e+00 1.000000e+00 1.000000e-01
5.576090e+03 0.000000e+00 1.000000e+00 1.000000e-01
5.576100e+03 0.000000e+00 1.000000e+00 1.000000e-01
5.576110e+03 0.000000e+00 1.000000e+00 1.000000e-01
5.576120e+03 0.000000e+00 1.000000e+00 1.000000e-01
5.576130e+03 0.000000e+00 1.000000e+00 1.000000e-01
5.576140e+03 0.000000e+00 1.000000e+00 1.000000e-01
5.576150e+03 0.000000e+00 1.000000e+00 1.000000e-01
5.576160e+03 0.000000e+00 1.000000e+00 1.000000e-01
5.576170e+03 0.000000e+00 1.000000e+00 1.000000e-01
5.576180e+03 0.000000e+00 1.000000e+00 1.000000e-01
5.576190e+03 0.000000e+00 1.000000e+00 1.000000e-01
5.576200e+03 0.000000e+00 1.000000e+00 1.000000e-01
5.576210e+03 0.000000e+00 1.000000e+00 1.000000e-01
5.576220e+03 0.000000e+00 1.000000e+00 1.000000e-01
5.576230e+03 0.000000e+00 1.000000e+00 1.000000e-01
5.576240e+03 0.000000e+00 1.000000e+00 1.000000e-01
5.576250e+03 0.000000e+00 1.000000e+00 1.000000e-01
5.576260e+03 0.000000e+00 1.000000e+00 1.000000e-01
5.576270e+03 0.000000e+00 1.000000e+00 1.000000e-01
5.576280e+03 0.000000e+00 1.000000e+00 1.000000e-01
5.576290e+03 0.000000e+00 1.000000e+00 1.000000e-01
5.576300e+03 0.000000e+00 1.000000e+00 1.000000e-01
5.576310e+03 0.000000e+00 1.000000e+00 1.000000e-01
5.576320e+03 0.000000e+00 1.000000e+00 1.000000e-01
5.576330e+03 0.000000e+00 1.000000e+00 1.000000e-01
5.576340e+03 0.000000e+00 1.000000e+00 1.000000e-01
5.576350e+03 0.000000e+00 1.000000e+00 1.000000e-01
5.576360e+03 0.000000e+00 1.000000e+00 1.000000e-01
5.576370e+03 0.000000e+00 1.000000e+00 1.000000e-01
5.576380e+03 0.000000e+00 1.000000e+00 1.000000e-01
5.576390e+03 0.000000e+00 1.000000e+00 1.000000e-01
5.576400e+03 0.000000e+00 1.000000e+00 1.000000e-01
5.576410e+03 0.000000e+00 1.000000e+00 1.000000e-01
5.576420e+03 0.000000e+00 1.000000e+00 1.000000e-01
5.576430e+03 0.000000e+00 1.000000e+00 1.000000e-01
5.576440e+03 0.000000e+00 1.000000e+00 1.000000e-01
5.576450e+03 0.000000e+00 1.000000e+00 1.000000e-01
5.576460e+03 0.000000e+00 1.000000e+00 1.000000e-01
5.576470e+03 0.000000e+00 1.000000e+00 1.000000e-01
5.576480e+03 0.000000e+00 1.000000e+00 1.000000e-01
5.576490e+03 0.000000e+00 1.000000e+00 1.000000e-01
5.576500e+03 0.000000e+00 1.000000e+00 1.000000e-01
5.576510e+03 0.000000e+00 1.000000e+00 1.000000e-01
5.576520e+03 0.000000e+00 1.000000e+00 1.000000e-01
5.576530e+03 0.000000e+00 1.000000e+00 1.000000e-01
5.576540e+03 0.000000e+00 1.000000e+00 1.000000e-01
5.576550e+03 0.000000e+00 1.000000e+00 1.000000e-01
5.576560e+03 0.000000e+00 1.000000e+00 1.000000e-01
5.576570e+03 0.000000e+00 1.000000e+00 1.000000e-01
5.576580e+03 0.000000e+00 1.000000e+00 1.000000e-01
5.576590e+03 0.000000e+00 1.000000e+00 1.000000e-01
5.576600e+03 0.000000e+00 1.000000e+00 1.000000e-01
5.576610e+03 0.000000e+00 1.000000e+00 1.000000e-01
5.576620e+03 0.000000e+00 1.000000e+00 1.000000e-01
5.576630e+03 0.000000e+00 1.000000e+00 1.000000e-01
5.576640e+03 0.000000e+00 1.000000e+00 1.000000e-01
5.576650e+03 0.000000e+00 1.000000e+00 1.000000e-01
5.576660e+03 0.000000e+00 1.000000e+00 1.000000e-01
5.576670e+03 0.000000e+00 1.000000e+00 1.000000e-01
5.576680e+03 0.000000e+00 1.000000e+00 1.000000e-01
5.576690e+03 0.000000e+00 1.000000e+00 1.000000e-01
5.576700e+03 0.000000e+00 1.000000e+00 1.000000e-01
5.576710e+03 0.000000e+00 1.000000e+00 1.000000e-01
5.576720e+03 0.000000e+00 1.000000e+00 1.000000e-01
5.576730e+03 0.000000e+00 1.000000e+00 1.000000e-01
5.576740e+03 0.000000e+00 1.000000e+00 1.000000e-01
5.576750e+03 0.000000e+00 1.000000e+00 1.000000e-01
5.576760e+03 0.000000e+00 1.000000e+00 1.000000e-01
5.576770e+03 0.000000e+00 1.000000e+00 1.000000e-01
5.576780e+03 0.000000e+00 1.000000e+00 1.000000e-01
5.576790e+03 0.000000e+00 1.000000e+00 1.000000e-01
5.576800e+03 0.000000e+00 1.000000e+00 1.000000e-01
5.576810e+03 0.000000e+00 1.000000e+00 1.000000e-01
5.576820e+03 0.000000e+00 1.000000e+00 1.000000e-01
5.576830e+03 0.000000e+00 1.000000e+00 1.000000e-01
5.576840e+03 0.000000e+00 1.000000e+00 1.000000e-01
5.576850e+03 0.000000e+00 1.000000e+00 1.000000e-01
5.576860e+03 0.000000e+00 1.000000e+00 1.000000e-01
5.576870e+03 0.000000e+00 1.000000e+00 1.000000e-01
5.576880e+03 0.000000e+00 1.000000e+00 1.000000e-01
5.576890e+03 0.000000e+00 1.000000e+00 1.000000e-01
5.576900e+03 0.000000e+00 1.000000e+00 1.000000e-01
5.576910e+03 0.000000e+00 1.000000e+00 1.000000e-01
5.576920e+03 0.000000e+00 1.000000e+00 1.000000e-01
5.576930e+03 0.000000e+00 1.000000e+00 1.000000e-01
5.576940e+03 0.000000e+00 1.000000e+00 1.000000e-01
5.576950e+03 0.000000e+00 1.000000e+00 1.000000e-01
5.576960e+03 0.000000e+00 1.000000e+00 1.000000e-01
5.576970e+03 0.000000e+00 1.000000e+00 1.000000e-01
5.576980e+03 0.000000e+00 1.000000e+00 1.000000e-01
5.576990e+03 0.000000e+00 1.000000e+00 1.000000e-01
5.577000e+03 0.000000e+00 1.000000e+00 1.000000e-01
5.577010e+03 0.000000e+00 1.000000e+00 1.000000e-01
5.577020e+03 0.000000e+00 1.000000e+00 1.000000e-01
5.577030e+03 0.000000e+00 1.000000e+00 1.000000e-01
5.577040e+03 0.000000e+00 1.000000e+00 1.000000e-01
5.577050e+03 0.000000e+00 1.000000e+00 1.000000e-01
5.577060e+03 0.000000e+00 1.000000e+00 1.000000e-01
5.577070e+03 0.000000e+00 1.000000e+00 1.000000e-01
5.577080e+03 0.000000e+00 1.000000e+00 1.000000e-01
5.577090e+03 0.000000e+00 1.000000e+00 1.000000e-01
5.577100e+03 0.000000e+00 1.000000e+00 1.000000e-01
5.577110e+03 0.000000e+00 1.000000e+00 1.000000e-01
5.577120e+03 0.000000e+00 1.000000e+00 1.000000e-01
5.577130e+03 0.000000e+00 1.000000e+00 1.000000e-01
5.577140e+03 0.000000e+00 1.000000e+00 1.000000e-01
5.577150e+03 0.000000e+00 1.000000e+00 1.000000e-01
5.577160e+03 0.000000e+00 1.000000e+00 1.000000e-01
5.577170e+03 0.000000e+00 1.000000e+00 1.000000e-01
5.577180e+03 0.000000e+00 1.000000e+00 1.000000e-01
5.577190e+03 0.000000e+00 1.000000e+00 1.000000e-01
5.577200e+03 0.000000e+00 1.000000e+00 1.000000e-01
5.577210e+03 0.000000e+00 1.000000e+00 1.000000e-01
5.577220e+03 0.000000e+00 1.000000e+00 1.000000e-01
5.577230e+03 0.000000e+00 1.000000e+00 1.000000e-01
5.577240e+03 0.000000e+00 1.000000e+00 1.000000e-01
5.577250e+03 0.000000e+00 1.000000e+00 1.000000e-01
5.577260e+03 0.000000e+00 1.000000e+00 1.000000e-01
5.577270e+03 0.000000e+00 1.000000e+00 1.000000e-01
5.577280e+03 0.000000e+00 1.000000e+00 1.000000e-01
5.577290e+03 0.000000e+00 1.000000e+00 1.000000e-01
5.577300e+03 0.000000e+00 1.000000e+00 1.000000e-01
5.577310e+03 0.000000e+00 1.000000e+00 1.000000e-01
5.577320e+03 0.000000e+00 1.000000e+00 1.000000e-01
5.577330e+03 0.000000e+00 1.000000e+00 1.000000e-01
5.577340e+03 0.000000e+00 1.000000e+00 1.000000e-01
5.577350e+03 0.000000e+00 1.000000e+00 1.000000e-01
5.577360e+03 0.000000e+00 1.000000e+00 1.000000e-01
5.577370e+03 0.000000e+00 1.000000e+00 1.000000e-01
5.577380e+03 0.000000e+00 1.000000e+00 1.000000e-01
5.577390e+03 0.000000e+00 1.000000e+00 1.000000e-01
5.577400e+03 0.000000e+00 1.000000e+00 1.000000e-01
5.577410e+03 0.000000e+00 1.000000e+00 1.000000e-01
5.577420e+03 0.000000e+00 1.000000e+00 1.000000e-01
5.577430e+03 0.000000e+00 1.000000e+00 1.000000e-01
5.577440e+03 0.000000e+00 1.000000e+00 1.000000e-01
5.577450e+03 0.000000e+00 1.000000e+00 1.000000e-01
5.577460e+03 0.000000e+00 1.000000e+00 1.000000e-01
5.577470e+03 0.000000e+00 1.000000e+00 1.000000e-01
5.577480e+03 0.000000e+00 1.000000e+00 1.000000e-01
5.577490e+03 0.000000e+00 1.000000e+00 1.000000e-01
5.577500e+03 0.000000e+00 1.000000e+00 1.000000e-01
5.577510e+03 0.000000e+00 1.000000e+00 1.000000e-01
5.577520e+03 0.000000e+00 1.000000e+00 1.000000e-01
5.577530e+03 0.000000e+00 1.000000e+00 1.000000e-01
5.577540e+03 0.000000e+00 1.000000e+00 1.000000e-01
5.577550e+03 0.000000e+00 1.000000e+00 1.000000e-01
5.577560e+03 0.000000e+00 1.000000e+00 1.000000e-01
5.577570e+03 0.000000e+00 1.000000e+00 1.000000e-01
5.577580e+03 0.000000e+00 1.000000e+00 1.000000e-01
5.577590e+03 0.000000e+00 1.000000e+00 1.000000e-01
5.577600e+03 0.000000e+00 1.000000e+00 1.000000e-01
5.577610e+03 0.000000e+00 1.000000e+00 1.000000e-01
5.577620e+03 0.000000e+00 1.000000e+00 1.000000e-01
5.577630e+03 0.000000e+00 1.000000e+00 1.000000e-01
5.577640e+03 0.000000e+00 1.000000e+00 1.000000e-01
5.577650e+03 0.000000e+00 1.000000e+00 1.000000e-01
5.577660e+03 0.000000e+00 1.000000e+00 1.000000e-01
5.577670e+03 0.000000e+00 1.000000e+00 1.000000e-01
5.577680e+03 0.000000e+00 1.000000e+00 1.000000e-01
5.577690e+03 0.000000e+00 1.000000e+00 1.000000e-01
5.577700e+03 0.000000e+00 1.000000e+00 1.000000e-01
5.577710e+03 0.000000e+00 1.000000e+00 1.000000e-01
5.577720e+03 0.000000e+00 1.000000e+00 1.000000e-01
5.577730e+03 0.000000e+00 1.000000e+00 1.000000e-01
5.577740e+03 0.000000e+00 1.000000e+00 1.000000e-01
5.577750e+03 0.000000e+00 1.000000e+00 1.000000e-01
5.577760e+03 0.000000e+00 1.000000e+00 1.000000e-01
5.577770e+03 0.000000e+00 1.000000e+00 1.000000e-01
5.577780e+03 0.000000e+00 1.000000e+00 1.000000e-01
5.577790e+03 0.000000e+00 1.000000e+00 1.000000e-01
5.577800e+03 0.000000e+00 1.000000e+00 1.000000e-01
5.577810e+03 0.000000e+00 1.000000e+00 1.000000e-01
5.577820e+03 0.000000e+00 1.000000e+00 1.000000e-01
5.577830e+03 0.000000e+00 1.000000e+00 1.000000e-01
5.577840e+03 0.000000e+00 1.000000e+00 1.000000e-01
5.577850e+03 0.000000e+00 1.000000e+00 1.000000e-01
5.577860e+03 0.000000e+00 1.000000e+00 1.000000e-01
5.577870e+03 0.000000e+00 1.000000e+00 1.000000e-01
5.577880e+03 0.000000e+00 1.000000e+00 1.000000e-01
5.577890e+03 0.000000e+00 1.000000e+00 1.000000e-01
5.577900e+03 0.000000e+00 1.000000e+00 1.000000e-01
5.577910e+03 0.000000e+00 1.000000e+00 1.000000e-01
5.577920e+03 0.000000e+00 1.000000e+00 1.000000e-01
5.577930e+03 0.000000e+00 1.000000e+00 1.000000e-01
5.577940e+03 0.000000e+00 1.000000e+00 1.000000e-01
5.577950e+03 0.000000e+00 1.000000e+00 1.000000e-01
5.577960e+03 0.000000e+00 1.000000e+00 1.000000e-01
5.577970e+03 0.000000e+00 1.000000e+00 1.000000e-01
5.577980e+03 0.000000e+00 1.000000e+00 1.000000e-01
5.577990e+03 0.000000e+00 1.000000e+00 1.000000e-01
5.578000e+03 0.000000e+00 1.000000e+00 1.000000e-01
5.578010e+03 0.000000e+00 1.000000e+00 1.000000e-01
5.578020e+03 0.000000e+00 1.000000e+00 1.000000e-01
5.578030e+03 0.000000e+00 1.000000e+00 1.000000e-01
5.578040e+03 0.000000e+00 1.000000e+00 1.000000e-01
5.578050e+03 0.000000e+00 1.000000e+00 1.000000e-01
5.578060e+03 0.000000e+00 1.000000e+00 1.000000e-01
5.578070e+03 0.000000e+00 1.000000e+00 1.000000e-01
5.578080e+03 0.000000e+00 1.000000e+00 1.000000e-01
5.578090e+03 0.000000e+00 1.000000e+00 1.000000e-01
5.578100e+03 0.000000e+00 1.000000e+00 1.000000e-01
5.578110e+03 0.000000e+00 1.000000e+00 1.000000e-01
5.578120e+03 0.000000e+00 1.000000e+00 1.000000e-01
5.578130e+03 0.000000e+00 1.000000e+00 1.000000e-01
5.578140e+03 0.000000e+00 1.000000e+00 1.000000e-01
5.578150e+03 0.000000e+00 1.000000e+00 1.000000e-01
5.578160e+03 0.000000e+00 1.000000e+00 1.000000e-01
5.578170e+03 0.000000e+00 1.000000e+00 1.000000e-01
5.578180e+03 0.000000e+00 1.000000e+00 1.000000e-01
5.578190e+03 0.000000e+00 1.000000e+00 1.000000e-01
5.578200e+03 0.000000e+00 1.000000e+00 1.000000e-01
5.578210e+03 0.000000e+00 1.000000e+00 1.000000e-01
5.578220e+03 0.000000e+00 1.000000e+00 1.000000e-01
5.578230e+03 0.000000e+00 1.000000e+00 1.000000e-01
5.578240e+03 0.000000e+00 1.000000e+00 1.000000e-01
5.578250e+03 0.000000e+00 1.000000e+00 1.000000e-01
5.578260e+03 0.000000e+00 1.000000e+00 1.000000e-01
5.578270e+03 0.000000e+00 1.000000e+00 1.000000e-01
5.578280e+03 0.000000e+00 1.000000e+00 1.000000e-01
5.578290e+03 0.000000e+00 1.000000e+00 1.000000e-01
5.578300e+03 0.000000e+00 1.000000e+00 1.000000e-01
5.578310e+03 0.000000e+00 1.000000e+00 1.000000e-01
5.578320e+03 0.000000e+00 1.000000e+00 1.000000e-01
5.578330e+03 0.000000e+00 1.000000e+00 1.000000e-01
5.578340e+03 0.000000e+00 1.000000e+00 1.000000e-01
5.578350e+03 0.000000e+00 1.000000e+00 1.000000e-01
5.578360e+03 0.000000e+00 1.000000e+00 1.000000e-01
5.578370e+03 0.000000e+00 1.000000e+00 1.000000e-01
5.578380e+03 0.000000e+00 1.000000e+00 1.000000e-01
5.578390e+03 0.000000e+00 1.000000e+00 1.000000e-01
5.578400e+03 0.000000e+00 1.000000e+00 1.000000e-01
5.578410e+03 0.000000e+00 1.000000e+00 1.000000e-01
5.578420e+03 0.000000e+00 1.000000e+00 1.000000e-01
5.578430e+03 0.000000e+00 1.000000e+00 1.000000e-01
5.578440e+03 0.000000e+00 1.000000e+00 1.000000e-01
5.578450e+03 0.000000e+00 1.000000e+00 1.000000e-01
5.578460e+03 0.000000e+00 1.000000e+00 1.000000e-01
5.578470e+03 0.000000e+00 1.000000e+00 1.000000e-01
5.578480e+03 0.000000e+00 1.000000e+00 1.000000e-01
5.578490e+03 0.000000e+00 1.000000e+00 1.000000e-01
5.578500e+03 0.000000e+00 1.000000e+00 1.000000e-01
5.578510e+03 0.000000e+00 1.000000e+00 1.000000e-01
5.578520e+03 0.000000e+00 1.000000e+00 1.000000e-01
5.578530e+03 0.000000e+00 1.000000e+00 1.000000e-01
5.578540e+03 0.000000e+00 1.000000e+00 1.000000e-01
5.578550e+03 0.000000e+00 1.000000e+00 1.000000e-01
5.578560e+03 0.000000e+00 1.000000e+00 1.000000e-01
5.578570e+03 0.000000e+00 1.000000e+00 1.000000e-01
5.578580e+03 0.000000e+00 1.000000e+00 1.000000e-01
5.578590e+03 0.000000e+00 1.000000e+00 1.000000e-01
5.578600e+03 0.000000e+00 1.000000e+00 1.000000e-01
5.578610e+03 0.000000e+00 1.000000e+00 1.000000e-01
5.578620e+03 0.000000e+00 1.000000e+00 1.000000e-01
5.578630e+03 0.000000e+00 1.000000e+00 1.000000e-01
5.578640e+03 0.000000e+00 1.000000e+00 1.000000e-01
5.578650e+03 0.000000e+00 1.000000e+00 1.000000e-01
5.578660e+03 0.000000e+00 1.000000e+00 1.000000e-01
5.578670e+03 0.000000e+00 1.000000e+00 1.000000e-01
5.578680e+03 0.000000e+00 1.000000e+00 1.000000e-01
5.578690e+03 0.000000e+00 1.000000e+00 1.000000e-01
5.578700e+03 0.000000e+00 1.000000e+00 1.000000e-01
5.578710e+03 0.000000e+00 1.000000e+00 1.000000e-01
5.578720e+03 0.000000e+00 1.000000e+00 1.000000e-01
5.578730e+03 0.000000e+00 1.000000e+00 1.000000e-01
5.578740e+03 0.000000e+00 1.000000e+00 1.000000e-01
5.578750e+03 0.000000e+00 1.000000e+00 1.000000e-01
5.578760e+03 0.000000e+00 1.000000e+00 1.000000e-01
5.578770e+03 0.000000e+00 1.000000e+00 1.000000e-01
5.578780e+03 0.000000e+00 1.000000e+00 1.000000e-01
5.578790e+03 0.000000e+00 1.000000e+00 1.000000e-01
5.578800e+03 0.000000e+00 1.000000e+00 1.000000e-01
5.578810e+03 0.000000e+00 1.000000e+00 1.000000e-01
5.578820e+03 0.000000e+00 1.000000e+00 1.000000e-01
5.578830e+03 0.000000e+00 1.000000e+00 1.000000e-01
5.578840e+03 0.000000e+00 1.000000e+00 1.000000e-01
5.578850e+03 0.000000e+00 1.000000e+00 1.000000e-01
5.578860e+03 0.000000e+00 1.000000e+00 1.000000e-01
5.578870e+03 0.000000e+00 1.000000e+00 1.000000e-01
5.578880e+03 0.000000e+00 1.000000e+00 1.000000e-01
5.578890e+03 0.000000e+00 1.000000e+00 1.000000e-01
5.578900e+03 0.000000e+00 1.000000e+00 1.000000e-01
5.578910e+03 0.000000e+00 1.000000e+00 1.000000e-01
5.578920e+03 0.000000e+00 1.000000e+00 1.000000e-01
5.578930e+03 0.000000e+00 1.000000e+00 1.000000e-01
5.578940e+03 0.000000e+00 1.000000e+00 1.000000e-01
5.578950e+03 0.000000e+00 1.000000e+00 1.000000e-01
5.578960e+03 0.000000e+00 1.000000e+00 1.000000e-01
5.578970e+03 0.000000e+00 1.000000e+00 1.000000e-01
5.578980e+03 0.000000e+00 1.000000e+00 1.000000e-01
5.578990e+03 0.000000e+00 1.000000e+00 1.000000e-01
5.579000e+03 0.000000e+00 1.000000e+00 1.000000e-01
5.579010e+03 0.000000e+00 1.000000e+00 1.000000e-01
5.579020e+03 0.000000e+00 1.000000e+00 1.000000e-01
5.579030e+03 0.000000e+00 1.000000e+00 1.000000e-01
5.579040e+03 0.000000e+00 1.000000e+00 1.000000e-01
5.579050e+03 0.000000e+00 1.000000e+00 1.000000e-01
5.579060e+03 0.000000e+00 1.000000e+00 1.000000e-01
5.579070e+03 0.000000e+00 1.000000e+00 1.000000e-01
5.579080e+03 0.000000e+00 1.000000e+00 1.000000e-01
5.579090e+03 0.000000e+00 1.000000e+00 1.000000e-01
5.579100e+03 0.000000e+00 1.000000e+00 1.000000e-01
5.579110e+03 0.000000e+00 1.000000e+00 1.000000e-01
5.579120e+03 0.000000e+00 1.000000e+00 1.000000e-01
5.579130e+03 0.000000e+00 1.000000e+00 1.000000e-01
5.579140e+03 0.000000e+00 1.000000e+00 1.000000e-01
5.579150e+03 0.000000e+00 1.000000e+00 1.000000e-01
5.579160e+03 0.000000e+00 1.000000e+00 1.000000e-01
5.579170e+03 0.000000e+00 1.000000e+00 1.000000e-01
5.579180e+03 0.000000e+00 1.000000e+00 1.000000e-01
5.579190e+03 0.000000e+00 1.000000e+00 1.000000e-01
5.579200e+03 0.000000e+00 1.000000e+00 1.000000e-01
5.579210e+03 0.000000e+00 1.000000e+00 1.000000e-01
5.579220e+03 0.000000e+00 1.000000e+00 1.000000e-01
5.579230e+03 0.000000e+00 1.000000e+00 1.000000e-01
5.579240e+03 0.000000e+00 1.000000e+00 1.000000e-01
5.579250e+03 0.000000e+00 1.000000e+00 1.000000e-01
5.579260e+03 0.000000e+00 1.000000e+00 1.000000e-01
5.579270e+03 0.000000e+00 1.000000e+00 1.000000e-01
5.579280e+03 0.000000e+00 1.000000e+00 1.000000e-01
5.579290e+03 0.000000e+00 1.000000e+00 1.000000e-01
5.579300e+03 0.000000e+00 1.000000e+00 1.000000e-01
5.579310e+03 0.000000e+00 1.000000e+00 1.000000e-01
5.579320e+03 0.000000e+00 1.000000e+00 1.000000e-01
5.579330e+03 0.000000e+00 1.000000e+00 1.000000e-01
5.579340e+03 0.000000e+00 1.000000e+00 1.000000e-01
5.579350e+03 0.000000e+00 1.000000e+00 1.000000e-01
5.579360e+03 0.000000e+00 1.000000e+00 1.000000e-01
5.579370e+03 0.000000e+00 1.000000e+00 1.000000e-01
5.579380e+03 0.000000e+00 1.000000e+00 1.000000e-01
5.579390e+03 0.000000e+00 1.000000e+00 1.000000e-01
5.579400e+03 0.000000e+00 1.000000e+00 1.000000e-01
5.579410e+03 0.000000e+00 1.000000e+00 1.000000e-01
5.579420e+03 0.000000e+00 1.000000e+00 1.000000e-01
5.579430e+03 0.000000e+00 1.000000e+00 1.000000e-01
5.579440e+03 0.000000e+00 1.000000e+00 1.000000e-01
5.579450e+03 0.000000e+00 1.000000e+00 1.000000e-01
5.579460e+03 0.000000e+00 1.000000e+00 1.000000e-01
5.579470e+03 0.000000e+00 1.000000e+00 1.000000e-01
5.579480e+03 0.000000e+00 1.000000e+00 1.000000e-01
5.579490e+03 0.000000e+00 1.000000e+00 1.000000e-01
5.579500e+03 0.000000e+00 1.000000e+00 1.000000e-01
5.579510e+03 0.000000e+00 1.000000e+00 1.000000e-01
5.579520e+03 0.000000e+00 1.000000e+00 1.000000e-01
5.579530e+03 0.000000e+00 1.000000e+00 1.000000e-01
5.579540e+03 0.000000e+00 1.000000e+00 1.000000e-01
5.579550e+03 0.000000e+00 1.000000e+00 1.000000e-01
5.579560e+03 0.000000e+00 1.000000e+00 1.000000e-01
5.579570e+03 0.000000e+00 1.000000e+00 1.000000e-01
5.579580e+03 0.000000e+00 1.000000e+00 1.000000e-01
5.579590e+03 0.000000e+00 1.000000e+00 1.000000e-01
5.579600e+03 0.000000e+00 1.000000e+00 1.000000e-01
5.579610e+03 0.000000e+00 1.000000e+00 1.000000e-01
5.579620e+03 0.000000e+00 1.000000e+00 1.000000e-01
5.579630e+03 0.000000e+00 1.000000e+00 1.000000e-01
5.579640e+03 0.000000e+00 1.000000e+00 1.000000e-01
5.579650e+03 0.000000e+00 1.000000e+00 1.000000e-01
5.579660e+03 0.000000e+00 1.000000e+00 1.000000e-01
5.579670e+03 0.000000e+00 1.000000e+00 1.000000e-01
5.579680e+03 0.000000e+00 1.000000e+00 1.000000e-01
5.579690e+03 3.207154e-05 9.999679e-01 9.999840e-02
5.579700e+03 5.800400e-05 9.999420e-01 9.999710e-02
5.579710e+03 1.013214e-04 9.998987e-01 9.999493e-02
5.579720e+03 1.703219e-04 9.998297e-01 9.999148e-02
5.579730e+03 2.749775e-04 9.997251e-01 9.998625e-02
5.579740e+03 4.258852e-04 9.995742e-01 9.997871e-02
5.579750e+03 6.323735e-04 9.993678e-01 9.996839e-02
5.579760e+03 8.998538e-04 9.991006e-01 9.995502e-02
5.579770e+03 1.226830e-03 9.987739e-01 9.993868e-02
5.579780e+03 1.602396e-03 9.983989e-01 9.991991e-02
5.579790e+03 2.004630e-03 9.979974e-01 9.989982e-02
5.579800e+03 2.401953e-03 9.976009e-01 9.987997e-02
5.579810e+03 2.853641e-03 9.971504e-01 9.985742e-02
5.579820e+03 3.234503e-03 9.967707e-01 9.983841e-02
5.579830e+03 3.626458e-03 9.963801e-01 9.981884e-02
5.579840e+03 4.125527e-03 9.958830e-01 9.979394e-02
5.579850e+03 5.194435e-03 9.948190e-01 9.974062e-02
5.579860e+03 6.743544e-03 9.932791e-01 9.966339e-02
5.579870e+03 9.473641e-03 9.905711e-01 9.952744e-02
5.579880e+03 1.369456e-02 9.863988e-01 9.931761e-02
5.579890e+03 1.978971e-02 9.804048e-01 9.901539e-02
5.579900e+03 2.865287e-02 9.717537e-01 9.857757e-02
5.579910e+03 4.040559e-02 9.603998e-01 9.799999e-02
5.579920e+03 5.595434e-02 9.455823e-01 9.724106e-02
5.579930e+03 7.675933e-02 9.261127e-01 9.623475e-02
5.579940e+03 1.057764e-01 8.996258e-01 9.484860e-02
5.579950e+03 1.462463e-01 8.639449e-01 9.294864e-02
5.579960e+03 2.027676e-01 8.164680e-01 9.035862e-02
5.579970e+03 2.783368e-01 7.570418e-01 8.700815e-02
5.579980e+03 3.718399e-01 6.894646e-01 8.303401e-02
5.579990e+03 4.761843e-01 6.211490e-01 7.881301e-02
5.580000e+03 5.787435e-01 5.606023e-01 7.487338e-02
5.580010e+03 6.627258e-01 5.154444e-01 7.179446e-02
5.580020e+03 7.148081e-01 4.892860e-01 6.994898e-02
5.580030e+03 7.292219e-01 4.822841e-01 6.944668e-02
5.580040e+03 7.110387e-01 4.911338e-01 7.008094e-02
5.580050e+03 6.712723e-01 5.110580e-01 7.148832e-02
5.580060e+03 6.239509e-01 5.358233e-01 7.319995e-02
5.580070e+03 5.797704e-01 5.600270e-01 7.483495e-02
5.580080e+03 5.397995e-01 5.828651e-01 7.634560e-02
5.580090e+03 4.992924e-01 6.069600e-01 7.790764e-02
5.580100e+03 4.516176e-01 6.365976e-01 7.978706e-02
5.580110e+03 3.930055e-01 6.750250e-01 8.215991e-02
5.580120e+03 3.248916e-01 7.226057e-01 8.500622e-02
5.580130e+03 2.530918e-01 7.763966e-01 8.811337e-02
5.580140e+03 1.852977e-01 8.308569e-01 9.115135e-02
5.580150e+03 1.272642e-01 8.805010e-01 9.383501e-02
5.580160e+03 8.218941e-02 9.210975e-01 9.597382e-02
5.580170e+03 5.026719e-02 9.509753e-01 9.751796e-02
5.580180e+03 2.958789e-02 9.708455e-01 9.853149e-02
5.580190e+03 1.713540e-02 9.830106e-01 9.914689e-02
5.580200e+03 1.110892e-02 9.889526e-01 9.944609e-02
5.580210e+03 8.112679e-03 9.919201e-01 9.959519e-02
5.580220e+03 6.911758e-03 9.931121e-01 9.965501e-02
5.580230e+03 7.164047e-03 9.928616e-01 9.964244e-02
5.580240e+03 7.911463e-03 9.921198e-01 9.960521e-02
5.580250e+03 8.838746e-03 9.912002e-01 9.955904e-02
5.580260e+03 9.471703e-03 9.905730e-01 9.952753e-02
5.580270e+03 1.029510e-02 9.897577e-01 9.948657e-02
5.580280e+03 1.086136e-02 9.891974e-01 9.945840e-02
5.580290e+03 1.111327e-02 9.889483e-01 9.944588e-02
5.580300e+03 1.101773e-02 9.890427e-01 9.945063e-02
5.580310e+03 1.059649e-02 9.894595e-01 9.947158e-02
5.580320e+03 9.878661e-03 9.901700e-01 9.950728e-02
5.580330e+03 8.926425e-03 9.911133e-01 9.955467e-02
5.580340e+03 7.817793e-03 9.922127e-01 9.960987e-02
5.580350e+03 7.508343e-03 9.925198e-01 9.962529e-02
5.580360e+03 6.209566e-03 9.938097e-01 9.969000e-02
5.580370e+03 5.323702e-03 9.946904e-01 9.973417e-02
5.580380e+03 4.457456e-03 9.955525e-01 9.977738e-02
5.580390e+03 3.627366e-03 9.963792e-01 9.981880e-02
5.580400e+03 2.916032e-03 9.970882e-01 9.985430e-02
5.580410e+03 2.217976e-03 9.977845e-01 9.988916e-02
5.580420e+03 1.558191e-03 9.984430e-01 9.992212e-02
5.580430e+03 5.627260e-04 9.994374e-01 9.997187e-02
5.580440e+03 3.624247e-04 9.996376e-01 9.998188e-02
5.580450e+03 2.267010e-04 9.997733e-01 9.998867e-02
5.580460e+03 0.000000e+00 1.000000e+00 1.000000e-01
5.580470e+03 1.163897e-11 1.000000e+00 1.000000e-01
5.580480e+03 1.163937e-11 1.000000e+00 1.000000e-01
5.580490e+03 0.000000e+00 1.000000e+00 1.000000e-01
5.580500e+03 0.000000e+00 1.000000e+00 1.000000e-01
5.580510e+03 0.000000e+00 1.000000e+00 1.000000e-01
5.580520e+03 0.000000e+00 1.000000e+00 1.000000e-01
5.580530e+03 0.000000e+00 1.000000e+00 1.000000e-01
5.580540e+03 0.000000e+00 1.000000e+00 1.000000e-01
5.580550e+03 0.000000e+00 1.000000e+00 1.000000e-01
5.580560e+03 0.000000e+00 1.000000e+00 1.000000e-01
5.580570e+03 0.000000e+00 1.000000e+00 1.000000e-01
5.580580e+03 0.000000e+00 1.000000e+00 1.000000e-01
5.580590e+03 0.000000e+00 1.000000e+00 1.000000e-01
5.580600e+03 0.000000e+00 1.000000e+00 1.000000e-01
5.580610e+03 0.000000e+00 1.000000e+00 1.000000e-01
5.580620e+03 0.000000e+00 1.000000e+00 1.000000e-01
5.580630e+03 0.000000e+00 1.000000e+00 1.000000e-01
5.580640e+03 0.000000e+00 1.000000e+00 1.000000e-01
5.580650e+03 0.000000e+00 1.000000e+00 1.000000e-01
5.580660e+03 0.000000e+00 1.000000e+00 1.000000e-01
5.580670e+03 0.000000e+00 1.000000e+00 1.000000e-01
5.580680e+03 0.000000e+00 1.000000e+00 1.000000e-01
5.580690e+03 0.000000e+00 1.000000e+00 1.000000e-01
5.580700e+03 0.000000e+00 1.000000e+00 1.000000e-01
5.580710e+03 3.520358e-07 9.999996e-01 9.999998e-02
5.580720e+03 3.527720e-07 9.999996e-01 9.999998e-02
5.580730e+03 0.000000e+00 1.000000e+00 1.000000e-01
5.580740e+03 0.000000e+00 1.000000e+00 1.000000e-01
5.580750e+03 0.000000e+00 1.000000e+00 1.000000e-01
5.580760e+03 0.000000e+00 1.000000e+00 1.000000e-01
5.580770e+03 0.000000e+00 1.000000e+00 1.000000e-01
5.580780e+03 0.000000e+00 1.000000e+00 1.000000e-01
5.580790e+03 0.000000e+00 1.000000e+00 1.000000e-01
5.580800e+03 0.000000e+00 1.000000e+00 1.000000e-01
5.580810e+03 0.000000e+00 1.000000e+00 1.000000e-01
5.580820e+03 2.325625e-09 1.000000e+00 1.000000e-01
5.580830e+03 2.327009e-09 1.000000e+00 1.000000e-01
5.580840e+03 0.000000e+00 1.000000e+00 1.000000e-01
5.580850e+03 0.000000e+00 1.000000e+00 1.000000e-01
5.580860e+03 0.000000e+00 1.000000e+00 1.000000e-01
5.580870e+03 0.000000e+00 1.000000e+00 1.000000e-01
5.580880e+03 0.000000e+00 1.000000e+00 1.000000e-01
5.580890e+03 0.000000e+00 1.000000e+00 1.000000e-01
5.580900e+03 0.000000e+00 1.000000e+00 1.000000e-01
5.580910e+03 0.000000e+00 1.000000e+00 1.000000e-01
5.580920e+03 0.000000e+00 1.000000e+00 1.000000e-01
5.580930e+03 2.523303e-08 1.000000e+00 1.000000e-01
5.580940e+03 3.819438e-04 9.996181e-01 9.998090e-02
5.580950e+03 7.477323e-04 9.992525e-01 9.996262e-02
5.580960e+03 1.422591e-03 9.985784e-01 9.992890e-02
5.580970e+03 2.603777e-03 9.973996e-01 9.986990e-02
5.580980e+03 4.560808e-03 9.954496e-01 9.977222e-02
5.580990e+03 7.624249e-03 9.924047e-01 9.961951e-02
5.581000e+03 1.214575e-02 9.879277e-01 9.939455e-02
5.581010e+03 1.842320e-02 9.817455e-01 9.908307e-02
5.581020e+03 2.662318e-02 9.737281e-01 9.867766e-02
5.581030e+03 3.655708e-02 9.641031e-01 9.818875e-02
5.581040e+03 4.772941e-02 9.533917e-01 9.764178e-02
5.581050e+03 5.931856e-02 9.424065e-01 9.707762e-02
5.581060e+03 7.011778e-02 9.322840e-01 9.655486e-02
5.581070e+03 7.882792e-02 9.241989e-01 9.613527e-02
5.581080e+03 8.428204e-02 9.191720e-01 9.587346e-02
5.581090e+03 8.570128e-02 9.178684e-01 9.580545e-02
5.581100e+03 8.287732e-02 9.204641e-01 9.594082e-02
5.581110e+03 7.622253e-02 9.266100e-01 9.626058e-02
5.581120e+03 6.667118e-02 9.355028e-01 9.672139e-02
5.581130e+03 5.546437e-02 9.460457e-01 9.726488e-02
5.581140e+03 4.388675e-02 9.570623e-01 9.782956e-02
5.581150e+03 3.303387e-02 9.675058e-01 9.836187e-02
5.581160e+03 2.365388e-02 9.766237e-01 9.882427e-02
5.581170e+03 1.611450e-02 9.840146e-01 9.919751e-02
5.581180e+03 1.046338e-02 9.895912e-01 9.947820e-02
5.581190e+03 6.467558e-03 9.935533e-01 9.967714e-02
5.581200e+03 3.800706e-03 9.962065e-01 9.981015e-02
5.581210e+03 2.137443e-03 9.978648e-01 9.989318e-02
5.581220e+03 1.151986e-03 9.988487e-01 9.994242e-02
5.581230e+03 5.988965e-04 9.994013e-01 9.997006e-02
5.581240e+03 3.041070e-04 9.996959e-01 9.998480e-02
5.581250e+03 1.543422e-04 9.998457e-01 9.999228e-02
5.581260e+03 0.000000e+00 1.000000e+00 1.000000e-01
5.581270e+03 2.152543e-08 1.000000e+00 1.000000e-01
5.581280e+03 2.579793e-04 9.997421e-01 9.998710e-02
5.581290e+03 1.167850e-03 9.988328e-01 9.994162e-02
5.581300e+03 1.309826e-03 9.986910e-01 9.993453e-02
5.581310e+03 1.446867e-03 9.985542e-01 9.992768e-02
5.581320e+03 1.572611e-03 9.984286e-01 9.992140e-02
5.581330e+03 1.680773e-03 9.983206e-01 9.991600e-02
5.581340e+03 1.765713e-03 9.982358e-01 9.991175e-02
5.581350e+03 2.078969e-03 9.979232e-01 9.989611e-02
5.581360e+03 2.105111e-03 9.978971e-01 9.989480e-02
5.581370e+03 1.845181e-03 9.981565e-01 9.990778e-02
5.581380e+03 1.810398e-03 9.981912e-01 9.990952e-02
5.581390e+03 1.748487e-03 9.982530e-01 9.991261e-02
5.581400e+03 1.664131e-03 9.983373e-01 9.991683e-02
5.581410e+03 1.563160e-03 9.984381e-01 9.992187e-02
5.581420e+03 1.452002e-03 9.985491e-01 9.992743e-02
5.581430e+03 1.337122e-03 9.986638e-01 9.993317e-02
5.581440e+03 1.224511e-03 9.987762e-01 9.993879e-02
5.581450e+03 4.879644e-04 9.995122e-01 9.997560e-02
5.581460e+03 5.103398e-04 9.994898e-01 9.997449e-02
5.581470e+03 5.343063e-04 9.994658e-01 9.997329e-02
5.581480e+03 5.600201e-04 9.994401e-01 9.997200e-02
5.581490e+03 5.876573e-04 9.994125e-01 9.997062e-02
5.581500e+03 6.174171e-04 9.993828e-01 9.996913e-02
5.581510e+03 6.495253e-04 9.993507e-01 9.996753e-02
5.581520e+03 6.842395e-04 9.993160e-01 9.996579e-02
5.581530e+03 7.218536e-04 9.992784e-01 9.996391e-02
5.581540e+03 9.252448e-04 9.990752e-01 9.995375e-02
5.581550e+03 9.817097e-04 9.990188e-01 9.995093e-02
5.581560e+03 1.043693e-03 9.989569e-01 9.994783e-02
5.581570e+03 1.111986e-03 9.988886e-01 9.994442e-02
5.581580e+03 1.187571e-03 9.988131e-01 9.994064e-02
5.581590e+03 1.271729e-03 9.987291e-01 9.993643e-02
5.581600e+03 1.366302e-03 9.986346e-01 9.993171e-02
5.581610e+03 1.474292e-03 9.985268e-01 9.992631e-02
5.581620e+03 1.601279e-03 9.984000e-01 9.991997e-02
5.581630e+03 1.758624e-03 9.982429e-01 9.991211e-02
5.581640e+03 1.970428e-03 9.980315e-01 9.990153e-02
5.581650e+03 2.287850e-03 9.977148e-01 9.988567e-02
5.581660e+03 2.816856e-03 9.971871e-01 9.985926e-02
5.581670e+03 3.768618e-03 9.962385e-01 9.981175e-02
5.581680e+03 5.544785e-03 9.944706e-01 9.972314e-02
5.581690e+03 8.870820e-03 9.911684e-01 9.955744e-02
5.581700e+03 1.498676e-02 9.851250e-01 9.925346e-02
5.581710e+03 2.589317e-02 9.744392e-01 9.871369e-02
5.581720e+03 4.463046e-02 9.563508e-01 9.779319e-02
5.581730e+03 7.554836e-02 9.272349e-01 9.629304e-02
5.581740e+03 1.245147e-01 8.829253e-01 9.396410e-02
5.581750e+03 1.990443e-01 8.195136e-01 9.052699e-02
5.581760e+03 3.084173e-01 7.346087e-01 8.570932e-02
5.581770e+03 4.639977e-01 6.287650e-01 7.929470e-02
5.581780e+03 6.800763e-01 5.065783e-01 7.117432e-02
5.581790e+03 9.755189e-01 3.769967e-01 6.140006e-02
5.581800e+03 1.376104e+00 2.525605e-01 5.025540e-02
5.581810e+03 1.916624e+00 1.471027e-01 3.835397e-02
5.581820e+03 2.640750e+00 7.130775e-02 2.670351e-02
5.581830e+03 3.596265e+00 2.742597e-02 1.656079e-02
5.581840e+03 4.821641e+00 8.053560e-03 8.974163e-03
5.581850e+03 6.328431e+00 1.784833e-03 4.224728e-03
5.581860e+03 8.077713e+00 3.103799e-04 1.761760e-03
5.581870e+03 9.963144e+00 4.710439e-05 6.863264e-04
5.581880e+03 1.180890e+01 7.438045e-06 2.727278e-04
5.581890e+03 1.339010e+01 1.530221e-06 1.237021e-04
5.581900e+03 1.447531e+01 5.169542e-07 7.189953e-05
5.581910e+03 1.488113e+01 3.445158e-07 5.869547e-05
5.581920e+03 1.452128e+01 4.937276e-07 7.026575e-05
5.581930e+03 1.343267e+01 1.466438e-06 1.210966e-04
5.581940e+03 1.176807e+01 7.748049e-06 2.783532e-04
5.581950e+03 9.757878e+00 5.783724e-05 7.605080e-04
5.581960e+03 7.655759e+00 4.733104e-04 2.175570e-03
5.581970e+03 5.680892e+00 3.410515e-03 5.839962e-03
5.581980e+03 3.986998e+00 1.855533e-02 1.362179e-02
5.581990e+03 2.646844e+00 7.087455e-02 2.662227e-02
5.582000e+03 1.662896e+00 1.895891e-01 4.354183e-02
5.582010e+03 9.894470e-01 3.717822e-01 6.097395e-02
5.582020e+03 5.586726e-01 5.719678e-01 7.562855e-02
5.582030e+03 3.007439e-01 7.402673e-01 8.603879e-02
5.582040e+03 1.559148e-01 8.556321e-01 9.250039e-02
5.582050e+03 8.195736e-02 9.213112e-01 9.598496e-02
5.582060e+03 4.986621e-02 9.513567e-01 9.753752e-02
5.582070e+03 4.384645e-02 9.571009e-01 9.783153e-02
5.582080e+03 5.671053e-02 9.448675e-01 9.720430e-02
5.582090e+03 8.605107e-02 9.175474e-01 9.578869e-02
5.582100e+03 1.306913e-01 8.774887e-01 9.367436e-02
5.582110e+03 1.876891e-01 8.288723e-01 9.104243e-02
5.582120e+03 2.504779e-01 7.784287e-01 8.822861e-02
5.582130e+03 3.088638e-01 7.342807e-01 8.569018e-02
5.582140e+03 3.511688e-01 7.038649e-01 8.389666e-02
5.582150e+03 3.678280e-01 6.922362e-01 8.320074e-02
5.582160e+03 3.548294e-01 7.012931e-01 8.374324e-02
5.582170e+03 3.152473e-01 7.296084e-01 8.541712e-02
5.582180e+03 2.578990e-01 7.726733e-01 8.790184e-02
5.582190e+03 1.946282e-01 8.231407e-01 9.072710e-02
5.582200e+03 1.356596e-01 8.731398e-01 9.344195e-02
5.582210e+03 8.764807e-02 9.160832e-01 9.571224e-02
5.582220e+03 5.289717e-02 9.484775e-01 9.738981e-02
5.582230e+03 3.032912e-02 9.701262e-01 9.849498e-02
5.582240e+03 1.712592e-02 9.830199e-01 9.914736e-02
5.582250e+03 1.018457e-02 9.898671e-01 9.949207e-02
5.582260e+03 6.967635e-03 9.930566e-01 9.965222e-02
5.582270e+03 5.765832e-03 9.942508e-01 9.971212e-02
5.582280e+03 5.610542e-03 9.944052e-01 9.971987e-02
5.582290e+03 6.164892e-03 9.938541e-01 9.969223e-02
5.582300e+03 7.398777e-03 9.926285e-01 9.963074e-02
5.582310e+03 1.023363e-02 9.898186e-01 9.948963e-02
5.582320e+03 1.751992e-02 9.826327e-01 9.912783e-02
5.582330e+03 3.664855e-02 9.640149e-01 9.818426e-02
5.582340e+03 8.441425e-02 9.190505e-01 9.586712e-02
5.582350e+03 1.961045e-01 8.219263e-01 9.066015e-02
5.582360e+03 4.371885e-01 6.458496e-01 8.036477e-02
5.582370e+03 9.140123e-01 4.009124e-01 6.331764e-02
5.582380e+03 1.773911e+00 1.696681e-01 4.119079e-02
5.582390e+03 3.181521e+00 4.152243e-02 2.037705e-02
5.582400e+03 5.261833e+00 5.185790e-03 7.201243e-03
5.582410e+03 8.016450e+00 3.299893e-04 1.816561e-03
5.582420e+03 1.124431e+01 1.308158e-05 3.616846e-04
5.582430e+03 1.451643e+01 4.961276e-07 7.043632e-05
5.582440e+03 1.724617e+01 3.236567e-08 1.799046e-05
5.582450e+03 1.885352e+01 6.486673e-09 8.053989e-06
5.582460e+03 1.896453e+01 5.805111e-09 7.619128e-06
5.582470e+03 1.755257e+01 2.382397e-08 1.543501e-05
5.582480e+03 1.494872e+01 3.219988e-07 5.674494e-05
5.582490e+03 1.171566e+01 8.164949e-06 2.857437e-04
5.582500e+03 8.450744e+00 2.137413e-04 1.461989e-03
5.582510e+03 5.611853e+00 3.654290e-03 6.045072e-03
5.582520e+03 3.432889e+00 3.229352e-02 1.797040e-02
5.582530e+03 1.936113e+00 1.442636e-01 3.798204e-02
5.582540e+03 1.008807e+00 3.646539e-01 6.038658e-02
5.582550e+03 4.877040e-01 6.140346e-01 7.836036e-02
5.582560e+03 2.206497e-01 8.019975e-01 8.955431e-02
5.582570e+03 9.562505e-02 9.088047e-01 9.533125e-02
5.582580e+03 4.166609e-02 9.591900e-01 9.793825e-02
5.582590e+03 1.997601e-02 9.802222e-01 9.900617e-02
5.582600e+03 1.166381e-02 9.884039e-01 9.941851e-02
5.582610e+03 8.474250e-03 9.915616e-01 9.957718e-02
5.582620e+03 7.135061e-03 9.928903e-01 9.964388e-02
5.582630e+03 6.453237e-03 9.935675e-01 9.967786e-02
5.582640e+03 6.017666e-03 9.940004e-01 9.969957e-02
5.582650e+03 5.685463e-03 9.943307e-01 9.971613e-02
5.582660e+03 5.401357e-03 9.946132e-01 9.973030e-02
5.582670e+03 5.138957e-03 9.948742e-01 9.974338e-02
5.582680e+03 4.883140e-03 9.951288e-01 9.975614e-02
5.582690e+03 4.624792e-03 9.953859e-01 9.976903e-02
5.582700e+03 4.358975e-03 9.956505e-01 9.978229e-02
5.582710e+03 4.084004e-03 9.959243e-01 9.979601e-02
5.582720e+03 3.800751e-03 9.962065e-01 9.981014e-02
5.582730e+03 3.511927e-03 9.964942e-01 9.982456e-02
5.582740e+03 3.221534e-03 9.967836e-01 9.983905e-02
5.582750e+03 2.934276e-03 9.970700e-01 9.985339e-02
5.582760e+03 2.654933e-03 9.973486e-01 9.986734e-02
5.582770e+03 2.387990e-03 9.976149e-01 9.988067e-02
5.582780e+03 2.137277e-03 9.978650e-01 9.989319e-02
5.582790e+03 1.905741e-03 9.980961e-01 9.990476e-02
5.582800e+03 1.695344e-03 9.983061e-01 9.991527e-02
5.582810e+03 1.507044e-03 9.984941e-01 9.992468e-02
5.582820e+03 1.340881e-03 9.986600e-01 9.993298e-02
5.582830e+03 1.196107e-03 9.988046e-01 9.994021e-02
5.582840e+03 7.948471e-04 9.992055e-01 9.996027e-02
5.582850e+03 7.540710e-04 9.992462e-01 9.996230e-02
5.582860e+03 7.163783e-04 9.992839e-01 9.996419e-02
5.582870e+03 6.814633e-04 9.993188e-01 9.996593e-02
5.582880e+03 6.490577e-04 9.993512e-01 9.996755e-02
5.582890e+03 6.189251e-04 9.993813e-01 9.996906e-02
5.582900e+03 5.908564e-04 9.994093e-01 9.997046e-02
5.582910e+03 5.646662e-04 9.994355e-01 9.997177e-02
5.582920e+03 5.401895e-04 9.994600e-01 9.997299e-02
5.582930e+03 5.172793e-04 9.994829e-01 9.997414e-02
5.582940e+03 4.958039e-04 9.995043e-01 9.997521e-02
5.582950e+03 4.756454e-04 9.995245e-01 9.997622e-02
5.582960e+03 4.566977e-04 9.995434e-01 9.997717e-02
5.582970e+03 4.388654e-04 9.995612e-01 9.997806e-02
5.582980e+03 4.220621e-04 9.995780e-01 9.997890e-02
5.582990e+03 4.062098e-04 9.995939e-01 9.997969e-02
5.583000e+03 3.912379e-04 9.996088e-01 9.998044e-02
5.583010e+03 3.770821e-04 9.996230e-01 9.998115e-02
5.583020e+03 3.636838e-04 9.996364e-01 9.998182e-02
5.583030e+03 3.509898e-04 9.996491e-01 9.998245e-02
5.583040e+03 3.389513e-04 9.996611e-01 9.998305e-02
5.583050e+03 3.275239e-04 9.996725e-01 9.998363e-02
5.583060e+03 3.166668e-04 9.996834e-01 9.998417e-02
5.583070e+03 3.063424e-04 9.996937e-01 9.998468e-02
5.583080e+03 2.965165e-04 9.997035e-01 9.998518e-02
5.583090e+03 2.871573e-04 9.997129e-01 9.998564e-02
5.583100e+03 2.782356e-04 9.997218e-01 9.998609e-02
5.583110e+03 0.000000e+00 1.000000e+00 1.000000e-01
5.583120e+03 0.000000e+00 1.000000e+00 1.000000e-01
5.583130e+03 0.000000e+00 1.000000e+00 1.000000e-01
5.583140e+03 0.000000e+00 1.000000e+00 1.000000e-01
5.583150e+03 0.000000e+00 1.000000e+00 1.000000e-01
5.583160e+03 0.000000e+00 1.000000e+00 1.000000e-01
5.583170e+03 0.000000e+00 1.000000e+00 1.000000e-01
5.583180e+03 0.000000e+00 1.000000e+00 1.000000e-01
5.583190e+03 0.000000e+00 1.000000e+00 1.000000e-01
5.583200e+03 0.000000e+00 1.000000e+00 1.000000e-01
5.583210e+03 0.000000e+00 1.000000e+00 1.000000e-01
5.583220e+03 0.000000e+00 1.000000e+00 1.000000e-01
5.583230e+03 0.000000e+00 1.000000e+00 1.000000e-01
5.583240e+03 0.000000e+00 1.000000e+00 1.000000e-01
5.583250e+03 0.000000e+00 1.000000e+00 1.000000e-01
5.583260e+03 0.000000e+00 1.000000e+00 1.000000e-01
5.583270e+03 0.000000e+00 1.000000e+00 1.000000e-01
5.583280e+03 0.000000e+00 1.000000e+00 1.000000e-01
5.583290e+03 0.000000e+00 1.000000e+00 1.000000e-01
5.583300e+03 0.000000e+00 1.000000e+00 1.000000e-01
5.583310e+03 0.000000e+00 1.000000e+00 1.000000e-01
5.583320e+03 0.000000e+00 1.000000e+00 1.000000e-01
5.583330e+03 0.000000e+00 1.000000e+00 1.000000e-01
5.583340e+03 0.000000e+00 1.000000e+00 1.000000e-01
5.583350e+03 0.000000e+00 1.000000e+00 1.000000e-01
5.583360e+03 0.000000e+00 1.000000e+00 1.000000e-01
5.583370e+03 0.000000e+00 1.000000e+00 1.000000e-01
5.583380e+03 0.000000e+00 1.000000e+00 1.000000e-01
5.583390e+03 0.000000e+00 1.000000e+00 1.000000e-01
5.583400e+03 0.000000e+00 1.000000e+00 1.000000e-01
5.583410e+03 0.000000e+00 1.000000e+00 1.000000e-01
5.583420e+03 0.000000e+00 1.000000e+00 1.000000e-01
5.583430e+03 0.000000e+00 1.000000e+00 1.000000e-01
5.583440e+03 0.000000e+00 1.000000e+00 1.000000e-01
5.583450e+03 0.000000e+00 1.000000e+00 1.000000e-01
5.583460e+03 0.000000e+00 1.000000e+00 1.000000e-01
5.583470e+03 0.000000e+00 1.000000e+00 1.000000e-01
5.583480e+03 0.000000e+00 1.000000e+00 1.000000e-01
5.583490e+03 0.000000e+00 1.000000e+00 1.000000e-01
5.583500e+03 0.000000e+00 1.000000e+00 1.000000e-01
5.583510e+03 0.000000e+00 1.000000e+00 1.000000e-01
5.583520e+03 0.000000e+00 1.000000e+00 1.000000e-01
5.583530e+03 0.000000e+00 1.000000e+00 1.000000e-01
5.583540e+03 0.000000e+00 1.000000e+00 1.000000e-01
5.583550e+03 0.000000e+00 1.000000e+00 1.000000e-01
5.583560e+03 0.000000e+00 1.000000e+00 1.000000e-01
5.583570e+03 0.000000e+00 1.000000e+00 1.000000e-01
5.583580e+03 0.000000e+00 1.000000e+00 1.000000e-01
5.583590e+03 0.000000e+00 1.000000e+00 1.000000e-01
5.583600e+03 0.000000e+00 1.000000e+00 1.000000e-01
5.583610e+03 0.000000e+00 1.000000e+00 1.000000e-01
5.583620e+03 0.000000e+00 1.000000e+00 1.000000e-01
5.583630e+03 0.000000e+00 1.000000e+00 1.000000e-01
5.583640e+03 0.000000e+00 1.000000e+00 1.000000e-01
5.583650e+03 0.000000e+00 1.000000e+00 1.000000e-01
5.583660e+03 0.000000e+00 1.000000e+00 1.000000e-01
5.583670e+03 0.000000e+00 1.000000e+00 1.000000e-01
5.583680e+03 0.000000e+00 1.000000e+00 1.000000e-01
5.583690e+03 0.000000e+00 1.000000e+00 1.000000e-01
5.583700e+03 0.000000e+00 1.000000e+00 1.000000e-01
5.583710e+03 0.000000e+00 1.000000e+00 1.000000e-01
5.583720e+03 0.000000e+00 1.000000e+00 1.000000e-01
5.583730e+03 0.000000e+00 1.000000e+00 1.000000e-01
5.583740e+03 0.000000e+00 1.000000e+00 1.000000e-01
5.583750e+03 0.000000e+00 1.000000e+00 1.000000e-01
5.583760e+03 0.000000e+00 1.000000e+00 1.000000e-01
5.583770e+03 0.000000e+00 1.000000e+00 1.000000e-01
5.583780e+03 0.000000e+00 1.000000e+00 1.000000e-01
5.583790e+03 0.000000e+00 1.000000e+00 1.000000e-01
5.583800e+03 0.000000e+00 1.000000e+00 1.000000e-01
5.583810e+03 0.000000e+00 1.000000e+00 1.000000e-01
5.583820e+03 0.000000e+00 1.000000e+00 1.000000e-01
5.583830e+03 0.000000e+00 1.000000e+00 1.000000e-01
5.583840e+03 0.000000e+00 1.000000e+00 1.000000e-01
5.583850e+03 0.000000e+00 1.000000e+00 1.000000e-01
5.583860e+03 0.000000e+00 1.000000e+00 1.000000e-01
5.583870e+03 0.000000e+00 1.000000e+00 1.000000e-01
5.583880e+03 0.000000e+00 1.000000e+00 1.000000e-01
5.583890e+03 0.000000e+00 1.000000e+00 1.000000e-01
5.583900e+03 0.000000e+00 1.000000e+00 1.000000e-01
5.583910e+03 0.000000e+00 1.000000e+00 1.000000e-01
5.583920e+03 0.000000e+00 1.000000e+00 1.000000e-01
5.583930e+03 0.000000e+00 1.000000e+00 1.000000e-01
5.583940e+03 0.000000e+00 1.000000e+00 1.000000e-01
5.583950e+03 0.000000e+00 1.000000e+00 1.000000e-01
5.583960e+03 0.000000e+00 1.000000e+00 1.000000e-01
5.583970e+03 0.000000e+00 1.000000e+00 1.000000e-01
5.583980e+03 0.000000e+00 1.000000e+00 1.000000e-01
5.583990e+03 0.000000e+00 1.000000e+00 1.000000e-01
5.584000e+03 0.000000e+00 1.000000e+00 1.000000e-01
5.584010e+03 0.000000e+00 1.000000e+00 1.000000e-01
5.584020e+03 0.000000e+00 1.000000e+00 1.000000e-01
5.584030e+03 0.000000e+00 1.000000e+00 1.000000e-01
5.584040e+03 0.000000e+00 1.000000e+00 1.000000e-01
5.584050e+03 0.000000e+00 1.000000e+00 1.000000e-01
5.584060e+03 0.000000e+00 1.000000e+00 1.000000e-01
5.584070e+03 0.000000e+00 1.000000e+00 1.000000e-01
5.584080e+03 0.000000e+00 1.000000e+00 1.000000e-01
5.584090e+03 0.000000e+00 1.000000e+00 1.000000e-01
5.584100e+03 0.000000e+00 1.000000e+00 1.000000e-01
5.584110e+03 0.000000e+00 1.000000e+00 1.000000e-01
5.584120e+03 0.000000e+00 1.000000e+00 1.000000e-01
5.584130e+03 0.000000e+00 1.000000e+00 1.000000e-01
5.584140e+03 0.000000e+00 1.000000e+00 1.000000e-01
5.584150e+03 0.000000e+00 1.000000e+00 1.000000e-01
5.584160e+03 0.000000e+00 1.000000e+00 1.000000e-01
5.584170e+03 0.000000e+00 1.000000e+00 1.000000e-01
5.584180e+03 0.000000e+00 1.000000e+00 1.000000e-01
5.584190e+03 0.000000e+00 1.000000e+00 1.000000e-01
5.584200e+03 0.000000e+00 1.000000e+00 1.000000e-01
5.584210e+03 0.000000e+00 1.000000e+00 1.000000e-01
5.584220e+03 0.000000e+00 1.000000e+00 1.000000e-01
5.584230e+03 0.000000e+00 1.000000e+00 1.000000e-01
5.584240e+03 0.000000e+00 1.000000e+00 1.000000e-01
5.584250e+03 0.000000e+00 1.000000e+00 1.000000e-01
5.584260e+03 0.000000e+00 1.000000e+00 1.000000e-01
5.584270e+03 0.000000e+00 1.000000e+00 1.000000e-01
5.584280e+03 0.000000e+00 1.000000e+00 1.000000e-01
5.584290e+03 0.000000e+00 1.000000e+00 1.000000e-01
5.584300e+03 0.000000e+00 1.000000e+00 1.000000e-01
5.584310e+03 0.000000e+00 1.000000e+00 1.000000e-01
5.584320e+03 0.000000e+00 1.000000e+00 1.000000e-01
5.584330e+03 0.000000e+00 1.000000e+00 1.000000e-01
5.584340e+03 0.000000e+00 1.000000e+00 1.000000e-01
5.584350e+03 0.000000e+00 1.000000e+00 1.000000e-01
5.584360e+03 0.000000e+00 1.000000e+00 1.000000e-01
5.584370e+03 0.000000e+00 1.000000e+00 1.000000e-01
5.584380e+03 0.000000e+00 1.000000e+00 1.000000e-01
5.584390e+03 0.000000e+00 1.000000e+00 1.000000e-01
5.584400e+03 0.000000e+00 1.000000e+00 1.000000e-01
5.584410e+03 0.000000e+00 1.000000e+00 1.000000e-01
5.584420e+03 0.000000e+00 1.000000e+00 1.000000e-01
5.584430e+03 0.000000e+00 1.000000e+00 1.000000e-01
5.584440e+03 0.000000e+00 1.000000e+00 1.000000e-01
5.584450e+03 4.358278e-04 9.995643e-01 9.997821e-02
5.584460e+03 4.375399e-04 9.995626e-01 9.997813e-02
5.584470e+03 4.392620e-04 9.995608e-01 9.997804e-02
5.584480e+03 4.409944e-04 9.995591e-01 9.997795e-02
5.584490e+03 4.427370e-04 9.995574e-01 9.997787e-02
5.584500e+03 4.444899e-04 9.995556e-01 9.997778e-02
5.584510e+03 4.462533e-04 9.995538e-01 9.997769e-02
5.584520e+03 4.480271e-04 9.995521e-01 9.997760e-02
5.584530e+03 4.498116e-04 9.995503e-01 9.997751e-02
5.584540e+03 4.516068e-04 9.995485e-01 9.997742e-02
5.584550e+03 4.534127e-04 9.995467e-01 9.997733e-02
5.584560e+03 4.552294e-04 9.995449e-01 9.997724e-02
5.584570e+03 4.570571e-04 9.995430e-01 9.997715e-02
5.584580e+03 4.588958e-04 9.995412e-01 9.997706e-02
5.584590e+03 4.607457e-04 9.995394e-01 9.997697e-02
5.584600e+03 4.626067e-04 9.995375e-01 9.997687e-02
5.584610e+03 4.644790e-04 9.995356e-01 9.997678e-02
5.584620e+03 4.663627e-04 9.995337e-01 9.997668e-02
5.584630e+03 4.682579e-04 9.995319e-01 9.997659e-02
5.584640e+03 4.701646e-04 9.995299e-01 9.997649e-02
5.584650e+03 4.720831e-04 9.995280e-01 9.997640e-02
5.584660e+03 4.740132e-04 9.995261e-01 9.997630e-02
5.584670e+03 4.759553e-04 9.995242e-01 9.997621e-02
5.584680e+03 4.779092e-04 9.995222e-01 9.997611e-02
5.584690e+03 4.798753e-04 9.995202e-01 9.997601e-02
5.584700e+03 4.818534e-04 9.995183e-01 9.997591e-02
5.584710e+03 4.838439e-04 9.995163e-01 9.997581e-02
5.584720e+03 4.858467e-04 9.995143e-01 9.997571e-02
5.584730e+03 4.878619e-04 9.995123e-01 9.997561e-02
5.584740e+03 4.898897e-04 9.995102e-01 9.997551e-02
5.584750e+03 4.919302e-04 9.995082e-01 9.997541e-02
5.584760e+03 4.939834e-04 9.995061e-01 9.997530e-02
5.584770e+03 4.960495e-04 9.995041e-01 9.997520e-02
5.584780e+03 4.981286e-04 9.995020e-01 9.997510e-02
5.584790e+03 5.002208e-04 9.994999e-01 9.997499e-02
5.584800e+03 5.023261e-04 9.994978e-01 9.997489e-02
5.584810e+03 5.044448e-04 9.994957e-01 9.997478e-02
5.584820e+03 5.065769e-04 9.994936e-01 9.997467e-02
5.584830e+03 5.087226e-04 9.994914e-01 9.997457e-02
5.584840e+03 5.108819e-04 9.994892e-01 9.997446e-02
5.584850e+03 5.130550e-04 9.994871e-01 9.997435e-02
5.584860e+03 5.152420e-04 9.994849e-01 9.997424e-02
5.584870e+03 5.174429e-04 9.994827e-01 9.997413e-02
5.584880e+03 5.196580e-04 9.994805e-01 9.997402e-02
5.584890e+03 5.218874e-04 9.994782e-01 9.997391e-02
5.584900e+03 5.241311e-04 9.994760e-01 9.997380e-02
5.584910e+03 5.263893e-04 9.994737e-01 9.997368e-02
5.584920e+03 5.286621e-04 9.994715e-01 9.997357e-02
5.584930e+03 5.309497e-04 9.994692e-01 9.997346e-02
5.584940e+03 5.332522e-04 9.994669e-01 9.997334e-02
5.584950e+03 5.355696e-04 9.994646e-01 9.997323e-02
5.584960e+03 5.379022e-04 9.994622e-01 9.997311e-02
5.584970e+03 5.402500e-04 9.994599e-01 9.997299e-02
5.584980e+03 5.426133e-04 9.994575e-01 9.997287e-02
5.584990e+03 5.449920e-04 9.994552e-01 9.997275e-02
5.585000e+03 5.473865e-04 9.994528e-01 9.997263e-02
5.585010e+03 5.497967e-04 9.994504e-01 9.997251e-02
5.585020e+03 5.522229e-04 9.994479e-01 9.997239e-02
5.585030e+03 5.546652e-04 9.994455e-01 9.997227e-02
5.585040e+03 5.571237e-04 9.994430e-01 9.997215e-02
5.585050e+03 5.595986e-04 9.994406e-01 9.997202e-02
5.585060e+03 5.620900e-04 9.994381e-01 9.997190e-02
5.585070e+03 5.645981e-04 9.994356e-01 9.997177e-02
5.585080e+03 5.671230e-04 9.994330e-01 9.997165e-02
5.585090e+03 5.696649e-04 9.994305e-01 9.997152e-02
5.585100e+03 5.722238e-04 9.994279e-01 9.997139e-02
5.585110e+03 5.748001e-04 9.994254e-01 9.997126e-02
5.585120e+03 5.773938e-04 9.994228e-01 9.997113e-02
5.585130e+03 5.800050e-04 9.994202e-01 9.997100e-02
5.585140e+03 5.826341e-04 9.994175e-01 9.997087e-02
5.585150e+03 5.852810e-04 9.994149e-01 9.997074e-02
5.585160e+03 5.879460e-04 9.994122e-01 9.997061e-02
5.585170e+03 5.906292e-04 9.994095e-01 9.997047e-02
5.585180e+03 5.933308e-04 9.994068e-01 9.997034e-02
5.585190e+03 5.960510e-04 9.994041e-01 9.997020e-02
5.585200e+03 5.987900e-04 9.994014e-01 9.997006e-02
5.585210e+03 6.015478e-04 9.993986e-01 9.996993e-02
5.585220e+03 6.043248e-04 9.993959e-01 9.996979e-02
5.585230e+03 6.071210e-04 9.993931e-01 9.996965e-02
5.585240e+03 6.099366e-04 9.993902e-01 9.996951e-02
5.585250e+03 6.127719e-04 9.993874e-01 9.996937e-02
5.585260e+03 6.156270e-04 9.993846e-01 9.996922e-02
5.585270e+03 6.185020e-04 9.993817e-01 9.996908e-02
5.585280e+03 6.213973e-04 9.993788e-01 9.996893e-02
5.585290e+03 6.243129e-04 9.993759e-01 9.996879e-02
5.585300e+03 6.272491e-04 9.993729e-01 9.996864e-02
5.585310e+03 6.302060e-04 9.993700e-01 9.996849e-02
5.585320e+03 6.331839e-04 9.993670e-01 9.996835e-02
5.585330e+03 6.361829e-04 9.993640e-01 9.996820e-02
5.585340e+03 6.392033e-04 9.993610e-01 9.996804e-02
5.585350e+03 6.422452e-04 9.993580e-01 9.996789e-02
5.585360e+03 6.453089e-04 9.993549e-01 9.996774e-02
5.585370e+03 6.483945e-04 9.993518e-01 9.996759e-02
5.585380e+03 6.515024e-04 9.993487e-01 9.996743e-02
5.585390e+03 6.546326e-04 9.993456e-01 9.996727e-02
5.585400e+03 6.577854e-04 9.993424e-01 9.996712e-02
5.585410e+03 6.609610e-04 9.993393e-01 9.996696e-02
5.585420e+03 6.641597e-04 9.993361e-01 9.996680e-02
5.585430e+03 6.673816e-04 9.993328e-01 9.996664e-02
5.585440e+03 9.844465e-04 9.990160e-01 9.995079e-02
5.585450e+03 9.889479e-04 9.990115e-01 9.995056e-02
5.585460e+03 9.934805e-04 9.990070e-01 9.995034e-02
5.585470e+03 9.980447e-04 9.990025e-01 9.995011e-02
5.585480e+03 1.002641e-03 9.989979e-01 9.994988e-02
5.585490e+03 1.007269e-03 9.989932e-01 9.994965e-02
5.585500e+03 1.011929e-03 9.989886e-01 9.994942e-02
5.585510e+03 1.016622e-03 9.989839e-01 9.994918e-02
5.585520e+03 1.021348e-03 9.989792e-01 9.994895e-02
5.585530e+03 1.026108e-03 9.989744e-01 9.994871e-02
5.585540e+03 1.030901e-03 9.989696e-01 9.994847e-02
5.585550e+03 1.035728e-03 9.989648e-01 9.994823e-02
5.585560e+03 1.040590e-03 9.989600e-01 9.994798e-02
5.585570e+03 1.045486e-03 9.989551e-01 9.994774e-02
5.585580e+03 1.050417e-03 9.989501e-01 9.994749e-02
5.585590e+03 1.055383e-03 9.989452e-01 9.994724e-02
5.585600e+03 1.060385e-03 9.989402e-01 9.994699e-02
5.585610e+03 1.065423e-03 9.989351e-01 9.994674e-02
5.585620e+03 1.070498e-03 9.989301e-01 9.994649e-02
5.585630e+03 1.075608e-03 9.989250e-01 9.994623e-02
5.585640e+03 1.080757e-03 9.989198e-01 9.994598e-02
5.585650e+03 1.085942e-03 9.989146e-01 9.994572e-02
5.585660e+03 1.091165e-03 9.989094e-01 9.994546e-02
5.585670e+03 1.096427e-03 9.989042e-01 9.994519e-02
5.585680e+03 1.101726e-03 9.988989e-01 9.994493e-02
5.585690e+03 1.441904e-03 9.985591e-01 9.992793e-02
5.585700e+03 1.448598e-03 9.985525e-01 9.992760e-02
5.585710e+03 1.455340e-03 9.985457e-01 9.992726e-02
5.585720e+03 1.462130e-03 9.985389e-01 9.992692e-02
5.585730e+03 1.468968e-03 9.985321e-01 9.992658e-02
5.585740e+03 1.475854e-03 9.985252e-01 9.992623e-02
5.585750e+03 1.482791e-03 9.985183e-01 9.992589e-02
5.585760e+03 1.489777e-03 9.985113e-01 9.992554e-02
5.585770e+03 1.496813e-03 9.985043e-01 9.992519e-02
5.585780e+03 1.503900e-03 9.984972e-01 9.992483e-02
5.585790e+03 1.511038e-03 9.984901e-01 9.992448e-02
5.585800e+03 1.518228e-03 9.984829e-01 9.992412e-02
5.585810e+03 1.525470e-03 9.984757e-01 9.992376e-02
5.585820e+03 1.532765e-03 9.984684e-01 9.992339e-02
5.585830e+03 1.540114e-03 9.984611e-01 9.992302e-02
5.585840e+03 1.547516e-03 9.984537e-01 9.992265e-02
5.585850e+03 1.554973e-03 9.984462e-01 9.992228e-02
5.585860e+03 2.064074e-03 9.979381e-01 9.989685e-02
5.585870e+03 2.103390e-03 9.978988e-01 9.989489e-02
5.585880e+03 2.168088e-03 9.978343e-01 9.989165e-02
5.585890e+03 2.274474e-03 9.977281e-01 9.988634e-02
5.585900e+03 2.445021e-03 9.975580e-01 9.987782e-02
5.585910e+03 2.707651e-03 9.972960e-01 9.986471e-02
5.585920e+03 3.092697e-03 9.969121e-01 9.984548e-02
5.585930e+03 3.626947e-03 9.963796e-01 9.981882e-02
5.585940e+03 4.325033e-03 9.956843e-01 9.978398e-02
5.585950e+03 5.179675e-03 9.948337e-01 9.974135e-02
5.585960e+03 6.153620e-03 9.938653e-01 9.969279e-02
5.585970e+03 7.176756e-03 9.928489e-01 9.964181e-02
5.585980e+03 8.151285e-03 9.918818e-01 9.959327e-02
5.585990e+03 8.965772e-03 9.910743e-01 9.955271e-02
5.586000e+03 9.515803e-03 9.905293e-01 9.952534e-02
5.586010e+03 9.726149e-03 9.903210e-01 9.951487e-02
5.586020e+03 9.567967e-03 9.904777e-01 9.952274e-02
5.586030e+03 9.065631e-03 9.909753e-01 9.954774e-02
5.586040e+03 8.290951e-03 9.917433e-01 9.958631e-02
5.586050e+03 7.346681e-03 9.926802e-01 9.963334e-02
5.586060e+03 6.670755e-03 9.933514e-01 9.966702e-02
5.586070e+03 5.712919e-03 9.943034e-01 9.971476e-02
5.586080e+03 4.869673e-03 9.951422e-01 9.975681e-02
5.586090e+03 4.181074e-03 9.958277e-01 9.979116e-02
5.586100e+03 3.656712e-03 9.963500e-01 9.981733e-02
5.586110e+03 3.283462e-03 9.967219e-01 9.983596e-02
5.586120e+03 3.692001e-03 9.963148e-01 9.981557e-02
5.586130e+03 4.279862e-03 9.957293e-01 9.978624e-02
5.586140e+03 4.203815e-03 9.958050e-01 9.979003e-02
5.586150e+03 4.171332e-03 9.958374e-01 9.979165e-02
5.586160e+03 4.165596e-03 9.958431e-01 9.979194e-02
5.586170e+03 4.175345e-03 9.958334e-01 9.979145e-02
5.586180e+03 4.184812e-03 9.958239e-01 9.979098e-02
5.586190e+03 4.211463e-03 9.957974e-01 9.978965e-02
5.586200e+03 4.238387e-03 9.957706e-01 9.978831e-02
5.586210e+03 4.265587e-03 9.957435e-01 9.978695e-02
5.586220e+03 4.293068e-03 9.957161e-01 9.978558e-02
5.586230e+03 4.320833e-03 9.956885e-01 9.978419e-02
5.586240e+03 5.022722e-03 9.949899e-01 9.974918e-02
5.586250e+03 5.029672e-03 9.949830e-01 9.974883e-02
5.586260e+03 4.405878e-03 9.956038e-01 9.977995e-02
5.586270e+03 4.434824e-03 9.955750e-01 9.977850e-02
5.586280e+03 4.464076e-03 9.955459e-01 9.977705e-02
5.586290e+03 4.493639e-03 9.955164e-01 9.977557e-02
5.586300e+03 4.523517e-03 9.954867e-01 9.977408e-02
5.586310e+03 4.553715e-03 9.954566e-01 9.977257e-02
5.586320e+03 4.584238e-03 9.954263e-01 9.977105e-02
5.586330e+03 4.615091e-03 9.953955e-01 9.976951e-02
5.586340e+03 4.984545e-03 9.950279e-01 9.975108e-02
5.586350e+03 5.018749e-03 9.949938e-01 9.974938e-02
5.586360e+03 5.053330e-03 9.949594e-01 9.974765e-02
5.586370e+03 5.088293e-03 9.949246e-01 9.974591e-02
5.586380e+03 5.123646e-03 9.948895e-01 9.974415e-02
5.586390e+03 5.173278e-03 9.948401e-01 9.974167e-02
5.586400e+03 5.209322e-03 9.948042e-01 9.973987e-02
5.586410e+03 5.612967e-03 9.944028e-01 9.971975e-02
5.586420e+03 5.656023e-03 9.943599e-01 9.971760e-02
5.586430e+03 5.699647e-03 9.943166e-01 9.971542e-02
5.586440e+03 5.743850e-03 9.942726e-01 9.971322e-02
5.586450e+03 5.788644e-03 9.942281e-01 9.971099e-02
5.586460e+03 5.834042e-03 9.941829e-01 9.970872e-02
5.586470e+03 5.880056e-03 9.941372e-01 9.970643e-02
5.586480e+03 5.926699e-03 9.940908e-01 9.970410e-02
5.586490e+03 5.973984e-03 9.940438e-01 9.970175e-02
5.586500e+03 6.021926e-03 9.939962e-01 9.969936e-02
5.586510e+03 6.070538e-03 9.939479e-01 9.969693e-02
5.586520e+03 6.119836e-03 9.938989e-01 9.969448e-02
5.586530e+03 6.169833e-03 9.938492e-01 9.969198e-02
5.586540e+03 6.220547e-03 9.937988e-01 9.968946e-02
5.586550e+03 6.271992e-03 9.937476e-01 9.968689e-02
5.586560e+03 6.651848e-03 9.933702e-01 9.966796e-02
5.586570e+03 6.707395e-03 9.933150e-01 9.966519e-02
5.586580e+03 6.763757e-03 9.932591e-01 9.966238e-02
5.586590e+03 7.255089e-03 9.927712e-01 9.963790e-02
5.586600e+03 7.809857e-03 9.922206e-01 9.961027e-02
5.586610e+03 7.876144e-03 9.921548e-01 9.960697e-02
5.586620e+03 7.943413e-03 9.920881e-01 9.960362e-02
5.586630e+03 8.011686e-03 9.920203e-01 9.960022e-02
5.586640e+03 8.080988e-03 9.919516e-01 9.959677e-02
5.586650e+03 8.151343e-03 9.918818e-01 9.959326e-02
5.586660e+03 8.222777e-03 9.918109e-01 9.958971e-02
5.586670e+03 8.295316e-03 9.917390e-01 9.958609e-02
5.586680e+03 8.368988e-03 9.916659e-01 9.958242e-02
5.586690e+03 8.628194e-03 9.914089e-01 9.956952e-02
5.586700e+03 8.703548e-03 9.913342e-01 9.956577e-02
5.586710e+03 8.597091e-03 9.914398e-01 9.957107e-02
5.586720e+03 8.675590e-03 9.913619e-01 9.956716e-02
5.586730e+03 8.755376e-03 9.912828e-01 9.956319e-02
5.586740e+03 8.836483e-03 9.912024e-01 9.955915e-02
5.586750e+03 8.918947e-03 9.911207e-01 9.955505e-02
5.586760e+03 9.002806e-03 9.910376e-01 9.955087e-02
5.586770e+03 9.088098e-03 9.909531e-01 9.954663e-02
5.586780e+03 9.174865e-03 9.908671e-01 9.954231e-02
5.586790e+03 9.263148e-03 9.907796e-01 9.953791e-02
5.586800e+03 9.352992e-03 9.906906e-01 9.953344e-02
5.586810e+03 9.444443e-03 9.906000e-01 9.952889e-02
5.586820e+03 1.054046e-02 9.895149e-01 9.947436e-02
5.586830e+03 1.064320e-02 9.894132e-01 9.946925e-02
5.586840e+03 1.074779e-02 9.893098e-01 9.946405e-02
5.586850e+03 1.085429e-02 9.892044e-01 9.945876e-02
5.586860e+03 1.096276e-02 9.890971e-01 9.945336e-02
5.586870e+03 1.107326e-02 9.889878e-01 9.944787e-02
5.586880e+03 1.118586e-02 9.888765e-01 9.944227e-02
5.586890e+03 1.130063e-02 9.887630e-01 9.943656e-02
5.586900e+03 1.141763e-02 9.886473e-01 9.943074e-02
5.586910e+03 1.153696e-02 9.885293e-01 9.942481e-02
5.586920e+03 1.165868e-02 9.884090e-01 9.941876e-02
5.586930e+03 1.231277e-02 9.877627e-01 9.938625e-02
5.586940e+03 1.244372e-02 9.876334e-01 9.937975e-02
5.586950e+03 1.257740e-02 9.875014e-01 9.937310e-02
5.586960e+03 1.271388e-02 9.873666e-01 9.936632e-02
5.586970e+03 1.344535e-02 9.866446e-01 9.932999e-02
5.586980e+03 1.410506e-02 9.859939e-01 9.929723e-02
5.586990e+03 1.425945e-02 9.858417e-01 9.928956e-02
5.587000e+03 1.441722e-02 9.856862e-01 9.928173e-02
5.587010e+03 1.457853e-02 9.855272e-01 9.927372e-02
5.587020e+03 1.475435e-02 9.853540e-01 9.926500e-02
5.587030e+03 1.492313e-02 9.851877e-01 9.925662e-02
5.587040e+03 1.508510e-02 9.850281e-01 9.924858e-02
5.587050e+03 1.526207e-02 9.848538e-01 9.923980e-02
5.587060e+03 1.544341e-02 9.846752e-01 9.923080e-02
5.587070e+03 1.562931e-02 9.844922e-01 9.922158e-02
5.587080e+03 1.582000e-02 9.843045e-01 9.921212e-02
5.587090e+03 1.601572e-02 9.841119e-01 9.920241e-02
5.587100e+03 1.621671e-02 9.839141e-01 9.919244e-02
5.587110e+03 1.642326e-02 9.837109e-01 9.918220e-02
5.587120e+03 1.663566e-02 9.835019e-01 9.917167e-02
5.587130e+03 1.712292e-02 9.830228e-01 9.914751e-02
5.587140e+03 1.735230e-02 9.827974e-01 9.913614e-02
5.587150e+03 1.758869e-02 9.825651e-01 9.912442e-02
5.587160e+03 1.783250e-02 9.823256e-01 9.911234e-02
5.587170e+03 1.808419e-02 9.820783e-01 9.909987e-02
5.587180e+03 1.834427e-02 9.818230e-01 9.908698e-02
5.587190e+03 1.861328e-02 9.815589e-01 9.907365e-02
5.587200e+03 1.889183e-02 9.812855e-01 9.905986e-02
5.587210e+03 1.918058e-02 9.810022e-01 9.904556e-02
5.587220e+03 1.948026e-02 9.807083e-01 9.903071e-02
5.587230e+03 1.979171e-02 9.804029e-01 9.901529e-02
5.587240e+03 2.047839e-02 9.797299e-01 9.898130e-02
5.587250e+03 2.082809e-02 9.793873e-01 9.896400e-02
5.587260e+03 2.119320e-02 9.790298e-01 9.894593e-02
5.587270e+03 2.219735e-02 9.780472e-01 9.889627e-02
5.587280e+03 2.260232e-02 9.776512e-01 9.887625e-02
5.587290e+03 2.302722e-02 9.772359e-01 9.885524e-02
5.587300e+03 2.347397e-02 9.767994e-01 9.883316e-02
5.587310e+03 2.435666e-02 9.759376e-01 9.878955e-02
5.587320e+03 2.488327e-02 9.754238e-01 9.876354e-02
5.587330e+03 2.588717e-02 9.744450e-01 9.871398e-02
5.587340e+03 2.649754e-02 9.738504e-01 9.868386e-02
5.587350e+03 2.714962e-02 9.732156e-01 9.865169e-02
5.587360e+03 2.822936e-02 9.721654e-01 9.859845e-02
5.587370e+03 2.899436e-02 9.714219e-01 9.856074e-02
5.587380e+03 3.095287e-02 9.695213e-01 9.846427e-02
5.587390e+03 3.188763e-02 9.686154e-01 9.841826e-02
5.587400e+03 3.290697e-02 9.676286e-01 9.836811e-02
5.587410e+03 3.500218e-02 9.656033e-01 9.826512e-02
5.587420e+03 3.637759e-02 9.642761e-01 9.819756e-02
5.587430e+03 3.880397e-02 9.619393e-01 9.807850e-02
5.587440e+03 4.121883e-02 9.596191e-01 9.796015e-02
5.587450e+03 4.465992e-02 9.563227e-01 9.779175e-02
5.587460e+03 5.064988e-02 9.506114e-01 9.749930e-02
5.587470e+03 6.129575e-02 9.405450e-01 9.698170e-02
5.587480e+03 8.013213e-02 9.229944e-01 9.607260e-02
5.587490e+03 1.145487e-01 8.917685e-01 9.443350e-02
5.587500e+03 1.781248e-01 8.368380e-01 9.147885e-02
5.587510e+03 2.846504e-01 7.522772e-01 8.673392e-02
5.587520e+03 4.606295e-01 6.308864e-01 7.942836e-02
5.587530e+03 7.422905e-01 4.760223e-01 6.899437e-02
5.587540e+03 1.174384e+00 3.090094e-01 5.558861e-02
5.587550e+03 1.826941e+00 1.609050e-01 4.011297e-02
5.587560e+03 2.804494e+00 6.053741e-02 2.460435e-02
5.587570e+03 4.276777e+00 1.388736e-02 1.178446e-02
5.587580e+03 6.513314e+00 1.483555e-03 3.851694e-03
5.587590e+03 9.916343e+00 4.936135e-05 7.025763e-04
5.587600e+03 1.501177e+01 3.023218e-07 5.498380e-05
5.587610e+03 2.236925e+01 1.928226e-10 1.388606e-06
5.587620e+03 3.240154e+01 8.476019e-15 9.206530e-09
5.587630e+03 4.509354e+01 2.606908e-20 1.614592e-11
5.587640e+03 5.971910e+01 1.159642e-26 1.076867e-14
5.587650e+03 7.472538e+01 3.525167e-33 5.937312e-18
5.587660e+03 8.789472e+01 6.726825e-39 8.201722e-21
5.587670e+03 9.685723e+01 8.618618e-43 9.283651e-23
5.587680e+03 9.976965e+01 4.683742e-44 2.164196e-23
5.587690e+03 9.592918e+01 2.180145e-42 1.476531e-22
5.587700e+03 8.603327e+01 4.327377e-38 2.080235e-20
5.587710e+03 7.196321e+01 5.581800e-32 2.362583e-17
5.587720e+03 5.619832e+01 3.920846e-25 6.261666e-14
5.587730e+03 4.111097e+01 1.398725e-18 1.182677e-10
5.587740e+03 2.843615e+01 4.470285e-13 6.686019e-08
5.587750e+03 1.905401e+01 5.308197e-09 7.285737e-06
5.587760e+03 1.308529e+01 2.075534e-06 1.440671e-04
5.587770e+03 1.015577e+01 3.885133e-05 6.233083e-04
5.587780e+03 9.682070e+00 6.239223e-05 7.898875e-04
5.587790e+03 1.106704e+01 1.561874e-05 3.952055e-04
5.587800e+03 1.377916e+01 1.037020e-06 1.018342e-04
5.587810e+03 1.734347e+01 2.936481e-08 1.713616e-05
5.587820e+03 2.130234e+01 5.604144e-10 2.367307e-06
5.587830e+03 2.518898e+01 1.149646e-11 3.390643e-07
5.587840e+03 2.853995e+01 4.029551e-13 6.347875e-08
5.587850e+03 3.095715e+01 3.593190e-14 1.895571e-08
5.587860e+03 3.221262e+01 1.023855e-14 1.011857e-08
5.587870e+03 3.235239e+01 8.902988e-15 9.435564e-09
5.587880e+03 3.177329e+01 1.588680e-14 1.260429e-08
5.587890e+03 3.122733e+01 2.742472e-14 1.656041e-08
5.587900e+03 3.172033e+01 1.675085e-14 1.294251e-08
5.587910e+03 3.431051e+01 1.256418e-15 3.544599e-09
5.587920e+03 3.983494e+01 5.010791e-18 2.238480e-10
5.587930e+03 4.865682e+01 7.389432e-22 2.718351e-12
5.587940e+03 6.049826e+01 5.320355e-27 7.294076e-15
5.587950e+03 7.441367e+01 4.814535e-33 6.938685e-18
5.587960e+03 8.889783e+01 2.466968e-39 4.966858e-21
5.587970e+03 1.020753e+02 4.669564e-45 6.833421e-24
5.587980e+03 1.119681e+02 2.359693e-49 4.857667e-26
5.587990e+03 1.168295e+02 1.826300e-51 4.273523e-27
5.588000e+03 1.155507e+02 6.560711e-51 8.099821e-27
5.588010e+03 1.080441e+02 1.194068e-47 3.455529e-25
5.588020e+03 9.546870e+01 3.455167e-42 1.858808e-22
5.588030e+03 8.010319e+01 1.627896e-35 4.034720e-19
5.588040e+03 6.487508e+01 6.685119e-29 8.176258e-16
5.588050e+03 5.266847e+01 1.337741e-23 3.657514e-13
5.588060e+03 4.565800e+01 1.482462e-20 1.217564e-11
5.588070e+03 4.484599e+01 3.339129e-20 1.827328e-11
5.588080e+03 4.989973e+01 2.132164e-22 1.460193e-12
5.588090e+03 5.927221e+01 1.813029e-26 1.346488e-14
5.588100e+03 7.054498e+01 2.305185e-31 4.801234e-17
5.588110e+03 8.097480e+01 6.809147e-36 2.609434e-19
5.588120e+03 8.811487e+01 5.397561e-39 7.346809e-21
5.588130e+03 9.040379e+01 5.471836e-40 2.339196e-21
5.588140e+03 8.751506e+01 9.833117e-39 9.916207e-21
5.588150e+03 8.038008e+01 1.234170e-35 3.513076e-19
5.588160e+03 7.084585e+01 1.706235e-31 4.130659e-17
5.588170e+03 6.111556e+01 2.869789e-27 5.357041e-15
5.588180e+03 5.315955e+01 8.186580e-24 2.861220e-13
5.588190e+03 4.827158e+01 1.086224e-21 3.295791e-12
5.588200e+03 4.688794e+01 4.333370e-21 6.582833e-12
5.588210e+03 4.864191e+01 7.500456e-22 2.738696e-12
5.588220e+03 5.259904e+01 1.433923e-23 3.786718e-13
5.588230e+03 5.756549e+01 9.991416e-26 3.160920e-14
5.588240e+03 6.238726e+01 8.045602e-28 2.836477e-15
5.588250e+03 6.619784e+01 1.780909e-29 4.220082e-16
5.588260e+03 6.857489e+01 1.653116e-30 1.285735e-16
5.588270e+03 6.959820e+01 5.941337e-31 7.708007e-17
5.588280e+03 6.978434e+01 4.932256e-31 7.023003e-17
5.588290e+03 6.991016e+01 4.349151e-31 6.594809e-17
5.588300e+03 7.075363e+01 1.871067e-31 4.325583e-17
5.588310e+03 7.284173e+01 2.318657e-32 1.522714e-17
5.588320e+03 7.630256e+01 7.281474e-34 2.698421e-18
5.588330e+03 8.088616e+01 7.440262e-36 2.727684e-19
5.588340e+03 8.611156e+01 4.001506e-38 2.000376e-20
5.588350e+03 9.144960e+01 1.922843e-40 1.386666e-21
5.588360e+03 9.641375e+01 1.342891e-42 1.158832e-22
5.588370e+03 1.005249e+02 2.200781e-44 1.483503e-23
5.588380e+03 1.032224e+02 1.482809e-45 3.850726e-24
5.588390e+03 1.038493e+02 7.921853e-46 2.814579e-24
5.588400e+03 1.017982e+02 6.160290e-45 7.848752e-24
5.588410e+03 9.674864e+01 9.607240e-43 9.801653e-23
5.588420e+03 8.889125e+01 2.483250e-39 4.983222e-21
5.588430e+03 7.898614e+01 4.974557e-35 7.053054e-19
5.588440e+03 6.824743e+01 2.293598e-30 1.514463e-16
5.588450e+03 5.807160e+01 6.023178e-26 2.454216e-14
5.588460e+03 4.972803e+01 2.531574e-22 1.591092e-12
5.588470e+03 4.407264e+01 7.235942e-20 2.689971e-11
5.588480e+03 4.140463e+01 1.042788e-18 1.021170e-10
5.588490e+03 4.150873e+01 9.396925e-19 9.693774e-11
5.588500e+03 4.397559e+01 7.973367e-20 2.823715e-11
5.588510e+03 4.878089e+01 6.527253e-22 2.554849e-12
5.588520e+03 5.695341e+01 1.842681e-25 4.292646e-14
5.588530e+03 7.103245e+01 1.415785e-31 3.762692e-17
5.588540e+03 9.496978e+01 5.690451e-42 2.385467e-22
5.588550e+03 1.332841e+02 1.304516e-58 1.142154e-30
5.588560e+03 1.896884e+02 4.162604e-83 6.451824e-43
5.588570e+03 2.658704e+02 3.419525e-116 1.849196e-59
5.588580e+03 3.612738e+02 1.261184e-157 3.551315e-80
5.588590e+03 4.742902e+02 1.043221e-206 1.021382e-104
5.588600e+03 6.042929e+02 3.621821e-263 6.018156e-133
5.588610e+03 7.528749e+02 0.000000e+00 0.000000e+00
5.588620e+03 9.225688e+02 0.000000e+00 0.000000e+00
5.588630e+03 1.112650e+03 0.000000e+00 0.000000e+00
5.588640e+03 1.313867e+03 0.000000e+00 0.000000e+00
5.588650e+03 1.505586e+03 0.000000e+00 0.000000e+00
5.588660e+03 1.658315e+03 0.000000e+00 0.000000e+00
5.588670e+03 1.741865e+03 0.000000e+00 0.000000e+00
5.588680e+03 1.735944e+03 0.000000e+00 0.000000e+00
5.588690e+03 1.638110e+03 0.000000e+00 0.000000e+00
5.588700e+03 1.465116e+03 0.000000e+00 0.000000e+00
5.588710e+03 1.247060e+03 0.000000e+00 0.000000e+00
5.588720e+03 1.017398e+03 0.000000e+00 0.000000e+00
5.588730e+03 8.035452e+02 0.000000e+00 0.000000e+00
5.588740e+03 6.217326e+02 9.659845e-271 9.828451e-137
5.588750e+03 4.771383e+02 6.046153e-208 2.458893e-105
5.588760e+03 3.676897e+02 2.062565e-160 1.436163e-81
5.588770e+03 2.888594e+02 3.547845e-126 1.883572e-64
5.588780e+03 2.372666e+02 9.044965e-104 3.007485e-53
5.588790e+03 2.121969e+02 6.982919e-93 8.356386e-48
5.588800e+03 2.152634e+02 3.253149e-94 1.803649e-48
5.588810e+03 2.488948e+02 8.060663e-109 8.978120e-56
5.588820e+03 3.142365e+02 3.379105e-137 5.813007e-70
5.588830e+03 4.089299e+02 2.535033e-178 1.592179e-90
5.588840e+03 5.253187e+02 7.194067e-229 8.481785e-116
5.588850e+03 6.498381e+02 6.010589e-283 7.752799e-143
5.588860e+03 7.643053e+02 0.000000e+00 0.000000e+00
5.588870e+03 8.493215e+02 0.000000e+00 0.000000e+00
5.588880e+03 8.890434e+02 0.000000e+00 0.000000e+00
5.588890e+03 8.756995e+02 0.000000e+00 0.000000e+00
5.588900e+03 8.120210e+02 0.000000e+00 0.000000e+00
5.588910e+03 7.104998e+02 2.715644e-309 5.211184e-156
5.588920e+03 5.897077e+02 7.819733e-257 8.842925e-130
5.588930e+03 4.691461e+02 1.788360e-204 1.337296e-103
5.588940e+03 3.645498e+02 4.764882e-159 6.902813e-81
5.588950e+03 2.850822e+02 1.550164e-124 1.245056e-63
5.588960e+03 2.328676e+02 7.359898e-102 2.712913e-52
5.588970e+03 2.043989e+02 1.700961e-89 4.124271e-46
5.588980e+03 1.928881e+02 1.697250e-84 1.302785e-43
5.588990e+03 1.907437e+02 1.448944e-83 3.806500e-43
5.589000e+03 1.916498e+02 5.855416e-84 2.419797e-43
5.589010e+03 1.920736e+02 3.832656e-84 1.957717e-43
5.589020e+03 1.921669e+02 3.491093e-84 1.868447e-43
5.589030e+03 1.960580e+02 7.129990e-86 2.670204e-44
5.589040e+03 2.114187e+02 1.520588e-92 1.233121e-47
5.589050e+03 2.481300e+02 1.731914e-108 1.316022e-55
5.589060e+03 3.159543e+02 6.064308e-138 2.462582e-70
5.589070e+03 4.213866e+02 9.866078e-184 3.141031e-93
5.589080e+03 5.643401e+02 8.132490e-246 2.851752e-124
5.589090e+03 7.357591e+02 2.910047e-320 1.705886e-161
5.589100e+03 9.173728e+02 0.000000e+00 0.000000e+00
5.589110e+03 1.084308e+03 0.000000e+00 0.000000e+00
5.589120e+03 1.210308e+03 0.000000e+00 0.000000e+00
5.589130e+03 1.274134e+03 0.000000e+00 0.000000e+00
5.589140e+03 1.265110e+03 0.000000e+00 0.000000e+00
5.589150e+03 1.185799e+03 0.000000e+00 0.000000e+00
5.589160e+03 1.050947e+03 0.000000e+00 0.000000e+00
5.589170e+03 8.831685e+02 0.000000e+00 0.000000e+00
5.589180e+03 7.071016e+02 8.122309e-308 2.849967e-155
5.589190e+03 5.441134e+02 4.949187e-237 7.035046e-120
5.589200e+03 4.090958e+02 2.147643e-178 1.465484e-90
5.589210e+03 3.097400e+02 3.031424e-135 5.505837e-69
5.589220e+03 2.476654e+02 2.755947e-108 1.660105e-55
5.589230e+03 2.202345e+02 2.256268e-96 1.502088e-49
5.589240e+03 2.221157e+02 3.438627e-97 5.863981e-50
5.589250e+03 2.463171e+02 1.061260e-107 3.257699e-55
5.589260e+03 2.850623e+02 1.581279e-124 1.257489e-63
5.589270e+03 3.311609e+02 1.508912e-144 1.228378e-73
5.589280e+03 3.801205e+02 8.236802e-166 2.869983e-84
5.589290e+03 4.323121e+02 1.775151e-188 1.332348e-95
5.589300e+03 4.937280e+02 3.772844e-215 6.142348e-109
5.589310e+03 5.738325e+02 6.133644e-250 2.476619e-126
5.589320e+03 6.802281e+02 3.808093e-296 1.951434e-149
5.589330e+03 8.119281e+02 0.000000e+00 0.000000e+00
5.589340e+03 9.547327e+02 0.000000e+00 0.000000e+00
5.589350e+03 1.082214e+03 0.000000e+00 0.000000e+00
5.589360e+03 1.163408e+03 0.000000e+00 0.000000e+00
5.589370e+03 1.174626e+03 0.000000e+00 0.000000e+00
5.589380e+03 1.109956e+03 0.000000e+00 0.000000e+00
5.589390e+03 9.852485e+02 0.000000e+00 0.000000e+00
5.589400e+03 8.336404e+02 0.000000e+00 0.000000e+00
5.589410e+03 6.950156e+02 1.440718e-302 1.200299e-152
5.589420e+03 6.043894e+02 3.288620e-263 5.734649e-133
5.589430e+03 5.838138e+02 2.837072e-254 1.684361e-128
5.589440e+03 6.398999e+02 1.244572e-278 1.115604e-140
5.589450e+03 7.663970e+02 0.000000e+00 0.000000e+00
5.589460e+03 9.497551e+02 0.000000e+00 0.000000e+00
5.589470e+03 1.175167e+03 0.000000e+00 0.000000e+00
5.589480e+03 1.430843e+03 0.000000e+00 0.000000e+00
5.589490e+03 1.708930e+03 0.000000e+00 0.000000e+00
5.589500e+03 2.002724e+03 0.000000e+00 0.000000e+00
5.589510e+03 2.301513e+03 0.000000e+00 0.000000e+00
5.589520e+03 2.585722e+03 0.000000e+00 0.000000e+00
5.589530e+03 2.825457e+03 0.000000e+00 0.000000e+00
5.589540e+03 2.984452e+03 0.000000e+00 0.000000e+00
5.589550e+03 3.029295e+03 0.000000e+00 0.000000e+00
5.589560e+03 2.940956e+03 0.000000e+00 0.000000e+00
5.589570e+03 2.723671e+03 0.000000e+00 0.000000e+00
5.589580e+03 2.406347e+03 0.000000e+00 0.000000e+00
5.589590e+03 2.034861e+03 0.000000e+00 0.000000e+00
5.589600e+03 1.658284e+03 0.000000e+00 0.000000e+00
5.589610e+03 1.315355e+03 0.000000e+00 0.000000e+00
5.589620e+03 1.027000e+03 0.000000e+00 0.000000e+00
5.589630e+03 7.968862e+02 0.000000e+00 0.000000e+00
5.589640e+03 6.176344e+02 5.818165e-269 7.627690e-136
5.589650e+03 4.782481e+02 1.992963e-208 1.411723e-105
5.589660e+03 3.692295e+02 4.422532e-161 6.650212e-82
5.589670e+03 2.843062e+02 3.368107e-124 1.835240e-63
5.589680e+03 2.197417e+02 3.692962e-96 1.921708e-49
5.589690e+03 1.729505e+02 7.736686e-76 2.781490e-39
5.589700e+03 1.416092e+02 3.161630e-62 1.778097e-32
5.589710e+03 1.236713e+02 1.950940e-54 1.396761e-28
5.589720e+03 1.180696e+02 5.284596e-52 2.298825e-27
5.589730e+03 1.256558e+02 2.681496e-55 5.178317e-29
5.589740e+03 1.498241e+02 8.554912e-66 2.924878e-34
5.589750e+03 1.962253e+02 6.031540e-86 2.455919e-44
5.589760e+03 2.710316e+02 1.960930e-118 1.400332e-60
5.589770e+03 3.776481e+02 9.761107e-165 9.879832e-84
5.589780e+03 5.126663e+02 2.248325e-223 4.741650e-113
5.589790e+03 6.629610e+02 1.201390e-288 1.096079e-145
5.589800e+03 8.061361e+02 0.000000e+00 0.000000e+00
5.589810e+03 9.155249e+02 0.000000e+00 0.000000e+00
5.589820e+03 9.685388e+02 0.000000e+00 0.000000e+00
5.589830e+03 9.549040e+02 0.000000e+00 0.000000e+00
5.589840e+03 8.807244e+02 0.000000e+00 0.000000e+00
5.589850e+03 7.662592e+02 0.000000e+00 0.000000e+00
5.589860e+03 6.386627e+02 4.288645e-278 2.070904e-140
5.589870e+03 5.234255e+02 4.777636e-228 2.185780e-115
5.589880e+03 4.385053e+02 3.627321e-191 6.022725e-97
5.589890e+03 3.930095e+02 2.080396e-171 4.561136e-87
5.589900e+03 3.895792e+02 6.425254e-170 2.534808e-86
5.589910e+03 4.278524e+02 1.534827e-186 1.238881e-94
5.589920e+03 5.063580e+02 1.234535e-220 1.111096e-111
5.589930e+03 6.215881e+02 1.116086e-270 1.056450e-136
5.589940e+03 7.649760e+02 0.000000e+00 0.000000e+00
5.589950e+03 9.200720e+02 0.000000e+00 0.000000e+00
5.589960e+03 1.062699e+03 0.000000e+00 0.000000e+00
5.589970e+03 1.165535e+03 0.000000e+00 0.000000e+00
5.589980e+03 1.206115e+03 0.000000e+00 0.000000e+00
5.589990e+03 1.174741e+03 0.000000e+00 0.000000e+00
5.590000e+03 1.078269e+03 0.000000e+00 0.000000e+00
5.590010e+03 9.375803e+02 0.000000e+00 0.000000e+00
5.590020e+03 7.799813e+02 0.000000e+00 0.000000e+00
5.590030e+03 6.303427e+02 1.760482e-274 1.326832e-138
5.590040e+03 5.049932e+02 4.833240e-220 2.198463e-111
5.590050e+03 4.102226e+02 6.959960e-179 8.342637e-91
5.590060e+03 3.446523e+02 2.086414e-150 1.444442e-76
5.590070e+03 3.031130e+02 2.289381e-132 1.513070e-67
5.590080e+03 2.798997e+02 2.761107e-122 1.661658e-62
5.590090e+03 2.704497e+02 3.509175e-118 1.873279e-60
5.590100e+03 2.717528e+02 9.533404e-119 9.763915e-61
5.590110e+03 2.823753e+02 2.322598e-123 4.819334e-63
5.590120e+03 3.027303e+02 3.356514e-132 1.832079e-67
5.590130e+03 3.355280e+02 1.914520e-146 1.383662e-74
5.590140e+03 3.856729e+02 3.194451e-168 1.787303e-85
5.590150e+03 4.586938e+02 6.191668e-200 2.488306e-101
5.590160e+03 5.575541e+02 7.199854e-243 8.485195e-123
5.590170e+03 6.790535e+02 1.232592e-295 3.510830e-149
5.590180e+03 8.121444e+02 0.000000e+00 0.000000e+00
5.590190e+03 9.401402e+02 0.000000e+00 0.000000e+00
5.590200e+03 1.046755e+03 0.000000e+00 0.000000e+00
5.590210e+03 1.123062e+03 0.000000e+00 0.000000e+00
5.590220e+03 1.171039e+03 0.000000e+00 0.000000e+00
5.590230e+03 1.200839e+03 0.000000e+00 0.000000e+00
5.590240e+03 1.222864e+03 0.000000e+00 0.000000e+00
5.590250e+03 1.239437e+03 0.000000e+00 0.000000e+00
5.590260e+03 1.241576e+03 0.000000e+00 0.000000e+00
5.590270e+03 1.213287e+03 0.000000e+00 0.000000e+00
5.590280e+03 1.140835e+03 0.000000e+00 0.000000e+00
5.590290e+03 1.021341e+03 0.000000e+00 0.000000e+00
5.590300e+03 8.656431e+02 0.000000e+00 0.000000e+00
5.590310e+03 6.942560e+02 3.079251e-302 1.754779e-152
5.590320e+03 5.293412e+02 1.288406e-230 1.135080e-116
5.590330e+03 3.873354e+02 6.058556e-169 7.783672e-86
5.590340e+03 2.755478e+02 2.143488e-120 1.464066e-61
5.590350e+03 1.931343e+02 1.326854e-84 1.151891e-43
5.590360e+03 1.346108e+02 3.461500e-59 5.883451e-31
5.590370e+03 9.347886e+01 2.527239e-41 5.027165e-22
5.590380e+03 6.446758e+01 1.004814e-28 1.002404e-15
5.590390e+03 4.414674e+01 6.719141e-20 2.592131e-11
5.590400e+03 3.053884e+01 5.459482e-14 2.336553e-08
5.590410e+03 2.246168e+01 1.757992e-10 1.325893e-06
5.590420e+03 1.910010e+01 5.069137e-09 7.119788e-06
5.590430e+03 1.997198e+01 2.119718e-09 4.604039e-06
5.590440e+03 2.532616e+01 1.002281e-11 3.165883e-07
5.590450e+03 3.692586e+01 9.189687e-17 9.586286e-10
5.590460e+03 5.910821e+01 2.136146e-26 1.461556e-14
5.590470e+03 9.965933e+01 5.230006e-44 2.286921e-23
5.590480e+03 1.696769e+02 2.042951e-74 1.429318e-38
5.590490e+03 2.813958e+02 6.185421e-123 7.864745e-63
5.590500e+03 4.434243e+02 2.650170e-193 5.147980e-98
5.590510e+03 6.542915e+02 6.995377e-285 8.363837e-144
5.590520e+03 8.969966e+02 0.000000e+00 0.000000e+00
5.590530e+03 1.138302e+03 0.000000e+00 0.000000e+00
5.590540e+03 1.335296e+03 0.000000e+00 0.000000e+00
5.590550e+03 1.448204e+03 0.000000e+00 0.000000e+00
5.590560e+03 1.454361e+03 0.000000e+00 0.000000e+00
5.590570e+03 1.356561e+03 0.000000e+00 0.000000e+00
5.590580e+03 1.181409e+03 0.000000e+00 0.000000e+00
5.590590e+03 9.686374e+02 0.000000e+00 0.000000e+00
5.590600e+03 7.570043e+02 0.000000e+00 0.000000e+00
5.590610e+03 5.734820e+02 8.708320e-250 2.950986e-126
5.590620e+03 4.295558e+02 2.794391e-187 5.286200e-95
5.590630e+03 3.241499e+02 1.672982e-141 4.090210e-72
5.590640e+03 2.497912e+02 3.288819e-109 5.734823e-56
5.590650e+03 1.984141e+02 6.758715e-87 8.221140e-45
5.590660e+03 1.648742e+02 2.489195e-72 1.577718e-37
5.590670e+03 1.480957e+02 4.817791e-65 6.941031e-34
5.590680e+03 1.507232e+02 3.481173e-66 1.865790e-34
5.590690e+03 1.780433e+02 4.750837e-78 2.179642e-40
5.590700e+03 2.363947e+02 2.163046e-103 4.650856e-53
5.590710e+03 3.309728e+02 1.821147e-144 1.349499e-73
5.590720e+03 4.631225e+02 7.386527e-202 2.717817e-102
5.590730e+03 6.278620e+02 2.103780e-273 4.586698e-138
5.590740e+03 8.127372e+02 0.000000e+00 0.000000e+00
5.590750e+03 9.989949e+02 0.000000e+00 0.000000e+00
5.590760e+03 1.165078e+03 0.000000e+00 0.000000e+00
5.590770e+03 1.291322e+03 0.000000e+00 0.000000e+00
5.590780e+03 1.364085e+03 0.000000e+00 0.000000e+00
5.590790e+03 1.377922e+03 0.000000e+00 0.000000e+00
5.590800e+03 1.335468e+03 0.000000e+00 0.000000e+00
5.590810e+03 1.245735e+03 0.000000e+00 0.000000e+00
5.590820e+03 1.121863e+03 0.000000e+00 0.000000e+00
5.590830e+03 9.790780e+02 0.000000e+00 0.000000e+00
5.590840e+03 8.330553e+02 0.000000e+00 0.000000e+00
5.590850e+03 6.986579e+02 3.773372e-304 1.942517e-153
5.590860e+03 5.890127e+02 1.566827e-256 1.251730e-129
5.590870e+03 5.149894e+02 2.202752e-224 1.484167e-113
5.590880e+03 4.850358e+02 2.247046e-211 4.740302e-107
5.590890e+03 5.050708e+02 4.472308e-220 2.114783e-111
5.590900e+03 5.779981e+02 9.519921e-252 3.085437e-127
5.590910e+03 7.025584e+02 7.634572e-306 2.763073e-154
5.590920e+03 8.717151e+02 0.000000e+00 0.000000e+00
5.590930e+03 1.071305e+03 0.000000e+00 0.000000e+00
5.590940e+03 1.279964e+03 0.000000e+00 0.000000e+00
5.590950e+03 1.471118e+03 0.000000e+00 0.000000e+00
5.590960e+03 1.617133e+03 0.000000e+00 0.000000e+00
5.590970e+03 1.694750e+03 0.000000e+00 0.000000e+00
5.590980e+03 1.690257e+03 0.000000e+00 0.000000e+00
5.590990e+03 1.602683e+03 0.000000e+00 0.000000e+00
5.591000e+03 1.443896e+03 0.000000e+00 0.000000e+00
5.591010e+03 1.235573e+03 0.000000e+00 0.000000e+00
5.591020e+03 1.004048e+03 0.000000e+00 0.000000e+00
5.591030e+03 7.747134e+02 0.000000e+00 0.000000e+00
5.591040e+03 5.675530e+02 3.272403e-247 5.720492e-125
5.591050e+03 3.947940e+02 3.492440e-172 1.868807e-87
5.591060e+03 2.608112e+02 5.384194e-114 2.320387e-58
5.591070e+03 1.637195e+02 7.898446e-72 2.810417e-37
5.591080e+03 9.776183e+01 3.488006e-43 5.905934e-23
5.591090e+03 5.565200e+01 6.770854e-25 8.228520e-14
5.591100e+03 3.033061e+01 6.723339e-14 2.592940e-08
5.591110e+03 1.595602e+01 1.175949e-07 3.429211e-05
5.591120e+03 8.229094e+00 2.667779e-04 1.633334e-03
5.591130e+03 4.277726e+00 1.387418e-02 1.177887e-02
5.591140e+03 2.338384e+00 9.648338e-02 3.106177e-02
5.591150e+03 1.409478e+00 2.442707e-01 4.942375e-02
5.591160e+03 9.623547e-01 3.819924e-01 6.180553e-02
5.591170e+03 7.351251e-01 4.794455e-01 6.924200e-02
5.591180e+03 6.058598e-01 5.456051e-01 7.386509e-02
5.591190e+03 5.228222e-01 5.928450e-01 7.699643e-02
5.591200e+03 4.615346e-01 6.303156e-01 7.939242e-02
5.591210e+03 4.148951e-01 6.604096e-01 8.126559e-02
5.591220e+03 3.775721e-01 6.855238e-01 8.279636e-02
5.591230e+03 3.469260e-01 7.068576e-01 8.407483e-02
5.591240e+03 3.206974e-01 7.256428e-01 8.518467e-02
5.591250e+03 2.982758e-01 7.420966e-01 8.614503e-02
5.591260e+03 2.795496e-01 7.561242e-01 8.695540e-02
5.591270e+03 2.616108e-01 7.698106e-01 8.773885e-02
5.591280e+03 2.470220e-01 7.811235e-01 8.838119e-02
5.591290e+03 2.337489e-01 7.915606e-01 8.896969e-02
5.591300e+03 2.219199e-01 8.009795e-01 8.949746e-02
5.591310e+03 2.110940e-01 8.096979e-01 8.998322e-02
5.591320e+03 2.011527e-01 8.177876e-01 9.043161e-02
5.591330e+03 1.917124e-01 8.255443e-01 9.085947e-02
5.591340e+03 1.832567e-01 8.325544e-01 9.124442e-02
5.591350e+03 1.746950e-01 8.397131e-01 9.163586e-02
5.591360e+03 1.674656e-01 8.458057e-01 9.196770e-02
5.591370e+03 1.607359e-01 8.515169e-01 9.227767e-02
5.591380e+03 1.544579e-01 8.568796e-01 9.256779e-02
5.591390e+03 1.482142e-01 8.622464e-01 9.285723e-02
5.591400e+03 1.427232e-01 8.669940e-01 9.311251e-02
5.591410e+03 1.375713e-01 8.714722e-01 9.335268e-02
5.591420e+03 1.322184e-01 8.761497e-01 9.360287e-02
5.591430e+03 1.271700e-01 8.805840e-01 9.383944e-02
5.591440e+03 1.228947e-01 8.843567e-01 9.404024e-02
5.591450e+03 1.188584e-01 8.879335e-01 9.423022e-02
5.591460e+03 1.147105e-01 8.916242e-01 9.442585e-02
5.591470e+03 1.111005e-01 8.948488e-01 9.459645e-02
5.591480e+03 1.076788e-01 8.979160e-01 9.475843e-02
5.591490e+03 1.044316e-01 9.008364e-01 9.491240e-02
5.591500e+03 1.013466e-01 9.036198e-01 9.505892e-02
5.591510e+03 9.841240e-02 9.062751e-01 9.519848e-02
5.591520e+03 9.534986e-02 9.090548e-01 9.534437e-02
5.591530e+03 9.230514e-02 9.118269e-01 9.548963e-02
5.591540e+03 8.978081e-02 9.141315e-01 9.561023e-02
5.591550e+03 8.737051e-02 9.163375e-01 9.572552e-02
5.591560e+03 8.506704e-02 9.184507e-01 9.583583e-02
5.591570e+03 8.211337e-02 9.211675e-01 9.597747e-02
5.591580e+03 8.001577e-02 9.231018e-01 9.607819e-02
5.591590e+03 7.800640e-02 9.249585e-01 9.617476e-02
5.591600e+03 7.608007e-02 9.267420e-01 9.626744e-02
5.591610e+03 7.423200e-02 9.284563e-01 9.635644e-02
5.591620e+03 7.245774e-02 9.301051e-01 9.644195e-02
5.591630e+03 7.075317e-02 9.316918e-01 9.652419e-02
5.591640e+03 6.838152e-02 9.339041e-01 9.663871e-02
5.591650e+03 6.682746e-02 9.353566e-01 9.671383e-02
5.591660e+03 6.533139e-02 9.367570e-01 9.678621e-02
5.591670e+03 6.389028e-02 9.381079e-01 9.685597e-02
5.591680e+03 6.217826e-02 9.397154e-01 9.693892e-02
5.591690e+03 6.084129e-02 9.409726e-01 9.700374e-02
5.591700e+03 5.955134e-02 9.421872e-01 9.706633e-02
5.591710e+03 5.788055e-02 9.437627e-01 9.714745e-02
5.591720e+03 5.619192e-02 9.453577e-01 9.722951e-02
5.591730e+03 5.503673e-02 9.464504e-01 9.728568e-02
5.591740e+03 5.392007e-02 9.475078e-01 9.734001e-02
5.591750e+03 5.284013e-02 9.485316e-01 9.739259e-02
5.591760e+03 5.179523e-02 9.495233e-01 9.744349e-02
5.591770e+03 5.078380e-02 9.504841e-01 9.749278e-02
5.591780e+03 4.980433e-02 9.514156e-01 9.754053e-02
5.591790e+03 4.885542e-02 9.523188e-01 9.758682e-02
5.591800e+03 4.793574e-02 9.531950e-01 9.763171e-02
5.591810e+03 4.704404e-02 9.540454e-01 9.767525e-02
5.591820e+03 4.617913e-02 9.548709e-01 9.771750e-02
5.591830e+03 4.533989e-02 9.556726e-01 9.775851e-02
5.591840e+03 4.452526e-02 9.564514e-01 9.779834e-02
5.591850e+03 4.373424e-02 9.572083e-01 9.783702e-02
5.591860e+03 4.296587e-02 9.579441e-01 9.787462e-02
5.591870e+03 4.221924e-02 9.586596e-01 9.791116e-02
5.591880e+03 4.149351e-02 9.593556e-01 9.794670e-02
5.591890e+03 4.078786e-02 9.600328e-01 9.798126e-02
5.591900e+03 4.010151e-02 9.606919e-01 9.801489e-02
5.591910e+03 3.890162e-02 9.618453e-01 9.807371e-02
5.591920e+03 3.825986e-02 9.624628e-01 9.810519e-02
5.591930e+03 3.730870e-02 9.633787e-01 9.815186e-02
5.591940e+03 3.571804e-02 9.649123e-01 9.822995e-02
5.591950e+03 3.513805e-02 9.654721e-01 9.825844e-02
5.591960e+03 3.457308e-02 9.660177e-01 9.828620e-02
5.591970e+03 3.402259e-02 9.665497e-01 9.831326e-02
5.591980e+03 3.348607e-02 9.670684e-01 9.833964e-02
5.591990e+03 3.296302e-02 9.675743e-01 9.836536e-02
5.592000e+03 3.245299e-02 9.680680e-01 9.839044e-02
5.592010e+03 3.195552e-02 9.685497e-01 9.841492e-02
5.592020e+03 3.147018e-02 9.690199e-01 9.843881e-02
5.592030e+03 3.099656e-02 9.694789e-01 9.846212e-02
5.592040e+03 3.053427e-02 9.699272e-01 9.848488e-02
5.592050e+03 2.955962e-02 9.708730e-01 9.853289e-02
5.592060e+03 2.912293e-02 9.712971e-01 9.855440e-02
5.592070e+03 2.869645e-02 9.717114e-01 9.857542e-02
5.592080e+03 2.827984e-02 9.721163e-01 9.859596e-02
5.592090e+03 2.728671e-02 9.730822e-01 9.864493e-02
5.592100e+03 2.639025e-02 9.739549e-01 9.868916e-02
5.592110e+03 2.600980e-02 9.743255e-01 9.870793e-02
5.592120e+03 2.563794e-02 9.746879e-01 9.872628e-02
5.592130e+03 2.527441e-02 9.750423e-01 9.874423e-02
5.592140e+03 2.491895e-02 9.753890e-01 9.876178e-02
5.592150e+03 2.457130e-02 9.757281e-01 9.877895e-02
5.592160e+03 2.423125e-02 9.760600e-01 9.879575e-02
5.592170e+03 2.389855e-02 9.763848e-01 9.881218e-02
5.592180e+03 2.357300e-02 9.767027e-01 9.882827e-02
5.592190e+03 2.287655e-02 9.773831e-01 9.886269e-02
5.592200e+03 2.257047e-02 9.776823e-01 9.887782e-02
5.592210e+03 2.227080e-02 9.779754e-01 9.889264e-02
5.592220e+03 2.197734e-02 9.782624e-01 9.890715e-02
5.592230e+03 2.168993e-02 9.785436e-01 9.892136e-02
5.592240e+03 2.140838e-02 9.788192e-01 9.893529e-02
5.592250e+03 2.113253e-02 9.790892e-01 9.894894e-02
5.592260e+03 2.086223e-02 9.793539e-01 9.896231e-02
5.592270e+03 2.059733e-02 9.796133e-01 9.897542e-02
5.592280e+03 2.033767e-02 9.798677e-01 9.898827e-02
5.592290e+03 2.008311e-02 9.801172e-01 9.900087e-02
5.592300e+03 1.983352e-02 9.803619e-01 9.901322e-02
5.592310e+03 1.958876e-02 9.806019e-01 9.902534e-02
5.592320e+03 1.934871e-02 9.808373e-01 9.903723e-02
5.592330e+03 1.911324e-02 9.810683e-01 9.904889e-02
5.592340e+03 1.888223e-02 9.812949e-01 9.906033e-02
5.592350e+03 1.865556e-02 9.815174e-01 9.907156e-02
5.592360e+03 1.843313e-02 9.817357e-01 9.908258e-02
5.592370e+03 1.821482e-02 9.819501e-01 9.909339e-02
5.592380e+03 1.800054e-02 9.821605e-01 9.910401e-02
5.592390e+03 1.717572e-02 9.829709e-01 9.914489e-02
5.592400e+03 1.697393e-02 9.831693e-01 9.915489e-02
5.592410e+03 1.677581e-02 9.833641e-01 9.916472e-02
5.592420e+03 1.658127e-02 9.835554e-01 9.917436e-02
5.592430e+03 1.639023e-02 9.837434e-01 9.918384e-02
5.592440e+03 1.620259e-02 9.839280e-01 9.919314e-02
5.592450e+03 1.601827e-02 9.841093e-01 9.920229e-02
5.592460e+03 1.583719e-02 9.842876e-01 9.921127e-02
5.592470e+03 1.565929e-02 9.844627e-01 9.922009e-02
5.592480e+03 1.548447e-02 9.846348e-01 9.922877e-02
5.592490e+03 1.531266e-02 9.848040e-01 9.923729e-02
5.592500e+03 1.514381e-02 9.849703e-01 9.924567e-02
5.592510e+03 1.497783e-02 9.851338e-01 9.925391e-02
5.592520e+03 1.481466e-02 9.852945e-01 9.926200e-02
5.592530e+03 1.465424e-02 9.854526e-01 9.926997e-02
5.592540e+03 1.449649e-02 9.856081e-01 9.927780e-02
5.592550e+03 1.374916e-02 9.863449e-01 9.931490e-02
5.592560e+03 1.360119e-02 9.864909e-01 9.932225e-02
5.592570e+03 1.345567e-02 9.866344e-01 9.932947e-02
5.592580e+03 1.331255e-02 9.867757e-01 9.933658e-02
5.592590e+03 1.317177e-02 9.869146e-01 9.934358e-02
5.592600e+03 1.303328e-02 9.870513e-01 9.935045e-02
5.592610e+03 1.289703e-02 9.871858e-01 9.935722e-02
5.592620e+03 1.276297e-02 9.873181e-01 9.936388e-02
5.592630e+03 1.263105e-02 9.874484e-01 9.937044e-02
5.592640e+03 1.250123e-02 9.875766e-01 9.937689e-02
5.592650e+03 1.237346e-02 9.877028e-01 9.938324e-02
5.592660e+03 1.224770e-02 9.878270e-01 9.938949e-02
5.592670e+03 1.212390e-02 9.879493e-01 9.939564e-02
5.592680e+03 1.200203e-02 9.880697e-01 9.940170e-02
5.592690e+03 1.188204e-02 9.881883e-01 9.940766e-02
5.592700e+03 1.176389e-02 9.883050e-01 9.941353e-02
5.592710e+03 1.164754e-02 9.884200e-01 9.941932e-02
5.592720e+03 1.153296e-02 9.885333e-01 9.942501e-02
5.592730e+03 1.142011e-02 9.886448e-01 9.943062e-02
5.592740e+03 1.130896e-02 9.887547e-01 9.943615e-02
5.592750e+03 1.119947e-02 9.888630e-01 9.944159e-02
5.592760e+03 1.109160e-02 9.889697e-01 9.944695e-02
5.592770e+03 1.023732e-02 9.898149e-01 9.948944e-02
5.592780e+03 1.013841e-02 9.899128e-01 9.949436e-02
5.592790e+03 1.004096e-02 9.900093e-01 9.949921e-02
5.592800e+03 9.944950e-03 9.901043e-01 9.950399e-02
5.592810e+03 9.850344e-03 9.901980e-01 9.950869e-02
5.592820e+03 9.757115e-03 9.902903e-01 9.951333e-02
5.592830e+03 9.665238e-03 9.903813e-01 9.951790e-02
5.592840e+03 8.771649e-03 9.912667e-01 9.956238e-02
5.592850e+03 8.688619e-03 9.913490e-01 9.956651e-02
5.592860e+03 8.606791e-03 9.914301e-01 9.957059e-02
5.592870e+03 8.526140e-03 9.915101e-01 9.957460e-02
5.592880e+03 8.446644e-03 9.915889e-01 9.957856e-02
5.592890e+03 8.368281e-03 9.916666e-01 9.958246e-02
5.592900e+03 8.291029e-03 9.917432e-01 9.958631e-02
5.592910e+03 8.214866e-03 9.918188e-01 9.959010e-02
5.592920e+03 8.139772e-03 9.918933e-01 9.959384e-02
5.592930e+03 8.065727e-03 9.919667e-01 9.959753e-02
5.592940e+03 7.992711e-03 9.920391e-01 9.960116e-02
5.592950e+03 7.920704e-03 9.921106e-01 9.960475e-02
5.592960e+03 7.849688e-03 9.921810e-01 9.960828e-02
5.592970e+03 7.779644e-03 9.922505e-01 9.961177e-02
5.592980e+03 7.710555e-03 9.923191e-01 9.961521e-02
5.592990e+03 7.642402e-03 9.923867e-01 9.961861e-02
5.593000e+03 7.575169e-03 9.924534e-01 9.962196e-02
5.593010e+03 7.508839e-03 9.925193e-01 9.962526e-02
5.593020e+03 7.443396e-03 9.925842e-01 9.962852e-02
5.593030e+03 7.378823e-03 9.926483e-01 9.963174e-02
5.593040e+03 7.315105e-03 9.927116e-01 9.963491e-02
5.593050e+03 7.252227e-03 9.927740e-01 9.963805e-02
5.593060e+03 7.190174e-03 9.928356e-01 9.964114e-02
5.593070e+03 7.128931e-03 9.928964e-01 9.964419e-02
5.593080e+03 7.068483e-03 9.929564e-01 9.964720e-02
5.593090e+03 7.008818e-03 9.930157e-01 9.965017e-02
5.593100e+03 6.949921e-03 9.930742e-01 9.965311e-02
5.593110e+03 6.891779e-03 9.931319e-01 9.965600e-02
5.593120e+03 6.834379e-03 9.931889e-01 9.965886e-02
5.593130e+03 6.777708e-03 9.932452e-01 9.966169e-02
5.593140e+03 6.721753e-03 9.933008e-01 9.966448e-02
5.593150e+03 6.666503e-03 9.933557e-01 9.966723e-02
5.593160e+03 6.611946e-03 9.934099e-01 9.966995e-02
5.593170e+03 6.558069e-03 9.934634e-01 9.967263e-02
5.593180e+03 6.504862e-03 9.935162e-01 9.967529e-02
5.593190e+03 6.452313e-03 9.935685e-01 9.967790e-02
5.593200e+03 6.400411e-03 9.936200e-01 9.968049e-02
5.593210e+03 6.349145e-03 9.936710e-01 9.968305e-02
5.593220e+03 6.298505e-03 9.937213e-01 9.968557e-02
5.593230e+03 6.248481e-03 9.937710e-01 9.968806e-02
5.593240e+03 6.199062e-03 9.938201e-01 9.969053e-02
5.593250e+03 6.150239e-03 9.938686e-01 9.969296e-02
5.593260e+03 6.102001e-03 9.939166e-01 9.969536e-02
5.593270e+03 6.054340e-03 9.939640e-01 9.969774e-02
5.593280e+03 6.007247e-03 9.940108e-01 9.970009e-02
5.593290e+03 5.960711e-03 9.940570e-01 9.970241e-02
5.593300e+03 5.914725e-03 9.941027e-01 9.970470e-02
5.593310e+03 5.869279e-03 9.941479e-01 9.970697e-02
5.593320e+03 5.824364e-03 9.941926e-01 9.970921e-02
5.593330e+03 5.467019e-03 9.945479e-01 9.972702e-02
5.593340e+03 5.425566e-03 9.945891e-01 9.972909e-02
5.593350e+03 5.384593e-03 9.946299e-01 9.973113e-02
5.593360e+03 5.344091e-03 9.946702e-01 9.973315e-02
5.593370e+03 5.304053e-03 9.947100e-01 9.973515e-02
5.593380e+03 5.264472e-03 9.947494e-01 9.973712e-02
5.593390e+03 5.225342e-03 9.947883e-01 9.973907e-02
5.593400e+03 5.186655e-03 9.948268e-01 9.974100e-02
5.593410e+03 5.148404e-03 9.948648e-01 9.974291e-02
5.593420e+03 5.110583e-03 9.949025e-01 9.974480e-02
5.593430e+03 5.073186e-03 9.949397e-01 9.974666e-02
5.593440e+03 5.036205e-03 9.949765e-01 9.974851e-02
5.593450e+03 4.999635e-03 9.950128e-01 9.975033e-02
5.593460e+03 4.963470e-03 9.950488e-01 9.975213e-02
5.593470e+03 4.927703e-03 9.950844e-01 9.975392e-02
5.593480e+03 4.892329e-03 9.951196e-01 9.975568e-02
5.593490e+03 4.857341e-03 9.951544e-01 9.975743e-02
5.593500e+03 4.822735e-03 9.951889e-01 9.975915e-02
5.593510e+03 4.788504e-03 9.952229e-01 9.976086e-02
5.593520e+03 4.754643e-03 9.952566e-01 9.976255e-02
5.593530e+03 4.721146e-03 9.952900e-01 9.976422e-02
5.593540e+03 4.688009e-03 9.953230e-01 9.976587e-02
5.593550e+03 4.655226e-03 9.953556e-01 9.976751e-02
5.593560e+03 4.622792e-03 9.953879e-01 9.976913e-02
5.593570e+03 4.590701e-03 9.954198e-01 9.977073e-02
5.593580e+03 4.558950e-03 9.954514e-01 9.977231e-02
5.593590e+03 4.527534e-03 9.954827e-01 9.977388e-02
5.593600e+03 4.496446e-03 9.955136e-01 9.977543e-02
5.593610e+03 4.465684e-03 9.955443e-01 9.977696e-02
5.593620e+03 4.435242e-03 9.955746e-01 9.977848e-02
5.593630e+03 4.405115e-03 9.956046e-01 9.977999e-02
5.593640e+03 4.375300e-03 9.956343e-01 9.978147e-02
5.593650e+03 4.345792e-03 9.956636e-01 9.978295e-02
5.593660e+03 4.316587e-03 9.956927e-01 9.978440e-02
5.593670e+03 4.287680e-03 9.957215e-01 9.978585e-02
5.593680e+03 4.259068e-03 9.957500e-01 9.978727e-02
5.593690e+03 4.230747e-03 9.957782e-01 9.978869e-02
5.593700e+03 4.202711e-03 9.958061e-01 9.979009e-02
5.593710e+03 4.174959e-03 9.958337e-01 9.979147e-02
5.593720e+03 4.147485e-03 9.958611e-01 9.979284e-02
5.593730e+03 4.120286e-03 9.958882e-01 9.979420e-02
5.593740e+03 4.093358e-03 9.959150e-01 9.979554e-02
5.593750e+03 4.066698e-03 9.959416e-01 9.979687e-02
5.593760e+03 4.040302e-03 9.959678e-01 9.979819e-02
5.593770e+03 4.014166e-03 9.959939e-01 9.979949e-02
5.593780e+03 3.988288e-03 9.960197e-01 9.980078e-02
5.593790e+03 3.962663e-03 9.960452e-01 9.980206e-02
5.593800e+03 3.937288e-03 9.960705e-01 9.980333e-02
5.593810e+03 3.912160e-03 9.960955e-01 9.980458e-02
5.593820e+03 3.887277e-03 9.961203e-01 9.980582e-02
5.593830e+03 3.862633e-03 9.961448e-01 9.980705e-02
5.593840e+03 3.838227e-03 9.961691e-01 9.980827e-02
5.593850e+03 3.814056e-03 9.961932e-01 9.980948e-02
5.593860e+03 3.790116e-03 9.962171e-01 9.981067e-02
5.593870e+03 3.766404e-03 9.962407e-01 9.981186e-02
5.593880e+03 3.742918e-03 9.962641e-01 9.981303e-02
5.593890e+03 3.719654e-03 9.962873e-01 9.981419e-02
5.593900e+03 3.696610e-03 9.963102e-01 9.981534e-02
5.593910e+03 3.673783e-03 9.963330e-01 9.981648e-02
5.593920e+03 3.651169e-03 9.963555e-01 9.981761e-02
5.593930e+03 3.628768e-03 9.963778e-01 9.981873e-02
5.593940e+03 3.606575e-03 9.963999e-01 9.981983e-02
5.593950e+03 3.584588e-03 9.964218e-01 9.982093e-02
5.593960e+03 3.562805e-03 9.964435e-01 9.982202e-02
5.593970e+03 3.541223e-03 9.964650e-01 9.982310e-02
5.593980e+03 3.519840e-03 9.964863e-01 9.982416e-02
5.593990e+03 3.498653e-03 9.965075e-01 9.982522e-02
5.594000e+03 3.477659e-03 9.965284e-01 9.982627e-02
5.594010e+03 3.456857e-03 9.965491e-01 9.982731e-02
5.594020e+03 3.436243e-03 9.965697e-01 9.982834e-02
5.594030e+03 3.415817e-03 9.965900e-01 9.982935e-02
5.594040e+03 3.395574e-03 9.966102e-01 9.983037e-02
5.594050e+03 3.375514e-03 9.966302e-01 9.983137e-02
5.594060e+03 3.355634e-03 9.966500e-01 9.983236e-02
5.594070e+03 3.335931e-03 9.966696e-01 9.983334e-02
5.594080e+03 3.316404e-03 9.966891e-01 9.983432e-02
5.594090e+03 3.297051e-03 9.967084e-01 9.983528e-02
5.594100e+03 3.277869e-03 9.967275e-01 9.983624e-02
5.594110e+03 3.258856e-03 9.967464e-01 9.983719e-02
5.594120e+03 3.240011e-03 9.967652e-01 9.983813e-02
5.594130e+03 3.221331e-03 9.967839e-01 9.983906e-02
5.594140e+03 3.202815e-03 9.968023e-01 9.983999e-02
5.594150e+03 3.184460e-03 9.968206e-01 9.984090e-02
5.594160e+03 3.166265e-03 9.968387e-01 9.984181e-02
5.594170e+03 3.148227e-03 9.968567e-01 9.984271e-02
5.594180e+03 3.130346e-03 9.968745e-01 9.984361e-02
5.594190e+03 3.112618e-03 9.968922e-01 9.984449e-02
5.594200e+03 3.095043e-03 9.969097e-01 9.984537e-02
5.594210e+03 3.077619e-03 9.969271e-01 9.984624e-02
5.594220e+03 3.060343e-03 9.969443e-01 9.984710e-02
5.594230e+03 3.043214e-03 9.969614e-01 9.984795e-02
5.594240e+03 3.026231e-03 9.969783e-01 9.984880e-02
5.594250e+03 3.009392e-03 9.969951e-01 9.984964e-02
5.594260e+03 2.992695e-03 9.970118e-01 9.985048e-02
5.594270e+03 2.976138e-03 9.970283e-01 9.985130e-02
5.594280e+03 2.959720e-03 9.970447e-01 9.985212e-02
5.594290e+03 2.943440e-03 9.970609e-01 9.985294e-02
5.594300e+03 2.927295e-03 9.970770e-01 9.985374e-02
5.594310e+03 2.911285e-03 9.970929e-01 9.985454e-02
5.594320e+03 2.895407e-03 9.971088e-01 9.985533e-02
5.594330e+03 2.879661e-03 9.971245e-01 9.985612e-02
5.594340e+03 2.864045e-03 9.971401e-01 9.985690e-02
5.594350e+03 2.848557e-03 9.971555e-01 9.985767e-02
5.594360e+03 2.833196e-03 9.971708e-01 9.985844e-02
5.594370e+03 2.817961e-03 9.971860e-01 9.985920e-02
5.594380e+03 2.802849e-03 9.972011e-01 9.985996e-02
5.594390e+03 2.787861e-03 9.972160e-01 9.986070e-02
5.594400e+03 2.772994e-03 9.972308e-01 9.986145e-02
5.594410e+03 2.758248e-03 9.972456e-01 9.986218e-02
5.594420e+03 2.743620e-03 9.972601e-01 9.986291e-02
5.594430e+03 2.729110e-03 9.972746e-01 9.986364e-02
5.594440e+03 2.714716e-03 9.972890e-01 9.986436e-02
5.594450e+03 2.700437e-03 9.973032e-01 9.986507e-02
5.594460e+03 2.686272e-03 9.973173e-01 9.986578e-02
5.594470e+03 2.672220e-03 9.973313e-01 9.986648e-02
5.594480e+03 2.658279e-03 9.973453e-01 9.986717e-02
5.594490e+03 2.644449e-03 9.973590e-01 9.986786e-02
5.594500e+03 2.630727e-03 9.973727e-01 9.986855e-02
5.594510e+03 2.617113e-03 9.973863e-01 9.986923e-02
5.594520e+03 2.603606e-03 9.973998e-01 9.986990e-02
5.594530e+03 2.590205e-03 9.974131e-01 9.987057e-02
5.594540e+03 2.576908e-03 9.974264e-01 9.987124e-02
5.594550e+03 2.563715e-03 9.974396e-01 9.987190e-02
5.594560e+03 2.550624e-03 9.974526e-01 9.987255e-02
5.594570e+03 2.537634e-03 9.974656e-01 9.987320e-02
5.594580e+03 2.524745e-03 9.974784e-01 9.987384e-02
5.594590e+03 2.511954e-03 9.974912e-01 9.987448e-02
5.594600e+03 2.499262e-03 9.975039e-01 9.987511e-02
5.594610e+03 2.486667e-03 9.975164e-01 9.987574e-02
5.594620e+03 2.474168e-03 9.975289e-01 9.987637e-02
5.594630e+03 2.461764e-03 9.975413e-01 9.987699e-02
5.594640e+03 2.449455e-03 9.975535e-01 9.987760e-02
5.594650e+03 2.437239e-03 9.975657e-01 9.987821e-02
5.594660e+03 2.425114e-03 9.975778e-01 9.987882e-02
5.594670e+03 2.413082e-03 9.975898e-01 9.987942e-02
5.594680e+03 2.401140e-03 9.976017e-01 9.988002e-02
5.594690e+03 1.954704e-03 9.980472e-01 9.990231e-02
5.594700e+03 1.944628e-03 9.980573e-01 9.990282e-02
5.594710e+03 1.934631e-03 9.980672e-01 9.990332e-02
5.594720e+03 1.924710e-03 9.980771e-01 9.990381e-02
5.594730e+03 1.914866e-03 9.980870e-01 9.990430e-02
5.594740e+03 1.905097e-03 9.980967e-01 9.990479e-02
5.594750e+03 1.895403e-03 9.981064e-01 9.990527e-02
5.594760e+03 1.885783e-03 9.981160e-01 9.990576e-02
5.594770e+03 1.876236e-03 9.981255e-01 9.990623e-02
5.594780e+03 1.866762e-03 9.981350e-01 9.990671e-02
5.594790e+03 1.857359e-03 9.981444e-01 9.990718e-02
5.594800e+03 1.848027e-03 9.981537e-01 9.990764e-02
5.594810e+03 1.838766e-03 9.981629e-01 9.990810e-02
5.594820e+03 1.829574e-03 9.981721e-01 9.990856e-02
5.594830e+03 1.820451e-03 9.981812e-01 9.990902e-02
5.594840e+03 1.811397e-03 9.981902e-01 9.990947e-02
5.594850e+03 1.802410e-03 9.981992e-01 9.990992e-02
5.594860e+03 1.793490e-03 9.982081e-01 9.991037e-02
5.594870e+03 1.784636e-03 9.982170e-01 9.991081e-02
5.594880e+03 1.775847e-03 9.982257e-01 9.991125e-02
5.594890e+03 1.767124e-03 9.982344e-01 9.991168e-02
5.594900e+03 1.758465e-03 9.982431e-01 9.991212e-02
5.594910e+03 1.749869e-03 9.982517e-01 9.991254e-02
5.594920e+03 1.741336e-03 9.982602e-01 9.991297e-02
5.594930e+03 1.732866e-03 9.982686e-01 9.991339e-02
5.594940e+03 1.724458e-03 9.982770e-01 9.991381e-02
5.594950e+03 1.716110e-03 9.982854e-01 9.991423e-02
5.594960e+03 1.707824e-03 9.982936e-01 9.991465e-02
5.594970e+03 1.699597e-03 9.983018e-01 9.991506e-02
5.594980e+03 1.691430e-03 9.983100e-01 9.991546e-02
5.594990e+03 1.683322e-03 9.983181e-01 9.991587e-02
5.595000e+03 1.675272e-03 9.983261e-01 9.991627e-02
5.595010e+03 1.667279e-03 9.983341e-01 9.991667e-02
5.595020e+03 1.659344e-03 9.983420e-01 9.991707e-02
5.595030e+03 1.651466e-03 9.983499e-01 9.991746e-02
5.595040e+03 1.643643e-03 9.983577e-01 9.991785e-02
5.595050e+03 1.635876e-03 9.983655e-01 9.991824e-02
5.595060e+03 1.628165e-03 9.983732e-01 9.991862e-02
5.595070e+03 1.620507e-03 9.983808e-01 9.991901e-02
5.595080e+03 1.612904e-03 9.983884e-01 9.991939e-02
5.595090e+03 1.605354e-03 9.983959e-01 9.991976e-02
5.595100e+03 1.597857e-03 9.984034e-01 9.992014e-02
5.595110e+03 1.590413e-03 9.984109e-01 9.992051e-02
5.595120e+03 1.583021e-03 9.984182e-01 9.992088e-02
5.595130e+03 1.575680e-03 9.984256e-01 9.992125e-02
5.595140e+03 1.568390e-03 9.984328e-01 9.992161e-02
5.595150e+03 1.561151e-03 9.984401e-01 9.992197e-02
5.595160e+03 1.553962e-03 9.984472e-01 9.992233e-02
5.595170e+03 1.546823e-03 9.984544e-01 9.992269e-02
5.595180e+03 1.539733e-03 9.984615e-01 9.992304e-02
5.595190e+03 1.532691e-03 9.984685e-01 9.992339e-02
5.595200e+03 1.525698e-03 9.984755e-01 9.992374e-02
5.595210e+03 1.518753e-03 9.984824e-01 9.992409e-02
5.595220e+03 1.511855e-03 9.984893e-01 9.992444e-02
5.595230e+03 1.505004e-03 9.984961e-01 9.992478e-02
5.595240e+03 1.498200e-03 9.985029e-01 9.992512e-02
5.595250e+03 1.491442e-03 9.985097e-01 9.992546e-02
5.595260e+03 1.484729e-03 9.985164e-01 9.992579e-02
5.595270e+03 1.478062e-03 9.985230e-01 9.992612e-02
5.595280e+03 1.471440e-03 9.985296e-01 9.992646e-02
5.595290e+03 1.464862e-03 9.985362e-01 9.992678e-02
5.595300e+03 1.458328e-03 9.985427e-01 9.992711e-02
5.595310e+03 1.451838e-03 9.985492e-01 9.992743e-02
5.595320e+03 1.445391e-03 9.985557e-01 9.992776e-02
5.595330e+03 1.438988e-03 9.985620e-01 9.992808e-02
5.595340e+03 1.432626e-03 9.985684e-01 9.992839e-02
5.595350e+03 1.426307e-03 9.985747e-01 9.992871e-02
5.595360e+03 1.420030e-03 9.985810e-01 9.992902e-02
5.595370e+03 1.413794e-03 9.985872e-01 9.992934e-02
5.595380e+03 1.407600e-03 9.985934e-01 9.992964e-02
5.595390e+03 1.401446e-03 9.985995e-01 9.992995e-02
5.595400e+03 1.395332e-03 9.986056e-01 9.993026e-02
5.595410e+03 1.389258e-03 9.986117e-01 9.993056e-02
5.595420e+03 1.383224e-03 9.986177e-01 9.993086e-02
5.595430e+03 1.377229e-03 9.986237e-01 9.993116e-02
5.595440e+03 1.371274e-03 9.986297e-01 9.993146e-02
5.595450e+03 1.365356e-03 9.986356e-01 9.993176e-02
5.595460e+03 1.359478e-03 9.986414e-01 9.993205e-02
5.595470e+03 1.353637e-03 9.986473e-01 9.993234e-02
5.595480e+03 1.347833e-03 9.986531e-01 9.993263e-02
5.595490e+03 1.342067e-03 9.986588e-01 9.993292e-02
5.595500e+03 1.336338e-03 9.986646e-01 9.993321e-02
5.595510e+03 1.330646e-03 9.986702e-01 9.993349e-02
5.595520e+03 1.324990e-03 9.986759e-01 9.993377e-02
5.595530e+03 1.319370e-03 9.986815e-01 9.993405e-02
5.595540e+03 1.313786e-03 9.986871e-01 9.993433e-02
5.595550e+03 1.308237e-03 9.986926e-01 9.993461e-02
5.595560e+03 1.302724e-03 9.986981e-01 9.993489e-02
5.595570e+03 1.297245e-03 9.987036e-01 9.993516e-02
5.595580e+03 1.291801e-03 9.987090e-01 9.993543e-02
5.595590e+03 1.286391e-03 9.987144e-01 9.993570e-02
5.595600e+03 1.281015e-03 9.987198e-01 9.993597e-02
5.595610e+03 1.275673e-03 9.987251e-01 9.993624e-02
5.595620e+03 1.270364e-03 9.987304e-01 9.993650e-02
5.595630e+03 1.265089e-03 9.987357e-01 9.993677e-02
5.595640e+03 1.259846e-03 9.987409e-01 9.993703e-02
5.595650e+03 1.254635e-03 9.987462e-01 9.993729e-02
5.595660e+03 1.249458e-03 9.987513e-01 9.993755e-02
5.595670e+03 1.244312e-03 9.987565e-01 9.993780e-02
5.595680e+03 9.257346e-04 9.990747e-01 9.995372e-02
5.595690e+03 9.218705e-04 9.990786e-01 9.995392e-02
5.595700e+03 9.180305e-04 9.990824e-01 9.995411e-02
5.595710e+03 9.142146e-04 9.990862e-01 9.995430e-02
5.595720e+03 9.104224e-04 9.990900e-01 9.995449e-02
5.595730e+03 9.066538e-04 9.990938e-01 9.995468e-02
5.595740e+03 9.029085e-04 9.990975e-01 9.995486e-02
5.595750e+03 8.991864e-04 9.991012e-01 9.995505e-02
5.595760e+03 8.954873e-04 9.991049e-01 9.995524e-02
5.595770e+03 8.918111e-04 9.991086e-01 9.995542e-02
5.595780e+03 8.881574e-04 9.991122e-01 9.995560e-02
5.595790e+03 8.845262e-04 9.991159e-01 9.995578e-02
5.595800e+03 8.809172e-04 9.991195e-01 9.995596e-02
5.595810e+03 8.773302e-04 9.991231e-01 9.995614e-02
5.595820e+03 8.737652e-04 9.991266e-01 9.995632e-02
5.595830e+03 8.702219e-04 9.991302e-01 9.995650e-02
5.595840e+03 8.667000e-04 9.991337e-01 9.995667e-02
5.595850e+03 8.631996e-04 9.991372e-01 9.995685e-02
5.595860e+03 8.597203e-04 9.991406e-01 9.995702e-02
5.595870e+03 8.562621e-04 9.991441e-01 9.995720e-02
5.595880e+03 8.528247e-04 9.991475e-01 9.995737e-02
5.595890e+03 8.494079e-04 9.991510e-01 9.995754e-02
5.595900e+03 8.460117e-04 9.991543e-01 9.995771e-02
5.595910e+03 8.426359e-04 9.991577e-01 9.995788e-02
5.595920e+03 8.392802e-04 9.991611e-01 9.995804e-02
5.595930e+03 5.028792e-04 9.994972e-01 9.997486e-02
5.595940e+03 5.008568e-04 9.994993e-01 9.997496e-02
5.595950e+03 4.988467e-04 9.995013e-01 9.997506e-02
5.595960e+03 4.968486e-04 9.995033e-01 9.997516e-02
5.595970e+03 4.948625e-04 9.995053e-01 9.997526e-02
5.595980e+03 4.928883e-04 9.995072e-01 9.997536e-02
5.595990e+03 4.909259e-04 9.995092e-01 9.997546e-02
5.596000e+03 4.889753e-04 9.995111e-01 9.997555e-02
5.596010e+03 4.870362e-04 9.995131e-01 9.997565e-02
5.596020e+03 4.851086e-04 9.995150e-01 9.997575e-02
5.596030e+03 4.831925e-04 9.995169e-01 9.997584e-02
5.596040e+03 4.812877e-04 9.995188e-01 9.997594e-02
5.596050e+03 4.793942e-04 9.995207e-01 9.997603e-02
5.596060e+03 4.775118e-04 9.995226e-01 9.997613e-02
5.596070e+03 4.756405e-04 9.995245e-01 9.997622e-02
5.596080e+03 4.737802e-04 9.995263e-01 9.997631e-02
5.596090e+03 4.719308e-04 9.995282e-01 9.997641e-02
5.596100e+03 0.000000e+00 1.000000e+00 1.000000e-01
5.596110e+03 0.000000e+00 1.000000e+00 1.000000e-01
5.596120e+03 0.000000e+00 1.000000e+00 1.000000e-01
5.596130e+03 0.000000e+00 1.000000e+00 1.000000e-01
5.596140e+03 0.000000e+00 1.000000e+00 1.000000e-01
5.596150e+03 0.000000e+00 1.000000e+00 1.000000e-01
5.596160e+03 0.000000e+00 1.000000e+00 1.000000e-01
5.596170e+03 0.000000e+00 1.000000e+00 1.000000e-01
5.596180e+03 0.000000e+00 1.000000e+00 1.000000e-01
5.596190e+03 0.000000e+00 1.000000e+00 1.000000e-01
5.596200e+03 0.000000e+00 1.000000e+00 1.000000e-01
5.596210e+03 0.000000e+00 1.000000e+00 1.000000e-01
5.596220e+03 0.000000e+00 1.000000e+00 1.000000e-01
5.596230e+03 0.000000e+00 1.000000e+00 1.000000e-01
5.596240e+03 0.000000e+00 1.000000e+00 1.000000e-01
5.596250e+03 0.000000e+00 1.000000e+00 1.000000e-01
5.596260e+03 0.000000e+00 1.000000e+00 1.000000e-01
5.596270e+03 0.000000e+00 1.000000e+00 1.000000e-01
5.596280e+03 0.000000e+00 1.000000e+00 1.000000e-01
5.596290e+03 0.000000e+00 1.000000e+00 1.000000e-01
5.596300e+03 0.000000e+00 1.000000e+00 1.000000e-01
5.596310e+03 0.000000e+00 1.000000e+00 1.000000e-01
5.596320e+03 0.000000e+00 1.000000e+00 1.000000e-01
5.596330e+03 0.000000e+00 1.000000e+00 1.000000e-01
5.596340e+03 0.000000e+00 1.000000e+00 1.000000e-01
5.596350e+03 0.000000e+00 1.000000e+00 1.000000e-01
5.596360e+03 0.000000e+00 1.000000e+00 1.000000e-01
5.596370e+03 0.000000e+00 1.000000e+00 1.000000e-01
5.596380e+03 0.000000e+00 1.000000e+00 1.000000e-01
5.596390e+03 0.000000e+00 1.000000e+00 1.000000e-01
5.596400e+03 0.000000e+00 1.000000e+00 1.000000e-01
5.596410e+03 0.000000e+00 1.000000e+00 1.000000e-01
5.596420e+03 0.000000e+00 1.000000e+00 1.000000e-01
5.596430e+03 0.000000e+00 1.000000e+00 1.000000e-01
5.596440e+03 0.000000e+00 1.000000e+00 1.000000e-01
5.596450e+03 0.000000e+00 1.000000e+00 1.000000e-01
5.596460e+03 0.000000e+00 1.000000e+00 1.000000e-01
5.596470e+03 0.000000e+00 1.000000e+00 1.000000e-01
5.596480e+03 0.000000e+00 1.000000e+00 1.000000e-01
5.596490e+03 0.000000e+00 1.000000e+00 1.000000e-01
5.596500e+03 0.000000e+00 1.000000e+00 1.000000e-01
5.596510e+03 0.000000e+00 1.000000e+00 1.000000e-01
5.596520e+03 0.000000e+00 1.000000e+00 1.000000e-01
5.596530e+03 0.000000e+00 1.000000e+00 1.000000e-01
5.596540e+03 0.000000e+00 1.000000e+00 1.000000e-01
5.596550e+03 0.000000e+00 1.000000e+00 1.000000e-01
5.596560e+03 0.000000e+00 1.000000e+00 1.000000e-01
5.596570e+03 0.000000e+00 1.000000e+00 1.000000e-01
5.596580e+03 0.000000e+00 1.000000e+00 1.000000e-01
5.596590e+03 0.000000e+00 1.000000e+00 1.000000e-01
5.596600e+03 0.000000e+00 1.000000e+00 1.000000e-01
5.596610e+03 0.000000e+00 1.000000e+00 1.000000e-01
5.596620e+03 0.000000e+00 1.000000e+00 1.000000e-01
5.596630e+03 0.000000e+00 1.000000e+00 1.000000e-01
5.596640e+03 0.000000e+00 1.000000e+00 1.000000e-01
5.596650e+03 0.000000e+00 1.000000e+00 1.000000e-01
5.596660e+03 0.000000e+00 1.000000e+00 1.000000e-01
5.596670e+03 0.000000e+00 1.000000e+00 1.000000e-01
5.596680e+03 0.000000e+00 1.000000e+00 1.000000e-01
5.596690e+03 0.000000e+00 1.000000e+00 1.000000e-01
5.596700e+03 0.000000e+00 1.000000e+00 1.000000e-01
5.596710e+03 0.000000e+00 1.000000e+00 1.000000e-01
5.596720e+03 0.000000e+00 1.000000e+00 1.000000e-01
5.596730e+03 0.000000e+00 1.000000e+00 1.000000e-01
5.596740e+03 0.000000e+00 1.000000e+00 1.000000e-01
5.596750e+03 0.000000e+00 1.000000e+00 1.000000e-01
5.596760e+03 0.000000e+00 1.000000e+00 1.000000e-01
5.596770e+03 0.000000e+00 1.000000e+00 1.000000e-01
5.596780e+03 0.000000e+00 1.000000e+00 1.000000e-01
5.596790e+03 0.000000e+00 1.000000e+00 1.000000e-01
5.596800e+03 0.000000e+00 1.000000e+00 1.000000e-01
5.596810e+03 0.000000e+00 1.000000e+00 1.000000e-01
5.596820e+03 0.000000e+00 1.000000e+00 1.000000e-01
5.596830e+03 0.000000e+00 1.000000e+00 1.000000e-01
5.596840e+03 0.000000e+00 1.000000e+00 1.000000e-01
5.596850e+03 0.000000e+00 1.000000e+00 1.000000e-01
5.596860e+03 0.000000e+00 1.000000e+00 1.000000e-01
5.596870e+03 0.000000e+00 1.000000e+00 1.000000e-01
5.596880e+03 0.000000e+00 1.000000e+00 1.000000e-01
5.596890e+03 0.000000e+00 1.000000e+00 1.000000e-01
5.596900e+03 0.000000e+00 1.000000e+00 1.000000e-01
5.596910e+03 0.000000e+00 1.000000e+00 1.000000e-01
5.596920e+03 0.000000e+00 1.000000e+00 1.000000e-01
5.596930e+03 0.000000e+00 1.000000e+00 1.000000e-01
5.596940e+03 0.000000e+00 1.000000e+00 1.000000e-01
5.596950e+03 0.000000e+00 1.000000e+00 1.000000e-01
5.596960e+03 0.000000e+00 1.000000e+00 1.000000e-01
5.596970e+03 0.000000e+00 1.000000e+00 1.000000e-01
5.596980e+03 0.000000e+00 1.000000e+00 1.000000e-01
5.596990e+03 0.000000e+00 1.000000e+00 1.000000e-01
5.597000e+03 0.000000e+00 1.000000e+00 1.000000e-01
5.597010e+03 0.000000e+00 1.000000e+00 1.000000e-01
5.597020e+03 0.000000e+00 1.000000e+00 1.000000e-01
5.597030e+03 0.000000e+00 1.000000e+00 1.000000e-01
5.597040e+03 0.000000e+00 1.000000e+00 1.000000e-01
5.597050e+03 0.000000e+00 1.000000e+00 1.000000e-01
5.597060e+03 0.000000e+00 1.000000e+00 1.000000e-01
5.597070e+03 0.000000e+00 1.000000e+00 1.000000e-01
5.597080e+03 0.000000e+00 1.000000e+00 1.000000e-01
5.597090e+03 0.000000e+00 1.000000e+00 1.000000e-01
5.597100e+03 0.000000e+00 1.000000e+00 1.000000e-01
5.597110e+03 0.000000e+00 1.000000e+00 1.000000e-01
5.597120e+03 0.000000e+00 1.000000e+00 1.000000e-01
5.597130e+03 0.000000e+00 1.000000e+00 1.000000e-01
5.597140e+03 0.000000e+00 1.000000e+00 1.000000e-01
5.597150e+03 0.000000e+00 1.000000e+00 1.000000e-01
5.597160e+03 0.000000e+00 1.000000e+00 1.000000e-01
5.597170e+03 0.000000e+00 1.000000e+00 1.000000e-01
5.597180e+03 0.000000e+00 1.000000e+00 1.000000e-01
5.597190e+03 0.000000e+00 1.000000e+00 1.000000e-01
5.597200e+03 0.000000e+00 1.000000e+00 1.000000e-01
5.597210e+03 0.000000e+00 1.000000e+00 1.000000e-01
5.597220e+03 0.000000e+00 1.000000e+00 1.000000e-01
5.597230e+03 0.000000e+00 1.000000e+00 1.000000e-01
5.597240e+03 0.000000e+00 1.000000e+00 1.000000e-01
5.597250e+03 0.000000e+00 1.000000e+00 1.000000e-01
5.597260e+03 0.000000e+00 1.000000e+00 1.000000e-01
5.597270e+03 0.000000e+00 1.000000e+00 1.000000e-01
5.597280e+03 0.000000e+00 1.000000e+00 1.000000e-01
5.597290e+03 0.000000e+00 1.000000e+00 1.000000e-01
5.597300e+03 0.000000e+00 1.000000e+00 1.000000e-01
5.597310e+03 0.000000e+00 1.000000e+00 1.000000e-01
5.597320e+03 0.000000e+00 1.000000e+00 1.000000e-01
5.597330e+03 0.000000e+00 1.000000e+00 1.000000e-01
5.597340e+03 0.000000e+00 1.000000e+00 1.000000e-01
5.597350e+03 0.000000e+00 1.000000e+00 1.000000e-01
5.597360e+03 0.000000e+00 1.000000e+00 1.000000e-01
5.597370e+03 0.000000e+00 1.000000e+00 1.000000e-01
5.597380e+03 0.000000e+00 1.000000e+00 1.000000e-01
5.597390e+03 0.000000e+00 1.000000e+00 1.000000e-01
5.597400e+03 0.000000e+00 1.000000e+00 1.000000e-01
5.597410e+03 0.000000e+00 1.000000e+00 1.000000e-01
5.597420e+03 0.000000e+00 1.000000e+00 1.000000e-01
5.597430e+03 0.000000e+00 1.000000e+00 1.000000e-01
5.597440e+03 0.000000e+00 1.000000e+00 1.000000e-01
5.597450e+03 0.000000e+00 1.000000e+00 1.000000e-01
5.597460e+03 0.000000e+00 1.000000e+00 1.000000e-01
5.597470e+03 0.000000e+00 1.000000e+00 1.000000e-01
5.597480e+03 0.000000e+00 1.000000e+00 1.000000e-01
5.597490e+03 0.000000e+00 1.000000e+00 1.000000e-01
5.597500e+03 0.000000e+00 1.000000e+00 1.000000e-01
5.597510e+03 0.000000e+00 1.000000e+00 1.000000e-01
5.597520e+03 0.000000e+00 1.000000e+00 1.000000e-01
5.597530e+03 0.000000e+00 1.000000e+00 1.000000e-01
5.597540e+03 0.000000e+00 1.000000e+00 1.000000e-01
5.597550e+03 0.000000e+00 1.000000e+00 1.000000e-01
5.597560e+03 0.000000e+00 1.000000e+00 1.000000e-01
5.597570e+03 0.000000e+00 1.000000e+00 1.000000e-01
5.597580e+03 0.000000e+00 1.000000e+00 1.000000e-01
5.597590e+03 0.000000e+00 1.000000e+00 1.000000e-01
5.597600e+03 0.000000e+00 1.000000e+00 1.000000e-01
5.597610e+03 0.000000e+00 1.000000e+00 1.000000e-01
5.597620e+03 0.000000e+00 1.000000e+00 1.000000e-01
5.597630e+03 0.000000e+00 1.000000e+00 1.000000e-01
5.597640e+03 0.000000e+00 1.000000e+00 1.000000e-01
5.597650e+03 0.000000e+00 1.000000e+00 1.000000e-01
5.597660e+03 0.000000e+00 1.000000e+00 1.000000e-01
5.597670e+03 0.000000e+00 1.000000e+00 1.000000e-01
5.597680e+03 0.000000e+00 1.000000e+00 1.000000e-01
5.597690e+03 0.000000e+00 1.000000e+00 1.000000e-01
5.597700e+03 0.000000e+00 1.000000e+00 1.000000e-01
5.597710e+03 0.000000e+00 1.000000e+00 1.000000e-01
5.597720e+03 0.000000e+00 1.000000e+00 1.000000e-01
5.597730e+03 0.000000e+00 1.000000e+00 1.000000e-01
5.597740e+03 0.000000e+00 1.000000e+00 1.000000e-01
5.597750e+03 0.000000e+00 1.000000e+00 1.000000e-01
5.597760e+03 0.000000e+00 1.000000e+00 1.000000e-01
5.597770e+03 0.000000e+00 1.000000e+00 1.000000e-01
5.597780e+03 0.000000e+00 1.000000e+00 1.000000e-01
5.597790e+03 0.000000e+00 1.000000e+00 1.000000e-01
5.597800e+03 0.000000e+00 1.000000e+00 1.000000e-01
5.597810e+03 0.000000e+00 1.000000e+00 1.000000e-01
5.597820e+03 0.000000e+00 1.000000e+00 1.000000e-01
5.597830e+03 0.000000e+00 1.000000e+00 1.000000e-01
5.597840e+03 0.000000e+00 1.000000e+00 1.000000e-01
5.597850e+03 0.000000e+00 1.000000e+00 1.000000e-01
5.597860e+03 0.000000e+00 1.000000e+00 1.000000e-01
5.597870e+03 0.000000e+00 1.000000e+00 1.000000e-01
5.597880e+03 0.000000e+00 1.000000e+00 1.000000e-01
5.597890e+03 0.000000e+00 1.000000e+00 1.000000e-01
5.597900e+03 0.000000e+00 1.000000e+00 1.000000e-01
5.597910e+03 0.000000e+00 1.000000e+00 1.000000e-01
5.597920e+03 0.000000e+00 1.000000e+00 1.000000e-01
5.597930e+03 0.000000e+00 1.000000e+00 1.000000e-01
5.597940e+03 0.000000e+00 1.000000e+00 1.000000e-01
5.597950e+03 0.000000e+00 1.000000e+00 1.000000e-01
5.597960e+03 0.000000e+00 1.000000e+00 1.000000e-01
5.597970e+03 0.000000e+00 1.000000e+00 1.000000e-01
5.597980e+03 0.000000e+00 1.000000e+00 1.000000e-01
5.597990e+03 0.000000e+00 1.000000e+00 1.000000e-01
5.598000e+03 0.000000e+00 1.000000e+00 1.000000e-01
5.598010e+03 0.000000e+00 1.000000e+00 1.000000e-01
5.598020e+03 0.000000e+00 1.000000e+00 1.000000e-01
5.598030e+03 0.000000e+00 1.000000e+00 1.000000e-01
5.598040e+03 0.000000e+00 1.000000e+00 1.000000e-01
5.598050e+03 0.000000e+00 1.000000e+00 1.000000e-01
5.598060e+03 0.000000e+00 1.000000e+00 1.000000e-01
5.598070e+03 0.000000e+00 1.000000e+00 1.000000e-01
5.598080e+03 0.000000e+00 1.000000e+00 1.000000e-01
5.598090e+03 0.000000e+00 1.000000e+00 1.000000e-01
5.598100e+03 0.000000e+00 1.000000e+00 1.000000e-01
5.598110e+03 0.000000e+00 1.000000e+00 1.000000e-01
5.598120e+03 0.000000e+00 1.000000e+00 1.000000e-01
5.598130e+03 0.000000e+00 1.000000e+00 1.000000e-01
5.598140e+03 0.000000e+00 1.000000e+00 1.000000e-01
5.598150e+03 0.000000e+00 1.000000e+00 1.000000e-01
5.598160e+03 0.000000e+00 1.000000e+00 1.000000e-01
5.598170e+03 0.000000e+00 1.000000e+00 1.000000e-01
5.598180e+03 0.000000e+00 1.000000e+00 1.000000e-01
5.598190e+03 0.000000e+00 1.000000e+00 1.000000e-01
5.598200e+03 0.000000e+00 1.000000e+00 1.000000e-01
5.598210e+03 0.000000e+00 1.000000e+00 1.000000e-01
5.598220e+03 0.000000e+00 1.000000e+00 1.000000e-01
5.598230e+03 0.000000e+00 1.000000e+00 1.000000e-01
5.598240e+03 0.000000e+00 1.000000e+00 1.000000e-01
5.598250e+03 0.000000e+00 1.000000e+00 1.000000e-01
5.598260e+03 0.000000e+00 1.000000e+00 1.000000e-01
5.598270e+03 0.000000e+00 1.000000e+00 1.000000e-01
5.598280e+03 0.000000e+00 1.000000e+00 1.000000e-01
5.598290e+03 0.000000e+00 1.000000e+00 1.000000e-01
5.598300e+03 0.000000e+00 1.000000e+00 1.000000e-01
5.598310e+03 0.000000e+00 1.000000e+00 1.000000e-01
5.598320e+03 0.000000e+00 1.000000e+00 1.000000e-01
5.598330e+03 0.000000e+00 1.000000e+00 1.000000e-01
5.598340e+03 0.000000e+00 1.000000e+00 1.000000e-01
5.598350e+03 0.000000e+00 1.000000e+00 1.000000e-01
5.598360e+03 0.000000e+00 1.000000e+00 1.000000e-01
5.598370e+03 0.000000e+00 1.000000e+00 1.000000e-01
5.598380e+03 0.000000e+00 1.000000e+00 1.000000e-01
5.598390e+03 0.000000e+00 1.000000e+00 1.000000e-01
5.598400e+03 0.000000e+00 1.000000e+00 1.000000e-01
5.598410e+03 0.000000e+00 1.000000e+00 1.000000e-01
5.598420e+03 0.000000e+00 1.000000e+00 1.000000e-01
5.598430e+03 0.000000e+00 1.000000e+00 1.000000e-01
5.598440e+03 0.000000e+00 1.000000e+00 1.000000e-01
5.598450e+03 0.000000e+00 1.000000e+00 1.000000e-01
5.598460e+03 0.000000e+00 1.000000e+00 1.000000e-01
5.598470e+03 0.000000e+00 1.000000e+00 1.000000e-01
5.598480e+03 0.000000e+00 1.000000e+00 1.000000e-01
5.598490e+03 0.000000e+00 1.000000e+00 1.000000e-01
5.598500e+03 0.000000e+00 1.000000e+00 1.000000e-01
5.598510e+03 0.000000e+00 1.000000e+00 1.000000e-01
5.598520e+03 0.000000e+00 1.000000e+00 1.000000e-01
5.598530e+03 0.000000e+00 1.000000e+00 1.000000e-01
5.598540e+03 0.000000e+00 1.000000e+00 1.000000e-01
5.598550e+03 0.000000e+00 1.000000e+00 1.000000e-01
5.598560e+03 0.000000e+00 1.000000e+00 1.000000e-01
5.598570e+03 0.000000e+00 1.000000e+00 1.000000e-01
5.598580e+03 0.000000e+00 1.000000e+00 1.000000e-01
5.598590e+03 0.000000e+00 1.000000e+00 1.000000e-01
5.598600e+03 0.000000e+00 1.000000e+00 1.000000e-01
5.598610e+03 0.000000e+00 1.000000e+00 1.000000e-01
5.598620e+03 0.000000e+00 1.000000e+00 1.000000e-01
5.598630e+03 0.000000e+00 1.000000e+00 1.000000e-01
5.598640e+03 0.000000e+00 1.000000e+00 1.000000e-01
5.598650e+03 0.000000e+00 1.000000e+00 1.000000e-01
5.598660e+03 0.000000e+00 1.000000e+00 1.000000e-01
5.598670e+03 0.000000e+00 1.000000e+00 1.000000e-01
5.598680e+03 0.000000e+00 1.000000e+00 1.000000e-01
5.598690e+03 0.000000e+00 1.000000e+00 1.000000e-01
5.598700e+03 0.000000e+00 1.000000e+00 1.000000e-01
5.598710e+03 0.000000e+00 1.000000e+00 1.000000e-01
5.598720e+03 0.000000e+00 1.000000e+00 1.000000e-01
5.598730e+03 0.000000e+00 1.000000e+00 1.000000e-01
5.598740e+03 0.000000e+00 1.000000e+00 1.000000e-01
5.598750e+03 0.000000e+00 1.000000e+00 1.000000e-01
5.598760e+03 0.000000e+00 1.000000e+00 1.000000e-01
5.598770e+03 0.000000e+00 1.000000e+00 1.000000e-01
5.598780e+03 0.000000e+00 1.000000e+00 1.000000e-01
5.598790e+03 0.000000e+00 1.000000e+00 1.000000e-01
5.598800e+03 0.000000e+00 1.000000e+00 1.000000e-01
5.598810e+03 0.000000e+00 1.000000e+00 1.000000e-01
5.598820e+03 0.000000e+00 1.000000e+00 1.000000e-01
5.598830e+03 0.000000e+00 1.000000e+00 1.000000e-01
5.598840e+03 0.000000e+00 1.000000e+00 1.000000e-01
5.598850e+03 0.000000e+00 1.000000e+00 1.000000e-01
5.598860e+03 0.000000e+00 1.000000e+00 1.000000e-01
5.598870e+03 0.000000e+00 1.000000e+00 1.000000e-01
5.598880e+03 0.000000e+00 1.000000e+00 1.000000e-01
5.598890e+03 0.000000e+00 1.000000e+00 1.000000e-01
5.598900e+03 0.000000e+00 1.000000e+00 1.000000e-01
5.598910e+03 0.000000e+00 1.000000e+00 1.000000e-01
5.598920e+03 0.000000e+00 1.000000e+00 1.000000e-01
5.598930e+03 0.000000e+00 1.000000e+00 1.000000e-01
5.598940e+03 0.000000e+00 1.000000e+00 1.000000e-01
5.598950e+03 0.000000e+00 1.000000e+00 1.000000e-01
5.598960e+03 0.000000e+00 1.000000e+00 1.000000e-01
5.598970e+03 0.000000e+00 1.000000e+00 1.000000e-01
5.598980e+03 0.000000e+00 1.000000e+00 1.000000e-01
5.598990e+03 0.000000e+00 1.000000e+00 1.000000e-01
5.599000e+03 0.000000e+00 1.000000e+00 1.000000e-01
5.599010e+03 0.000000e+00 1.000000e+00 1.000000e-01
5.599020e+03 0.000000e+00 1.000000e+00 1.000000e-01
5.599030e+03 0.000000e+00 1.000000e+00 1.000000e-01
5.599040e+03 0.000000e+00 1.000000e+00 1.000000e-01
5.599050e+03 0.000000e+00 1.000000e+00 1.000000e-01
5.599060e+03 0.000000e+00 1.000000e+00 1.000000e-01
5.599070e+03 0.000000e+00 1.000000e+00 1.000000e-01
5.599080e+03 0.000000e+00 1.000000e+00 1.000000e-01
5.599090e+03 0.000000e+00 1.000000e+00 1.000000e-01
5.599100e+03 0.000000e+00 1.000000e+00 1.000000e-01
5.599110e+03 0.000000e+00 1.000000e+00 1.000000e-01
5.599120e+03 0.000000e+00 1.000000e+00 1.000000e-01
5.599130e+03 0.000000e+00 1.000000e+00 1.000000e-01
5.599140e+03 0.000000e+00 1.000000e+00 1.000000e-01
5.599150e+03 0.000000e+00 1.000000e+00 1.000000e-01
5.599160e+03 0.000000e+00 1.000000e+00 1.000000e-01
5.599170e+03 0.000000e+00 1.000000e+00 1.000000e-01
5.599180e+03 0.000000e+00 1.000000e+00 1.000000e-01
5.599190e+03 0.000000e+00 1.000000e+00 1.000000e-01
5.599200e+03 0.000000e+00 1.000000e+00 1.000000e-01
5.599210e+03 0.000000e+00 1.000000e+00 1.000000e-01
5.599220e+03 0.000000e+00 1.000000e+00 1.000000e-01
5.599230e+03 0.000000e+00 1.000000e+00 1.000000e-01
5.599240e+03 0.000000e+00 1.000000e+00 1.000000e-01
5.599250e+03 0.000000e+00 1.000000e+00 1.000000e-01
5.599260e+03 0.000000e+00 1.000000e+00 1.000000e-01
5.599270e+03 0.000000e+00 1.000000e+00 1.000000e-01
5.599280e+03 0.000000e+00 1.000000e+00 1.000000e-01
5.599290e+03 0.000000e+00 1.000000e+00 1.000000e-01
5.599300e+03 0.000000e+00 1.000000e+00 1.000000e-01
5.599310e+03 0.000000e+00 1.000000e+00 1.000000e-01
5.599320e+03 0.000000e+00 1.000000e+00 1.000000e-01
5.599330e+03 0.000000e+00 1.000000e+00 1.000000e-01
5.599340e+03 0.000000e+00 1.000000e+00 1.000000e-01
5.599350e+03 0.000000e+00 1.000000e+00 1.000000e-01
5.599360e+03 0.000000e+00 1.000000e+00 1.000000e-01
5.599370e+03 0.000000e+00 1.000000e+00 1.000000e-01
5.599380e+03 0.000000e+00 1.000000e+00 1.000000e-01
5.599390e+03 0.000000e+00 1.000000e+00 1.000000e-01
5.599400e+03 0.000000e+00 1.000000e+00 1.000000e-01
5.599410e+03 0.000000e+00 1.000000e+00 1.000000e-01
5.599420e+03 0.000000e+00 1.000000e+00 1.000000e-01
5.599430e+03 0.000000e+00 1.000000e+00 1.000000e-01
5.599440e+03 0.000000e+00 1.000000e+00 1.000000e-01
5.599450e+03 0.000000e+00 1.000000e+00 1.000000e-01
5.599460e+03 0.000000e+00 1.000000e+00 1.000000e-01
5.599470e+03 0.000000e+00 1.000000e+00 1.000000e-01
5.599480e+03 0.000000e+00 1.000000e+00 1.000000e-01
5.599490e+03 0.000000e+00 1.000000e+00 1.000000e-01
5.599500e+03 0.000000e+00 1.000000e+00 1.000000e-01
5.599510e+03 0.000000e+00 1.000000e+00 1.000000e-01
5.599520e+03 0.000000e+00 1.000000e+00 1.000000e-01
5.599530e+03 0.000000e+00 1.000000e+00 1.000000e-01
5.599540e+03 0.000000e+00 1.000000e+00 1.000000e-01
5.599550e+03 0.000000e+00 1.000000e+00 1.000000e-01
5.599560e+03 0.000000e+00 1.000000e+00 1.000000e-01
5.599570e+03 0.000000e+00 1.000000e+00 1.000000e-01
5.599580e+03 0.000000e+00 1.000000e+00 1.000000e-01
5.599590e+03 0.000000e+00 1.000000e+00 1.000000e-01
5.599600e+03 0.000000e+00 1.000000e+00 1.000000e-01
5.599610e+03 0.000000e+00 1.000000e+00 1.000000e-01
5.599620e+03 0.000000e+00 1.000000e+00 1.000000e-01
5.599630e+03 0.000000e+00 1.000000e+00 1.000000e-01
5.599640e+03 0.000000e+00 1.000000e+00 1.000000e-01
5.599650e+03 0.000000e+00 1.000000e+00 1.000000e-01
5.599660e+03 0.000000e+00 1.000000e+00 1.000000e-01
5.599670e+03 0.000000e+00 1.000000e+00 1.000000e-01
5.599680e+03 0.000000e+00 1.000000e+00 1.000000e-01
5.599690e+03 0.000000e+00 1.000000e+00 1.000000e-01
5.599700e+03 0.000000e+00 1.000000e+00 1.000000e-01
5.599710e+03 0.000000e+00 1.000000e+00 1.000000e-01
5.599720e+03 0.000000e+00 1.000000e+00 1.000000e-01
5.599730e+03 0.000000e+00 1.000000e+00 1.000000e-01
5.599740e+03 0.000000e+00 1.000000e+00 1.000000e-01
5.599750e+03 0.000000e+00 1.000000e+00 1.000000e-01
5.599760e+03 0.000000e+00 1.000000e+00 1.000000e-01
5.599770e+03 0.000000e+00 1.000000e+00 1.000000e-01
5.599780e+03 0.000000e+00 1.000000e+00 1.000000e-01
5.599790e+03 0.000000e+00 1.000000e+00 1.000000e-01
5.599800e+03 0.000000e+00 1.000000e+00 1.000000e-01
5.599810e+03 0.000000e+00 1.000000e+00 1.000000e-01
5.599820e+03 0.000000e+00 1.000000e+00 1.000000e-01
5.599830e+03 0.000000e+00 1.000000e+00 1.000000e-01
5.599840e+03 0.000000e+00 1.000000e+00 1.000000e-01
5.599850e+03 0.000000e+00 1.000000e+00 1.000000e-01
5.599860e+03 0.000000e+00 1.000000e+00 1.000000e-01
5.599870e+03 0.000000e+00 1.000000e+00 1.000000e-01
5.599880e+03 0.000000e+00 1.000000e+00 1.000000e-01
5.599890e+03 0.000000e+00 1.000000e+00 1.000000e-01
5.599900e+03 0.000000e+00 1.000000e+00 1.000000e-01
5.599910e+03 0.000000e+00 1.000000e+00 1.000000e-01
5.599920e+03 0.000000e+00 1.000000e+00 1.000000e-01
5.599930e+03 0.000000e+00 1.000000e+00 1.000000e-01
5.599940e+03 0.000000e+00 1.000000e+00 1.000000e-01
5.599950e+03 0.000000e+00 1.000000e+00 1.000000e-01
5.599960e+03 0.000000e+00 1.000000e+00 1.000000e-01
5.599970e+03 0.000000e+00 1.000000e+00 1.000000e-01
5.599980e+03 0.000000e+00 1.000000e+00 1.000000e-01
5.599990e+03 0.000000e+00 1.000000e+00 1.000000e-01
5.600000e+03 0.000000e+00 1.000000e+00 1.000000e-01
5.600010e+03 0.000000e+00 1.000000e+00 1.000000e-01
5.600020e+03 0.000000e+00 1.000000e+00 1.000000e-01
5.600030e+03 0.000000e+00 1.000000e+00 1.000000e-01
5.600040e+03 0.000000e+00 1.000000e+00 1.000000e-01
5.600050e+03 0.000000e+00 1.000000e+00 1.000000e-01
5.600060e+03 0.000000e+00 1.000000e+00 1.000000e-01
5.600070e+03 0.000000e+00 1.000000e+00 1.000000e-01
5.600080e+03 0.000000e+00 1.000000e+00 1.000000e-01
5.600090e+03 0.000000e+00 1.000000e+00 1.000000e-01
5.600100e+03 0.000000e+00 1.000000e+00 1.000000e-01
5.600110e+03 0.000000e+00 1.000000e+00 1.000000e-01
5.600120e+03 0.000000e+00 1.000000e+00 1.000000e-01
5.600130e+03 0.000000e+00 1.000000e+00 1.000000e-01
5.600140e+03 0.000000e+00 1.000000e+00 1.000000e-01
5.600150e+03 0.000000e+00 1.000000e+00 1.000000e-01
5.600160e+03 0.000000e+00 1.000000e+00 1.000000e-01
5.600170e+03 0.000000e+00 1.000000e+00 1.000000e-01
5.600180e+03 0.000000e+00 1.000000e+00 1.000000e-01
5.600190e+03 0.000000e+00 1.000000e+00 1.000000e-01
5.600200e+03 0.000000e+00 1.000000e+00 1.000000e-01
5.600210e+03 0.000000e+00 1.000000e+00 1.000000e-01
5.600220e+03 0.000000e+00 1.000000e+00 1.000000e-01
5.600230e+03 0.000000e+00 1.000000e+00 1.000000e-01
5.600240e+03 0.000000e+00 1.000000e+00 1.000000e-01
5.600250e+03 0.000000e+00 1.000000e+00 1.000000e-01
5.600260e+03 0.000000e+00 1.000000e+00 1.000000e-01
5.600270e+03 0.000000e+00 1.000000e+00 1.000000e-01
5.600280e+03 0.000000e+00 1.000000e+00 1.000000e-01
5.600290e+03 0.000000e+00 1.000000e+00 1.000000e-01
5.600300e+03 0.000000e+00 1.000000e+00 1.000000e-01
5.600310e+03 0.000000e+00 1.000000e+00 1.000000e-01
5.600320e+03 0.000000e+00 1.000000e+00 1.000000e-01
5.600330e+03 0.000000e+00 1.000000e+00 1.000000e-01
5.600340e+03 0.000000e+00 1.000000e+00 1.000000e-01
5.600350e+03 0.000000e+00 1.000000e+00 1.000000e-01
5.600360e+03 0.000000e+00 1.000000e+00 1.000000e-01
5.600370e+03 0.000000e+00 1.000000e+00 1.000000e-01
5.600380e+03 0.000000e+00 1.000000e+00 1.000000e-01
5.600390e+03 0.000000e+00 1.000000e+00 1.000000e-01
5.600400e+03 0.000000e+00 1.000000e+00 1.000000e-01
5.600410e+03 0.000000e+00 1.000000e+00 1.000000e-01
5.600420e+03 0.000000e+00 1.000000e+00 1.000000e-01
5.600430e+03 0.000000e+00 1.000000e+00 1.000000e-01
5.600440e+03 0.000000e+00 1.000000e+00 1.000000e-01
5.600450e+03 0.000000e+00 1.000000e+00 1.000000e-01
5.600460e+03 0.000000e+00 1.000000e+00 1.000000e-01
5.600470e+03 0.000000e+00 1.000000e+00 1.000000e-01
5.600480e+03 0.000000e+00 1.000000e+00 1.000000e-01
5.600490e+03 0.000000e+00 1.000000e+00 1.000000e-01
5.600500e+03 0.000000e+00 1.000000e+00 1.000000e-01
5.600510e+03 0.000000e+00 1.000000e+00 1.000000e-01
5.600520e+03 0.000000e+00 1.000000e+00 1.000000e-01
5.600530e+03 0.000000e+00 1.000000e+00 1.000000e-01
5.600540e+03 0.000000e+00 1.000000e+00 1.000000e-01
5.600550e+03 0.000000e+00 1.000000e+00 1.000000e-01
5.600560e+03 0.000000e+00 1.000000e+00 1.000000e-01
5.600570e+03 0.000000e+00 1.000000e+00 1.000000e-01
5.600580e+03 0.000000e+00 1.000000e+00 1.000000e-01
5.600590e+03 0.000000e+00 1.000000e+00 1.000000e-01
5.600600e+03 0.000000e+00 1.000000e+00 1.000000e-01
5.600610e+03 0.000000e+00 1.000000e+00 1.000000e-01
5.600620e+03 0.000000e+00 1.000000e+00 1.000000e-01
5.600630e+03 0.000000e+00 1.000000e+00 1.000000e-01
5.600640e+03 0.000000e+00 1.000000e+00 1.000000e-01
5.600650e+03 0.000000e+00 1.000000e+00 1.000000e-01
5.600660e+03 0.000000e+00 1.000000e+00 1.000000e-01
5.600670e+03 0.000000e+00 1.000000e+00 1.000000e-01
5.600680e+03 0.000000e+00 1.000000e+00 1.000000e-01
5.600690e+03 0.000000e+00 1.000000e+00 1.000000e-01
5.600700e+03 0.000000e+00 1.000000e+00 1.000000e-01
5.600710e+03 0.000000e+00 1.000000e+00 1.000000e-01
5.600720e+03 0.000000e+00 1.000000e+00 1.000000e-01
5.600730e+03 0.000000e+00 1.000000e+00 1.000000e-01
5.600740e+03 0.000000e+00 1.000000e+00 1.000000e-01
5.600750e+03 0.000000e+00 1.000000e+00 1.000000e-01
5.600760e+03 0.000000e+00 1.000000e+00 1.000000e-01
5.600770e+03 0.000000e+00 1.000000e+00 1.000000e-01
5.600780e+03 0.000000e+00 1.000000e+00 1.000000e-01
5.600790e+03 0.000000e+00 1.000000e+00 1.000000e-01
5.600800e+03 0.000000e+00 1.000000e+00 1.000000e-01
5.600810e+03 0.000000e+00 1.000000e+00 1.000000e-01
5.600820e+03 0.000000e+00 1.000000e+00 1.000000e-01
5.600830e+03 0.000000e+00 1.000000e+00 1.000000e-01
5.600840e+03 0.000000e+00 1.000000e+00 1.000000e-01
5.600850e+03 0.000000e+00 1.000000e+00 1.000000e-01
5.600860e+03 0.000000e+00 1.000000e+00 1.000000e-01
5.600870e+03 0.000000e+00 1.000000e+00 1.000000e-01
5.600880e+03 0.000000e+00 1.000000e+00 1.000000e-01
5.600890e+03 0.000000e+00 1.000000e+00 1.000000e-01
5.600900e+03 0.000000e+00 1.000000e+00 1.000000e-01
5.600910e+03 0.000000e+00 1.000000e+00 1.000000e-01
5.600920e+03 0.000000e+00 1.000000e+00 1.000000e-01
5.600930e+03 0.000000e+00 1.000000e+00 1.000000e-01
5.600940e+03 0.000000e+00 1.000000e+00 1.000000e-01
5.600950e+03 0.000000e+00 1.000000e+00 1.000000e-01
5.600960e+03 0.000000e+00 1.000000e+00 1.000000e-01
5.600970e+03 0.000000e+00 1.000000e+00 1.000000e-01
5.600980e+03 0.000000e+00 1.000000e+00 1.000000e-01
5.600990e+03 0.000000e+00 1.000000e+00 1.000000e-01
5.601000e+03 0.000000e+00 1.000000e+00 1.000000e-01
5.601010e+03 0.000000e+00 1.000000e+00 1.000000e-01
5.601020e+03 0.000000e+00 1.000000e+00 1.000000e-01
5.601030e+03 0.000000e+00 1.000000e+00 1.000000e-01
5.601040e+03 0.000000e+00 1.000000e+00 1.000000e-01
5.601050e+03 0.000000e+00 1.000000e+00 1.000000e-01
5.601060e+03 0.000000e+00 1.000000e+00 1.000000e-01
5.601070e+03 0.000000e+00 1.000000e+00 1.000000e-01
5.601080e+03 0.000000e+00 1.000000e+00 1.000000e-01
5.601090e+03 0.000000e+00 1.000000e+00 1.000000e-01
5.601100e+03 0.000000e+00 1.000000e+00 1.000000e-01
5.601110e+03 0.000000e+00 1.000000e+00 1.000000e-01
5.601120e+03 0.000000e+00 1.000000e+00 1.000000e-01
5.601130e+03 0.000000e+00 1.000000e+00 1.000000e-01
5.601140e+03 0.000000e+00 1.000000e+00 1.000000e-01
5.601150e+03 0.000000e+00 1.000000e+00 1.000000e-01
5.601160e+03 0.000000e+00 1.000000e+00 1.000000e-01
5.601170e+03 0.000000e+00 1.000000e+00 1.000000e-01
5.601180e+03 0.000000e+00 1.000000e+00 1.000000e-01
5.601190e+03 0.000000e+00 1.000000e+00 1.000000e-01
5.601200e+03 0.000000e+00 1.000000e+00 1.000000e-01
5.601210e+03 0.000000e+00 1.000000e+00 1.000000e-01
5.601220e+03 0.000000e+00 1.000000e+00 1.000000e-01
5.601230e+03 0.000000e+00 1.000000e+00 1.000000e-01
5.601240e+03 0.000000e+00 1.000000e+00 1.000000e-01
5.601250e+03 0.000000e+00 1.000000e+00 1.000000e-01
5.601260e+03 0.000000e+00 1.000000e+00 1.000000e-01
5.601270e+03 0.000000e+00 1.000000e+00 1.000000e-01
5.601280e+03 0.000000e+00 1.000000e+00 1.000000e-01
5.601290e+03 0.000000e+00 1.000000e+00 1.000000e-01
5.601300e+03 0.000000e+00 1.000000e+00 1.000000e-01
5.601310e+03 0.000000e+00 1.000000e+00 1.000000e-01
5.601320e+03 0.000000e+00 1.000000e+00 1.000000e-01
5.601330e+03 0.000000e+00 1.000000e+00 1.000000e-01
5.601340e+03 0.000000e+00 1.000000e+00 1.000000e-01
5.601350e+03 0.000000e+00 1.000000e+00 1.000000e-01
5.601360e+03 0.000000e+00 1.000000e+00 1.000000e-01
5.601370e+03 0.000000e+00 1.000000e+00 1.000000e-01
5.601380e+03 0.000000e+00 1.000000e+00 1.000000e-01
5.601390e+03 0.000000e+00 1.000000e+00 1.000000e-01
5.601400e+03 0.000000e+00 1.000000e+00 1.000000e-01
5.601410e+03 0.000000e+00 1.000000e+00 1.000000e-01
5.601420e+03 0.000000e+00 1.000000e+00 1.000000e-01
5.601430e+03 0.000000e+00 1.000000e+00 1.000000e-01
5.601440e+03 0.000000e+00 1.000000e+00 1.000000e-01
5.601450e+03 0.000000e+00 1.000000e+00 1.000000e-01
5.601460e+03 0.000000e+00 1.000000e+00 1.000000e-01
5.601470e+03 0.000000e+00 1.000000e+00 1.000000e-01
5.601480e+03 0.000000e+00 1.000000e+00 1.000000e-01
5.601490e+03 0.000000e+00 1.000000e+00 1.000000e-01
5.601500e+03 0.000000e+00 1.000000e+00 1.000000e-01
5.601510e+03 0.000000e+00 1.000000e+00 1.000000e-01
5.601520e+03 0.000000e+00 1.000000e+00 1.000000e-01
5.601530e+03 0.000000e+00 1.000000e+00 1.000000e-01
5.601540e+03 0.000000e+00 1.000000e+00 1.000000e-01
5.601550e+03 0.000000e+00 1.000000e+00 1.000000e-01
5.601560e+03 0.000000e+00 1.000000e+00 1.000000e-01
5.601570e+03 0.000000e+00 1.000000e+00 1.000000e-01
5.601580e+03 0.000000e+00 1.000000e+00 1.000000e-01
5.601590e+03 0.000000e+00 1.000000e+00 1.000000e-01
5.601600e+03 0.000000e+00 1.000000e+00 1.000000e-01
5.601610e+03 0.000000e+00 1.000000e+00 1.000000e-01
5.601620e+03 0.000000e+00 1.000000e+00 1.000000e-01
5.601630e+03 0.000000e+00 1.000000e+00 1.000000e-01
5.601640e+03 0.000000e+00 1.000000e+00 1.000000e-01
5.601650e+03 0.000000e+00 1.000000e+00 1.000000e-01
5.601660e+03 0.000000e+00 1.000000e+00 1.000000e-01
5.601670e+03 0.000000e+00 1.000000e+00 1.000000e-01
5.601680e+03 0.000000e+00 1.000000e+00 1.000000e-01
5.601690e+03 0.000000e+00 1.000000e+00 1.000000e-01
5.601700e+03 0.000000e+00 1.000000e+00 1.000000e-01
5.601710e+03 0.000000e+00 1.000000e+00 1.000000e-01
5.601720e+03 0.000000e+00 1.000000e+00 1.000000e-01
5.601730e+03 0.000000e+00 1.000000e+00 1.000000e-01
5.601740e+03 0.000000e+00 1.000000e+00 1.000000e-01
5.601750e+03 0.000000e+00 1.000000e+00 1.000000e-01
5.601760e+03 0.000000e+00 1.000000e+00 1.000000e-01
5.601770e+03 0.000000e+00 1.000000e+00 1.000000e-01
5.601780e+03 0.000000e+00 1.000000e+00 1.000000e-01
5.601790e+03 0.000000e+00 1.000000e+00 1.000000e-01
5.601800e+03 0.000000e+00 1.000000e+00 1.000000e-01
5.601810e+03 0.000000e+00 1.000000e+00 1.000000e-01
5.601820e+03 0.000000e+00 1.000000e+00 1.000000e-01
5.601830e+03 0.000000e+00 1.000000e+00 1.000000e-01
5.601840e+03 0.000000e+00 1.000000e+00 1.000000e-01
5.601850e+03 0.000000e+00 1.000000e+00 1.000000e-01
5.601860e+03 0.000000e+00 1.000000e+00 1.000000e-01
5.601870e+03 0.000000e+00 1.000000e+00 1.000000e-01
5.601880e+03 0.000000e+00 1.000000e+00 1.000000e-01
5.601890e+03 0.000000e+00 1.000000e+00 1.000000e-01
5.601900e+03 0.000000e+00 1.000000e+00 1.000000e-01
5.601910e+03 0.000000e+00 1.000000e+00 1.000000e-01
5.601920e+03 0.000000e+00 1.000000e+00 1.000000e-01
5.601930e+03 0.000000e+00 1.000000e+00 1.000000e-01
5.601940e+03 0.000000e+00 1.000000e+00 1.000000e-01
5.601950e+03 0.000000e+00 1.000000e+00 1.000000e-01
5.601960e+03 0.000000e+00 1.000000e+00 1.000000e-01
5.601970e+03 0.000000e+00 1.000000e+00 1.000000e-01
5.601980e+03 0.000000e+00 1.000000e+00 1.000000e-01
5.601990e+03 0.000000e+00 1.000000e+00 1.000000e-01
5.602000e+03 0.000000e+00 1.000000e+00 1.000000e-01
5.602010e+03 0.000000e+00 1.000000e+00 1.000000e-01
5.602020e+03 0.000000e+00 1.000000e+00 1.000000e-01
5.602030e+03 0.000000e+00 1.000000e+00 1.000000e-01
5.602040e+03 0.000000e+00 1.000000e+00 1.000000e-01
5.602050e+03 0.000000e+00 1.000000e+00 1.000000e-01
5.602060e+03 0.000000e+00 1.000000e+00 1.000000e-01
5.602070e+03 0.000000e+00 1.000000e+00 1.000000e-01
5.602080e+03 0.000000e+00 1.000000e+00 1.000000e-01
5.602090e+03 0.000000e+00 1.000000e+00 1.000000e-01
5.602100e+03 0.000000e+00 1.000000e+00 1.000000e-01
5.602110e+03 0.000000e+00 1.000000e+00 1.000000e-01
5.602120e+03 0.000000e+00 1.000000e+00 1.000000e-01
5.602130e+03 0.000000e+00 1.000000e+00 1.000000e-01
5.602140e+03 0.000000e+00 1.000000e+00 1.000000e-01
5.602150e+03 0.000000e+00 1.000000e+00 1.000000e-01
5.602160e+03 0.000000e+00 1.000000e+00 1.000000e-01
5.602170e+03 0.000000e+00 1.000000e+00 1.000000e-01
5.602180e+03 0.000000e+00 1.000000e+00 1.000000e-01
5.602190e+03 0.000000e+00 1.000000e+00 1.000000e-01
5.602200e+03 0.000000e+00 1.000000e+00 1.000000e-01
5.602210e+03 0.000000e+00 1.000000e+00 1.000000e-01
5.602220e+03 0.000000e+00 1.000000e+00 1.000000e-01
5.602230e+03 0.000000e+00 1.000000e+00 1.000000e-01
5.602240e+03 0.000000e+00 1.000000e+00 1.000000e-01
5.602250e+03 0.000000e+00 1.000000e+00 1.000000e-01
5.602260e+03 0.000000e+00 1.000000e+00 1.000000e-01
5.602270e+03 0.000000e+00 1.000000e+00 1.000000e-01
5.602280e+03 0.000000e+00 1.000000e+00 1.000000e-01
5.602290e+03 0.000000e+00 1.000000e+00 1.000000e-01
5.602300e+03 0.000000e+00 1.000000e+00 1.000000e-01
5.602310e+03 0.000000e+00 1.000000e+00 1.000000e-01
5.602320e+03 0.000000e+00 1.000000e+00 1.000000e-01
5.602330e+03 0.000000e+00 1.000000e+00 1.000000e-01
5.602340e+03 0.000000e+00 1.000000e+00 1.000000e-01
5.602350e+03 0.000000e+00 1.000000e+00 1.000000e-01
5.602360e+03 0.000000e+00 1.000000e+00 1.000000e-01
5.602370e+03 0.000000e+00 1.000000e+00 1.000000e-01
5.602380e+03 0.000000e+00 1.000000e+00 1.000000e-01
5.602390e+03 0.000000e+00 1.000000e+00 1.000000e-01
5.602400e+03 0.000000e+00 1.000000e+00 1.000000e-01
5.602410e+03 0.000000e+00 1.000000e+00 1.000000e-01
5.602420e+03 0.000000e+00 1.000000e+00 1.000000e-01
5.602430e+03 0.000000e+00 1.000000e+00 1.000000e-01
5.602440e+03 0.000000e+00 1.000000e+00 1.000000e-01
5.602450e+03 0.000000e+00 1.000000e+00 1.000000e-01
5.602460e+03 0.000000e+00 1.000000e+00 1.000000e-01
5.602470e+03 0.000000e+00 1.000000e+00 1.000000e-01
5.602480e+03 0.000000e+00 1.000000e+00 1.000000e-01
5.602490e+03 0.000000e+00 1.000000e+00 1.000000e-01
5.602500e+03 0.000000e+00 1.000000e+00 1.000000e-01
5.602510e+03 0.000000e+00 1.000000e+00 1.000000e-01
5.602520e+03 0.000000e+00 1.000000e+00 1.000000e-01
5.602530e+03 0.000000e+00 1.000000e+00 1.000000e-01
5.602540e+03 0.000000e+00 1.000000e+00 1.000000e-01
5.602550e+03 0.000000e+00 1.000000e+00 1.000000e-01
5.602560e+03 0.000000e+00 1.000000e+00 1.000000e-01
5.602570e+03 0.000000e+00 1.000000e+00 1.000000e-01
5.602580e+03 0.000000e+00 1.000000e+00 1.000000e-01
5.602590e+03 0.000000e+00 1.000000e+00 1.000000e-01
5.602600e+03 0.000000e+00 1.000000e+00 1.000000e-01
5.602610e+03 0.000000e+00 1.000000e+00 1.000000e-01
5.602620e+03 0.000000e+00 1.000000e+00 1.000000e-01
5.602630e+03 0.000000e+00 1.000000e+00 1.000000e-01
5.602640e+03 0.000000e+00 1.000000e+00 1.000000e-01
5.602650e+03 0.000000e+00 1.000000e+00 1.000000e-01
5.602660e+03 0.000000e+00 1.000000e+00 1.000000e-01
5.602670e+03 0.000000e+00 1.000000e+00 1.000000e-01
5.602680e+03 0.000000e+00 1.000000e+00 1.000000e-01
5.602690e+03 0.000000e+00 1.000000e+00 1.000000e-01
5.602700e+03 0.000000e+00 1.000000e+00 1.000000e-01
5.602710e+03 0.000000e+00 1.000000e+00 1.000000e-01
5.602720e+03 0.000000e+00 1.000000e+00 1.000000e-01
5.602730e+03 0.000000e+00 1.000000e+00 1.000000e-01
5.602740e+03 0.000000e+00 1.000000e+00 1.000000e-01
5.602750e+03 0.000000e+00 1.000000e+00 1.000000e-01
5.602760e+03 0.000000e+00 1.000000e+00 1.000000e-01
5.602770e+03 0.000000e+00 1.000000e+00 1.000000e-01
5.602780e+03 0.000000e+00 1.000000e+00 1.000000e-01
5.602790e+03 0.000000e+00 1.000000e+00 1.000000e-01
5.602800e+03 0.000000e+00 1.000000e+00 1.000000e-01
5.602810e+03 0.000000e+00 1.000000e+00 1.000000e-01
5.602820e+03 0.000000e+00 1.000000e+00 1.000000e-01
5.602830e+03 0.000000e+00 1.000000e+00 1.000000e-01
5.602840e+03 0.000000e+00 1.000000e+00 1.000000e-01
5.602850e+03 0.000000e+00 1.000000e+00 1.000000e-01
5.602860e+03 0.000000e+00 1.000000e+00 1.000000e-01
5.602870e+03 0.000000e+00 1.000000e+00 1.000000e-01
5.602880e+03 0.000000e+00 1.000000e+00 1.000000e-01
5.602890e+03 0.000000e+00 1.000000e+00 1.000000e-01
5.602900e+03 0.000000e+00 1.000000e+00 1.000000e-01
5.602910e+03 0.000000e+00 1.000000e+00 1.000000e-01
5.602920e+03 0.000000e+00 1.000000e+00 1.000000e-01
5.602930e+03 0.000000e+00 1.000000e+00 1.000000e-01
5.602940e+03 0.000000e+00 1.000000e+00 1.000000e-01
5.602950e+03 0.000000e+00 1.000000e+00 1.000000e-01
5.602960e+03 0.000000e+00 1.000000e+00 1.000000e-01
5.602970e+03 0.000000e+00 1.000000e+00 1.000000e-01
5.602980e+03 0.000000e+00 1.000000e+00 1.000000e-01
5.602990e+03 0.000000e+00 1.000000e+00 1.000000e-01
5.603000e+03 0.000000e+00 1.000000e+00 1.000000e-01
5.603010e+03 0.000000e+00 1.000000e+00 1.000000e-01
5.603020e+03 0.000000e+00 1.000000e+00 1.000000e-01
5.603030e+03 0.000000e+00 1.000000e+00 1.000000e-01
5.603040e+03 0.000000e+00 1.000000e+00 1.000000e-01
5.603050e+03 0.000000e+00 1.000000e+00 1.000000e-01
5.603060e+03 0.000000e+00 1.000000e+00 1.000000e-01
5.603070e+03 0.000000e+00 1.000000e+00 1.000000e-01
5.603080e+03 0.000000e+00 1.000000e+00 1.000000e-01
5.603090e+03 0.000000e+00 1.000000e+00 1.000000e-01
5.603100e+03 0.000000e+00 1.000000e+00 1.000000e-01
5.603110e+03 0.000000e+00 1.000000e+00 1.000000e-01
5.603120e+03 0.000000e+00 1.000000e+00 1.000000e-01
5.603130e+03 0.000000e+00 1.000000e+00 1.000000e-01
5.603140e+03 0.000000e+00 1.000000e+00 1.000000e-01
5.603150e+03 0.000000e+00 1.000000e+00 1.000000e-01
5.603160e+03 0.000000e+00 1.000000e+00 1.000000e-01
5.603170e+03 0.000000e+00 1.000000e+00 1.000000e-01
5.603180e+03 0.000000e+00 1.000000e+00 1.000000e-01
5.603190e+03 0.000000e+00 1.000000e+00 1.000000e-01
5.603200e+03 0.000000e+00 1.000000e+00 1.000000e-01
5.603210e+03 0.000000e+00 1.000000e+00 1.000000e-01
5.603220e+03 0.000000e+00 1.000000e+00 1.000000e-01
5.603230e+03 0.000000e+00 1.000000e+00 1.000000e-01
5.603240e+03 0.000000e+00 1.000000e+00 1.000000e-01
5.603250e+03 0.000000e+00 1.000000e+00 1.000000e-01
5.603260e+03 0.000000e+00 1.000000e+00 1.000000e-01
5.603270e+03 0.000000e+00 1.000000e+00 1.000000e-01
5.603280e+03 0.000000e+00 1.000000e+00 1.000000e-01
5.603290e+03 0.000000e+00 1.000000e+00 1.000000e-01
5.603300e+03 0.000000e+00 1.000000e+00 1.000000e-01
5.603310e+03 0.000000e+00 1.000000e+00 1.000000e-01
5.603320e+03 0.000000e+00 1.000000e+00 1.000000e-01
5.603330e+03 0.000000e+00 1.000000e+00 1.000000e-01
5.603340e+03 0.000000e+00 1.000000e+00 1.000000e-01
5.603350e+03 0.000000e+00 1.000000e+00 1.000000e-01
5.603360e+03 0.000000e+00 1.000000e+00 1.000000e-01
5.603370e+03 0.000000e+00 1.000000e+00 1.000000e-01
5.603380e+03 0.000000e+00 1.000000e+00 1.000000e-01
5.603390e+03 0.000000e+00 1.000000e+00 1.000000e-01
5.603400e+03 0.000000e+00 1.000000e+00 1.000000e-01
5.603410e+03 0.000000e+00 1.000000e+00 1.000000e-01
5.603420e+03 0.000000e+00 1.000000e+00 1.000000e-01
5.603430e+03 0.000000e+00 1.000000e+00 1.000000e-01
5.603440e+03 0.000000e+00 1.000000e+00 1.000000e-01
5.603450e+03 0.000000e+00 1.000000e+00 1.000000e-01
5.603460e+03 0.000000e+00 1.000000e+00 1.000000e-01
5.603470e+03 0.000000e+00 1.000000e+00 1.000000e-01
5.603480e+03 0.000000e+00 1.000000e+00 1.000000e-01
5.603490e+03 0.000000e+00 1.000000e+00 1.000000e-01
5.603500e+03 0.000000e+00 1.000000e+00 1.000000e-01
5.603510e+03 0.000000e+00 1.000000e+00 1.000000e-01
5.603520e+03 0.000000e+00 1.000000e+00 1.000000e-01
5.603530e+03 0.000000e+00 1.000000e+00 1.000000e-01
5.603540e+03 0.000000e+00 1.000000e+00 1.000000e-01
5.603550e+03 0.000000e+00 1.000000e+00 1.000000e-01
5.603560e+03 0.000000e+00 1.000000e+00 1.000000e-01
5.603570e+03 0.000000e+00 1.000000e+00 1.000000e-01
5.603580e+03 0.000000e+00 1.000000e+00 1.000000e-01
5.603590e+03 0.000000e+00 1.000000e+00 1.000000e-01
5.603600e+03 0.000000e+00 1.000000e+00 1.000000e-01
5.603610e+03 0.000000e+00 1.000000e+00 1.000000e-01
5.603620e+03 0.000000e+00 1.000000e+00 1.000000e-01
5.603630e+03 0.000000e+00 1.000000e+00 1.000000e-01
5.603640e+03 0.000000e+00 1.000000e+00 1.000000e-01
5.603650e+03 0.000000e+00 1.000000e+00 1.000000e-01
5.603660e+03 0.000000e+00 1.000000e+00 1.000000e-01
5.603670e+03 0.000000e+00 1.000000e+00 1.000000e-01
5.603680e+03 0.000000e+00 1.000000e+00 1.000000e-01
5.603690e+03 0.000000e+00 1.000000e+00 1.000000e-01
5.603700e+03 0.000000e+00 1.000000e+00 1.000000e-01
5.603710e+03 0.000000e+00 1.000000e+00 1.000000e-01
5.603720e+03 0.000000e+00 1.000000e+00 1.000000e-01
5.603730e+03 0.000000e+00 1.000000e+00 1.000000e-01
5.603740e+03 0.000000e+00 1.000000e+00 1.000000e-01
5.603750e+03 0.000000e+00 1.000000e+00 1.000000e-01
5.603760e+03 0.000000e+00 1.000000e+00 1.000000e-01
5.603770e+03 0.000000e+00 1.000000e+00 1.000000e-01
5.603780e+03 0.000000e+00 1.000000e+00 1.000000e-01
5.603790e+03 0.000000e+00 1.000000e+00 1.000000e-01
5.603800e+03 0.000000e+00 1.000000e+00 1.000000e-01
5.603810e+03 0.000000e+00 1.000000e+00 1.000000e-01
5.603820e+03 0.000000e+00 1.000000e+00 1.000000e-01
5.603830e+03 0.000000e+00 1.000000e+00 1.000000e-01
5.603840e+03 0.000000e+00 1.000000e+00 1.000000e-01
5.603850e+03 0.000000e+00 1.000000e+00 1.000000e-01
5.603860e+03 0.000000e+00 1.000000e+00 1.000000e-01
5.603870e+03 0.000000e+00 1.000000e+00 1.000000e-01
5.603880e+03 0.000000e+00 1.000000e+00 1.000000e-01
5.603890e+03 0.000000e+00 1.000000e+00 1.000000e-01
5.603900e+03 0.000000e+00 1.000000e+00 1.000000e-01
5.603910e+03 0.000000e+00 1.000000e+00 1.000000e-01
5.603920e+03 0.000000e+00 1.000000e+00 1.000000e-01
5.603930e+03 0.000000e+00 1.000000e+00 1.000000e-01
5.603940e+03 0.000000e+00 1.000000e+00 1.000000e-01
5.603950e+03 0.000000e+00 1.000000e+00 1.000000e-01
5.603960e+03 0.000000e+00 1.000000e+00 1.000000e-01
5.603970e+03 0.000000e+00 1.000000e+00 1.000000e-01
5.603980e+03 0.000000e+00 1.000000e+00 1.000000e-01
5.603990e+03 0.000000e+00 1.000000e+00 1.000000e-01
5.604000e+03 0.000000e+00 1.000000e+00 1.000000e-01
5.604010e+03 0.000000e+00 1.000000e+00 1.000000e-01
5.604020e+03 0.000000e+00 1.000000e+00 1.000000e-01
5.604030e+03 0.000000e+00 1.000000e+00 1.000000e-01
5.604040e+03 0.000000e+00 1.000000e+00 1.000000e-01
5.604050e+03 0.000000e+00 1.000000e+00 1.000000e-01
5.604060e+03 0.000000e+00 1.000000e+00 1.000000e-01
5.604070e+03 0.000000e+00 1.000000e+00 1.000000e-01
5.604080e+03 0.000000e+00 1.000000e+00 1.000000e-01
5.604090e+03 0.000000e+00 1.000000e+00 1.000000e-01
5.604100e+03 0.000000e+00 1.000000e+00 1.000000e-01
5.604110e+03 0.000000e+00 1.000000e+00 1.000000e-01
5.604120e+03 0.000000e+00 1.000000e+00 1.000000e-01
5.604130e+03 0.000000e+00 1.000000e+00 1.000000e-01
5.604140e+03 0.000000e+00 1.000000e+00 1.000000e-01
5.604150e+03 0.000000e+00 1.000000e+00 1.000000e-01
5.604160e+03 0.000000e+00 1.000000e+00 1.000000e-01
5.604170e+03 0.000000e+00 1.000000e+00 1.000000e-01
5.604180e+03 0.000000e+00 1.000000e+00 1.000000e-01
5.604190e+03 0.000000e+00 1.000000e+00 1.000000e-01
5.604200e+03 0.000000e+00 1.000000e+00 1.000000e-01
5.604210e+03 0.000000e+00 1.000000e+00 1.000000e-01
5.604220e+03 0.000000e+00 1.000000e+00 1.000000e-01
5.604230e+03 0.000000e+00 1.000000e+00 1.000000e-01
5.604240e+03 0.000000e+00 1.000000e+00 1.000000e-01
5.604250e+03 0.000000e+00 1.000000e+00 1.000000e-01
5.604260e+03 0.000000e+00 1.000000e+00 1.000000e-01
5.604270e+03 0.000000e+00 1.000000e+00 1.000000e-01
5.604280e+03 0.000000e+00 1.000000e+00 1.000000e-01
5.604290e+03 0.000000e+00 1.000000e+00 1.000000e-01
5.604300e+03 0.000000e+00 1.000000e+00 1.000000e-01
5.604310e+03 0.000000e+00 1.000000e+00 1.000000e-01
5.604320e+03 0.000000e+00 1.000000e+00 1.000000e-01
5.604330e+03 0.000000e+00 1.000000e+00 1.000000e-01
5.604340e+03 0.000000e+00 1.000000e+00 1.000000e-01
5.604350e+03 0.000000e+00 1.000000e+00 1.000000e-01
5.604360e+03 0.000000e+00 1.000000e+00 1.000000e-01
5.604370e+03 0.000000e+00 1.000000e+00 1.000000e-01
5.604380e+03 0.000000e+00 1.000000e+00 1.000000e-01
5.604390e+03 0.000000e+00 1.000000e+00 1.000000e-01
5.604400e+03 0.000000e+00 1.000000e+00 1.000000e-01
5.604410e+03 0.000000e+00 1.000000e+00 1.000000e-01
5.604420e+03 0.000000e+00 1.000000e+00 1.000000e-01
5.604430e+03 0.000000e+00 1.000000e+00 1.000000e-01
5.604440e+03 0.000000e+00 1.000000e+00 1.000000e-01
5.604450e+03 0.000000e+00 1.000000e+00 1.000000e-01
5.604460e+03 0.000000e+00 1.000000e+00 1.000000e-01
5.604470e+03 0.000000e+00 1.000000e+00 1.000000e-01
5.604480e+03 0.000000e+00 1.000000e+00 1.000000e-01
5.604490e+03 0.000000e+00 1.000000e+00 1.000000e-01
5.604500e+03 0.000000e+00 1.000000e+00 1.000000e-01
5.604510e+03 0.000000e+00 1.000000e+00 1.000000e-01
5.604520e+03 0.000000e+00 1.000000e+00 1.000000e-01
5.604530e+03 0.000000e+00 1.000000e+00 1.000000e-01
5.604540e+03 0.000000e+00 1.000000e+00 1.000000e-01
5.604550e+03 0.000000e+00 1.000000e+00 1.000000e-01
5.604560e+03 0.000000e+00 1.000000e+00 1.000000e-01
5.604570e+03 0.000000e+00 1.000000e+00 1.000000e-01
5.604580e+03 0.000000e+00 1.000000e+00 1.000000e-01
5.604590e+03 0.000000e+00 1.000000e+00 1.000000e-01
5.604600e+03 0.000000e+00 1.000000e+00 1.000000e-01
5.604610e+03 0.000000e+00 1.000000e+00 1.000000e-01
5.604620e+03 0.000000e+00 1.000000e+00 1.000000e-01
5.604630e+03 0.000000e+00 1.000000e+00 1.000000e-01
5.604640e+03 0.000000e+00 1.000000e+00 1.000000e-01
5.604650e+03 0.000000e+00 1.000000e+00 1.000000e-01
5.604660e+03 0.000000e+00 1.000000e+00 1.000000e-01
5.604670e+03 0.000000e+00 1.000000e+00 1.000000e-01
5.604680e+03 0.000000e+00 1.000000e+00 1.000000e-01
5.604690e+03 0.000000e+00 1.000000e+00 1.000000e-01
5.604700e+03 0.000000e+00 1.000000e+00 1.000000e-01
5.604710e+03 0.000000e+00 1.000000e+00 1.000000e-01
5.604720e+03 0.000000e+00 1.000000e+00 1.000000e-01
5.604730e+03 0.000000e+00 1.000000e+00 1.000000e-01
5.604740e+03 0.000000e+00 1.000000e+00 1.000000e-01
5.604750e+03 0.000000e+00 1.000000e+00 1.000000e-01
5.604760e+03 0.000000e+00 1.000000e+00 1.000000e-01
5.604770e+03 0.000000e+00 1.000000e+00 1.000000e-01
5.604780e+03 0.000000e+00 1.000000e+00 1.000000e-01
5.604790e+03 0.000000e+00 1.000000e+00 1.000000e-01
5.604800e+03 0.000000e+00 1.000000e+00 1.000000e-01
5.604810e+03 0.000000e+00 1.000000e+00 1.000000e-01
5.604820e+03 0.000000e+00 1.000000e+00 1.000000e-01
5.604830e+03 0.000000e+00 1.000000e+00 1.000000e-01
5.604840e+03 0.000000e+00 1.000000e+00 1.000000e-01
5.604850e+03 0.000000e+00 1.000000e+00 1.000000e-01
5.604860e+03 0.000000e+00 1.000000e+00 1.000000e-01
5.604870e+03 0.000000e+00 1.000000e+00 1.000000e-01
5.604880e+03 0.000000e+00 1.000000e+00 1.000000e-01
5.604890e+03 0.000000e+00 1.000000e+00 1.000000e-01
5.604900e+03 0.000000e+00 1.000000e+00 1.000000e-01
5.604910e+03 0.000000e+00 1.000000e+00 1.000000e-01
5.604920e+03 0.000000e+00 1.000000e+00 1.000000e-01
5.604930e+03 0.000000e+00 1.000000e+00 1.000000e-01
5.604940e+03 0.000000e+00 1.000000e+00 1.000000e-01
5.604950e+03 0.000000e+00 1.000000e+00 1.000000e-01
5.604960e+03 0.000000e+00 1.000000e+00 1.000000e-01
5.604970e+03 0.000000e+00 1.000000e+00 1.000000e-01
5.604980e+03 0.000000e+00 1.000000e+00 1.000000e-01
5.604990e+03 0.000000e+00 1.000000e+00 1.000000e-01
5.605000e+03 0.000000e+00 1.000000e+00 1.000000e-01
5.605010e+03 0.000000e+00 1.000000e+00 1.000000e-01
5.605020e+03 0.000000e+00 1.000000e+00 1.000000e-01
5.605030e+03 0.000000e+00 1.000000e+00 1.000000e-01
5.605040e+03 0.000000e+00 1.000000e+00 1.000000e-01
5.605050e+03 0.000000e+00 1.000000e+00 1.000000e-01
5.605060e+03 0.000000e+00 1.000000e+00 1.000000e-01
5.605070e+03 0.000000e+00 1.000000e+00 1.000000e-01
5.605080e+03 0.000000e+00 1.000000e+00 1.000000e-01
5.605090e+03 0.000000e+00 1.000000e+00 1.000000e-01
5.605100e+03 0.000000e+00 1.000000e+00 1.000000e-01
5.605110e+03 0.000000e+00 1.000000e+00 1.000000e-01
5.605120e+03 0.000000e+00 1.000000e+00 1.000000e-01
5.605130e+03 0.000000e+00 1.000000e+00 1.000000e-01
5.605140e+03 0.000000e+00 1.000000e+00 1.000000e-01
5.605150e+03 0.000000e+00 1.000000e+00 1.000000e-01
5.605160e+03 0.000000e+00 1.000000e+00 1.000000e-01
5.605170e+03 0.000000e+00 1.000000e+00 1.000000e-01
5.605180e+03 0.000000e+00 1.000000e+00 1.000000e-01
5.605190e+03 0.000000e+00 1.000000e+00 1.000000e-01
5.605200e+03 0.000000e+00 1.000000e+00 1.000000e-01
5.605210e+03 0.000000e+00 1.000000e+00 1.000000e-01
5.605220e+03 0.000000e+00 1.000000e+00 1.000000e-01
5.605230e+03 0.000000e+00 1.000000e+00 1.000000e-01
5.605240e+03 0.000000e+00 1.000000e+00 1.000000e-01
5.605250e+03 0.000000e+00 1.000000e+00 1.000000e-01
5.605260e+03 0.000000e+00 1.000000e+00 1.000000e-01
5.605270e+03 0.000000e+00 1.000000e+00 1.000000e-01
5.605280e+03 0.000000e+00 1.000000e+00 1.000000e-01
5.605290e+03 0.000000e+00 1.000000e+00 1.000000e-01
5.605300e+03 0.000000e+00 1.000000e+00 1.000000e-01
5.605310e+03 0.000000e+00 1.000000e+00 1.000000e-01
5.605320e+03 0.000000e+00 1.000000e+00 1.000000e-01
5.605330e+03 0.000000e+00 1.000000e+00 1.000000e-01
5.605340e+03 0.000000e+00 1.000000e+00 1.000000e-01
5.605350e+03 0.000000e+00 1.000000e+00 1.000000e-01
5.605360e+03 0.000000e+00 1.000000e+00 1.000000e-01
5.605370e+03 0.000000e+00 1.000000e+00 1.000000e-01
5.605380e+03 0.000000e+00 1.000000e+00 1.000000e-01
5.605390e+03 0.000000e+00 1.000000e+00 1.000000e-01
5.605400e+03 0.000000e+00 1.000000e+00 1.000000e-01
5.605410e+03 0.000000e+00 1.000000e+00 1.000000e-01
5.605420e+03 0.000000e+00 1.000000e+00 1.000000e-01
5.605430e+03 0.000000e+00 1.000000e+00 1.000000e-01
5.605440e+03 0.000000e+00 1.000000e+00 1.000000e-01
5.605450e+03 0.000000e+00 1.000000e+00 1.000000e-01
5.605460e+03 0.000000e+00 1.000000e+00 1.000000e-01
5.605470e+03 0.000000e+00 1.000000e+00 1.000000e-01
5.605480e+03 0.000000e+00 1.000000e+00 1.000000e-01
5.605490e+03 0.000000e+00 1.000000e+00 1.000000e-01
5.605500e+03 0.000000e+00 1.000000e+00 1.000000e-01
5.605510e+03 0.000000e+00 1.000000e+00 1.000000e-01
5.605520e+03 0.000000e+00 1.000000e+00 1.000000e-01
5.605530e+03 0.000000e+00 1.000000e+00 1.000000e-01
5.605540e+03 0.000000e+00 1.000000e+00 1.000000e-01
5.605550e+03 0.000000e+00 1.000000e+00 1.000000e-01
5.605560e+03 0.000000e+00 1.000000e+00 1.000000e-01
5.605570e+03 0.000000e+00 1.000000e+00 1.000000e-01
5.605580e+03 0.000000e+00 1.000000e+00 1.000000e-01
5.605590e+03 0.000000e+00 1.000000e+00 1.000000e-01
5.605600e+03 0.000000e+00 1.000000e+00 1.000000e-01
5.605610e+03 0.000000e+00 1.000000e+00 1.000000e-01
5.605620e+03 0.000000e+00 1.000000e+00 1.000000e-01
5.605630e+03 0.000000e+00 1.000000e+00 1.000000e-01
5.605640e+03 0.000000e+00 1.000000e+00 1.000000e-01
5.605650e+03 0.000000e+00 1.000000e+00 1.000000e-01
5.605660e+03 0.000000e+00 1.000000e+00 1.000000e-01
5.605670e+03 0.000000e+00 1.000000e+00 1.000000e-01
5.605680e+03 0.000000e+00 1.000000e+00 1.000000e-01
5.605690e+03 0.000000e+00 1.000000e+00 1.000000e-01
5.605700e+03 0.000000e+00 1.000000e+00 1.000000e-01
5.605710e+03 0.000000e+00 1.000000e+00 1.000000e-01
5.605720e+03 0.000000e+00 1.000000e+00 1.000000e-01
5.605730e+03 0.000000e+00 1.000000e+00 1.000000e-01
5.605740e+03 0.000000e+00 1.000000e+00 1.000000e-01
5.605750e+03 0.000000e+00 1.000000e+00 1.000000e-01
5.605760e+03 0.000000e+00 1.000000e+00 1.000000e-01
5.605770e+03 0.000000e+00 1.000000e+00 1.000000e-01
5.605780e+03 0.000000e+00 1.000000e+00 1.000000e-01
5.605790e+03 0.000000e+00 1.000000e+00 1.000000e-01
5.605800e+03 0.000000e+00 1.000000e+00 1.000000e-01
5.605810e+03 0.000000e+00 1.000000e+00 1.000000e-01
5.605820e+03 0.000000e+00 1.000000e+00 1.000000e-01
5.605830e+03 0.000000e+00 1.000000e+00 1.000000e-01
5.605840e+03 0.000000e+00 1.000000e+00 1.000000e-01
5.605850e+03 0.000000e+00 1.000000e+00 1.000000e-01
5.605860e+03 0.000000e+00 1.000000e+00 1.000000e-01
5.605870e+03 0.000000e+00 1.000000e+00 1.000000e-01
5.605880e+03 0.000000e+00 1.000000e+00 1.000000e-01
5.605890e+03 0.000000e+00 1.000000e+00 1.000000e-01
5.605900e+03 0.000000e+00 1.000000e+00 1.000000e-01
5.605910e+03 0.000000e+00 1.000000e+00 1.000000e-01
5.605920e+03 0.000000e+00 1.000000e+00 1.000000e-01
5.605930e+03 0.000000e+00 1.000000e+00 1.000000e-01
5.605940e+03 0.000000e+00 1.000000e+00 1.000000e-01
5.605950e+03 0.000000e+00 1.000000e+00 1.000000e-01
5.605960e+03 0.000000e+00 1.000000e+00 1.000000e-01
5.605970e+03 0.000000e+00 1.000000e+00 1.000000e-01
5.605980e+03 0.000000e+00 1.000000e+00 1.000000e-01
5.605990e+03 0.000000e+00 1.000000e+00 1.000000e-01
5.606000e+03 0.000000e+00 1.000000e+00 1.000000e-01
5.606010e+03 0.000000e+00 1.000000e+00 1.000000e-01
5.606020e+03 0.000000e+00 1.000000e+00 1.000000e-01
5.606030e+03 0.000000e+00 1.000000e+00 1.000000e-01
5.606040e+03 0.000000e+00 1.000000e+00 1.000000e-01
5.606050e+03 0.000000e+00 1.000000e+00 1.000000e-01
5.606060e+03 0.000000e+00 1.000000e+00 1.000000e-01
5.606070e+03 0.000000e+00 1.000000e+00 1.000000e-01
5.606080e+03 0.000000e+00 1.000000e+00 1.000000e-01
5.606090e+03 0.000000e+00 1.000000e+00 1.000000e-01
5.606100e+03 0.000000e+00 1.000000e+00 1.000000e-01
5.606110e+03 0.000000e+00 1.000000e+00 1.000000e-01
5.606120e+03 0.000000e+00 1.000000e+00 1.000000e-01
5.606130e+03 0.000000e+00 1.000000e+00 1.000000e-01
5.606140e+03 0.000000e+00 1.000000e+00 1.000000e-01
5.606150e+03 0.000000e+00 1.000000e+00 1.000000e-01
5.606160e+03 0.000000e+00 1.000000e+00 1.000000e-01
5.606170e+03 0.000000e+00 1.000000e+00 1.000000e-01
5.606180e+03 0.000000e+00 1.000000e+00 1.000000e-01
5.606190e+03 0.000000e+00 1.000000e+00 1.000000e-01
5.606200e+03 0.000000e+00 1.000000e+00 1.000000e-01
5.606210e+03 0.000000e+00 1.000000e+00 1.000000e-01
5.606220e+03 0.000000e+00 1.000000e+00 1.000000e-01
5.606230e+03 0.000000e+00 1.000000e+00 1.000000e-01
5.606240e+03 0.000000e+00 1.000000e+00 1.000000e-01
5.606250e+03 0.000000e+00 1.000000e+00 1.000000e-01
5.606260e+03 0.000000e+00 1.000000e+00 1.000000e-01
5.606270e+03 0.000000e+00 1.000000e+00 1.000000e-01
5.606280e+03 0.000000e+00 1.000000e+00 1.000000e-01
5.606290e+03 0.000000e+00 1.000000e+00 1.000000e-01
5.606300e+03 0.000000e+00 1.000000e+00 1.000000e-01
5.606310e+03 0.000000e+00 1.000000e+00 1.000000e-01
5.606320e+03 0.000000e+00 1.000000e+00 1.000000e-01
5.606330e+03 0.000000e+00 1.000000e+00 1.000000e-01
5.606340e+03 0.000000e+00 1.000000e+00 1.000000e-01
5.606350e+03 0.000000e+00 1.000000e+00 1.000000e-01
5.606360e+03 0.000000e+00 1.000000e+00 1.000000e-01
5.606370e+03 0.000000e+00 1.000000e+00 1.000000e-01
5.606380e+03 0.000000e+00 1.000000e+00 1.000000e-01
5.606390e+03 0.000000e+00 1.000000e+00 1.000000e-01
5.606400e+03 0.000000e+00 1.000000e+00 1.000000e-01
5.606410e+03 0.000000e+00 1.000000e+00 1.000000e-01
5.606420e+03 0.000000e+00 1.000000e+00 1.000000e-01
5.606430e+03 0.000000e+00 1.000000e+00 1.000000e-01
5.606440e+03 0.000000e+00 1.000000e+00 1.000000e-01
5.606450e+03 0.000000e+00 1.000000e+00 1.000000e-01
5.606460e+03 0.000000e+00 1.000000e+00 1.000000e-01
5.606470e+03 0.000000e+00 1.000000e+00 1.000000e-01
5.606480e+03 0.000000e+00 1.000000e+00 1.000000e-01
5.606490e+03 0.000000e+00 1.000000e+00 1.000000e-01
5.606500e+03 0.000000e+00 1.000000e+00 1.000000e-01
5.606510e+03 0.000000e+00 1.000000e+00 1.000000e-01
5.606520e+03 0.000000e+00 1.000000e+00 1.000000e-01
5.606530e+03 0.000000e+00 1.000000e+00 1.000000e-01
5.606540e+03 0.000000e+00 1.000000e+00 1.000000e-01
5.606550e+03 0.000000e+00 1.000000e+00 1.000000e-01
5.606560e+03 0.000000e+00 1.000000e+00 1.000000e-01
5.606570e+03 0.000000e+00 1.000000e+00 1.000000e-01
5.606580e+03 0.000000e+00 1.000000e+00 1.000000e-01
5.606590e+03 0.000000e+00 1.000000e+00 1.000000e-01
5.606600e+03 0.000000e+00 1.000000e+00 1.000000e-01
5.606610e+03 0.000000e+00 1.000000e+00 1.000000e-01
5.606620e+03 0.000000e+00 1.000000e+00 1.000000e-01
5.606630e+03 0.000000e+00 1.000000e+00 1.000000e-01
5.606640e+03 0.000000e+00 1.000000e+00 1.000000e-01
5.606650e+03 0.000000e+00 1.000000e+00 1.000000e-01
5.606660e+03 0.000000e+00 1.000000e+00 1.000000e-01
5.606670e+03 0.000000e+00 1.000000e+00 1.000000e-01
5.606680e+03 0.000000e+00 1.000000e+00 1.000000e-01
5.606690e+03 0.000000e+00 1.000000e+00 1.000000e-01
5.606700e+03 0.000000e+00 1.000000e+00 1.000000e-01
5.606710e+03 0.000000e+00 1.000000e+00 1.000000e-01
5.606720e+03 0.000000e+00 1.000000e+00 1.000000e-01
5.606730e+03 0.000000e+00 1.000000e+00 1.000000e-01
5.606740e+03 0.000000e+00 1.000000e+00 1.000000e-01
5.606750e+03 0.000000e+00 1.000000e+00 1.000000e-01
5.606760e+03 0.000000e+00 1.000000e+00 1.000000e-01
5.606770e+03 0.000000e+00 1.000000e+00 1.000000e-01
5.606780e+03 0.000000e+00 1.000000e+00 1.000000e-01
5.606790e+03 0.000000e+00 1.000000e+00 1.000000e-01
5.606800e+03 0.000000e+00 1.000000e+00 1.000000e-01
5.606810e+03 0.000000e+00 1.000000e+00 1.000000e-01
5.606820e+03 0.000000e+00 1.000000e+00 1.000000e-01
5.606830e+03 0.000000e+00 1.000000e+00 1.000000e-01
5.606840e+03 0.000000e+00 1.000000e+00 1.000000e-01
5.606850e+03 0.000000e+00 1.000000e+00 1.000000e-01
5.606860e+03 0.000000e+00 1.000000e+00 1.000000e-01
5.606870e+03 0.000000e+00 1.000000e+00 1.000000e-01
5.606880e+03 0.000000e+00 1.000000e+00 1.000000e-01
5.606890e+03 0.000000e+00 1.000000e+00 1.000000e-01
5.606900e+03 0.000000e+00 1.000000e+00 1.000000e-01
5.606910e+03 0.000000e+00 1.000000e+00 1.000000e-01
5.606920e+03 0.000000e+00 1.000000e+00 1.000000e-01
5.606930e+03 0.000000e+00 1.000000e+00 1.000000e-01
5.606940e+03 0.000000e+00 1.000000e+00 1.000000e-01
5.606950e+03 0.000000e+00 1.000000e+00 1.000000e-01
5.606960e+03 0.000000e+00 1.000000e+00 1.000000e-01
5.606970e+03 0.000000e+00 1.000000e+00 1.000000e-01
5.606980e+03 0.000000e+00 1.000000e+00 1.000000e-01
5.606990e+03 0.000000e+00 1.000000e+00 1.000000e-01
5.607000e+03 0.000000e+00 1.000000e+00 1.000000e-01
5.607010e+03 0.000000e+00 1.000000e+00 1.000000e-01
5.607020e+03 0.000000e+00 1.000000e+00 1.000000e-01
5.607030e+03 0.000000e+00 1.000000e+00 1.000000e-01
5.607040e+03 0.000000e+00 1.000000e+00 1.000000e-01
5.607050e+03 0.000000e+00 1.000000e+00 1.000000e-01
5.607060e+03 0.000000e+00 1.000000e+00 1.000000e-01
5.607070e+03 0.000000e+00 1.000000e+00 1.000000e-01
5.607080e+03 0.000000e+00 1.000000e+00 1.000000e-01
5.607090e+03 0.000000e+00 1.000000e+00 1.000000e-01
5.607100e+03 0.000000e+00 1.000000e+00 1.000000e-01
5.607110e+03 0.000000e+00 1.000000e+00 1.000000e-01
5.607120e+03 0.000000e+00 1.000000e+00 1.000000e-01
5.607130e+03 0.000000e+00 1.000000e+00 1.000000e-01
5.607140e+03 0.000000e+00 1.000000e+00 1.000000e-01
5.607150e+03 0.000000e+00 1.000000e+00 1.000000e-01
5.607160e+03 0.000000e+00 1.000000e+00 1.000000e-01
5.607170e+03 0.000000e+00 1.000000e+00 1.000000e-01
5.607180e+03 0.000000e+00 1.000000e+00 1.000000e-01
5.607190e+03 0.000000e+00 1.000000e+00 1.000000e-01
5.607200e+03 0.000000e+00 1.000000e+00 1.000000e-01
5.607210e+03 0.000000e+00 1.000000e+00 1.000000e-01
5.607220e+03 0.000000e+00 1.000000e+00 1.000000e-01
5.607230e+03 0.000000e+00 1.000000e+00 1.000000e-01
5.607240e+03 0.000000e+00 1.000000e+00 1.000000e-01
5.607250e+03 0.000000e+00 1.000000e+00 1.000000e-01
5.607260e+03 0.000000e+00 1.000000e+00 1.000000e-01
5.607270e+03 0.000000e+00 1.000000e+00 1.000000e-01
5.607280e+03 0.000000e+00 1.000000e+00 1.000000e-01
5.607290e+03 0.000000e+00 1.000000e+00 1.000000e-01
5.607300e+03 0.000000e+00 1.000000e+00 1.000000e-01
5.607310e+03 0.000000e+00 1.000000e+00 1.000000e-01
5.607320e+03 0.000000e+00 1.000000e+00 1.000000e-01
5.607330e+03 0.000000e+00 1.000000e+00 1.000000e-01
5.607340e+03 0.000000e+00 1.000000e+00 1.000000e-01
5.607350e+03 0.000000e+00 1.000000e+00 1.000000e-01
5.607360e+03 0.000000e+00 1.000000e+00 1.000000e-01
5.607370e+03 0.000000e+00 1.000000e+00 1.000000e-01
5.607380e+03 0.000000e+00 1.000000e+00 1.000000e-01
5.607390e+03 0.000000e+00 1.000000e+00 1.000000e-01
5.607400e+03 0.000000e+00 1.000000e+00 1.000000e-01
5.607410e+03 0.000000e+00 1.000000e+00 1.000000e-01
5.607420e+03 0.000000e+00 1.000000e+00 1.000000e-01
5.607430e+03 0.000000e+00 1.000000e+00 1.000000e-01
5.607440e+03 0.000000e+00 1.000000e+00 1.000000e-01
5.607450e+03 0.000000e+00 1.000000e+00 1.000000e-01
5.607460e+03 0.000000e+00 1.000000e+00 1.000000e-01
5.607470e+03 0.000000e+00 1.000000e+00 1.000000e-01
5.607480e+03 0.000000e+00 1.000000e+00 1.000000e-01
5.607490e+03 0.000000e+00 1.000000e+00 1.000000e-01
5.607500e+03 0.000000e+00 1.000000e+00 1.000000e-01
5.607510e+03 0.000000e+00 1.000000e+00 1.000000e-01
5.607520e+03 0.000000e+00 1.000000e+00 1.000000e-01
5.607530e+03 0.000000e+00 1.000000e+00 1.000000e-01
5.607540e+03 0.000000e+00 1.000000e+00 1.000000e-01
5.607550e+03 0.000000e+00 1.000000e+00 1.000000e-01
5.607560e+03 0.000000e+00 1.000000e+00 1.000000e-01
5.607570e+03 0.000000e+00 1.000000e+00 1.000000e-01
5.607580e+03 0.000000e+00 1.000000e+00 1.000000e-01
5.607590e+03 0.000000e+00 1.000000e+00 1.000000e-01
5.607600e+03 0.000000e+00 1.000000e+00 1.000000e-01
5.607610e+03 0.000000e+00 1.000000e+00 1.000000e-01
5.607620e+03 0.000000e+00 1.000000e+00 1.000000e-01
5.607630e+03 0.000000e+00 1.000000e+00 1.000000e-01
5.607640e+03 0.000000e+00 1.000000e+00 1.000000e-01
5.607650e+03 0.000000e+00 1.000000e+00 1.000000e-01
5.607660e+03 0.000000e+00 1.000000e+00 1.000000e-01
5.607670e+03 0.000000e+00 1.000000e+00 1.000000e-01
5.607680e+03 0.000000e+00 1.000000e+00 1.000000e-01
5.607690e+03 0.000000e+00 1.000000e+00 1.000000e-01
5.607700e+03 0.000000e+00 1.000000e+00 1.000000e-01
5.607710e+03 0.000000e+00 1.000000e+00 1.000000e-01
5.607720e+03 0.000000e+00 1.000000e+00 1.000000e-01
5.607730e+03 0.000000e+00 1.000000e+00 1.000000e-01
5.607740e+03 0.000000e+00 1.000000e+00 1.000000e-01
5.607750e+03 0.000000e+00 1.000000e+00 1.000000e-01
5.607760e+03 0.000000e+00 1.000000e+00 1.000000e-01
5.607770e+03 0.000000e+00 1.000000e+00 1.000000e-01
5.607780e+03 0.000000e+00 1.000000e+00 1.000000e-01
5.607790e+03 0.000000e+00 1.000000e+00 1.000000e-01
5.607800e+03 0.000000e+00 1.000000e+00 1.000000e-01
5.607810e+03 0.000000e+00 1.000000e+00 1.000000e-01
5.607820e+03 0.000000e+00 1.000000e+00 1.000000e-01
5.607830e+03 0.000000e+00 1.000000e+00 1.000000e-01
5.607840e+03 0.000000e+00 1.000000e+00 1.000000e-01
5.607850e+03 0.000000e+00 1.000000e+00 1.000000e-01
5.607860e+03 0.000000e+00 1.000000e+00 1.000000e-01
5.607870e+03 0.000000e+00 1.000000e+00 1.000000e-01
5.607880e+03 0.000000e+00 1.000000e+00 1.000000e-01
5.607890e+03 0.000000e+00 1.000000e+00 1.000000e-01
5.607900e+03 0.000000e+00 1.000000e+00 1.000000e-01
5.607910e+03 0.000000e+00 1.000000e+00 1.000000e-01
5.607920e+03 0.000000e+00 1.000000e+00 1.000000e-01
5.607930e+03 0.000000e+00 1.000000e+00 1.000000e-01
5.607940e+03 0.000000e+00 1.000000e+00 1.000000e-01
5.607950e+03 0.000000e+00 1.000000e+00 1.000000e-01
5.607960e+03 0.000000e+00 1.000000e+00 1.000000e-01
5.607970e+03 0.000000e+00 1.000000e+00 1.000000e-01
5.607980e+03 0.000000e+00 1.000000e+00 1.000000e-01
5.607990e+03 0.000000e+00 1.000000e+00 1.000000e-01
5.608000e+03 0.000000e+00 1.000000e+00 1.000000e-01
5.608010e+03 0.000000e+00 1.000000e+00 1.000000e-01
5.608020e+03 0.000000e+00 1.000000e+00 1.000000e-01
5.608030e+03 0.000000e+00 1.000000e+00 1.000000e-01
5.608040e+03 0.000000e+00 1.000000e+00 1.000000e-01
5.608050e+03 0.000000e+00 1.000000e+00 1.000000e-01
5.608060e+03 0.000000e+00 1.000000e+00 1.000000e-01
5.608070e+03 0.000000e+00 1.000000e+00 1.000000e-01
5.608080e+03 0.000000e+00 1.000000e+00 1.000000e-01
5.608090e+03 0.000000e+00 1.000000e+00 1.000000e-01
5.608100e+03 0.000000e+00 1.000000e+00 1.000000e-01
5.608110e+03 0.000000e+00 1.000000e+00 1.000000e-01
5.608120e+03 0.000000e+00 1.000000e+00 1.000000e-01
5.608130e+03 0.000000e+00 1.000000e+00 1.000000e-01
5.608140e+03 0.000000e+00 1.000000e+00 1.000000e-01
5.608150e+03 0.000000e+00 1.000000e+00 1.000000e-01
5.608160e+03 0.000000e+00 1.000000e+00 1.000000e-01
5.608170e+03 0.000000e+00 1.000000e+00 1.000000e-01
5.608180e+03 0.000000e+00 1.000000e+00 1.000000e-01
5.608190e+03 0.000000e+00 1.000000e+00 1.000000e-01
5.608200e+03 0.000000e+00 1.000000e+00 1.000000e-01
5.608210e+03 0.000000e+00 1.000000e+00 1.000000e-01
5.608220e+03 0.000000e+00 1.000000e+00 1.000000e-01
5.608230e+03 0.000000e+00 1.000000e+00 1.000000e-01
5.608240e+03 0.000000e+00 1.000000e+00 1.000000e-01
5.608250e+03 0.000000e+00 1.000000e+00 1.000000e-01
5.608260e+03 0.000000e+00 1.000000e+00 1.000000e-01
5.608270e+03 0.000000e+00 1.000000e+00 1.000000e-01
5.608280e+03 0.000000e+00 1.000000e+00 1.000000e-01
5.608290e+03 0.000000e+00 1.000000e+00 1.000000e-01
5.608300e+03 0.000000e+00 1.000000e+00 1.000000e-01
5.608310e+03 0.000000e+00 1.000000e+00 1.000000e-01
5.608320e+03 0.000000e+00 1.000000e+00 1.000000e-01
5.608330e+03 0.000000e+00 1.000000e+00 1.000000e-01
5.608340e+03 0.000000e+00 1.000000e+00 1.000000e-01
5.608350e+03 0.000000e+00 1.000000e+00 1.000000e-01
5.608360e+03 0.000000e+00 1.000000e+00 1.000000e-01
5.608370e+03 0.000000e+00 1.000000e+00 1.000000e-01
5.608380e+03 0.000000e+00 1.000000e+00 1.000000e-01
5.608390e+03 0.000000e+00 1.000000e+00 1.000000e-01
5.608400e+03 0.000000e+00 1.000000e+00 1.000000e-01
5.608410e+03 0.000000e+00 1.000000e+00 1.000000e-01
5.608420e+03 0.000000e+00 1.000000e+00 1.000000e-01
5.608430e+03 0.000000e+00 1.000000e+00 1.000000e-01
5.608440e+03 0.000000e+00 1.000000e+00 1.000000e-01
5.608450e+03 0.000000e+00 1.000000e+00 1.000000e-01
5.608460e+03 0.000000e+00 1.000000e+00 1.000000e-01
5.608470e+03 0.000000e+00 1.000000e+00 1.000000e-01
5.608480e+03 0.000000e+00 1.000000e+00 1.000000e-01
5.608490e+03 0.000000e+00 1.000000e+00 1.000000e-01
5.608500e+03 0.000000e+00 1.000000e+00 1.000000e-01
5.608510e+03 0.000000e+00 1.000000e+00 1.000000e-01
5.608520e+03 0.000000e+00 1.000000e+00 1.000000e-01
5.608530e+03 0.000000e+00 1.000000e+00 1.000000e-01
5.608540e+03 0.000000e+00 1.000000e+00 1.000000e-01
5.608550e+03 0.000000e+00 1.000000e+00 1.000000e-01
5.608560e+03 0.000000e+00 1.000000e+00 1.000000e-01
5.608570e+03 0.000000e+00 1.000000e+00 1.000000e-01
5.608580e+03 0.000000e+00 1.000000e+00 1.000000e-01
5.608590e+03 0.000000e+00 1.000000e+00 1.000000e-01
5.608600e+03 0.000000e+00 1.000000e+00 1.000000e-01
5.608610e+03 0.000000e+00 1.000000e+00 1.000000e-01
5.608620e+03 0.000000e+00 1.000000e+00 1.000000e-01
5.608630e+03 0.000000e+00 1.000000e+00 1.000000e-01
5.608640e+03 0.000000e+00 1.000000e+00 1.000000e-01
5.608650e+03 0.000000e+00 1.000000e+00 1.000000e-01
5.608660e+03 0.000000e+00 1.000000e+00 1.000000e-01
5.608670e+03 0.000000e+00 1.000000e+00 1.000000e-01
5.608680e+03 0.000000e+00 1.000000e+00 1.000000e-01
5.608690e+03 0.000000e+00 1.000000e+00 1.000000e-01
5.608700e+03 0.000000e+00 1.000000e+00 1.000000e-01
5.608710e+03 0.000000e+00 1.000000e+00 1.000000e-01
5.608720e+03 0.000000e+00 1.000000e+00 1.000000e-01
5.608730e+03 0.000000e+00 1.000000e+00 1.000000e-01
5.608740e+03 0.000000e+00 1.000000e+00 1.000000e-01
5.608750e+03 0.000000e+00 1.000000e+00 1.000000e-01
5.608760e+03 0.000000e+00 1.000000e+00 1.000000e-01
5.608770e+03 0.000000e+00 1.000000e+00 1.000000e-01
5.608780e+03 0.000000e+00 1.000000e+00 1.000000e-01
5.608790e+03 0.000000e+00 1.000000e+00 1.000000e-01
5.608800e+03 0.000000e+00 1.000000e+00 1.000000e-01
5.608810e+03 0.000000e+00 1.000000e+00 1.000000e-01
5.608820e+03 0.000000e+00 1.000000e+00 1.000000e-01
5.608830e+03 0.000000e+00 1.000000e+00 1.000000e-01
5.608840e+03 0.000000e+00 1.000000e+00 1.000000e-01
5.608850e+03 0.000000e+00 1.000000e+00 1.000000e-01
5.608860e+03 0.000000e+00 1.000000e+00 1.000000e-01
5.608870e+03 0.000000e+00 1.000000e+00 1.000000e-01
5.608880e+03 0.000000e+00 1.000000e+00 1.000000e-01
5.608890e+03 0.000000e+00 1.000000e+00 1.000000e-01
5.608900e+03 0.000000e+00 1.000000e+00 1.000000e-01
5.608910e+03 0.000000e+00 1.000000e+00 1.000000e-01
5.608920e+03 0.000000e+00 1.000000e+00 1.000000e-01
5.608930e+03 0.000000e+00 1.000000e+00 1.000000e-01
5.608940e+03 0.000000e+00 1.000000e+00 1.000000e-01
5.608950e+03 0.000000e+00 1.000000e+00 1.000000e-01
5.608960e+03 0.000000e+00 1.000000e+00 1.000000e-01
5.608970e+03 0.000000e+00 1.000000e+00 1.000000e-01
5.608980e+03 0.000000e+00 1.000000e+00 1.000000e-01
5.608990e+03 0.000000e+00 1.000000e+00 1.000000e-01
5.609000e+03 0.000000e+00 1.000000e+00 1.000000e-01
5.609010e+03 0.000000e+00 1.000000e+00 1.000000e-01
5.609020e+03 0.000000e+00 1.000000e+00 1.000000e-01
5.609030e+03 0.000000e+00 1.000000e+00 1.000000e-01
5.609040e+03 0.000000e+00 1.000000e+00 1.000000e-01
5.609050e+03 0.000000e+00 1.000000e+00 1.000000e-01
5.609060e+03 0.000000e+00 1.000000e+00 1.000000e-01
5.609070e+03 0.000000e+00 1.000000e+00 1.000000e-01
5.609080e+03 0.000000e+00 1.000000e+00 1.000000e-01
5.609090e+03 0.000000e+00 1.000000e+00 1.000000e-01
5.609100e+03 0.000000e+00 1.000000e+00 1.000000e-01
5.609110e+03 0.000000e+00 1.000000e+00 1.000000e-01
5.609120e+03 0.000000e+00 1.000000e+00 1.000000e-01
5.609130e+03 0.000000e+00 1.000000e+00 1.000000e-01
5.609140e+03 0.000000e+00 1.000000e+00 1.000000e-01
5.609150e+03 0.000000e+00 1.000000e+00 1.000000e-01
5.609160e+03 0.000000e+00 1.000000e+00 1.000000e-01
5.609170e+03 0.000000e+00 1.000000e+00 1.000000e-01
5.609180e+03 0.000000e+00 1.000000e+00 1.000000e-01
5.609190e+03 0.000000e+00 1.000000e+00 1.000000e-01
5.609200e+03 0.000000e+00 1.000000e+00 1.000000e-01
5.609210e+03 0.000000e+00 1.000000e+00 1.000000e-01
5.609220e+03 0.000000e+00 1.000000e+00 1.000000e-01
5.609230e+03 0.000000e+00 1.000000e+00 1.000000e-01
5.609240e+03 0.000000e+00 1.000000e+00 1.000000e-01
5.609250e+03 0.000000e+00 1.000000e+00 1.000000e-01
5.609260e+03 0.000000e+00 1.000000e+00 1.000000e-01
5.609270e+03 0.000000e+00 1.000000e+00 1.000000e-01
5.609280e+03 0.000000e+00 1.000000e+00 1.000000e-01
5.609290e+03 0.000000e+00 1.000000e+00 1.000000e-01
5.609300e+03 0.000000e+00 1.000000e+00 1.000000e-01
5.609310e+03 0.000000e+00 1.000000e+00 1.000000e-01
5.609320e+03 0.000000e+00 1.000000e+00 1.000000e-01
5.609330e+03 0.000000e+00 1.000000e+00 1.000000e-01
5.609340e+03 0.000000e+00 1.000000e+00 1.000000e-01
5.609350e+03 0.000000e+00 1.000000e+00 1.000000e-01
5.609360e+03 0.000000e+00 1.000000e+00 1.000000e-01
5.609370e+03 0.000000e+00 1.000000e+00 1.000000e-01
5.609380e+03 0.000000e+00 1.000000e+00 1.000000e-01
5.609390e+03 0.000000e+00 1.000000e+00 1.000000e-01
5.609400e+03 0.000000e+00 1.000000e+00 1.000000e-01
5.609410e+03 0.000000e+00 1.000000e+00 1.000000e-01
5.609420e+03 0.000000e+00 1.000000e+00 1.000000e-01
5.609430e+03 0.000000e+00 1.000000e+00 1.000000e-01
5.609440e+03 0.000000e+00 1.000000e+00 1.000000e-01
5.609450e+03 0.000000e+00 1.000000e+00 1.000000e-01
5.609460e+03 0.000000e+00 1.000000e+00 1.000000e-01
5.609470e+03 0.000000e+00 1.000000e+00 1.000000e-01
5.609480e+03 0.000000e+00 1.000000e+00 1.000000e-01
5.609490e+03 0.000000e+00 1.000000e+00 1.000000e-01
5.609500e+03 0.000000e+00 1.000000e+00 1.000000e-01
5.609510e+03 0.000000e+00 1.000000e+00 1.000000e-01
5.609520e+03 0.000000e+00 1.000000e+00 1.000000e-01
5.609530e+03 0.000000e+00 1.000000e+00 1.000000e-01
5.609540e+03 0.000000e+00 1.000000e+00 1.000000e-01
5.609550e+03 0.000000e+00 1.000000e+00 1.000000e-01
5.609560e+03 0.000000e+00 1.000000e+00 1.000000e-01
5.609570e+03 0.000000e+00 1.000000e+00 1.000000e-01
5.609580e+03 0.000000e+00 1.000000e+00 1.000000e-01
5.609590e+03 0.000000e+00 1.000000e+00 1.000000e-01
5.609600e+03 0.000000e+00 1.000000e+00 1.000000e-01
5.609610e+03 0.000000e+00 1.000000e+00 1.000000e-01
5.609620e+03 0.000000e+00 1.000000e+00 1.000000e-01
5.609630e+03 0.000000e+00 1.000000e+00 1.000000e-01
5.609640e+03 0.000000e+00 1.000000e+00 1.000000e-01
5.609650e+03 0.000000e+00 1.000000e+00 1.000000e-01
5.609660e+03 0.000000e+00 1.000000e+00 1.000000e-01
5.609670e+03 0.000000e+00 1.000000e+00 1.000000e-01
5.609680e+03 0.000000e+00 1.000000e+00 1.000000e-01
5.609690e+03 0.000000e+00 1.000000e+00 1.000000e-01
5.609700e+03 0.000000e+00 1.000000e+00 1.000000e-01
5.609710e+03 0.000000e+00 1.000000e+00 1.000000e-01
5.609720e+03 0.000000e+00 1.000000e+00 1.000000e-01
5.609730e+03 0.000000e+00 1.000000e+00 1.000000e-01
5.609740e+03 0.000000e+00 1.000000e+00 1.000000e-01
5.609750e+03 0.000000e+00 1.000000e+00 1.000000e-01
5.609760e+03 0.000000e+00 1.000000e+00 1.000000e-01
5.609770e+03 0.000000e+00 1.000000e+00 1.000000e-01
5.609780e+03 0.000000e+00 1.000000e+00 1.000000e-01
5.609790e+03 0.000000e+00 1.000000e+00 1.000000e-01
5.609800e+03 0.000000e+00 1.000000e+00 1.000000e-01
5.609810e+03 0.000000e+00 1.000000e+00 1.000000e-01
5.609820e+03 0.000000e+00 1.000000e+00 1.000000e-01
5.609830e+03 0.000000e+00 1.000000e+00 1.000000e-01
5.609840e+03 0.000000e+00 1.000000e+00 1.000000e-01
5.609850e+03 0.000000e+00 1.000000e+00 1.000000e-01
5.609860e+03 0.000000e+00 1.000000e+00 1.000000e-01
5.609870e+03 0.000000e+00 1.000000e+00 1.000000e-01
5.609880e+03 0.000000e+00 1.000000e+00 1.000000e-01
5.609890e+03 0.000000e+00 1.000000e+00 1.000000e-01
5.609900e+03 0.000000e+00 1.000000e+00 1.000000e-01
5.609910e+03 0.000000e+00 1.000000e+00 1.000000e-01
5.609920e+03 0.000000e+00 1.000000e+00 1.000000e-01
5.609930e+03 0.000000e+00 1.000000e+00 1.000000e-01
5.609940e+03 0.000000e+00 1.000000e+00 1.000000e-01
5.609950e+03 0.000000e+00 1.000000e+00 1.000000e-01
5.609960e+03 0.000000e+00 1.000000e+00 1.000000e-01
5.609970e+03 0.000000e+00 1.000000e+00 1.000000e-01
5.609980e+03 0.000000e+00 1.000000e+00 1.000000e-01
5.609990e+03 0.000000e+00 1.000000e+00 1.000000e-01
5.610000e+03 0.000000e+00 1.000000e+00 1.000000e-01
5.610010e+03 0.000000e+00 1.000000e+00 1.000000e-01
5.610020e+03 0.000000e+00 1.000000e+00 1.000000e-01
5.610030e+03 0.000000e+00 1.000000e+00 1.000000e-01
5.610040e+03 0.000000e+00 1.000000e+00 1.000000e-01
5.610050e+03 0.000000e+00 1.000000e+00 1.000000e-01
5.610060e+03 0.000000e+00 1.000000e+00 1.000000e-01
5.610070e+03 0.000000e+00 1.000000e+00 1.000000e-01
5.610080e+03 0.000000e+00 1.000000e+00 1.000000e-01
5.610090e+03 0.000000e+00 1.000000e+00 1.000000e-01
5.610100e+03 0.000000e+00 1.000000e+00 1.000000e-01
5.610110e+03 0.000000e+00 1.000000e+00 1.000000e-01
5.610120e+03 0.000000e+00 1.000000e+00 1.000000e-01
5.610130e+03 0.000000e+00 1.000000e+00 1.000000e-01
5.610140e+03 0.000000e+00 1.000000e+00 1.000000e-01
5.610150e+03 0.000000e+00 1.000000e+00 1.000000e-01
5.610160e+03 0.000000e+00 1.000000e+00 1.000000e-01
5.610170e+03 0.000000e+00 1.000000e+00 1.000000e-01
5.610180e+03 0.000000e+00 1.000000e+00 1.000000e-01
5.610190e+03 0.000000e+00 1.000000e+00 1.000000e-01
5.610200e+03 0.000000e+00 1.000000e+00 1.000000e-01
5.610210e+03 0.000000e+00 1.000000e+00 1.000000e-01
5.610220e+03 0.000000e+00 1.000000e+00 1.000000e-01
5.610230e+03 0.000000e+00 1.000000e+00 1.000000e-01
5.610240e+03 0.000000e+00 1.000000e+00 1.000000e-01
5.610250e+03 0.000000e+00 1.000000e+00 1.000000e-01
5.610260e+03 0.000000e+00 1.000000e+00 1.000000e-01
5.610270e+03 0.000000e+00 1.000000e+00 1.000000e-01
5.610280e+03 0.000000e+00 1.000000e+00 1.000000e-01
5.610290e+03 0.000000e+00 1.000000e+00 1.000000e-01
5.610300e+03 0.000000e+00 1.000000e+00 1.000000e-01
5.610310e+03 0.000000e+00 1.000000e+00 1.000000e-01
5.610320e+03 0.000000e+00 1.000000e+00 1.000000e-01
5.610330e+03 0.000000e+00 1.000000e+00 1.000000e-01
5.610340e+03 0.000000e+00 1.000000e+00 1.000000e-01
5.610350e+03 0.000000e+00 1.000000e+00 1.000000e-01
5.610360e+03 0.000000e+00 1.000000e+00 1.000000e-01
5.610370e+03 0.000000e+00 1.000000e+00 1.000000e-01
5.610380e+03 0.000000e+00 1.000000e+00 1.000000e-01
5.610390e+03 0.000000e+00 1.000000e+00 1.000000e-01
5.610400e+03 0.000000e+00 1.000000e+00 1.000000e-01
5.610410e+03 0.000000e+00 1.000000e+00 1.000000e-01
5.610420e+03 0.000000e+00 1.000000e+00 1.000000e-01
5.610430e+03 0.000000e+00 1.000000e+00 1.000000e-01
5.610440e+03 0.000000e+00 1.000000e+00 1.000000e-01
5.610450e+03 0.000000e+00 1.000000e+00 1.000000e-01
5.610460e+03 0.000000e+00 1.000000e+00 1.000000e-01
5.610470e+03 0.000000e+00 1.000000e+00 1.000000e-01
5.610480e+03 0.000000e+00 1.000000e+00 1.000000e-01
5.610490e+03 0.000000e+00 1.000000e+00 1.000000e-01
5.610500e+03 0.000000e+00 1.000000e+00 1.000000e-01
5.610510e+03 0.000000e+00 1.000000e+00 1.000000e-01
5.610520e+03 0.000000e+00 1.000000e+00 1.000000e-01
5.610530e+03 0.000000e+00 1.000000e+00 1.000000e-01
5.610540e+03 0.000000e+00 1.000000e+00 1.000000e-01
5.610550e+03 0.000000e+00 1.000000e+00 1.000000e-01
5.610560e+03 0.000000e+00 1.000000e+00 1.000000e-01
5.610570e+03 0.000000e+00 1.000000e+00 1.000000e-01
5.610580e+03 0.000000e+00 1.000000e+00 1.000000e-01
5.610590e+03 0.000000e+00 1.000000e+00 1.000000e-01
5.610600e+03 0.000000e+00 1.000000e+00 1.000000e-01
5.610610e+03 0.000000e+00 1.000000e+00 1.000000e-01
5.610620e+03 0.000000e+00 1.000000e+00 1.000000e-01
5.610630e+03 0.000000e+00 1.000000e+00 1.000000e-01
5.610640e+03 0.000000e+00 1.000000e+00 1.000000e-01
5.610650e+03 0.000000e+00 1.000000e+00 1.000000e-01
5.610660e+03 0.000000e+00 1.000000e+00 1.000000e-01
5.610670e+03 0.000000e+00 1.000000e+00 1.000000e-01
5.610680e+03 0.000000e+00 1.000000e+00 1.000000e-01
5.610690e+03 0.000000e+00 1.000000e+00 1.000000e-01
5.610700e+03 0.000000e+00 1.000000e+00 1.000000e-01
5.610710e+03 0.000000e+00 1.000000e+00 1.000000e-01
5.610720e+03 0.000000e+00 1.000000e+00 1.000000e-01
5.610730e+03 0.000000e+00 1.000000e+00 1.000000e-01
5.610740e+03 0.000000e+00 1.000000e+00 1.000000e-01
5.610750e+03 0.000000e+00 1.000000e+00 1.000000e-01
5.610760e+03 0.000000e+00 1.000000e+00 1.000000e-01
5.610770e+03 0.000000e+00 1.000000e+00 1.000000e-01
5.610780e+03 0.000000e+00 1.000000e+00 1.000000e-01
5.610790e+03 0.000000e+00 1.000000e+00 1.000000e-01
5.610800e+03 0.000000e+00 1.000000e+00 1.000000e-01
5.610810e+03 0.000000e+00 1.000000e+00 1.000000e-01
5.610820e+03 0.000000e+00 1.000000e+00 1.000000e-01
5.610830e+03 0.000000e+00 1.000000e+00 1.000000e-01
5.610840e+03 0.000000e+00 1.000000e+00 1.000000e-01
5.610850e+03 0.000000e+00 1.000000e+00 1.000000e-01
5.610860e+03 0.000000e+00 1.000000e+00 1.000000e-01
5.610870e+03 0.000000e+00 1.000000e+00 1.000000e-01
5.610880e+03 0.000000e+00 1.000000e+00 1.000000e-01
5.610890e+03 0.000000e+00 1.000000e+00 1.000000e-01
5.610900e+03 0.000000e+00 1.000000e+00 1.000000e-01
5.610910e+03 0.000000e+00 1.000000e+00 1.000000e-01
5.610920e+03 0.000000e+00 1.000000e+00 1.000000e-01
5.610930e+03 0.000000e+00 1.000000e+00 1.000000e-01
5.610940e+03 0.000000e+00 1.000000e+00 1.000000e-01
5.610950e+03 0.000000e+00 1.000000e+00 1.000000e-01
5.610960e+03 0.000000e+00 1.000000e+00 1.000000e-01
5.610970e+03 0.000000e+00 1.000000e+00 1.000000e-01
5.610980e+03 0.000000e+00 1.000000e+00 1.000000e-01
5.610990e+03 0.000000e+00 1.000000e+00 1.000000e-01
5.611000e+03 0.000000e+00 1.000000e+00 1.000000e-01
5.611010e+03 0.000000e+00 1.000000e+00 1.000000e-01
5.611020e+03 0.000000e+00 1.000000e+00 1.000000e-01
5.611030e+03 0.000000e+00 1.000000e+00 1.000000e-01
5.611040e+03 0.000000e+00 1.000000e+00 1.000000e-01
5.611050e+03 0.000000e+00 1.000000e+00 1.000000e-01
5.611060e+03 0.000000e+00 1.000000e+00 1.000000e-01
5.611070e+03 0.000000e+00 1.000000e+00 1.000000e-01
5.611080e+03 0.000000e+00 1.000000e+00 1.000000e-01
5.611090e+03 0.000000e+00 1.000000e+00 1.000000e-01
5.611100e+03 0.000000e+00 1.000000e+00 1.000000e-01
5.611110e+03 0.000000e+00 1.000000e+00 1.000000e-01
5.611120e+03 0.000000e+00 1.000000e+00 1.000000e-01
5.611130e+03 0.000000e+00 1.000000e+00 1.000000e-01
5.611140e+03 0.000000e+00 1.000000e+00 1.000000e-01
5.611150e+03 0.000000e+00 1.000000e+00 1.000000e-01
5.611160e+03 0.000000e+00 1.000000e+00 1.000000e-01
5.611170e+03 0.000000e+00 1.000000e+00 1.000000e-01
5.611180e+03 0.000000e+00 1.000000e+00 1.000000e-01
5.611190e+03 0.000000e+00 1.000000e+00 1.000000e-01
5.611200e+03 0.000000e+00 1.000000e+00 1.000000e-01
5.611210e+03 0.000000e+00 1.000000e+00 1.000000e-01
5.611220e+03 0.000000e+00 1.000000e+00 1.000000e-01
5.611230e+03 0.000000e+00 1.000000e+00 1.000000e-01
5.611240e+03 0.000000e+00 1.000000e+00 1.000000e-01
5.611250e+03 0.000000e+00 1.000000e+00 1.000000e-01
5.611260e+03 0.000000e+00 1.000000e+00 1.000000e-01
5.611270e+03 0.000000e+00 1.000000e+00 1.000000e-01
5.611280e+03 0.000000e+00 1.000000e+00 1.000000e-01
5.611290e+03 0.000000e+00 1.000000e+00 1.000000e-01
5.611300e+03 0.000000e+00 1.000000e+00 1.000000e-01
5.611310e+03 0.000000e+00 1.000000e+00 1.000000e-01
5.611320e+03 0.000000e+00 1.000000e+00 1.000000e-01
5.611330e+03 0.000000e+00 1.000000e+00 1.000000e-01
5.611340e+03 0.000000e+00 1.000000e+00 1.000000e-01
5.611350e+03 0.000000e+00 1.000000e+00 1.000000e-01
5.611360e+03 0.000000e+00 1.000000e+00 1.000000e-01
5.611370e+03 0.000000e+00 1.000000e+00 1.000000e-01
5.611380e+03 0.000000e+00 1.000000e+00 1.000000e-01
5.611390e+03 0.000000e+00 1.000000e+00 1.000000e-01
5.611400e+03 0.000000e+00 1.000000e+00 1.000000e-01
5.611410e+03 0.000000e+00 1.000000e+00 1.000000e-01
5.611420e+03 0.000000e+00 1.000000e+00 1.000000e-01
5.611430e+03 0.000000e+00 1.000000e+00 1.000000e-01
5.611440e+03 0.000000e+00 1.000000e+00 1.000000e-01
5.611450e+03 0.000000e+00 1.000000e+00 1.000000e-01
5.611460e+03 0.000000e+00 1.000000e+00 1.000000e-01
5.611470e+03 0.000000e+00 1.000000e+00 1.000000e-01
5.611480e+03 0.000000e+00 1.000000e+00 1.000000e-01
5.611490e+03 0.000000e+00 1.000000e+00 1.000000e-01
5.611500e+03 0.000000e+00 1.000000e+00 1.000000e-01
5.611510e+03 0.000000e+00 1.000000e+00 1.000000e-01
5.611520e+03 0.000000e+00 1.000000e+00 1.000000e-01
5.611530e+03 0.000000e+00 1.000000e+00 1.000000e-01
5.611540e+03 0.000000e+00 1.000000e+00 1.000000e-01
5.611550e+03 0.000000e+00 1.000000e+00 1.000000e-01
5.611560e+03 0.000000e+00 1.000000e+00 1.000000e-01
5.611570e+03 0.000000e+00 1.000000e+00 1.000000e-01
5.611580e+03 0.000000e+00 1.000000e+00 1.000000e-01
5.611590e+03 0.000000e+00 1.000000e+00 1.000000e-01
5.611600e+03 0.000000e+00 1.000000e+00 1.000000e-01
5.611610e+03 0.000000e+00 1.000000e+00 1.000000e-01
5.611620e+03 0.000000e+00 1.000000e+00 1.000000e-01
5.611630e+03 0.000000e+00 1.000000e+00 1.000000e-01
5.611640e+03 0.000000e+00 1.000000e+00 1.000000e-01
5.611650e+03 0.000000e+00 1.000000e+00 1.000000e-01
5.611660e+03 0.000000e+00 1.000000e+00 1.000000e-01
5.611670e+03 0.000000e+00 1.000000e+00 1.000000e-01
5.611680e+03 0.000000e+00 1.000000e+00 1.000000e-01
5.611690e+03 0.000000e+00 1.000000e+00 1.000000e-01
5.611700e+03 0.000000e+00 1.000000e+00 1.000000e-01
5.611710e+03 0.000000e+00 1.000000e+00 1.000000e-01
5.611720e+03 0.000000e+00 1.000000e+00 1.000000e-01
5.611730e+03 0.000000e+00 1.000000e+00 1.000000e-01
5.611740e+03 0.000000e+00 1.000000e+00 1.000000e-01
5.611750e+03 0.000000e+00 1.000000e+00 1.000000e-01
5.611760e+03 0.000000e+00 1.000000e+00 1.000000e-01
5.611770e+03 0.000000e+00 1.000000e+00 1.000000e-01
5.611780e+03 0.000000e+00 1.000000e+00 1.000000e-01
5.611790e+03 0.000000e+00 1.000000e+00 1.000000e-01
5.611800e+03 0.000000e+00 1.000000e+00 1.000000e-01
5.611810e+03 0.000000e+00 1.000000e+00 1.000000e-01
5.611820e+03 0.000000e+00 1.000000e+00 1.000000e-01
5.611830e+03 0.000000e+00 1.000000e+00 1.000000e-01
5.611840e+03 0.000000e+00 1.000000e+00 1.000000e-01
5.611850e+03 0.000000e+00 1.000000e+00 1.000000e-01
5.611860e+03 0.000000e+00 1.000000e+00 1.000000e-01
5.611870e+03 0.000000e+00 1.000000e+00 1.000000e-01
5.611880e+03 0.000000e+00 1.000000e+00 1.000000e-01
5.611890e+03 0.000000e+00 1.000000e+00 1.000000e-01
5.611900e+03 0.000000e+00 1.000000e+00 1.000000e-01
5.611910e+03 0.000000e+00 1.000000e+00 1.000000e-01
5.611920e+03 0.000000e+00 1.000000e+00 1.000000e-01
5.611930e+03 0.000000e+00 1.000000e+00 1.000000e-01
5.611940e+03 0.000000e+00 1.000000e+00 1.000000e-01
5.611950e+03 0.000000e+00 1.000000e+00 1.000000e-01
5.611960e+03 0.000000e+00 1.000000e+00 1.000000e-01
5.611970e+03 0.000000e+00 1.000000e+00 1.000000e-01
5.611980e+03 0.000000e+00 1.000000e+00 1.000000e-01
5.611990e+03 0.000000e+00 1.000000e+00 1.000000e-01
5.612000e+03 0.000000e+00 1.000000e+00 1.000000e-01
5.612010e+03 0.000000e+00 1.000000e+00 1.000000e-01
5.612020e+03 0.000000e+00 1.000000e+00 1.000000e-01
5.612030e+03 0.000000e+00 1.000000e+00 1.000000e-01
5.612040e+03 0.000000e+00 1.000000e+00 1.000000e-01
5.612050e+03 0.000000e+00 1.000000e+00 1.000000e-01
5.612060e+03 0.000000e+00 1.000000e+00 1.000000e-01
5.612070e+03 0.000000e+00 1.000000e+00 1.000000e-01
5.612080e+03 0.000000e+00 1.000000e+00 1.000000e-01
5.612090e+03 0.000000e+00 1.000000e+00 1.000000e-01
5.612100e+03 0.000000e+00 1.000000e+00 1.000000e-01
5.612110e+03 0.000000e+00 1.000000e+00 1.000000e-01
5.612120e+03 0.000000e+00 1.000000e+00 1.000000e-01
5.612130e+03 0.000000e+00 1.000000e+00 1.000000e-01
5.612140e+03 0.000000e+00 1.000000e+00 1.000000e-01
5.612150e+03 0.000000e+00 1.000000e+00 1.000000e-01
5.612160e+03 0.000000e+00 1.000000e+00 1.000000e-01
5.612170e+03 0.000000e+00 1.000000e+00 1.000000e-01
5.612180e+03 0.000000e+00 1.000000e+00 1.000000e-01
5.612190e+03 0.000000e+00 1.000000e+00 1.000000e-01
5.612200e+03 0.000000e+00 1.000000e+00 1.000000e-01
5.612210e+03 0.000000e+00 1.000000e+00 1.000000e-01
5.612220e+03 0.000000e+00 1.000000e+00 1.000000e-01
5.612230e+03 0.000000e+00 1.000000e+00 1.000000e-01
5.612240e+03 0.000000e+00 1.000000e+00 1.000000e-01
5.612250e+03 0.000000e+00 1.000000e+00 1.000000e-01
5.612260e+03 0.000000e+00 1.000000e+00 1.000000e-01
5.612270e+03 0.000000e+00 1.000000e+00 1.000000e-01
5.612280e+03 0.000000e+00 1.000000e+00 1.000000e-01
5.612290e+03 0.000000e+00 1.000000e+00 1.000000e-01
5.612300e+03 0.000000e+00 1.000000e+00 1.000000e-01
5.612310e+03 0.000000e+00 1.000000e+00 1.000000e-01
5.612320e+03 0.000000e+00 1.000000e+00 1.000000e-01
5.612330e+03 0.000000e+00 1.000000e+00 1.000000e-01
5.612340e+03 0.000000e+00 1.000000e+00 1.000000e-01
5.612350e+03 0.000000e+00 1.000000e+00 1.000000e-01
5.612360e+03 0.000000e+00 1.000000e+00 1.000000e-01
5.612370e+03 0.000000e+00 1.000000e+00 1.000000e-01
5.612380e+03 0.000000e+00 1.000000e+00 1.000000e-01
5.612390e+03 0.000000e+00 1.000000e+00 1.000000e-01
5.612400e+03 0.000000e+00 1.000000e+00 1.000000e-01
5.612410e+03 0.000000e+00 1.000000e+00 1.000000e-01
5.612420e+03 0.000000e+00 1.000000e+00 1.000000e-01
5.612430e+03 0.000000e+00 1.000000e+00 1.000000e-01
5.612440e+03 0.000000e+00 1.000000e+00 1.000000e-01
5.612450e+03 0.000000e+00 1.000000e+00 1.000000e-01
5.612460e+03 0.000000e+00 1.000000e+00 1.000000e-01
5.612470e+03 0.000000e+00 1.000000e+00 1.000000e-01
5.612480e+03 0.000000e+00 1.000000e+00 1.000000e-01
5.612490e+03 0.000000e+00 1.000000e+00 1.000000e-01
5.612500e+03 0.000000e+00 1.000000e+00 1.000000e-01
5.612510e+03 0.000000e+00 1.000000e+00 1.000000e-01
5.612520e+03 0.000000e+00 1.000000e+00 1.000000e-01
5.612530e+03 0.000000e+00 1.000000e+00 1.000000e-01
5.612540e+03 0.000000e+00 1.000000e+00 1.000000e-01
5.612550e+03 0.000000e+00 1.000000e+00 1.000000e-01
5.612560e+03 0.000000e+00 1.000000e+00 1.000000e-01
5.612570e+03 0.000000e+00 1.000000e+00 1.000000e-01
5.612580e+03 0.000000e+00 1.000000e+00 1.000000e-01
5.612590e+03 0.000000e+00 1.000000e+00 1.000000e-01
5.612600e+03 0.000000e+00 1.000000e+00 1.000000e-01
5.612610e+03 0.000000e+00 1.000000e+00 1.000000e-01
5.612620e+03 0.000000e+00 1.000000e+00 1.000000e-01
5.612630e+03 0.000000e+00 1.000000e+00 1.000000e-01
5.612640e+03 0.000000e+00 1.000000e+00 1.000000e-01
5.612650e+03 0.000000e+00 1.000000e+00 1.000000e-01
5.612660e+03 0.000000e+00 1.000000e+00 1.000000e-01
5.612670e+03 0.000000e+00 1.000000e+00 1.000000e-01
5.612680e+03 0.000000e+00 1.000000e+00 1.000000e-01
5.612690e+03 0.000000e+00 1.000000e+00 1.000000e-01
5.612700e+03 0.000000e+00 1.000000e+00 1.000000e-01
5.612710e+03 0.000000e+00 1.000000e+00 1.000000e-01
5.612720e+03 0.000000e+00 1.000000e+00 1.000000e-01
5.612730e+03 0.000000e+00 1.000000e+00 1.000000e-01
5.612740e+03 0.000000e+00 1.000000e+00 1.000000e-01
5.612750e+03 0.000000e+00 1.000000e+00 1.000000e-01
5.612760e+03 0.000000e+00 1.000000e+00 1.000000e-01
5.612770e+03 0.000000e+00 1.000000e+00 1.000000e-01
5.612780e+03 0.000000e+00 1.000000e+00 1.000000e-01
5.612790e+03 0.000000e+00 1.000000e+00 1.000000e-01
5.612800e+03 0.000000e+00 1.000000e+00 1.000000e-01
5.612810e+03 0.000000e+00 1.000000e+00 1.000000e-01
5.612820e+03 0.000000e+00 1.000000e+00 1.000000e-01
5.612830e+03 0.000000e+00 1.000000e+00 1.000000e-01
5.612840e+03 0.000000e+00 1.000000e+00 1.000000e-01
5.612850e+03 0.000000e+00 1.000000e+00 1.000000e-01
5.612860e+03 0.000000e+00 1.000000e+00 1.000000e-01
5.612870e+03 0.000000e+00 1.000000e+00 1.000000e-01
5.612880e+03 0.000000e+00 1.000000e+00 1.000000e-01
5.612890e+03 0.000000e+00 1.000000e+00 1.000000e-01
5.612900e+03 0.000000e+00 1.000000e+00 1.000000e-01
5.612910e+03 0.000000e+00 1.000000e+00 1.000000e-01
5.612920e+03 0.000000e+00 1.000000e+00 1.000000e-01
5.612930e+03 0.000000e+00 1.000000e+00 1.000000e-01
5.612940e+03 0.000000e+00 1.000000e+00 1.000000e-01
5.612950e+03 0.000000e+00 1.000000e+00 1.000000e-01
5.612960e+03 0.000000e+00 1.000000e+00 1.000000e-01
5.612970e+03 0.000000e+00 1.000000e+00 1.000000e-01
5.612980e+03 0.000000e+00 1.000000e+00 1.000000e-01
5.612990e+03 0.000000e+00 1.000000e+00 1.000000e-01
5.613000e+03 0.000000e+00 1.000000e+00 1.000000e-01
5.613010e+03 0.000000e+00 1.000000e+00 1.000000e-01
5.613020e+03 0.000000e+00 1.000000e+00 1.000000e-01
5.613030e+03 0.000000e+00 1.000000e+00 1.000000e-01
5.613040e+03 0.000000e+00 1.000000e+00 1.000000e-01
5.613050e+03 0.000000e+00 1.000000e+00 1.000000e-01
5.613060e+03 0.000000e+00 1.000000e+00 1.000000e-01
5.613070e+03 0.000000e+00 1.000000e+00 1.000000e-01
5.613080e+03 0.000000e+00 1.000000e+00 1.000000e-01
5.613090e+03 0.000000e+00 1.000000e+00 1.000000e-01
5.613100e+03 0.000000e+00 1.000000e+00 1.000000e-01
5.613110e+03 0.000000e+00 1.000000e+00 1.000000e-01
5.613120e+03 0.000000e+00 1.000000e+00 1.000000e-01
5.613130e+03 0.000000e+00 1.000000e+00 1.000000e-01
5.613140e+03 0.000000e+00 1.000000e+00 1.000000e-01
5.613150e+03 0.000000e+00 1.000000e+00 1.000000e-01
5.613160e+03 0.000000e+00 1.000000e+00 1.000000e-01
5.613170e+03 0.000000e+00 1.000000e+00 1.000000e-01
5.613180e+03 0.000000e+00 1.000000e+00 1.000000e-01
5.613190e+03 0.000000e+00 1.000000e+00 1.000000e-01
5.613200e+03 0.000000e+00 1.000000e+00 1.000000e-01
5.613210e+03 0.000000e+00 1.000000e+00 1.000000e-01
5.613220e+03 0.000000e+00 1.000000e+00 1.000000e-01
5.613230e+03 0.000000e+00 1.000000e+00 1.000000e-01
5.613240e+03 0.000000e+00 1.000000e+00 1.000000e-01
5.613250e+03 0.000000e+00 1.000000e+00 1.000000e-01
5.613260e+03 0.000000e+00 1.000000e+00 1.000000e-01
5.613270e+03 0.000000e+00 1.000000e+00 1.000000e-01
5.613280e+03 0.000000e+00 1.000000e+00 1.000000e-01
5.613290e+03 0.000000e+00 1.000000e+00 1.000000e-01
5.613300e+03 0.000000e+00 1.000000e+00 1.000000e-01
5.613310e+03 0.000000e+00 1.000000e+00 1.000000e-01
5.613320e+03 0.000000e+00 1.000000e+00 1.000000e-01
5.613330e+03 0.000000e+00 1.000000e+00 1.000000e-01
5.613340e+03 0.000000e+00 1.000000e+00 1.000000e-01
5.613350e+03 0.000000e+00 1.000000e+00 1.000000e-01
5.613360e+03 0.000000e+00 1.000000e+00 1.000000e-01
5.613370e+03 0.000000e+00 1.000000e+00 1.000000e-01
5.613380e+03 0.000000e+00 1.000000e+00 1.000000e-01
5.613390e+03 0.000000e+00 1.000000e+00 1.000000e-01
5.613400e+03 0.000000e+00 1.000000e+00 1.000000e-01
5.613410e+03 0.000000e+00 1.000000e+00 1.000000e-01
5.613420e+03 0.000000e+00 1.000000e+00 1.000000e-01
5.613430e+03 0.000000e+00 1.000000e+00 1.000000e-01
5.613440e+03 0.000000e+00 1.000000e+00 1.000000e-01
5.613450e+03 0.000000e+00 1.000000e+00 1.000000e-01
5.613460e+03 0.000000e+00 1.000000e+00 1.000000e-01
5.613470e+03 0.000000e+00 1.000000e+00 1.000000e-01
5.613480e+03 0.000000e+00 1.000000e+00 1.000000e-01
5.613490e+03 0.000000e+00 1.000000e+00 1.000000e-01
5.613500e+03 0.000000e+00 1.000000e+00 1.000000e-01
5.613510e+03 0.000000e+00 1.000000e+00 1.000000e-01
5.613520e+03 0.000000e+00 1.000000e+00 1.000000e-01
5.613530e+03 0.000000e+00 1.000000e+00 1.000000e-01
5.613540e+03 0.000000e+00 1.000000e+00 1.000000e-01
5.613550e+03 0.000000e+00 1.000000e+00 1.000000e-01
5.613560e+03 0.000000e+00 1.000000e+00 1.000000e-01
5.613570e+03 0.000000e+00 1.000000e+00 1.000000e-01
5.613580e+03 0.000000e+00 1.000000e+00 1.000000e-01
5.613590e+03 0.000000e+00 1.000000e+00 1.000000e-01
5.613600e+03 0.000000e+00 1.000000e+00 1.000000e-01
5.613610e+03 0.000000e+00 1.000000e+00 1.000000e-01
5.613620e+03 0.000000e+00 1.000000e+00 1.000000e-01
5.613630e+03 0.000000e+00 1.000000e+00 1.000000e-01
5.613640e+03 0.000000e+00 1.000000e+00 1.000000e-01
5.613650e+03 0.000000e+00 1.000000e+00 1.000000e-01
5.613660e+03 0.000000e+00 1.000000e+00 1.000000e-01
5.613670e+03 0.000000e+00 1.000000e+00 1.000000e-01
5.613680e+03 0.000000e+00 1.000000e+00 1.000000e-01
5.613690e+03 0.000000e+00 1.000000e+00 1.000000e-01
5.613700e+03 0.000000e+00 1.000000e+00 1.000000e-01
5.613710e+03 0.000000e+00 1.000000e+00 1.000000e-01
5.613720e+03 0.000000e+00 1.000000e+00 1.000000e-01
5.613730e+03 0.000000e+00 1.000000e+00 1.000000e-01
5.613740e+03 0.000000e+00 1.000000e+00 1.000000e-01
5.613750e+03 0.000000e+00 1.000000e+00 1.000000e-01
5.613760e+03 0.000000e+00 1.000000e+00 1.000000e-01
5.613770e+03 0.000000e+00 1.000000e+00 1.000000e-01
5.613780e+03 0.000000e+00 1.000000e+00 1.000000e-01
5.613790e+03 0.000000e+00 1.000000e+00 1.000000e-01
5.613800e+03 0.000000e+00 1.000000e+00 1.000000e-01
5.613810e+03 0.000000e+00 1.000000e+00 1.000000e-01
5.613820e+03 0.000000e+00 1.000000e+00 1.000000e-01
5.613830e+03 0.000000e+00 1.000000e+00 1.000000e-01
5.613840e+03 0.000000e+00 1.000000e+00 1.000000e-01
5.613850e+03 0.000000e+00 1.000000e+00 1.000000e-01
5.613860e+03 0.000000e+00 1.000000e+00 1.000000e-01
5.613870e+03 0.000000e+00 1.000000e+00 1.000000e-01
5.613880e+03 0.000000e+00 1.000000e+00 1.000000e-01
5.613890e+03 0.000000e+00 1.000000e+00 1.000000e-01
5.613900e+03 0.000000e+00 1.000000e+00 1.000000e-01
5.613910e+03 0.000000e+00 1.000000e+00 1.000000e-01
5.613920e+03 0.000000e+00 1.000000e+00 1.000000e-01
5.613930e+03 0.000000e+00 1.000000e+00 1.000000e-01
5.613940e+03 0.000000e+00 1.000000e+00 1.000000e-01
5.613950e+03 0.000000e+00 1.000000e+00 1.000000e-01
5.613960e+03 0.000000e+00 1.000000e+00 1.000000e-01
5.613970e+03 0.000000e+00 1.000000e+00 1.000000e-01
5.613980e+03 0.000000e+00 1.000000e+00 1.000000e-01
5.613990e+03 0.000000e+00 1.000000e+00 1.000000e-01
5.614000e+03 0.000000e+00 1.000000e+00 1.000000e-01
5.614010e+03 0.000000e+00 1.000000e+00 1.000000e-01
5.614020e+03 0.000000e+00 1.000000e+00 1.000000e-01
5.614030e+03 0.000000e+00 1.000000e+00 1.000000e-01
5.614040e+03 0.000000e+00 1.000000e+00 1.000000e-01
5.614050e+03 0.000000e+00 1.000000e+00 1.000000e-01
5.614060e+03 0.000000e+00 1.000000e+00 1.000000e-01
5.614070e+03 0.000000e+00 1.000000e+00 1.000000e-01
5.614080e+03 0.000000e+00 1.000000e+00 1.000000e-01
5.614090e+03 0.000000e+00 1.000000e+00 1.000000e-01
5.614100e+03 0.000000e+00 1.000000e+00 1.000000e-01
5.614110e+03 0.000000e+00 1.000000e+00 1.000000e-01
5.614120e+03 0.000000e+00 1.000000e+00 1.000000e-01
5.614130e+03 0.000000e+00 1.000000e+00 1.000000e-01
5.614140e+03 0.000000e+00 1.000000e+00 1.000000e-01
5.614150e+03 0.000000e+00 1.000000e+00 1.000000e-01
5.614160e+03 0.000000e+00 1.000000e+00 1.000000e-01
5.614170e+03 0.000000e+00 1.000000e+00 1.000000e-01
5.614180e+03 0.000000e+00 1.000000e+00 1.000000e-01
5.614190e+03 0.000000e+00 1.000000e+00 1.000000e-01
5.614200e+03 0.000000e+00 1.000000e+00 1.000000e-01
5.614210e+03 0.000000e+00 1.000000e+00 1.000000e-01
5.614220e+03 0.000000e+00 1.000000e+00 1.000000e-01
5.614230e+03 0.000000e+00 1.000000e+00 1.000000e-01
5.614240e+03 0.000000e+00 1.000000e+00 1.000000e-01
5.614250e+03 0.000000e+00 1.000000e+00 1.000000e-01
5.614260e+03 0.000000e+00 1.000000e+00 1.000000e-01
5.614270e+03 0.000000e+00 1.000000e+00 1.000000e-01
5.614280e+03 0.000000e+00 1.000000e+00 1.000000e-01
5.614290e+03 0.000000e+00 1.000000e+00 1.000000e-01
5.614300e+03 0.000000e+00 1.000000e+00 1.000000e-01
5.614310e+03 0.000000e+00 1.000000e+00 1.000000e-01
5.614320e+03 0.000000e+00 1.000000e+00 1.000000e-01
5.614330e+03 0.000000e+00 1.000000e+00 1.000000e-01
5.614340e+03 0.000000e+00 1.000000e+00 1.000000e-01
5.614350e+03 0.000000e+00 1.000000e+00 1.000000e-01
5.614360e+03 0.000000e+00 1.000000e+00 1.000000e-01
5.614370e+03 0.000000e+00 1.000000e+00 1.000000e-01
5.614380e+03 0.000000e+00 1.000000e+00 1.000000e-01
5.614390e+03 0.000000e+00 1.000000e+00 1.000000e-01
5.614400e+03 0.000000e+00 1.000000e+00 1.000000e-01
5.614410e+03 0.000000e+00 1.000000e+00 1.000000e-01
5.614420e+03 0.000000e+00 1.000000e+00 1.000000e-01
5.614430e+03 0.000000e+00 1.000000e+00 1.000000e-01
5.614440e+03 0.000000e+00 1.000000e+00 1.000000e-01
5.614450e+03 0.000000e+00 1.000000e+00 1.000000e-01
5.614460e+03 0.000000e+00 1.000000e+00 1.000000e-01
5.614470e+03 0.000000e+00 1.000000e+00 1.000000e-01
5.614480e+03 0.000000e+00 1.000000e+00 1.000000e-01
5.614490e+03 0.000000e+00 1.000000e+00 1.000000e-01
5.614500e+03 0.000000e+00 1.000000e+00 1.000000e-01
5.614510e+03 0.000000e+00 1.000000e+00 1.000000e-01
5.614520e+03 0.000000e+00 1.000000e+00 1.000000e-01
5.614530e+03 0.000000e+00 1.000000e+00 1.000000e-01
5.614540e+03 0.000000e+00 1.000000e+00 1.000000e-01
5.614550e+03 0.000000e+00 1.000000e+00 1.000000e-01
5.614560e+03 0.000000e+00 1.000000e+00 1.000000e-01
5.614570e+03 0.000000e+00 1.000000e+00 1.000000e-01
5.614580e+03 0.000000e+00 1.000000e+00 1.000000e-01
5.614590e+03 0.000000e+00 1.000000e+00 1.000000e-01
5.614600e+03 0.000000e+00 1.000000e+00 1.000000e-01
5.614610e+03 0.000000e+00 1.000000e+00 1.000000e-01
5.614620e+03 0.000000e+00 1.000000e+00 1.000000e-01
5.614630e+03 0.000000e+00 1.000000e+00 1.000000e-01
5.614640e+03 0.000000e+00 1.000000e+00 1.000000e-01
5.614650e+03 0.000000e+00 1.000000e+00 1.000000e-01
5.614660e+03 0.000000e+00 1.000000e+00 1.000000e-01
5.614670e+03 0.000000e+00 1.000000e+00 1.000000e-01
5.614680e+03 0.000000e+00 1.000000e+00 1.000000e-01
5.614690e+03 0.000000e+00 1.000000e+00 1.000000e-01
5.614700e+03 0.000000e+00 1.000000e+00 1.000000e-01
5.614710e+03 0.000000e+00 1.000000e+00 1.000000e-01
5.614720e+03 0.000000e+00 1.000000e+00 1.000000e-01
5.614730e+03 0.000000e+00 1.000000e+00 1.000000e-01
5.614740e+03 0.000000e+00 1.000000e+00 1.000000e-01
5.614750e+03 0.000000e+00 1.000000e+00 1.000000e-01
5.614760e+03 0.000000e+00 1.000000e+00 1.000000e-01
5.614770e+03 0.000000e+00 1.000000e+00 1.000000e-01
5.614780e+03 0.000000e+00 1.000000e+00 1.000000e-01
5.614790e+03 0.000000e+00 1.000000e+00 1.000000e-01
5.614800e+03 0.000000e+00 1.000000e+00 1.000000e-01
5.614810e+03 0.000000e+00 1.000000e+00 1.000000e-01
5.614820e+03 0.000000e+00 1.000000e+00 1.000000e-01
5.614830e+03 0.000000e+00 1.000000e+00 1.000000e-01
5.614840e+03 0.000000e+00 1.000000e+00 1.000000e-01
5.614850e+03 0.000000e+00 1.000000e+00 1.000000e-01
5.614860e+03 0.000000e+00 1.000000e+00 1.000000e-01
5.614870e+03 0.000000e+00 1.000000e+00 1.000000e-01
5.614880e+03 0.000000e+00 1.000000e+00 1.000000e-01
5.614890e+03 0.000000e+00 1.000000e+00 1.000000e-01
5.614900e+03 0.000000e+00 1.000000e+00 1.000000e-01
5.614910e+03 0.000000e+00 1.000000e+00 1.000000e-01
5.614920e+03 0.000000e+00 1.000000e+00 1.000000e-01
5.614930e+03 0.000000e+00 1.000000e+00 1.000000e-01
5.614940e+03 0.000000e+00 1.000000e+00 1.000000e-01
5.614950e+03 0.000000e+00 1.000000e+00 1.000000e-01
5.614960e+03 0.000000e+00 1.000000e+00 1.000000e-01
5.614970e+03 0.000000e+00 1.000000e+00 1.000000e-01
5.614980e+03 0.000000e+00 1.000000e+00 1.000000e-01
5.614990e+03 0.000000e+00 1.000000e+00 1.000000e-01
5.615000e+03 0.000000e+00 1.000000e+00 1.000000e-01
5.615010e+03 0.000000e+00 1.000000e+00 1.000000e-01
5.615020e+03 0.000000e+00 1.000000e+00 1.000000e-01
5.615030e+03 0.000000e+00 1.000000e+00 1.000000e-01
5.615040e+03 0.000000e+00 1.000000e+00 1.000000e-01
5.615050e+03 0.000000e+00 1.000000e+00 1.000000e-01
5.615060e+03 0.000000e+00 1.000000e+00 1.000000e-01
5.615070e+03 0.000000e+00 1.000000e+00 1.000000e-01
5.615080e+03 0.000000e+00 1.000000e+00 1.000000e-01
5.615090e+03 0.000000e+00 1.000000e+00 1.000000e-01
5.615100e+03 0.000000e+00 1.000000e+00 1.000000e-01
5.615110e+03 0.000000e+00 1.000000e+00 1.000000e-01
5.615120e+03 0.000000e+00 1.000000e+00 1.000000e-01
5.615130e+03 0.000000e+00 1.000000e+00 1.000000e-01
5.615140e+03 0.000000e+00 1.000000e+00 1.000000e-01
5.615150e+03 0.000000e+00 1.000000e+00 1.000000e-01
5.615160e+03 0.000000e+00 1.000000e+00 1.000000e-01
5.615170e+03 0.000000e+00 1.000000e+00 1.000000e-01
5.615180e+03 0.000000e+00 1.000000e+00 1.000000e-01
5.615190e+03 0.000000e+00 1.000000e+00 1.000000e-01
5.615200e+03 0.000000e+00 1.000000e+00 1.000000e-01
5.615210e+03 0.000000e+00 1.000000e+00 1.000000e-01
5.615220e+03 0.000000e+00 1.000000e+00 1.000000e-01
5.615230e+03 0.000000e+00 1.000000e+00 1.000000e-01
5.615240e+03 0.000000e+00 1.000000e+00 1.000000e-01
5.615250e+03 0.000000e+00 1.000000e+00 1.000000e-01
5.615260e+03 0.000000e+00 1.000000e+00 1.000000e-01
5.615270e+03 0.000000e+00 1.000000e+00 1.000000e-01
5.615280e+03 0.000000e+00 1.000000e+00 1.000000e-01
5.615290e+03 0.000000e+00 1.000000e+00 1.000000e-01
5.615300e+03 0.000000e+00 1.000000e+00 1.000000e-01
5.615310e+03 0.000000e+00 1.000000e+00 1.000000e-01
5.615320e+03 0.000000e+00 1.000000e+00 1.000000e-01
5.615330e+03 0.000000e+00 1.000000e+00 1.000000e-01
5.615340e+03 0.000000e+00 1.000000e+00 1.000000e-01
5.615350e+03 0.000000e+00 1.000000e+00 1.000000e-01
5.615360e+03 0.000000e+00 1.000000e+00 1.000000e-01
5.615370e+03 0.000000e+00 1.000000e+00 1.000000e-01
5.615380e+03 0.000000e+00 1.000000e+00 1.000000e-01
5.615390e+03 0.000000e+00 1.000000e+00 1.000000e-01
5.615400e+03 0.000000e+00 1.000000e+00 1.000000e-01
5.615410e+03 0.000000e+00 1.000000e+00 1.000000e-01
5.615420e+03 0.000000e+00 1.000000e+00 1.000000e-01
5.615430e+03 0.000000e+00 1.000000e+00 1.000000e-01
5.615440e+03 0.000000e+00 1.000000e+00 1.000000e-01
5.615450e+03 0.000000e+00 1.000000e+00 1.000000e-01
5.615460e+03 0.000000e+00 1.000000e+00 1.000000e-01
5.615470e+03 0.000000e+00 1.000000e+00 1.000000e-01
5.615480e+03 0.000000e+00 1.000000e+00 1.000000e-01
5.615490e+03 0.000000e+00 1.000000e+00 1.000000e-01
5.615500e+03 0.000000e+00 1.000000e+00 1.000000e-01
5.615510e+03 0.000000e+00 1.000000e+00 1.000000e-01
5.615520e+03 0.000000e+00 1.000000e+00 1.000000e-01
5.615530e+03 0.000000e+00 1.000000e+00 1.000000e-01
5.615540e+03 0.000000e+00 1.000000e+00 1.000000e-01
5.615550e+03 0.000000e+00 1.000000e+00 1.000000e-01
5.615560e+03 0.000000e+00 1.000000e+00 1.000000e-01
5.615570e+03 0.000000e+00 1.000000e+00 1.000000e-01
5.615580e+03 0.000000e+00 1.000000e+00 1.000000e-01
5.615590e+03 0.000000e+00 1.000000e+00 1.000000e-01
5.615600e+03 0.000000e+00 1.000000e+00 1.000000e-01
5.615610e+03 0.000000e+00 1.000000e+00 1.000000e-01
5.615620e+03 0.000000e+00 1.000000e+00 1.000000e-01
5.615630e+03 0.000000e+00 1.000000e+00 1.000000e-01
5.615640e+03 0.000000e+00 1.000000e+00 1.000000e-01
5.615650e+03 0.000000e+00 1.000000e+00 1.000000e-01
5.615660e+03 0.000000e+00 1.000000e+00 1.000000e-01
5.615670e+03 0.000000e+00 1.000000e+00 1.000000e-01
5.615680e+03 0.000000e+00 1.000000e+00 1.000000e-01
5.615690e+03 0.000000e+00 1.000000e+00 1.000000e-01
5.615700e+03 0.000000e+00 1.000000e+00 1.000000e-01
5.615710e+03 0.000000e+00 1.000000e+00 1.000000e-01
5.615720e+03 0.000000e+00 1.000000e+00 1.000000e-01
5.615730e+03 0.000000e+00 1.000000e+00 1.000000e-01
5.615740e+03 0.000000e+00 1.000000e+00 1.000000e-01
5.615750e+03 0.000000e+00 1.000000e+00 1.000000e-01
5.615760e+03 0.000000e+00 1.000000e+00 1.000000e-01
5.615770e+03 0.000000e+00 1.000000e+00 1.000000e-01
5.615780e+03 0.000000e+00 1.000000e+00 1.000000e-01
5.615790e+03 0.000000e+00 1.000000e+00 1.000000e-01
5.615800e+03 0.000000e+00 1.000000e+00 1.000000e-01
5.615810e+03 0.000000e+00 1.000000e+00 1.000000e-01
5.615820e+03 0.000000e+00 1.000000e+00 1.000000e-01
5.615830e+03 0.000000e+00 1.000000e+00 1.000000e-01
5.615840e+03 0.000000e+00 1.000000e+00 1.000000e-01
5.615850e+03 0.000000e+00 1.000000e+00 1.000000e-01
5.615860e+03 0.000000e+00 1.000000e+00 1.000000e-01
5.615870e+03 0.000000e+00 1.000000e+00 1.000000e-01
5.615880e+03 0.000000e+00 1.000000e+00 1.000000e-01
5.615890e+03 0.000000e+00 1.000000e+00 1.000000e-01
5.615900e+03 0.000000e+00 1.000000e+00 1.000000e-01
5.615910e+03 0.000000e+00 1.000000e+00 1.000000e-01
5.615920e+03 0.000000e+00 1.000000e+00 1.000000e-01
5.615930e+03 0.000000e+00 1.000000e+00 1.000000e-01
5.615940e+03 0.000000e+00 1.000000e+00 1.000000e-01
5.615950e+03 0.000000e+00 1.000000e+00 1.000000e-01
5.615960e+03 0.000000e+00 1.000000e+00 1.000000e-01
5.615970e+03 0.000000e+00 1.000000e+00 1.000000e-01
5.615980e+03 0.000000e+00 1.000000e+00 1.000000e-01
5.615990e+03 0.000000e+00 1.000000e+00 1.000000e-01
5.616000e+03 0.000000e+00 1.000000e+00 1.000000e-01
5.616010e+03 0.000000e+00 1.000000e+00 1.000000e-01
5.616020e+03 0.000000e+00 1.000000e+00 1.000000e-01
5.616030e+03 0.000000e+00 1.000000e+00 1.000000e-01
5.616040e+03 0.000000e+00 1.000000e+00 1.000000e-01
5.616050e+03 0.000000e+00 1.000000e+00 1.000000e-01
5.616060e+03 0.000000e+00 1.000000e+00 1.000000e-01
5.616070e+03 0.000000e+00 1.000000e+00 1.000000e-01
5.616080e+03 0.000000e+00 1.000000e+00 1.000000e-01
5.616090e+03 0.000000e+00 1.000000e+00 1.000000e-01
5.616100e+03 0.000000e+00 1.000000e+00 1.000000e-01
5.616110e+03 0.000000e+00 1.000000e+00 1.000000e-01
5.616120e+03 0.000000e+00 1.000000e+00 1.000000e-01
5.616130e+03 0.000000e+00 1.000000e+00 1.000000e-01
5.616140e+03 0.000000e+00 1.000000e+00 1.000000e-01
5.616150e+03 0.000000e+00 1.000000e+00 1.000000e-01
5.616160e+03 0.000000e+00 1.000000e+00 1.000000e-01
5.616170e+03 0.000000e+00 1.000000e+00 1.000000e-01
5.616180e+03 0.000000e+00 1.000000e+00 1.000000e-01
5.616190e+03 0.000000e+00 1.000000e+00 1.000000e-01
5.616200e+03 0.000000e+00 1.000000e+00 1.000000e-01
5.616210e+03 0.000000e+00 1.000000e+00 1.000000e-01
5.616220e+03 0.000000e+00 1.000000e+00 1.000000e-01
5.616230e+03 0.000000e+00 1.000000e+00 1.000000e-01
5.616240e+03 0.000000e+00 1.000000e+00 1.000000e-01
5.616250e+03 0.000000e+00 1.000000e+00 1.000000e-01
5.616260e+03 0.000000e+00 1.000000e+00 1.000000e-01
5.616270e+03 0.000000e+00 1.000000e+00 1.000000e-01
5.616280e+03 0.000000e+00 1.000000e+00 1.000000e-01
5.616290e+03 0.000000e+00 1.000000e+00 1.000000e-01
5.616300e+03 0.000000e+00 1.000000e+00 1.000000e-01
5.616310e+03 0.000000e+00 1.000000e+00 1.000000e-01
5.616320e+03 0.000000e+00 1.000000e+00 1.000000e-01
5.616330e+03 0.000000e+00 1.000000e+00 1.000000e-01
5.616340e+03 0.000000e+00 1.000000e+00 1.000000e-01
5.616350e+03 0.000000e+00 1.000000e+00 1.000000e-01
5.616360e+03 0.000000e+00 1.000000e+00 1.000000e-01
5.616370e+03 0.000000e+00 1.000000e+00 1.000000e-01
5.616380e+03 0.000000e+00 1.000000e+00 1.000000e-01
5.616390e+03 0.000000e+00 1.000000e+00 1.000000e-01
5.616400e+03 0.000000e+00 1.000000e+00 1.000000e-01
5.616410e+03 0.000000e+00 1.000000e+00 1.000000e-01
5.616420e+03 0.000000e+00 1.000000e+00 1.000000e-01
5.616430e+03 0.000000e+00 1.000000e+00 1.000000e-01
5.616440e+03 0.000000e+00 1.000000e+00 1.000000e-01
5.616450e+03 0.000000e+00 1.000000e+00 1.000000e-01
5.616460e+03 0.000000e+00 1.000000e+00 1.000000e-01
5.616470e+03 0.000000e+00 1.000000e+00 1.000000e-01
5.616480e+03 0.000000e+00 1.000000e+00 1.000000e-01
5.616490e+03 0.000000e+00 1.000000e+00 1.000000e-01
5.616500e+03 0.000000e+00 1.000000e+00 1.000000e-01
5.616510e+03 0.000000e+00 1.000000e+00 1.000000e-01
5.616520e+03 0.000000e+00 1.000000e+00 1.000000e-01
5.616530e+03 0.000000e+00 1.000000e+00 1.000000e-01
5.616540e+03 0.000000e+00 1.000000e+00 1.000000e-01
5.616550e+03 0.000000e+00 1.000000e+00 1.000000e-01
5.616560e+03 0.000000e+00 1.000000e+00 1.000000e-01
5.616570e+03 0.000000e+00 1.000000e+00 1.000000e-01
5.616580e+03 0.000000e+00 1.000000e+00 1.000000e-01
5.616590e+03 0.000000e+00 1.000000e+00 1.000000e-01
5.616600e+03 0.000000e+00 1.000000e+00 1.000000e-01
5.616610e+03 0.000000e+00 1.000000e+00 1.000000e-01
5.616620e+03 0.000000e+00 1.000000e+00 1.000000e-01
5.616630e+03 0.000000e+00 1.000000e+00 1.000000e-01
5.616640e+03 0.000000e+00 1.000000e+00 1.000000e-01
5.616650e+03 0.000000e+00 1.000000e+00 1.000000e-01
5.616660e+03 0.000000e+00 1.000000e+00 1.000000e-01
5.616670e+03 0.000000e+00 1.000000e+00 1.000000e-01
5.616680e+03 0.000000e+00 1.000000e+00 1.000000e-01
5.616690e+03 0.000000e+00 1.000000e+00 1.000000e-01
5.616700e+03 0.000000e+00 1.000000e+00 1.000000e-01
5.616710e+03 0.000000e+00 1.000000e+00 1.000000e-01
5.616720e+03 0.000000e+00 1.000000e+00 1.000000e-01
5.616730e+03 0.000000e+00 1.000000e+00 1.000000e-01
5.616740e+03 0.000000e+00 1.000000e+00 1.000000e-01
5.616750e+03 0.000000e+00 1.000000e+00 1.000000e-01
5.616760e+03 0.000000e+00 1.000000e+00 1.000000e-01
5.616770e+03 0.000000e+00 1.000000e+00 1.000000e-01
5.616780e+03 0.000000e+00 1.000000e+00 1.000000e-01
5.616790e+03 0.000000e+00 1.000000e+00 1.000000e-01
5.616800e+03 0.000000e+00 1.000000e+00 1.000000e-01
5.616810e+03 0.000000e+00 1.000000e+00 1.000000e-01
5.616820e+03 0.000000e+00 1.000000e+00 1.000000e-01
5.616830e+03 0.000000e+00 1.000000e+00 1.000000e-01
5.616840e+03 0.000000e+00 1.000000e+00 1.000000e-01
5.616850e+03 0.000000e+00 1.000000e+00 1.000000e-01
5.616860e+03 0.000000e+00 1.000000e+00 1.000000e-01
5.616870e+03 0.000000e+00 1.000000e+00 1.000000e-01
5.616880e+03 0.000000e+00 1.000000e+00 1.000000e-01
5.616890e+03 0.000000e+00 1.000000e+00 1.000000e-01
5.616900e+03 0.000000e+00 1.000000e+00 1.000000e-01
5.616910e+03 0.000000e+00 1.000000e+00 1.000000e-01
5.616920e+03 0.000000e+00 1.000000e+00 1.000000e-01
5.616930e+03 0.000000e+00 1.000000e+00 1.000000e-01
5.616940e+03 0.000000e+00 1.000000e+00 1.000000e-01
5.616950e+03 0.000000e+00 1.000000e+00 1.000000e-01
5.616960e+03 0.000000e+00 1.000000e+00 1.000000e-01
5.616970e+03 0.000000e+00 1.000000e+00 1.000000e-01
5.616980e+03 0.000000e+00 1.000000e+00 1.000000e-01
5.616990e+03 0.000000e+00 1.000000e+00 1.000000e-01
5.617000e+03 0.000000e+00 1.000000e+00 1.000000e-01
