# wavelength[A] tau flux flux_error
5.567000e+03 0.000000e+00 1.000000e+00 1.000000e-01
5.567010e+03 0.000000e+00 1.000000e+00 1.000000e-01
5.567020e+03 0.000000e+00 1.000000e+00 1.000000e-01
5.567030e+03 0.000000e+00 1.000000e+00 1.000000e-01
5.567040e+03 0.000000e+00 1.000000e+00 1.000000e-01
5.567050e+03 0.000000e+00 1.000000e+00 1.000000e-01
5.567060e+03 0.000000e+00 1.000000e+00 1.000000e-01
5.567070e+03 0.000000e+00 1.000000e+00 1.000000e-01
5.567080e+03 0.000000e+00 1.000000e+00 1.000000e-01
5.567090e+03 0.000000e+00 1.000000e+00 1.000000e-01
5.567100e+03 0.000000e+00 1.000000e+00 1.000000e-01
5.567110e+03 0.000000e+00 1.000000e+00 1.000000e-01
5.567120e+03 0.000000e+00 1.000000e+00 1.000000e-01
5.567130e+03 0.000000e+00 1.000000e+00 1.000000e-01
5.567140e+03 0.000000e+00 1.000000e+00 1.000000e-01
5.567150e+03 0.000000e+00 1.000000e+00 1.000000e-01
5.567160e+03 0.000000e+00 1.000000e+00 1.000000e-01
5.567170e+03 0.000000e+00 1.000000e+00 1.000000e-01
5.567180e+03 0.000000e+00 1.000000e+00 1.000000e-01
5.567190e+03 0.000000e+00 1.000000e+00 1.000000e-01
5.567200e+03 0.000000e+00 1.000000e+00 1.000000e-01
5.567210e+03 0.000000e+00 1.000000e+00 1.000000e-01
5.567220e+03 0.000000e+00 1.000000e+00 1.000000e-01
5.567230e+03 0.000000e+00 1.000000e+00 1.000000e-01
5.567240e+03 0.000000e+00 1.000000e+00 1.000000e-01
5.567250e+03 0.000000e+00 1.000000e+00 1.000000e-01
5.567260e+03 0.000000e+00 1.000000e+00 1.000000e-01
5.567270e+03 0.000000e+00 1.000000e+00 1.000000e-01
5.567280e+03 0.000000e+00 1.000000e+00 1.000000e-01
5.567290e+03 0.000000e+00 1.000000e+00 1.000000e-01
5.567300e+03 0.000000e+00 1.000000e+00 1.000000e-01
5.567310e+03 0.000000e+00 1.000000e+00 1.000000e-01
5.567320e+03 0.000000e+00 1.000000e+00 1.000000e-01
5.567330e+03 0.000000e+00 1.000000e+00 1.000000e-01
5.567340e+03 0.000000e+00 1.000000e+00 1.000000e-01
5.567350e+03 0.000000e+00 1.000000e+00 1.000000e-01
5.567360e+03 0.000000e+00 1.000000e+00 1.000000e-01
5.567370e+03 0.000000e+00 1.000000e+00 1.000000e-01
5.567380e+03 0.000000e+00 1.000000e+00 1.000000e-01
5.567390e+03 0.000000e+00 1.000000e+00 1.000000e-01
5.567400e+03 0.000000e+00 1.000000e+00 1.000000e-01
5.567410e+03 0.000000e+00 1.000000e+00 1.000000e-01
5.567420e+03 0.000000e+00 1.000000e+00 1.000000e-01
5.567430e+03 0.000000e+00 1.000000e+00 1.000000e-01
5.567440e+03 0.000000e+00 1.000000e+00 1.000000e-01
5.567450e+03 0.000000e+00 1.000000e+00 1.000000e-01
5.567460e+03 0.000000e+00 1.000000e+00 1.000000e-01
5.567470e+03 0.000000e+00 1.000000e+00 1.000000e-01
5.567480e+03 0.000000e+00 1.000000e+00 1.000000e-01
5.567490e+03 0.000000e+00 1.000000e+00 1.000000e-01
5.567500e+03 0.000000e+00 1.000000e+00 1.000000e-01
5.567510e+03 0.000000e+00 1.000000e+00 1.000000e-01
5.567520e+03 0.000000e+00 1.000000e+00 1.000000e-01
5.567530e+03 0.000000e+00 1.000000e+00 1.000000e-01
5.567540e+03 0.000000e+00 1.000000e+00 1.000000e-01
5.567550e+03 0.000000e+00 1.000000e+00 1.000000e-01
5.567560e+03 0.000000e+00 1.000000e+00 1.000000e-01
5.567570e+03 0.000000e+00 1.000000e+00 1.000000e-01
5.567580e+03 0.000000e+00 1.000000e+00 1.000000e-01
5.567590e+03 0.000000e+00 1.000000e+00 1.000000e-01
5.567600e+03 0.000000e+00 1.000000e+00 1.000000e-01
5.567610e+03 0.000000e+00 1.000000e+00 1.000000e-01
5.567620e+03 0.000000e+00 1.000000e+00 1.000000e-01
5.567630e+03 0.000000e+00 1.000000e+00 1.000000e-01
5.567640e+03 0.000000e+00 1.000000e+00 1.000000e-01
5.567650e+03 0.000000e+00 1.000000e+00 1.000000e-01
5.567660e+03 0.000000e+00 1.000000e+00 1.000000e-01
5.567670e+03 0.000000e+00 1.000000e+00 1.000000e-01
5.567680e+03 0.000000e+00 1.000000e+00 1.000000e-01
5.567690e+03 0.000000e+00 1.000000e+00 1.000000e-01
5.567700e+03 0.000000e+00 1.000000e+00 1.000000e-01
5.567710e+03 0.000000e+00 1.000000e+00 1.000000e-01
5.567720e+03 0.000000e+00 1.000000e+00 1.000000e-01
5.567730e+03 0.000000e+00 1.000000e+00 1.000000e-01
5.567740e+03 0.000000e+00 1.000000e+00 1.000000e-01
5.567750e+03 0.000000e+00 1.000000e+00 1.000000e-01
5.567760e+03 0.000000e+00 1.000000e+00 1.000000e-01
5.567770e+03 0.000000e+00 1.000000e+00 1.000000e-01
5.567780e+03 0.000000e+00 1.000000e+00 1.000000e-01
5.567790e+03 0.000000e+00 1.000000e+00 1.000000e-01
5.567800e+03 0.000000e+00 1.000000e+00 1.000000e-01
5.567810e+03 0.000000e+00 1.000000e+00 1.000000e-01
5.567820e+03 0.000000e+00 1.000000e+00 1.000000e-01
5.567830e+03 0.000000e+00 1.000000e+00 1.000000e-01
5.567840e+03 0.000000e+00 1.000000e+00 1.000000e-01
5.567850e+03 0.000000e+00 1.000000e+00 1.000000e-01
5.567860e+03 0.000000e+00 1.000000e+00 1.000000e-01
5.567870e+03 0.000000e+00 1.000000e+00 1.000000e-01
5.567880e+03 0.000000e+00 1.000000e+00 1.000000e-01
5.567890e+03 0.000000e+00 1.000000e+00 1.000000e-01
5.567900e+03 0.000000e+00 1.000000e+00 1.000000e-01
5.567910e+03 0.000000e+00 1.000000e+00 1.000000e-01
5.567920e+03 0.000000e+00 1.000000e+00 1.000000e-01
5.567930e+03 0.000000e+00 1.000000e+00 1.000000e-01
5.567940e+03 0.000000e+00 1.000000e+00 1.000000e-01
5.567950e+03 0.000000e+00 1.000000e+00 1.000000e-01
5.567960e+03 0.000000e+00 1.000000e+00 1.000000e-01
5.567970e+03 0.000000e+00 1.000000e+00 1.000000e-01
5.567980e+03 0.000000e+00 1.000000e+00 1.000000e-01
5.567990e+03 0.000000e+00 1.000000e+00 1.000000e-01
5.568000e+03 0.000000e+00 1.000000e+00 1.000000e-01
5.568010e+03 0.000000e+00 1.000000e+00 1.000000e-01
5.568020e+03 0.000000e+00 1.000000e+00 1.000000e-01
5.568030e+03 0.000000e+00 1.000000e+00 1.000000e-01
5.568040e+03 0.000000e+00 1.000000e+00 1.000000e-01
5.568050e+03 0.000000e+00 1.000000e+00 1.000000e-01
5.568060e+03 0.000000e+00 1.000000e+00 1.000000e-01
5.568070e+03 0.000000e+00 1.000000e+00 1.000000e-01
5.568080e+03 0.000000e+00 1.000000e+00 1.000000e-01
5.568090e+03 0.000000e+00 1.000000e+00 1.000000e-01
5.568100e+03 0.000000e+00 1.000000e+00 1.000000e-01
5.568110e+03 0.000000e+00 1.000000e+00 1.000000e-01
5.568120e+03 0.000000e+00 1.000000e+00 1.000000e-01
5.568130e+03 0.000000e+00 1.000000e+00 1.000000e-01
5.568140e+03 0.000000e+00 1.000000e+00 1.000000e-01
5.568150e+03 0.000000e+00 1.000000e+00 1.000000e-01
5.568160e+03 0.000000e+00 1.000000e+00 1.000000e-01
5.568170e+03 0.000000e+00 1.000000e+00 1.000000e-01
5.568180e+03 0.000000e+00 1.000000e+00 1.000000e-01
5.568190e+03 0.000000e+00 1.000000e+00 1.000000e-01
5.568200e+03 0.000000e+00 1.000000e+00 1.000000e-01
5.568210e+03 0.000000e+00 1.000000e+00 1.000000e-01
5.568220e+03 0.000000e+00 1.000000e+00 1.000000e-01
5.568230e+03 0.000000e+00 1.000000e+00 1.000000e-01
5.568240e+03 0.000000e+00 1.000000e+00 1.000000e-01
5.568250e+03 0.000000e+00 1.000000e+00 1.000000e-01
5.568260e+03 0.000000e+00 1.000000e+00 1.000000e-01
5.568270e+03 0.000000e+00 1.000000e+00 1.000000e-01
5.568280e+03 0.000000e+00 1.000000e+00 1.000000e-01
5.568290e+03 0.000000e+00 1.000000e+00 1.000000e-01
5.568300e+03 0.000000e+00 1.000000e+00 1.000000e-01
5.568310e+03 0.000000e+00 1.000000e+00 1.000000e-01
5.568320e+03 0.000000e+00 1.000000e+00 1.000000e-01
5.568330e+03 0.000000e+00 1.000000e+00 1.000000e-01
5.568340e+03 0.000000e+00 1.000000e+00 1.000000e-01
5.568350e+03 0.000000e+00 1.000000e+00 1.000000e-01
5.568360e+03 0.000000e+00 1.000000e+00 1.000000e-01
5.568370e+03 0.000000e+00 1.000000e+00 1.000000e-01
5.568380e+03 0.000000e+00 1.000000e+00 1.000000e-01
5.568390e+03 0.000000e+00 1.000000e+00 1.000000e-01
5.568400e+03 0.000000e+00 1.000000e+00 1.000000e-01
5.568410e+03 0.000000e+00 1.000000e+00 1.000000e-01
5.568420e+03 0.000000e+00 1.000000e+00 1.000000e-01
5.568430e+03 0.000000e+00 1.000000e+00 1.000000e-01
5.568440e+03 0.000000e+00 1.000000e+00 1.000000e-01
5.568450e+03 0.000000e+00 1.000000e+00 1.000000e-01
5.568460e+03 0.000000e+00 1.000000e+00 1.000000e-01
5.568470e+03 0.000000e+00 1.000000e+00 1.000000e-01
5.568480e+03 0.000000e+00 1.000000e+00 1.000000e-01
5.568490e+03 0.000000e+00 1.000000e+00 1.000000e-01
5.568500e+03 0.000000e+00 1.000000e+00 1.000000e-01
5.568510e+03 0.000000e+00 1.000000e+00 1.000000e-01
5.568520e+03 0.000000e+00 1.000000e+00 1.000000e-01
5.568530e+03 0.000000e+00 1.000000e+00 1.000000e-01
5.568540e+03 0.000000e+00 1.000000e+00 1.000000e-01
5.568550e+03 0.000000e+00 1.000000e+00 1.000000e-01
5.568560e+03 0.000000e+00 1.000000e+00 1.000000e-01
5.568570e+03 0.000000e+00 1.000000e+00 1.000000e-01
5.568580e+03 0.000000e+00 1.000000e+00 1.000000e-01
5.568590e+03 0.000000e+00 1.000000e+00 1.000000e-01
5.568600e+03 0.000000e+00 1.000000e+00 1.000000e-01
5.568610e+03 0.000000e+00 1.000000e+00 1.000000e-01
5.568620e+03 0.000000e+00 1.000000e+00 1.000000e-01
5.568630e+03 0.000000e+00 1.000000e+00 1.000000e-01
5.568640e+03 0.000000e+00 1.000000e+00 1.000000e-01
5.568650e+03 0.000000e+00 1.000000e+00 1.000000e-01
5.568660e+03 0.000000e+00 1.000000e+00 1.000000e-01
5.568670e+03 0.000000e+00 1.000000e+00 1.000000e-01
5.568680e+03 0.000000e+00 1.000000e+00 1.000000e-01
5.568690e+03 0.000000e+00 1.000000e+00 1.000000e-01
5.568700e+03 0.000000e+00 1.000000e+00 1.000000e-01
5.568710e+03 0.000000e+00 1.000000e+00 1.000000e-01
5.568720e+03 0.000000e+00 1.000000e+00 1.000000e-01
5.568730e+03 0.000000e+00 1.000000e+00 1.000000e-01
5.568740e+03 0.000000e+00 1.000000e+00 1.000000e-01
5.568750e+03 0.000000e+00 1.000000e+00 1.000000e-01
5.568760e+03 0.000000e+00 1.000000e+00 1.000000e-01
5.568770e+03 0.000000e+00 1.000000e+00 1.000000e-01
5.568780e+03 0.000000e+00 1.000000e+00 1.000000e-01
5.568790e+03 0.000000e+00 1.000000e+00 1.000000e-01
5.568800e+03 0.000000e+00 1.000000e+00 1.000000e-01
5.568810e+03 0.000000e+00 1.000000e+00 1.000000e-01
5.568820e+03 0.000000e+00 1.000000e+00 1.000000e-01
5.568830e+03 0.000000e+00 1.000000e+00 1.000000e-01
5.568840e+03 0.000000e+00 1.000000e+00 1.000000e-01
5.568850e+03 0.000000e+00 1.000000e+00 1.000000e-01
5.568860e+03 0.000000e+00 1.000000e+00 1.000000e-01
5.568870e+03 0.000000e+00 1.000000e+00 1.000000e-01
5.568880e+03 0.000000e+00 1.000000e+00 1.000000e-01
5.568890e+03 0.000000e+00 1.000000e+00 1.000000e-01
5.568900e+03 0.000000e+00 1.000000e+00 1.000000e-01
5.568910e+03 0.000000e+00 1.000000e+00 1.000000e-01
5.568920e+03 0.000000e+00 1.000000e+00 1.000000e-01
5.568930e+03 0.000000e+00 1.000000e+00 1.000000e-01
5.568940e+03 0.000000e+00 1.000000e+00 1.000000e-01
5.568950e+03 0.000000e+00 1.000000e+00 1.000000e-01
5.568960e+03 0.000000e+00 1.000000e+00 1.000000e-01
5.568970e+03 0.000000e+00 1.000000e+00 1.000000e-01
5.568980e+03 0.000000e+00 1.000000e+00 1.000000e-01
5.568990e+03 0.000000e+00 1.000000e+00 1.000000e-01
5.569000e+03 0.000000e+00 1.000000e+00 1.000000e-01
5.569010e+03 0.000000e+00 1.000000e+00 1.000000e-01
5.569020e+03 0.000000e+00 1.000000e+00 1.000000e-01
5.569030e+03 0.000000e+00 1.000000e+00 1.000000e-01
5.569040e+03 0.000000e+00 1.000000e+00 1.000000e-01
5.569050e+03 0.000000e+00 1.000000e+00 1.000000e-01
5.569060e+03 0.000000e+00 1.000000e+00 1.000000e-01
5.569070e+03 0.000000e+00 1.000000e+00 1.000000e-01
5.569080e+03 0.000000e+00 1.000000e+00 1.000000e-01
5.569090e+03 0.000000e+00 1.000000e+00 1.000000e-01
5.569100e+03 0.000000e+00 1.000000e+00 1.000000e-01
5.569110e+03 0.000000e+00 1.000000e+00 1.000000e-01
5.569120e+03 0.000000e+00 1.000000e+00 1.000000e-01
5.569130e+03 0.000000e+00 1.000000e+00 1.000000e-01
5.569140e+03 0.000000e+00 1.000000e+00 1.000000e-01
5.569150e+03 0.000000e+00 1.000000e+00 1.000000e-01
5.569160e+03 0.000000e+00 1.000000e+00 1.000000e-01
5.569170e+03 0.000000e+00 1.000000e+00 1.000000e-01
5.569180e+03 0.000000e+00 1.000000e+00 1.000000e-01
5.569190e+03 0.000000e+00 1.000000e+00 1.000000e-01
5.569200e+03 0.000000e+00 1.000000e+00 1.000000e-01
5.569210e+03 0.000000e+00 1.000000e+00 1.000000e-01
5.569220e+03 0.000000e+00 1.000000e+00 1.000000e-01
5.569230e+03 0.000000e+00 1.000000e+00 1.000000e-01
5.569240e+03 0.000000e+00 1.000000e+00 1.000000e-01
5.569250e+03 0.000000e+00 1.000000e+00 1.000000e-01
5.569260e+03 0.000000e+00 1.000000e+00 1.000000e-01
5.569270e+03 0.000000e+00 1.000000e+00 1.000000e-01
5.569280e+03 0.000000e+00 1.000000e+00 1.000000e-01
5.569290e+03 0.000000e+00 1.000000e+00 1.000000e-01
5.569300e+03 0.000000e+00 1.000000e+00 1.000000e-01
5.569310e+03 0.000000e+00 1.000000e+00 1.000000e-01
5.569320e+03 0.000000e+00 1.000000e+00 1.000000e-01
5.569330e+03 0.000000e+00 1.000000e+00 1.000000e-01
5.569340e+03 0.000000e+00 1.000000e+00 1.000000e-01
5.569350e+03 0.000000e+00 1.000000e+00 1.000000e-01
5.569360e+03 0.000000e+00 1.000000e+00 1.000000e-01
5.569370e+03 0.000000e+00 1.000000e+00 1.000000e-01
5.569380e+03 0.000000e+00 1.000000e+00 1.000000e-01
5.569390e+03 0.000000e+00 1.000000e+00 1.000000e-01
5.569400e+03 0.000000e+00 1.000000e+00 1.000000e-01
5.569410e+03 0.000000e+00 1.000000e+00 1.000000e-01
5.569420e+03 0.000000e+00 1.000000e+00 1.000000e-01
5.569430e+03 0.000000e+00 1.000000e+00 1.000000e-01
5.569440e+03 0.000000e+00 1.000000e+00 1.000000e-01
5.569450e+03 0.000000e+00 1.000000e+00 1.000000e-01
5.569460e+03 0.000000e+00 1.000000e+00 1.000000e-01
5.569470e+03 0.000000e+00 1.000000e+00 1.000000e-01
5.569480e+03 0.000000e+00 1.000000e+00 1.000000e-01
5.569490e+03 0.000000e+00 1.000000e+00 1.000000e-01
5.569500e+03 0.000000e+00 1.000000e+00 1.000000e-01
5.569510e+03 0.000000e+00 1.000000e+00 1.000000e-01
5.569520e+03 0.000000e+00 1.000000e+00 1.000000e-01
5.569530e+03 0.000000e+00 1.000000e+00 1.000000e-01
5.569540e+03 0.000000e+00 1.000000e+00 1.000000e-01
5.569550e+03 0.000000e+00 1.000000e+00 1.000000e-01
5.569560e+03 0.000000e+00 1.000000e+00 1.000000e-01
5.569570e+03 0.000000e+00 1.000000e+00 1.000000e-01
5.569580e+03 0.000000e+00 1.000000e+00 1.000000e-01
5.569590e+03 0.000000e+00 1.000000e+00 1.000000e-01
5.569600e+03 0.000000e+00 1.000000e+00 1.000000e-01
5.569610e+03 0.000000e+00 1.000000e+00 1.000000e-01
5.569620e+03 0.000000e+00 1.000000e+00 1.000000e-01
5.569630e+03 0.000000e+00 1.000000e+00 1.000000e-01
5.569640e+03 0.000000e+00 1.000000e+00 1.000000e-01
5.569650e+03 0.000000e+00 1.000000e+00 1.000000e-01
5.569660e+03 0.000000e+00 1.000000e+00 1.000000e-01
5.569670e+03 0.000000e+00 1.000000e+00 1.000000e-01
5.569680e+03 0.000000e+00 1.000000e+00 1.000000e-01
5.569690e+03 0.000000e+00 1.000000e+00 1.000000e-01
5.569700e+03 0.000000e+00 1.000000e+00 1.000000e-01
5.569710e+03 0.000000e+00 1.000000e+00 1.000000e-01
5.569720e+03 0.000000e+00 1.000000e+00 1.000000e-01
5.569730e+03 0.000000e+00 1.000000e+00 1.000000e-01
5.569740e+03 0.000000e+00 1.000000e+00 1.000000e-01
5.569750e+03 0.000000e+00 1.000000e+00 1.000000e-01
5.569760e+03 0.000000e+00 1.000000e+00 1.000000e-01
5.569770e+03 0.000000e+00 1.000000e+00 1.000000e-01
5.569780e+03 0.000000e+00 1.000000e+00 1.000000e-01
5.569790e+03 0.000000e+00 1.000000e+00 1.000000e-01
5.569800e+03 0.000000e+00 1.000000e+00 1.000000e-01
5.569810e+03 0.000000e+00 1.000000e+00 1.000000e-01
5.569820e+03 0.000000e+00 1.000000e+00 1.000000e-01
5.569830e+03 0.000000e+00 1.000000e+00 1.000000e-01
5.569840e+03 0.000000e+00 1.000000e+00 1.000000e-01
5.569850e+03 0.000000e+00 1.000000e+00 1.000000e-01
5.569860e+03 0.000000e+00 1.000000e+00 1.000000e-01
5.569870e+03 0.000000e+00 1.000000e+00 1.000000e-01
5.569880e+03 0.000000e+00 1.000000e+00 1.000000e-01
5.569890e+03 0.000000e+00 1.000000e+00 1.000000e-01
5.569900e+03 0.000000e+00 1.000000e+00 1.000000e-01
5.569910e+03 0.000000e+00 1.000000e+00 1.000000e-01
5.569920e+03 0.000000e+00 1.000000e+00 1.000000e-01
5.569930e+03 0.000000e+00 1.000000e+00 1.000000e-01
5.569940e+03 0.000000e+00 1.000000e+00 1.000000e-01
5.569950e+03 0.000000e+00 1.000000e+00 1.000000e-01
5.569960e+03 0.000000e+00 1.000000e+00 1.000000e-01
5.569970e+03 0.000000e+00 1.000000e+00 1.000000e-01
5.569980e+03 0.000000e+00 1.000000e+00 1.000000e-01
5.569990e+03 0.000000e+00 1.000000e+00 1.000000e-01
5.570000e+03 0.000000e+00 1.000000e+00 1.000000e-01
5.570010e+03 0.000000e+00 1.000000e+00 1.000000e-01
5.570020e+03 0.000000e+00 1.000000e+00 1.000000e-01
5.570030e+03 0.000000e+00 1.000000e+00 1.000000e-01
5.570040e+03 0.000000e+00 1.000000e+00 1.000000e-01
5.570050e+03 0.000000e+00 1.000000e+00 1.000000e-01
5.570060e+03 0.000000e+00 1.000000e+00 1.000000e-01
5.570070e+03 0.000000e+00 1.000000e+00 1.000000e-01
5.570080e+03 0.000000e+00 1.000000e+00 1.000000e-01
5.570090e+03 0.000000e+00 1.000000e+00 1.000000e-01
5.570100e+03 0.000000e+00 1.000000e+00 1.000000e-01
5.570110e+03 0.000000e+00 1.000000e+00 1.000000e-01
5.570120e+03 0.000000e+00 1.000000e+00 1.000000e-01
5.570130e+03 0.000000e+00 1.000000e+00 1.000000e-01
5.570140e+03 0.000000e+00 1.000000e+00 1.000000e-01
5.570150e+03 0.000000e+00 1.000000e+00 1.000000e-01
5.570160e+03 0.000000e+00 1.000000e+00 1.000000e-01
5.570170e+03 0.000000e+00 1.000000e+00 1.000000e-01
5.570180e+03 0.000000e+00 1.000000e+00 1.000000e-01
5.570190e+03 0.000000e+00 1.000000e+00 1.000000e-01
5.570200e+03 0.000000e+00 1.000000e+00 1.000000e-01
5.570210e+03 0.000000e+00 1.000000e+00 1.000000e-01
5.570220e+03 0.000000e+00 1.000000e+00 1.000000e-01
5.570230e+03 0.000000e+00 1.000000e+00 1.000000e-01
5.570240e+03 0.000000e+00 1.000000e+00 1.000000e-01
5.570250e+03 0.000000e+00 1.000000e+00 1.000000e-01
5.570260e+03 0.000000e+00 1.000000e+00 1.000000e-01
5.570270e+03 0.000000e+00 1.000000e+00 1.000000e-01
5.570280e+03 0.000000e+00 1.000000e+00 1.000000e-01
5.570290e+03 0.000000e+00 1.000000e+00 1.000000e-01
5.570300e+03 0.000000e+00 1.000000e+00 1.000000e-01
5.570310e+03 0.000000e+00 1.000000e+00 1.000000e-01
5.570320e+03 0.000000e+00 1.000000e+00 1.000000e-01
5.570330e+03 0.000000e+00 1.000000e+00 1.000000e-01
5.570340e+03 0.000000e+00 1.000000e+00 1.000000e-01
5.570350e+03 0.000000e+00 1.000000e+00 1.000000e-01
5.570360e+03 0.000000e+00 1.000000e+00 1.000000e-01
5.570370e+03 0.000000e+00 1.000000e+00 1.000000e-01
5.570380e+03 0.000000e+00 1.000000e+00 1.000000e-01
5.570390e+03 0.000000e+00 1.000000e+00 1.000000e-01
5.570400e+03 0.000000e+00 1.000000e+00 1.000000e-01
5.570410e+03 0.000000e+00 1.000000e+00 1.000000e-01
5.570420e+03 0.000000e+00 1.000000e+00 1.000000e-01
5.570430e+03 0.000000e+00 1.000000e+00 1.000000e-01
5.570440e+03 0.000000e+00 1.000000e+00 1.000000e-01
5.570450e+03 0.000000e+00 1.000000e+00 1.000000e-01
5.570460e+03 0.000000e+00 1.000000e+00 1.000000e-01
5.570470e+03 0.000000e+00 1.000000e+00 1.000000e-01
5.570480e+03 0.000000e+00 1.000000e+00 1.000000e-01
5.570490e+03 0.000000e+00 1.000000e+00 1.000000e-01
5.570500e+03 0.000000e+00 1.000000e+00 1.000000e-01
5.570510e+03 0.000000e+00 1.000000e+00 1.000000e-01
5.570520e+03 0.000000e+00 1.000000e+00 1.000000e-01
5.570530e+03 0.000000e+00 1.000000e+00 1.000000e-01
5.570540e+03 0.000000e+00 1.000000e+00 1.000000e-01
5.570550e+03 0.000000e+00 1.000000e+00 1.000000e-01
5.570560e+03 0.000000e+00 1.000000e+00 1.000000e-01
5.570570e+03 0.000000e+00 1.000000e+00 1.000000e-01
5.570580e+03 0.000000e+00 1.000000e+00 1.000000e-01
5.570590e+03 0.000000e+00 1.000000e+00 1.000000e-01
5.570600e+03 0.000000e+00 1.000000e+00 1.000000e-01
5.570610e+03 0.000000e+00 1.000000e+00 1.000000e-01
5.570620e+03 0.000000e+00 1.000000e+00 1.000000e-01
5.570630e+03 0.000000e+00 1.000000e+00 1.000000e-01
5.570640e+03 0.000000e+00 1.000000e+00 1.000000e-01
5.570650e+03 0.000000e+00 1.000000e+00 1.000000e-01
5.570660e+03 0.000000e+00 1.000000e+00 1.000000e-01
5.570670e+03 0.000000e+00 1.000000e+00 1.000000e-01
5.570680e+03 0.000000e+00 1.000000e+00 1.000000e-01
5.570690e+03 0.000000e+00 1.000000e+00 1.000000e-01
5.570700e+03 0.000000e+00 1.000000e+00 1.000000e-01
5.570710e+03 0.000000e+00 1.000000e+00 1.000000e-01
5.570720e+03 0.000000e+00 1.000000e+00 1.000000e-01
5.570730e+03 0.000000e+00 1.000000e+00 1.000000e-01
5.570740e+03 0.000000e+00 1.000000e+00 1.000000e-01
5.570750e+03 0.000000e+00 1.000000e+00 1.000000e-01
5.570760e+03 0.000000e+00 1.000000e+00 1.000000e-01
5.570770e+03 0.000000e+00 1.000000e+00 1.000000e-01
5.570780e+03 0.000000e+00 1.000000e+00 1.000000e-01
5.570790e+03 0.000000e+00 1.000000e+00 1.000000e-01
5.570800e+03 0.000000e+00 1.000000e+00 1.000000e-01
5.570810e+03 0.000000e+00 1.000000e+00 1.000000e-01
5.570820e+03 0.000000e+00 1.000000e+00 1.000000e-01
5.570830e+03 0.000000e+00 1.000000e+00 1.000000e-01
5.570840e+03 0.000000e+00 1.000000e+00 1.000000e-01
5.570850e+03 0.000000e+00 1.000000e+00 1.000000e-01
5.570860e+03 0.000000e+00 1.000000e+00 1.000000e-01
5.570870e+03 0.000000e+00 1.000000e+00 1.000000e-01
5.570880e+03 0.000000e+00 1.000000e+00 1.000000e-01
5.570890e+03 0.000000e+00 1.000000e+00 1.000000e-01
5.570900e+03 0.000000e+00 1.000000e+00 1.000000e-01
5.570910e+03 0.000000e+00 1.000000e+00 1.000000e-01
5.570920e+03 0.000000e+00 1.000000e+00 1.000000e-01
5.570930e+03 0.000000e+00 1.000000e+00 1.000000e-01
5.570940e+03 0.000000e+00 1.000000e+00 1.000000e-01
5.570950e+03 0.000000e+00 1.000000e+00 1.000000e-01
5.570960e+03 0.000000e+00 1.000000e+00 1.000000e-01
5.570970e+03 0.000000e+00 1.000000e+00 1.000000e-01
5.570980e+03 0.000000e+00 1.000000e+00 1.000000e-01
5.570990e+03 0.000000e+00 1.000000e+00 1.000000e-01
5.571000e+03 0.000000e+00 1.000000e+00 1.000000e-01
5.571010e+03 0.000000e+00 1.000000e+00 1.000000e-01
5.571020e+03 0.000000e+00 1.000000e+00 1.000000e-01
5.571030e+03 0.000000e+00 1.000000e+00 1.000000e-01
5.571040e+03 0.000000e+00 1.000000e+00 1.000000e-01
5.571050e+03 0.000000e+00 1.000000e+00 1.000000e-01
5.571060e+03 0.000000e+00 1.000000e+00 1.000000e-01
5.571070e+03 0.000000e+00 1.000000e+00 1.000000e-01
5.571080e+03 0.000000e+00 1.000000e+00 1.000000e-01
5.571090e+03 0.000000e+00 1.000000e+00 1.000000e-01
5.571100e+03 0.000000e+00 1.000000e+00 1.000000e-01
5.571110e+03 0.000000e+00 1.000000e+00 1.000000e-01
5.571120e+03 0.000000e+00 1.000000e+00 1.000000e-01
5.571130e+03 0.000000e+00 1.000000e+00 1.000000e-01
5.571140e+03 0.000000e+00 1.000000e+00 1.000000e-01
5.571150e+03 0.000000e+00 1.000000e+00 1.000000e-01
5.571160e+03 0.000000e+00 1.000000e+00 1.000000e-01
5.571170e+03 0.000000e+00 1.000000e+00 1.000000e-01
5.571180e+03 0.000000e+00 1.000000e+00 1.000000e-01
5.571190e+03 0.000000e+00 1.000000e+00 1.000000e-01
5.571200e+03 0.000000e+00 1.000000e+00 1.000000e-01
5.571210e+03 0.000000e+00 1.000000e+00 1.000000e-01
5.571220e+03 0.000000e+00 1.000000e+00 1.000000e-01
5.571230e+03 0.000000e+00 1.000000e+00 1.000000e-01
5.571240e+03 0.000000e+00 1.000000e+00 1.000000e-01
5.571250e+03 0.000000e+00 1.000000e+00 1.000000e-01
5.571260e+03 0.000000e+00 1.000000e+00 1.000000e-01
5.571270e+03 0.000000e+00 1.000000e+00 1.000000e-01
5.571280e+03 0.000000e+00 1.000000e+00 1.000000e-01
5.571290e+03 0.000000e+00 1.000000e+00 1.000000e-01
5.571300e+03 0.000000e+00 1.000000e+00 1.000000e-01
5.571310e+03 0.000000e+00 1.000000e+00 1.000000e-01
5.571320e+03 0.000000e+00 1.000000e+00 1.000000e-01
5.571330e+03 0.000000e+00 1.000000e+00 1.000000e-01
5.571340e+03 0.000000e+00 1.000000e+00 1.000000e-01
5.571350e+03 0.000000e+00 1.000000e+00 1.000000e-01
5.571360e+03 0.000000e+00 1.000000e+00 1.000000e-01
5.571370e+03 0.000000e+00 1.000000e+00 1.000000e-01
5.571380e+03 0.000000e+00 1.000000e+00 1.000000e-01
5.571390e+03 0.000000e+00 1.000000e+00 1.000000e-01
5.571400e+03 0.000000e+00 1.000000e+00 1.000000e-01
5.571410e+03 0.000000e+00 1.000000e+00 1.000000e-01
5.571420e+03 0.000000e+00 1.000000e+00 1.000000e-01
5.571430e+03 0.000000e+00 1.000000e+00 1.000000e-01
5.571440e+03 0.000000e+00 1.000000e+00 1.000000e-01
5.571450e+03 0.000000e+00 1.000000e+00 1.000000e-01
5.571460e+03 0.000000e+00 1.000000e+00 1.000000e-01
5.571470e+03 0.000000e+00 1.000000e+00 1.000000e-01
5.571480e+03 0.000000e+00 1.000000e+00 1.000000e-01
5.571490e+03 0.000000e+00 1.000000e+00 1.000000e-01
5.571500e+03 0.000000e+00 1.000000e+00 1.000000e-01
5.571510e+03 0.000000e+00 1.000000e+00 1.000000e-01
5.571520e+03 0.000000e+00 1.000000e+00 1.000000e-01
5.571530e+03 0.000000e+00 1.000000e+00 1.000000e-01
5.571540e+03 0.000000e+00 1.000000e+00 1.000000e-01
5.571550e+03 0.000000e+00 1.000000e+00 1.000000e-01
5.571560e+03 0.000000e+00 1.000000e+00 1.000000e-01
5.571570e+03 0.000000e+00 1.000000e+00 1.000000e-01
5.571580e+03 0.000000e+00 1.000000e+00 1.000000e-01
5.571590e+03 0.000000e+00 1.000000e+00 1.000000e-01
5.571600e+03 0.000000e+00 1.000000e+00 1.000000e-01
5.571610e+03 0.000000e+00 1.000000e+00 1.000000e-01
5.571620e+03 0.000000e+00 1.000000e+00 1.000000e-01
5.571630e+03 0.000000e+00 1.000000e+00 1.000000e-01
5.571640e+03 0.000000e+00 1.000000e+00 1.000000e-01
5.571650e+03 0.000000e+00 1.000000e+00 1.000000e-01
5.571660e+03 0.000000e+00 1.000000e+00 1.000000e-01
5.571670e+03 0.000000e+00 1.000000e+00 1.000000e-01
5.571680e+03 0.000000e+00 1.000000e+00 1.000000e-01
5.571690e+03 0.000000e+00 1.000000e+00 1.000000e-01
5.571700e+03 0.000000e+00 1.000000e+00 1.000000e-01
5.571710e+03 0.000000e+00 1.000000e+00 1.000000e-01
5.571720e+03 0.000000e+00 1.000000e+00 1.000000e-01
5.571730e+03 0.000000e+00 1.000000e+00 1.000000e-01
5.571740e+03 0.000000e+00 1.000000e+00 1.000000e-01
5.571750e+03 0.000000e+00 1.000000e+00 1.000000e-01
5.571760e+03 0.000000e+00 1.000000e+00 1.000000e-01
5.571770e+03 0.000000e+00 1.000000e+00 1.000000e-01
5.571780e+03 0.000000e+00 1.000000e+00 1.000000e-01
5.571790e+03 0.000000e+00 1.000000e+00 1.000000e-01
5.571800e+03 0.000000e+00 1.000000e+00 1.000000e-01
5.571810e+03 0.000000e+00 1.000000e+00 1.000000e-01
5.571820e+03 0.000000e+00 1.000000e+00 1.000000e-01
5.571830e+03 0.000000e+00 1.000000e+00 1.000000e-01
5.571840e+03 0.000000e+00 1.000000e+00 1.000000e-01
5.571850e+03 0.000000e+00 1.000000e+00 1.000000e-01
5.571860e+03 0.000000e+00 1.000000e+00 1.000000e-01
5.571870e+03 0.000000e+00 1.000000e+00 1.000000e-01
5.571880e+03 0.000000e+00 1.000000e+00 1.000000e-01
5.571890e+03 0.000000e+00 1.000000e+00 1.000000e-01
5.571900e+03 0.000000e+00 1.000000e+00 1.000000e-01
5.571910e+03 0.000000e+00 1.000000e+00 1.000000e-01
5.571920e+03 0.000000e+00 1.000000e+00 1.000000e-01
5.571930e+03 0.000000e+00 1.000000e+00 1.000000e-01
5.571940e+03 0.000000e+00 1.000000e+00 1.000000e-01
5.571950e+03 0.000000e+00 1.000000e+00 1.000000e-01
5.571960e+03 0.000000e+00 1.000000e+00 1.000000e-01
5.571970e+03 0.000000e+00 1.000000e+00 1.000000e-01
5.571980e+03 0.000000e+00 1.000000e+00 1.000000e-01
5.571990e+03 0.000000e+00 1.000000e+00 1.000000e-01
5.572000e+03 0.000000e+00 1.000000e+00 1.000000e-01
5.572010e+03 0.000000e+00 1.000000e+00 1.000000e-01
5.572020e+03 0.000000e+00 1.000000e+00 1.000000e-01
5.572030e+03 0.000000e+00 1.000000e+00 1.000000e-01
5.572040e+03 0.000000e+00 1.000000e+00 1.000000e-01
5.572050e+03 0.000000e+00 1.000000e+00 1.000000e-01
5.572060e+03 0.000000e+00 1.000000e+00 1.000000e-01
5.572070e+03 0.000000e+00 1.000000e+00 1.000000e-01
5.572080e+03 0.000000e+00 1.000000e+00 1.000000e-01
5.572090e+03 0.000000e+00 1.000000e+00 1.000000e-01
5.572100e+03 0.000000e+00 1.000000e+00 1.000000e-01
5.572110e+03 0.000000e+00 1.000000e+00 1.000000e-01
5.572120e+03 0.000000e+00 1.000000e+00 1.000000e-01
5.572130e+03 0.000000e+00 1.000000e+00 1.000000e-01
5.572140e+03 0.000000e+00 1.000000e+00 1.000000e-01
5.572150e+03 0.000000e+00 1.000000e+00 1.000000e-01
5.572160e+03 0.000000e+00 1.000000e+00 1.000000e-01
5.572170e+03 0.000000e+00 1.000000e+00 1.000000e-01
5.572180e+03 0.000000e+00 1.000000e+00 1.000000e-01
5.572190e+03 0.000000e+00 1.000000e+00 1.000000e-01
5.572200e+03 0.000000e+00 1.000000e+00 1.000000e-01
5.572210e+03 0.000000e+00 1.000000e+00 1.000000e-01
5.572220e+03 0.000000e+00 1.000000e+00 1.000000e-01
5.572230e+03 0.000000e+00 1.000000e+00 1.000000e-01
5.572240e+03 0.000000e+00 1.000000e+00 1.000000e-01
5.572250e+03 0.000000e+00 1.000000e+00 1.000000e-01
5.572260e+03 0.000000e+00 1.000000e+00 1.000000e-01
5.572270e+03 0.000000e+00 1.000000e+00 1.000000e-01
5.572280e+03 0.000000e+00 1.000000e+00 1.000000e-01
5.572290e+03 0.000000e+00 1.000000e+00 1.000000e-01
5.572300e+03 0.000000e+00 1.000000e+00 1.000000e-01
5.572310e+03 0.000000e+00 1.000000e+00 1.000000e-01
5.572320e+03 0.000000e+00 1.000000e+00 1.000000e-01
5.572330e+03 0.000000e+00 1.000000e+00 1.000000e-01
5.572340e+03 0.000000e+00 1.000000e+00 1.000000e-01
5.572350e+03 0.000000e+00 1.000000e+00 1.000000e-01
5.572360e+03 0.000000e+00 1.000000e+00 1.000000e-01
5.572370e+03 0.000000e+00 1.000000e+00 1.000000e-01
5.572380e+03 0.000000e+00 1.000000e+00 1.000000e-01
5.572390e+03 0.000000e+00 1.000000e+00 1.000000e-01
5.572400e+03 0.000000e+00 1.000000e+00 1.000000e-01
5.572410e+03 0.000000e+00 1.000000e+00 1.000000e-01
5.572420e+03 0.000000e+00 1.000000e+00 1.000000e-01
5.572430e+03 0.000000e+00 1.000000e+00 1.000000e-01
5.572440e+03 0.000000e+00 1.000000e+00 1.000000e-01
5.572450e+03 0.000000e+00 1.000000e+00 1.000000e-01
5.572460e+03 0.000000e+00 1.000000e+00 1.000000e-01
5.572470e+03 0.000000e+00 1.000000e+00 1.000000e-01
5.572480e+03 0.000000e+00 1.000000e+00 1.000000e-01
5.572490e+03 0.000000e+00 1.000000e+00 1.000000e-01
5.572500e+03 0.000000e+00 1.000000e+00 1.000000e-01
5.572510e+03 0.000000e+00 1.000000e+00 1.000000e-01
5.572520e+03 0.000000e+00 1.000000e+00 1.000000e-01
5.572530e+03 0.000000e+00 1.000000e+00 1.000000e-01
5.572540e+03 0.000000e+00 1.000000e+00 1.000000e-01
5.572550e+03 0.000000e+00 1.000000e+00 1.000000e-01
5.572560e+03 0.000000e+00 1.000000e+00 1.000000e-01
5.572570e+03 0.000000e+00 1.000000e+00 1.000000e-01
5.572580e+03 0.000000e+00 1.000000e+00 1.000000e-01
5.572590e+03 0.000000e+00 1.000000e+00 1.000000e-01
5.572600e+03 0.000000e+00 1.000000e+00 1.000000e-01
5.572610e+03 0.000000e+00 1.000000e+00 1.000000e-01
5.572620e+03 0.000000e+00 1.000000e+00 1.000000e-01
5.572630e+03 0.000000e+00 1.000000e+00 1.000000e-01
5.572640e+03 0.000000e+00 1.000000e+00 1.000000e-01
5.572650e+03 0.000000e+00 1.000000e+00 1.000000e-01
5.572660e+03 0.000000e+00 1.000000e+00 1.000000e-01
5.572670e+03 0.000000e+00 1.000000e+00 1.000000e-01
5.572680e+03 0.000000e+00 1.000000e+00 1.000000e-01
5.572690e+03 0.000000e+00 1.000000e+00 1.000000e-01
5.572700e+03 0.000000e+00 1.000000e+00 1.000000e-01
5.572710e+03 0.000000e+00 1.000000e+00 1.000000e-01
5.572720e+03 0.000000e+00 1.000000e+00 1.000000e-01
5.572730e+03 0.000000e+00 1.000000e+00 1.000000e-01
5.572740e+03 0.000000e+00 1.000000e+00 1.000000e-01
5.572750e+03 0.000000e+00 1.000000e+00 1.000000e-01
5.572760e+03 0.000000e+00 1.000000e+00 1.000000e-01
5.572770e+03 0.000000e+00 1.000000e+00 1.000000e-01
5.572780e+03 0.000000e+00 1.000000e+00 1.000000e-01
5.572790e+03 0.000000e+00 1.000000e+00 1.000000e-01
5.572800e+03 0.000000e+00 1.000000e+00 1.000000e-01
5.572810e+03 0.000000e+00 1.000000e+00 1.000000e-01
5.572820e+03 0.000000e+00 1.000000e+00 1.000000e-01
5.572830e+03 0.000000e+00 1.000000e+00 1.000000e-01
5.572840e+03 0.000000e+00 1.000000e+00 1.000000e-01
5.572850e+03 0.000000e+00 1.000000e+00 1.000000e-01
5.572860e+03 0.000000e+00 1.000000e+00 1.000000e-01
5.572870e+03 0.000000e+00 1.000000e+00 1.000000e-01
5.572880e+03 0.000000e+00 1.000000e+00 1.000000e-01
5.572890e+03 0.000000e+00 1.000000e+00 1.000000e-01
5.572900e+03 0.000000e+00 1.000000e+00 1.000000e-01
5.572910e+03 0.000000e+00 1.000000e+00 1.000000e-01
5.572920e+03 0.000000e+00 1.000000e+00 1.000000e-01
5.572930e+03 0.000000e+00 1.000000e+00 1.000000e-01
5.572940e+03 0.000000e+00 1.000000e+00 1.000000e-01
5.572950e+03 0.000000e+00 1.000000e+00 1.000000e-01
5.572960e+03 0.000000e+00 1.000000e+00 1.000000e-01
5.572970e+03 0.000000e+00 1.000000e+00 1.000000e-01
5.572980e+03 0.000000e+00 1.000000e+00 1.000000e-01
5.572990e+03 0.000000e+00 1.000000e+00 1.000000e-01
5.573000e+03 0.000000e+00 1.000000e+00 1.000000e-01
5.573010e+03 0.000000e+00 1.000000e+00 1.000000e-01
5.573020e+03 0.000000e+00 1.000000e+00 1.000000e-01
5.573030e+03 0.000000e+00 1.000000e+00 1.000000e-01
5.573040e+03 0.000000e+00 1.000000e+00 1.000000e-01
5.573050e+03 0.000000e+00 1.000000e+00 1.000000e-01
5.573060e+03 0.000000e+00 1.000000e+00 1.000000e-01
5.573070e+03 0.000000e+00 1.000000e+00 1.000000e-01
5.573080e+03 0.000000e+00 1.000000e+00 1.000000e-01
5.573090e+03 0.000000e+00 1.000000e+00 1.000000e-01
5.573100e+03 0.000000e+00 1.000000e+00 1.000000e-01
5.573110e+03 0.000000e+00 1.000000e+00 1.000000e-01
5.573120e+03 0.000000e+00 1.000000e+00 1.000000e-01
5.573130e+03 0.000000e+00 1.000000e+00 1.000000e-01
5.573140e+03 0.000000e+00 1.000000e+00 1.000000e-01
5.573150e+03 0.000000e+00 1.000000e+00 1.000000e-01
5.573160e+03 0.000000e+00 1.000000e+00 1.000000e-01
5.573170e+03 0.000000e+00 1.000000e+00 1.000000e-01
5.573180e+03 0.000000e+00 1.000000e+00 1.000000e-01
5.573190e+03 0.000000e+00 1.000000e+00 1.000000e-01
5.573200e+03 0.000000e+00 1.000000e+00 1.000000e-01
5.573210e+03 0.000000e+00 1.000000e+00 1.000000e-01
5.573220e+03 0.000000e+00 1.000000e+00 1.000000e-01
5.573230e+03 0.000000e+00 1.000000e+00 1.000000e-01
5.573240e+03 0.000000e+00 1.000000e+00 1.000000e-01
5.573250e+03 0.000000e+00 1.000000e+00 1.000000e-01
5.573260e+03 0.000000e+00 1.000000e+00 1.000000e-01
5.573270e+03 0.000000e+00 1.000000e+00 1.000000e-01
5.573280e+03 0.000000e+00 1.000000e+00 1.000000e-01
5.573290e+03 0.000000e+00 1.000000e+00 1.000000e-01
5.573300e+03 0.000000e+00 1.000000e+00 1.000000e-01
5.573310e+03 0.000000e+00 1.000000e+00 1.000000e-01
5.573320e+03 0.000000e+00 1.000000e+00 1.000000e-01
5.573330e+03 0.000000e+00 1.000000e+00 1.000000e-01
5.573340e+03 0.000000e+00 1.000000e+00 1.000000e-01
5.573350e+03 0.000000e+00 1.000000e+00 1.000000e-01
5.573360e+03 0.000000e+00 1.000000e+00 1.000000e-01
5.573370e+03 0.000000e+00 1.000000e+00 1.000000e-01
5.573380e+03 0.000000e+00 1.000000e+00 1.000000e-01
5.573390e+03 0.000000e+00 1.000000e+00 1.000000e-01
5.573400e+03 0.000000e+00 1.000000e+00 1.000000e-01
5.573410e+03 0.000000e+00 1.000000e+00 1.000000e-01
5.573420e+03 0.000000e+00 1.000000e+00 1.000000e-01
5.573430e+03 0.000000e+00 1.000000e+00 1.000000e-01
5.573440e+03 0.000000e+00 1.000000e+00 1.000000e-01
5.573450e+03 0.000000e+00 1.000000e+00 1.000000e-01
5.573460e+03 0.000000e+00 1.000000e+00 1.000000e-01
5.573470e+03 0.000000e+00 1.000000e+00 1.000000e-01
5.573480e+03 0.000000e+00 1.000000e+00 1.000000e-01
5.573490e+03 0.000000e+00 1.000000e+00 1.000000e-01
5.573500e+03 0.000000e+00 1.000000e+00 1.000000e-01
5.573510e+03 0.000000e+00 1.000000e+00 1.000000e-01
5.573520e+03 0.000000e+00 1.000000e+00 1.000000e-01
5.573530e+03 0.000000e+00 1.000000e+00 1.000000e-01
5.573540e+03 0.000000e+00 1.000000e+00 1.000000e-01
5.573550e+03 0.000000e+00 1.000000e+00 1.000000e-01
5.573560e+03 0.000000e+00 1.000000e+00 1.000000e-01
5.573570e+03 0.000000e+00 1.000000e+00 1.000000e-01
5.573580e+03 0.000000e+00 1.000000e+00 1.000000e-01
5.573590e+03 0.000000e+00 1.000000e+00 1.000000e-01
5.573600e+03 0.000000e+00 1.000000e+00 1.000000e-01
5.573610e+03 0.000000e+00 1.000000e+00 1.000000e-01
5.573620e+03 0.000000e+00 1.000000e+00 1.000000e-01
5.573630e+03 0.000000e+00 1.000000e+00 1.000000e-01
5.573640e+03 0.000000e+00 1.000000e+00 1.000000e-01
5.573650e+03 0.000000e+00 1.000000e+00 1.000000e-01
5.573660e+03 0.000000e+00 1.000000e+00 1.000000e-01
5.573670e+03 0.000000e+00 1.000000e+00 1.000000e-01
5.573680e+03 0.000000e+00 1.000000e+00 1.000000e-01
5.573690e+03 0.000000e+00 1.000000e+00 1.000000e-01
5.573700e+03 0.000000e+00 1.000000e+00 1.000000e-01
5.573710e+03 0.000000e+00 1.000000e+00 1.000000e-01
5.573720e+03 0.000000e+00 1.000000e+00 1.000000e-01
5.573730e+03 0.000000e+00 1.000000e+00 1.000000e-01
5.573740e+03 0.000000e+00 1.000000e+00 1.000000e-01
5.573750e+03 0.000000e+00 1.000000e+00 1.000000e-01
5.573760e+03 0.000000e+00 1.000000e+00 1.000000e-01
5.573770e+03 0.000000e+00 1.000000e+00 1.000000e-01
5.573780e+03 0.000000e+00 1.000000e+00 1.000000e-01
5.573790e+03 0.000000e+00 1.000000e+00 1.000000e-01
5.573800e+03 0.000000e+00 1.000000e+00 1.000000e-01
5.573810e+03 0.000000e+00 1.000000e+00 1.000000e-01
5.573820e+03 0.000000e+00 1.000000e+00 1.000000e-01
5.573830e+03 0.000000e+00 1.000000e+00 1.000000e-01
5.573840e+03 0.000000e+00 1.000000e+00 1.000000e-01
5.573850e+03 0.000000e+00 1.000000e+00 1.000000e-01
5.573860e+03 0.000000e+00 1.000000e+00 1.000000e-01
5.573870e+03 0.000000e+00 1.000000e+00 1.000000e-01
5.573880e+03 0.000000e+00 1.000000e+00 1.000000e-01
5.573890e+03 0.000000e+00 1.000000e+00 1.000000e-01
5.573900e+03 0.000000e+00 1.000000e+00 1.000000e-01
5.573910e+03 0.000000e+00 1.000000e+00 1.000000e-01
5.573920e+03 0.000000e+00 1.000000e+00 1.000000e-01
5.573930e+03 0.000000e+00 1.000000e+00 1.000000e-01
5.573940e+03 0.000000e+00 1.000000e+00 1.000000e-01
5.573950e+03 0.000000e+00 1.000000e+00 1.000000e-01
5.573960e+03 0.000000e+00 1.000000e+00 1.000000e-01
5.573970e+03 0.000000e+00 1.000000e+00 1.000000e-01
5.573980e+03 0.000000e+00 1.000000e+00 1.000000e-01
5.573990e+03 0.000000e+00 1.000000e+00 1.000000e-01
5.574000e+03 0.000000e+00 1.000000e+00 1.000000e-01
5.574010e+03 0.000000e+00 1.000000e+00 1.000000e-01
5.574020e+03 0.000000e+00 1.000000e+00 1.000000e-01
5.574030e+03 0.000000e+00 1.000000e+00 1.000000e-01
5.574040e+03 0.000000e+00 1.000000e+00 1.000000e-01
5.574050e+03 0.000000e+00 1.000000e+00 1.000000e-01
5.574060e+03 0.000000e+00 1.000000e+00 1.000000e-01
5.574070e+03 0.000000e+00 1.000000e+00 1.000000e-01
5.574080e+03 0.000000e+00 1.000000e+00 1.000000e-01
5.574090e+03 0.000000e+00 1.000000e+00 1.000000e-01
5.574100e+03 0.000000e+00 1.000000e+00 1.000000e-01
5.574110e+03 0.000000e+00 1.000000e+00 1.000000e-01
5.574120e+03 0.000000e+00 1.000000e+00 1.000000e-01
5.574130e+03 0.000000e+00 1.000000e+00 1.000000e-01
5.574140e+03 0.000000e+00 1.000000e+00 1.000000e-01
5.574150e+03 0.000000e+00 1.000000e+00 1.000000e-01
5.574160e+03 0.000000e+00 1.000000e+00 1.000000e-01
5.574170e+03 0.000000e+00 1.000000e+00 1.000000e-01
5.574180e+03 0.000000e+00 1.000000e+00 1.000000e-01
5.574190e+03 0.000000e+00 1.000000e+00 1.000000e-01
5.574200e+03 0.000000e+00 1.000000e+00 1.000000e-01
5.574210e+03 0.000000e+00 1.000000e+00 1.000000e-01
5.574220e+03 0.000000e+00 1.000000e+00 1.000000e-01
5.574230e+03 0.000000e+00 1.000000e+00 1.000000e-01
5.574240e+03 0.000000e+00 1.000000e+00 1.000000e-01
5.574250e+03 0.000000e+00 1.000000e+00 1.000000e-01
5.574260e+03 0.000000e+00 1.000000e+00 1.000000e-01
5.574270e+03 0.000000e+00 1.000000e+00 1.000000e-01
5.574280e+03 0.000000e+00 1.000000e+00 1.000000e-01
5.574290e+03 0.000000e+00 1.000000e+00 1.000000e-01
5.574300e+03 0.000000e+00 1.000000e+00 1.000000e-01
5.574310e+03 0.000000e+00 1.000000e+00 1.000000e-01
5.574320e+03 0.000000e+00 1.000000e+00 1.000000e-01
5.574330e+03 0.000000e+00 1.000000e+00 1.000000e-01
5.574340e+03 0.000000e+00 1.000000e+00 1.000000e-01
5.574350e+03 0.000000e+00 1.000000e+00 1.000000e-01
5.574360e+03 0.000000e+00 1.000000e+00 1.000000e-01
5.574370e+03 0.000000e+00 1.000000e+00 1.000000e-01
5.574380e+03 0.000000e+00 1.000000e+00 1.000000e-01
5.574390e+03 0.000000e+00 1.000000e+00 1.000000e-01
5.574400e+03 0.000000e+00 1.000000e+00 1.000000e-01
5.574410e+03 0.000000e+00 1.000000e+00 1.000000e-01
5.574420e+03 0.000000e+00 1.000000e+00 1.000000e-01
5.574430e+03 0.000000e+00 1.000000e+00 1.000000e-01
5.574440e+03 0.000000e+00 1.000000e+00 1.000000e-01
5.574450e+03 0.000000e+00 1.000000e+00 1.000000e-01
5.574460e+03 0.000000e+00 1.000000e+00 1.000000e-01
5.574470e+03 0.000000e+00 1.000000e+00 1.000000e-01
5.574480e+03 0.000000e+00 1.000000e+00 1.000000e-01
5.574490e+03 0.000000e+00 1.000000e+00 1.000000e-01
5.574500e+03 0.000000e+00 1.000000e+00 1.000000e-01
5.574510e+03 0.000000e+00 1.000000e+00 1.000000e-01
5.574520e+03 0.000000e+00 1.000000e+00 1.000000e-01
5.574530e+03 0.000000e+00 1.000000e+00 1.000000e-01
5.574540e+03 0.000000e+00 1.000000e+00 1.000000e-01
5.574550e+03 0.000000e+00 1.000000e+00 1.000000e-01
5.574560e+03 0.000000e+00 1.000000e+00 1.000000e-01
5.574570e+03 0.000000e+00 1.000000e+00 1.000000e-01
5.574580e+03 0.000000e+00 1.000000e+00 1.000000e-01
5.574590e+03 0.000000e+00 1.000000e+00 1.000000e-01
5.574600e+03 0.000000e+00 1.000000e+00 1.000000e-01
5.574610e+03 0.000000e+00 1.000000e+00 1.000000e-01
5.574620e+03 0.000000e+00 1.000000e+00 1.000000e-01
5.574630e+03 0.000000e+00 1.000000e+00 1.000000e-01
5.574640e+03 0.000000e+00 1.000000e+00 1.000000e-01
5.574650e+03 0.000000e+00 1.000000e+00 1.000000e-01
5.574660e+03 0.000000e+00 1.000000e+00 1.000000e-01
5.574670e+03 0.000000e+00 1.000000e+00 1.000000e-01
5.574680e+03 0.000000e+00 1.000000e+00 1.000000e-01
5.574690e+03 0.000000e+00 1.000000e+00 1.000000e-01
5.574700e+03 0.000000e+00 1.000000e+00 1.000000e-01
5.574710e+03 0.000000e+00 1.000000e+00 1.000000e-01
5.574720e+03 0.000000e+00 1.000000e+00 1.000000e-01
5.574730e+03 0.000000e+00 1.000000e+00 1.000000e-01
5.574740e+03 0.000000e+00 1.000000e+00 1.000000e-01
5.574750e+03 0.000000e+00 1.000000e+00 1.000000e-01
5.574760e+03 0.000000e+00 1.000000e+00 1.000000e-01
5.574770e+03 0.000000e+00 1.000000e+00 1.000000e-01
5.574780e+03 0.000000e+00 1.000000e+00 1.000000e-01
5.574790e+03 0.000000e+00 1.000000e+00 1.000000e-01
5.574800e+03 0.000000e+00 1.000000e+00 1.000000e-01
5.574810e+03 0.000000e+00 1.000000e+00 1.000000e-01
5.574820e+03 0.000000e+00 1.000000e+00 1.000000e-01
5.574830e+03 0.000000e+00 1.000000e+00 1.000000e-01
5.574840e+03 0.000000e+00 1.000000e+00 1.000000e-01
5.574850e+03 0.000000e+00 1.000000e+00 1.000000e-01
5.574860e+03 0.000000e+00 1.000000e+00 1.000000e-01
5.574870e+03 0.000000e+00 1.000000e+00 1.000000e-01
5.574880e+03 0.000000e+00 1.000000e+00 1.000000e-01
5.574890e+03 0.000000e+00 1.000000e+00 1.000000e-01
5.574900e+03 0.000000e+00 1.000000e+00 1.000000e-01
5.574910e+03 0.000000e+00 1.000000e+00 1.000000e-01
5.574920e+03 0.000000e+00 1.000000e+00 1.000000e-01
5.574930e+03 0.000000e+00 1.000000e+00 1.000000e-01
5.574940e+03 0.000000e+00 1.000000e+00 1.000000e-01
5.574950e+03 0.000000e+00 1.000000e+00 1.000000e-01
5.574960e+03 0.000000e+00 1.000000e+00 1.000000e-01
5.574970e+03 0.000000e+00 1.000000e+00 1.000000e-01
5.574980e+03 0.000000e+00 1.000000e+00 1.000000e-01
5.574990e+03 0.000000e+00 1.000000e+00 1.000000e-01
5.575000e+03 0.000000e+00 1.000000e+00 1.000000e-01
5.575010e+03 0.000000e+00 1.000000e+00 1.000000e-01
5.575020e+03 0.000000e+00 1.000000e+00 1.000000e-01
5.575030e+03 0.000000e+00 1.000000e+00 1.000000e-01
5.575040e+03 0.000000e+00 1.000000e+00 1.000000e-01
5.575050e+03 0.000000e+00 1.000000e+00 1.000000e-01
5.575060e+03 0.000000e+00 1.000000e+00 1.000000e-01
5.575070e+03 0.000000e+00 1.000000e+00 1.000000e-01
5.575080e+03 0.000000e+00 1.000000e+00 1.000000e-01
5.575090e+03 0.000000e+00 1.000000e+00 1.000000e-01
5.575100e+03 0.000000e+00 1.000000e+00 1.000000e-01
5.575110e+03 0.000000e+00 1.000000e+00 1.000000e-01
5.575120e+03 0.000000e+00 1.000000e+00 1.000000e-01
5.575130e+03 0.000000e+00 1.000000e+00 1.000000e-01
5.575140e+03 0.000000e+00 1.000000e+00 1.000000e-01
5.575150e+03 0.000000e+00 1.000000e+00 1.000000e-01
5.575160e+03 0.000000e+00 1.000000e+00 1.000000e-01
5.575170e+03 0.000000e+00 1.000000e+00 1.000000e-01
5.575180e+03 0.000000e+00 1.000000e+00 1.000000e-01
5.575190e+03 0.000000e+00 1.000000e+00 1.000000e-01
5.575200e+03 0.000000e+00 1.000000e+00 1.000000e-01
5.575210e+03 0.000000e+00 1.000000e+00 1.000000e-01
5.575220e+03 0.000000e+00 1.000000e+00 1.000000e-01
5.575230e+03 0.000000e+00 1.000000e+00 1.000000e-01
5.575240e+03 0.000000e+00 1.000000e+00 1.000000e-01
5.575250e+03 0.000000e+00 1.000000e+00 1.000000e-01
5.575260e+03 0.000000e+00 1.000000e+00 1.000000e-01
5.575270e+03 0.000000e+00 1.000000e+00 1.000000e-01
5.575280e+03 0.000000e+00 1.000000e+00 1.000000e-01
5.575290e+03 0.000000e+00 1.000000e+00 1.000000e-01
5.575300e+03 0.000000e+00 1.000000e+00 1.000000e-01
5.575310e+03 0.000000e+00 1.000000e+00 1.000000e-01
5.575320e+03 0.000000e+00 1.000000e+00 1.000000e-01
5.575330e+03 0.000000e+00 1.000000e+00 1.000000e-01
5.575340e+03 0.000000e+00 1.000000e+00 1.000000e-01
5.575350e+03 0.000000e+00 1.000000e+00 1.000000e-01
5.575360e+03 0.000000e+00 1.000000e+00 1.000000e-01
5.575370e+03 0.000000e+00 1.000000e+00 1.000000e-01
5.575380e+03 0.000000e+00 1.000000e+00 1.000000e-01
5.575390e+03 0.000000e+00 1.000000e+00 1.000000e-01
5.575400e+03 0.000000e+00 1.000000e+00 1.000000e-01
5.575410e+03 0.000000e+00 1.000000e+00 1.000000e-01
5.575420e+03 0.000000e+00 1.000000e+00 1.000000e-01
5.575430e+03 0.000000e+00 1.000000e+00 1.000000e-01
5.575440e+03 0.000000e+00 1.000000e+00 1.000000e-01
5.575450e+03 0.000000e+00 1.000000e+00 1.000000e-01
5.575460e+03 0.000000e+00 1.000000e+00 1.000000e-01
5.575470e+03 0.000000e+00 1.000000e+00 1.000000e-01
5.575480e+03 0.000000e+00 1.000000e+00 1.000000e-01
5.575490e+03 0.000000e+00 1.000000e+00 1.000000e-01
5.575500e+03 0.000000e+00 1.000000e+00 1.000000e-01
5.575510e+03 0.000000e+00 1.000000e+00 1.000000e-01
5.575520e+03 0.000000e+00 1.000000e+00 1.000000e-01
5.575530e+03 0.000000e+00 1.000000e+00 1.000000e-01
5.575540e+03 0.000000e+00 1.000000e+00 1.000000e-01
5.575550e+03 0.000000e+00 1.000000e+00 1.000000e-01
5.575560e+03 0.000000e+00 1.000000e+00 1.000000e-01
5.575570e+03 0.000000e+00 1.000000e+00 1.000000e-01
5.575580e+03 0.000000e+00 1.000000e+00 1.000000e-01
5.575590e+03 0.000000e+00 1.000000e+00 1.000000e-01
5.575600e+03 0.000000e+00 1.000000e+00 1.000000e-01
5.575610e+03 0.000000e+00 1.000000e+00 1.000000e-01
5.575620e+03 0.000000e+00 1.000000e+00 1.000000e-01
5.575630e+03 0.000000e+00 1.000000e+00 1.000000e-01
5.575640e+03 0.000000e+00 1.000000e+00 1.000000e-01
5.575650e+03 0.000000e+00 1.000000e+00 1.000000e-01
5.575660e+03 0.000000e+00 1.000000e+00 1.000000e-01
5.575670e+03 0.000000e+00 1.000000e+00 1.000000e-01
5.575680e+03 0.000000e+00 1.000000e+00 1.000000e-01
5.575690e+03 0.000000e+00 1.000000e+00 1.000000e-01
5.575700e+03 0.000000e+00 1.000000e+00 1.000000e-01
5.575710e+03 0.000000e+00 1.000000e+00 1.000000e-01
5.575720e+03 0.000000e+00 1.000000e+00 1.000000e-01
5.575730e+03 0.000000e+00 1.000000e+00 1.000000e-01
5.575740e+03 0.000000e+00 1.000000e+00 1.000000e-01
5.575750e+03 0.000000e+00 1.000000e+00 1.000000e-01
5.575760e+03 0.000000e+00 1.000000e+00 1.000000e-01
5.575770e+03 0.000000e+00 1.000000e+00 1.000000e-01
5.575780e+03 0.000000e+00 1.000000e+00 1.000000e-01
5.575790e+03 0.000000e+00 1.000000e+00 1.000000e-01
5.575800e+03 0.000000e+00 1.000000e+00 1.000000e-01
5.575810e+03 0.000000e+00 1.000000e+00 1.000000e-01
5.575820e+03 0.000000e+00 1.000000e+00 1.000000e-01
5.575830e+03 0.000000e+00 1.000000e+00 1.000000e-01
5.575840e+03 0.000000e+00 1.000000e+00 1.000000e-01
5.575850e+03 0.000000e+00 1.000000e+00 1.000000e-01
5.575860e+03 0.000000e+00 1.000000e+00 1.000000e-01
5.575870e+03 0.000000e+00 1.000000e+00 1.000000e-01
5.575880e+03 0.000000e+00 1.000000e+00 1.000000e-01
5.575890e+03 0.000000e+00 1.000000e+00 1.000000e-01
5.575900e+03 0.000000e+00 1.000000e+00 1.000000e-01
5.575910e+03 0.000000e+00 1.000000e+00 1.000000e-01
5.575920e+03 0.000000e+00 1.000000e+00 1.000000e-01
5.575930e+03 0.000000e+00 1.000000e+00 1.000000e-01
5.575940e+03 0.000000e+00 1.000000e+00 1.000000e-01
5.575950e+03 0.000000e+00 1.000000e+00 1.000000e-01
5.575960e+03 0.000000e+00 1.000000e+00 1.000000e-01
5.575970e+03 0.000000e+00 1.000000e+00 1.000000e-01
5.575980e+03 0.000000e+00 1.000000e+00 1.000000e-01
5.575990e+03 0.000000e+00 1.000000e+00 1.000000e-01
5.576000e+03 0.000000e+00 1.000000e+00 1.000000e-01
5.576010e+03 0.000000e+00 1.000000e+00 1.000000e-01
5.576020e+03 0.000000e+00 1.000000e+00 1.000000e-01
5.576030e+03 0.000000e+00 1.000000e+00 1.000000e-01
5.576040e+03 0.000000e+00 1.000000e+00 1.000000e-01
5.576050e+03 0.000000e+00 1.000000e+00 1.000000e-01
5.576060e+03 0.000000e+00 1.000000e+00 1.000000e-01
5.576070e+03 0.000000e+00 1.000000e+00 1.000000e-01
5.576080e+03 0.000000e+00 1.000000e+00 1.000000e-01
5.576090e+03 0.000000e+00 1.000000e+00 1.000000e-01
5.576100e+03 0.000000e+00 1.000000e+00 1.000000e-01
5.576110e+03 0.000000e+00 1.000000e+00 1.000000e-01
5.576120e+03 0.000000e+00 1.000000e+00 1.000000e-01
5.576130e+03 0.000000e+00 1.000000e+00 1.000000e-01
5.576140e+03 0.000000e+00 1.000000e+00 1.000000e-01
5.576150e+03 0.000000e+00 1.000000e+00 1.000000e-01
5.576160e+03 0.000000e+00 1.000000e+00 1.000000e-01
5.576170e+03 0.000000e+00 1.000000e+00 1.000000e-01
5.576180e+03 0.000000e+00 1.000000e+00 1.000000e-01
5.576190e+03 0.000000e+00 1.000000e+00 1.000000e-01
5.576200e+03 0.000000e+00 1.000000e+00 1.000000e-01
5.576210e+03 0.000000e+00 1.000000e+00 1.000000e-01
5.576220e+03 0.000000e+00 1.000000e+00 1.000000e-01
5.576230e+03 0.000000e+00 1.000000e+00 1.000000e-01
5.576240e+03 0.000000e+00 1.000000e+00 1.000000e-01
5.576250e+03 0.000000e+00 1.000000e+00 1.000000e-01
5.576260e+03 0.000000e+00 1.000000e+00 1.000000e-01
5.576270e+03 0.000000e+00 1.000000e+00 1.000000e-01
5.576280e+03 0.000000e+00 1.000000e+00 1.000000e-01
5.576290e+03 0.000000e+00 1.000000e+00 1.000000e-01
5.576300e+03 0.000000e+00 1.000000e+00 1.000000e-01
5.576310e+03 0.000000e+00 1.000000e+00 1.000000e-01
5.576320e+03 0.000000e+00 1.000000e+00 1.000000e-01
5.576330e+03 0.000000e+00 1.000000e+00 1.000000e-01
5.576340e+03 0.000000e+00 1.000000e+00 1.000000e-01
5.576350e+03 0.000000e+00 1.000000e+00 1.000000e-01
5.576360e+03 0.000000e+00 1.000000e+00 1.000000e-01
5.576370e+03 0.000000e+00 1.000000e+00 1.000000e-01
5.576380e+03 0.000000e+00 1.000000e+00 1.000000e-01
5.576390e+03 0.000000e+00 1.000000e+00 1.000000e-01
5.576400e+03 0.000000e+00 1.000000e+00 1.000000e-01
5.576410e+03 0.000000e+00 1.000000e+00 1.000000e-01
5.576420e+03 0.000000e+00 1.000000e+00 1.000000e-01
5.576430e+03 0.000000e+00 1.000000e+00 1.000000e-01
5.576440e+03 0.000000e+00 1.000000e+00 1.000000e-01
5.576450e+03 0.000000e+00 1.000000e+00 1.000000e-01
5.576460e+03 0.000000e+00 1.000000e+00 1.000000e-01
5.576470e+03 0.000000e+00 1.000000e+00 1.000000e-01
5.576480e+03 0.000000e+00 1.000000e+00 1.000000e-01
5.576490e+03 0.000000e+00 1.000000e+00 1.000000e-01
5.576500e+03 0.000000e+00 1.000000e+00 1.000000e-01
5.576510e+03 0.000000e+00 1.000000e+00 1.000000e-01
5.576520e+03 0.000000e+00 1.000000e+00 1.000000e-01
5.576530e+03 0.000000e+00 1.000000e+00 1.000000e-01
5.576540e+03 0.000000e+00 1.000000e+00 1.000000e-01
5.576550e+03 0.000000e+00 1.000000e+00 1.000000e-01
5.576560e+03 0.000000e+00 1.000000e+00 1.000000e-01
5.576570e+03 0.000000e+00 1.000000e+00 1.000000e-01
5.576580e+03 0.000000e+00 1.000000e+00 1.000000e-01
5.576590e+03 0.000000e+00 1.000000e+00 1.000000e-01
5.576600e+03 0.000000e+00 1.000000e+00 1.000000e-01
5.576610e+03 0.000000e+00 1.000000e+00 1.000000e-01
5.576620e+03 0.000000e+00 1.000000e+00 1.000000e-01
5.576630e+03 0.000000e+00 1.000000e+00 1.000000e-01
5.576640e+03 0.000000e+00 1.000000e+00 1.000000e-01
5.576650e+03 0.000000e+00 1.000000e+00 1.000000e-01
5.576660e+03 0.000000e+00 1.000000e+00 1.000000e-01
5.576670e+03 0.000000e+00 1.000000e+00 1.000000e-01
5.576680e+03 0.000000e+00 1.000000e+00 1.000000e-01
5.576690e+03 0.000000e+00 1.000000e+00 1.000000e-01
5.576700e+03 0.000000e+00 1.000000e+00 1.000000e-01
5.576710e+03 0.000000e+00 1.000000e+00 1.000000e-01
5.576720e+03 0.000000e+00 1.000000e+00 1.000000e-01
5.576730e+03 0.000000e+00 1.000000e+00 1.000000e-01
5.576740e+03 0.000000e+00 1.000000e+00 1.000000e-01
5.576750e+03 0.000000e+00 1.000000e+00 1.000000e-01
5.576760e+03 0.000000e+00 1.000000e+00 1.000000e-01
5.576770e+03 0.000000e+00 1.000000e+00 1.000000e-01
5.576780e+03 0.000000e+00 1.000000e+00 1.000000e-01
5.576790e+03 0.000000e+00 1.000000e+00 1.000000e-01
5.576800e+03 0.000000e+00 1.000000e+00 1.000000e-01
5.576810e+03 0.000000e+00 1.000000e+00 1.000000e-01
5.576820e+03 0.000000e+00 1.000000e+00 1.000000e-01
5.576830e+03 0.000000e+00 1.000000e+00 1.000000e-01
5.576840e+03 0.000000e+00 1.000000e+00 1.000000e-01
5.576850e+03 0.000000e+00 1.000000e+00 1.000000e-01
5.576860e+03 0.000000e+00 1.000000e+00 1.000000e-01
5.576870e+03 0.000000e+00 1.000000e+00 1.000000e-01
5.576880e+03 0.000000e+00 1.000000e+00 1.000000e-01
5.576890e+03 0.000000e+00 1.000000e+00 1.000000e-01
5.576900e+03 0.000000e+00 1.000000e+00 1.000000e-01
5.576910e+03 0.000000e+00 1.000000e+00 1.000000e-01
5.576920e+03 0.000000e+00 1.000000e+00 1.000000e-01
5.576930e+03 0.000000e+00 1.000000e+00 1.000000e-01
5.576940e+03 0.000000e+00 1.000000e+00 1.000000e-01
5.576950e+03 0.000000e+00 1.000000e+00 1.000000e-01
5.576960e+03 0.000000e+00 1.000000e+00 1.000000e-01
5.576970e+03 0.000000e+00 1.000000e+00 1.000000e-01
5.576980e+03 0.000000e+00 1.000000e+00 1.000000e-01
5.576990e+03 0.000000e+00 1.000000e+00 1.000000e-01
5.577000e+03 0.000000e+00 1.000000e+00 1.000000e-01
5.577010e+03 0.000000e+00 1.000000e+00 1.000000e-01
5.577020e+03 0.000000e+00 1.000000e+00 1.000000e-01
5.577030e+03 0.000000e+00 1.000000e+00 1.000000e-01
5.577040e+03 0.000000e+00 1.000000e+00 1.000000e-01
5.577050e+03 0.000000e+00 1.000000e+00 1.000000e-01
5.577060e+03 0.000000e+00 1.000000e+00 1.000000e-01
5.577070e+03 0.000000e+00 1.000000e+00 1.000000e-01
5.577080e+03 0.000000e+00 1.000000e+00 1.000000e-01
5.577090e+03 0.000000e+00 1.000000e+00 1.000000e-01
5.577100e+03 0.000000e+00 1.000000e+00 1.000000e-01
5.577110e+03 0.000000e+00 1.000000e+00 1.000000e-01
5.577120e+03 0.000000e+00 1.000000e+00 1.000000e-01
5.577130e+03 0.000000e+00 1.000000e+00 1.000000e-01
5.577140e+03 0.000000e+00 1.000000e+00 1.000000e-01
5.577150e+03 0.000000e+00 1.000000e+00 1.000000e-01
5.577160e+03 0.000000e+00 1.000000e+00 1.000000e-01
5.577170e+03 0.000000e+00 1.000000e+00 1.000000e-01
5.577180e+03 0.000000e+00 1.000000e+00 1.000000e-01
5.577190e+03 0.000000e+00 1.000000e+00 1.000000e-01
5.577200e+03 0.000000e+00 1.000000e+00 1.000000e-01
5.577210e+03 0.000000e+00 1.000000e+00 1.000000e-01
5.577220e+03 0.000000e+00 1.000000e+00 1.000000e-01
5.577230e+03 0.000000e+00 1.000000e+00 1.000000e-01
5.577240e+03 0.000000e+00 1.000000e+00 1.000000e-01
5.577250e+03 0.000000e+00 1.000000e+00 1.000000e-01
5.577260e+03 0.000000e+00 1.000000e+00 1.000000e-01
5.577270e+03 0.000000e+00 1.000000e+00 1.000000e-01
5.577280e+03 0.000000e+00 1.000000e+00 1.000000e-01
5.577290e+03 0.000000e+00 1.000000e+00 1.000000e-01
5.577300e+03 0.000000e+00 1.000000e+00 1.000000e-01
5.577310e+03 0.000000e+00 1.000000e+00 1.000000e-01
5.577320e+03 0.000000e+00 1.000000e+00 1.000000e-01
5.577330e+03 0.000000e+00 1.000000e+00 1.000000e-01
5.577340e+03 0.000000e+00 1.000000e+00 1.000000e-01
5.577350e+03 0.000000e+00 1.000000e+00 1.000000e-01
5.577360e+03 0.000000e+00 1.000000e+00 1.000000e-01
5.577370e+03 0.000000e+00 1.000000e+00 1.000000e-01
5.577380e+03 0.000000e+00 1.000000e+00 1.000000e-01
5.577390e+03 0.000000e+00 1.000000e+00 1.000000e-01
5.577400e+03 0.000000e+00 1.000000e+00 1.000000e-01
5.577410e+03 0.000000e+00 1.000000e+00 1.000000e-01
5.577420e+03 0.000000e+00 1.000000e+00 1.000000e-01
5.577430e+03 0.000000e+00 1.000000e+00 1.000000e-01
5.577440e+03 0.000000e+00 1.000000e+00 1.000000e-01
5.577450e+03 0.000000e+00 1.000000e+00 1.000000e-01
5.577460e+03 0.000000e+00 1.000000e+00 1.000000e-01
5.577470e+03 0.000000e+00 1.000000e+00 1.000000e-01
5.577480e+03 0.000000e+00 1.000000e+00 1.000000e-01
5.577490e+03 0.000000e+00 1.000000e+00 1.000000e-01
5.577500e+03 0.000000e+00 1.000000e+00 1.000000e-01
5.577510e+03 0.000000e+00 1.000000e+00 1.000000e-01
5.577520e+03 0.000000e+00 1.000000e+00 1.000000e-01
5.577530e+03 0.000000e+00 1.000000e+00 1.000000e-01
5.577540e+03 0.000000e+00 1.000000e+00 1.000000e-01
5.577550e+03 0.000000e+00 1.000000e+00 1.000000e-01
5.577560e+03 0.000000e+00 1.000000e+00 1.000000e-01
5.577570e+03 0.000000e+00 1.000000e+00 1.000000e-01
5.577580e+03 0.000000e+00 1.000000e+00 1.000000e-01
5.577590e+03 0.000000e+00 1.000000e+00 1.000000e-01
5.577600e+03 0.000000e+00 1.000000e+00 1.000000e-01
5.577610e+03 0.000000e+00 1.000000e+00 1.000000e-01
5.577620e+03 0.000000e+00 1.000000e+00 1.000000e-01
5.577630e+03 0.000000e+00 1.000000e+00 1.000000e-01
5.577640e+03 0.000000e+00 1.000000e+00 1.000000e-01
5.577650e+03 0.000000e+00 1.000000e+00 1.000000e-01
5.577660e+03 0.000000e+00 1.000000e+00 1.000000e-01
5.577670e+03 0.000000e+00 1.000000e+00 1.000000e-01
5.577680e+03 0.000000e+00 1.000000e+00 1.000000e-01
5.577690e+03 0.000000e+00 1.000000e+00 1.000000e-01
5.577700e+03 0.000000e+00 1.000000e+00 1.000000e-01
5.577710e+03 0.000000e+00 1.000000e+00 1.000000e-01
5.577720e+03 0.000000e+00 1.000000e+00 1.000000e-01
5.577730e+03 0.000000e+00 1.000000e+00 1.000000e-01
5.577740e+03 0.000000e+00 1.000000e+00 1.000000e-01
5.577750e+03 0.000000e+00 1.000000e+00 1.000000e-01
5.577760e+03 0.000000e+00 1.000000e+00 1.000000e-01
5.577770e+03 0.000000e+00 1.000000e+00 1.000000e-01
5.577780e+03 0.000000e+00 1.000000e+00 1.000000e-01
5.577790e+03 0.000000e+00 1.000000e+00 1.000000e-01
5.577800e+03 0.000000e+00 1.000000e+00 1.000000e-01
5.577810e+03 0.000000e+00 1.000000e+00 1.000000e-01
5.577820e+03 0.000000e+00 1.000000e+00 1.000000e-01
5.577830e+03 0.000000e+00 1.000000e+00 1.000000e-01
5.577840e+03 0.000000e+00 1.000000e+00 1.000000e-01
5.577850e+03 0.000000e+00 1.000000e+00 1.000000e-01
5.577860e+03 0.000000e+00 1.000000e+00 1.000000e-01
5.577870e+03 0.000000e+00 1.000000e+00 1.000000e-01
5.577880e+03 0.000000e+00 1.000000e+00 1.000000e-01
5.577890e+03 0.000000e+00 1.000000e+00 1.000000e-01
5.577900e+03 0.000000e+00 1.000000e+00 1.000000e-01
5.577910e+03 0.000000e+00 1.000000e+00 1.000000e-01
5.577920e+03 0.000000e+00 1.000000e+00 1.000000e-01
5.577930e+03 0.000000e+00 1.000000e+00 1.000000e-01
5.577940e+03 0.000000e+00 1.000000e+00 1.000000e-01
5.577950e+03 0.000000e+00 1.000000e+00 1.000000e-01
5.577960e+03 0.000000e+00 1.000000e+00 1.000000e-01
5.577970e+03 0.000000e+00 1.000000e+00 1.000000e-01
5.577980e+03 0.000000e+00 1.000000e+00 1.000000e-01
5.577990e+03 0.000000e+00 1.000000e+00 1.000000e-01
5.578000e+03 0.000000e+00 1.000000e+00 1.000000e-01
5.578010e+03 0.000000e+00 1.000000e+00 1.000000e-01
5.578020e+03 0.000000e+00 1.000000e+00 1.000000e-01
5.578030e+03 0.000000e+00 1.000000e+00 1.000000e-01
5.578040e+03 0.000000e+00 1.000000e+00 1.000000e-01
5.578050e+03 0.000000e+00 1.000000e+00 1.000000e-01
5.578060e+03 0.000000e+00 1.000000e+00 1.000000e-01
5.578070e+03 0.000000e+00 1.000000e+00 1.000000e-01
5.578080e+03 0.000000e+00 1.000000e+00 1.000000e-01
5.578090e+03 0.000000e+00 1.000000e+00 1.000000e-01
5.578100e+03 0.000000e+00 1.000000e+00 1.000000e-01
5.578110e+03 0.000000e+00 1.000000e+00 1.000000e-01
5.578120e+03 0.000000e+00 1.000000e+00 1.000000e-01
5.578130e+03 0.000000e+00 1.000000e+00 1.000000e-01
5.578140e+03 0.000000e+00 1.000000e+00 1.000000e-01
5.578150e+03 0.000000e+00 1.000000e+00 1.000000e-01
5.578160e+03 0.000000e+00 1.000000e+00 1.000000e-01
5.578170e+03 0.000000e+00 1.000000e+00 1.000000e-01
5.578180e+03 0.000000e+00 1.000000e+00 1.000000e-01
5.578190e+03 0.000000e+00 1.000000e+00 1.000000e-01
5.578200e+03 0.000000e+00 1.000000e+00 1.000000e-01
5.578210e+03 0.000000e+00 1.000000e+00 1.000000e-01
5.578220e+03 0.000000e+00 1.000000e+00 1.000000e-01
5.578230e+03 0.000000e+00 1.000000e+00 1.000000e-01
5.578240e+03 0.000000e+00 1.000000e+00 1.000000e-01
5.578250e+03 0.000000e+00 1.000000e+00 1.000000e-01
5.578260e+03 0.000000e+00 1.000000e+00 1.000000e-01
5.578270e+03 0.000000e+00 1.000000e+00 1.000000e-01
5.578280e+03 0.000000e+00 1.000000e+00 1.000000e-01
5.578290e+03 0.000000e+00 1.000000e+00 1.000000e-01
5.578300e+03 0.000000e+00 1.000000e+00 1.000000e-01
5.578310e+03 0.000000e+00 1.000000e+00 1.000000e-01
5.578320e+03 0.000000e+00 1.000000e+00 1.000000e-01
5.578330e+03 0.000000e+00 1.000000e+00 1.000000e-01
5.578340e+03 0.000000e+00 1.000000e+00 1.000000e-01
5.578350e+03 0.000000e+00 1.000000e+00 1.000000e-01
5.578360e+03 0.000000e+00 1.000000e+00 1.000000e-01
5.578370e+03 0.000000e+00 1.000000e+00 1.000000e-01
5.578380e+03 0.000000e+00 1.000000e+00 1.000000e-01
5.578390e+03 0.000000e+00 1.000000e+00 1.000000e-01
5.578400e+03 0.000000e+00 1.000000e+00 1.000000e-01
5.578410e+03 0.000000e+00 1.000000e+00 1.000000e-01
5.578420e+03 0.000000e+00 1.000000e+00 1.000000e-01
5.578430e+03 0.000000e+00 1.000000e+00 1.000000e-01
5.578440e+03 0.000000e+00 1.000000e+00 1.000000e-01
5.578450e+03 0.000000e+00 1.000000e+00 1.000000e-01
5.578460e+03 0.000000e+00 1.000000e+00 1.000000e-01
5.578470e+03 0.000000e+00 1.000000e+00 1.000000e-01
5.578480e+03 0.000000e+00 1.000000e+00 1.000000e-01
5.578490e+03 0.000000e+00 1.000000e+00 1.000000e-01
5.578500e+03 0.000000e+00 1.000000e+00 1.000000e-01
5.578510e+03 0.000000e+00 1.000000e+00 1.000000e-01
5.578520e+03 0.000000e+00 1.000000e+00 1.000000e-01
5.578530e+03 0.000000e+00 1.000000e+00 1.000000e-01
5.578540e+03 0.000000e+00 1.000000e+00 1.000000e-01
5.578550e+03 0.000000e+00 1.000000e+00 1.000000e-01
5.578560e+03 0.000000e+00 1.000000e+00 1.000000e-01
5.578570e+03 0.000000e+00 1.000000e+00 1.000000e-01
5.578580e+03 0.000000e+00 1.000000e+00 1.000000e-01
5.578590e+03 0.000000e+00 1.000000e+00 1.000000e-01
5.578600e+03 0.000000e+00 1.000000e+00 1.000000e-01
5.578610e+03 0.000000e+00 1.000000e+00 1.000000e-01
5.578620e+03 0.000000e+00 1.000000e+00 1.000000e-01
5.578630e+03 0.000000e+00 1.000000e+00 1.000000e-01
5.578640e+03 0.000000e+00 1.000000e+00 1.000000e-01
5.578650e+03 0.000000e+00 1.000000e+00 1.000000e-01
5.578660e+03 0.000000e+00 1.000000e+00 1.000000e-01
5.578670e+03 0.000000e+00 1.000000e+00 1.000000e-01
5.578680e+03 0.000000e+00 1.000000e+00 1.000000e-01
5.578690e+03 0.000000e+00 1.000000e+00 1.000000e-01
5.578700e+03 0.000000e+00 1.000000e+00 1.000000e-01
5.578710e+03 0.000000e+00 1.000000e+00 1.000000e-01
5.578720e+03 0.000000e+00 1.000000e+00 1.000000e-01
5.578730e+03 0.000000e+00 1.000000e+00 1.000000e-01
5.578740e+03 0.000000e+00 1.000000e+00 1.000000e-01
5.578750e+03 0.000000e+00 1.000000e+00 1.000000e-01
5.578760e+03 0.000000e+00 1.000000e+00 1.000000e-01
5.578770e+03 0.000000e+00 1.000000e+00 1.000000e-01
5.578780e+03 0.000000e+00 1.000000e+00 1.000000e-01
5.578790e+03 0.000000e+00 1.000000e+00 1.000000e-01
5.578800e+03 0.000000e+00 1.000000e+00 1.000000e-01
5.578810e+03 0.000000e+00 1.000000e+00 1.000000e-01
5.578820e+03 0.000000e+00 1.000000e+00 1.000000e-01
5.578830e+03 0.000000e+00 1.000000e+00 1.000000e-01
5.578840e+03 0.000000e+00 1.000000e+00 1.000000e-01
5.578850e+03 0.000000e+00 1.000000e+00 1.000000e-01
5.578860e+03 0.000000e+00 1.000000e+00 1.000000e-01
5.578870e+03 0.000000e+00 1.000000e+00 1.000000e-01
5.578880e+03 0.000000e+00 1.000000e+00 1.000000e-01
5.578890e+03 0.000000e+00 1.000000e+00 1.000000e-01
5.578900e+03 0.000000e+00 1.000000e+00 1.000000e-01
5.578910e+03 0.000000e+00 1.000000e+00 1.000000e-01
5.578920e+03 0.000000e+00 1.000000e+00 1.000000e-01
5.578930e+03 0.000000e+00 1.000000e+00 1.000000e-01
5.578940e+03 0.000000e+00 1.000000e+00 1.000000e-01
5.578950e+03 0.000000e+00 1.000000e+00 1.000000e-01
5.578960e+03 0.000000e+00 1.000000e+00 1.000000e-01
5.578970e+03 0.000000e+00 1.000000e+00 1.000000e-01
5.578980e+03 0.000000e+00 1.000000e+00 1.000000e-01
5.578990e+03 0.000000e+00 1.000000e+00 1.000000e-01
5.579000e+03 0.000000e+00 1.000000e+00 1.000000e-01
5.579010e+03 0.000000e+00 1.000000e+00 1.000000e-01
5.579020e+03 0.000000e+00 1.000000e+00 1.000000e-01
5.579030e+03 0.000000e+00 1.000000e+00 1.000000e-01
5.579040e+03 0.000000e+00 1.000000e+00 1.000000e-01
5.579050e+03 0.000000e+00 1.000000e+00 1.000000e-01
5.579060e+03 0.000000e+00 1.000000e+00 1.000000e-01
5.579070e+03 0.000000e+00 1.000000e+00 1.000000e-01
5.579080e+03 0.000000e+00 1.000000e+00 1.000000e-01
5.579090e+03 0.000000e+00 1.000000e+00 1.000000e-01
5.579100e+03 0.000000e+00 1.000000e+00 1.000000e-01
5.579110e+03 0.000000e+00 1.000000e+00 1.000000e-01
5.579120e+03 0.000000e+00 1.000000e+00 1.000000e-01
5.579130e+03 0.000000e+00 1.000000e+00 1.000000e-01
5.579140e+03 0.000000e+00 1.000000e+00 1.000000e-01
5.579150e+03 0.000000e+00 1.000000e+00 1.000000e-01
5.579160e+03 0.000000e+00 1.000000e+00 1.000000e-01
5.579170e+03 0.000000e+00 1.000000e+00 1.000000e-01
5.579180e+03 0.000000e+00 1.000000e+00 1.000000e-01
5.579190e+03 0.000000e+00 1.000000e+00 1.000000e-01
5.579200e+03 0.000000e+00 1.000000e+00 1.000000e-01
5.579210e+03 0.000000e+00 1.000000e+00 1.000000e-01
5.579220e+03 0.000000e+00 1.000000e+00 1.000000e-01
5.579230e+03 0.000000e+00 1.000000e+00 1.000000e-01
5.579240e+03 0.000000e+00 1.000000e+00 1.000000e-01
5.579250e+03 0.000000e+00 1.000000e+00 1.000000e-01
5.579260e+03 0.000000e+00 1.000000e+00 1.000000e-01
5.579270e+03 0.000000e+00 1.000000e+00 1.000000e-01
5.579280e+03 0.000000e+00 1.000000e+00 1.000000e-01
5.579290e+03 0.000000e+00 1.000000e+00 1.000000e-01
5.579300e+03 0.000000e+00 1.000000e+00 1.000000e-01
5.579310e+03 0.000000e+00 1.000000e+00 1.000000e-01
5.579320e+03 0.000000e+00 1.000000e+00 1.000000e-01
5.579330e+03 0.000000e+00 1.000000e+00 1.000000e-01
5.579340e+03 1.462682e-09 1.000000e+00 1.000000e-01
5.579350e+03 1.464762e-09 1.000000e+00 1.000000e-01
5.579360e+03 0.000000e+00 1.000000e+00 1.000000e-01
5.579370e+03 0.000000e+00 1.000000e+00 1.000000e-01
5.579380e+03 0.000000e+00 1.000000e+00 1.000000e-01
5.579390e+03 0.000000e+00 1.000000e+00 1.000000e-01
5.579400e+03 0.000000e+00 1.000000e+00 1.000000e-01
5.579410e+03 0.000000e+00 1.000000e+00 1.000000e-01
5.579420e+03 0.000000e+00 1.000000e+00 1.000000e-01
5.579430e+03 0.000000e+00 1.000000e+00 1.000000e-01
5.579440e+03 0.000000e+00 1.000000e+00 1.000000e-01
5.579450e+03 0.000000e+00 1.000000e+00 1.000000e-01
5.579460e+03 0.000000e+00 1.000000e+00 1.000000e-01
5.579470e+03 0.000000e+00 1.000000e+00 1.000000e-01
5.579480e+03 0.000000e+00 1.000000e+00 1.000000e-01
5.579490e+03 0.000000e+00 1.000000e+00 1.000000e-01
5.579500e+03 0.000000e+00 1.000000e+00 1.000000e-01
5.579510e+03 0.000000e+00 1.000000e+00 1.000000e-01
5.579520e+03 0.000000e+00 1.000000e+00 1.000000e-01
5.579530e+03 0.000000e+00 1.000000e+00 1.000000e-01
5.579540e+03 5.107371e-07 9.999995e-01 9.999997e-02
5.579550e+03 5.116945e-07 9.999995e-01 9.999997e-02
5.579560e+03 0.000000e+00 1.000000e+00 1.000000e-01
5.579570e+03 0.000000e+00 1.000000e+00 1.000000e-01
5.579580e+03 0.000000e+00 1.000000e+00 1.000000e-01
5.579590e+03 0.000000e+00 1.000000e+00 1.000000e-01
5.579600e+03 0.000000e+00 1.000000e+00 1.000000e-01
5.579610e+03 0.000000e+00 1.000000e+00 1.000000e-01
5.579620e+03 0.000000e+00 1.000000e+00 1.000000e-01
5.579630e+03 0.000000e+00 1.000000e+00 1.000000e-01
5.579640e+03 0.000000e+00 1.000000e+00 1.000000e-01
5.579650e+03 0.000000e+00 1.000000e+00 1.000000e-01
5.579660e+03 0.000000e+00 1.000000e+00 1.000000e-01
5.579670e+03 0.000000e+00 1.000000e+00 1.000000e-01
5.579680e+03 0.000000e+00 1.000000e+00 1.000000e-01
5.579690e+03 0.000000e+00 1.000000e+00 1.000000e-01
5.579700e+03 0.000000e+00 1.000000e+00 1.000000e-01
5.579710e+03 0.000000e+00 1.000000e+00 1.000000e-01
5.579720e+03 0.000000e+00 1.000000e+00 1.000000e-01
5.579730e+03 0.000000e+00 1.000000e+00 1.000000e-01
5.579740e+03 0.000000e+00 1.000000e+00 1.000000e-01
5.579750e+03 0.000000e+00 1.000000e+00 1.000000e-01
5.579760e+03 0.000000e+00 1.000000e+00 1.000000e-01
5.579770e+03 0.000000e+00 1.000000e+00 1.000000e-01
5.579780e+03 0.000000e+00 1.000000e+00 1.000000e-01
5.579790e+03 7.819948e-08 9.999999e-01 1.000000e-01
5.579800e+03 7.847109e-08 9.999999e-01 1.000000e-01
5.579810e+03 0.000000e+00 1.000000e+00 1.000000e-01
5.579820e+03 0.000000e+00 1.000000e+00 1.000000e-01
5.579830e+03 0.000000e+00 1.000000e+00 1.000000e-01
5.579840e+03 0.000000e+00 1.000000e+00 1.000000e-01
5.579850e+03 0.000000e+00 1.000000e+00 1.000000e-01
5.579860e+03 0.000000e+00 1.000000e+00 1.000000e-01
5.579870e+03 0.000000e+00 1.000000e+00 1.000000e-01
5.579880e+03 0.000000e+00 1.000000e+00 1.000000e-01
5.579890e+03 0.000000e+00 1.000000e+00 1.000000e-01
5.579900e+03 0.000000e+00 1.000000e+00 1.000000e-01
5.579910e+03 0.000000e+00 1.000000e+00 1.000000e-01
5.579920e+03 0.000000e+00 1.000000e+00 1.000000e-01
5.579930e+03 0.000000e+00 1.000000e+00 1.000000e-01
5.579940e+03 0.000000e+00 1.000000e+00 1.000000e-01
5.579950e+03 0.000000e+00 1.000000e+00 1.000000e-01
5.579960e+03 0.000000e+00 1.000000e+00 1.000000e-01
5.579970e+03 0.000000e+00 1.000000e+00 1.000000e-01
5.579980e+03 0.000000e+00 1.000000e+00 1.000000e-01
5.579990e+03 0.000000e+00 1.000000e+00 1.000000e-01
5.580000e+03 0.000000e+00 1.000000e+00 1.000000e-01
5.580010e+03 1.261815e-06 9.999987e-01 9.999994e-02
5.580020e+03 1.260811e-06 9.999987e-01 9.999994e-02
5.580030e+03 0.000000e+00 1.000000e+00 1.000000e-01
5.580040e+03 0.000000e+00 1.000000e+00 1.000000e-01
5.580050e+03 0.000000e+00 1.000000e+00 1.000000e-01
5.580060e+03 6.967299e-10 1.000000e+00 1.000000e-01
5.580070e+03 6.965596e-10 1.000000e+00 1.000000e-01
5.580080e+03 0.000000e+00 1.000000e+00 1.000000e-01
5.580090e+03 0.000000e+00 1.000000e+00 1.000000e-01
5.580100e+03 0.000000e+00 1.000000e+00 1.000000e-01
5.580110e+03 0.000000e+00 1.000000e+00 1.000000e-01
5.580120e+03 0.000000e+00 1.000000e+00 1.000000e-01
5.580130e+03 0.000000e+00 1.000000e+00 1.000000e-01
5.580140e+03 0.000000e+00 1.000000e+00 1.000000e-01
5.580150e+03 0.000000e+00 1.000000e+00 1.000000e-01
5.580160e+03 0.000000e+00 1.000000e+00 1.000000e-01
5.580170e+03 0.000000e+00 1.000000e+00 1.000000e-01
5.580180e+03 0.000000e+00 1.000000e+00 1.000000e-01
5.580190e+03 0.000000e+00 1.000000e+00 1.000000e-01
5.580200e+03 0.000000e+00 1.000000e+00 1.000000e-01
5.580210e+03 0.000000e+00 1.000000e+00 1.000000e-01
5.580220e+03 0.000000e+00 1.000000e+00 1.000000e-01
5.580230e+03 0.000000e+00 1.000000e+00 1.000000e-01
5.580240e+03 0.000000e+00 1.000000e+00 1.000000e-01
5.580250e+03 0.000000e+00 1.000000e+00 1.000000e-01
5.580260e+03 0.000000e+00 1.000000e+00 1.000000e-01
5.580270e+03 0.000000e+00 1.000000e+00 1.000000e-01
5.580280e+03 3.342252e-06 9.999967e-01 9.999983e-02
5.580290e+03 3.345108e-06 9.999967e-01 9.999983e-02
5.580300e+03 0.000000e+00 1.000000e+00 1.000000e-01
5.580310e+03 0.000000e+00 1.000000e+00 1.000000e-01
5.580320e+03 0.000000e+00 1.000000e+00 1.000000e-01
5.580330e+03 0.000000e+00 1.000000e+00 1.000000e-01
5.580340e+03 0.000000e+00 1.000000e+00 1.000000e-01
5.580350e+03 0.000000e+00 1.000000e+00 1.000000e-01
5.580360e+03 0.000000e+00 1.000000e+00 1.000000e-01
5.580370e+03 0.000000e+00 1.000000e+00 1.000000e-01
5.580380e+03 0.000000e+00 1.000000e+00 1.000000e-01
5.580390e+03 0.000000e+00 1.000000e+00 1.000000e-01
5.580400e+03 2.893272e-09 1.000000e+00 1.000000e-01
5.580410e+03 2.897933e-09 1.000000e+00 1.000000e-01
5.580420e+03 1.075992e-08 1.000000e+00 1.000000e-01
5.580430e+03 1.075721e-08 1.000000e+00 1.000000e-01
5.580440e+03 0.000000e+00 1.000000e+00 1.000000e-01
5.580450e+03 0.000000e+00 1.000000e+00 1.000000e-01
5.580460e+03 0.000000e+00 1.000000e+00 1.000000e-01
5.580470e+03 0.000000e+00 1.000000e+00 1.000000e-01
5.580480e+03 0.000000e+00 1.000000e+00 1.000000e-01
5.580490e+03 0.000000e+00 1.000000e+00 1.000000e-01
5.580500e+03 0.000000e+00 1.000000e+00 1.000000e-01
5.580510e+03 0.000000e+00 1.000000e+00 1.000000e-01
5.580520e+03 0.000000e+00 1.000000e+00 1.000000e-01
5.580530e+03 0.000000e+00 1.000000e+00 1.000000e-01
5.580540e+03 0.000000e+00 1.000000e+00 1.000000e-01
5.580550e+03 0.000000e+00 1.000000e+00 1.000000e-01
5.580560e+03 0.000000e+00 1.000000e+00 1.000000e-01
5.580570e+03 0.000000e+00 1.000000e+00 1.000000e-01
5.580580e+03 0.000000e+00 1.000000e+00 1.000000e-01
5.580590e+03 1.443637e-09 1.000000e+00 1.000000e-01
5.580600e+03 1.442520e-09 1.000000e+00 1.000000e-01
5.580610e+03 0.000000e+00 1.000000e+00 1.000000e-01
5.580620e+03 3.784106e-07 9.999996e-01 9.999998e-02
5.580630e+03 3.789152e-07 9.999996e-01 9.999998e-02
5.580640e+03 0.000000e+00 1.000000e+00 1.000000e-01
5.580650e+03 0.000000e+00 1.000000e+00 1.000000e-01
5.580660e+03 0.000000e+00 1.000000e+00 1.000000e-01
5.580670e+03 0.000000e+00 1.000000e+00 1.000000e-01
5.580680e+03 0.000000e+00 1.000000e+00 1.000000e-01
5.580690e+03 0.000000e+00 1.000000e+00 1.000000e-01
5.580700e+03 0.000000e+00 1.000000e+00 1.000000e-01
5.580710e+03 0.000000e+00 1.000000e+00 1.000000e-01
5.580720e+03 0.000000e+00 1.000000e+00 1.000000e-01
5.580730e+03 0.000000e+00 1.000000e+00 1.000000e-01
5.580740e+03 0.000000e+00 1.000000e+00 1.000000e-01
5.580750e+03 0.000000e+00 1.000000e+00 1.000000e-01
5.580760e+03 0.000000e+00 1.000000e+00 1.000000e-01
5.580770e+03 0.000000e+00 1.000000e+00 1.000000e-01
5.580780e+03 0.000000e+00 1.000000e+00 1.000000e-01
5.580790e+03 0.000000e+00 1.000000e+00 1.000000e-01
5.580800e+03 0.000000e+00 1.000000e+00 1.000000e-01
5.580810e+03 0.000000e+00 1.000000e+00 1.000000e-01
5.580820e+03 0.000000e+00 1.000000e+00 1.000000e-01
5.580830e+03 0.000000e+00 1.000000e+00 1.000000e-01
5.580840e+03 0.000000e+00 1.000000e+00 1.000000e-01
5.580850e+03 0.000000e+00 1.000000e+00 1.000000e-01
5.580860e+03 0.000000e+00 1.000000e+00 1.000000e-01
5.580870e+03 0.000000e+00 1.000000e+00 1.000000e-01
5.580880e+03 0.000000e+00 1.000000e+00 1.000000e-01
5.580890e+03 0.000000e+00 1.000000e+00 1.000000e-01
5.580900e+03 0.000000e+00 1.000000e+00 1.000000e-01
5.580910e+03 0.000000e+00 1.000000e+00 1.000000e-01
5.580920e+03 0.000000e+00 1.000000e+00 1.000000e-01
5.580930e+03 0.000000e+00 1.000000e+00 1.000000e-01
5.580940e+03 0.000000e+00 1.000000e+00 1.000000e-01
5.580950e+03 0.000000e+00 1.000000e+00 1.000000e-01
5.580960e+03 0.000000e+00 1.000000e+00 1.000000e-01
5.580970e+03 0.000000e+00 1.000000e+00 1.000000e-01
5.580980e+03 0.000000e+00 1.000000e+00 1.000000e-01
5.580990e+03 0.000000e+00 1.000000e+00 1.000000e-01
5.581000e+03 0.000000e+00 1.000000e+00 1.000000e-01
5.581010e+03 0.000000e+00 1.000000e+00 1.000000e-01
5.581020e+03 0.000000e+00 1.000000e+00 1.000000e-01
5.581030e+03 0.000000e+00 1.000000e+00 1.000000e-01
5.581040e+03 0.000000e+00 1.000000e+00 1.000000e-01
5.581050e+03 0.000000e+00 1.000000e+00 1.000000e-01
5.581060e+03 0.000000e+00 1.000000e+00 1.000000e-01
5.581070e+03 0.000000e+00 1.000000e+00 1.000000e-01
5.581080e+03 0.000000e+00 1.000000e+00 1.000000e-01
5.581090e+03 0.000000e+00 1.000000e+00 1.000000e-01
5.581100e+03 0.000000e+00 1.000000e+00 1.000000e-01
5.581110e+03 0.000000e+00 1.000000e+00 1.000000e-01
5.581120e+03 0.000000e+00 1.000000e+00 1.000000e-01
5.581130e+03 0.000000e+00 1.000000e+00 1.000000e-01
5.581140e+03 0.000000e+00 1.000000e+00 1.000000e-01
5.581150e+03 0.000000e+00 1.000000e+00 1.000000e-01
5.581160e+03 0.000000e+00 1.000000e+00 1.000000e-01
5.581170e+03 0.000000e+00 1.000000e+00 1.000000e-01
5.581180e+03 0.000000e+00 1.000000e+00 1.000000e-01
5.581190e+03 0.000000e+00 1.000000e+00 1.000000e-01
5.581200e+03 0.000000e+00 1.000000e+00 1.000000e-01
5.581210e+03 0.000000e+00 1.000000e+00 1.000000e-01
5.581220e+03 0.000000e+00 1.000000e+00 1.000000e-01
5.581230e+03 0.000000e+00 1.000000e+00 1.000000e-01
5.581240e+03 0.000000e+00 1.000000e+00 1.000000e-01
5.581250e+03 2.676428e-10 1.000000e+00 1.000000e-01
5.581260e+03 2.677882e-10 1.000000e+00 1.000000e-01
5.581270e+03 0.000000e+00 1.000000e+00 1.000000e-01
5.581280e+03 0.000000e+00 1.000000e+00 1.000000e-01
5.581290e+03 0.000000e+00 1.000000e+00 1.000000e-01
5.581300e+03 0.000000e+00 1.000000e+00 1.000000e-01
5.581310e+03 0.000000e+00 1.000000e+00 1.000000e-01
5.581320e+03 0.000000e+00 1.000000e+00 1.000000e-01
5.581330e+03 0.000000e+00 1.000000e+00 1.000000e-01
5.581340e+03 0.000000e+00 1.000000e+00 1.000000e-01
5.581350e+03 0.000000e+00 1.000000e+00 1.000000e-01
5.581360e+03 0.000000e+00 1.000000e+00 1.000000e-01
5.581370e+03 0.000000e+00 1.000000e+00 1.000000e-01
5.581380e+03 0.000000e+00 1.000000e+00 1.000000e-01
5.581390e+03 0.000000e+00 1.000000e+00 1.000000e-01
5.581400e+03 0.000000e+00 1.000000e+00 1.000000e-01
5.581410e+03 0.000000e+00 1.000000e+00 1.000000e-01
5.581420e+03 0.000000e+00 1.000000e+00 1.000000e-01
5.581430e+03 0.000000e+00 1.000000e+00 1.000000e-01
5.581440e+03 0.000000e+00 1.000000e+00 1.000000e-01
5.581450e+03 0.000000e+00 1.000000e+00 1.000000e-01
5.581460e+03 0.000000e+00 1.000000e+00 1.000000e-01
5.581470e+03 0.000000e+00 1.000000e+00 1.000000e-01
5.581480e+03 0.000000e+00 1.000000e+00 1.000000e-01
5.581490e+03 0.000000e+00 1.000000e+00 1.000000e-01
5.581500e+03 0.000000e+00 1.000000e+00 1.000000e-01
5.581510e+03 0.000000e+00 1.000000e+00 1.000000e-01
5.581520e+03 0.000000e+00 1.000000e+00 1.000000e-01
5.581530e+03 0.000000e+00 1.000000e+00 1.000000e-01
5.581540e+03 0.000000e+00 1.000000e+00 1.000000e-01
5.581550e+03 0.000000e+00 1.000000e+00 1.000000e-01
5.581560e+03 0.000000e+00 1.000000e+00 1.000000e-01
5.581570e+03 0.000000e+00 1.000000e+00 1.000000e-01
5.581580e+03 0.000000e+00 1.000000e+00 1.000000e-01
5.581590e+03 0.000000e+00 1.000000e+00 1.000000e-01
5.581600e+03 0.000000e+00 1.000000e+00 1.000000e-01
5.581610e+03 0.000000e+00 1.000000e+00 1.000000e-01
5.581620e+03 0.000000e+00 1.000000e+00 1.000000e-01
5.581630e+03 0.000000e+00 1.000000e+00 1.000000e-01
5.581640e+03 0.000000e+00 1.000000e+00 1.000000e-01
5.581650e+03 0.000000e+00 1.000000e+00 1.000000e-01
5.581660e+03 0.000000e+00 1.000000e+00 1.000000e-01
5.581670e+03 0.000000e+00 1.000000e+00 1.000000e-01
5.581680e+03 0.000000e+00 1.000000e+00 1.000000e-01
5.581690e+03 0.000000e+00 1.000000e+00 1.000000e-01
5.581700e+03 0.000000e+00 1.000000e+00 1.000000e-01
5.581710e+03 0.000000e+00 1.000000e+00 1.000000e-01
5.581720e+03 0.000000e+00 1.000000e+00 1.000000e-01
5.581730e+03 0.000000e+00 1.000000e+00 1.000000e-01
5.581740e+03 0.000000e+00 1.000000e+00 1.000000e-01
5.581750e+03 0.000000e+00 1.000000e+00 1.000000e-01
5.581760e+03 0.000000e+00 1.000000e+00 1.000000e-01
5.581770e+03 0.000000e+00 1.000000e+00 1.000000e-01
5.581780e+03 0.000000e+00 1.000000e+00 1.000000e-01
5.581790e+03 0.000000e+00 1.000000e+00 1.000000e-01
5.581800e+03 0.000000e+00 1.000000e+00 1.000000e-01
5.581810e+03 0.000000e+00 1.000000e+00 1.000000e-01
5.581820e+03 0.000000e+00 1.000000e+00 1.000000e-01
5.581830e+03 0.000000e+00 1.000000e+00 1.000000e-01
5.581840e+03 0.000000e+00 1.000000e+00 1.000000e-01
5.581850e+03 0.000000e+00 1.000000e+00 1.000000e-01
5.581860e+03 0.000000e+00 1.000000e+00 1.000000e-01
5.581870e+03 0.000000e+00 1.000000e+00 1.000000e-01
5.581880e+03 0.000000e+00 1.000000e+00 1.000000e-01
5.581890e+03 0.000000e+00 1.000000e+00 1.000000e-01
5.581900e+03 0.000000e+00 1.000000e+00 1.000000e-01
5.581910e+03 0.000000e+00 1.000000e+00 1.000000e-01
5.581920e+03 0.000000e+00 1.000000e+00 1.000000e-01
5.581930e+03 0.000000e+00 1.000000e+00 1.000000e-01
5.581940e+03 0.000000e+00 1.000000e+00 1.000000e-01
5.581950e+03 0.000000e+00 1.000000e+00 1.000000e-01
5.581960e+03 0.000000e+00 1.000000e+00 1.000000e-01
5.581970e+03 0.000000e+00 1.000000e+00 1.000000e-01
5.581980e+03 0.000000e+00 1.000000e+00 1.000000e-01
5.581990e+03 0.000000e+00 1.000000e+00 1.000000e-01
5.582000e+03 0.000000e+00 1.000000e+00 1.000000e-01
5.582010e+03 0.000000e+00 1.000000e+00 1.000000e-01
5.582020e+03 0.000000e+00 1.000000e+00 1.000000e-01
5.582030e+03 0.000000e+00 1.000000e+00 1.000000e-01
5.582040e+03 0.000000e+00 1.000000e+00 1.000000e-01
5.582050e+03 0.000000e+00 1.000000e+00 1.000000e-01
5.582060e+03 0.000000e+00 1.000000e+00 1.000000e-01
5.582070e+03 0.000000e+00 1.000000e+00 1.000000e-01
5.582080e+03 0.000000e+00 1.000000e+00 1.000000e-01
5.582090e+03 0.000000e+00 1.000000e+00 1.000000e-01
5.582100e+03 0.000000e+00 1.000000e+00 1.000000e-01
5.582110e+03 0.000000e+00 1.000000e+00 1.000000e-01
5.582120e+03 0.000000e+00 1.000000e+00 1.000000e-01
5.582130e+03 0.000000e+00 1.000000e+00 1.000000e-01
5.582140e+03 0.000000e+00 1.000000e+00 1.000000e-01
5.582150e+03 0.000000e+00 1.000000e+00 1.000000e-01
5.582160e+03 0.000000e+00 1.000000e+00 1.000000e-01
5.582170e+03 0.000000e+00 1.000000e+00 1.000000e-01
5.582180e+03 0.000000e+00 1.000000e+00 1.000000e-01
5.582190e+03 0.000000e+00 1.000000e+00 1.000000e-01
5.582200e+03 0.000000e+00 1.000000e+00 1.000000e-01
5.582210e+03 0.000000e+00 1.000000e+00 1.000000e-01
5.582220e+03 0.000000e+00 1.000000e+00 1.000000e-01
5.582230e+03 0.000000e+00 1.000000e+00 1.000000e-01
5.582240e+03 0.000000e+00 1.000000e+00 1.000000e-01
5.582250e+03 0.000000e+00 1.000000e+00 1.000000e-01
5.582260e+03 0.000000e+00 1.000000e+00 1.000000e-01
5.582270e+03 0.000000e+00 1.000000e+00 1.000000e-01
5.582280e+03 0.000000e+00 1.000000e+00 1.000000e-01
5.582290e+03 0.000000e+00 1.000000e+00 1.000000e-01
5.582300e+03 0.000000e+00 1.000000e+00 1.000000e-01
5.582310e+03 2.505526e-04 9.997495e-01 9.998747e-02
5.582320e+03 2.689054e-04 9.997311e-01 9.998656e-02
5.582330e+03 2.903398e-04 9.997097e-01 9.998548e-02
5.582340e+03 3.133593e-04 9.996867e-01 9.998433e-02
5.582350e+03 3.384257e-04 9.996616e-01 9.998308e-02
5.582360e+03 3.679431e-04 9.996321e-01 9.998160e-02
5.582370e+03 4.017165e-04 9.995984e-01 9.997992e-02
5.582380e+03 4.412091e-04 9.995589e-01 9.997794e-02
5.582390e+03 4.870537e-04 9.995131e-01 9.997565e-02
5.582400e+03 5.421114e-04 9.994580e-01 9.997290e-02
5.582410e+03 6.135811e-04 9.993866e-01 9.996933e-02
5.582420e+03 7.163959e-04 9.992839e-01 9.996419e-02
5.582430e+03 8.895896e-04 9.991108e-01 9.995553e-02
5.582440e+03 1.230433e-03 9.987703e-01 9.993850e-02
5.582450e+03 1.970714e-03 9.980312e-01 9.990151e-02
5.582460e+03 3.631199e-03 9.963754e-01 9.981860e-02
5.582470e+03 7.306256e-03 9.927204e-01 9.963535e-02
5.582480e+03 1.513447e-02 9.849795e-01 9.924613e-02
5.582490e+03 3.098087e-02 9.694941e-01 9.846289e-02
5.582500e+03 6.126309e-02 9.405758e-01 9.698328e-02
5.582510e+03 1.156817e-01 8.907587e-01 9.438002e-02
5.582520e+03 2.073903e-01 8.127024e-01 9.015001e-02
5.582530e+03 3.519693e-01 7.033017e-01 8.386308e-02
5.582540e+03 5.646160e-01 5.685784e-01 7.540414e-02
5.582550e+03 8.554137e-01 4.251073e-01 6.520025e-02
5.582560e+03 1.223413e+00 2.942243e-01 5.424245e-02
5.582570e+03 1.651302e+00 1.918000e-01 4.379498e-02
5.582580e+03 2.103132e+00 1.220735e-01 3.493902e-02
5.582590e+03 2.527261e+00 7.987751e-02 2.826261e-02
5.582600e+03 2.865174e+00 5.697319e-02 2.386906e-02
5.582610e+03 3.064462e+00 4.667893e-02 2.160531e-02
5.582620e+03 3.092093e+00 4.540682e-02 2.130888e-02
5.582630e+03 2.943372e+00 5.268778e-02 2.295382e-02
5.582640e+03 2.643248e+00 7.112988e-02 2.667019e-02
5.582650e+03 2.239461e+00 1.065159e-01 3.263677e-02
5.582660e+03 1.790131e+00 1.669384e-01 4.085809e-02
5.582670e+03 1.350204e+00 2.591873e-01 5.091044e-02
5.582680e+03 9.610552e-01 3.824891e-01 6.184570e-02
5.582690e+03 6.457011e-01 5.242948e-01 7.240821e-02
5.582700e+03 4.096557e-01 6.638788e-01 8.147876e-02
5.582710e+03 2.455892e-01 7.822435e-01 8.844453e-02
5.582720e+03 1.392987e-01 8.699681e-01 9.327208e-02
5.582730e+03 7.493153e-02 9.278070e-01 9.632274e-02
5.582740e+03 3.840469e-02 9.623234e-01 9.809808e-02
5.582750e+03 1.893014e-02 9.812479e-01 9.905796e-02
5.582760e+03 9.141703e-03 9.909000e-01 9.954396e-02
5.582770e+03 4.928683e-03 9.950834e-01 9.975387e-02
5.582780e+03 2.802037e-03 9.972019e-01 9.986000e-02
5.582790e+03 1.854477e-03 9.981472e-01 9.990732e-02
5.582800e+03 1.426205e-03 9.985748e-01 9.992872e-02
5.582810e+03 1.665200e-03 9.983362e-01 9.991677e-02
5.582820e+03 1.550133e-03 9.984511e-01 9.992252e-02
5.582830e+03 1.474904e-03 9.985262e-01 9.992628e-02
5.582840e+03 1.419003e-03 9.985820e-01 9.992908e-02
5.582850e+03 1.374209e-03 9.986267e-01 9.993131e-02
5.582860e+03 1.336934e-03 9.986640e-01 9.993318e-02
5.582870e+03 1.305340e-03 9.986955e-01 9.993475e-02
5.582880e+03 1.278297e-03 9.987225e-01 9.993611e-02
5.582890e+03 1.255008e-03 9.987458e-01 9.993727e-02
5.582900e+03 1.234866e-03 9.987659e-01 9.993828e-02
5.582910e+03 1.217392e-03 9.987833e-01 9.993915e-02
5.582920e+03 1.202200e-03 9.987985e-01 9.993991e-02
5.582930e+03 1.487410e-03 9.985137e-01 9.992566e-02
5.582940e+03 1.477058e-03 9.985240e-01 9.992617e-02
5.582950e+03 1.258449e-03 9.987423e-01 9.993710e-02
5.582960e+03 1.263520e-03 9.987373e-01 9.993684e-02
5.582970e+03 1.268622e-03 9.987322e-01 9.993659e-02
5.582980e+03 1.273755e-03 9.987271e-01 9.993633e-02
5.582990e+03 1.278919e-03 9.987219e-01 9.993607e-02
5.583000e+03 1.284115e-03 9.987167e-01 9.993581e-02
5.583010e+03 1.289342e-03 9.987115e-01 9.993555e-02
5.583020e+03 1.294602e-03 9.987062e-01 9.993529e-02
5.583030e+03 1.299893e-03 9.987010e-01 9.993503e-02
5.583040e+03 1.305217e-03 9.986956e-01 9.993476e-02
5.583050e+03 1.310574e-03 9.986903e-01 9.993449e-02
5.583060e+03 1.315964e-03 9.986849e-01 9.993422e-02
5.583070e+03 1.321387e-03 9.986795e-01 9.993395e-02
5.583080e+03 1.326844e-03 9.986740e-01 9.993368e-02
5.583090e+03 1.332335e-03 9.986686e-01 9.993341e-02
5.583100e+03 1.337859e-03 9.986630e-01 9.993313e-02
5.583110e+03 1.343419e-03 9.986575e-01 9.993285e-02
5.583120e+03 1.836843e-03 9.981648e-01 9.990820e-02
5.583130e+03 1.844390e-03 9.981573e-01 9.990782e-02
5.583140e+03 1.851984e-03 9.981497e-01 9.990744e-02
5.583150e+03 1.859625e-03 9.981421e-01 9.990706e-02
5.583160e+03 1.867313e-03 9.981344e-01 9.990668e-02
5.583170e+03 1.875049e-03 9.981267e-01 9.990629e-02
5.583180e+03 1.882834e-03 9.981189e-01 9.990590e-02
5.583190e+03 1.890666e-03 9.981111e-01 9.990551e-02
5.583200e+03 1.898548e-03 9.981033e-01 9.990512e-02
5.583210e+03 1.906480e-03 9.980953e-01 9.990472e-02
5.583220e+03 1.914461e-03 9.980874e-01 9.990432e-02
5.583230e+03 1.922492e-03 9.980794e-01 9.990392e-02
5.583240e+03 1.930574e-03 9.980713e-01 9.990352e-02
5.583250e+03 1.938707e-03 9.980632e-01 9.990311e-02
5.583260e+03 2.376866e-03 9.976260e-01 9.988123e-02
5.583270e+03 2.386792e-03 9.976161e-01 9.988073e-02
5.583280e+03 2.396780e-03 9.976061e-01 9.988023e-02
5.583290e+03 2.406831e-03 9.975961e-01 9.987973e-02
5.583300e+03 2.416945e-03 9.975860e-01 9.987923e-02
5.583310e+03 2.427124e-03 9.975758e-01 9.987872e-02
5.583320e+03 2.437367e-03 9.975656e-01 9.987821e-02
5.583330e+03 2.447674e-03 9.975553e-01 9.987769e-02
5.583340e+03 2.458048e-03 9.975450e-01 9.987717e-02
5.583350e+03 2.468488e-03 9.975346e-01 9.987665e-02
5.583360e+03 2.478994e-03 9.975241e-01 9.987613e-02
5.583370e+03 2.489568e-03 9.975135e-01 9.987560e-02
5.583380e+03 2.500209e-03 9.975029e-01 9.987507e-02
5.583390e+03 2.510919e-03 9.974922e-01 9.987453e-02
5.583400e+03 2.521698e-03 9.974815e-01 9.987399e-02
5.583410e+03 2.532547e-03 9.974707e-01 9.987345e-02
5.583420e+03 2.543466e-03 9.974598e-01 9.987291e-02
5.583430e+03 2.554456e-03 9.974488e-01 9.987236e-02
5.583440e+03 2.565517e-03 9.974378e-01 9.987181e-02
5.583450e+03 2.576650e-03 9.974267e-01 9.987125e-02
5.583460e+03 2.587856e-03 9.974155e-01 9.987069e-02
5.583470e+03 2.599136e-03 9.974042e-01 9.987013e-02
5.583480e+03 2.610489e-03 9.973929e-01 9.986956e-02
5.583490e+03 2.621917e-03 9.973815e-01 9.986899e-02
5.583500e+03 2.633421e-03 9.973700e-01 9.986842e-02
5.583510e+03 2.645000e-03 9.973585e-01 9.986784e-02
5.583520e+03 2.656656e-03 9.973469e-01 9.986726e-02
5.583530e+03 2.668389e-03 9.973352e-01 9.986667e-02
5.583540e+03 2.680200e-03 9.973234e-01 9.986608e-02
5.583550e+03 2.692090e-03 9.973115e-01 9.986549e-02
5.583560e+03 2.704059e-03 9.972996e-01 9.986489e-02
5.583570e+03 2.716109e-03 9.972876e-01 9.986429e-02
5.583580e+03 2.728239e-03 9.972755e-01 9.986368e-02
5.583590e+03 2.740451e-03 9.972633e-01 9.986307e-02
5.583600e+03 2.752745e-03 9.972510e-01 9.986246e-02
5.583610e+03 2.765122e-03 9.972387e-01 9.986184e-02
5.583620e+03 2.777582e-03 9.972263e-01 9.986122e-02
5.583630e+03 2.790128e-03 9.972138e-01 9.986059e-02
5.583640e+03 3.189115e-03 9.968160e-01 9.984067e-02
5.583650e+03 3.203351e-03 9.968018e-01 9.983996e-02
5.583660e+03 3.217683e-03 9.967875e-01 9.983925e-02
5.583670e+03 3.232111e-03 9.967731e-01 9.983852e-02
5.583680e+03 3.246637e-03 9.967586e-01 9.983780e-02
5.583690e+03 3.261261e-03 9.967441e-01 9.983707e-02
5.583700e+03 3.275985e-03 9.967294e-01 9.983633e-02
5.583710e+03 3.512899e-03 9.964933e-01 9.982451e-02
5.583720e+03 3.544291e-03 9.964620e-01 9.982294e-02
5.583730e+03 3.577754e-03 9.964286e-01 9.982127e-02
5.583740e+03 3.613633e-03 9.963929e-01 9.981948e-02
5.583750e+03 3.652361e-03 9.963543e-01 9.981755e-02
5.583760e+03 3.694512e-03 9.963123e-01 9.981544e-02
5.583770e+03 3.740909e-03 9.962661e-01 9.981313e-02
5.583780e+03 3.792907e-03 9.962143e-01 9.981053e-02
5.583790e+03 3.853141e-03 9.961543e-01 9.980753e-02
5.583800e+03 3.927491e-03 9.960802e-01 9.980382e-02
5.583810e+03 4.030005e-03 9.959781e-01 9.979870e-02
5.583820e+03 4.194596e-03 9.958142e-01 9.979049e-02
5.583830e+03 4.501128e-03 9.955090e-01 9.977520e-02
5.583840e+03 5.129591e-03 9.948835e-01 9.974385e-02
5.583850e+03 6.464239e-03 9.935566e-01 9.967731e-02
5.583860e+03 9.277408e-03 9.907655e-01 9.953720e-02
5.583870e+03 1.502376e-02 9.850885e-01 9.925163e-02
5.583880e+03 2.625902e-02 9.740827e-01 9.869563e-02
5.583890e+03 4.714918e-02 9.539451e-01 9.767011e-02
5.583900e+03 8.394852e-02 9.194786e-01 9.588945e-02
5.583910e+03 1.452082e-01 8.648422e-01 9.299689e-02
5.583920e+03 2.413750e-01 7.855470e-01 8.863109e-02
5.583930e+03 3.834269e-01 6.815219e-01 8.255434e-02
5.583940e+03 5.803619e-01 5.596958e-01 7.481282e-02
5.583950e+03 8.357387e-01 4.335541e-01 6.584482e-02
5.583960e+03 1.144013e+00 3.185381e-01 5.643918e-02
5.583970e+03 1.487900e+00 2.258464e-01 4.752330e-02
5.583980e+03 1.838143e+00 1.591127e-01 3.988893e-02
5.583990e+03 2.156636e+00 1.157138e-01 3.401673e-02
5.584000e+03 2.402840e+00 9.046068e-02 3.007668e-02
5.584010e+03 2.542986e+00 7.863126e-02 2.804127e-02
5.584020e+03 2.554676e+00 7.771744e-02 2.787785e-02
5.584030e+03 2.436974e+00 8.742499e-02 2.956772e-02
5.584040e+03 2.207508e+00 1.099743e-01 3.316238e-02
5.584050e+03 1.899878e+00 1.495868e-01 3.867645e-02
5.584060e+03 1.552374e+00 2.117446e-01 4.601571e-02
5.584070e+03 1.204986e+00 2.996963e-01 5.474453e-02
5.584080e+03 8.888605e-01 4.111240e-01 6.411895e-02
5.584090e+03 6.234712e-01 5.360804e-01 7.321751e-02
5.584100e+03 4.162981e-01 6.594837e-01 8.120860e-02
5.584110e+03 2.651529e-01 7.670887e-01 8.758360e-02
5.584120e+03 1.617012e-01 8.506954e-01 9.223315e-02
5.584130e+03 9.510162e-02 9.092805e-01 9.535620e-02
5.584140e+03 5.471314e-02 9.467567e-01 9.730142e-02
5.584150e+03 3.158265e-02 9.689109e-01 9.843327e-02
5.584160e+03 1.905236e-02 9.811280e-01 9.905190e-02
5.584170e+03 1.261765e-02 9.874616e-01 9.937110e-02
5.584180e+03 9.475920e-03 9.905688e-01 9.952732e-02
5.584190e+03 8.011364e-03 9.920206e-01 9.960023e-02
5.584200e+03 7.355619e-03 9.926714e-01 9.963289e-02
5.584210e+03 7.563438e-03 9.924651e-01 9.962254e-02
5.584220e+03 7.446658e-03 9.925810e-01 9.962836e-02
5.584230e+03 7.717111e-03 9.923126e-01 9.961489e-02
5.584240e+03 7.708351e-03 9.923213e-01 9.961532e-02
5.584250e+03 7.716184e-03 9.923135e-01 9.961493e-02
5.584260e+03 7.733796e-03 9.922960e-01 9.961406e-02
5.584270e+03 7.758199e-03 9.922718e-01 9.961284e-02
5.584280e+03 7.787918e-03 9.922423e-01 9.961136e-02
5.584290e+03 7.822096e-03 9.922084e-01 9.960966e-02
5.584300e+03 7.860162e-03 9.921706e-01 9.960776e-02
5.584310e+03 7.901697e-03 9.921294e-01 9.960569e-02
5.584320e+03 7.946381e-03 9.920851e-01 9.960347e-02
5.584330e+03 7.993962e-03 9.920379e-01 9.960110e-02
5.584340e+03 8.044244e-03 9.919880e-01 9.959860e-02
5.584350e+03 7.913032e-03 9.921182e-01 9.960513e-02
5.584360e+03 7.979412e-03 9.920523e-01 9.960182e-02
5.584370e+03 8.047128e-03 9.919852e-01 9.959845e-02
5.584380e+03 8.116230e-03 9.919166e-01 9.959501e-02
5.584390e+03 8.186770e-03 9.918467e-01 9.959150e-02
5.584400e+03 8.258801e-03 9.917752e-01 9.958791e-02
5.584410e+03 8.332383e-03 9.917022e-01 9.958425e-02
5.584420e+03 8.407574e-03 9.916277e-01 9.958050e-02
5.584430e+03 8.484439e-03 9.915515e-01 9.957668e-02
5.584440e+03 8.563045e-03 9.914735e-01 9.957276e-02
5.584450e+03 8.664232e-03 9.913732e-01 9.956773e-02
5.584460e+03 8.768570e-03 9.912698e-01 9.956253e-02
5.584470e+03 8.897086e-03 9.911424e-01 9.955613e-02
5.584480e+03 9.067342e-03 9.909736e-01 9.954766e-02
5.584490e+03 9.305664e-03 9.907375e-01 9.953580e-02
5.584500e+03 9.647602e-03 9.903988e-01 9.951878e-02
5.584510e+03 1.013484e-02 9.899163e-01 9.949454e-02
5.584520e+03 1.080810e-02 9.892501e-01 9.946105e-02
5.584530e+03 1.169464e-02 9.883735e-01 9.941697e-02
5.584540e+03 1.279232e-02 9.872892e-01 9.936243e-02
5.584550e+03 1.405581e-02 9.860425e-01 9.929967e-02
5.584560e+03 1.595617e-02 9.841705e-01 9.920537e-02
5.584570e+03 1.722703e-02 9.829205e-01 9.914235e-02
5.584580e+03 1.827578e-02 9.818902e-01 9.909037e-02
5.584590e+03 1.896070e-02 9.812179e-01 9.905644e-02
5.584600e+03 1.918980e-02 9.809932e-01 9.904510e-02
5.584610e+03 1.894538e-02 9.812330e-01 9.905720e-02
5.584620e+03 1.828892e-02 9.818773e-01 9.908972e-02
5.584630e+03 1.734450e-02 9.828051e-01 9.913652e-02
5.584640e+03 1.626684e-02 9.838648e-01 9.918996e-02
5.584650e+03 1.520545e-02 9.849096e-01 9.924261e-02
5.584660e+03 1.427603e-02 9.858254e-01 9.928874e-02
5.584670e+03 1.354615e-02 9.865452e-01 9.932498e-02
5.584680e+03 1.312217e-02 9.869636e-01 9.934604e-02
5.584690e+03 1.281632e-02 9.872655e-01 9.936123e-02
5.584700e+03 1.259226e-02 9.874867e-01 9.937236e-02
5.584710e+03 1.258045e-02 9.874984e-01 9.937295e-02
5.584720e+03 1.265635e-02 9.874234e-01 9.936918e-02
5.584730e+03 1.279003e-02 9.872914e-01 9.936254e-02
5.584740e+03 1.296085e-02 9.871228e-01 9.935405e-02
5.584750e+03 1.315598e-02 9.869302e-01 9.934436e-02
5.584760e+03 1.336830e-02 9.867207e-01 9.933381e-02
5.584770e+03 1.359014e-02 9.865018e-01 9.932280e-02
5.584780e+03 1.382997e-02 9.862652e-01 9.931089e-02
5.584790e+03 1.408135e-02 9.860173e-01 9.929841e-02
5.584800e+03 1.434518e-02 9.857572e-01 9.928531e-02
5.584810e+03 1.462244e-02 9.854840e-01 9.927154e-02
5.584820e+03 1.491421e-02 9.851965e-01 9.925706e-02
5.584830e+03 1.522169e-02 9.848936e-01 9.924180e-02
5.584840e+03 1.554622e-02 9.845740e-01 9.922570e-02
5.584850e+03 1.588927e-02 9.842363e-01 9.920868e-02
5.584860e+03 1.625249e-02 9.838789e-01 9.919067e-02
5.584870e+03 1.663772e-02 9.834999e-01 9.917156e-02
5.584880e+03 1.791759e-02 9.822420e-01 9.910812e-02
5.584890e+03 1.864463e-02 9.815281e-01 9.907210e-02
5.584900e+03 1.915818e-02 9.810242e-01 9.904666e-02
5.584910e+03 2.067090e-02 9.795413e-01 9.897178e-02
5.584920e+03 2.129080e-02 9.789342e-01 9.894111e-02
5.584930e+03 2.220773e-02 9.780370e-01 9.889576e-02
5.584940e+03 2.292412e-02 9.773366e-01 9.886034e-02
5.584950e+03 2.369660e-02 9.765820e-01 9.882216e-02
5.584960e+03 2.511651e-02 9.751963e-01 9.875203e-02
5.584970e+03 2.606472e-02 9.742720e-01 9.870522e-02
5.584980e+03 2.711835e-02 9.732460e-01 9.865323e-02
5.584990e+03 2.829685e-02 9.720998e-01 9.859512e-02
5.585000e+03 2.957140e-02 9.708616e-01 9.853231e-02
5.585010e+03 3.101148e-02 9.694644e-01 9.846139e-02
5.585020e+03 3.269246e-02 9.678362e-01 9.837866e-02
5.585030e+03 3.476683e-02 9.658306e-01 9.827668e-02
5.585040e+03 3.755946e-02 9.631371e-01 9.813955e-02
5.585050e+03 4.163640e-02 9.592185e-01 9.793970e-02
5.585060e+03 4.815541e-02 9.529857e-01 9.762099e-02
5.585070e+03 5.909815e-02 9.426143e-01 9.708832e-02
5.585080e+03 7.838264e-02 9.246106e-01 9.615667e-02
5.585090e+03 1.120691e-01 8.939825e-01 9.455065e-02
5.585100e+03 1.715863e-01 8.423276e-01 9.177841e-02
5.585110e+03 2.751059e-01 7.594917e-01 8.714882e-02
5.585120e+03 4.492351e-01 6.381161e-01 7.988217e-02
5.585130e+03 7.274985e-01 4.831160e-01 6.950655e-02
5.585140e+03 1.143720e+00 3.186314e-01 5.644745e-02
5.585150e+03 1.720116e+00 1.790454e-01 4.231376e-02
5.585160e+03 2.455128e+00 8.585221e-02 2.930055e-02
5.585170e+03 3.318682e+00 3.620053e-02 1.902644e-02
5.585180e+03 4.274316e+00 1.392157e-02 1.179897e-02
5.585190e+03 5.328246e+00 4.852574e-03 6.966042e-03
5.585200e+03 6.616441e+00 1.338186e-03 3.658122e-03
5.585210e+03 8.523265e+00 1.987893e-04 1.409927e-03
5.585220e+03 1.182008e+01 7.355402e-06 2.712085e-04
5.585230e+03 1.778723e+01 1.884100e-08 1.372625e-05
5.585240e+03 2.822970e+01 5.495361e-13 7.413070e-08
5.585250e+03 4.524379e+01 2.243217e-20 1.497737e-11
5.585260e+03 7.058280e+01 2.219621e-31 4.711286e-17
5.585270e+03 1.046441e+02 3.577900e-46 1.891534e-24
5.585280e+03 1.453821e+02 7.267074e-64 2.695751e-33
5.585290e+03 1.877735e+02 2.824890e-82 1.680741e-42
5.585300e+03 2.244533e+02 3.320273e-98 1.822162e-50
5.585310e+03 2.476758e+02 2.727384e-108 1.651479e-55
5.585320e+03 2.519569e+02 3.771320e-110 1.941989e-56
5.585330e+03 2.361828e+02 2.673655e-103 5.170739e-53
5.585340e+03 2.040799e+02 2.340098e-89 4.837456e-46
5.585350e+03 1.627788e+02 2.023371e-71 4.498189e-37
5.585360e+03 1.202261e+02 6.115732e-53 7.820315e-28
5.585370e+03 8.274012e+01 1.165259e-36 1.079472e-19
5.585380e+03 5.370623e+01 4.738933e-24 2.176909e-13
5.585390e+03 3.366782e+01 2.389194e-15 4.887938e-09
5.585400e+03 2.133772e+01 5.409340e-10 2.325799e-06
5.585410e+03 1.481483e+01 3.681299e-07 6.067371e-05
5.585420e+03 1.246428e+01 3.862167e-06 1.965240e-04
5.585430e+03 1.328064e+01 1.707220e-06 1.306606e-04
5.585440e+03 1.684047e+01 4.856003e-08 2.203634e-05
5.585450e+03 2.304565e+01 9.803938e-11 9.901484e-07
5.585460e+03 3.183339e+01 1.496012e-14 1.223116e-08
5.585470e+03 4.295160e+01 2.220028e-19 4.711718e-11
5.585480e+03 5.582706e+01 5.683488e-25 7.538891e-14
5.585490e+03 6.951365e+01 6.465547e-31 8.040862e-17
5.585500e+03 8.271002e+01 1.200868e-36 1.095841e-19
5.585510e+03 9.384527e+01 1.751925e-41 4.185600e-22
5.585520e+03 1.012714e+02 1.043240e-44 1.021391e-23
5.585530e+03 1.035835e+02 1.033378e-45 3.214619e-24
5.585540e+03 1.000208e+02 3.643530e-44 1.908803e-23
5.585550e+03 9.079950e+01 3.683650e-40 1.919284e-21
5.585560e+03 7.718599e+01 3.009901e-34 1.734907e-18
5.585570e+03 6.122709e+01 2.566920e-27 5.066478e-15
5.585580e+03 4.519369e+01 2.358476e-20 1.535733e-11
5.585590e+03 3.097451e+01 3.531353e-14 1.879189e-08
5.585600e+03 1.968667e+01 2.819593e-09 5.309984e-06
5.585610e+03 1.160097e+01 9.157165e-06 3.026081e-04
5.585620e+03 6.347881e+00 1.750453e-03 4.183842e-03
5.585630e+03 3.241673e+00 3.909842e-02 1.977332e-02
5.585640e+03 1.563758e+00 2.093479e-01 4.575455e-02
5.585650e+03 7.328486e-01 4.805382e-01 6.932086e-02
5.585660e+03 3.542585e-01 7.016936e-01 8.376715e-02
5.585670e+03 1.936960e-01 8.239084e-01 9.076940e-02
5.585680e+03 1.299513e-01 8.781382e-01 9.370903e-02
5.585690e+03 1.056391e-01 8.997493e-01 9.485512e-02
5.585700e+03 9.643710e-02 9.080670e-01 9.529255e-02
5.585710e+03 9.243021e-02 9.117128e-01 9.548365e-02
5.585720e+03 9.081638e-02 9.131854e-01 9.556073e-02
5.585730e+03 8.971222e-02 9.141942e-01 9.561351e-02
5.585740e+03 8.922075e-02 9.146436e-01 9.563700e-02
5.585750e+03 8.923666e-02 9.146291e-01 9.563624e-02
5.585760e+03 8.978827e-02 9.141247e-01 9.560987e-02
5.585770e+03 9.110960e-02 9.129177e-01 9.554672e-02
5.585780e+03 9.389464e-02 9.103787e-01 9.541377e-02
5.585790e+03 1.005826e-01 9.043104e-01 9.509524e-02
5.585800e+03 1.141857e-01 8.920923e-01 9.445064e-02
5.585810e+03 1.454344e-01 8.646466e-01 9.298638e-02
5.585820e+03 2.154013e-01 8.062179e-01 8.978964e-02
5.585830e+03 3.611933e-01 6.968443e-01 8.347720e-02
5.585840e+03 6.531370e-01 5.204107e-01 7.213949e-02
5.585850e+03 1.201692e+00 3.006851e-01 5.483476e-02
5.585860e+03 2.170805e+00 1.140857e-01 3.377658e-02
5.585870e+03 3.782979e+00 2.275480e-02 1.508469e-02
5.585880e+03 6.299965e+00 1.836369e-03 4.285288e-03
5.585890e+03 9.991703e+00 4.577820e-05 6.765959e-04
5.585900e+03 1.507803e+01 2.829402e-07 5.319212e-05
5.585910e+03 2.165254e+01 3.948391e-10 1.987056e-06
5.585920e+03 2.960628e+01 1.387249e-13 3.724579e-08
5.585930e+03 3.856545e+01 1.783353e-17 4.222976e-10
5.585940e+03 4.787120e+01 1.621064e-21 4.026243e-12
5.585950e+03 5.661872e+01 2.575145e-25 5.074589e-14
5.585960e+03 6.377518e+01 2.008123e-28 1.417083e-15
5.585970e+03 6.835845e+01 2.052589e-30 1.432686e-16
5.585980e+03 6.964915e+01 5.646234e-31 7.514143e-17
5.585990e+03 6.737466e+01 5.489793e-30 2.343031e-16
5.586000e+03 6.180262e+01 1.443649e-27 3.799538e-15
5.586010e+03 5.369754e+01 4.780293e-24 2.186388e-13
5.586020e+03 4.415712e+01 6.649735e-20 2.578708e-11
5.586030e+03 3.436665e+01 1.187831e-15 3.446492e-09
5.586040e+03 2.536187e+01 9.671159e-12 3.109849e-07
5.586050e+03 1.787464e+01 1.726397e-08 1.313924e-05
5.586060e+03 1.228918e+01 4.601250e-06 2.145052e-04
5.586070e+03 8.709604e+00 1.649936e-04 1.284498e-03
5.586080e+03 7.074254e+00 8.466236e-04 2.909680e-03
5.586090e+03 7.268965e+00 6.968331e-04 2.639760e-03
5.586100e+03 9.190639e+00 1.019896e-04 1.009899e-03
5.586110e+03 1.274103e+01 2.928471e-06 1.711278e-04
5.586120e+03 1.776369e+01 1.928986e-08 1.388879e-05
5.586130e+03 2.395388e+01 3.953329e-11 6.287551e-07
5.586140e+03 3.079586e+01 4.222106e-14 2.054776e-08
5.586150e+03 3.755780e+01 4.884884e-17 6.989195e-10
5.586160e+03 4.337392e+01 1.455283e-19 3.814818e-11
5.586170e+03 4.740527e+01 2.583161e-21 5.082481e-12
5.586180e+03 4.901923e+01 5.143028e-22 2.267825e-12
5.586190e+03 4.795233e+01 1.494746e-21 3.866194e-12
5.586200e+03 4.437813e+01 5.331193e-20 2.308938e-11
5.586210e+03 3.885553e+01 1.334319e-17 3.652834e-10
5.586220e+03 3.218854e+01 1.048802e-14 1.024110e-08
5.586230e+03 2.523440e+01 1.098603e-11 3.314518e-07
5.586240e+03 1.872676e+01 7.363250e-09 8.580938e-06
5.586250e+03 1.316554e+01 1.915481e-06 1.384009e-04
5.586260e+03 8.783664e+00 1.532157e-04 1.237803e-03
5.586270e+03 5.582778e+00 3.762098e-03 6.133594e-03
5.586280e+03 3.415237e+00 3.286862e-02 1.812970e-02
5.586290e+03 2.061630e+00 1.272464e-01 3.567162e-02
5.586300e+03 1.297929e+00 2.730968e-01 5.225866e-02
5.586310e+03 9.348808e-01 3.926327e-01 6.266041e-02
5.586320e+03 8.322335e-01 4.350765e-01 6.596033e-02
5.586330e+03 8.979357e-01 4.074098e-01 6.382866e-02
5.586340e+03 1.082512e+00 3.387436e-01 5.820168e-02
5.586350e+03 1.371174e+00 2.538088e-01 5.037944e-02
5.586360e+03 1.779406e+00 1.687384e-01 4.107778e-02
5.586370e+03 2.358022e+00 9.460714e-02 3.075827e-02
5.586380e+03 3.190661e+00 4.114466e-02 2.028415e-02
5.586390e+03 4.388856e+00 1.241493e-02 1.114223e-02
5.586400e+03 6.074448e+00 2.300916e-03 4.796787e-03
5.586410e+03 8.343079e+00 2.380382e-04 1.542849e-03
5.586420e+03 1.122418e+01 1.334748e-05 3.653420e-04
5.586430e+03 1.463531e+01 4.405194e-07 6.637164e-05
5.586440e+03 1.836341e+01 1.058945e-08 1.029050e-05
5.586450e+03 2.207611e+01 2.585046e-10 1.607808e-06
5.586460e+03 2.537224e+01 9.571395e-12 3.093767e-07
5.586470e+03 2.785814e+01 7.968276e-13 8.926520e-08
5.586480e+03 2.923043e+01 2.020149e-13 4.494607e-08
5.586490e+03 2.933954e+01 1.811341e-13 4.255985e-08
5.586500e+03 2.823474e+01 5.467766e-13 7.394435e-08
5.586510e+03 2.617152e+01 4.303823e-12 2.074566e-07
5.586520e+03 2.360086e+01 5.627001e-11 7.501334e-07
5.586530e+03 2.113721e+01 6.610397e-10 2.571069e-06
5.586540e+03 1.951514e+01 3.347204e-09 5.785503e-06
5.586550e+03 1.951952e+01 3.332563e-09 5.772836e-06
5.586560e+03 2.188931e+01 3.115985e-10 1.765215e-06
5.586570e+03 2.719257e+01 1.550309e-12 1.245114e-07
5.586580e+03 3.568648e+01 3.173658e-16 1.781476e-09
5.586590e+03 4.720158e+01 3.166758e-21 5.627396e-12
5.586600e+03 6.108942e+01 2.945778e-27 5.427502e-15
5.586610e+03 7.625871e+01 7.607846e-34 2.758232e-18
5.586620e+03 9.131465e+01 2.200647e-40 1.483458e-21
5.586630e+03 1.047392e+02 3.253362e-46 1.803708e-24
5.586640e+03 1.151279e+02 1.001389e-50 1.000694e-26
5.586650e+03 1.214377e+02 1.820885e-53 4.267183e-28
5.586660e+03 1.232905e+02 2.855030e-54 1.689683e-28
5.586670e+03 1.212781e+02 2.136030e-53 4.621721e-28
5.586680e+03 1.171571e+02 1.316247e-51 3.628012e-27
5.586690e+03 1.137518e+02 3.964734e-50 1.991164e-26
5.586700e+03 1.144602e+02 1.952294e-50 1.397245e-26
5.586710e+03 1.223871e+02 7.046424e-54 2.654510e-28
5.586720e+03 1.393612e+02 2.993561e-61 5.471344e-32
5.586730e+03 1.651735e+02 1.845277e-72 1.358410e-37
5.586740e+03 1.973300e+02 1.998413e-86 1.413653e-44
5.586750e+03 2.314588e+02 3.011161e-101 5.487405e-52
5.586760e+03 2.622826e+02 1.236287e-114 1.111884e-58
5.586770e+03 2.848943e+02 1.870564e-124 1.367686e-63
5.586780e+03 2.959561e+02 2.936951e-129 5.419365e-66
5.586790e+03 2.944477e+02 1.327389e-128 1.152124e-65
5.586800e+03 2.817247e+02 4.451645e-123 6.672065e-63
5.586810e+03 2.608890e+02 4.981468e-114 2.231920e-58
5.586820e+03 2.357299e+02 4.205251e-103 6.484791e-53
5.586830e+03 2.096538e+02 8.882279e-92 2.980315e-47
5.586840e+03 1.850323e+02 4.380229e-81 6.618330e-42
5.586850e+03 1.631211e+02 1.436795e-71 3.790508e-37
5.586860e+03 1.445172e+02 1.725763e-63 4.154231e-33
5.586870e+03 1.297822e+02 4.328202e-57 6.578907e-30
5.586880e+03 1.198272e+02 9.113641e-53 9.546539e-28
5.586890e+03 1.157596e+02 5.324183e-51 7.296700e-27
5.586900e+03 1.182061e+02 4.610622e-52 2.147236e-27
5.586910e+03 1.264456e+02 1.217237e-55 3.488893e-29
5.586920e+03 1.379135e+02 1.273341e-60 1.128424e-31
5.586930e+03 1.485142e+02 3.170326e-65 5.630565e-34
5.586940e+03 1.537992e+02 1.606384e-67 4.007972e-35
5.586950e+03 1.505300e+02 4.223286e-66 2.055064e-34
5.586960e+03 1.378868e+02 1.307735e-60 1.143562e-31
5.586970e+03 1.177186e+02 7.507288e-52 2.739943e-27
5.586980e+03 9.376605e+01 1.896366e-41 4.354729e-22
5.586990e+03 7.034371e+01 2.819134e-31 5.309552e-17
5.587000e+03 5.117012e+01 5.985504e-23 7.736604e-13
5.587010e+03 3.878878e+01 1.426423e-17 3.776802e-10
5.587020e+03 3.460566e+01 9.353013e-16 3.058270e-09
5.587030e+03 3.915301e+01 9.909812e-18 3.147985e-10
5.587040e+03 5.216928e+01 2.203793e-23 4.694457e-13
5.587050e+03 7.233928e+01 3.832200e-32 1.957601e-17
5.587060e+03 9.691684e+01 8.119879e-43 9.011037e-23
5.587070e+03 1.216781e+02 1.431784e-53 3.783892e-28
5.587080e+03 1.415888e+02 3.226621e-62 1.796280e-32
5.587090e+03 1.521469e+02 8.383439e-67 9.156112e-35
5.587100e+03 1.508744e+02 2.992843e-66 1.729984e-34
5.587110e+03 1.382399e+02 9.187171e-61 9.584973e-32
5.587120e+03 1.174794e+02 9.535083e-52 3.087893e-27
5.587130e+03 9.342047e+01 2.679194e-41 5.176093e-22
5.587140e+03 7.088655e+01 1.638188e-31 4.047453e-17
5.587150e+03 5.344599e+01 6.147512e-24 2.479418e-13
5.587160e+03 4.295602e+01 2.210224e-19 4.701302e-11
5.587170e+03 3.989202e+01 4.732798e-18 2.175499e-10
5.587180e+03 4.407269e+01 7.235590e-20 2.689905e-11
5.587190e+03 5.528489e+01 9.774127e-25 9.886418e-14
5.587200e+03 7.345615e+01 1.254297e-32 1.119954e-17
5.587210e+03 9.830718e+01 2.021779e-43 4.496419e-23
5.587220e+03 1.286879e+02 1.292831e-56 1.137027e-29
5.587230e+03 1.620180e+02 4.330011e-71 6.580282e-37
5.587240e+03 1.942381e+02 4.400250e-85 6.633438e-44
5.587250e+03 2.204728e+02 1.777728e-96 1.333315e-49
5.587260e+03 2.362569e+02 2.482685e-103 4.982655e-53
5.587270e+03 2.388296e+02 1.895021e-104 1.376598e-53
5.587280e+03 2.279458e+02 1.010156e-99 3.178295e-51
5.587290e+03 2.058625e+02 3.936143e-90 1.983971e-46
5.587300e+03 1.765465e+02 2.122338e-77 4.606884e-40
5.587310e+03 1.444845e+02 1.783094e-63 4.222670e-33
5.587320e+03 1.135795e+02 4.710529e-50 2.170375e-26
5.587330e+03 8.649077e+01 2.738654e-38 1.654888e-20
5.587340e+03 6.448904e+01 9.834770e-29 9.917041e-16
5.587350e+03 4.769509e+01 1.933246e-21 4.396869e-12
5.587360e+03 3.549477e+01 3.844299e-16 1.960688e-09
5.587370e+03 2.693317e+01 2.009424e-12 1.417542e-07
5.587380e+03 2.100743e+01 7.526419e-10 2.743432e-06
5.587390e+03 1.686525e+01 4.737129e-08 2.176495e-05
5.587400e+03 1.392873e+01 8.929587e-07 9.449649e-05
5.587410e+03 1.196667e+01 6.352425e-06 2.520402e-04
5.587420e+03 1.112731e+01 1.470524e-05 3.834741e-04
5.587430e+03 1.192393e+01 6.629845e-06 2.574849e-04
5.587440e+03 1.517480e+01 2.568444e-07 5.067982e-05
5.587450e+03 2.188020e+01 3.144487e-10 1.773270e-06
5.587460e+03 3.301243e+01 4.601335e-15 6.783314e-09
5.587470e+03 4.920797e+01 4.258426e-22 2.063595e-12
5.587480e+03 7.038378e+01 2.708397e-31 5.204226e-17
5.587490e+03 9.539405e+01 3.722980e-42 1.929503e-22
5.587500e+03 1.218896e+02 1.158835e-53 3.404166e-28
5.587510e+03 1.465353e+02 2.293554e-64 1.514448e-33
5.587520e+03 1.656388e+02 1.158708e-72 1.076433e-37
5.587530e+03 1.760439e+02 3.508493e-77 5.923254e-40
5.587540e+03 1.760154e+02 3.609971e-77 6.008303e-40
5.587550e+03 1.657461e+02 1.040829e-72 1.020210e-37
5.587560e+03 1.472909e+02 1.077431e-64 1.037994e-33
5.587570e+03 1.239453e+02 1.483400e-54 1.217949e-28
5.587580e+03 9.932603e+01 7.298820e-44 2.701633e-23
5.587590e+03 7.649814e+01 5.987968e-34 2.447033e-18
5.587600e+03 5.745311e+01 1.117970e-25 3.343605e-14
5.587610e+03 4.304200e+01 2.028136e-19 4.503483e-11
5.587620e+03 3.327889e+01 3.525033e-15 5.937199e-09
5.587630e+03 2.784551e+01 8.069569e-13 8.983078e-08
5.587640e+03 2.657962e+01 2.861668e-12 1.691647e-07
5.587650e+03 2.982065e+01 1.119587e-13 3.346023e-08
5.587660e+03 3.851225e+01 1.880793e-17 4.336811e-10
5.587670e+03 5.407421e+01 3.279952e-24 1.811064e-13
5.587680e+03 7.807541e+01 1.236745e-34 1.112090e-18
5.587690e+03 1.118027e+02 2.784202e-49 5.276554e-26
5.587700e+03 1.558333e+02 2.101242e-68 1.449566e-35
5.587710e+03 2.097505e+02 8.063249e-92 2.839586e-47
5.587720e+03 2.720677e+02 6.958159e-119 8.341558e-61
5.587730e+03 3.403851e+02 1.488078e-148 1.219868e-75
5.587740e+03 4.117263e+02 1.547178e-179 3.933418e-91
5.587750e+03 4.830763e+02 1.594530e-210 1.262747e-106
5.587760e+03 5.522478e+02 1.451487e-240 1.204777e-121
5.587770e+03 6.192798e+02 1.122572e-269 3.350481e-136
5.587780e+03 6.883976e+02 1.078241e-299 3.283658e-151
5.587790e+03 7.701235e+02 0.000000e+00 0.000000e+00
5.587800e+03 8.824378e+02 0.000000e+00 0.000000e+00
5.587810e+03 1.049520e+03 0.000000e+00 0.000000e+00
5.587820e+03 1.296686e+03 0.000000e+00 0.000000e+00
5.587830e+03 1.641400e+03 0.000000e+00 0.000000e+00
5.587840e+03 2.082402e+03 0.000000e+00 0.000000e+00
5.587850e+03 2.591417e+03 0.000000e+00 0.000000e+00
5.587860e+03 3.112772e+03 0.000000e+00 0.000000e+00
5.587870e+03 3.574034e+03 0.000000e+00 0.000000e+00
5.587880e+03 3.905544e+03 0.000000e+00 0.000000e+00
5.587890e+03 4.061305e+03 0.000000e+00 0.000000e+00
5.587900e+03 4.031828e+03 0.000000e+00 0.000000e+00
5.587910e+03 3.843335e+03 0.000000e+00 0.000000e+00
5.587920e+03 3.544954e+03 0.000000e+00 0.000000e+00
5.587930e+03 3.191425e+03 0.000000e+00 0.000000e+00
5.587940e+03 2.829619e+03 0.000000e+00 0.000000e+00
5.587950e+03 2.493047e+03 0.000000e+00 0.000000e+00
5.587960e+03 2.203189e+03 0.000000e+00 0.000000e+00
5.587970e+03 1.973419e+03 0.000000e+00 0.000000e+00
5.587980e+03 1.811795e+03 0.000000e+00 0.000000e+00
5.587990e+03 1.721573e+03 0.000000e+00 0.000000e+00
5.588000e+03 1.700548e+03 0.000000e+00 0.000000e+00
5.588010e+03 1.741052e+03 0.000000e+00 0.000000e+00
5.588020e+03 1.831558e+03 0.000000e+00 0.000000e+00
5.588030e+03 1.959456e+03 0.000000e+00 0.000000e+00
5.588040e+03 2.113582e+03 0.000000e+00 0.000000e+00
5.588050e+03 2.285167e+03 0.000000e+00 0.000000e+00
5.588060e+03 2.466761e+03 0.000000e+00 0.000000e+00
5.588070e+03 2.649944e+03 0.000000e+00 0.000000e+00
5.588080e+03 2.823452e+03 0.000000e+00 0.000000e+00
5.588090e+03 2.973223e+03 0.000000e+00 0.000000e+00
5.588100e+03 3.085019e+03 0.000000e+00 0.000000e+00
5.588110e+03 3.148926e+03 0.000000e+00 0.000000e+00
5.588120e+03 3.164059e+03 0.000000e+00 0.000000e+00
5.588130e+03 3.141388e+03 0.000000e+00 0.000000e+00
5.588140e+03 3.103116e+03 0.000000e+00 0.000000e+00
5.588150e+03 3.078174e+03 0.000000e+00 0.000000e+00
5.588160e+03 3.094962e+03 0.000000e+00 0.000000e+00
5.588170e+03 3.173615e+03 0.000000e+00 0.000000e+00
5.588180e+03 3.320327e+03 0.000000e+00 0.000000e+00
5.588190e+03 3.525357e+03 0.000000e+00 0.000000e+00
5.588200e+03 3.764721e+03 0.000000e+00 0.000000e+00
5.588210e+03 4.004374e+03 0.000000e+00 0.000000e+00
5.588220e+03 4.205665e+03 0.000000e+00 0.000000e+00
5.588230e+03 4.331581e+03 0.000000e+00 0.000000e+00
5.588240e+03 4.353765e+03 0.000000e+00 0.000000e+00
5.588250e+03 4.259656e+03 0.000000e+00 0.000000e+00
5.588260e+03 4.057735e+03 0.000000e+00 0.000000e+00
5.588270e+03 3.778150e+03 0.000000e+00 0.000000e+00
5.588280e+03 3.467150e+03 0.000000e+00 0.000000e+00
5.588290e+03 3.176285e+03 0.000000e+00 0.000000e+00
5.588300e+03 2.949947e+03 0.000000e+00 0.000000e+00
5.588310e+03 2.815406e+03 0.000000e+00 0.000000e+00
5.588320e+03 2.778271e+03 0.000000e+00 0.000000e+00
5.588330e+03 2.823743e+03 0.000000e+00 0.000000e+00
5.588340e+03 2.922042e+03 0.000000e+00 0.000000e+00
5.588350e+03 3.035585e+03 0.000000e+00 0.000000e+00
5.588360e+03 3.126032e+03 0.000000e+00 0.000000e+00
5.588370e+03 3.160261e+03 0.000000e+00 0.000000e+00
5.588380e+03 3.115091e+03 0.000000e+00 0.000000e+00
5.588390e+03 2.980705e+03 0.000000e+00 0.000000e+00
5.588400e+03 2.762421e+03 0.000000e+00 0.000000e+00
5.588410e+03 2.480053e+03 0.000000e+00 0.000000e+00
5.588420e+03 2.164319e+03 0.000000e+00 0.000000e+00
5.588430e+03 1.850433e+03 0.000000e+00 0.000000e+00
5.588440e+03 1.570240e+03 0.000000e+00 0.000000e+00
5.588450e+03 1.345050e+03 0.000000e+00 0.000000e+00
5.588460e+03 1.181465e+03 0.000000e+00 0.000000e+00
5.588470e+03 1.071603e+03 0.000000e+00 0.000000e+00
5.588480e+03 9.975977e+02 0.000000e+00 0.000000e+00
5.588490e+03 9.386651e+02 0.000000e+00 0.000000e+00
5.588500e+03 8.780388e+02 0.000000e+00 0.000000e+00
5.588510e+03 8.072455e+02 0.000000e+00 0.000000e+00
5.588520e+03 7.264687e+02 3.152355e-316 1.775487e-159
5.588530e+03 6.415268e+02 2.445911e-279 4.945615e-141
5.588540e+03 5.594581e+02 1.072556e-243 3.274991e-123
5.588550e+03 4.850351e+02 2.248680e-211 4.742024e-107
5.588560e+03 4.196695e+02 5.493508e-183 7.411820e-93
5.588570e+03 3.627366e+02 2.920627e-158 1.708984e-80
5.588580e+03 3.141373e+02 3.731528e-137 6.108624e-70
5.588590e+03 2.765106e+02 8.183746e-121 9.046406e-62
5.588600e+03 2.558797e+02 7.462156e-112 2.731695e-57
5.588610e+03 2.602762e+02 9.193229e-114 3.032034e-58
5.588620e+03 2.967952e+02 1.269010e-129 3.562317e-66
5.588630e+03 3.682234e+02 1.209569e-160 1.099804e-81
5.588640e+03 4.708357e+02 3.301177e-205 5.745587e-104
5.588650e+03 5.948501e+02 4.569702e-259 6.759957e-131
5.588660e+03 7.280035e+02 6.793380e-317 8.242197e-160
5.588670e+03 8.609214e+02 0.000000e+00 0.000000e+00
5.588680e+03 9.913222e+02 0.000000e+00 0.000000e+00
5.588690e+03 1.123970e+03 0.000000e+00 0.000000e+00
5.588700e+03 1.265388e+03 0.000000e+00 0.000000e+00
5.588710e+03 1.415694e+03 0.000000e+00 0.000000e+00
5.588720e+03 1.562369e+03 0.000000e+00 0.000000e+00
5.588730e+03 1.680352e+03 0.000000e+00 0.000000e+00
5.588740e+03 1.739587e+03 0.000000e+00 0.000000e+00
5.588750e+03 1.716823e+03 0.000000e+00 0.000000e+00
5.588760e+03 1.606030e+03 0.000000e+00 0.000000e+00
5.588770e+03 1.422375e+03 0.000000e+00 0.000000e+00
5.588780e+03 1.198098e+03 0.000000e+00 0.000000e+00
5.588790e+03 9.724340e+02 0.000000e+00 0.000000e+00
5.588800e+03 7.800942e+02 0.000000e+00 0.000000e+00
5.588810e+03 6.427317e+02 7.331114e-280 2.707603e-141
5.588820e+03 5.658155e+02 1.859707e-246 1.363711e-124
5.588830e+03 5.407659e+02 1.407175e-235 3.751234e-119
5.588840e+03 5.502671e+02 1.052087e-239 3.243588e-121
5.588850e+03 5.742252e+02 4.141760e-250 2.035131e-126
5.588860e+03 5.945401e+02 6.230416e-259 7.893299e-131
5.588870e+03 5.981968e+02 1.608459e-260 1.268250e-131
5.588880e+03 5.790432e+02 3.347446e-252 1.829603e-127
5.588890e+03 5.385850e+02 1.245949e-234 1.116221e-118
5.588900e+03 4.855033e+02 1.407940e-211 3.752253e-107
5.588910e+03 4.332486e+02 6.958292e-189 8.341638e-96
5.588920e+03 3.956339e+02 1.507921e-172 1.227974e-87
5.588930e+03 3.815956e+02 1.884170e-166 1.372651e-84
5.588940e+03 3.912538e+02 1.203997e-170 1.097268e-86
5.588950e+03 4.153145e+02 4.277463e-181 6.540232e-92
5.588960e+03 4.384480e+02 3.840952e-191 6.197542e-97
5.588970e+03 4.453454e+02 3.881156e-194 1.970065e-98
5.588980e+03 4.267650e+02 4.553387e-186 2.133867e-94
5.588990e+03 3.829313e+02 4.954844e-167 7.039065e-85
5.589000e+03 3.232665e+02 4.046944e-141 6.361560e-72
5.589010e+03 2.635782e+02 3.383979e-115 5.817198e-59
5.589020e+03 2.231765e+02 1.190401e-97 3.450219e-50
5.589030e+03 2.238936e+02 5.811144e-98 2.410631e-50
5.589040e+03 2.909174e+02 4.531034e-127 6.731296e-65
5.589050e+03 4.528819e+02 2.069571e-197 4.549253e-100
5.589060e+03 7.374973e+02 5.118520e-321 7.154383e-162
5.589070e+03 1.160507e+03 0.000000e+00 0.000000e+00
5.589080e+03 1.710027e+03 0.000000e+00 0.000000e+00
5.589090e+03 2.333585e+03 0.000000e+00 0.000000e+00
5.589100e+03 2.937777e+03 0.000000e+00 0.000000e+00
5.589110e+03 3.406978e+03 0.000000e+00 0.000000e+00
5.589120e+03 3.637872e+03 0.000000e+00 0.000000e+00
5.589130e+03 3.575994e+03 0.000000e+00 0.000000e+00
5.589140e+03 3.236588e+03 0.000000e+00 0.000000e+00
5.589150e+03 2.698839e+03 0.000000e+00 0.000000e+00
5.589160e+03 2.076473e+03 0.000000e+00 0.000000e+00
5.589170e+03 1.479619e+03 0.000000e+00 0.000000e+00
5.589180e+03 9.851674e+02 0.000000e+00 0.000000e+00
5.589190e+03 6.256156e+02 1.988864e-272 1.410271e-137
5.589200e+03 3.956023e+02 1.556380e-172 1.247550e-87
5.589210e+03 2.681987e+02 3.332629e-117 5.772892e-60
5.589220e+03 2.121538e+02 7.290911e-93 8.538683e-48
5.589230e+03 2.046418e+02 1.334169e-89 3.652628e-46
5.589240e+03 2.378028e+02 5.291177e-104 2.300256e-53
5.589250e+03 3.192821e+02 2.175483e-139 4.664207e-71
5.589260e+03 4.671438e+02 1.324405e-203 3.639238e-103
5.589270e+03 6.996252e+02 1.434273e-304 1.197611e-153
5.589280e+03 1.021556e+03 0.000000e+00 0.000000e+00
5.589290e+03 1.411940e+03 0.000000e+00 0.000000e+00
5.589300e+03 1.819262e+03 0.000000e+00 0.000000e+00
5.589310e+03 2.169857e+03 0.000000e+00 0.000000e+00
5.589320e+03 2.389064e+03 0.000000e+00 0.000000e+00
5.589330e+03 2.427262e+03 0.000000e+00 0.000000e+00
5.589340e+03 2.278392e+03 0.000000e+00 0.000000e+00
5.589350e+03 1.981396e+03 0.000000e+00 0.000000e+00
5.589360e+03 1.604008e+03 0.000000e+00 0.000000e+00
5.589370e+03 1.217751e+03 0.000000e+00 0.000000e+00
5.589380e+03 8.764711e+02 0.000000e+00 0.000000e+00
5.589390e+03 6.067442e+02 3.121495e-264 1.766775e-133
5.589400e+03 4.106860e+02 4.378727e-179 6.617195e-91
5.589410e+03 2.758283e+02 1.619085e-120 1.272433e-61
5.589420e+03 1.854281e+02 2.948621e-81 5.430121e-42
5.589430e+03 1.251216e+02 4.575015e-55 6.763886e-29
5.589440e+03 8.530249e+01 8.986715e-38 2.997785e-20
5.589450e+03 6.069497e+01 4.370267e-27 6.610800e-15
5.589460e+03 4.894690e+01 5.528787e-22 2.351337e-12
5.589470e+03 4.934180e+01 3.725025e-22 1.930032e-12
5.589480e+03 6.188210e+01 1.333349e-27 3.651505e-15
5.589490e+03 8.654483e+01 2.594513e-38 1.610749e-20
5.589500e+03 1.224921e+02 6.343962e-54 2.518722e-28
5.589510e+03 1.672774e+02 2.250807e-73 4.744267e-38
5.589520e+03 2.163932e+02 1.051067e-94 1.025216e-48
5.589530e+03 2.636458e+02 3.163002e-115 5.624057e-59
5.589540e+03 3.027151e+02 3.407948e-132 1.846063e-67
5.589550e+03 3.297795e+02 6.005932e-144 2.450700e-73
5.589560e+03 3.465446e+02 3.144821e-151 5.607871e-77
5.589570e+03 3.625803e+02 3.414980e-158 1.847966e-80
5.589580e+03 3.957579e+02 1.332087e-172 1.154161e-87
5.589590e+03 4.698415e+02 8.921205e-205 9.445213e-104
5.589600e+03 6.088440e+02 3.823121e-265 6.183139e-134
5.589610e+03 8.286717e+02 0.000000e+00 0.000000e+00
5.589620e+03 1.127965e+03 0.000000e+00 0.000000e+00
5.589630e+03 1.481515e+03 0.000000e+00 0.000000e+00
5.589640e+03 1.840267e+03 0.000000e+00 0.000000e+00
5.589650e+03 2.140460e+03 0.000000e+00 0.000000e+00
5.589660e+03 2.320709e+03 0.000000e+00 0.000000e+00
5.589670e+03 2.341373e+03 0.000000e+00 0.000000e+00
5.589680e+03 2.198144e+03 0.000000e+00 0.000000e+00
5.589690e+03 1.923627e+03 0.000000e+00 0.000000e+00
5.589700e+03 1.576045e+03 0.000000e+00 0.000000e+00
5.589710e+03 1.220184e+03 0.000000e+00 0.000000e+00
5.589720e+03 9.087013e+02 0.000000e+00 0.000000e+00
5.589730e+03 6.706720e+02 5.381033e-292 2.319705e-147
5.589740e+03 5.100530e+02 3.067586e-222 1.751452e-112
5.589750e+03 4.123138e+02 8.597595e-180 2.932166e-91
5.589760e+03 3.549239e+02 7.219530e-155 8.496782e-79
5.589770e+03 3.171691e+02 1.799656e-138 1.341513e-70
5.589780e+03 2.861881e+02 5.129514e-125 7.162063e-64
5.589790e+03 2.581886e+02 7.415191e-113 8.611150e-58
5.589800e+03 2.357119e+02 4.281787e-103 6.543536e-53
5.589810e+03 2.230435e+02 1.359717e-97 3.687434e-50
5.589820e+03 2.221382e+02 3.361924e-97 5.798210e-50
5.589830e+03 2.307572e+02 6.073517e-101 7.793277e-52
5.589840e+03 2.432360e+02 2.311844e-106 1.520475e-54
5.589850e+03 2.530329e+02 1.285957e-110 1.134001e-56
5.589860e+03 2.554689e+02 1.125272e-111 3.354507e-57
5.589870e+03 2.492325e+02 5.750593e-109 7.583266e-56
5.589880e+03 2.360943e+02 2.921028e-103 5.404654e-53
5.589890e+03 2.193922e+02 5.237983e-96 2.288664e-49
5.589900e+03 2.024748e+02 1.164953e-88 1.079330e-45
5.589910e+03 1.881551e+02 1.928843e-82 1.388828e-42
5.589920e+03 1.794770e+02 1.132750e-78 1.064307e-40
5.589930e+03 1.812616e+02 1.901538e-79 4.360663e-41
5.589940e+03 2.014684e+02 3.187014e-88 1.785221e-45
5.589950e+03 2.514438e+02 6.300008e-110 2.509982e-56
5.589960e+03 3.444164e+02 2.641652e-150 1.625316e-76
5.589970e+03 4.919716e+02 2.184906e-214 1.478143e-108
5.589980e+03 6.987913e+02 3.302234e-304 1.817205e-153
5.589990e+03 9.568796e+02 0.000000e+00 0.000000e+00
5.590000e+03 1.241671e+03 0.000000e+00 0.000000e+00
5.590010e+03 1.512959e+03 0.000000e+00 0.000000e+00
5.590020e+03 1.722497e+03 0.000000e+00 0.000000e+00
5.590030e+03 1.827135e+03 0.000000e+00 0.000000e+00
5.590040e+03 1.802836e+03 0.000000e+00 0.000000e+00
5.590050e+03 1.653347e+03 0.000000e+00 0.000000e+00
5.590060e+03 1.409135e+03 0.000000e+00 0.000000e+00
5.590070e+03 1.116966e+03 0.000000e+00 0.000000e+00
5.590080e+03 8.250121e+02 0.000000e+00 0.000000e+00
5.590090e+03 5.700548e+02 2.681173e-248 1.637429e-125
5.590100e+03 3.712982e+02 5.587941e-162 2.363883e-82
5.590110e+03 2.314053e+02 3.176635e-101 5.636164e-52
5.590120e+03 1.421816e+02 1.783689e-62 1.335548e-32
5.590130e+03 9.134526e+01 2.134301e-40 1.460925e-21
5.590140e+03 6.778760e+01 3.632611e-30 1.905941e-16
5.590150e+03 6.437532e+01 1.101929e-28 1.049728e-15
5.590160e+03 7.857722e+01 7.487688e-35 8.653143e-19
5.590170e+03 1.116491e+02 3.246550e-49 5.697850e-26
5.590180e+03 1.670196e+02 2.912758e-73 5.396997e-38
5.590190e+03 2.482804e+02 1.490011e-108 1.220660e-55
5.590200e+03 3.570805e+02 8.354606e-156 2.890433e-79
5.590210e+03 4.912474e+02 4.507886e-214 2.123178e-108
5.590220e+03 6.435428e+02 3.257739e-280 1.804921e-141
5.590230e+03 8.014735e+02 0.000000e+00 0.000000e+00
5.590240e+03 9.484461e+02 0.000000e+00 0.000000e+00
5.590250e+03 1.066267e+03 0.000000e+00 0.000000e+00
5.590260e+03 1.138584e+03 0.000000e+00 0.000000e+00
5.590270e+03 1.154473e+03 0.000000e+00 0.000000e+00
5.590280e+03 1.111111e+03 0.000000e+00 0.000000e+00
5.590290e+03 1.014635e+03 0.000000e+00 0.000000e+00
5.590300e+03 8.787942e+02 0.000000e+00 0.000000e+00
5.590310e+03 7.217470e+02 3.542037e-314 1.882030e-158
5.590320e+03 5.620506e+02 8.026281e-245 8.958952e-124
5.590330e+03 4.150771e+02 5.423963e-181 7.364756e-92
5.590340e+03 2.908290e+02 4.949604e-127 7.035342e-65
5.590350e+03 1.934837e+02 9.356160e-85 9.672725e-44
5.590360e+03 1.223768e+02 7.119150e-54 2.668174e-28
5.590370e+03 7.373223e+01 9.516977e-33 9.755499e-18
5.590380e+03 4.245027e+01 3.665052e-19 6.053967e-11
5.590390e+03 2.347656e+01 6.371755e-11 7.982328e-07
5.590400e+03 1.258510e+01 3.422623e-06 1.850033e-04
5.590410e+03 6.644433e+00 1.301246e-03 3.607279e-03
5.590420e+03 3.549574e+00 2.873688e-02 1.695195e-02
5.590430e+03 1.995865e+00 1.358961e-01 3.686409e-02
5.590440e+03 1.232565e+00 2.915438e-01 5.399480e-02
5.590450e+03 8.553873e-01 4.251185e-01 6.520111e-02
5.590460e+03 6.597411e-01 5.169852e-01 7.190168e-02
5.590470e+03 5.479610e-01 5.781274e-01 7.603469e-02
5.590480e+03 4.761095e-01 6.211955e-01 7.881596e-02
5.590490e+03 4.256548e-01 6.533418e-01 8.082956e-02
5.590500e+03 3.913377e-01 6.761518e-01 8.222845e-02
5.590510e+03 3.738786e-01 6.880604e-01 8.294941e-02
5.590520e+03 3.821647e-01 6.823827e-01 8.260646e-02
5.590530e+03 4.336179e-01 6.481599e-01 8.050838e-02
5.590540e+03 5.566772e-01 5.731102e-01 7.570404e-02
5.590550e+03 7.943917e-01 4.518560e-01 6.722024e-02
5.590560e+03 1.203133e+00 3.002520e-01 5.479525e-02
5.590570e+03 1.845637e+00 1.579247e-01 3.973974e-02
5.590580e+03 2.775873e+00 6.229508e-02 2.495898e-02
5.590590e+03 4.016631e+00 1.801356e-02 1.342146e-02
5.590600e+03 5.534362e+00 3.948726e-03 6.283889e-03
5.590610e+03 7.223341e+00 7.293615e-04 2.700669e-03
5.590620e+03 8.903315e+00 1.359376e-04 1.165923e-03
5.590630e+03 1.034942e+01 3.201149e-05 5.657869e-04
5.590640e+03 1.133496e+01 1.194785e-05 3.456566e-04
5.590650e+03 1.169157e+01 8.363990e-06 2.892056e-04
5.590660e+03 1.135512e+01 1.170939e-05 3.421898e-04
5.590670e+03 1.038240e+01 3.097284e-05 5.565324e-04
5.590680e+03 8.941153e+00 1.308900e-04 1.144072e-03
5.590690e+03 7.254552e+00 7.069493e-04 2.658852e-03
5.590700e+03 5.548741e+00 3.892355e-03 6.238874e-03
5.590710e+03 4.007432e+00 1.818002e-02 1.348333e-02
5.590720e+03 2.738924e+00 6.463985e-02 2.542437e-02
5.590730e+03 1.780132e+00 1.686158e-01 4.106286e-02
5.590740e+03 1.109529e+00 3.297141e-01 5.742074e-02
5.590750e+03 6.736378e-01 5.098505e-01 7.140382e-02
5.590760e+03 4.089536e-01 6.643451e-01 8.150737e-02
5.590770e+03 2.586755e-01 7.720735e-01 8.786771e-02
5.590780e+03 1.773644e-01 8.374745e-01 9.151363e-02
5.590790e+03 1.361481e-01 8.727133e-01 9.341913e-02
5.590800e+03 1.155748e-01 8.908540e-01 9.438506e-02
5.590810e+03 1.051219e-01 9.002148e-01 9.487965e-02
5.590820e+03 9.934586e-02 9.054295e-01 9.515406e-02
5.590830e+03 9.520415e-02 9.091873e-01 9.535131e-02
5.590840e+03 9.122692e-02 9.128106e-01 9.554112e-02
5.590850e+03 8.885674e-02 9.149766e-01 9.565441e-02
5.590860e+03 8.670710e-02 9.169456e-01 9.575728e-02
5.590870e+03 8.469937e-02 9.187885e-01 9.585345e-02
5.590880e+03 8.280008e-02 9.205352e-01 9.594452e-02
5.590890e+03 8.099259e-02 9.222005e-01 9.603127e-02
5.590900e+03 7.926668e-02 9.237935e-01 9.611418e-02
5.590910e+03 7.701194e-02 9.258788e-01 9.622260e-02
5.590920e+03 7.543290e-02 9.273419e-01 9.629860e-02
5.590930e+03 7.391679e-02 9.287490e-01 9.637162e-02
5.590940e+03 7.210336e-02 9.304347e-01 9.645904e-02
5.590950e+03 7.070309e-02 9.317385e-01 9.652660e-02
5.590960e+03 6.903725e-02 9.332919e-01 9.660703e-02
5.590970e+03 6.743163e-02 9.347916e-01 9.668462e-02
5.590980e+03 6.540009e-02 9.366926e-01 9.678288e-02
5.590990e+03 6.423878e-02 9.377810e-01 9.683910e-02
5.591000e+03 6.311344e-02 9.388370e-01 9.689360e-02
5.591010e+03 6.202244e-02 9.398618e-01 9.694647e-02
5.591020e+03 6.096425e-02 9.408569e-01 9.699778e-02
5.591030e+03 5.993741e-02 9.418235e-01 9.704759e-02
5.591040e+03 5.894058e-02 9.427628e-01 9.709597e-02
5.591050e+03 5.797247e-02 9.436759e-01 9.714298e-02
5.591060e+03 5.559674e-02 9.459205e-01 9.725844e-02
5.591070e+03 5.470065e-02 9.467685e-01 9.730203e-02
5.591080e+03 5.382948e-02 9.475937e-01 9.734442e-02
5.591090e+03 5.298222e-02 9.483969e-01 9.738567e-02
5.591100e+03 5.215790e-02 9.491790e-01 9.742582e-02
5.591110e+03 5.135563e-02 9.499408e-01 9.746491e-02
5.591120e+03 5.057454e-02 9.506831e-01 9.750298e-02
5.591130e+03 4.981382e-02 9.514065e-01 9.754007e-02
5.591140e+03 4.829946e-02 9.528484e-01 9.761395e-02
5.591150e+03 4.758909e-02 9.535255e-01 9.764863e-02
5.591160e+03 4.689661e-02 9.541860e-01 9.768245e-02
5.591170e+03 4.622137e-02 9.548306e-01 9.771543e-02
5.591180e+03 4.556273e-02 9.554597e-01 9.774762e-02
5.591190e+03 4.492010e-02 9.560739e-01 9.777903e-02
5.591200e+03 4.383290e-02 9.571139e-01 9.783220e-02
5.591210e+03 4.322772e-02 9.576933e-01 9.786180e-02
5.591220e+03 4.263677e-02 9.582594e-01 9.789072e-02
5.591230e+03 4.205957e-02 9.588127e-01 9.791898e-02
5.591240e+03 4.092123e-02 9.599047e-01 9.797473e-02
5.591250e+03 4.037459e-02 9.604296e-01 9.800151e-02
5.591260e+03 3.984030e-02 9.609429e-01 9.802769e-02
5.591270e+03 3.931797e-02 9.614450e-01 9.805330e-02
5.591280e+03 3.880720e-02 9.619362e-01 9.807834e-02
5.591290e+03 3.830762e-02 9.624168e-01 9.810285e-02
5.591300e+03 3.781888e-02 9.628873e-01 9.812682e-02
5.591310e+03 3.734064e-02 9.633479e-01 9.815029e-02
5.591320e+03 3.687257e-02 9.637989e-01 9.817326e-02
5.591330e+03 3.641436e-02 9.642407e-01 9.819576e-02
5.591340e+03 3.596571e-02 9.646734e-01 9.821779e-02
5.591350e+03 3.552633e-02 9.650973e-01 9.823937e-02
5.591360e+03 3.514726e-02 9.654632e-01 9.825799e-02
5.591370e+03 3.477269e-02 9.658249e-01 9.827639e-02
5.591380e+03 3.444376e-02 9.661427e-01 9.829256e-02
5.591390e+03 3.418189e-02 9.663957e-01 9.830543e-02
5.591400e+03 3.401520e-02 9.665568e-01 9.831362e-02
5.591410e+03 3.370919e-02 9.668526e-01 9.832866e-02
5.591420e+03 3.383328e-02 9.667327e-01 9.832256e-02
5.591430e+03 3.414246e-02 9.664338e-01 9.830737e-02
5.591440e+03 3.464262e-02 9.659506e-01 9.828278e-02
5.591450e+03 3.495422e-02 9.656496e-01 9.826747e-02
5.591460e+03 3.573481e-02 9.648961e-01 9.822913e-02
5.591470e+03 3.653164e-02 9.641276e-01 9.819000e-02
5.591480e+03 3.722648e-02 9.634579e-01 9.815589e-02
5.591490e+03 3.769533e-02 9.630063e-01 9.813288e-02
5.591500e+03 3.783254e-02 9.628742e-01 9.812615e-02
5.591510e+03 3.757362e-02 9.631235e-01 9.813886e-02
5.591520e+03 3.656476e-02 9.640957e-01 9.818837e-02
5.591530e+03 3.555112e-02 9.650734e-01 9.823815e-02
5.591540e+03 3.389953e-02 9.666686e-01 9.831931e-02
5.591550e+03 3.249050e-02 9.680316e-01 9.838860e-02
5.591560e+03 3.106459e-02 9.694130e-01 9.845877e-02
5.591570e+03 2.972333e-02 9.707141e-01 9.852482e-02
5.591580e+03 2.853519e-02 9.718681e-01 9.858337e-02
5.591590e+03 2.753241e-02 9.728431e-01 9.863281e-02
5.591600e+03 2.671601e-02 9.736377e-01 9.867308e-02
5.591610e+03 2.606540e-02 9.742714e-01 9.870519e-02
5.591620e+03 2.554896e-02 9.747747e-01 9.873068e-02
5.591630e+03 2.513297e-02 9.751802e-01 9.875121e-02
5.591640e+03 2.478732e-02 9.755174e-01 9.876828e-02
5.591650e+03 2.448828e-02 9.758091e-01 9.878305e-02
5.591660e+03 2.421888e-02 9.760720e-01 9.879636e-02
5.591670e+03 2.396792e-02 9.763170e-01 9.880876e-02
5.591680e+03 2.371994e-02 9.765592e-01 9.882101e-02
5.591690e+03 2.349188e-02 9.767819e-01 9.883228e-02
5.591700e+03 2.326740e-02 9.770012e-01 9.884337e-02
5.591710e+03 2.304642e-02 9.772171e-01 9.885429e-02
5.591720e+03 2.282885e-02 9.774298e-01 9.886505e-02
5.591730e+03 2.261462e-02 9.776392e-01 9.887564e-02
5.591740e+03 2.240366e-02 9.778454e-01 9.888607e-02
5.591750e+03 2.219590e-02 9.780486e-01 9.889634e-02
5.591760e+03 2.199127e-02 9.782488e-01 9.890646e-02
5.591770e+03 2.178970e-02 9.784460e-01 9.891643e-02
5.591780e+03 2.159113e-02 9.786403e-01 9.892625e-02
5.591790e+03 2.139549e-02 9.788318e-01 9.893593e-02
5.591800e+03 2.120272e-02 9.790205e-01 9.894546e-02
5.591810e+03 2.101277e-02 9.792065e-01 9.895486e-02
5.591820e+03 2.082557e-02 9.793898e-01 9.896412e-02
5.591830e+03 2.064107e-02 9.795705e-01 9.897325e-02
5.591840e+03 2.045921e-02 9.797487e-01 9.898225e-02
5.591850e+03 2.027994e-02 9.799243e-01 9.899113e-02
5.591860e+03 2.010321e-02 9.800975e-01 9.899987e-02
5.591870e+03 1.992896e-02 9.802683e-01 9.900850e-02
5.591880e+03 1.975715e-02 9.804367e-01 9.901701e-02
5.591890e+03 1.958773e-02 9.806029e-01 9.902539e-02
5.591900e+03 1.942065e-02 9.807667e-01 9.903367e-02
5.591910e+03 1.925587e-02 9.809283e-01 9.904183e-02
5.591920e+03 1.909334e-02 9.810878e-01 9.904988e-02
5.591930e+03 1.893301e-02 9.812451e-01 9.905782e-02
5.591940e+03 1.877485e-02 9.814003e-01 9.906565e-02
5.591950e+03 1.861882e-02 9.815534e-01 9.907338e-02
5.591960e+03 1.846487e-02 9.817046e-01 9.908101e-02
5.591970e+03 1.831296e-02 9.818537e-01 9.908853e-02
5.591980e+03 1.816306e-02 9.820009e-01 9.909596e-02
5.591990e+03 1.801513e-02 9.821462e-01 9.910329e-02
5.592000e+03 1.786913e-02 9.822896e-01 9.911052e-02
5.592010e+03 1.772503e-02 9.824311e-01 9.911766e-02
5.592020e+03 1.758279e-02 9.825709e-01 9.912471e-02
5.592030e+03 1.744238e-02 9.827089e-01 9.913167e-02
5.592040e+03 1.730376e-02 9.828451e-01 9.913854e-02
5.592050e+03 1.716691e-02 9.829796e-01 9.914533e-02
5.592060e+03 1.703178e-02 9.831124e-01 9.915203e-02
5.592070e+03 1.689836e-02 9.832436e-01 9.915864e-02
5.592080e+03 1.676661e-02 9.833732e-01 9.916517e-02
5.592090e+03 1.663650e-02 9.835011e-01 9.917162e-02
5.592100e+03 1.650801e-02 9.836275e-01 9.917800e-02
5.592110e+03 1.638109e-02 9.837523e-01 9.918429e-02
5.592120e+03 1.597879e-02 9.841482e-01 9.920424e-02
5.592130e+03 1.585711e-02 9.842680e-01 9.921028e-02
5.592140e+03 1.573691e-02 9.843863e-01 9.921624e-02
5.592150e+03 1.561816e-02 9.845032e-01 9.922213e-02
5.592160e+03 1.550084e-02 9.846187e-01 9.922795e-02
5.592170e+03 1.538493e-02 9.847328e-01 9.923370e-02
5.592180e+03 1.527040e-02 9.848456e-01 9.923939e-02
5.592190e+03 1.515723e-02 9.849571e-01 9.924500e-02
5.592200e+03 1.504539e-02 9.850672e-01 9.925055e-02
5.592210e+03 1.493486e-02 9.851761e-01 9.925604e-02
5.592220e+03 1.482563e-02 9.852837e-01 9.926146e-02
5.592230e+03 1.471767e-02 9.853901e-01 9.926682e-02
5.592240e+03 1.461096e-02 9.854953e-01 9.927211e-02
5.592250e+03 1.450548e-02 9.855992e-01 9.927735e-02
5.592260e+03 1.440121e-02 9.857020e-01 9.928253e-02
5.592270e+03 1.429813e-02 9.858036e-01 9.928764e-02
5.592280e+03 1.419622e-02 9.859041e-01 9.929270e-02
5.592290e+03 1.409546e-02 9.860034e-01 9.929770e-02
5.592300e+03 1.399584e-02 9.861017e-01 9.930265e-02
5.592310e+03 1.389733e-02 9.861988e-01 9.930754e-02
5.592320e+03 1.379992e-02 9.862949e-01 9.931238e-02
5.592330e+03 1.370360e-02 9.863899e-01 9.931716e-02
5.592340e+03 1.360834e-02 9.864838e-01 9.932189e-02
5.592350e+03 1.351413e-02 9.865768e-01 9.932657e-02
5.592360e+03 1.342095e-02 9.866687e-01 9.933120e-02
5.592370e+03 1.332879e-02 9.867596e-01 9.933578e-02
5.592380e+03 1.323763e-02 9.868496e-01 9.934030e-02
5.592390e+03 1.314746e-02 9.869386e-01 9.934478e-02
5.592400e+03 1.305825e-02 9.870266e-01 9.934921e-02
5.592410e+03 1.297001e-02 9.871137e-01 9.935360e-02
5.592420e+03 1.288271e-02 9.871999e-01 9.935793e-02
5.592430e+03 1.279633e-02 9.872852e-01 9.936223e-02
5.592440e+03 1.271087e-02 9.873696e-01 9.936647e-02
5.592450e+03 1.262631e-02 9.874531e-01 9.937067e-02
5.592460e+03 1.254264e-02 9.875357e-01 9.937483e-02
5.592470e+03 1.245984e-02 9.876175e-01 9.937894e-02
5.592480e+03 1.237791e-02 9.876984e-01 9.938302e-02
5.592490e+03 1.229682e-02 9.877785e-01 9.938705e-02
5.592500e+03 1.221658e-02 9.878577e-01 9.939103e-02
5.592510e+03 1.213715e-02 9.879362e-01 9.939498e-02
5.592520e+03 1.205854e-02 9.880139e-01 9.939889e-02
5.592530e+03 1.198074e-02 9.880907e-01 9.940275e-02
5.592540e+03 1.190372e-02 9.881668e-01 9.940658e-02
5.592550e+03 1.182748e-02 9.882422e-01 9.941037e-02
5.592560e+03 1.175202e-02 9.883168e-01 9.941412e-02
5.592570e+03 1.167730e-02 9.883906e-01 9.941784e-02
5.592580e+03 1.160334e-02 9.884637e-01 9.942151e-02
5.592590e+03 1.153011e-02 9.885361e-01 9.942515e-02
5.592600e+03 1.066112e-02 9.893955e-01 9.946836e-02
5.592610e+03 1.059549e-02 9.894604e-01 9.947163e-02
5.592620e+03 1.053050e-02 9.895247e-01 9.947486e-02
5.592630e+03 1.046614e-02 9.895884e-01 9.947806e-02
5.592640e+03 1.040240e-02 9.896515e-01 9.948123e-02
5.592650e+03 1.033926e-02 9.897140e-01 9.948437e-02
5.592660e+03 1.027673e-02 9.897759e-01 9.948748e-02
5.592670e+03 1.021479e-02 9.898372e-01 9.949056e-02
5.592680e+03 1.015344e-02 9.898979e-01 9.949361e-02
5.592690e+03 1.009267e-02 9.899581e-01 9.949664e-02
5.592700e+03 1.003247e-02 9.900177e-01 9.949963e-02
5.592710e+03 9.972827e-03 9.900767e-01 9.950260e-02
5.592720e+03 9.913744e-03 9.901352e-01 9.950554e-02
5.592730e+03 9.855210e-03 9.901932e-01 9.950845e-02
5.592740e+03 9.797218e-03 9.902506e-01 9.951134e-02
5.592750e+03 9.739761e-03 9.903075e-01 9.951420e-02
5.592760e+03 9.682832e-03 9.903639e-01 9.951703e-02
5.592770e+03 9.626424e-03 9.904198e-01 9.951984e-02
5.592780e+03 9.570531e-03 9.904751e-01 9.952262e-02
5.592790e+03 9.515146e-03 9.905300e-01 9.952537e-02
5.592800e+03 9.460263e-03 9.905843e-01 9.952810e-02
5.592810e+03 9.405875e-03 9.906382e-01 9.953081e-02
5.592820e+03 9.351976e-03 9.906916e-01 9.953349e-02
5.592830e+03 9.298561e-03 9.907445e-01 9.953615e-02
5.592840e+03 9.245623e-03 9.907970e-01 9.953879e-02
5.592850e+03 9.193156e-03 9.908490e-01 9.954140e-02
5.592860e+03 9.141154e-03 9.909005e-01 9.954399e-02
5.592870e+03 9.089612e-03 9.909516e-01 9.954655e-02
5.592880e+03 9.038525e-03 9.910022e-01 9.954909e-02
5.592890e+03 8.987885e-03 9.910524e-01 9.955161e-02
5.592900e+03 8.937689e-03 9.911021e-01 9.955411e-02
5.592910e+03 8.887931e-03 9.911515e-01 9.955659e-02
5.592920e+03 8.838605e-03 9.912003e-01 9.955904e-02
5.592930e+03 8.789706e-03 9.912488e-01 9.956148e-02
5.592940e+03 8.741229e-03 9.912969e-01 9.956389e-02
5.592950e+03 8.693170e-03 9.913445e-01 9.956628e-02
5.592960e+03 8.645523e-03 9.913917e-01 9.956866e-02
5.592970e+03 8.598282e-03 9.914386e-01 9.957101e-02
5.592980e+03 8.551445e-03 9.914850e-01 9.957334e-02
5.592990e+03 8.505005e-03 9.915311e-01 9.957565e-02
5.593000e+03 8.458958e-03 9.915767e-01 9.957795e-02
5.593010e+03 7.963287e-03 9.920683e-01 9.960263e-02
5.593020e+03 7.919761e-03 9.921115e-01 9.960479e-02
5.593030e+03 7.876605e-03 9.921543e-01 9.960694e-02
5.593040e+03 7.833813e-03 9.921968e-01 9.960908e-02
5.593050e+03 7.345921e-03 9.926810e-01 9.963338e-02
5.593060e+03 7.305577e-03 9.927210e-01 9.963539e-02
5.593070e+03 7.265576e-03 9.927608e-01 9.963738e-02
5.593080e+03 7.225912e-03 9.928001e-01 9.963936e-02
5.593090e+03 7.186583e-03 9.928392e-01 9.964132e-02
5.593100e+03 7.147585e-03 9.928779e-01 9.964326e-02
5.593110e+03 7.108913e-03 9.929163e-01 9.964519e-02
5.593120e+03 7.070565e-03 9.929544e-01 9.964710e-02
5.593130e+03 7.032535e-03 9.929921e-01 9.964899e-02
5.593140e+03 6.994822e-03 9.930296e-01 9.965087e-02
5.593150e+03 6.957420e-03 9.930667e-01 9.965273e-02
5.593160e+03 6.920327e-03 9.931036e-01 9.965458e-02
5.593170e+03 6.586165e-03 9.934355e-01 9.967123e-02
5.593180e+03 6.550834e-03 9.934706e-01 9.967299e-02
5.593190e+03 6.515795e-03 9.935054e-01 9.967474e-02
5.593200e+03 6.481044e-03 9.935399e-01 9.967647e-02
5.593210e+03 6.446578e-03 9.935742e-01 9.967819e-02
5.593220e+03 6.412393e-03 9.936081e-01 9.967989e-02
5.593230e+03 6.378488e-03 9.936418e-01 9.968158e-02
5.593240e+03 6.344858e-03 9.936752e-01 9.968326e-02
5.593250e+03 6.311500e-03 9.937084e-01 9.968492e-02
5.593260e+03 6.278412e-03 9.937413e-01 9.968657e-02
5.593270e+03 6.245591e-03 9.937739e-01 9.968821e-02
5.593280e+03 6.213033e-03 9.938062e-01 9.968983e-02
5.593290e+03 6.180735e-03 9.938383e-01 9.969144e-02
5.593300e+03 6.148696e-03 9.938702e-01 9.969304e-02
5.593310e+03 6.116912e-03 9.939018e-01 9.969462e-02
5.593320e+03 6.085380e-03 9.939331e-01 9.969619e-02
5.593330e+03 6.054097e-03 9.939642e-01 9.969775e-02
5.593340e+03 6.023062e-03 9.939950e-01 9.969930e-02
5.593350e+03 5.992270e-03 9.940256e-01 9.970083e-02
5.593360e+03 5.477242e-03 9.945377e-01 9.972651e-02
5.593370e+03 5.448812e-03 9.945660e-01 9.972793e-02
5.593380e+03 5.420608e-03 9.945941e-01 9.972934e-02
5.593390e+03 5.392626e-03 9.946219e-01 9.973073e-02
5.593400e+03 5.364866e-03 9.946495e-01 9.973212e-02
5.593410e+03 5.337323e-03 9.946769e-01 9.973349e-02
5.593420e+03 5.309997e-03 9.947041e-01 9.973485e-02
5.593430e+03 5.282884e-03 9.947310e-01 9.973620e-02
5.593440e+03 5.255983e-03 9.947578e-01 9.973755e-02
5.593450e+03 5.229291e-03 9.947844e-01 9.973888e-02
5.593460e+03 5.202806e-03 9.948107e-01 9.974020e-02
5.593470e+03 5.176526e-03 9.948368e-01 9.974151e-02
5.593480e+03 5.150448e-03 9.948628e-01 9.974281e-02
5.593490e+03 5.124572e-03 9.948885e-01 9.974410e-02
5.593500e+03 4.670045e-03 9.953408e-01 9.976677e-02
5.593510e+03 4.646230e-03 9.953645e-01 9.976796e-02
5.593520e+03 4.622599e-03 9.953881e-01 9.976914e-02
5.593530e+03 4.599151e-03 9.954114e-01 9.977031e-02
5.593540e+03 4.575884e-03 9.954346e-01 9.977147e-02
5.593550e+03 4.552795e-03 9.954576e-01 9.977262e-02
5.593560e+03 4.529884e-03 9.954804e-01 9.977376e-02
5.593570e+03 4.507148e-03 9.955030e-01 9.977490e-02
5.593580e+03 4.484586e-03 9.955255e-01 9.977602e-02
5.593590e+03 4.462195e-03 9.955477e-01 9.977714e-02
5.593600e+03 4.439974e-03 9.955699e-01 9.977825e-02
5.593610e+03 4.417921e-03 9.955918e-01 9.977935e-02
5.593620e+03 4.396034e-03 9.956136e-01 9.978044e-02
5.593630e+03 4.374312e-03 9.956352e-01 9.978152e-02
5.593640e+03 4.352754e-03 9.956567e-01 9.978260e-02
5.593650e+03 4.331356e-03 9.956780e-01 9.978367e-02
5.593660e+03 4.310119e-03 9.956992e-01 9.978473e-02
5.593670e+03 4.289039e-03 9.957201e-01 9.978578e-02
5.593680e+03 4.268117e-03 9.957410e-01 9.978682e-02
5.593690e+03 4.247349e-03 9.957617e-01 9.978786e-02
5.593700e+03 4.226734e-03 9.957822e-01 9.978889e-02
5.593710e+03 4.206272e-03 9.958026e-01 9.978991e-02
5.593720e+03 4.185960e-03 9.958228e-01 9.979092e-02
5.593730e+03 4.165797e-03 9.958429e-01 9.979193e-02
5.593740e+03 4.145781e-03 9.958628e-01 9.979293e-02
5.593750e+03 4.125912e-03 9.958826e-01 9.979392e-02
5.593760e+03 4.106186e-03 9.959022e-01 9.979490e-02
5.593770e+03 4.086604e-03 9.959217e-01 9.979588e-02
5.593780e+03 4.067164e-03 9.959411e-01 9.979685e-02
5.593790e+03 4.047864e-03 9.959603e-01 9.979781e-02
5.593800e+03 4.028703e-03 9.959794e-01 9.979877e-02
5.593810e+03 4.009680e-03 9.959983e-01 9.979972e-02
5.593820e+03 3.990793e-03 9.960172e-01 9.980066e-02
5.593830e+03 3.972041e-03 9.960358e-01 9.980160e-02
5.593840e+03 3.953423e-03 9.960544e-01 9.980252e-02
5.593850e+03 3.934937e-03 9.960728e-01 9.980345e-02
5.593860e+03 3.916582e-03 9.960911e-01 9.980436e-02
5.593870e+03 3.898358e-03 9.961092e-01 9.980527e-02
5.593880e+03 3.496333e-03 9.965098e-01 9.982534e-02
5.593890e+03 3.479854e-03 9.965262e-01 9.982616e-02
5.593900e+03 3.463494e-03 9.965425e-01 9.982698e-02
5.593910e+03 3.447249e-03 9.965587e-01 9.982779e-02
5.593920e+03 3.431120e-03 9.965748e-01 9.982859e-02
5.593930e+03 3.415105e-03 9.965907e-01 9.982939e-02
5.593940e+03 3.399204e-03 9.966066e-01 9.983018e-02
5.593950e+03 3.383414e-03 9.966223e-01 9.983097e-02
5.593960e+03 3.367735e-03 9.966379e-01 9.983175e-02
5.593970e+03 3.352166e-03 9.966534e-01 9.983253e-02
5.593980e+03 3.336706e-03 9.966689e-01 9.983330e-02
5.593990e+03 3.321354e-03 9.966842e-01 9.983407e-02
5.594000e+03 3.306109e-03 9.966994e-01 9.983483e-02
5.594010e+03 3.290970e-03 9.967144e-01 9.983559e-02
5.594020e+03 3.275935e-03 9.967294e-01 9.983634e-02
5.594030e+03 3.261005e-03 9.967443e-01 9.983708e-02
5.594040e+03 3.246177e-03 9.967591e-01 9.983782e-02
5.594050e+03 3.231451e-03 9.967738e-01 9.983856e-02
5.594060e+03 3.216826e-03 9.967883e-01 9.983929e-02
5.594070e+03 3.202302e-03 9.968028e-01 9.984001e-02
5.594080e+03 3.187876e-03 9.968172e-01 9.984073e-02
5.594090e+03 3.173549e-03 9.968315e-01 9.984145e-02
5.594100e+03 3.159319e-03 9.968457e-01 9.984216e-02
5.594110e+03 3.145186e-03 9.968598e-01 9.984286e-02
5.594120e+03 3.131148e-03 9.968737e-01 9.984357e-02
5.594130e+03 3.117205e-03 9.968876e-01 9.984426e-02
5.594140e+03 3.103356e-03 9.969015e-01 9.984495e-02
5.594150e+03 3.089600e-03 9.969152e-01 9.984564e-02
5.594160e+03 3.075936e-03 9.969288e-01 9.984632e-02
5.594170e+03 3.062364e-03 9.969423e-01 9.984700e-02
5.594180e+03 3.048882e-03 9.969558e-01 9.984767e-02
5.594190e+03 3.035489e-03 9.969691e-01 9.984834e-02
5.594200e+03 3.022186e-03 9.969824e-01 9.984900e-02
5.594210e+03 3.008970e-03 9.969956e-01 9.984966e-02
5.594220e+03 2.995843e-03 9.970086e-01 9.985032e-02
5.594230e+03 2.982801e-03 9.970216e-01 9.985097e-02
5.594240e+03 2.969846e-03 9.970346e-01 9.985162e-02
5.594250e+03 2.121161e-03 9.978811e-01 9.989400e-02
5.594260e+03 2.111623e-03 9.978906e-01 9.989447e-02
5.594270e+03 2.102150e-03 9.979001e-01 9.989495e-02
5.594280e+03 2.092741e-03 9.979094e-01 9.989542e-02
5.594290e+03 2.083395e-03 9.979188e-01 9.989588e-02
5.594300e+03 2.074112e-03 9.979280e-01 9.989635e-02
5.594310e+03 2.064891e-03 9.979372e-01 9.989681e-02
5.594320e+03 2.055733e-03 9.979464e-01 9.989727e-02
5.594330e+03 2.046635e-03 9.979555e-01 9.989772e-02
5.594340e+03 2.037598e-03 9.979645e-01 9.989817e-02
5.594350e+03 2.028622e-03 9.979734e-01 9.989862e-02
5.594360e+03 2.019704e-03 9.979823e-01 9.989907e-02
5.594370e+03 2.010846e-03 9.979912e-01 9.989951e-02
5.594380e+03 2.002047e-03 9.980000e-01 9.989995e-02
5.594390e+03 1.993305e-03 9.980087e-01 9.990038e-02
5.594400e+03 1.984621e-03 9.980173e-01 9.990082e-02
5.594410e+03 1.975994e-03 9.980260e-01 9.990125e-02
5.594420e+03 1.967424e-03 9.980345e-01 9.990168e-02
5.594430e+03 1.958909e-03 9.980430e-01 9.990210e-02
5.594440e+03 1.950450e-03 9.980515e-01 9.990253e-02
5.594450e+03 1.450345e-03 9.985507e-01 9.992751e-02
5.594460e+03 1.443907e-03 9.985571e-01 9.992783e-02
5.594470e+03 1.437513e-03 9.985635e-01 9.992815e-02
5.594480e+03 1.431161e-03 9.985699e-01 9.992847e-02
5.594490e+03 1.424851e-03 9.985762e-01 9.992878e-02
5.594500e+03 1.418583e-03 9.985824e-01 9.992910e-02
5.594510e+03 1.412356e-03 9.985886e-01 9.992941e-02
5.594520e+03 1.406170e-03 9.985948e-01 9.992972e-02
5.594530e+03 1.400026e-03 9.986010e-01 9.993002e-02
5.594540e+03 1.393921e-03 9.986071e-01 9.993033e-02
5.594550e+03 1.387856e-03 9.986131e-01 9.993063e-02
5.594560e+03 1.381832e-03 9.986191e-01 9.993093e-02
5.594570e+03 1.375846e-03 9.986251e-01 9.993123e-02
5.594580e+03 1.369899e-03 9.986310e-01 9.993153e-02
5.594590e+03 1.363991e-03 9.986369e-01 9.993182e-02
5.594600e+03 1.358122e-03 9.986428e-01 9.993212e-02
5.594610e+03 1.352290e-03 9.986486e-01 9.993241e-02
5.594620e+03 1.346496e-03 9.986544e-01 9.993270e-02
5.594630e+03 1.340739e-03 9.986602e-01 9.993299e-02
5.594640e+03 1.335019e-03 9.986659e-01 9.993327e-02
5.594650e+03 1.329336e-03 9.986715e-01 9.993356e-02
5.594660e+03 1.323689e-03 9.986772e-01 9.993384e-02
5.594670e+03 1.318078e-03 9.986828e-01 9.993412e-02
5.594680e+03 1.312503e-03 9.986884e-01 9.993440e-02
5.594690e+03 1.306964e-03 9.986939e-01 9.993467e-02
5.594700e+03 1.301459e-03 9.986994e-01 9.993495e-02
5.594710e+03 1.295990e-03 9.987048e-01 9.993522e-02
5.594720e+03 1.290555e-03 9.987103e-01 9.993549e-02
5.594730e+03 1.285154e-03 9.987157e-01 9.993576e-02
5.594740e+03 1.279787e-03 9.987210e-01 9.993603e-02
5.594750e+03 1.274454e-03 9.987264e-01 9.993630e-02
5.594760e+03 1.269154e-03 9.987317e-01 9.993656e-02
5.594770e+03 1.263887e-03 9.987369e-01 9.993683e-02
5.594780e+03 1.258653e-03 9.987421e-01 9.993709e-02
5.594790e+03 1.253452e-03 9.987473e-01 9.993735e-02
5.594800e+03 6.864549e-04 9.993138e-01 9.996568e-02
5.594810e+03 6.834986e-04 9.993167e-01 9.996583e-02
5.594820e+03 6.805613e-04 9.993197e-01 9.996598e-02
5.594830e+03 6.776430e-04 9.993226e-01 9.996612e-02
5.594840e+03 6.747434e-04 9.993255e-01 9.996627e-02
5.594850e+03 6.718624e-04 9.993284e-01 9.996641e-02
5.594860e+03 6.689999e-04 9.993312e-01 9.996656e-02
5.594870e+03 6.661556e-04 9.993341e-01 9.996670e-02
5.594880e+03 6.633295e-04 9.993369e-01 9.996684e-02
5.594890e+03 6.605213e-04 9.993397e-01 9.996698e-02
5.594900e+03 6.577309e-04 9.993425e-01 9.996712e-02
5.594910e+03 6.549583e-04 9.993453e-01 9.996726e-02
5.594920e+03 6.522031e-04 9.993480e-01 9.996740e-02
5.594930e+03 6.494653e-04 9.993507e-01 9.996753e-02
5.594940e+03 6.467447e-04 9.993535e-01 9.996767e-02
5.594950e+03 6.440412e-04 9.993562e-01 9.996780e-02
5.594960e+03 6.413546e-04 9.993589e-01 9.996794e-02
5.594970e+03 6.386848e-04 9.993615e-01 9.996807e-02
5.594980e+03 6.360317e-04 9.993642e-01 9.996820e-02
5.594990e+03 6.333951e-04 9.993668e-01 9.996834e-02
5.595000e+03 6.307749e-04 9.993694e-01 9.996847e-02
5.595010e+03 6.281709e-04 9.993720e-01 9.996860e-02
5.595020e+03 6.255831e-04 9.993746e-01 9.996873e-02
5.595030e+03 6.230112e-04 9.993772e-01 9.996885e-02
5.595040e+03 6.204551e-04 9.993797e-01 9.996898e-02
5.595050e+03 6.179148e-04 9.993823e-01 9.996911e-02
5.595060e+03 6.153901e-04 9.993848e-01 9.996924e-02
5.595070e+03 6.128808e-04 9.993873e-01 9.996936e-02
5.595080e+03 6.103869e-04 9.993898e-01 9.996949e-02
5.595090e+03 6.079081e-04 9.993923e-01 9.996961e-02
5.595100e+03 6.054445e-04 9.993947e-01 9.996973e-02
5.595110e+03 6.029958e-04 9.993972e-01 9.996985e-02
5.595120e+03 6.005620e-04 9.993996e-01 9.996998e-02
5.595130e+03 5.981429e-04 9.994020e-01 9.997010e-02
5.595140e+03 5.957384e-04 9.994044e-01 9.997022e-02
5.595150e+03 5.933483e-04 9.994068e-01 9.997034e-02
5.595160e+03 5.909727e-04 9.994092e-01 9.997046e-02
5.595170e+03 3.387026e-04 9.996614e-01 9.998307e-02
5.595180e+03 3.373252e-04 9.996627e-01 9.998314e-02
5.595190e+03 3.359562e-04 9.996641e-01 9.998320e-02
5.595200e+03 3.345956e-04 9.996655e-01 9.998327e-02
5.595210e+03 3.332432e-04 9.996668e-01 9.998334e-02
5.595220e+03 3.318990e-04 9.996682e-01 9.998341e-02
5.595230e+03 3.305629e-04 9.996695e-01 9.998347e-02
5.595240e+03 3.292348e-04 9.996708e-01 9.998354e-02
5.595250e+03 3.279148e-04 9.996721e-01 9.998361e-02
5.595260e+03 3.266027e-04 9.996735e-01 9.998367e-02
5.595270e+03 3.252984e-04 9.996748e-01 9.998374e-02
5.595280e+03 3.240020e-04 9.996761e-01 9.998380e-02
5.595290e+03 3.227133e-04 9.996773e-01 9.998387e-02
5.595300e+03 3.214323e-04 9.996786e-01 9.998393e-02
5.595310e+03 3.201589e-04 9.996799e-01 9.998399e-02
5.595320e+03 3.188930e-04 9.996812e-01 9.998406e-02
5.595330e+03 3.176347e-04 9.996824e-01 9.998412e-02
5.595340e+03 3.163837e-04 9.996837e-01 9.998418e-02
5.595350e+03 3.151402e-04 9.996849e-01 9.998424e-02
5.595360e+03 3.139040e-04 9.996861e-01 9.998431e-02
5.595370e+03 3.126750e-04 9.996874e-01 9.998437e-02
5.595380e+03 3.114533e-04 9.996886e-01 9.998443e-02
5.595390e+03 3.102387e-04 9.996898e-01 9.998449e-02
5.595400e+03 0.000000e+00 1.000000e+00 1.000000e-01
5.595410e+03 0.000000e+00 1.000000e+00 1.000000e-01
5.595420e+03 0.000000e+00 1.000000e+00 1.000000e-01
5.595430e+03 0.000000e+00 1.000000e+00 1.000000e-01
5.595440e+03 0.000000e+00 1.000000e+00 1.000000e-01
5.595450e+03 0.000000e+00 1.000000e+00 1.000000e-01
5.595460e+03 0.000000e+00 1.000000e+00 1.000000e-01
5.595470e+03 0.000000e+00 1.000000e+00 1.000000e-01
5.595480e+03 0.000000e+00 1.000000e+00 1.000000e-01
5.595490e+03 0.000000e+00 1.000000e+00 1.000000e-01
5.595500e+03 0.000000e+00 1.000000e+00 1.000000e-01
5.595510e+03 0.000000e+00 1.000000e+00 1.000000e-01
5.595520e+03 0.000000e+00 1.000000e+00 1.000000e-01
5.595530e+03 0.000000e+00 1.000000e+00 1.000000e-01
5.595540e+03 0.000000e+00 1.000000e+00 1.000000e-01
5.595550e+03 0.000000e+00 1.000000e+00 1.000000e-01
5.595560e+03 0.000000e+00 1.000000e+00 1.000000e-01
5.595570e+03 0.000000e+00 1.000000e+00 1.000000e-01
5.595580e+03 0.000000e+00 1.000000e+00 1.000000e-01
5.595590e+03 0.000000e+00 1.000000e+00 1.000000e-01
5.595600e+03 0.000000e+00 1.000000e+00 1.000000e-01
5.595610e+03 0.000000e+00 1.000000e+00 1.000000e-01
5.595620e+03 0.000000e+00 1.000000e+00 1.000000e-01
5.595630e+03 0.000000e+00 1.000000e+00 1.000000e-01
5.595640e+03 0.000000e+00 1.000000e+00 1.000000e-01
5.595650e+03 0.000000e+00 1.000000e+00 1.000000e-01
5.595660e+03 0.000000e+00 1.000000e+00 1.000000e-01
5.595670e+03 0.000000e+00 1.000000e+00 1.000000e-01
5.595680e+03 0.000000e+00 1.000000e+00 1.000000e-01
5.595690e+03 0.000000e+00 1.000000e+00 1.000000e-01
5.595700e+03 0.000000e+00 1.000000e+00 1.000000e-01
5.595710e+03 0.000000e+00 1.000000e+00 1.000000e-01
5.595720e+03 0.000000e+00 1.000000e+00 1.000000e-01
5.595730e+03 0.000000e+00 1.000000e+00 1.000000e-01
5.595740e+03 0.000000e+00 1.000000e+00 1.000000e-01
5.595750e+03 0.000000e+00 1.000000e+00 1.000000e-01
5.595760e+03 0.000000e+00 1.000000e+00 1.000000e-01
5.595770e+03 0.000000e+00 1.000000e+00 1.000000e-01
5.595780e+03 0.000000e+00 1.000000e+00 1.000000e-01
5.595790e+03 0.000000e+00 1.000000e+00 1.000000e-01
5.595800e+03 0.000000e+00 1.000000e+00 1.000000e-01
5.595810e+03 0.000000e+00 1.000000e+00 1.000000e-01
5.595820e+03 0.000000e+00 1.000000e+00 1.000000e-01
5.595830e+03 0.000000e+00 1.000000e+00 1.000000e-01
5.595840e+03 0.000000e+00 1.000000e+00 1.000000e-01
5.595850e+03 0.000000e+00 1.000000e+00 1.000000e-01
5.595860e+03 0.000000e+00 1.000000e+00 1.000000e-01
5.595870e+03 0.000000e+00 1.000000e+00 1.000000e-01
5.595880e+03 0.000000e+00 1.000000e+00 1.000000e-01
5.595890e+03 0.000000e+00 1.000000e+00 1.000000e-01
5.595900e+03 0.000000e+00 1.000000e+00 1.000000e-01
5.595910e+03 0.000000e+00 1.000000e+00 1.000000e-01
5.595920e+03 0.000000e+00 1.000000e+00 1.000000e-01
5.595930e+03 0.000000e+00 1.000000e+00 1.000000e-01
5.595940e+03 0.000000e+00 1.000000e+00 1.000000e-01
5.595950e+03 0.000000e+00 1.000000e+00 1.000000e-01
5.595960e+03 0.000000e+00 1.000000e+00 1.000000e-01
5.595970e+03 0.000000e+00 1.000000e+00 1.000000e-01
5.595980e+03 0.000000e+00 1.000000e+00 1.000000e-01
5.595990e+03 0.000000e+00 1.000000e+00 1.000000e-01
5.596000e+03 0.000000e+00 1.000000e+00 1.000000e-01
5.596010e+03 0.000000e+00 1.000000e+00 1.000000e-01
5.596020e+03 0.000000e+00 1.000000e+00 1.000000e-01
5.596030e+03 0.000000e+00 1.000000e+00 1.000000e-01
5.596040e+03 0.000000e+00 1.000000e+00 1.000000e-01
5.596050e+03 0.000000e+00 1.000000e+00 1.000000e-01
5.596060e+03 0.000000e+00 1.000000e+00 1.000000e-01
5.596070e+03 0.000000e+00 1.000000e+00 1.000000e-01
5.596080e+03 0.000000e+00 1.000000e+00 1.000000e-01
5.596090e+03 0.000000e+00 1.000000e+00 1.000000e-01
5.596100e+03 0.000000e+00 1.000000e+00 1.000000e-01
5.596110e+03 0.000000e+00 1.000000e+00 1.000000e-01
5.596120e+03 0.000000e+00 1.000000e+00 1.000000e-01
5.596130e+03 0.000000e+00 1.000000e+00 1.000000e-01
5.596140e+03 0.000000e+00 1.000000e+00 1.000000e-01
5.596150e+03 0.000000e+00 1.000000e+00 1.000000e-01
5.596160e+03 0.000000e+00 1.000000e+00 1.000000e-01
5.596170e+03 0.000000e+00 1.000000e+00 1.000000e-01
5.596180e+03 0.000000e+00 1.000000e+00 1.000000e-01
5.596190e+03 0.000000e+00 1.000000e+00 1.000000e-01
5.596200e+03 0.000000e+00 1.000000e+00 1.000000e-01
5.596210e+03 0.000000e+00 1.000000e+00 1.000000e-01
5.596220e+03 0.000000e+00 1.000000e+00 1.000000e-01
5.596230e+03 0.000000e+00 1.000000e+00 1.000000e-01
5.596240e+03 0.000000e+00 1.000000e+00 1.000000e-01
5.596250e+03 0.000000e+00 1.000000e+00 1.000000e-01
5.596260e+03 0.000000e+00 1.000000e+00 1.000000e-01
5.596270e+03 0.000000e+00 1.000000e+00 1.000000e-01
5.596280e+03 0.000000e+00 1.000000e+00 1.000000e-01
5.596290e+03 0.000000e+00 1.000000e+00 1.000000e-01
5.596300e+03 0.000000e+00 1.000000e+00 1.000000e-01
5.596310e+03 0.000000e+00 1.000000e+00 1.000000e-01
5.596320e+03 0.000000e+00 1.000000e+00 1.000000e-01
5.596330e+03 0.000000e+00 1.000000e+00 1.000000e-01
5.596340e+03 0.000000e+00 1.000000e+00 1.000000e-01
5.596350e+03 0.000000e+00 1.000000e+00 1.000000e-01
5.596360e+03 0.000000e+00 1.000000e+00 1.000000e-01
5.596370e+03 0.000000e+00 1.000000e+00 1.000000e-01
5.596380e+03 0.000000e+00 1.000000e+00 1.000000e-01
5.596390e+03 0.000000e+00 1.000000e+00 1.000000e-01
5.596400e+03 0.000000e+00 1.000000e+00 1.000000e-01
5.596410e+03 0.000000e+00 1.000000e+00 1.000000e-01
5.596420e+03 0.000000e+00 1.000000e+00 1.000000e-01
5.596430e+03 0.000000e+00 1.000000e+00 1.000000e-01
5.596440e+03 0.000000e+00 1.000000e+00 1.000000e-01
5.596450e+03 0.000000e+00 1.000000e+00 1.000000e-01
5.596460e+03 0.000000e+00 1.000000e+00 1.000000e-01
5.596470e+03 0.000000e+00 1.000000e+00 1.000000e-01
5.596480e+03 0.000000e+00 1.000000e+00 1.000000e-01
5.596490e+03 0.000000e+00 1.000000e+00 1.000000e-01
5.596500e+03 0.000000e+00 1.000000e+00 1.000000e-01
5.596510e+03 0.000000e+00 1.000000e+00 1.000000e-01
5.596520e+03 0.000000e+00 1.000000e+00 1.000000e-01
5.596530e+03 0.000000e+00 1.000000e+00 1.000000e-01
5.596540e+03 0.000000e+00 1.000000e+00 1.000000e-01
5.596550e+03 0.000000e+00 1.000000e+00 1.000000e-01
5.596560e+03 0.000000e+00 1.000000e+00 1.000000e-01
5.596570e+03 0.000000e+00 1.000000e+00 1.000000e-01
5.596580e+03 0.000000e+00 1.000000e+00 1.000000e-01
5.596590e+03 0.000000e+00 1.000000e+00 1.000000e-01
5.596600e+03 0.000000e+00 1.000000e+00 1.000000e-01
5.596610e+03 0.000000e+00 1.000000e+00 1.000000e-01
5.596620e+03 0.000000e+00 1.000000e+00 1.000000e-01
5.596630e+03 0.000000e+00 1.000000e+00 1.000000e-01
5.596640e+03 0.000000e+00 1.000000e+00 1.000000e-01
5.596650e+03 0.000000e+00 1.000000e+00 1.000000e-01
5.596660e+03 0.000000e+00 1.000000e+00 1.000000e-01
5.596670e+03 0.000000e+00 1.000000e+00 1.000000e-01
5.596680e+03 0.000000e+00 1.000000e+00 1.000000e-01
5.596690e+03 0.000000e+00 1.000000e+00 1.000000e-01
5.596700e+03 0.000000e+00 1.000000e+00 1.000000e-01
5.596710e+03 0.000000e+00 1.000000e+00 1.000000e-01
5.596720e+03 0.000000e+00 1.000000e+00 1.000000e-01
5.596730e+03 0.000000e+00 1.000000e+00 1.000000e-01
5.596740e+03 0.000000e+00 1.000000e+00 1.000000e-01
5.596750e+03 0.000000e+00 1.000000e+00 1.000000e-01
5.596760e+03 0.000000e+00 1.000000e+00 1.000000e-01
5.596770e+03 0.000000e+00 1.000000e+00 1.000000e-01
5.596780e+03 0.000000e+00 1.000000e+00 1.000000e-01
5.596790e+03 0.000000e+00 1.000000e+00 1.000000e-01
5.596800e+03 0.000000e+00 1.000000e+00 1.000000e-01
5.596810e+03 0.000000e+00 1.000000e+00 1.000000e-01
5.596820e+03 0.000000e+00 1.000000e+00 1.000000e-01
5.596830e+03 0.000000e+00 1.000000e+00 1.000000e-01
5.596840e+03 0.000000e+00 1.000000e+00 1.000000e-01
5.596850e+03 0.000000e+00 1.000000e+00 1.000000e-01
5.596860e+03 0.000000e+00 1.000000e+00 1.000000e-01
5.596870e+03 0.000000e+00 1.000000e+00 1.000000e-01
5.596880e+03 0.000000e+00 1.000000e+00 1.000000e-01
5.596890e+03 0.000000e+00 1.000000e+00 1.000000e-01
5.596900e+03 0.000000e+00 1.000000e+00 1.000000e-01
5.596910e+03 0.000000e+00 1.000000e+00 1.000000e-01
5.596920e+03 0.000000e+00 1.000000e+00 1.000000e-01
5.596930e+03 0.000000e+00 1.000000e+00 1.000000e-01
5.596940e+03 0.000000e+00 1.000000e+00 1.000000e-01
5.596950e+03 0.000000e+00 1.000000e+00 1.000000e-01
5.596960e+03 0.000000e+00 1.000000e+00 1.000000e-01
5.596970e+03 0.000000e+00 1.000000e+00 1.000000e-01
5.596980e+03 0.000000e+00 1.000000e+00 1.000000e-01
5.596990e+03 0.000000e+00 1.000000e+00 1.000000e-01
5.597000e+03 0.000000e+00 1.000000e+00 1.000000e-01
5.597010e+03 0.000000e+00 1.000000e+00 1.000000e-01
5.597020e+03 0.000000e+00 1.000000e+00 1.000000e-01
5.597030e+03 0.000000e+00 1.000000e+00 1.000000e-01
5.597040e+03 0.000000e+00 1.000000e+00 1.000000e-01
5.597050e+03 0.000000e+00 1.000000e+00 1.000000e-01
5.597060e+03 0.000000e+00 1.000000e+00 1.000000e-01
5.597070e+03 0.000000e+00 1.000000e+00 1.000000e-01
5.597080e+03 0.000000e+00 1.000000e+00 1.000000e-01
5.597090e+03 0.000000e+00 1.000000e+00 1.000000e-01
5.597100e+03 0.000000e+00 1.000000e+00 1.000000e-01
5.597110e+03 0.000000e+00 1.000000e+00 1.000000e-01
5.597120e+03 0.000000e+00 1.000000e+00 1.000000e-01
5.597130e+03 0.000000e+00 1.000000e+00 1.000000e-01
5.597140e+03 0.000000e+00 1.000000e+00 1.000000e-01
5.597150e+03 0.000000e+00 1.000000e+00 1.000000e-01
5.597160e+03 0.000000e+00 1.000000e+00 1.000000e-01
5.597170e+03 0.000000e+00 1.000000e+00 1.000000e-01
5.597180e+03 0.000000e+00 1.000000e+00 1.000000e-01
5.597190e+03 0.000000e+00 1.000000e+00 1.000000e-01
5.597200e+03 0.000000e+00 1.000000e+00 1.000000e-01
5.597210e+03 0.000000e+00 1.000000e+00 1.000000e-01
5.597220e+03 0.000000e+00 1.000000e+00 1.000000e-01
5.597230e+03 0.000000e+00 1.000000e+00 1.000000e-01
5.597240e+03 0.000000e+00 1.000000e+00 1.000000e-01
5.597250e+03 0.000000e+00 1.000000e+00 1.000000e-01
5.597260e+03 0.000000e+00 1.000000e+00 1.000000e-01
5.597270e+03 0.000000e+00 1.000000e+00 1.000000e-01
5.597280e+03 0.000000e+00 1.000000e+00 1.000000e-01
5.597290e+03 0.000000e+00 1.000000e+00 1.000000e-01
5.597300e+03 0.000000e+00 1.000000e+00 1.000000e-01
5.597310e+03 0.000000e+00 1.000000e+00 1.000000e-01
5.597320e+03 0.000000e+00 1.000000e+00 1.000000e-01
5.597330e+03 0.000000e+00 1.000000e+00 1.000000e-01
5.597340e+03 0.000000e+00 1.000000e+00 1.000000e-01
5.597350e+03 0.000000e+00 1.000000e+00 1.000000e-01
5.597360e+03 0.000000e+00 1.000000e+00 1.000000e-01
5.597370e+03 0.000000e+00 1.000000e+00 1.000000e-01
5.597380e+03 0.000000e+00 1.000000e+00 1.000000e-01
5.597390e+03 0.000000e+00 1.000000e+00 1.000000e-01
5.597400e+03 0.000000e+00 1.000000e+00 1.000000e-01
5.597410e+03 0.000000e+00 1.000000e+00 1.000000e-01
5.597420e+03 0.000000e+00 1.000000e+00 1.000000e-01
5.597430e+03 0.000000e+00 1.000000e+00 1.000000e-01
5.597440e+03 0.000000e+00 1.000000e+00 1.000000e-01
5.597450e+03 0.000000e+00 1.000000e+00 1.000000e-01
5.597460e+03 0.000000e+00 1.000000e+00 1.000000e-01
5.597470e+03 0.000000e+00 1.000000e+00 1.000000e-01
5.597480e+03 0.000000e+00 1.000000e+00 1.000000e-01
5.597490e+03 0.000000e+00 1.000000e+00 1.000000e-01
5.597500e+03 0.000000e+00 1.000000e+00 1.000000e-01
5.597510e+03 0.000000e+00 1.000000e+00 1.000000e-01
5.597520e+03 0.000000e+00 1.000000e+00 1.000000e-01
5.597530e+03 0.000000e+00 1.000000e+00 1.000000e-01
5.597540e+03 0.000000e+00 1.000000e+00 1.000000e-01
5.597550e+03 0.000000e+00 1.000000e+00 1.000000e-01
5.597560e+03 0.000000e+00 1.000000e+00 1.000000e-01
5.597570e+03 0.000000e+00 1.000000e+00 1.000000e-01
5.597580e+03 0.000000e+00 1.000000e+00 1.000000e-01
5.597590e+03 0.000000e+00 1.000000e+00 1.000000e-01
5.597600e+03 0.000000e+00 1.000000e+00 1.000000e-01
5.597610e+03 0.000000e+00 1.000000e+00 1.000000e-01
5.597620e+03 0.000000e+00 1.000000e+00 1.000000e-01
5.597630e+03 0.000000e+00 1.000000e+00 1.000000e-01
5.597640e+03 0.000000e+00 1.000000e+00 1.000000e-01
5.597650e+03 0.000000e+00 1.000000e+00 1.000000e-01
5.597660e+03 0.000000e+00 1.000000e+00 1.000000e-01
5.597670e+03 0.000000e+00 1.000000e+00 1.000000e-01
5.597680e+03 0.000000e+00 1.000000e+00 1.000000e-01
5.597690e+03 0.000000e+00 1.000000e+00 1.000000e-01
5.597700e+03 0.000000e+00 1.000000e+00 1.000000e-01
5.597710e+03 0.000000e+00 1.000000e+00 1.000000e-01
5.597720e+03 0.000000e+00 1.000000e+00 1.000000e-01
5.597730e+03 0.000000e+00 1.000000e+00 1.000000e-01
5.597740e+03 0.000000e+00 1.000000e+00 1.000000e-01
5.597750e+03 0.000000e+00 1.000000e+00 1.000000e-01
5.597760e+03 0.000000e+00 1.000000e+00 1.000000e-01
5.597770e+03 0.000000e+00 1.000000e+00 1.000000e-01
5.597780e+03 0.000000e+00 1.000000e+00 1.000000e-01
5.597790e+03 0.000000e+00 1.000000e+00 1.000000e-01
5.597800e+03 0.000000e+00 1.000000e+00 1.000000e-01
5.597810e+03 0.000000e+00 1.000000e+00 1.000000e-01
5.597820e+03 0.000000e+00 1.000000e+00 1.000000e-01
5.597830e+03 0.000000e+00 1.000000e+00 1.000000e-01
5.597840e+03 0.000000e+00 1.000000e+00 1.000000e-01
5.597850e+03 0.000000e+00 1.000000e+00 1.000000e-01
5.597860e+03 0.000000e+00 1.000000e+00 1.000000e-01
5.597870e+03 0.000000e+00 1.000000e+00 1.000000e-01
5.597880e+03 0.000000e+00 1.000000e+00 1.000000e-01
5.597890e+03 0.000000e+00 1.000000e+00 1.000000e-01
5.597900e+03 0.000000e+00 1.000000e+00 1.000000e-01
5.597910e+03 0.000000e+00 1.000000e+00 1.000000e-01
5.597920e+03 0.000000e+00 1.000000e+00 1.000000e-01
5.597930e+03 0.000000e+00 1.000000e+00 1.000000e-01
5.597940e+03 0.000000e+00 1.000000e+00 1.000000e-01
5.597950e+03 0.000000e+00 1.000000e+00 1.000000e-01
5.597960e+03 0.000000e+00 1.000000e+00 1.000000e-01
5.597970e+03 0.000000e+00 1.000000e+00 1.000000e-01
5.597980e+03 0.000000e+00 1.000000e+00 1.000000e-01
5.597990e+03 0.000000e+00 1.000000e+00 1.000000e-01
5.598000e+03 0.000000e+00 1.000000e+00 1.000000e-01
5.598010e+03 0.000000e+00 1.000000e+00 1.000000e-01
5.598020e+03 0.000000e+00 1.000000e+00 1.000000e-01
5.598030e+03 0.000000e+00 1.000000e+00 1.000000e-01
5.598040e+03 0.000000e+00 1.000000e+00 1.000000e-01
5.598050e+03 0.000000e+00 1.000000e+00 1.000000e-01
5.598060e+03 0.000000e+00 1.000000e+00 1.000000e-01
5.598070e+03 0.000000e+00 1.000000e+00 1.000000e-01
5.598080e+03 0.000000e+00 1.000000e+00 1.000000e-01
5.598090e+03 0.000000e+00 1.000000e+00 1.000000e-01
5.598100e+03 0.000000e+00 1.000000e+00 1.000000e-01
5.598110e+03 0.000000e+00 1.000000e+00 1.000000e-01
5.598120e+03 0.000000e+00 1.000000e+00 1.000000e-01
5.598130e+03 0.000000e+00 1.000000e+00 1.000000e-01
5.598140e+03 0.000000e+00 1.000000e+00 1.000000e-01
5.598150e+03 0.000000e+00 1.000000e+00 1.000000e-01
5.598160e+03 0.000000e+00 1.000000e+00 1.000000e-01
5.598170e+03 0.000000e+00 1.000000e+00 1.000000e-01
5.598180e+03 0.000000e+00 1.000000e+00 1.000000e-01
5.598190e+03 0.000000e+00 1.000000e+00 1.000000e-01
5.598200e+03 0.000000e+00 1.000000e+00 1.000000e-01
5.598210e+03 0.000000e+00 1.000000e+00 1.000000e-01
5.598220e+03 0.000000e+00 1.000000e+00 1.000000e-01
5.598230e+03 0.000000e+00 1.000000e+00 1.000000e-01
5.598240e+03 0.000000e+00 1.000000e+00 1.000000e-01
5.598250e+03 0.000000e+00 1.000000e+00 1.000000e-01
5.598260e+03 0.000000e+00 1.000000e+00 1.000000e-01
5.598270e+03 0.000000e+00 1.000000e+00 1.000000e-01
5.598280e+03 0.000000e+00 1.000000e+00 1.000000e-01
5.598290e+03 0.000000e+00 1.000000e+00 1.000000e-01
5.598300e+03 0.000000e+00 1.000000e+00 1.000000e-01
5.598310e+03 0.000000e+00 1.000000e+00 1.000000e-01
5.598320e+03 0.000000e+00 1.000000e+00 1.000000e-01
5.598330e+03 0.000000e+00 1.000000e+00 1.000000e-01
5.598340e+03 0.000000e+00 1.000000e+00 1.000000e-01
5.598350e+03 0.000000e+00 1.000000e+00 1.000000e-01
5.598360e+03 0.000000e+00 1.000000e+00 1.000000e-01
5.598370e+03 0.000000e+00 1.000000e+00 1.000000e-01
5.598380e+03 0.000000e+00 1.000000e+00 1.000000e-01
5.598390e+03 0.000000e+00 1.000000e+00 1.000000e-01
5.598400e+03 0.000000e+00 1.000000e+00 1.000000e-01
5.598410e+03 0.000000e+00 1.000000e+00 1.000000e-01
5.598420e+03 0.000000e+00 1.000000e+00 1.000000e-01
5.598430e+03 0.000000e+00 1.000000e+00 1.000000e-01
5.598440e+03 0.000000e+00 1.000000e+00 1.000000e-01
5.598450e+03 0.000000e+00 1.000000e+00 1.000000e-01
5.598460e+03 0.000000e+00 1.000000e+00 1.000000e-01
5.598470e+03 0.000000e+00 1.000000e+00 1.000000e-01
5.598480e+03 0.000000e+00 1.000000e+00 1.000000e-01
5.598490e+03 0.000000e+00 1.000000e+00 1.000000e-01
5.598500e+03 0.000000e+00 1.000000e+00 1.000000e-01
5.598510e+03 0.000000e+00 1.000000e+00 1.000000e-01
5.598520e+03 0.000000e+00 1.000000e+00 1.000000e-01
5.598530e+03 0.000000e+00 1.000000e+00 1.000000e-01
5.598540e+03 0.000000e+00 1.000000e+00 1.000000e-01
5.598550e+03 0.000000e+00 1.000000e+00 1.000000e-01
5.598560e+03 0.000000e+00 1.000000e+00 1.000000e-01
5.598570e+03 0.000000e+00 1.000000e+00 1.000000e-01
5.598580e+03 0.000000e+00 1.000000e+00 1.000000e-01
5.598590e+03 0.000000e+00 1.000000e+00 1.000000e-01
5.598600e+03 0.000000e+00 1.000000e+00 1.000000e-01
5.598610e+03 0.000000e+00 1.000000e+00 1.000000e-01
5.598620e+03 0.000000e+00 1.000000e+00 1.000000e-01
5.598630e+03 0.000000e+00 1.000000e+00 1.000000e-01
5.598640e+03 0.000000e+00 1.000000e+00 1.000000e-01
5.598650e+03 0.000000e+00 1.000000e+00 1.000000e-01
5.598660e+03 0.000000e+00 1.000000e+00 1.000000e-01
5.598670e+03 0.000000e+00 1.000000e+00 1.000000e-01
5.598680e+03 0.000000e+00 1.000000e+00 1.000000e-01
5.598690e+03 0.000000e+00 1.000000e+00 1.000000e-01
5.598700e+03 0.000000e+00 1.000000e+00 1.000000e-01
5.598710e+03 0.000000e+00 1.000000e+00 1.000000e-01
5.598720e+03 0.000000e+00 1.000000e+00 1.000000e-01
5.598730e+03 0.000000e+00 1.000000e+00 1.000000e-01
5.598740e+03 0.000000e+00 1.000000e+00 1.000000e-01
5.598750e+03 0.000000e+00 1.000000e+00 1.000000e-01
5.598760e+03 0.000000e+00 1.000000e+00 1.000000e-01
5.598770e+03 0.000000e+00 1.000000e+00 1.000000e-01
5.598780e+03 0.000000e+00 1.000000e+00 1.000000e-01
5.598790e+03 0.000000e+00 1.000000e+00 1.000000e-01
5.598800e+03 0.000000e+00 1.000000e+00 1.000000e-01
5.598810e+03 0.000000e+00 1.000000e+00 1.000000e-01
5.598820e+03 0.000000e+00 1.000000e+00 1.000000e-01
5.598830e+03 0.000000e+00 1.000000e+00 1.000000e-01
5.598840e+03 0.000000e+00 1.000000e+00 1.000000e-01
5.598850e+03 0.000000e+00 1.000000e+00 1.000000e-01
5.598860e+03 0.000000e+00 1.000000e+00 1.000000e-01
5.598870e+03 0.000000e+00 1.000000e+00 1.000000e-01
5.598880e+03 0.000000e+00 1.000000e+00 1.000000e-01
5.598890e+03 0.000000e+00 1.000000e+00 1.000000e-01
5.598900e+03 0.000000e+00 1.000000e+00 1.000000e-01
5.598910e+03 0.000000e+00 1.000000e+00 1.000000e-01
5.598920e+03 0.000000e+00 1.000000e+00 1.000000e-01
5.598930e+03 0.000000e+00 1.000000e+00 1.000000e-01
5.598940e+03 0.000000e+00 1.000000e+00 1.000000e-01
5.598950e+03 0.000000e+00 1.000000e+00 1.000000e-01
5.598960e+03 0.000000e+00 1.000000e+00 1.000000e-01
5.598970e+03 0.000000e+00 1.000000e+00 1.000000e-01
5.598980e+03 0.000000e+00 1.000000e+00 1.000000e-01
5.598990e+03 0.000000e+00 1.000000e+00 1.000000e-01
5.599000e+03 0.000000e+00 1.000000e+00 1.000000e-01
5.599010e+03 0.000000e+00 1.000000e+00 1.000000e-01
5.599020e+03 0.000000e+00 1.000000e+00 1.000000e-01
5.599030e+03 0.000000e+00 1.000000e+00 1.000000e-01
5.599040e+03 0.000000e+00 1.000000e+00 1.000000e-01
5.599050e+03 0.000000e+00 1.000000e+00 1.000000e-01
5.599060e+03 0.000000e+00 1.000000e+00 1.000000e-01
5.599070e+03 0.000000e+00 1.000000e+00 1.000000e-01
5.599080e+03 0.000000e+00 1.000000e+00 1.000000e-01
5.599090e+03 0.000000e+00 1.000000e+00 1.000000e-01
5.599100e+03 0.000000e+00 1.000000e+00 1.000000e-01
5.599110e+03 0.000000e+00 1.000000e+00 1.000000e-01
5.599120e+03 0.000000e+00 1.000000e+00 1.000000e-01
5.599130e+03 0.000000e+00 1.000000e+00 1.000000e-01
5.599140e+03 0.000000e+00 1.000000e+00 1.000000e-01
5.599150e+03 0.000000e+00 1.000000e+00 1.000000e-01
5.599160e+03 0.000000e+00 1.000000e+00 1.000000e-01
5.599170e+03 0.000000e+00 1.000000e+00 1.000000e-01
5.599180e+03 0.000000e+00 1.000000e+00 1.000000e-01
5.599190e+03 0.000000e+00 1.000000e+00 1.000000e-01
5.599200e+03 0.000000e+00 1.000000e+00 1.000000e-01
5.599210e+03 0.000000e+00 1.000000e+00 1.000000e-01
5.599220e+03 0.000000e+00 1.000000e+00 1.000000e-01
5.599230e+03 0.000000e+00 1.000000e+00 1.000000e-01
5.599240e+03 0.000000e+00 1.000000e+00 1.000000e-01
5.599250e+03 0.000000e+00 1.000000e+00 1.000000e-01
5.599260e+03 0.000000e+00 1.000000e+00 1.000000e-01
5.599270e+03 0.000000e+00 1.000000e+00 1.000000e-01
5.599280e+03 0.000000e+00 1.000000e+00 1.000000e-01
5.599290e+03 0.000000e+00 1.000000e+00 1.000000e-01
5.599300e+03 0.000000e+00 1.000000e+00 1.000000e-01
5.599310e+03 0.000000e+00 1.000000e+00 1.000000e-01
5.599320e+03 0.000000e+00 1.000000e+00 1.000000e-01
5.599330e+03 0.000000e+00 1.000000e+00 1.000000e-01
5.599340e+03 0.000000e+00 1.000000e+00 1.000000e-01
5.599350e+03 0.000000e+00 1.000000e+00 1.000000e-01
5.599360e+03 0.000000e+00 1.000000e+00 1.000000e-01
5.599370e+03 0.000000e+00 1.000000e+00 1.000000e-01
5.599380e+03 0.000000e+00 1.000000e+00 1.000000e-01
5.599390e+03 0.000000e+00 1.000000e+00 1.000000e-01
5.599400e+03 0.000000e+00 1.000000e+00 1.000000e-01
5.599410e+03 0.000000e+00 1.000000e+00 1.000000e-01
5.599420e+03 0.000000e+00 1.000000e+00 1.000000e-01
5.599430e+03 0.000000e+00 1.000000e+00 1.000000e-01
5.599440e+03 0.000000e+00 1.000000e+00 1.000000e-01
5.599450e+03 0.000000e+00 1.000000e+00 1.000000e-01
5.599460e+03 0.000000e+00 1.000000e+00 1.000000e-01
5.599470e+03 0.000000e+00 1.000000e+00 1.000000e-01
5.599480e+03 0.000000e+00 1.000000e+00 1.000000e-01
5.599490e+03 0.000000e+00 1.000000e+00 1.000000e-01
5.599500e+03 0.000000e+00 1.000000e+00 1.000000e-01
5.599510e+03 0.000000e+00 1.000000e+00 1.000000e-01
5.599520e+03 0.000000e+00 1.000000e+00 1.000000e-01
5.599530e+03 0.000000e+00 1.000000e+00 1.000000e-01
5.599540e+03 0.000000e+00 1.000000e+00 1.000000e-01
5.599550e+03 0.000000e+00 1.000000e+00 1.000000e-01
5.599560e+03 0.000000e+00 1.000000e+00 1.000000e-01
5.599570e+03 0.000000e+00 1.000000e+00 1.000000e-01
5.599580e+03 0.000000e+00 1.000000e+00 1.000000e-01
5.599590e+03 0.000000e+00 1.000000e+00 1.000000e-01
5.599600e+03 0.000000e+00 1.000000e+00 1.000000e-01
5.599610e+03 0.000000e+00 1.000000e+00 1.000000e-01
5.599620e+03 0.000000e+00 1.000000e+00 1.000000e-01
5.599630e+03 0.000000e+00 1.000000e+00 1.000000e-01
5.599640e+03 0.000000e+00 1.000000e+00 1.000000e-01
5.599650e+03 0.000000e+00 1.000000e+00 1.000000e-01
5.599660e+03 0.000000e+00 1.000000e+00 1.000000e-01
5.599670e+03 0.000000e+00 1.000000e+00 1.000000e-01
5.599680e+03 0.000000e+00 1.000000e+00 1.000000e-01
5.599690e+03 0.000000e+00 1.000000e+00 1.000000e-01
5.599700e+03 0.000000e+00 1.000000e+00 1.000000e-01
5.599710e+03 0.000000e+00 1.000000e+00 1.000000e-01
5.599720e+03 0.000000e+00 1.000000e+00 1.000000e-01
5.599730e+03 0.000000e+00 1.000000e+00 1.000000e-01
5.599740e+03 0.000000e+00 1.000000e+00 1.000000e-01
5.599750e+03 0.000000e+00 1.000000e+00 1.000000e-01
5.599760e+03 0.000000e+00 1.000000e+00 1.000000e-01
5.599770e+03 0.000000e+00 1.000000e+00 1.000000e-01
5.599780e+03 0.000000e+00 1.000000e+00 1.000000e-01
5.599790e+03 0.000000e+00 1.000000e+00 1.000000e-01
5.599800e+03 0.000000e+00 1.000000e+00 1.000000e-01
5.599810e+03 0.000000e+00 1.000000e+00 1.000000e-01
5.599820e+03 0.000000e+00 1.000000e+00 1.000000e-01
5.599830e+03 0.000000e+00 1.000000e+00 1.000000e-01
5.599840e+03 0.000000e+00 1.000000e+00 1.000000e-01
5.599850e+03 0.000000e+00 1.000000e+00 1.000000e-01
5.599860e+03 0.000000e+00 1.000000e+00 1.000000e-01
5.599870e+03 0.000000e+00 1.000000e+00 1.000000e-01
5.599880e+03 0.000000e+00 1.000000e+00 1.000000e-01
5.599890e+03 0.000000e+00 1.000000e+00 1.000000e-01
5.599900e+03 0.000000e+00 1.000000e+00 1.000000e-01
5.599910e+03 0.000000e+00 1.000000e+00 1.000000e-01
5.599920e+03 0.000000e+00 1.000000e+00 1.000000e-01
5.599930e+03 0.000000e+00 1.000000e+00 1.000000e-01
5.599940e+03 0.000000e+00 1.000000e+00 1.000000e-01
5.599950e+03 0.000000e+00 1.000000e+00 1.000000e-01
5.599960e+03 0.000000e+00 1.000000e+00 1.000000e-01
5.599970e+03 0.000000e+00 1.000000e+00 1.000000e-01
5.599980e+03 0.000000e+00 1.000000e+00 1.000000e-01
5.599990e+03 0.000000e+00 1.000000e+00 1.000000e-01
5.600000e+03 0.000000e+00 1.000000e+00 1.000000e-01
5.600010e+03 0.000000e+00 1.000000e+00 1.000000e-01
5.600020e+03 0.000000e+00 1.000000e+00 1.000000e-01
5.600030e+03 0.000000e+00 1.000000e+00 1.000000e-01
5.600040e+03 0.000000e+00 1.000000e+00 1.000000e-01
5.600050e+03 0.000000e+00 1.000000e+00 1.000000e-01
5.600060e+03 0.000000e+00 1.000000e+00 1.000000e-01
5.600070e+03 0.000000e+00 1.000000e+00 1.000000e-01
5.600080e+03 0.000000e+00 1.000000e+00 1.000000e-01
5.600090e+03 0.000000e+00 1.000000e+00 1.000000e-01
5.600100e+03 0.000000e+00 1.000000e+00 1.000000e-01
5.600110e+03 0.000000e+00 1.000000e+00 1.000000e-01
5.600120e+03 0.000000e+00 1.000000e+00 1.000000e-01
5.600130e+03 0.000000e+00 1.000000e+00 1.000000e-01
5.600140e+03 0.000000e+00 1.000000e+00 1.000000e-01
5.600150e+03 0.000000e+00 1.000000e+00 1.000000e-01
5.600160e+03 0.000000e+00 1.000000e+00 1.000000e-01
5.600170e+03 0.000000e+00 1.000000e+00 1.000000e-01
5.600180e+03 0.000000e+00 1.000000e+00 1.000000e-01
5.600190e+03 0.000000e+00 1.000000e+00 1.000000e-01
5.600200e+03 0.000000e+00 1.000000e+00 1.000000e-01
5.600210e+03 0.000000e+00 1.000000e+00 1.000000e-01
5.600220e+03 0.000000e+00 1.000000e+00 1.000000e-01
5.600230e+03 0.000000e+00 1.000000e+00 1.000000e-01
5.600240e+03 0.000000e+00 1.000000e+00 1.000000e-01
5.600250e+03 0.000000e+00 1.000000e+00 1.000000e-01
5.600260e+03 0.000000e+00 1.000000e+00 1.000000e-01
5.600270e+03 0.000000e+00 1.000000e+00 1.000000e-01
5.600280e+03 0.000000e+00 1.000000e+00 1.000000e-01
5.600290e+03 0.000000e+00 1.000000e+00 1.000000e-01
5.600300e+03 0.000000e+00 1.000000e+00 1.000000e-01
5.600310e+03 0.000000e+00 1.000000e+00 1.000000e-01
5.600320e+03 0.000000e+00 1.000000e+00 1.000000e-01
5.600330e+03 0.000000e+00 1.000000e+00 1.000000e-01
5.600340e+03 0.000000e+00 1.000000e+00 1.000000e-01
5.600350e+03 0.000000e+00 1.000000e+00 1.000000e-01
5.600360e+03 0.000000e+00 1.000000e+00 1.000000e-01
5.600370e+03 0.000000e+00 1.000000e+00 1.000000e-01
5.600380e+03 0.000000e+00 1.000000e+00 1.000000e-01
5.600390e+03 0.000000e+00 1.000000e+00 1.000000e-01
5.600400e+03 0.000000e+00 1.000000e+00 1.000000e-01
5.600410e+03 0.000000e+00 1.000000e+00 1.000000e-01
5.600420e+03 0.000000e+00 1.000000e+00 1.000000e-01
5.600430e+03 0.000000e+00 1.000000e+00 1.000000e-01
5.600440e+03 0.000000e+00 1.000000e+00 1.000000e-01
5.600450e+03 0.000000e+00 1.000000e+00 1.000000e-01
5.600460e+03 0.000000e+00 1.000000e+00 1.000000e-01
5.600470e+03 0.000000e+00 1.000000e+00 1.000000e-01
5.600480e+03 0.000000e+00 1.000000e+00 1.000000e-01
5.600490e+03 0.000000e+00 1.000000e+00 1.000000e-01
5.600500e+03 0.000000e+00 1.000000e+00 1.000000e-01
5.600510e+03 0.000000e+00 1.000000e+00 1.000000e-01
5.600520e+03 0.000000e+00 1.000000e+00 1.000000e-01
5.600530e+03 0.000000e+00 1.000000e+00 1.000000e-01
5.600540e+03 0.000000e+00 1.000000e+00 1.000000e-01
5.600550e+03 0.000000e+00 1.000000e+00 1.000000e-01
5.600560e+03 0.000000e+00 1.000000e+00 1.000000e-01
5.600570e+03 0.000000e+00 1.000000e+00 1.000000e-01
5.600580e+03 0.000000e+00 1.000000e+00 1.000000e-01
5.600590e+03 0.000000e+00 1.000000e+00 1.000000e-01
5.600600e+03 0.000000e+00 1.000000e+00 1.000000e-01
5.600610e+03 0.000000e+00 1.000000e+00 1.000000e-01
5.600620e+03 0.000000e+00 1.000000e+00 1.000000e-01
5.600630e+03 0.000000e+00 1.000000e+00 1.000000e-01
5.600640e+03 0.000000e+00 1.000000e+00 1.000000e-01
5.600650e+03 0.000000e+00 1.000000e+00 1.000000e-01
5.600660e+03 0.000000e+00 1.000000e+00 1.000000e-01
5.600670e+03 0.000000e+00 1.000000e+00 1.000000e-01
5.600680e+03 0.000000e+00 1.000000e+00 1.000000e-01
5.600690e+03 0.000000e+00 1.000000e+00 1.000000e-01
5.600700e+03 0.000000e+00 1.000000e+00 1.000000e-01
5.600710e+03 0.000000e+00 1.000000e+00 1.000000e-01
5.600720e+03 0.000000e+00 1.000000e+00 1.000000e-01
5.600730e+03 0.000000e+00 1.000000e+00 1.000000e-01
5.600740e+03 0.000000e+00 1.000000e+00 1.000000e-01
5.600750e+03 0.000000e+00 1.000000e+00 1.000000e-01
5.600760e+03 0.000000e+00 1.000000e+00 1.000000e-01
5.600770e+03 0.000000e+00 1.000000e+00 1.000000e-01
5.600780e+03 0.000000e+00 1.000000e+00 1.000000e-01
5.600790e+03 0.000000e+00 1.000000e+00 1.000000e-01
5.600800e+03 0.000000e+00 1.000000e+00 1.000000e-01
5.600810e+03 0.000000e+00 1.000000e+00 1.000000e-01
5.600820e+03 0.000000e+00 1.000000e+00 1.000000e-01
5.600830e+03 0.000000e+00 1.000000e+00 1.000000e-01
5.600840e+03 0.000000e+00 1.000000e+00 1.000000e-01
5.600850e+03 0.000000e+00 1.000000e+00 1.000000e-01
5.600860e+03 0.000000e+00 1.000000e+00 1.000000e-01
5.600870e+03 0.000000e+00 1.000000e+00 1.000000e-01
5.600880e+03 0.000000e+00 1.000000e+00 1.000000e-01
5.600890e+03 0.000000e+00 1.000000e+00 1.000000e-01
5.600900e+03 0.000000e+00 1.000000e+00 1.000000e-01
5.600910e+03 0.000000e+00 1.000000e+00 1.000000e-01
5.600920e+03 0.000000e+00 1.000000e+00 1.000000e-01
5.600930e+03 0.000000e+00 1.000000e+00 1.000000e-01
5.600940e+03 0.000000e+00 1.000000e+00 1.000000e-01
5.600950e+03 0.000000e+00 1.000000e+00 1.000000e-01
5.600960e+03 0.000000e+00 1.000000e+00 1.000000e-01
5.600970e+03 0.000000e+00 1.000000e+00 1.000000e-01
5.600980e+03 0.000000e+00 1.000000e+00 1.000000e-01
5.600990e+03 0.000000e+00 1.000000e+00 1.000000e-01
5.601000e+03 0.000000e+00 1.000000e+00 1.000000e-01
5.601010e+03 0.000000e+00 1.000000e+00 1.000000e-01
5.601020e+03 0.000000e+00 1.000000e+00 1.000000e-01
5.601030e+03 0.000000e+00 1.000000e+00 1.000000e-01
5.601040e+03 0.000000e+00 1.000000e+00 1.000000e-01
5.601050e+03 0.000000e+00 1.000000e+00 1.000000e-01
5.601060e+03 0.000000e+00 1.000000e+00 1.000000e-01
5.601070e+03 0.000000e+00 1.000000e+00 1.000000e-01
5.601080e+03 0.000000e+00 1.000000e+00 1.000000e-01
5.601090e+03 0.000000e+00 1.000000e+00 1.000000e-01
5.601100e+03 0.000000e+00 1.000000e+00 1.000000e-01
5.601110e+03 0.000000e+00 1.000000e+00 1.000000e-01
5.601120e+03 0.000000e+00 1.000000e+00 1.000000e-01
5.601130e+03 0.000000e+00 1.000000e+00 1.000000e-01
5.601140e+03 0.000000e+00 1.000000e+00 1.000000e-01
5.601150e+03 0.000000e+00 1.000000e+00 1.000000e-01
5.601160e+03 0.000000e+00 1.000000e+00 1.000000e-01
5.601170e+03 0.000000e+00 1.000000e+00 1.000000e-01
5.601180e+03 0.000000e+00 1.000000e+00 1.000000e-01
5.601190e+03 0.000000e+00 1.000000e+00 1.000000e-01
5.601200e+03 0.000000e+00 1.000000e+00 1.000000e-01
5.601210e+03 0.000000e+00 1.000000e+00 1.000000e-01
5.601220e+03 0.000000e+00 1.000000e+00 1.000000e-01
5.601230e+03 0.000000e+00 1.000000e+00 1.000000e-01
5.601240e+03 0.000000e+00 1.000000e+00 1.000000e-01
5.601250e+03 0.000000e+00 1.000000e+00 1.000000e-01
5.601260e+03 0.000000e+00 1.000000e+00 1.000000e-01
5.601270e+03 0.000000e+00 1.000000e+00 1.000000e-01
5.601280e+03 0.000000e+00 1.000000e+00 1.000000e-01
5.601290e+03 0.000000e+00 1.000000e+00 1.000000e-01
5.601300e+03 0.000000e+00 1.000000e+00 1.000000e-01
5.601310e+03 0.000000e+00 1.000000e+00 1.000000e-01
5.601320e+03 0.000000e+00 1.000000e+00 1.000000e-01
5.601330e+03 0.000000e+00 1.000000e+00 1.000000e-01
5.601340e+03 0.000000e+00 1.000000e+00 1.000000e-01
5.601350e+03 0.000000e+00 1.000000e+00 1.000000e-01
5.601360e+03 0.000000e+00 1.000000e+00 1.000000e-01
5.601370e+03 0.000000e+00 1.000000e+00 1.000000e-01
5.601380e+03 0.000000e+00 1.000000e+00 1.000000e-01
5.601390e+03 0.000000e+00 1.000000e+00 1.000000e-01
5.601400e+03 0.000000e+00 1.000000e+00 1.000000e-01
5.601410e+03 0.000000e+00 1.000000e+00 1.000000e-01
5.601420e+03 0.000000e+00 1.000000e+00 1.000000e-01
5.601430e+03 0.000000e+00 1.000000e+00 1.000000e-01
5.601440e+03 0.000000e+00 1.000000e+00 1.000000e-01
5.601450e+03 0.000000e+00 1.000000e+00 1.000000e-01
5.601460e+03 0.000000e+00 1.000000e+00 1.000000e-01
5.601470e+03 0.000000e+00 1.000000e+00 1.000000e-01
5.601480e+03 0.000000e+00 1.000000e+00 1.000000e-01
5.601490e+03 0.000000e+00 1.000000e+00 1.000000e-01
5.601500e+03 0.000000e+00 1.000000e+00 1.000000e-01
5.601510e+03 0.000000e+00 1.000000e+00 1.000000e-01
5.601520e+03 0.000000e+00 1.000000e+00 1.000000e-01
5.601530e+03 0.000000e+00 1.000000e+00 1.000000e-01
5.601540e+03 0.000000e+00 1.000000e+00 1.000000e-01
5.601550e+03 0.000000e+00 1.000000e+00 1.000000e-01
5.601560e+03 0.000000e+00 1.000000e+00 1.000000e-01
5.601570e+03 0.000000e+00 1.000000e+00 1.000000e-01
5.601580e+03 0.000000e+00 1.000000e+00 1.000000e-01
5.601590e+03 0.000000e+00 1.000000e+00 1.000000e-01
5.601600e+03 0.000000e+00 1.000000e+00 1.000000e-01
5.601610e+03 0.000000e+00 1.000000e+00 1.000000e-01
5.601620e+03 0.000000e+00 1.000000e+00 1.000000e-01
5.601630e+03 0.000000e+00 1.000000e+00 1.000000e-01
5.601640e+03 0.000000e+00 1.000000e+00 1.000000e-01
5.601650e+03 0.000000e+00 1.000000e+00 1.000000e-01
5.601660e+03 0.000000e+00 1.000000e+00 1.000000e-01
5.601670e+03 0.000000e+00 1.000000e+00 1.000000e-01
5.601680e+03 0.000000e+00 1.000000e+00 1.000000e-01
5.601690e+03 0.000000e+00 1.000000e+00 1.000000e-01
5.601700e+03 0.000000e+00 1.000000e+00 1.000000e-01
5.601710e+03 0.000000e+00 1.000000e+00 1.000000e-01
5.601720e+03 0.000000e+00 1.000000e+00 1.000000e-01
5.601730e+03 0.000000e+00 1.000000e+00 1.000000e-01
5.601740e+03 0.000000e+00 1.000000e+00 1.000000e-01
5.601750e+03 0.000000e+00 1.000000e+00 1.000000e-01
5.601760e+03 0.000000e+00 1.000000e+00 1.000000e-01
5.601770e+03 0.000000e+00 1.000000e+00 1.000000e-01
5.601780e+03 0.000000e+00 1.000000e+00 1.000000e-01
5.601790e+03 0.000000e+00 1.000000e+00 1.000000e-01
5.601800e+03 0.000000e+00 1.000000e+00 1.000000e-01
5.601810e+03 0.000000e+00 1.000000e+00 1.000000e-01
5.601820e+03 0.000000e+00 1.000000e+00 1.000000e-01
5.601830e+03 0.000000e+00 1.000000e+00 1.000000e-01
5.601840e+03 0.000000e+00 1.000000e+00 1.000000e-01
5.601850e+03 0.000000e+00 1.000000e+00 1.000000e-01
5.601860e+03 0.000000e+00 1.000000e+00 1.000000e-01
5.601870e+03 0.000000e+00 1.000000e+00 1.000000e-01
5.601880e+03 0.000000e+00 1.000000e+00 1.000000e-01
5.601890e+03 0.000000e+00 1.000000e+00 1.000000e-01
5.601900e+03 0.000000e+00 1.000000e+00 1.000000e-01
5.601910e+03 0.000000e+00 1.000000e+00 1.000000e-01
5.601920e+03 0.000000e+00 1.000000e+00 1.000000e-01
5.601930e+03 0.000000e+00 1.000000e+00 1.000000e-01
5.601940e+03 0.000000e+00 1.000000e+00 1.000000e-01
5.601950e+03 0.000000e+00 1.000000e+00 1.000000e-01
5.601960e+03 0.000000e+00 1.000000e+00 1.000000e-01
5.601970e+03 0.000000e+00 1.000000e+00 1.000000e-01
5.601980e+03 0.000000e+00 1.000000e+00 1.000000e-01
5.601990e+03 0.000000e+00 1.000000e+00 1.000000e-01
5.602000e+03 0.000000e+00 1.000000e+00 1.000000e-01
5.602010e+03 0.000000e+00 1.000000e+00 1.000000e-01
5.602020e+03 0.000000e+00 1.000000e+00 1.000000e-01
5.602030e+03 0.000000e+00 1.000000e+00 1.000000e-01
5.602040e+03 0.000000e+00 1.000000e+00 1.000000e-01
5.602050e+03 0.000000e+00 1.000000e+00 1.000000e-01
5.602060e+03 0.000000e+00 1.000000e+00 1.000000e-01
5.602070e+03 0.000000e+00 1.000000e+00 1.000000e-01
5.602080e+03 0.000000e+00 1.000000e+00 1.000000e-01
5.602090e+03 0.000000e+00 1.000000e+00 1.000000e-01
5.602100e+03 0.000000e+00 1.000000e+00 1.000000e-01
5.602110e+03 0.000000e+00 1.000000e+00 1.000000e-01
5.602120e+03 0.000000e+00 1.000000e+00 1.000000e-01
5.602130e+03 0.000000e+00 1.000000e+00 1.000000e-01
5.602140e+03 0.000000e+00 1.000000e+00 1.000000e-01
5.602150e+03 0.000000e+00 1.000000e+00 1.000000e-01
5.602160e+03 0.000000e+00 1.000000e+00 1.000000e-01
5.602170e+03 0.000000e+00 1.000000e+00 1.000000e-01
5.602180e+03 0.000000e+00 1.000000e+00 1.000000e-01
5.602190e+03 0.000000e+00 1.000000e+00 1.000000e-01
5.602200e+03 0.000000e+00 1.000000e+00 1.000000e-01
5.602210e+03 0.000000e+00 1.000000e+00 1.000000e-01
5.602220e+03 0.000000e+00 1.000000e+00 1.000000e-01
5.602230e+03 0.000000e+00 1.000000e+00 1.000000e-01
5.602240e+03 0.000000e+00 1.000000e+00 1.000000e-01
5.602250e+03 0.000000e+00 1.000000e+00 1.000000e-01
5.602260e+03 0.000000e+00 1.000000e+00 1.000000e-01
5.602270e+03 0.000000e+00 1.000000e+00 1.000000e-01
5.602280e+03 0.000000e+00 1.000000e+00 1.000000e-01
5.602290e+03 0.000000e+00 1.000000e+00 1.000000e-01
5.602300e+03 0.000000e+00 1.000000e+00 1.000000e-01
5.602310e+03 0.000000e+00 1.000000e+00 1.000000e-01
5.602320e+03 0.000000e+00 1.000000e+00 1.000000e-01
5.602330e+03 0.000000e+00 1.000000e+00 1.000000e-01
5.602340e+03 0.000000e+00 1.000000e+00 1.000000e-01
5.602350e+03 0.000000e+00 1.000000e+00 1.000000e-01
5.602360e+03 0.000000e+00 1.000000e+00 1.000000e-01
5.602370e+03 0.000000e+00 1.000000e+00 1.000000e-01
5.602380e+03 0.000000e+00 1.000000e+00 1.000000e-01
5.602390e+03 0.000000e+00 1.000000e+00 1.000000e-01
5.602400e+03 0.000000e+00 1.000000e+00 1.000000e-01
5.602410e+03 0.000000e+00 1.000000e+00 1.000000e-01
5.602420e+03 0.000000e+00 1.000000e+00 1.000000e-01
5.602430e+03 0.000000e+00 1.000000e+00 1.000000e-01
5.602440e+03 0.000000e+00 1.000000e+00 1.000000e-01
5.602450e+03 0.000000e+00 1.000000e+00 1.000000e-01
5.602460e+03 0.000000e+00 1.000000e+00 1.000000e-01
5.602470e+03 0.000000e+00 1.000000e+00 1.000000e-01
5.602480e+03 0.000000e+00 1.000000e+00 1.000000e-01
5.602490e+03 0.000000e+00 1.000000e+00 1.000000e-01
5.602500e+03 0.000000e+00 1.000000e+00 1.000000e-01
5.602510e+03 0.000000e+00 1.000000e+00 1.000000e-01
5.602520e+03 0.000000e+00 1.000000e+00 1.000000e-01
5.602530e+03 0.000000e+00 1.000000e+00 1.000000e-01
5.602540e+03 0.000000e+00 1.000000e+00 1.000000e-01
5.602550e+03 0.000000e+00 1.000000e+00 1.000000e-01
5.602560e+03 0.000000e+00 1.000000e+00 1.000000e-01
5.602570e+03 0.000000e+00 1.000000e+00 1.000000e-01
5.602580e+03 0.000000e+00 1.000000e+00 1.000000e-01
5.602590e+03 0.000000e+00 1.000000e+00 1.000000e-01
5.602600e+03 0.000000e+00 1.000000e+00 1.000000e-01
5.602610e+03 0.000000e+00 1.000000e+00 1.000000e-01
5.602620e+03 0.000000e+00 1.000000e+00 1.000000e-01
5.602630e+03 0.000000e+00 1.000000e+00 1.000000e-01
5.602640e+03 0.000000e+00 1.000000e+00 1.000000e-01
5.602650e+03 0.000000e+00 1.000000e+00 1.000000e-01
5.602660e+03 0.000000e+00 1.000000e+00 1.000000e-01
5.602670e+03 0.000000e+00 1.000000e+00 1.000000e-01
5.602680e+03 0.000000e+00 1.000000e+00 1.000000e-01
5.602690e+03 0.000000e+00 1.000000e+00 1.000000e-01
5.602700e+03 0.000000e+00 1.000000e+00 1.000000e-01
5.602710e+03 0.000000e+00 1.000000e+00 1.000000e-01
5.602720e+03 0.000000e+00 1.000000e+00 1.000000e-01
5.602730e+03 0.000000e+00 1.000000e+00 1.000000e-01
5.602740e+03 0.000000e+00 1.000000e+00 1.000000e-01
5.602750e+03 0.000000e+00 1.000000e+00 1.000000e-01
5.602760e+03 0.000000e+00 1.000000e+00 1.000000e-01
5.602770e+03 0.000000e+00 1.000000e+00 1.000000e-01
5.602780e+03 0.000000e+00 1.000000e+00 1.000000e-01
5.602790e+03 0.000000e+00 1.000000e+00 1.000000e-01
5.602800e+03 0.000000e+00 1.000000e+00 1.000000e-01
5.602810e+03 0.000000e+00 1.000000e+00 1.000000e-01
5.602820e+03 0.000000e+00 1.000000e+00 1.000000e-01
5.602830e+03 0.000000e+00 1.000000e+00 1.000000e-01
5.602840e+03 0.000000e+00 1.000000e+00 1.000000e-01
5.602850e+03 0.000000e+00 1.000000e+00 1.000000e-01
5.602860e+03 0.000000e+00 1.000000e+00 1.000000e-01
5.602870e+03 0.000000e+00 1.000000e+00 1.000000e-01
5.602880e+03 0.000000e+00 1.000000e+00 1.000000e-01
5.602890e+03 0.000000e+00 1.000000e+00 1.000000e-01
5.602900e+03 0.000000e+00 1.000000e+00 1.000000e-01
5.602910e+03 0.000000e+00 1.000000e+00 1.000000e-01
5.602920e+03 0.000000e+00 1.000000e+00 1.000000e-01
5.602930e+03 0.000000e+00 1.000000e+00 1.000000e-01
5.602940e+03 0.000000e+00 1.000000e+00 1.000000e-01
5.602950e+03 0.000000e+00 1.000000e+00 1.000000e-01
5.602960e+03 0.000000e+00 1.000000e+00 1.000000e-01
5.602970e+03 0.000000e+00 1.000000e+00 1.000000e-01
5.602980e+03 0.000000e+00 1.000000e+00 1.000000e-01
5.602990e+03 0.000000e+00 1.000000e+00 1.000000e-01
5.603000e+03 0.000000e+00 1.000000e+00 1.000000e-01
5.603010e+03 0.000000e+00 1.000000e+00 1.000000e-01
5.603020e+03 0.000000e+00 1.000000e+00 1.000000e-01
5.603030e+03 0.000000e+00 1.000000e+00 1.000000e-01
5.603040e+03 0.000000e+00 1.000000e+00 1.000000e-01
5.603050e+03 0.000000e+00 1.000000e+00 1.000000e-01
5.603060e+03 0.000000e+00 1.000000e+00 1.000000e-01
5.603070e+03 0.000000e+00 1.000000e+00 1.000000e-01
5.603080e+03 0.000000e+00 1.000000e+00 1.000000e-01
5.603090e+03 0.000000e+00 1.000000e+00 1.000000e-01
5.603100e+03 0.000000e+00 1.000000e+00 1.000000e-01
5.603110e+03 0.000000e+00 1.000000e+00 1.000000e-01
5.603120e+03 0.000000e+00 1.000000e+00 1.000000e-01
5.603130e+03 0.000000e+00 1.000000e+00 1.000000e-01
5.603140e+03 0.000000e+00 1.000000e+00 1.000000e-01
5.603150e+03 0.000000e+00 1.000000e+00 1.000000e-01
5.603160e+03 0.000000e+00 1.000000e+00 1.000000e-01
5.603170e+03 0.000000e+00 1.000000e+00 1.000000e-01
5.603180e+03 0.000000e+00 1.000000e+00 1.000000e-01
5.603190e+03 0.000000e+00 1.000000e+00 1.000000e-01
5.603200e+03 0.000000e+00 1.000000e+00 1.000000e-01
5.603210e+03 0.000000e+00 1.000000e+00 1.000000e-01
5.603220e+03 0.000000e+00 1.000000e+00 1.000000e-01
5.603230e+03 0.000000e+00 1.000000e+00 1.000000e-01
5.603240e+03 0.000000e+00 1.000000e+00 1.000000e-01
5.603250e+03 0.000000e+00 1.000000e+00 1.000000e-01
5.603260e+03 0.000000e+00 1.000000e+00 1.000000e-01
5.603270e+03 0.000000e+00 1.000000e+00 1.000000e-01
5.603280e+03 0.000000e+00 1.000000e+00 1.000000e-01
5.603290e+03 0.000000e+00 1.000000e+00 1.000000e-01
5.603300e+03 0.000000e+00 1.000000e+00 1.000000e-01
5.603310e+03 0.000000e+00 1.000000e+00 1.000000e-01
5.603320e+03 0.000000e+00 1.000000e+00 1.000000e-01
5.603330e+03 0.000000e+00 1.000000e+00 1.000000e-01
5.603340e+03 0.000000e+00 1.000000e+00 1.000000e-01
5.603350e+03 0.000000e+00 1.000000e+00 1.000000e-01
5.603360e+03 0.000000e+00 1.000000e+00 1.000000e-01
5.603370e+03 0.000000e+00 1.000000e+00 1.000000e-01
5.603380e+03 0.000000e+00 1.000000e+00 1.000000e-01
5.603390e+03 0.000000e+00 1.000000e+00 1.000000e-01
5.603400e+03 0.000000e+00 1.000000e+00 1.000000e-01
5.603410e+03 0.000000e+00 1.000000e+00 1.000000e-01
5.603420e+03 0.000000e+00 1.000000e+00 1.000000e-01
5.603430e+03 0.000000e+00 1.000000e+00 1.000000e-01
5.603440e+03 0.000000e+00 1.000000e+00 1.000000e-01
5.603450e+03 0.000000e+00 1.000000e+00 1.000000e-01
5.603460e+03 0.000000e+00 1.000000e+00 1.000000e-01
5.603470e+03 0.000000e+00 1.000000e+00 1.000000e-01
5.603480e+03 0.000000e+00 1.000000e+00 1.000000e-01
5.603490e+03 0.000000e+00 1.000000e+00 1.000000e-01
5.603500e+03 0.000000e+00 1.000000e+00 1.000000e-01
5.603510e+03 0.000000e+00 1.000000e+00 1.000000e-01
5.603520e+03 0.000000e+00 1.000000e+00 1.000000e-01
5.603530e+03 0.000000e+00 1.000000e+00 1.000000e-01
5.603540e+03 0.000000e+00 1.000000e+00 1.000000e-01
5.603550e+03 0.000000e+00 1.000000e+00 1.000000e-01
5.603560e+03 0.000000e+00 1.000000e+00 1.000000e-01
5.603570e+03 0.000000e+00 1.000000e+00 1.000000e-01
5.603580e+03 0.000000e+00 1.000000e+00 1.000000e-01
5.603590e+03 0.000000e+00 1.000000e+00 1.000000e-01
5.603600e+03 0.000000e+00 1.000000e+00 1.000000e-01
5.603610e+03 0.000000e+00 1.000000e+00 1.000000e-01
5.603620e+03 0.000000e+00 1.000000e+00 1.000000e-01
5.603630e+03 0.000000e+00 1.000000e+00 1.000000e-01
5.603640e+03 0.000000e+00 1.000000e+00 1.000000e-01
5.603650e+03 0.000000e+00 1.000000e+00 1.000000e-01
5.603660e+03 0.000000e+00 1.000000e+00 1.000000e-01
5.603670e+03 0.000000e+00 1.000000e+00 1.000000e-01
5.603680e+03 0.000000e+00 1.000000e+00 1.000000e-01
5.603690e+03 0.000000e+00 1.000000e+00 1.000000e-01
5.603700e+03 0.000000e+00 1.000000e+00 1.000000e-01
5.603710e+03 0.000000e+00 1.000000e+00 1.000000e-01
5.603720e+03 0.000000e+00 1.000000e+00 1.000000e-01
5.603730e+03 0.000000e+00 1.000000e+00 1.000000e-01
5.603740e+03 0.000000e+00 1.000000e+00 1.000000e-01
5.603750e+03 0.000000e+00 1.000000e+00 1.000000e-01
5.603760e+03 0.000000e+00 1.000000e+00 1.000000e-01
5.603770e+03 0.000000e+00 1.000000e+00 1.000000e-01
5.603780e+03 0.000000e+00 1.000000e+00 1.000000e-01
5.603790e+03 0.000000e+00 1.000000e+00 1.000000e-01
5.603800e+03 0.000000e+00 1.000000e+00 1.000000e-01
5.603810e+03 0.000000e+00 1.000000e+00 1.000000e-01
5.603820e+03 0.000000e+00 1.000000e+00 1.000000e-01
5.603830e+03 0.000000e+00 1.000000e+00 1.000000e-01
5.603840e+03 0.000000e+00 1.000000e+00 1.000000e-01
5.603850e+03 0.000000e+00 1.000000e+00 1.000000e-01
5.603860e+03 0.000000e+00 1.000000e+00 1.000000e-01
5.603870e+03 0.000000e+00 1.000000e+00 1.000000e-01
5.603880e+03 0.000000e+00 1.000000e+00 1.000000e-01
5.603890e+03 0.000000e+00 1.000000e+00 1.000000e-01
5.603900e+03 0.000000e+00 1.000000e+00 1.000000e-01
5.603910e+03 0.000000e+00 1.000000e+00 1.000000e-01
5.603920e+03 0.000000e+00 1.000000e+00 1.000000e-01
5.603930e+03 0.000000e+00 1.000000e+00 1.000000e-01
5.603940e+03 0.000000e+00 1.000000e+00 1.000000e-01
5.603950e+03 0.000000e+00 1.000000e+00 1.000000e-01
5.603960e+03 0.000000e+00 1.000000e+00 1.000000e-01
5.603970e+03 0.000000e+00 1.000000e+00 1.000000e-01
5.603980e+03 0.000000e+00 1.000000e+00 1.000000e-01
5.603990e+03 0.000000e+00 1.000000e+00 1.000000e-01
5.604000e+03 0.000000e+00 1.000000e+00 1.000000e-01
5.604010e+03 0.000000e+00 1.000000e+00 1.000000e-01
5.604020e+03 0.000000e+00 1.000000e+00 1.000000e-01
5.604030e+03 0.000000e+00 1.000000e+00 1.000000e-01
5.604040e+03 0.000000e+00 1.000000e+00 1.000000e-01
5.604050e+03 0.000000e+00 1.000000e+00 1.000000e-01
5.604060e+03 0.000000e+00 1.000000e+00 1.000000e-01
5.604070e+03 0.000000e+00 1.000000e+00 1.000000e-01
5.604080e+03 0.000000e+00 1.000000e+00 1.000000e-01
5.604090e+03 0.000000e+00 1.000000e+00 1.000000e-01
5.604100e+03 0.000000e+00 1.000000e+00 1.000000e-01
5.604110e+03 0.000000e+00 1.000000e+00 1.000000e-01
5.604120e+03 0.000000e+00 1.000000e+00 1.000000e-01
5.604130e+03 0.000000e+00 1.000000e+00 1.000000e-01
5.604140e+03 0.000000e+00 1.000000e+00 1.000000e-01
5.604150e+03 0.000000e+00 1.000000e+00 1.000000e-01
5.604160e+03 0.000000e+00 1.000000e+00 1.000000e-01
5.604170e+03 0.000000e+00 1.000000e+00 1.000000e-01
5.604180e+03 0.000000e+00 1.000000e+00 1.000000e-01
5.604190e+03 0.000000e+00 1.000000e+00 1.000000e-01
5.604200e+03 0.000000e+00 1.000000e+00 1.000000e-01
5.604210e+03 0.000000e+00 1.000000e+00 1.000000e-01
5.604220e+03 0.000000e+00 1.000000e+00 1.000000e-01
5.604230e+03 0.000000e+00 1.000000e+00 1.000000e-01
5.604240e+03 0.000000e+00 1.000000e+00 1.000000e-01
5.604250e+03 0.000000e+00 1.000000e+00 1.000000e-01
5.604260e+03 0.000000e+00 1.000000e+00 1.000000e-01
5.604270e+03 0.000000e+00 1.000000e+00 1.000000e-01
5.604280e+03 0.000000e+00 1.000000e+00 1.000000e-01
5.604290e+03 0.000000e+00 1.000000e+00 1.000000e-01
5.604300e+03 0.000000e+00 1.000000e+00 1.000000e-01
5.604310e+03 0.000000e+00 1.000000e+00 1.000000e-01
5.604320e+03 0.000000e+00 1.000000e+00 1.000000e-01
5.604330e+03 0.000000e+00 1.000000e+00 1.000000e-01
5.604340e+03 0.000000e+00 1.000000e+00 1.000000e-01
5.604350e+03 0.000000e+00 1.000000e+00 1.000000e-01
5.604360e+03 0.000000e+00 1.000000e+00 1.000000e-01
5.604370e+03 0.000000e+00 1.000000e+00 1.000000e-01
5.604380e+03 0.000000e+00 1.000000e+00 1.000000e-01
5.604390e+03 0.000000e+00 1.000000e+00 1.000000e-01
5.604400e+03 0.000000e+00 1.000000e+00 1.000000e-01
5.604410e+03 0.000000e+00 1.000000e+00 1.000000e-01
5.604420e+03 0.000000e+00 1.000000e+00 1.000000e-01
5.604430e+03 0.000000e+00 1.000000e+00 1.000000e-01
5.604440e+03 0.000000e+00 1.000000e+00 1.000000e-01
5.604450e+03 0.000000e+00 1.000000e+00 1.000000e-01
5.604460e+03 0.000000e+00 1.000000e+00 1.000000e-01
5.604470e+03 0.000000e+00 1.000000e+00 1.000000e-01
5.604480e+03 0.000000e+00 1.000000e+00 1.000000e-01
5.604490e+03 0.000000e+00 1.000000e+00 1.000000e-01
5.604500e+03 0.000000e+00 1.000000e+00 1.000000e-01
5.604510e+03 0.000000e+00 1.000000e+00 1.000000e-01
5.604520e+03 0.000000e+00 1.000000e+00 1.000000e-01
5.604530e+03 0.000000e+00 1.000000e+00 1.000000e-01
5.604540e+03 0.000000e+00 1.000000e+00 1.000000e-01
5.604550e+03 0.000000e+00 1.000000e+00 1.000000e-01
5.604560e+03 0.000000e+00 1.000000e+00 1.000000e-01
5.604570e+03 0.000000e+00 1.000000e+00 1.000000e-01
5.604580e+03 0.000000e+00 1.000000e+00 1.000000e-01
5.604590e+03 0.000000e+00 1.000000e+00 1.000000e-01
5.604600e+03 0.000000e+00 1.000000e+00 1.000000e-01
5.604610e+03 0.000000e+00 1.000000e+00 1.000000e-01
5.604620e+03 0.000000e+00 1.000000e+00 1.000000e-01
5.604630e+03 0.000000e+00 1.000000e+00 1.000000e-01
5.604640e+03 0.000000e+00 1.000000e+00 1.000000e-01
5.604650e+03 0.000000e+00 1.000000e+00 1.000000e-01
5.604660e+03 0.000000e+00 1.000000e+00 1.000000e-01
5.604670e+03 0.000000e+00 1.000000e+00 1.000000e-01
5.604680e+03 0.000000e+00 1.000000e+00 1.000000e-01
5.604690e+03 0.000000e+00 1.000000e+00 1.000000e-01
5.604700e+03 0.000000e+00 1.000000e+00 1.000000e-01
5.604710e+03 0.000000e+00 1.000000e+00 1.000000e-01
5.604720e+03 0.000000e+00 1.000000e+00 1.000000e-01
5.604730e+03 0.000000e+00 1.000000e+00 1.000000e-01
5.604740e+03 0.000000e+00 1.000000e+00 1.000000e-01
5.604750e+03 0.000000e+00 1.000000e+00 1.000000e-01
5.604760e+03 0.000000e+00 1.000000e+00 1.000000e-01
5.604770e+03 0.000000e+00 1.000000e+00 1.000000e-01
5.604780e+03 0.000000e+00 1.000000e+00 1.000000e-01
5.604790e+03 0.000000e+00 1.000000e+00 1.000000e-01
5.604800e+03 0.000000e+00 1.000000e+00 1.000000e-01
5.604810e+03 0.000000e+00 1.000000e+00 1.000000e-01
5.604820e+03 0.000000e+00 1.000000e+00 1.000000e-01
5.604830e+03 0.000000e+00 1.000000e+00 1.000000e-01
5.604840e+03 0.000000e+00 1.000000e+00 1.000000e-01
5.604850e+03 0.000000e+00 1.000000e+00 1.000000e-01
5.604860e+03 0.000000e+00 1.000000e+00 1.000000e-01
5.604870e+03 0.000000e+00 1.000000e+00 1.000000e-01
5.604880e+03 0.000000e+00 1.000000e+00 1.000000e-01
5.604890e+03 0.000000e+00 1.000000e+00 1.000000e-01
5.604900e+03 0.000000e+00 1.000000e+00 1.000000e-01
5.604910e+03 0.000000e+00 1.000000e+00 1.000000e-01
5.604920e+03 0.000000e+00 1.000000e+00 1.000000e-01
5.604930e+03 0.000000e+00 1.000000e+00 1.000000e-01
5.604940e+03 0.000000e+00 1.000000e+00 1.000000e-01
5.604950e+03 0.000000e+00 1.000000e+00 1.000000e-01
5.604960e+03 0.000000e+00 1.000000e+00 1.000000e-01
5.604970e+03 0.000000e+00 1.000000e+00 1.000000e-01
5.604980e+03 0.000000e+00 1.000000e+00 1.000000e-01
5.604990e+03 0.000000e+00 1.000000e+00 1.000000e-01
5.605000e+03 0.000000e+00 1.000000e+00 1.000000e-01
5.605010e+03 0.000000e+00 1.000000e+00 1.000000e-01
5.605020e+03 0.000000e+00 1.000000e+00 1.000000e-01
5.605030e+03 0.000000e+00 1.000000e+00 1.000000e-01
5.605040e+03 0.000000e+00 1.000000e+00 1.000000e-01
5.605050e+03 0.000000e+00 1.000000e+00 1.000000e-01
5.605060e+03 0.000000e+00 1.000000e+00 1.000000e-01
5.605070e+03 0.000000e+00 1.000000e+00 1.000000e-01
5.605080e+03 0.000000e+00 1.000000e+00 1.000000e-01
5.605090e+03 0.000000e+00 1.000000e+00 1.000000e-01
5.605100e+03 0.000000e+00 1.000000e+00 1.000000e-01
5.605110e+03 0.000000e+00 1.000000e+00 1.000000e-01
5.605120e+03 0.000000e+00 1.000000e+00 1.000000e-01
5.605130e+03 0.000000e+00 1.000000e+00 1.000000e-01
5.605140e+03 0.000000e+00 1.000000e+00 1.000000e-01
5.605150e+03 0.000000e+00 1.000000e+00 1.000000e-01
5.605160e+03 0.000000e+00 1.000000e+00 1.000000e-01
5.605170e+03 0.000000e+00 1.000000e+00 1.000000e-01
5.605180e+03 0.000000e+00 1.000000e+00 1.000000e-01
5.605190e+03 0.000000e+00 1.000000e+00 1.000000e-01
5.605200e+03 0.000000e+00 1.000000e+00 1.000000e-01
5.605210e+03 0.000000e+00 1.000000e+00 1.000000e-01
5.605220e+03 0.000000e+00 1.000000e+00 1.000000e-01
5.605230e+03 0.000000e+00 1.000000e+00 1.000000e-01
5.605240e+03 0.000000e+00 1.000000e+00 1.000000e-01
5.605250e+03 0.000000e+00 1.000000e+00 1.000000e-01
5.605260e+03 0.000000e+00 1.000000e+00 1.000000e-01
5.605270e+03 0.000000e+00 1.000000e+00 1.000000e-01
5.605280e+03 0.000000e+00 1.000000e+00 1.000000e-01
5.605290e+03 0.000000e+00 1.000000e+00 1.000000e-01
5.605300e+03 0.000000e+00 1.000000e+00 1.000000e-01
5.605310e+03 0.000000e+00 1.000000e+00 1.000000e-01
5.605320e+03 0.000000e+00 1.000000e+00 1.000000e-01
5.605330e+03 0.000000e+00 1.000000e+00 1.000000e-01
5.605340e+03 0.000000e+00 1.000000e+00 1.000000e-01
5.605350e+03 0.000000e+00 1.000000e+00 1.000000e-01
5.605360e+03 0.000000e+00 1.000000e+00 1.000000e-01
5.605370e+03 0.000000e+00 1.000000e+00 1.000000e-01
5.605380e+03 0.000000e+00 1.000000e+00 1.000000e-01
5.605390e+03 0.000000e+00 1.000000e+00 1.000000e-01
5.605400e+03 0.000000e+00 1.000000e+00 1.000000e-01
5.605410e+03 0.000000e+00 1.000000e+00 1.000000e-01
5.605420e+03 0.000000e+00 1.000000e+00 1.000000e-01
5.605430e+03 0.000000e+00 1.000000e+00 1.000000e-01
5.605440e+03 0.000000e+00 1.000000e+00 1.000000e-01
5.605450e+03 0.000000e+00 1.000000e+00 1.000000e-01
5.605460e+03 0.000000e+00 1.000000e+00 1.000000e-01
5.605470e+03 0.000000e+00 1.000000e+00 1.000000e-01
5.605480e+03 0.000000e+00 1.000000e+00 1.000000e-01
5.605490e+03 0.000000e+00 1.000000e+00 1.000000e-01
5.605500e+03 0.000000e+00 1.000000e+00 1.000000e-01
5.605510e+03 0.000000e+00 1.000000e+00 1.000000e-01
5.605520e+03 0.000000e+00 1.000000e+00 1.000000e-01
5.605530e+03 0.000000e+00 1.000000e+00 1.000000e-01
5.605540e+03 0.000000e+00 1.000000e+00 1.000000e-01
5.605550e+03 0.000000e+00 1.000000e+00 1.000000e-01
5.605560e+03 0.000000e+00 1.000000e+00 1.000000e-01
5.605570e+03 0.000000e+00 1.000000e+00 1.000000e-01
5.605580e+03 0.000000e+00 1.000000e+00 1.000000e-01
5.605590e+03 0.000000e+00 1.000000e+00 1.000000e-01
5.605600e+03 0.000000e+00 1.000000e+00 1.000000e-01
5.605610e+03 0.000000e+00 1.000000e+00 1.000000e-01
5.605620e+03 0.000000e+00 1.000000e+00 1.000000e-01
5.605630e+03 0.000000e+00 1.000000e+00 1.000000e-01
5.605640e+03 0.000000e+00 1.000000e+00 1.000000e-01
5.605650e+03 0.000000e+00 1.000000e+00 1.000000e-01
5.605660e+03 0.000000e+00 1.000000e+00 1.000000e-01
5.605670e+03 0.000000e+00 1.000000e+00 1.000000e-01
5.605680e+03 0.000000e+00 1.000000e+00 1.000000e-01
5.605690e+03 0.000000e+00 1.000000e+00 1.000000e-01
5.605700e+03 0.000000e+00 1.000000e+00 1.000000e-01
5.605710e+03 0.000000e+00 1.000000e+00 1.000000e-01
5.605720e+03 0.000000e+00 1.000000e+00 1.000000e-01
5.605730e+03 0.000000e+00 1.000000e+00 1.000000e-01
5.605740e+03 0.000000e+00 1.000000e+00 1.000000e-01
5.605750e+03 0.000000e+00 1.000000e+00 1.000000e-01
5.605760e+03 0.000000e+00 1.000000e+00 1.000000e-01
5.605770e+03 0.000000e+00 1.000000e+00 1.000000e-01
5.605780e+03 0.000000e+00 1.000000e+00 1.000000e-01
5.605790e+03 0.000000e+00 1.000000e+00 1.000000e-01
5.605800e+03 0.000000e+00 1.000000e+00 1.000000e-01
5.605810e+03 0.000000e+00 1.000000e+00 1.000000e-01
5.605820e+03 0.000000e+00 1.000000e+00 1.000000e-01
5.605830e+03 0.000000e+00 1.000000e+00 1.000000e-01
5.605840e+03 0.000000e+00 1.000000e+00 1.000000e-01
5.605850e+03 0.000000e+00 1.000000e+00 1.000000e-01
5.605860e+03 0.000000e+00 1.000000e+00 1.000000e-01
5.605870e+03 0.000000e+00 1.000000e+00 1.000000e-01
5.605880e+03 0.000000e+00 1.000000e+00 1.000000e-01
5.605890e+03 0.000000e+00 1.000000e+00 1.000000e-01
5.605900e+03 0.000000e+00 1.000000e+00 1.000000e-01
5.605910e+03 0.000000e+00 1.000000e+00 1.000000e-01
5.605920e+03 0.000000e+00 1.000000e+00 1.000000e-01
5.605930e+03 0.000000e+00 1.000000e+00 1.000000e-01
5.605940e+03 0.000000e+00 1.000000e+00 1.000000e-01
5.605950e+03 0.000000e+00 1.000000e+00 1.000000e-01
5.605960e+03 0.000000e+00 1.000000e+00 1.000000e-01
5.605970e+03 0.000000e+00 1.000000e+00 1.000000e-01
5.605980e+03 0.000000e+00 1.000000e+00 1.000000e-01
5.605990e+03 0.000000e+00 1.000000e+00 1.000000e-01
5.606000e+03 0.000000e+00 1.000000e+00 1.000000e-01
5.606010e+03 0.000000e+00 1.000000e+00 1.000000e-01
5.606020e+03 0.000000e+00 1.000000e+00 1.000000e-01
5.606030e+03 0.000000e+00 1.000000e+00 1.000000e-01
5.606040e+03 0.000000e+00 1.000000e+00 1.000000e-01
5.606050e+03 0.000000e+00 1.000000e+00 1.000000e-01
5.606060e+03 0.000000e+00 1.000000e+00 1.000000e-01
5.606070e+03 0.000000e+00 1.000000e+00 1.000000e-01
5.606080e+03 0.000000e+00 1.000000e+00 1.000000e-01
5.606090e+03 0.000000e+00 1.000000e+00 1.000000e-01
5.606100e+03 0.000000e+00 1.000000e+00 1.000000e-01
5.606110e+03 0.000000e+00 1.000000e+00 1.000000e-01
5.606120e+03 0.000000e+00 1.000000e+00 1.000000e-01
5.606130e+03 0.000000e+00 1.000000e+00 1.000000e-01
5.606140e+03 0.000000e+00 1.000000e+00 1.000000e-01
5.606150e+03 0.000000e+00 1.000000e+00 1.000000e-01
5.606160e+03 0.000000e+00 1.000000e+00 1.000000e-01
5.606170e+03 0.000000e+00 1.000000e+00 1.000000e-01
5.606180e+03 0.000000e+00 1.000000e+00 1.000000e-01
5.606190e+03 0.000000e+00 1.000000e+00 1.000000e-01
5.606200e+03 0.000000e+00 1.000000e+00 1.000000e-01
5.606210e+03 0.000000e+00 1.000000e+00 1.000000e-01
5.606220e+03 0.000000e+00 1.000000e+00 1.000000e-01
5.606230e+03 0.000000e+00 1.000000e+00 1.000000e-01
5.606240e+03 0.000000e+00 1.000000e+00 1.000000e-01
5.606250e+03 0.000000e+00 1.000000e+00 1.000000e-01
5.606260e+03 0.000000e+00 1.000000e+00 1.000000e-01
5.606270e+03 0.000000e+00 1.000000e+00 1.000000e-01
5.606280e+03 0.000000e+00 1.000000e+00 1.000000e-01
5.606290e+03 0.000000e+00 1.000000e+00 1.000000e-01
5.606300e+03 0.000000e+00 1.000000e+00 1.000000e-01
5.606310e+03 0.000000e+00 1.000000e+00 1.000000e-01
5.606320e+03 0.000000e+00 1.000000e+00 1.000000e-01
5.606330e+03 0.000000e+00 1.000000e+00 1.000000e-01
5.606340e+03 0.000000e+00 1.000000e+00 1.000000e-01
5.606350e+03 0.000000e+00 1.000000e+00 1.000000e-01
5.606360e+03 0.000000e+00 1.000000e+00 1.000000e-01
5.606370e+03 0.000000e+00 1.000000e+00 1.000000e-01
5.606380e+03 0.000000e+00 1.000000e+00 1.000000e-01
5.606390e+03 0.000000e+00 1.000000e+00 1.000000e-01
5.606400e+03 0.000000e+00 1.000000e+00 1.000000e-01
5.606410e+03 0.000000e+00 1.000000e+00 1.000000e-01
5.606420e+03 0.000000e+00 1.000000e+00 1.000000e-01
5.606430e+03 0.000000e+00 1.000000e+00 1.000000e-01
5.606440e+03 0.000000e+00 1.000000e+00 1.000000e-01
5.606450e+03 0.000000e+00 1.000000e+00 1.000000e-01
5.606460e+03 0.000000e+00 1.000000e+00 1.000000e-01
5.606470e+03 0.000000e+00 1.000000e+00 1.000000e-01
5.606480e+03 0.000000e+00 1.000000e+00 1.000000e-01
5.606490e+03 0.000000e+00 1.000000e+00 1.000000e-01
5.606500e+03 0.000000e+00 1.000000e+00 1.000000e-01
5.606510e+03 0.000000e+00 1.000000e+00 1.000000e-01
5.606520e+03 0.000000e+00 1.000000e+00 1.000000e-01
5.606530e+03 0.000000e+00 1.000000e+00 1.000000e-01
5.606540e+03 0.000000e+00 1.000000e+00 1.000000e-01
5.606550e+03 0.000000e+00 1.000000e+00 1.000000e-01
5.606560e+03 0.000000e+00 1.000000e+00 1.000000e-01
5.606570e+03 0.000000e+00 1.000000e+00 1.000000e-01
5.606580e+03 0.000000e+00 1.000000e+00 1.000000e-01
5.606590e+03 0.000000e+00 1.000000e+00 1.000000e-01
5.606600e+03 0.000000e+00 1.000000e+00 1.000000e-01
5.606610e+03 0.000000e+00 1.000000e+00 1.000000e-01
5.606620e+03 0.000000e+00 1.000000e+00 1.000000e-01
5.606630e+03 0.000000e+00 1.000000e+00 1.000000e-01
5.606640e+03 0.000000e+00 1.000000e+00 1.000000e-01
5.606650e+03 0.000000e+00 1.000000e+00 1.000000e-01
5.606660e+03 0.000000e+00 1.000000e+00 1.000000e-01
5.606670e+03 0.000000e+00 1.000000e+00 1.000000e-01
5.606680e+03 0.000000e+00 1.000000e+00 1.000000e-01
5.606690e+03 0.000000e+00 1.000000e+00 1.000000e-01
5.606700e+03 0.000000e+00 1.000000e+00 1.000000e-01
5.606710e+03 0.000000e+00 1.000000e+00 1.000000e-01
5.606720e+03 0.000000e+00 1.000000e+00 1.000000e-01
5.606730e+03 0.000000e+00 1.000000e+00 1.000000e-01
5.606740e+03 0.000000e+00 1.000000e+00 1.000000e-01
5.606750e+03 0.000000e+00 1.000000e+00 1.000000e-01
5.606760e+03 0.000000e+00 1.000000e+00 1.000000e-01
5.606770e+03 0.000000e+00 1.000000e+00 1.000000e-01
5.606780e+03 0.000000e+00 1.000000e+00 1.000000e-01
5.606790e+03 0.000000e+00 1.000000e+00 1.000000e-01
5.606800e+03 0.000000e+00 1.000000e+00 1.000000e-01
5.606810e+03 0.000000e+00 1.000000e+00 1.000000e-01
5.606820e+03 0.000000e+00 1.000000e+00 1.000000e-01
5.606830e+03 0.000000e+00 1.000000e+00 1.000000e-01
5.606840e+03 0.000000e+00 1.000000e+00 1.000000e-01
5.606850e+03 0.000000e+00 1.000000e+00 1.000000e-01
5.606860e+03 0.000000e+00 1.000000e+00 1.000000e-01
5.606870e+03 0.000000e+00 1.000000e+00 1.000000e-01
5.606880e+03 0.000000e+00 1.000000e+00 1.000000e-01
5.606890e+03 0.000000e+00 1.000000e+00 1.000000e-01
5.606900e+03 0.000000e+00 1.000000e+00 1.000000e-01
5.606910e+03 0.000000e+00 1.000000e+00 1.000000e-01
5.606920e+03 0.000000e+00 1.000000e+00 1.000000e-01
5.606930e+03 0.000000e+00 1.000000e+00 1.000000e-01
5.606940e+03 0.000000e+00 1.000000e+00 1.000000e-01
5.606950e+03 0.000000e+00 1.000000e+00 1.000000e-01
5.606960e+03 0.000000e+00 1.000000e+00 1.000000e-01
5.606970e+03 0.000000e+00 1.000000e+00 1.000000e-01
5.606980e+03 0.000000e+00 1.000000e+00 1.000000e-01
5.606990e+03 0.000000e+00 1.000000e+00 1.000000e-01
5.607000e+03 0.000000e+00 1.000000e+00 1.000000e-01
5.607010e+03 0.000000e+00 1.000000e+00 1.000000e-01
5.607020e+03 0.000000e+00 1.000000e+00 1.000000e-01
5.607030e+03 0.000000e+00 1.000000e+00 1.000000e-01
5.607040e+03 0.000000e+00 1.000000e+00 1.000000e-01
5.607050e+03 0.000000e+00 1.000000e+00 1.000000e-01
5.607060e+03 0.000000e+00 1.000000e+00 1.000000e-01
5.607070e+03 0.000000e+00 1.000000e+00 1.000000e-01
5.607080e+03 0.000000e+00 1.000000e+00 1.000000e-01
5.607090e+03 0.000000e+00 1.000000e+00 1.000000e-01
5.607100e+03 0.000000e+00 1.000000e+00 1.000000e-01
5.607110e+03 0.000000e+00 1.000000e+00 1.000000e-01
5.607120e+03 0.000000e+00 1.000000e+00 1.000000e-01
5.607130e+03 0.000000e+00 1.000000e+00 1.000000e-01
5.607140e+03 0.000000e+00 1.000000e+00 1.000000e-01
5.607150e+03 0.000000e+00 1.000000e+00 1.000000e-01
5.607160e+03 0.000000e+00 1.000000e+00 1.000000e-01
5.607170e+03 0.000000e+00 1.000000e+00 1.000000e-01
5.607180e+03 0.000000e+00 1.000000e+00 1.000000e-01
5.607190e+03 0.000000e+00 1.000000e+00 1.000000e-01
5.607200e+03 0.000000e+00 1.000000e+00 1.000000e-01
5.607210e+03 0.000000e+00 1.000000e+00 1.000000e-01
5.607220e+03 0.000000e+00 1.000000e+00 1.000000e-01
5.607230e+03 0.000000e+00 1.000000e+00 1.000000e-01
5.607240e+03 0.000000e+00 1.000000e+00 1.000000e-01
5.607250e+03 0.000000e+00 1.000000e+00 1.000000e-01
5.607260e+03 0.000000e+00 1.000000e+00 1.000000e-01
5.607270e+03 0.000000e+00 1.000000e+00 1.000000e-01
5.607280e+03 0.000000e+00 1.000000e+00 1.000000e-01
5.607290e+03 0.000000e+00 1.000000e+00 1.000000e-01
5.607300e+03 0.000000e+00 1.000000e+00 1.000000e-01
5.607310e+03 0.000000e+00 1.000000e+00 1.000000e-01
5.607320e+03 0.000000e+00 1.000000e+00 1.000000e-01
5.607330e+03 0.000000e+00 1.000000e+00 1.000000e-01
5.607340e+03 0.000000e+00 1.000000e+00 1.000000e-01
5.607350e+03 0.000000e+00 1.000000e+00 1.000000e-01
5.607360e+03 0.000000e+00 1.000000e+00 1.000000e-01
5.607370e+03 0.000000e+00 1.000000e+00 1.000000e-01
5.607380e+03 0.000000e+00 1.000000e+00 1.000000e-01
5.607390e+03 0.000000e+00 1.000000e+00 1.000000e-01
5.607400e+03 0.000000e+00 1.000000e+00 1.000000e-01
5.607410e+03 0.000000e+00 1.000000e+00 1.000000e-01
5.607420e+03 0.000000e+00 1.000000e+00 1.000000e-01
5.607430e+03 0.000000e+00 1.000000e+00 1.000000e-01
5.607440e+03 0.000000e+00 1.000000e+00 1.000000e-01
5.607450e+03 0.000000e+00 1.000000e+00 1.000000e-01
5.607460e+03 0.000000e+00 1.000000e+00 1.000000e-01
5.607470e+03 0.000000e+00 1.000000e+00 1.000000e-01
5.607480e+03 0.000000e+00 1.000000e+00 1.000000e-01
5.607490e+03 0.000000e+00 1.000000e+00 1.000000e-01
5.607500e+03 0.000000e+00 1.000000e+00 1.000000e-01
5.607510e+03 0.000000e+00 1.000000e+00 1.000000e-01
5.607520e+03 0.000000e+00 1.000000e+00 1.000000e-01
5.607530e+03 0.000000e+00 1.000000e+00 1.000000e-01
5.607540e+03 0.000000e+00 1.000000e+00 1.000000e-01
5.607550e+03 0.000000e+00 1.000000e+00 1.000000e-01
5.607560e+03 0.000000e+00 1.000000e+00 1.000000e-01
5.607570e+03 0.000000e+00 1.000000e+00 1.000000e-01
5.607580e+03 0.000000e+00 1.000000e+00 1.000000e-01
5.607590e+03 0.000000e+00 1.000000e+00 1.000000e-01
5.607600e+03 0.000000e+00 1.000000e+00 1.000000e-01
5.607610e+03 0.000000e+00 1.000000e+00 1.000000e-01
5.607620e+03 0.000000e+00 1.000000e+00 1.000000e-01
5.607630e+03 0.000000e+00 1.000000e+00 1.000000e-01
5.607640e+03 0.000000e+00 1.000000e+00 1.000000e-01
5.607650e+03 0.000000e+00 1.000000e+00 1.000000e-01
5.607660e+03 0.000000e+00 1.000000e+00 1.000000e-01
5.607670e+03 0.000000e+00 1.000000e+00 1.000000e-01
5.607680e+03 0.000000e+00 1.000000e+00 1.000000e-01
5.607690e+03 0.000000e+00 1.000000e+00 1.000000e-01
5.607700e+03 0.000000e+00 1.000000e+00 1.000000e-01
5.607710e+03 0.000000e+00 1.000000e+00 1.000000e-01
5.607720e+03 0.000000e+00 1.000000e+00 1.000000e-01
5.607730e+03 0.000000e+00 1.000000e+00 1.000000e-01
5.607740e+03 0.000000e+00 1.000000e+00 1.000000e-01
5.607750e+03 0.000000e+00 1.000000e+00 1.000000e-01
5.607760e+03 0.000000e+00 1.000000e+00 1.000000e-01
5.607770e+03 0.000000e+00 1.000000e+00 1.000000e-01
5.607780e+03 0.000000e+00 1.000000e+00 1.000000e-01
5.607790e+03 0.000000e+00 1.000000e+00 1.000000e-01
5.607800e+03 0.000000e+00 1.000000e+00 1.000000e-01
5.607810e+03 0.000000e+00 1.000000e+00 1.000000e-01
5.607820e+03 0.000000e+00 1.000000e+00 1.000000e-01
5.607830e+03 0.000000e+00 1.000000e+00 1.000000e-01
5.607840e+03 0.000000e+00 1.000000e+00 1.000000e-01
5.607850e+03 0.000000e+00 1.000000e+00 1.000000e-01
5.607860e+03 0.000000e+00 1.000000e+00 1.000000e-01
5.607870e+03 0.000000e+00 1.000000e+00 1.000000e-01
5.607880e+03 0.000000e+00 1.000000e+00 1.000000e-01
5.607890e+03 0.000000e+00 1.000000e+00 1.000000e-01
5.607900e+03 0.000000e+00 1.000000e+00 1.000000e-01
5.607910e+03 0.000000e+00 1.000000e+00 1.000000e-01
5.607920e+03 0.000000e+00 1.000000e+00 1.000000e-01
5.607930e+03 0.000000e+00 1.000000e+00 1.000000e-01
5.607940e+03 0.000000e+00 1.000000e+00 1.000000e-01
5.607950e+03 0.000000e+00 1.000000e+00 1.000000e-01
5.607960e+03 0.000000e+00 1.000000e+00 1.000000e-01
5.607970e+03 0.000000e+00 1.000000e+00 1.000000e-01
5.607980e+03 0.000000e+00 1.000000e+00 1.000000e-01
5.607990e+03 0.000000e+00 1.000000e+00 1.000000e-01
5.608000e+03 0.000000e+00 1.000000e+00 1.000000e-01
5.608010e+03 0.000000e+00 1.000000e+00 1.000000e-01
5.608020e+03 0.000000e+00 1.000000e+00 1.000000e-01
5.608030e+03 0.000000e+00 1.000000e+00 1.000000e-01
5.608040e+03 0.000000e+00 1.000000e+00 1.000000e-01
5.608050e+03 0.000000e+00 1.000000e+00 1.000000e-01
5.608060e+03 0.000000e+00 1.000000e+00 1.000000e-01
5.608070e+03 0.000000e+00 1.000000e+00 1.000000e-01
5.608080e+03 0.000000e+00 1.000000e+00 1.000000e-01
5.608090e+03 0.000000e+00 1.000000e+00 1.000000e-01
5.608100e+03 0.000000e+00 1.000000e+00 1.000000e-01
5.608110e+03 0.000000e+00 1.000000e+00 1.000000e-01
5.608120e+03 0.000000e+00 1.000000e+00 1.000000e-01
5.608130e+03 0.000000e+00 1.000000e+00 1.000000e-01
5.608140e+03 0.000000e+00 1.000000e+00 1.000000e-01
5.608150e+03 0.000000e+00 1.000000e+00 1.000000e-01
5.608160e+03 0.000000e+00 1.000000e+00 1.000000e-01
5.608170e+03 0.000000e+00 1.000000e+00 1.000000e-01
5.608180e+03 0.000000e+00 1.000000e+00 1.000000e-01
5.608190e+03 0.000000e+00 1.000000e+00 1.000000e-01
5.608200e+03 0.000000e+00 1.000000e+00 1.000000e-01
5.608210e+03 0.000000e+00 1.000000e+00 1.000000e-01
5.608220e+03 0.000000e+00 1.000000e+00 1.000000e-01
5.608230e+03 0.000000e+00 1.000000e+00 1.000000e-01
5.608240e+03 0.000000e+00 1.000000e+00 1.000000e-01
5.608250e+03 0.000000e+00 1.000000e+00 1.000000e-01
5.608260e+03 0.000000e+00 1.000000e+00 1.000000e-01
5.608270e+03 0.000000e+00 1.000000e+00 1.000000e-01
5.608280e+03 0.000000e+00 1.000000e+00 1.000000e-01
5.608290e+03 0.000000e+00 1.000000e+00 1.000000e-01
5.608300e+03 0.000000e+00 1.000000e+00 1.000000e-01
5.608310e+03 0.000000e+00 1.000000e+00 1.000000e-01
5.608320e+03 0.000000e+00 1.000000e+00 1.000000e-01
5.608330e+03 0.000000e+00 1.000000e+00 1.000000e-01
5.608340e+03 0.000000e+00 1.000000e+00 1.000000e-01
5.608350e+03 0.000000e+00 1.000000e+00 1.000000e-01
5.608360e+03 0.000000e+00 1.000000e+00 1.000000e-01
5.608370e+03 0.000000e+00 1.000000e+00 1.000000e-01
5.608380e+03 0.000000e+00 1.000000e+00 1.000000e-01
5.608390e+03 0.000000e+00 1.000000e+00 1.000000e-01
5.608400e+03 0.000000e+00 1.000000e+00 1.000000e-01
5.608410e+03 0.000000e+00 1.000000e+00 1.000000e-01
5.608420e+03 0.000000e+00 1.000000e+00 1.000000e-01
5.608430e+03 0.000000e+00 1.000000e+00 1.000000e-01
5.608440e+03 0.000000e+00 1.000000e+00 1.000000e-01
5.608450e+03 0.000000e+00 1.000000e+00 1.000000e-01
5.608460e+03 0.000000e+00 1.000000e+00 1.000000e-01
5.608470e+03 0.000000e+00 1.000000e+00 1.000000e-01
5.608480e+03 0.000000e+00 1.000000e+00 1.000000e-01
5.608490e+03 0.000000e+00 1.000000e+00 1.000000e-01
5.608500e+03 0.000000e+00 1.000000e+00 1.000000e-01
5.608510e+03 0.000000e+00 1.000000e+00 1.000000e-01
5.608520e+03 0.000000e+00 1.000000e+00 1.000000e-01
5.608530e+03 0.000000e+00 1.000000e+00 1.000000e-01
5.608540e+03 0.000000e+00 1.000000e+00 1.000000e-01
5.608550e+03 0.000000e+00 1.000000e+00 1.000000e-01
5.608560e+03 0.000000e+00 1.000000e+00 1.000000e-01
5.608570e+03 0.000000e+00 1.000000e+00 1.000000e-01
5.608580e+03 0.000000e+00 1.000000e+00 1.000000e-01
5.608590e+03 0.000000e+00 1.000000e+00 1.000000e-01
5.608600e+03 0.000000e+00 1.000000e+00 1.000000e-01
5.608610e+03 0.000000e+00 1.000000e+00 1.000000e-01
5.608620e+03 0.000000e+00 1.000000e+00 1.000000e-01
5.608630e+03 0.000000e+00 1.000000e+00 1.000000e-01
5.608640e+03 0.000000e+00 1.000000e+00 1.000000e-01
5.608650e+03 0.000000e+00 1.000000e+00 1.000000e-01
5.608660e+03 0.000000e+00 1.000000e+00 1.000000e-01
5.608670e+03 0.000000e+00 1.000000e+00 1.000000e-01
5.608680e+03 0.000000e+00 1.000000e+00 1.000000e-01
5.608690e+03 0.000000e+00 1.000000e+00 1.000000e-01
5.608700e+03 0.000000e+00 1.000000e+00 1.000000e-01
5.608710e+03 0.000000e+00 1.000000e+00 1.000000e-01
5.608720e+03 0.000000e+00 1.000000e+00 1.000000e-01
5.608730e+03 0.000000e+00 1.000000e+00 1.000000e-01
5.608740e+03 0.000000e+00 1.000000e+00 1.000000e-01
5.608750e+03 0.000000e+00 1.000000e+00 1.000000e-01
5.608760e+03 0.000000e+00 1.000000e+00 1.000000e-01
5.608770e+03 0.000000e+00 1.000000e+00 1.000000e-01
5.608780e+03 0.000000e+00 1.000000e+00 1.000000e-01
5.608790e+03 0.000000e+00 1.000000e+00 1.000000e-01
5.608800e+03 0.000000e+00 1.000000e+00 1.000000e-01
5.608810e+03 0.000000e+00 1.000000e+00 1.000000e-01
5.608820e+03 0.000000e+00 1.000000e+00 1.000000e-01
5.608830e+03 0.000000e+00 1.000000e+00 1.000000e-01
5.608840e+03 0.000000e+00 1.000000e+00 1.000000e-01
5.608850e+03 0.000000e+00 1.000000e+00 1.000000e-01
5.608860e+03 0.000000e+00 1.000000e+00 1.000000e-01
5.608870e+03 0.000000e+00 1.000000e+00 1.000000e-01
5.608880e+03 0.000000e+00 1.000000e+00 1.000000e-01
5.608890e+03 0.000000e+00 1.000000e+00 1.000000e-01
5.608900e+03 0.000000e+00 1.000000e+00 1.000000e-01
5.608910e+03 0.000000e+00 1.000000e+00 1.000000e-01
5.608920e+03 0.000000e+00 1.000000e+00 1.000000e-01
5.608930e+03 0.000000e+00 1.000000e+00 1.000000e-01
5.608940e+03 0.000000e+00 1.000000e+00 1.000000e-01
5.608950e+03 0.000000e+00 1.000000e+00 1.000000e-01
5.608960e+03 0.000000e+00 1.000000e+00 1.000000e-01
5.608970e+03 0.000000e+00 1.000000e+00 1.000000e-01
5.608980e+03 0.000000e+00 1.000000e+00 1.000000e-01
5.608990e+03 0.000000e+00 1.000000e+00 1.000000e-01
5.609000e+03 0.000000e+00 1.000000e+00 1.000000e-01
5.609010e+03 0.000000e+00 1.000000e+00 1.000000e-01
5.609020e+03 0.000000e+00 1.000000e+00 1.000000e-01
5.609030e+03 0.000000e+00 1.000000e+00 1.000000e-01
5.609040e+03 0.000000e+00 1.000000e+00 1.000000e-01
5.609050e+03 0.000000e+00 1.000000e+00 1.000000e-01
5.609060e+03 0.000000e+00 1.000000e+00 1.000000e-01
5.609070e+03 0.000000e+00 1.000000e+00 1.000000e-01
5.609080e+03 0.000000e+00 1.000000e+00 1.000000e-01
5.609090e+03 0.000000e+00 1.000000e+00 1.000000e-01
5.609100e+03 0.000000e+00 1.000000e+00 1.000000e-01
5.609110e+03 0.000000e+00 1.000000e+00 1.000000e-01
5.609120e+03 0.000000e+00 1.000000e+00 1.000000e-01
5.609130e+03 0.000000e+00 1.000000e+00 1.000000e-01
5.609140e+03 0.000000e+00 1.000000e+00 1.000000e-01
5.609150e+03 0.000000e+00 1.000000e+00 1.000000e-01
5.609160e+03 0.000000e+00 1.000000e+00 1.000000e-01
5.609170e+03 0.000000e+00 1.000000e+00 1.000000e-01
5.609180e+03 0.000000e+00 1.000000e+00 1.000000e-01
5.609190e+03 0.000000e+00 1.000000e+00 1.000000e-01
5.609200e+03 0.000000e+00 1.000000e+00 1.000000e-01
5.609210e+03 0.000000e+00 1.000000e+00 1.000000e-01
5.609220e+03 0.000000e+00 1.000000e+00 1.000000e-01
5.609230e+03 0.000000e+00 1.000000e+00 1.000000e-01
5.609240e+03 0.000000e+00 1.000000e+00 1.000000e-01
5.609250e+03 0.000000e+00 1.000000e+00 1.000000e-01
5.609260e+03 0.000000e+00 1.000000e+00 1.000000e-01
5.609270e+03 0.000000e+00 1.000000e+00 1.000000e-01
5.609280e+03 0.000000e+00 1.000000e+00 1.000000e-01
5.609290e+03 0.000000e+00 1.000000e+00 1.000000e-01
5.609300e+03 0.000000e+00 1.000000e+00 1.000000e-01
5.609310e+03 0.000000e+00 1.000000e+00 1.000000e-01
5.609320e+03 0.000000e+00 1.000000e+00 1.000000e-01
5.609330e+03 0.000000e+00 1.000000e+00 1.000000e-01
5.609340e+03 0.000000e+00 1.000000e+00 1.000000e-01
5.609350e+03 0.000000e+00 1.000000e+00 1.000000e-01
5.609360e+03 0.000000e+00 1.000000e+00 1.000000e-01
5.609370e+03 0.000000e+00 1.000000e+00 1.000000e-01
5.609380e+03 0.000000e+00 1.000000e+00 1.000000e-01
5.609390e+03 0.000000e+00 1.000000e+00 1.000000e-01
5.609400e+03 0.000000e+00 1.000000e+00 1.000000e-01
5.609410e+03 0.000000e+00 1.000000e+00 1.000000e-01
5.609420e+03 0.000000e+00 1.000000e+00 1.000000e-01
5.609430e+03 0.000000e+00 1.000000e+00 1.000000e-01
5.609440e+03 0.000000e+00 1.000000e+00 1.000000e-01
5.609450e+03 0.000000e+00 1.000000e+00 1.000000e-01
5.609460e+03 0.000000e+00 1.000000e+00 1.000000e-01
5.609470e+03 0.000000e+00 1.000000e+00 1.000000e-01
5.609480e+03 0.000000e+00 1.000000e+00 1.000000e-01
5.609490e+03 0.000000e+00 1.000000e+00 1.000000e-01
5.609500e+03 0.000000e+00 1.000000e+00 1.000000e-01
5.609510e+03 0.000000e+00 1.000000e+00 1.000000e-01
5.609520e+03 0.000000e+00 1.000000e+00 1.000000e-01
5.609530e+03 0.000000e+00 1.000000e+00 1.000000e-01
5.609540e+03 0.000000e+00 1.000000e+00 1.000000e-01
5.609550e+03 0.000000e+00 1.000000e+00 1.000000e-01
5.609560e+03 0.000000e+00 1.000000e+00 1.000000e-01
5.609570e+03 0.000000e+00 1.000000e+00 1.000000e-01
5.609580e+03 0.000000e+00 1.000000e+00 1.000000e-01
5.609590e+03 0.000000e+00 1.000000e+00 1.000000e-01
5.609600e+03 0.000000e+00 1.000000e+00 1.000000e-01
5.609610e+03 0.000000e+00 1.000000e+00 1.000000e-01
5.609620e+03 0.000000e+00 1.000000e+00 1.000000e-01
5.609630e+03 0.000000e+00 1.000000e+00 1.000000e-01
5.609640e+03 0.000000e+00 1.000000e+00 1.000000e-01
5.609650e+03 0.000000e+00 1.000000e+00 1.000000e-01
5.609660e+03 0.000000e+00 1.000000e+00 1.000000e-01
5.609670e+03 0.000000e+00 1.000000e+00 1.000000e-01
5.609680e+03 0.000000e+00 1.000000e+00 1.000000e-01
5.609690e+03 0.000000e+00 1.000000e+00 1.000000e-01
5.609700e+03 0.000000e+00 1.000000e+00 1.000000e-01
5.609710e+03 0.000000e+00 1.000000e+00 1.000000e-01
5.609720e+03 0.000000e+00 1.000000e+00 1.000000e-01
5.609730e+03 0.000000e+00 1.000000e+00 1.000000e-01
5.609740e+03 0.000000e+00 1.000000e+00 1.000000e-01
5.609750e+03 0.000000e+00 1.000000e+00 1.000000e-01
5.609760e+03 0.000000e+00 1.000000e+00 1.000000e-01
5.609770e+03 0.000000e+00 1.000000e+00 1.000000e-01
5.609780e+03 0.000000e+00 1.000000e+00 1.000000e-01
5.609790e+03 0.000000e+00 1.000000e+00 1.000000e-01
5.609800e+03 0.000000e+00 1.000000e+00 1.000000e-01
5.609810e+03 0.000000e+00 1.000000e+00 1.000000e-01
5.609820e+03 0.000000e+00 1.000000e+00 1.000000e-01
5.609830e+03 0.000000e+00 1.000000e+00 1.000000e-01
5.609840e+03 0.000000e+00 1.000000e+00 1.000000e-01
5.609850e+03 0.000000e+00 1.000000e+00 1.000000e-01
5.609860e+03 0.000000e+00 1.000000e+00 1.000000e-01
5.609870e+03 0.000000e+00 1.000000e+00 1.000000e-01
5.609880e+03 0.000000e+00 1.000000e+00 1.000000e-01
5.609890e+03 0.000000e+00 1.000000e+00 1.000000e-01
5.609900e+03 0.000000e+00 1.000000e+00 1.000000e-01
5.609910e+03 0.000000e+00 1.000000e+00 1.000000e-01
5.609920e+03 0.000000e+00 1.000000e+00 1.000000e-01
5.609930e+03 0.000000e+00 1.000000e+00 1.000000e-01
5.609940e+03 0.000000e+00 1.000000e+00 1.000000e-01
5.609950e+03 0.000000e+00 1.000000e+00 1.000000e-01
5.609960e+03 0.000000e+00 1.000000e+00 1.000000e-01
5.609970e+03 0.000000e+00 1.000000e+00 1.000000e-01
5.609980e+03 0.000000e+00 1.000000e+00 1.000000e-01
5.609990e+03 0.000000e+00 1.000000e+00 1.000000e-01
5.610000e+03 0.000000e+00 1.000000e+00 1.000000e-01
5.610010e+03 0.000000e+00 1.000000e+00 1.000000e-01
5.610020e+03 0.000000e+00 1.000000e+00 1.000000e-01
5.610030e+03 0.000000e+00 1.000000e+00 1.000000e-01
5.610040e+03 0.000000e+00 1.000000e+00 1.000000e-01
5.610050e+03 0.000000e+00 1.000000e+00 1.000000e-01
5.610060e+03 0.000000e+00 1.000000e+00 1.000000e-01
5.610070e+03 0.000000e+00 1.000000e+00 1.000000e-01
5.610080e+03 0.000000e+00 1.000000e+00 1.000000e-01
5.610090e+03 0.000000e+00 1.000000e+00 1.000000e-01
5.610100e+03 0.000000e+00 1.000000e+00 1.000000e-01
5.610110e+03 0.000000e+00 1.000000e+00 1.000000e-01
5.610120e+03 0.000000e+00 1.000000e+00 1.000000e-01
5.610130e+03 0.000000e+00 1.000000e+00 1.000000e-01
5.610140e+03 0.000000e+00 1.000000e+00 1.000000e-01
5.610150e+03 0.000000e+00 1.000000e+00 1.000000e-01
5.610160e+03 0.000000e+00 1.000000e+00 1.000000e-01
5.610170e+03 0.000000e+00 1.000000e+00 1.000000e-01
5.610180e+03 0.000000e+00 1.000000e+00 1.000000e-01
5.610190e+03 0.000000e+00 1.000000e+00 1.000000e-01
5.610200e+03 0.000000e+00 1.000000e+00 1.000000e-01
5.610210e+03 0.000000e+00 1.000000e+00 1.000000e-01
5.610220e+03 0.000000e+00 1.000000e+00 1.000000e-01
5.610230e+03 0.000000e+00 1.000000e+00 1.000000e-01
5.610240e+03 0.000000e+00 1.000000e+00 1.000000e-01
5.610250e+03 0.000000e+00 1.000000e+00 1.000000e-01
5.610260e+03 0.000000e+00 1.000000e+00 1.000000e-01
5.610270e+03 0.000000e+00 1.000000e+00 1.000000e-01
5.610280e+03 0.000000e+00 1.000000e+00 1.000000e-01
5.610290e+03 0.000000e+00 1.000000e+00 1.000000e-01
5.610300e+03 0.000000e+00 1.000000e+00 1.000000e-01
5.610310e+03 0.000000e+00 1.000000e+00 1.000000e-01
5.610320e+03 0.000000e+00 1.000000e+00 1.000000e-01
5.610330e+03 0.000000e+00 1.000000e+00 1.000000e-01
5.610340e+03 0.000000e+00 1.000000e+00 1.000000e-01
5.610350e+03 0.000000e+00 1.000000e+00 1.000000e-01
5.610360e+03 0.000000e+00 1.000000e+00 1.000000e-01
5.610370e+03 0.000000e+00 1.000000e+00 1.000000e-01
5.610380e+03 0.000000e+00 1.000000e+00 1.000000e-01
5.610390e+03 0.000000e+00 1.000000e+00 1.000000e-01
5.610400e+03 0.000000e+00 1.000000e+00 1.000000e-01
5.610410e+03 0.000000e+00 1.000000e+00 1.000000e-01
5.610420e+03 0.000000e+00 1.000000e+00 1.000000e-01
5.610430e+03 0.000000e+00 1.000000e+00 1.000000e-01
5.610440e+03 0.000000e+00 1.000000e+00 1.000000e-01
5.610450e+03 0.000000e+00 1.000000e+00 1.000000e-01
5.610460e+03 0.000000e+00 1.000000e+00 1.000000e-01
5.610470e+03 0.000000e+00 1.000000e+00 1.000000e-01
5.610480e+03 0.000000e+00 1.000000e+00 1.000000e-01
5.610490e+03 0.000000e+00 1.000000e+00 1.000000e-01
5.610500e+03 0.000000e+00 1.000000e+00 1.000000e-01
5.610510e+03 0.000000e+00 1.000000e+00 1.000000e-01
5.610520e+03 0.000000e+00 1.000000e+00 1.000000e-01
5.610530e+03 0.000000e+00 1.000000e+00 1.000000e-01
5.610540e+03 0.000000e+00 1.000000e+00 1.000000e-01
5.610550e+03 0.000000e+00 1.000000e+00 1.000000e-01
5.610560e+03 0.000000e+00 1.000000e+00 1.000000e-01
5.610570e+03 0.000000e+00 1.000000e+00 1.000000e-01
5.610580e+03 0.000000e+00 1.000000e+00 1.000000e-01
5.610590e+03 0.000000e+00 1.000000e+00 1.000000e-01
5.610600e+03 0.000000e+00 1.000000e+00 1.000000e-01
5.610610e+03 0.000000e+00 1.000000e+00 1.000000e-01
5.610620e+03 0.000000e+00 1.000000e+00 1.000000e-01
5.610630e+03 0.000000e+00 1.000000e+00 1.000000e-01
5.610640e+03 0.000000e+00 1.000000e+00 1.000000e-01
5.610650e+03 0.000000e+00 1.000000e+00 1.000000e-01
5.610660e+03 0.000000e+00 1.000000e+00 1.000000e-01
5.610670e+03 0.000000e+00 1.000000e+00 1.000000e-01
5.610680e+03 0.000000e+00 1.000000e+00 1.000000e-01
5.610690e+03 0.000000e+00 1.000000e+00 1.000000e-01
5.610700e+03 0.000000e+00 1.000000e+00 1.000000e-01
5.610710e+03 0.000000e+00 1.000000e+00 1.000000e-01
5.610720e+03 0.000000e+00 1.000000e+00 1.000000e-01
5.610730e+03 0.000000e+00 1.000000e+00 1.000000e-01
5.610740e+03 0.000000e+00 1.000000e+00 1.000000e-01
5.610750e+03 0.000000e+00 1.000000e+00 1.000000e-01
5.610760e+03 0.000000e+00 1.000000e+00 1.000000e-01
5.610770e+03 0.000000e+00 1.000000e+00 1.000000e-01
5.610780e+03 0.000000e+00 1.000000e+00 1.000000e-01
5.610790e+03 0.000000e+00 1.000000e+00 1.000000e-01
5.610800e+03 0.000000e+00 1.000000e+00 1.000000e-01
5.610810e+03 0.000000e+00 1.000000e+00 1.000000e-01
5.610820e+03 0.000000e+00 1.000000e+00 1.000000e-01
5.610830e+03 0.000000e+00 1.000000e+00 1.000000e-01
5.610840e+03 0.000000e+00 1.000000e+00 1.000000e-01
5.610850e+03 0.000000e+00 1.000000e+00 1.000000e-01
5.610860e+03 0.000000e+00 1.000000e+00 1.000000e-01
5.610870e+03 0.000000e+00 1.000000e+00 1.000000e-01
5.610880e+03 0.000000e+00 1.000000e+00 1.000000e-01
5.610890e+03 0.000000e+00 1.000000e+00 1.000000e-01
5.610900e+03 0.000000e+00 1.000000e+00 1.000000e-01
5.610910e+03 0.000000e+00 1.000000e+00 1.000000e-01
5.610920e+03 0.000000e+00 1.000000e+00 1.000000e-01
5.610930e+03 0.000000e+00 1.000000e+00 1.000000e-01
5.610940e+03 0.000000e+00 1.000000e+00 1.000000e-01
5.610950e+03 0.000000e+00 1.000000e+00 1.000000e-01
5.610960e+03 0.000000e+00 1.000000e+00 1.000000e-01
5.610970e+03 0.000000e+00 1.000000e+00 1.000000e-01
5.610980e+03 0.000000e+00 1.000000e+00 1.000000e-01
5.610990e+03 0.000000e+00 1.000000e+00 1.000000e-01
5.611000e+03 0.000000e+00 1.000000e+00 1.000000e-01
5.611010e+03 0.000000e+00 1.000000e+00 1.000000e-01
5.611020e+03 0.000000e+00 1.000000e+00 1.000000e-01
5.611030e+03 0.000000e+00 1.000000e+00 1.000000e-01
5.611040e+03 0.000000e+00 1.000000e+00 1.000000e-01
5.611050e+03 0.000000e+00 1.000000e+00 1.000000e-01
5.611060e+03 0.000000e+00 1.000000e+00 1.000000e-01
5.611070e+03 0.000000e+00 1.000000e+00 1.000000e-01
5.611080e+03 0.000000e+00 1.000000e+00 1.000000e-01
5.611090e+03 0.000000e+00 1.000000e+00 1.000000e-01
5.611100e+03 0.000000e+00 1.000000e+00 1.000000e-01
5.611110e+03 0.000000e+00 1.000000e+00 1.000000e-01
5.611120e+03 0.000000e+00 1.000000e+00 1.000000e-01
5.611130e+03 0.000000e+00 1.000000e+00 1.000000e-01
5.611140e+03 0.000000e+00 1.000000e+00 1.000000e-01
5.611150e+03 0.000000e+00 1.000000e+00 1.000000e-01
5.611160e+03 0.000000e+00 1.000000e+00 1.000000e-01
5.611170e+03 0.000000e+00 1.000000e+00 1.000000e-01
5.611180e+03 0.000000e+00 1.000000e+00 1.000000e-01
5.611190e+03 0.000000e+00 1.000000e+00 1.000000e-01
5.611200e+03 0.000000e+00 1.000000e+00 1.000000e-01
5.611210e+03 0.000000e+00 1.000000e+00 1.000000e-01
5.611220e+03 0.000000e+00 1.000000e+00 1.000000e-01
5.611230e+03 0.000000e+00 1.000000e+00 1.000000e-01
5.611240e+03 0.000000e+00 1.000000e+00 1.000000e-01
5.611250e+03 0.000000e+00 1.000000e+00 1.000000e-01
5.611260e+03 0.000000e+00 1.000000e+00 1.000000e-01
5.611270e+03 0.000000e+00 1.000000e+00 1.000000e-01
5.611280e+03 0.000000e+00 1.000000e+00 1.000000e-01
5.611290e+03 0.000000e+00 1.000000e+00 1.000000e-01
5.611300e+03 0.000000e+00 1.000000e+00 1.000000e-01
5.611310e+03 0.000000e+00 1.000000e+00 1.000000e-01
5.611320e+03 0.000000e+00 1.000000e+00 1.000000e-01
5.611330e+03 0.000000e+00 1.000000e+00 1.000000e-01
5.611340e+03 0.000000e+00 1.000000e+00 1.000000e-01
5.611350e+03 0.000000e+00 1.000000e+00 1.000000e-01
5.611360e+03 0.000000e+00 1.000000e+00 1.000000e-01
5.611370e+03 0.000000e+00 1.000000e+00 1.000000e-01
5.611380e+03 0.000000e+00 1.000000e+00 1.000000e-01
5.611390e+03 0.000000e+00 1.000000e+00 1.000000e-01
5.611400e+03 0.000000e+00 1.000000e+00 1.000000e-01
5.611410e+03 0.000000e+00 1.000000e+00 1.000000e-01
5.611420e+03 0.000000e+00 1.000000e+00 1.000000e-01
5.611430e+03 0.000000e+00 1.000000e+00 1.000000e-01
5.611440e+03 0.000000e+00 1.000000e+00 1.000000e-01
5.611450e+03 0.000000e+00 1.000000e+00 1.000000e-01
5.611460e+03 0.000000e+00 1.000000e+00 1.000000e-01
5.611470e+03 0.000000e+00 1.000000e+00 1.000000e-01
5.611480e+03 0.000000e+00 1.000000e+00 1.000000e-01
5.611490e+03 0.000000e+00 1.000000e+00 1.000000e-01
5.611500e+03 0.000000e+00 1.000000e+00 1.000000e-01
5.611510e+03 0.000000e+00 1.000000e+00 1.000000e-01
5.611520e+03 0.000000e+00 1.000000e+00 1.000000e-01
5.611530e+03 0.000000e+00 1.000000e+00 1.000000e-01
5.611540e+03 0.000000e+00 1.000000e+00 1.000000e-01
5.611550e+03 0.000000e+00 1.000000e+00 1.000000e-01
5.611560e+03 0.000000e+00 1.000000e+00 1.000000e-01
5.611570e+03 0.000000e+00 1.000000e+00 1.000000e-01
5.611580e+03 0.000000e+00 1.000000e+00 1.000000e-01
5.611590e+03 0.000000e+00 1.000000e+00 1.000000e-01
5.611600e+03 0.000000e+00 1.000000e+00 1.000000e-01
5.611610e+03 0.000000e+00 1.000000e+00 1.000000e-01
5.611620e+03 0.000000e+00 1.000000e+00 1.000000e-01
5.611630e+03 0.000000e+00 1.000000e+00 1.000000e-01
5.611640e+03 0.000000e+00 1.000000e+00 1.000000e-01
5.611650e+03 0.000000e+00 1.000000e+00 1.000000e-01
5.611660e+03 0.000000e+00 1.000000e+00 1.000000e-01
5.611670e+03 0.000000e+00 1.000000e+00 1.000000e-01
5.611680e+03 0.000000e+00 1.000000e+00 1.000000e-01
5.611690e+03 0.000000e+00 1.000000e+00 1.000000e-01
5.611700e+03 0.000000e+00 1.000000e+00 1.000000e-01
5.611710e+03 0.000000e+00 1.000000e+00 1.000000e-01
5.611720e+03 0.000000e+00 1.000000e+00 1.000000e-01
5.611730e+03 0.000000e+00 1.000000e+00 1.000000e-01
5.611740e+03 0.000000e+00 1.000000e+00 1.000000e-01
5.611750e+03 0.000000e+00 1.000000e+00 1.000000e-01
5.611760e+03 0.000000e+00 1.000000e+00 1.000000e-01
5.611770e+03 0.000000e+00 1.000000e+00 1.000000e-01
5.611780e+03 0.000000e+00 1.000000e+00 1.000000e-01
5.611790e+03 0.000000e+00 1.000000e+00 1.000000e-01
5.611800e+03 0.000000e+00 1.000000e+00 1.000000e-01
5.611810e+03 0.000000e+00 1.000000e+00 1.000000e-01
5.611820e+03 0.000000e+00 1.000000e+00 1.000000e-01
5.611830e+03 0.000000e+00 1.000000e+00 1.000000e-01
5.611840e+03 0.000000e+00 1.000000e+00 1.000000e-01
5.611850e+03 0.000000e+00 1.000000e+00 1.000000e-01
5.611860e+03 0.000000e+00 1.000000e+00 1.000000e-01
5.611870e+03 0.000000e+00 1.000000e+00 1.000000e-01
5.611880e+03 0.000000e+00 1.000000e+00 1.000000e-01
5.611890e+03 0.000000e+00 1.000000e+00 1.000000e-01
5.611900e+03 0.000000e+00 1.000000e+00 1.000000e-01
5.611910e+03 0.000000e+00 1.000000e+00 1.000000e-01
5.611920e+03 0.000000e+00 1.000000e+00 1.000000e-01
5.611930e+03 0.000000e+00 1.000000e+00 1.000000e-01
5.611940e+03 0.000000e+00 1.000000e+00 1.000000e-01
5.611950e+03 0.000000e+00 1.000000e+00 1.000000e-01
5.611960e+03 0.000000e+00 1.000000e+00 1.000000e-01
5.611970e+03 0.000000e+00 1.000000e+00 1.000000e-01
5.611980e+03 0.000000e+00 1.000000e+00 1.000000e-01
5.611990e+03 0.000000e+00 1.000000e+00 1.000000e-01
5.612000e+03 0.000000e+00 1.000000e+00 1.000000e-01
5.612010e+03 0.000000e+00 1.000000e+00 1.000000e-01
5.612020e+03 0.000000e+00 1.000000e+00 1.000000e-01
5.612030e+03 0.000000e+00 1.000000e+00 1.000000e-01
5.612040e+03 0.000000e+00 1.000000e+00 1.000000e-01
5.612050e+03 0.000000e+00 1.000000e+00 1.000000e-01
5.612060e+03 0.000000e+00 1.000000e+00 1.000000e-01
5.612070e+03 0.000000e+00 1.000000e+00 1.000000e-01
5.612080e+03 0.000000e+00 1.000000e+00 1.000000e-01
5.612090e+03 0.000000e+00 1.000000e+00 1.000000e-01
5.612100e+03 0.000000e+00 1.000000e+00 1.000000e-01
5.612110e+03 0.000000e+00 1.000000e+00 1.000000e-01
5.612120e+03 0.000000e+00 1.000000e+00 1.000000e-01
5.612130e+03 0.000000e+00 1.000000e+00 1.000000e-01
5.612140e+03 0.000000e+00 1.000000e+00 1.000000e-01
5.612150e+03 0.000000e+00 1.000000e+00 1.000000e-01
5.612160e+03 0.000000e+00 1.000000e+00 1.000000e-01
5.612170e+03 0.000000e+00 1.000000e+00 1.000000e-01
5.612180e+03 0.000000e+00 1.000000e+00 1.000000e-01
5.612190e+03 0.000000e+00 1.000000e+00 1.000000e-01
5.612200e+03 0.000000e+00 1.000000e+00 1.000000e-01
5.612210e+03 0.000000e+00 1.000000e+00 1.000000e-01
5.612220e+03 0.000000e+00 1.000000e+00 1.000000e-01
5.612230e+03 0.000000e+00 1.000000e+00 1.000000e-01
5.612240e+03 0.000000e+00 1.000000e+00 1.000000e-01
5.612250e+03 0.000000e+00 1.000000e+00 1.000000e-01
5.612260e+03 0.000000e+00 1.000000e+00 1.000000e-01
5.612270e+03 0.000000e+00 1.000000e+00 1.000000e-01
5.612280e+03 0.000000e+00 1.000000e+00 1.000000e-01
5.612290e+03 0.000000e+00 1.000000e+00 1.000000e-01
5.612300e+03 0.000000e+00 1.000000e+00 1.000000e-01
5.612310e+03 0.000000e+00 1.000000e+00 1.000000e-01
5.612320e+03 0.000000e+00 1.000000e+00 1.000000e-01
5.612330e+03 0.000000e+00 1.000000e+00 1.000000e-01
5.612340e+03 0.000000e+00 1.000000e+00 1.000000e-01
5.612350e+03 0.000000e+00 1.000000e+00 1.000000e-01
5.612360e+03 0.000000e+00 1.000000e+00 1.000000e-01
5.612370e+03 0.000000e+00 1.000000e+00 1.000000e-01
5.612380e+03 0.000000e+00 1.000000e+00 1.000000e-01
5.612390e+03 0.000000e+00 1.000000e+00 1.000000e-01
5.612400e+03 0.000000e+00 1.000000e+00 1.000000e-01
5.612410e+03 0.000000e+00 1.000000e+00 1.000000e-01
5.612420e+03 0.000000e+00 1.000000e+00 1.000000e-01
5.612430e+03 0.000000e+00 1.000000e+00 1.000000e-01
5.612440e+03 0.000000e+00 1.000000e+00 1.000000e-01
5.612450e+03 0.000000e+00 1.000000e+00 1.000000e-01
5.612460e+03 0.000000e+00 1.000000e+00 1.000000e-01
5.612470e+03 0.000000e+00 1.000000e+00 1.000000e-01
5.612480e+03 0.000000e+00 1.000000e+00 1.000000e-01
5.612490e+03 0.000000e+00 1.000000e+00 1.000000e-01
5.612500e+03 0.000000e+00 1.000000e+00 1.000000e-01
5.612510e+03 0.000000e+00 1.000000e+00 1.000000e-01
5.612520e+03 0.000000e+00 1.000000e+00 1.000000e-01
5.612530e+03 0.000000e+00 1.000000e+00 1.000000e-01
5.612540e+03 0.000000e+00 1.000000e+00 1.000000e-01
5.612550e+03 0.000000e+00 1.000000e+00 1.000000e-01
5.612560e+03 0.000000e+00 1.000000e+00 1.000000e-01
5.612570e+03 0.000000e+00 1.000000e+00 1.000000e-01
5.612580e+03 0.000000e+00 1.000000e+00 1.000000e-01
5.612590e+03 0.000000e+00 1.000000e+00 1.000000e-01
5.612600e+03 0.000000e+00 1.000000e+00 1.000000e-01
5.612610e+03 0.000000e+00 1.000000e+00 1.000000e-01
5.612620e+03 0.000000e+00 1.000000e+00 1.000000e-01
5.612630e+03 0.000000e+00 1.000000e+00 1.000000e-01
5.612640e+03 0.000000e+00 1.000000e+00 1.000000e-01
5.612650e+03 0.000000e+00 1.000000e+00 1.000000e-01
5.612660e+03 0.000000e+00 1.000000e+00 1.000000e-01
5.612670e+03 0.000000e+00 1.000000e+00 1.000000e-01
5.612680e+03 0.000000e+00 1.000000e+00 1.000000e-01
5.612690e+03 0.000000e+00 1.000000e+00 1.000000e-01
5.612700e+03 0.000000e+00 1.000000e+00 1.000000e-01
5.612710e+03 0.000000e+00 1.000000e+00 1.000000e-01
5.612720e+03 0.000000e+00 1.000000e+00 1.000000e-01
5.612730e+03 0.000000e+00 1.000000e+00 1.000000e-01
5.612740e+03 0.000000e+00 1.000000e+00 1.000000e-01
5.612750e+03 0.000000e+00 1.000000e+00 1.000000e-01
5.612760e+03 0.000000e+00 1.000000e+00 1.000000e-01
5.612770e+03 0.000000e+00 1.000000e+00 1.000000e-01
5.612780e+03 0.000000e+00 1.000000e+00 1.000000e-01
5.612790e+03 0.000000e+00 1.000000e+00 1.000000e-01
5.612800e+03 0.000000e+00 1.000000e+00 1.000000e-01
5.612810e+03 0.000000e+00 1.000000e+00 1.000000e-01
5.612820e+03 0.000000e+00 1.000000e+00 1.000000e-01
5.612830e+03 0.000000e+00 1.000000e+00 1.000000e-01
5.612840e+03 0.000000e+00 1.000000e+00 1.000000e-01
5.612850e+03 0.000000e+00 1.000000e+00 1.000000e-01
5.612860e+03 0.000000e+00 1.000000e+00 1.000000e-01
5.612870e+03 0.000000e+00 1.000000e+00 1.000000e-01
5.612880e+03 0.000000e+00 1.000000e+00 1.000000e-01
5.612890e+03 0.000000e+00 1.000000e+00 1.000000e-01
5.612900e+03 0.000000e+00 1.000000e+00 1.000000e-01
5.612910e+03 0.000000e+00 1.000000e+00 1.000000e-01
5.612920e+03 0.000000e+00 1.000000e+00 1.000000e-01
5.612930e+03 0.000000e+00 1.000000e+00 1.000000e-01
5.612940e+03 0.000000e+00 1.000000e+00 1.000000e-01
5.612950e+03 0.000000e+00 1.000000e+00 1.000000e-01
5.612960e+03 0.000000e+00 1.000000e+00 1.000000e-01
5.612970e+03 0.000000e+00 1.000000e+00 1.000000e-01
5.612980e+03 0.000000e+00 1.000000e+00 1.000000e-01
5.612990e+03 0.000000e+00 1.000000e+00 1.000000e-01
5.613000e+03 0.000000e+00 1.000000e+00 1.000000e-01
5.613010e+03 0.000000e+00 1.000000e+00 1.000000e-01
5.613020e+03 0.000000e+00 1.000000e+00 1.000000e-01
5.613030e+03 0.000000e+00 1.000000e+00 1.000000e-01
5.613040e+03 0.000000e+00 1.000000e+00 1.000000e-01
5.613050e+03 0.000000e+00 1.000000e+00 1.000000e-01
5.613060e+03 0.000000e+00 1.000000e+00 1.000000e-01
5.613070e+03 0.000000e+00 1.000000e+00 1.000000e-01
5.613080e+03 0.000000e+00 1.000000e+00 1.000000e-01
5.613090e+03 0.000000e+00 1.000000e+00 1.000000e-01
5.613100e+03 0.000000e+00 1.000000e+00 1.000000e-01
5.613110e+03 0.000000e+00 1.000000e+00 1.000000e-01
5.613120e+03 0.000000e+00 1.000000e+00 1.000000e-01
5.613130e+03 0.000000e+00 1.000000e+00 1.000000e-01
5.613140e+03 0.000000e+00 1.000000e+00 1.000000e-01
5.613150e+03 0.000000e+00 1.000000e+00 1.000000e-01
5.613160e+03 0.000000e+00 1.000000e+00 1.000000e-01
5.613170e+03 0.000000e+00 1.000000e+00 1.000000e-01
5.613180e+03 0.000000e+00 1.000000e+00 1.000000e-01
5.613190e+03 0.000000e+00 1.000000e+00 1.000000e-01
5.613200e+03 0.000000e+00 1.000000e+00 1.000000e-01
5.613210e+03 0.000000e+00 1.000000e+00 1.000000e-01
5.613220e+03 0.000000e+00 1.000000e+00 1.000000e-01
5.613230e+03 0.000000e+00 1.000000e+00 1.000000e-01
5.613240e+03 0.000000e+00 1.000000e+00 1.000000e-01
5.613250e+03 0.000000e+00 1.000000e+00 1.000000e-01
5.613260e+03 0.000000e+00 1.000000e+00 1.000000e-01
5.613270e+03 0.000000e+00 1.000000e+00 1.000000e-01
5.613280e+03 0.000000e+00 1.000000e+00 1.000000e-01
5.613290e+03 0.000000e+00 1.000000e+00 1.000000e-01
5.613300e+03 0.000000e+00 1.000000e+00 1.000000e-01
5.613310e+03 0.000000e+00 1.000000e+00 1.000000e-01
5.613320e+03 0.000000e+00 1.000000e+00 1.000000e-01
5.613330e+03 0.000000e+00 1.000000e+00 1.000000e-01
5.613340e+03 0.000000e+00 1.000000e+00 1.000000e-01
5.613350e+03 0.000000e+00 1.000000e+00 1.000000e-01
5.613360e+03 0.000000e+00 1.000000e+00 1.000000e-01
5.613370e+03 0.000000e+00 1.000000e+00 1.000000e-01
5.613380e+03 0.000000e+00 1.000000e+00 1.000000e-01
5.613390e+03 0.000000e+00 1.000000e+00 1.000000e-01
5.613400e+03 0.000000e+00 1.000000e+00 1.000000e-01
5.613410e+03 0.000000e+00 1.000000e+00 1.000000e-01
5.613420e+03 0.000000e+00 1.000000e+00 1.000000e-01
5.613430e+03 0.000000e+00 1.000000e+00 1.000000e-01
5.613440e+03 0.000000e+00 1.000000e+00 1.000000e-01
5.613450e+03 0.000000e+00 1.000000e+00 1.000000e-01
5.613460e+03 0.000000e+00 1.000000e+00 1.000000e-01
5.613470e+03 0.000000e+00 1.000000e+00 1.000000e-01
5.613480e+03 0.000000e+00 1.000000e+00 1.000000e-01
5.613490e+03 0.000000e+00 1.000000e+00 1.000000e-01
5.613500e+03 0.000000e+00 1.000000e+00 1.000000e-01
5.613510e+03 0.000000e+00 1.000000e+00 1.000000e-01
5.613520e+03 0.000000e+00 1.000000e+00 1.000000e-01
5.613530e+03 0.000000e+00 1.000000e+00 1.000000e-01
5.613540e+03 0.000000e+00 1.000000e+00 1.000000e-01
5.613550e+03 0.000000e+00 1.000000e+00 1.000000e-01
5.613560e+03 0.000000e+00 1.000000e+00 1.000000e-01
5.613570e+03 0.000000e+00 1.000000e+00 1.000000e-01
5.613580e+03 0.000000e+00 1.000000e+00 1.000000e-01
5.613590e+03 0.000000e+00 1.000000e+00 1.000000e-01
5.613600e+03 0.000000e+00 1.000000e+00 1.000000e-01
5.613610e+03 0.000000e+00 1.000000e+00 1.000000e-01
5.613620e+03 0.000000e+00 1.000000e+00 1.000000e-01
5.613630e+03 0.000000e+00 1.000000e+00 1.000000e-01
5.613640e+03 0.000000e+00 1.000000e+00 1.000000e-01
5.613650e+03 0.000000e+00 1.000000e+00 1.000000e-01
5.613660e+03 0.000000e+00 1.000000e+00 1.000000e-01
5.613670e+03 0.000000e+00 1.000000e+00 1.000000e-01
5.613680e+03 0.000000e+00 1.000000e+00 1.000000e-01
5.613690e+03 0.000000e+00 1.000000e+00 1.000000e-01
5.613700e+03 0.000000e+00 1.000000e+00 1.000000e-01
5.613710e+03 0.000000e+00 1.000000e+00 1.000000e-01
5.613720e+03 0.000000e+00 1.000000e+00 1.000000e-01
5.613730e+03 0.000000e+00 1.000000e+00 1.000000e-01
5.613740e+03 0.000000e+00 1.000000e+00 1.000000e-01
5.613750e+03 0.000000e+00 1.000000e+00 1.000000e-01
5.613760e+03 0.000000e+00 1.000000e+00 1.000000e-01
5.613770e+03 0.000000e+00 1.000000e+00 1.000000e-01
5.613780e+03 0.000000e+00 1.000000e+00 1.000000e-01
5.613790e+03 0.000000e+00 1.000000e+00 1.000000e-01
5.613800e+03 0.000000e+00 1.000000e+00 1.000000e-01
5.613810e+03 0.000000e+00 1.000000e+00 1.000000e-01
5.613820e+03 0.000000e+00 1.000000e+00 1.000000e-01
5.613830e+03 0.000000e+00 1.000000e+00 1.000000e-01
5.613840e+03 0.000000e+00 1.000000e+00 1.000000e-01
5.613850e+03 0.000000e+00 1.000000e+00 1.000000e-01
5.613860e+03 0.000000e+00 1.000000e+00 1.000000e-01
5.613870e+03 0.000000e+00 1.000000e+00 1.000000e-01
5.613880e+03 0.000000e+00 1.000000e+00 1.000000e-01
5.613890e+03 0.000000e+00 1.000000e+00 1.000000e-01
5.613900e+03 0.000000e+00 1.000000e+00 1.000000e-01
5.613910e+03 0.000000e+00 1.000000e+00 1.000000e-01
5.613920e+03 0.000000e+00 1.000000e+00 1.000000e-01
5.613930e+03 0.000000e+00 1.000000e+00 1.000000e-01
5.613940e+03 0.000000e+00 1.000000e+00 1.000000e-01
5.613950e+03 0.000000e+00 1.000000e+00 1.000000e-01
5.613960e+03 0.000000e+00 1.000000e+00 1.000000e-01
5.613970e+03 0.000000e+00 1.000000e+00 1.000000e-01
5.613980e+03 0.000000e+00 1.000000e+00 1.000000e-01
5.613990e+03 0.000000e+00 1.000000e+00 1.000000e-01
5.614000e+03 0.000000e+00 1.000000e+00 1.000000e-01
5.614010e+03 0.000000e+00 1.000000e+00 1.000000e-01
5.614020e+03 0.000000e+00 1.000000e+00 1.000000e-01
5.614030e+03 0.000000e+00 1.000000e+00 1.000000e-01
5.614040e+03 0.000000e+00 1.000000e+00 1.000000e-01
5.614050e+03 0.000000e+00 1.000000e+00 1.000000e-01
5.614060e+03 0.000000e+00 1.000000e+00 1.000000e-01
5.614070e+03 0.000000e+00 1.000000e+00 1.000000e-01
5.614080e+03 0.000000e+00 1.000000e+00 1.000000e-01
5.614090e+03 0.000000e+00 1.000000e+00 1.000000e-01
5.614100e+03 0.000000e+00 1.000000e+00 1.000000e-01
5.614110e+03 0.000000e+00 1.000000e+00 1.000000e-01
5.614120e+03 0.000000e+00 1.000000e+00 1.000000e-01
5.614130e+03 0.000000e+00 1.000000e+00 1.000000e-01
5.614140e+03 0.000000e+00 1.000000e+00 1.000000e-01
5.614150e+03 0.000000e+00 1.000000e+00 1.000000e-01
5.614160e+03 0.000000e+00 1.000000e+00 1.000000e-01
5.614170e+03 0.000000e+00 1.000000e+00 1.000000e-01
5.614180e+03 0.000000e+00 1.000000e+00 1.000000e-01
5.614190e+03 0.000000e+00 1.000000e+00 1.000000e-01
5.614200e+03 0.000000e+00 1.000000e+00 1.000000e-01
5.614210e+03 0.000000e+00 1.000000e+00 1.000000e-01
5.614220e+03 0.000000e+00 1.000000e+00 1.000000e-01
5.614230e+03 0.000000e+00 1.000000e+00 1.000000e-01
5.614240e+03 0.000000e+00 1.000000e+00 1.000000e-01
5.614250e+03 0.000000e+00 1.000000e+00 1.000000e-01
5.614260e+03 0.000000e+00 1.000000e+00 1.000000e-01
5.614270e+03 0.000000e+00 1.000000e+00 1.000000e-01
5.614280e+03 0.000000e+00 1.000000e+00 1.000000e-01
5.614290e+03 0.000000e+00 1.000000e+00 1.000000e-01
5.614300e+03 0.000000e+00 1.000000e+00 1.000000e-01
5.614310e+03 0.000000e+00 1.000000e+00 1.000000e-01
5.614320e+03 0.000000e+00 1.000000e+00 1.000000e-01
5.614330e+03 0.000000e+00 1.000000e+00 1.000000e-01
5.614340e+03 0.000000e+00 1.000000e+00 1.000000e-01
5.614350e+03 0.000000e+00 1.000000e+00 1.000000e-01
5.614360e+03 0.000000e+00 1.000000e+00 1.000000e-01
5.614370e+03 0.000000e+00 1.000000e+00 1.000000e-01
5.614380e+03 0.000000e+00 1.000000e+00 1.000000e-01
5.614390e+03 0.000000e+00 1.000000e+00 1.000000e-01
5.614400e+03 0.000000e+00 1.000000e+00 1.000000e-01
5.614410e+03 0.000000e+00 1.000000e+00 1.000000e-01
5.614420e+03 0.000000e+00 1.000000e+00 1.000000e-01
5.614430e+03 0.000000e+00 1.000000e+00 1.000000e-01
5.614440e+03 0.000000e+00 1.000000e+00 1.000000e-01
5.614450e+03 0.000000e+00 1.000000e+00 1.000000e-01
5.614460e+03 0.000000e+00 1.000000e+00 1.000000e-01
5.614470e+03 0.000000e+00 1.000000e+00 1.000000e-01
5.614480e+03 0.000000e+00 1.000000e+00 1.000000e-01
5.614490e+03 0.000000e+00 1.000000e+00 1.000000e-01
5.614500e+03 0.000000e+00 1.000000e+00 1.000000e-01
5.614510e+03 0.000000e+00 1.000000e+00 1.000000e-01
5.614520e+03 0.000000e+00 1.000000e+00 1.000000e-01
5.614530e+03 0.000000e+00 1.000000e+00 1.000000e-01
5.614540e+03 0.000000e+00 1.000000e+00 1.000000e-01
5.614550e+03 0.000000e+00 1.000000e+00 1.000000e-01
5.614560e+03 0.000000e+00 1.000000e+00 1.000000e-01
5.614570e+03 0.000000e+00 1.000000e+00 1.000000e-01
5.614580e+03 0.000000e+00 1.000000e+00 1.000000e-01
5.614590e+03 0.000000e+00 1.000000e+00 1.000000e-01
5.614600e+03 0.000000e+00 1.000000e+00 1.000000e-01
5.614610e+03 0.000000e+00 1.000000e+00 1.000000e-01
5.614620e+03 0.000000e+00 1.000000e+00 1.000000e-01
5.614630e+03 0.000000e+00 1.000000e+00 1.000000e-01
5.614640e+03 0.000000e+00 1.000000e+00 1.000000e-01
5.614650e+03 0.000000e+00 1.000000e+00 1.000000e-01
5.614660e+03 0.000000e+00 1.000000e+00 1.000000e-01
5.614670e+03 0.000000e+00 1.000000e+00 1.000000e-01
5.614680e+03 0.000000e+00 1.000000e+00 1.000000e-01
5.614690e+03 0.000000e+00 1.000000e+00 1.000000e-01
5.614700e+03 0.000000e+00 1.000000e+00 1.000000e-01
5.614710e+03 0.000000e+00 1.000000e+00 1.000000e-01
5.614720e+03 0.000000e+00 1.000000e+00 1.000000e-01
5.614730e+03 0.000000e+00 1.000000e+00 1.000000e-01
5.614740e+03 0.000000e+00 1.000000e+00 1.000000e-01
5.614750e+03 0.000000e+00 1.000000e+00 1.000000e-01
5.614760e+03 0.000000e+00 1.000000e+00 1.000000e-01
5.614770e+03 0.000000e+00 1.000000e+00 1.000000e-01
5.614780e+03 0.000000e+00 1.000000e+00 1.000000e-01
5.614790e+03 0.000000e+00 1.000000e+00 1.000000e-01
5.614800e+03 0.000000e+00 1.000000e+00 1.000000e-01
5.614810e+03 0.000000e+00 1.000000e+00 1.000000e-01
5.614820e+03 0.000000e+00 1.000000e+00 1.000000e-01
5.614830e+03 0.000000e+00 1.000000e+00 1.000000e-01
5.614840e+03 0.000000e+00 1.000000e+00 1.000000e-01
5.614850e+03 0.000000e+00 1.000000e+00 1.000000e-01
5.614860e+03 0.000000e+00 1.000000e+00 1.000000e-01
5.614870e+03 0.000000e+00 1.000000e+00 1.000000e-01
5.614880e+03 0.000000e+00 1.000000e+00 1.000000e-01
5.614890e+03 0.000000e+00 1.000000e+00 1.000000e-01
5.614900e+03 0.000000e+00 1.000000e+00 1.000000e-01
5.614910e+03 0.000000e+00 1.000000e+00 1.000000e-01
5.614920e+03 0.000000e+00 1.000000e+00 1.000000e-01
5.614930e+03 0.000000e+00 1.000000e+00 1.000000e-01
5.614940e+03 0.000000e+00 1.000000e+00 1.000000e-01
5.614950e+03 0.000000e+00 1.000000e+00 1.000000e-01
5.614960e+03 0.000000e+00 1.000000e+00 1.000000e-01
5.614970e+03 0.000000e+00 1.000000e+00 1.000000e-01
5.614980e+03 0.000000e+00 1.000000e+00 1.000000e-01
5.614990e+03 0.000000e+00 1.000000e+00 1.000000e-01
5.615000e+03 0.000000e+00 1.000000e+00 1.000000e-01
5.615010e+03 0.000000e+00 1.000000e+00 1.000000e-01
5.615020e+03 0.000000e+00 1.000000e+00 1.000000e-01
5.615030e+03 0.000000e+00 1.000000e+00 1.000000e-01
5.615040e+03 0.000000e+00 1.000000e+00 1.000000e-01
5.615050e+03 0.000000e+00 1.000000e+00 1.000000e-01
5.615060e+03 0.000000e+00 1.000000e+00 1.000000e-01
5.615070e+03 0.000000e+00 1.000000e+00 1.000000e-01
5.615080e+03 0.000000e+00 1.000000e+00 1.000000e-01
5.615090e+03 0.000000e+00 1.000000e+00 1.000000e-01
5.615100e+03 0.000000e+00 1.000000e+00 1.000000e-01
5.615110e+03 0.000000e+00 1.000000e+00 1.000000e-01
5.615120e+03 0.000000e+00 1.000000e+00 1.000000e-01
5.615130e+03 0.000000e+00 1.000000e+00 1.000000e-01
5.615140e+03 0.000000e+00 1.000000e+00 1.000000e-01
5.615150e+03 0.000000e+00 1.000000e+00 1.000000e-01
5.615160e+03 0.000000e+00 1.000000e+00 1.000000e-01
5.615170e+03 0.000000e+00 1.000000e+00 1.000000e-01
5.615180e+03 0.000000e+00 1.000000e+00 1.000000e-01
5.615190e+03 0.000000e+00 1.000000e+00 1.000000e-01
5.615200e+03 0.000000e+00 1.000000e+00 1.000000e-01
5.615210e+03 0.000000e+00 1.000000e+00 1.000000e-01
5.615220e+03 0.000000e+00 1.000000e+00 1.000000e-01
5.615230e+03 0.000000e+00 1.000000e+00 1.000000e-01
5.615240e+03 0.000000e+00 1.000000e+00 1.000000e-01
5.615250e+03 0.000000e+00 1.000000e+00 1.000000e-01
5.615260e+03 0.000000e+00 1.000000e+00 1.000000e-01
5.615270e+03 0.000000e+00 1.000000e+00 1.000000e-01
5.615280e+03 0.000000e+00 1.000000e+00 1.000000e-01
5.615290e+03 0.000000e+00 1.000000e+00 1.000000e-01
5.615300e+03 0.000000e+00 1.000000e+00 1.000000e-01
5.615310e+03 0.000000e+00 1.000000e+00 1.000000e-01
5.615320e+03 0.000000e+00 1.000000e+00 1.000000e-01
5.615330e+03 0.000000e+00 1.000000e+00 1.000000e-01
5.615340e+03 0.000000e+00 1.000000e+00 1.000000e-01
5.615350e+03 0.000000e+00 1.000000e+00 1.000000e-01
5.615360e+03 0.000000e+00 1.000000e+00 1.000000e-01
5.615370e+03 0.000000e+00 1.000000e+00 1.000000e-01
5.615380e+03 0.000000e+00 1.000000e+00 1.000000e-01
5.615390e+03 0.000000e+00 1.000000e+00 1.000000e-01
5.615400e+03 0.000000e+00 1.000000e+00 1.000000e-01
5.615410e+03 0.000000e+00 1.000000e+00 1.000000e-01
5.615420e+03 0.000000e+00 1.000000e+00 1.000000e-01
5.615430e+03 0.000000e+00 1.000000e+00 1.000000e-01
5.615440e+03 0.000000e+00 1.000000e+00 1.000000e-01
5.615450e+03 0.000000e+00 1.000000e+00 1.000000e-01
5.615460e+03 0.000000e+00 1.000000e+00 1.000000e-01
5.615470e+03 0.000000e+00 1.000000e+00 1.000000e-01
5.615480e+03 0.000000e+00 1.000000e+00 1.000000e-01
5.615490e+03 0.000000e+00 1.000000e+00 1.000000e-01
5.615500e+03 0.000000e+00 1.000000e+00 1.000000e-01
5.615510e+03 0.000000e+00 1.000000e+00 1.000000e-01
5.615520e+03 0.000000e+00 1.000000e+00 1.000000e-01
5.615530e+03 0.000000e+00 1.000000e+00 1.000000e-01
5.615540e+03 0.000000e+00 1.000000e+00 1.000000e-01
5.615550e+03 0.000000e+00 1.000000e+00 1.000000e-01
5.615560e+03 0.000000e+00 1.000000e+00 1.000000e-01
5.615570e+03 0.000000e+00 1.000000e+00 1.000000e-01
5.615580e+03 0.000000e+00 1.000000e+00 1.000000e-01
5.615590e+03 0.000000e+00 1.000000e+00 1.000000e-01
5.615600e+03 0.000000e+00 1.000000e+00 1.000000e-01
5.615610e+03 0.000000e+00 1.000000e+00 1.000000e-01
5.615620e+03 0.000000e+00 1.000000e+00 1.000000e-01
5.615630e+03 0.000000e+00 1.000000e+00 1.000000e-01
5.615640e+03 0.000000e+00 1.000000e+00 1.000000e-01
5.615650e+03 0.000000e+00 1.000000e+00 1.000000e-01
5.615660e+03 0.000000e+00 1.000000e+00 1.000000e-01
5.615670e+03 0.000000e+00 1.000000e+00 1.000000e-01
5.615680e+03 0.000000e+00 1.000000e+00 1.000000e-01
5.615690e+03 0.000000e+00 1.000000e+00 1.000000e-01
5.615700e+03 0.000000e+00 1.000000e+00 1.000000e-01
5.615710e+03 0.000000e+00 1.000000e+00 1.000000e-01
5.615720e+03 0.000000e+00 1.000000e+00 1.000000e-01
5.615730e+03 0.000000e+00 1.000000e+00 1.000000e-01
5.615740e+03 0.000000e+00 1.000000e+00 1.000000e-01
5.615750e+03 0.000000e+00 1.000000e+00 1.000000e-01
5.615760e+03 0.000000e+00 1.000000e+00 1.000000e-01
5.615770e+03 0.000000e+00 1.000000e+00 1.000000e-01
5.615780e+03 0.000000e+00 1.000000e+00 1.000000e-01
5.615790e+03 0.000000e+00 1.000000e+00 1.000000e-01
5.615800e+03 0.000000e+00 1.000000e+00 1.000000e-01
5.615810e+03 0.000000e+00 1.000000e+00 1.000000e-01
5.615820e+03 0.000000e+00 1.000000e+00 1.000000e-01
5.615830e+03 0.000000e+00 1.000000e+00 1.000000e-01
5.615840e+03 0.000000e+00 1.000000e+00 1.000000e-01
5.615850e+03 0.000000e+00 1.000000e+00 1.000000e-01
5.615860e+03 0.000000e+00 1.000000e+00 1.000000e-01
5.615870e+03 0.000000e+00 1.000000e+00 1.000000e-01
5.615880e+03 0.000000e+00 1.000000e+00 1.000000e-01
5.615890e+03 0.000000e+00 1.000000e+00 1.000000e-01
5.615900e+03 0.000000e+00 1.000000e+00 1.000000e-01
5.615910e+03 0.000000e+00 1.000000e+00 1.000000e-01
5.615920e+03 0.000000e+00 1.000000e+00 1.000000e-01
5.615930e+03 0.000000e+00 1.000000e+00 1.000000e-01
5.615940e+03 0.000000e+00 1.000000e+00 1.000000e-01
5.615950e+03 0.000000e+00 1.000000e+00 1.000000e-01
5.615960e+03 0.000000e+00 1.000000e+00 1.000000e-01
5.615970e+03 0.000000e+00 1.000000e+00 1.000000e-01
5.615980e+03 0.000000e+00 1.000000e+00 1.000000e-01
5.615990e+03 0.000000e+00 1.000000e+00 1.000000e-01
5.616000e+03 0.000000e+00 1.000000e+00 1.000000e-01
5.616010e+03 0.000000e+00 1.000000e+00 1.000000e-01
5.616020e+03 0.000000e+00 1.000000e+00 1.000000e-01
5.616030e+03 0.000000e+00 1.000000e+00 1.000000e-01
5.616040e+03 0.000000e+00 1.000000e+00 1.000000e-01
5.616050e+03 0.000000e+00 1.000000e+00 1.000000e-01
5.616060e+03 0.000000e+00 1.000000e+00 1.000000e-01
5.616070e+03 0.000000e+00 1.000000e+00 1.000000e-01
5.616080e+03 0.000000e+00 1.000000e+00 1.000000e-01
5.616090e+03 0.000000e+00 1.000000e+00 1.000000e-01
5.616100e+03 0.000000e+00 1.000000e+00 1.000000e-01
5.616110e+03 0.000000e+00 1.000000e+00 1.000000e-01
5.616120e+03 0.000000e+00 1.000000e+00 1.000000e-01
5.616130e+03 0.000000e+00 1.000000e+00 1.000000e-01
5.616140e+03 0.000000e+00 1.000000e+00 1.000000e-01
5.616150e+03 0.000000e+00 1.000000e+00 1.000000e-01
5.616160e+03 0.000000e+00 1.000000e+00 1.000000e-01
5.616170e+03 0.000000e+00 1.000000e+00 1.000000e-01
5.616180e+03 0.000000e+00 1.000000e+00 1.000000e-01
5.616190e+03 0.000000e+00 1.000000e+00 1.000000e-01
5.616200e+03 0.000000e+00 1.000000e+00 1.000000e-01
5.616210e+03 0.000000e+00 1.000000e+00 1.000000e-01
5.616220e+03 0.000000e+00 1.000000e+00 1.000000e-01
5.616230e+03 0.000000e+00 1.000000e+00 1.000000e-01
5.616240e+03 0.000000e+00 1.000000e+00 1.000000e-01
5.616250e+03 0.000000e+00 1.000000e+00 1.000000e-01
5.616260e+03 0.000000e+00 1.000000e+00 1.000000e-01
5.616270e+03 0.000000e+00 1.000000e+00 1.000000e-01
5.616280e+03 0.000000e+00 1.000000e+00 1.000000e-01
5.616290e+03 0.000000e+00 1.000000e+00 1.000000e-01
5.616300e+03 0.000000e+00 1.000000e+00 1.000000e-01
5.616310e+03 0.000000e+00 1.000000e+00 1.000000e-01
5.616320e+03 0.000000e+00 1.000000e+00 1.000000e-01
5.616330e+03 0.000000e+00 1.000000e+00 1.000000e-01
5.616340e+03 0.000000e+00 1.000000e+00 1.000000e-01
5.616350e+03 0.000000e+00 1.000000e+00 1.000000e-01
5.616360e+03 0.000000e+00 1.000000e+00 1.000000e-01
5.616370e+03 0.000000e+00 1.000000e+00 1.000000e-01
5.616380e+03 0.000000e+00 1.000000e+00 1.000000e-01
5.616390e+03 0.000000e+00 1.000000e+00 1.000000e-01
5.616400e+03 0.000000e+00 1.000000e+00 1.000000e-01
5.616410e+03 0.000000e+00 1.000000e+00 1.000000e-01
5.616420e+03 0.000000e+00 1.000000e+00 1.000000e-01
5.616430e+03 0.000000e+00 1.000000e+00 1.000000e-01
5.616440e+03 0.000000e+00 1.000000e+00 1.000000e-01
5.616450e+03 0.000000e+00 1.000000e+00 1.000000e-01
5.616460e+03 0.000000e+00 1.000000e+00 1.000000e-01
5.616470e+03 0.000000e+00 1.000000e+00 1.000000e-01
5.616480e+03 0.000000e+00 1.000000e+00 1.000000e-01
5.616490e+03 0.000000e+00 1.000000e+00 1.000000e-01
5.616500e+03 0.000000e+00 1.000000e+00 1.000000e-01
5.616510e+03 0.000000e+00 1.000000e+00 1.000000e-01
5.616520e+03 0.000000e+00 1.000000e+00 1.000000e-01
5.616530e+03 0.000000e+00 1.000000e+00 1.000000e-01
5.616540e+03 0.000000e+00 1.000000e+00 1.000000e-01
5.616550e+03 0.000000e+00 1.000000e+00 1.000000e-01
5.616560e+03 0.000000e+00 1.000000e+00 1.000000e-01
5.616570e+03 0.000000e+00 1.000000e+00 1.000000e-01
5.616580e+03 0.000000e+00 1.000000e+00 1.000000e-01
5.616590e+03 0.000000e+00 1.000000e+00 1.000000e-01
5.616600e+03 0.000000e+00 1.000000e+00 1.000000e-01
5.616610e+03 0.000000e+00 1.000000e+00 1.000000e-01
5.616620e+03 0.000000e+00 1.000000e+00 1.000000e-01
5.616630e+03 0.000000e+00 1.000000e+00 1.000000e-01
5.616640e+03 0.000000e+00 1.000000e+00 1.000000e-01
5.616650e+03 0.000000e+00 1.000000e+00 1.000000e-01
5.616660e+03 0.000000e+00 1.000000e+00 1.000000e-01
5.616670e+03 0.000000e+00 1.000000e+00 1.000000e-01
5.616680e+03 0.000000e+00 1.000000e+00 1.000000e-01
5.616690e+03 0.000000e+00 1.000000e+00 1.000000e-01
5.616700e+03 0.000000e+00 1.000000e+00 1.000000e-01
5.616710e+03 0.000000e+00 1.000000e+00 1.000000e-01
5.616720e+03 0.000000e+00 1.000000e+00 1.000000e-01
5.616730e+03 0.000000e+00 1.000000e+00 1.000000e-01
5.616740e+03 0.000000e+00 1.000000e+00 1.000000e-01
5.616750e+03 0.000000e+00 1.000000e+00 1.000000e-01
5.616760e+03 0.000000e+00 1.000000e+00 1.000000e-01
5.616770e+03 0.000000e+00 1.000000e+00 1.000000e-01
5.616780e+03 0.000000e+00 1.000000e+00 1.000000e-01
5.616790e+03 0.000000e+00 1.000000e+00 1.000000e-01
5.616800e+03 0.000000e+00 1.000000e+00 1.000000e-01
5.616810e+03 0.000000e+00 1.000000e+00 1.000000e-01
5.616820e+03 0.000000e+00 1.000000e+00 1.000000e-01
5.616830e+03 0.000000e+00 1.000000e+00 1.000000e-01
5.616840e+03 0.000000e+00 1.000000e+00 1.000000e-01
5.616850e+03 0.000000e+00 1.000000e+00 1.000000e-01
5.616860e+03 0.000000e+00 1.000000e+00 1.000000e-01
5.616870e+03 0.000000e+00 1.000000e+00 1.000000e-01
5.616880e+03 0.000000e+00 1.000000e+00 1.000000e-01
5.616890e+03 0.000000e+00 1.000000e+00 1.000000e-01
5.616900e+03 0.000000e+00 1.000000e+00 1.000000e-01
5.616910e+03 0.000000e+00 1.000000e+00 1.000000e-01
5.616920e+03 0.000000e+00 1.000000e+00 1.000000e-01
5.616930e+03 0.000000e+00 1.000000e+00 1.000000e-01
5.616940e+03 0.000000e+00 1.000000e+00 1.000000e-01
5.616950e+03 0.000000e+00 1.000000e+00 1.000000e-01
5.616960e+03 0.000000e+00 1.000000e+00 1.000000e-01
5.616970e+03 0.000000e+00 1.000000e+00 1.000000e-01
5.616980e+03 0.000000e+00 1.000000e+00 1.000000e-01
5.616990e+03 0.000000e+00 1.000000e+00 1.000000e-01
5.617000e+03 0.000000e+00 1.000000e+00 1.000000e-01
