# wavelength[A] tau flux flux_error
5.567000e+03 0.000000e+00 1.000000e+00 1.000000e-01
5.567010e+03 0.000000e+00 1.000000e+00 1.000000e-01
5.567020e+03 0.000000e+00 1.000000e+00 1.000000e-01
5.567030e+03 0.000000e+00 1.000000e+00 1.000000e-01
5.567040e+03 0.000000e+00 1.000000e+00 1.000000e-01
5.567050e+03 0.000000e+00 1.000000e+00 1.000000e-01
5.567060e+03 0.000000e+00 1.000000e+00 1.000000e-01
5.567070e+03 0.000000e+00 1.000000e+00 1.000000e-01
5.567080e+03 0.000000e+00 1.000000e+00 1.000000e-01
5.567090e+03 0.000000e+00 1.000000e+00 1.000000e-01
5.567100e+03 0.000000e+00 1.000000e+00 1.000000e-01
5.567110e+03 0.000000e+00 1.000000e+00 1.000000e-01
5.567120e+03 0.000000e+00 1.000000e+00 1.000000e-01
5.567130e+03 0.000000e+00 1.000000e+00 1.000000e-01
5.567140e+03 0.000000e+00 1.000000e+00 1.000000e-01
5.567150e+03 0.000000e+00 1.000000e+00 1.000000e-01
5.567160e+03 0.000000e+00 1.000000e+00 1.000000e-01
5.567170e+03 0.000000e+00 1.000000e+00 1.000000e-01
5.567180e+03 0.000000e+00 1.000000e+00 1.000000e-01
5.567190e+03 0.000000e+00 1.000000e+00 1.000000e-01
5.567200e+03 0.000000e+00 1.000000e+00 1.000000e-01
5.567210e+03 0.000000e+00 1.000000e+00 1.000000e-01
5.567220e+03 0.000000e+00 1.000000e+00 1.000000e-01
5.567230e+03 0.000000e+00 1.000000e+00 1.000000e-01
5.567240e+03 0.000000e+00 1.000000e+00 1.000000e-01
5.567250e+03 0.000000e+00 1.000000e+00 1.000000e-01
5.567260e+03 0.000000e+00 1.000000e+00 1.000000e-01
5.567270e+03 0.000000e+00 1.000000e+00 1.000000e-01
5.567280e+03 0.000000e+00 1.000000e+00 1.000000e-01
5.567290e+03 0.000000e+00 1.000000e+00 1.000000e-01
5.567300e+03 0.000000e+00 1.000000e+00 1.000000e-01
5.567310e+03 0.000000e+00 1.000000e+00 1.000000e-01
5.567320e+03 0.000000e+00 1.000000e+00 1.000000e-01
5.567330e+03 0.000000e+00 1.000000e+00 1.000000e-01
5.567340e+03 0.000000e+00 1.000000e+00 1.000000e-01
5.567350e+03 0.000000e+00 1.000000e+00 1.000000e-01
5.567360e+03 0.000000e+00 1.000000e+00 1.000000e-01
5.567370e+03 0.000000e+00 1.000000e+00 1.000000e-01
5.567380e+03 0.000000e+00 1.000000e+00 1.000000e-01
5.567390e+03 0.000000e+00 1.000000e+00 1.000000e-01
5.567400e+03 0.000000e+00 1.000000e+00 1.000000e-01
5.567410e+03 0.000000e+00 1.000000e+00 1.000000e-01
5.567420e+03 0.000000e+00 1.000000e+00 1.000000e-01
5.567430e+03 0.000000e+00 1.000000e+00 1.000000e-01
5.567440e+03 0.000000e+00 1.000000e+00 1.000000e-01
5.567450e+03 0.000000e+00 1.000000e+00 1.000000e-01
5.567460e+03 0.000000e+00 1.000000e+00 1.000000e-01
5.567470e+03 0.000000e+00 1.000000e+00 1.000000e-01
5.567480e+03 0.000000e+00 1.000000e+00 1.000000e-01
5.567490e+03 0.000000e+00 1.000000e+00 1.000000e-01
5.567500e+03 0.000000e+00 1.000000e+00 1.000000e-01
5.567510e+03 0.000000e+00 1.000000e+00 1.000000e-01
5.567520e+03 0.000000e+00 1.000000e+00 1.000000e-01
5.567530e+03 0.000000e+00 1.000000e+00 1.000000e-01
5.567540e+03 0.000000e+00 1.000000e+00 1.000000e-01
5.567550e+03 0.000000e+00 1.000000e+00 1.000000e-01
5.567560e+03 0.000000e+00 1.000000e+00 1.000000e-01
5.567570e+03 0.000000e+00 1.000000e+00 1.000000e-01
5.567580e+03 0.000000e+00 1.000000e+00 1.000000e-01
5.567590e+03 0.000000e+00 1.000000e+00 1.000000e-01
5.567600e+03 0.000000e+00 1.000000e+00 1.000000e-01
5.567610e+03 0.000000e+00 1.000000e+00 1.000000e-01
5.567620e+03 0.000000e+00 1.000000e+00 1.000000e-01
5.567630e+03 0.000000e+00 1.000000e+00 1.000000e-01
5.567640e+03 0.000000e+00 1.000000e+00 1.000000e-01
5.567650e+03 0.000000e+00 1.000000e+00 1.000000e-01
5.567660e+03 0.000000e+00 1.000000e+00 1.000000e-01
5.567670e+03 0.000000e+00 1.000000e+00 1.000000e-01
5.567680e+03 0.000000e+00 1.000000e+00 1.000000e-01
5.567690e+03 0.000000e+00 1.000000e+00 1.000000e-01
5.567700e+03 0.000000e+00 1.000000e+00 1.000000e-01
5.567710e+03 0.000000e+00 1.000000e+00 1.000000e-01
5.567720e+03 0.000000e+00 1.000000e+00 1.000000e-01
5.567730e+03 0.000000e+00 1.000000e+00 1.000000e-01
5.567740e+03 0.000000e+00 1.000000e+00 1.000000e-01
5.567750e+03 0.000000e+00 1.000000e+00 1.000000e-01
5.567760e+03 0.000000e+00 1.000000e+00 1.000000e-01
5.567770e+03 0.000000e+00 1.000000e+00 1.000000e-01
5.567780e+03 0.000000e+00 1.000000e+00 1.000000e-01
5.567790e+03 0.000000e+00 1.000000e+00 1.000000e-01
5.567800e+03 0.000000e+00 1.000000e+00 1.000000e-01
5.567810e+03 0.000000e+00 1.000000e+00 1.000000e-01
5.567820e+03 0.000000e+00 1.000000e+00 1.000000e-01
5.567830e+03 0.000000e+00 1.000000e+00 1.000000e-01
5.567840e+03 0.000000e+00 1.000000e+00 1.000000e-01
5.567850e+03 0.000000e+00 1.000000e+00 1.000000e-01
5.567860e+03 0.000000e+00 1.000000e+00 1.000000e-01
5.567870e+03 0.000000e+00 1.000000e+00 1.000000e-01
5.567880e+03 0.000000e+00 1.000000e+00 1.000000e-01
5.567890e+03 0.000000e+00 1.000000e+00 1.000000e-01
5.567900e+03 0.000000e+00 1.000000e+00 1.000000e-01
5.567910e+03 0.000000e+00 1.000000e+00 1.000000e-01
5.567920e+03 0.000000e+00 1.000000e+00 1.000000e-01
5.567930e+03 0.000000e+00 1.000000e+00 1.000000e-01
5.567940e+03 0.000000e+00 1.000000e+00 1.000000e-01
5.567950e+03 0.000000e+00 1.000000e+00 1.000000e-01
5.567960e+03 0.000000e+00 1.000000e+00 1.000000e-01
5.567970e+03 0.000000e+00 1.000000e+00 1.000000e-01
5.567980e+03 0.000000e+00 1.000000e+00 1.000000e-01
5.567990e+03 0.000000e+00 1.000000e+00 1.000000e-01
5.568000e+03 0.000000e+00 1.000000e+00 1.000000e-01
5.568010e+03 0.000000e+00 1.000000e+00 1.000000e-01
5.568020e+03 0.000000e+00 1.000000e+00 1.000000e-01
5.568030e+03 0.000000e+00 1.000000e+00 1.000000e-01
5.568040e+03 0.000000e+00 1.000000e+00 1.000000e-01
5.568050e+03 0.000000e+00 1.000000e+00 1.000000e-01
5.568060e+03 0.000000e+00 1.000000e+00 1.000000e-01
5.568070e+03 0.000000e+00 1.000000e+00 1.000000e-01
5.568080e+03 0.000000e+00 1.000000e+00 1.000000e-01
5.568090e+03 0.000000e+00 1.000000e+00 1.000000e-01
5.568100e+03 0.000000e+00 1.000000e+00 1.000000e-01
5.568110e+03 0.000000e+00 1.000000e+00 1.000000e-01
5.568120e+03 0.000000e+00 1.000000e+00 1.000000e-01
5.568130e+03 0.000000e+00 1.000000e+00 1.000000e-01
5.568140e+03 0.000000e+00 1.000000e+00 1.000000e-01
5.568150e+03 0.000000e+00 1.000000e+00 1.000000e-01
5.568160e+03 0.000000e+00 1.000000e+00 1.000000e-01
5.568170e+03 0.000000e+00 1.000000e+00 1.000000e-01
5.568180e+03 0.000000e+00 1.000000e+00 1.000000e-01
5.568190e+03 0.000000e+00 1.000000e+00 1.000000e-01
5.568200e+03 0.000000e+00 1.000000e+00 1.000000e-01
5.568210e+03 0.000000e+00 1.000000e+00 1.000000e-01
5.568220e+03 0.000000e+00 1.000000e+00 1.000000e-01
5.568230e+03 0.000000e+00 1.000000e+00 1.000000e-01
5.568240e+03 0.000000e+00 1.000000e+00 1.000000e-01
5.568250e+03 0.000000e+00 1.000000e+00 1.000000e-01
5.568260e+03 0.000000e+00 1.000000e+00 1.000000e-01
5.568270e+03 0.000000e+00 1.000000e+00 1.000000e-01
5.568280e+03 0.000000e+00 1.000000e+00 1.000000e-01
5.568290e+03 0.000000e+00 1.000000e+00 1.000000e-01
5.568300e+03 0.000000e+00 1.000000e+00 1.000000e-01
5.568310e+03 0.000000e+00 1.000000e+00 1.000000e-01
5.568320e+03 0.000000e+00 1.000000e+00 1.000000e-01
5.568330e+03 0.000000e+00 1.000000e+00 1.000000e-01
5.568340e+03 0.000000e+00 1.000000e+00 1.000000e-01
5.568350e+03 0.000000e+00 1.000000e+00 1.000000e-01
5.568360e+03 0.000000e+00 1.000000e+00 1.000000e-01
5.568370e+03 0.000000e+00 1.000000e+00 1.000000e-01
5.568380e+03 0.000000e+00 1.000000e+00 1.000000e-01
5.568390e+03 0.000000e+00 1.000000e+00 1.000000e-01
5.568400e+03 0.000000e+00 1.000000e+00 1.000000e-01
5.568410e+03 0.000000e+00 1.000000e+00 1.000000e-01
5.568420e+03 0.000000e+00 1.000000e+00 1.000000e-01
5.568430e+03 0.000000e+00 1.000000e+00 1.000000e-01
5.568440e+03 0.000000e+00 1.000000e+00 1.000000e-01
5.568450e+03 0.000000e+00 1.000000e+00 1.000000e-01
5.568460e+03 0.000000e+00 1.000000e+00 1.000000e-01
5.568470e+03 0.000000e+00 1.000000e+00 1.000000e-01
5.568480e+03 0.000000e+00 1.000000e+00 1.000000e-01
5.568490e+03 0.000000e+00 1.000000e+00 1.000000e-01
5.568500e+03 0.000000e+00 1.000000e+00 1.000000e-01
5.568510e+03 0.000000e+00 1.000000e+00 1.000000e-01
5.568520e+03 0.000000e+00 1.000000e+00 1.000000e-01
5.568530e+03 0.000000e+00 1.000000e+00 1.000000e-01
5.568540e+03 0.000000e+00 1.000000e+00 1.000000e-01
5.568550e+03 0.000000e+00 1.000000e+00 1.000000e-01
5.568560e+03 0.000000e+00 1.000000e+00 1.000000e-01
5.568570e+03 0.000000e+00 1.000000e+00 1.000000e-01
5.568580e+03 0.000000e+00 1.000000e+00 1.000000e-01
5.568590e+03 0.000000e+00 1.000000e+00 1.000000e-01
5.568600e+03 0.000000e+00 1.000000e+00 1.000000e-01
5.568610e+03 0.000000e+00 1.000000e+00 1.000000e-01
5.568620e+03 0.000000e+00 1.000000e+00 1.000000e-01
5.568630e+03 0.000000e+00 1.000000e+00 1.000000e-01
5.568640e+03 0.000000e+00 1.000000e+00 1.000000e-01
5.568650e+03 0.000000e+00 1.000000e+00 1.000000e-01
5.568660e+03 0.000000e+00 1.000000e+00 1.000000e-01
5.568670e+03 0.000000e+00 1.000000e+00 1.000000e-01
5.568680e+03 0.000000e+00 1.000000e+00 1.000000e-01
5.568690e+03 0.000000e+00 1.000000e+00 1.000000e-01
5.568700e+03 0.000000e+00 1.000000e+00 1.000000e-01
5.568710e+03 0.000000e+00 1.000000e+00 1.000000e-01
5.568720e+03 0.000000e+00 1.000000e+00 1.000000e-01
5.568730e+03 0.000000e+00 1.000000e+00 1.000000e-01
5.568740e+03 0.000000e+00 1.000000e+00 1.000000e-01
5.568750e+03 0.000000e+00 1.000000e+00 1.000000e-01
5.568760e+03 0.000000e+00 1.000000e+00 1.000000e-01
5.568770e+03 0.000000e+00 1.000000e+00 1.000000e-01
5.568780e+03 0.000000e+00 1.000000e+00 1.000000e-01
5.568790e+03 0.000000e+00 1.000000e+00 1.000000e-01
5.568800e+03 0.000000e+00 1.000000e+00 1.000000e-01
5.568810e+03 0.000000e+00 1.000000e+00 1.000000e-01
5.568820e+03 0.000000e+00 1.000000e+00 1.000000e-01
5.568830e+03 0.000000e+00 1.000000e+00 1.000000e-01
5.568840e+03 0.000000e+00 1.000000e+00 1.000000e-01
5.568850e+03 0.000000e+00 1.000000e+00 1.000000e-01
5.568860e+03 0.000000e+00 1.000000e+00 1.000000e-01
5.568870e+03 0.000000e+00 1.000000e+00 1.000000e-01
5.568880e+03 0.000000e+00 1.000000e+00 1.000000e-01
5.568890e+03 0.000000e+00 1.000000e+00 1.000000e-01
5.568900e+03 0.000000e+00 1.000000e+00 1.000000e-01
5.568910e+03 0.000000e+00 1.000000e+00 1.000000e-01
5.568920e+03 0.000000e+00 1.000000e+00 1.000000e-01
5.568930e+03 0.000000e+00 1.000000e+00 1.000000e-01
5.568940e+03 0.000000e+00 1.000000e+00 1.000000e-01
5.568950e+03 0.000000e+00 1.000000e+00 1.000000e-01
5.568960e+03 0.000000e+00 1.000000e+00 1.000000e-01
5.568970e+03 0.000000e+00 1.000000e+00 1.000000e-01
5.568980e+03 0.000000e+00 1.000000e+00 1.000000e-01
5.568990e+03 0.000000e+00 1.000000e+00 1.000000e-01
5.569000e+03 0.000000e+00 1.000000e+00 1.000000e-01
5.569010e+03 0.000000e+00 1.000000e+00 1.000000e-01
5.569020e+03 0.000000e+00 1.000000e+00 1.000000e-01
5.569030e+03 0.000000e+00 1.000000e+00 1.000000e-01
5.569040e+03 0.000000e+00 1.000000e+00 1.000000e-01
5.569050e+03 0.000000e+00 1.000000e+00 1.000000e-01
5.569060e+03 0.000000e+00 1.000000e+00 1.000000e-01
5.569070e+03 0.000000e+00 1.000000e+00 1.000000e-01
5.569080e+03 0.000000e+00 1.000000e+00 1.000000e-01
5.569090e+03 0.000000e+00 1.000000e+00 1.000000e-01
5.569100e+03 0.000000e+00 1.000000e+00 1.000000e-01
5.569110e+03 0.000000e+00 1.000000e+00 1.000000e-01
5.569120e+03 0.000000e+00 1.000000e+00 1.000000e-01
5.569130e+03 0.000000e+00 1.000000e+00 1.000000e-01
5.569140e+03 0.000000e+00 1.000000e+00 1.000000e-01
5.569150e+03 0.000000e+00 1.000000e+00 1.000000e-01
5.569160e+03 0.000000e+00 1.000000e+00 1.000000e-01
5.569170e+03 0.000000e+00 1.000000e+00 1.000000e-01
5.569180e+03 0.000000e+00 1.000000e+00 1.000000e-01
5.569190e+03 0.000000e+00 1.000000e+00 1.000000e-01
5.569200e+03 0.000000e+00 1.000000e+00 1.000000e-01
5.569210e+03 0.000000e+00 1.000000e+00 1.000000e-01
5.569220e+03 0.000000e+00 1.000000e+00 1.000000e-01
5.569230e+03 0.000000e+00 1.000000e+00 1.000000e-01
5.569240e+03 0.000000e+00 1.000000e+00 1.000000e-01
5.569250e+03 0.000000e+00 1.000000e+00 1.000000e-01
5.569260e+03 0.000000e+00 1.000000e+00 1.000000e-01
5.569270e+03 0.000000e+00 1.000000e+00 1.000000e-01
5.569280e+03 0.000000e+00 1.000000e+00 1.000000e-01
5.569290e+03 0.000000e+00 1.000000e+00 1.000000e-01
5.569300e+03 0.000000e+00 1.000000e+00 1.000000e-01
5.569310e+03 0.000000e+00 1.000000e+00 1.000000e-01
5.569320e+03 0.000000e+00 1.000000e+00 1.000000e-01
5.569330e+03 0.000000e+00 1.000000e+00 1.000000e-01
5.569340e+03 0.000000e+00 1.000000e+00 1.000000e-01
5.569350e+03 0.000000e+00 1.000000e+00 1.000000e-01
5.569360e+03 0.000000e+00 1.000000e+00 1.000000e-01
5.569370e+03 0.000000e+00 1.000000e+00 1.000000e-01
5.569380e+03 0.000000e+00 1.000000e+00 1.000000e-01
5.569390e+03 0.000000e+00 1.000000e+00 1.000000e-01
5.569400e+03 0.000000e+00 1.000000e+00 1.000000e-01
5.569410e+03 0.000000e+00 1.000000e+00 1.000000e-01
5.569420e+03 0.000000e+00 1.000000e+00 1.000000e-01
5.569430e+03 0.000000e+00 1.000000e+00 1.000000e-01
5.569440e+03 0.000000e+00 1.000000e+00 1.000000e-01
5.569450e+03 0.000000e+00 1.000000e+00 1.000000e-01
5.569460e+03 0.000000e+00 1.000000e+00 1.000000e-01
5.569470e+03 0.000000e+00 1.000000e+00 1.000000e-01
5.569480e+03 0.000000e+00 1.000000e+00 1.000000e-01
5.569490e+03 0.000000e+00 1.000000e+00 1.000000e-01
5.569500e+03 0.000000e+00 1.000000e+00 1.000000e-01
5.569510e+03 0.000000e+00 1.000000e+00 1.000000e-01
5.569520e+03 0.000000e+00 1.000000e+00 1.000000e-01
5.569530e+03 0.000000e+00 1.000000e+00 1.000000e-01
5.569540e+03 0.000000e+00 1.000000e+00 1.000000e-01
5.569550e+03 0.000000e+00 1.000000e+00 1.000000e-01
5.569560e+03 0.000000e+00 1.000000e+00 1.000000e-01
5.569570e+03 0.000000e+00 1.000000e+00 1.000000e-01
5.569580e+03 0.000000e+00 1.000000e+00 1.000000e-01
5.569590e+03 0.000000e+00 1.000000e+00 1.000000e-01
5.569600e+03 0.000000e+00 1.000000e+00 1.000000e-01
5.569610e+03 0.000000e+00 1.000000e+00 1.000000e-01
5.569620e+03 0.000000e+00 1.000000e+00 1.000000e-01
5.569630e+03 0.000000e+00 1.000000e+00 1.000000e-01
5.569640e+03 0.000000e+00 1.000000e+00 1.000000e-01
5.569650e+03 0.000000e+00 1.000000e+00 1.000000e-01
5.569660e+03 0.000000e+00 1.000000e+00 1.000000e-01
5.569670e+03 0.000000e+00 1.000000e+00 1.000000e-01
5.569680e+03 0.000000e+00 1.000000e+00 1.000000e-01
5.569690e+03 0.000000e+00 1.000000e+00 1.000000e-01
5.569700e+03 0.000000e+00 1.000000e+00 1.000000e-01
5.569710e+03 0.000000e+00 1.000000e+00 1.000000e-01
5.569720e+03 0.000000e+00 1.000000e+00 1.000000e-01
5.569730e+03 0.000000e+00 1.000000e+00 1.000000e-01
5.569740e+03 0.000000e+00 1.000000e+00 1.000000e-01
5.569750e+03 0.000000e+00 1.000000e+00 1.000000e-01
5.569760e+03 0.000000e+00 1.000000e+00 1.000000e-01
5.569770e+03 0.000000e+00 1.000000e+00 1.000000e-01
5.569780e+03 0.000000e+00 1.000000e+00 1.000000e-01
5.569790e+03 0.000000e+00 1.000000e+00 1.000000e-01
5.569800e+03 0.000000e+00 1.000000e+00 1.000000e-01
5.569810e+03 0.000000e+00 1.000000e+00 1.000000e-01
5.569820e+03 0.000000e+00 1.000000e+00 1.000000e-01
5.569830e+03 0.000000e+00 1.000000e+00 1.000000e-01
5.569840e+03 0.000000e+00 1.000000e+00 1.000000e-01
5.569850e+03 0.000000e+00 1.000000e+00 1.000000e-01
5.569860e+03 0.000000e+00 1.000000e+00 1.000000e-01
5.569870e+03 0.000000e+00 1.000000e+00 1.000000e-01
5.569880e+03 0.000000e+00 1.000000e+00 1.000000e-01
5.569890e+03 0.000000e+00 1.000000e+00 1.000000e-01
5.569900e+03 0.000000e+00 1.000000e+00 1.000000e-01
5.569910e+03 0.000000e+00 1.000000e+00 1.000000e-01
5.569920e+03 0.000000e+00 1.000000e+00 1.000000e-01
5.569930e+03 0.000000e+00 1.000000e+00 1.000000e-01
5.569940e+03 0.000000e+00 1.000000e+00 1.000000e-01
5.569950e+03 0.000000e+00 1.000000e+00 1.000000e-01
5.569960e+03 0.000000e+00 1.000000e+00 1.000000e-01
5.569970e+03 0.000000e+00 1.000000e+00 1.000000e-01
5.569980e+03 0.000000e+00 1.000000e+00 1.000000e-01
5.569990e+03 0.000000e+00 1.000000e+00 1.000000e-01
5.570000e+03 0.000000e+00 1.000000e+00 1.000000e-01
5.570010e+03 0.000000e+00 1.000000e+00 1.000000e-01
5.570020e+03 0.000000e+00 1.000000e+00 1.000000e-01
5.570030e+03 0.000000e+00 1.000000e+00 1.000000e-01
5.570040e+03 0.000000e+00 1.000000e+00 1.000000e-01
5.570050e+03 0.000000e+00 1.000000e+00 1.000000e-01
5.570060e+03 0.000000e+00 1.000000e+00 1.000000e-01
5.570070e+03 0.000000e+00 1.000000e+00 1.000000e-01
5.570080e+03 0.000000e+00 1.000000e+00 1.000000e-01
5.570090e+03 0.000000e+00 1.000000e+00 1.000000e-01
5.570100e+03 0.000000e+00 1.000000e+00 1.000000e-01
5.570110e+03 0.000000e+00 1.000000e+00 1.000000e-01
5.570120e+03 0.000000e+00 1.000000e+00 1.000000e-01
5.570130e+03 0.000000e+00 1.000000e+00 1.000000e-01
5.570140e+03 0.000000e+00 1.000000e+00 1.000000e-01
5.570150e+03 0.000000e+00 1.000000e+00 1.000000e-01
5.570160e+03 0.000000e+00 1.000000e+00 1.000000e-01
5.570170e+03 0.000000e+00 1.000000e+00 1.000000e-01
5.570180e+03 0.000000e+00 1.000000e+00 1.000000e-01
5.570190e+03 0.000000e+00 1.000000e+00 1.000000e-01
5.570200e+03 0.000000e+00 1.000000e+00 1.000000e-01
5.570210e+03 0.000000e+00 1.000000e+00 1.000000e-01
5.570220e+03 0.000000e+00 1.000000e+00 1.000000e-01
5.570230e+03 0.000000e+00 1.000000e+00 1.000000e-01
5.570240e+03 0.000000e+00 1.000000e+00 1.000000e-01
5.570250e+03 0.000000e+00 1.000000e+00 1.000000e-01
5.570260e+03 0.000000e+00 1.000000e+00 1.000000e-01
5.570270e+03 0.000000e+00 1.000000e+00 1.000000e-01
5.570280e+03 0.000000e+00 1.000000e+00 1.000000e-01
5.570290e+03 0.000000e+00 1.000000e+00 1.000000e-01
5.570300e+03 0.000000e+00 1.000000e+00 1.000000e-01
5.570310e+03 0.000000e+00 1.000000e+00 1.000000e-01
5.570320e+03 0.000000e+00 1.000000e+00 1.000000e-01
5.570330e+03 0.000000e+00 1.000000e+00 1.000000e-01
5.570340e+03 0.000000e+00 1.000000e+00 1.000000e-01
5.570350e+03 0.000000e+00 1.000000e+00 1.000000e-01
5.570360e+03 0.000000e+00 1.000000e+00 1.000000e-01
5.570370e+03 0.000000e+00 1.000000e+00 1.000000e-01
5.570380e+03 0.000000e+00 1.000000e+00 1.000000e-01
5.570390e+03 0.000000e+00 1.000000e+00 1.000000e-01
5.570400e+03 0.000000e+00 1.000000e+00 1.000000e-01
5.570410e+03 0.000000e+00 1.000000e+00 1.000000e-01
5.570420e+03 0.000000e+00 1.000000e+00 1.000000e-01
5.570430e+03 0.000000e+00 1.000000e+00 1.000000e-01
5.570440e+03 0.000000e+00 1.000000e+00 1.000000e-01
5.570450e+03 0.000000e+00 1.000000e+00 1.000000e-01
5.570460e+03 0.000000e+00 1.000000e+00 1.000000e-01
5.570470e+03 0.000000e+00 1.000000e+00 1.000000e-01
5.570480e+03 0.000000e+00 1.000000e+00 1.000000e-01
5.570490e+03 0.000000e+00 1.000000e+00 1.000000e-01
5.570500e+03 0.000000e+00 1.000000e+00 1.000000e-01
5.570510e+03 0.000000e+00 1.000000e+00 1.000000e-01
5.570520e+03 0.000000e+00 1.000000e+00 1.000000e-01
5.570530e+03 0.000000e+00 1.000000e+00 1.000000e-01
5.570540e+03 0.000000e+00 1.000000e+00 1.000000e-01
5.570550e+03 0.000000e+00 1.000000e+00 1.000000e-01
5.570560e+03 0.000000e+00 1.000000e+00 1.000000e-01
5.570570e+03 0.000000e+00 1.000000e+00 1.000000e-01
5.570580e+03 0.000000e+00 1.000000e+00 1.000000e-01
5.570590e+03 0.000000e+00 1.000000e+00 1.000000e-01
5.570600e+03 0.000000e+00 1.000000e+00 1.000000e-01
5.570610e+03 0.000000e+00 1.000000e+00 1.000000e-01
5.570620e+03 0.000000e+00 1.000000e+00 1.000000e-01
5.570630e+03 0.000000e+00 1.000000e+00 1.000000e-01
5.570640e+03 0.000000e+00 1.000000e+00 1.000000e-01
5.570650e+03 0.000000e+00 1.000000e+00 1.000000e-01
5.570660e+03 0.000000e+00 1.000000e+00 1.000000e-01
5.570670e+03 0.000000e+00 1.000000e+00 1.000000e-01
5.570680e+03 0.000000e+00 1.000000e+00 1.000000e-01
5.570690e+03 0.000000e+00 1.000000e+00 1.000000e-01
5.570700e+03 0.000000e+00 1.000000e+00 1.000000e-01
5.570710e+03 0.000000e+00 1.000000e+00 1.000000e-01
5.570720e+03 0.000000e+00 1.000000e+00 1.000000e-01
5.570730e+03 0.000000e+00 1.000000e+00 1.000000e-01
5.570740e+03 0.000000e+00 1.000000e+00 1.000000e-01
5.570750e+03 0.000000e+00 1.000000e+00 1.000000e-01
5.570760e+03 0.000000e+00 1.000000e+00 1.000000e-01
5.570770e+03 0.000000e+00 1.000000e+00 1.000000e-01
5.570780e+03 0.000000e+00 1.000000e+00 1.000000e-01
5.570790e+03 0.000000e+00 1.000000e+00 1.000000e-01
5.570800e+03 0.000000e+00 1.000000e+00 1.000000e-01
5.570810e+03 0.000000e+00 1.000000e+00 1.000000e-01
5.570820e+03 0.000000e+00 1.000000e+00 1.000000e-01
5.570830e+03 0.000000e+00 1.000000e+00 1.000000e-01
5.570840e+03 0.000000e+00 1.000000e+00 1.000000e-01
5.570850e+03 0.000000e+00 1.000000e+00 1.000000e-01
5.570860e+03 0.000000e+00 1.000000e+00 1.000000e-01
5.570870e+03 0.000000e+00 1.000000e+00 1.000000e-01
5.570880e+03 0.000000e+00 1.000000e+00 1.000000e-01
5.570890e+03 0.000000e+00 1.000000e+00 1.000000e-01
5.570900e+03 0.000000e+00 1.000000e+00 1.000000e-01
5.570910e+03 0.000000e+00 1.000000e+00 1.000000e-01
5.570920e+03 0.000000e+00 1.000000e+00 1.000000e-01
5.570930e+03 0.000000e+00 1.000000e+00 1.000000e-01
5.570940e+03 0.000000e+00 1.000000e+00 1.000000e-01
5.570950e+03 0.000000e+00 1.000000e+00 1.000000e-01
5.570960e+03 0.000000e+00 1.000000e+00 1.000000e-01
5.570970e+03 0.000000e+00 1.000000e+00 1.000000e-01
5.570980e+03 0.000000e+00 1.000000e+00 1.000000e-01
5.570990e+03 0.000000e+00 1.000000e+00 1.000000e-01
5.571000e+03 0.000000e+00 1.000000e+00 1.000000e-01
5.571010e+03 0.000000e+00 1.000000e+00 1.000000e-01
5.571020e+03 0.000000e+00 1.000000e+00 1.000000e-01
5.571030e+03 0.000000e+00 1.000000e+00 1.000000e-01
5.571040e+03 0.000000e+00 1.000000e+00 1.000000e-01
5.571050e+03 0.000000e+00 1.000000e+00 1.000000e-01
5.571060e+03 0.000000e+00 1.000000e+00 1.000000e-01
5.571070e+03 0.000000e+00 1.000000e+00 1.000000e-01
5.571080e+03 0.000000e+00 1.000000e+00 1.000000e-01
5.571090e+03 0.000000e+00 1.000000e+00 1.000000e-01
5.571100e+03 0.000000e+00 1.000000e+00 1.000000e-01
5.571110e+03 0.000000e+00 1.000000e+00 1.000000e-01
5.571120e+03 0.000000e+00 1.000000e+00 1.000000e-01
5.571130e+03 0.000000e+00 1.000000e+00 1.000000e-01
5.571140e+03 0.000000e+00 1.000000e+00 1.000000e-01
5.571150e+03 0.000000e+00 1.000000e+00 1.000000e-01
5.571160e+03 0.000000e+00 1.000000e+00 1.000000e-01
5.571170e+03 0.000000e+00 1.000000e+00 1.000000e-01
5.571180e+03 0.000000e+00 1.000000e+00 1.000000e-01
5.571190e+03 0.000000e+00 1.000000e+00 1.000000e-01
5.571200e+03 0.000000e+00 1.000000e+00 1.000000e-01
5.571210e+03 0.000000e+00 1.000000e+00 1.000000e-01
5.571220e+03 0.000000e+00 1.000000e+00 1.000000e-01
5.571230e+03 0.000000e+00 1.000000e+00 1.000000e-01
5.571240e+03 0.000000e+00 1.000000e+00 1.000000e-01
5.571250e+03 0.000000e+00 1.000000e+00 1.000000e-01
5.571260e+03 0.000000e+00 1.000000e+00 1.000000e-01
5.571270e+03 0.000000e+00 1.000000e+00 1.000000e-01
5.571280e+03 0.000000e+00 1.000000e+00 1.000000e-01
5.571290e+03 0.000000e+00 1.000000e+00 1.000000e-01
5.571300e+03 0.000000e+00 1.000000e+00 1.000000e-01
5.571310e+03 0.000000e+00 1.000000e+00 1.000000e-01
5.571320e+03 0.000000e+00 1.000000e+00 1.000000e-01
5.571330e+03 0.000000e+00 1.000000e+00 1.000000e-01
5.571340e+03 0.000000e+00 1.000000e+00 1.000000e-01
5.571350e+03 0.000000e+00 1.000000e+00 1.000000e-01
5.571360e+03 0.000000e+00 1.000000e+00 1.000000e-01
5.571370e+03 0.000000e+00 1.000000e+00 1.000000e-01
5.571380e+03 0.000000e+00 1.000000e+00 1.000000e-01
5.571390e+03 0.000000e+00 1.000000e+00 1.000000e-01
5.571400e+03 0.000000e+00 1.000000e+00 1.000000e-01
5.571410e+03 0.000000e+00 1.000000e+00 1.000000e-01
5.571420e+03 0.000000e+00 1.000000e+00 1.000000e-01
5.571430e+03 0.000000e+00 1.000000e+00 1.000000e-01
5.571440e+03 0.000000e+00 1.000000e+00 1.000000e-01
5.571450e+03 0.000000e+00 1.000000e+00 1.000000e-01
5.571460e+03 0.000000e+00 1.000000e+00 1.000000e-01
5.571470e+03 0.000000e+00 1.000000e+00 1.000000e-01
5.571480e+03 0.000000e+00 1.000000e+00 1.000000e-01
5.571490e+03 0.000000e+00 1.000000e+00 1.000000e-01
5.571500e+03 0.000000e+00 1.000000e+00 1.000000e-01
5.571510e+03 0.000000e+00 1.000000e+00 1.000000e-01
5.571520e+03 0.000000e+00 1.000000e+00 1.000000e-01
5.571530e+03 0.000000e+00 1.000000e+00 1.000000e-01
5.571540e+03 0.000000e+00 1.000000e+00 1.000000e-01
5.571550e+03 0.000000e+00 1.000000e+00 1.000000e-01
5.571560e+03 0.000000e+00 1.000000e+00 1.000000e-01
5.571570e+03 0.000000e+00 1.000000e+00 1.000000e-01
5.571580e+03 0.000000e+00 1.000000e+00 1.000000e-01
5.571590e+03 0.000000e+00 1.000000e+00 1.000000e-01
5.571600e+03 0.000000e+00 1.000000e+00 1.000000e-01
5.571610e+03 0.000000e+00 1.000000e+00 1.000000e-01
5.571620e+03 0.000000e+00 1.000000e+00 1.000000e-01
5.571630e+03 0.000000e+00 1.000000e+00 1.000000e-01
5.571640e+03 0.000000e+00 1.000000e+00 1.000000e-01
5.571650e+03 0.000000e+00 1.000000e+00 1.000000e-01
5.571660e+03 0.000000e+00 1.000000e+00 1.000000e-01
5.571670e+03 0.000000e+00 1.000000e+00 1.000000e-01
5.571680e+03 0.000000e+00 1.000000e+00 1.000000e-01
5.571690e+03 0.000000e+00 1.000000e+00 1.000000e-01
5.571700e+03 0.000000e+00 1.000000e+00 1.000000e-01
5.571710e+03 0.000000e+00 1.000000e+00 1.000000e-01
5.571720e+03 0.000000e+00 1.000000e+00 1.000000e-01
5.571730e+03 0.000000e+00 1.000000e+00 1.000000e-01
5.571740e+03 0.000000e+00 1.000000e+00 1.000000e-01
5.571750e+03 0.000000e+00 1.000000e+00 1.000000e-01
5.571760e+03 0.000000e+00 1.000000e+00 1.000000e-01
5.571770e+03 0.000000e+00 1.000000e+00 1.000000e-01
5.571780e+03 0.000000e+00 1.000000e+00 1.000000e-01
5.571790e+03 0.000000e+00 1.000000e+00 1.000000e-01
5.571800e+03 0.000000e+00 1.000000e+00 1.000000e-01
5.571810e+03 0.000000e+00 1.000000e+00 1.000000e-01
5.571820e+03 0.000000e+00 1.000000e+00 1.000000e-01
5.571830e+03 0.000000e+00 1.000000e+00 1.000000e-01
5.571840e+03 0.000000e+00 1.000000e+00 1.000000e-01
5.571850e+03 0.000000e+00 1.000000e+00 1.000000e-01
5.571860e+03 0.000000e+00 1.000000e+00 1.000000e-01
5.571870e+03 0.000000e+00 1.000000e+00 1.000000e-01
5.571880e+03 0.000000e+00 1.000000e+00 1.000000e-01
5.571890e+03 0.000000e+00 1.000000e+00 1.000000e-01
5.571900e+03 0.000000e+00 1.000000e+00 1.000000e-01
5.571910e+03 0.000000e+00 1.000000e+00 1.000000e-01
5.571920e+03 0.000000e+00 1.000000e+00 1.000000e-01
5.571930e+03 0.000000e+00 1.000000e+00 1.000000e-01
5.571940e+03 0.000000e+00 1.000000e+00 1.000000e-01
5.571950e+03 0.000000e+00 1.000000e+00 1.000000e-01
5.571960e+03 0.000000e+00 1.000000e+00 1.000000e-01
5.571970e+03 0.000000e+00 1.000000e+00 1.000000e-01
5.571980e+03 0.000000e+00 1.000000e+00 1.000000e-01
5.571990e+03 0.000000e+00 1.000000e+00 1.000000e-01
5.572000e+03 0.000000e+00 1.000000e+00 1.000000e-01
5.572010e+03 0.000000e+00 1.000000e+00 1.000000e-01
5.572020e+03 0.000000e+00 1.000000e+00 1.000000e-01
5.572030e+03 0.000000e+00 1.000000e+00 1.000000e-01
5.572040e+03 0.000000e+00 1.000000e+00 1.000000e-01
5.572050e+03 0.000000e+00 1.000000e+00 1.000000e-01
5.572060e+03 0.000000e+00 1.000000e+00 1.000000e-01
5.572070e+03 0.000000e+00 1.000000e+00 1.000000e-01
5.572080e+03 0.000000e+00 1.000000e+00 1.000000e-01
5.572090e+03 0.000000e+00 1.000000e+00 1.000000e-01
5.572100e+03 0.000000e+00 1.000000e+00 1.000000e-01
5.572110e+03 0.000000e+00 1.000000e+00 1.000000e-01
5.572120e+03 0.000000e+00 1.000000e+00 1.000000e-01
5.572130e+03 0.000000e+00 1.000000e+00 1.000000e-01
5.572140e+03 0.000000e+00 1.000000e+00 1.000000e-01
5.572150e+03 0.000000e+00 1.000000e+00 1.000000e-01
5.572160e+03 0.000000e+00 1.000000e+00 1.000000e-01
5.572170e+03 0.000000e+00 1.000000e+00 1.000000e-01
5.572180e+03 0.000000e+00 1.000000e+00 1.000000e-01
5.572190e+03 0.000000e+00 1.000000e+00 1.000000e-01
5.572200e+03 0.000000e+00 1.000000e+00 1.000000e-01
5.572210e+03 0.000000e+00 1.000000e+00 1.000000e-01
5.572220e+03 0.000000e+00 1.000000e+00 1.000000e-01
5.572230e+03 0.000000e+00 1.000000e+00 1.000000e-01
5.572240e+03 0.000000e+00 1.000000e+00 1.000000e-01
5.572250e+03 0.000000e+00 1.000000e+00 1.000000e-01
5.572260e+03 0.000000e+00 1.000000e+00 1.000000e-01
5.572270e+03 0.000000e+00 1.000000e+00 1.000000e-01
5.572280e+03 0.000000e+00 1.000000e+00 1.000000e-01
5.572290e+03 0.000000e+00 1.000000e+00 1.000000e-01
5.572300e+03 0.000000e+00 1.000000e+00 1.000000e-01
5.572310e+03 0.000000e+00 1.000000e+00 1.000000e-01
5.572320e+03 0.000000e+00 1.000000e+00 1.000000e-01
5.572330e+03 0.000000e+00 1.000000e+00 1.000000e-01
5.572340e+03 0.000000e+00 1.000000e+00 1.000000e-01
5.572350e+03 0.000000e+00 1.000000e+00 1.000000e-01
5.572360e+03 0.000000e+00 1.000000e+00 1.000000e-01
5.572370e+03 0.000000e+00 1.000000e+00 1.000000e-01
5.572380e+03 0.000000e+00 1.000000e+00 1.000000e-01
5.572390e+03 0.000000e+00 1.000000e+00 1.000000e-01
5.572400e+03 0.000000e+00 1.000000e+00 1.000000e-01
5.572410e+03 0.000000e+00 1.000000e+00 1.000000e-01
5.572420e+03 0.000000e+00 1.000000e+00 1.000000e-01
5.572430e+03 0.000000e+00 1.000000e+00 1.000000e-01
5.572440e+03 0.000000e+00 1.000000e+00 1.000000e-01
5.572450e+03 0.000000e+00 1.000000e+00 1.000000e-01
5.572460e+03 0.000000e+00 1.000000e+00 1.000000e-01
5.572470e+03 0.000000e+00 1.000000e+00 1.000000e-01
5.572480e+03 0.000000e+00 1.000000e+00 1.000000e-01
5.572490e+03 0.000000e+00 1.000000e+00 1.000000e-01
5.572500e+03 0.000000e+00 1.000000e+00 1.000000e-01
5.572510e+03 0.000000e+00 1.000000e+00 1.000000e-01
5.572520e+03 0.000000e+00 1.000000e+00 1.000000e-01
5.572530e+03 0.000000e+00 1.000000e+00 1.000000e-01
5.572540e+03 0.000000e+00 1.000000e+00 1.000000e-01
5.572550e+03 0.000000e+00 1.000000e+00 1.000000e-01
5.572560e+03 0.000000e+00 1.000000e+00 1.000000e-01
5.572570e+03 0.000000e+00 1.000000e+00 1.000000e-01
5.572580e+03 0.000000e+00 1.000000e+00 1.000000e-01
5.572590e+03 0.000000e+00 1.000000e+00 1.000000e-01
5.572600e+03 0.000000e+00 1.000000e+00 1.000000e-01
5.572610e+03 0.000000e+00 1.000000e+00 1.000000e-01
5.572620e+03 0.000000e+00 1.000000e+00 1.000000e-01
5.572630e+03 0.000000e+00 1.000000e+00 1.000000e-01
5.572640e+03 0.000000e+00 1.000000e+00 1.000000e-01
5.572650e+03 0.000000e+00 1.000000e+00 1.000000e-01
5.572660e+03 0.000000e+00 1.000000e+00 1.000000e-01
5.572670e+03 0.000000e+00 1.000000e+00 1.000000e-01
5.572680e+03 0.000000e+00 1.000000e+00 1.000000e-01
5.572690e+03 0.000000e+00 1.000000e+00 1.000000e-01
5.572700e+03 0.000000e+00 1.000000e+00 1.000000e-01
5.572710e+03 0.000000e+00 1.000000e+00 1.000000e-01
5.572720e+03 0.000000e+00 1.000000e+00 1.000000e-01
5.572730e+03 0.000000e+00 1.000000e+00 1.000000e-01
5.572740e+03 0.000000e+00 1.000000e+00 1.000000e-01
5.572750e+03 0.000000e+00 1.000000e+00 1.000000e-01
5.572760e+03 0.000000e+00 1.000000e+00 1.000000e-01
5.572770e+03 0.000000e+00 1.000000e+00 1.000000e-01
5.572780e+03 0.000000e+00 1.000000e+00 1.000000e-01
5.572790e+03 0.000000e+00 1.000000e+00 1.000000e-01
5.572800e+03 0.000000e+00 1.000000e+00 1.000000e-01
5.572810e+03 0.000000e+00 1.000000e+00 1.000000e-01
5.572820e+03 0.000000e+00 1.000000e+00 1.000000e-01
5.572830e+03 0.000000e+00 1.000000e+00 1.000000e-01
5.572840e+03 0.000000e+00 1.000000e+00 1.000000e-01
5.572850e+03 0.000000e+00 1.000000e+00 1.000000e-01
5.572860e+03 0.000000e+00 1.000000e+00 1.000000e-01
5.572870e+03 0.000000e+00 1.000000e+00 1.000000e-01
5.572880e+03 0.000000e+00 1.000000e+00 1.000000e-01
5.572890e+03 0.000000e+00 1.000000e+00 1.000000e-01
5.572900e+03 0.000000e+00 1.000000e+00 1.000000e-01
5.572910e+03 0.000000e+00 1.000000e+00 1.000000e-01
5.572920e+03 0.000000e+00 1.000000e+00 1.000000e-01
5.572930e+03 0.000000e+00 1.000000e+00 1.000000e-01
5.572940e+03 0.000000e+00 1.000000e+00 1.000000e-01
5.572950e+03 0.000000e+00 1.000000e+00 1.000000e-01
5.572960e+03 0.000000e+00 1.000000e+00 1.000000e-01
5.572970e+03 0.000000e+00 1.000000e+00 1.000000e-01
5.572980e+03 0.000000e+00 1.000000e+00 1.000000e-01
5.572990e+03 0.000000e+00 1.000000e+00 1.000000e-01
5.573000e+03 0.000000e+00 1.000000e+00 1.000000e-01
5.573010e+03 0.000000e+00 1.000000e+00 1.000000e-01
5.573020e+03 0.000000e+00 1.000000e+00 1.000000e-01
5.573030e+03 0.000000e+00 1.000000e+00 1.000000e-01
5.573040e+03 0.000000e+00 1.000000e+00 1.000000e-01
5.573050e+03 0.000000e+00 1.000000e+00 1.000000e-01
5.573060e+03 0.000000e+00 1.000000e+00 1.000000e-01
5.573070e+03 0.000000e+00 1.000000e+00 1.000000e-01
5.573080e+03 0.000000e+00 1.000000e+00 1.000000e-01
5.573090e+03 0.000000e+00 1.000000e+00 1.000000e-01
5.573100e+03 0.000000e+00 1.000000e+00 1.000000e-01
5.573110e+03 0.000000e+00 1.000000e+00 1.000000e-01
5.573120e+03 0.000000e+00 1.000000e+00 1.000000e-01
5.573130e+03 0.000000e+00 1.000000e+00 1.000000e-01
5.573140e+03 0.000000e+00 1.000000e+00 1.000000e-01
5.573150e+03 0.000000e+00 1.000000e+00 1.000000e-01
5.573160e+03 0.000000e+00 1.000000e+00 1.000000e-01
5.573170e+03 0.000000e+00 1.000000e+00 1.000000e-01
5.573180e+03 0.000000e+00 1.000000e+00 1.000000e-01
5.573190e+03 0.000000e+00 1.000000e+00 1.000000e-01
5.573200e+03 0.000000e+00 1.000000e+00 1.000000e-01
5.573210e+03 0.000000e+00 1.000000e+00 1.000000e-01
5.573220e+03 0.000000e+00 1.000000e+00 1.000000e-01
5.573230e+03 0.000000e+00 1.000000e+00 1.000000e-01
5.573240e+03 0.000000e+00 1.000000e+00 1.000000e-01
5.573250e+03 0.000000e+00 1.000000e+00 1.000000e-01
5.573260e+03 0.000000e+00 1.000000e+00 1.000000e-01
5.573270e+03 0.000000e+00 1.000000e+00 1.000000e-01
5.573280e+03 0.000000e+00 1.000000e+00 1.000000e-01
5.573290e+03 0.000000e+00 1.000000e+00 1.000000e-01
5.573300e+03 0.000000e+00 1.000000e+00 1.000000e-01
5.573310e+03 0.000000e+00 1.000000e+00 1.000000e-01
5.573320e+03 0.000000e+00 1.000000e+00 1.000000e-01
5.573330e+03 0.000000e+00 1.000000e+00 1.000000e-01
5.573340e+03 0.000000e+00 1.000000e+00 1.000000e-01
5.573350e+03 0.000000e+00 1.000000e+00 1.000000e-01
5.573360e+03 0.000000e+00 1.000000e+00 1.000000e-01
5.573370e+03 0.000000e+00 1.000000e+00 1.000000e-01
5.573380e+03 0.000000e+00 1.000000e+00 1.000000e-01
5.573390e+03 0.000000e+00 1.000000e+00 1.000000e-01
5.573400e+03 0.000000e+00 1.000000e+00 1.000000e-01
5.573410e+03 0.000000e+00 1.000000e+00 1.000000e-01
5.573420e+03 0.000000e+00 1.000000e+00 1.000000e-01
5.573430e+03 0.000000e+00 1.000000e+00 1.000000e-01
5.573440e+03 0.000000e+00 1.000000e+00 1.000000e-01
5.573450e+03 0.000000e+00 1.000000e+00 1.000000e-01
5.573460e+03 0.000000e+00 1.000000e+00 1.000000e-01
5.573470e+03 0.000000e+00 1.000000e+00 1.000000e-01
5.573480e+03 0.000000e+00 1.000000e+00 1.000000e-01
5.573490e+03 0.000000e+00 1.000000e+00 1.000000e-01
5.573500e+03 0.000000e+00 1.000000e+00 1.000000e-01
5.573510e+03 0.000000e+00 1.000000e+00 1.000000e-01
5.573520e+03 0.000000e+00 1.000000e+00 1.000000e-01
5.573530e+03 0.000000e+00 1.000000e+00 1.000000e-01
5.573540e+03 0.000000e+00 1.000000e+00 1.000000e-01
5.573550e+03 0.000000e+00 1.000000e+00 1.000000e-01
5.573560e+03 0.000000e+00 1.000000e+00 1.000000e-01
5.573570e+03 0.000000e+00 1.000000e+00 1.000000e-01
5.573580e+03 0.000000e+00 1.000000e+00 1.000000e-01
5.573590e+03 0.000000e+00 1.000000e+00 1.000000e-01
5.573600e+03 0.000000e+00 1.000000e+00 1.000000e-01
5.573610e+03 0.000000e+00 1.000000e+00 1.000000e-01
5.573620e+03 0.000000e+00 1.000000e+00 1.000000e-01
5.573630e+03 0.000000e+00 1.000000e+00 1.000000e-01
5.573640e+03 0.000000e+00 1.000000e+00 1.000000e-01
5.573650e+03 0.000000e+00 1.000000e+00 1.000000e-01
5.573660e+03 0.000000e+00 1.000000e+00 1.000000e-01
5.573670e+03 0.000000e+00 1.000000e+00 1.000000e-01
5.573680e+03 0.000000e+00 1.000000e+00 1.000000e-01
5.573690e+03 0.000000e+00 1.000000e+00 1.000000e-01
5.573700e+03 0.000000e+00 1.000000e+00 1.000000e-01
5.573710e+03 0.000000e+00 1.000000e+00 1.000000e-01
5.573720e+03 0.000000e+00 1.000000e+00 1.000000e-01
5.573730e+03 0.000000e+00 1.000000e+00 1.000000e-01
5.573740e+03 0.000000e+00 1.000000e+00 1.000000e-01
5.573750e+03 0.000000e+00 1.000000e+00 1.000000e-01
5.573760e+03 0.000000e+00 1.000000e+00 1.000000e-01
5.573770e+03 0.000000e+00 1.000000e+00 1.000000e-01
5.573780e+03 0.000000e+00 1.000000e+00 1.000000e-01
5.573790e+03 0.000000e+00 1.000000e+00 1.000000e-01
5.573800e+03 0.000000e+00 1.000000e+00 1.000000e-01
5.573810e+03 0.000000e+00 1.000000e+00 1.000000e-01
5.573820e+03 0.000000e+00 1.000000e+00 1.000000e-01
5.573830e+03 0.000000e+00 1.000000e+00 1.000000e-01
5.573840e+03 0.000000e+00 1.000000e+00 1.000000e-01
5.573850e+03 0.000000e+00 1.000000e+00 1.000000e-01
5.573860e+03 0.000000e+00 1.000000e+00 1.000000e-01
5.573870e+03 0.000000e+00 1.000000e+00 1.000000e-01
5.573880e+03 0.000000e+00 1.000000e+00 1.000000e-01
5.573890e+03 0.000000e+00 1.000000e+00 1.000000e-01
5.573900e+03 0.000000e+00 1.000000e+00 1.000000e-01
5.573910e+03 0.000000e+00 1.000000e+00 1.000000e-01
5.573920e+03 0.000000e+00 1.000000e+00 1.000000e-01
5.573930e+03 0.000000e+00 1.000000e+00 1.000000e-01
5.573940e+03 0.000000e+00 1.000000e+00 1.000000e-01
5.573950e+03 0.000000e+00 1.000000e+00 1.000000e-01
5.573960e+03 0.000000e+00 1.000000e+00 1.000000e-01
5.573970e+03 0.000000e+00 1.000000e+00 1.000000e-01
5.573980e+03 0.000000e+00 1.000000e+00 1.000000e-01
5.573990e+03 0.000000e+00 1.000000e+00 1.000000e-01
5.574000e+03 0.000000e+00 1.000000e+00 1.000000e-01
5.574010e+03 0.000000e+00 1.000000e+00 1.000000e-01
5.574020e+03 0.000000e+00 1.000000e+00 1.000000e-01
5.574030e+03 0.000000e+00 1.000000e+00 1.000000e-01
5.574040e+03 0.000000e+00 1.000000e+00 1.000000e-01
5.574050e+03 0.000000e+00 1.000000e+00 1.000000e-01
5.574060e+03 0.000000e+00 1.000000e+00 1.000000e-01
5.574070e+03 0.000000e+00 1.000000e+00 1.000000e-01
5.574080e+03 0.000000e+00 1.000000e+00 1.000000e-01
5.574090e+03 0.000000e+00 1.000000e+00 1.000000e-01
5.574100e+03 0.000000e+00 1.000000e+00 1.000000e-01
5.574110e+03 0.000000e+00 1.000000e+00 1.000000e-01
5.574120e+03 0.000000e+00 1.000000e+00 1.000000e-01
5.574130e+03 0.000000e+00 1.000000e+00 1.000000e-01
5.574140e+03 0.000000e+00 1.000000e+00 1.000000e-01
5.574150e+03 0.000000e+00 1.000000e+00 1.000000e-01
5.574160e+03 0.000000e+00 1.000000e+00 1.000000e-01
5.574170e+03 0.000000e+00 1.000000e+00 1.000000e-01
5.574180e+03 0.000000e+00 1.000000e+00 1.000000e-01
5.574190e+03 0.000000e+00 1.000000e+00 1.000000e-01
5.574200e+03 0.000000e+00 1.000000e+00 1.000000e-01
5.574210e+03 0.000000e+00 1.000000e+00 1.000000e-01
5.574220e+03 0.000000e+00 1.000000e+00 1.000000e-01
5.574230e+03 0.000000e+00 1.000000e+00 1.000000e-01
5.574240e+03 0.000000e+00 1.000000e+00 1.000000e-01
5.574250e+03 0.000000e+00 1.000000e+00 1.000000e-01
5.574260e+03 0.000000e+00 1.000000e+00 1.000000e-01
5.574270e+03 0.000000e+00 1.000000e+00 1.000000e-01
5.574280e+03 0.000000e+00 1.000000e+00 1.000000e-01
5.574290e+03 0.000000e+00 1.000000e+00 1.000000e-01
5.574300e+03 0.000000e+00 1.000000e+00 1.000000e-01
5.574310e+03 0.000000e+00 1.000000e+00 1.000000e-01
5.574320e+03 0.000000e+00 1.000000e+00 1.000000e-01
5.574330e+03 0.000000e+00 1.000000e+00 1.000000e-01
5.574340e+03 0.000000e+00 1.000000e+00 1.000000e-01
5.574350e+03 0.000000e+00 1.000000e+00 1.000000e-01
5.574360e+03 0.000000e+00 1.000000e+00 1.000000e-01
5.574370e+03 0.000000e+00 1.000000e+00 1.000000e-01
5.574380e+03 0.000000e+00 1.000000e+00 1.000000e-01
5.574390e+03 0.000000e+00 1.000000e+00 1.000000e-01
5.574400e+03 0.000000e+00 1.000000e+00 1.000000e-01
5.574410e+03 0.000000e+00 1.000000e+00 1.000000e-01
5.574420e+03 0.000000e+00 1.000000e+00 1.000000e-01
5.574430e+03 0.000000e+00 1.000000e+00 1.000000e-01
5.574440e+03 0.000000e+00 1.000000e+00 1.000000e-01
5.574450e+03 0.000000e+00 1.000000e+00 1.000000e-01
5.574460e+03 0.000000e+00 1.000000e+00 1.000000e-01
5.574470e+03 0.000000e+00 1.000000e+00 1.000000e-01
5.574480e+03 0.000000e+00 1.000000e+00 1.000000e-01
5.574490e+03 0.000000e+00 1.000000e+00 1.000000e-01
5.574500e+03 0.000000e+00 1.000000e+00 1.000000e-01
5.574510e+03 0.000000e+00 1.000000e+00 1.000000e-01
5.574520e+03 0.000000e+00 1.000000e+00 1.000000e-01
5.574530e+03 0.000000e+00 1.000000e+00 1.000000e-01
5.574540e+03 0.000000e+00 1.000000e+00 1.000000e-01
5.574550e+03 0.000000e+00 1.000000e+00 1.000000e-01
5.574560e+03 0.000000e+00 1.000000e+00 1.000000e-01
5.574570e+03 0.000000e+00 1.000000e+00 1.000000e-01
5.574580e+03 0.000000e+00 1.000000e+00 1.000000e-01
5.574590e+03 0.000000e+00 1.000000e+00 1.000000e-01
5.574600e+03 0.000000e+00 1.000000e+00 1.000000e-01
5.574610e+03 0.000000e+00 1.000000e+00 1.000000e-01
5.574620e+03 0.000000e+00 1.000000e+00 1.000000e-01
5.574630e+03 0.000000e+00 1.000000e+00 1.000000e-01
5.574640e+03 0.000000e+00 1.000000e+00 1.000000e-01
5.574650e+03 0.000000e+00 1.000000e+00 1.000000e-01
5.574660e+03 0.000000e+00 1.000000e+00 1.000000e-01
5.574670e+03 0.000000e+00 1.000000e+00 1.000000e-01
5.574680e+03 0.000000e+00 1.000000e+00 1.000000e-01
5.574690e+03 0.000000e+00 1.000000e+00 1.000000e-01
5.574700e+03 0.000000e+00 1.000000e+00 1.000000e-01
5.574710e+03 0.000000e+00 1.000000e+00 1.000000e-01
5.574720e+03 0.000000e+00 1.000000e+00 1.000000e-01
5.574730e+03 0.000000e+00 1.000000e+00 1.000000e-01
5.574740e+03 0.000000e+00 1.000000e+00 1.000000e-01
5.574750e+03 0.000000e+00 1.000000e+00 1.000000e-01
5.574760e+03 0.000000e+00 1.000000e+00 1.000000e-01
5.574770e+03 0.000000e+00 1.000000e+00 1.000000e-01
5.574780e+03 0.000000e+00 1.000000e+00 1.000000e-01
5.574790e+03 0.000000e+00 1.000000e+00 1.000000e-01
5.574800e+03 0.000000e+00 1.000000e+00 1.000000e-01
5.574810e+03 0.000000e+00 1.000000e+00 1.000000e-01
5.574820e+03 0.000000e+00 1.000000e+00 1.000000e-01
5.574830e+03 0.000000e+00 1.000000e+00 1.000000e-01
5.574840e+03 0.000000e+00 1.000000e+00 1.000000e-01
5.574850e+03 0.000000e+00 1.000000e+00 1.000000e-01
5.574860e+03 0.000000e+00 1.000000e+00 1.000000e-01
5.574870e+03 0.000000e+00 1.000000e+00 1.000000e-01
5.574880e+03 0.000000e+00 1.000000e+00 1.000000e-01
5.574890e+03 0.000000e+00 1.000000e+00 1.000000e-01
5.574900e+03 0.000000e+00 1.000000e+00 1.000000e-01
5.574910e+03 0.000000e+00 1.000000e+00 1.000000e-01
5.574920e+03 0.000000e+00 1.000000e+00 1.000000e-01
5.574930e+03 0.000000e+00 1.000000e+00 1.000000e-01
5.574940e+03 0.000000e+00 1.000000e+00 1.000000e-01
5.574950e+03 0.000000e+00 1.000000e+00 1.000000e-01
5.574960e+03 0.000000e+00 1.000000e+00 1.000000e-01
5.574970e+03 0.000000e+00 1.000000e+00 1.000000e-01
5.574980e+03 0.000000e+00 1.000000e+00 1.000000e-01
5.574990e+03 0.000000e+00 1.000000e+00 1.000000e-01
5.575000e+03 0.000000e+00 1.000000e+00 1.000000e-01
5.575010e+03 0.000000e+00 1.000000e+00 1.000000e-01
5.575020e+03 0.000000e+00 1.000000e+00 1.000000e-01
5.575030e+03 0.000000e+00 1.000000e+00 1.000000e-01
5.575040e+03 0.000000e+00 1.000000e+00 1.000000e-01
5.575050e+03 0.000000e+00 1.000000e+00 1.000000e-01
5.575060e+03 0.000000e+00 1.000000e+00 1.000000e-01
5.575070e+03 0.000000e+00 1.000000e+00 1.000000e-01
5.575080e+03 0.000000e+00 1.000000e+00 1.000000e-01
5.575090e+03 0.000000e+00 1.000000e+00 1.000000e-01
5.575100e+03 0.000000e+00 1.000000e+00 1.000000e-01
5.575110e+03 0.000000e+00 1.000000e+00 1.000000e-01
5.575120e+03 0.000000e+00 1.000000e+00 1.000000e-01
5.575130e+03 0.000000e+00 1.000000e+00 1.000000e-01
5.575140e+03 0.000000e+00 1.000000e+00 1.000000e-01
5.575150e+03 0.000000e+00 1.000000e+00 1.000000e-01
5.575160e+03 0.000000e+00 1.000000e+00 1.000000e-01
5.575170e+03 0.000000e+00 1.000000e+00 1.000000e-01
5.575180e+03 0.000000e+00 1.000000e+00 1.000000e-01
5.575190e+03 0.000000e+00 1.000000e+00 1.000000e-01
5.575200e+03 0.000000e+00 1.000000e+00 1.000000e-01
5.575210e+03 0.000000e+00 1.000000e+00 1.000000e-01
5.575220e+03 0.000000e+00 1.000000e+00 1.000000e-01
5.575230e+03 0.000000e+00 1.000000e+00 1.000000e-01
5.575240e+03 0.000000e+00 1.000000e+00 1.000000e-01
5.575250e+03 0.000000e+00 1.000000e+00 1.000000e-01
5.575260e+03 0.000000e+00 1.000000e+00 1.000000e-01
5.575270e+03 0.000000e+00 1.000000e+00 1.000000e-01
5.575280e+03 0.000000e+00 1.000000e+00 1.000000e-01
5.575290e+03 0.000000e+00 1.000000e+00 1.000000e-01
5.575300e+03 0.000000e+00 1.000000e+00 1.000000e-01
5.575310e+03 0.000000e+00 1.000000e+00 1.000000e-01
5.575320e+03 0.000000e+00 1.000000e+00 1.000000e-01
5.575330e+03 0.000000e+00 1.000000e+00 1.000000e-01
5.575340e+03 0.000000e+00 1.000000e+00 1.000000e-01
5.575350e+03 0.000000e+00 1.000000e+00 1.000000e-01
5.575360e+03 0.000000e+00 1.000000e+00 1.000000e-01
5.575370e+03 0.000000e+00 1.000000e+00 1.000000e-01
5.575380e+03 0.000000e+00 1.000000e+00 1.000000e-01
5.575390e+03 0.000000e+00 1.000000e+00 1.000000e-01
5.575400e+03 0.000000e+00 1.000000e+00 1.000000e-01
5.575410e+03 0.000000e+00 1.000000e+00 1.000000e-01
5.575420e+03 0.000000e+00 1.000000e+00 1.000000e-01
5.575430e+03 0.000000e+00 1.000000e+00 1.000000e-01
5.575440e+03 0.000000e+00 1.000000e+00 1.000000e-01
5.575450e+03 0.000000e+00 1.000000e+00 1.000000e-01
5.575460e+03 0.000000e+00 1.000000e+00 1.000000e-01
5.575470e+03 0.000000e+00 1.000000e+00 1.000000e-01
5.575480e+03 0.000000e+00 1.000000e+00 1.000000e-01
5.575490e+03 0.000000e+00 1.000000e+00 1.000000e-01
5.575500e+03 0.000000e+00 1.000000e+00 1.000000e-01
5.575510e+03 0.000000e+00 1.000000e+00 1.000000e-01
5.575520e+03 0.000000e+00 1.000000e+00 1.000000e-01
5.575530e+03 0.000000e+00 1.000000e+00 1.000000e-01
5.575540e+03 0.000000e+00 1.000000e+00 1.000000e-01
5.575550e+03 0.000000e+00 1.000000e+00 1.000000e-01
5.575560e+03 0.000000e+00 1.000000e+00 1.000000e-01
5.575570e+03 0.000000e+00 1.000000e+00 1.000000e-01
5.575580e+03 0.000000e+00 1.000000e+00 1.000000e-01
5.575590e+03 0.000000e+00 1.000000e+00 1.000000e-01
5.575600e+03 0.000000e+00 1.000000e+00 1.000000e-01
5.575610e+03 0.000000e+00 1.000000e+00 1.000000e-01
5.575620e+03 0.000000e+00 1.000000e+00 1.000000e-01
5.575630e+03 0.000000e+00 1.000000e+00 1.000000e-01
5.575640e+03 0.000000e+00 1.000000e+00 1.000000e-01
5.575650e+03 0.000000e+00 1.000000e+00 1.000000e-01
5.575660e+03 0.000000e+00 1.000000e+00 1.000000e-01
5.575670e+03 0.000000e+00 1.000000e+00 1.000000e-01
5.575680e+03 0.000000e+00 1.000000e+00 1.000000e-01
5.575690e+03 0.000000e+00 1.000000e+00 1.000000e-01
5.575700e+03 0.000000e+00 1.000000e+00 1.000000e-01
5.575710e+03 0.000000e+00 1.000000e+00 1.000000e-01
5.575720e+03 0.000000e+00 1.000000e+00 1.000000e-01
5.575730e+03 0.000000e+00 1.000000e+00 1.000000e-01
5.575740e+03 0.000000e+00 1.000000e+00 1.000000e-01
5.575750e+03 0.000000e+00 1.000000e+00 1.000000e-01
5.575760e+03 0.000000e+00 1.000000e+00 1.000000e-01
5.575770e+03 0.000000e+00 1.000000e+00 1.000000e-01
5.575780e+03 0.000000e+00 1.000000e+00 1.000000e-01
5.575790e+03 0.000000e+00 1.000000e+00 1.000000e-01
5.575800e+03 0.000000e+00 1.000000e+00 1.000000e-01
5.575810e+03 0.000000e+00 1.000000e+00 1.000000e-01
5.575820e+03 0.000000e+00 1.000000e+00 1.000000e-01
5.575830e+03 0.000000e+00 1.000000e+00 1.000000e-01
5.575840e+03 0.000000e+00 1.000000e+00 1.000000e-01
5.575850e+03 0.000000e+00 1.000000e+00 1.000000e-01
5.575860e+03 0.000000e+00 1.000000e+00 1.000000e-01
5.575870e+03 0.000000e+00 1.000000e+00 1.000000e-01
5.575880e+03 0.000000e+00 1.000000e+00 1.000000e-01
5.575890e+03 0.000000e+00 1.000000e+00 1.000000e-01
5.575900e+03 0.000000e+00 1.000000e+00 1.000000e-01
5.575910e+03 0.000000e+00 1.000000e+00 1.000000e-01
5.575920e+03 0.000000e+00 1.000000e+00 1.000000e-01
5.575930e+03 0.000000e+00 1.000000e+00 1.000000e-01
5.575940e+03 0.000000e+00 1.000000e+00 1.000000e-01
5.575950e+03 0.000000e+00 1.000000e+00 1.000000e-01
5.575960e+03 0.000000e+00 1.000000e+00 1.000000e-01
5.575970e+03 0.000000e+00 1.000000e+00 1.000000e-01
5.575980e+03 0.000000e+00 1.000000e+00 1.000000e-01
5.575990e+03 0.000000e+00 1.000000e+00 1.000000e-01
5.576000e+03 0.000000e+00 1.000000e+00 1.000000e-01
5.576010e+03 0.000000e+00 1.000000e+00 1.000000e-01
5.576020e+03 0.000000e+00 1.000000e+00 1.000000e-01
5.576030e+03 0.000000e+00 1.000000e+00 1.000000e-01
5.576040e+03 0.000000e+00 1.000000e+00 1.000000e-01
5.576050e+03 0.000000e+00 1.000000e+00 1.000000e-01
5.576060e+03 0.000000e+00 1.000000e+00 1.000000e-01
5.576070e+03 0.000000e+00 1.000000e+00 1.000000e-01
5.576080e+03 0.000000e+00 1.000000e+00 1.000000e-01
5.576090e+03 0.000000e+00 1.000000e+00 1.000000e-01
5.576100e+03 0.000000e+00 1.000000e+00 1.000000e-01
5.576110e+03 0.000000e+00 1.000000e+00 1.000000e-01
5.576120e+03 0.000000e+00 1.000000e+00 1.000000e-01
5.576130e+03 0.000000e+00 1.000000e+00 1.000000e-01
5.576140e+03 0.000000e+00 1.000000e+00 1.000000e-01
5.576150e+03 0.000000e+00 1.000000e+00 1.000000e-01
5.576160e+03 0.000000e+00 1.000000e+00 1.000000e-01
5.576170e+03 0.000000e+00 1.000000e+00 1.000000e-01
5.576180e+03 0.000000e+00 1.000000e+00 1.000000e-01
5.576190e+03 0.000000e+00 1.000000e+00 1.000000e-01
5.576200e+03 0.000000e+00 1.000000e+00 1.000000e-01
5.576210e+03 0.000000e+00 1.000000e+00 1.000000e-01
5.576220e+03 0.000000e+00 1.000000e+00 1.000000e-01
5.576230e+03 0.000000e+00 1.000000e+00 1.000000e-01
5.576240e+03 0.000000e+00 1.000000e+00 1.000000e-01
5.576250e+03 0.000000e+00 1.000000e+00 1.000000e-01
5.576260e+03 0.000000e+00 1.000000e+00 1.000000e-01
5.576270e+03 0.000000e+00 1.000000e+00 1.000000e-01
5.576280e+03 0.000000e+00 1.000000e+00 1.000000e-01
5.576290e+03 0.000000e+00 1.000000e+00 1.000000e-01
5.576300e+03 0.000000e+00 1.000000e+00 1.000000e-01
5.576310e+03 0.000000e+00 1.000000e+00 1.000000e-01
5.576320e+03 0.000000e+00 1.000000e+00 1.000000e-01
5.576330e+03 0.000000e+00 1.000000e+00 1.000000e-01
5.576340e+03 0.000000e+00 1.000000e+00 1.000000e-01
5.576350e+03 0.000000e+00 1.000000e+00 1.000000e-01
5.576360e+03 0.000000e+00 1.000000e+00 1.000000e-01
5.576370e+03 0.000000e+00 1.000000e+00 1.000000e-01
5.576380e+03 0.000000e+00 1.000000e+00 1.000000e-01
5.576390e+03 0.000000e+00 1.000000e+00 1.000000e-01
5.576400e+03 0.000000e+00 1.000000e+00 1.000000e-01
5.576410e+03 0.000000e+00 1.000000e+00 1.000000e-01
5.576420e+03 0.000000e+00 1.000000e+00 1.000000e-01
5.576430e+03 0.000000e+00 1.000000e+00 1.000000e-01
5.576440e+03 0.000000e+00 1.000000e+00 1.000000e-01
5.576450e+03 0.000000e+00 1.000000e+00 1.000000e-01
5.576460e+03 0.000000e+00 1.000000e+00 1.000000e-01
5.576470e+03 0.000000e+00 1.000000e+00 1.000000e-01
5.576480e+03 0.000000e+00 1.000000e+00 1.000000e-01
5.576490e+03 0.000000e+00 1.000000e+00 1.000000e-01
5.576500e+03 0.000000e+00 1.000000e+00 1.000000e-01
5.576510e+03 0.000000e+00 1.000000e+00 1.000000e-01
5.576520e+03 0.000000e+00 1.000000e+00 1.000000e-01
5.576530e+03 0.000000e+00 1.000000e+00 1.000000e-01
5.576540e+03 0.000000e+00 1.000000e+00 1.000000e-01
5.576550e+03 0.000000e+00 1.000000e+00 1.000000e-01
5.576560e+03 0.000000e+00 1.000000e+00 1.000000e-01
5.576570e+03 0.000000e+00 1.000000e+00 1.000000e-01
5.576580e+03 0.000000e+00 1.000000e+00 1.000000e-01
5.576590e+03 0.000000e+00 1.000000e+00 1.000000e-01
5.576600e+03 0.000000e+00 1.000000e+00 1.000000e-01
5.576610e+03 0.000000e+00 1.000000e+00 1.000000e-01
5.576620e+03 0.000000e+00 1.000000e+00 1.000000e-01
5.576630e+03 0.000000e+00 1.000000e+00 1.000000e-01
5.576640e+03 0.000000e+00 1.000000e+00 1.000000e-01
5.576650e+03 0.000000e+00 1.000000e+00 1.000000e-01
5.576660e+03 0.000000e+00 1.000000e+00 1.000000e-01
5.576670e+03 0.000000e+00 1.000000e+00 1.000000e-01
5.576680e+03 0.000000e+00 1.000000e+00 1.000000e-01
5.576690e+03 0.000000e+00 1.000000e+00 1.000000e-01
5.576700e+03 0.000000e+00 1.000000e+00 1.000000e-01
5.576710e+03 0.000000e+00 1.000000e+00 1.000000e-01
5.576720e+03 0.000000e+00 1.000000e+00 1.000000e-01
5.576730e+03 0.000000e+00 1.000000e+00 1.000000e-01
5.576740e+03 0.000000e+00 1.000000e+00 1.000000e-01
5.576750e+03 0.000000e+00 1.000000e+00 1.000000e-01
5.576760e+03 0.000000e+00 1.000000e+00 1.000000e-01
5.576770e+03 0.000000e+00 1.000000e+00 1.000000e-01
5.576780e+03 0.000000e+00 1.000000e+00 1.000000e-01
5.576790e+03 0.000000e+00 1.000000e+00 1.000000e-01
5.576800e+03 0.000000e+00 1.000000e+00 1.000000e-01
5.576810e+03 0.000000e+00 1.000000e+00 1.000000e-01
5.576820e+03 0.000000e+00 1.000000e+00 1.000000e-01
5.576830e+03 0.000000e+00 1.000000e+00 1.000000e-01
5.576840e+03 0.000000e+00 1.000000e+00 1.000000e-01
5.576850e+03 0.000000e+00 1.000000e+00 1.000000e-01
5.576860e+03 0.000000e+00 1.000000e+00 1.000000e-01
5.576870e+03 0.000000e+00 1.000000e+00 1.000000e-01
5.576880e+03 0.000000e+00 1.000000e+00 1.000000e-01
5.576890e+03 0.000000e+00 1.000000e+00 1.000000e-01
5.576900e+03 0.000000e+00 1.000000e+00 1.000000e-01
5.576910e+03 0.000000e+00 1.000000e+00 1.000000e-01
5.576920e+03 0.000000e+00 1.000000e+00 1.000000e-01
5.576930e+03 0.000000e+00 1.000000e+00 1.000000e-01
5.576940e+03 0.000000e+00 1.000000e+00 1.000000e-01
5.576950e+03 0.000000e+00 1.000000e+00 1.000000e-01
5.576960e+03 0.000000e+00 1.000000e+00 1.000000e-01
5.576970e+03 0.000000e+00 1.000000e+00 1.000000e-01
5.576980e+03 0.000000e+00 1.000000e+00 1.000000e-01
5.576990e+03 0.000000e+00 1.000000e+00 1.000000e-01
5.577000e+03 0.000000e+00 1.000000e+00 1.000000e-01
5.577010e+03 0.000000e+00 1.000000e+00 1.000000e-01
5.577020e+03 0.000000e+00 1.000000e+00 1.000000e-01
5.577030e+03 0.000000e+00 1.000000e+00 1.000000e-01
5.577040e+03 0.000000e+00 1.000000e+00 1.000000e-01
5.577050e+03 0.000000e+00 1.000000e+00 1.000000e-01
5.577060e+03 0.000000e+00 1.000000e+00 1.000000e-01
5.577070e+03 0.000000e+00 1.000000e+00 1.000000e-01
5.577080e+03 0.000000e+00 1.000000e+00 1.000000e-01
5.577090e+03 0.000000e+00 1.000000e+00 1.000000e-01
5.577100e+03 0.000000e+00 1.000000e+00 1.000000e-01
5.577110e+03 0.000000e+00 1.000000e+00 1.000000e-01
5.577120e+03 0.000000e+00 1.000000e+00 1.000000e-01
5.577130e+03 0.000000e+00 1.000000e+00 1.000000e-01
5.577140e+03 0.000000e+00 1.000000e+00 1.000000e-01
5.577150e+03 0.000000e+00 1.000000e+00 1.000000e-01
5.577160e+03 0.000000e+00 1.000000e+00 1.000000e-01
5.577170e+03 0.000000e+00 1.000000e+00 1.000000e-01
5.577180e+03 0.000000e+00 1.000000e+00 1.000000e-01
5.577190e+03 0.000000e+00 1.000000e+00 1.000000e-01
5.577200e+03 0.000000e+00 1.000000e+00 1.000000e-01
5.577210e+03 0.000000e+00 1.000000e+00 1.000000e-01
5.577220e+03 0.000000e+00 1.000000e+00 1.000000e-01
5.577230e+03 0.000000e+00 1.000000e+00 1.000000e-01
5.577240e+03 0.000000e+00 1.000000e+00 1.000000e-01
5.577250e+03 0.000000e+00 1.000000e+00 1.000000e-01
5.577260e+03 0.000000e+00 1.000000e+00 1.000000e-01
5.577270e+03 0.000000e+00 1.000000e+00 1.000000e-01
5.577280e+03 0.000000e+00 1.000000e+00 1.000000e-01
5.577290e+03 0.000000e+00 1.000000e+00 1.000000e-01
5.577300e+03 0.000000e+00 1.000000e+00 1.000000e-01
5.577310e+03 0.000000e+00 1.000000e+00 1.000000e-01
5.577320e+03 0.000000e+00 1.000000e+00 1.000000e-01
5.577330e+03 0.000000e+00 1.000000e+00 1.000000e-01
5.577340e+03 0.000000e+00 1.000000e+00 1.000000e-01
5.577350e+03 0.000000e+00 1.000000e+00 1.000000e-01
5.577360e+03 0.000000e+00 1.000000e+00 1.000000e-01
5.577370e+03 0.000000e+00 1.000000e+00 1.000000e-01
5.577380e+03 0.000000e+00 1.000000e+00 1.000000e-01
5.577390e+03 0.000000e+00 1.000000e+00 1.000000e-01
5.577400e+03 0.000000e+00 1.000000e+00 1.000000e-01
5.577410e+03 0.000000e+00 1.000000e+00 1.000000e-01
5.577420e+03 0.000000e+00 1.000000e+00 1.000000e-01
5.577430e+03 0.000000e+00 1.000000e+00 1.000000e-01
5.577440e+03 0.000000e+00 1.000000e+00 1.000000e-01
5.577450e+03 0.000000e+00 1.000000e+00 1.000000e-01
5.577460e+03 0.000000e+00 1.000000e+00 1.000000e-01
5.577470e+03 0.000000e+00 1.000000e+00 1.000000e-01
5.577480e+03 0.000000e+00 1.000000e+00 1.000000e-01
5.577490e+03 0.000000e+00 1.000000e+00 1.000000e-01
5.577500e+03 0.000000e+00 1.000000e+00 1.000000e-01
5.577510e+03 0.000000e+00 1.000000e+00 1.000000e-01
5.577520e+03 0.000000e+00 1.000000e+00 1.000000e-01
5.577530e+03 0.000000e+00 1.000000e+00 1.000000e-01
5.577540e+03 0.000000e+00 1.000000e+00 1.000000e-01
5.577550e+03 0.000000e+00 1.000000e+00 1.000000e-01
5.577560e+03 0.000000e+00 1.000000e+00 1.000000e-01
5.577570e+03 0.000000e+00 1.000000e+00 1.000000e-01
5.577580e+03 0.000000e+00 1.000000e+00 1.000000e-01
5.577590e+03 0.000000e+00 1.000000e+00 1.000000e-01
5.577600e+03 0.000000e+00 1.000000e+00 1.000000e-01
5.577610e+03 0.000000e+00 1.000000e+00 1.000000e-01
5.577620e+03 0.000000e+00 1.000000e+00 1.000000e-01
5.577630e+03 0.000000e+00 1.000000e+00 1.000000e-01
5.577640e+03 0.000000e+00 1.000000e+00 1.000000e-01
5.577650e+03 0.000000e+00 1.000000e+00 1.000000e-01
5.577660e+03 0.000000e+00 1.000000e+00 1.000000e-01
5.577670e+03 0.000000e+00 1.000000e+00 1.000000e-01
5.577680e+03 0.000000e+00 1.000000e+00 1.000000e-01
5.577690e+03 0.000000e+00 1.000000e+00 1.000000e-01
5.577700e+03 0.000000e+00 1.000000e+00 1.000000e-01
5.577710e+03 0.000000e+00 1.000000e+00 1.000000e-01
5.577720e+03 0.000000e+00 1.000000e+00 1.000000e-01
5.577730e+03 0.000000e+00 1.000000e+00 1.000000e-01
5.577740e+03 0.000000e+00 1.000000e+00 1.000000e-01
5.577750e+03 0.000000e+00 1.000000e+00 1.000000e-01
5.577760e+03 0.000000e+00 1.000000e+00 1.000000e-01
5.577770e+03 0.000000e+00 1.000000e+00 1.000000e-01
5.577780e+03 0.000000e+00 1.000000e+00 1.000000e-01
5.577790e+03 0.000000e+00 1.000000e+00 1.000000e-01
5.577800e+03 0.000000e+00 1.000000e+00 1.000000e-01
5.577810e+03 0.000000e+00 1.000000e+00 1.000000e-01
5.577820e+03 0.000000e+00 1.000000e+00 1.000000e-01
5.577830e+03 0.000000e+00 1.000000e+00 1.000000e-01
5.577840e+03 0.000000e+00 1.000000e+00 1.000000e-01
5.577850e+03 0.000000e+00 1.000000e+00 1.000000e-01
5.577860e+03 0.000000e+00 1.000000e+00 1.000000e-01
5.577870e+03 0.000000e+00 1.000000e+00 1.000000e-01
5.577880e+03 0.000000e+00 1.000000e+00 1.000000e-01
5.577890e+03 0.000000e+00 1.000000e+00 1.000000e-01
5.577900e+03 0.000000e+00 1.000000e+00 1.000000e-01
5.577910e+03 0.000000e+00 1.000000e+00 1.000000e-01
5.577920e+03 0.000000e+00 1.000000e+00 1.000000e-01
5.577930e+03 0.000000e+00 1.000000e+00 1.000000e-01
5.577940e+03 0.000000e+00 1.000000e+00 1.000000e-01
5.577950e+03 0.000000e+00 1.000000e+00 1.000000e-01
5.577960e+03 0.000000e+00 1.000000e+00 1.000000e-01
5.577970e+03 0.000000e+00 1.000000e+00 1.000000e-01
5.577980e+03 0.000000e+00 1.000000e+00 1.000000e-01
5.577990e+03 0.000000e+00 1.000000e+00 1.000000e-01
5.578000e+03 0.000000e+00 1.000000e+00 1.000000e-01
5.578010e+03 0.000000e+00 1.000000e+00 1.000000e-01
5.578020e+03 0.000000e+00 1.000000e+00 1.000000e-01
5.578030e+03 0.000000e+00 1.000000e+00 1.000000e-01
5.578040e+03 0.000000e+00 1.000000e+00 1.000000e-01
5.578050e+03 0.000000e+00 1.000000e+00 1.000000e-01
5.578060e+03 0.000000e+00 1.000000e+00 1.000000e-01
5.578070e+03 0.000000e+00 1.000000e+00 1.000000e-01
5.578080e+03 0.000000e+00 1.000000e+00 1.000000e-01
5.578090e+03 0.000000e+00 1.000000e+00 1.000000e-01
5.578100e+03 0.000000e+00 1.000000e+00 1.000000e-01
5.578110e+03 0.000000e+00 1.000000e+00 1.000000e-01
5.578120e+03 0.000000e+00 1.000000e+00 1.000000e-01
5.578130e+03 0.000000e+00 1.000000e+00 1.000000e-01
5.578140e+03 0.000000e+00 1.000000e+00 1.000000e-01
5.578150e+03 0.000000e+00 1.000000e+00 1.000000e-01
5.578160e+03 0.000000e+00 1.000000e+00 1.000000e-01
5.578170e+03 0.000000e+00 1.000000e+00 1.000000e-01
5.578180e+03 0.000000e+00 1.000000e+00 1.000000e-01
5.578190e+03 0.000000e+00 1.000000e+00 1.000000e-01
5.578200e+03 0.000000e+00 1.000000e+00 1.000000e-01
5.578210e+03 0.000000e+00 1.000000e+00 1.000000e-01
5.578220e+03 0.000000e+00 1.000000e+00 1.000000e-01
5.578230e+03 0.000000e+00 1.000000e+00 1.000000e-01
5.578240e+03 0.000000e+00 1.000000e+00 1.000000e-01
5.578250e+03 0.000000e+00 1.000000e+00 1.000000e-01
5.578260e+03 0.000000e+00 1.000000e+00 1.000000e-01
5.578270e+03 0.000000e+00 1.000000e+00 1.000000e-01
5.578280e+03 0.000000e+00 1.000000e+00 1.000000e-01
5.578290e+03 0.000000e+00 1.000000e+00 1.000000e-01
5.578300e+03 0.000000e+00 1.000000e+00 1.000000e-01
5.578310e+03 0.000000e+00 1.000000e+00 1.000000e-01
5.578320e+03 0.000000e+00 1.000000e+00 1.000000e-01
5.578330e+03 0.000000e+00 1.000000e+00 1.000000e-01
5.578340e+03 0.000000e+00 1.000000e+00 1.000000e-01
5.578350e+03 0.000000e+00 1.000000e+00 1.000000e-01
5.578360e+03 0.000000e+00 1.000000e+00 1.000000e-01
5.578370e+03 0.000000e+00 1.000000e+00 1.000000e-01
5.578380e+03 0.000000e+00 1.000000e+00 1.000000e-01
5.578390e+03 0.000000e+00 1.000000e+00 1.000000e-01
5.578400e+03 0.000000e+00 1.000000e+00 1.000000e-01
5.578410e+03 0.000000e+00 1.000000e+00 1.000000e-01
5.578420e+03 0.000000e+00 1.000000e+00 1.000000e-01
5.578430e+03 0.000000e+00 1.000000e+00 1.000000e-01
5.578440e+03 0.000000e+00 1.000000e+00 1.000000e-01
5.578450e+03 0.000000e+00 1.000000e+00 1.000000e-01
5.578460e+03 0.000000e+00 1.000000e+00 1.000000e-01
5.578470e+03 0.000000e+00 1.000000e+00 1.000000e-01
5.578480e+03 0.000000e+00 1.000000e+00 1.000000e-01
5.578490e+03 0.000000e+00 1.000000e+00 1.000000e-01
5.578500e+03 0.000000e+00 1.000000e+00 1.000000e-01
5.578510e+03 0.000000e+00 1.000000e+00 1.000000e-01
5.578520e+03 0.000000e+00 1.000000e+00 1.000000e-01
5.578530e+03 0.000000e+00 1.000000e+00 1.000000e-01
5.578540e+03 0.000000e+00 1.000000e+00 1.000000e-01
5.578550e+03 0.000000e+00 1.000000e+00 1.000000e-01
5.578560e+03 0.000000e+00 1.000000e+00 1.000000e-01
5.578570e+03 0.000000e+00 1.000000e+00 1.000000e-01
5.578580e+03 0.000000e+00 1.000000e+00 1.000000e-01
5.578590e+03 0.000000e+00 1.000000e+00 1.000000e-01
5.578600e+03 0.000000e+00 1.000000e+00 1.000000e-01
5.578610e+03 0.000000e+00 1.000000e+00 1.000000e-01
5.578620e+03 0.000000e+00 1.000000e+00 1.000000e-01
5.578630e+03 0.000000e+00 1.000000e+00 1.000000e-01
5.578640e+03 0.000000e+00 1.000000e+00 1.000000e-01
5.578650e+03 0.000000e+00 1.000000e+00 1.000000e-01
5.578660e+03 0.000000e+00 1.000000e+00 1.000000e-01
5.578670e+03 0.000000e+00 1.000000e+00 1.000000e-01
5.578680e+03 0.000000e+00 1.000000e+00 1.000000e-01
5.578690e+03 0.000000e+00 1.000000e+00 1.000000e-01
5.578700e+03 0.000000e+00 1.000000e+00 1.000000e-01
5.578710e+03 0.000000e+00 1.000000e+00 1.000000e-01
5.578720e+03 0.000000e+00 1.000000e+00 1.000000e-01
5.578730e+03 0.000000e+00 1.000000e+00 1.000000e-01
5.578740e+03 0.000000e+00 1.000000e+00 1.000000e-01
5.578750e+03 0.000000e+00 1.000000e+00 1.000000e-01
5.578760e+03 0.000000e+00 1.000000e+00 1.000000e-01
5.578770e+03 0.000000e+00 1.000000e+00 1.000000e-01
5.578780e+03 0.000000e+00 1.000000e+00 1.000000e-01
5.578790e+03 0.000000e+00 1.000000e+00 1.000000e-01
5.578800e+03 0.000000e+00 1.000000e+00 1.000000e-01
5.578810e+03 0.000000e+00 1.000000e+00 1.000000e-01
5.578820e+03 0.000000e+00 1.000000e+00 1.000000e-01
5.578830e+03 0.000000e+00 1.000000e+00 1.000000e-01
5.578840e+03 0.000000e+00 1.000000e+00 1.000000e-01
5.578850e+03 0.000000e+00 1.000000e+00 1.000000e-01
5.578860e+03 0.000000e+00 1.000000e+00 1.000000e-01
5.578870e+03 0.000000e+00 1.000000e+00 1.000000e-01
5.578880e+03 0.000000e+00 1.000000e+00 1.000000e-01
5.578890e+03 0.000000e+00 1.000000e+00 1.000000e-01
5.578900e+03 0.000000e+00 1.000000e+00 1.000000e-01
5.578910e+03 0.000000e+00 1.000000e+00 1.000000e-01
5.578920e+03 0.000000e+00 1.000000e+00 1.000000e-01
5.578930e+03 0.000000e+00 1.000000e+00 1.000000e-01
5.578940e+03 0.000000e+00 1.000000e+00 1.000000e-01
5.578950e+03 0.000000e+00 1.000000e+00 1.000000e-01
5.578960e+03 0.000000e+00 1.000000e+00 1.000000e-01
5.578970e+03 0.000000e+00 1.000000e+00 1.000000e-01
5.578980e+03 0.000000e+00 1.000000e+00 1.000000e-01
5.578990e+03 0.000000e+00 1.000000e+00 1.000000e-01
5.579000e+03 0.000000e+00 1.000000e+00 1.000000e-01
5.579010e+03 1.021915e-10 1.000000e+00 1.000000e-01
5.579020e+03 1.021730e-10 1.000000e+00 1.000000e-01
5.579030e+03 0.000000e+00 1.000000e+00 1.000000e-01
5.579040e+03 0.000000e+00 1.000000e+00 1.000000e-01
5.579050e+03 0.000000e+00 1.000000e+00 1.000000e-01
5.579060e+03 0.000000e+00 1.000000e+00 1.000000e-01
5.579070e+03 0.000000e+00 1.000000e+00 1.000000e-01
5.579080e+03 0.000000e+00 1.000000e+00 1.000000e-01
5.579090e+03 0.000000e+00 1.000000e+00 1.000000e-01
5.579100e+03 0.000000e+00 1.000000e+00 1.000000e-01
5.579110e+03 0.000000e+00 1.000000e+00 1.000000e-01
5.579120e+03 0.000000e+00 1.000000e+00 1.000000e-01
5.579130e+03 0.000000e+00 1.000000e+00 1.000000e-01
5.579140e+03 0.000000e+00 1.000000e+00 1.000000e-01
5.579150e+03 0.000000e+00 1.000000e+00 1.000000e-01
5.579160e+03 0.000000e+00 1.000000e+00 1.000000e-01
5.579170e+03 0.000000e+00 1.000000e+00 1.000000e-01
5.579180e+03 0.000000e+00 1.000000e+00 1.000000e-01
5.579190e+03 0.000000e+00 1.000000e+00 1.000000e-01
5.579200e+03 0.000000e+00 1.000000e+00 1.000000e-01
5.579210e+03 0.000000e+00 1.000000e+00 1.000000e-01
5.579220e+03 0.000000e+00 1.000000e+00 1.000000e-01
5.579230e+03 0.000000e+00 1.000000e+00 1.000000e-01
5.579240e+03 0.000000e+00 1.000000e+00 1.000000e-01
5.579250e+03 0.000000e+00 1.000000e+00 1.000000e-01
5.579260e+03 0.000000e+00 1.000000e+00 1.000000e-01
5.579270e+03 0.000000e+00 1.000000e+00 1.000000e-01
5.579280e+03 0.000000e+00 1.000000e+00 1.000000e-01
5.579290e+03 0.000000e+00 1.000000e+00 1.000000e-01
5.579300e+03 0.000000e+00 1.000000e+00 1.000000e-01
5.579310e+03 0.000000e+00 1.000000e+00 1.000000e-01
5.579320e+03 0.000000e+00 1.000000e+00 1.000000e-01
5.579330e+03 0.000000e+00 1.000000e+00 1.000000e-01
5.579340e+03 0.000000e+00 1.000000e+00 1.000000e-01
5.579350e+03 0.000000e+00 1.000000e+00 1.000000e-01
5.579360e+03 0.000000e+00 1.000000e+00 1.000000e-01
5.579370e+03 0.000000e+00 1.000000e+00 1.000000e-01
5.579380e+03 0.000000e+00 1.000000e+00 1.000000e-01
5.579390e+03 0.000000e+00 1.000000e+00 1.000000e-01
5.579400e+03 0.000000e+00 1.000000e+00 1.000000e-01
5.579410e+03 0.000000e+00 1.000000e+00 1.000000e-01
5.579420e+03 0.000000e+00 1.000000e+00 1.000000e-01
5.579430e+03 0.000000e+00 1.000000e+00 1.000000e-01
5.579440e+03 0.000000e+00 1.000000e+00 1.000000e-01
5.579450e+03 0.000000e+00 1.000000e+00 1.000000e-01
5.579460e+03 0.000000e+00 1.000000e+00 1.000000e-01
5.579470e+03 0.000000e+00 1.000000e+00 1.000000e-01
5.579480e+03 0.000000e+00 1.000000e+00 1.000000e-01
5.579490e+03 0.000000e+00 1.000000e+00 1.000000e-01
5.579500e+03 0.000000e+00 1.000000e+00 1.000000e-01
5.579510e+03 6.659483e-11 1.000000e+00 1.000000e-01
5.579520e+03 6.666180e-11 1.000000e+00 1.000000e-01
5.579530e+03 0.000000e+00 1.000000e+00 1.000000e-01
5.579540e+03 0.000000e+00 1.000000e+00 1.000000e-01
5.579550e+03 0.000000e+00 1.000000e+00 1.000000e-01
5.579560e+03 0.000000e+00 1.000000e+00 1.000000e-01
5.579570e+03 0.000000e+00 1.000000e+00 1.000000e-01
5.579580e+03 0.000000e+00 1.000000e+00 1.000000e-01
5.579590e+03 0.000000e+00 1.000000e+00 1.000000e-01
5.579600e+03 0.000000e+00 1.000000e+00 1.000000e-01
5.579610e+03 0.000000e+00 1.000000e+00 1.000000e-01
5.579620e+03 0.000000e+00 1.000000e+00 1.000000e-01
5.579630e+03 0.000000e+00 1.000000e+00 1.000000e-01
5.579640e+03 0.000000e+00 1.000000e+00 1.000000e-01
5.579650e+03 0.000000e+00 1.000000e+00 1.000000e-01
5.579660e+03 0.000000e+00 1.000000e+00 1.000000e-01
5.579670e+03 0.000000e+00 1.000000e+00 1.000000e-01
5.579680e+03 0.000000e+00 1.000000e+00 1.000000e-01
5.579690e+03 0.000000e+00 1.000000e+00 1.000000e-01
5.579700e+03 0.000000e+00 1.000000e+00 1.000000e-01
5.579710e+03 0.000000e+00 1.000000e+00 1.000000e-01
5.579720e+03 0.000000e+00 1.000000e+00 1.000000e-01
5.579730e+03 0.000000e+00 1.000000e+00 1.000000e-01
5.579740e+03 0.000000e+00 1.000000e+00 1.000000e-01
5.579750e+03 0.000000e+00 1.000000e+00 1.000000e-01
5.579760e+03 0.000000e+00 1.000000e+00 1.000000e-01
5.579770e+03 0.000000e+00 1.000000e+00 1.000000e-01
5.579780e+03 0.000000e+00 1.000000e+00 1.000000e-01
5.579790e+03 0.000000e+00 1.000000e+00 1.000000e-01
5.579800e+03 0.000000e+00 1.000000e+00 1.000000e-01
5.579810e+03 0.000000e+00 1.000000e+00 1.000000e-01
5.579820e+03 0.000000e+00 1.000000e+00 1.000000e-01
5.579830e+03 0.000000e+00 1.000000e+00 1.000000e-01
5.579840e+03 0.000000e+00 1.000000e+00 1.000000e-01
5.579850e+03 0.000000e+00 1.000000e+00 1.000000e-01
5.579860e+03 0.000000e+00 1.000000e+00 1.000000e-01
5.579870e+03 0.000000e+00 1.000000e+00 1.000000e-01
5.579880e+03 0.000000e+00 1.000000e+00 1.000000e-01
5.579890e+03 0.000000e+00 1.000000e+00 1.000000e-01
5.579900e+03 0.000000e+00 1.000000e+00 1.000000e-01
5.579910e+03 0.000000e+00 1.000000e+00 1.000000e-01
5.579920e+03 0.000000e+00 1.000000e+00 1.000000e-01
5.579930e+03 0.000000e+00 1.000000e+00 1.000000e-01
5.579940e+03 0.000000e+00 1.000000e+00 1.000000e-01
5.579950e+03 0.000000e+00 1.000000e+00 1.000000e-01
5.579960e+03 0.000000e+00 1.000000e+00 1.000000e-01
5.579970e+03 0.000000e+00 1.000000e+00 1.000000e-01
5.579980e+03 0.000000e+00 1.000000e+00 1.000000e-01
5.579990e+03 0.000000e+00 1.000000e+00 1.000000e-01
5.580000e+03 0.000000e+00 1.000000e+00 1.000000e-01
5.580010e+03 0.000000e+00 1.000000e+00 1.000000e-01
5.580020e+03 0.000000e+00 1.000000e+00 1.000000e-01
5.580030e+03 0.000000e+00 1.000000e+00 1.000000e-01
5.580040e+03 0.000000e+00 1.000000e+00 1.000000e-01
5.580050e+03 0.000000e+00 1.000000e+00 1.000000e-01
5.580060e+03 0.000000e+00 1.000000e+00 1.000000e-01
5.580070e+03 0.000000e+00 1.000000e+00 1.000000e-01
5.580080e+03 0.000000e+00 1.000000e+00 1.000000e-01
5.580090e+03 0.000000e+00 1.000000e+00 1.000000e-01
5.580100e+03 0.000000e+00 1.000000e+00 1.000000e-01
5.580110e+03 0.000000e+00 1.000000e+00 1.000000e-01
5.580120e+03 0.000000e+00 1.000000e+00 1.000000e-01
5.580130e+03 0.000000e+00 1.000000e+00 1.000000e-01
5.580140e+03 0.000000e+00 1.000000e+00 1.000000e-01
5.580150e+03 0.000000e+00 1.000000e+00 1.000000e-01
5.580160e+03 0.000000e+00 1.000000e+00 1.000000e-01
5.580170e+03 0.000000e+00 1.000000e+00 1.000000e-01
5.580180e+03 0.000000e+00 1.000000e+00 1.000000e-01
5.580190e+03 0.000000e+00 1.000000e+00 1.000000e-01
5.580200e+03 0.000000e+00 1.000000e+00 1.000000e-01
5.580210e+03 0.000000e+00 1.000000e+00 1.000000e-01
5.580220e+03 0.000000e+00 1.000000e+00 1.000000e-01
5.580230e+03 0.000000e+00 1.000000e+00 1.000000e-01
5.580240e+03 0.000000e+00 1.000000e+00 1.000000e-01
5.580250e+03 0.000000e+00 1.000000e+00 1.000000e-01
5.580260e+03 0.000000e+00 1.000000e+00 1.000000e-01
5.580270e+03 0.000000e+00 1.000000e+00 1.000000e-01
5.580280e+03 0.000000e+00 1.000000e+00 1.000000e-01
5.580290e+03 0.000000e+00 1.000000e+00 1.000000e-01
5.580300e+03 0.000000e+00 1.000000e+00 1.000000e-01
5.580310e+03 0.000000e+00 1.000000e+00 1.000000e-01
5.580320e+03 0.000000e+00 1.000000e+00 1.000000e-01
5.580330e+03 0.000000e+00 1.000000e+00 1.000000e-01
5.580340e+03 0.000000e+00 1.000000e+00 1.000000e-01
5.580350e+03 0.000000e+00 1.000000e+00 1.000000e-01
5.580360e+03 0.000000e+00 1.000000e+00 1.000000e-01
5.580370e+03 0.000000e+00 1.000000e+00 1.000000e-01
5.580380e+03 0.000000e+00 1.000000e+00 1.000000e-01
5.580390e+03 0.000000e+00 1.000000e+00 1.000000e-01
5.580400e+03 0.000000e+00 1.000000e+00 1.000000e-01
5.580410e+03 0.000000e+00 1.000000e+00 1.000000e-01
5.580420e+03 0.000000e+00 1.000000e+00 1.000000e-01
5.580430e+03 0.000000e+00 1.000000e+00 1.000000e-01
5.580440e+03 0.000000e+00 1.000000e+00 1.000000e-01
5.580450e+03 0.000000e+00 1.000000e+00 1.000000e-01
5.580460e+03 0.000000e+00 1.000000e+00 1.000000e-01
5.580470e+03 0.000000e+00 1.000000e+00 1.000000e-01
5.580480e+03 0.000000e+00 1.000000e+00 1.000000e-01
5.580490e+03 0.000000e+00 1.000000e+00 1.000000e-01
5.580500e+03 0.000000e+00 1.000000e+00 1.000000e-01
5.580510e+03 0.000000e+00 1.000000e+00 1.000000e-01
5.580520e+03 0.000000e+00 1.000000e+00 1.000000e-01
5.580530e+03 0.000000e+00 1.000000e+00 1.000000e-01
5.580540e+03 0.000000e+00 1.000000e+00 1.000000e-01
5.580550e+03 0.000000e+00 1.000000e+00 1.000000e-01
5.580560e+03 0.000000e+00 1.000000e+00 1.000000e-01
5.580570e+03 0.000000e+00 1.000000e+00 1.000000e-01
5.580580e+03 0.000000e+00 1.000000e+00 1.000000e-01
5.580590e+03 0.000000e+00 1.000000e+00 1.000000e-01
5.580600e+03 0.000000e+00 1.000000e+00 1.000000e-01
5.580610e+03 0.000000e+00 1.000000e+00 1.000000e-01
5.580620e+03 0.000000e+00 1.000000e+00 1.000000e-01
5.580630e+03 0.000000e+00 1.000000e+00 1.000000e-01
5.580640e+03 0.000000e+00 1.000000e+00 1.000000e-01
5.580650e+03 0.000000e+00 1.000000e+00 1.000000e-01
5.580660e+03 0.000000e+00 1.000000e+00 1.000000e-01
5.580670e+03 0.000000e+00 1.000000e+00 1.000000e-01
5.580680e+03 0.000000e+00 1.000000e+00 1.000000e-01
5.580690e+03 4.974378e-05 9.999503e-01 9.999751e-02
5.580700e+03 4.982698e-05 9.999502e-01 9.999751e-02
5.580710e+03 0.000000e+00 1.000000e+00 1.000000e-01
5.580720e+03 0.000000e+00 1.000000e+00 1.000000e-01
5.580730e+03 0.000000e+00 1.000000e+00 1.000000e-01
5.580740e+03 0.000000e+00 1.000000e+00 1.000000e-01
5.580750e+03 2.517038e-08 1.000000e+00 1.000000e-01
5.580760e+03 2.514320e-08 1.000000e+00 1.000000e-01
5.580770e+03 0.000000e+00 1.000000e+00 1.000000e-01
5.580780e+03 0.000000e+00 1.000000e+00 1.000000e-01
5.580790e+03 2.063738e-08 1.000000e+00 1.000000e-01
5.580800e+03 2.065674e-08 1.000000e+00 1.000000e-01
5.580810e+03 0.000000e+00 1.000000e+00 1.000000e-01
5.580820e+03 0.000000e+00 1.000000e+00 1.000000e-01
5.580830e+03 0.000000e+00 1.000000e+00 1.000000e-01
5.580840e+03 0.000000e+00 1.000000e+00 1.000000e-01
5.580850e+03 0.000000e+00 1.000000e+00 1.000000e-01
5.580860e+03 0.000000e+00 1.000000e+00 1.000000e-01
5.580870e+03 5.233971e-05 9.999477e-01 9.999738e-02
5.580880e+03 9.763003e-05 9.999024e-01 9.999512e-02
5.580890e+03 1.764481e-04 9.998236e-01 9.999118e-02
5.580900e+03 1.249049e-03 9.987517e-01 9.993757e-02
5.580910e+03 2.144145e-03 9.978582e-01 9.989285e-02
5.580920e+03 3.749382e-03 9.962576e-01 9.981271e-02
5.580930e+03 6.507854e-03 9.935133e-01 9.967514e-02
5.580940e+03 1.102771e-02 9.890329e-01 9.945013e-02
5.580950e+03 1.806554e-02 9.820967e-01 9.910079e-02
5.580960e+03 2.844438e-02 9.719564e-01 9.858785e-02
5.580970e+03 4.288806e-02 9.580186e-01 9.787843e-02
5.580980e+03 6.178285e-02 9.400870e-01 9.695808e-02
5.580990e+03 8.490284e-02 9.186015e-01 9.584370e-02
5.581000e+03 1.111820e-01 8.947759e-01 9.459259e-02
5.581010e+03 1.386350e-01 8.705458e-01 9.330304e-02
5.581020e+03 1.645105e-01 8.483088e-01 9.210368e-02
5.581030e+03 1.857020e-01 8.305211e-01 9.113293e-02
5.581040e+03 1.993458e-01 8.192666e-01 9.051335e-02
5.581050e+03 2.034539e-01 8.159078e-01 9.032762e-02
5.581060e+03 1.984947e-01 8.199642e-01 9.055187e-02
5.581070e+03 1.840848e-01 8.318653e-01 9.120665e-02
5.581080e+03 1.632661e-01 8.493652e-01 9.216101e-02
5.581090e+03 1.394085e-01 8.698726e-01 9.326696e-02
5.581100e+03 1.161534e-01 8.903386e-01 9.435775e-02
5.581110e+03 9.679903e-02 9.077384e-01 9.527531e-02
5.581120e+03 8.384579e-02 9.195731e-01 9.589437e-02
5.581130e+03 7.875376e-02 9.242675e-01 9.613883e-02
5.581140e+03 8.188590e-02 9.213771e-01 9.598839e-02
5.581150e+03 9.292344e-02 9.112633e-01 9.546011e-02
5.581160e+03 1.096155e-01 8.961786e-01 9.466671e-02
5.581170e+03 1.301193e-01 8.779906e-01 9.370115e-02
5.581180e+03 1.514804e-01 8.594348e-01 9.270570e-02
5.581190e+03 1.711220e-01 8.427187e-01 9.179971e-02
5.581200e+03 1.858481e-01 8.303997e-01 9.112627e-02
5.581210e+03 1.937479e-01 8.238656e-01 9.076704e-02
5.581220e+03 1.934584e-01 8.241042e-01 9.078018e-02
5.581230e+03 1.853610e-01 8.308043e-01 9.114847e-02
5.581240e+03 1.703605e-01 8.433607e-01 9.183467e-02
5.581250e+03 1.499188e-01 8.607779e-01 9.277812e-02
5.581260e+03 1.265695e-01 8.811129e-01 9.386761e-02
5.581270e+03 1.026860e-01 9.024103e-01 9.499528e-02
5.581280e+03 8.033930e-02 9.228032e-01 9.606265e-02
5.581290e+03 6.108634e-02 9.407420e-01 9.699186e-02
5.581300e+03 4.593684e-02 9.551023e-01 9.772933e-02
5.581310e+03 3.548866e-02 9.651337e-01 9.824122e-02
5.581320e+03 3.019491e-02 9.702564e-01 9.850159e-02
5.581330e+03 3.072302e-02 9.697441e-01 9.847559e-02
5.581340e+03 3.838026e-02 9.623469e-01 9.809928e-02
5.581350e+03 5.560399e-02 9.459137e-01 9.725809e-02
5.581360e+03 8.653555e-02 9.171029e-01 9.576549e-02
5.581370e+03 1.377198e-01 8.713428e-01 9.334574e-02
5.581380e+03 2.183852e-01 8.038158e-01 8.965577e-02
5.581390e+03 3.442793e-01 7.087310e-01 8.418616e-02
5.581400e+03 5.364118e-01 5.848430e-01 7.647503e-02
5.581410e+03 8.245284e-01 4.384417e-01 6.621493e-02
5.581420e+03 1.253703e+00 2.854459e-01 5.342714e-02
5.581430e+03 1.890935e+00 1.509306e-01 3.884979e-02
5.581440e+03 2.830513e+00 5.898258e-02 2.428633e-02
5.581450e+03 4.187805e+00 1.517957e-02 1.232054e-02
5.581460e+03 6.077975e+00 2.292816e-03 4.788336e-03
5.581470e+03 8.568202e+00 1.900541e-04 1.378601e-03
5.581480e+03 1.160908e+01 9.083244e-06 3.013842e-04
5.581490e+03 1.497324e+01 3.141988e-07 5.605344e-05
5.581500e+03 1.824138e+01 1.196381e-08 1.093792e-05
5.581510e+03 2.086949e+01 8.639628e-10 2.939324e-06
5.581520e+03 2.233489e+01 1.995630e-10 1.412668e-06
5.581530e+03 2.230978e+01 2.046386e-10 1.430520e-06
5.581540e+03 2.078291e+01 9.421027e-10 3.069369e-06
5.581550e+03 1.806605e+01 1.425659e-08 1.194010e-05
5.581560e+03 1.468362e+01 4.197458e-07 6.478780e-05
5.581570e+03 1.119832e+01 1.369723e-05 3.700977e-04
5.581580e+03 8.055880e+00 3.172312e-04 1.781098e-03
5.581590e+03 5.505748e+00 4.063348e-03 6.374440e-03
5.581600e+03 3.606996e+00 2.713325e-02 1.647217e-02
5.581610e+03 2.288768e+00 1.013913e-01 3.184200e-02
5.581620e+03 1.422823e+00 2.410326e-01 4.909507e-02
5.581630e+03 8.785977e-01 4.153650e-01 6.444882e-02
5.581640e+03 5.521653e-01 5.757019e-01 7.587502e-02
5.581650e+03 3.754911e-01 6.869519e-01 8.288256e-02
5.581660e+03 3.175117e-01 7.279582e-01 8.532047e-02
5.581670e+03 3.842949e-01 6.809306e-01 8.251852e-02
5.581680e+03 6.239324e-01 5.358332e-01 7.320063e-02
5.581690e+03 1.130863e+00 3.227546e-01 5.681149e-02
5.581700e+03 2.041786e+00 1.297967e-01 3.602731e-02
5.581710e+03 3.512619e+00 2.981871e-02 1.726809e-02
5.581720e+03 5.668027e+00 3.454675e-03 5.877648e-03
5.581730e+03 8.529886e+00 1.974774e-04 1.405267e-03
5.581740e+03 1.194251e+01 6.507809e-06 2.551041e-04
5.581750e+03 1.553993e+01 1.782762e-07 4.222276e-05
5.581760e+03 1.878507e+01 6.946173e-09 8.334370e-06
5.581770e+03 2.109210e+01 6.915426e-10 2.629720e-06
5.581780e+03 2.199819e+01 2.794514e-10 1.671680e-06
5.581790e+03 2.131493e+01 5.534030e-10 2.352452e-06
5.581800e+03 1.919304e+01 4.619220e-09 6.796484e-06
5.581810e+03 1.606820e+01 1.051158e-07 3.242157e-05
5.581820e+03 1.251561e+01 3.668933e-06 1.915446e-04
5.581830e+03 9.078222e+00 1.141244e-04 1.068290e-03
5.581840e+03 6.140688e+00 2.153442e-03 4.640520e-03
5.581850e+03 3.880701e+00 2.063636e-02 1.436536e-02
5.581860e+03 2.297291e+00 1.005308e-01 3.170660e-02
5.581870e+03 1.278892e+00 2.783454e-01 5.275845e-02
5.581880e+03 6.730057e-01 5.101728e-01 7.142639e-02
5.581890e+03 3.377183e-01 7.133962e-01 8.446279e-02
5.581900e+03 1.636752e-01 8.490178e-01 9.214216e-02
5.581910e+03 7.827611e-02 9.247091e-01 9.616179e-02
5.581920e+03 3.825353e-02 9.624689e-01 9.810550e-02
5.581930e+03 2.007512e-02 9.801250e-01 9.900126e-02
5.581940e+03 1.210767e-02 9.879653e-01 9.939645e-02
5.581950e+03 8.359365e-03 9.916755e-01 9.958290e-02
5.581960e+03 6.310171e-03 9.937097e-01 9.968499e-02
5.581970e+03 5.286541e-03 9.947274e-01 9.973602e-02
5.581980e+03 4.562143e-03 9.954482e-01 9.977215e-02
5.581990e+03 4.012098e-03 9.959959e-01 9.979960e-02
5.582000e+03 3.672876e-03 9.963339e-01 9.981652e-02
5.582010e+03 3.443489e-03 9.965624e-01 9.982797e-02
5.582020e+03 3.267919e-03 9.967374e-01 9.983674e-02
5.582030e+03 3.195735e-03 9.968094e-01 9.984034e-02
5.582040e+03 3.407588e-03 9.965982e-01 9.982977e-02
5.582050e+03 4.076130e-03 9.959322e-01 9.979640e-02
5.582060e+03 5.570822e-03 9.944447e-01 9.972185e-02
5.582070e+03 8.494627e-03 9.915414e-01 9.957617e-02
5.582080e+03 1.375271e-02 9.863414e-01 9.931472e-02
5.582090e+03 2.258346e-02 9.776696e-01 9.887718e-02
5.582100e+03 3.650376e-02 9.641545e-01 9.819137e-02
5.582110e+03 5.711866e-02 9.444820e-01 9.718446e-02
5.582120e+03 8.576760e-02 9.178075e-01 9.580227e-02
5.582130e+03 1.230327e-01 8.842347e-01 9.403376e-02
5.582140e+03 1.682098e-01 8.451765e-01 9.193348e-02
5.582150e+03 2.189126e-01 8.033920e-01 8.963214e-02
5.582160e+03 2.710065e-01 7.626116e-01 8.732763e-02
5.582170e+03 3.190138e-01 7.268655e-01 8.525641e-02
5.582180e+03 3.567659e-01 6.999363e-01 8.366220e-02
5.582190e+03 3.795165e-01 6.841921e-01 8.271591e-02
5.582200e+03 3.837099e-01 6.813291e-01 8.254266e-02
5.582210e+03 3.687144e-01 6.916229e-01 8.316387e-02
5.582220e+03 3.367398e-01 7.140946e-01 8.450412e-02
5.582230e+03 2.923018e-01 7.465432e-01 8.640273e-02
5.582240e+03 2.411751e-01 7.857041e-01 8.863995e-02
5.582250e+03 1.891697e-01 8.276461e-01 9.097506e-02
5.582260e+03 1.410848e-01 8.684157e-01 9.318882e-02
5.582270e+03 1.000858e-01 9.047598e-01 9.511886e-02
5.582280e+03 6.757617e-02 9.346565e-01 9.667764e-02
5.582290e+03 4.347240e-02 9.574590e-01 9.784983e-02
5.582300e+03 2.669858e-02 9.736547e-01 9.867394e-02
5.582310e+03 1.571142e-02 9.844114e-01 9.921751e-02
5.582320e+03 8.921335e-03 9.911183e-01 9.955493e-02
5.582330e+03 4.952961e-03 9.950593e-01 9.975266e-02
5.582340e+03 2.753503e-03 9.972503e-01 9.986242e-02
5.582350e+03 1.592568e-03 9.984087e-01 9.992040e-02
5.582360e+03 1.004693e-03 9.989958e-01 9.994978e-02
5.582370e+03 7.150784e-04 9.992852e-01 9.996425e-02
5.582380e+03 5.725309e-04 9.994276e-01 9.997138e-02
5.582390e+03 4.991562e-04 9.995010e-01 9.997505e-02
5.582400e+03 4.572073e-04 9.995429e-01 9.997714e-02
5.582410e+03 4.293846e-04 9.995707e-01 9.997853e-02
5.582420e+03 4.081269e-04 9.995920e-01 9.997960e-02
5.582430e+03 6.186870e-05 9.999381e-01 9.999691e-02
5.582440e+03 5.596008e-05 9.999440e-01 9.999720e-02
5.582450e+03 5.101739e-05 9.999490e-01 9.999745e-02
5.582460e+03 4.676839e-05 9.999532e-01 9.999766e-02
5.582470e+03 4.306117e-05 9.999569e-01 9.999785e-02
5.582480e+03 1.983120e-04 9.998017e-01 9.999008e-02
5.582490e+03 3.024125e-04 9.996976e-01 9.998488e-02
5.582500e+03 4.558453e-04 9.995443e-01 9.997721e-02
5.582510e+03 8.408858e-04 9.991595e-01 9.995796e-02
5.582520e+03 1.517088e-03 9.984841e-01 9.992417e-02
5.582530e+03 2.607019e-03 9.973964e-01 9.986973e-02
5.582540e+03 4.346586e-03 9.956628e-01 9.978291e-02
5.582550e+03 6.883107e-03 9.931405e-01 9.965644e-02
5.582560e+03 1.034496e-02 9.897084e-01 9.948409e-02
5.582570e+03 1.475013e-02 9.853581e-01 9.926521e-02
5.582580e+03 1.994691e-02 9.802507e-01 9.900761e-02
5.582590e+03 2.558000e-02 9.747444e-01 9.872914e-02
5.582600e+03 3.110493e-02 9.693739e-01 9.845679e-02
5.582610e+03 3.586208e-02 9.647733e-01 9.822288e-02
5.582620e+03 3.920156e-02 9.615569e-01 9.805901e-02
5.582630e+03 4.062788e-02 9.601864e-01 9.798910e-02
5.582640e+03 3.992039e-02 9.608659e-01 9.802377e-02
5.582650e+03 3.718921e-02 9.634938e-01 9.815772e-02
5.582660e+03 3.284718e-02 9.676864e-01 9.837105e-02
5.582670e+03 2.750754e-02 9.728673e-01 9.863404e-02
5.582680e+03 2.235472e-02 9.778933e-01 9.888849e-02
5.582690e+03 1.696155e-02 9.831815e-01 9.915551e-02
5.582700e+03 1.174492e-02 9.883238e-01 9.941447e-02
5.582710e+03 8.388453e-03 9.916466e-01 9.958146e-02
5.582720e+03 5.780624e-03 9.942361e-01 9.971139e-02
5.582730e+03 4.382227e-03 9.956274e-01 9.978113e-02
5.582740e+03 4.597006e-03 9.954135e-01 9.977041e-02
5.582750e+03 7.529909e-03 9.924984e-01 9.962421e-02
5.582760e+03 1.561956e-02 9.845018e-01 9.922206e-02
5.582770e+03 3.339439e-02 9.671570e-01 9.834414e-02
5.582780e+03 6.801687e-02 9.342447e-01 9.665634e-02
5.582790e+03 1.289553e-01 8.790133e-01 9.375571e-02
5.582800e+03 2.259482e-01 7.977594e-01 8.931738e-02
5.582810e+03 3.651099e-01 6.941204e-01 8.331389e-02
5.582820e+03 5.433663e-01 5.807898e-01 7.620957e-02
5.582830e+03 7.444281e-01 4.750059e-01 6.892067e-02
5.582840e+03 9.386581e-01 3.911524e-01 6.254218e-02
5.582850e+03 1.089150e+00 3.365024e-01 5.800883e-02
5.582860e+03 1.162874e+00 3.125866e-01 5.590944e-02
5.582870e+03 1.142431e+00 3.190424e-01 5.648384e-02
5.582880e+03 1.032723e+00 3.560361e-01 5.966876e-02
5.582890e+03 8.590415e-01 4.235679e-01 6.508209e-02
5.582900e+03 6.576017e-01 5.180924e-01 7.197863e-02
5.582910e+03 4.633478e-01 6.291738e-01 7.932048e-02
5.582920e+03 3.005966e-01 7.403764e-01 8.604513e-02
5.582930e+03 1.796580e-01 8.355559e-01 9.140875e-02
5.582940e+03 9.903323e-02 9.057126e-01 9.516893e-02
5.582950e+03 5.049134e-02 9.507622e-01 9.750703e-02
5.582960e+03 2.391350e-02 9.763702e-01 9.881144e-02
5.582970e+03 1.061402e-02 9.894421e-01 9.947070e-02
5.582980e+03 4.536254e-03 9.954740e-01 9.977344e-02
5.582990e+03 1.962714e-03 9.980392e-01 9.990191e-02
5.583000e+03 9.382737e-04 9.990622e-01 9.995310e-02
5.583010e+03 5.409696e-04 9.994592e-01 9.997296e-02
5.583020e+03 3.795221e-04 9.996205e-01 9.998103e-02
5.583030e+03 0.000000e+00 1.000000e+00 1.000000e-01
5.583040e+03 0.000000e+00 1.000000e+00 1.000000e-01
5.583050e+03 7.284140e-04 9.992719e-01 9.996359e-02
5.583060e+03 1.500365e-03 9.985008e-01 9.992501e-02
5.583070e+03 3.492386e-03 9.965137e-01 9.982553e-02
5.583080e+03 6.981737e-03 9.930426e-01 9.965152e-02
5.583090e+03 1.330220e-02 9.867859e-01 9.933710e-02
5.583100e+03 2.401366e-02 9.762724e-01 9.880650e-02
5.583110e+03 4.098378e-02 9.598447e-01 9.797166e-02
5.583120e+03 6.609555e-02 9.360414e-01 9.674923e-02
5.583130e+03 1.007475e-01 9.041613e-01 9.508740e-02
5.583140e+03 1.452004e-01 8.648490e-01 9.299726e-02
5.583150e+03 1.979238e-01 8.204324e-01 9.057772e-02
5.583160e+03 2.551865e-01 7.747720e-01 8.802113e-02
5.583170e+03 3.111613e-01 7.325957e-01 8.559180e-02
5.583180e+03 3.587164e-01 6.985724e-01 8.358065e-02
5.583190e+03 3.908309e-01 6.764945e-01 8.224929e-02
5.583200e+03 4.022810e-01 6.687928e-01 8.177975e-02
5.583210e+03 3.910416e-01 6.763520e-01 8.224062e-02
5.583220e+03 3.588817e-01 6.984570e-01 8.357374e-02
5.583230e+03 3.107110e-01 7.329256e-01 8.561108e-02
5.583240e+03 2.541408e-01 7.755826e-01 8.806717e-02
5.583250e+03 1.961669e-01 8.218750e-01 9.065732e-02
5.583260e+03 1.429095e-01 8.668325e-01 9.310384e-02
5.583270e+03 9.827920e-02 9.063958e-01 9.520482e-02
5.583280e+03 6.382110e-02 9.381728e-01 9.685932e-02
5.583290e+03 3.915663e-02 9.616001e-01 9.806121e-02
5.583300e+03 2.272004e-02 9.775361e-01 9.887043e-02
5.583310e+03 1.249014e-02 9.875875e-01 9.937744e-02
5.583320e+03 6.528448e-03 9.934928e-01 9.967411e-02
5.583330e+03 3.267216e-03 9.967381e-01 9.983677e-02
5.583340e+03 1.587661e-03 9.984136e-01 9.992065e-02
5.583350e+03 7.697025e-04 9.992306e-01 9.996152e-02
5.583360e+03 3.900309e-04 9.996100e-01 9.998050e-02
5.583370e+03 0.000000e+00 1.000000e+00 1.000000e-01
5.583380e+03 0.000000e+00 1.000000e+00 1.000000e-01
5.583390e+03 0.000000e+00 1.000000e+00 1.000000e-01
5.583400e+03 0.000000e+00 1.000000e+00 1.000000e-01
5.583410e+03 0.000000e+00 1.000000e+00 1.000000e-01
5.583420e+03 0.000000e+00 1.000000e+00 1.000000e-01
5.583430e+03 0.000000e+00 1.000000e+00 1.000000e-01
5.583440e+03 0.000000e+00 1.000000e+00 1.000000e-01
5.583450e+03 0.000000e+00 1.000000e+00 1.000000e-01
5.583460e+03 0.000000e+00 1.000000e+00 1.000000e-01
5.583470e+03 0.000000e+00 1.000000e+00 1.000000e-01
5.583480e+03 0.000000e+00 1.000000e+00 1.000000e-01
5.583490e+03 1.099125e-07 9.999999e-01 9.999999e-02
5.583500e+03 1.097416e-07 9.999999e-01 9.999999e-02
5.583510e+03 0.000000e+00 1.000000e+00 1.000000e-01
5.583520e+03 0.000000e+00 1.000000e+00 1.000000e-01
5.583530e+03 0.000000e+00 1.000000e+00 1.000000e-01
5.583540e+03 0.000000e+00 1.000000e+00 1.000000e-01
5.583550e+03 0.000000e+00 1.000000e+00 1.000000e-01
5.583560e+03 0.000000e+00 1.000000e+00 1.000000e-01
5.583570e+03 0.000000e+00 1.000000e+00 1.000000e-01
5.583580e+03 0.000000e+00 1.000000e+00 1.000000e-01
5.583590e+03 0.000000e+00 1.000000e+00 1.000000e-01
5.583600e+03 0.000000e+00 1.000000e+00 1.000000e-01
5.583610e+03 0.000000e+00 1.000000e+00 1.000000e-01
5.583620e+03 0.000000e+00 1.000000e+00 1.000000e-01
5.583630e+03 0.000000e+00 1.000000e+00 1.000000e-01
5.583640e+03 0.000000e+00 1.000000e+00 1.000000e-01
5.583650e+03 0.000000e+00 1.000000e+00 1.000000e-01
5.583660e+03 0.000000e+00 1.000000e+00 1.000000e-01
5.583670e+03 0.000000e+00 1.000000e+00 1.000000e-01
5.583680e+03 0.000000e+00 1.000000e+00 1.000000e-01
5.583690e+03 0.000000e+00 1.000000e+00 1.000000e-01
5.583700e+03 0.000000e+00 1.000000e+00 1.000000e-01
5.583710e+03 0.000000e+00 1.000000e+00 1.000000e-01
5.583720e+03 0.000000e+00 1.000000e+00 1.000000e-01
5.583730e+03 0.000000e+00 1.000000e+00 1.000000e-01
5.583740e+03 0.000000e+00 1.000000e+00 1.000000e-01
5.583750e+03 0.000000e+00 1.000000e+00 1.000000e-01
5.583760e+03 0.000000e+00 1.000000e+00 1.000000e-01
5.583770e+03 0.000000e+00 1.000000e+00 1.000000e-01
5.583780e+03 0.000000e+00 1.000000e+00 1.000000e-01
5.583790e+03 0.000000e+00 1.000000e+00 1.000000e-01
5.583800e+03 0.000000e+00 1.000000e+00 1.000000e-01
5.583810e+03 0.000000e+00 1.000000e+00 1.000000e-01
5.583820e+03 0.000000e+00 1.000000e+00 1.000000e-01
5.583830e+03 0.000000e+00 1.000000e+00 1.000000e-01
5.583840e+03 0.000000e+00 1.000000e+00 1.000000e-01
5.583850e+03 0.000000e+00 1.000000e+00 1.000000e-01
5.583860e+03 0.000000e+00 1.000000e+00 1.000000e-01
5.583870e+03 0.000000e+00 1.000000e+00 1.000000e-01
5.583880e+03 0.000000e+00 1.000000e+00 1.000000e-01
5.583890e+03 0.000000e+00 1.000000e+00 1.000000e-01
5.583900e+03 0.000000e+00 1.000000e+00 1.000000e-01
5.583910e+03 0.000000e+00 1.000000e+00 1.000000e-01
5.583920e+03 0.000000e+00 1.000000e+00 1.000000e-01
5.583930e+03 0.000000e+00 1.000000e+00 1.000000e-01
5.583940e+03 0.000000e+00 1.000000e+00 1.000000e-01
5.583950e+03 0.000000e+00 1.000000e+00 1.000000e-01
5.583960e+03 0.000000e+00 1.000000e+00 1.000000e-01
5.583970e+03 0.000000e+00 1.000000e+00 1.000000e-01
5.583980e+03 0.000000e+00 1.000000e+00 1.000000e-01
5.583990e+03 0.000000e+00 1.000000e+00 1.000000e-01
5.584000e+03 0.000000e+00 1.000000e+00 1.000000e-01
5.584010e+03 0.000000e+00 1.000000e+00 1.000000e-01
5.584020e+03 0.000000e+00 1.000000e+00 1.000000e-01
5.584030e+03 0.000000e+00 1.000000e+00 1.000000e-01
5.584040e+03 0.000000e+00 1.000000e+00 1.000000e-01
5.584050e+03 0.000000e+00 1.000000e+00 1.000000e-01
5.584060e+03 0.000000e+00 1.000000e+00 1.000000e-01
5.584070e+03 0.000000e+00 1.000000e+00 1.000000e-01
5.584080e+03 0.000000e+00 1.000000e+00 1.000000e-01
5.584090e+03 0.000000e+00 1.000000e+00 1.000000e-01
5.584100e+03 0.000000e+00 1.000000e+00 1.000000e-01
5.584110e+03 0.000000e+00 1.000000e+00 1.000000e-01
5.584120e+03 0.000000e+00 1.000000e+00 1.000000e-01
5.584130e+03 0.000000e+00 1.000000e+00 1.000000e-01
5.584140e+03 0.000000e+00 1.000000e+00 1.000000e-01
5.584150e+03 0.000000e+00 1.000000e+00 1.000000e-01
5.584160e+03 0.000000e+00 1.000000e+00 1.000000e-01
5.584170e+03 0.000000e+00 1.000000e+00 1.000000e-01
5.584180e+03 0.000000e+00 1.000000e+00 1.000000e-01
5.584190e+03 0.000000e+00 1.000000e+00 1.000000e-01
5.584200e+03 0.000000e+00 1.000000e+00 1.000000e-01
5.584210e+03 0.000000e+00 1.000000e+00 1.000000e-01
5.584220e+03 0.000000e+00 1.000000e+00 1.000000e-01
5.584230e+03 0.000000e+00 1.000000e+00 1.000000e-01
5.584240e+03 0.000000e+00 1.000000e+00 1.000000e-01
5.584250e+03 0.000000e+00 1.000000e+00 1.000000e-01
5.584260e+03 0.000000e+00 1.000000e+00 1.000000e-01
5.584270e+03 0.000000e+00 1.000000e+00 1.000000e-01
5.584280e+03 0.000000e+00 1.000000e+00 1.000000e-01
5.584290e+03 0.000000e+00 1.000000e+00 1.000000e-01
5.584300e+03 0.000000e+00 1.000000e+00 1.000000e-01
5.584310e+03 0.000000e+00 1.000000e+00 1.000000e-01
5.584320e+03 0.000000e+00 1.000000e+00 1.000000e-01
5.584330e+03 0.000000e+00 1.000000e+00 1.000000e-01
5.584340e+03 2.824012e-04 9.997176e-01 9.998588e-02
5.584350e+03 5.713856e-04 9.994288e-01 9.997143e-02
5.584360e+03 5.736322e-04 9.994265e-01 9.997132e-02
5.584370e+03 5.758920e-04 9.994243e-01 9.997121e-02
5.584380e+03 5.781653e-04 9.994220e-01 9.997110e-02
5.584390e+03 5.804520e-04 9.994197e-01 9.997098e-02
5.584400e+03 5.827523e-04 9.994174e-01 9.997087e-02
5.584410e+03 5.850662e-04 9.994151e-01 9.997075e-02
5.584420e+03 5.873940e-04 9.994128e-01 9.997063e-02
5.584430e+03 5.897357e-04 9.994104e-01 9.997052e-02
5.584440e+03 1.011354e-03 9.989892e-01 9.994945e-02
5.584450e+03 1.015373e-03 9.989851e-01 9.994924e-02
5.584460e+03 1.019416e-03 9.989811e-01 9.994904e-02
5.584470e+03 1.023482e-03 9.989770e-01 9.994884e-02
5.584480e+03 1.027574e-03 9.989730e-01 9.994863e-02
5.584490e+03 1.031689e-03 9.989688e-01 9.994843e-02
5.584500e+03 1.035830e-03 9.989647e-01 9.994822e-02
5.584510e+03 1.039995e-03 9.989605e-01 9.994801e-02
5.584520e+03 1.044186e-03 9.989564e-01 9.994780e-02
5.584530e+03 1.048402e-03 9.989521e-01 9.994759e-02
5.584540e+03 1.052644e-03 9.989479e-01 9.994738e-02
5.584550e+03 1.056911e-03 9.989436e-01 9.994717e-02
5.584560e+03 1.061204e-03 9.989394e-01 9.994695e-02
5.584570e+03 1.065524e-03 9.989350e-01 9.994674e-02
5.584580e+03 1.069870e-03 9.989307e-01 9.994652e-02
5.584590e+03 1.074242e-03 9.989263e-01 9.994630e-02
5.584600e+03 1.078642e-03 9.989219e-01 9.994608e-02
5.584610e+03 1.083068e-03 9.989175e-01 9.994586e-02
5.584620e+03 1.087522e-03 9.989131e-01 9.994564e-02
5.584630e+03 1.092004e-03 9.989086e-01 9.994541e-02
5.584640e+03 1.096513e-03 9.989041e-01 9.994519e-02
5.584650e+03 1.101050e-03 9.988996e-01 9.994496e-02
5.584660e+03 1.105615e-03 9.988950e-01 9.994473e-02
5.584670e+03 1.110209e-03 9.988904e-01 9.994450e-02
5.584680e+03 1.114831e-03 9.988858e-01 9.994427e-02
5.584690e+03 1.119482e-03 9.988811e-01 9.994404e-02
5.584700e+03 1.124163e-03 9.988765e-01 9.994381e-02
5.584710e+03 1.128873e-03 9.988718e-01 9.994357e-02
5.584720e+03 1.133612e-03 9.988670e-01 9.994334e-02
5.584730e+03 1.138382e-03 9.988623e-01 9.994310e-02
5.584740e+03 1.143181e-03 9.988575e-01 9.994286e-02
5.584750e+03 1.148011e-03 9.988526e-01 9.994262e-02
5.584760e+03 1.152872e-03 9.988478e-01 9.994237e-02
5.584770e+03 1.157763e-03 9.988429e-01 9.994213e-02
5.584780e+03 1.162686e-03 9.988380e-01 9.994188e-02
5.584790e+03 1.167640e-03 9.988330e-01 9.994164e-02
5.584800e+03 1.172626e-03 9.988281e-01 9.994139e-02
5.584810e+03 1.177644e-03 9.988230e-01 9.994114e-02
5.584820e+03 1.182694e-03 9.988180e-01 9.994088e-02
5.584830e+03 1.187777e-03 9.988129e-01 9.994063e-02
5.584840e+03 1.192892e-03 9.988078e-01 9.994037e-02
5.584850e+03 1.198041e-03 9.988027e-01 9.994012e-02
5.584860e+03 1.203223e-03 9.987975e-01 9.993986e-02
5.584870e+03 1.208439e-03 9.987923e-01 9.993960e-02
5.584880e+03 1.213688e-03 9.987870e-01 9.993933e-02
5.584890e+03 1.771110e-03 9.982305e-01 9.991148e-02
5.584900e+03 1.794530e-03 9.982071e-01 9.991031e-02
5.584910e+03 1.818894e-03 9.981828e-01 9.990910e-02
5.584920e+03 1.844264e-03 9.981574e-01 9.990783e-02
5.584930e+03 1.870709e-03 9.981310e-01 9.990651e-02
5.584940e+03 1.898302e-03 9.981035e-01 9.990513e-02
5.584950e+03 1.927124e-03 9.980747e-01 9.990369e-02
5.584960e+03 1.957264e-03 9.980447e-01 9.990218e-02
5.584970e+03 1.988817e-03 9.980132e-01 9.990061e-02
5.584980e+03 2.021890e-03 9.979802e-01 9.989896e-02
5.584990e+03 2.056598e-03 9.979455e-01 9.989722e-02
5.585000e+03 2.093070e-03 9.979091e-01 9.989540e-02
5.585010e+03 2.131444e-03 9.978708e-01 9.989348e-02
5.585020e+03 2.171878e-03 9.978305e-01 9.989147e-02
5.585030e+03 2.214542e-03 9.977879e-01 9.988933e-02
5.585040e+03 2.259628e-03 9.977429e-01 9.988708e-02
5.585050e+03 2.307346e-03 9.976953e-01 9.988470e-02
5.585060e+03 2.357934e-03 9.976448e-01 9.988217e-02
5.585070e+03 2.411654e-03 9.975913e-01 9.987949e-02
5.585080e+03 2.468803e-03 9.975342e-01 9.987664e-02
5.585090e+03 2.529712e-03 9.974735e-01 9.987359e-02
5.585100e+03 2.594755e-03 9.974086e-01 9.987035e-02
5.585110e+03 2.664354e-03 9.973392e-01 9.986687e-02
5.585120e+03 2.738989e-03 9.972648e-01 9.986314e-02
5.585130e+03 2.819205e-03 9.971848e-01 9.985914e-02
5.585140e+03 2.905625e-03 9.970986e-01 9.985482e-02
5.585150e+03 2.998961e-03 9.970055e-01 9.985016e-02
5.585160e+03 3.100038e-03 9.969048e-01 9.984512e-02
5.585170e+03 3.209804e-03 9.967953e-01 9.983964e-02
5.585180e+03 3.329366e-03 9.966762e-01 9.983367e-02
5.585190e+03 3.460015e-03 9.965460e-01 9.982715e-02
5.585200e+03 3.603267e-03 9.964032e-01 9.982000e-02
5.585210e+03 3.760915e-03 9.962461e-01 9.981213e-02
5.585220e+03 3.935095e-03 9.960726e-01 9.980344e-02
5.585230e+03 4.128364e-03 9.958801e-01 9.979379e-02
5.585240e+03 4.343814e-03 9.956656e-01 9.978304e-02
5.585250e+03 4.585219e-03 9.954253e-01 9.977100e-02
5.585260e+03 4.857237e-03 9.951545e-01 9.975743e-02
5.585270e+03 5.165714e-03 9.948476e-01 9.974205e-02
5.585280e+03 5.518202e-03 9.944970e-01 9.972447e-02
5.585290e+03 5.925026e-03 9.940925e-01 9.970419e-02
5.585300e+03 6.401960e-03 9.936185e-01 9.968041e-02
5.585310e+03 6.977664e-03 9.930466e-01 9.965172e-02
5.585320e+03 7.714826e-03 9.923149e-01 9.961500e-02
5.585330e+03 8.768514e-03 9.912698e-01 9.956253e-02
5.585340e+03 1.053834e-02 9.895170e-01 9.947447e-02
5.585350e+03 1.403831e-02 9.860598e-01 9.930054e-02
5.585360e+03 2.172685e-02 9.785075e-01 9.891954e-02
5.585370e+03 3.964889e-02 9.611268e-01 9.803708e-02
5.585380e+03 7.886759e-02 9.241623e-01 9.613336e-02
5.585390e+03 1.633649e-01 8.492812e-01 9.215646e-02
5.585400e+03 3.359590e-01 7.146524e-01 8.453712e-02
5.585410e+03 6.682294e-01 5.126154e-01 7.159717e-02
5.585420e+03 1.266935e+00 2.816938e-01 5.307483e-02
5.585430e+03 2.276684e+00 1.026239e-01 3.203497e-02
5.585440e+03 3.864934e+00 2.096431e-02 1.447906e-02
5.585450e+03 6.187888e+00 2.054160e-03 4.532284e-03
5.585460e+03 9.335055e+00 8.827490e-05 9.395472e-04
5.585470e+03 1.326329e+01 1.737100e-06 1.317991e-04
5.585480e+03 1.774285e+01 1.969608e-08 1.403427e-05
5.585490e+03 2.234396e+01 1.977623e-10 1.406280e-06
5.585500e+03 2.648610e+01 3.142192e-12 1.772623e-07
5.585510e+03 2.955094e+01 1.466194e-13 3.829092e-08
5.585520e+03 3.103169e+01 3.335097e-14 1.826225e-08
5.585530e+03 3.067008e+01 4.788008e-14 2.188152e-08
5.585540e+03 2.852997e+01 4.069979e-13 6.379639e-08
5.585550e+03 2.497895e+01 1.418343e-11 3.766089e-07
5.585560e+03 2.058507e+01 1.148200e-09 3.388509e-06
5.585570e+03 1.596867e+01 1.161173e-07 3.407598e-05
5.585580e+03 1.166210e+01 8.614158e-06 2.934989e-04
5.585590e+03 8.019866e+00 3.288642e-04 1.813461e-03
5.585600e+03 5.195086e+00 5.543742e-03 7.445631e-03
5.585610e+03 3.171942e+00 4.192212e-02 2.047489e-02
5.585620e+03 1.827528e+00 1.608105e-01 4.010119e-02
5.585630e+03 9.957892e-01 3.694318e-01 6.078090e-02
5.585640e+03 5.153971e-01 5.972633e-01 7.728281e-02
5.585650e+03 2.556733e-01 7.743949e-01 8.799971e-02
5.585660e+03 1.238137e-01 8.835444e-01 9.399704e-02
5.585670e+03 6.064901e-02 9.411535e-01 9.701307e-02
5.585680e+03 3.185240e-02 9.686495e-01 9.842000e-02
5.585690e+03 1.914465e-02 9.810374e-01 9.904733e-02
5.585700e+03 1.353320e-02 9.865580e-01 9.932562e-02
5.585710e+03 1.090719e-02 9.891521e-01 9.945612e-02
5.585720e+03 9.508508e-03 9.905366e-01 9.952570e-02
5.585730e+03 8.626242e-03 9.914109e-01 9.956962e-02
5.585740e+03 7.983194e-03 9.920486e-01 9.960164e-02
5.585750e+03 7.470990e-03 9.925568e-01 9.962715e-02
5.585760e+03 7.044154e-03 9.929806e-01 9.964841e-02
5.585770e+03 6.680444e-03 9.933418e-01 9.966654e-02
5.585780e+03 6.366698e-03 9.936535e-01 9.968217e-02
5.585790e+03 6.093853e-03 9.939247e-01 9.969577e-02
5.585800e+03 5.855103e-03 9.941620e-01 9.970767e-02
5.585810e+03 5.645107e-03 9.943708e-01 9.971814e-02
5.585820e+03 5.459578e-03 9.945553e-01 9.972739e-02
5.585830e+03 5.295029e-03 9.947190e-01 9.973560e-02
5.585840e+03 5.148591e-03 9.948646e-01 9.974290e-02
5.585850e+03 5.017881e-03 9.949947e-01 9.974942e-02
5.585860e+03 4.900908e-03 9.951111e-01 9.975525e-02
5.585870e+03 4.795993e-03 9.952155e-01 9.976049e-02
5.585880e+03 4.701714e-03 9.953093e-01 9.976519e-02
5.585890e+03 4.616857e-03 9.953938e-01 9.976942e-02
5.585900e+03 4.540382e-03 9.954699e-01 9.977324e-02
5.585910e+03 4.471392e-03 9.955386e-01 9.977668e-02
5.585920e+03 4.409110e-03 9.956006e-01 9.977979e-02
5.585930e+03 4.352861e-03 9.956566e-01 9.978259e-02
5.585940e+03 4.302056e-03 9.957072e-01 9.978513e-02
5.585950e+03 4.256179e-03 9.957529e-01 9.978742e-02
5.585960e+03 4.214773e-03 9.957941e-01 9.978948e-02
5.585970e+03 4.177439e-03 9.958313e-01 9.979135e-02
5.585980e+03 4.143821e-03 9.958648e-01 9.979302e-02
5.585990e+03 4.113604e-03 9.958948e-01 9.979453e-02
5.586000e+03 4.086507e-03 9.959218e-01 9.979588e-02
5.586010e+03 4.062278e-03 9.959460e-01 9.979709e-02
5.586020e+03 4.040695e-03 9.959675e-01 9.979817e-02
5.586030e+03 4.021554e-03 9.959865e-01 9.979912e-02
5.586040e+03 4.004675e-03 9.960033e-01 9.979997e-02
5.586050e+03 3.989895e-03 9.960181e-01 9.980070e-02
5.586060e+03 3.977066e-03 9.960308e-01 9.980134e-02
5.586070e+03 3.966054e-03 9.960418e-01 9.980189e-02
5.586080e+03 3.956739e-03 9.960511e-01 9.980236e-02
5.586090e+03 3.949010e-03 9.960588e-01 9.980274e-02
5.586100e+03 3.942768e-03 9.960650e-01 9.980306e-02
5.586110e+03 3.937921e-03 9.960698e-01 9.980330e-02
5.586120e+03 3.934387e-03 9.960733e-01 9.980347e-02
5.586130e+03 3.932089e-03 9.960756e-01 9.980359e-02
5.586140e+03 3.930957e-03 9.960768e-01 9.980365e-02
5.586150e+03 3.930929e-03 9.960768e-01 9.980365e-02
5.586160e+03 3.931945e-03 9.960758e-01 9.980360e-02
5.586170e+03 3.405270e-03 9.966005e-01 9.982988e-02
5.586180e+03 3.424376e-03 9.965815e-01 9.982893e-02
5.586190e+03 3.443646e-03 9.965623e-01 9.982797e-02
5.586200e+03 3.463082e-03 9.965429e-01 9.982700e-02
5.586210e+03 3.482685e-03 9.965234e-01 9.982602e-02
5.586220e+03 3.502457e-03 9.965037e-01 9.982503e-02
5.586230e+03 3.522400e-03 9.964838e-01 9.982404e-02
5.586240e+03 3.542516e-03 9.964638e-01 9.982303e-02
5.586250e+03 3.562808e-03 9.964435e-01 9.982202e-02
5.586260e+03 3.583277e-03 9.964231e-01 9.982100e-02
5.586270e+03 3.603925e-03 9.964026e-01 9.981997e-02
5.586280e+03 3.624754e-03 9.963818e-01 9.981893e-02
5.586290e+03 3.645768e-03 9.963609e-01 9.981788e-02
5.586300e+03 3.666967e-03 9.963397e-01 9.981682e-02
5.586310e+03 3.688354e-03 9.963184e-01 9.981575e-02
5.586320e+03 3.709932e-03 9.962969e-01 9.981468e-02
5.586330e+03 3.731702e-03 9.962753e-01 9.981359e-02
5.586340e+03 3.753668e-03 9.962534e-01 9.981249e-02
5.586350e+03 3.775830e-03 9.962313e-01 9.981139e-02
5.586360e+03 3.798193e-03 9.962090e-01 9.981027e-02
5.586370e+03 3.820757e-03 9.961865e-01 9.980914e-02
5.586380e+03 3.843527e-03 9.961639e-01 9.980801e-02
5.586390e+03 3.866503e-03 9.961410e-01 9.980686e-02
5.586400e+03 3.889689e-03 9.961179e-01 9.980570e-02
5.586410e+03 3.913087e-03 9.960946e-01 9.980454e-02
5.586420e+03 3.936701e-03 9.960710e-01 9.980336e-02
5.586430e+03 3.960532e-03 9.960473e-01 9.980217e-02
5.586440e+03 3.984583e-03 9.960233e-01 9.980097e-02
5.586450e+03 4.008858e-03 9.959992e-01 9.979976e-02
5.586460e+03 4.033358e-03 9.959748e-01 9.979854e-02
5.586470e+03 4.058087e-03 9.959501e-01 9.979730e-02
5.586480e+03 4.083048e-03 9.959253e-01 9.979606e-02
5.586490e+03 4.108244e-03 9.959002e-01 9.979480e-02
5.586500e+03 5.066181e-03 9.949466e-01 9.974701e-02
5.586510e+03 5.099208e-03 9.949138e-01 9.974536e-02
5.586520e+03 5.132566e-03 9.948806e-01 9.974370e-02
5.586530e+03 5.166260e-03 9.948471e-01 9.974202e-02
5.586540e+03 5.200294e-03 9.948132e-01 9.974032e-02
5.586550e+03 5.234672e-03 9.947790e-01 9.973861e-02
5.586560e+03 5.269401e-03 9.947445e-01 9.973688e-02
5.586570e+03 5.304484e-03 9.947096e-01 9.973513e-02
5.586580e+03 5.635678e-03 9.943802e-01 9.971861e-02
5.586590e+03 5.672646e-03 9.943434e-01 9.971677e-02
5.586600e+03 5.709990e-03 9.943063e-01 9.971491e-02
5.586610e+03 5.747716e-03 9.942688e-01 9.971303e-02
5.586620e+03 6.324534e-03 9.936954e-01 9.968427e-02
5.586630e+03 6.368756e-03 9.936515e-01 9.968207e-02
5.586640e+03 6.414391e-03 9.936061e-01 9.967979e-02
5.586650e+03 6.462102e-03 9.935587e-01 9.967742e-02
5.586660e+03 6.512954e-03 9.935082e-01 9.967488e-02
5.586670e+03 6.568611e-03 9.934529e-01 9.967211e-02
5.586680e+03 6.631620e-03 9.933903e-01 9.966897e-02
5.586690e+03 6.705768e-03 9.933167e-01 9.966527e-02
5.586700e+03 6.796542e-03 9.932265e-01 9.966075e-02
5.586710e+03 6.911658e-03 9.931122e-01 9.965501e-02
5.586720e+03 7.061656e-03 9.929632e-01 9.964754e-02
5.586730e+03 7.260470e-03 9.927658e-01 9.963763e-02
5.586740e+03 7.525909e-03 9.925023e-01 9.962441e-02
5.586750e+03 8.652237e-03 9.913851e-01 9.956832e-02
5.586760e+03 9.131001e-03 9.909106e-01 9.954449e-02
5.586770e+03 9.753595e-03 9.902938e-01 9.951351e-02
5.586780e+03 1.055104e-02 9.895044e-01 9.947384e-02
5.586790e+03 1.155395e-02 9.885125e-01 9.942397e-02
5.586800e+03 1.278949e-02 9.872919e-01 9.936257e-02
5.586810e+03 1.427762e-02 9.858238e-01 9.928866e-02
5.586820e+03 1.602685e-02 9.841009e-01 9.920186e-02
5.586830e+03 1.803012e-02 9.821315e-01 9.910255e-02
5.586840e+03 2.026124e-02 9.799426e-01 9.899205e-02
5.586850e+03 2.267260e-02 9.775825e-01 9.887277e-02
5.586860e+03 2.589478e-02 9.744376e-01 9.871361e-02
5.586870e+03 2.844372e-02 9.719570e-01 9.858788e-02
5.586880e+03 3.090910e-02 9.695637e-01 9.846643e-02
5.586890e+03 3.342942e-02 9.671232e-01 9.834242e-02
5.586900e+03 3.538877e-02 9.652301e-01 9.824612e-02
5.586910e+03 3.763867e-02 9.630609e-01 9.813566e-02
5.586920e+03 3.920185e-02 9.615566e-01 9.805899e-02
5.586930e+03 3.969931e-02 9.610784e-01 9.803461e-02
5.586940e+03 3.961514e-02 9.611593e-01 9.803873e-02
5.586950e+03 3.924296e-02 9.615171e-01 9.805698e-02
5.586960e+03 3.806476e-02 9.626506e-01 9.811476e-02
5.586970e+03 3.726923e-02 9.634167e-01 9.815379e-02
5.586980e+03 3.529447e-02 9.653211e-01 9.825076e-02
5.586990e+03 3.307812e-02 9.674630e-01 9.835970e-02
5.587000e+03 3.073496e-02 9.697326e-01 9.847500e-02
5.587010e+03 2.899845e-02 9.714180e-01 9.856054e-02
5.587020e+03 2.672145e-02 9.736324e-01 9.867281e-02
5.587030e+03 2.460093e-02 9.756992e-01 9.877749e-02
5.587040e+03 2.269317e-02 9.775624e-01 9.887175e-02
5.587050e+03 2.103263e-02 9.791870e-01 9.895388e-02
5.587060e+03 1.963353e-02 9.805579e-01 9.902313e-02
5.587070e+03 1.849304e-02 9.816769e-01 9.907961e-02
5.587080e+03 1.825413e-02 9.819115e-01 9.909145e-02
5.587090e+03 1.757405e-02 9.825795e-01 9.912515e-02
5.587100e+03 1.642385e-02 9.837103e-01 9.918217e-02
5.587110e+03 1.608957e-02 9.840392e-01 9.919875e-02
5.587120e+03 1.588250e-02 9.842430e-01 9.920902e-02
5.587130e+03 1.577544e-02 9.843483e-01 9.921433e-02
5.587140e+03 1.574492e-02 9.843784e-01 9.921584e-02
5.587150e+03 1.577163e-02 9.843521e-01 9.921452e-02
5.587160e+03 1.584022e-02 9.842846e-01 9.921112e-02
5.587170e+03 1.593899e-02 9.841874e-01 9.920622e-02
5.587180e+03 1.678261e-02 9.833574e-01 9.916438e-02
5.587190e+03 1.694218e-02 9.832005e-01 9.915647e-02
5.587200e+03 1.711396e-02 9.830317e-01 9.914795e-02
5.587210e+03 1.729514e-02 9.828536e-01 9.913897e-02
5.587220e+03 1.748395e-02 9.826680e-01 9.912961e-02
5.587230e+03 1.767930e-02 9.824761e-01 9.911993e-02
5.587240e+03 1.788063e-02 9.822783e-01 9.910995e-02
5.587250e+03 1.896119e-02 9.812174e-01 9.905642e-02
5.587260e+03 1.946009e-02 9.807280e-01 9.903171e-02
5.587270e+03 1.968822e-02 9.805043e-01 9.902042e-02
5.587280e+03 1.994122e-02 9.802563e-01 9.900789e-02
5.587290e+03 2.018159e-02 9.800207e-01 9.899599e-02
5.587300e+03 2.073013e-02 9.794833e-01 9.896885e-02
5.587310e+03 2.098634e-02 9.792323e-01 9.895617e-02
5.587320e+03 2.124987e-02 9.789743e-01 9.894313e-02
5.587330e+03 2.152115e-02 9.787088e-01 9.892971e-02
5.587340e+03 2.180065e-02 9.784353e-01 9.891589e-02
5.587350e+03 2.208889e-02 9.781533e-01 9.890163e-02
5.587360e+03 2.238642e-02 9.778623e-01 9.888692e-02
5.587370e+03 2.269388e-02 9.775617e-01 9.887172e-02
5.587380e+03 2.301196e-02 9.772508e-01 9.885600e-02
5.587390e+03 2.334141e-02 9.769289e-01 9.883971e-02
5.587400e+03 2.368310e-02 9.765951e-01 9.882283e-02
5.587410e+03 2.412668e-02 9.761620e-01 9.880091e-02
5.587420e+03 2.449581e-02 9.758018e-01 9.878268e-02
5.587430e+03 2.479164e-02 9.755131e-01 9.876807e-02
5.587440e+03 2.547749e-02 9.748443e-01 9.873421e-02
5.587450e+03 2.589945e-02 9.744331e-01 9.871338e-02
5.587460e+03 2.634155e-02 9.740024e-01 9.869156e-02
5.587470e+03 2.680580e-02 9.735503e-01 9.866865e-02
5.587480e+03 2.764896e-02 9.727298e-01 9.862706e-02
5.587490e+03 2.860575e-02 9.717995e-01 9.857989e-02
5.587500e+03 2.963620e-02 9.707986e-01 9.852911e-02
5.587510e+03 3.184581e-02 9.686559e-01 9.842032e-02
5.587520e+03 3.384569e-02 9.667207e-01 9.832195e-02
5.587530e+03 3.740963e-02 9.632815e-01 9.814690e-02
5.587540e+03 4.393485e-02 9.570163e-01 9.782721e-02
5.587550e+03 5.571387e-02 9.458097e-01 9.725275e-02
5.587560e+03 7.616771e-02 9.266608e-01 9.626322e-02
5.587570e+03 1.098665e-01 8.959537e-01 9.465483e-02
5.587580e+03 1.621201e-01 8.503391e-01 9.221383e-02
5.587590e+03 2.379576e-01 7.882361e-01 8.878266e-02
5.587600e+03 3.408123e-01 7.111924e-01 8.433222e-02
5.587610e+03 4.694762e-01 6.253297e-01 7.907779e-02
5.587620e+03 6.178815e-01 5.390853e-01 7.342243e-02
5.587630e+03 7.732667e-01 4.615030e-01 6.793401e-02
5.587640e+03 9.202112e-01 3.984349e-01 6.312170e-02
5.587650e+03 1.043793e+00 3.521164e-01 5.933940e-02
5.587660e+03 1.137731e+00 3.205456e-01 5.661675e-02
5.587670e+03 1.214504e+00 2.968572e-01 5.448461e-02
5.587680e+03 1.317234e+00 2.678751e-01 5.175665e-02
5.587690e+03 1.532096e+00 2.160824e-01 4.648466e-02
5.587700e+03 1.998663e+00 1.355164e-01 3.681255e-02
5.587710e+03 2.912946e+00 5.431547e-02 2.330568e-02
5.587720e+03 4.514366e+00 1.095054e-02 1.046448e-02
5.587730e+03 7.047210e+00 8.698324e-04 2.949292e-03
5.587740e+03 1.069242e+01 2.271658e-05 4.766191e-04
5.587750e+03 1.547552e+01 1.901371e-07 4.360472e-05
5.587760e+03 2.117952e+01 6.336550e-10 2.517250e-06
5.587770e+03 2.730075e+01 1.391348e-12 1.179554e-07
5.587780e+03 3.308752e+01 4.268463e-15 6.533347e-09
5.587790e+03 3.767275e+01 4.354435e-17 6.598814e-10
5.587800e+03 4.028215e+01 3.203940e-18 1.789955e-10
5.587810e+03 4.044616e+01 2.719284e-18 1.649025e-10
5.587820e+03 3.813421e+01 2.744868e-17 5.239149e-10
5.587830e+03 3.376438e+01 2.169287e-15 4.657561e-09
5.587840e+03 2.808334e+01 6.361535e-13 7.975923e-08
5.587850e+03 2.195703e+01 2.911958e-10 1.706446e-06
5.587860e+03 1.616923e+01 9.501489e-08 3.082449e-05
5.587870e+03 1.128394e+01 1.257327e-05 3.545881e-04
5.587880e+03 7.612499e+00 4.942354e-04 2.223140e-03
5.587890e+03 5.275921e+00 5.113247e-03 7.150697e-03
5.587900e+03 4.324065e+00 1.324593e-02 1.150910e-02
5.587910e+03 4.863318e+00 7.724808e-03 8.789089e-03
5.587920e+03 7.148057e+00 7.863902e-04 2.804265e-03
5.587930e+03 1.160121e+01 9.155036e-06 3.025729e-04
5.587940e+03 1.873519e+01 7.301480e-09 8.544870e-06
5.587950e+03 2.897941e+01 2.596576e-13 5.095661e-08
5.587960e+03 4.242821e+01 3.746811e-19 6.121120e-11
5.587970e+03 5.857927e+01 3.625317e-26 1.904026e-14
5.587980e+03 7.618183e+01 8.215855e-34 2.866331e-18
5.587990e+03 9.328062e+01 3.081343e-41 5.550984e-22
5.588000e+03 1.075199e+02 2.016938e-47 4.491033e-25
5.588010e+03 1.166540e+02 2.176686e-51 4.665497e-27
5.588020e+03 1.191274e+02 1.835039e-52 1.354636e-27
5.588030e+03 1.145038e+02 1.869054e-50 1.367134e-26
5.588040e+03 1.035932e+02 1.023446e-45 3.199134e-24
5.588050e+03 8.821914e+01 4.863097e-39 6.973591e-21
5.588060e+03 7.072087e+01 1.933367e-31 4.397007e-17
5.588070e+03 5.337550e+01 6.596509e-24 2.568367e-13
5.588080e+03 3.793523e+01 3.349171e-17 5.787202e-10
5.588090e+03 2.539977e+01 9.311468e-12 3.051470e-07
5.588100e+03 1.603266e+01 1.089193e-07 3.300292e-05
5.588110e+03 9.553225e+00 7.097198e-05 8.424487e-04
5.588120e+03 5.387628e+00 4.572808e-03 6.762254e-03
5.588130e+03 2.891612e+00 5.548668e-02 2.355561e-02
5.588140e+03 1.493719e+00 2.245360e-01 4.738523e-02
5.588150e+03 7.601331e-01 4.676042e-01 6.838159e-02
5.588160e+03 3.990228e-01 6.709754e-01 8.191309e-02
5.588170e+03 2.310138e-01 7.937285e-01 8.909144e-02
5.588180e+03 1.560944e-01 8.554785e-01 9.249208e-02
5.588190e+03 1.252662e-01 8.822620e-01 9.392880e-02
5.588200e+03 1.114948e-01 8.944961e-01 9.457780e-02
5.588210e+03 1.057031e-01 8.996918e-01 9.485208e-02
5.588220e+03 1.031831e-01 9.019618e-01 9.497167e-02
5.588230e+03 1.018231e-01 9.031893e-01 9.503627e-02
5.588240e+03 1.019632e-01 9.030628e-01 9.502962e-02
5.588250e+03 1.020640e-01 9.029717e-01 9.502482e-02
5.588260e+03 1.027401e-01 9.023615e-01 9.499271e-02
5.588270e+03 1.040244e-01 9.012033e-01 9.493173e-02
5.588280e+03 1.068524e-01 8.986583e-01 9.479759e-02
5.588290e+03 1.101216e-01 8.957253e-01 9.464276e-02
5.588300e+03 1.135053e-01 8.926995e-01 9.448278e-02
5.588310e+03 1.181200e-01 8.885894e-01 9.426502e-02
5.588320e+03 1.225594e-01 8.846534e-01 9.405601e-02
5.588330e+03 1.275639e-01 8.802372e-01 9.382096e-02
5.588340e+03 1.318813e-01 8.764450e-01 9.361864e-02
5.588350e+03 1.368437e-01 8.721065e-01 9.338664e-02
5.588360e+03 1.398454e-01 8.694927e-01 9.324659e-02
5.588370e+03 1.420277e-01 8.675972e-01 9.314490e-02
5.588380e+03 1.455286e-01 8.645652e-01 9.298200e-02
5.588390e+03 1.470721e-01 8.632317e-01 9.291027e-02
5.588400e+03 1.495340e-01 8.611092e-01 9.279597e-02
5.588410e+03 1.550307e-01 8.563889e-01 9.254128e-02
5.588420e+03 1.689164e-01 8.445795e-01 9.190101e-02
5.588430e+03 2.002745e-01 8.185060e-01 9.047132e-02
5.588440e+03 2.715892e-01 7.621673e-01 8.730219e-02
5.588450e+03 4.251249e-01 6.536881e-01 8.085098e-02
5.588460e+03 7.344268e-01 4.797804e-01 6.926618e-02
5.588470e+03 1.317348e+00 2.678447e-01 5.175372e-02
5.588480e+03 2.333610e+00 9.694517e-02 3.113602e-02
5.588490e+03 3.969882e+00 1.887566e-02 1.373887e-02
5.588500e+03 6.393983e+00 1.671585e-03 4.088502e-03
5.588510e+03 9.684328e+00 6.225151e-05 7.889963e-04
5.588520e+03 1.375392e+01 1.063528e-06 1.031275e-04
5.588530e+03 1.830054e+01 1.127657e-08 1.061912e-05
5.588540e+03 2.282906e+01 1.217493e-10 1.103401e-06
5.588550e+03 2.674685e+01 2.420986e-12 1.555952e-07
5.588560e+03 2.952006e+01 1.512170e-13 3.888663e-08
5.588570e+03 3.082294e+01 4.109291e-14 2.027139e-08
5.588580e+03 3.062118e+01 5.027959e-14 2.242311e-08
5.588590e+03 2.916022e+01 2.167083e-13 4.655194e-08
5.588600e+03 2.687707e+01 2.125389e-12 1.457871e-07
5.588610e+03 2.430197e+01 2.791175e-11 5.283157e-07
5.588620e+03 2.198578e+01 2.829429e-10 1.682091e-06
5.588630e+03 2.047134e+01 1.286499e-09 3.586780e-06
5.588640e+03 2.027786e+01 1.561128e-09 3.951111e-06
5.588650e+03 2.188195e+01 3.138989e-10 1.771719e-06
5.588660e+03 2.570118e+01 6.888435e-12 2.624583e-07
5.588670e+03 3.212554e+01 1.117007e-14 1.056885e-08
5.588680e+03 4.164607e+01 8.191052e-19 9.050443e-11
5.588690e+03 5.503640e+01 1.253128e-24 1.119432e-13
5.588700e+03 7.348961e+01 1.213023e-32 1.101373e-17
5.588710e+03 9.849565e+01 1.674493e-43 4.092057e-23
5.588720e+03 1.312923e+02 9.560785e-58 3.092052e-30
5.588730e+03 1.718957e+02 2.221543e-75 4.713325e-39
5.588740e+03 2.180397e+02 2.025631e-95 4.500701e-49
5.588750e+03 2.646547e+02 1.153260e-115 3.395969e-59
5.588760e+03 3.044740e+02 5.870034e-133 7.661614e-68
5.588770e+03 3.299616e+02 5.005944e-144 2.237397e-73
5.588780e+03 3.359568e+02 1.246895e-146 1.116645e-74
5.588790e+03 3.218737e+02 1.629329e-140 1.276452e-71
5.588800e+03 2.923601e+02 1.070617e-127 3.272028e-65
5.588810e+03 2.559685e+02 6.827854e-112 2.613016e-57
5.588820e+03 2.224328e+02 2.504100e-97 5.004098e-50
5.588830e+03 1.996826e+02 1.900812e-87 4.359830e-45
5.588840e+03 1.917165e+02 5.477643e-84 2.340437e-43
5.588850e+03 1.978782e+02 1.155051e-86 1.074733e-44
5.588860e+03 2.134984e+02 1.900298e-93 4.359241e-48
5.588870e+03 2.315157e+02 2.844543e-101 5.333426e-52
5.588880e+03 2.445769e+02 6.047870e-107 7.776805e-55
5.588890e+03 2.471033e+02 4.834975e-108 2.198858e-55
5.588900e+03 2.368220e+02 1.410956e-103 3.756270e-53
5.588910e+03 2.153129e+02 3.096083e-94 1.759569e-48
5.588920e+03 1.874868e+02 3.762745e-82 1.939780e-42
5.588930e+03 1.602584e+02 2.515758e-70 1.586114e-36
5.588940e+03 1.409892e+02 5.877376e-62 2.424330e-32
5.588950e+03 1.362656e+02 6.615904e-60 2.572140e-31
5.588960e+03 1.512257e+02 2.106314e-66 1.451315e-34
5.588970e+03 1.892754e+02 6.291069e-83 7.931626e-43
5.588980e+03 2.518710e+02 4.109784e-110 2.027260e-56
5.588990e+03 3.381053e+02 1.454564e-147 3.813874e-75
5.589000e+03 4.441410e+02 1.294216e-193 3.597521e-98
5.589010e+03 5.627918e+02 3.824888e-245 6.184568e-124
5.589020e+03 6.837173e+02 1.162438e-297 3.409454e-150
5.589030e+03 7.945060e+02 0.000000e+00 0.000000e+00
5.589040e+03 8.826679e+02 0.000000e+00 0.000000e+00
5.589050e+03 9.381308e+02 0.000000e+00 0.000000e+00
5.589060e+03 9.555590e+02 0.000000e+00 0.000000e+00
5.589070e+03 9.357660e+02 0.000000e+00 0.000000e+00
5.589080e+03 8.857030e+02 0.000000e+00 0.000000e+00
5.589090e+03 8.169360e+02 0.000000e+00 0.000000e+00
5.589100e+03 7.430065e+02 1.976263e-323 4.445517e-163
5.589110e+03 6.763810e+02 1.784346e-294 1.335794e-148
5.589120e+03 6.258051e+02 1.645463e-272 1.282756e-137
5.589130e+03 5.947372e+02 5.116007e-259 7.152627e-131
5.589140e+03 5.811883e+02 3.918687e-253 6.259941e-128
5.589150e+03 5.789780e+02 3.573116e-252 1.890269e-127
5.589160e+03 5.799830e+02 1.307968e-252 1.143664e-127
5.589170e+03 5.767818e+02 3.212378e-251 5.667784e-127
5.589180e+03 5.649631e+02 4.361703e-246 2.088469e-124
5.589190e+03 5.444653e+02 3.481136e-237 5.900116e-120
5.589200e+03 5.195526e+02 2.297075e-226 1.515610e-114
5.589210e+03 4.973747e+02 9.837773e-217 9.918555e-110
5.589220e+03 4.854704e+02 1.455032e-211 3.814488e-107
5.589230e+03 4.889296e+02 4.576966e-213 6.765328e-108
5.589240e+03 5.082331e+02 1.893003e-221 4.350865e-112
5.589250e+03 5.386660e+02 1.149011e-234 1.071919e-118
5.589260e+03 5.717406e+02 4.968419e-249 7.048701e-126
5.589270e+03 5.982341e+02 1.549702e-260 1.244870e-131
5.589280e+03 6.116507e+02 2.309290e-266 1.519635e-134
5.589290e+03 6.106834e+02 6.075282e-266 2.464809e-134
5.589300e+03 5.997819e+02 3.296269e-261 5.741314e-132
5.589310e+03 5.878611e+02 4.956541e-256 2.226329e-129
5.589320e+03 5.860668e+02 2.981374e-255 5.460196e-129
5.589330e+03 6.057140e+02 8.744553e-264 2.957119e-133
5.589340e+03 6.571969e+02 3.828521e-286 1.956661e-144
5.589350e+03 7.500772e+02 0.000000e+00 0.000000e+00
5.589360e+03 8.940741e+02 0.000000e+00 0.000000e+00
5.589370e+03 1.100306e+03 0.000000e+00 0.000000e+00
5.589380e+03 1.381771e+03 0.000000e+00 0.000000e+00
5.589390e+03 1.751744e+03 0.000000e+00 0.000000e+00
5.589400e+03 2.218956e+03 0.000000e+00 0.000000e+00
5.589410e+03 2.779616e+03 0.000000e+00 0.000000e+00
5.589420e+03 3.408730e+03 0.000000e+00 0.000000e+00
5.589430e+03 4.055574e+03 0.000000e+00 0.000000e+00
5.589440e+03 4.648635e+03 0.000000e+00 0.000000e+00
5.589450e+03 5.112013e+03 0.000000e+00 0.000000e+00
5.589460e+03 5.388802e+03 0.000000e+00 0.000000e+00
5.589470e+03 5.461169e+03 0.000000e+00 0.000000e+00
5.589480e+03 5.356168e+03 0.000000e+00 0.000000e+00
5.589490e+03 5.133026e+03 0.000000e+00 0.000000e+00
5.589500e+03 4.857806e+03 0.000000e+00 0.000000e+00
5.589510e+03 4.578473e+03 0.000000e+00 0.000000e+00
5.589520e+03 4.312408e+03 0.000000e+00 0.000000e+00
5.589530e+03 4.050355e+03 0.000000e+00 0.000000e+00
5.589540e+03 3.771500e+03 0.000000e+00 0.000000e+00
5.589550e+03 3.459836e+03 0.000000e+00 0.000000e+00
5.589560e+03 3.113797e+03 0.000000e+00 0.000000e+00
5.589570e+03 2.746740e+03 0.000000e+00 0.000000e+00
5.589580e+03 2.380859e+03 0.000000e+00 0.000000e+00
5.589590e+03 2.039056e+03 0.000000e+00 0.000000e+00
5.589600e+03 1.738423e+03 0.000000e+00 0.000000e+00
5.589610e+03 1.486996e+03 0.000000e+00 0.000000e+00
5.589620e+03 1.283661e+03 0.000000e+00 0.000000e+00
5.589630e+03 1.120386e+03 0.000000e+00 0.000000e+00
5.589640e+03 9.857161e+02 0.000000e+00 0.000000e+00
5.589650e+03 8.685352e+02 0.000000e+00 0.000000e+00
5.589660e+03 7.611296e+02 0.000000e+00 0.000000e+00
5.589670e+03 6.608160e+02 1.026254e-287 3.203520e-145
5.589680e+03 5.698143e+02 3.410209e-248 1.846675e-125
5.589690e+03 4.937224e+02 3.793990e-215 6.159537e-109
5.589700e+03 4.393834e+02 1.507355e-191 3.882467e-97
5.589710e+03 4.129997e+02 4.330007e-180 2.080867e-91
5.589720e+03 4.189386e+02 1.140985e-182 1.068169e-92
5.589730e+03 4.591190e+02 4.047096e-200 2.011740e-101
5.589740e+03 5.326347e+02 4.782653e-232 2.186928e-117
5.589750e+03 6.353551e+02 1.171644e-276 1.082425e-139
5.589760e+03 7.595707e+02 0.000000e+00 0.000000e+00
5.589770e+03 8.940429e+02 0.000000e+00 0.000000e+00
5.589780e+03 1.024818e+03 0.000000e+00 0.000000e+00
5.589790e+03 1.136941e+03 0.000000e+00 0.000000e+00
5.589800e+03 1.216821e+03 0.000000e+00 0.000000e+00
5.589810e+03 1.254627e+03 0.000000e+00 0.000000e+00
5.589820e+03 1.246027e+03 0.000000e+00 0.000000e+00
5.589830e+03 1.192762e+03 0.000000e+00 0.000000e+00
5.589840e+03 1.101970e+03 0.000000e+00 0.000000e+00
5.589850e+03 9.845533e+02 0.000000e+00 0.000000e+00
5.589860e+03 8.531615e+02 0.000000e+00 0.000000e+00
5.589870e+03 7.203033e+02 1.500545e-313 3.873686e-158
5.589880e+03 5.969418e+02 5.642664e-260 2.375429e-131
5.589890e+03 4.916853e+02 2.909151e-214 1.705623e-108
5.589900e+03 4.104767e+02 5.398209e-179 7.347250e-91
5.589910e+03 3.566135e+02 1.332724e-155 3.650649e-79
5.589920e+03 3.308992e+02 1.960280e-144 1.400100e-73
5.589930e+03 3.317950e+02 8.003259e-145 8.946093e-74
5.589940e+03 3.555719e+02 3.776306e-155 6.145166e-79
5.589950e+03 3.965718e+02 5.902645e-173 7.682867e-88
5.589960e+03 4.477082e+02 3.654224e-195 6.045018e-99
5.589970e+03 5.012919e+02 1.957399e-218 1.399071e-110
5.589980e+03 5.500531e+02 1.303067e-239 3.609802e-121
5.589990e+03 5.881064e+02 3.878428e-256 1.969373e-129
5.590000e+03 6.115993e+02 2.431145e-266 1.559213e-134
5.590010e+03 6.189295e+02 1.593378e-269 3.991714e-136
5.590020e+03 6.106213e+02 6.464448e-266 2.542528e-134
5.590030e+03 5.890458e+02 1.515810e-256 1.231182e-129
5.590040e+03 5.581083e+02 4.136488e-243 6.431553e-123
5.590050e+03 5.229338e+02 7.811310e-228 2.794872e-115
5.590060e+03 4.894519e+02 2.714777e-213 5.210352e-108
5.590070e+03 4.638344e+02 3.624597e-202 1.903837e-102
5.590080e+03 4.517247e+02 6.583249e-197 8.113722e-100
5.590090e+03 4.572746e+02 2.559680e-199 5.059328e-101
5.590100e+03 4.820154e+02 4.606290e-210 2.146227e-106
5.590110e+03 5.237172e+02 3.568696e-228 1.889099e-115
5.590120e+03 5.756811e+02 9.657938e-251 9.827481e-127
5.590130e+03 6.270467e+02 4.754254e-273 6.895110e-138
5.590140e+03 6.646256e+02 2.273779e-289 4.768415e-146
5.590150e+03 6.761714e+02 2.200321e-294 1.483348e-148
5.590160e+03 6.541039e+02 8.439191e-285 9.186507e-144
5.590170e+03 5.981551e+02 1.676974e-260 1.294980e-131
5.590180e+03 5.156353e+02 1.154617e-224 1.074531e-113
5.590190e+03 4.191394e+02 9.334463e-183 9.661502e-93
5.590200e+03 3.227254e+02 6.952201e-141 8.337986e-72
5.590210e+03 2.382777e+02 3.290806e-104 1.814058e-53
5.590220e+03 1.734153e+02 4.860505e-76 2.204655e-39
5.590230e+03 1.313185e+02 9.313559e-58 3.051812e-30
5.590240e+03 1.119278e+02 2.456882e-49 4.956694e-26
5.590250e+03 1.135388e+02 4.905836e-50 2.214912e-26
5.590260e+03 1.340152e+02 6.279884e-59 7.924572e-31
5.590270e+03 1.712503e+02 4.235724e-75 6.508244e-39
5.590280e+03 2.229689e+02 1.464941e-97 3.827454e-50
5.590290e+03 2.861897e+02 5.121667e-125 7.156582e-64
5.590300e+03 3.567307e+02 1.185333e-155 3.442866e-79
5.590310e+03 4.291006e+02 4.405457e-187 6.637362e-95
5.590320e+03 4.969784e+02 1.462300e-216 1.209256e-109
5.590330e+03 5.543075e+02 1.850676e-241 4.301949e-122
5.590340e+03 5.968264e+02 6.332387e-260 2.516423e-131
5.590350e+03 6.236688e+02 1.393480e-271 3.732935e-137
5.590360e+03 6.385329e+02 4.882946e-278 2.209739e-140
5.590370e+03 6.499428e+02 5.412680e-283 7.357091e-143
5.590380e+03 6.702534e+02 8.177756e-292 2.859678e-147
5.590390e+03 7.133619e+02 1.551829e-310 1.245724e-156
5.590400e+03 7.914919e+02 0.000000e+00 0.000000e+00
5.590410e+03 9.118513e+02 0.000000e+00 0.000000e+00
5.590420e+03 1.074273e+03 0.000000e+00 0.000000e+00
5.590430e+03 1.270975e+03 0.000000e+00 0.000000e+00
5.590440e+03 1.489072e+03 0.000000e+00 0.000000e+00
5.590450e+03 1.715303e+03 0.000000e+00 0.000000e+00
5.590460e+03 1.940697e+03 0.000000e+00 0.000000e+00
5.590470e+03 2.161706e+03 0.000000e+00 0.000000e+00
5.590480e+03 2.375191e+03 0.000000e+00 0.000000e+00
5.590490e+03 2.568726e+03 0.000000e+00 0.000000e+00
5.590500e+03 2.712841e+03 0.000000e+00 0.000000e+00
5.590510e+03 2.763714e+03 0.000000e+00 0.000000e+00
5.590520e+03 2.679491e+03 0.000000e+00 0.000000e+00
5.590530e+03 2.443093e+03 0.000000e+00 0.000000e+00
5.590540e+03 2.077193e+03 0.000000e+00 0.000000e+00
5.590550e+03 1.640466e+03 0.000000e+00 0.000000e+00
5.590560e+03 1.206485e+03 0.000000e+00 0.000000e+00
5.590570e+03 8.379287e+02 0.000000e+00 0.000000e+00
5.590580e+03 5.701127e+02 2.530546e-248 1.590769e-125
5.590590e+03 4.096014e+02 1.295341e-178 1.138130e-90
5.590600e+03 3.437214e+02 5.292710e-150 2.300589e-76
5.590610e+03 3.524541e+02 8.533820e-154 2.921270e-78
5.590620e+03 4.164601e+02 1.360445e-181 3.688421e-92
5.590630e+03 5.197313e+02 1.921081e-226 1.386031e-114
5.590640e+03 6.487652e+02 1.757304e-282 1.325633e-142
5.590650e+03 7.908516e+02 0.000000e+00 0.000000e+00
5.590660e+03 9.330885e+02 0.000000e+00 0.000000e+00
5.590670e+03 1.062516e+03 0.000000e+00 0.000000e+00
5.590680e+03 1.167044e+03 0.000000e+00 0.000000e+00
5.590690e+03 1.236700e+03 0.000000e+00 0.000000e+00
5.590700e+03 1.264882e+03 0.000000e+00 0.000000e+00
5.590710e+03 1.249406e+03 0.000000e+00 0.000000e+00
5.590720e+03 1.193188e+03 0.000000e+00 0.000000e+00
5.590730e+03 1.104293e+03 0.000000e+00 0.000000e+00
5.590740e+03 9.951439e+02 0.000000e+00 0.000000e+00
5.590750e+03 8.808251e+02 0.000000e+00 0.000000e+00
5.590760e+03 7.767283e+02 0.000000e+00 0.000000e+00
5.590770e+03 6.960081e+02 5.339782e-303 7.307381e-153
5.590780e+03 6.474637e+02 6.458071e-282 2.541273e-142
5.590790e+03 6.343197e+02 3.299460e-276 1.816442e-139
5.590800e+03 6.541583e+02 7.992120e-285 8.939866e-144
5.590810e+03 6.999456e+02 1.041102e-304 1.020344e-153
5.590820e+03 7.617991e+02 0.000000e+00 0.000000e+00
5.590830e+03 8.290221e+02 0.000000e+00 0.000000e+00
5.590840e+03 8.918765e+02 0.000000e+00 0.000000e+00
5.590850e+03 9.427745e+02 0.000000e+00 0.000000e+00
5.590860e+03 9.767312e+02 0.000000e+00 0.000000e+00
5.590870e+03 9.912099e+02 0.000000e+00 0.000000e+00
5.590880e+03 9.855764e+02 0.000000e+00 0.000000e+00
5.590890e+03 9.604423e+02 0.000000e+00 0.000000e+00
5.590900e+03 9.171105e+02 0.000000e+00 0.000000e+00
5.590910e+03 8.572847e+02 0.000000e+00 0.000000e+00
5.590920e+03 7.830984e+02 0.000000e+00 0.000000e+00
5.590930e+03 6.973650e+02 1.374735e-303 3.707742e-153
5.590940e+03 6.038479e+02 5.652045e-263 7.518008e-133
5.590950e+03 5.072634e+02 4.992430e-221 7.065713e-112
5.590960e+03 4.128361e+02 5.100104e-180 2.258341e-91
5.590970e+03 3.255111e+02 4.288512e-142 2.070872e-72
5.590980e+03 2.491028e+02 6.546874e-109 8.091276e-56
5.590990e+03 1.857332e+02 2.173175e-81 4.661732e-42
5.591000e+03 1.357642e+02 1.092292e-59 3.304985e-31
5.591010e+03 9.815509e+01 2.353883e-43 4.851683e-23
5.591020e+03 7.104961e+01 1.391707e-31 3.730559e-17
5.591030e+03 5.235955e+01 1.821942e-23 4.268421e-13
5.591040e+03 4.017806e+01 3.555402e-18 1.885577e-10
5.591050e+03 3.296758e+01 4.812404e-15 6.937149e-09
5.591060e+03 2.953929e+01 1.483372e-13 3.851456e-08
5.591070e+03 2.890403e+01 2.799883e-13 5.291392e-08
5.591080e+03 3.009528e+01 8.507170e-14 2.916705e-08
5.591090e+03 3.207748e+01 1.172005e-14 1.082592e-08
5.591100e+03 3.381265e+01 2.067062e-15 4.546495e-09
5.591110e+03 3.446085e+01 1.081046e-15 3.287927e-09
5.591120e+03 3.364426e+01 2.446142e-15 4.945849e-09
5.591130e+03 3.163872e+01 1.817523e-14 1.348156e-08
5.591140e+03 2.945136e+01 1.619702e-13 4.024552e-08
5.591150e+03 2.877079e+01 3.198943e-13 5.655920e-08
5.591160e+03 3.184769e+01 1.474762e-14 1.214398e-08
5.591170e+03 4.128095e+01 1.180085e-18 1.086317e-10
5.591180e+03 5.962168e+01 1.278298e-26 1.130619e-14
5.591190e+03 8.865784e+01 3.136084e-39 5.600075e-21
5.591200e+03 1.283861e+02 1.748293e-56 1.322230e-29
5.591210e+03 1.759956e+02 3.682064e-77 6.068001e-40
5.591220e+03 2.254808e+02 1.188318e-98 1.090100e-50
5.591230e+03 2.684710e+02 2.538167e-117 5.038022e-60
5.591240e+03 2.963721e+02 1.937493e-129 4.401696e-66
5.591250e+03 3.031312e+02 2.247937e-132 1.499312e-67
5.591260e+03 2.873948e+02 1.534756e-125 3.917597e-64
5.591270e+03 2.529738e+02 1.364250e-110 1.168011e-56
5.591280e+03 2.074057e+02 8.411014e-91 9.171158e-47
5.591290e+03 1.593472e+02 6.257334e-70 2.501466e-36
5.591300e+03 1.160393e+02 4.025036e-51 6.344318e-27
5.591310e+03 8.181471e+01 2.939839e-36 1.714596e-19
5.591320e+03 5.792585e+01 6.968210e-26 2.639737e-14
5.591330e+03 4.333122e+01 1.518767e-19 3.897136e-11
5.591340e+03 3.586999e+01 2.641565e-16 1.625289e-09
5.591350e+03 3.335332e+01 3.272165e-15 5.720284e-09
5.591360e+03 3.435721e+01 1.199100e-15 3.462802e-09
5.591370e+03 3.867967e+01 1.590856e-17 3.988554e-10
5.591380e+03 4.748964e+01 2.374158e-21 4.872533e-12
5.591390e+03 6.315104e+01 3.748455e-28 1.936093e-15
5.591400e+03 8.871529e+01 2.960992e-39 5.441500e-21
5.591410e+03 1.271212e+02 6.194043e-56 2.488783e-29
5.591420e+03 1.802738e+02 5.106001e-79 7.145629e-41
5.591430e+03 2.483174e+02 1.435958e-108 1.198315e-55
5.591440e+03 3.294668e+02 8.210541e-144 2.865404e-73
5.591450e+03 4.205878e+02 2.193057e-183 4.683008e-93
5.591460e+03 5.183590e+02 7.578043e-226 2.752824e-114
5.591470e+03 6.204334e+02 3.541449e-270 1.881874e-136
5.591480e+03 7.258580e+02 5.805772e-316 2.409517e-159
5.591490e+03 8.342403e+02 0.000000e+00 0.000000e+00
5.591500e+03 9.438111e+02 0.000000e+00 0.000000e+00
5.591510e+03 1.049351e+03 0.000000e+00 0.000000e+00
5.591520e+03 1.141394e+03 0.000000e+00 0.000000e+00
5.591530e+03 1.207894e+03 0.000000e+00 0.000000e+00
5.591540e+03 1.238361e+03 0.000000e+00 0.000000e+00
5.591550e+03 1.229032e+03 0.000000e+00 0.000000e+00
5.591560e+03 1.186667e+03 0.000000e+00 0.000000e+00
5.591570e+03 1.128996e+03 0.000000e+00 0.000000e+00
5.591580e+03 1.081503e+03 0.000000e+00 0.000000e+00
5.591590e+03 1.072021e+03 0.000000e+00 0.000000e+00
5.591600e+03 1.125390e+03 0.000000e+00 0.000000e+00
5.591610e+03 1.259624e+03 0.000000e+00 0.000000e+00
5.591620e+03 1.483437e+03 0.000000e+00 0.000000e+00
5.591630e+03 1.793963e+03 0.000000e+00 0.000000e+00
5.591640e+03 2.173934e+03 0.000000e+00 0.000000e+00
5.591650e+03 2.589358e+03 0.000000e+00 0.000000e+00
5.591660e+03 2.990359e+03 0.000000e+00 0.000000e+00
5.591670e+03 3.317796e+03 0.000000e+00 0.000000e+00
5.591680e+03 3.515973e+03 0.000000e+00 0.000000e+00
5.591690e+03 3.548076e+03 0.000000e+00 0.000000e+00
5.591700e+03 3.408292e+03 0.000000e+00 0.000000e+00
5.591710e+03 3.124895e+03 0.000000e+00 0.000000e+00
5.591720e+03 2.752173e+03 0.000000e+00 0.000000e+00
5.591730e+03 2.354014e+03 0.000000e+00 0.000000e+00
5.591740e+03 1.985588e+03 0.000000e+00 0.000000e+00
5.591750e+03 1.679971e+03 0.000000e+00 0.000000e+00
5.591760e+03 1.443928e+03 0.000000e+00 0.000000e+00
5.591770e+03 1.263036e+03 0.000000e+00 0.000000e+00
5.591780e+03 1.112762e+03 0.000000e+00 0.000000e+00
5.591790e+03 9.704180e+02 0.000000e+00 0.000000e+00
5.591800e+03 8.233706e+02 0.000000e+00 0.000000e+00
5.591810e+03 6.712374e+02 3.056936e-292 1.748410e-147
5.591820e+03 5.226264e+02 1.062263e-227 3.259238e-115
5.591830e+03 3.891469e+02 9.900622e-170 3.146525e-86
5.591840e+03 2.798928e+02 2.780269e-122 1.667414e-62
5.591850e+03 1.984955e+02 6.230305e-87 7.893228e-45
5.591860e+03 1.431038e+02 7.092539e-63 8.421721e-33
5.591870e+03 1.082819e+02 9.413466e-48 3.068137e-25
5.591880e+03 8.741603e+01 1.085682e-38 1.041961e-20
5.591890e+03 7.459541e+01 4.014448e-33 6.335967e-18
5.591900e+03 6.556305e+01 3.359919e-29 5.796481e-16
5.591910e+03 5.787590e+01 7.325152e-26 2.706502e-14
5.591920e+03 5.057306e+01 1.087426e-22 1.042797e-12
5.591930e+03 4.365251e+01 1.101429e-19 3.318778e-11
5.591940e+03 3.755131e+01 4.916701e-17 7.011919e-10
5.591950e+03 3.273835e+01 6.052236e-15 7.779612e-09
5.591960e+03 2.947059e+01 1.588856e-13 3.986046e-08
5.591970e+03 2.771016e+01 9.239140e-13 9.612044e-08
5.591980e+03 2.716391e+01 1.595384e-12 1.263085e-07
5.591990e+03 2.737889e+01 1.286760e-12 1.134355e-07
5.592000e+03 2.783041e+01 8.192349e-13 9.051160e-08
5.592010e+03 2.799659e+01 6.938024e-13 8.329480e-08
5.592020e+03 2.742903e+01 1.223832e-12 1.106269e-07
5.592030e+03 2.583297e+01 6.037846e-12 2.457203e-07
5.592040e+03 2.315058e+01 8.827325e-11 9.395384e-07
5.592050e+03 1.959073e+01 3.103509e-09 5.570915e-06
5.592060e+03 1.557795e+01 1.716265e-07 4.142783e-05
5.592070e+03 1.162187e+01 8.967836e-06 2.994635e-04
5.592080e+03 8.174499e+00 2.817476e-04 1.678534e-03
5.592090e+03 5.526750e+00 3.978901e-03 6.307853e-03
5.592100e+03 3.803481e+00 2.229303e-02 1.493085e-02
5.592110e+03 3.029152e+00 4.835663e-02 2.199014e-02
5.592120e+03 3.244622e+00 3.898331e-02 1.974419e-02
5.592130e+03 4.620549e+00 9.847384e-03 9.923399e-03
5.592140e+03 7.538630e+00 5.321262e-04 2.306786e-03
5.592150e+03 1.261895e+01 3.308703e-06 1.818984e-04
5.592160e+03 2.069841e+01 1.025166e-09 3.201821e-06
5.592170e+03 3.274244e+01 6.027511e-15 7.763704e-09
5.592180e+03 4.971459e+01 2.565836e-22 1.601823e-12
5.592190e+03 7.242430e+01 3.519850e-32 1.876126e-17
5.592200e+03 1.013907e+02 9.258877e-45 9.622306e-24
5.592210e+03 1.367453e+02 4.095224e-60 2.023666e-31
5.592220e+03 1.781616e+02 4.220776e-78 2.054453e-40
5.592230e+03 2.247694e+02 2.420309e-98 1.555734e-50
5.592240e+03 2.750060e+02 3.684825e-120 1.919590e-61
5.592250e+03 3.264104e+02 1.744856e-142 1.320930e-72
5.592260e+03 3.754735e+02 8.588872e-164 2.930678e-83
5.592270e+03 4.177233e+02 3.846479e-182 1.961244e-92
5.592280e+03 4.481997e+02 2.235366e-195 4.727966e-99
5.592290e+03 4.623543e+02 1.592438e-201 3.990536e-102
5.592300e+03 4.571654e+02 2.854934e-199 5.343158e-101
5.592310e+03 4.320857e+02 2.226134e-188 1.492023e-95
5.592320e+03 3.894535e+02 7.285893e-170 2.699239e-86
5.592330e+03 3.341314e+02 7.737089e-146 2.781562e-74
5.592340e+03 2.724770e+02 4.621267e-119 6.797990e-61
5.592350e+03 2.109768e+02 2.365698e-92 1.538083e-47
5.592360e+03 1.549957e+02 4.855334e-68 2.203482e-35
5.592370e+03 1.079952e+02 1.254001e-47 3.541188e-25
5.592380e+03 7.135902e+01 1.021340e-31 3.195840e-17
5.592390e+03 4.473064e+01 3.747397e-20 1.935819e-11
5.592400e+03 2.662422e+01 2.736844e-12 1.654341e-07
5.592410e+03 1.507752e+01 2.830836e-07 5.320560e-05
5.592420e+03 8.158341e+00 2.863372e-04 1.692150e-03
5.592430e+03 4.253564e+00 1.421348e-02 1.192203e-02
5.592440e+03 2.172764e+00 1.138625e-01 3.374352e-02
5.592450e+03 1.121449e+00 3.258075e-01 5.707955e-02
5.592460e+03 6.147758e-01 5.407621e-01 7.353653e-02
5.592470e+03 3.786054e-01 6.848158e-01 8.275360e-02
5.592480e+03 2.701029e-01 7.633010e-01 8.736710e-02
5.592490e+03 2.183838e-01 8.038169e-01 8.965584e-02
5.592500e+03 1.922719e-01 8.250825e-01 9.083405e-02
5.592510e+03 1.793365e-01 8.358246e-01 9.142344e-02
5.592520e+03 1.771158e-01 8.376828e-01 9.152501e-02
5.592530e+03 1.891827e-01 8.276353e-01 9.097446e-02
5.592540e+03 2.251606e-01 7.983880e-01 8.935256e-02
5.592550e+03 3.031042e-01 7.385221e-01 8.593731e-02
5.592560e+03 4.406891e-01 6.435928e-01 8.022423e-02
5.592570e+03 6.561257e-01 5.188577e-01 7.203178e-02
5.592580e+03 9.557801e-01 3.845121e-01 6.200904e-02
5.592590e+03 1.324974e+00 2.658099e-01 5.155676e-02
5.592600e+03 1.721258e+00 1.788410e-01 4.228960e-02
5.592610e+03 2.079770e+00 1.249589e-01 3.534953e-02
5.592620e+03 2.327190e+00 9.756950e-02 3.123612e-02
5.592630e+03 2.406745e+00 9.010809e-02 3.001801e-02
5.592640e+03 2.298667e+00 1.003926e-01 3.168479e-02
5.592650e+03 2.027814e+00 1.316229e-01 3.627987e-02
5.592660e+03 1.654090e+00 1.912660e-01 4.373397e-02
5.592670e+03 1.250681e+00 2.863097e-01 5.350792e-02
5.592680e+03 8.806240e-01 4.145242e-01 6.438355e-02
5.592690e+03 5.831880e-01 5.581162e-01 7.470718e-02
5.592700e+03 3.696613e-01 6.909683e-01 8.312450e-02
5.592710e+03 2.313983e-01 7.934233e-01 8.907431e-02
5.592720e+03 1.499587e-01 8.607435e-01 9.277626e-02
5.592730e+03 1.056052e-01 8.997798e-01 9.485672e-02
5.592740e+03 8.336984e-02 9.200108e-01 9.591719e-02
5.592750e+03 7.190364e-02 9.306206e-01 9.646868e-02
5.592760e+03 6.655386e-02 9.356125e-01 9.672707e-02
5.592770e+03 6.357930e-02 9.383997e-01 9.687103e-02
5.592780e+03 6.158122e-02 9.402766e-01 9.696786e-02
5.592790e+03 5.998134e-02 9.417821e-01 9.704546e-02
5.592800e+03 5.714527e-02 9.444569e-01 9.718317e-02
5.592810e+03 5.562492e-02 9.458939e-01 9.725707e-02
5.592820e+03 5.444951e-02 9.470063e-01 9.731425e-02
5.592830e+03 5.332065e-02 9.480760e-01 9.736919e-02
5.592840e+03 5.223547e-02 9.491054e-01 9.742204e-02
5.592850e+03 5.119136e-02 9.500968e-01 9.747291e-02
5.592860e+03 5.018590e-02 9.510526e-01 9.752193e-02
5.592870e+03 4.921688e-02 9.519746e-01 9.756919e-02
5.592880e+03 4.828227e-02 9.528648e-01 9.761479e-02
5.592890e+03 4.738017e-02 9.537248e-01 9.765883e-02
5.592900e+03 4.607589e-02 9.549695e-01 9.772254e-02
5.592910e+03 4.524038e-02 9.557677e-01 9.776337e-02
5.592920e+03 4.376197e-02 9.571818e-01 9.783567e-02
5.592930e+03 4.252026e-02 9.583711e-01 9.789643e-02
5.592940e+03 4.177543e-02 9.590851e-01 9.793289e-02
5.592950e+03 4.105399e-02 9.597773e-01 9.796823e-02
5.592960e+03 4.035482e-02 9.604486e-01 9.800248e-02
5.592970e+03 3.911275e-02 9.616423e-01 9.806336e-02
5.592980e+03 3.846374e-02 9.622666e-01 9.809519e-02
5.592990e+03 3.783385e-02 9.628729e-01 9.812609e-02
5.593000e+03 3.722223e-02 9.634620e-01 9.815610e-02
5.593010e+03 3.662808e-02 9.640346e-01 9.818526e-02
5.593020e+03 3.605064e-02 9.645914e-01 9.821362e-02
5.593030e+03 3.548920e-02 9.651332e-01 9.824119e-02
5.593040e+03 3.494310e-02 9.656604e-01 9.826802e-02
5.593050e+03 3.441170e-02 9.661737e-01 9.829413e-02
5.593060e+03 3.389440e-02 9.666736e-01 9.831956e-02
5.593070e+03 3.339065e-02 9.671607e-01 9.834433e-02
5.593080e+03 3.289991e-02 9.676354e-01 9.836846e-02
5.593090e+03 3.242168e-02 9.680983e-01 9.839198e-02
5.593100e+03 3.195548e-02 9.685497e-01 9.841492e-02
5.593110e+03 3.150086e-02 9.689901e-01 9.843730e-02
5.593120e+03 3.105739e-02 9.694199e-01 9.845913e-02
5.593130e+03 3.062467e-02 9.698395e-01 9.848043e-02
5.593140e+03 3.020229e-02 9.702492e-01 9.850123e-02
5.593150e+03 2.978991e-02 9.706494e-01 9.852154e-02
5.593160e+03 2.938716e-02 9.710404e-01 9.854138e-02
5.593170e+03 2.899371e-02 9.714226e-01 9.856077e-02
5.593180e+03 2.860924e-02 9.717961e-01 9.857972e-02
5.593190e+03 2.823346e-02 9.721614e-01 9.859824e-02
5.593200e+03 2.786607e-02 9.725186e-01 9.861636e-02
5.593210e+03 2.750679e-02 9.728681e-01 9.863408e-02
5.593220e+03 2.715536e-02 9.732100e-01 9.865141e-02
5.593230e+03 2.681152e-02 9.735447e-01 9.866837e-02
5.593240e+03 2.593067e-02 9.744026e-01 9.871184e-02
5.593250e+03 2.560553e-02 9.747195e-01 9.872788e-02
5.593260e+03 2.528725e-02 9.750298e-01 9.874360e-02
5.593270e+03 2.497562e-02 9.753337e-01 9.875898e-02
5.593280e+03 2.429546e-02 9.759973e-01 9.879258e-02
5.593290e+03 2.334237e-02 9.769280e-01 9.883967e-02
5.593300e+03 2.305743e-02 9.772064e-01 9.885375e-02
5.593310e+03 2.277828e-02 9.774792e-01 9.886755e-02
5.593320e+03 2.250475e-02 9.777466e-01 9.888107e-02
5.593330e+03 2.223667e-02 9.780087e-01 9.889432e-02
5.593340e+03 2.197389e-02 9.782658e-01 9.890732e-02
5.593350e+03 2.171625e-02 9.785178e-01 9.892006e-02
5.593360e+03 2.146362e-02 9.787651e-01 9.893256e-02
5.593370e+03 2.121584e-02 9.790076e-01 9.894481e-02
5.593380e+03 2.097279e-02 9.792456e-01 9.895684e-02
5.593390e+03 2.073434e-02 9.794791e-01 9.896864e-02
5.593400e+03 2.050036e-02 9.797083e-01 9.898022e-02
5.593410e+03 1.968545e-02 9.805070e-01 9.902056e-02
5.593420e+03 1.946458e-02 9.807236e-01 9.903149e-02
5.593430e+03 1.924778e-02 9.809363e-01 9.904223e-02
5.593440e+03 1.903494e-02 9.811451e-01 9.905277e-02
5.593450e+03 1.882596e-02 9.813501e-01 9.906312e-02
5.593460e+03 1.862073e-02 9.815516e-01 9.907328e-02
5.593470e+03 1.777160e-02 9.823854e-01 9.911536e-02
5.593480e+03 1.757861e-02 9.825750e-01 9.912492e-02
5.593490e+03 1.738905e-02 9.827613e-01 9.913432e-02
5.593500e+03 1.720281e-02 9.829443e-01 9.914355e-02
5.593510e+03 1.701982e-02 9.831242e-01 9.915262e-02
5.593520e+03 1.684001e-02 9.833010e-01 9.916153e-02
5.593530e+03 1.614239e-02 9.839872e-01 9.919613e-02
5.593540e+03 1.597669e-02 9.841503e-01 9.920435e-02
5.593550e+03 1.581375e-02 9.843106e-01 9.921243e-02
5.593560e+03 1.565351e-02 9.844684e-01 9.922038e-02
5.593570e+03 1.549590e-02 9.846235e-01 9.922820e-02
5.593580e+03 1.534086e-02 9.847762e-01 9.923589e-02
5.593590e+03 1.518832e-02 9.849264e-01 9.924346e-02
5.593600e+03 1.503825e-02 9.850743e-01 9.925091e-02
5.593610e+03 1.489056e-02 9.852198e-01 9.925824e-02
5.593620e+03 1.474523e-02 9.853630e-01 9.926545e-02
5.593630e+03 1.460218e-02 9.855039e-01 9.927255e-02
5.593640e+03 1.446137e-02 9.856427e-01 9.927954e-02
5.593650e+03 1.432275e-02 9.857793e-01 9.928642e-02
5.593660e+03 1.418627e-02 9.859139e-01 9.929320e-02
5.593670e+03 1.405189e-02 9.860464e-01 9.929987e-02
5.593680e+03 1.391956e-02 9.861769e-01 9.930644e-02
5.593690e+03 1.378924e-02 9.863054e-01 9.931291e-02
5.593700e+03 1.366088e-02 9.864320e-01 9.931928e-02
5.593710e+03 1.353444e-02 9.865567e-01 9.932556e-02
5.593720e+03 1.340988e-02 9.866796e-01 9.933175e-02
5.593730e+03 1.328716e-02 9.868007e-01 9.933784e-02
5.593740e+03 1.316624e-02 9.869201e-01 9.934385e-02
5.593750e+03 1.304709e-02 9.870377e-01 9.934977e-02
5.593760e+03 1.292968e-02 9.871536e-01 9.935560e-02
5.593770e+03 1.281395e-02 9.872678e-01 9.936135e-02
5.593780e+03 1.269989e-02 9.873804e-01 9.936702e-02
5.593790e+03 1.258745e-02 9.874914e-01 9.937260e-02
5.593800e+03 1.247661e-02 9.876009e-01 9.937811e-02
5.593810e+03 1.236733e-02 9.877088e-01 9.938354e-02
5.593820e+03 1.225958e-02 9.878153e-01 9.938890e-02
5.593830e+03 1.215333e-02 9.879202e-01 9.939418e-02
5.593840e+03 1.204855e-02 9.880237e-01 9.939938e-02
5.593850e+03 1.194522e-02 9.881258e-01 9.940452e-02
5.593860e+03 1.184331e-02 9.882265e-01 9.940958e-02
5.593870e+03 1.174278e-02 9.883259e-01 9.941458e-02
5.593880e+03 1.164362e-02 9.884239e-01 9.941951e-02
5.593890e+03 1.154579e-02 9.885206e-01 9.942437e-02
5.593900e+03 1.144927e-02 9.886160e-01 9.942917e-02
5.593910e+03 1.135404e-02 9.887102e-01 9.943391e-02
5.593920e+03 1.126007e-02 9.888031e-01 9.943858e-02
5.593930e+03 1.116734e-02 9.888948e-01 9.944319e-02
5.593940e+03 1.107583e-02 9.889853e-01 9.944774e-02
5.593950e+03 1.098551e-02 9.890746e-01 9.945223e-02
5.593960e+03 1.089637e-02 9.891628e-01 9.945666e-02
5.593970e+03 1.080837e-02 9.892498e-01 9.946104e-02
5.593980e+03 1.072151e-02 9.893358e-01 9.946536e-02
5.593990e+03 1.063575e-02 9.894206e-01 9.946962e-02
5.594000e+03 1.055109e-02 9.895044e-01 9.947383e-02
5.594010e+03 1.046749e-02 9.895871e-01 9.947799e-02
5.594020e+03 1.038495e-02 9.896688e-01 9.948210e-02
5.594030e+03 1.030345e-02 9.897495e-01 9.948615e-02
5.594040e+03 1.022295e-02 9.898291e-01 9.949016e-02
5.594050e+03 1.014346e-02 9.899078e-01 9.949411e-02
5.594060e+03 1.006495e-02 9.899855e-01 9.949802e-02
5.594070e+03 9.700480e-03 9.903464e-01 9.951615e-02
5.594080e+03 9.626095e-03 9.904201e-01 9.951985e-02
5.594090e+03 9.552617e-03 9.904929e-01 9.952351e-02
5.594100e+03 9.480029e-03 9.905648e-01 9.952712e-02
5.594110e+03 9.408316e-03 9.906358e-01 9.953069e-02
5.594120e+03 8.827509e-03 9.912113e-01 9.955960e-02
5.594130e+03 8.761442e-03 9.912768e-01 9.956289e-02
5.594140e+03 8.391058e-03 9.916440e-01 9.958133e-02
5.594150e+03 8.328911e-03 9.917057e-01 9.958442e-02
5.594160e+03 8.267498e-03 9.917666e-01 9.958748e-02
5.594170e+03 8.206806e-03 9.918268e-01 9.959050e-02
5.594180e+03 8.146825e-03 9.918863e-01 9.959349e-02
5.594190e+03 8.087541e-03 9.919451e-01 9.959644e-02
5.594200e+03 8.028944e-03 9.920032e-01 9.959936e-02
5.594210e+03 7.971022e-03 9.920607e-01 9.960224e-02
5.594220e+03 7.913766e-03 9.921175e-01 9.960509e-02
5.594230e+03 6.993323e-03 9.930311e-01 9.965094e-02
5.594240e+03 6.944056e-03 9.930800e-01 9.965340e-02
5.594250e+03 6.007735e-03 9.940103e-01 9.970006e-02
5.594260e+03 5.966429e-03 9.940513e-01 9.970212e-02
5.594270e+03 5.925583e-03 9.940919e-01 9.970416e-02
5.594280e+03 5.885189e-03 9.941321e-01 9.970617e-02
5.594290e+03 5.151461e-03 9.948618e-01 9.974276e-02
5.594300e+03 5.117318e-03 9.948958e-01 9.974446e-02
5.594310e+03 5.083544e-03 9.949294e-01 9.974615e-02
5.594320e+03 5.050134e-03 9.949626e-01 9.974781e-02
5.594330e+03 5.017081e-03 9.949955e-01 9.974946e-02
5.594340e+03 4.984381e-03 9.950280e-01 9.975109e-02
5.594350e+03 4.276228e-03 9.957329e-01 9.978642e-02
5.594360e+03 4.249451e-03 9.957596e-01 9.978775e-02
5.594370e+03 4.222951e-03 9.957860e-01 9.978908e-02
5.594380e+03 4.196722e-03 9.958121e-01 9.979038e-02
5.594390e+03 4.170762e-03 9.958379e-01 9.979168e-02
5.594400e+03 4.145065e-03 9.958635e-01 9.979296e-02
5.594410e+03 4.119628e-03 9.958888e-01 9.979423e-02
5.594420e+03 4.094448e-03 9.959139e-01 9.979549e-02
5.594430e+03 4.069520e-03 9.959387e-01 9.979673e-02
5.594440e+03 4.044841e-03 9.959633e-01 9.979796e-02
5.594450e+03 4.020407e-03 9.959877e-01 9.979918e-02
5.594460e+03 3.996215e-03 9.960118e-01 9.980039e-02
5.594470e+03 3.972261e-03 9.960356e-01 9.980158e-02
5.594480e+03 3.948543e-03 9.960592e-01 9.980277e-02
5.594490e+03 3.925056e-03 9.960826e-01 9.980394e-02
5.594500e+03 3.901797e-03 9.961058e-01 9.980510e-02
5.594510e+03 3.878763e-03 9.961287e-01 9.980625e-02
5.594520e+03 3.855952e-03 9.961515e-01 9.980739e-02
5.594530e+03 3.833359e-03 9.961740e-01 9.980852e-02
5.594540e+03 3.810983e-03 9.961963e-01 9.980963e-02
5.594550e+03 3.788819e-03 9.962183e-01 9.981074e-02
5.594560e+03 3.766865e-03 9.962402e-01 9.981183e-02
5.594570e+03 3.745119e-03 9.962619e-01 9.981292e-02
5.594580e+03 3.441780e-03 9.965641e-01 9.982806e-02
5.594590e+03 3.134414e-03 9.968705e-01 9.984340e-02
5.594600e+03 3.115477e-03 9.968894e-01 9.984435e-02
5.594610e+03 3.096723e-03 9.969081e-01 9.984528e-02
5.594620e+03 3.078150e-03 9.969266e-01 9.984621e-02
5.594630e+03 3.059756e-03 9.969449e-01 9.984713e-02
5.594640e+03 3.041538e-03 9.969631e-01 9.984804e-02
5.594650e+03 3.023493e-03 9.969811e-01 9.984894e-02
5.594660e+03 3.005620e-03 9.969989e-01 9.984983e-02
5.594670e+03 2.987916e-03 9.970165e-01 9.985072e-02
5.594680e+03 2.553997e-03 9.974493e-01 9.987238e-02
5.594690e+03 2.538240e-03 9.974650e-01 9.987317e-02
5.594700e+03 2.522636e-03 9.974805e-01 9.987395e-02
5.594710e+03 2.507184e-03 9.974960e-01 9.987472e-02
5.594720e+03 2.491880e-03 9.975112e-01 9.987548e-02
5.594730e+03 2.476723e-03 9.975263e-01 9.987624e-02
5.594740e+03 2.461710e-03 9.975413e-01 9.987699e-02
5.594750e+03 2.446841e-03 9.975561e-01 9.987773e-02
5.594760e+03 2.432113e-03 9.975708e-01 9.987847e-02
5.594770e+03 2.417524e-03 9.975854e-01 9.987920e-02
5.594780e+03 2.403072e-03 9.975998e-01 9.987992e-02
5.594790e+03 2.388757e-03 9.976141e-01 9.988063e-02
5.594800e+03 2.374574e-03 9.976282e-01 9.988134e-02
5.594810e+03 2.360524e-03 9.976423e-01 9.988204e-02
5.594820e+03 2.346605e-03 9.976561e-01 9.988274e-02
5.594830e+03 2.332814e-03 9.976699e-01 9.988343e-02
5.594840e+03 2.319150e-03 9.976835e-01 9.988411e-02
5.594850e+03 2.305611e-03 9.976970e-01 9.988479e-02
5.594860e+03 2.292196e-03 9.977104e-01 9.988546e-02
5.594870e+03 1.816020e-03 9.981856e-01 9.990924e-02
5.594880e+03 1.806431e-03 9.981952e-01 9.990972e-02
5.594890e+03 1.796919e-03 9.982047e-01 9.991019e-02
5.594900e+03 1.787484e-03 9.982141e-01 9.991067e-02
5.594910e+03 1.778125e-03 9.982235e-01 9.991113e-02
5.594920e+03 1.768842e-03 9.982327e-01 9.991160e-02
5.594930e+03 1.759633e-03 9.982419e-01 9.991206e-02
5.594940e+03 1.750497e-03 9.982510e-01 9.991251e-02
5.594950e+03 1.741434e-03 9.982601e-01 9.991297e-02
5.594960e+03 1.732443e-03 9.982691e-01 9.991342e-02
5.594970e+03 1.723523e-03 9.982780e-01 9.991386e-02
5.594980e+03 1.714674e-03 9.982868e-01 9.991430e-02
5.594990e+03 1.705894e-03 9.982956e-01 9.991474e-02
5.595000e+03 1.697183e-03 9.983043e-01 9.991518e-02
5.595010e+03 1.688540e-03 9.983129e-01 9.991561e-02
5.595020e+03 1.679965e-03 9.983214e-01 9.991604e-02
5.595030e+03 1.671457e-03 9.983299e-01 9.991646e-02
5.595040e+03 1.663014e-03 9.983384e-01 9.991688e-02
5.595050e+03 1.654637e-03 9.983467e-01 9.991730e-02
5.595060e+03 1.646325e-03 9.983550e-01 9.991772e-02
5.595070e+03 1.638076e-03 9.983633e-01 9.991813e-02
5.595080e+03 1.629891e-03 9.983714e-01 9.991854e-02
5.595090e+03 1.621768e-03 9.983795e-01 9.991894e-02
5.595100e+03 1.613708e-03 9.983876e-01 9.991935e-02
5.595110e+03 1.605709e-03 9.983956e-01 9.991975e-02
5.595120e+03 1.597770e-03 9.984035e-01 9.992014e-02
5.595130e+03 1.589892e-03 9.984114e-01 9.992054e-02
5.595140e+03 1.582073e-03 9.984192e-01 9.992093e-02
5.595150e+03 1.574312e-03 9.984269e-01 9.992132e-02
5.595160e+03 1.566610e-03 9.984346e-01 9.992170e-02
5.595170e+03 1.558966e-03 9.984422e-01 9.992208e-02
5.595180e+03 1.551379e-03 9.984498e-01 9.992246e-02
5.595190e+03 1.543848e-03 9.984573e-01 9.992284e-02
5.595200e+03 1.536373e-03 9.984648e-01 9.992321e-02
5.595210e+03 1.528954e-03 9.984722e-01 9.992358e-02
5.595220e+03 1.521589e-03 9.984796e-01 9.992395e-02
5.595230e+03 1.514279e-03 9.984869e-01 9.992431e-02
5.595240e+03 1.507022e-03 9.984941e-01 9.992468e-02
5.595250e+03 1.499819e-03 9.985013e-01 9.992504e-02
5.595260e+03 1.492668e-03 9.985084e-01 9.992539e-02
5.595270e+03 1.485569e-03 9.985155e-01 9.992575e-02
5.595280e+03 1.478522e-03 9.985226e-01 9.992610e-02
5.595290e+03 1.471526e-03 9.985296e-01 9.992645e-02
5.595300e+03 1.464580e-03 9.985365e-01 9.992680e-02
5.595310e+03 1.457685e-03 9.985434e-01 9.992714e-02
5.595320e+03 1.450839e-03 9.985502e-01 9.992748e-02
5.595330e+03 1.444042e-03 9.985570e-01 9.992782e-02
5.595340e+03 1.437294e-03 9.985637e-01 9.992816e-02
5.595350e+03 1.430594e-03 9.985704e-01 9.992850e-02
5.595360e+03 1.423942e-03 9.985771e-01 9.992883e-02
5.595370e+03 1.417337e-03 9.985837e-01 9.992916e-02
5.595380e+03 1.410779e-03 9.985902e-01 9.992949e-02
5.595390e+03 1.404267e-03 9.985967e-01 9.992981e-02
5.595400e+03 1.397801e-03 9.986032e-01 9.993013e-02
5.595410e+03 1.391381e-03 9.986096e-01 9.993046e-02
5.595420e+03 1.385005e-03 9.986160e-01 9.993077e-02
5.595430e+03 1.378674e-03 9.986223e-01 9.993109e-02
5.595440e+03 1.372387e-03 9.986286e-01 9.993140e-02
5.595450e+03 1.366144e-03 9.986348e-01 9.993172e-02
5.595460e+03 1.359945e-03 9.986410e-01 9.993203e-02
5.595470e+03 1.353788e-03 9.986471e-01 9.993233e-02
5.595480e+03 1.347674e-03 9.986532e-01 9.993264e-02
5.595490e+03 1.341602e-03 9.986593e-01 9.993294e-02
5.595500e+03 1.335572e-03 9.986653e-01 9.993324e-02
5.595510e+03 1.329583e-03 9.986713e-01 9.993354e-02
5.595520e+03 1.323635e-03 9.986772e-01 9.993384e-02
5.595530e+03 1.317727e-03 9.986831e-01 9.993414e-02
5.595540e+03 1.311860e-03 9.986890e-01 9.993443e-02
5.595550e+03 1.306033e-03 9.986948e-01 9.993472e-02
5.595560e+03 1.300245e-03 9.987006e-01 9.993501e-02
5.595570e+03 1.294496e-03 9.987063e-01 9.993530e-02
5.595580e+03 1.288786e-03 9.987120e-01 9.993558e-02
5.595590e+03 1.283114e-03 9.987177e-01 9.993586e-02
5.595600e+03 1.277480e-03 9.987233e-01 9.993615e-02
5.595610e+03 8.373566e-04 9.991630e-01 9.995814e-02
5.595620e+03 8.334856e-04 9.991669e-01 9.995833e-02
5.595630e+03 8.296419e-04 9.991707e-01 9.995853e-02
5.595640e+03 8.258251e-04 9.991745e-01 9.995872e-02
5.595650e+03 4.957006e-04 9.995044e-01 9.997522e-02
5.595660e+03 4.932054e-04 9.995069e-01 9.997534e-02
5.595670e+03 4.907290e-04 9.995094e-01 9.997547e-02
5.595680e+03 4.882713e-04 9.995118e-01 9.997559e-02
5.595690e+03 4.858320e-04 9.995143e-01 9.997571e-02
5.595700e+03 4.834109e-04 9.995167e-01 9.997583e-02
5.595710e+03 4.810079e-04 9.995191e-01 9.997595e-02
5.595720e+03 4.786228e-04 9.995215e-01 9.997607e-02
5.595730e+03 4.762554e-04 9.995239e-01 9.997619e-02
5.595740e+03 4.739055e-04 9.995262e-01 9.997631e-02
5.595750e+03 4.715729e-04 9.995285e-01 9.997642e-02
5.595760e+03 4.692576e-04 9.995309e-01 9.997654e-02
5.595770e+03 4.669593e-04 9.995331e-01 9.997665e-02
5.595780e+03 4.646778e-04 9.995354e-01 9.997677e-02
5.595790e+03 4.624130e-04 9.995377e-01 9.997688e-02
5.595800e+03 4.601648e-04 9.995399e-01 9.997699e-02
5.595810e+03 4.579329e-04 9.995422e-01 9.997711e-02
5.595820e+03 4.557172e-04 9.995444e-01 9.997722e-02
5.595830e+03 4.535176e-04 9.995466e-01 9.997733e-02
5.595840e+03 4.513338e-04 9.995488e-01 9.997744e-02
5.595850e+03 4.491658e-04 9.995509e-01 9.997754e-02
5.595860e+03 4.470134e-04 9.995531e-01 9.997765e-02
5.595870e+03 4.448765e-04 9.995552e-01 9.997776e-02
5.595880e+03 4.427548e-04 9.995573e-01 9.997786e-02
5.595890e+03 4.406483e-04 9.995594e-01 9.997797e-02
5.595900e+03 4.385568e-04 9.995615e-01 9.997807e-02
5.595910e+03 4.364802e-04 9.995636e-01 9.997818e-02
5.595920e+03 4.344183e-04 9.995657e-01 9.997828e-02
5.595930e+03 4.323709e-04 9.995677e-01 9.997838e-02
5.595940e+03 4.303380e-04 9.995698e-01 9.997849e-02
5.595950e+03 4.283195e-04 9.995718e-01 9.997859e-02
5.595960e+03 4.263151e-04 9.995738e-01 9.997869e-02
5.595970e+03 4.243247e-04 9.995758e-01 9.997879e-02
5.595980e+03 4.223483e-04 9.995777e-01 9.997888e-02
5.595990e+03 4.203856e-04 9.995797e-01 9.997898e-02
5.596000e+03 4.184366e-04 9.995817e-01 9.997908e-02
5.596010e+03 4.165012e-04 9.995836e-01 9.997918e-02
5.596020e+03 4.145791e-04 9.995855e-01 9.997927e-02
5.596030e+03 4.126703e-04 9.995874e-01 9.997937e-02
5.596040e+03 4.107747e-04 9.995893e-01 9.997946e-02
5.596050e+03 4.088921e-04 9.995912e-01 9.997956e-02
5.596060e+03 4.070225e-04 9.995931e-01 9.997965e-02
5.596070e+03 4.051656e-04 9.995949e-01 9.997974e-02
5.596080e+03 4.033215e-04 9.995968e-01 9.997984e-02
5.596090e+03 4.014899e-04 9.995986e-01 9.997993e-02
5.596100e+03 3.996707e-04 9.996004e-01 9.998002e-02
5.596110e+03 3.978639e-04 9.996022e-01 9.998011e-02
5.596120e+03 3.960693e-04 9.996040e-01 9.998020e-02
5.596130e+03 3.942869e-04 9.996058e-01 9.998029e-02
5.596140e+03 3.925165e-04 9.996076e-01 9.998038e-02
5.596150e+03 3.907579e-04 9.996093e-01 9.998046e-02
5.596160e+03 3.890112e-04 9.996111e-01 9.998055e-02
5.596170e+03 3.872761e-04 9.996128e-01 9.998064e-02
5.596180e+03 3.855527e-04 9.996145e-01 9.998072e-02
5.596190e+03 3.838407e-04 9.996162e-01 9.998081e-02
5.596200e+03 3.821401e-04 9.996179e-01 9.998089e-02
5.596210e+03 3.804508e-04 9.996196e-01 9.998098e-02
5.596220e+03 3.787727e-04 9.996213e-01 9.998106e-02
5.596230e+03 3.771057e-04 9.996230e-01 9.998115e-02
5.596240e+03 3.754497e-04 9.996246e-01 9.998123e-02
5.596250e+03 3.738045e-04 9.996263e-01 9.998131e-02
5.596260e+03 3.721701e-04 9.996279e-01 9.998139e-02
5.596270e+03 3.705465e-04 9.996295e-01 9.998147e-02
5.596280e+03 3.689334e-04 9.996311e-01 9.998156e-02
5.596290e+03 3.673309e-04 9.996327e-01 9.998164e-02
5.596300e+03 3.657388e-04 9.996343e-01 9.998171e-02
5.596310e+03 3.641570e-04 9.996359e-01 9.998179e-02
5.596320e+03 3.625855e-04 9.996375e-01 9.998187e-02
5.596330e+03 3.610241e-04 9.996390e-01 9.998195e-02
5.596340e+03 3.594728e-04 9.996406e-01 9.998203e-02
5.596350e+03 3.579315e-04 9.996421e-01 9.998211e-02
5.596360e+03 3.564001e-04 9.996437e-01 9.998218e-02
5.596370e+03 3.548785e-04 9.996452e-01 9.998226e-02
5.596380e+03 3.533666e-04 9.996467e-01 9.998233e-02
5.596390e+03 3.518644e-04 9.996482e-01 9.998241e-02
5.596400e+03 3.503718e-04 9.996497e-01 9.998248e-02
5.596410e+03 3.488886e-04 9.996512e-01 9.998256e-02
5.596420e+03 3.474148e-04 9.996526e-01 9.998263e-02
5.596430e+03 3.459504e-04 9.996541e-01 9.998270e-02
5.596440e+03 3.444951e-04 9.996556e-01 9.998278e-02
5.596450e+03 3.430491e-04 9.996570e-01 9.998285e-02
5.596460e+03 3.416122e-04 9.996584e-01 9.998292e-02
5.596470e+03 3.401842e-04 9.996599e-01 9.998299e-02
5.596480e+03 3.387652e-04 9.996613e-01 9.998306e-02
5.596490e+03 3.373551e-04 9.996627e-01 9.998313e-02
5.596500e+03 3.359538e-04 9.996641e-01 9.998320e-02
5.596510e+03 3.345612e-04 9.996655e-01 9.998327e-02
5.596520e+03 3.331772e-04 9.996669e-01 9.998334e-02
5.596530e+03 3.318018e-04 9.996683e-01 9.998341e-02
5.596540e+03 3.304349e-04 9.996696e-01 9.998348e-02
5.596550e+03 3.290765e-04 9.996710e-01 9.998355e-02
5.596560e+03 3.277264e-04 9.996723e-01 9.998362e-02
5.596570e+03 3.263846e-04 9.996737e-01 9.998368e-02
5.596580e+03 3.250510e-04 9.996750e-01 9.998375e-02
5.596590e+03 3.237256e-04 9.996763e-01 9.998382e-02
5.596600e+03 3.224083e-04 9.996776e-01 9.998388e-02
5.596610e+03 3.210991e-04 9.996790e-01 9.998395e-02
5.596620e+03 3.197977e-04 9.996803e-01 9.998401e-02
5.596630e+03 3.185043e-04 9.996815e-01 9.998408e-02
5.596640e+03 3.172187e-04 9.996828e-01 9.998414e-02
5.596650e+03 3.159409e-04 9.996841e-01 9.998420e-02
5.596660e+03 3.146709e-04 9.996854e-01 9.998427e-02
5.596670e+03 3.134084e-04 9.996866e-01 9.998433e-02
5.596680e+03 3.121535e-04 9.996879e-01 9.998439e-02
5.596690e+03 3.109062e-04 9.996891e-01 9.998446e-02
5.596700e+03 3.096663e-04 9.996904e-01 9.998452e-02
5.596710e+03 3.084339e-04 9.996916e-01 9.998458e-02
5.596720e+03 3.072088e-04 9.996928e-01 9.998464e-02
5.596730e+03 3.059910e-04 9.996941e-01 9.998470e-02
5.596740e+03 3.047804e-04 9.996953e-01 9.998476e-02
5.596750e+03 3.035769e-04 9.996965e-01 9.998482e-02
5.596760e+03 3.023807e-04 9.996977e-01 9.998488e-02
5.596770e+03 3.011914e-04 9.996989e-01 9.998494e-02
5.596780e+03 3.000092e-04 9.997000e-01 9.998500e-02
5.596790e+03 2.988339e-04 9.997012e-01 9.998506e-02
5.596800e+03 2.976655e-04 9.997024e-01 9.998512e-02
5.596810e+03 2.965040e-04 9.997035e-01 9.998518e-02
5.596820e+03 0.000000e+00 1.000000e+00 1.000000e-01
5.596830e+03 0.000000e+00 1.000000e+00 1.000000e-01
5.596840e+03 0.000000e+00 1.000000e+00 1.000000e-01
5.596850e+03 0.000000e+00 1.000000e+00 1.000000e-01
5.596860e+03 0.000000e+00 1.000000e+00 1.000000e-01
5.596870e+03 0.000000e+00 1.000000e+00 1.000000e-01
5.596880e+03 0.000000e+00 1.000000e+00 1.000000e-01
5.596890e+03 0.000000e+00 1.000000e+00 1.000000e-01
5.596900e+03 0.000000e+00 1.000000e+00 1.000000e-01
5.596910e+03 0.000000e+00 1.000000e+00 1.000000e-01
5.596920e+03 0.000000e+00 1.000000e+00 1.000000e-01
5.596930e+03 0.000000e+00 1.000000e+00 1.000000e-01
5.596940e+03 0.000000e+00 1.000000e+00 1.000000e-01
5.596950e+03 0.000000e+00 1.000000e+00 1.000000e-01
5.596960e+03 0.000000e+00 1.000000e+00 1.000000e-01
5.596970e+03 0.000000e+00 1.000000e+00 1.000000e-01
5.596980e+03 0.000000e+00 1.000000e+00 1.000000e-01
5.596990e+03 0.000000e+00 1.000000e+00 1.000000e-01
5.597000e+03 0.000000e+00 1.000000e+00 1.000000e-01
5.597010e+03 0.000000e+00 1.000000e+00 1.000000e-01
5.597020e+03 0.000000e+00 1.000000e+00 1.000000e-01
5.597030e+03 0.000000e+00 1.000000e+00 1.000000e-01
5.597040e+03 0.000000e+00 1.000000e+00 1.000000e-01
5.597050e+03 0.000000e+00 1.000000e+00 1.000000e-01
5.597060e+03 0.000000e+00 1.000000e+00 1.000000e-01
5.597070e+03 0.000000e+00 1.000000e+00 1.000000e-01
5.597080e+03 0.000000e+00 1.000000e+00 1.000000e-01
5.597090e+03 0.000000e+00 1.000000e+00 1.000000e-01
5.597100e+03 0.000000e+00 1.000000e+00 1.000000e-01
5.597110e+03 0.000000e+00 1.000000e+00 1.000000e-01
5.597120e+03 0.000000e+00 1.000000e+00 1.000000e-01
5.597130e+03 0.000000e+00 1.000000e+00 1.000000e-01
5.597140e+03 0.000000e+00 1.000000e+00 1.000000e-01
5.597150e+03 0.000000e+00 1.000000e+00 1.000000e-01
5.597160e+03 0.000000e+00 1.000000e+00 1.000000e-01
5.597170e+03 0.000000e+00 1.000000e+00 1.000000e-01
5.597180e+03 0.000000e+00 1.000000e+00 1.000000e-01
5.597190e+03 0.000000e+00 1.000000e+00 1.000000e-01
5.597200e+03 0.000000e+00 1.000000e+00 1.000000e-01
5.597210e+03 0.000000e+00 1.000000e+00 1.000000e-01
5.597220e+03 0.000000e+00 1.000000e+00 1.000000e-01
5.597230e+03 0.000000e+00 1.000000e+00 1.000000e-01
5.597240e+03 0.000000e+00 1.000000e+00 1.000000e-01
5.597250e+03 0.000000e+00 1.000000e+00 1.000000e-01
5.597260e+03 0.000000e+00 1.000000e+00 1.000000e-01
5.597270e+03 0.000000e+00 1.000000e+00 1.000000e-01
5.597280e+03 0.000000e+00 1.000000e+00 1.000000e-01
5.597290e+03 0.000000e+00 1.000000e+00 1.000000e-01
5.597300e+03 0.000000e+00 1.000000e+00 1.000000e-01
5.597310e+03 0.000000e+00 1.000000e+00 1.000000e-01
5.597320e+03 0.000000e+00 1.000000e+00 1.000000e-01
5.597330e+03 0.000000e+00 1.000000e+00 1.000000e-01
5.597340e+03 0.000000e+00 1.000000e+00 1.000000e-01
5.597350e+03 0.000000e+00 1.000000e+00 1.000000e-01
5.597360e+03 0.000000e+00 1.000000e+00 1.000000e-01
5.597370e+03 0.000000e+00 1.000000e+00 1.000000e-01
5.597380e+03 0.000000e+00 1.000000e+00 1.000000e-01
5.597390e+03 0.000000e+00 1.000000e+00 1.000000e-01
5.597400e+03 0.000000e+00 1.000000e+00 1.000000e-01
5.597410e+03 0.000000e+00 1.000000e+00 1.000000e-01
5.597420e+03 0.000000e+00 1.000000e+00 1.000000e-01
5.597430e+03 0.000000e+00 1.000000e+00 1.000000e-01
5.597440e+03 0.000000e+00 1.000000e+00 1.000000e-01
5.597450e+03 0.000000e+00 1.000000e+00 1.000000e-01
5.597460e+03 0.000000e+00 1.000000e+00 1.000000e-01
5.597470e+03 0.000000e+00 1.000000e+00 1.000000e-01
5.597480e+03 0.000000e+00 1.000000e+00 1.000000e-01
5.597490e+03 0.000000e+00 1.000000e+00 1.000000e-01
5.597500e+03 0.000000e+00 1.000000e+00 1.000000e-01
5.597510e+03 0.000000e+00 1.000000e+00 1.000000e-01
5.597520e+03 0.000000e+00 1.000000e+00 1.000000e-01
5.597530e+03 0.000000e+00 1.000000e+00 1.000000e-01
5.597540e+03 0.000000e+00 1.000000e+00 1.000000e-01
5.597550e+03 0.000000e+00 1.000000e+00 1.000000e-01
5.597560e+03 0.000000e+00 1.000000e+00 1.000000e-01
5.597570e+03 0.000000e+00 1.000000e+00 1.000000e-01
5.597580e+03 0.000000e+00 1.000000e+00 1.000000e-01
5.597590e+03 0.000000e+00 1.000000e+00 1.000000e-01
5.597600e+03 0.000000e+00 1.000000e+00 1.000000e-01
5.597610e+03 0.000000e+00 1.000000e+00 1.000000e-01
5.597620e+03 0.000000e+00 1.000000e+00 1.000000e-01
5.597630e+03 0.000000e+00 1.000000e+00 1.000000e-01
5.597640e+03 0.000000e+00 1.000000e+00 1.000000e-01
5.597650e+03 0.000000e+00 1.000000e+00 1.000000e-01
5.597660e+03 0.000000e+00 1.000000e+00 1.000000e-01
5.597670e+03 0.000000e+00 1.000000e+00 1.000000e-01
5.597680e+03 0.000000e+00 1.000000e+00 1.000000e-01
5.597690e+03 0.000000e+00 1.000000e+00 1.000000e-01
5.597700e+03 0.000000e+00 1.000000e+00 1.000000e-01
5.597710e+03 0.000000e+00 1.000000e+00 1.000000e-01
5.597720e+03 0.000000e+00 1.000000e+00 1.000000e-01
5.597730e+03 0.000000e+00 1.000000e+00 1.000000e-01
5.597740e+03 0.000000e+00 1.000000e+00 1.000000e-01
5.597750e+03 0.000000e+00 1.000000e+00 1.000000e-01
5.597760e+03 0.000000e+00 1.000000e+00 1.000000e-01
5.597770e+03 0.000000e+00 1.000000e+00 1.000000e-01
5.597780e+03 0.000000e+00 1.000000e+00 1.000000e-01
5.597790e+03 0.000000e+00 1.000000e+00 1.000000e-01
5.597800e+03 0.000000e+00 1.000000e+00 1.000000e-01
5.597810e+03 0.000000e+00 1.000000e+00 1.000000e-01
5.597820e+03 0.000000e+00 1.000000e+00 1.000000e-01
5.597830e+03 0.000000e+00 1.000000e+00 1.000000e-01
5.597840e+03 0.000000e+00 1.000000e+00 1.000000e-01
5.597850e+03 0.000000e+00 1.000000e+00 1.000000e-01
5.597860e+03 0.000000e+00 1.000000e+00 1.000000e-01
5.597870e+03 0.000000e+00 1.000000e+00 1.000000e-01
5.597880e+03 0.000000e+00 1.000000e+00 1.000000e-01
5.597890e+03 0.000000e+00 1.000000e+00 1.000000e-01
5.597900e+03 0.000000e+00 1.000000e+00 1.000000e-01
5.597910e+03 0.000000e+00 1.000000e+00 1.000000e-01
5.597920e+03 0.000000e+00 1.000000e+00 1.000000e-01
5.597930e+03 0.000000e+00 1.000000e+00 1.000000e-01
5.597940e+03 0.000000e+00 1.000000e+00 1.000000e-01
5.597950e+03 0.000000e+00 1.000000e+00 1.000000e-01
5.597960e+03 0.000000e+00 1.000000e+00 1.000000e-01
5.597970e+03 0.000000e+00 1.000000e+00 1.000000e-01
5.597980e+03 0.000000e+00 1.000000e+00 1.000000e-01
5.597990e+03 0.000000e+00 1.000000e+00 1.000000e-01
5.598000e+03 0.000000e+00 1.000000e+00 1.000000e-01
5.598010e+03 0.000000e+00 1.000000e+00 1.000000e-01
5.598020e+03 0.000000e+00 1.000000e+00 1.000000e-01
5.598030e+03 0.000000e+00 1.000000e+00 1.000000e-01
5.598040e+03 0.000000e+00 1.000000e+00 1.000000e-01
5.598050e+03 0.000000e+00 1.000000e+00 1.000000e-01
5.598060e+03 0.000000e+00 1.000000e+00 1.000000e-01
5.598070e+03 0.000000e+00 1.000000e+00 1.000000e-01
5.598080e+03 0.000000e+00 1.000000e+00 1.000000e-01
5.598090e+03 0.000000e+00 1.000000e+00 1.000000e-01
5.598100e+03 0.000000e+00 1.000000e+00 1.000000e-01
5.598110e+03 0.000000e+00 1.000000e+00 1.000000e-01
5.598120e+03 0.000000e+00 1.000000e+00 1.000000e-01
5.598130e+03 0.000000e+00 1.000000e+00 1.000000e-01
5.598140e+03 0.000000e+00 1.000000e+00 1.000000e-01
5.598150e+03 0.000000e+00 1.000000e+00 1.000000e-01
5.598160e+03 0.000000e+00 1.000000e+00 1.000000e-01
5.598170e+03 0.000000e+00 1.000000e+00 1.000000e-01
5.598180e+03 0.000000e+00 1.000000e+00 1.000000e-01
5.598190e+03 0.000000e+00 1.000000e+00 1.000000e-01
5.598200e+03 0.000000e+00 1.000000e+00 1.000000e-01
5.598210e+03 0.000000e+00 1.000000e+00 1.000000e-01
5.598220e+03 0.000000e+00 1.000000e+00 1.000000e-01
5.598230e+03 0.000000e+00 1.000000e+00 1.000000e-01
5.598240e+03 0.000000e+00 1.000000e+00 1.000000e-01
5.598250e+03 0.000000e+00 1.000000e+00 1.000000e-01
5.598260e+03 0.000000e+00 1.000000e+00 1.000000e-01
5.598270e+03 0.000000e+00 1.000000e+00 1.000000e-01
5.598280e+03 0.000000e+00 1.000000e+00 1.000000e-01
5.598290e+03 0.000000e+00 1.000000e+00 1.000000e-01
5.598300e+03 0.000000e+00 1.000000e+00 1.000000e-01
5.598310e+03 0.000000e+00 1.000000e+00 1.000000e-01
5.598320e+03 0.000000e+00 1.000000e+00 1.000000e-01
5.598330e+03 0.000000e+00 1.000000e+00 1.000000e-01
5.598340e+03 0.000000e+00 1.000000e+00 1.000000e-01
5.598350e+03 0.000000e+00 1.000000e+00 1.000000e-01
5.598360e+03 0.000000e+00 1.000000e+00 1.000000e-01
5.598370e+03 0.000000e+00 1.000000e+00 1.000000e-01
5.598380e+03 0.000000e+00 1.000000e+00 1.000000e-01
5.598390e+03 0.000000e+00 1.000000e+00 1.000000e-01
5.598400e+03 0.000000e+00 1.000000e+00 1.000000e-01
5.598410e+03 0.000000e+00 1.000000e+00 1.000000e-01
5.598420e+03 0.000000e+00 1.000000e+00 1.000000e-01
5.598430e+03 0.000000e+00 1.000000e+00 1.000000e-01
5.598440e+03 0.000000e+00 1.000000e+00 1.000000e-01
5.598450e+03 0.000000e+00 1.000000e+00 1.000000e-01
5.598460e+03 0.000000e+00 1.000000e+00 1.000000e-01
5.598470e+03 0.000000e+00 1.000000e+00 1.000000e-01
5.598480e+03 0.000000e+00 1.000000e+00 1.000000e-01
5.598490e+03 0.000000e+00 1.000000e+00 1.000000e-01
5.598500e+03 0.000000e+00 1.000000e+00 1.000000e-01
5.598510e+03 0.000000e+00 1.000000e+00 1.000000e-01
5.598520e+03 0.000000e+00 1.000000e+00 1.000000e-01
5.598530e+03 0.000000e+00 1.000000e+00 1.000000e-01
5.598540e+03 0.000000e+00 1.000000e+00 1.000000e-01
5.598550e+03 0.000000e+00 1.000000e+00 1.000000e-01
5.598560e+03 0.000000e+00 1.000000e+00 1.000000e-01
5.598570e+03 0.000000e+00 1.000000e+00 1.000000e-01
5.598580e+03 0.000000e+00 1.000000e+00 1.000000e-01
5.598590e+03 0.000000e+00 1.000000e+00 1.000000e-01
5.598600e+03 0.000000e+00 1.000000e+00 1.000000e-01
5.598610e+03 0.000000e+00 1.000000e+00 1.000000e-01
5.598620e+03 0.000000e+00 1.000000e+00 1.000000e-01
5.598630e+03 0.000000e+00 1.000000e+00 1.000000e-01
5.598640e+03 0.000000e+00 1.000000e+00 1.000000e-01
5.598650e+03 0.000000e+00 1.000000e+00 1.000000e-01
5.598660e+03 0.000000e+00 1.000000e+00 1.000000e-01
5.598670e+03 0.000000e+00 1.000000e+00 1.000000e-01
5.598680e+03 0.000000e+00 1.000000e+00 1.000000e-01
5.598690e+03 0.000000e+00 1.000000e+00 1.000000e-01
5.598700e+03 0.000000e+00 1.000000e+00 1.000000e-01
5.598710e+03 0.000000e+00 1.000000e+00 1.000000e-01
5.598720e+03 0.000000e+00 1.000000e+00 1.000000e-01
5.598730e+03 0.000000e+00 1.000000e+00 1.000000e-01
5.598740e+03 0.000000e+00 1.000000e+00 1.000000e-01
5.598750e+03 0.000000e+00 1.000000e+00 1.000000e-01
5.598760e+03 0.000000e+00 1.000000e+00 1.000000e-01
5.598770e+03 0.000000e+00 1.000000e+00 1.000000e-01
5.598780e+03 0.000000e+00 1.000000e+00 1.000000e-01
5.598790e+03 0.000000e+00 1.000000e+00 1.000000e-01
5.598800e+03 0.000000e+00 1.000000e+00 1.000000e-01
5.598810e+03 0.000000e+00 1.000000e+00 1.000000e-01
5.598820e+03 0.000000e+00 1.000000e+00 1.000000e-01
5.598830e+03 0.000000e+00 1.000000e+00 1.000000e-01
5.598840e+03 0.000000e+00 1.000000e+00 1.000000e-01
5.598850e+03 0.000000e+00 1.000000e+00 1.000000e-01
5.598860e+03 0.000000e+00 1.000000e+00 1.000000e-01
5.598870e+03 0.000000e+00 1.000000e+00 1.000000e-01
5.598880e+03 0.000000e+00 1.000000e+00 1.000000e-01
5.598890e+03 0.000000e+00 1.000000e+00 1.000000e-01
5.598900e+03 0.000000e+00 1.000000e+00 1.000000e-01
5.598910e+03 0.000000e+00 1.000000e+00 1.000000e-01
5.598920e+03 0.000000e+00 1.000000e+00 1.000000e-01
5.598930e+03 0.000000e+00 1.000000e+00 1.000000e-01
5.598940e+03 0.000000e+00 1.000000e+00 1.000000e-01
5.598950e+03 0.000000e+00 1.000000e+00 1.000000e-01
5.598960e+03 0.000000e+00 1.000000e+00 1.000000e-01
5.598970e+03 0.000000e+00 1.000000e+00 1.000000e-01
5.598980e+03 0.000000e+00 1.000000e+00 1.000000e-01
5.598990e+03 0.000000e+00 1.000000e+00 1.000000e-01
5.599000e+03 0.000000e+00 1.000000e+00 1.000000e-01
5.599010e+03 0.000000e+00 1.000000e+00 1.000000e-01
5.599020e+03 0.000000e+00 1.000000e+00 1.000000e-01
5.599030e+03 0.000000e+00 1.000000e+00 1.000000e-01
5.599040e+03 0.000000e+00 1.000000e+00 1.000000e-01
5.599050e+03 0.000000e+00 1.000000e+00 1.000000e-01
5.599060e+03 0.000000e+00 1.000000e+00 1.000000e-01
5.599070e+03 0.000000e+00 1.000000e+00 1.000000e-01
5.599080e+03 0.000000e+00 1.000000e+00 1.000000e-01
5.599090e+03 0.000000e+00 1.000000e+00 1.000000e-01
5.599100e+03 0.000000e+00 1.000000e+00 1.000000e-01
5.599110e+03 0.000000e+00 1.000000e+00 1.000000e-01
5.599120e+03 0.000000e+00 1.000000e+00 1.000000e-01
5.599130e+03 0.000000e+00 1.000000e+00 1.000000e-01
5.599140e+03 0.000000e+00 1.000000e+00 1.000000e-01
5.599150e+03 0.000000e+00 1.000000e+00 1.000000e-01
5.599160e+03 0.000000e+00 1.000000e+00 1.000000e-01
5.599170e+03 0.000000e+00 1.000000e+00 1.000000e-01
5.599180e+03 0.000000e+00 1.000000e+00 1.000000e-01
5.599190e+03 0.000000e+00 1.000000e+00 1.000000e-01
5.599200e+03 0.000000e+00 1.000000e+00 1.000000e-01
5.599210e+03 0.000000e+00 1.000000e+00 1.000000e-01
5.599220e+03 0.000000e+00 1.000000e+00 1.000000e-01
5.599230e+03 0.000000e+00 1.000000e+00 1.000000e-01
5.599240e+03 0.000000e+00 1.000000e+00 1.000000e-01
5.599250e+03 0.000000e+00 1.000000e+00 1.000000e-01
5.599260e+03 0.000000e+00 1.000000e+00 1.000000e-01
5.599270e+03 0.000000e+00 1.000000e+00 1.000000e-01
5.599280e+03 0.000000e+00 1.000000e+00 1.000000e-01
5.599290e+03 0.000000e+00 1.000000e+00 1.000000e-01
5.599300e+03 0.000000e+00 1.000000e+00 1.000000e-01
5.599310e+03 0.000000e+00 1.000000e+00 1.000000e-01
5.599320e+03 0.000000e+00 1.000000e+00 1.000000e-01
5.599330e+03 0.000000e+00 1.000000e+00 1.000000e-01
5.599340e+03 0.000000e+00 1.000000e+00 1.000000e-01
5.599350e+03 0.000000e+00 1.000000e+00 1.000000e-01
5.599360e+03 0.000000e+00 1.000000e+00 1.000000e-01
5.599370e+03 0.000000e+00 1.000000e+00 1.000000e-01
5.599380e+03 0.000000e+00 1.000000e+00 1.000000e-01
5.599390e+03 0.000000e+00 1.000000e+00 1.000000e-01
5.599400e+03 0.000000e+00 1.000000e+00 1.000000e-01
5.599410e+03 0.000000e+00 1.000000e+00 1.000000e-01
5.599420e+03 0.000000e+00 1.000000e+00 1.000000e-01
5.599430e+03 0.000000e+00 1.000000e+00 1.000000e-01
5.599440e+03 0.000000e+00 1.000000e+00 1.000000e-01
5.599450e+03 0.000000e+00 1.000000e+00 1.000000e-01
5.599460e+03 0.000000e+00 1.000000e+00 1.000000e-01
5.599470e+03 0.000000e+00 1.000000e+00 1.000000e-01
5.599480e+03 0.000000e+00 1.000000e+00 1.000000e-01
5.599490e+03 0.000000e+00 1.000000e+00 1.000000e-01
5.599500e+03 0.000000e+00 1.000000e+00 1.000000e-01
5.599510e+03 0.000000e+00 1.000000e+00 1.000000e-01
5.599520e+03 0.000000e+00 1.000000e+00 1.000000e-01
5.599530e+03 0.000000e+00 1.000000e+00 1.000000e-01
5.599540e+03 0.000000e+00 1.000000e+00 1.000000e-01
5.599550e+03 0.000000e+00 1.000000e+00 1.000000e-01
5.599560e+03 0.000000e+00 1.000000e+00 1.000000e-01
5.599570e+03 0.000000e+00 1.000000e+00 1.000000e-01
5.599580e+03 0.000000e+00 1.000000e+00 1.000000e-01
5.599590e+03 0.000000e+00 1.000000e+00 1.000000e-01
5.599600e+03 0.000000e+00 1.000000e+00 1.000000e-01
5.599610e+03 0.000000e+00 1.000000e+00 1.000000e-01
5.599620e+03 0.000000e+00 1.000000e+00 1.000000e-01
5.599630e+03 0.000000e+00 1.000000e+00 1.000000e-01
5.599640e+03 0.000000e+00 1.000000e+00 1.000000e-01
5.599650e+03 0.000000e+00 1.000000e+00 1.000000e-01
5.599660e+03 0.000000e+00 1.000000e+00 1.000000e-01
5.599670e+03 0.000000e+00 1.000000e+00 1.000000e-01
5.599680e+03 0.000000e+00 1.000000e+00 1.000000e-01
5.599690e+03 0.000000e+00 1.000000e+00 1.000000e-01
5.599700e+03 0.000000e+00 1.000000e+00 1.000000e-01
5.599710e+03 0.000000e+00 1.000000e+00 1.000000e-01
5.599720e+03 0.000000e+00 1.000000e+00 1.000000e-01
5.599730e+03 0.000000e+00 1.000000e+00 1.000000e-01
5.599740e+03 0.000000e+00 1.000000e+00 1.000000e-01
5.599750e+03 0.000000e+00 1.000000e+00 1.000000e-01
5.599760e+03 0.000000e+00 1.000000e+00 1.000000e-01
5.599770e+03 0.000000e+00 1.000000e+00 1.000000e-01
5.599780e+03 0.000000e+00 1.000000e+00 1.000000e-01
5.599790e+03 0.000000e+00 1.000000e+00 1.000000e-01
5.599800e+03 0.000000e+00 1.000000e+00 1.000000e-01
5.599810e+03 0.000000e+00 1.000000e+00 1.000000e-01
5.599820e+03 0.000000e+00 1.000000e+00 1.000000e-01
5.599830e+03 0.000000e+00 1.000000e+00 1.000000e-01
5.599840e+03 0.000000e+00 1.000000e+00 1.000000e-01
5.599850e+03 0.000000e+00 1.000000e+00 1.000000e-01
5.599860e+03 0.000000e+00 1.000000e+00 1.000000e-01
5.599870e+03 0.000000e+00 1.000000e+00 1.000000e-01
5.599880e+03 0.000000e+00 1.000000e+00 1.000000e-01
5.599890e+03 0.000000e+00 1.000000e+00 1.000000e-01
5.599900e+03 0.000000e+00 1.000000e+00 1.000000e-01
5.599910e+03 0.000000e+00 1.000000e+00 1.000000e-01
5.599920e+03 0.000000e+00 1.000000e+00 1.000000e-01
5.599930e+03 0.000000e+00 1.000000e+00 1.000000e-01
5.599940e+03 0.000000e+00 1.000000e+00 1.000000e-01
5.599950e+03 0.000000e+00 1.000000e+00 1.000000e-01
5.599960e+03 0.000000e+00 1.000000e+00 1.000000e-01
5.599970e+03 0.000000e+00 1.000000e+00 1.000000e-01
5.599980e+03 0.000000e+00 1.000000e+00 1.000000e-01
5.599990e+03 0.000000e+00 1.000000e+00 1.000000e-01
5.600000e+03 0.000000e+00 1.000000e+00 1.000000e-01
5.600010e+03 0.000000e+00 1.000000e+00 1.000000e-01
5.600020e+03 0.000000e+00 1.000000e+00 1.000000e-01
5.600030e+03 0.000000e+00 1.000000e+00 1.000000e-01
5.600040e+03 0.000000e+00 1.000000e+00 1.000000e-01
5.600050e+03 0.000000e+00 1.000000e+00 1.000000e-01
5.600060e+03 0.000000e+00 1.000000e+00 1.000000e-01
5.600070e+03 0.000000e+00 1.000000e+00 1.000000e-01
5.600080e+03 0.000000e+00 1.000000e+00 1.000000e-01
5.600090e+03 0.000000e+00 1.000000e+00 1.000000e-01
5.600100e+03 0.000000e+00 1.000000e+00 1.000000e-01
5.600110e+03 0.000000e+00 1.000000e+00 1.000000e-01
5.600120e+03 0.000000e+00 1.000000e+00 1.000000e-01
5.600130e+03 0.000000e+00 1.000000e+00 1.000000e-01
5.600140e+03 0.000000e+00 1.000000e+00 1.000000e-01
5.600150e+03 0.000000e+00 1.000000e+00 1.000000e-01
5.600160e+03 0.000000e+00 1.000000e+00 1.000000e-01
5.600170e+03 0.000000e+00 1.000000e+00 1.000000e-01
5.600180e+03 0.000000e+00 1.000000e+00 1.000000e-01
5.600190e+03 0.000000e+00 1.000000e+00 1.000000e-01
5.600200e+03 0.000000e+00 1.000000e+00 1.000000e-01
5.600210e+03 0.000000e+00 1.000000e+00 1.000000e-01
5.600220e+03 0.000000e+00 1.000000e+00 1.000000e-01
5.600230e+03 0.000000e+00 1.000000e+00 1.000000e-01
5.600240e+03 0.000000e+00 1.000000e+00 1.000000e-01
5.600250e+03 0.000000e+00 1.000000e+00 1.000000e-01
5.600260e+03 0.000000e+00 1.000000e+00 1.000000e-01
5.600270e+03 0.000000e+00 1.000000e+00 1.000000e-01
5.600280e+03 0.000000e+00 1.000000e+00 1.000000e-01
5.600290e+03 0.000000e+00 1.000000e+00 1.000000e-01
5.600300e+03 0.000000e+00 1.000000e+00 1.000000e-01
5.600310e+03 0.000000e+00 1.000000e+00 1.000000e-01
5.600320e+03 0.000000e+00 1.000000e+00 1.000000e-01
5.600330e+03 0.000000e+00 1.000000e+00 1.000000e-01
5.600340e+03 0.000000e+00 1.000000e+00 1.000000e-01
5.600350e+03 0.000000e+00 1.000000e+00 1.000000e-01
5.600360e+03 0.000000e+00 1.000000e+00 1.000000e-01
5.600370e+03 0.000000e+00 1.000000e+00 1.000000e-01
5.600380e+03 0.000000e+00 1.000000e+00 1.000000e-01
5.600390e+03 0.000000e+00 1.000000e+00 1.000000e-01
5.600400e+03 0.000000e+00 1.000000e+00 1.000000e-01
5.600410e+03 0.000000e+00 1.000000e+00 1.000000e-01
5.600420e+03 0.000000e+00 1.000000e+00 1.000000e-01
5.600430e+03 0.000000e+00 1.000000e+00 1.000000e-01
5.600440e+03 0.000000e+00 1.000000e+00 1.000000e-01
5.600450e+03 0.000000e+00 1.000000e+00 1.000000e-01
5.600460e+03 0.000000e+00 1.000000e+00 1.000000e-01
5.600470e+03 0.000000e+00 1.000000e+00 1.000000e-01
5.600480e+03 0.000000e+00 1.000000e+00 1.000000e-01
5.600490e+03 0.000000e+00 1.000000e+00 1.000000e-01
5.600500e+03 0.000000e+00 1.000000e+00 1.000000e-01
5.600510e+03 0.000000e+00 1.000000e+00 1.000000e-01
5.600520e+03 0.000000e+00 1.000000e+00 1.000000e-01
5.600530e+03 0.000000e+00 1.000000e+00 1.000000e-01
5.600540e+03 0.000000e+00 1.000000e+00 1.000000e-01
5.600550e+03 0.000000e+00 1.000000e+00 1.000000e-01
5.600560e+03 0.000000e+00 1.000000e+00 1.000000e-01
5.600570e+03 0.000000e+00 1.000000e+00 1.000000e-01
5.600580e+03 0.000000e+00 1.000000e+00 1.000000e-01
5.600590e+03 0.000000e+00 1.000000e+00 1.000000e-01
5.600600e+03 0.000000e+00 1.000000e+00 1.000000e-01
5.600610e+03 0.000000e+00 1.000000e+00 1.000000e-01
5.600620e+03 0.000000e+00 1.000000e+00 1.000000e-01
5.600630e+03 0.000000e+00 1.000000e+00 1.000000e-01
5.600640e+03 0.000000e+00 1.000000e+00 1.000000e-01
5.600650e+03 0.000000e+00 1.000000e+00 1.000000e-01
5.600660e+03 0.000000e+00 1.000000e+00 1.000000e-01
5.600670e+03 0.000000e+00 1.000000e+00 1.000000e-01
5.600680e+03 0.000000e+00 1.000000e+00 1.000000e-01
5.600690e+03 0.000000e+00 1.000000e+00 1.000000e-01
5.600700e+03 0.000000e+00 1.000000e+00 1.000000e-01
5.600710e+03 0.000000e+00 1.000000e+00 1.000000e-01
5.600720e+03 0.000000e+00 1.000000e+00 1.000000e-01
5.600730e+03 0.000000e+00 1.000000e+00 1.000000e-01
5.600740e+03 0.000000e+00 1.000000e+00 1.000000e-01
5.600750e+03 0.000000e+00 1.000000e+00 1.000000e-01
5.600760e+03 0.000000e+00 1.000000e+00 1.000000e-01
5.600770e+03 0.000000e+00 1.000000e+00 1.000000e-01
5.600780e+03 0.000000e+00 1.000000e+00 1.000000e-01
5.600790e+03 0.000000e+00 1.000000e+00 1.000000e-01
5.600800e+03 0.000000e+00 1.000000e+00 1.000000e-01
5.600810e+03 0.000000e+00 1.000000e+00 1.000000e-01
5.600820e+03 0.000000e+00 1.000000e+00 1.000000e-01
5.600830e+03 0.000000e+00 1.000000e+00 1.000000e-01
5.600840e+03 0.000000e+00 1.000000e+00 1.000000e-01
5.600850e+03 0.000000e+00 1.000000e+00 1.000000e-01
5.600860e+03 0.000000e+00 1.000000e+00 1.000000e-01
5.600870e+03 0.000000e+00 1.000000e+00 1.000000e-01
5.600880e+03 0.000000e+00 1.000000e+00 1.000000e-01
5.600890e+03 0.000000e+00 1.000000e+00 1.000000e-01
5.600900e+03 0.000000e+00 1.000000e+00 1.000000e-01
5.600910e+03 0.000000e+00 1.000000e+00 1.000000e-01
5.600920e+03 0.000000e+00 1.000000e+00 1.000000e-01
5.600930e+03 0.000000e+00 1.000000e+00 1.000000e-01
5.600940e+03 0.000000e+00 1.000000e+00 1.000000e-01
5.600950e+03 0.000000e+00 1.000000e+00 1.000000e-01
5.600960e+03 0.000000e+00 1.000000e+00 1.000000e-01
5.600970e+03 0.000000e+00 1.000000e+00 1.000000e-01
5.600980e+03 0.000000e+00 1.000000e+00 1.000000e-01
5.600990e+03 0.000000e+00 1.000000e+00 1.000000e-01
5.601000e+03 0.000000e+00 1.000000e+00 1.000000e-01
5.601010e+03 0.000000e+00 1.000000e+00 1.000000e-01
5.601020e+03 0.000000e+00 1.000000e+00 1.000000e-01
5.601030e+03 0.000000e+00 1.000000e+00 1.000000e-01
5.601040e+03 0.000000e+00 1.000000e+00 1.000000e-01
5.601050e+03 0.000000e+00 1.000000e+00 1.000000e-01
5.601060e+03 0.000000e+00 1.000000e+00 1.000000e-01
5.601070e+03 0.000000e+00 1.000000e+00 1.000000e-01
5.601080e+03 0.000000e+00 1.000000e+00 1.000000e-01
5.601090e+03 0.000000e+00 1.000000e+00 1.000000e-01
5.601100e+03 0.000000e+00 1.000000e+00 1.000000e-01
5.601110e+03 0.000000e+00 1.000000e+00 1.000000e-01
5.601120e+03 0.000000e+00 1.000000e+00 1.000000e-01
5.601130e+03 0.000000e+00 1.000000e+00 1.000000e-01
5.601140e+03 0.000000e+00 1.000000e+00 1.000000e-01
5.601150e+03 0.000000e+00 1.000000e+00 1.000000e-01
5.601160e+03 0.000000e+00 1.000000e+00 1.000000e-01
5.601170e+03 0.000000e+00 1.000000e+00 1.000000e-01
5.601180e+03 0.000000e+00 1.000000e+00 1.000000e-01
5.601190e+03 0.000000e+00 1.000000e+00 1.000000e-01
5.601200e+03 0.000000e+00 1.000000e+00 1.000000e-01
5.601210e+03 0.000000e+00 1.000000e+00 1.000000e-01
5.601220e+03 0.000000e+00 1.000000e+00 1.000000e-01
5.601230e+03 0.000000e+00 1.000000e+00 1.000000e-01
5.601240e+03 0.000000e+00 1.000000e+00 1.000000e-01
5.601250e+03 0.000000e+00 1.000000e+00 1.000000e-01
5.601260e+03 0.000000e+00 1.000000e+00 1.000000e-01
5.601270e+03 0.000000e+00 1.000000e+00 1.000000e-01
5.601280e+03 0.000000e+00 1.000000e+00 1.000000e-01
5.601290e+03 0.000000e+00 1.000000e+00 1.000000e-01
5.601300e+03 0.000000e+00 1.000000e+00 1.000000e-01
5.601310e+03 0.000000e+00 1.000000e+00 1.000000e-01
5.601320e+03 0.000000e+00 1.000000e+00 1.000000e-01
5.601330e+03 0.000000e+00 1.000000e+00 1.000000e-01
5.601340e+03 0.000000e+00 1.000000e+00 1.000000e-01
5.601350e+03 0.000000e+00 1.000000e+00 1.000000e-01
5.601360e+03 0.000000e+00 1.000000e+00 1.000000e-01
5.601370e+03 0.000000e+00 1.000000e+00 1.000000e-01
5.601380e+03 0.000000e+00 1.000000e+00 1.000000e-01
5.601390e+03 0.000000e+00 1.000000e+00 1.000000e-01
5.601400e+03 0.000000e+00 1.000000e+00 1.000000e-01
5.601410e+03 0.000000e+00 1.000000e+00 1.000000e-01
5.601420e+03 0.000000e+00 1.000000e+00 1.000000e-01
5.601430e+03 0.000000e+00 1.000000e+00 1.000000e-01
5.601440e+03 0.000000e+00 1.000000e+00 1.000000e-01
5.601450e+03 0.000000e+00 1.000000e+00 1.000000e-01
5.601460e+03 0.000000e+00 1.000000e+00 1.000000e-01
5.601470e+03 0.000000e+00 1.000000e+00 1.000000e-01
5.601480e+03 0.000000e+00 1.000000e+00 1.000000e-01
5.601490e+03 0.000000e+00 1.000000e+00 1.000000e-01
5.601500e+03 0.000000e+00 1.000000e+00 1.000000e-01
5.601510e+03 0.000000e+00 1.000000e+00 1.000000e-01
5.601520e+03 0.000000e+00 1.000000e+00 1.000000e-01
5.601530e+03 0.000000e+00 1.000000e+00 1.000000e-01
5.601540e+03 0.000000e+00 1.000000e+00 1.000000e-01
5.601550e+03 0.000000e+00 1.000000e+00 1.000000e-01
5.601560e+03 0.000000e+00 1.000000e+00 1.000000e-01
5.601570e+03 0.000000e+00 1.000000e+00 1.000000e-01
5.601580e+03 0.000000e+00 1.000000e+00 1.000000e-01
5.601590e+03 0.000000e+00 1.000000e+00 1.000000e-01
5.601600e+03 0.000000e+00 1.000000e+00 1.000000e-01
5.601610e+03 0.000000e+00 1.000000e+00 1.000000e-01
5.601620e+03 0.000000e+00 1.000000e+00 1.000000e-01
5.601630e+03 0.000000e+00 1.000000e+00 1.000000e-01
5.601640e+03 0.000000e+00 1.000000e+00 1.000000e-01
5.601650e+03 0.000000e+00 1.000000e+00 1.000000e-01
5.601660e+03 0.000000e+00 1.000000e+00 1.000000e-01
5.601670e+03 0.000000e+00 1.000000e+00 1.000000e-01
5.601680e+03 0.000000e+00 1.000000e+00 1.000000e-01
5.601690e+03 0.000000e+00 1.000000e+00 1.000000e-01
5.601700e+03 0.000000e+00 1.000000e+00 1.000000e-01
5.601710e+03 0.000000e+00 1.000000e+00 1.000000e-01
5.601720e+03 0.000000e+00 1.000000e+00 1.000000e-01
5.601730e+03 0.000000e+00 1.000000e+00 1.000000e-01
5.601740e+03 0.000000e+00 1.000000e+00 1.000000e-01
5.601750e+03 0.000000e+00 1.000000e+00 1.000000e-01
5.601760e+03 0.000000e+00 1.000000e+00 1.000000e-01
5.601770e+03 0.000000e+00 1.000000e+00 1.000000e-01
5.601780e+03 0.000000e+00 1.000000e+00 1.000000e-01
5.601790e+03 0.000000e+00 1.000000e+00 1.000000e-01
5.601800e+03 0.000000e+00 1.000000e+00 1.000000e-01
5.601810e+03 0.000000e+00 1.000000e+00 1.000000e-01
5.601820e+03 0.000000e+00 1.000000e+00 1.000000e-01
5.601830e+03 0.000000e+00 1.000000e+00 1.000000e-01
5.601840e+03 0.000000e+00 1.000000e+00 1.000000e-01
5.601850e+03 0.000000e+00 1.000000e+00 1.000000e-01
5.601860e+03 0.000000e+00 1.000000e+00 1.000000e-01
5.601870e+03 0.000000e+00 1.000000e+00 1.000000e-01
5.601880e+03 0.000000e+00 1.000000e+00 1.000000e-01
5.601890e+03 0.000000e+00 1.000000e+00 1.000000e-01
5.601900e+03 0.000000e+00 1.000000e+00 1.000000e-01
5.601910e+03 0.000000e+00 1.000000e+00 1.000000e-01
5.601920e+03 0.000000e+00 1.000000e+00 1.000000e-01
5.601930e+03 0.000000e+00 1.000000e+00 1.000000e-01
5.601940e+03 0.000000e+00 1.000000e+00 1.000000e-01
5.601950e+03 0.000000e+00 1.000000e+00 1.000000e-01
5.601960e+03 0.000000e+00 1.000000e+00 1.000000e-01
5.601970e+03 0.000000e+00 1.000000e+00 1.000000e-01
5.601980e+03 0.000000e+00 1.000000e+00 1.000000e-01
5.601990e+03 0.000000e+00 1.000000e+00 1.000000e-01
5.602000e+03 0.000000e+00 1.000000e+00 1.000000e-01
5.602010e+03 0.000000e+00 1.000000e+00 1.000000e-01
5.602020e+03 0.000000e+00 1.000000e+00 1.000000e-01
5.602030e+03 0.000000e+00 1.000000e+00 1.000000e-01
5.602040e+03 0.000000e+00 1.000000e+00 1.000000e-01
5.602050e+03 0.000000e+00 1.000000e+00 1.000000e-01
5.602060e+03 0.000000e+00 1.000000e+00 1.000000e-01
5.602070e+03 0.000000e+00 1.000000e+00 1.000000e-01
5.602080e+03 0.000000e+00 1.000000e+00 1.000000e-01
5.602090e+03 0.000000e+00 1.000000e+00 1.000000e-01
5.602100e+03 0.000000e+00 1.000000e+00 1.000000e-01
5.602110e+03 0.000000e+00 1.000000e+00 1.000000e-01
5.602120e+03 0.000000e+00 1.000000e+00 1.000000e-01
5.602130e+03 0.000000e+00 1.000000e+00 1.000000e-01
5.602140e+03 0.000000e+00 1.000000e+00 1.000000e-01
5.602150e+03 0.000000e+00 1.000000e+00 1.000000e-01
5.602160e+03 0.000000e+00 1.000000e+00 1.000000e-01
5.602170e+03 0.000000e+00 1.000000e+00 1.000000e-01
5.602180e+03 0.000000e+00 1.000000e+00 1.000000e-01
5.602190e+03 0.000000e+00 1.000000e+00 1.000000e-01
5.602200e+03 0.000000e+00 1.000000e+00 1.000000e-01
5.602210e+03 0.000000e+00 1.000000e+00 1.000000e-01
5.602220e+03 0.000000e+00 1.000000e+00 1.000000e-01
5.602230e+03 0.000000e+00 1.000000e+00 1.000000e-01
5.602240e+03 0.000000e+00 1.000000e+00 1.000000e-01
5.602250e+03 0.000000e+00 1.000000e+00 1.000000e-01
5.602260e+03 0.000000e+00 1.000000e+00 1.000000e-01
5.602270e+03 0.000000e+00 1.000000e+00 1.000000e-01
5.602280e+03 0.000000e+00 1.000000e+00 1.000000e-01
5.602290e+03 0.000000e+00 1.000000e+00 1.000000e-01
5.602300e+03 0.000000e+00 1.000000e+00 1.000000e-01
5.602310e+03 0.000000e+00 1.000000e+00 1.000000e-01
5.602320e+03 0.000000e+00 1.000000e+00 1.000000e-01
5.602330e+03 0.000000e+00 1.000000e+00 1.000000e-01
5.602340e+03 0.000000e+00 1.000000e+00 1.000000e-01
5.602350e+03 0.000000e+00 1.000000e+00 1.000000e-01
5.602360e+03 0.000000e+00 1.000000e+00 1.000000e-01
5.602370e+03 0.000000e+00 1.000000e+00 1.000000e-01
5.602380e+03 0.000000e+00 1.000000e+00 1.000000e-01
5.602390e+03 0.000000e+00 1.000000e+00 1.000000e-01
5.602400e+03 0.000000e+00 1.000000e+00 1.000000e-01
5.602410e+03 0.000000e+00 1.000000e+00 1.000000e-01
5.602420e+03 0.000000e+00 1.000000e+00 1.000000e-01
5.602430e+03 0.000000e+00 1.000000e+00 1.000000e-01
5.602440e+03 0.000000e+00 1.000000e+00 1.000000e-01
5.602450e+03 0.000000e+00 1.000000e+00 1.000000e-01
5.602460e+03 0.000000e+00 1.000000e+00 1.000000e-01
5.602470e+03 0.000000e+00 1.000000e+00 1.000000e-01
5.602480e+03 0.000000e+00 1.000000e+00 1.000000e-01
5.602490e+03 0.000000e+00 1.000000e+00 1.000000e-01
5.602500e+03 0.000000e+00 1.000000e+00 1.000000e-01
5.602510e+03 0.000000e+00 1.000000e+00 1.000000e-01
5.602520e+03 0.000000e+00 1.000000e+00 1.000000e-01
5.602530e+03 0.000000e+00 1.000000e+00 1.000000e-01
5.602540e+03 0.000000e+00 1.000000e+00 1.000000e-01
5.602550e+03 0.000000e+00 1.000000e+00 1.000000e-01
5.602560e+03 0.000000e+00 1.000000e+00 1.000000e-01
5.602570e+03 0.000000e+00 1.000000e+00 1.000000e-01
5.602580e+03 0.000000e+00 1.000000e+00 1.000000e-01
5.602590e+03 0.000000e+00 1.000000e+00 1.000000e-01
5.602600e+03 0.000000e+00 1.000000e+00 1.000000e-01
5.602610e+03 0.000000e+00 1.000000e+00 1.000000e-01
5.602620e+03 0.000000e+00 1.000000e+00 1.000000e-01
5.602630e+03 0.000000e+00 1.000000e+00 1.000000e-01
5.602640e+03 0.000000e+00 1.000000e+00 1.000000e-01
5.602650e+03 0.000000e+00 1.000000e+00 1.000000e-01
5.602660e+03 0.000000e+00 1.000000e+00 1.000000e-01
5.602670e+03 0.000000e+00 1.000000e+00 1.000000e-01
5.602680e+03 0.000000e+00 1.000000e+00 1.000000e-01
5.602690e+03 0.000000e+00 1.000000e+00 1.000000e-01
5.602700e+03 0.000000e+00 1.000000e+00 1.000000e-01
5.602710e+03 0.000000e+00 1.000000e+00 1.000000e-01
5.602720e+03 0.000000e+00 1.000000e+00 1.000000e-01
5.602730e+03 0.000000e+00 1.000000e+00 1.000000e-01
5.602740e+03 0.000000e+00 1.000000e+00 1.000000e-01
5.602750e+03 0.000000e+00 1.000000e+00 1.000000e-01
5.602760e+03 0.000000e+00 1.000000e+00 1.000000e-01
5.602770e+03 0.000000e+00 1.000000e+00 1.000000e-01
5.602780e+03 0.000000e+00 1.000000e+00 1.000000e-01
5.602790e+03 0.000000e+00 1.000000e+00 1.000000e-01
5.602800e+03 0.000000e+00 1.000000e+00 1.000000e-01
5.602810e+03 0.000000e+00 1.000000e+00 1.000000e-01
5.602820e+03 0.000000e+00 1.000000e+00 1.000000e-01
5.602830e+03 0.000000e+00 1.000000e+00 1.000000e-01
5.602840e+03 0.000000e+00 1.000000e+00 1.000000e-01
5.602850e+03 0.000000e+00 1.000000e+00 1.000000e-01
5.602860e+03 0.000000e+00 1.000000e+00 1.000000e-01
5.602870e+03 0.000000e+00 1.000000e+00 1.000000e-01
5.602880e+03 0.000000e+00 1.000000e+00 1.000000e-01
5.602890e+03 0.000000e+00 1.000000e+00 1.000000e-01
5.602900e+03 0.000000e+00 1.000000e+00 1.000000e-01
5.602910e+03 0.000000e+00 1.000000e+00 1.000000e-01
5.602920e+03 0.000000e+00 1.000000e+00 1.000000e-01
5.602930e+03 0.000000e+00 1.000000e+00 1.000000e-01
5.602940e+03 0.000000e+00 1.000000e+00 1.000000e-01
5.602950e+03 0.000000e+00 1.000000e+00 1.000000e-01
5.602960e+03 0.000000e+00 1.000000e+00 1.000000e-01
5.602970e+03 0.000000e+00 1.000000e+00 1.000000e-01
5.602980e+03 0.000000e+00 1.000000e+00 1.000000e-01
5.602990e+03 0.000000e+00 1.000000e+00 1.000000e-01
5.603000e+03 0.000000e+00 1.000000e+00 1.000000e-01
5.603010e+03 0.000000e+00 1.000000e+00 1.000000e-01
5.603020e+03 0.000000e+00 1.000000e+00 1.000000e-01
5.603030e+03 0.000000e+00 1.000000e+00 1.000000e-01
5.603040e+03 0.000000e+00 1.000000e+00 1.000000e-01
5.603050e+03 0.000000e+00 1.000000e+00 1.000000e-01
5.603060e+03 0.000000e+00 1.000000e+00 1.000000e-01
5.603070e+03 0.000000e+00 1.000000e+00 1.000000e-01
5.603080e+03 0.000000e+00 1.000000e+00 1.000000e-01
5.603090e+03 0.000000e+00 1.000000e+00 1.000000e-01
5.603100e+03 0.000000e+00 1.000000e+00 1.000000e-01
5.603110e+03 0.000000e+00 1.000000e+00 1.000000e-01
5.603120e+03 0.000000e+00 1.000000e+00 1.000000e-01
5.603130e+03 0.000000e+00 1.000000e+00 1.000000e-01
5.603140e+03 0.000000e+00 1.000000e+00 1.000000e-01
5.603150e+03 0.000000e+00 1.000000e+00 1.000000e-01
5.603160e+03 0.000000e+00 1.000000e+00 1.000000e-01
5.603170e+03 0.000000e+00 1.000000e+00 1.000000e-01
5.603180e+03 0.000000e+00 1.000000e+00 1.000000e-01
5.603190e+03 0.000000e+00 1.000000e+00 1.000000e-01
5.603200e+03 0.000000e+00 1.000000e+00 1.000000e-01
5.603210e+03 0.000000e+00 1.000000e+00 1.000000e-01
5.603220e+03 0.000000e+00 1.000000e+00 1.000000e-01
5.603230e+03 0.000000e+00 1.000000e+00 1.000000e-01
5.603240e+03 0.000000e+00 1.000000e+00 1.000000e-01
5.603250e+03 0.000000e+00 1.000000e+00 1.000000e-01
5.603260e+03 0.000000e+00 1.000000e+00 1.000000e-01
5.603270e+03 0.000000e+00 1.000000e+00 1.000000e-01
5.603280e+03 0.000000e+00 1.000000e+00 1.000000e-01
5.603290e+03 0.000000e+00 1.000000e+00 1.000000e-01
5.603300e+03 0.000000e+00 1.000000e+00 1.000000e-01
5.603310e+03 0.000000e+00 1.000000e+00 1.000000e-01
5.603320e+03 0.000000e+00 1.000000e+00 1.000000e-01
5.603330e+03 0.000000e+00 1.000000e+00 1.000000e-01
5.603340e+03 0.000000e+00 1.000000e+00 1.000000e-01
5.603350e+03 0.000000e+00 1.000000e+00 1.000000e-01
5.603360e+03 0.000000e+00 1.000000e+00 1.000000e-01
5.603370e+03 0.000000e+00 1.000000e+00 1.000000e-01
5.603380e+03 0.000000e+00 1.000000e+00 1.000000e-01
5.603390e+03 0.000000e+00 1.000000e+00 1.000000e-01
5.603400e+03 0.000000e+00 1.000000e+00 1.000000e-01
5.603410e+03 0.000000e+00 1.000000e+00 1.000000e-01
5.603420e+03 0.000000e+00 1.000000e+00 1.000000e-01
5.603430e+03 0.000000e+00 1.000000e+00 1.000000e-01
5.603440e+03 0.000000e+00 1.000000e+00 1.000000e-01
5.603450e+03 0.000000e+00 1.000000e+00 1.000000e-01
5.603460e+03 0.000000e+00 1.000000e+00 1.000000e-01
5.603470e+03 0.000000e+00 1.000000e+00 1.000000e-01
5.603480e+03 0.000000e+00 1.000000e+00 1.000000e-01
5.603490e+03 0.000000e+00 1.000000e+00 1.000000e-01
5.603500e+03 0.000000e+00 1.000000e+00 1.000000e-01
5.603510e+03 0.000000e+00 1.000000e+00 1.000000e-01
5.603520e+03 0.000000e+00 1.000000e+00 1.000000e-01
5.603530e+03 0.000000e+00 1.000000e+00 1.000000e-01
5.603540e+03 0.000000e+00 1.000000e+00 1.000000e-01
5.603550e+03 0.000000e+00 1.000000e+00 1.000000e-01
5.603560e+03 0.000000e+00 1.000000e+00 1.000000e-01
5.603570e+03 0.000000e+00 1.000000e+00 1.000000e-01
5.603580e+03 0.000000e+00 1.000000e+00 1.000000e-01
5.603590e+03 0.000000e+00 1.000000e+00 1.000000e-01
5.603600e+03 0.000000e+00 1.000000e+00 1.000000e-01
5.603610e+03 0.000000e+00 1.000000e+00 1.000000e-01
5.603620e+03 0.000000e+00 1.000000e+00 1.000000e-01
5.603630e+03 0.000000e+00 1.000000e+00 1.000000e-01
5.603640e+03 0.000000e+00 1.000000e+00 1.000000e-01
5.603650e+03 0.000000e+00 1.000000e+00 1.000000e-01
5.603660e+03 0.000000e+00 1.000000e+00 1.000000e-01
5.603670e+03 0.000000e+00 1.000000e+00 1.000000e-01
5.603680e+03 0.000000e+00 1.000000e+00 1.000000e-01
5.603690e+03 0.000000e+00 1.000000e+00 1.000000e-01
5.603700e+03 0.000000e+00 1.000000e+00 1.000000e-01
5.603710e+03 0.000000e+00 1.000000e+00 1.000000e-01
5.603720e+03 0.000000e+00 1.000000e+00 1.000000e-01
5.603730e+03 0.000000e+00 1.000000e+00 1.000000e-01
5.603740e+03 0.000000e+00 1.000000e+00 1.000000e-01
5.603750e+03 0.000000e+00 1.000000e+00 1.000000e-01
5.603760e+03 0.000000e+00 1.000000e+00 1.000000e-01
5.603770e+03 0.000000e+00 1.000000e+00 1.000000e-01
5.603780e+03 0.000000e+00 1.000000e+00 1.000000e-01
5.603790e+03 0.000000e+00 1.000000e+00 1.000000e-01
5.603800e+03 0.000000e+00 1.000000e+00 1.000000e-01
5.603810e+03 0.000000e+00 1.000000e+00 1.000000e-01
5.603820e+03 0.000000e+00 1.000000e+00 1.000000e-01
5.603830e+03 0.000000e+00 1.000000e+00 1.000000e-01
5.603840e+03 0.000000e+00 1.000000e+00 1.000000e-01
5.603850e+03 0.000000e+00 1.000000e+00 1.000000e-01
5.603860e+03 0.000000e+00 1.000000e+00 1.000000e-01
5.603870e+03 0.000000e+00 1.000000e+00 1.000000e-01
5.603880e+03 0.000000e+00 1.000000e+00 1.000000e-01
5.603890e+03 0.000000e+00 1.000000e+00 1.000000e-01
5.603900e+03 0.000000e+00 1.000000e+00 1.000000e-01
5.603910e+03 0.000000e+00 1.000000e+00 1.000000e-01
5.603920e+03 0.000000e+00 1.000000e+00 1.000000e-01
5.603930e+03 0.000000e+00 1.000000e+00 1.000000e-01
5.603940e+03 0.000000e+00 1.000000e+00 1.000000e-01
5.603950e+03 0.000000e+00 1.000000e+00 1.000000e-01
5.603960e+03 0.000000e+00 1.000000e+00 1.000000e-01
5.603970e+03 0.000000e+00 1.000000e+00 1.000000e-01
5.603980e+03 0.000000e+00 1.000000e+00 1.000000e-01
5.603990e+03 0.000000e+00 1.000000e+00 1.000000e-01
5.604000e+03 0.000000e+00 1.000000e+00 1.000000e-01
5.604010e+03 0.000000e+00 1.000000e+00 1.000000e-01
5.604020e+03 0.000000e+00 1.000000e+00 1.000000e-01
5.604030e+03 0.000000e+00 1.000000e+00 1.000000e-01
5.604040e+03 0.000000e+00 1.000000e+00 1.000000e-01
5.604050e+03 0.000000e+00 1.000000e+00 1.000000e-01
5.604060e+03 0.000000e+00 1.000000e+00 1.000000e-01
5.604070e+03 0.000000e+00 1.000000e+00 1.000000e-01
5.604080e+03 0.000000e+00 1.000000e+00 1.000000e-01
5.604090e+03 0.000000e+00 1.000000e+00 1.000000e-01
5.604100e+03 0.000000e+00 1.000000e+00 1.000000e-01
5.604110e+03 0.000000e+00 1.000000e+00 1.000000e-01
5.604120e+03 0.000000e+00 1.000000e+00 1.000000e-01
5.604130e+03 0.000000e+00 1.000000e+00 1.000000e-01
5.604140e+03 0.000000e+00 1.000000e+00 1.000000e-01
5.604150e+03 0.000000e+00 1.000000e+00 1.000000e-01
5.604160e+03 0.000000e+00 1.000000e+00 1.000000e-01
5.604170e+03 0.000000e+00 1.000000e+00 1.000000e-01
5.604180e+03 0.000000e+00 1.000000e+00 1.000000e-01
5.604190e+03 0.000000e+00 1.000000e+00 1.000000e-01
5.604200e+03 0.000000e+00 1.000000e+00 1.000000e-01
5.604210e+03 0.000000e+00 1.000000e+00 1.000000e-01
5.604220e+03 0.000000e+00 1.000000e+00 1.000000e-01
5.604230e+03 0.000000e+00 1.000000e+00 1.000000e-01
5.604240e+03 0.000000e+00 1.000000e+00 1.000000e-01
5.604250e+03 0.000000e+00 1.000000e+00 1.000000e-01
5.604260e+03 0.000000e+00 1.000000e+00 1.000000e-01
5.604270e+03 0.000000e+00 1.000000e+00 1.000000e-01
5.604280e+03 0.000000e+00 1.000000e+00 1.000000e-01
5.604290e+03 0.000000e+00 1.000000e+00 1.000000e-01
5.604300e+03 0.000000e+00 1.000000e+00 1.000000e-01
5.604310e+03 0.000000e+00 1.000000e+00 1.000000e-01
5.604320e+03 0.000000e+00 1.000000e+00 1.000000e-01
5.604330e+03 0.000000e+00 1.000000e+00 1.000000e-01
5.604340e+03 0.000000e+00 1.000000e+00 1.000000e-01
5.604350e+03 0.000000e+00 1.000000e+00 1.000000e-01
5.604360e+03 0.000000e+00 1.000000e+00 1.000000e-01
5.604370e+03 0.000000e+00 1.000000e+00 1.000000e-01
5.604380e+03 0.000000e+00 1.000000e+00 1.000000e-01
5.604390e+03 0.000000e+00 1.000000e+00 1.000000e-01
5.604400e+03 0.000000e+00 1.000000e+00 1.000000e-01
5.604410e+03 0.000000e+00 1.000000e+00 1.000000e-01
5.604420e+03 0.000000e+00 1.000000e+00 1.000000e-01
5.604430e+03 0.000000e+00 1.000000e+00 1.000000e-01
5.604440e+03 0.000000e+00 1.000000e+00 1.000000e-01
5.604450e+03 0.000000e+00 1.000000e+00 1.000000e-01
5.604460e+03 0.000000e+00 1.000000e+00 1.000000e-01
5.604470e+03 0.000000e+00 1.000000e+00 1.000000e-01
5.604480e+03 0.000000e+00 1.000000e+00 1.000000e-01
5.604490e+03 0.000000e+00 1.000000e+00 1.000000e-01
5.604500e+03 0.000000e+00 1.000000e+00 1.000000e-01
5.604510e+03 0.000000e+00 1.000000e+00 1.000000e-01
5.604520e+03 0.000000e+00 1.000000e+00 1.000000e-01
5.604530e+03 0.000000e+00 1.000000e+00 1.000000e-01
5.604540e+03 0.000000e+00 1.000000e+00 1.000000e-01
5.604550e+03 0.000000e+00 1.000000e+00 1.000000e-01
5.604560e+03 0.000000e+00 1.000000e+00 1.000000e-01
5.604570e+03 0.000000e+00 1.000000e+00 1.000000e-01
5.604580e+03 0.000000e+00 1.000000e+00 1.000000e-01
5.604590e+03 0.000000e+00 1.000000e+00 1.000000e-01
5.604600e+03 0.000000e+00 1.000000e+00 1.000000e-01
5.604610e+03 0.000000e+00 1.000000e+00 1.000000e-01
5.604620e+03 0.000000e+00 1.000000e+00 1.000000e-01
5.604630e+03 0.000000e+00 1.000000e+00 1.000000e-01
5.604640e+03 0.000000e+00 1.000000e+00 1.000000e-01
5.604650e+03 0.000000e+00 1.000000e+00 1.000000e-01
5.604660e+03 0.000000e+00 1.000000e+00 1.000000e-01
5.604670e+03 0.000000e+00 1.000000e+00 1.000000e-01
5.604680e+03 0.000000e+00 1.000000e+00 1.000000e-01
5.604690e+03 0.000000e+00 1.000000e+00 1.000000e-01
5.604700e+03 0.000000e+00 1.000000e+00 1.000000e-01
5.604710e+03 0.000000e+00 1.000000e+00 1.000000e-01
5.604720e+03 0.000000e+00 1.000000e+00 1.000000e-01
5.604730e+03 0.000000e+00 1.000000e+00 1.000000e-01
5.604740e+03 0.000000e+00 1.000000e+00 1.000000e-01
5.604750e+03 0.000000e+00 1.000000e+00 1.000000e-01
5.604760e+03 0.000000e+00 1.000000e+00 1.000000e-01
5.604770e+03 0.000000e+00 1.000000e+00 1.000000e-01
5.604780e+03 0.000000e+00 1.000000e+00 1.000000e-01
5.604790e+03 0.000000e+00 1.000000e+00 1.000000e-01
5.604800e+03 0.000000e+00 1.000000e+00 1.000000e-01
5.604810e+03 0.000000e+00 1.000000e+00 1.000000e-01
5.604820e+03 0.000000e+00 1.000000e+00 1.000000e-01
5.604830e+03 0.000000e+00 1.000000e+00 1.000000e-01
5.604840e+03 0.000000e+00 1.000000e+00 1.000000e-01
5.604850e+03 0.000000e+00 1.000000e+00 1.000000e-01
5.604860e+03 0.000000e+00 1.000000e+00 1.000000e-01
5.604870e+03 0.000000e+00 1.000000e+00 1.000000e-01
5.604880e+03 0.000000e+00 1.000000e+00 1.000000e-01
5.604890e+03 0.000000e+00 1.000000e+00 1.000000e-01
5.604900e+03 0.000000e+00 1.000000e+00 1.000000e-01
5.604910e+03 0.000000e+00 1.000000e+00 1.000000e-01
5.604920e+03 0.000000e+00 1.000000e+00 1.000000e-01
5.604930e+03 0.000000e+00 1.000000e+00 1.000000e-01
5.604940e+03 0.000000e+00 1.000000e+00 1.000000e-01
5.604950e+03 0.000000e+00 1.000000e+00 1.000000e-01
5.604960e+03 0.000000e+00 1.000000e+00 1.000000e-01
5.604970e+03 0.000000e+00 1.000000e+00 1.000000e-01
5.604980e+03 0.000000e+00 1.000000e+00 1.000000e-01
5.604990e+03 0.000000e+00 1.000000e+00 1.000000e-01
5.605000e+03 0.000000e+00 1.000000e+00 1.000000e-01
5.605010e+03 0.000000e+00 1.000000e+00 1.000000e-01
5.605020e+03 0.000000e+00 1.000000e+00 1.000000e-01
5.605030e+03 0.000000e+00 1.000000e+00 1.000000e-01
5.605040e+03 0.000000e+00 1.000000e+00 1.000000e-01
5.605050e+03 0.000000e+00 1.000000e+00 1.000000e-01
5.605060e+03 0.000000e+00 1.000000e+00 1.000000e-01
5.605070e+03 0.000000e+00 1.000000e+00 1.000000e-01
5.605080e+03 0.000000e+00 1.000000e+00 1.000000e-01
5.605090e+03 0.000000e+00 1.000000e+00 1.000000e-01
5.605100e+03 0.000000e+00 1.000000e+00 1.000000e-01
5.605110e+03 0.000000e+00 1.000000e+00 1.000000e-01
5.605120e+03 0.000000e+00 1.000000e+00 1.000000e-01
5.605130e+03 0.000000e+00 1.000000e+00 1.000000e-01
5.605140e+03 0.000000e+00 1.000000e+00 1.000000e-01
5.605150e+03 0.000000e+00 1.000000e+00 1.000000e-01
5.605160e+03 0.000000e+00 1.000000e+00 1.000000e-01
5.605170e+03 0.000000e+00 1.000000e+00 1.000000e-01
5.605180e+03 0.000000e+00 1.000000e+00 1.000000e-01
5.605190e+03 0.000000e+00 1.000000e+00 1.000000e-01
5.605200e+03 0.000000e+00 1.000000e+00 1.000000e-01
5.605210e+03 0.000000e+00 1.000000e+00 1.000000e-01
5.605220e+03 0.000000e+00 1.000000e+00 1.000000e-01
5.605230e+03 0.000000e+00 1.000000e+00 1.000000e-01
5.605240e+03 0.000000e+00 1.000000e+00 1.000000e-01
5.605250e+03 0.000000e+00 1.000000e+00 1.000000e-01
5.605260e+03 0.000000e+00 1.000000e+00 1.000000e-01
5.605270e+03 0.000000e+00 1.000000e+00 1.000000e-01
5.605280e+03 0.000000e+00 1.000000e+00 1.000000e-01
5.605290e+03 0.000000e+00 1.000000e+00 1.000000e-01
5.605300e+03 0.000000e+00 1.000000e+00 1.000000e-01
5.605310e+03 0.000000e+00 1.000000e+00 1.000000e-01
5.605320e+03 0.000000e+00 1.000000e+00 1.000000e-01
5.605330e+03 0.000000e+00 1.000000e+00 1.000000e-01
5.605340e+03 0.000000e+00 1.000000e+00 1.000000e-01
5.605350e+03 0.000000e+00 1.000000e+00 1.000000e-01
5.605360e+03 0.000000e+00 1.000000e+00 1.000000e-01
5.605370e+03 0.000000e+00 1.000000e+00 1.000000e-01
5.605380e+03 0.000000e+00 1.000000e+00 1.000000e-01
5.605390e+03 0.000000e+00 1.000000e+00 1.000000e-01
5.605400e+03 0.000000e+00 1.000000e+00 1.000000e-01
5.605410e+03 0.000000e+00 1.000000e+00 1.000000e-01
5.605420e+03 0.000000e+00 1.000000e+00 1.000000e-01
5.605430e+03 0.000000e+00 1.000000e+00 1.000000e-01
5.605440e+03 0.000000e+00 1.000000e+00 1.000000e-01
5.605450e+03 0.000000e+00 1.000000e+00 1.000000e-01
5.605460e+03 0.000000e+00 1.000000e+00 1.000000e-01
5.605470e+03 0.000000e+00 1.000000e+00 1.000000e-01
5.605480e+03 0.000000e+00 1.000000e+00 1.000000e-01
5.605490e+03 0.000000e+00 1.000000e+00 1.000000e-01
5.605500e+03 0.000000e+00 1.000000e+00 1.000000e-01
5.605510e+03 0.000000e+00 1.000000e+00 1.000000e-01
5.605520e+03 0.000000e+00 1.000000e+00 1.000000e-01
5.605530e+03 0.000000e+00 1.000000e+00 1.000000e-01
5.605540e+03 0.000000e+00 1.000000e+00 1.000000e-01
5.605550e+03 0.000000e+00 1.000000e+00 1.000000e-01
5.605560e+03 0.000000e+00 1.000000e+00 1.000000e-01
5.605570e+03 0.000000e+00 1.000000e+00 1.000000e-01
5.605580e+03 0.000000e+00 1.000000e+00 1.000000e-01
5.605590e+03 0.000000e+00 1.000000e+00 1.000000e-01
5.605600e+03 0.000000e+00 1.000000e+00 1.000000e-01
5.605610e+03 0.000000e+00 1.000000e+00 1.000000e-01
5.605620e+03 0.000000e+00 1.000000e+00 1.000000e-01
5.605630e+03 0.000000e+00 1.000000e+00 1.000000e-01
5.605640e+03 0.000000e+00 1.000000e+00 1.000000e-01
5.605650e+03 0.000000e+00 1.000000e+00 1.000000e-01
5.605660e+03 0.000000e+00 1.000000e+00 1.000000e-01
5.605670e+03 0.000000e+00 1.000000e+00 1.000000e-01
5.605680e+03 0.000000e+00 1.000000e+00 1.000000e-01
5.605690e+03 0.000000e+00 1.000000e+00 1.000000e-01
5.605700e+03 0.000000e+00 1.000000e+00 1.000000e-01
5.605710e+03 0.000000e+00 1.000000e+00 1.000000e-01
5.605720e+03 0.000000e+00 1.000000e+00 1.000000e-01
5.605730e+03 0.000000e+00 1.000000e+00 1.000000e-01
5.605740e+03 0.000000e+00 1.000000e+00 1.000000e-01
5.605750e+03 0.000000e+00 1.000000e+00 1.000000e-01
5.605760e+03 0.000000e+00 1.000000e+00 1.000000e-01
5.605770e+03 0.000000e+00 1.000000e+00 1.000000e-01
5.605780e+03 0.000000e+00 1.000000e+00 1.000000e-01
5.605790e+03 0.000000e+00 1.000000e+00 1.000000e-01
5.605800e+03 0.000000e+00 1.000000e+00 1.000000e-01
5.605810e+03 0.000000e+00 1.000000e+00 1.000000e-01
5.605820e+03 0.000000e+00 1.000000e+00 1.000000e-01
5.605830e+03 0.000000e+00 1.000000e+00 1.000000e-01
5.605840e+03 0.000000e+00 1.000000e+00 1.000000e-01
5.605850e+03 0.000000e+00 1.000000e+00 1.000000e-01
5.605860e+03 0.000000e+00 1.000000e+00 1.000000e-01
5.605870e+03 0.000000e+00 1.000000e+00 1.000000e-01
5.605880e+03 0.000000e+00 1.000000e+00 1.000000e-01
5.605890e+03 0.000000e+00 1.000000e+00 1.000000e-01
5.605900e+03 0.000000e+00 1.000000e+00 1.000000e-01
5.605910e+03 0.000000e+00 1.000000e+00 1.000000e-01
5.605920e+03 0.000000e+00 1.000000e+00 1.000000e-01
5.605930e+03 0.000000e+00 1.000000e+00 1.000000e-01
5.605940e+03 0.000000e+00 1.000000e+00 1.000000e-01
5.605950e+03 0.000000e+00 1.000000e+00 1.000000e-01
5.605960e+03 0.000000e+00 1.000000e+00 1.000000e-01
5.605970e+03 0.000000e+00 1.000000e+00 1.000000e-01
5.605980e+03 0.000000e+00 1.000000e+00 1.000000e-01
5.605990e+03 0.000000e+00 1.000000e+00 1.000000e-01
5.606000e+03 0.000000e+00 1.000000e+00 1.000000e-01
5.606010e+03 0.000000e+00 1.000000e+00 1.000000e-01
5.606020e+03 0.000000e+00 1.000000e+00 1.000000e-01
5.606030e+03 0.000000e+00 1.000000e+00 1.000000e-01
5.606040e+03 0.000000e+00 1.000000e+00 1.000000e-01
5.606050e+03 0.000000e+00 1.000000e+00 1.000000e-01
5.606060e+03 0.000000e+00 1.000000e+00 1.000000e-01
5.606070e+03 0.000000e+00 1.000000e+00 1.000000e-01
5.606080e+03 0.000000e+00 1.000000e+00 1.000000e-01
5.606090e+03 0.000000e+00 1.000000e+00 1.000000e-01
5.606100e+03 0.000000e+00 1.000000e+00 1.000000e-01
5.606110e+03 0.000000e+00 1.000000e+00 1.000000e-01
5.606120e+03 0.000000e+00 1.000000e+00 1.000000e-01
5.606130e+03 0.000000e+00 1.000000e+00 1.000000e-01
5.606140e+03 0.000000e+00 1.000000e+00 1.000000e-01
5.606150e+03 0.000000e+00 1.000000e+00 1.000000e-01
5.606160e+03 0.000000e+00 1.000000e+00 1.000000e-01
5.606170e+03 0.000000e+00 1.000000e+00 1.000000e-01
5.606180e+03 0.000000e+00 1.000000e+00 1.000000e-01
5.606190e+03 0.000000e+00 1.000000e+00 1.000000e-01
5.606200e+03 0.000000e+00 1.000000e+00 1.000000e-01
5.606210e+03 0.000000e+00 1.000000e+00 1.000000e-01
5.606220e+03 0.000000e+00 1.000000e+00 1.000000e-01
5.606230e+03 0.000000e+00 1.000000e+00 1.000000e-01
5.606240e+03 0.000000e+00 1.000000e+00 1.000000e-01
5.606250e+03 0.000000e+00 1.000000e+00 1.000000e-01
5.606260e+03 0.000000e+00 1.000000e+00 1.000000e-01
5.606270e+03 0.000000e+00 1.000000e+00 1.000000e-01
5.606280e+03 0.000000e+00 1.000000e+00 1.000000e-01
5.606290e+03 0.000000e+00 1.000000e+00 1.000000e-01
5.606300e+03 0.000000e+00 1.000000e+00 1.000000e-01
5.606310e+03 0.000000e+00 1.000000e+00 1.000000e-01
5.606320e+03 0.000000e+00 1.000000e+00 1.000000e-01
5.606330e+03 0.000000e+00 1.000000e+00 1.000000e-01
5.606340e+03 0.000000e+00 1.000000e+00 1.000000e-01
5.606350e+03 0.000000e+00 1.000000e+00 1.000000e-01
5.606360e+03 0.000000e+00 1.000000e+00 1.000000e-01
5.606370e+03 0.000000e+00 1.000000e+00 1.000000e-01
5.606380e+03 0.000000e+00 1.000000e+00 1.000000e-01
5.606390e+03 0.000000e+00 1.000000e+00 1.000000e-01
5.606400e+03 0.000000e+00 1.000000e+00 1.000000e-01
5.606410e+03 0.000000e+00 1.000000e+00 1.000000e-01
5.606420e+03 0.000000e+00 1.000000e+00 1.000000e-01
5.606430e+03 0.000000e+00 1.000000e+00 1.000000e-01
5.606440e+03 0.000000e+00 1.000000e+00 1.000000e-01
5.606450e+03 0.000000e+00 1.000000e+00 1.000000e-01
5.606460e+03 0.000000e+00 1.000000e+00 1.000000e-01
5.606470e+03 0.000000e+00 1.000000e+00 1.000000e-01
5.606480e+03 0.000000e+00 1.000000e+00 1.000000e-01
5.606490e+03 0.000000e+00 1.000000e+00 1.000000e-01
5.606500e+03 0.000000e+00 1.000000e+00 1.000000e-01
5.606510e+03 0.000000e+00 1.000000e+00 1.000000e-01
5.606520e+03 0.000000e+00 1.000000e+00 1.000000e-01
5.606530e+03 0.000000e+00 1.000000e+00 1.000000e-01
5.606540e+03 0.000000e+00 1.000000e+00 1.000000e-01
5.606550e+03 0.000000e+00 1.000000e+00 1.000000e-01
5.606560e+03 0.000000e+00 1.000000e+00 1.000000e-01
5.606570e+03 0.000000e+00 1.000000e+00 1.000000e-01
5.606580e+03 0.000000e+00 1.000000e+00 1.000000e-01
5.606590e+03 0.000000e+00 1.000000e+00 1.000000e-01
5.606600e+03 0.000000e+00 1.000000e+00 1.000000e-01
5.606610e+03 0.000000e+00 1.000000e+00 1.000000e-01
5.606620e+03 0.000000e+00 1.000000e+00 1.000000e-01
5.606630e+03 0.000000e+00 1.000000e+00 1.000000e-01
5.606640e+03 0.000000e+00 1.000000e+00 1.000000e-01
5.606650e+03 0.000000e+00 1.000000e+00 1.000000e-01
5.606660e+03 0.000000e+00 1.000000e+00 1.000000e-01
5.606670e+03 0.000000e+00 1.000000e+00 1.000000e-01
5.606680e+03 0.000000e+00 1.000000e+00 1.000000e-01
5.606690e+03 0.000000e+00 1.000000e+00 1.000000e-01
5.606700e+03 0.000000e+00 1.000000e+00 1.000000e-01
5.606710e+03 0.000000e+00 1.000000e+00 1.000000e-01
5.606720e+03 0.000000e+00 1.000000e+00 1.000000e-01
5.606730e+03 0.000000e+00 1.000000e+00 1.000000e-01
5.606740e+03 0.000000e+00 1.000000e+00 1.000000e-01
5.606750e+03 0.000000e+00 1.000000e+00 1.000000e-01
5.606760e+03 0.000000e+00 1.000000e+00 1.000000e-01
5.606770e+03 0.000000e+00 1.000000e+00 1.000000e-01
5.606780e+03 0.000000e+00 1.000000e+00 1.000000e-01
5.606790e+03 0.000000e+00 1.000000e+00 1.000000e-01
5.606800e+03 0.000000e+00 1.000000e+00 1.000000e-01
5.606810e+03 0.000000e+00 1.000000e+00 1.000000e-01
5.606820e+03 0.000000e+00 1.000000e+00 1.000000e-01
5.606830e+03 0.000000e+00 1.000000e+00 1.000000e-01
5.606840e+03 0.000000e+00 1.000000e+00 1.000000e-01
5.606850e+03 0.000000e+00 1.000000e+00 1.000000e-01
5.606860e+03 0.000000e+00 1.000000e+00 1.000000e-01
5.606870e+03 0.000000e+00 1.000000e+00 1.000000e-01
5.606880e+03 0.000000e+00 1.000000e+00 1.000000e-01
5.606890e+03 0.000000e+00 1.000000e+00 1.000000e-01
5.606900e+03 0.000000e+00 1.000000e+00 1.000000e-01
5.606910e+03 0.000000e+00 1.000000e+00 1.000000e-01
5.606920e+03 0.000000e+00 1.000000e+00 1.000000e-01
5.606930e+03 0.000000e+00 1.000000e+00 1.000000e-01
5.606940e+03 0.000000e+00 1.000000e+00 1.000000e-01
5.606950e+03 0.000000e+00 1.000000e+00 1.000000e-01
5.606960e+03 0.000000e+00 1.000000e+00 1.000000e-01
5.606970e+03 0.000000e+00 1.000000e+00 1.000000e-01
5.606980e+03 0.000000e+00 1.000000e+00 1.000000e-01
5.606990e+03 0.000000e+00 1.000000e+00 1.000000e-01
5.607000e+03 0.000000e+00 1.000000e+00 1.000000e-01
5.607010e+03 0.000000e+00 1.000000e+00 1.000000e-01
5.607020e+03 0.000000e+00 1.000000e+00 1.000000e-01
5.607030e+03 0.000000e+00 1.000000e+00 1.000000e-01
5.607040e+03 0.000000e+00 1.000000e+00 1.000000e-01
5.607050e+03 0.000000e+00 1.000000e+00 1.000000e-01
5.607060e+03 0.000000e+00 1.000000e+00 1.000000e-01
5.607070e+03 0.000000e+00 1.000000e+00 1.000000e-01
5.607080e+03 0.000000e+00 1.000000e+00 1.000000e-01
5.607090e+03 0.000000e+00 1.000000e+00 1.000000e-01
5.607100e+03 0.000000e+00 1.000000e+00 1.000000e-01
5.607110e+03 0.000000e+00 1.000000e+00 1.000000e-01
5.607120e+03 0.000000e+00 1.000000e+00 1.000000e-01
5.607130e+03 0.000000e+00 1.000000e+00 1.000000e-01
5.607140e+03 0.000000e+00 1.000000e+00 1.000000e-01
5.607150e+03 0.000000e+00 1.000000e+00 1.000000e-01
5.607160e+03 0.000000e+00 1.000000e+00 1.000000e-01
5.607170e+03 0.000000e+00 1.000000e+00 1.000000e-01
5.607180e+03 0.000000e+00 1.000000e+00 1.000000e-01
5.607190e+03 0.000000e+00 1.000000e+00 1.000000e-01
5.607200e+03 0.000000e+00 1.000000e+00 1.000000e-01
5.607210e+03 0.000000e+00 1.000000e+00 1.000000e-01
5.607220e+03 0.000000e+00 1.000000e+00 1.000000e-01
5.607230e+03 0.000000e+00 1.000000e+00 1.000000e-01
5.607240e+03 0.000000e+00 1.000000e+00 1.000000e-01
5.607250e+03 0.000000e+00 1.000000e+00 1.000000e-01
5.607260e+03 0.000000e+00 1.000000e+00 1.000000e-01
5.607270e+03 0.000000e+00 1.000000e+00 1.000000e-01
5.607280e+03 0.000000e+00 1.000000e+00 1.000000e-01
5.607290e+03 0.000000e+00 1.000000e+00 1.000000e-01
5.607300e+03 0.000000e+00 1.000000e+00 1.000000e-01
5.607310e+03 0.000000e+00 1.000000e+00 1.000000e-01
5.607320e+03 0.000000e+00 1.000000e+00 1.000000e-01
5.607330e+03 0.000000e+00 1.000000e+00 1.000000e-01
5.607340e+03 0.000000e+00 1.000000e+00 1.000000e-01
5.607350e+03 0.000000e+00 1.000000e+00 1.000000e-01
5.607360e+03 0.000000e+00 1.000000e+00 1.000000e-01
5.607370e+03 0.000000e+00 1.000000e+00 1.000000e-01
5.607380e+03 0.000000e+00 1.000000e+00 1.000000e-01
5.607390e+03 0.000000e+00 1.000000e+00 1.000000e-01
5.607400e+03 0.000000e+00 1.000000e+00 1.000000e-01
5.607410e+03 0.000000e+00 1.000000e+00 1.000000e-01
5.607420e+03 0.000000e+00 1.000000e+00 1.000000e-01
5.607430e+03 0.000000e+00 1.000000e+00 1.000000e-01
5.607440e+03 0.000000e+00 1.000000e+00 1.000000e-01
5.607450e+03 0.000000e+00 1.000000e+00 1.000000e-01
5.607460e+03 0.000000e+00 1.000000e+00 1.000000e-01
5.607470e+03 0.000000e+00 1.000000e+00 1.000000e-01
5.607480e+03 0.000000e+00 1.000000e+00 1.000000e-01
5.607490e+03 0.000000e+00 1.000000e+00 1.000000e-01
5.607500e+03 0.000000e+00 1.000000e+00 1.000000e-01
5.607510e+03 0.000000e+00 1.000000e+00 1.000000e-01
5.607520e+03 0.000000e+00 1.000000e+00 1.000000e-01
5.607530e+03 0.000000e+00 1.000000e+00 1.000000e-01
5.607540e+03 0.000000e+00 1.000000e+00 1.000000e-01
5.607550e+03 0.000000e+00 1.000000e+00 1.000000e-01
5.607560e+03 0.000000e+00 1.000000e+00 1.000000e-01
5.607570e+03 0.000000e+00 1.000000e+00 1.000000e-01
5.607580e+03 0.000000e+00 1.000000e+00 1.000000e-01
5.607590e+03 0.000000e+00 1.000000e+00 1.000000e-01
5.607600e+03 0.000000e+00 1.000000e+00 1.000000e-01
5.607610e+03 0.000000e+00 1.000000e+00 1.000000e-01
5.607620e+03 0.000000e+00 1.000000e+00 1.000000e-01
5.607630e+03 0.000000e+00 1.000000e+00 1.000000e-01
5.607640e+03 0.000000e+00 1.000000e+00 1.000000e-01
5.607650e+03 0.000000e+00 1.000000e+00 1.000000e-01
5.607660e+03 0.000000e+00 1.000000e+00 1.000000e-01
5.607670e+03 0.000000e+00 1.000000e+00 1.000000e-01
5.607680e+03 0.000000e+00 1.000000e+00 1.000000e-01
5.607690e+03 0.000000e+00 1.000000e+00 1.000000e-01
5.607700e+03 0.000000e+00 1.000000e+00 1.000000e-01
5.607710e+03 0.000000e+00 1.000000e+00 1.000000e-01
5.607720e+03 0.000000e+00 1.000000e+00 1.000000e-01
5.607730e+03 0.000000e+00 1.000000e+00 1.000000e-01
5.607740e+03 0.000000e+00 1.000000e+00 1.000000e-01
5.607750e+03 0.000000e+00 1.000000e+00 1.000000e-01
5.607760e+03 0.000000e+00 1.000000e+00 1.000000e-01
5.607770e+03 0.000000e+00 1.000000e+00 1.000000e-01
5.607780e+03 0.000000e+00 1.000000e+00 1.000000e-01
5.607790e+03 0.000000e+00 1.000000e+00 1.000000e-01
5.607800e+03 0.000000e+00 1.000000e+00 1.000000e-01
5.607810e+03 0.000000e+00 1.000000e+00 1.000000e-01
5.607820e+03 0.000000e+00 1.000000e+00 1.000000e-01
5.607830e+03 0.000000e+00 1.000000e+00 1.000000e-01
5.607840e+03 0.000000e+00 1.000000e+00 1.000000e-01
5.607850e+03 0.000000e+00 1.000000e+00 1.000000e-01
5.607860e+03 0.000000e+00 1.000000e+00 1.000000e-01
5.607870e+03 0.000000e+00 1.000000e+00 1.000000e-01
5.607880e+03 0.000000e+00 1.000000e+00 1.000000e-01
5.607890e+03 0.000000e+00 1.000000e+00 1.000000e-01
5.607900e+03 0.000000e+00 1.000000e+00 1.000000e-01
5.607910e+03 0.000000e+00 1.000000e+00 1.000000e-01
5.607920e+03 0.000000e+00 1.000000e+00 1.000000e-01
5.607930e+03 0.000000e+00 1.000000e+00 1.000000e-01
5.607940e+03 0.000000e+00 1.000000e+00 1.000000e-01
5.607950e+03 0.000000e+00 1.000000e+00 1.000000e-01
5.607960e+03 0.000000e+00 1.000000e+00 1.000000e-01
5.607970e+03 0.000000e+00 1.000000e+00 1.000000e-01
5.607980e+03 0.000000e+00 1.000000e+00 1.000000e-01
5.607990e+03 0.000000e+00 1.000000e+00 1.000000e-01
5.608000e+03 0.000000e+00 1.000000e+00 1.000000e-01
5.608010e+03 0.000000e+00 1.000000e+00 1.000000e-01
5.608020e+03 0.000000e+00 1.000000e+00 1.000000e-01
5.608030e+03 0.000000e+00 1.000000e+00 1.000000e-01
5.608040e+03 0.000000e+00 1.000000e+00 1.000000e-01
5.608050e+03 0.000000e+00 1.000000e+00 1.000000e-01
5.608060e+03 0.000000e+00 1.000000e+00 1.000000e-01
5.608070e+03 0.000000e+00 1.000000e+00 1.000000e-01
5.608080e+03 0.000000e+00 1.000000e+00 1.000000e-01
5.608090e+03 0.000000e+00 1.000000e+00 1.000000e-01
5.608100e+03 0.000000e+00 1.000000e+00 1.000000e-01
5.608110e+03 0.000000e+00 1.000000e+00 1.000000e-01
5.608120e+03 0.000000e+00 1.000000e+00 1.000000e-01
5.608130e+03 0.000000e+00 1.000000e+00 1.000000e-01
5.608140e+03 0.000000e+00 1.000000e+00 1.000000e-01
5.608150e+03 0.000000e+00 1.000000e+00 1.000000e-01
5.608160e+03 0.000000e+00 1.000000e+00 1.000000e-01
5.608170e+03 0.000000e+00 1.000000e+00 1.000000e-01
5.608180e+03 0.000000e+00 1.000000e+00 1.000000e-01
5.608190e+03 0.000000e+00 1.000000e+00 1.000000e-01
5.608200e+03 0.000000e+00 1.000000e+00 1.000000e-01
5.608210e+03 0.000000e+00 1.000000e+00 1.000000e-01
5.608220e+03 0.000000e+00 1.000000e+00 1.000000e-01
5.608230e+03 0.000000e+00 1.000000e+00 1.000000e-01
5.608240e+03 0.000000e+00 1.000000e+00 1.000000e-01
5.608250e+03 0.000000e+00 1.000000e+00 1.000000e-01
5.608260e+03 0.000000e+00 1.000000e+00 1.000000e-01
5.608270e+03 0.000000e+00 1.000000e+00 1.000000e-01
5.608280e+03 0.000000e+00 1.000000e+00 1.000000e-01
5.608290e+03 0.000000e+00 1.000000e+00 1.000000e-01
5.608300e+03 0.000000e+00 1.000000e+00 1.000000e-01
5.608310e+03 0.000000e+00 1.000000e+00 1.000000e-01
5.608320e+03 0.000000e+00 1.000000e+00 1.000000e-01
5.608330e+03 0.000000e+00 1.000000e+00 1.000000e-01
5.608340e+03 0.000000e+00 1.000000e+00 1.000000e-01
5.608350e+03 0.000000e+00 1.000000e+00 1.000000e-01
5.608360e+03 0.000000e+00 1.000000e+00 1.000000e-01
5.608370e+03 0.000000e+00 1.000000e+00 1.000000e-01
5.608380e+03 0.000000e+00 1.000000e+00 1.000000e-01
5.608390e+03 0.000000e+00 1.000000e+00 1.000000e-01
5.608400e+03 0.000000e+00 1.000000e+00 1.000000e-01
5.608410e+03 0.000000e+00 1.000000e+00 1.000000e-01
5.608420e+03 0.000000e+00 1.000000e+00 1.000000e-01
5.608430e+03 0.000000e+00 1.000000e+00 1.000000e-01
5.608440e+03 0.000000e+00 1.000000e+00 1.000000e-01
5.608450e+03 0.000000e+00 1.000000e+00 1.000000e-01
5.608460e+03 0.000000e+00 1.000000e+00 1.000000e-01
5.608470e+03 0.000000e+00 1.000000e+00 1.000000e-01
5.608480e+03 0.000000e+00 1.000000e+00 1.000000e-01
5.608490e+03 0.000000e+00 1.000000e+00 1.000000e-01
5.608500e+03 0.000000e+00 1.000000e+00 1.000000e-01
5.608510e+03 0.000000e+00 1.000000e+00 1.000000e-01
5.608520e+03 0.000000e+00 1.000000e+00 1.000000e-01
5.608530e+03 0.000000e+00 1.000000e+00 1.000000e-01
5.608540e+03 0.000000e+00 1.000000e+00 1.000000e-01
5.608550e+03 0.000000e+00 1.000000e+00 1.000000e-01
5.608560e+03 0.000000e+00 1.000000e+00 1.000000e-01
5.608570e+03 0.000000e+00 1.000000e+00 1.000000e-01
5.608580e+03 0.000000e+00 1.000000e+00 1.000000e-01
5.608590e+03 0.000000e+00 1.000000e+00 1.000000e-01
5.608600e+03 0.000000e+00 1.000000e+00 1.000000e-01
5.608610e+03 0.000000e+00 1.000000e+00 1.000000e-01
5.608620e+03 0.000000e+00 1.000000e+00 1.000000e-01
5.608630e+03 0.000000e+00 1.000000e+00 1.000000e-01
5.608640e+03 0.000000e+00 1.000000e+00 1.000000e-01
5.608650e+03 0.000000e+00 1.000000e+00 1.000000e-01
5.608660e+03 0.000000e+00 1.000000e+00 1.000000e-01
5.608670e+03 0.000000e+00 1.000000e+00 1.000000e-01
5.608680e+03 0.000000e+00 1.000000e+00 1.000000e-01
5.608690e+03 0.000000e+00 1.000000e+00 1.000000e-01
5.608700e+03 0.000000e+00 1.000000e+00 1.000000e-01
5.608710e+03 0.000000e+00 1.000000e+00 1.000000e-01
5.608720e+03 0.000000e+00 1.000000e+00 1.000000e-01
5.608730e+03 0.000000e+00 1.000000e+00 1.000000e-01
5.608740e+03 0.000000e+00 1.000000e+00 1.000000e-01
5.608750e+03 0.000000e+00 1.000000e+00 1.000000e-01
5.608760e+03 0.000000e+00 1.000000e+00 1.000000e-01
5.608770e+03 0.000000e+00 1.000000e+00 1.000000e-01
5.608780e+03 0.000000e+00 1.000000e+00 1.000000e-01
5.608790e+03 0.000000e+00 1.000000e+00 1.000000e-01
5.608800e+03 0.000000e+00 1.000000e+00 1.000000e-01
5.608810e+03 0.000000e+00 1.000000e+00 1.000000e-01
5.608820e+03 0.000000e+00 1.000000e+00 1.000000e-01
5.608830e+03 0.000000e+00 1.000000e+00 1.000000e-01
5.608840e+03 0.000000e+00 1.000000e+00 1.000000e-01
5.608850e+03 0.000000e+00 1.000000e+00 1.000000e-01
5.608860e+03 0.000000e+00 1.000000e+00 1.000000e-01
5.608870e+03 0.000000e+00 1.000000e+00 1.000000e-01
5.608880e+03 0.000000e+00 1.000000e+00 1.000000e-01
5.608890e+03 0.000000e+00 1.000000e+00 1.000000e-01
5.608900e+03 0.000000e+00 1.000000e+00 1.000000e-01
5.608910e+03 0.000000e+00 1.000000e+00 1.000000e-01
5.608920e+03 0.000000e+00 1.000000e+00 1.000000e-01
5.608930e+03 0.000000e+00 1.000000e+00 1.000000e-01
5.608940e+03 0.000000e+00 1.000000e+00 1.000000e-01
5.608950e+03 0.000000e+00 1.000000e+00 1.000000e-01
5.608960e+03 0.000000e+00 1.000000e+00 1.000000e-01
5.608970e+03 0.000000e+00 1.000000e+00 1.000000e-01
5.608980e+03 0.000000e+00 1.000000e+00 1.000000e-01
5.608990e+03 0.000000e+00 1.000000e+00 1.000000e-01
5.609000e+03 0.000000e+00 1.000000e+00 1.000000e-01
5.609010e+03 0.000000e+00 1.000000e+00 1.000000e-01
5.609020e+03 0.000000e+00 1.000000e+00 1.000000e-01
5.609030e+03 0.000000e+00 1.000000e+00 1.000000e-01
5.609040e+03 0.000000e+00 1.000000e+00 1.000000e-01
5.609050e+03 0.000000e+00 1.000000e+00 1.000000e-01
5.609060e+03 0.000000e+00 1.000000e+00 1.000000e-01
5.609070e+03 0.000000e+00 1.000000e+00 1.000000e-01
5.609080e+03 0.000000e+00 1.000000e+00 1.000000e-01
5.609090e+03 0.000000e+00 1.000000e+00 1.000000e-01
5.609100e+03 0.000000e+00 1.000000e+00 1.000000e-01
5.609110e+03 0.000000e+00 1.000000e+00 1.000000e-01
5.609120e+03 0.000000e+00 1.000000e+00 1.000000e-01
5.609130e+03 0.000000e+00 1.000000e+00 1.000000e-01
5.609140e+03 0.000000e+00 1.000000e+00 1.000000e-01
5.609150e+03 0.000000e+00 1.000000e+00 1.000000e-01
5.609160e+03 0.000000e+00 1.000000e+00 1.000000e-01
5.609170e+03 0.000000e+00 1.000000e+00 1.000000e-01
5.609180e+03 0.000000e+00 1.000000e+00 1.000000e-01
5.609190e+03 0.000000e+00 1.000000e+00 1.000000e-01
5.609200e+03 0.000000e+00 1.000000e+00 1.000000e-01
5.609210e+03 0.000000e+00 1.000000e+00 1.000000e-01
5.609220e+03 0.000000e+00 1.000000e+00 1.000000e-01
5.609230e+03 0.000000e+00 1.000000e+00 1.000000e-01
5.609240e+03 0.000000e+00 1.000000e+00 1.000000e-01
5.609250e+03 0.000000e+00 1.000000e+00 1.000000e-01
5.609260e+03 0.000000e+00 1.000000e+00 1.000000e-01
5.609270e+03 0.000000e+00 1.000000e+00 1.000000e-01
5.609280e+03 0.000000e+00 1.000000e+00 1.000000e-01
5.609290e+03 0.000000e+00 1.000000e+00 1.000000e-01
5.609300e+03 0.000000e+00 1.000000e+00 1.000000e-01
5.609310e+03 0.000000e+00 1.000000e+00 1.000000e-01
5.609320e+03 0.000000e+00 1.000000e+00 1.000000e-01
5.609330e+03 0.000000e+00 1.000000e+00 1.000000e-01
5.609340e+03 0.000000e+00 1.000000e+00 1.000000e-01
5.609350e+03 0.000000e+00 1.000000e+00 1.000000e-01
5.609360e+03 0.000000e+00 1.000000e+00 1.000000e-01
5.609370e+03 0.000000e+00 1.000000e+00 1.000000e-01
5.609380e+03 0.000000e+00 1.000000e+00 1.000000e-01
5.609390e+03 0.000000e+00 1.000000e+00 1.000000e-01
5.609400e+03 0.000000e+00 1.000000e+00 1.000000e-01
5.609410e+03 0.000000e+00 1.000000e+00 1.000000e-01
5.609420e+03 0.000000e+00 1.000000e+00 1.000000e-01
5.609430e+03 0.000000e+00 1.000000e+00 1.000000e-01
5.609440e+03 0.000000e+00 1.000000e+00 1.000000e-01
5.609450e+03 0.000000e+00 1.000000e+00 1.000000e-01
5.609460e+03 0.000000e+00 1.000000e+00 1.000000e-01
5.609470e+03 0.000000e+00 1.000000e+00 1.000000e-01
5.609480e+03 0.000000e+00 1.000000e+00 1.000000e-01
5.609490e+03 0.000000e+00 1.000000e+00 1.000000e-01
5.609500e+03 0.000000e+00 1.000000e+00 1.000000e-01
5.609510e+03 0.000000e+00 1.000000e+00 1.000000e-01
5.609520e+03 0.000000e+00 1.000000e+00 1.000000e-01
5.609530e+03 0.000000e+00 1.000000e+00 1.000000e-01
5.609540e+03 0.000000e+00 1.000000e+00 1.000000e-01
5.609550e+03 0.000000e+00 1.000000e+00 1.000000e-01
5.609560e+03 0.000000e+00 1.000000e+00 1.000000e-01
5.609570e+03 0.000000e+00 1.000000e+00 1.000000e-01
5.609580e+03 0.000000e+00 1.000000e+00 1.000000e-01
5.609590e+03 0.000000e+00 1.000000e+00 1.000000e-01
5.609600e+03 0.000000e+00 1.000000e+00 1.000000e-01
5.609610e+03 0.000000e+00 1.000000e+00 1.000000e-01
5.609620e+03 0.000000e+00 1.000000e+00 1.000000e-01
5.609630e+03 0.000000e+00 1.000000e+00 1.000000e-01
5.609640e+03 0.000000e+00 1.000000e+00 1.000000e-01
5.609650e+03 0.000000e+00 1.000000e+00 1.000000e-01
5.609660e+03 0.000000e+00 1.000000e+00 1.000000e-01
5.609670e+03 0.000000e+00 1.000000e+00 1.000000e-01
5.609680e+03 0.000000e+00 1.000000e+00 1.000000e-01
5.609690e+03 0.000000e+00 1.000000e+00 1.000000e-01
5.609700e+03 0.000000e+00 1.000000e+00 1.000000e-01
5.609710e+03 0.000000e+00 1.000000e+00 1.000000e-01
5.609720e+03 0.000000e+00 1.000000e+00 1.000000e-01
5.609730e+03 0.000000e+00 1.000000e+00 1.000000e-01
5.609740e+03 0.000000e+00 1.000000e+00 1.000000e-01
5.609750e+03 0.000000e+00 1.000000e+00 1.000000e-01
5.609760e+03 0.000000e+00 1.000000e+00 1.000000e-01
5.609770e+03 0.000000e+00 1.000000e+00 1.000000e-01
5.609780e+03 0.000000e+00 1.000000e+00 1.000000e-01
5.609790e+03 0.000000e+00 1.000000e+00 1.000000e-01
5.609800e+03 0.000000e+00 1.000000e+00 1.000000e-01
5.609810e+03 0.000000e+00 1.000000e+00 1.000000e-01
5.609820e+03 0.000000e+00 1.000000e+00 1.000000e-01
5.609830e+03 0.000000e+00 1.000000e+00 1.000000e-01
5.609840e+03 0.000000e+00 1.000000e+00 1.000000e-01
5.609850e+03 0.000000e+00 1.000000e+00 1.000000e-01
5.609860e+03 0.000000e+00 1.000000e+00 1.000000e-01
5.609870e+03 0.000000e+00 1.000000e+00 1.000000e-01
5.609880e+03 0.000000e+00 1.000000e+00 1.000000e-01
5.609890e+03 0.000000e+00 1.000000e+00 1.000000e-01
5.609900e+03 0.000000e+00 1.000000e+00 1.000000e-01
5.609910e+03 0.000000e+00 1.000000e+00 1.000000e-01
5.609920e+03 0.000000e+00 1.000000e+00 1.000000e-01
5.609930e+03 0.000000e+00 1.000000e+00 1.000000e-01
5.609940e+03 0.000000e+00 1.000000e+00 1.000000e-01
5.609950e+03 0.000000e+00 1.000000e+00 1.000000e-01
5.609960e+03 0.000000e+00 1.000000e+00 1.000000e-01
5.609970e+03 0.000000e+00 1.000000e+00 1.000000e-01
5.609980e+03 0.000000e+00 1.000000e+00 1.000000e-01
5.609990e+03 0.000000e+00 1.000000e+00 1.000000e-01
5.610000e+03 0.000000e+00 1.000000e+00 1.000000e-01
5.610010e+03 0.000000e+00 1.000000e+00 1.000000e-01
5.610020e+03 0.000000e+00 1.000000e+00 1.000000e-01
5.610030e+03 0.000000e+00 1.000000e+00 1.000000e-01
5.610040e+03 0.000000e+00 1.000000e+00 1.000000e-01
5.610050e+03 0.000000e+00 1.000000e+00 1.000000e-01
5.610060e+03 0.000000e+00 1.000000e+00 1.000000e-01
5.610070e+03 0.000000e+00 1.000000e+00 1.000000e-01
5.610080e+03 0.000000e+00 1.000000e+00 1.000000e-01
5.610090e+03 0.000000e+00 1.000000e+00 1.000000e-01
5.610100e+03 0.000000e+00 1.000000e+00 1.000000e-01
5.610110e+03 0.000000e+00 1.000000e+00 1.000000e-01
5.610120e+03 0.000000e+00 1.000000e+00 1.000000e-01
5.610130e+03 0.000000e+00 1.000000e+00 1.000000e-01
5.610140e+03 0.000000e+00 1.000000e+00 1.000000e-01
5.610150e+03 0.000000e+00 1.000000e+00 1.000000e-01
5.610160e+03 0.000000e+00 1.000000e+00 1.000000e-01
5.610170e+03 0.000000e+00 1.000000e+00 1.000000e-01
5.610180e+03 0.000000e+00 1.000000e+00 1.000000e-01
5.610190e+03 0.000000e+00 1.000000e+00 1.000000e-01
5.610200e+03 0.000000e+00 1.000000e+00 1.000000e-01
5.610210e+03 0.000000e+00 1.000000e+00 1.000000e-01
5.610220e+03 0.000000e+00 1.000000e+00 1.000000e-01
5.610230e+03 0.000000e+00 1.000000e+00 1.000000e-01
5.610240e+03 0.000000e+00 1.000000e+00 1.000000e-01
5.610250e+03 0.000000e+00 1.000000e+00 1.000000e-01
5.610260e+03 0.000000e+00 1.000000e+00 1.000000e-01
5.610270e+03 0.000000e+00 1.000000e+00 1.000000e-01
5.610280e+03 0.000000e+00 1.000000e+00 1.000000e-01
5.610290e+03 0.000000e+00 1.000000e+00 1.000000e-01
5.610300e+03 0.000000e+00 1.000000e+00 1.000000e-01
5.610310e+03 0.000000e+00 1.000000e+00 1.000000e-01
5.610320e+03 0.000000e+00 1.000000e+00 1.000000e-01
5.610330e+03 0.000000e+00 1.000000e+00 1.000000e-01
5.610340e+03 0.000000e+00 1.000000e+00 1.000000e-01
5.610350e+03 0.000000e+00 1.000000e+00 1.000000e-01
5.610360e+03 0.000000e+00 1.000000e+00 1.000000e-01
5.610370e+03 0.000000e+00 1.000000e+00 1.000000e-01
5.610380e+03 0.000000e+00 1.000000e+00 1.000000e-01
5.610390e+03 0.000000e+00 1.000000e+00 1.000000e-01
5.610400e+03 0.000000e+00 1.000000e+00 1.000000e-01
5.610410e+03 0.000000e+00 1.000000e+00 1.000000e-01
5.610420e+03 0.000000e+00 1.000000e+00 1.000000e-01
5.610430e+03 0.000000e+00 1.000000e+00 1.000000e-01
5.610440e+03 0.000000e+00 1.000000e+00 1.000000e-01
5.610450e+03 0.000000e+00 1.000000e+00 1.000000e-01
5.610460e+03 0.000000e+00 1.000000e+00 1.000000e-01
5.610470e+03 0.000000e+00 1.000000e+00 1.000000e-01
5.610480e+03 0.000000e+00 1.000000e+00 1.000000e-01
5.610490e+03 0.000000e+00 1.000000e+00 1.000000e-01
5.610500e+03 0.000000e+00 1.000000e+00 1.000000e-01
5.610510e+03 0.000000e+00 1.000000e+00 1.000000e-01
5.610520e+03 0.000000e+00 1.000000e+00 1.000000e-01
5.610530e+03 0.000000e+00 1.000000e+00 1.000000e-01
5.610540e+03 0.000000e+00 1.000000e+00 1.000000e-01
5.610550e+03 0.000000e+00 1.000000e+00 1.000000e-01
5.610560e+03 0.000000e+00 1.000000e+00 1.000000e-01
5.610570e+03 0.000000e+00 1.000000e+00 1.000000e-01
5.610580e+03 0.000000e+00 1.000000e+00 1.000000e-01
5.610590e+03 0.000000e+00 1.000000e+00 1.000000e-01
5.610600e+03 0.000000e+00 1.000000e+00 1.000000e-01
5.610610e+03 0.000000e+00 1.000000e+00 1.000000e-01
5.610620e+03 0.000000e+00 1.000000e+00 1.000000e-01
5.610630e+03 0.000000e+00 1.000000e+00 1.000000e-01
5.610640e+03 0.000000e+00 1.000000e+00 1.000000e-01
5.610650e+03 0.000000e+00 1.000000e+00 1.000000e-01
5.610660e+03 0.000000e+00 1.000000e+00 1.000000e-01
5.610670e+03 0.000000e+00 1.000000e+00 1.000000e-01
5.610680e+03 0.000000e+00 1.000000e+00 1.000000e-01
5.610690e+03 0.000000e+00 1.000000e+00 1.000000e-01
5.610700e+03 0.000000e+00 1.000000e+00 1.000000e-01
5.610710e+03 0.000000e+00 1.000000e+00 1.000000e-01
5.610720e+03 0.000000e+00 1.000000e+00 1.000000e-01
5.610730e+03 0.000000e+00 1.000000e+00 1.000000e-01
5.610740e+03 0.000000e+00 1.000000e+00 1.000000e-01
5.610750e+03 0.000000e+00 1.000000e+00 1.000000e-01
5.610760e+03 0.000000e+00 1.000000e+00 1.000000e-01
5.610770e+03 0.000000e+00 1.000000e+00 1.000000e-01
5.610780e+03 0.000000e+00 1.000000e+00 1.000000e-01
5.610790e+03 0.000000e+00 1.000000e+00 1.000000e-01
5.610800e+03 0.000000e+00 1.000000e+00 1.000000e-01
5.610810e+03 0.000000e+00 1.000000e+00 1.000000e-01
5.610820e+03 0.000000e+00 1.000000e+00 1.000000e-01
5.610830e+03 0.000000e+00 1.000000e+00 1.000000e-01
5.610840e+03 0.000000e+00 1.000000e+00 1.000000e-01
5.610850e+03 0.000000e+00 1.000000e+00 1.000000e-01
5.610860e+03 0.000000e+00 1.000000e+00 1.000000e-01
5.610870e+03 0.000000e+00 1.000000e+00 1.000000e-01
5.610880e+03 0.000000e+00 1.000000e+00 1.000000e-01
5.610890e+03 0.000000e+00 1.000000e+00 1.000000e-01
5.610900e+03 0.000000e+00 1.000000e+00 1.000000e-01
5.610910e+03 0.000000e+00 1.000000e+00 1.000000e-01
5.610920e+03 0.000000e+00 1.000000e+00 1.000000e-01
5.610930e+03 0.000000e+00 1.000000e+00 1.000000e-01
5.610940e+03 0.000000e+00 1.000000e+00 1.000000e-01
5.610950e+03 0.000000e+00 1.000000e+00 1.000000e-01
5.610960e+03 0.000000e+00 1.000000e+00 1.000000e-01
5.610970e+03 0.000000e+00 1.000000e+00 1.000000e-01
5.610980e+03 0.000000e+00 1.000000e+00 1.000000e-01
5.610990e+03 0.000000e+00 1.000000e+00 1.000000e-01
5.611000e+03 0.000000e+00 1.000000e+00 1.000000e-01
5.611010e+03 0.000000e+00 1.000000e+00 1.000000e-01
5.611020e+03 0.000000e+00 1.000000e+00 1.000000e-01
5.611030e+03 0.000000e+00 1.000000e+00 1.000000e-01
5.611040e+03 0.000000e+00 1.000000e+00 1.000000e-01
5.611050e+03 0.000000e+00 1.000000e+00 1.000000e-01
5.611060e+03 0.000000e+00 1.000000e+00 1.000000e-01
5.611070e+03 0.000000e+00 1.000000e+00 1.000000e-01
5.611080e+03 0.000000e+00 1.000000e+00 1.000000e-01
5.611090e+03 0.000000e+00 1.000000e+00 1.000000e-01
5.611100e+03 0.000000e+00 1.000000e+00 1.000000e-01
5.611110e+03 0.000000e+00 1.000000e+00 1.000000e-01
5.611120e+03 0.000000e+00 1.000000e+00 1.000000e-01
5.611130e+03 0.000000e+00 1.000000e+00 1.000000e-01
5.611140e+03 0.000000e+00 1.000000e+00 1.000000e-01
5.611150e+03 0.000000e+00 1.000000e+00 1.000000e-01
5.611160e+03 0.000000e+00 1.000000e+00 1.000000e-01
5.611170e+03 0.000000e+00 1.000000e+00 1.000000e-01
5.611180e+03 0.000000e+00 1.000000e+00 1.000000e-01
5.611190e+03 0.000000e+00 1.000000e+00 1.000000e-01
5.611200e+03 0.000000e+00 1.000000e+00 1.000000e-01
5.611210e+03 0.000000e+00 1.000000e+00 1.000000e-01
5.611220e+03 0.000000e+00 1.000000e+00 1.000000e-01
5.611230e+03 0.000000e+00 1.000000e+00 1.000000e-01
5.611240e+03 0.000000e+00 1.000000e+00 1.000000e-01
5.611250e+03 0.000000e+00 1.000000e+00 1.000000e-01
5.611260e+03 0.000000e+00 1.000000e+00 1.000000e-01
5.611270e+03 0.000000e+00 1.000000e+00 1.000000e-01
5.611280e+03 0.000000e+00 1.000000e+00 1.000000e-01
5.611290e+03 0.000000e+00 1.000000e+00 1.000000e-01
5.611300e+03 0.000000e+00 1.000000e+00 1.000000e-01
5.611310e+03 0.000000e+00 1.000000e+00 1.000000e-01
5.611320e+03 0.000000e+00 1.000000e+00 1.000000e-01
5.611330e+03 0.000000e+00 1.000000e+00 1.000000e-01
5.611340e+03 0.000000e+00 1.000000e+00 1.000000e-01
5.611350e+03 0.000000e+00 1.000000e+00 1.000000e-01
5.611360e+03 0.000000e+00 1.000000e+00 1.000000e-01
5.611370e+03 0.000000e+00 1.000000e+00 1.000000e-01
5.611380e+03 0.000000e+00 1.000000e+00 1.000000e-01
5.611390e+03 0.000000e+00 1.000000e+00 1.000000e-01
5.611400e+03 0.000000e+00 1.000000e+00 1.000000e-01
5.611410e+03 0.000000e+00 1.000000e+00 1.000000e-01
5.611420e+03 0.000000e+00 1.000000e+00 1.000000e-01
5.611430e+03 0.000000e+00 1.000000e+00 1.000000e-01
5.611440e+03 0.000000e+00 1.000000e+00 1.000000e-01
5.611450e+03 0.000000e+00 1.000000e+00 1.000000e-01
5.611460e+03 0.000000e+00 1.000000e+00 1.000000e-01
5.611470e+03 0.000000e+00 1.000000e+00 1.000000e-01
5.611480e+03 0.000000e+00 1.000000e+00 1.000000e-01
5.611490e+03 0.000000e+00 1.000000e+00 1.000000e-01
5.611500e+03 0.000000e+00 1.000000e+00 1.000000e-01
5.611510e+03 0.000000e+00 1.000000e+00 1.000000e-01
5.611520e+03 0.000000e+00 1.000000e+00 1.000000e-01
5.611530e+03 0.000000e+00 1.000000e+00 1.000000e-01
5.611540e+03 0.000000e+00 1.000000e+00 1.000000e-01
5.611550e+03 0.000000e+00 1.000000e+00 1.000000e-01
5.611560e+03 0.000000e+00 1.000000e+00 1.000000e-01
5.611570e+03 0.000000e+00 1.000000e+00 1.000000e-01
5.611580e+03 0.000000e+00 1.000000e+00 1.000000e-01
5.611590e+03 0.000000e+00 1.000000e+00 1.000000e-01
5.611600e+03 0.000000e+00 1.000000e+00 1.000000e-01
5.611610e+03 0.000000e+00 1.000000e+00 1.000000e-01
5.611620e+03 0.000000e+00 1.000000e+00 1.000000e-01
5.611630e+03 0.000000e+00 1.000000e+00 1.000000e-01
5.611640e+03 0.000000e+00 1.000000e+00 1.000000e-01
5.611650e+03 0.000000e+00 1.000000e+00 1.000000e-01
5.611660e+03 0.000000e+00 1.000000e+00 1.000000e-01
5.611670e+03 0.000000e+00 1.000000e+00 1.000000e-01
5.611680e+03 0.000000e+00 1.000000e+00 1.000000e-01
5.611690e+03 0.000000e+00 1.000000e+00 1.000000e-01
5.611700e+03 0.000000e+00 1.000000e+00 1.000000e-01
5.611710e+03 0.000000e+00 1.000000e+00 1.000000e-01
5.611720e+03 0.000000e+00 1.000000e+00 1.000000e-01
5.611730e+03 0.000000e+00 1.000000e+00 1.000000e-01
5.611740e+03 0.000000e+00 1.000000e+00 1.000000e-01
5.611750e+03 0.000000e+00 1.000000e+00 1.000000e-01
5.611760e+03 0.000000e+00 1.000000e+00 1.000000e-01
5.611770e+03 0.000000e+00 1.000000e+00 1.000000e-01
5.611780e+03 0.000000e+00 1.000000e+00 1.000000e-01
5.611790e+03 0.000000e+00 1.000000e+00 1.000000e-01
5.611800e+03 0.000000e+00 1.000000e+00 1.000000e-01
5.611810e+03 0.000000e+00 1.000000e+00 1.000000e-01
5.611820e+03 0.000000e+00 1.000000e+00 1.000000e-01
5.611830e+03 0.000000e+00 1.000000e+00 1.000000e-01
5.611840e+03 0.000000e+00 1.000000e+00 1.000000e-01
5.611850e+03 0.000000e+00 1.000000e+00 1.000000e-01
5.611860e+03 0.000000e+00 1.000000e+00 1.000000e-01
5.611870e+03 0.000000e+00 1.000000e+00 1.000000e-01
5.611880e+03 0.000000e+00 1.000000e+00 1.000000e-01
5.611890e+03 0.000000e+00 1.000000e+00 1.000000e-01
5.611900e+03 0.000000e+00 1.000000e+00 1.000000e-01
5.611910e+03 0.000000e+00 1.000000e+00 1.000000e-01
5.611920e+03 0.000000e+00 1.000000e+00 1.000000e-01
5.611930e+03 0.000000e+00 1.000000e+00 1.000000e-01
5.611940e+03 0.000000e+00 1.000000e+00 1.000000e-01
5.611950e+03 0.000000e+00 1.000000e+00 1.000000e-01
5.611960e+03 0.000000e+00 1.000000e+00 1.000000e-01
5.611970e+03 0.000000e+00 1.000000e+00 1.000000e-01
5.611980e+03 0.000000e+00 1.000000e+00 1.000000e-01
5.611990e+03 0.000000e+00 1.000000e+00 1.000000e-01
5.612000e+03 0.000000e+00 1.000000e+00 1.000000e-01
5.612010e+03 0.000000e+00 1.000000e+00 1.000000e-01
5.612020e+03 0.000000e+00 1.000000e+00 1.000000e-01
5.612030e+03 0.000000e+00 1.000000e+00 1.000000e-01
5.612040e+03 0.000000e+00 1.000000e+00 1.000000e-01
5.612050e+03 0.000000e+00 1.000000e+00 1.000000e-01
5.612060e+03 0.000000e+00 1.000000e+00 1.000000e-01
5.612070e+03 0.000000e+00 1.000000e+00 1.000000e-01
5.612080e+03 0.000000e+00 1.000000e+00 1.000000e-01
5.612090e+03 0.000000e+00 1.000000e+00 1.000000e-01
5.612100e+03 0.000000e+00 1.000000e+00 1.000000e-01
5.612110e+03 0.000000e+00 1.000000e+00 1.000000e-01
5.612120e+03 0.000000e+00 1.000000e+00 1.000000e-01
5.612130e+03 0.000000e+00 1.000000e+00 1.000000e-01
5.612140e+03 0.000000e+00 1.000000e+00 1.000000e-01
5.612150e+03 0.000000e+00 1.000000e+00 1.000000e-01
5.612160e+03 0.000000e+00 1.000000e+00 1.000000e-01
5.612170e+03 0.000000e+00 1.000000e+00 1.000000e-01
5.612180e+03 0.000000e+00 1.000000e+00 1.000000e-01
5.612190e+03 0.000000e+00 1.000000e+00 1.000000e-01
5.612200e+03 0.000000e+00 1.000000e+00 1.000000e-01
5.612210e+03 0.000000e+00 1.000000e+00 1.000000e-01
5.612220e+03 0.000000e+00 1.000000e+00 1.000000e-01
5.612230e+03 0.000000e+00 1.000000e+00 1.000000e-01
5.612240e+03 0.000000e+00 1.000000e+00 1.000000e-01
5.612250e+03 0.000000e+00 1.000000e+00 1.000000e-01
5.612260e+03 0.000000e+00 1.000000e+00 1.000000e-01
5.612270e+03 0.000000e+00 1.000000e+00 1.000000e-01
5.612280e+03 0.000000e+00 1.000000e+00 1.000000e-01
5.612290e+03 0.000000e+00 1.000000e+00 1.000000e-01
5.612300e+03 0.000000e+00 1.000000e+00 1.000000e-01
5.612310e+03 0.000000e+00 1.000000e+00 1.000000e-01
5.612320e+03 0.000000e+00 1.000000e+00 1.000000e-01
5.612330e+03 0.000000e+00 1.000000e+00 1.000000e-01
5.612340e+03 0.000000e+00 1.000000e+00 1.000000e-01
5.612350e+03 0.000000e+00 1.000000e+00 1.000000e-01
5.612360e+03 0.000000e+00 1.000000e+00 1.000000e-01
5.612370e+03 0.000000e+00 1.000000e+00 1.000000e-01
5.612380e+03 0.000000e+00 1.000000e+00 1.000000e-01
5.612390e+03 0.000000e+00 1.000000e+00 1.000000e-01
5.612400e+03 0.000000e+00 1.000000e+00 1.000000e-01
5.612410e+03 0.000000e+00 1.000000e+00 1.000000e-01
5.612420e+03 0.000000e+00 1.000000e+00 1.000000e-01
5.612430e+03 0.000000e+00 1.000000e+00 1.000000e-01
5.612440e+03 0.000000e+00 1.000000e+00 1.000000e-01
5.612450e+03 0.000000e+00 1.000000e+00 1.000000e-01
5.612460e+03 0.000000e+00 1.000000e+00 1.000000e-01
5.612470e+03 0.000000e+00 1.000000e+00 1.000000e-01
5.612480e+03 0.000000e+00 1.000000e+00 1.000000e-01
5.612490e+03 0.000000e+00 1.000000e+00 1.000000e-01
5.612500e+03 0.000000e+00 1.000000e+00 1.000000e-01
5.612510e+03 0.000000e+00 1.000000e+00 1.000000e-01
5.612520e+03 0.000000e+00 1.000000e+00 1.000000e-01
5.612530e+03 0.000000e+00 1.000000e+00 1.000000e-01
5.612540e+03 0.000000e+00 1.000000e+00 1.000000e-01
5.612550e+03 0.000000e+00 1.000000e+00 1.000000e-01
5.612560e+03 0.000000e+00 1.000000e+00 1.000000e-01
5.612570e+03 0.000000e+00 1.000000e+00 1.000000e-01
5.612580e+03 0.000000e+00 1.000000e+00 1.000000e-01
5.612590e+03 0.000000e+00 1.000000e+00 1.000000e-01
5.612600e+03 0.000000e+00 1.000000e+00 1.000000e-01
5.612610e+03 0.000000e+00 1.000000e+00 1.000000e-01
5.612620e+03 0.000000e+00 1.000000e+00 1.000000e-01
5.612630e+03 0.000000e+00 1.000000e+00 1.000000e-01
5.612640e+03 0.000000e+00 1.000000e+00 1.000000e-01
5.612650e+03 0.000000e+00 1.000000e+00 1.000000e-01
5.612660e+03 0.000000e+00 1.000000e+00 1.000000e-01
5.612670e+03 0.000000e+00 1.000000e+00 1.000000e-01
5.612680e+03 0.000000e+00 1.000000e+00 1.000000e-01
5.612690e+03 0.000000e+00 1.000000e+00 1.000000e-01
5.612700e+03 0.000000e+00 1.000000e+00 1.000000e-01
5.612710e+03 0.000000e+00 1.000000e+00 1.000000e-01
5.612720e+03 0.000000e+00 1.000000e+00 1.000000e-01
5.612730e+03 0.000000e+00 1.000000e+00 1.000000e-01
5.612740e+03 0.000000e+00 1.000000e+00 1.000000e-01
5.612750e+03 0.000000e+00 1.000000e+00 1.000000e-01
5.612760e+03 0.000000e+00 1.000000e+00 1.000000e-01
5.612770e+03 0.000000e+00 1.000000e+00 1.000000e-01
5.612780e+03 0.000000e+00 1.000000e+00 1.000000e-01
5.612790e+03 0.000000e+00 1.000000e+00 1.000000e-01
5.612800e+03 0.000000e+00 1.000000e+00 1.000000e-01
5.612810e+03 0.000000e+00 1.000000e+00 1.000000e-01
5.612820e+03 0.000000e+00 1.000000e+00 1.000000e-01
5.612830e+03 0.000000e+00 1.000000e+00 1.000000e-01
5.612840e+03 0.000000e+00 1.000000e+00 1.000000e-01
5.612850e+03 0.000000e+00 1.000000e+00 1.000000e-01
5.612860e+03 0.000000e+00 1.000000e+00 1.000000e-01
5.612870e+03 0.000000e+00 1.000000e+00 1.000000e-01
5.612880e+03 0.000000e+00 1.000000e+00 1.000000e-01
5.612890e+03 0.000000e+00 1.000000e+00 1.000000e-01
5.612900e+03 0.000000e+00 1.000000e+00 1.000000e-01
5.612910e+03 0.000000e+00 1.000000e+00 1.000000e-01
5.612920e+03 0.000000e+00 1.000000e+00 1.000000e-01
5.612930e+03 0.000000e+00 1.000000e+00 1.000000e-01
5.612940e+03 0.000000e+00 1.000000e+00 1.000000e-01
5.612950e+03 0.000000e+00 1.000000e+00 1.000000e-01
5.612960e+03 0.000000e+00 1.000000e+00 1.000000e-01
5.612970e+03 0.000000e+00 1.000000e+00 1.000000e-01
5.612980e+03 0.000000e+00 1.000000e+00 1.000000e-01
5.612990e+03 0.000000e+00 1.000000e+00 1.000000e-01
5.613000e+03 0.000000e+00 1.000000e+00 1.000000e-01
5.613010e+03 0.000000e+00 1.000000e+00 1.000000e-01
5.613020e+03 0.000000e+00 1.000000e+00 1.000000e-01
5.613030e+03 0.000000e+00 1.000000e+00 1.000000e-01
5.613040e+03 0.000000e+00 1.000000e+00 1.000000e-01
5.613050e+03 0.000000e+00 1.000000e+00 1.000000e-01
5.613060e+03 0.000000e+00 1.000000e+00 1.000000e-01
5.613070e+03 0.000000e+00 1.000000e+00 1.000000e-01
5.613080e+03 0.000000e+00 1.000000e+00 1.000000e-01
5.613090e+03 0.000000e+00 1.000000e+00 1.000000e-01
5.613100e+03 0.000000e+00 1.000000e+00 1.000000e-01
5.613110e+03 0.000000e+00 1.000000e+00 1.000000e-01
5.613120e+03 0.000000e+00 1.000000e+00 1.000000e-01
5.613130e+03 0.000000e+00 1.000000e+00 1.000000e-01
5.613140e+03 0.000000e+00 1.000000e+00 1.000000e-01
5.613150e+03 0.000000e+00 1.000000e+00 1.000000e-01
5.613160e+03 0.000000e+00 1.000000e+00 1.000000e-01
5.613170e+03 0.000000e+00 1.000000e+00 1.000000e-01
5.613180e+03 0.000000e+00 1.000000e+00 1.000000e-01
5.613190e+03 0.000000e+00 1.000000e+00 1.000000e-01
5.613200e+03 0.000000e+00 1.000000e+00 1.000000e-01
5.613210e+03 0.000000e+00 1.000000e+00 1.000000e-01
5.613220e+03 0.000000e+00 1.000000e+00 1.000000e-01
5.613230e+03 0.000000e+00 1.000000e+00 1.000000e-01
5.613240e+03 0.000000e+00 1.000000e+00 1.000000e-01
5.613250e+03 0.000000e+00 1.000000e+00 1.000000e-01
5.613260e+03 0.000000e+00 1.000000e+00 1.000000e-01
5.613270e+03 0.000000e+00 1.000000e+00 1.000000e-01
5.613280e+03 0.000000e+00 1.000000e+00 1.000000e-01
5.613290e+03 0.000000e+00 1.000000e+00 1.000000e-01
5.613300e+03 0.000000e+00 1.000000e+00 1.000000e-01
5.613310e+03 0.000000e+00 1.000000e+00 1.000000e-01
5.613320e+03 0.000000e+00 1.000000e+00 1.000000e-01
5.613330e+03 0.000000e+00 1.000000e+00 1.000000e-01
5.613340e+03 0.000000e+00 1.000000e+00 1.000000e-01
5.613350e+03 0.000000e+00 1.000000e+00 1.000000e-01
5.613360e+03 0.000000e+00 1.000000e+00 1.000000e-01
5.613370e+03 0.000000e+00 1.000000e+00 1.000000e-01
5.613380e+03 0.000000e+00 1.000000e+00 1.000000e-01
5.613390e+03 0.000000e+00 1.000000e+00 1.000000e-01
5.613400e+03 0.000000e+00 1.000000e+00 1.000000e-01
5.613410e+03 0.000000e+00 1.000000e+00 1.000000e-01
5.613420e+03 0.000000e+00 1.000000e+00 1.000000e-01
5.613430e+03 0.000000e+00 1.000000e+00 1.000000e-01
5.613440e+03 0.000000e+00 1.000000e+00 1.000000e-01
5.613450e+03 0.000000e+00 1.000000e+00 1.000000e-01
5.613460e+03 0.000000e+00 1.000000e+00 1.000000e-01
5.613470e+03 0.000000e+00 1.000000e+00 1.000000e-01
5.613480e+03 0.000000e+00 1.000000e+00 1.000000e-01
5.613490e+03 0.000000e+00 1.000000e+00 1.000000e-01
5.613500e+03 0.000000e+00 1.000000e+00 1.000000e-01
5.613510e+03 0.000000e+00 1.000000e+00 1.000000e-01
5.613520e+03 0.000000e+00 1.000000e+00 1.000000e-01
5.613530e+03 0.000000e+00 1.000000e+00 1.000000e-01
5.613540e+03 0.000000e+00 1.000000e+00 1.000000e-01
5.613550e+03 0.000000e+00 1.000000e+00 1.000000e-01
5.613560e+03 0.000000e+00 1.000000e+00 1.000000e-01
5.613570e+03 0.000000e+00 1.000000e+00 1.000000e-01
5.613580e+03 0.000000e+00 1.000000e+00 1.000000e-01
5.613590e+03 0.000000e+00 1.000000e+00 1.000000e-01
5.613600e+03 0.000000e+00 1.000000e+00 1.000000e-01
5.613610e+03 0.000000e+00 1.000000e+00 1.000000e-01
5.613620e+03 0.000000e+00 1.000000e+00 1.000000e-01
5.613630e+03 0.000000e+00 1.000000e+00 1.000000e-01
5.613640e+03 0.000000e+00 1.000000e+00 1.000000e-01
5.613650e+03 0.000000e+00 1.000000e+00 1.000000e-01
5.613660e+03 0.000000e+00 1.000000e+00 1.000000e-01
5.613670e+03 0.000000e+00 1.000000e+00 1.000000e-01
5.613680e+03 0.000000e+00 1.000000e+00 1.000000e-01
5.613690e+03 0.000000e+00 1.000000e+00 1.000000e-01
5.613700e+03 0.000000e+00 1.000000e+00 1.000000e-01
5.613710e+03 0.000000e+00 1.000000e+00 1.000000e-01
5.613720e+03 0.000000e+00 1.000000e+00 1.000000e-01
5.613730e+03 0.000000e+00 1.000000e+00 1.000000e-01
5.613740e+03 0.000000e+00 1.000000e+00 1.000000e-01
5.613750e+03 0.000000e+00 1.000000e+00 1.000000e-01
5.613760e+03 0.000000e+00 1.000000e+00 1.000000e-01
5.613770e+03 0.000000e+00 1.000000e+00 1.000000e-01
5.613780e+03 0.000000e+00 1.000000e+00 1.000000e-01
5.613790e+03 0.000000e+00 1.000000e+00 1.000000e-01
5.613800e+03 0.000000e+00 1.000000e+00 1.000000e-01
5.613810e+03 0.000000e+00 1.000000e+00 1.000000e-01
5.613820e+03 0.000000e+00 1.000000e+00 1.000000e-01
5.613830e+03 0.000000e+00 1.000000e+00 1.000000e-01
5.613840e+03 0.000000e+00 1.000000e+00 1.000000e-01
5.613850e+03 0.000000e+00 1.000000e+00 1.000000e-01
5.613860e+03 0.000000e+00 1.000000e+00 1.000000e-01
5.613870e+03 0.000000e+00 1.000000e+00 1.000000e-01
5.613880e+03 0.000000e+00 1.000000e+00 1.000000e-01
5.613890e+03 0.000000e+00 1.000000e+00 1.000000e-01
5.613900e+03 0.000000e+00 1.000000e+00 1.000000e-01
5.613910e+03 0.000000e+00 1.000000e+00 1.000000e-01
5.613920e+03 0.000000e+00 1.000000e+00 1.000000e-01
5.613930e+03 0.000000e+00 1.000000e+00 1.000000e-01
5.613940e+03 0.000000e+00 1.000000e+00 1.000000e-01
5.613950e+03 0.000000e+00 1.000000e+00 1.000000e-01
5.613960e+03 0.000000e+00 1.000000e+00 1.000000e-01
5.613970e+03 0.000000e+00 1.000000e+00 1.000000e-01
5.613980e+03 0.000000e+00 1.000000e+00 1.000000e-01
5.613990e+03 0.000000e+00 1.000000e+00 1.000000e-01
5.614000e+03 0.000000e+00 1.000000e+00 1.000000e-01
5.614010e+03 0.000000e+00 1.000000e+00 1.000000e-01
5.614020e+03 0.000000e+00 1.000000e+00 1.000000e-01
5.614030e+03 0.000000e+00 1.000000e+00 1.000000e-01
5.614040e+03 0.000000e+00 1.000000e+00 1.000000e-01
5.614050e+03 0.000000e+00 1.000000e+00 1.000000e-01
5.614060e+03 0.000000e+00 1.000000e+00 1.000000e-01
5.614070e+03 0.000000e+00 1.000000e+00 1.000000e-01
5.614080e+03 0.000000e+00 1.000000e+00 1.000000e-01
5.614090e+03 0.000000e+00 1.000000e+00 1.000000e-01
5.614100e+03 0.000000e+00 1.000000e+00 1.000000e-01
5.614110e+03 0.000000e+00 1.000000e+00 1.000000e-01
5.614120e+03 0.000000e+00 1.000000e+00 1.000000e-01
5.614130e+03 0.000000e+00 1.000000e+00 1.000000e-01
5.614140e+03 0.000000e+00 1.000000e+00 1.000000e-01
5.614150e+03 0.000000e+00 1.000000e+00 1.000000e-01
5.614160e+03 0.000000e+00 1.000000e+00 1.000000e-01
5.614170e+03 0.000000e+00 1.000000e+00 1.000000e-01
5.614180e+03 0.000000e+00 1.000000e+00 1.000000e-01
5.614190e+03 0.000000e+00 1.000000e+00 1.000000e-01
5.614200e+03 0.000000e+00 1.000000e+00 1.000000e-01
5.614210e+03 0.000000e+00 1.000000e+00 1.000000e-01
5.614220e+03 0.000000e+00 1.000000e+00 1.000000e-01
5.614230e+03 0.000000e+00 1.000000e+00 1.000000e-01
5.614240e+03 0.000000e+00 1.000000e+00 1.000000e-01
5.614250e+03 0.000000e+00 1.000000e+00 1.000000e-01
5.614260e+03 0.000000e+00 1.000000e+00 1.000000e-01
5.614270e+03 0.000000e+00 1.000000e+00 1.000000e-01
5.614280e+03 0.000000e+00 1.000000e+00 1.000000e-01
5.614290e+03 0.000000e+00 1.000000e+00 1.000000e-01
5.614300e+03 0.000000e+00 1.000000e+00 1.000000e-01
5.614310e+03 0.000000e+00 1.000000e+00 1.000000e-01
5.614320e+03 0.000000e+00 1.000000e+00 1.000000e-01
5.614330e+03 0.000000e+00 1.000000e+00 1.000000e-01
5.614340e+03 0.000000e+00 1.000000e+00 1.000000e-01
5.614350e+03 0.000000e+00 1.000000e+00 1.000000e-01
5.614360e+03 0.000000e+00 1.000000e+00 1.000000e-01
5.614370e+03 0.000000e+00 1.000000e+00 1.000000e-01
5.614380e+03 0.000000e+00 1.000000e+00 1.000000e-01
5.614390e+03 0.000000e+00 1.000000e+00 1.000000e-01
5.614400e+03 0.000000e+00 1.000000e+00 1.000000e-01
5.614410e+03 0.000000e+00 1.000000e+00 1.000000e-01
5.614420e+03 0.000000e+00 1.000000e+00 1.000000e-01
5.614430e+03 0.000000e+00 1.000000e+00 1.000000e-01
5.614440e+03 0.000000e+00 1.000000e+00 1.000000e-01
5.614450e+03 0.000000e+00 1.000000e+00 1.000000e-01
5.614460e+03 0.000000e+00 1.000000e+00 1.000000e-01
5.614470e+03 0.000000e+00 1.000000e+00 1.000000e-01
5.614480e+03 0.000000e+00 1.000000e+00 1.000000e-01
5.614490e+03 0.000000e+00 1.000000e+00 1.000000e-01
5.614500e+03 0.000000e+00 1.000000e+00 1.000000e-01
5.614510e+03 0.000000e+00 1.000000e+00 1.000000e-01
5.614520e+03 0.000000e+00 1.000000e+00 1.000000e-01
5.614530e+03 0.000000e+00 1.000000e+00 1.000000e-01
5.614540e+03 0.000000e+00 1.000000e+00 1.000000e-01
5.614550e+03 0.000000e+00 1.000000e+00 1.000000e-01
5.614560e+03 0.000000e+00 1.000000e+00 1.000000e-01
5.614570e+03 0.000000e+00 1.000000e+00 1.000000e-01
5.614580e+03 0.000000e+00 1.000000e+00 1.000000e-01
5.614590e+03 0.000000e+00 1.000000e+00 1.000000e-01
5.614600e+03 0.000000e+00 1.000000e+00 1.000000e-01
5.614610e+03 0.000000e+00 1.000000e+00 1.000000e-01
5.614620e+03 0.000000e+00 1.000000e+00 1.000000e-01
5.614630e+03 0.000000e+00 1.000000e+00 1.000000e-01
5.614640e+03 0.000000e+00 1.000000e+00 1.000000e-01
5.614650e+03 0.000000e+00 1.000000e+00 1.000000e-01
5.614660e+03 0.000000e+00 1.000000e+00 1.000000e-01
5.614670e+03 0.000000e+00 1.000000e+00 1.000000e-01
5.614680e+03 0.000000e+00 1.000000e+00 1.000000e-01
5.614690e+03 0.000000e+00 1.000000e+00 1.000000e-01
5.614700e+03 0.000000e+00 1.000000e+00 1.000000e-01
5.614710e+03 0.000000e+00 1.000000e+00 1.000000e-01
5.614720e+03 0.000000e+00 1.000000e+00 1.000000e-01
5.614730e+03 0.000000e+00 1.000000e+00 1.000000e-01
5.614740e+03 0.000000e+00 1.000000e+00 1.000000e-01
5.614750e+03 0.000000e+00 1.000000e+00 1.000000e-01
5.614760e+03 0.000000e+00 1.000000e+00 1.000000e-01
5.614770e+03 0.000000e+00 1.000000e+00 1.000000e-01
5.614780e+03 0.000000e+00 1.000000e+00 1.000000e-01
5.614790e+03 0.000000e+00 1.000000e+00 1.000000e-01
5.614800e+03 0.000000e+00 1.000000e+00 1.000000e-01
5.614810e+03 0.000000e+00 1.000000e+00 1.000000e-01
5.614820e+03 0.000000e+00 1.000000e+00 1.000000e-01
5.614830e+03 0.000000e+00 1.000000e+00 1.000000e-01
5.614840e+03 0.000000e+00 1.000000e+00 1.000000e-01
5.614850e+03 0.000000e+00 1.000000e+00 1.000000e-01
5.614860e+03 0.000000e+00 1.000000e+00 1.000000e-01
5.614870e+03 0.000000e+00 1.000000e+00 1.000000e-01
5.614880e+03 0.000000e+00 1.000000e+00 1.000000e-01
5.614890e+03 0.000000e+00 1.000000e+00 1.000000e-01
5.614900e+03 0.000000e+00 1.000000e+00 1.000000e-01
5.614910e+03 0.000000e+00 1.000000e+00 1.000000e-01
5.614920e+03 0.000000e+00 1.000000e+00 1.000000e-01
5.614930e+03 0.000000e+00 1.000000e+00 1.000000e-01
5.614940e+03 0.000000e+00 1.000000e+00 1.000000e-01
5.614950e+03 0.000000e+00 1.000000e+00 1.000000e-01
5.614960e+03 0.000000e+00 1.000000e+00 1.000000e-01
5.614970e+03 0.000000e+00 1.000000e+00 1.000000e-01
5.614980e+03 0.000000e+00 1.000000e+00 1.000000e-01
5.614990e+03 0.000000e+00 1.000000e+00 1.000000e-01
5.615000e+03 0.000000e+00 1.000000e+00 1.000000e-01
5.615010e+03 0.000000e+00 1.000000e+00 1.000000e-01
5.615020e+03 0.000000e+00 1.000000e+00 1.000000e-01
5.615030e+03 0.000000e+00 1.000000e+00 1.000000e-01
5.615040e+03 0.000000e+00 1.000000e+00 1.000000e-01
5.615050e+03 0.000000e+00 1.000000e+00 1.000000e-01
5.615060e+03 0.000000e+00 1.000000e+00 1.000000e-01
5.615070e+03 0.000000e+00 1.000000e+00 1.000000e-01
5.615080e+03 0.000000e+00 1.000000e+00 1.000000e-01
5.615090e+03 0.000000e+00 1.000000e+00 1.000000e-01
5.615100e+03 0.000000e+00 1.000000e+00 1.000000e-01
5.615110e+03 0.000000e+00 1.000000e+00 1.000000e-01
5.615120e+03 0.000000e+00 1.000000e+00 1.000000e-01
5.615130e+03 0.000000e+00 1.000000e+00 1.000000e-01
5.615140e+03 0.000000e+00 1.000000e+00 1.000000e-01
5.615150e+03 0.000000e+00 1.000000e+00 1.000000e-01
5.615160e+03 0.000000e+00 1.000000e+00 1.000000e-01
5.615170e+03 0.000000e+00 1.000000e+00 1.000000e-01
5.615180e+03 0.000000e+00 1.000000e+00 1.000000e-01
5.615190e+03 0.000000e+00 1.000000e+00 1.000000e-01
5.615200e+03 0.000000e+00 1.000000e+00 1.000000e-01
5.615210e+03 0.000000e+00 1.000000e+00 1.000000e-01
5.615220e+03 0.000000e+00 1.000000e+00 1.000000e-01
5.615230e+03 0.000000e+00 1.000000e+00 1.000000e-01
5.615240e+03 0.000000e+00 1.000000e+00 1.000000e-01
5.615250e+03 0.000000e+00 1.000000e+00 1.000000e-01
5.615260e+03 0.000000e+00 1.000000e+00 1.000000e-01
5.615270e+03 0.000000e+00 1.000000e+00 1.000000e-01
5.615280e+03 0.000000e+00 1.000000e+00 1.000000e-01
5.615290e+03 0.000000e+00 1.000000e+00 1.000000e-01
5.615300e+03 0.000000e+00 1.000000e+00 1.000000e-01
5.615310e+03 0.000000e+00 1.000000e+00 1.000000e-01
5.615320e+03 0.000000e+00 1.000000e+00 1.000000e-01
5.615330e+03 0.000000e+00 1.000000e+00 1.000000e-01
5.615340e+03 0.000000e+00 1.000000e+00 1.000000e-01
5.615350e+03 0.000000e+00 1.000000e+00 1.000000e-01
5.615360e+03 0.000000e+00 1.000000e+00 1.000000e-01
5.615370e+03 0.000000e+00 1.000000e+00 1.000000e-01
5.615380e+03 0.000000e+00 1.000000e+00 1.000000e-01
5.615390e+03 0.000000e+00 1.000000e+00 1.000000e-01
5.615400e+03 0.000000e+00 1.000000e+00 1.000000e-01
5.615410e+03 0.000000e+00 1.000000e+00 1.000000e-01
5.615420e+03 0.000000e+00 1.000000e+00 1.000000e-01
5.615430e+03 0.000000e+00 1.000000e+00 1.000000e-01
5.615440e+03 0.000000e+00 1.000000e+00 1.000000e-01
5.615450e+03 0.000000e+00 1.000000e+00 1.000000e-01
5.615460e+03 0.000000e+00 1.000000e+00 1.000000e-01
5.615470e+03 0.000000e+00 1.000000e+00 1.000000e-01
5.615480e+03 0.000000e+00 1.000000e+00 1.000000e-01
5.615490e+03 0.000000e+00 1.000000e+00 1.000000e-01
5.615500e+03 0.000000e+00 1.000000e+00 1.000000e-01
5.615510e+03 0.000000e+00 1.000000e+00 1.000000e-01
5.615520e+03 0.000000e+00 1.000000e+00 1.000000e-01
5.615530e+03 0.000000e+00 1.000000e+00 1.000000e-01
5.615540e+03 0.000000e+00 1.000000e+00 1.000000e-01
5.615550e+03 0.000000e+00 1.000000e+00 1.000000e-01
5.615560e+03 0.000000e+00 1.000000e+00 1.000000e-01
5.615570e+03 0.000000e+00 1.000000e+00 1.000000e-01
5.615580e+03 0.000000e+00 1.000000e+00 1.000000e-01
5.615590e+03 0.000000e+00 1.000000e+00 1.000000e-01
5.615600e+03 0.000000e+00 1.000000e+00 1.000000e-01
5.615610e+03 0.000000e+00 1.000000e+00 1.000000e-01
5.615620e+03 0.000000e+00 1.000000e+00 1.000000e-01
5.615630e+03 0.000000e+00 1.000000e+00 1.000000e-01
5.615640e+03 0.000000e+00 1.000000e+00 1.000000e-01
5.615650e+03 0.000000e+00 1.000000e+00 1.000000e-01
5.615660e+03 0.000000e+00 1.000000e+00 1.000000e-01
5.615670e+03 0.000000e+00 1.000000e+00 1.000000e-01
5.615680e+03 0.000000e+00 1.000000e+00 1.000000e-01
5.615690e+03 0.000000e+00 1.000000e+00 1.000000e-01
5.615700e+03 0.000000e+00 1.000000e+00 1.000000e-01
5.615710e+03 0.000000e+00 1.000000e+00 1.000000e-01
5.615720e+03 0.000000e+00 1.000000e+00 1.000000e-01
5.615730e+03 0.000000e+00 1.000000e+00 1.000000e-01
5.615740e+03 0.000000e+00 1.000000e+00 1.000000e-01
5.615750e+03 0.000000e+00 1.000000e+00 1.000000e-01
5.615760e+03 0.000000e+00 1.000000e+00 1.000000e-01
5.615770e+03 0.000000e+00 1.000000e+00 1.000000e-01
5.615780e+03 0.000000e+00 1.000000e+00 1.000000e-01
5.615790e+03 0.000000e+00 1.000000e+00 1.000000e-01
5.615800e+03 0.000000e+00 1.000000e+00 1.000000e-01
5.615810e+03 0.000000e+00 1.000000e+00 1.000000e-01
5.615820e+03 0.000000e+00 1.000000e+00 1.000000e-01
5.615830e+03 0.000000e+00 1.000000e+00 1.000000e-01
5.615840e+03 0.000000e+00 1.000000e+00 1.000000e-01
5.615850e+03 0.000000e+00 1.000000e+00 1.000000e-01
5.615860e+03 0.000000e+00 1.000000e+00 1.000000e-01
5.615870e+03 0.000000e+00 1.000000e+00 1.000000e-01
5.615880e+03 0.000000e+00 1.000000e+00 1.000000e-01
5.615890e+03 0.000000e+00 1.000000e+00 1.000000e-01
5.615900e+03 0.000000e+00 1.000000e+00 1.000000e-01
5.615910e+03 0.000000e+00 1.000000e+00 1.000000e-01
5.615920e+03 0.000000e+00 1.000000e+00 1.000000e-01
5.615930e+03 0.000000e+00 1.000000e+00 1.000000e-01
5.615940e+03 0.000000e+00 1.000000e+00 1.000000e-01
5.615950e+03 0.000000e+00 1.000000e+00 1.000000e-01
5.615960e+03 0.000000e+00 1.000000e+00 1.000000e-01
5.615970e+03 0.000000e+00 1.000000e+00 1.000000e-01
5.615980e+03 0.000000e+00 1.000000e+00 1.000000e-01
5.615990e+03 0.000000e+00 1.000000e+00 1.000000e-01
5.616000e+03 0.000000e+00 1.000000e+00 1.000000e-01
5.616010e+03 0.000000e+00 1.000000e+00 1.000000e-01
5.616020e+03 0.000000e+00 1.000000e+00 1.000000e-01
5.616030e+03 0.000000e+00 1.000000e+00 1.000000e-01
5.616040e+03 0.000000e+00 1.000000e+00 1.000000e-01
5.616050e+03 0.000000e+00 1.000000e+00 1.000000e-01
5.616060e+03 0.000000e+00 1.000000e+00 1.000000e-01
5.616070e+03 0.000000e+00 1.000000e+00 1.000000e-01
5.616080e+03 0.000000e+00 1.000000e+00 1.000000e-01
5.616090e+03 0.000000e+00 1.000000e+00 1.000000e-01
5.616100e+03 0.000000e+00 1.000000e+00 1.000000e-01
5.616110e+03 0.000000e+00 1.000000e+00 1.000000e-01
5.616120e+03 0.000000e+00 1.000000e+00 1.000000e-01
5.616130e+03 0.000000e+00 1.000000e+00 1.000000e-01
5.616140e+03 0.000000e+00 1.000000e+00 1.000000e-01
5.616150e+03 0.000000e+00 1.000000e+00 1.000000e-01
5.616160e+03 0.000000e+00 1.000000e+00 1.000000e-01
5.616170e+03 0.000000e+00 1.000000e+00 1.000000e-01
5.616180e+03 0.000000e+00 1.000000e+00 1.000000e-01
5.616190e+03 0.000000e+00 1.000000e+00 1.000000e-01
5.616200e+03 0.000000e+00 1.000000e+00 1.000000e-01
5.616210e+03 0.000000e+00 1.000000e+00 1.000000e-01
5.616220e+03 0.000000e+00 1.000000e+00 1.000000e-01
5.616230e+03 0.000000e+00 1.000000e+00 1.000000e-01
5.616240e+03 0.000000e+00 1.000000e+00 1.000000e-01
5.616250e+03 0.000000e+00 1.000000e+00 1.000000e-01
5.616260e+03 0.000000e+00 1.000000e+00 1.000000e-01
5.616270e+03 0.000000e+00 1.000000e+00 1.000000e-01
5.616280e+03 0.000000e+00 1.000000e+00 1.000000e-01
5.616290e+03 0.000000e+00 1.000000e+00 1.000000e-01
5.616300e+03 0.000000e+00 1.000000e+00 1.000000e-01
5.616310e+03 0.000000e+00 1.000000e+00 1.000000e-01
5.616320e+03 0.000000e+00 1.000000e+00 1.000000e-01
5.616330e+03 0.000000e+00 1.000000e+00 1.000000e-01
5.616340e+03 0.000000e+00 1.000000e+00 1.000000e-01
5.616350e+03 0.000000e+00 1.000000e+00 1.000000e-01
5.616360e+03 0.000000e+00 1.000000e+00 1.000000e-01
5.616370e+03 0.000000e+00 1.000000e+00 1.000000e-01
5.616380e+03 0.000000e+00 1.000000e+00 1.000000e-01
5.616390e+03 0.000000e+00 1.000000e+00 1.000000e-01
5.616400e+03 0.000000e+00 1.000000e+00 1.000000e-01
5.616410e+03 0.000000e+00 1.000000e+00 1.000000e-01
5.616420e+03 0.000000e+00 1.000000e+00 1.000000e-01
5.616430e+03 0.000000e+00 1.000000e+00 1.000000e-01
5.616440e+03 0.000000e+00 1.000000e+00 1.000000e-01
5.616450e+03 0.000000e+00 1.000000e+00 1.000000e-01
5.616460e+03 0.000000e+00 1.000000e+00 1.000000e-01
5.616470e+03 0.000000e+00 1.000000e+00 1.000000e-01
5.616480e+03 0.000000e+00 1.000000e+00 1.000000e-01
5.616490e+03 0.000000e+00 1.000000e+00 1.000000e-01
5.616500e+03 0.000000e+00 1.000000e+00 1.000000e-01
5.616510e+03 0.000000e+00 1.000000e+00 1.000000e-01
5.616520e+03 0.000000e+00 1.000000e+00 1.000000e-01
5.616530e+03 0.000000e+00 1.000000e+00 1.000000e-01
5.616540e+03 0.000000e+00 1.000000e+00 1.000000e-01
5.616550e+03 0.000000e+00 1.000000e+00 1.000000e-01
5.616560e+03 0.000000e+00 1.000000e+00 1.000000e-01
5.616570e+03 0.000000e+00 1.000000e+00 1.000000e-01
5.616580e+03 0.000000e+00 1.000000e+00 1.000000e-01
5.616590e+03 0.000000e+00 1.000000e+00 1.000000e-01
5.616600e+03 0.000000e+00 1.000000e+00 1.000000e-01
5.616610e+03 0.000000e+00 1.000000e+00 1.000000e-01
5.616620e+03 0.000000e+00 1.000000e+00 1.000000e-01
5.616630e+03 0.000000e+00 1.000000e+00 1.000000e-01
5.616640e+03 0.000000e+00 1.000000e+00 1.000000e-01
5.616650e+03 0.000000e+00 1.000000e+00 1.000000e-01
5.616660e+03 0.000000e+00 1.000000e+00 1.000000e-01
5.616670e+03 0.000000e+00 1.000000e+00 1.000000e-01
5.616680e+03 0.000000e+00 1.000000e+00 1.000000e-01
5.616690e+03 0.000000e+00 1.000000e+00 1.000000e-01
5.616700e+03 0.000000e+00 1.000000e+00 1.000000e-01
5.616710e+03 0.000000e+00 1.000000e+00 1.000000e-01
5.616720e+03 0.000000e+00 1.000000e+00 1.000000e-01
5.616730e+03 0.000000e+00 1.000000e+00 1.000000e-01
5.616740e+03 0.000000e+00 1.000000e+00 1.000000e-01
5.616750e+03 0.000000e+00 1.000000e+00 1.000000e-01
5.616760e+03 0.000000e+00 1.000000e+00 1.000000e-01
5.616770e+03 0.000000e+00 1.000000e+00 1.000000e-01
5.616780e+03 0.000000e+00 1.000000e+00 1.000000e-01
5.616790e+03 0.000000e+00 1.000000e+00 1.000000e-01
5.616800e+03 0.000000e+00 1.000000e+00 1.000000e-01
5.616810e+03 0.000000e+00 1.000000e+00 1.000000e-01
5.616820e+03 0.000000e+00 1.000000e+00 1.000000e-01
5.616830e+03 0.000000e+00 1.000000e+00 1.000000e-01
5.616840e+03 0.000000e+00 1.000000e+00 1.000000e-01
5.616850e+03 0.000000e+00 1.000000e+00 1.000000e-01
5.616860e+03 0.000000e+00 1.000000e+00 1.000000e-01
5.616870e+03 0.000000e+00 1.000000e+00 1.000000e-01
5.616880e+03 0.000000e+00 1.000000e+00 1.000000e-01
5.616890e+03 0.000000e+00 1.000000e+00 1.000000e-01
5.616900e+03 0.000000e+00 1.000000e+00 1.000000e-01
5.616910e+03 0.000000e+00 1.000000e+00 1.000000e-01
5.616920e+03 0.000000e+00 1.000000e+00 1.000000e-01
5.616930e+03 0.000000e+00 1.000000e+00 1.000000e-01
5.616940e+03 0.000000e+00 1.000000e+00 1.000000e-01
5.616950e+03 0.000000e+00 1.000000e+00 1.000000e-01
5.616960e+03 0.000000e+00 1.000000e+00 1.000000e-01
5.616970e+03 0.000000e+00 1.000000e+00 1.000000e-01
5.616980e+03 0.000000e+00 1.000000e+00 1.000000e-01
5.616990e+03 0.000000e+00 1.000000e+00 1.000000e-01
5.617000e+03 0.000000e+00 1.000000e+00 1.000000e-01
