# wavelength[A] tau flux flux_error
5.567000e+03 0.000000e+00 1.000000e+00 1.000000e-01
5.567010e+03 0.000000e+00 1.000000e+00 1.000000e-01
5.567020e+03 0.000000e+00 1.000000e+00 1.000000e-01
5.567030e+03 0.000000e+00 1.000000e+00 1.000000e-01
5.567040e+03 0.000000e+00 1.000000e+00 1.000000e-01
5.567050e+03 0.000000e+00 1.000000e+00 1.000000e-01
5.567060e+03 0.000000e+00 1.000000e+00 1.000000e-01
5.567070e+03 0.000000e+00 1.000000e+00 1.000000e-01
5.567080e+03 0.000000e+00 1.000000e+00 1.000000e-01
5.567090e+03 0.000000e+00 1.000000e+00 1.000000e-01
5.567100e+03 0.000000e+00 1.000000e+00 1.000000e-01
5.567110e+03 0.000000e+00 1.000000e+00 1.000000e-01
5.567120e+03 0.000000e+00 1.000000e+00 1.000000e-01
5.567130e+03 0.000000e+00 1.000000e+00 1.000000e-01
5.567140e+03 0.000000e+00 1.000000e+00 1.000000e-01
5.567150e+03 0.000000e+00 1.000000e+00 1.000000e-01
5.567160e+03 0.000000e+00 1.000000e+00 1.000000e-01
5.567170e+03 0.000000e+00 1.000000e+00 1.000000e-01
5.567180e+03 0.000000e+00 1.000000e+00 1.000000e-01
5.567190e+03 0.000000e+00 1.000000e+00 1.000000e-01
5.567200e+03 0.000000e+00 1.000000e+00 1.000000e-01
5.567210e+03 0.000000e+00 1.000000e+00 1.000000e-01
5.567220e+03 0.000000e+00 1.000000e+00 1.000000e-01
5.567230e+03 0.000000e+00 1.000000e+00 1.000000e-01
5.567240e+03 0.000000e+00 1.000000e+00 1.000000e-01
5.567250e+03 0.000000e+00 1.000000e+00 1.000000e-01
5.567260e+03 0.000000e+00 1.000000e+00 1.000000e-01
5.567270e+03 0.000000e+00 1.000000e+00 1.000000e-01
5.567280e+03 0.000000e+00 1.000000e+00 1.000000e-01
5.567290e+03 0.000000e+00 1.000000e+00 1.000000e-01
5.567300e+03 0.000000e+00 1.000000e+00 1.000000e-01
5.567310e+03 0.000000e+00 1.000000e+00 1.000000e-01
5.567320e+03 0.000000e+00 1.000000e+00 1.000000e-01
5.567330e+03 0.000000e+00 1.000000e+00 1.000000e-01
5.567340e+03 0.000000e+00 1.000000e+00 1.000000e-01
5.567350e+03 0.000000e+00 1.000000e+00 1.000000e-01
5.567360e+03 0.000000e+00 1.000000e+00 1.000000e-01
5.567370e+03 0.000000e+00 1.000000e+00 1.000000e-01
5.567380e+03 0.000000e+00 1.000000e+00 1.000000e-01
5.567390e+03 0.000000e+00 1.000000e+00 1.000000e-01
5.567400e+03 0.000000e+00 1.000000e+00 1.000000e-01
5.567410e+03 0.000000e+00 1.000000e+00 1.000000e-01
5.567420e+03 0.000000e+00 1.000000e+00 1.000000e-01
5.567430e+03 0.000000e+00 1.000000e+00 1.000000e-01
5.567440e+03 0.000000e+00 1.000000e+00 1.000000e-01
5.567450e+03 0.000000e+00 1.000000e+00 1.000000e-01
5.567460e+03 0.000000e+00 1.000000e+00 1.000000e-01
5.567470e+03 0.000000e+00 1.000000e+00 1.000000e-01
5.567480e+03 0.000000e+00 1.000000e+00 1.000000e-01
5.567490e+03 0.000000e+00 1.000000e+00 1.000000e-01
5.567500e+03 0.000000e+00 1.000000e+00 1.000000e-01
5.567510e+03 0.000000e+00 1.000000e+00 1.000000e-01
5.567520e+03 0.000000e+00 1.000000e+00 1.000000e-01
5.567530e+03 0.000000e+00 1.000000e+00 1.000000e-01
5.567540e+03 0.000000e+00 1.000000e+00 1.000000e-01
5.567550e+03 0.000000e+00 1.000000e+00 1.000000e-01
5.567560e+03 0.000000e+00 1.000000e+00 1.000000e-01
5.567570e+03 0.000000e+00 1.000000e+00 1.000000e-01
5.567580e+03 0.000000e+00 1.000000e+00 1.000000e-01
5.567590e+03 0.000000e+00 1.000000e+00 1.000000e-01
5.567600e+03 0.000000e+00 1.000000e+00 1.000000e-01
5.567610e+03 0.000000e+00 1.000000e+00 1.000000e-01
5.567620e+03 0.000000e+00 1.000000e+00 1.000000e-01
5.567630e+03 0.000000e+00 1.000000e+00 1.000000e-01
5.567640e+03 0.000000e+00 1.000000e+00 1.000000e-01
5.567650e+03 0.000000e+00 1.000000e+00 1.000000e-01
5.567660e+03 0.000000e+00 1.000000e+00 1.000000e-01
5.567670e+03 0.000000e+00 1.000000e+00 1.000000e-01
5.567680e+03 0.000000e+00 1.000000e+00 1.000000e-01
5.567690e+03 0.000000e+00 1.000000e+00 1.000000e-01
5.567700e+03 0.000000e+00 1.000000e+00 1.000000e-01
5.567710e+03 0.000000e+00 1.000000e+00 1.000000e-01
5.567720e+03 0.000000e+00 1.000000e+00 1.000000e-01
5.567730e+03 0.000000e+00 1.000000e+00 1.000000e-01
5.567740e+03 0.000000e+00 1.000000e+00 1.000000e-01
5.567750e+03 0.000000e+00 1.000000e+00 1.000000e-01
5.567760e+03 0.000000e+00 1.000000e+00 1.000000e-01
5.567770e+03 0.000000e+00 1.000000e+00 1.000000e-01
5.567780e+03 0.000000e+00 1.000000e+00 1.000000e-01
5.567790e+03 0.000000e+00 1.000000e+00 1.000000e-01
5.567800e+03 0.000000e+00 1.000000e+00 1.000000e-01
5.567810e+03 0.000000e+00 1.000000e+00 1.000000e-01
5.567820e+03 0.000000e+00 1.000000e+00 1.000000e-01
5.567830e+03 0.000000e+00 1.000000e+00 1.000000e-01
5.567840e+03 0.000000e+00 1.000000e+00 1.000000e-01
5.567850e+03 0.000000e+00 1.000000e+00 1.000000e-01
5.567860e+03 0.000000e+00 1.000000e+00 1.000000e-01
5.567870e+03 0.000000e+00 1.000000e+00 1.000000e-01
5.567880e+03 0.000000e+00 1.000000e+00 1.000000e-01
5.567890e+03 0.000000e+00 1.000000e+00 1.000000e-01
5.567900e+03 0.000000e+00 1.000000e+00 1.000000e-01
5.567910e+03 0.000000e+00 1.000000e+00 1.000000e-01
5.567920e+03 0.000000e+00 1.000000e+00 1.000000e-01
5.567930e+03 0.000000e+00 1.000000e+00 1.000000e-01
5.567940e+03 0.000000e+00 1.000000e+00 1.000000e-01
5.567950e+03 0.000000e+00 1.000000e+00 1.000000e-01
5.567960e+03 0.000000e+00 1.000000e+00 1.000000e-01
5.567970e+03 0.000000e+00 1.000000e+00 1.000000e-01
5.567980e+03 0.000000e+00 1.000000e+00 1.000000e-01
5.567990e+03 0.000000e+00 1.000000e+00 1.000000e-01
5.568000e+03 0.000000e+00 1.000000e+00 1.000000e-01
5.568010e+03 0.000000e+00 1.000000e+00 1.000000e-01
5.568020e+03 0.000000e+00 1.000000e+00 1.000000e-01
5.568030e+03 0.000000e+00 1.000000e+00 1.000000e-01
5.568040e+03 0.000000e+00 1.000000e+00 1.000000e-01
5.568050e+03 0.000000e+00 1.000000e+00 1.000000e-01
5.568060e+03 0.000000e+00 1.000000e+00 1.000000e-01
5.568070e+03 0.000000e+00 1.000000e+00 1.000000e-01
5.568080e+03 0.000000e+00 1.000000e+00 1.000000e-01
5.568090e+03 0.000000e+00 1.000000e+00 1.000000e-01
5.568100e+03 0.000000e+00 1.000000e+00 1.000000e-01
5.568110e+03 0.000000e+00 1.000000e+00 1.000000e-01
5.568120e+03 0.000000e+00 1.000000e+00 1.000000e-01
5.568130e+03 0.000000e+00 1.000000e+00 1.000000e-01
5.568140e+03 0.000000e+00 1.000000e+00 1.000000e-01
5.568150e+03 0.000000e+00 1.000000e+00 1.000000e-01
5.568160e+03 0.000000e+00 1.000000e+00 1.000000e-01
5.568170e+03 0.000000e+00 1.000000e+00 1.000000e-01
5.568180e+03 0.000000e+00 1.000000e+00 1.000000e-01
5.568190e+03 0.000000e+00 1.000000e+00 1.000000e-01
5.568200e+03 0.000000e+00 1.000000e+00 1.000000e-01
5.568210e+03 0.000000e+00 1.000000e+00 1.000000e-01
5.568220e+03 0.000000e+00 1.000000e+00 1.000000e-01
5.568230e+03 0.000000e+00 1.000000e+00 1.000000e-01
5.568240e+03 0.000000e+00 1.000000e+00 1.000000e-01
5.568250e+03 0.000000e+00 1.000000e+00 1.000000e-01
5.568260e+03 0.000000e+00 1.000000e+00 1.000000e-01
5.568270e+03 0.000000e+00 1.000000e+00 1.000000e-01
5.568280e+03 0.000000e+00 1.000000e+00 1.000000e-01
5.568290e+03 0.000000e+00 1.000000e+00 1.000000e-01
5.568300e+03 0.000000e+00 1.000000e+00 1.000000e-01
5.568310e+03 0.000000e+00 1.000000e+00 1.000000e-01
5.568320e+03 0.000000e+00 1.000000e+00 1.000000e-01
5.568330e+03 0.000000e+00 1.000000e+00 1.000000e-01
5.568340e+03 0.000000e+00 1.000000e+00 1.000000e-01
5.568350e+03 0.000000e+00 1.000000e+00 1.000000e-01
5.568360e+03 0.000000e+00 1.000000e+00 1.000000e-01
5.568370e+03 0.000000e+00 1.000000e+00 1.000000e-01
5.568380e+03 0.000000e+00 1.000000e+00 1.000000e-01
5.568390e+03 0.000000e+00 1.000000e+00 1.000000e-01
5.568400e+03 0.000000e+00 1.000000e+00 1.000000e-01
5.568410e+03 0.000000e+00 1.000000e+00 1.000000e-01
5.568420e+03 0.000000e+00 1.000000e+00 1.000000e-01
5.568430e+03 0.000000e+00 1.000000e+00 1.000000e-01
5.568440e+03 0.000000e+00 1.000000e+00 1.000000e-01
5.568450e+03 0.000000e+00 1.000000e+00 1.000000e-01
5.568460e+03 0.000000e+00 1.000000e+00 1.000000e-01
5.568470e+03 0.000000e+00 1.000000e+00 1.000000e-01
5.568480e+03 0.000000e+00 1.000000e+00 1.000000e-01
5.568490e+03 0.000000e+00 1.000000e+00 1.000000e-01
5.568500e+03 0.000000e+00 1.000000e+00 1.000000e-01
5.568510e+03 0.000000e+00 1.000000e+00 1.000000e-01
5.568520e+03 0.000000e+00 1.000000e+00 1.000000e-01
5.568530e+03 0.000000e+00 1.000000e+00 1.000000e-01
5.568540e+03 0.000000e+00 1.000000e+00 1.000000e-01
5.568550e+03 0.000000e+00 1.000000e+00 1.000000e-01
5.568560e+03 0.000000e+00 1.000000e+00 1.000000e-01
5.568570e+03 0.000000e+00 1.000000e+00 1.000000e-01
5.568580e+03 0.000000e+00 1.000000e+00 1.000000e-01
5.568590e+03 0.000000e+00 1.000000e+00 1.000000e-01
5.568600e+03 0.000000e+00 1.000000e+00 1.000000e-01
5.568610e+03 0.000000e+00 1.000000e+00 1.000000e-01
5.568620e+03 0.000000e+00 1.000000e+00 1.000000e-01
5.568630e+03 0.000000e+00 1.000000e+00 1.000000e-01
5.568640e+03 0.000000e+00 1.000000e+00 1.000000e-01
5.568650e+03 0.000000e+00 1.000000e+00 1.000000e-01
5.568660e+03 0.000000e+00 1.000000e+00 1.000000e-01
5.568670e+03 0.000000e+00 1.000000e+00 1.000000e-01
5.568680e+03 0.000000e+00 1.000000e+00 1.000000e-01
5.568690e+03 0.000000e+00 1.000000e+00 1.000000e-01
5.568700e+03 0.000000e+00 1.000000e+00 1.000000e-01
5.568710e+03 0.000000e+00 1.000000e+00 1.000000e-01
5.568720e+03 0.000000e+00 1.000000e+00 1.000000e-01
5.568730e+03 0.000000e+00 1.000000e+00 1.000000e-01
5.568740e+03 0.000000e+00 1.000000e+00 1.000000e-01
5.568750e+03 0.000000e+00 1.000000e+00 1.000000e-01
5.568760e+03 0.000000e+00 1.000000e+00 1.000000e-01
5.568770e+03 0.000000e+00 1.000000e+00 1.000000e-01
5.568780e+03 0.000000e+00 1.000000e+00 1.000000e-01
5.568790e+03 0.000000e+00 1.000000e+00 1.000000e-01
5.568800e+03 0.000000e+00 1.000000e+00 1.000000e-01
5.568810e+03 0.000000e+00 1.000000e+00 1.000000e-01
5.568820e+03 0.000000e+00 1.000000e+00 1.000000e-01
5.568830e+03 0.000000e+00 1.000000e+00 1.000000e-01
5.568840e+03 0.000000e+00 1.000000e+00 1.000000e-01
5.568850e+03 0.000000e+00 1.000000e+00 1.000000e-01
5.568860e+03 0.000000e+00 1.000000e+00 1.000000e-01
5.568870e+03 0.000000e+00 1.000000e+00 1.000000e-01
5.568880e+03 0.000000e+00 1.000000e+00 1.000000e-01
5.568890e+03 0.000000e+00 1.000000e+00 1.000000e-01
5.568900e+03 0.000000e+00 1.000000e+00 1.000000e-01
5.568910e+03 0.000000e+00 1.000000e+00 1.000000e-01
5.568920e+03 0.000000e+00 1.000000e+00 1.000000e-01
5.568930e+03 0.000000e+00 1.000000e+00 1.000000e-01
5.568940e+03 0.000000e+00 1.000000e+00 1.000000e-01
5.568950e+03 0.000000e+00 1.000000e+00 1.000000e-01
5.568960e+03 0.000000e+00 1.000000e+00 1.000000e-01
5.568970e+03 0.000000e+00 1.000000e+00 1.000000e-01
5.568980e+03 0.000000e+00 1.000000e+00 1.000000e-01
5.568990e+03 0.000000e+00 1.000000e+00 1.000000e-01
5.569000e+03 0.000000e+00 1.000000e+00 1.000000e-01
5.569010e+03 0.000000e+00 1.000000e+00 1.000000e-01
5.569020e+03 0.000000e+00 1.000000e+00 1.000000e-01
5.569030e+03 0.000000e+00 1.000000e+00 1.000000e-01
5.569040e+03 0.000000e+00 1.000000e+00 1.000000e-01
5.569050e+03 0.000000e+00 1.000000e+00 1.000000e-01
5.569060e+03 0.000000e+00 1.000000e+00 1.000000e-01
5.569070e+03 0.000000e+00 1.000000e+00 1.000000e-01
5.569080e+03 0.000000e+00 1.000000e+00 1.000000e-01
5.569090e+03 0.000000e+00 1.000000e+00 1.000000e-01
5.569100e+03 0.000000e+00 1.000000e+00 1.000000e-01
5.569110e+03 0.000000e+00 1.000000e+00 1.000000e-01
5.569120e+03 0.000000e+00 1.000000e+00 1.000000e-01
5.569130e+03 0.000000e+00 1.000000e+00 1.000000e-01
5.569140e+03 0.000000e+00 1.000000e+00 1.000000e-01
5.569150e+03 0.000000e+00 1.000000e+00 1.000000e-01
5.569160e+03 0.000000e+00 1.000000e+00 1.000000e-01
5.569170e+03 0.000000e+00 1.000000e+00 1.000000e-01
5.569180e+03 0.000000e+00 1.000000e+00 1.000000e-01
5.569190e+03 0.000000e+00 1.000000e+00 1.000000e-01
5.569200e+03 0.000000e+00 1.000000e+00 1.000000e-01
5.569210e+03 0.000000e+00 1.000000e+00 1.000000e-01
5.569220e+03 0.000000e+00 1.000000e+00 1.000000e-01
5.569230e+03 0.000000e+00 1.000000e+00 1.000000e-01
5.569240e+03 0.000000e+00 1.000000e+00 1.000000e-01
5.569250e+03 0.000000e+00 1.000000e+00 1.000000e-01
5.569260e+03 0.000000e+00 1.000000e+00 1.000000e-01
5.569270e+03 0.000000e+00 1.000000e+00 1.000000e-01
5.569280e+03 0.000000e+00 1.000000e+00 1.000000e-01
5.569290e+03 0.000000e+00 1.000000e+00 1.000000e-01
5.569300e+03 0.000000e+00 1.000000e+00 1.000000e-01
5.569310e+03 0.000000e+00 1.000000e+00 1.000000e-01
5.569320e+03 0.000000e+00 1.000000e+00 1.000000e-01
5.569330e+03 0.000000e+00 1.000000e+00 1.000000e-01
5.569340e+03 0.000000e+00 1.000000e+00 1.000000e-01
5.569350e+03 0.000000e+00 1.000000e+00 1.000000e-01
5.569360e+03 0.000000e+00 1.000000e+00 1.000000e-01
5.569370e+03 0.000000e+00 1.000000e+00 1.000000e-01
5.569380e+03 0.000000e+00 1.000000e+00 1.000000e-01
5.569390e+03 0.000000e+00 1.000000e+00 1.000000e-01
5.569400e+03 0.000000e+00 1.000000e+00 1.000000e-01
5.569410e+03 0.000000e+00 1.000000e+00 1.000000e-01
5.569420e+03 0.000000e+00 1.000000e+00 1.000000e-01
5.569430e+03 0.000000e+00 1.000000e+00 1.000000e-01
5.569440e+03 0.000000e+00 1.000000e+00 1.000000e-01
5.569450e+03 0.000000e+00 1.000000e+00 1.000000e-01
5.569460e+03 0.000000e+00 1.000000e+00 1.000000e-01
5.569470e+03 0.000000e+00 1.000000e+00 1.000000e-01
5.569480e+03 0.000000e+00 1.000000e+00 1.000000e-01
5.569490e+03 0.000000e+00 1.000000e+00 1.000000e-01
5.569500e+03 0.000000e+00 1.000000e+00 1.000000e-01
5.569510e+03 0.000000e+00 1.000000e+00 1.000000e-01
5.569520e+03 0.000000e+00 1.000000e+00 1.000000e-01
5.569530e+03 0.000000e+00 1.000000e+00 1.000000e-01
5.569540e+03 0.000000e+00 1.000000e+00 1.000000e-01
5.569550e+03 0.000000e+00 1.000000e+00 1.000000e-01
5.569560e+03 0.000000e+00 1.000000e+00 1.000000e-01
5.569570e+03 0.000000e+00 1.000000e+00 1.000000e-01
5.569580e+03 0.000000e+00 1.000000e+00 1.000000e-01
5.569590e+03 0.000000e+00 1.000000e+00 1.000000e-01
5.569600e+03 0.000000e+00 1.000000e+00 1.000000e-01
5.569610e+03 0.000000e+00 1.000000e+00 1.000000e-01
5.569620e+03 0.000000e+00 1.000000e+00 1.000000e-01
5.569630e+03 0.000000e+00 1.000000e+00 1.000000e-01
5.569640e+03 0.000000e+00 1.000000e+00 1.000000e-01
5.569650e+03 0.000000e+00 1.000000e+00 1.000000e-01
5.569660e+03 0.000000e+00 1.000000e+00 1.000000e-01
5.569670e+03 0.000000e+00 1.000000e+00 1.000000e-01
5.569680e+03 0.000000e+00 1.000000e+00 1.000000e-01
5.569690e+03 0.000000e+00 1.000000e+00 1.000000e-01
5.569700e+03 0.000000e+00 1.000000e+00 1.000000e-01
5.569710e+03 0.000000e+00 1.000000e+00 1.000000e-01
5.569720e+03 0.000000e+00 1.000000e+00 1.000000e-01
5.569730e+03 0.000000e+00 1.000000e+00 1.000000e-01
5.569740e+03 0.000000e+00 1.000000e+00 1.000000e-01
5.569750e+03 0.000000e+00 1.000000e+00 1.000000e-01
5.569760e+03 0.000000e+00 1.000000e+00 1.000000e-01
5.569770e+03 0.000000e+00 1.000000e+00 1.000000e-01
5.569780e+03 0.000000e+00 1.000000e+00 1.000000e-01
5.569790e+03 0.000000e+00 1.000000e+00 1.000000e-01
5.569800e+03 0.000000e+00 1.000000e+00 1.000000e-01
5.569810e+03 0.000000e+00 1.000000e+00 1.000000e-01
5.569820e+03 0.000000e+00 1.000000e+00 1.000000e-01
5.569830e+03 0.000000e+00 1.000000e+00 1.000000e-01
5.569840e+03 0.000000e+00 1.000000e+00 1.000000e-01
5.569850e+03 0.000000e+00 1.000000e+00 1.000000e-01
5.569860e+03 0.000000e+00 1.000000e+00 1.000000e-01
5.569870e+03 0.000000e+00 1.000000e+00 1.000000e-01
5.569880e+03 0.000000e+00 1.000000e+00 1.000000e-01
5.569890e+03 0.000000e+00 1.000000e+00 1.000000e-01
5.569900e+03 0.000000e+00 1.000000e+00 1.000000e-01
5.569910e+03 0.000000e+00 1.000000e+00 1.000000e-01
5.569920e+03 0.000000e+00 1.000000e+00 1.000000e-01
5.569930e+03 0.000000e+00 1.000000e+00 1.000000e-01
5.569940e+03 0.000000e+00 1.000000e+00 1.000000e-01
5.569950e+03 0.000000e+00 1.000000e+00 1.000000e-01
5.569960e+03 0.000000e+00 1.000000e+00 1.000000e-01
5.569970e+03 0.000000e+00 1.000000e+00 1.000000e-01
5.569980e+03 0.000000e+00 1.000000e+00 1.000000e-01
5.569990e+03 0.000000e+00 1.000000e+00 1.000000e-01
5.570000e+03 0.000000e+00 1.000000e+00 1.000000e-01
5.570010e+03 0.000000e+00 1.000000e+00 1.000000e-01
5.570020e+03 0.000000e+00 1.000000e+00 1.000000e-01
5.570030e+03 0.000000e+00 1.000000e+00 1.000000e-01
5.570040e+03 0.000000e+00 1.000000e+00 1.000000e-01
5.570050e+03 0.000000e+00 1.000000e+00 1.000000e-01
5.570060e+03 0.000000e+00 1.000000e+00 1.000000e-01
5.570070e+03 0.000000e+00 1.000000e+00 1.000000e-01
5.570080e+03 0.000000e+00 1.000000e+00 1.000000e-01
5.570090e+03 0.000000e+00 1.000000e+00 1.000000e-01
5.570100e+03 0.000000e+00 1.000000e+00 1.000000e-01
5.570110e+03 0.000000e+00 1.000000e+00 1.000000e-01
5.570120e+03 0.000000e+00 1.000000e+00 1.000000e-01
5.570130e+03 0.000000e+00 1.000000e+00 1.000000e-01
5.570140e+03 0.000000e+00 1.000000e+00 1.000000e-01
5.570150e+03 0.000000e+00 1.000000e+00 1.000000e-01
5.570160e+03 0.000000e+00 1.000000e+00 1.000000e-01
5.570170e+03 0.000000e+00 1.000000e+00 1.000000e-01
5.570180e+03 0.000000e+00 1.000000e+00 1.000000e-01
5.570190e+03 0.000000e+00 1.000000e+00 1.000000e-01
5.570200e+03 0.000000e+00 1.000000e+00 1.000000e-01
5.570210e+03 0.000000e+00 1.000000e+00 1.000000e-01
5.570220e+03 0.000000e+00 1.000000e+00 1.000000e-01
5.570230e+03 0.000000e+00 1.000000e+00 1.000000e-01
5.570240e+03 0.000000e+00 1.000000e+00 1.000000e-01
5.570250e+03 0.000000e+00 1.000000e+00 1.000000e-01
5.570260e+03 0.000000e+00 1.000000e+00 1.000000e-01
5.570270e+03 0.000000e+00 1.000000e+00 1.000000e-01
5.570280e+03 0.000000e+00 1.000000e+00 1.000000e-01
5.570290e+03 0.000000e+00 1.000000e+00 1.000000e-01
5.570300e+03 0.000000e+00 1.000000e+00 1.000000e-01
5.570310e+03 0.000000e+00 1.000000e+00 1.000000e-01
5.570320e+03 0.000000e+00 1.000000e+00 1.000000e-01
5.570330e+03 0.000000e+00 1.000000e+00 1.000000e-01
5.570340e+03 0.000000e+00 1.000000e+00 1.000000e-01
5.570350e+03 0.000000e+00 1.000000e+00 1.000000e-01
5.570360e+03 0.000000e+00 1.000000e+00 1.000000e-01
5.570370e+03 0.000000e+00 1.000000e+00 1.000000e-01
5.570380e+03 0.000000e+00 1.000000e+00 1.000000e-01
5.570390e+03 0.000000e+00 1.000000e+00 1.000000e-01
5.570400e+03 0.000000e+00 1.000000e+00 1.000000e-01
5.570410e+03 0.000000e+00 1.000000e+00 1.000000e-01
5.570420e+03 0.000000e+00 1.000000e+00 1.000000e-01
5.570430e+03 0.000000e+00 1.000000e+00 1.000000e-01
5.570440e+03 0.000000e+00 1.000000e+00 1.000000e-01
5.570450e+03 0.000000e+00 1.000000e+00 1.000000e-01
5.570460e+03 0.000000e+00 1.000000e+00 1.000000e-01
5.570470e+03 0.000000e+00 1.000000e+00 1.000000e-01
5.570480e+03 0.000000e+00 1.000000e+00 1.000000e-01
5.570490e+03 0.000000e+00 1.000000e+00 1.000000e-01
5.570500e+03 0.000000e+00 1.000000e+00 1.000000e-01
5.570510e+03 0.000000e+00 1.000000e+00 1.000000e-01
5.570520e+03 0.000000e+00 1.000000e+00 1.000000e-01
5.570530e+03 0.000000e+00 1.000000e+00 1.000000e-01
5.570540e+03 0.000000e+00 1.000000e+00 1.000000e-01
5.570550e+03 0.000000e+00 1.000000e+00 1.000000e-01
5.570560e+03 0.000000e+00 1.000000e+00 1.000000e-01
5.570570e+03 0.000000e+00 1.000000e+00 1.000000e-01
5.570580e+03 0.000000e+00 1.000000e+00 1.000000e-01
5.570590e+03 0.000000e+00 1.000000e+00 1.000000e-01
5.570600e+03 0.000000e+00 1.000000e+00 1.000000e-01
5.570610e+03 0.000000e+00 1.000000e+00 1.000000e-01
5.570620e+03 0.000000e+00 1.000000e+00 1.000000e-01
5.570630e+03 0.000000e+00 1.000000e+00 1.000000e-01
5.570640e+03 0.000000e+00 1.000000e+00 1.000000e-01
5.570650e+03 0.000000e+00 1.000000e+00 1.000000e-01
5.570660e+03 0.000000e+00 1.000000e+00 1.000000e-01
5.570670e+03 0.000000e+00 1.000000e+00 1.000000e-01
5.570680e+03 0.000000e+00 1.000000e+00 1.000000e-01
5.570690e+03 0.000000e+00 1.000000e+00 1.000000e-01
5.570700e+03 0.000000e+00 1.000000e+00 1.000000e-01
5.570710e+03 0.000000e+00 1.000000e+00 1.000000e-01
5.570720e+03 0.000000e+00 1.000000e+00 1.000000e-01
5.570730e+03 0.000000e+00 1.000000e+00 1.000000e-01
5.570740e+03 0.000000e+00 1.000000e+00 1.000000e-01
5.570750e+03 0.000000e+00 1.000000e+00 1.000000e-01
5.570760e+03 0.000000e+00 1.000000e+00 1.000000e-01
5.570770e+03 0.000000e+00 1.000000e+00 1.000000e-01
5.570780e+03 0.000000e+00 1.000000e+00 1.000000e-01
5.570790e+03 0.000000e+00 1.000000e+00 1.000000e-01
5.570800e+03 0.000000e+00 1.000000e+00 1.000000e-01
5.570810e+03 0.000000e+00 1.000000e+00 1.000000e-01
5.570820e+03 0.000000e+00 1.000000e+00 1.000000e-01
5.570830e+03 0.000000e+00 1.000000e+00 1.000000e-01
5.570840e+03 0.000000e+00 1.000000e+00 1.000000e-01
5.570850e+03 0.000000e+00 1.000000e+00 1.000000e-01
5.570860e+03 0.000000e+00 1.000000e+00 1.000000e-01
5.570870e+03 0.000000e+00 1.000000e+00 1.000000e-01
5.570880e+03 0.000000e+00 1.000000e+00 1.000000e-01
5.570890e+03 0.000000e+00 1.000000e+00 1.000000e-01
5.570900e+03 0.000000e+00 1.000000e+00 1.000000e-01
5.570910e+03 0.000000e+00 1.000000e+00 1.000000e-01
5.570920e+03 0.000000e+00 1.000000e+00 1.000000e-01
5.570930e+03 0.000000e+00 1.000000e+00 1.000000e-01
5.570940e+03 0.000000e+00 1.000000e+00 1.000000e-01
5.570950e+03 0.000000e+00 1.000000e+00 1.000000e-01
5.570960e+03 0.000000e+00 1.000000e+00 1.000000e-01
5.570970e+03 0.000000e+00 1.000000e+00 1.000000e-01
5.570980e+03 0.000000e+00 1.000000e+00 1.000000e-01
5.570990e+03 0.000000e+00 1.000000e+00 1.000000e-01
5.571000e+03 0.000000e+00 1.000000e+00 1.000000e-01
5.571010e+03 0.000000e+00 1.000000e+00 1.000000e-01
5.571020e+03 0.000000e+00 1.000000e+00 1.000000e-01
5.571030e+03 0.000000e+00 1.000000e+00 1.000000e-01
5.571040e+03 0.000000e+00 1.000000e+00 1.000000e-01
5.571050e+03 0.000000e+00 1.000000e+00 1.000000e-01
5.571060e+03 0.000000e+00 1.000000e+00 1.000000e-01
5.571070e+03 0.000000e+00 1.000000e+00 1.000000e-01
5.571080e+03 0.000000e+00 1.000000e+00 1.000000e-01
5.571090e+03 0.000000e+00 1.000000e+00 1.000000e-01
5.571100e+03 0.000000e+00 1.000000e+00 1.000000e-01
5.571110e+03 0.000000e+00 1.000000e+00 1.000000e-01
5.571120e+03 0.000000e+00 1.000000e+00 1.000000e-01
5.571130e+03 0.000000e+00 1.000000e+00 1.000000e-01
5.571140e+03 0.000000e+00 1.000000e+00 1.000000e-01
5.571150e+03 0.000000e+00 1.000000e+00 1.000000e-01
5.571160e+03 0.000000e+00 1.000000e+00 1.000000e-01
5.571170e+03 0.000000e+00 1.000000e+00 1.000000e-01
5.571180e+03 0.000000e+00 1.000000e+00 1.000000e-01
5.571190e+03 0.000000e+00 1.000000e+00 1.000000e-01
5.571200e+03 0.000000e+00 1.000000e+00 1.000000e-01
5.571210e+03 0.000000e+00 1.000000e+00 1.000000e-01
5.571220e+03 0.000000e+00 1.000000e+00 1.000000e-01
5.571230e+03 0.000000e+00 1.000000e+00 1.000000e-01
5.571240e+03 0.000000e+00 1.000000e+00 1.000000e-01
5.571250e+03 0.000000e+00 1.000000e+00 1.000000e-01
5.571260e+03 0.000000e+00 1.000000e+00 1.000000e-01
5.571270e+03 0.000000e+00 1.000000e+00 1.000000e-01
5.571280e+03 0.000000e+00 1.000000e+00 1.000000e-01
5.571290e+03 0.000000e+00 1.000000e+00 1.000000e-01
5.571300e+03 0.000000e+00 1.000000e+00 1.000000e-01
5.571310e+03 0.000000e+00 1.000000e+00 1.000000e-01
5.571320e+03 0.000000e+00 1.000000e+00 1.000000e-01
5.571330e+03 0.000000e+00 1.000000e+00 1.000000e-01
5.571340e+03 0.000000e+00 1.000000e+00 1.000000e-01
5.571350e+03 0.000000e+00 1.000000e+00 1.000000e-01
5.571360e+03 0.000000e+00 1.000000e+00 1.000000e-01
5.571370e+03 0.000000e+00 1.000000e+00 1.000000e-01
5.571380e+03 0.000000e+00 1.000000e+00 1.000000e-01
5.571390e+03 0.000000e+00 1.000000e+00 1.000000e-01
5.571400e+03 0.000000e+00 1.000000e+00 1.000000e-01
5.571410e+03 0.000000e+00 1.000000e+00 1.000000e-01
5.571420e+03 0.000000e+00 1.000000e+00 1.000000e-01
5.571430e+03 0.000000e+00 1.000000e+00 1.000000e-01
5.571440e+03 0.000000e+00 1.000000e+00 1.000000e-01
5.571450e+03 0.000000e+00 1.000000e+00 1.000000e-01
5.571460e+03 0.000000e+00 1.000000e+00 1.000000e-01
5.571470e+03 0.000000e+00 1.000000e+00 1.000000e-01
5.571480e+03 0.000000e+00 1.000000e+00 1.000000e-01
5.571490e+03 0.000000e+00 1.000000e+00 1.000000e-01
5.571500e+03 0.000000e+00 1.000000e+00 1.000000e-01
5.571510e+03 0.000000e+00 1.000000e+00 1.000000e-01
5.571520e+03 0.000000e+00 1.000000e+00 1.000000e-01
5.571530e+03 0.000000e+00 1.000000e+00 1.000000e-01
5.571540e+03 0.000000e+00 1.000000e+00 1.000000e-01
5.571550e+03 0.000000e+00 1.000000e+00 1.000000e-01
5.571560e+03 0.000000e+00 1.000000e+00 1.000000e-01
5.571570e+03 0.000000e+00 1.000000e+00 1.000000e-01
5.571580e+03 0.000000e+00 1.000000e+00 1.000000e-01
5.571590e+03 0.000000e+00 1.000000e+00 1.000000e-01
5.571600e+03 0.000000e+00 1.000000e+00 1.000000e-01
5.571610e+03 0.000000e+00 1.000000e+00 1.000000e-01
5.571620e+03 0.000000e+00 1.000000e+00 1.000000e-01
5.571630e+03 0.000000e+00 1.000000e+00 1.000000e-01
5.571640e+03 0.000000e+00 1.000000e+00 1.000000e-01
5.571650e+03 0.000000e+00 1.000000e+00 1.000000e-01
5.571660e+03 0.000000e+00 1.000000e+00 1.000000e-01
5.571670e+03 0.000000e+00 1.000000e+00 1.000000e-01
5.571680e+03 0.000000e+00 1.000000e+00 1.000000e-01
5.571690e+03 0.000000e+00 1.000000e+00 1.000000e-01
5.571700e+03 0.000000e+00 1.000000e+00 1.000000e-01
5.571710e+03 0.000000e+00 1.000000e+00 1.000000e-01
5.571720e+03 0.000000e+00 1.000000e+00 1.000000e-01
5.571730e+03 0.000000e+00 1.000000e+00 1.000000e-01
5.571740e+03 0.000000e+00 1.000000e+00 1.000000e-01
5.571750e+03 0.000000e+00 1.000000e+00 1.000000e-01
5.571760e+03 0.000000e+00 1.000000e+00 1.000000e-01
5.571770e+03 0.000000e+00 1.000000e+00 1.000000e-01
5.571780e+03 0.000000e+00 1.000000e+00 1.000000e-01
5.571790e+03 0.000000e+00 1.000000e+00 1.000000e-01
5.571800e+03 0.000000e+00 1.000000e+00 1.000000e-01
5.571810e+03 0.000000e+00 1.000000e+00 1.000000e-01
5.571820e+03 0.000000e+00 1.000000e+00 1.000000e-01
5.571830e+03 0.000000e+00 1.000000e+00 1.000000e-01
5.571840e+03 0.000000e+00 1.000000e+00 1.000000e-01
5.571850e+03 0.000000e+00 1.000000e+00 1.000000e-01
5.571860e+03 0.000000e+00 1.000000e+00 1.000000e-01
5.571870e+03 0.000000e+00 1.000000e+00 1.000000e-01
5.571880e+03 0.000000e+00 1.000000e+00 1.000000e-01
5.571890e+03 0.000000e+00 1.000000e+00 1.000000e-01
5.571900e+03 0.000000e+00 1.000000e+00 1.000000e-01
5.571910e+03 0.000000e+00 1.000000e+00 1.000000e-01
5.571920e+03 0.000000e+00 1.000000e+00 1.000000e-01
5.571930e+03 0.000000e+00 1.000000e+00 1.000000e-01
5.571940e+03 0.000000e+00 1.000000e+00 1.000000e-01
5.571950e+03 0.000000e+00 1.000000e+00 1.000000e-01
5.571960e+03 0.000000e+00 1.000000e+00 1.000000e-01
5.571970e+03 0.000000e+00 1.000000e+00 1.000000e-01
5.571980e+03 0.000000e+00 1.000000e+00 1.000000e-01
5.571990e+03 0.000000e+00 1.000000e+00 1.000000e-01
5.572000e+03 0.000000e+00 1.000000e+00 1.000000e-01
5.572010e+03 0.000000e+00 1.000000e+00 1.000000e-01
5.572020e+03 0.000000e+00 1.000000e+00 1.000000e-01
5.572030e+03 0.000000e+00 1.000000e+00 1.000000e-01
5.572040e+03 0.000000e+00 1.000000e+00 1.000000e-01
5.572050e+03 0.000000e+00 1.000000e+00 1.000000e-01
5.572060e+03 0.000000e+00 1.000000e+00 1.000000e-01
5.572070e+03 0.000000e+00 1.000000e+00 1.000000e-01
5.572080e+03 0.000000e+00 1.000000e+00 1.000000e-01
5.572090e+03 0.000000e+00 1.000000e+00 1.000000e-01
5.572100e+03 0.000000e+00 1.000000e+00 1.000000e-01
5.572110e+03 0.000000e+00 1.000000e+00 1.000000e-01
5.572120e+03 0.000000e+00 1.000000e+00 1.000000e-01
5.572130e+03 0.000000e+00 1.000000e+00 1.000000e-01
5.572140e+03 0.000000e+00 1.000000e+00 1.000000e-01
5.572150e+03 0.000000e+00 1.000000e+00 1.000000e-01
5.572160e+03 0.000000e+00 1.000000e+00 1.000000e-01
5.572170e+03 0.000000e+00 1.000000e+00 1.000000e-01
5.572180e+03 0.000000e+00 1.000000e+00 1.000000e-01
5.572190e+03 0.000000e+00 1.000000e+00 1.000000e-01
5.572200e+03 0.000000e+00 1.000000e+00 1.000000e-01
5.572210e+03 0.000000e+00 1.000000e+00 1.000000e-01
5.572220e+03 0.000000e+00 1.000000e+00 1.000000e-01
5.572230e+03 0.000000e+00 1.000000e+00 1.000000e-01
5.572240e+03 0.000000e+00 1.000000e+00 1.000000e-01
5.572250e+03 0.000000e+00 1.000000e+00 1.000000e-01
5.572260e+03 0.000000e+00 1.000000e+00 1.000000e-01
5.572270e+03 0.000000e+00 1.000000e+00 1.000000e-01
5.572280e+03 0.000000e+00 1.000000e+00 1.000000e-01
5.572290e+03 0.000000e+00 1.000000e+00 1.000000e-01
5.572300e+03 0.000000e+00 1.000000e+00 1.000000e-01
5.572310e+03 0.000000e+00 1.000000e+00 1.000000e-01
5.572320e+03 0.000000e+00 1.000000e+00 1.000000e-01
5.572330e+03 0.000000e+00 1.000000e+00 1.000000e-01
5.572340e+03 0.000000e+00 1.000000e+00 1.000000e-01
5.572350e+03 0.000000e+00 1.000000e+00 1.000000e-01
5.572360e+03 0.000000e+00 1.000000e+00 1.000000e-01
5.572370e+03 0.000000e+00 1.000000e+00 1.000000e-01
5.572380e+03 0.000000e+00 1.000000e+00 1.000000e-01
5.572390e+03 0.000000e+00 1.000000e+00 1.000000e-01
5.572400e+03 0.000000e+00 1.000000e+00 1.000000e-01
5.572410e+03 0.000000e+00 1.000000e+00 1.000000e-01
5.572420e+03 0.000000e+00 1.000000e+00 1.000000e-01
5.572430e+03 0.000000e+00 1.000000e+00 1.000000e-01
5.572440e+03 0.000000e+00 1.000000e+00 1.000000e-01
5.572450e+03 0.000000e+00 1.000000e+00 1.000000e-01
5.572460e+03 0.000000e+00 1.000000e+00 1.000000e-01
5.572470e+03 0.000000e+00 1.000000e+00 1.000000e-01
5.572480e+03 0.000000e+00 1.000000e+00 1.000000e-01
5.572490e+03 0.000000e+00 1.000000e+00 1.000000e-01
5.572500e+03 0.000000e+00 1.000000e+00 1.000000e-01
5.572510e+03 0.000000e+00 1.000000e+00 1.000000e-01
5.572520e+03 0.000000e+00 1.000000e+00 1.000000e-01
5.572530e+03 0.000000e+00 1.000000e+00 1.000000e-01
5.572540e+03 0.000000e+00 1.000000e+00 1.000000e-01
5.572550e+03 0.000000e+00 1.000000e+00 1.000000e-01
5.572560e+03 0.000000e+00 1.000000e+00 1.000000e-01
5.572570e+03 0.000000e+00 1.000000e+00 1.000000e-01
5.572580e+03 0.000000e+00 1.000000e+00 1.000000e-01
5.572590e+03 0.000000e+00 1.000000e+00 1.000000e-01
5.572600e+03 0.000000e+00 1.000000e+00 1.000000e-01
5.572610e+03 0.000000e+00 1.000000e+00 1.000000e-01
5.572620e+03 0.000000e+00 1.000000e+00 1.000000e-01
5.572630e+03 0.000000e+00 1.000000e+00 1.000000e-01
5.572640e+03 0.000000e+00 1.000000e+00 1.000000e-01
5.572650e+03 0.000000e+00 1.000000e+00 1.000000e-01
5.572660e+03 0.000000e+00 1.000000e+00 1.000000e-01
5.572670e+03 0.000000e+00 1.000000e+00 1.000000e-01
5.572680e+03 0.000000e+00 1.000000e+00 1.000000e-01
5.572690e+03 0.000000e+00 1.000000e+00 1.000000e-01
5.572700e+03 0.000000e+00 1.000000e+00 1.000000e-01
5.572710e+03 0.000000e+00 1.000000e+00 1.000000e-01
5.572720e+03 0.000000e+00 1.000000e+00 1.000000e-01
5.572730e+03 0.000000e+00 1.000000e+00 1.000000e-01
5.572740e+03 0.000000e+00 1.000000e+00 1.000000e-01
5.572750e+03 0.000000e+00 1.000000e+00 1.000000e-01
5.572760e+03 0.000000e+00 1.000000e+00 1.000000e-01
5.572770e+03 0.000000e+00 1.000000e+00 1.000000e-01
5.572780e+03 0.000000e+00 1.000000e+00 1.000000e-01
5.572790e+03 0.000000e+00 1.000000e+00 1.000000e-01
5.572800e+03 0.000000e+00 1.000000e+00 1.000000e-01
5.572810e+03 0.000000e+00 1.000000e+00 1.000000e-01
5.572820e+03 0.000000e+00 1.000000e+00 1.000000e-01
5.572830e+03 0.000000e+00 1.000000e+00 1.000000e-01
5.572840e+03 0.000000e+00 1.000000e+00 1.000000e-01
5.572850e+03 0.000000e+00 1.000000e+00 1.000000e-01
5.572860e+03 0.000000e+00 1.000000e+00 1.000000e-01
5.572870e+03 0.000000e+00 1.000000e+00 1.000000e-01
5.572880e+03 0.000000e+00 1.000000e+00 1.000000e-01
5.572890e+03 0.000000e+00 1.000000e+00 1.000000e-01
5.572900e+03 0.000000e+00 1.000000e+00 1.000000e-01
5.572910e+03 0.000000e+00 1.000000e+00 1.000000e-01
5.572920e+03 0.000000e+00 1.000000e+00 1.000000e-01
5.572930e+03 0.000000e+00 1.000000e+00 1.000000e-01
5.572940e+03 0.000000e+00 1.000000e+00 1.000000e-01
5.572950e+03 0.000000e+00 1.000000e+00 1.000000e-01
5.572960e+03 0.000000e+00 1.000000e+00 1.000000e-01
5.572970e+03 0.000000e+00 1.000000e+00 1.000000e-01
5.572980e+03 0.000000e+00 1.000000e+00 1.000000e-01
5.572990e+03 0.000000e+00 1.000000e+00 1.000000e-01
5.573000e+03 0.000000e+00 1.000000e+00 1.000000e-01
5.573010e+03 0.000000e+00 1.000000e+00 1.000000e-01
5.573020e+03 0.000000e+00 1.000000e+00 1.000000e-01
5.573030e+03 0.000000e+00 1.000000e+00 1.000000e-01
5.573040e+03 0.000000e+00 1.000000e+00 1.000000e-01
5.573050e+03 0.000000e+00 1.000000e+00 1.000000e-01
5.573060e+03 0.000000e+00 1.000000e+00 1.000000e-01
5.573070e+03 0.000000e+00 1.000000e+00 1.000000e-01
5.573080e+03 0.000000e+00 1.000000e+00 1.000000e-01
5.573090e+03 0.000000e+00 1.000000e+00 1.000000e-01
5.573100e+03 0.000000e+00 1.000000e+00 1.000000e-01
5.573110e+03 0.000000e+00 1.000000e+00 1.000000e-01
5.573120e+03 0.000000e+00 1.000000e+00 1.000000e-01
5.573130e+03 0.000000e+00 1.000000e+00 1.000000e-01
5.573140e+03 0.000000e+00 1.000000e+00 1.000000e-01
5.573150e+03 0.000000e+00 1.000000e+00 1.000000e-01
5.573160e+03 0.000000e+00 1.000000e+00 1.000000e-01
5.573170e+03 0.000000e+00 1.000000e+00 1.000000e-01
5.573180e+03 0.000000e+00 1.000000e+00 1.000000e-01
5.573190e+03 0.000000e+00 1.000000e+00 1.000000e-01
5.573200e+03 0.000000e+00 1.000000e+00 1.000000e-01
5.573210e+03 0.000000e+00 1.000000e+00 1.000000e-01
5.573220e+03 0.000000e+00 1.000000e+00 1.000000e-01
5.573230e+03 0.000000e+00 1.000000e+00 1.000000e-01
5.573240e+03 0.000000e+00 1.000000e+00 1.000000e-01
5.573250e+03 0.000000e+00 1.000000e+00 1.000000e-01
5.573260e+03 0.000000e+00 1.000000e+00 1.000000e-01
5.573270e+03 0.000000e+00 1.000000e+00 1.000000e-01
5.573280e+03 0.000000e+00 1.000000e+00 1.000000e-01
5.573290e+03 0.000000e+00 1.000000e+00 1.000000e-01
5.573300e+03 0.000000e+00 1.000000e+00 1.000000e-01
5.573310e+03 0.000000e+00 1.000000e+00 1.000000e-01
5.573320e+03 0.000000e+00 1.000000e+00 1.000000e-01
5.573330e+03 0.000000e+00 1.000000e+00 1.000000e-01
5.573340e+03 0.000000e+00 1.000000e+00 1.000000e-01
5.573350e+03 0.000000e+00 1.000000e+00 1.000000e-01
5.573360e+03 0.000000e+00 1.000000e+00 1.000000e-01
5.573370e+03 0.000000e+00 1.000000e+00 1.000000e-01
5.573380e+03 0.000000e+00 1.000000e+00 1.000000e-01
5.573390e+03 0.000000e+00 1.000000e+00 1.000000e-01
5.573400e+03 0.000000e+00 1.000000e+00 1.000000e-01
5.573410e+03 0.000000e+00 1.000000e+00 1.000000e-01
5.573420e+03 0.000000e+00 1.000000e+00 1.000000e-01
5.573430e+03 0.000000e+00 1.000000e+00 1.000000e-01
5.573440e+03 0.000000e+00 1.000000e+00 1.000000e-01
5.573450e+03 0.000000e+00 1.000000e+00 1.000000e-01
5.573460e+03 0.000000e+00 1.000000e+00 1.000000e-01
5.573470e+03 0.000000e+00 1.000000e+00 1.000000e-01
5.573480e+03 0.000000e+00 1.000000e+00 1.000000e-01
5.573490e+03 0.000000e+00 1.000000e+00 1.000000e-01
5.573500e+03 0.000000e+00 1.000000e+00 1.000000e-01
5.573510e+03 0.000000e+00 1.000000e+00 1.000000e-01
5.573520e+03 0.000000e+00 1.000000e+00 1.000000e-01
5.573530e+03 0.000000e+00 1.000000e+00 1.000000e-01
5.573540e+03 0.000000e+00 1.000000e+00 1.000000e-01
5.573550e+03 0.000000e+00 1.000000e+00 1.000000e-01
5.573560e+03 0.000000e+00 1.000000e+00 1.000000e-01
5.573570e+03 0.000000e+00 1.000000e+00 1.000000e-01
5.573580e+03 0.000000e+00 1.000000e+00 1.000000e-01
5.573590e+03 0.000000e+00 1.000000e+00 1.000000e-01
5.573600e+03 0.000000e+00 1.000000e+00 1.000000e-01
5.573610e+03 0.000000e+00 1.000000e+00 1.000000e-01
5.573620e+03 0.000000e+00 1.000000e+00 1.000000e-01
5.573630e+03 0.000000e+00 1.000000e+00 1.000000e-01
5.573640e+03 0.000000e+00 1.000000e+00 1.000000e-01
5.573650e+03 0.000000e+00 1.000000e+00 1.000000e-01
5.573660e+03 0.000000e+00 1.000000e+00 1.000000e-01
5.573670e+03 0.000000e+00 1.000000e+00 1.000000e-01
5.573680e+03 0.000000e+00 1.000000e+00 1.000000e-01
5.573690e+03 0.000000e+00 1.000000e+00 1.000000e-01
5.573700e+03 0.000000e+00 1.000000e+00 1.000000e-01
5.573710e+03 0.000000e+00 1.000000e+00 1.000000e-01
5.573720e+03 0.000000e+00 1.000000e+00 1.000000e-01
5.573730e+03 0.000000e+00 1.000000e+00 1.000000e-01
5.573740e+03 0.000000e+00 1.000000e+00 1.000000e-01
5.573750e+03 0.000000e+00 1.000000e+00 1.000000e-01
5.573760e+03 0.000000e+00 1.000000e+00 1.000000e-01
5.573770e+03 0.000000e+00 1.000000e+00 1.000000e-01
5.573780e+03 0.000000e+00 1.000000e+00 1.000000e-01
5.573790e+03 0.000000e+00 1.000000e+00 1.000000e-01
5.573800e+03 0.000000e+00 1.000000e+00 1.000000e-01
5.573810e+03 0.000000e+00 1.000000e+00 1.000000e-01
5.573820e+03 0.000000e+00 1.000000e+00 1.000000e-01
5.573830e+03 0.000000e+00 1.000000e+00 1.000000e-01
5.573840e+03 0.000000e+00 1.000000e+00 1.000000e-01
5.573850e+03 0.000000e+00 1.000000e+00 1.000000e-01
5.573860e+03 0.000000e+00 1.000000e+00 1.000000e-01
5.573870e+03 0.000000e+00 1.000000e+00 1.000000e-01
5.573880e+03 0.000000e+00 1.000000e+00 1.000000e-01
5.573890e+03 0.000000e+00 1.000000e+00 1.000000e-01
5.573900e+03 0.000000e+00 1.000000e+00 1.000000e-01
5.573910e+03 0.000000e+00 1.000000e+00 1.000000e-01
5.573920e+03 0.000000e+00 1.000000e+00 1.000000e-01
5.573930e+03 0.000000e+00 1.000000e+00 1.000000e-01
5.573940e+03 0.000000e+00 1.000000e+00 1.000000e-01
5.573950e+03 0.000000e+00 1.000000e+00 1.000000e-01
5.573960e+03 0.000000e+00 1.000000e+00 1.000000e-01
5.573970e+03 0.000000e+00 1.000000e+00 1.000000e-01
5.573980e+03 0.000000e+00 1.000000e+00 1.000000e-01
5.573990e+03 0.000000e+00 1.000000e+00 1.000000e-01
5.574000e+03 0.000000e+00 1.000000e+00 1.000000e-01
5.574010e+03 0.000000e+00 1.000000e+00 1.000000e-01
5.574020e+03 0.000000e+00 1.000000e+00 1.000000e-01
5.574030e+03 0.000000e+00 1.000000e+00 1.000000e-01
5.574040e+03 0.000000e+00 1.000000e+00 1.000000e-01
5.574050e+03 0.000000e+00 1.000000e+00 1.000000e-01
5.574060e+03 0.000000e+00 1.000000e+00 1.000000e-01
5.574070e+03 0.000000e+00 1.000000e+00 1.000000e-01
5.574080e+03 0.000000e+00 1.000000e+00 1.000000e-01
5.574090e+03 0.000000e+00 1.000000e+00 1.000000e-01
5.574100e+03 0.000000e+00 1.000000e+00 1.000000e-01
5.574110e+03 0.000000e+00 1.000000e+00 1.000000e-01
5.574120e+03 0.000000e+00 1.000000e+00 1.000000e-01
5.574130e+03 0.000000e+00 1.000000e+00 1.000000e-01
5.574140e+03 0.000000e+00 1.000000e+00 1.000000e-01
5.574150e+03 0.000000e+00 1.000000e+00 1.000000e-01
5.574160e+03 0.000000e+00 1.000000e+00 1.000000e-01
5.574170e+03 0.000000e+00 1.000000e+00 1.000000e-01
5.574180e+03 0.000000e+00 1.000000e+00 1.000000e-01
5.574190e+03 0.000000e+00 1.000000e+00 1.000000e-01
5.574200e+03 0.000000e+00 1.000000e+00 1.000000e-01
5.574210e+03 0.000000e+00 1.000000e+00 1.000000e-01
5.574220e+03 0.000000e+00 1.000000e+00 1.000000e-01
5.574230e+03 0.000000e+00 1.000000e+00 1.000000e-01
5.574240e+03 0.000000e+00 1.000000e+00 1.000000e-01
5.574250e+03 0.000000e+00 1.000000e+00 1.000000e-01
5.574260e+03 0.000000e+00 1.000000e+00 1.000000e-01
5.574270e+03 0.000000e+00 1.000000e+00 1.000000e-01
5.574280e+03 0.000000e+00 1.000000e+00 1.000000e-01
5.574290e+03 0.000000e+00 1.000000e+00 1.000000e-01
5.574300e+03 0.000000e+00 1.000000e+00 1.000000e-01
5.574310e+03 0.000000e+00 1.000000e+00 1.000000e-01
5.574320e+03 0.000000e+00 1.000000e+00 1.000000e-01
5.574330e+03 0.000000e+00 1.000000e+00 1.000000e-01
5.574340e+03 0.000000e+00 1.000000e+00 1.000000e-01
5.574350e+03 0.000000e+00 1.000000e+00 1.000000e-01
5.574360e+03 0.000000e+00 1.000000e+00 1.000000e-01
5.574370e+03 0.000000e+00 1.000000e+00 1.000000e-01
5.574380e+03 0.000000e+00 1.000000e+00 1.000000e-01
5.574390e+03 0.000000e+00 1.000000e+00 1.000000e-01
5.574400e+03 0.000000e+00 1.000000e+00 1.000000e-01
5.574410e+03 0.000000e+00 1.000000e+00 1.000000e-01
5.574420e+03 0.000000e+00 1.000000e+00 1.000000e-01
5.574430e+03 0.000000e+00 1.000000e+00 1.000000e-01
5.574440e+03 0.000000e+00 1.000000e+00 1.000000e-01
5.574450e+03 0.000000e+00 1.000000e+00 1.000000e-01
5.574460e+03 0.000000e+00 1.000000e+00 1.000000e-01
5.574470e+03 0.000000e+00 1.000000e+00 1.000000e-01
5.574480e+03 0.000000e+00 1.000000e+00 1.000000e-01
5.574490e+03 0.000000e+00 1.000000e+00 1.000000e-01
5.574500e+03 0.000000e+00 1.000000e+00 1.000000e-01
5.574510e+03 0.000000e+00 1.000000e+00 1.000000e-01
5.574520e+03 0.000000e+00 1.000000e+00 1.000000e-01
5.574530e+03 0.000000e+00 1.000000e+00 1.000000e-01
5.574540e+03 0.000000e+00 1.000000e+00 1.000000e-01
5.574550e+03 0.000000e+00 1.000000e+00 1.000000e-01
5.574560e+03 0.000000e+00 1.000000e+00 1.000000e-01
5.574570e+03 0.000000e+00 1.000000e+00 1.000000e-01
5.574580e+03 0.000000e+00 1.000000e+00 1.000000e-01
5.574590e+03 0.000000e+00 1.000000e+00 1.000000e-01
5.574600e+03 0.000000e+00 1.000000e+00 1.000000e-01
5.574610e+03 0.000000e+00 1.000000e+00 1.000000e-01
5.574620e+03 0.000000e+00 1.000000e+00 1.000000e-01
5.574630e+03 0.000000e+00 1.000000e+00 1.000000e-01
5.574640e+03 0.000000e+00 1.000000e+00 1.000000e-01
5.574650e+03 0.000000e+00 1.000000e+00 1.000000e-01
5.574660e+03 0.000000e+00 1.000000e+00 1.000000e-01
5.574670e+03 0.000000e+00 1.000000e+00 1.000000e-01
5.574680e+03 0.000000e+00 1.000000e+00 1.000000e-01
5.574690e+03 0.000000e+00 1.000000e+00 1.000000e-01
5.574700e+03 0.000000e+00 1.000000e+00 1.000000e-01
5.574710e+03 0.000000e+00 1.000000e+00 1.000000e-01
5.574720e+03 0.000000e+00 1.000000e+00 1.000000e-01
5.574730e+03 0.000000e+00 1.000000e+00 1.000000e-01
5.574740e+03 0.000000e+00 1.000000e+00 1.000000e-01
5.574750e+03 0.000000e+00 1.000000e+00 1.000000e-01
5.574760e+03 0.000000e+00 1.000000e+00 1.000000e-01
5.574770e+03 0.000000e+00 1.000000e+00 1.000000e-01
5.574780e+03 0.000000e+00 1.000000e+00 1.000000e-01
5.574790e+03 0.000000e+00 1.000000e+00 1.000000e-01
5.574800e+03 0.000000e+00 1.000000e+00 1.000000e-01
5.574810e+03 0.000000e+00 1.000000e+00 1.000000e-01
5.574820e+03 0.000000e+00 1.000000e+00 1.000000e-01
5.574830e+03 0.000000e+00 1.000000e+00 1.000000e-01
5.574840e+03 0.000000e+00 1.000000e+00 1.000000e-01
5.574850e+03 0.000000e+00 1.000000e+00 1.000000e-01
5.574860e+03 0.000000e+00 1.000000e+00 1.000000e-01
5.574870e+03 0.000000e+00 1.000000e+00 1.000000e-01
5.574880e+03 0.000000e+00 1.000000e+00 1.000000e-01
5.574890e+03 0.000000e+00 1.000000e+00 1.000000e-01
5.574900e+03 0.000000e+00 1.000000e+00 1.000000e-01
5.574910e+03 0.000000e+00 1.000000e+00 1.000000e-01
5.574920e+03 0.000000e+00 1.000000e+00 1.000000e-01
5.574930e+03 0.000000e+00 1.000000e+00 1.000000e-01
5.574940e+03 0.000000e+00 1.000000e+00 1.000000e-01
5.574950e+03 0.000000e+00 1.000000e+00 1.000000e-01
5.574960e+03 0.000000e+00 1.000000e+00 1.000000e-01
5.574970e+03 0.000000e+00 1.000000e+00 1.000000e-01
5.574980e+03 0.000000e+00 1.000000e+00 1.000000e-01
5.574990e+03 0.000000e+00 1.000000e+00 1.000000e-01
5.575000e+03 0.000000e+00 1.000000e+00 1.000000e-01
5.575010e+03 0.000000e+00 1.000000e+00 1.000000e-01
5.575020e+03 0.000000e+00 1.000000e+00 1.000000e-01
5.575030e+03 0.000000e+00 1.000000e+00 1.000000e-01
5.575040e+03 0.000000e+00 1.000000e+00 1.000000e-01
5.575050e+03 0.000000e+00 1.000000e+00 1.000000e-01
5.575060e+03 0.000000e+00 1.000000e+00 1.000000e-01
5.575070e+03 0.000000e+00 1.000000e+00 1.000000e-01
5.575080e+03 0.000000e+00 1.000000e+00 1.000000e-01
5.575090e+03 0.000000e+00 1.000000e+00 1.000000e-01
5.575100e+03 0.000000e+00 1.000000e+00 1.000000e-01
5.575110e+03 0.000000e+00 1.000000e+00 1.000000e-01
5.575120e+03 0.000000e+00 1.000000e+00 1.000000e-01
5.575130e+03 0.000000e+00 1.000000e+00 1.000000e-01
5.575140e+03 0.000000e+00 1.000000e+00 1.000000e-01
5.575150e+03 0.000000e+00 1.000000e+00 1.000000e-01
5.575160e+03 0.000000e+00 1.000000e+00 1.000000e-01
5.575170e+03 0.000000e+00 1.000000e+00 1.000000e-01
5.575180e+03 0.000000e+00 1.000000e+00 1.000000e-01
5.575190e+03 0.000000e+00 1.000000e+00 1.000000e-01
5.575200e+03 0.000000e+00 1.000000e+00 1.000000e-01
5.575210e+03 0.000000e+00 1.000000e+00 1.000000e-01
5.575220e+03 0.000000e+00 1.000000e+00 1.000000e-01
5.575230e+03 0.000000e+00 1.000000e+00 1.000000e-01
5.575240e+03 0.000000e+00 1.000000e+00 1.000000e-01
5.575250e+03 0.000000e+00 1.000000e+00 1.000000e-01
5.575260e+03 0.000000e+00 1.000000e+00 1.000000e-01
5.575270e+03 0.000000e+00 1.000000e+00 1.000000e-01
5.575280e+03 0.000000e+00 1.000000e+00 1.000000e-01
5.575290e+03 0.000000e+00 1.000000e+00 1.000000e-01
5.575300e+03 0.000000e+00 1.000000e+00 1.000000e-01
5.575310e+03 0.000000e+00 1.000000e+00 1.000000e-01
5.575320e+03 0.000000e+00 1.000000e+00 1.000000e-01
5.575330e+03 0.000000e+00 1.000000e+00 1.000000e-01
5.575340e+03 0.000000e+00 1.000000e+00 1.000000e-01
5.575350e+03 0.000000e+00 1.000000e+00 1.000000e-01
5.575360e+03 0.000000e+00 1.000000e+00 1.000000e-01
5.575370e+03 0.000000e+00 1.000000e+00 1.000000e-01
5.575380e+03 0.000000e+00 1.000000e+00 1.000000e-01
5.575390e+03 0.000000e+00 1.000000e+00 1.000000e-01
5.575400e+03 0.000000e+00 1.000000e+00 1.000000e-01
5.575410e+03 0.000000e+00 1.000000e+00 1.000000e-01
5.575420e+03 0.000000e+00 1.000000e+00 1.000000e-01
5.575430e+03 0.000000e+00 1.000000e+00 1.000000e-01
5.575440e+03 0.000000e+00 1.000000e+00 1.000000e-01
5.575450e+03 0.000000e+00 1.000000e+00 1.000000e-01
5.575460e+03 0.000000e+00 1.000000e+00 1.000000e-01
5.575470e+03 0.000000e+00 1.000000e+00 1.000000e-01
5.575480e+03 0.000000e+00 1.000000e+00 1.000000e-01
5.575490e+03 0.000000e+00 1.000000e+00 1.000000e-01
5.575500e+03 0.000000e+00 1.000000e+00 1.000000e-01
5.575510e+03 0.000000e+00 1.000000e+00 1.000000e-01
5.575520e+03 0.000000e+00 1.000000e+00 1.000000e-01
5.575530e+03 0.000000e+00 1.000000e+00 1.000000e-01
5.575540e+03 0.000000e+00 1.000000e+00 1.000000e-01
5.575550e+03 0.000000e+00 1.000000e+00 1.000000e-01
5.575560e+03 0.000000e+00 1.000000e+00 1.000000e-01
5.575570e+03 0.000000e+00 1.000000e+00 1.000000e-01
5.575580e+03 0.000000e+00 1.000000e+00 1.000000e-01
5.575590e+03 0.000000e+00 1.000000e+00 1.000000e-01
5.575600e+03 0.000000e+00 1.000000e+00 1.000000e-01
5.575610e+03 0.000000e+00 1.000000e+00 1.000000e-01
5.575620e+03 0.000000e+00 1.000000e+00 1.000000e-01
5.575630e+03 0.000000e+00 1.000000e+00 1.000000e-01
5.575640e+03 0.000000e+00 1.000000e+00 1.000000e-01
5.575650e+03 0.000000e+00 1.000000e+00 1.000000e-01
5.575660e+03 0.000000e+00 1.000000e+00 1.000000e-01
5.575670e+03 0.000000e+00 1.000000e+00 1.000000e-01
5.575680e+03 0.000000e+00 1.000000e+00 1.000000e-01
5.575690e+03 0.000000e+00 1.000000e+00 1.000000e-01
5.575700e+03 0.000000e+00 1.000000e+00 1.000000e-01
5.575710e+03 0.000000e+00 1.000000e+00 1.000000e-01
5.575720e+03 0.000000e+00 1.000000e+00 1.000000e-01
5.575730e+03 0.000000e+00 1.000000e+00 1.000000e-01
5.575740e+03 0.000000e+00 1.000000e+00 1.000000e-01
5.575750e+03 0.000000e+00 1.000000e+00 1.000000e-01
5.575760e+03 0.000000e+00 1.000000e+00 1.000000e-01
5.575770e+03 0.000000e+00 1.000000e+00 1.000000e-01
5.575780e+03 0.000000e+00 1.000000e+00 1.000000e-01
5.575790e+03 0.000000e+00 1.000000e+00 1.000000e-01
5.575800e+03 0.000000e+00 1.000000e+00 1.000000e-01
5.575810e+03 0.000000e+00 1.000000e+00 1.000000e-01
5.575820e+03 0.000000e+00 1.000000e+00 1.000000e-01
5.575830e+03 0.000000e+00 1.000000e+00 1.000000e-01
5.575840e+03 0.000000e+00 1.000000e+00 1.000000e-01
5.575850e+03 0.000000e+00 1.000000e+00 1.000000e-01
5.575860e+03 0.000000e+00 1.000000e+00 1.000000e-01
5.575870e+03 0.000000e+00 1.000000e+00 1.000000e-01
5.575880e+03 0.000000e+00 1.000000e+00 1.000000e-01
5.575890e+03 0.000000e+00 1.000000e+00 1.000000e-01
5.575900e+03 0.000000e+00 1.000000e+00 1.000000e-01
5.575910e+03 0.000000e+00 1.000000e+00 1.000000e-01
5.575920e+03 0.000000e+00 1.000000e+00 1.000000e-01
5.575930e+03 0.000000e+00 1.000000e+00 1.000000e-01
5.575940e+03 0.000000e+00 1.000000e+00 1.000000e-01
5.575950e+03 0.000000e+00 1.000000e+00 1.000000e-01
5.575960e+03 0.000000e+00 1.000000e+00 1.000000e-01
5.575970e+03 0.000000e+00 1.000000e+00 1.000000e-01
5.575980e+03 0.000000e+00 1.000000e+00 1.000000e-01
5.575990e+03 0.000000e+00 1.000000e+00 1.000000e-01
5.576000e+03 0.000000e+00 1.000000e+00 1.000000e-01
5.576010e+03 0.000000e+00 1.000000e+00 1.000000e-01
5.576020e+03 0.000000e+00 1.000000e+00 1.000000e-01
5.576030e+03 0.000000e+00 1.000000e+00 1.000000e-01
5.576040e+03 0.000000e+00 1.000000e+00 1.000000e-01
5.576050e+03 0.000000e+00 1.000000e+00 1.000000e-01
5.576060e+03 0.000000e+00 1.000000e+00 1.000000e-01
5.576070e+03 0.000000e+00 1.000000e+00 1.000000e-01
5.576080e+03 0.000000e+00 1.000000e+00 1.000000e-01
5.576090e+03 0.000000e+00 1.000000e+00 1.000000e-01
5.576100e+03 0.000000e+00 1.000000e+00 1.000000e-01
5.576110e+03 0.000000e+00 1.000000e+00 1.000000e-01
5.576120e+03 0.000000e+00 1.000000e+00 1.000000e-01
5.576130e+03 0.000000e+00 1.000000e+00 1.000000e-01
5.576140e+03 0.000000e+00 1.000000e+00 1.000000e-01
5.576150e+03 0.000000e+00 1.000000e+00 1.000000e-01
5.576160e+03 0.000000e+00 1.000000e+00 1.000000e-01
5.576170e+03 0.000000e+00 1.000000e+00 1.000000e-01
5.576180e+03 0.000000e+00 1.000000e+00 1.000000e-01
5.576190e+03 0.000000e+00 1.000000e+00 1.000000e-01
5.576200e+03 0.000000e+00 1.000000e+00 1.000000e-01
5.576210e+03 0.000000e+00 1.000000e+00 1.000000e-01
5.576220e+03 0.000000e+00 1.000000e+00 1.000000e-01
5.576230e+03 0.000000e+00 1.000000e+00 1.000000e-01
5.576240e+03 0.000000e+00 1.000000e+00 1.000000e-01
5.576250e+03 0.000000e+00 1.000000e+00 1.000000e-01
5.576260e+03 0.000000e+00 1.000000e+00 1.000000e-01
5.576270e+03 0.000000e+00 1.000000e+00 1.000000e-01
5.576280e+03 0.000000e+00 1.000000e+00 1.000000e-01
5.576290e+03 0.000000e+00 1.000000e+00 1.000000e-01
5.576300e+03 0.000000e+00 1.000000e+00 1.000000e-01
5.576310e+03 0.000000e+00 1.000000e+00 1.000000e-01
5.576320e+03 0.000000e+00 1.000000e+00 1.000000e-01
5.576330e+03 0.000000e+00 1.000000e+00 1.000000e-01
5.576340e+03 0.000000e+00 1.000000e+00 1.000000e-01
5.576350e+03 0.000000e+00 1.000000e+00 1.000000e-01
5.576360e+03 0.000000e+00 1.000000e+00 1.000000e-01
5.576370e+03 0.000000e+00 1.000000e+00 1.000000e-01
5.576380e+03 0.000000e+00 1.000000e+00 1.000000e-01
5.576390e+03 0.000000e+00 1.000000e+00 1.000000e-01
5.576400e+03 0.000000e+00 1.000000e+00 1.000000e-01
5.576410e+03 0.000000e+00 1.000000e+00 1.000000e-01
5.576420e+03 0.000000e+00 1.000000e+00 1.000000e-01
5.576430e+03 0.000000e+00 1.000000e+00 1.000000e-01
5.576440e+03 0.000000e+00 1.000000e+00 1.000000e-01
5.576450e+03 0.000000e+00 1.000000e+00 1.000000e-01
5.576460e+03 0.000000e+00 1.000000e+00 1.000000e-01
5.576470e+03 0.000000e+00 1.000000e+00 1.000000e-01
5.576480e+03 0.000000e+00 1.000000e+00 1.000000e-01
5.576490e+03 0.000000e+00 1.000000e+00 1.000000e-01
5.576500e+03 0.000000e+00 1.000000e+00 1.000000e-01
5.576510e+03 0.000000e+00 1.000000e+00 1.000000e-01
5.576520e+03 0.000000e+00 1.000000e+00 1.000000e-01
5.576530e+03 0.000000e+00 1.000000e+00 1.000000e-01
5.576540e+03 0.000000e+00 1.000000e+00 1.000000e-01
5.576550e+03 0.000000e+00 1.000000e+00 1.000000e-01
5.576560e+03 0.000000e+00 1.000000e+00 1.000000e-01
5.576570e+03 0.000000e+00 1.000000e+00 1.000000e-01
5.576580e+03 0.000000e+00 1.000000e+00 1.000000e-01
5.576590e+03 0.000000e+00 1.000000e+00 1.000000e-01
5.576600e+03 0.000000e+00 1.000000e+00 1.000000e-01
5.576610e+03 0.000000e+00 1.000000e+00 1.000000e-01
5.576620e+03 0.000000e+00 1.000000e+00 1.000000e-01
5.576630e+03 0.000000e+00 1.000000e+00 1.000000e-01
5.576640e+03 0.000000e+00 1.000000e+00 1.000000e-01
5.576650e+03 0.000000e+00 1.000000e+00 1.000000e-01
5.576660e+03 0.000000e+00 1.000000e+00 1.000000e-01
5.576670e+03 0.000000e+00 1.000000e+00 1.000000e-01
5.576680e+03 0.000000e+00 1.000000e+00 1.000000e-01
5.576690e+03 0.000000e+00 1.000000e+00 1.000000e-01
5.576700e+03 0.000000e+00 1.000000e+00 1.000000e-01
5.576710e+03 0.000000e+00 1.000000e+00 1.000000e-01
5.576720e+03 0.000000e+00 1.000000e+00 1.000000e-01
5.576730e+03 0.000000e+00 1.000000e+00 1.000000e-01
5.576740e+03 0.000000e+00 1.000000e+00 1.000000e-01
5.576750e+03 0.000000e+00 1.000000e+00 1.000000e-01
5.576760e+03 0.000000e+00 1.000000e+00 1.000000e-01
5.576770e+03 0.000000e+00 1.000000e+00 1.000000e-01
5.576780e+03 0.000000e+00 1.000000e+00 1.000000e-01
5.576790e+03 0.000000e+00 1.000000e+00 1.000000e-01
5.576800e+03 0.000000e+00 1.000000e+00 1.000000e-01
5.576810e+03 0.000000e+00 1.000000e+00 1.000000e-01
5.576820e+03 0.000000e+00 1.000000e+00 1.000000e-01
5.576830e+03 0.000000e+00 1.000000e+00 1.000000e-01
5.576840e+03 0.000000e+00 1.000000e+00 1.000000e-01
5.576850e+03 0.000000e+00 1.000000e+00 1.000000e-01
5.576860e+03 0.000000e+00 1.000000e+00 1.000000e-01
5.576870e+03 0.000000e+00 1.000000e+00 1.000000e-01
5.576880e+03 0.000000e+00 1.000000e+00 1.000000e-01
5.576890e+03 0.000000e+00 1.000000e+00 1.000000e-01
5.576900e+03 0.000000e+00 1.000000e+00 1.000000e-01
5.576910e+03 0.000000e+00 1.000000e+00 1.000000e-01
5.576920e+03 0.000000e+00 1.000000e+00 1.000000e-01
5.576930e+03 0.000000e+00 1.000000e+00 1.000000e-01
5.576940e+03 0.000000e+00 1.000000e+00 1.000000e-01
5.576950e+03 0.000000e+00 1.000000e+00 1.000000e-01
5.576960e+03 0.000000e+00 1.000000e+00 1.000000e-01
5.576970e+03 0.000000e+00 1.000000e+00 1.000000e-01
5.576980e+03 0.000000e+00 1.000000e+00 1.000000e-01
5.576990e+03 0.000000e+00 1.000000e+00 1.000000e-01
5.577000e+03 0.000000e+00 1.000000e+00 1.000000e-01
5.577010e+03 0.000000e+00 1.000000e+00 1.000000e-01
5.577020e+03 0.000000e+00 1.000000e+00 1.000000e-01
5.577030e+03 0.000000e+00 1.000000e+00 1.000000e-01
5.577040e+03 0.000000e+00 1.000000e+00 1.000000e-01
5.577050e+03 0.000000e+00 1.000000e+00 1.000000e-01
5.577060e+03 0.000000e+00 1.000000e+00 1.000000e-01
5.577070e+03 0.000000e+00 1.000000e+00 1.000000e-01
5.577080e+03 0.000000e+00 1.000000e+00 1.000000e-01
5.577090e+03 0.000000e+00 1.000000e+00 1.000000e-01
5.577100e+03 0.000000e+00 1.000000e+00 1.000000e-01
5.577110e+03 0.000000e+00 1.000000e+00 1.000000e-01
5.577120e+03 0.000000e+00 1.000000e+00 1.000000e-01
5.577130e+03 0.000000e+00 1.000000e+00 1.000000e-01
5.577140e+03 0.000000e+00 1.000000e+00 1.000000e-01
5.577150e+03 0.000000e+00 1.000000e+00 1.000000e-01
5.577160e+03 0.000000e+00 1.000000e+00 1.000000e-01
5.577170e+03 0.000000e+00 1.000000e+00 1.000000e-01
5.577180e+03 0.000000e+00 1.000000e+00 1.000000e-01
5.577190e+03 0.000000e+00 1.000000e+00 1.000000e-01
5.577200e+03 0.000000e+00 1.000000e+00 1.000000e-01
5.577210e+03 0.000000e+00 1.000000e+00 1.000000e-01
5.577220e+03 0.000000e+00 1.000000e+00 1.000000e-01
5.577230e+03 0.000000e+00 1.000000e+00 1.000000e-01
5.577240e+03 0.000000e+00 1.000000e+00 1.000000e-01
5.577250e+03 0.000000e+00 1.000000e+00 1.000000e-01
5.577260e+03 0.000000e+00 1.000000e+00 1.000000e-01
5.577270e+03 0.000000e+00 1.000000e+00 1.000000e-01
5.577280e+03 0.000000e+00 1.000000e+00 1.000000e-01
5.577290e+03 0.000000e+00 1.000000e+00 1.000000e-01
5.577300e+03 0.000000e+00 1.000000e+00 1.000000e-01
5.577310e+03 0.000000e+00 1.000000e+00 1.000000e-01
5.577320e+03 0.000000e+00 1.000000e+00 1.000000e-01
5.577330e+03 0.000000e+00 1.000000e+00 1.000000e-01
5.577340e+03 0.000000e+00 1.000000e+00 1.000000e-01
5.577350e+03 0.000000e+00 1.000000e+00 1.000000e-01
5.577360e+03 0.000000e+00 1.000000e+00 1.000000e-01
5.577370e+03 0.000000e+00 1.000000e+00 1.000000e-01
5.577380e+03 0.000000e+00 1.000000e+00 1.000000e-01
5.577390e+03 0.000000e+00 1.000000e+00 1.000000e-01
5.577400e+03 0.000000e+00 1.000000e+00 1.000000e-01
5.577410e+03 0.000000e+00 1.000000e+00 1.000000e-01
5.577420e+03 0.000000e+00 1.000000e+00 1.000000e-01
5.577430e+03 0.000000e+00 1.000000e+00 1.000000e-01
5.577440e+03 0.000000e+00 1.000000e+00 1.000000e-01
5.577450e+03 0.000000e+00 1.000000e+00 1.000000e-01
5.577460e+03 0.000000e+00 1.000000e+00 1.000000e-01
5.577470e+03 0.000000e+00 1.000000e+00 1.000000e-01
5.577480e+03 0.000000e+00 1.000000e+00 1.000000e-01
5.577490e+03 0.000000e+00 1.000000e+00 1.000000e-01
5.577500e+03 0.000000e+00 1.000000e+00 1.000000e-01
5.577510e+03 0.000000e+00 1.000000e+00 1.000000e-01
5.577520e+03 0.000000e+00 1.000000e+00 1.000000e-01
5.577530e+03 0.000000e+00 1.000000e+00 1.000000e-01
5.577540e+03 0.000000e+00 1.000000e+00 1.000000e-01
5.577550e+03 0.000000e+00 1.000000e+00 1.000000e-01
5.577560e+03 0.000000e+00 1.000000e+00 1.000000e-01
5.577570e+03 0.000000e+00 1.000000e+00 1.000000e-01
5.577580e+03 0.000000e+00 1.000000e+00 1.000000e-01
5.577590e+03 0.000000e+00 1.000000e+00 1.000000e-01
5.577600e+03 0.000000e+00 1.000000e+00 1.000000e-01
5.577610e+03 0.000000e+00 1.000000e+00 1.000000e-01
5.577620e+03 0.000000e+00 1.000000e+00 1.000000e-01
5.577630e+03 0.000000e+00 1.000000e+00 1.000000e-01
5.577640e+03 0.000000e+00 1.000000e+00 1.000000e-01
5.577650e+03 0.000000e+00 1.000000e+00 1.000000e-01
5.577660e+03 0.000000e+00 1.000000e+00 1.000000e-01
5.577670e+03 0.000000e+00 1.000000e+00 1.000000e-01
5.577680e+03 0.000000e+00 1.000000e+00 1.000000e-01
5.577690e+03 0.000000e+00 1.000000e+00 1.000000e-01
5.577700e+03 0.000000e+00 1.000000e+00 1.000000e-01
5.577710e+03 0.000000e+00 1.000000e+00 1.000000e-01
5.577720e+03 0.000000e+00 1.000000e+00 1.000000e-01
5.577730e+03 0.000000e+00 1.000000e+00 1.000000e-01
5.577740e+03 0.000000e+00 1.000000e+00 1.000000e-01
5.577750e+03 0.000000e+00 1.000000e+00 1.000000e-01
5.577760e+03 0.000000e+00 1.000000e+00 1.000000e-01
5.577770e+03 0.000000e+00 1.000000e+00 1.000000e-01
5.577780e+03 0.000000e+00 1.000000e+00 1.000000e-01
5.577790e+03 0.000000e+00 1.000000e+00 1.000000e-01
5.577800e+03 0.000000e+00 1.000000e+00 1.000000e-01
5.577810e+03 0.000000e+00 1.000000e+00 1.000000e-01
5.577820e+03 0.000000e+00 1.000000e+00 1.000000e-01
5.577830e+03 0.000000e+00 1.000000e+00 1.000000e-01
5.577840e+03 0.000000e+00 1.000000e+00 1.000000e-01
5.577850e+03 0.000000e+00 1.000000e+00 1.000000e-01
5.577860e+03 0.000000e+00 1.000000e+00 1.000000e-01
5.577870e+03 0.000000e+00 1.000000e+00 1.000000e-01
5.577880e+03 0.000000e+00 1.000000e+00 1.000000e-01
5.577890e+03 0.000000e+00 1.000000e+00 1.000000e-01
5.577900e+03 0.000000e+00 1.000000e+00 1.000000e-01
5.577910e+03 0.000000e+00 1.000000e+00 1.000000e-01
5.577920e+03 0.000000e+00 1.000000e+00 1.000000e-01
5.577930e+03 0.000000e+00 1.000000e+00 1.000000e-01
5.577940e+03 0.000000e+00 1.000000e+00 1.000000e-01
5.577950e+03 0.000000e+00 1.000000e+00 1.000000e-01
5.577960e+03 0.000000e+00 1.000000e+00 1.000000e-01
5.577970e+03 0.000000e+00 1.000000e+00 1.000000e-01
5.577980e+03 0.000000e+00 1.000000e+00 1.000000e-01
5.577990e+03 0.000000e+00 1.000000e+00 1.000000e-01
5.578000e+03 0.000000e+00 1.000000e+00 1.000000e-01
5.578010e+03 0.000000e+00 1.000000e+00 1.000000e-01
5.578020e+03 0.000000e+00 1.000000e+00 1.000000e-01
5.578030e+03 0.000000e+00 1.000000e+00 1.000000e-01
5.578040e+03 0.000000e+00 1.000000e+00 1.000000e-01
5.578050e+03 0.000000e+00 1.000000e+00 1.000000e-01
5.578060e+03 0.000000e+00 1.000000e+00 1.000000e-01
5.578070e+03 0.000000e+00 1.000000e+00 1.000000e-01
5.578080e+03 0.000000e+00 1.000000e+00 1.000000e-01
5.578090e+03 0.000000e+00 1.000000e+00 1.000000e-01
5.578100e+03 0.000000e+00 1.000000e+00 1.000000e-01
5.578110e+03 0.000000e+00 1.000000e+00 1.000000e-01
5.578120e+03 0.000000e+00 1.000000e+00 1.000000e-01
5.578130e+03 0.000000e+00 1.000000e+00 1.000000e-01
5.578140e+03 0.000000e+00 1.000000e+00 1.000000e-01
5.578150e+03 0.000000e+00 1.000000e+00 1.000000e-01
5.578160e+03 0.000000e+00 1.000000e+00 1.000000e-01
5.578170e+03 0.000000e+00 1.000000e+00 1.000000e-01
5.578180e+03 0.000000e+00 1.000000e+00 1.000000e-01
5.578190e+03 0.000000e+00 1.000000e+00 1.000000e-01
5.578200e+03 0.000000e+00 1.000000e+00 1.000000e-01
5.578210e+03 0.000000e+00 1.000000e+00 1.000000e-01
5.578220e+03 0.000000e+00 1.000000e+00 1.000000e-01
5.578230e+03 0.000000e+00 1.000000e+00 1.000000e-01
5.578240e+03 0.000000e+00 1.000000e+00 1.000000e-01
5.578250e+03 0.000000e+00 1.000000e+00 1.000000e-01
5.578260e+03 0.000000e+00 1.000000e+00 1.000000e-01
5.578270e+03 0.000000e+00 1.000000e+00 1.000000e-01
5.578280e+03 0.000000e+00 1.000000e+00 1.000000e-01
5.578290e+03 0.000000e+00 1.000000e+00 1.000000e-01
5.578300e+03 0.000000e+00 1.000000e+00 1.000000e-01
5.578310e+03 0.000000e+00 1.000000e+00 1.000000e-01
5.578320e+03 0.000000e+00 1.000000e+00 1.000000e-01
5.578330e+03 0.000000e+00 1.000000e+00 1.000000e-01
5.578340e+03 0.000000e+00 1.000000e+00 1.000000e-01
5.578350e+03 0.000000e+00 1.000000e+00 1.000000e-01
5.578360e+03 0.000000e+00 1.000000e+00 1.000000e-01
5.578370e+03 0.000000e+00 1.000000e+00 1.000000e-01
5.578380e+03 0.000000e+00 1.000000e+00 1.000000e-01
5.578390e+03 0.000000e+00 1.000000e+00 1.000000e-01
5.578400e+03 0.000000e+00 1.000000e+00 1.000000e-01
5.578410e+03 0.000000e+00 1.000000e+00 1.000000e-01
5.578420e+03 0.000000e+00 1.000000e+00 1.000000e-01
5.578430e+03 0.000000e+00 1.000000e+00 1.000000e-01
5.578440e+03 0.000000e+00 1.000000e+00 1.000000e-01
5.578450e+03 0.000000e+00 1.000000e+00 1.000000e-01
5.578460e+03 0.000000e+00 1.000000e+00 1.000000e-01
5.578470e+03 0.000000e+00 1.000000e+00 1.000000e-01
5.578480e+03 0.000000e+00 1.000000e+00 1.000000e-01
5.578490e+03 0.000000e+00 1.000000e+00 1.000000e-01
5.578500e+03 0.000000e+00 1.000000e+00 1.000000e-01
5.578510e+03 0.000000e+00 1.000000e+00 1.000000e-01
5.578520e+03 0.000000e+00 1.000000e+00 1.000000e-01
5.578530e+03 0.000000e+00 1.000000e+00 1.000000e-01
5.578540e+03 0.000000e+00 1.000000e+00 1.000000e-01
5.578550e+03 0.000000e+00 1.000000e+00 1.000000e-01
5.578560e+03 0.000000e+00 1.000000e+00 1.000000e-01
5.578570e+03 0.000000e+00 1.000000e+00 1.000000e-01
5.578580e+03 0.000000e+00 1.000000e+00 1.000000e-01
5.578590e+03 0.000000e+00 1.000000e+00 1.000000e-01
5.578600e+03 0.000000e+00 1.000000e+00 1.000000e-01
5.578610e+03 0.000000e+00 1.000000e+00 1.000000e-01
5.578620e+03 0.000000e+00 1.000000e+00 1.000000e-01
5.578630e+03 0.000000e+00 1.000000e+00 1.000000e-01
5.578640e+03 0.000000e+00 1.000000e+00 1.000000e-01
5.578650e+03 0.000000e+00 1.000000e+00 1.000000e-01
5.578660e+03 0.000000e+00 1.000000e+00 1.000000e-01
5.578670e+03 0.000000e+00 1.000000e+00 1.000000e-01
5.578680e+03 0.000000e+00 1.000000e+00 1.000000e-01
5.578690e+03 0.000000e+00 1.000000e+00 1.000000e-01
5.578700e+03 0.000000e+00 1.000000e+00 1.000000e-01
5.578710e+03 0.000000e+00 1.000000e+00 1.000000e-01
5.578720e+03 0.000000e+00 1.000000e+00 1.000000e-01
5.578730e+03 0.000000e+00 1.000000e+00 1.000000e-01
5.578740e+03 0.000000e+00 1.000000e+00 1.000000e-01
5.578750e+03 0.000000e+00 1.000000e+00 1.000000e-01
5.578760e+03 0.000000e+00 1.000000e+00 1.000000e-01
5.578770e+03 0.000000e+00 1.000000e+00 1.000000e-01
5.578780e+03 0.000000e+00 1.000000e+00 1.000000e-01
5.578790e+03 0.000000e+00 1.000000e+00 1.000000e-01
5.578800e+03 0.000000e+00 1.000000e+00 1.000000e-01
5.578810e+03 0.000000e+00 1.000000e+00 1.000000e-01
5.578820e+03 0.000000e+00 1.000000e+00 1.000000e-01
5.578830e+03 0.000000e+00 1.000000e+00 1.000000e-01
5.578840e+03 0.000000e+00 1.000000e+00 1.000000e-01
5.578850e+03 0.000000e+00 1.000000e+00 1.000000e-01
5.578860e+03 0.000000e+00 1.000000e+00 1.000000e-01
5.578870e+03 0.000000e+00 1.000000e+00 1.000000e-01
5.578880e+03 0.000000e+00 1.000000e+00 1.000000e-01
5.578890e+03 0.000000e+00 1.000000e+00 1.000000e-01
5.578900e+03 0.000000e+00 1.000000e+00 1.000000e-01
5.578910e+03 0.000000e+00 1.000000e+00 1.000000e-01
5.578920e+03 0.000000e+00 1.000000e+00 1.000000e-01
5.578930e+03 0.000000e+00 1.000000e+00 1.000000e-01
5.578940e+03 0.000000e+00 1.000000e+00 1.000000e-01
5.578950e+03 0.000000e+00 1.000000e+00 1.000000e-01
5.578960e+03 0.000000e+00 1.000000e+00 1.000000e-01
5.578970e+03 0.000000e+00 1.000000e+00 1.000000e-01
5.578980e+03 0.000000e+00 1.000000e+00 1.000000e-01
5.578990e+03 0.000000e+00 1.000000e+00 1.000000e-01
5.579000e+03 0.000000e+00 1.000000e+00 1.000000e-01
5.579010e+03 0.000000e+00 1.000000e+00 1.000000e-01
5.579020e+03 0.000000e+00 1.000000e+00 1.000000e-01
5.579030e+03 0.000000e+00 1.000000e+00 1.000000e-01
5.579040e+03 0.000000e+00 1.000000e+00 1.000000e-01
5.579050e+03 0.000000e+00 1.000000e+00 1.000000e-01
5.579060e+03 0.000000e+00 1.000000e+00 1.000000e-01
5.579070e+03 0.000000e+00 1.000000e+00 1.000000e-01
5.579080e+03 0.000000e+00 1.000000e+00 1.000000e-01
5.579090e+03 0.000000e+00 1.000000e+00 1.000000e-01
5.579100e+03 0.000000e+00 1.000000e+00 1.000000e-01
5.579110e+03 0.000000e+00 1.000000e+00 1.000000e-01
5.579120e+03 0.000000e+00 1.000000e+00 1.000000e-01
5.579130e+03 0.000000e+00 1.000000e+00 1.000000e-01
5.579140e+03 0.000000e+00 1.000000e+00 1.000000e-01
5.579150e+03 0.000000e+00 1.000000e+00 1.000000e-01
5.579160e+03 0.000000e+00 1.000000e+00 1.000000e-01
5.579170e+03 0.000000e+00 1.000000e+00 1.000000e-01
5.579180e+03 0.000000e+00 1.000000e+00 1.000000e-01
5.579190e+03 0.000000e+00 1.000000e+00 1.000000e-01
5.579200e+03 0.000000e+00 1.000000e+00 1.000000e-01
5.579210e+03 0.000000e+00 1.000000e+00 1.000000e-01
5.579220e+03 0.000000e+00 1.000000e+00 1.000000e-01
5.579230e+03 0.000000e+00 1.000000e+00 1.000000e-01
5.579240e+03 0.000000e+00 1.000000e+00 1.000000e-01
5.579250e+03 0.000000e+00 1.000000e+00 1.000000e-01
5.579260e+03 0.000000e+00 1.000000e+00 1.000000e-01
5.579270e+03 0.000000e+00 1.000000e+00 1.000000e-01
5.579280e+03 0.000000e+00 1.000000e+00 1.000000e-01
5.579290e+03 0.000000e+00 1.000000e+00 1.000000e-01
5.579300e+03 0.000000e+00 1.000000e+00 1.000000e-01
5.579310e+03 0.000000e+00 1.000000e+00 1.000000e-01
5.579320e+03 0.000000e+00 1.000000e+00 1.000000e-01
5.579330e+03 0.000000e+00 1.000000e+00 1.000000e-01
5.579340e+03 0.000000e+00 1.000000e+00 1.000000e-01
5.579350e+03 0.000000e+00 1.000000e+00 1.000000e-01
5.579360e+03 0.000000e+00 1.000000e+00 1.000000e-01
5.579370e+03 0.000000e+00 1.000000e+00 1.000000e-01
5.579380e+03 0.000000e+00 1.000000e+00 1.000000e-01
5.579390e+03 0.000000e+00 1.000000e+00 1.000000e-01
5.579400e+03 0.000000e+00 1.000000e+00 1.000000e-01
5.579410e+03 0.000000e+00 1.000000e+00 1.000000e-01
5.579420e+03 0.000000e+00 1.000000e+00 1.000000e-01
5.579430e+03 0.000000e+00 1.000000e+00 1.000000e-01
5.579440e+03 0.000000e+00 1.000000e+00 1.000000e-01
5.579450e+03 0.000000e+00 1.000000e+00 1.000000e-01
5.579460e+03 0.000000e+00 1.000000e+00 1.000000e-01
5.579470e+03 0.000000e+00 1.000000e+00 1.000000e-01
5.579480e+03 0.000000e+00 1.000000e+00 1.000000e-01
5.579490e+03 0.000000e+00 1.000000e+00 1.000000e-01
5.579500e+03 0.000000e+00 1.000000e+00 1.000000e-01
5.579510e+03 0.000000e+00 1.000000e+00 1.000000e-01
5.579520e+03 0.000000e+00 1.000000e+00 1.000000e-01
5.579530e+03 0.000000e+00 1.000000e+00 1.000000e-01
5.579540e+03 0.000000e+00 1.000000e+00 1.000000e-01
5.579550e+03 0.000000e+00 1.000000e+00 1.000000e-01
5.579560e+03 0.000000e+00 1.000000e+00 1.000000e-01
5.579570e+03 0.000000e+00 1.000000e+00 1.000000e-01
5.579580e+03 0.000000e+00 1.000000e+00 1.000000e-01
5.579590e+03 0.000000e+00 1.000000e+00 1.000000e-01
5.579600e+03 0.000000e+00 1.000000e+00 1.000000e-01
5.579610e+03 0.000000e+00 1.000000e+00 1.000000e-01
5.579620e+03 0.000000e+00 1.000000e+00 1.000000e-01
5.579630e+03 0.000000e+00 1.000000e+00 1.000000e-01
5.579640e+03 0.000000e+00 1.000000e+00 1.000000e-01
5.579650e+03 0.000000e+00 1.000000e+00 1.000000e-01
5.579660e+03 0.000000e+00 1.000000e+00 1.000000e-01
5.579670e+03 0.000000e+00 1.000000e+00 1.000000e-01
5.579680e+03 0.000000e+00 1.000000e+00 1.000000e-01
5.579690e+03 1.001492e-05 9.999900e-01 9.999950e-02
5.579700e+03 1.095710e-05 9.999890e-01 9.999945e-02
5.579710e+03 1.219299e-05 9.999878e-01 9.999939e-02
5.579720e+03 1.395642e-05 9.999860e-01 9.999930e-02
5.579730e+03 1.670275e-05 9.999833e-01 9.999916e-02
5.579740e+03 3.766468e-05 9.999623e-01 9.999812e-02
5.579750e+03 4.696123e-05 9.999530e-01 9.999765e-02
5.579760e+03 6.281974e-05 9.999372e-01 9.999686e-02
5.579770e+03 9.041331e-05 9.999096e-01 9.999548e-02
5.579780e+03 1.389066e-04 9.998611e-01 9.999305e-02
5.579790e+03 2.218003e-04 9.997782e-01 9.998891e-02
5.579800e+03 3.616794e-04 9.996384e-01 9.998192e-02
5.579810e+03 6.016851e-04 9.993985e-01 9.996992e-02
5.579820e+03 9.845041e-04 9.990160e-01 9.995079e-02
5.579830e+03 1.590156e-03 9.984111e-01 9.992052e-02
5.579840e+03 2.533582e-03 9.974696e-01 9.987340e-02
5.579850e+03 3.932977e-03 9.960747e-01 9.980354e-02
5.579860e+03 5.973369e-03 9.940444e-01 9.970178e-02
5.579870e+03 8.878316e-03 9.911610e-01 9.955707e-02
5.579880e+03 1.287176e-02 9.872107e-01 9.935848e-02
5.579890e+03 1.821618e-02 9.819487e-01 9.909333e-02
5.579900e+03 2.517456e-02 9.751397e-01 9.874916e-02
5.579910e+03 3.400190e-02 9.665697e-01 9.831427e-02
5.579920e+03 4.494923e-02 9.560460e-01 9.777761e-02
5.579930e+03 5.826725e-02 9.433978e-01 9.712867e-02
5.579940e+03 7.429807e-02 9.283949e-01 9.635325e-02
5.579950e+03 9.309307e-02 9.111087e-01 9.545201e-02
5.579960e+03 1.147994e-01 8.915449e-01 9.442166e-02
5.579970e+03 1.392251e-01 8.700321e-01 9.327551e-02
5.579980e+03 1.657604e-01 8.472492e-01 9.204614e-02
5.579990e+03 1.936038e-01 8.239843e-01 9.077358e-02
5.580000e+03 2.214891e-01 8.013246e-01 8.951674e-02
5.580010e+03 2.487588e-01 7.797680e-01 8.830447e-02
5.580020e+03 2.758217e-01 7.589482e-01 8.711763e-02
5.580030e+03 3.034716e-01 7.382508e-01 8.592152e-02
5.580040e+03 3.329054e-01 7.168380e-01 8.466629e-02
5.580050e+03 3.638149e-01 6.950198e-01 8.336785e-02
5.580060e+03 3.938206e-01 6.744750e-01 8.212643e-02
5.580070e+03 4.181993e-01 6.582310e-01 8.113144e-02
5.580080e+03 4.297513e-01 6.506709e-01 8.066417e-02
5.580090e+03 4.229438e-01 6.551154e-01 8.093920e-02
5.580100e+03 3.940054e-01 6.743504e-01 8.211884e-02
5.580110e+03 3.448612e-01 7.083187e-01 8.416167e-02
5.580120e+03 2.833234e-01 7.532761e-01 8.679148e-02
5.580130e+03 2.176122e-01 8.044373e-01 8.969043e-02
5.580140e+03 1.562685e-01 8.553295e-01 9.248402e-02
5.580150e+03 1.051223e-01 9.002144e-01 9.487963e-02
5.580160e+03 6.654656e-02 9.356194e-01 9.672742e-02
5.580170e+03 3.997434e-02 9.608141e-01 9.802112e-02
5.580180e+03 2.311678e-02 9.771484e-01 9.885081e-02
5.580190e+03 1.328840e-02 9.867995e-01 9.933778e-02
5.580200e+03 7.834936e-03 9.921957e-01 9.960902e-02
5.580210e+03 4.942851e-03 9.950693e-01 9.975316e-02
5.580220e+03 3.605967e-03 9.964005e-01 9.981986e-02
5.580230e+03 3.027959e-03 9.969766e-01 9.984872e-02
5.580240e+03 2.814752e-03 9.971892e-01 9.985936e-02
5.580250e+03 2.752355e-03 9.972514e-01 9.986248e-02
5.580260e+03 2.656594e-03 9.973469e-01 9.986726e-02
5.580270e+03 2.617495e-03 9.973859e-01 9.986921e-02
5.580280e+03 2.524416e-03 9.974788e-01 9.987386e-02
5.580290e+03 2.771543e-03 9.972323e-01 9.986152e-02
5.580300e+03 2.565200e-03 9.974381e-01 9.987182e-02
5.580310e+03 1.917993e-03 9.980838e-01 9.990415e-02
5.580320e+03 1.648712e-03 9.983526e-01 9.991760e-02
5.580330e+03 1.366585e-03 9.986343e-01 9.993169e-02
5.580340e+03 1.104660e-03 9.988959e-01 9.994478e-02
5.580350e+03 8.728813e-04 9.991275e-01 9.995637e-02
5.580360e+03 6.665666e-04 9.993337e-01 9.996668e-02
5.580370e+03 4.953559e-04 9.995048e-01 9.997524e-02
5.580380e+03 4.557736e-04 9.995443e-01 9.997721e-02
5.580390e+03 3.494377e-04 9.996506e-01 9.998253e-02
5.580400e+03 1.690411e-04 9.998310e-01 9.999155e-02
5.580410e+03 2.628785e-04 9.997372e-01 9.998686e-02
5.580420e+03 2.196052e-04 9.997804e-01 9.998902e-02
5.580430e+03 5.869433e-05 9.999413e-01 9.999707e-02
5.580440e+03 2.888498e-05 9.999711e-01 9.999856e-02
5.580450e+03 4.646083e-05 9.999535e-01 9.999768e-02
5.580460e+03 7.980413e-05 9.999202e-01 9.999601e-02
5.580470e+03 1.418417e-04 9.998582e-01 9.999291e-02
5.580480e+03 2.541259e-04 9.997459e-01 9.998729e-02
5.580490e+03 4.508963e-04 9.995492e-01 9.997746e-02
5.580500e+03 7.838246e-04 9.992165e-01 9.996082e-02
5.580510e+03 1.326690e-03 9.986742e-01 9.993369e-02
5.580520e+03 2.178620e-03 9.978238e-01 9.989113e-02
5.580530e+03 3.463909e-03 9.965421e-01 9.982695e-02
5.580540e+03 5.326058e-03 9.946881e-01 9.973405e-02
5.580550e+03 7.913904e-03 9.921173e-01 9.960509e-02
5.580560e+03 1.135881e-02 9.887055e-01 9.943367e-02
5.580570e+03 1.673475e-02 9.834045e-01 9.916675e-02
5.580580e+03 2.242172e-02 9.778278e-01 9.888517e-02
5.580590e+03 2.897530e-02 9.714405e-01 9.856168e-02
5.580600e+03 3.611258e-02 9.645317e-01 9.821057e-02
5.580610e+03 4.340621e-02 9.575224e-01 9.785307e-02
5.580620e+03 5.031802e-02 9.509270e-01 9.751548e-02
5.580630e+03 5.626121e-02 9.452922e-01 9.722614e-02
5.580640e+03 6.068195e-02 9.411225e-01 9.701147e-02
5.580650e+03 6.314467e-02 9.388076e-01 9.689209e-02
5.580660e+03 6.340282e-02 9.385653e-01 9.687958e-02
5.580670e+03 6.143907e-02 9.404102e-01 9.697475e-02
5.580680e+03 5.746611e-02 9.441539e-01 9.716758e-02
5.580690e+03 5.188854e-02 9.494347e-01 9.743894e-02
5.580700e+03 4.523526e-02 9.557726e-01 9.776362e-02
5.580710e+03 3.807798e-02 9.626379e-01 9.811411e-02
5.580720e+03 3.139699e-02 9.690908e-01 9.844241e-02
5.580730e+03 2.455250e-02 9.757465e-01 9.877988e-02
5.580740e+03 1.892849e-02 9.812495e-01 9.905804e-02
5.580750e+03 1.433314e-02 9.857691e-01 9.928590e-02
5.580760e+03 1.092810e-02 9.891314e-01 9.945509e-02
5.580770e+03 8.840316e-03 9.911986e-01 9.955896e-02
5.580780e+03 9.045207e-03 9.909956e-01 9.954876e-02
5.580790e+03 1.011273e-02 9.899382e-01 9.949564e-02
5.580800e+03 1.303829e-02 9.870463e-01 9.935021e-02
5.580810e+03 1.801109e-02 9.821501e-01 9.910349e-02
5.580820e+03 2.508902e-02 9.752231e-01 9.875338e-02
5.580830e+03 3.406981e-02 9.665040e-01 9.831094e-02
5.580840e+03 4.438565e-02 9.565850e-01 9.780516e-02
5.580850e+03 5.507715e-02 9.464121e-01 9.728372e-02
5.580860e+03 6.488980e-02 9.371707e-01 9.680758e-02
5.580870e+03 7.249891e-02 9.300668e-01 9.643997e-02
5.580880e+03 7.711403e-02 9.257843e-01 9.621768e-02
5.580890e+03 7.763621e-02 9.253010e-01 9.619257e-02
5.580900e+03 7.466604e-02 9.280534e-01 9.633553e-02
5.580910e+03 6.954136e-02 9.328216e-01 9.658269e-02
5.580920e+03 6.482547e-02 9.372310e-01 9.681069e-02
5.580930e+03 6.467738e-02 9.373698e-01 9.681786e-02
5.580940e+03 7.559190e-02 9.271945e-01 9.629094e-02
5.580950e+03 1.076428e-01 8.979483e-01 9.476013e-02
5.580960e+03 1.761591e-01 8.384846e-01 9.156880e-02
5.580970e+03 3.034230e-01 7.382867e-01 8.592361e-02
5.580980e+03 5.195529e-01 5.947864e-01 7.712240e-02
5.580990e+03 8.613722e-01 4.225818e-01 6.500629e-02
5.581000e+03 1.368054e+00 2.546018e-01 5.045808e-02
5.581010e+03 2.072752e+00 1.258390e-01 3.547380e-02
5.581020e+03 2.991061e+00 5.023409e-02 2.241296e-02
5.581030e+03 4.107359e+00 1.645117e-02 1.282621e-02
5.581040e+03 5.365878e+00 4.673357e-03 6.836196e-03
5.581050e+03 6.668358e+00 1.270483e-03 3.564384e-03
5.581060e+03 7.882170e+00 3.774133e-04 1.942713e-03
5.581070e+03 8.861178e+00 1.417879e-04 1.190747e-03
5.581080e+03 9.474224e+00 7.680627e-05 8.763918e-04
5.581090e+03 9.633769e+00 6.547982e-05 8.091960e-04
5.581100e+03 9.317095e+00 8.987462e-05 9.480223e-04
5.581110e+03 8.569359e+00 1.898342e-04 1.377803e-03
5.581120e+03 7.496078e+00 5.552578e-04 2.356391e-03
5.581130e+03 6.237310e+00 1.955108e-03 4.421660e-03
5.581140e+03 4.936281e+00 7.181255e-03 8.474229e-03
5.581150e+03 3.716429e+00 2.432066e-02 1.559508e-02
5.581160e+03 2.662305e+00 6.978717e-02 2.641726e-02
5.581170e+03 1.815231e+00 1.628003e-01 4.034852e-02
5.581180e+03 1.178635e+00 3.076984e-01 5.547057e-02
5.581190e+03 7.294647e-01 4.821670e-01 6.943825e-02
5.581200e+03 4.310611e-01 6.498192e-01 8.061137e-02
5.581210e+03 2.443962e-01 7.831773e-01 8.849730e-02
5.581220e+03 1.336363e-01 8.749082e-01 9.353653e-02
5.581230e+03 7.151806e-02 9.309795e-01 9.648728e-02
5.581240e+03 3.849537e-02 9.622362e-01 9.809364e-02
5.581250e+03 2.184758e-02 9.783893e-01 9.891357e-02
5.581260e+03 1.358733e-02 9.865046e-01 9.932294e-02
5.581270e+03 1.014457e-02 9.899067e-01 9.949406e-02
5.581280e+03 8.792517e-03 9.912460e-01 9.956134e-02
5.581290e+03 8.400916e-03 9.916343e-01 9.958084e-02
5.581300e+03 8.800673e-03 9.912379e-01 9.956093e-02
5.581310e+03 9.019209e-03 9.910213e-01 9.955005e-02
5.581320e+03 9.295298e-03 9.907478e-01 9.953631e-02
5.581330e+03 9.569213e-03 9.904764e-01 9.952268e-02
5.581340e+03 9.806924e-03 9.902410e-01 9.951085e-02
5.581350e+03 9.989675e-03 9.900601e-01 9.950176e-02
5.581360e+03 1.010100e-02 9.899498e-01 9.949622e-02
5.581370e+03 1.013625e-02 9.899149e-01 9.949447e-02
5.581380e+03 1.010204e-02 9.899488e-01 9.949617e-02
5.581390e+03 1.000475e-02 9.900451e-01 9.950101e-02
5.581400e+03 9.858183e-03 9.901902e-01 9.950830e-02
5.581410e+03 9.679877e-03 9.903668e-01 9.951718e-02
5.581420e+03 8.773945e-03 9.912644e-01 9.956226e-02
5.581430e+03 8.635310e-03 9.914019e-01 9.956917e-02
5.581440e+03 8.519807e-03 9.915164e-01 9.957492e-02
5.581450e+03 8.444726e-03 9.915908e-01 9.957865e-02
5.581460e+03 9.281416e-03 9.907615e-01 9.953700e-02
5.581470e+03 9.389779e-03 9.906542e-01 9.953161e-02
5.581480e+03 8.721433e-03 9.913165e-01 9.956488e-02
5.581490e+03 9.073524e-03 9.909675e-01 9.954735e-02
5.581500e+03 9.697048e-03 9.903498e-01 9.951632e-02
5.581510e+03 1.077871e-02 9.892792e-01 9.946251e-02
5.581520e+03 1.262431e-02 9.874550e-01 9.937077e-02
5.581530e+03 1.547512e-02 9.846440e-01 9.922923e-02
5.581540e+03 2.036770e-02 9.798383e-01 9.898678e-02
5.581550e+03 2.759510e-02 9.727822e-01 9.862972e-02
5.581560e+03 3.756560e-02 9.631312e-01 9.813925e-02
5.581570e+03 5.026208e-02 9.509802e-01 9.751821e-02
5.581580e+03 6.503004e-02 9.370393e-01 9.680079e-02
5.581590e+03 8.075113e-02 9.224232e-01 9.604287e-02
5.581600e+03 9.540158e-02 9.090078e-01 9.534190e-02
5.581610e+03 1.080023e-01 8.976256e-01 9.474310e-02
5.581620e+03 1.205560e-01 8.864274e-01 9.415028e-02
5.581630e+03 1.409643e-01 8.685203e-01 9.319444e-02
5.581640e+03 1.912530e-01 8.259236e-01 9.088034e-02
5.581650e+03 3.206441e-01 7.256815e-01 8.518694e-02
5.581660e+03 6.258234e-01 5.348209e-01 7.313145e-02
5.581670e+03 1.274748e+00 2.795013e-01 5.286788e-02
5.581680e+03 2.521334e+00 8.035231e-02 2.834648e-02
5.581690e+03 4.687752e+00 9.207364e-03 9.595501e-03
5.581700e+03 8.088797e+00 3.069589e-04 1.752024e-03
5.581710e+03 1.288826e+01 2.527540e-06 1.589824e-04
5.581720e+03 1.892539e+01 6.036805e-09 7.769688e-06
5.581730e+03 2.558955e+01 7.701927e-12 2.775235e-07
5.581740e+03 3.184767e+01 1.474797e-14 1.214412e-08
5.581750e+03 3.647640e+01 1.440456e-16 1.200190e-09
5.581760e+03 3.844494e+01 2.011761e-17 4.485266e-10
5.581770e+03 3.728763e+01 6.400104e-17 8.000065e-10
5.581780e+03 3.328391e+01 3.507374e-15 5.922309e-09
5.581790e+03 2.735256e+01 1.321099e-12 1.149391e-07
5.581800e+03 2.071563e+01 1.007664e-09 3.174372e-06
5.581810e+03 1.450195e+01 5.033626e-07 7.094805e-05
5.581820e+03 9.477093e+00 7.658625e-05 8.751357e-04
5.581830e+03 5.977422e+00 2.535354e-03 5.035230e-03
5.581840e+03 4.021067e+00 1.793382e-02 1.339172e-02
5.581850e+03 3.493992e+00 3.037935e-02 1.742967e-02
5.581860e+03 4.309417e+00 1.344138e-02 1.159370e-02
5.581870e+03 6.484267e+00 1.527280e-03 3.908043e-03
5.581880e+03 1.013118e+01 3.981842e-05 6.310184e-04
5.581890e+03 1.540324e+01 2.043901e-07 4.520952e-05
5.581900e+03 2.243958e+01 1.797275e-10 1.340625e-06
5.581910e+03 3.134019e+01 2.449780e-14 1.565177e-08
5.581920e+03 4.215434e+01 4.927244e-19 7.019433e-11
5.581930e+03 5.482709e+01 1.544889e-24 1.242936e-13
5.581940e+03 6.905287e+01 1.024995e-30 1.012420e-16
5.581950e+03 8.405595e+01 3.125831e-37 5.590913e-20
5.581960e+03 9.842284e+01 1.800955e-43 4.243766e-23
5.581970e+03 1.101646e+02 1.432534e-48 1.196885e-25
5.581980e+03 1.171150e+02 1.372749e-51 3.705063e-27
5.581990e+03 1.175825e+02 8.601399e-52 2.932814e-27
5.582000e+03 1.109884e+02 6.285875e-49 7.928351e-26
5.582010e+03 9.817497e+01 2.307553e-43 4.803699e-23
5.582020e+03 8.121502e+01 5.355078e-36 2.314104e-19
5.582030e+03 6.280840e+01 5.280274e-28 2.297885e-15
5.582040e+03 4.555196e+01 1.648294e-20 1.283859e-11
5.582050e+03 3.140114e+01 2.304938e-14 1.518202e-08
5.582060e+03 2.149380e+01 4.627644e-10 2.151196e-06
5.582070e+03 1.629797e+01 8.353725e-08 2.890281e-05
5.582080e+03 1.588582e+01 1.261469e-07 3.551716e-05
5.582090e+03 2.010967e+01 1.847057e-09 4.297740e-06
5.582100e+03 2.854558e+01 4.006920e-13 6.330024e-08
5.582110e+03 4.025434e+01 3.294281e-18 1.815015e-10
5.582120e+03 5.355676e+01 5.502921e-24 2.345831e-13
5.582130e+03 6.607801e+01 2.007629e-29 4.480657e-16
5.582140e+03 7.519784e+01 2.197814e-33 4.688085e-18
5.582150e+03 7.880177e+01 5.981709e-35 7.734151e-19
5.582160e+03 7.600214e+01 9.833102e-34 3.135778e-18
5.582170e+03 6.745434e+01 5.069367e-30 2.251526e-16
5.582180e+03 5.509300e+01 1.184165e-24 1.088193e-13
5.582190e+03 4.141274e+01 1.034373e-18 1.017041e-10
5.582200e+03 2.865650e+01 3.586263e-13 5.988541e-08
5.582210e+03 1.826231e+01 1.171596e-08 1.082403e-05
5.582220e+03 1.072780e+01 2.192689e-05 4.682616e-04
5.582230e+03 5.819657e+00 2.968624e-03 5.448508e-03
5.582240e+03 2.928641e+00 5.346966e-02 2.312351e-02
5.582250e+03 1.384235e+00 2.505153e-01 5.005150e-02
5.582260e+03 6.386207e-01 5.280202e-01 7.266500e-02
5.582270e+03 3.229002e-01 7.240461e-01 8.509090e-02
5.582280e+03 2.252161e-01 7.983437e-01 8.935008e-02
5.582290e+03 2.415004e-01 7.854485e-01 8.862553e-02
5.582300e+03 3.293866e-01 7.193648e-01 8.481538e-02
5.582310e+03 4.757521e-01 6.214175e-01 7.883004e-02
5.582320e+03 6.771405e-01 5.080677e-01 7.127887e-02
5.582330e+03 9.293737e-01 3.948009e-01 6.283318e-02
5.582340e+03 1.223799e+00 2.941108e-01 5.423199e-02
5.582350e+03 1.549235e+00 2.124104e-01 4.608800e-02
5.582360e+03 1.899098e+00 1.497036e-01 3.869155e-02
5.582370e+03 2.281697e+00 1.021108e-01 3.195478e-02
5.582380e+03 2.729071e+00 6.527991e-02 2.554993e-02
5.582390e+03 3.297515e+00 3.697494e-02 1.922887e-02
5.582400e+03 4.053544e+00 1.736074e-02 1.317602e-02
5.582410e+03 5.043628e+00 6.450302e-03 8.031377e-03
5.582420e+03 6.258950e+00 1.913255e-03 4.374076e-03
5.582430e+03 7.603463e+00 4.987214e-04 2.233207e-03
5.582440e+03 8.895180e+00 1.370479e-04 1.170675e-03
5.582450e+03 9.901934e+00 5.007775e-05 7.076563e-04
5.582460e+03 1.040707e+01 3.021800e-05 5.497090e-04
5.582470e+03 1.027960e+01 3.432621e-05 5.858858e-04
5.582480e+03 9.518616e+00 7.347130e-05 8.571540e-04
5.582490e+03 8.252827e+00 2.605211e-04 1.614067e-03
5.582500e+03 6.697100e+00 1.234486e-03 3.513526e-03
5.582510e+03 5.086870e+00 6.177323e-03 7.859595e-03
5.582520e+03 3.617776e+00 2.684232e-02 1.638362e-02
5.582530e+03 2.410480e+00 8.977218e-02 2.996201e-02
5.582540e+03 1.505940e+00 2.218087e-01 4.709657e-02
5.582550e+03 8.834282e-01 4.133634e-01 6.429334e-02
5.582560e+03 4.879157e-01 6.139047e-01 7.835207e-02
5.582570e+03 2.550667e-01 7.748648e-01 8.802641e-02
5.582580e+03 1.272893e-01 8.804789e-01 9.383384e-02
5.582590e+03 6.225249e-02 9.396456e-01 9.693532e-02
5.582600e+03 3.113043e-02 9.693491e-01 9.845553e-02
5.582610e+03 1.703524e-02 9.831090e-01 9.915186e-02
5.582620e+03 1.087341e-02 9.891855e-01 9.945780e-02
5.582630e+03 8.166019e-03 9.918672e-01 9.959253e-02
5.582640e+03 6.882208e-03 9.931414e-01 9.965648e-02
5.582650e+03 6.168202e-03 9.938508e-01 9.969206e-02
5.582660e+03 5.687637e-03 9.943285e-01 9.971602e-02
5.582670e+03 5.313708e-03 9.947004e-01 9.973467e-02
5.582680e+03 4.998667e-03 9.950138e-01 9.975038e-02
5.582690e+03 4.723085e-03 9.952881e-01 9.976412e-02
5.582700e+03 4.477563e-03 9.955324e-01 9.977637e-02
5.582710e+03 4.114056e-03 9.958944e-01 9.979451e-02
5.582720e+03 3.922667e-03 9.960850e-01 9.980406e-02
5.582730e+03 3.747575e-03 9.962594e-01 9.981280e-02
5.582740e+03 3.586489e-03 9.964199e-01 9.982084e-02
5.582750e+03 3.438355e-03 9.965675e-01 9.982823e-02
5.582760e+03 3.301240e-03 9.967042e-01 9.983507e-02
5.582770e+03 3.173872e-03 9.968312e-01 9.984143e-02
5.582780e+03 3.055177e-03 9.969495e-01 9.984736e-02
5.582790e+03 2.802964e-03 9.972010e-01 9.985995e-02
5.582800e+03 2.224861e-03 9.977776e-01 9.988882e-02
5.582810e+03 2.163873e-03 9.978385e-01 9.989186e-02
5.582820e+03 2.105394e-03 9.978968e-01 9.989479e-02
5.582830e+03 2.049285e-03 9.979528e-01 9.989759e-02
5.582840e+03 1.995420e-03 9.980066e-01 9.990028e-02
5.582850e+03 1.943678e-03 9.980582e-01 9.990286e-02
5.582860e+03 1.893948e-03 9.981078e-01 9.990535e-02
5.582870e+03 1.846126e-03 9.981556e-01 9.990774e-02
5.582880e+03 1.800115e-03 9.982015e-01 9.991003e-02
5.582890e+03 1.755822e-03 9.982457e-01 9.991225e-02
5.582900e+03 1.713163e-03 9.982883e-01 9.991438e-02
5.582910e+03 1.672056e-03 9.983293e-01 9.991643e-02
5.582920e+03 1.632428e-03 9.983689e-01 9.991841e-02
5.582930e+03 1.594207e-03 9.984071e-01 9.992032e-02
5.582940e+03 1.557327e-03 9.984439e-01 9.992216e-02
5.582950e+03 1.521725e-03 9.984794e-01 9.992394e-02
5.582960e+03 1.487342e-03 9.985138e-01 9.992566e-02
5.582970e+03 1.454123e-03 9.985469e-01 9.992732e-02
5.582980e+03 1.422014e-03 9.985790e-01 9.992892e-02
5.582990e+03 1.400280e-03 9.986007e-01 9.993001e-02
5.583000e+03 1.370225e-03 9.986307e-01 9.993151e-02
5.583010e+03 1.331876e-03 9.986690e-01 9.993343e-02
5.583020e+03 1.303744e-03 9.986971e-01 9.993483e-02
5.583030e+03 1.276502e-03 9.987243e-01 9.993620e-02
5.583040e+03 1.250112e-03 9.987507e-01 9.993751e-02
5.583050e+03 1.224539e-03 9.987762e-01 9.993879e-02
5.583060e+03 1.199748e-03 9.988010e-01 9.994003e-02
5.583070e+03 1.175709e-03 9.988250e-01 9.994123e-02
5.583080e+03 1.152391e-03 9.988483e-01 9.994240e-02
5.583090e+03 1.129765e-03 9.988709e-01 9.994353e-02
5.583100e+03 1.107804e-03 9.988928e-01 9.994463e-02
5.583110e+03 1.086482e-03 9.989141e-01 9.994569e-02
5.583120e+03 1.065773e-03 9.989348e-01 9.994673e-02
5.583130e+03 1.045656e-03 9.989549e-01 9.994773e-02
5.583140e+03 1.026106e-03 9.989744e-01 9.994871e-02
5.583150e+03 1.007104e-03 9.989934e-01 9.994966e-02
5.583160e+03 9.886279e-04 9.990119e-01 9.995058e-02
5.583170e+03 9.706589e-04 9.990298e-01 9.995148e-02
5.583180e+03 9.531787e-04 9.990473e-01 9.995235e-02
5.583190e+03 9.361693e-04 9.990643e-01 9.995320e-02
5.583200e+03 9.196140e-04 9.990808e-01 9.995403e-02
5.583210e+03 9.034968e-04 9.990969e-01 9.995484e-02
5.583220e+03 8.878020e-04 9.991126e-01 9.995562e-02
5.583230e+03 8.725151e-04 9.991279e-01 9.995638e-02
5.583240e+03 8.576219e-04 9.991427e-01 9.995713e-02
5.583250e+03 8.431090e-04 9.991572e-01 9.995785e-02
5.583260e+03 8.289635e-04 9.991714e-01 9.995856e-02
5.583270e+03 8.151729e-04 9.991852e-01 9.995925e-02
5.583280e+03 3.710678e-04 9.996290e-01 9.998145e-02
5.583290e+03 3.645659e-04 9.996355e-01 9.998177e-02
5.583300e+03 3.582335e-04 9.996418e-01 9.998209e-02
5.583310e+03 3.520649e-04 9.996480e-01 9.998240e-02
5.583320e+03 3.460544e-04 9.996540e-01 9.998270e-02
5.583330e+03 3.401967e-04 9.996599e-01 9.998299e-02
5.583340e+03 3.344866e-04 9.996656e-01 9.998328e-02
5.583350e+03 3.289192e-04 9.996711e-01 9.998356e-02
5.583360e+03 3.234898e-04 9.996766e-01 9.998383e-02
5.583370e+03 3.181939e-04 9.996819e-01 9.998409e-02
5.583380e+03 3.130270e-04 9.996870e-01 9.998435e-02
5.583390e+03 3.079851e-04 9.996921e-01 9.998460e-02
5.583400e+03 3.030642e-04 9.996970e-01 9.998485e-02
5.583410e+03 2.982604e-04 9.997018e-01 9.998509e-02
5.583420e+03 2.935700e-04 9.997065e-01 9.998532e-02
5.583430e+03 2.889894e-04 9.997111e-01 9.998555e-02
5.583440e+03 0.000000e+00 1.000000e+00 1.000000e-01
5.583450e+03 0.000000e+00 1.000000e+00 1.000000e-01
5.583460e+03 0.000000e+00 1.000000e+00 1.000000e-01
5.583470e+03 0.000000e+00 1.000000e+00 1.000000e-01
5.583480e+03 0.000000e+00 1.000000e+00 1.000000e-01
5.583490e+03 0.000000e+00 1.000000e+00 1.000000e-01
5.583500e+03 0.000000e+00 1.000000e+00 1.000000e-01
5.583510e+03 0.000000e+00 1.000000e+00 1.000000e-01
5.583520e+03 0.000000e+00 1.000000e+00 1.000000e-01
5.583530e+03 0.000000e+00 1.000000e+00 1.000000e-01
5.583540e+03 0.000000e+00 1.000000e+00 1.000000e-01
5.583550e+03 0.000000e+00 1.000000e+00 1.000000e-01
5.583560e+03 0.000000e+00 1.000000e+00 1.000000e-01
5.583570e+03 0.000000e+00 1.000000e+00 1.000000e-01
5.583580e+03 0.000000e+00 1.000000e+00 1.000000e-01
5.583590e+03 0.000000e+00 1.000000e+00 1.000000e-01
5.583600e+03 0.000000e+00 1.000000e+00 1.000000e-01
5.583610e+03 0.000000e+00 1.000000e+00 1.000000e-01
5.583620e+03 0.000000e+00 1.000000e+00 1.000000e-01
5.583630e+03 0.000000e+00 1.000000e+00 1.000000e-01
5.583640e+03 0.000000e+00 1.000000e+00 1.000000e-01
5.583650e+03 0.000000e+00 1.000000e+00 1.000000e-01
5.583660e+03 0.000000e+00 1.000000e+00 1.000000e-01
5.583670e+03 0.000000e+00 1.000000e+00 1.000000e-01
5.583680e+03 0.000000e+00 1.000000e+00 1.000000e-01
5.583690e+03 0.000000e+00 1.000000e+00 1.000000e-01
5.583700e+03 0.000000e+00 1.000000e+00 1.000000e-01
5.583710e+03 0.000000e+00 1.000000e+00 1.000000e-01
5.583720e+03 0.000000e+00 1.000000e+00 1.000000e-01
5.583730e+03 0.000000e+00 1.000000e+00 1.000000e-01
5.583740e+03 0.000000e+00 1.000000e+00 1.000000e-01
5.583750e+03 0.000000e+00 1.000000e+00 1.000000e-01
5.583760e+03 0.000000e+00 1.000000e+00 1.000000e-01
5.583770e+03 0.000000e+00 1.000000e+00 1.000000e-01
5.583780e+03 0.000000e+00 1.000000e+00 1.000000e-01
5.583790e+03 0.000000e+00 1.000000e+00 1.000000e-01
5.583800e+03 0.000000e+00 1.000000e+00 1.000000e-01
5.583810e+03 0.000000e+00 1.000000e+00 1.000000e-01
5.583820e+03 0.000000e+00 1.000000e+00 1.000000e-01
5.583830e+03 0.000000e+00 1.000000e+00 1.000000e-01
5.583840e+03 0.000000e+00 1.000000e+00 1.000000e-01
5.583850e+03 0.000000e+00 1.000000e+00 1.000000e-01
5.583860e+03 0.000000e+00 1.000000e+00 1.000000e-01
5.583870e+03 0.000000e+00 1.000000e+00 1.000000e-01
5.583880e+03 0.000000e+00 1.000000e+00 1.000000e-01
5.583890e+03 0.000000e+00 1.000000e+00 1.000000e-01
5.583900e+03 0.000000e+00 1.000000e+00 1.000000e-01
5.583910e+03 0.000000e+00 1.000000e+00 1.000000e-01
5.583920e+03 0.000000e+00 1.000000e+00 1.000000e-01
5.583930e+03 0.000000e+00 1.000000e+00 1.000000e-01
5.583940e+03 0.000000e+00 1.000000e+00 1.000000e-01
5.583950e+03 0.000000e+00 1.000000e+00 1.000000e-01
5.583960e+03 0.000000e+00 1.000000e+00 1.000000e-01
5.583970e+03 0.000000e+00 1.000000e+00 1.000000e-01
5.583980e+03 0.000000e+00 1.000000e+00 1.000000e-01
5.583990e+03 0.000000e+00 1.000000e+00 1.000000e-01
5.584000e+03 0.000000e+00 1.000000e+00 1.000000e-01
5.584010e+03 0.000000e+00 1.000000e+00 1.000000e-01
5.584020e+03 0.000000e+00 1.000000e+00 1.000000e-01
5.584030e+03 0.000000e+00 1.000000e+00 1.000000e-01
5.584040e+03 0.000000e+00 1.000000e+00 1.000000e-01
5.584050e+03 0.000000e+00 1.000000e+00 1.000000e-01
5.584060e+03 0.000000e+00 1.000000e+00 1.000000e-01
5.584070e+03 0.000000e+00 1.000000e+00 1.000000e-01
5.584080e+03 0.000000e+00 1.000000e+00 1.000000e-01
5.584090e+03 0.000000e+00 1.000000e+00 1.000000e-01
5.584100e+03 0.000000e+00 1.000000e+00 1.000000e-01
5.584110e+03 0.000000e+00 1.000000e+00 1.000000e-01
5.584120e+03 0.000000e+00 1.000000e+00 1.000000e-01
5.584130e+03 0.000000e+00 1.000000e+00 1.000000e-01
5.584140e+03 0.000000e+00 1.000000e+00 1.000000e-01
5.584150e+03 0.000000e+00 1.000000e+00 1.000000e-01
5.584160e+03 0.000000e+00 1.000000e+00 1.000000e-01
5.584170e+03 0.000000e+00 1.000000e+00 1.000000e-01
5.584180e+03 0.000000e+00 1.000000e+00 1.000000e-01
5.584190e+03 0.000000e+00 1.000000e+00 1.000000e-01
5.584200e+03 0.000000e+00 1.000000e+00 1.000000e-01
5.584210e+03 0.000000e+00 1.000000e+00 1.000000e-01
5.584220e+03 0.000000e+00 1.000000e+00 1.000000e-01
5.584230e+03 0.000000e+00 1.000000e+00 1.000000e-01
5.584240e+03 0.000000e+00 1.000000e+00 1.000000e-01
5.584250e+03 0.000000e+00 1.000000e+00 1.000000e-01
5.584260e+03 0.000000e+00 1.000000e+00 1.000000e-01
5.584270e+03 0.000000e+00 1.000000e+00 1.000000e-01
5.584280e+03 0.000000e+00 1.000000e+00 1.000000e-01
5.584290e+03 0.000000e+00 1.000000e+00 1.000000e-01
5.584300e+03 0.000000e+00 1.000000e+00 1.000000e-01
5.584310e+03 0.000000e+00 1.000000e+00 1.000000e-01
5.584320e+03 0.000000e+00 1.000000e+00 1.000000e-01
5.584330e+03 0.000000e+00 1.000000e+00 1.000000e-01
5.584340e+03 0.000000e+00 1.000000e+00 1.000000e-01
5.584350e+03 0.000000e+00 1.000000e+00 1.000000e-01
5.584360e+03 0.000000e+00 1.000000e+00 1.000000e-01
5.584370e+03 0.000000e+00 1.000000e+00 1.000000e-01
5.584380e+03 0.000000e+00 1.000000e+00 1.000000e-01
5.584390e+03 0.000000e+00 1.000000e+00 1.000000e-01
5.584400e+03 0.000000e+00 1.000000e+00 1.000000e-01
5.584410e+03 0.000000e+00 1.000000e+00 1.000000e-01
5.584420e+03 0.000000e+00 1.000000e+00 1.000000e-01
5.584430e+03 0.000000e+00 1.000000e+00 1.000000e-01
5.584440e+03 0.000000e+00 1.000000e+00 1.000000e-01
5.584450e+03 0.000000e+00 1.000000e+00 1.000000e-01
5.584460e+03 0.000000e+00 1.000000e+00 1.000000e-01
5.584470e+03 0.000000e+00 1.000000e+00 1.000000e-01
5.584480e+03 0.000000e+00 1.000000e+00 1.000000e-01
5.584490e+03 0.000000e+00 1.000000e+00 1.000000e-01
5.584500e+03 0.000000e+00 1.000000e+00 1.000000e-01
5.584510e+03 0.000000e+00 1.000000e+00 1.000000e-01
5.584520e+03 0.000000e+00 1.000000e+00 1.000000e-01
5.584530e+03 0.000000e+00 1.000000e+00 1.000000e-01
5.584540e+03 0.000000e+00 1.000000e+00 1.000000e-01
5.584550e+03 0.000000e+00 1.000000e+00 1.000000e-01
5.584560e+03 0.000000e+00 1.000000e+00 1.000000e-01
5.584570e+03 0.000000e+00 1.000000e+00 1.000000e-01
5.584580e+03 0.000000e+00 1.000000e+00 1.000000e-01
5.584590e+03 0.000000e+00 1.000000e+00 1.000000e-01
5.584600e+03 0.000000e+00 1.000000e+00 1.000000e-01
5.584610e+03 0.000000e+00 1.000000e+00 1.000000e-01
5.584620e+03 0.000000e+00 1.000000e+00 1.000000e-01
5.584630e+03 0.000000e+00 1.000000e+00 1.000000e-01
5.584640e+03 0.000000e+00 1.000000e+00 1.000000e-01
5.584650e+03 0.000000e+00 1.000000e+00 1.000000e-01
5.584660e+03 0.000000e+00 1.000000e+00 1.000000e-01
5.584670e+03 0.000000e+00 1.000000e+00 1.000000e-01
5.584680e+03 0.000000e+00 1.000000e+00 1.000000e-01
5.584690e+03 0.000000e+00 1.000000e+00 1.000000e-01
5.584700e+03 0.000000e+00 1.000000e+00 1.000000e-01
5.584710e+03 0.000000e+00 1.000000e+00 1.000000e-01
5.584720e+03 0.000000e+00 1.000000e+00 1.000000e-01
5.584730e+03 2.952062e-04 9.997048e-01 9.998524e-02
5.584740e+03 2.963659e-04 9.997037e-01 9.998518e-02
5.584750e+03 2.975325e-04 9.997025e-01 9.998512e-02
5.584760e+03 2.987060e-04 9.997013e-01 9.998507e-02
5.584770e+03 2.998864e-04 9.997002e-01 9.998501e-02
5.584780e+03 3.010739e-04 9.996990e-01 9.998495e-02
5.584790e+03 3.022684e-04 9.996978e-01 9.998489e-02
5.584800e+03 3.034700e-04 9.996966e-01 9.998483e-02
5.584810e+03 3.046788e-04 9.996954e-01 9.998477e-02
5.584820e+03 3.058949e-04 9.996942e-01 9.998471e-02
5.584830e+03 3.071182e-04 9.996929e-01 9.998465e-02
5.584840e+03 3.083489e-04 9.996917e-01 9.998458e-02
5.584850e+03 3.095870e-04 9.996905e-01 9.998452e-02
5.584860e+03 3.108325e-04 9.996892e-01 9.998446e-02
5.584870e+03 3.120856e-04 9.996880e-01 9.998440e-02
5.584880e+03 3.133463e-04 9.996867e-01 9.998433e-02
5.584890e+03 3.146146e-04 9.996854e-01 9.998427e-02
5.584900e+03 3.158906e-04 9.996842e-01 9.998421e-02
5.584910e+03 3.171744e-04 9.996829e-01 9.998414e-02
5.584920e+03 3.184661e-04 9.996816e-01 9.998408e-02
5.584930e+03 9.029891e-04 9.990974e-01 9.995486e-02
5.584940e+03 9.065902e-04 9.990938e-01 9.995468e-02
5.584950e+03 9.102129e-04 9.990902e-01 9.995450e-02
5.584960e+03 9.138574e-04 9.990866e-01 9.995432e-02
5.584970e+03 9.175237e-04 9.990829e-01 9.995413e-02
5.584980e+03 9.212122e-04 9.990792e-01 9.995395e-02
5.584990e+03 9.249229e-04 9.990755e-01 9.995376e-02
5.585000e+03 9.286561e-04 9.990718e-01 9.995358e-02
5.585010e+03 9.324120e-04 9.990680e-01 9.995339e-02
5.585020e+03 9.361907e-04 9.990642e-01 9.995320e-02
5.585030e+03 9.399923e-04 9.990604e-01 9.995301e-02
5.585040e+03 9.438172e-04 9.990566e-01 9.995282e-02
5.585050e+03 9.476655e-04 9.990528e-01 9.995263e-02
5.585060e+03 9.515374e-04 9.990489e-01 9.995243e-02
5.585070e+03 9.554330e-04 9.990450e-01 9.995224e-02
5.585080e+03 9.593526e-04 9.990411e-01 9.995204e-02
5.585090e+03 9.632964e-04 9.990372e-01 9.995185e-02
5.585100e+03 9.672645e-04 9.990332e-01 9.995165e-02
5.585110e+03 9.712572e-04 9.990292e-01 9.995145e-02
5.585120e+03 9.752747e-04 9.990252e-01 9.995125e-02
5.585130e+03 9.793172e-04 9.990212e-01 9.995105e-02
5.585140e+03 9.833848e-04 9.990171e-01 9.995084e-02
5.585150e+03 9.874778e-04 9.990130e-01 9.995064e-02
5.585160e+03 9.915964e-04 9.990089e-01 9.995043e-02
5.585170e+03 9.957409e-04 9.990048e-01 9.995023e-02
5.585180e+03 9.999114e-04 9.990006e-01 9.995002e-02
5.585190e+03 1.004108e-03 9.989964e-01 9.994981e-02
5.585200e+03 1.008331e-03 9.989922e-01 9.994960e-02
5.585210e+03 1.346010e-03 9.986549e-01 9.993272e-02
5.585220e+03 1.351598e-03 9.986493e-01 9.993244e-02
5.585230e+03 1.357221e-03 9.986437e-01 9.993216e-02
5.585240e+03 1.362879e-03 9.986380e-01 9.993188e-02
5.585250e+03 1.368573e-03 9.986324e-01 9.993159e-02
5.585260e+03 1.374302e-03 9.986266e-01 9.993131e-02
5.585270e+03 1.380067e-03 9.986209e-01 9.993102e-02
5.585280e+03 1.385869e-03 9.986151e-01 9.993073e-02
5.585290e+03 1.655187e-03 9.983462e-01 9.991727e-02
5.585300e+03 1.662097e-03 9.983393e-01 9.991693e-02
5.585310e+03 1.669050e-03 9.983323e-01 9.991658e-02
5.585320e+03 1.676047e-03 9.983254e-01 9.991623e-02
5.585330e+03 1.683088e-03 9.983183e-01 9.991588e-02
5.585340e+03 1.690174e-03 9.983113e-01 9.991553e-02
5.585350e+03 1.697305e-03 9.983041e-01 9.991517e-02
5.585360e+03 1.704481e-03 9.982970e-01 9.991481e-02
5.585370e+03 1.711702e-03 9.982898e-01 9.991445e-02
5.585380e+03 1.718970e-03 9.982825e-01 9.991409e-02
5.585390e+03 1.726284e-03 9.982752e-01 9.991372e-02
5.585400e+03 1.733645e-03 9.982679e-01 9.991336e-02
5.585410e+03 2.336744e-03 9.976660e-01 9.988323e-02
5.585420e+03 2.346543e-03 9.976562e-01 9.988274e-02
5.585430e+03 2.356404e-03 9.976464e-01 9.988225e-02
5.585440e+03 2.366327e-03 9.976365e-01 9.988175e-02
5.585450e+03 2.376313e-03 9.976265e-01 9.988125e-02
5.585460e+03 2.386363e-03 9.976165e-01 9.988075e-02
5.585470e+03 2.703281e-03 9.973004e-01 9.986493e-02
5.585480e+03 2.714664e-03 9.972890e-01 9.986436e-02
5.585490e+03 2.726120e-03 9.972776e-01 9.986379e-02
5.585500e+03 2.737648e-03 9.972661e-01 9.986321e-02
5.585510e+03 3.083574e-03 9.969212e-01 9.984594e-02
5.585520e+03 3.096565e-03 9.969082e-01 9.984529e-02
5.585530e+03 3.109637e-03 9.968952e-01 9.984464e-02
5.585540e+03 3.122793e-03 9.968821e-01 9.984398e-02
5.585550e+03 3.136033e-03 9.968689e-01 9.984332e-02
5.585560e+03 3.149358e-03 9.968556e-01 9.984266e-02
5.585570e+03 3.162768e-03 9.968422e-01 9.984199e-02
5.585580e+03 3.176263e-03 9.968288e-01 9.984131e-02
5.585590e+03 3.189846e-03 9.968152e-01 9.984063e-02
5.585600e+03 3.203517e-03 9.968016e-01 9.983995e-02
5.585610e+03 3.217275e-03 9.967879e-01 9.983927e-02
5.585620e+03 3.231123e-03 9.967741e-01 9.983857e-02
5.585630e+03 3.245061e-03 9.967602e-01 9.983788e-02
5.585640e+03 3.259089e-03 9.967462e-01 9.983718e-02
5.585650e+03 3.273209e-03 9.967321e-01 9.983647e-02
5.585660e+03 3.287421e-03 9.967180e-01 9.983576e-02
5.585670e+03 3.301726e-03 9.967037e-01 9.983505e-02
5.585680e+03 3.316125e-03 9.966894e-01 9.983433e-02
5.585690e+03 3.330619e-03 9.966749e-01 9.983361e-02
5.585700e+03 3.345208e-03 9.966604e-01 9.983288e-02
5.585710e+03 3.359894e-03 9.966457e-01 9.983215e-02
5.585720e+03 3.374677e-03 9.966310e-01 9.983141e-02
5.585730e+03 3.389558e-03 9.966162e-01 9.983067e-02
5.585740e+03 3.404538e-03 9.966013e-01 9.982992e-02
5.585750e+03 3.419617e-03 9.965862e-01 9.982917e-02
5.585760e+03 3.434798e-03 9.965711e-01 9.982841e-02
5.585770e+03 3.450080e-03 9.965559e-01 9.982764e-02
5.585780e+03 3.465465e-03 9.965405e-01 9.982688e-02
5.585790e+03 3.480953e-03 9.965251e-01 9.982610e-02
5.585800e+03 3.496546e-03 9.965096e-01 9.982533e-02
5.585810e+03 3.512244e-03 9.964939e-01 9.982454e-02
5.585820e+03 3.528048e-03 9.964782e-01 9.982375e-02
5.585830e+03 3.825429e-03 9.961819e-01 9.980891e-02
5.585840e+03 3.842555e-03 9.961648e-01 9.980806e-02
5.585850e+03 3.859797e-03 9.961476e-01 9.980720e-02
5.585860e+03 3.877156e-03 9.961304e-01 9.980633e-02
5.585870e+03 3.894633e-03 9.961129e-01 9.980546e-02
5.585880e+03 3.912228e-03 9.960954e-01 9.980458e-02
5.585890e+03 3.929944e-03 9.960778e-01 9.980370e-02
5.585900e+03 3.947781e-03 9.960600e-01 9.980281e-02
5.585910e+03 3.965740e-03 9.960421e-01 9.980191e-02
5.585920e+03 3.983822e-03 9.960241e-01 9.980101e-02
5.585930e+03 4.002030e-03 9.960060e-01 9.980010e-02
5.585940e+03 4.020362e-03 9.959877e-01 9.979918e-02
5.585950e+03 4.038822e-03 9.959693e-01 9.979826e-02
5.585960e+03 4.057410e-03 9.959508e-01 9.979734e-02
5.585970e+03 4.353801e-03 9.956557e-01 9.978255e-02
5.585980e+03 4.373740e-03 9.956358e-01 9.978155e-02
5.585990e+03 4.393817e-03 9.956158e-01 9.978055e-02
5.586000e+03 4.414034e-03 9.955957e-01 9.977954e-02
5.586010e+03 4.434393e-03 9.955754e-01 9.977853e-02
5.586020e+03 4.454892e-03 9.955550e-01 9.977750e-02
5.586030e+03 4.475533e-03 9.955345e-01 9.977647e-02
5.586040e+03 4.496321e-03 9.955138e-01 9.977544e-02
5.586050e+03 4.517254e-03 9.954929e-01 9.977439e-02
5.586060e+03 4.538335e-03 9.954719e-01 9.977334e-02
5.586070e+03 4.559565e-03 9.954508e-01 9.977228e-02
5.586080e+03 4.580945e-03 9.954295e-01 9.977121e-02
5.586090e+03 4.602477e-03 9.954081e-01 9.977014e-02
5.586100e+03 4.624162e-03 9.953865e-01 9.976906e-02
5.586110e+03 4.646001e-03 9.953648e-01 9.976797e-02
5.586120e+03 4.667996e-03 9.953429e-01 9.976687e-02
5.586130e+03 4.690150e-03 9.953208e-01 9.976577e-02
5.586140e+03 4.712462e-03 9.952986e-01 9.976465e-02
5.586150e+03 4.734934e-03 9.952763e-01 9.976353e-02
5.586160e+03 4.757569e-03 9.952537e-01 9.976240e-02
5.586170e+03 4.780368e-03 9.952310e-01 9.976127e-02
5.586180e+03 4.803332e-03 9.952082e-01 9.976012e-02
5.586190e+03 4.826463e-03 9.951852e-01 9.975897e-02
5.586200e+03 4.849763e-03 9.951620e-01 9.975781e-02
5.586210e+03 4.873233e-03 9.951386e-01 9.975663e-02
5.586220e+03 4.896875e-03 9.951151e-01 9.975546e-02
5.586230e+03 4.920691e-03 9.950914e-01 9.975427e-02
5.586240e+03 5.056012e-03 9.949567e-01 9.974752e-02
5.586250e+03 5.088329e-03 9.949246e-01 9.974591e-02
5.586260e+03 5.121784e-03 9.948913e-01 9.974424e-02
5.586270e+03 5.156545e-03 9.948567e-01 9.974250e-02
5.586280e+03 5.192817e-03 9.948206e-01 9.974070e-02
5.586290e+03 5.282932e-03 9.947310e-01 9.973620e-02
5.586300e+03 5.323092e-03 9.946911e-01 9.973420e-02
5.586310e+03 5.314009e-03 9.947001e-01 9.973465e-02
5.586320e+03 5.360743e-03 9.946536e-01 9.973232e-02
5.586330e+03 5.413564e-03 9.946011e-01 9.972969e-02
5.586340e+03 5.477854e-03 9.945371e-01 9.972648e-02
5.586350e+03 5.566631e-03 9.944488e-01 9.972206e-02
5.586360e+03 5.710903e-03 9.943054e-01 9.971486e-02
5.586370e+03 5.981693e-03 9.940362e-01 9.970136e-02
5.586380e+03 6.533552e-03 9.934877e-01 9.967386e-02
5.586390e+03 7.683637e-03 9.923458e-01 9.961656e-02
5.586400e+03 1.004272e-02 9.900075e-01 9.949912e-02
5.586410e+03 1.470957e-02 9.853981e-01 9.926722e-02
5.586420e+03 2.352162e-02 9.767529e-01 9.883081e-02
5.586430e+03 3.931613e-02 9.614467e-01 9.805339e-02
5.586440e+03 6.609997e-02 9.360373e-01 9.674902e-02
5.586450e+03 1.089668e-01 8.967602e-01 9.469742e-02
5.586460e+03 1.735747e-01 8.406543e-01 9.168720e-02
5.586470e+03 2.650485e-01 7.671688e-01 8.758817e-02
5.586480e+03 3.863333e-01 6.795440e-01 8.243446e-02
5.586490e+03 5.362875e-01 5.849157e-01 7.647978e-02
5.586500e+03 7.080774e-01 4.925903e-01 7.018478e-02
5.586510e+03 8.885874e-01 4.112363e-01 6.412771e-02
5.586520e+03 1.059441e+00 3.466496e-01 5.887696e-02
5.586530e+03 1.199793e+00 3.012564e-01 5.488683e-02
5.586540e+03 1.290419e+00 2.751554e-01 5.245526e-02
5.586550e+03 1.318017e+00 2.676657e-01 5.173641e-02
5.586560e+03 1.278410e+00 2.784799e-01 5.277119e-02
5.586570e+03 1.177585e+00 3.080216e-01 5.549969e-02
5.586580e+03 1.030212e+00 3.569313e-01 5.974373e-02
5.586590e+03 8.561405e-01 4.247984e-01 6.517656e-02
5.586600e+03 6.760428e-01 5.086258e-01 7.131800e-02
5.586610e+03 5.074955e-01 6.020014e-01 7.758875e-02
5.586620e+03 3.624938e-01 6.959386e-01 8.342294e-02
5.586630e+03 2.467525e-01 7.813340e-01 8.839310e-02
5.586640e+03 1.605327e-01 8.516900e-01 9.228705e-02
5.586650e+03 1.003531e-01 9.045180e-01 9.510615e-02
5.586660e+03 6.113661e-02 9.406947e-01 9.698942e-02
5.586670e+03 3.676215e-02 9.639054e-01 9.817868e-02
5.586680e+03 2.256086e-02 9.776917e-01 9.887830e-02
5.586690e+03 1.474356e-02 9.853646e-01 9.926553e-02
5.586700e+03 1.066990e-02 9.893868e-01 9.946793e-02
5.586710e+03 8.656783e-03 9.913806e-01 9.956810e-02
5.586720e+03 7.713393e-03 9.923163e-01 9.961507e-02
5.586730e+03 7.293733e-03 9.927328e-01 9.963598e-02
5.586740e+03 7.118128e-03 9.929071e-01 9.964473e-02
5.586750e+03 7.051779e-03 9.929730e-01 9.964803e-02
5.586760e+03 7.291956e-03 9.927346e-01 9.963607e-02
5.586770e+03 7.296922e-03 9.927296e-01 9.963582e-02
5.586780e+03 7.312175e-03 9.927145e-01 9.963506e-02
5.586790e+03 7.333127e-03 9.926937e-01 9.963402e-02
5.586800e+03 7.357807e-03 9.926692e-01 9.963279e-02
5.586810e+03 7.385278e-03 9.926419e-01 9.963142e-02
5.586820e+03 7.415018e-03 9.926124e-01 9.962994e-02
5.586830e+03 7.446685e-03 9.925810e-01 9.962836e-02
5.586840e+03 7.480032e-03 9.925479e-01 9.962670e-02
5.586850e+03 7.514866e-03 9.925133e-01 9.962496e-02
5.586860e+03 7.551033e-03 9.924774e-01 9.962316e-02
5.586870e+03 7.588411e-03 9.924403e-01 9.962130e-02
5.586880e+03 7.530605e-03 9.924977e-01 9.962418e-02
5.586890e+03 7.577391e-03 9.924512e-01 9.962185e-02
5.586900e+03 8.085296e-03 9.919473e-01 9.959655e-02
5.586910e+03 8.522547e-03 9.915137e-01 9.957478e-02
5.586920e+03 8.579797e-03 9.914569e-01 9.957193e-02
5.586930e+03 8.637703e-03 9.913995e-01 9.956905e-02
5.586940e+03 9.263762e-03 9.907790e-01 9.953788e-02
5.586950e+03 9.327505e-03 9.907159e-01 9.953471e-02
5.586960e+03 9.391996e-03 9.906520e-01 9.953150e-02
5.586970e+03 9.457248e-03 9.905873e-01 9.952825e-02
5.586980e+03 9.523277e-03 9.905219e-01 9.952497e-02
5.586990e+03 9.590098e-03 9.904557e-01 9.952164e-02
5.587000e+03 9.968340e-03 9.900812e-01 9.950282e-02
5.587010e+03 1.003924e-02 9.900110e-01 9.949930e-02
5.587020e+03 1.011102e-02 9.899399e-01 9.949572e-02
5.587030e+03 1.018367e-02 9.898680e-01 9.949211e-02
5.587040e+03 1.025724e-02 9.897952e-01 9.948845e-02
5.587050e+03 1.081678e-02 9.892415e-01 9.946062e-02
5.587060e+03 1.089993e-02 9.891593e-01 9.945649e-02
5.587070e+03 1.099417e-02 9.890660e-01 9.945180e-02
5.587080e+03 1.108398e-02 9.889772e-01 9.944733e-02
5.587090e+03 1.117680e-02 9.888854e-01 9.944272e-02
5.587100e+03 1.127328e-02 9.887900e-01 9.943792e-02
5.587110e+03 1.137425e-02 9.886902e-01 9.943290e-02
5.587120e+03 1.148076e-02 9.885849e-01 9.942761e-02
5.587130e+03 1.159408e-02 9.884729e-01 9.942197e-02
5.587140e+03 1.171573e-02 9.883526e-01 9.941593e-02
5.587150e+03 1.248558e-02 9.875920e-01 9.937767e-02
5.587160e+03 1.263445e-02 9.874450e-01 9.937027e-02
5.587170e+03 1.368569e-02 9.864075e-01 9.931805e-02
5.587180e+03 1.389480e-02 9.862013e-01 9.930767e-02
5.587190e+03 1.412462e-02 9.859747e-01 9.929626e-02
5.587200e+03 1.437766e-02 9.857252e-01 9.928369e-02
5.587210e+03 1.465630e-02 9.854506e-01 9.926986e-02
5.587220e+03 1.496254e-02 9.851488e-01 9.925466e-02
5.587230e+03 1.529785e-02 9.848186e-01 9.923803e-02
5.587240e+03 1.648389e-02 9.836512e-01 9.917919e-02
5.587250e+03 1.688505e-02 9.832567e-01 9.915930e-02
5.587260e+03 1.731456e-02 9.828345e-01 9.913801e-02
5.587270e+03 1.809759e-02 9.820652e-01 9.909920e-02
5.587280e+03 1.987840e-02 9.803179e-01 9.901100e-02
5.587290e+03 2.100058e-02 9.792184e-01 9.895546e-02
5.587300e+03 2.163514e-02 9.785972e-01 9.892407e-02
5.587310e+03 2.228159e-02 9.779648e-01 9.889210e-02
5.587320e+03 2.293065e-02 9.773303e-01 9.886002e-02
5.587330e+03 2.383442e-02 9.764474e-01 9.881535e-02
5.587340e+03 2.499679e-02 9.753130e-01 9.875794e-02
5.587350e+03 2.596440e-02 9.743698e-01 9.871017e-02
5.587360e+03 2.689438e-02 9.734641e-01 9.866428e-02
5.587370e+03 2.821563e-02 9.721787e-01 9.859912e-02
5.587380e+03 3.041713e-02 9.700408e-01 9.849065e-02
5.587390e+03 3.440396e-02 9.661811e-01 9.829451e-02
5.587400e+03 4.192567e-02 9.589411e-01 9.792554e-02
5.587410e+03 5.517675e-02 9.463179e-01 9.727887e-02
5.587420e+03 7.623045e-02 9.266026e-01 9.626020e-02
5.587430e+03 1.088135e-01 8.968977e-01 9.470468e-02
5.587440e+03 1.549676e-01 8.564429e-01 9.254420e-02
5.587450e+03 2.149151e-01 8.066099e-01 8.981147e-02
5.587460e+03 2.866698e-01 7.507596e-01 8.664638e-02
5.587470e+03 3.623817e-01 6.960167e-01 8.342761e-02
5.587480e+03 4.361357e-01 6.465300e-01 8.040709e-02
5.587490e+03 5.015367e-01 6.055993e-01 7.782026e-02
5.587500e+03 5.553944e-01 5.738459e-01 7.575262e-02
5.587510e+03 6.057940e-01 5.456410e-01 7.386752e-02
5.587520e+03 6.709924e-01 5.112010e-01 7.149832e-02
5.587530e+03 7.821874e-01 4.574044e-01 6.763168e-02
5.587540e+03 9.802186e-01 3.752291e-01 6.125594e-02
5.587550e+03 1.310851e+00 2.695906e-01 5.192212e-02
5.587560e+03 1.815217e+00 1.628026e-01 4.034880e-02
5.587570e+03 2.520424e+00 8.042553e-02 2.835940e-02
5.587580e+03 3.427154e+00 3.247923e-02 1.802200e-02
5.587590e+03 4.498832e+00 1.112198e-02 1.054608e-02
5.587600e+03 5.659448e+00 3.484440e-03 5.902914e-03
5.587610e+03 6.796869e+00 1.117268e-03 3.342556e-03
5.587620e+03 7.774790e+00 4.201956e-04 2.049867e-03
5.587630e+03 8.460875e+00 2.115869e-04 1.454603e-03
5.587640e+03 8.751015e+00 1.583005e-04 1.258175e-03
5.587650e+03 8.608136e+00 1.826141e-04 1.351348e-03
5.587660e+03 8.084594e+00 3.082518e-04 1.755710e-03
5.587670e+03 7.333825e+00 6.530706e-04 2.555525e-03
5.587680e+03 6.612793e+00 1.343075e-03 3.664799e-03
5.587690e+03 6.258925e+00 1.913302e-03 4.374131e-03
5.587700e+03 6.671978e+00 1.265892e-03 3.557938e-03
5.587710e+03 8.277851e+00 2.540827e-04 1.593997e-03
5.587720e+03 1.148298e+01 1.030401e-05 3.209985e-04
5.587730e+03 1.660706e+01 6.132616e-08 2.476412e-05
5.587740e+03 2.377588e+01 4.723508e-11 6.872778e-07
5.587750e+03 3.279457e+01 5.721383e-15 7.563982e-09
5.587760e+03 4.303119e+01 2.050170e-19 4.527880e-11
5.587770e+03 5.338746e+01 6.518105e-24 2.553058e-13
5.587780e+03 6.242672e+01 7.734306e-28 2.781062e-15
5.587790e+03 6.869083e+01 1.472146e-30 1.213320e-16
5.587800e+03 7.112191e+01 1.294633e-31 3.598101e-17
5.587810e+03 6.944554e+01 6.921272e-31 8.319418e-17
5.587820e+03 6.432889e+01 1.154299e-28 1.074383e-15
5.587830e+03 5.723993e+01 1.383617e-25 3.719701e-14
5.587840e+03 5.002957e+01 1.872550e-22 1.368411e-12
5.587850e+03 4.441320e+01 5.147447e-20 2.268799e-11
5.587860e+03 4.154370e+01 9.074055e-19 9.525783e-11
5.587870e+03 4.180468e+01 6.989680e-19 8.360430e-11
5.587880e+03 4.483728e+01 3.368337e-20 1.835303e-11
5.587890e+03 4.975131e+01 2.473331e-22 1.572683e-12
5.587900e+03 5.542051e+01 8.534534e-25 9.238254e-14
5.587910e+03 6.075682e+01 4.108179e-27 6.409508e-15
5.587920e+03 6.489365e+01 6.562129e-29 8.100697e-16
5.587930e+03 6.726173e+01 6.146159e-30 2.479145e-16
5.587940e+03 6.757929e+01 4.473922e-30 2.115165e-16
5.587950e+03 6.580015e+01 2.650674e-29 5.148470e-16
5.587960e+03 6.208277e+01 1.090929e-27 3.302921e-15
5.587970e+03 5.677650e+01 2.199270e-25 4.689637e-14
5.587980e+03 5.042123e+01 1.265721e-22 1.125043e-12
5.587990e+03 4.371796e+01 1.031642e-19 3.211919e-11
5.588000e+03 3.746516e+01 5.359041e-17 7.320547e-10
5.588010e+03 3.246756e+01 7.934481e-15 8.907570e-09
5.588020e+03 2.946692e+01 1.594696e-13 3.993365e-08
5.588030e+03 2.910520e+01 2.289673e-13 4.785053e-08
5.588040e+03 3.193692e+01 1.348874e-14 1.161410e-08
5.588050e+03 3.843574e+01 2.030345e-17 4.505935e-10
5.588060e+03 4.893371e+01 5.602196e-22 2.366896e-12
5.588070e+03 6.344178e+01 2.802764e-28 1.674146e-15
5.588080e+03 8.143065e+01 4.316360e-36 2.077585e-19
5.588090e+03 1.016968e+02 6.817960e-45 8.257094e-24
5.588100e+03 1.224679e+02 6.499405e-54 2.549393e-28
5.588110e+03 1.417827e+02 2.657958e-62 1.630325e-32
5.588120e+03 1.579792e+02 2.457618e-69 4.957437e-36
5.588130e+03 1.700282e+02 1.437791e-74 1.199079e-38
5.588140e+03 1.775455e+02 7.815949e-78 2.795702e-40
5.588150e+03 1.805027e+02 4.061209e-79 6.372761e-41
5.588160e+03 1.789083e+02 2.000385e-78 1.414350e-40
5.588170e+03 1.727193e+02 9.748796e-76 3.122306e-39
5.588180e+03 1.620397e+02 4.236947e-71 6.509184e-37
5.588190e+03 1.474437e+02 9.247342e-65 9.616310e-34
5.588200e+03 1.301762e+02 2.918774e-57 5.402567e-30
5.588210e+03 1.120766e+02 2.117157e-49 4.601258e-26
5.588220e+03 9.525613e+01 4.273542e-42 2.067255e-22
5.588230e+03 8.172251e+01 3.223786e-36 1.795491e-19
5.588240e+03 7.308763e+01 1.813195e-32 1.346549e-17
5.588250e+03 7.041154e+01 2.634251e-31 5.132496e-17
5.588260e+03 7.409787e+01 6.602461e-33 8.125553e-18
5.588270e+03 8.377978e+01 4.120070e-37 6.418777e-20
5.588280e+03 9.817775e+01 2.301155e-43 4.797036e-23
5.588290e+03 1.150578e+02 1.074072e-50 1.036374e-26
5.588300e+03 1.314377e+02 8.266758e-58 2.875197e-30
5.588310e+03 1.441195e+02 2.568608e-63 5.068144e-33
5.588320e+03 1.504555e+02 4.549757e-66 2.133016e-34
5.588330e+03 1.491081e+02 1.750620e-65 4.184042e-34
5.588340e+03 1.404701e+02 9.876661e-62 3.142716e-32
5.588350e+03 1.265784e+02 1.065815e-55 3.264682e-29
5.588360e+03 1.104971e+02 1.027307e-48 1.013561e-25
5.588370e+03 9.541537e+01 3.644455e-42 1.909046e-22
5.588380e+03 8.379264e+01 4.067422e-37 6.377634e-20
5.588390e+03 7.685154e+01 4.205344e-34 2.050693e-18
5.588400e+03 7.451534e+01 4.349118e-33 6.594784e-18
5.588410e+03 7.571458e+01 1.310919e-33 3.620661e-18
5.588420e+03 7.889081e+01 5.472129e-35 7.397384e-19
5.588430e+03 8.248868e+01 1.498378e-36 1.224083e-19
5.588440e+03 8.536644e+01 8.429982e-38 2.903443e-20
5.588450e+03 8.708633e+01 1.509684e-38 1.228692e-20
5.588460e+03 8.811767e+01 5.382468e-39 7.336531e-21
5.588470e+03 8.988435e+01 9.198638e-40 3.032926e-21
5.588480e+03 9.456406e+01 8.537896e-42 2.921968e-22
5.588490e+03 1.044856e+02 4.192581e-46 2.047579e-24
5.588500e+03 1.211668e+02 2.387347e-53 4.886049e-28
5.588510e+03 1.442442e+02 2.267368e-63 4.761689e-33
5.588520e+03 1.708340e+02 6.422854e-75 8.014271e-39
5.588530e+03 1.958055e+02 9.177724e-86 3.029476e-44
5.588540e+03 2.131212e+02 2.770972e-93 5.264002e-48
5.588550e+03 2.178244e+02 2.512158e-95 5.012143e-49
5.588560e+03 2.078500e+02 5.393617e-91 7.344125e-47
5.588570e+03 1.848212e+02 5.409447e-81 7.354895e-42
5.588580e+03 1.534956e+02 2.176200e-67 4.664976e-35
5.588590e+03 1.201614e+02 6.524996e-53 8.077745e-28
5.588600e+03 9.074784e+01 3.878935e-40 1.969501e-21
5.588610e+03 6.938573e+01 7.347855e-31 8.571963e-17
5.588620e+03 5.776907e+01 8.150977e-26 2.854992e-14
5.588630e+03 5.526459e+01 9.974580e-25 9.987282e-14
5.588640e+03 5.949264e+01 1.454369e-26 1.205972e-14
5.588650e+03 6.713872e+01 6.950645e-30 2.636408e-16
5.588660e+03 7.484136e+01 3.139148e-33 5.602810e-18
5.588670e+03 8.001446e+01 1.778933e-35 4.217739e-19
5.588680e+03 8.143035e+01 4.317679e-36 2.077903e-19
5.588690e+03 7.932360e+01 3.549745e-35 5.957973e-19
5.588700e+03 7.499961e+01 2.679693e-33 5.176575e-18
5.588710e+03 7.008773e+01 3.641536e-31 6.034514e-17
5.588720e+03 6.581122e+01 2.621514e-29 5.120072e-16
5.588730e+03 6.259156e+01 6.558899e-28 2.561035e-15
5.588740e+03 6.011569e+01 7.799883e-27 8.831695e-15
5.588750e+03 5.774481e+01 8.351212e-26 2.889846e-14
5.588760e+03 5.499803e+01 1.302142e-24 1.141115e-13
5.588770e+03 5.185715e+01 3.011113e-23 5.487360e-13
5.588780e+03 4.881772e+01 6.291182e-22 2.508223e-12
5.588790e+03 4.675284e+01 4.960211e-21 7.042876e-12
5.588800e+03 4.672210e+01 5.115058e-21 7.151963e-12
5.588810e+03 4.981709e+01 2.315854e-22 1.521793e-12
5.588820e+03 5.701041e+01 1.740571e-25 4.172015e-14
5.588830e+03 6.894803e+01 1.138290e-30 1.066907e-16
5.588840e+03 8.566645e+01 6.245001e-38 2.499000e-20
5.588850e+03 1.063056e+02 6.793031e-47 8.241985e-25
5.588860e+03 1.290091e+02 9.377049e-57 9.683517e-30
5.588870e+03 1.511538e+02 2.263227e-66 1.504403e-34
5.588880e+03 1.699615e+02 1.536974e-74 1.239748e-38
5.588890e+03 1.833001e+02 2.476107e-80 1.573565e-41
5.588900e+03 1.903761e+02 2.092743e-83 4.574651e-43
5.588910e+03 1.919657e+02 4.269253e-84 2.066217e-43
5.588920e+03 1.900932e+02 2.777000e-83 5.269725e-43
5.588930e+03 1.872300e+02 4.864383e-82 2.205535e-42
5.588940e+03 1.854189e+02 2.975841e-81 5.455127e-42
5.588950e+03 1.856664e+02 2.323318e-81 4.820081e-42
5.588960e+03 1.878523e+02 2.610750e-82 1.615782e-42
5.588970e+03 1.910910e+02 1.023862e-83 3.199785e-43
5.588980e+03 1.942929e+02 4.165554e-85 6.454110e-44
5.588990e+03 1.965858e+02 4.205967e-86 2.050845e-44
5.589000e+03 1.974206e+02 1.825228e-86 1.351010e-44
5.589010e+03 1.963623e+02 5.259399e-86 2.293338e-44
5.589020e+03 1.928593e+02 1.746842e-84 1.321681e-43
5.589030e+03 1.862555e+02 1.288991e-81 3.590252e-42
5.589040e+03 1.761525e+02 3.147400e-77 5.610169e-40
5.589050e+03 1.628940e+02 1.803240e-71 4.246457e-37
5.589060e+03 1.477659e+02 6.699968e-65 8.185333e-34
5.589070e+03 1.326479e+02 2.464695e-58 1.569935e-30
5.589080e+03 1.192366e+02 1.645132e-52 1.282627e-27
5.589090e+03 1.083676e+02 8.640629e-48 2.939495e-25
5.589100e+03 9.991910e+01 4.033554e-44 2.008371e-23
5.589110e+03 9.343633e+01 2.637043e-41 5.135215e-22
5.589120e+03 8.910827e+01 1.998798e-39 4.470792e-21
5.589130e+03 8.851080e+01 3.632842e-39 6.027306e-21
5.589140e+03 9.463350e+01 7.965114e-42 2.822253e-22
5.589150e+03 1.110797e+02 5.737162e-49 7.574405e-26
5.589160e+03 1.406678e+02 8.104820e-62 2.846897e-32
5.589170e+03 1.839492e+02 1.293778e-80 1.137444e-41
5.589180e+03 2.382812e+02 3.279287e-104 1.810880e-53
5.589190e+03 2.979872e+02 3.852887e-130 1.962877e-66
5.589200e+03 3.557633e+02 3.118736e-155 5.584564e-79
5.589210e+03 4.048866e+02 1.445346e-176 1.202225e-89
5.589220e+03 4.412832e+02 2.255025e-192 1.501674e-97
5.589230e+03 4.645177e+02 1.830339e-202 1.352900e-102
5.589240e+03 4.772986e+02 5.150528e-208 2.269477e-105
5.589250e+03 4.837808e+02 7.882585e-211 8.878392e-107
5.589260e+03 4.874447e+02 2.020429e-212 1.421418e-107
5.589270e+03 4.893564e+02 2.986937e-213 5.465288e-108
5.589280e+03 4.874584e+02 1.992927e-212 1.411711e-107
5.589290e+03 4.772110e+02 5.622040e-208 2.371084e-105
5.589300e+03 4.535636e+02 1.046687e-197 3.235255e-100
5.589310e+03 4.135868e+02 2.407254e-180 1.551533e-91
5.589320e+03 3.585756e+02 1.873210e-156 1.368653e-79
5.589330e+03 2.945390e+02 1.211490e-128 1.100677e-65
5.589340e+03 2.306915e+02 6.485772e-101 8.053429e-52
5.589350e+03 1.767695e+02 1.698161e-77 4.120875e-40
5.589360e+03 1.405034e+02 9.553575e-62 3.090886e-32
5.589370e+03 1.263382e+02 1.355279e-55 3.681412e-29
5.589380e+03 1.356238e+02 1.257003e-59 3.545424e-31
5.589390e+03 1.677397e+02 1.417620e-73 3.765130e-38
5.589400e+03 2.213625e+02 7.302868e-97 8.545682e-50
5.589410e+03 2.952561e+02 5.914232e-129 7.690404e-66
5.589420e+03 3.882253e+02 2.488193e-169 4.988179e-86
5.589430e+03 4.981539e+02 4.513681e-217 6.718393e-110
5.589440e+03 6.203602e+02 3.810555e-270 1.952064e-136
5.589450e+03 7.460673e+02 0.000000e+00 0.000000e+00
5.589460e+03 8.621293e+02 0.000000e+00 0.000000e+00
5.589470e+03 9.530493e+02 0.000000e+00 0.000000e+00
5.589480e+03 1.005182e+03 0.000000e+00 0.000000e+00
5.589490e+03 1.011523e+03 0.000000e+00 0.000000e+00
5.589500e+03 9.746035e+02 0.000000e+00 0.000000e+00
5.589510e+03 9.056985e+02 0.000000e+00 0.000000e+00
5.589520e+03 8.205956e+02 0.000000e+00 0.000000e+00
5.589530e+03 7.341966e+02 1.388275e-319 3.725956e-161
5.589540e+03 6.567222e+02 6.154335e-286 2.480793e-144
5.589550e+03 5.929825e+02 2.957916e-258 1.719859e-130
5.589560e+03 5.440540e+02 5.252362e-237 7.247318e-120
5.589570e+03 5.094621e+02 5.539067e-222 2.353522e-112
5.589580e+03 4.882128e+02 9.372454e-213 9.681143e-108
5.589590e+03 4.784881e+02 1.567736e-208 1.252093e-105
5.589600e+03 4.771180e+02 6.169929e-208 2.483934e-105
5.589610e+03 4.801692e+02 2.918630e-209 5.402434e-106
5.589620e+03 4.849582e+02 2.428445e-211 4.927925e-107
5.589630e+03 4.923667e+02 1.471830e-214 1.213190e-108
5.589640e+03 5.076370e+02 3.436001e-221 5.861741e-112
5.589650e+03 5.383392e+02 1.593079e-234 1.262172e-118
5.589660e+03 5.899330e+02 6.242584e-257 7.901003e-130
5.589670e+03 6.611017e+02 7.712014e-288 2.777051e-145
5.589680e+03 7.417942e+02 6.916919e-323 8.316802e-163
5.589690e+03 8.158447e+02 0.000000e+00 0.000000e+00
5.589700e+03 8.676365e+02 0.000000e+00 0.000000e+00
5.589710e+03 8.897781e+02 0.000000e+00 0.000000e+00
5.589720e+03 8.878050e+02 0.000000e+00 0.000000e+00
5.589730e+03 8.792459e+02 0.000000e+00 0.000000e+00
5.589740e+03 8.872977e+02 0.000000e+00 0.000000e+00
5.589750e+03 9.321751e+02 0.000000e+00 0.000000e+00
5.589760e+03 1.024239e+03 0.000000e+00 0.000000e+00
5.589770e+03 1.161737e+03 0.000000e+00 0.000000e+00
5.589780e+03 1.333225e+03 0.000000e+00 0.000000e+00
5.589790e+03 1.522129e+03 0.000000e+00 0.000000e+00
5.589800e+03 1.710164e+03 0.000000e+00 0.000000e+00
5.589810e+03 1.878023e+03 0.000000e+00 0.000000e+00
5.589820e+03 2.004615e+03 0.000000e+00 0.000000e+00
5.589830e+03 2.068023e+03 0.000000e+00 0.000000e+00
5.589840e+03 2.050275e+03 0.000000e+00 0.000000e+00
5.589850e+03 1.944797e+03 0.000000e+00 0.000000e+00
5.589860e+03 1.762388e+03 0.000000e+00 0.000000e+00
5.589870e+03 1.531528e+03 0.000000e+00 0.000000e+00
5.589880e+03 1.291820e+03 0.000000e+00 0.000000e+00
5.589890e+03 1.083322e+03 0.000000e+00 0.000000e+00
5.589900e+03 9.365313e+02 0.000000e+00 0.000000e+00
5.589910e+03 8.668484e+02 0.000000e+00 0.000000e+00
5.589920e+03 8.746783e+02 0.000000e+00 0.000000e+00
5.589930e+03 9.497759e+02 0.000000e+00 0.000000e+00
5.589940e+03 1.077300e+03 0.000000e+00 0.000000e+00
5.589950e+03 1.243196e+03 0.000000e+00 0.000000e+00
5.589960e+03 1.437303e+03 0.000000e+00 0.000000e+00
5.589970e+03 1.653447e+03 0.000000e+00 0.000000e+00
5.589980e+03 1.886699e+03 0.000000e+00 0.000000e+00
5.589990e+03 2.129029e+03 0.000000e+00 0.000000e+00
5.590000e+03 2.365628e+03 0.000000e+00 0.000000e+00
5.590010e+03 2.574257e+03 0.000000e+00 0.000000e+00
5.590020e+03 2.728991e+03 0.000000e+00 0.000000e+00
5.590030e+03 2.807472e+03 0.000000e+00 0.000000e+00
5.590040e+03 2.798768e+03 0.000000e+00 0.000000e+00
5.590050e+03 2.708164e+03 0.000000e+00 0.000000e+00
5.590060e+03 2.556496e+03 0.000000e+00 0.000000e+00
5.590070e+03 2.374214e+03 0.000000e+00 0.000000e+00
5.590080e+03 2.192907e+03 0.000000e+00 0.000000e+00
5.590090e+03 2.037938e+03 0.000000e+00 0.000000e+00
5.590100e+03 1.924695e+03 0.000000e+00 0.000000e+00
5.590110e+03 1.858707e+03 0.000000e+00 0.000000e+00
5.590120e+03 1.837806e+03 0.000000e+00 0.000000e+00
5.590130e+03 1.854186e+03 0.000000e+00 0.000000e+00
5.590140e+03 1.895343e+03 0.000000e+00 0.000000e+00
5.590150e+03 1.944583e+03 0.000000e+00 0.000000e+00
5.590160e+03 1.982503e+03 0.000000e+00 0.000000e+00
5.590170e+03 1.990235e+03 0.000000e+00 0.000000e+00
5.590180e+03 1.953857e+03 0.000000e+00 0.000000e+00
5.590190e+03 1.868429e+03 0.000000e+00 0.000000e+00
5.590200e+03 1.740233e+03 0.000000e+00 0.000000e+00
5.590210e+03 1.586604e+03 0.000000e+00 0.000000e+00
5.590220e+03 1.433557e+03 0.000000e+00 0.000000e+00
5.590230e+03 1.311783e+03 0.000000e+00 0.000000e+00
5.590240e+03 1.251532e+03 0.000000e+00 0.000000e+00
5.590250e+03 1.276705e+03 0.000000e+00 0.000000e+00
5.590260e+03 1.398527e+03 0.000000e+00 0.000000e+00
5.590270e+03 1.609633e+03 0.000000e+00 0.000000e+00
5.590280e+03 1.880624e+03 0.000000e+00 0.000000e+00
5.590290e+03 2.162041e+03 0.000000e+00 0.000000e+00
5.590300e+03 2.394149e+03 0.000000e+00 0.000000e+00
5.590310e+03 2.523618e+03 0.000000e+00 0.000000e+00
5.590320e+03 2.521615e+03 0.000000e+00 0.000000e+00
5.590330e+03 2.395080e+03 0.000000e+00 0.000000e+00
5.590340e+03 2.184945e+03 0.000000e+00 0.000000e+00
5.590350e+03 1.951362e+03 0.000000e+00 0.000000e+00
5.590360e+03 1.752708e+03 0.000000e+00 0.000000e+00
5.590370e+03 1.627905e+03 0.000000e+00 0.000000e+00
5.590380e+03 1.588829e+03 0.000000e+00 0.000000e+00
5.590390e+03 1.623868e+03 0.000000e+00 0.000000e+00
5.590400e+03 1.708563e+03 0.000000e+00 0.000000e+00
5.590410e+03 1.817576e+03 0.000000e+00 0.000000e+00
5.590420e+03 1.933340e+03 0.000000e+00 0.000000e+00
5.590430e+03 2.049436e+03 0.000000e+00 0.000000e+00
5.590440e+03 2.168998e+03 0.000000e+00 0.000000e+00
5.590450e+03 2.299913e+03 0.000000e+00 0.000000e+00
5.590460e+03 2.449177e+03 0.000000e+00 0.000000e+00
5.590470e+03 2.618592e+03 0.000000e+00 0.000000e+00
5.590480e+03 2.803370e+03 0.000000e+00 0.000000e+00
5.590490e+03 2.993849e+03 0.000000e+00 0.000000e+00
5.590500e+03 3.179224e+03 0.000000e+00 0.000000e+00
5.590510e+03 3.351208e+03 0.000000e+00 0.000000e+00
5.590520e+03 3.505625e+03 0.000000e+00 0.000000e+00
5.590530e+03 3.641057e+03 0.000000e+00 0.000000e+00
5.590540e+03 3.755317e+03 0.000000e+00 0.000000e+00
5.590550e+03 3.841843e+03 0.000000e+00 0.000000e+00
5.590560e+03 3.888294e+03 0.000000e+00 0.000000e+00
5.590570e+03 3.878640e+03 0.000000e+00 0.000000e+00
5.590580e+03 3.798178e+03 0.000000e+00 0.000000e+00
5.590590e+03 3.639345e+03 0.000000e+00 0.000000e+00
5.590600e+03 3.405655e+03 0.000000e+00 0.000000e+00
5.590610e+03 3.111958e+03 0.000000e+00 0.000000e+00
5.590620e+03 2.780966e+03 0.000000e+00 0.000000e+00
5.590630e+03 2.437661e+03 0.000000e+00 0.000000e+00
5.590640e+03 2.103939e+03 0.000000e+00 0.000000e+00
5.590650e+03 1.795361e+03 0.000000e+00 0.000000e+00
5.590660e+03 1.520603e+03 0.000000e+00 0.000000e+00
5.590670e+03 1.282971e+03 0.000000e+00 0.000000e+00
5.590680e+03 1.082641e+03 0.000000e+00 0.000000e+00
5.590690e+03 9.184015e+02 0.000000e+00 0.000000e+00
5.590700e+03 7.882771e+02 0.000000e+00 0.000000e+00
5.590710e+03 6.891629e+02 5.015976e-300 2.239638e-151
5.590720e+03 6.161172e+02 2.652678e-268 1.628704e-135
5.590730e+03 5.620816e+02 7.781130e-245 8.821071e-124
5.590740e+03 5.185630e+02 6.179741e-226 2.485909e-114
5.590750e+03 4.772324e+02 5.503196e-208 2.345889e-105
5.590760e+03 4.318965e+02 2.689887e-188 1.640088e-95
5.590770e+03 3.800192e+02 9.114805e-166 3.019074e-84
5.590780e+03 3.231558e+02 4.521060e-141 6.723883e-72
5.590790e+03 2.661550e+02 2.572486e-116 1.603897e-59
5.590800e+03 2.155453e+02 2.453914e-94 1.566497e-48
5.590810e+03 1.778391e+02 5.827281e-78 2.413976e-40
5.590820e+03 1.584097e+02 1.597850e-69 3.997312e-36
5.590830e+03 1.612792e+02 9.064236e-71 9.520628e-37
5.590840e+03 1.897019e+02 4.106965e-83 6.408561e-43
5.590850e+03 2.470744e+02 4.977055e-108 2.230931e-55
5.590860e+03 3.374634e+02 2.763826e-147 5.257210e-75
5.590870e+03 4.649836e+02 1.148703e-202 1.071776e-102
5.590880e+03 6.314797e+02 5.647663e-275 7.515093e-139
5.590890e+03 8.327369e+02 0.000000e+00 0.000000e+00
5.590900e+03 1.054611e+03 0.000000e+00 0.000000e+00
5.590910e+03 1.271487e+03 0.000000e+00 0.000000e+00
5.590920e+03 1.449375e+03 0.000000e+00 0.000000e+00
5.590930e+03 1.554152e+03 0.000000e+00 0.000000e+00
5.590940e+03 1.562580e+03 0.000000e+00 0.000000e+00
5.590950e+03 1.471387e+03 0.000000e+00 0.000000e+00
5.590960e+03 1.299952e+03 0.000000e+00 0.000000e+00
5.590970e+03 1.085003e+03 0.000000e+00 0.000000e+00
5.590980e+03 8.696829e+02 0.000000e+00 0.000000e+00
5.590990e+03 6.918057e+02 3.569314e-301 5.974374e-152
5.591000e+03 5.757700e+02 8.836073e-251 9.400039e-127
5.591010e+03 5.299594e+02 6.943276e-231 8.332632e-117
5.591020e+03 5.487035e+02 5.024392e-239 7.088294e-121
5.591030e+03 6.164686e+02 1.866782e-268 1.366302e-135
5.591040e+03 7.122664e+02 4.641077e-310 2.154316e-156
5.591050e+03 8.134053e+02 0.000000e+00 0.000000e+00
5.591060e+03 8.986341e+02 0.000000e+00 0.000000e+00
5.591070e+03 9.509160e+02 0.000000e+00 0.000000e+00
5.591080e+03 9.597444e+02 0.000000e+00 0.000000e+00
5.591090e+03 9.225281e+02 0.000000e+00 0.000000e+00
5.591100e+03 8.445291e+02 0.000000e+00 0.000000e+00
5.591110e+03 7.371947e+02 6.926800e-321 8.322740e-162
5.591120e+03 6.152340e+02 6.416052e-268 2.532993e-135
5.591130e+03 4.932415e+02 6.137015e-215 7.833910e-109
5.591140e+03 3.827907e+02 5.702889e-167 7.551747e-85
5.591150e+03 2.907311e+02 5.458878e-127 7.388422e-65
5.591160e+03 2.189652e+02 8.028078e-96 2.833386e-49
5.591170e+03 1.655164e+02 1.309590e-72 1.144373e-37
5.591180e+03 1.263002e+02 1.407665e-55 3.751886e-29
5.591190e+03 9.690834e+01 8.189259e-43 9.049453e-23
5.591200e+03 7.385089e+01 8.452092e-33 9.193526e-18
5.591210e+03 5.502541e+01 1.266973e-24 1.125599e-13
5.591220e+03 3.951631e+01 6.891011e-18 2.625074e-10
5.591230e+03 2.707708e+01 1.740103e-12 1.319130e-07
5.591240e+03 1.760928e+01 2.251064e-08 1.500354e-05
5.591250e+03 1.086916e+01 1.903639e-05 4.363072e-04
5.591260e+03 6.406991e+00 1.649982e-03 4.061997e-03
5.591270e+03 3.660895e+00 2.570950e-02 1.603418e-02
5.591280e+03 2.083686e+00 1.244706e-01 3.528039e-02
5.591290e+03 1.231823e+00 2.917602e-01 5.401483e-02
5.591300e+03 7.928731e-01 4.525427e-01 6.727130e-02
5.591310e+03 5.720991e-01 5.643396e-01 7.512254e-02
5.591320e+03 4.592764e-01 6.317406e-01 7.948211e-02
5.591330e+03 3.983012e-01 6.714597e-01 8.194265e-02
5.591340e+03 3.613505e-01 6.967348e-01 8.347064e-02
5.591350e+03 3.356207e-01 7.148942e-01 8.455142e-02
5.591360e+03 3.165175e-01 7.286823e-01 8.536289e-02
5.591370e+03 3.006495e-01 7.403372e-01 8.604285e-02
5.591380e+03 2.868157e-01 7.506500e-01 8.664006e-02
5.591390e+03 2.744204e-01 7.600125e-01 8.717870e-02
5.591400e+03 2.624027e-01 7.692012e-01 8.770411e-02
5.591410e+03 2.514098e-01 7.777036e-01 8.818751e-02
5.591420e+03 2.418663e-01 7.851611e-01 8.860932e-02
5.591430e+03 2.330094e-01 7.921461e-01 8.900259e-02
5.591440e+03 2.245613e-01 7.988666e-01 8.937934e-02
5.591450e+03 2.168670e-01 8.050371e-01 8.972386e-02
5.591460e+03 2.089702e-01 8.114194e-01 9.007882e-02
5.591470e+03 2.022130e-01 8.169209e-01 9.038368e-02
5.591480e+03 1.958542e-01 8.221321e-01 9.067150e-02
5.591490e+03 1.893134e-01 8.275271e-01 9.096852e-02
5.591500e+03 1.836830e-01 8.321996e-01 9.122497e-02
5.591510e+03 1.782671e-01 8.367189e-01 9.147234e-02
5.591520e+03 1.732186e-01 8.409538e-01 9.170353e-02
5.591530e+03 1.684242e-01 8.449953e-01 9.192363e-02
5.591540e+03 1.638648e-01 8.488568e-01 9.213342e-02
5.591550e+03 1.595230e-01 8.525503e-01 9.233365e-02
5.591560e+03 1.544561e-01 8.568811e-01 9.256787e-02
5.591570e+03 1.505187e-01 8.602617e-01 9.275029e-02
5.591580e+03 1.467561e-01 8.635045e-01 9.292494e-02
5.591590e+03 1.427565e-01 8.669651e-01 9.311096e-02
5.591600e+03 1.385971e-01 8.705787e-01 9.330481e-02
5.591610e+03 1.343768e-01 8.742606e-01 9.350190e-02
5.591620e+03 1.307361e-01 8.774493e-01 9.367226e-02
5.591630e+03 1.277391e-01 8.800830e-01 9.381274e-02
5.591640e+03 1.248595e-01 8.826209e-01 9.394791e-02
5.591650e+03 1.220905e-01 8.850683e-01 9.407807e-02
5.591660e+03 1.194259e-01 8.874297e-01 9.420349e-02
5.591670e+03 1.168600e-01 8.897098e-01 9.432443e-02
5.591680e+03 1.143872e-01 8.919125e-01 9.444112e-02
5.591690e+03 1.120028e-01 8.940418e-01 9.455378e-02
5.591700e+03 1.097019e-01 8.961012e-01 9.466262e-02
5.591710e+03 1.074805e-01 8.980941e-01 9.476782e-02
5.591720e+03 1.050293e-01 9.002981e-01 9.488404e-02
5.591730e+03 1.026613e-01 9.024325e-01 9.499645e-02
5.591740e+03 1.006642e-01 9.042366e-01 9.509136e-02
5.591750e+03 9.873174e-02 9.059857e-01 9.518328e-02
5.591760e+03 9.686092e-02 9.076822e-01 9.527236e-02
5.591770e+03 9.504889e-02 9.093285e-01 9.535872e-02
5.591780e+03 9.193612e-02 9.121634e-01 9.550725e-02
5.591790e+03 8.965939e-02 9.142425e-01 9.561603e-02
5.591800e+03 8.803592e-02 9.157280e-01 9.569368e-02
5.591810e+03 8.646084e-02 9.171715e-01 9.576907e-02
5.591820e+03 8.493208e-02 9.185747e-01 9.584230e-02
5.591830e+03 8.263018e-02 9.206916e-01 9.595267e-02
5.591840e+03 8.121308e-02 9.219972e-01 9.602069e-02
5.591850e+03 7.983562e-02 9.232681e-01 9.608684e-02
5.591860e+03 7.849621e-02 9.245056e-01 9.615121e-02
5.591870e+03 7.661484e-02 9.262465e-01 9.624170e-02
5.591880e+03 7.510176e-02 9.276491e-01 9.631454e-02
5.591890e+03 7.387847e-02 9.287846e-01 9.637347e-02
5.591900e+03 7.242824e-02 9.301325e-01 9.644338e-02
5.591910e+03 7.127227e-02 9.312083e-01 9.649914e-02
5.591920e+03 7.014611e-02 9.322576e-01 9.655349e-02
5.591930e+03 6.904866e-02 9.332813e-01 9.660648e-02
5.591940e+03 6.797890e-02 9.342802e-01 9.665817e-02
5.591950e+03 6.693581e-02 9.352552e-01 9.670859e-02
5.591960e+03 6.591847e-02 9.362072e-01 9.675780e-02
5.591970e+03 6.492598e-02 9.371368e-01 9.680583e-02
5.591980e+03 6.395746e-02 9.380449e-01 9.685272e-02
5.591990e+03 6.271171e-02 9.392142e-01 9.691306e-02
5.592000e+03 6.179335e-02 9.400771e-01 9.695758e-02
5.592010e+03 6.089650e-02 9.409206e-01 9.700106e-02
5.592020e+03 6.002047e-02 9.417453e-01 9.704356e-02
5.592030e+03 5.878552e-02 9.429090e-01 9.710350e-02
5.592040e+03 5.795203e-02 9.436952e-01 9.714398e-02
5.592050e+03 5.713736e-02 9.444643e-01 9.718355e-02
5.592060e+03 5.578350e-02 9.457439e-01 9.724936e-02
5.592070e+03 5.500901e-02 9.464766e-01 9.728703e-02
5.592080e+03 5.425157e-02 9.471938e-01 9.732388e-02
5.592090e+03 5.351065e-02 9.478958e-01 9.735994e-02
5.592100e+03 5.278576e-02 9.485832e-01 9.739524e-02
5.592110e+03 5.207639e-02 9.492564e-01 9.742979e-02
5.592120e+03 5.107586e-02 9.502066e-01 9.747854e-02
5.592130e+03 5.039855e-02 9.508504e-01 9.751156e-02
5.592140e+03 4.973540e-02 9.514811e-01 9.754390e-02
5.592150e+03 4.908601e-02 9.520992e-01 9.757557e-02
5.592160e+03 4.844996e-02 9.527050e-01 9.760661e-02
5.592170e+03 4.782688e-02 9.532988e-01 9.763702e-02
5.592180e+03 4.721640e-02 9.538810e-01 9.766683e-02
5.592190e+03 4.661816e-02 9.544518e-01 9.769605e-02
5.592200e+03 4.603183e-02 9.550116e-01 9.772469e-02
5.592210e+03 4.545707e-02 9.555606e-01 9.775278e-02
5.592220e+03 4.489356e-02 9.560992e-01 9.778033e-02
5.592230e+03 4.434100e-02 9.566277e-01 9.780735e-02
5.592240e+03 4.379910e-02 9.571462e-01 9.783385e-02
5.592250e+03 4.326757e-02 9.576551e-01 9.785985e-02
5.592260e+03 4.274612e-02 9.581546e-01 9.788537e-02
5.592270e+03 4.160246e-02 9.592510e-01 9.794136e-02
5.592280e+03 4.110531e-02 9.597281e-01 9.796571e-02
5.592290e+03 4.061743e-02 9.601964e-01 9.798961e-02
5.592300e+03 4.013858e-02 9.606563e-01 9.801308e-02
5.592310e+03 3.966851e-02 9.611080e-01 9.803611e-02
5.592320e+03 3.920703e-02 9.615516e-01 9.805874e-02
5.592330e+03 3.875389e-02 9.619874e-01 9.808096e-02
5.592340e+03 3.830891e-02 9.624156e-01 9.810278e-02
5.592350e+03 3.787187e-02 9.628363e-01 9.812422e-02
5.592360e+03 3.662901e-02 9.640337e-01 9.818522e-02
5.592370e+03 3.621358e-02 9.644343e-01 9.820562e-02
5.592380e+03 3.580546e-02 9.648280e-01 9.822566e-02
5.592390e+03 3.540446e-02 9.652149e-01 9.824535e-02
5.592400e+03 3.501042e-02 9.655954e-01 9.826471e-02
5.592410e+03 3.462317e-02 9.659694e-01 9.828374e-02
5.592420e+03 3.424255e-02 9.663371e-01 9.830245e-02
5.592430e+03 3.386840e-02 9.666987e-01 9.832084e-02
5.592440e+03 3.350057e-02 9.670544e-01 9.833892e-02
5.592450e+03 3.313892e-02 9.674042e-01 9.835671e-02
5.592460e+03 3.278330e-02 9.677483e-01 9.837420e-02
5.592470e+03 3.243357e-02 9.680868e-01 9.839140e-02
5.592480e+03 3.208961e-02 9.684198e-01 9.840832e-02
5.592490e+03 3.175127e-02 9.687475e-01 9.842497e-02
5.592500e+03 3.141844e-02 9.690700e-01 9.844135e-02
5.592510e+03 3.109099e-02 9.693874e-01 9.845747e-02
5.592520e+03 3.076881e-02 9.696997e-01 9.847333e-02
5.592530e+03 2.997038e-02 9.704743e-01 9.851265e-02
5.592540e+03 2.966210e-02 9.707735e-01 9.852784e-02
5.592550e+03 2.935871e-02 9.710681e-01 9.854279e-02
5.592560e+03 2.906010e-02 9.713581e-01 9.855750e-02
5.592570e+03 2.876615e-02 9.716437e-01 9.857199e-02
5.592580e+03 2.800292e-02 9.723855e-01 9.860961e-02
5.592590e+03 2.772170e-02 9.726590e-01 9.862348e-02
5.592600e+03 2.744481e-02 9.729284e-01 9.863713e-02
5.592610e+03 2.717217e-02 9.731937e-01 9.865058e-02
5.592620e+03 2.690369e-02 9.734550e-01 9.866382e-02
5.592630e+03 2.663929e-02 9.737124e-01 9.867687e-02
5.592640e+03 2.637887e-02 9.739660e-01 9.868972e-02
5.592650e+03 2.612235e-02 9.742159e-01 9.870238e-02
5.592660e+03 2.586966e-02 9.744621e-01 9.871485e-02
5.592670e+03 2.535938e-02 9.749595e-01 9.874004e-02
5.592680e+03 2.511613e-02 9.751967e-01 9.875205e-02
5.592690e+03 2.487646e-02 9.754304e-01 9.876388e-02
5.592700e+03 2.426129e-02 9.760307e-01 9.879426e-02
5.592710e+03 2.403148e-02 9.762550e-01 9.880562e-02
5.592720e+03 2.380501e-02 9.764761e-01 9.881681e-02
5.592730e+03 2.301540e-02 9.772474e-01 9.885583e-02
5.592740e+03 2.279978e-02 9.774582e-01 9.886648e-02
5.592750e+03 2.198703e-02 9.782529e-01 9.890667e-02
5.592760e+03 2.178218e-02 9.784533e-01 9.891680e-02
5.592770e+03 2.158025e-02 9.786509e-01 9.892679e-02
5.592780e+03 2.094287e-02 9.792749e-01 9.895832e-02
5.592790e+03 2.075000e-02 9.794638e-01 9.896786e-02
5.592800e+03 2.055985e-02 9.796501e-01 9.897727e-02
5.592810e+03 2.037235e-02 9.798338e-01 9.898655e-02
5.592820e+03 2.018746e-02 9.800149e-01 9.899570e-02
5.592830e+03 2.000514e-02 9.801936e-01 9.900473e-02
5.592840e+03 1.982532e-02 9.803699e-01 9.901363e-02
5.592850e+03 1.964797e-02 9.805438e-01 9.902241e-02
5.592860e+03 1.947305e-02 9.807153e-01 9.903107e-02
5.592870e+03 1.930050e-02 9.808846e-01 9.903962e-02
5.592880e+03 1.913027e-02 9.810515e-01 9.904805e-02
5.592890e+03 1.896234e-02 9.812163e-01 9.905636e-02
5.592900e+03 1.879666e-02 9.813789e-01 9.906457e-02
5.592910e+03 1.863318e-02 9.815393e-01 9.907267e-02
5.592920e+03 1.847187e-02 9.816977e-01 9.908066e-02
5.592930e+03 1.831269e-02 9.818540e-01 9.908854e-02
5.592940e+03 1.815559e-02 9.820082e-01 9.909633e-02
5.592950e+03 1.800055e-02 9.821605e-01 9.910401e-02
5.592960e+03 1.784753e-02 9.823108e-01 9.911159e-02
5.592970e+03 1.769649e-02 9.824592e-01 9.911908e-02
5.592980e+03 1.754739e-02 9.826057e-01 9.912647e-02
5.592990e+03 1.740021e-02 9.827503e-01 9.913376e-02
5.593000e+03 1.651528e-02 9.836203e-01 9.917764e-02
5.593010e+03 1.637756e-02 9.837558e-01 9.918447e-02
5.593020e+03 1.624159e-02 9.838896e-01 9.919121e-02
5.593030e+03 1.610733e-02 9.840217e-01 9.919787e-02
5.593040e+03 1.597477e-02 9.841522e-01 9.920444e-02
5.593050e+03 1.584386e-02 9.842810e-01 9.921094e-02
5.593060e+03 1.571459e-02 9.844082e-01 9.921735e-02
5.593070e+03 1.558692e-02 9.845339e-01 9.922368e-02
5.593080e+03 1.546083e-02 9.846581e-01 9.922994e-02
5.593090e+03 1.533629e-02 9.847807e-01 9.923612e-02
5.593100e+03 1.521328e-02 9.849019e-01 9.924222e-02
5.593110e+03 1.509177e-02 9.850215e-01 9.924825e-02
5.593120e+03 1.440352e-02 9.856997e-01 9.928241e-02
5.593130e+03 1.428933e-02 9.858123e-01 9.928808e-02
5.593140e+03 1.417653e-02 9.859235e-01 9.929368e-02
5.593150e+03 1.406508e-02 9.860334e-01 9.929921e-02
5.593160e+03 1.365053e-02 9.864422e-01 9.931980e-02
5.593170e+03 1.354408e-02 9.865472e-01 9.932508e-02
5.593180e+03 1.343890e-02 9.866510e-01 9.933031e-02
5.593190e+03 1.333496e-02 9.867536e-01 9.933547e-02
5.593200e+03 1.323224e-02 9.868549e-01 9.934057e-02
5.593210e+03 1.313072e-02 9.869551e-01 9.934561e-02
5.593220e+03 1.303038e-02 9.870541e-01 9.935060e-02
5.593230e+03 1.293122e-02 9.871520e-01 9.935552e-02
5.593240e+03 1.240879e-02 9.876679e-01 9.938148e-02
5.593250e+03 1.231518e-02 9.877603e-01 9.938613e-02
5.593260e+03 1.222265e-02 9.878517e-01 9.939073e-02
5.593270e+03 1.213117e-02 9.879421e-01 9.939528e-02
5.593280e+03 1.204073e-02 9.880315e-01 9.939977e-02
5.593290e+03 1.195132e-02 9.881198e-01 9.940422e-02
5.593300e+03 1.186292e-02 9.882072e-01 9.940861e-02
5.593310e+03 1.177551e-02 9.882936e-01 9.941295e-02
5.593320e+03 1.139527e-02 9.886694e-01 9.943186e-02
5.593330e+03 1.131208e-02 9.887517e-01 9.943599e-02
5.593340e+03 1.122981e-02 9.888330e-01 9.944008e-02
5.593350e+03 1.114846e-02 9.889135e-01 9.944413e-02
5.593360e+03 1.106799e-02 9.889930e-01 9.944813e-02
5.593370e+03 1.098842e-02 9.890717e-01 9.945209e-02
5.593380e+03 1.090971e-02 9.891496e-01 9.945600e-02
5.593390e+03 1.083185e-02 9.892266e-01 9.945987e-02
5.593400e+03 1.075484e-02 9.893028e-01 9.946370e-02
5.593410e+03 1.067867e-02 9.893781e-01 9.946749e-02
5.593420e+03 1.060331e-02 9.894527e-01 9.947124e-02
5.593430e+03 1.052876e-02 9.895265e-01 9.947495e-02
5.593440e+03 1.045500e-02 9.895995e-01 9.947861e-02
5.593450e+03 1.038203e-02 9.896717e-01 9.948224e-02
5.593460e+03 1.030983e-02 9.897431e-01 9.948583e-02
5.593470e+03 1.023840e-02 9.898138e-01 9.948939e-02
5.593480e+03 9.675616e-03 9.903710e-01 9.951739e-02
5.593490e+03 9.609482e-03 9.904365e-01 9.952068e-02
5.593500e+03 9.544034e-03 9.905014e-01 9.952394e-02
5.593510e+03 9.479262e-03 9.905655e-01 9.952716e-02
5.593520e+03 9.415158e-03 9.906290e-01 9.953035e-02
5.593530e+03 9.351711e-03 9.906919e-01 9.953351e-02
5.593540e+03 9.288912e-03 9.907541e-01 9.953663e-02
5.593550e+03 9.226753e-03 9.908157e-01 9.953972e-02
5.593560e+03 9.165225e-03 9.908766e-01 9.954279e-02
5.593570e+03 9.104320e-03 9.909370e-01 9.954582e-02
5.593580e+03 9.044028e-03 9.909967e-01 9.954882e-02
5.593590e+03 8.984342e-03 9.910559e-01 9.955179e-02
5.593600e+03 8.925253e-03 9.911145e-01 9.955473e-02
5.593610e+03 8.866753e-03 9.911724e-01 9.955764e-02
5.593620e+03 8.808834e-03 9.912298e-01 9.956053e-02
5.593630e+03 8.751489e-03 9.912867e-01 9.956338e-02
5.593640e+03 8.694710e-03 9.913430e-01 9.956621e-02
5.593650e+03 8.638489e-03 9.913987e-01 9.956901e-02
5.593660e+03 8.582819e-03 9.914539e-01 9.957178e-02
5.593670e+03 8.527693e-03 9.915086e-01 9.957452e-02
5.593680e+03 8.473104e-03 9.915627e-01 9.957724e-02
5.593690e+03 8.419044e-03 9.916163e-01 9.957993e-02
5.593700e+03 8.365506e-03 9.916694e-01 9.958260e-02
5.593710e+03 8.312484e-03 9.917220e-01 9.958524e-02
5.593720e+03 8.259972e-03 9.917740e-01 9.958785e-02
5.593730e+03 8.207962e-03 9.918256e-01 9.959044e-02
5.593740e+03 8.156448e-03 9.918767e-01 9.959301e-02
5.593750e+03 8.105423e-03 9.919273e-01 9.959555e-02
5.593760e+03 8.054882e-03 9.919775e-01 9.959807e-02
5.593770e+03 8.004818e-03 9.920271e-01 9.960056e-02
5.593780e+03 7.955226e-03 9.920763e-01 9.960303e-02
5.593790e+03 7.906099e-03 9.921251e-01 9.960548e-02
5.593800e+03 7.857431e-03 9.921734e-01 9.960790e-02
5.593810e+03 7.809216e-03 9.922212e-01 9.961030e-02
5.593820e+03 7.761450e-03 9.922686e-01 9.961268e-02
5.593830e+03 7.714126e-03 9.923156e-01 9.961504e-02
5.593840e+03 7.667238e-03 9.923621e-01 9.961737e-02
5.593850e+03 7.620782e-03 9.924082e-01 9.961969e-02
5.593860e+03 7.574752e-03 9.924539e-01 9.962198e-02
5.593870e+03 7.529143e-03 9.924991e-01 9.962425e-02
5.593880e+03 7.483949e-03 9.925440e-01 9.962650e-02
5.593890e+03 7.439166e-03 9.925884e-01 9.962873e-02
5.593900e+03 7.394789e-03 9.926325e-01 9.963094e-02
5.593910e+03 7.350811e-03 9.926761e-01 9.963313e-02
5.593920e+03 7.307230e-03 9.927194e-01 9.963531e-02
5.593930e+03 7.264040e-03 9.927623e-01 9.963746e-02
5.593940e+03 7.221235e-03 9.928048e-01 9.963959e-02
5.593950e+03 7.178813e-03 9.928469e-01 9.964170e-02
5.593960e+03 7.136767e-03 9.928886e-01 9.964380e-02
5.593970e+03 7.095093e-03 9.929300e-01 9.964587e-02
5.593980e+03 7.053788e-03 9.929710e-01 9.964793e-02
5.593990e+03 7.012847e-03 9.930117e-01 9.964997e-02
5.594000e+03 6.972265e-03 9.930520e-01 9.965199e-02
5.594010e+03 6.932038e-03 9.930919e-01 9.965400e-02
5.594020e+03 6.892161e-03 9.931315e-01 9.965599e-02
5.594030e+03 6.852632e-03 9.931708e-01 9.965795e-02
5.594040e+03 6.813446e-03 9.932097e-01 9.965991e-02
5.594050e+03 6.774598e-03 9.932483e-01 9.966184e-02
5.594060e+03 6.736085e-03 9.932866e-01 9.966376e-02
5.594070e+03 6.697904e-03 9.933245e-01 9.966566e-02
5.594080e+03 6.660049e-03 9.933621e-01 9.966755e-02
5.594090e+03 6.622518e-03 9.933994e-01 9.966942e-02
5.594100e+03 6.585306e-03 9.934363e-01 9.967128e-02
5.594110e+03 6.548411e-03 9.934730e-01 9.967311e-02
5.594120e+03 6.511828e-03 9.935093e-01 9.967494e-02
5.594130e+03 6.475553e-03 9.935454e-01 9.967675e-02
5.594140e+03 6.439585e-03 9.935811e-01 9.967854e-02
5.594150e+03 6.403918e-03 9.936165e-01 9.968032e-02
5.594160e+03 6.368549e-03 9.936517e-01 9.968208e-02
5.594170e+03 6.333476e-03 9.936865e-01 9.968383e-02
5.594180e+03 6.298695e-03 9.937211e-01 9.968556e-02
5.594190e+03 6.264202e-03 9.937554e-01 9.968728e-02
5.594200e+03 6.229995e-03 9.937894e-01 9.968898e-02
5.594210e+03 6.196069e-03 9.938231e-01 9.969068e-02
5.594220e+03 6.162423e-03 9.938565e-01 9.969235e-02
5.594230e+03 6.129053e-03 9.938897e-01 9.969402e-02
5.594240e+03 6.095956e-03 9.939226e-01 9.969567e-02
5.594250e+03 6.063129e-03 9.939552e-01 9.969730e-02
5.594260e+03 6.030569e-03 9.939876e-01 9.969893e-02
5.594270e+03 5.998273e-03 9.940197e-01 9.970054e-02
5.594280e+03 5.966238e-03 9.940515e-01 9.970213e-02
5.594290e+03 5.934462e-03 9.940831e-01 9.970372e-02
5.594300e+03 5.902941e-03 9.941144e-01 9.970529e-02
5.594310e+03 5.871673e-03 9.941455e-01 9.970685e-02
5.594320e+03 5.840655e-03 9.941764e-01 9.970839e-02
5.594330e+03 5.809885e-03 9.942070e-01 9.970993e-02
5.594340e+03 5.779359e-03 9.942373e-01 9.971145e-02
5.594350e+03 5.749075e-03 9.942674e-01 9.971296e-02
5.594360e+03 5.719031e-03 9.942973e-01 9.971446e-02
5.594370e+03 5.689225e-03 9.943269e-01 9.971594e-02
5.594380e+03 5.659652e-03 9.943563e-01 9.971742e-02
5.594390e+03 5.630312e-03 9.943855e-01 9.971888e-02
5.594400e+03 5.601201e-03 9.944145e-01 9.972033e-02
5.594410e+03 5.572318e-03 9.944432e-01 9.972177e-02
5.594420e+03 5.543659e-03 9.944717e-01 9.972320e-02
5.594430e+03 5.515223e-03 9.945000e-01 9.972462e-02
5.594440e+03 5.487007e-03 9.945280e-01 9.972603e-02
5.594450e+03 5.459009e-03 9.945559e-01 9.972742e-02
5.594460e+03 5.431227e-03 9.945835e-01 9.972881e-02
5.594470e+03 5.403658e-03 9.946109e-01 9.973018e-02
5.594480e+03 5.376300e-03 9.946381e-01 9.973155e-02
5.594490e+03 5.349151e-03 9.946651e-01 9.973290e-02
5.594500e+03 5.322209e-03 9.946919e-01 9.973424e-02
5.594510e+03 5.295472e-03 9.947185e-01 9.973558e-02
5.594520e+03 5.268937e-03 9.947449e-01 9.973690e-02
5.594530e+03 5.242603e-03 9.947711e-01 9.973821e-02
5.594540e+03 5.216468e-03 9.947971e-01 9.973952e-02
5.594550e+03 5.190529e-03 9.948229e-01 9.974081e-02
5.594560e+03 5.164785e-03 9.948485e-01 9.974209e-02
5.594570e+03 5.139234e-03 9.948739e-01 9.974337e-02
5.594580e+03 5.113873e-03 9.948992e-01 9.974463e-02
5.594590e+03 5.088701e-03 9.949242e-01 9.974589e-02
5.594600e+03 5.063716e-03 9.949491e-01 9.974713e-02
5.594610e+03 5.038916e-03 9.949738e-01 9.974837e-02
5.594620e+03 5.014300e-03 9.949983e-01 9.974960e-02
5.594630e+03 4.989864e-03 9.950226e-01 9.975082e-02
5.594640e+03 4.965609e-03 9.950467e-01 9.975203e-02
5.594650e+03 4.941531e-03 9.950707e-01 9.975323e-02
5.594660e+03 4.917629e-03 9.950944e-01 9.975442e-02
5.594670e+03 4.893902e-03 9.951181e-01 9.975560e-02
5.594680e+03 4.870347e-03 9.951415e-01 9.975678e-02
5.594690e+03 4.846963e-03 9.951648e-01 9.975795e-02
5.594700e+03 4.823749e-03 9.951879e-01 9.975910e-02
5.594710e+03 4.800702e-03 9.952108e-01 9.976025e-02
5.594720e+03 4.777822e-03 9.952336e-01 9.976139e-02
5.594730e+03 4.755105e-03 9.952562e-01 9.976253e-02
5.594740e+03 4.732552e-03 9.952786e-01 9.976365e-02
5.594750e+03 4.710160e-03 9.953009e-01 9.976477e-02
5.594760e+03 4.687928e-03 9.953230e-01 9.976588e-02
5.594770e+03 4.665854e-03 9.953450e-01 9.976698e-02
5.594780e+03 4.643936e-03 9.953668e-01 9.976807e-02
5.594790e+03 4.622174e-03 9.953885e-01 9.976916e-02
5.594800e+03 4.600566e-03 9.954100e-01 9.977024e-02
5.594810e+03 4.579110e-03 9.954314e-01 9.977131e-02
5.594820e+03 4.557805e-03 9.954526e-01 9.977237e-02
5.594830e+03 4.536649e-03 9.954736e-01 9.977342e-02
5.594840e+03 4.515642e-03 9.954945e-01 9.977447e-02
5.594850e+03 4.494781e-03 9.955153e-01 9.977551e-02
5.594860e+03 4.474065e-03 9.955359e-01 9.977655e-02
5.594870e+03 4.453493e-03 9.955564e-01 9.977757e-02
5.594880e+03 4.433064e-03 9.955767e-01 9.977859e-02
5.594890e+03 4.412776e-03 9.955969e-01 9.977960e-02
5.594900e+03 4.392628e-03 9.956170e-01 9.978061e-02
5.594910e+03 4.372618e-03 9.956369e-01 9.978161e-02
5.594920e+03 4.352746e-03 9.956567e-01 9.978260e-02
5.594930e+03 4.333011e-03 9.956764e-01 9.978358e-02
5.594940e+03 4.313410e-03 9.956959e-01 9.978456e-02
5.594950e+03 4.293942e-03 9.957153e-01 9.978553e-02
5.594960e+03 4.274607e-03 9.957345e-01 9.978650e-02
5.594970e+03 3.961138e-03 9.960467e-01 9.980214e-02
5.594980e+03 3.943207e-03 9.960646e-01 9.980303e-02
5.594990e+03 3.925399e-03 9.960823e-01 9.980392e-02
5.595000e+03 3.907712e-03 9.960999e-01 9.980481e-02
5.595010e+03 3.890145e-03 9.961174e-01 9.980568e-02
5.595020e+03 3.872696e-03 9.961348e-01 9.980655e-02
5.595030e+03 3.855366e-03 9.961521e-01 9.980742e-02
5.595040e+03 3.838152e-03 9.961692e-01 9.980828e-02
5.595050e+03 3.821054e-03 9.961862e-01 9.980913e-02
5.595060e+03 3.804071e-03 9.962032e-01 9.980998e-02
5.595070e+03 3.787201e-03 9.962200e-01 9.981082e-02
5.595080e+03 3.770444e-03 9.962367e-01 9.981166e-02
5.595090e+03 3.753798e-03 9.962532e-01 9.981249e-02
5.595100e+03 3.737263e-03 9.962697e-01 9.981331e-02
5.595110e+03 3.720838e-03 9.962861e-01 9.981413e-02
5.595120e+03 3.704521e-03 9.963023e-01 9.981495e-02
5.595130e+03 3.688312e-03 9.963185e-01 9.981575e-02
5.595140e+03 3.672210e-03 9.963345e-01 9.981656e-02
5.595150e+03 3.656214e-03 9.963505e-01 9.981736e-02
5.595160e+03 3.640322e-03 9.963663e-01 9.981815e-02
5.595170e+03 3.045326e-03 9.969593e-01 9.984785e-02
5.595180e+03 3.031890e-03 9.969727e-01 9.984852e-02
5.595190e+03 3.018543e-03 9.969860e-01 9.984919e-02
5.595200e+03 3.005284e-03 9.969992e-01 9.984985e-02
5.595210e+03 2.992112e-03 9.970124e-01 9.985051e-02
5.595220e+03 2.979028e-03 9.970254e-01 9.985116e-02
5.595230e+03 2.966029e-03 9.970384e-01 9.985181e-02
5.595240e+03 2.953116e-03 9.970512e-01 9.985245e-02
5.595250e+03 2.940287e-03 9.970640e-01 9.985309e-02
5.595260e+03 2.927542e-03 9.970767e-01 9.985373e-02
5.595270e+03 2.914879e-03 9.970894e-01 9.985436e-02
5.595280e+03 2.902299e-03 9.971019e-01 9.985499e-02
5.595290e+03 2.889801e-03 9.971144e-01 9.985561e-02
5.595300e+03 2.877384e-03 9.971268e-01 9.985623e-02
5.595310e+03 2.865046e-03 9.971391e-01 9.985685e-02
5.595320e+03 2.852788e-03 9.971513e-01 9.985746e-02
5.595330e+03 2.840609e-03 9.971634e-01 9.985807e-02
5.595340e+03 2.828508e-03 9.971755e-01 9.985867e-02
5.595350e+03 2.816485e-03 9.971875e-01 9.985927e-02
5.595360e+03 2.804538e-03 9.971994e-01 9.985987e-02
5.595370e+03 2.792667e-03 9.972112e-01 9.986046e-02
5.595380e+03 2.780872e-03 9.972230e-01 9.986105e-02
5.595390e+03 2.769152e-03 9.972347e-01 9.986164e-02
5.595400e+03 2.757505e-03 9.972463e-01 9.986222e-02
5.595410e+03 2.745933e-03 9.972578e-01 9.986280e-02
5.595420e+03 2.734433e-03 9.972693e-01 9.986337e-02
5.595430e+03 2.723006e-03 9.972807e-01 9.986394e-02
5.595440e+03 2.711650e-03 9.972920e-01 9.986451e-02
5.595450e+03 2.369306e-03 9.976335e-01 9.988160e-02
5.595460e+03 2.359377e-03 9.976434e-01 9.988210e-02
5.595470e+03 2.349510e-03 9.976532e-01 9.988259e-02
5.595480e+03 2.339706e-03 9.976630e-01 9.988308e-02
5.595490e+03 2.329963e-03 9.976727e-01 9.988357e-02
5.595500e+03 2.320281e-03 9.976824e-01 9.988405e-02
5.595510e+03 2.310659e-03 9.976920e-01 9.988453e-02
5.595520e+03 2.301097e-03 9.977015e-01 9.988501e-02
5.595530e+03 2.028120e-03 9.979739e-01 9.989865e-02
5.595540e+03 2.019701e-03 9.979823e-01 9.989907e-02
5.595550e+03 2.011335e-03 9.979907e-01 9.989948e-02
5.595560e+03 2.003020e-03 9.979990e-01 9.989990e-02
5.595570e+03 1.994757e-03 9.980072e-01 9.990031e-02
5.595580e+03 1.986546e-03 9.980154e-01 9.990072e-02
5.595590e+03 1.978385e-03 9.980236e-01 9.990113e-02
5.595600e+03 1.970274e-03 9.980317e-01 9.990153e-02
5.595610e+03 1.962214e-03 9.980397e-01 9.990194e-02
5.595620e+03 1.954202e-03 9.980477e-01 9.990234e-02
5.595630e+03 1.946240e-03 9.980557e-01 9.990274e-02
5.595640e+03 1.938327e-03 9.980636e-01 9.990313e-02
5.595650e+03 1.339257e-03 9.986616e-01 9.993306e-02
5.595660e+03 1.333734e-03 9.986672e-01 9.993334e-02
5.595670e+03 1.328246e-03 9.986726e-01 9.993361e-02
5.595680e+03 1.322792e-03 9.986781e-01 9.993388e-02
5.595690e+03 1.317371e-03 9.986835e-01 9.993415e-02
5.595700e+03 1.311983e-03 9.986889e-01 9.993442e-02
5.595710e+03 1.000534e-03 9.990000e-01 9.994999e-02
5.595720e+03 9.964017e-04 9.990041e-01 9.995019e-02
5.595730e+03 9.922952e-04 9.990082e-01 9.995040e-02
5.595740e+03 9.882141e-04 9.990123e-01 9.995060e-02
5.595750e+03 6.515189e-04 9.993487e-01 9.996743e-02
5.595760e+03 6.487798e-04 9.993514e-01 9.996757e-02
5.595770e+03 6.460580e-04 9.993542e-01 9.996770e-02
5.595780e+03 6.433533e-04 9.993569e-01 9.996784e-02
5.595790e+03 6.406656e-04 9.993595e-01 9.996797e-02
5.595800e+03 6.379946e-04 9.993622e-01 9.996811e-02
5.595810e+03 6.353404e-04 9.993649e-01 9.996824e-02
5.595820e+03 6.327027e-04 9.993675e-01 9.996837e-02
5.595830e+03 6.300814e-04 9.993701e-01 9.996850e-02
5.595840e+03 6.274764e-04 9.993727e-01 9.996863e-02
5.595850e+03 6.248875e-04 9.993753e-01 9.996876e-02
5.595860e+03 6.223146e-04 9.993779e-01 9.996889e-02
5.595870e+03 6.197576e-04 9.993804e-01 9.996902e-02
5.595880e+03 6.172163e-04 9.993830e-01 9.996914e-02
5.595890e+03 6.146907e-04 9.993855e-01 9.996927e-02
5.595900e+03 6.121805e-04 9.993880e-01 9.996940e-02
5.595910e+03 6.096857e-04 9.993905e-01 9.996952e-02
5.595920e+03 6.072061e-04 9.993930e-01 9.996964e-02
5.595930e+03 6.047416e-04 9.993954e-01 9.996977e-02
5.595940e+03 6.022921e-04 9.993979e-01 9.996989e-02
5.595950e+03 5.998575e-04 9.994003e-01 9.997001e-02
5.595960e+03 5.974376e-04 9.994027e-01 9.997013e-02
5.595970e+03 5.950324e-04 9.994051e-01 9.997025e-02
5.595980e+03 5.926416e-04 9.994075e-01 9.997037e-02
5.595990e+03 5.902653e-04 9.994099e-01 9.997049e-02
5.596000e+03 5.879032e-04 9.994123e-01 9.997061e-02
5.596010e+03 5.855553e-04 9.994146e-01 9.997073e-02
5.596020e+03 5.832214e-04 9.994169e-01 9.997084e-02
5.596030e+03 5.809015e-04 9.994193e-01 9.997096e-02
5.596040e+03 5.785954e-04 9.994216e-01 9.997107e-02
5.596050e+03 5.763030e-04 9.994239e-01 9.997119e-02
5.596060e+03 5.740242e-04 9.994261e-01 9.997130e-02
5.596070e+03 2.915952e-04 9.997084e-01 9.998542e-02
5.596080e+03 2.904314e-04 9.997096e-01 9.998548e-02
5.596090e+03 2.892746e-04 9.997108e-01 9.998554e-02
5.596100e+03 2.881246e-04 9.997119e-01 9.998559e-02
5.596110e+03 2.869816e-04 9.997131e-01 9.998565e-02
5.596120e+03 2.858453e-04 9.997142e-01 9.998571e-02
5.596130e+03 2.847157e-04 9.997153e-01 9.998577e-02
5.596140e+03 2.835929e-04 9.997164e-01 9.998582e-02
5.596150e+03 2.824766e-04 9.997176e-01 9.998588e-02
5.596160e+03 2.813670e-04 9.997187e-01 9.998593e-02
5.596170e+03 2.802639e-04 9.997198e-01 9.998599e-02
5.596180e+03 2.791672e-04 9.997209e-01 9.998604e-02
5.596190e+03 2.780770e-04 9.997220e-01 9.998610e-02
5.596200e+03 2.769932e-04 9.997230e-01 9.998615e-02
5.596210e+03 0.000000e+00 1.000000e+00 1.000000e-01
5.596220e+03 0.000000e+00 1.000000e+00 1.000000e-01
5.596230e+03 0.000000e+00 1.000000e+00 1.000000e-01
5.596240e+03 0.000000e+00 1.000000e+00 1.000000e-01
5.596250e+03 0.000000e+00 1.000000e+00 1.000000e-01
5.596260e+03 0.000000e+00 1.000000e+00 1.000000e-01
5.596270e+03 0.000000e+00 1.000000e+00 1.000000e-01
5.596280e+03 0.000000e+00 1.000000e+00 1.000000e-01
5.596290e+03 0.000000e+00 1.000000e+00 1.000000e-01
5.596300e+03 0.000000e+00 1.000000e+00 1.000000e-01
5.596310e+03 0.000000e+00 1.000000e+00 1.000000e-01
5.596320e+03 0.000000e+00 1.000000e+00 1.000000e-01
5.596330e+03 0.000000e+00 1.000000e+00 1.000000e-01
5.596340e+03 0.000000e+00 1.000000e+00 1.000000e-01
5.596350e+03 0.000000e+00 1.000000e+00 1.000000e-01
5.596360e+03 0.000000e+00 1.000000e+00 1.000000e-01
5.596370e+03 0.000000e+00 1.000000e+00 1.000000e-01
5.596380e+03 0.000000e+00 1.000000e+00 1.000000e-01
5.596390e+03 0.000000e+00 1.000000e+00 1.000000e-01
5.596400e+03 0.000000e+00 1.000000e+00 1.000000e-01
5.596410e+03 0.000000e+00 1.000000e+00 1.000000e-01
5.596420e+03 0.000000e+00 1.000000e+00 1.000000e-01
5.596430e+03 0.000000e+00 1.000000e+00 1.000000e-01
5.596440e+03 0.000000e+00 1.000000e+00 1.000000e-01
5.596450e+03 0.000000e+00 1.000000e+00 1.000000e-01
5.596460e+03 0.000000e+00 1.000000e+00 1.000000e-01
5.596470e+03 0.000000e+00 1.000000e+00 1.000000e-01
5.596480e+03 0.000000e+00 1.000000e+00 1.000000e-01
5.596490e+03 0.000000e+00 1.000000e+00 1.000000e-01
5.596500e+03 0.000000e+00 1.000000e+00 1.000000e-01
5.596510e+03 0.000000e+00 1.000000e+00 1.000000e-01
5.596520e+03 0.000000e+00 1.000000e+00 1.000000e-01
5.596530e+03 0.000000e+00 1.000000e+00 1.000000e-01
5.596540e+03 0.000000e+00 1.000000e+00 1.000000e-01
5.596550e+03 0.000000e+00 1.000000e+00 1.000000e-01
5.596560e+03 0.000000e+00 1.000000e+00 1.000000e-01
5.596570e+03 0.000000e+00 1.000000e+00 1.000000e-01
5.596580e+03 0.000000e+00 1.000000e+00 1.000000e-01
5.596590e+03 0.000000e+00 1.000000e+00 1.000000e-01
5.596600e+03 0.000000e+00 1.000000e+00 1.000000e-01
5.596610e+03 0.000000e+00 1.000000e+00 1.000000e-01
5.596620e+03 0.000000e+00 1.000000e+00 1.000000e-01
5.596630e+03 0.000000e+00 1.000000e+00 1.000000e-01
5.596640e+03 0.000000e+00 1.000000e+00 1.000000e-01
5.596650e+03 0.000000e+00 1.000000e+00 1.000000e-01
5.596660e+03 0.000000e+00 1.000000e+00 1.000000e-01
5.596670e+03 0.000000e+00 1.000000e+00 1.000000e-01
5.596680e+03 0.000000e+00 1.000000e+00 1.000000e-01
5.596690e+03 0.000000e+00 1.000000e+00 1.000000e-01
5.596700e+03 0.000000e+00 1.000000e+00 1.000000e-01
5.596710e+03 0.000000e+00 1.000000e+00 1.000000e-01
5.596720e+03 0.000000e+00 1.000000e+00 1.000000e-01
5.596730e+03 0.000000e+00 1.000000e+00 1.000000e-01
5.596740e+03 0.000000e+00 1.000000e+00 1.000000e-01
5.596750e+03 0.000000e+00 1.000000e+00 1.000000e-01
5.596760e+03 0.000000e+00 1.000000e+00 1.000000e-01
5.596770e+03 0.000000e+00 1.000000e+00 1.000000e-01
5.596780e+03 0.000000e+00 1.000000e+00 1.000000e-01
5.596790e+03 0.000000e+00 1.000000e+00 1.000000e-01
5.596800e+03 0.000000e+00 1.000000e+00 1.000000e-01
5.596810e+03 0.000000e+00 1.000000e+00 1.000000e-01
5.596820e+03 0.000000e+00 1.000000e+00 1.000000e-01
5.596830e+03 0.000000e+00 1.000000e+00 1.000000e-01
5.596840e+03 0.000000e+00 1.000000e+00 1.000000e-01
5.596850e+03 0.000000e+00 1.000000e+00 1.000000e-01
5.596860e+03 0.000000e+00 1.000000e+00 1.000000e-01
5.596870e+03 0.000000e+00 1.000000e+00 1.000000e-01
5.596880e+03 0.000000e+00 1.000000e+00 1.000000e-01
5.596890e+03 0.000000e+00 1.000000e+00 1.000000e-01
5.596900e+03 0.000000e+00 1.000000e+00 1.000000e-01
5.596910e+03 0.000000e+00 1.000000e+00 1.000000e-01
5.596920e+03 0.000000e+00 1.000000e+00 1.000000e-01
5.596930e+03 0.000000e+00 1.000000e+00 1.000000e-01
5.596940e+03 0.000000e+00 1.000000e+00 1.000000e-01
5.596950e+03 0.000000e+00 1.000000e+00 1.000000e-01
5.596960e+03 0.000000e+00 1.000000e+00 1.000000e-01
5.596970e+03 0.000000e+00 1.000000e+00 1.000000e-01
5.596980e+03 0.000000e+00 1.000000e+00 1.000000e-01
5.596990e+03 0.000000e+00 1.000000e+00 1.000000e-01
5.597000e+03 0.000000e+00 1.000000e+00 1.000000e-01
5.597010e+03 0.000000e+00 1.000000e+00 1.000000e-01
5.597020e+03 0.000000e+00 1.000000e+00 1.000000e-01
5.597030e+03 0.000000e+00 1.000000e+00 1.000000e-01
5.597040e+03 0.000000e+00 1.000000e+00 1.000000e-01
5.597050e+03 0.000000e+00 1.000000e+00 1.000000e-01
5.597060e+03 0.000000e+00 1.000000e+00 1.000000e-01
5.597070e+03 0.000000e+00 1.000000e+00 1.000000e-01
5.597080e+03 0.000000e+00 1.000000e+00 1.000000e-01
5.597090e+03 0.000000e+00 1.000000e+00 1.000000e-01
5.597100e+03 0.000000e+00 1.000000e+00 1.000000e-01
5.597110e+03 0.000000e+00 1.000000e+00 1.000000e-01
5.597120e+03 0.000000e+00 1.000000e+00 1.000000e-01
5.597130e+03 0.000000e+00 1.000000e+00 1.000000e-01
5.597140e+03 0.000000e+00 1.000000e+00 1.000000e-01
5.597150e+03 0.000000e+00 1.000000e+00 1.000000e-01
5.597160e+03 0.000000e+00 1.000000e+00 1.000000e-01
5.597170e+03 0.000000e+00 1.000000e+00 1.000000e-01
5.597180e+03 0.000000e+00 1.000000e+00 1.000000e-01
5.597190e+03 0.000000e+00 1.000000e+00 1.000000e-01
5.597200e+03 0.000000e+00 1.000000e+00 1.000000e-01
5.597210e+03 0.000000e+00 1.000000e+00 1.000000e-01
5.597220e+03 0.000000e+00 1.000000e+00 1.000000e-01
5.597230e+03 0.000000e+00 1.000000e+00 1.000000e-01
5.597240e+03 0.000000e+00 1.000000e+00 1.000000e-01
5.597250e+03 0.000000e+00 1.000000e+00 1.000000e-01
5.597260e+03 0.000000e+00 1.000000e+00 1.000000e-01
5.597270e+03 0.000000e+00 1.000000e+00 1.000000e-01
5.597280e+03 0.000000e+00 1.000000e+00 1.000000e-01
5.597290e+03 0.000000e+00 1.000000e+00 1.000000e-01
5.597300e+03 0.000000e+00 1.000000e+00 1.000000e-01
5.597310e+03 0.000000e+00 1.000000e+00 1.000000e-01
5.597320e+03 0.000000e+00 1.000000e+00 1.000000e-01
5.597330e+03 0.000000e+00 1.000000e+00 1.000000e-01
5.597340e+03 0.000000e+00 1.000000e+00 1.000000e-01
5.597350e+03 0.000000e+00 1.000000e+00 1.000000e-01
5.597360e+03 0.000000e+00 1.000000e+00 1.000000e-01
5.597370e+03 0.000000e+00 1.000000e+00 1.000000e-01
5.597380e+03 0.000000e+00 1.000000e+00 1.000000e-01
5.597390e+03 0.000000e+00 1.000000e+00 1.000000e-01
5.597400e+03 0.000000e+00 1.000000e+00 1.000000e-01
5.597410e+03 0.000000e+00 1.000000e+00 1.000000e-01
5.597420e+03 0.000000e+00 1.000000e+00 1.000000e-01
5.597430e+03 0.000000e+00 1.000000e+00 1.000000e-01
5.597440e+03 0.000000e+00 1.000000e+00 1.000000e-01
5.597450e+03 0.000000e+00 1.000000e+00 1.000000e-01
5.597460e+03 0.000000e+00 1.000000e+00 1.000000e-01
5.597470e+03 0.000000e+00 1.000000e+00 1.000000e-01
5.597480e+03 0.000000e+00 1.000000e+00 1.000000e-01
5.597490e+03 0.000000e+00 1.000000e+00 1.000000e-01
5.597500e+03 0.000000e+00 1.000000e+00 1.000000e-01
5.597510e+03 0.000000e+00 1.000000e+00 1.000000e-01
5.597520e+03 0.000000e+00 1.000000e+00 1.000000e-01
5.597530e+03 0.000000e+00 1.000000e+00 1.000000e-01
5.597540e+03 0.000000e+00 1.000000e+00 1.000000e-01
5.597550e+03 0.000000e+00 1.000000e+00 1.000000e-01
5.597560e+03 0.000000e+00 1.000000e+00 1.000000e-01
5.597570e+03 0.000000e+00 1.000000e+00 1.000000e-01
5.597580e+03 0.000000e+00 1.000000e+00 1.000000e-01
5.597590e+03 0.000000e+00 1.000000e+00 1.000000e-01
5.597600e+03 0.000000e+00 1.000000e+00 1.000000e-01
5.597610e+03 0.000000e+00 1.000000e+00 1.000000e-01
5.597620e+03 0.000000e+00 1.000000e+00 1.000000e-01
5.597630e+03 0.000000e+00 1.000000e+00 1.000000e-01
5.597640e+03 0.000000e+00 1.000000e+00 1.000000e-01
5.597650e+03 0.000000e+00 1.000000e+00 1.000000e-01
5.597660e+03 0.000000e+00 1.000000e+00 1.000000e-01
5.597670e+03 0.000000e+00 1.000000e+00 1.000000e-01
5.597680e+03 0.000000e+00 1.000000e+00 1.000000e-01
5.597690e+03 0.000000e+00 1.000000e+00 1.000000e-01
5.597700e+03 0.000000e+00 1.000000e+00 1.000000e-01
5.597710e+03 0.000000e+00 1.000000e+00 1.000000e-01
5.597720e+03 0.000000e+00 1.000000e+00 1.000000e-01
5.597730e+03 0.000000e+00 1.000000e+00 1.000000e-01
5.597740e+03 0.000000e+00 1.000000e+00 1.000000e-01
5.597750e+03 0.000000e+00 1.000000e+00 1.000000e-01
5.597760e+03 0.000000e+00 1.000000e+00 1.000000e-01
5.597770e+03 0.000000e+00 1.000000e+00 1.000000e-01
5.597780e+03 0.000000e+00 1.000000e+00 1.000000e-01
5.597790e+03 0.000000e+00 1.000000e+00 1.000000e-01
5.597800e+03 0.000000e+00 1.000000e+00 1.000000e-01
5.597810e+03 0.000000e+00 1.000000e+00 1.000000e-01
5.597820e+03 0.000000e+00 1.000000e+00 1.000000e-01
5.597830e+03 0.000000e+00 1.000000e+00 1.000000e-01
5.597840e+03 0.000000e+00 1.000000e+00 1.000000e-01
5.597850e+03 0.000000e+00 1.000000e+00 1.000000e-01
5.597860e+03 0.000000e+00 1.000000e+00 1.000000e-01
5.597870e+03 0.000000e+00 1.000000e+00 1.000000e-01
5.597880e+03 0.000000e+00 1.000000e+00 1.000000e-01
5.597890e+03 0.000000e+00 1.000000e+00 1.000000e-01
5.597900e+03 0.000000e+00 1.000000e+00 1.000000e-01
5.597910e+03 0.000000e+00 1.000000e+00 1.000000e-01
5.597920e+03 0.000000e+00 1.000000e+00 1.000000e-01
5.597930e+03 0.000000e+00 1.000000e+00 1.000000e-01
5.597940e+03 0.000000e+00 1.000000e+00 1.000000e-01
5.597950e+03 0.000000e+00 1.000000e+00 1.000000e-01
5.597960e+03 0.000000e+00 1.000000e+00 1.000000e-01
5.597970e+03 0.000000e+00 1.000000e+00 1.000000e-01
5.597980e+03 0.000000e+00 1.000000e+00 1.000000e-01
5.597990e+03 0.000000e+00 1.000000e+00 1.000000e-01
5.598000e+03 0.000000e+00 1.000000e+00 1.000000e-01
5.598010e+03 0.000000e+00 1.000000e+00 1.000000e-01
5.598020e+03 0.000000e+00 1.000000e+00 1.000000e-01
5.598030e+03 0.000000e+00 1.000000e+00 1.000000e-01
5.598040e+03 0.000000e+00 1.000000e+00 1.000000e-01
5.598050e+03 0.000000e+00 1.000000e+00 1.000000e-01
5.598060e+03 0.000000e+00 1.000000e+00 1.000000e-01
5.598070e+03 0.000000e+00 1.000000e+00 1.000000e-01
5.598080e+03 0.000000e+00 1.000000e+00 1.000000e-01
5.598090e+03 0.000000e+00 1.000000e+00 1.000000e-01
5.598100e+03 0.000000e+00 1.000000e+00 1.000000e-01
5.598110e+03 0.000000e+00 1.000000e+00 1.000000e-01
5.598120e+03 0.000000e+00 1.000000e+00 1.000000e-01
5.598130e+03 0.000000e+00 1.000000e+00 1.000000e-01
5.598140e+03 0.000000e+00 1.000000e+00 1.000000e-01
5.598150e+03 0.000000e+00 1.000000e+00 1.000000e-01
5.598160e+03 0.000000e+00 1.000000e+00 1.000000e-01
5.598170e+03 0.000000e+00 1.000000e+00 1.000000e-01
5.598180e+03 0.000000e+00 1.000000e+00 1.000000e-01
5.598190e+03 0.000000e+00 1.000000e+00 1.000000e-01
5.598200e+03 0.000000e+00 1.000000e+00 1.000000e-01
5.598210e+03 0.000000e+00 1.000000e+00 1.000000e-01
5.598220e+03 0.000000e+00 1.000000e+00 1.000000e-01
5.598230e+03 0.000000e+00 1.000000e+00 1.000000e-01
5.598240e+03 0.000000e+00 1.000000e+00 1.000000e-01
5.598250e+03 0.000000e+00 1.000000e+00 1.000000e-01
5.598260e+03 0.000000e+00 1.000000e+00 1.000000e-01
5.598270e+03 0.000000e+00 1.000000e+00 1.000000e-01
5.598280e+03 0.000000e+00 1.000000e+00 1.000000e-01
5.598290e+03 0.000000e+00 1.000000e+00 1.000000e-01
5.598300e+03 0.000000e+00 1.000000e+00 1.000000e-01
5.598310e+03 0.000000e+00 1.000000e+00 1.000000e-01
5.598320e+03 0.000000e+00 1.000000e+00 1.000000e-01
5.598330e+03 0.000000e+00 1.000000e+00 1.000000e-01
5.598340e+03 0.000000e+00 1.000000e+00 1.000000e-01
5.598350e+03 0.000000e+00 1.000000e+00 1.000000e-01
5.598360e+03 0.000000e+00 1.000000e+00 1.000000e-01
5.598370e+03 0.000000e+00 1.000000e+00 1.000000e-01
5.598380e+03 0.000000e+00 1.000000e+00 1.000000e-01
5.598390e+03 0.000000e+00 1.000000e+00 1.000000e-01
5.598400e+03 0.000000e+00 1.000000e+00 1.000000e-01
5.598410e+03 0.000000e+00 1.000000e+00 1.000000e-01
5.598420e+03 0.000000e+00 1.000000e+00 1.000000e-01
5.598430e+03 0.000000e+00 1.000000e+00 1.000000e-01
5.598440e+03 0.000000e+00 1.000000e+00 1.000000e-01
5.598450e+03 0.000000e+00 1.000000e+00 1.000000e-01
5.598460e+03 0.000000e+00 1.000000e+00 1.000000e-01
5.598470e+03 0.000000e+00 1.000000e+00 1.000000e-01
5.598480e+03 0.000000e+00 1.000000e+00 1.000000e-01
5.598490e+03 0.000000e+00 1.000000e+00 1.000000e-01
5.598500e+03 0.000000e+00 1.000000e+00 1.000000e-01
5.598510e+03 0.000000e+00 1.000000e+00 1.000000e-01
5.598520e+03 0.000000e+00 1.000000e+00 1.000000e-01
5.598530e+03 0.000000e+00 1.000000e+00 1.000000e-01
5.598540e+03 0.000000e+00 1.000000e+00 1.000000e-01
5.598550e+03 0.000000e+00 1.000000e+00 1.000000e-01
5.598560e+03 0.000000e+00 1.000000e+00 1.000000e-01
5.598570e+03 0.000000e+00 1.000000e+00 1.000000e-01
5.598580e+03 0.000000e+00 1.000000e+00 1.000000e-01
5.598590e+03 0.000000e+00 1.000000e+00 1.000000e-01
5.598600e+03 0.000000e+00 1.000000e+00 1.000000e-01
5.598610e+03 0.000000e+00 1.000000e+00 1.000000e-01
5.598620e+03 0.000000e+00 1.000000e+00 1.000000e-01
5.598630e+03 0.000000e+00 1.000000e+00 1.000000e-01
5.598640e+03 0.000000e+00 1.000000e+00 1.000000e-01
5.598650e+03 0.000000e+00 1.000000e+00 1.000000e-01
5.598660e+03 0.000000e+00 1.000000e+00 1.000000e-01
5.598670e+03 0.000000e+00 1.000000e+00 1.000000e-01
5.598680e+03 0.000000e+00 1.000000e+00 1.000000e-01
5.598690e+03 0.000000e+00 1.000000e+00 1.000000e-01
5.598700e+03 0.000000e+00 1.000000e+00 1.000000e-01
5.598710e+03 0.000000e+00 1.000000e+00 1.000000e-01
5.598720e+03 0.000000e+00 1.000000e+00 1.000000e-01
5.598730e+03 0.000000e+00 1.000000e+00 1.000000e-01
5.598740e+03 0.000000e+00 1.000000e+00 1.000000e-01
5.598750e+03 0.000000e+00 1.000000e+00 1.000000e-01
5.598760e+03 0.000000e+00 1.000000e+00 1.000000e-01
5.598770e+03 0.000000e+00 1.000000e+00 1.000000e-01
5.598780e+03 0.000000e+00 1.000000e+00 1.000000e-01
5.598790e+03 0.000000e+00 1.000000e+00 1.000000e-01
5.598800e+03 0.000000e+00 1.000000e+00 1.000000e-01
5.598810e+03 0.000000e+00 1.000000e+00 1.000000e-01
5.598820e+03 0.000000e+00 1.000000e+00 1.000000e-01
5.598830e+03 0.000000e+00 1.000000e+00 1.000000e-01
5.598840e+03 0.000000e+00 1.000000e+00 1.000000e-01
5.598850e+03 0.000000e+00 1.000000e+00 1.000000e-01
5.598860e+03 0.000000e+00 1.000000e+00 1.000000e-01
5.598870e+03 0.000000e+00 1.000000e+00 1.000000e-01
5.598880e+03 0.000000e+00 1.000000e+00 1.000000e-01
5.598890e+03 0.000000e+00 1.000000e+00 1.000000e-01
5.598900e+03 0.000000e+00 1.000000e+00 1.000000e-01
5.598910e+03 0.000000e+00 1.000000e+00 1.000000e-01
5.598920e+03 0.000000e+00 1.000000e+00 1.000000e-01
5.598930e+03 0.000000e+00 1.000000e+00 1.000000e-01
5.598940e+03 0.000000e+00 1.000000e+00 1.000000e-01
5.598950e+03 0.000000e+00 1.000000e+00 1.000000e-01
5.598960e+03 0.000000e+00 1.000000e+00 1.000000e-01
5.598970e+03 0.000000e+00 1.000000e+00 1.000000e-01
5.598980e+03 0.000000e+00 1.000000e+00 1.000000e-01
5.598990e+03 0.000000e+00 1.000000e+00 1.000000e-01
5.599000e+03 0.000000e+00 1.000000e+00 1.000000e-01
5.599010e+03 0.000000e+00 1.000000e+00 1.000000e-01
5.599020e+03 0.000000e+00 1.000000e+00 1.000000e-01
5.599030e+03 0.000000e+00 1.000000e+00 1.000000e-01
5.599040e+03 0.000000e+00 1.000000e+00 1.000000e-01
5.599050e+03 0.000000e+00 1.000000e+00 1.000000e-01
5.599060e+03 0.000000e+00 1.000000e+00 1.000000e-01
5.599070e+03 0.000000e+00 1.000000e+00 1.000000e-01
5.599080e+03 0.000000e+00 1.000000e+00 1.000000e-01
5.599090e+03 0.000000e+00 1.000000e+00 1.000000e-01
5.599100e+03 0.000000e+00 1.000000e+00 1.000000e-01
5.599110e+03 0.000000e+00 1.000000e+00 1.000000e-01
5.599120e+03 0.000000e+00 1.000000e+00 1.000000e-01
5.599130e+03 0.000000e+00 1.000000e+00 1.000000e-01
5.599140e+03 0.000000e+00 1.000000e+00 1.000000e-01
5.599150e+03 0.000000e+00 1.000000e+00 1.000000e-01
5.599160e+03 0.000000e+00 1.000000e+00 1.000000e-01
5.599170e+03 0.000000e+00 1.000000e+00 1.000000e-01
5.599180e+03 0.000000e+00 1.000000e+00 1.000000e-01
5.599190e+03 0.000000e+00 1.000000e+00 1.000000e-01
5.599200e+03 0.000000e+00 1.000000e+00 1.000000e-01
5.599210e+03 0.000000e+00 1.000000e+00 1.000000e-01
5.599220e+03 0.000000e+00 1.000000e+00 1.000000e-01
5.599230e+03 0.000000e+00 1.000000e+00 1.000000e-01
5.599240e+03 0.000000e+00 1.000000e+00 1.000000e-01
5.599250e+03 0.000000e+00 1.000000e+00 1.000000e-01
5.599260e+03 0.000000e+00 1.000000e+00 1.000000e-01
5.599270e+03 0.000000e+00 1.000000e+00 1.000000e-01
5.599280e+03 0.000000e+00 1.000000e+00 1.000000e-01
5.599290e+03 0.000000e+00 1.000000e+00 1.000000e-01
5.599300e+03 0.000000e+00 1.000000e+00 1.000000e-01
5.599310e+03 0.000000e+00 1.000000e+00 1.000000e-01
5.599320e+03 0.000000e+00 1.000000e+00 1.000000e-01
5.599330e+03 0.000000e+00 1.000000e+00 1.000000e-01
5.599340e+03 0.000000e+00 1.000000e+00 1.000000e-01
5.599350e+03 0.000000e+00 1.000000e+00 1.000000e-01
5.599360e+03 0.000000e+00 1.000000e+00 1.000000e-01
5.599370e+03 0.000000e+00 1.000000e+00 1.000000e-01
5.599380e+03 0.000000e+00 1.000000e+00 1.000000e-01
5.599390e+03 0.000000e+00 1.000000e+00 1.000000e-01
5.599400e+03 0.000000e+00 1.000000e+00 1.000000e-01
5.599410e+03 0.000000e+00 1.000000e+00 1.000000e-01
5.599420e+03 0.000000e+00 1.000000e+00 1.000000e-01
5.599430e+03 0.000000e+00 1.000000e+00 1.000000e-01
5.599440e+03 0.000000e+00 1.000000e+00 1.000000e-01
5.599450e+03 0.000000e+00 1.000000e+00 1.000000e-01
5.599460e+03 0.000000e+00 1.000000e+00 1.000000e-01
5.599470e+03 0.000000e+00 1.000000e+00 1.000000e-01
5.599480e+03 0.000000e+00 1.000000e+00 1.000000e-01
5.599490e+03 0.000000e+00 1.000000e+00 1.000000e-01
5.599500e+03 0.000000e+00 1.000000e+00 1.000000e-01
5.599510e+03 0.000000e+00 1.000000e+00 1.000000e-01
5.599520e+03 0.000000e+00 1.000000e+00 1.000000e-01
5.599530e+03 0.000000e+00 1.000000e+00 1.000000e-01
5.599540e+03 0.000000e+00 1.000000e+00 1.000000e-01
5.599550e+03 0.000000e+00 1.000000e+00 1.000000e-01
5.599560e+03 0.000000e+00 1.000000e+00 1.000000e-01
5.599570e+03 0.000000e+00 1.000000e+00 1.000000e-01
5.599580e+03 0.000000e+00 1.000000e+00 1.000000e-01
5.599590e+03 0.000000e+00 1.000000e+00 1.000000e-01
5.599600e+03 0.000000e+00 1.000000e+00 1.000000e-01
5.599610e+03 0.000000e+00 1.000000e+00 1.000000e-01
5.599620e+03 0.000000e+00 1.000000e+00 1.000000e-01
5.599630e+03 0.000000e+00 1.000000e+00 1.000000e-01
5.599640e+03 0.000000e+00 1.000000e+00 1.000000e-01
5.599650e+03 0.000000e+00 1.000000e+00 1.000000e-01
5.599660e+03 0.000000e+00 1.000000e+00 1.000000e-01
5.599670e+03 0.000000e+00 1.000000e+00 1.000000e-01
5.599680e+03 0.000000e+00 1.000000e+00 1.000000e-01
5.599690e+03 0.000000e+00 1.000000e+00 1.000000e-01
5.599700e+03 0.000000e+00 1.000000e+00 1.000000e-01
5.599710e+03 0.000000e+00 1.000000e+00 1.000000e-01
5.599720e+03 0.000000e+00 1.000000e+00 1.000000e-01
5.599730e+03 0.000000e+00 1.000000e+00 1.000000e-01
5.599740e+03 0.000000e+00 1.000000e+00 1.000000e-01
5.599750e+03 0.000000e+00 1.000000e+00 1.000000e-01
5.599760e+03 0.000000e+00 1.000000e+00 1.000000e-01
5.599770e+03 0.000000e+00 1.000000e+00 1.000000e-01
5.599780e+03 0.000000e+00 1.000000e+00 1.000000e-01
5.599790e+03 0.000000e+00 1.000000e+00 1.000000e-01
5.599800e+03 0.000000e+00 1.000000e+00 1.000000e-01
5.599810e+03 0.000000e+00 1.000000e+00 1.000000e-01
5.599820e+03 0.000000e+00 1.000000e+00 1.000000e-01
5.599830e+03 0.000000e+00 1.000000e+00 1.000000e-01
5.599840e+03 0.000000e+00 1.000000e+00 1.000000e-01
5.599850e+03 0.000000e+00 1.000000e+00 1.000000e-01
5.599860e+03 0.000000e+00 1.000000e+00 1.000000e-01
5.599870e+03 0.000000e+00 1.000000e+00 1.000000e-01
5.599880e+03 0.000000e+00 1.000000e+00 1.000000e-01
5.599890e+03 0.000000e+00 1.000000e+00 1.000000e-01
5.599900e+03 0.000000e+00 1.000000e+00 1.000000e-01
5.599910e+03 0.000000e+00 1.000000e+00 1.000000e-01
5.599920e+03 0.000000e+00 1.000000e+00 1.000000e-01
5.599930e+03 0.000000e+00 1.000000e+00 1.000000e-01
5.599940e+03 0.000000e+00 1.000000e+00 1.000000e-01
5.599950e+03 0.000000e+00 1.000000e+00 1.000000e-01
5.599960e+03 0.000000e+00 1.000000e+00 1.000000e-01
5.599970e+03 0.000000e+00 1.000000e+00 1.000000e-01
5.599980e+03 0.000000e+00 1.000000e+00 1.000000e-01
5.599990e+03 0.000000e+00 1.000000e+00 1.000000e-01
5.600000e+03 0.000000e+00 1.000000e+00 1.000000e-01
5.600010e+03 0.000000e+00 1.000000e+00 1.000000e-01
5.600020e+03 0.000000e+00 1.000000e+00 1.000000e-01
5.600030e+03 0.000000e+00 1.000000e+00 1.000000e-01
5.600040e+03 0.000000e+00 1.000000e+00 1.000000e-01
5.600050e+03 0.000000e+00 1.000000e+00 1.000000e-01
5.600060e+03 0.000000e+00 1.000000e+00 1.000000e-01
5.600070e+03 0.000000e+00 1.000000e+00 1.000000e-01
5.600080e+03 0.000000e+00 1.000000e+00 1.000000e-01
5.600090e+03 0.000000e+00 1.000000e+00 1.000000e-01
5.600100e+03 0.000000e+00 1.000000e+00 1.000000e-01
5.600110e+03 0.000000e+00 1.000000e+00 1.000000e-01
5.600120e+03 0.000000e+00 1.000000e+00 1.000000e-01
5.600130e+03 0.000000e+00 1.000000e+00 1.000000e-01
5.600140e+03 0.000000e+00 1.000000e+00 1.000000e-01
5.600150e+03 0.000000e+00 1.000000e+00 1.000000e-01
5.600160e+03 0.000000e+00 1.000000e+00 1.000000e-01
5.600170e+03 0.000000e+00 1.000000e+00 1.000000e-01
5.600180e+03 0.000000e+00 1.000000e+00 1.000000e-01
5.600190e+03 0.000000e+00 1.000000e+00 1.000000e-01
5.600200e+03 0.000000e+00 1.000000e+00 1.000000e-01
5.600210e+03 0.000000e+00 1.000000e+00 1.000000e-01
5.600220e+03 0.000000e+00 1.000000e+00 1.000000e-01
5.600230e+03 0.000000e+00 1.000000e+00 1.000000e-01
5.600240e+03 0.000000e+00 1.000000e+00 1.000000e-01
5.600250e+03 0.000000e+00 1.000000e+00 1.000000e-01
5.600260e+03 0.000000e+00 1.000000e+00 1.000000e-01
5.600270e+03 0.000000e+00 1.000000e+00 1.000000e-01
5.600280e+03 0.000000e+00 1.000000e+00 1.000000e-01
5.600290e+03 0.000000e+00 1.000000e+00 1.000000e-01
5.600300e+03 0.000000e+00 1.000000e+00 1.000000e-01
5.600310e+03 0.000000e+00 1.000000e+00 1.000000e-01
5.600320e+03 0.000000e+00 1.000000e+00 1.000000e-01
5.600330e+03 0.000000e+00 1.000000e+00 1.000000e-01
5.600340e+03 0.000000e+00 1.000000e+00 1.000000e-01
5.600350e+03 0.000000e+00 1.000000e+00 1.000000e-01
5.600360e+03 0.000000e+00 1.000000e+00 1.000000e-01
5.600370e+03 0.000000e+00 1.000000e+00 1.000000e-01
5.600380e+03 0.000000e+00 1.000000e+00 1.000000e-01
5.600390e+03 0.000000e+00 1.000000e+00 1.000000e-01
5.600400e+03 0.000000e+00 1.000000e+00 1.000000e-01
5.600410e+03 0.000000e+00 1.000000e+00 1.000000e-01
5.600420e+03 0.000000e+00 1.000000e+00 1.000000e-01
5.600430e+03 0.000000e+00 1.000000e+00 1.000000e-01
5.600440e+03 0.000000e+00 1.000000e+00 1.000000e-01
5.600450e+03 0.000000e+00 1.000000e+00 1.000000e-01
5.600460e+03 0.000000e+00 1.000000e+00 1.000000e-01
5.600470e+03 0.000000e+00 1.000000e+00 1.000000e-01
5.600480e+03 0.000000e+00 1.000000e+00 1.000000e-01
5.600490e+03 0.000000e+00 1.000000e+00 1.000000e-01
5.600500e+03 0.000000e+00 1.000000e+00 1.000000e-01
5.600510e+03 0.000000e+00 1.000000e+00 1.000000e-01
5.600520e+03 0.000000e+00 1.000000e+00 1.000000e-01
5.600530e+03 0.000000e+00 1.000000e+00 1.000000e-01
5.600540e+03 0.000000e+00 1.000000e+00 1.000000e-01
5.600550e+03 0.000000e+00 1.000000e+00 1.000000e-01
5.600560e+03 0.000000e+00 1.000000e+00 1.000000e-01
5.600570e+03 0.000000e+00 1.000000e+00 1.000000e-01
5.600580e+03 0.000000e+00 1.000000e+00 1.000000e-01
5.600590e+03 0.000000e+00 1.000000e+00 1.000000e-01
5.600600e+03 0.000000e+00 1.000000e+00 1.000000e-01
5.600610e+03 0.000000e+00 1.000000e+00 1.000000e-01
5.600620e+03 0.000000e+00 1.000000e+00 1.000000e-01
5.600630e+03 0.000000e+00 1.000000e+00 1.000000e-01
5.600640e+03 0.000000e+00 1.000000e+00 1.000000e-01
5.600650e+03 0.000000e+00 1.000000e+00 1.000000e-01
5.600660e+03 0.000000e+00 1.000000e+00 1.000000e-01
5.600670e+03 0.000000e+00 1.000000e+00 1.000000e-01
5.600680e+03 0.000000e+00 1.000000e+00 1.000000e-01
5.600690e+03 0.000000e+00 1.000000e+00 1.000000e-01
5.600700e+03 0.000000e+00 1.000000e+00 1.000000e-01
5.600710e+03 0.000000e+00 1.000000e+00 1.000000e-01
5.600720e+03 0.000000e+00 1.000000e+00 1.000000e-01
5.600730e+03 0.000000e+00 1.000000e+00 1.000000e-01
5.600740e+03 0.000000e+00 1.000000e+00 1.000000e-01
5.600750e+03 0.000000e+00 1.000000e+00 1.000000e-01
5.600760e+03 0.000000e+00 1.000000e+00 1.000000e-01
5.600770e+03 0.000000e+00 1.000000e+00 1.000000e-01
5.600780e+03 0.000000e+00 1.000000e+00 1.000000e-01
5.600790e+03 0.000000e+00 1.000000e+00 1.000000e-01
5.600800e+03 0.000000e+00 1.000000e+00 1.000000e-01
5.600810e+03 0.000000e+00 1.000000e+00 1.000000e-01
5.600820e+03 0.000000e+00 1.000000e+00 1.000000e-01
5.600830e+03 0.000000e+00 1.000000e+00 1.000000e-01
5.600840e+03 0.000000e+00 1.000000e+00 1.000000e-01
5.600850e+03 0.000000e+00 1.000000e+00 1.000000e-01
5.600860e+03 0.000000e+00 1.000000e+00 1.000000e-01
5.600870e+03 0.000000e+00 1.000000e+00 1.000000e-01
5.600880e+03 0.000000e+00 1.000000e+00 1.000000e-01
5.600890e+03 0.000000e+00 1.000000e+00 1.000000e-01
5.600900e+03 0.000000e+00 1.000000e+00 1.000000e-01
5.600910e+03 0.000000e+00 1.000000e+00 1.000000e-01
5.600920e+03 0.000000e+00 1.000000e+00 1.000000e-01
5.600930e+03 0.000000e+00 1.000000e+00 1.000000e-01
5.600940e+03 0.000000e+00 1.000000e+00 1.000000e-01
5.600950e+03 0.000000e+00 1.000000e+00 1.000000e-01
5.600960e+03 0.000000e+00 1.000000e+00 1.000000e-01
5.600970e+03 0.000000e+00 1.000000e+00 1.000000e-01
5.600980e+03 0.000000e+00 1.000000e+00 1.000000e-01
5.600990e+03 0.000000e+00 1.000000e+00 1.000000e-01
5.601000e+03 0.000000e+00 1.000000e+00 1.000000e-01
5.601010e+03 0.000000e+00 1.000000e+00 1.000000e-01
5.601020e+03 0.000000e+00 1.000000e+00 1.000000e-01
5.601030e+03 0.000000e+00 1.000000e+00 1.000000e-01
5.601040e+03 0.000000e+00 1.000000e+00 1.000000e-01
5.601050e+03 0.000000e+00 1.000000e+00 1.000000e-01
5.601060e+03 0.000000e+00 1.000000e+00 1.000000e-01
5.601070e+03 0.000000e+00 1.000000e+00 1.000000e-01
5.601080e+03 0.000000e+00 1.000000e+00 1.000000e-01
5.601090e+03 0.000000e+00 1.000000e+00 1.000000e-01
5.601100e+03 0.000000e+00 1.000000e+00 1.000000e-01
5.601110e+03 0.000000e+00 1.000000e+00 1.000000e-01
5.601120e+03 0.000000e+00 1.000000e+00 1.000000e-01
5.601130e+03 0.000000e+00 1.000000e+00 1.000000e-01
5.601140e+03 0.000000e+00 1.000000e+00 1.000000e-01
5.601150e+03 0.000000e+00 1.000000e+00 1.000000e-01
5.601160e+03 0.000000e+00 1.000000e+00 1.000000e-01
5.601170e+03 0.000000e+00 1.000000e+00 1.000000e-01
5.601180e+03 0.000000e+00 1.000000e+00 1.000000e-01
5.601190e+03 0.000000e+00 1.000000e+00 1.000000e-01
5.601200e+03 0.000000e+00 1.000000e+00 1.000000e-01
5.601210e+03 0.000000e+00 1.000000e+00 1.000000e-01
5.601220e+03 0.000000e+00 1.000000e+00 1.000000e-01
5.601230e+03 0.000000e+00 1.000000e+00 1.000000e-01
5.601240e+03 0.000000e+00 1.000000e+00 1.000000e-01
5.601250e+03 0.000000e+00 1.000000e+00 1.000000e-01
5.601260e+03 0.000000e+00 1.000000e+00 1.000000e-01
5.601270e+03 0.000000e+00 1.000000e+00 1.000000e-01
5.601280e+03 0.000000e+00 1.000000e+00 1.000000e-01
5.601290e+03 0.000000e+00 1.000000e+00 1.000000e-01
5.601300e+03 0.000000e+00 1.000000e+00 1.000000e-01
5.601310e+03 0.000000e+00 1.000000e+00 1.000000e-01
5.601320e+03 0.000000e+00 1.000000e+00 1.000000e-01
5.601330e+03 0.000000e+00 1.000000e+00 1.000000e-01
5.601340e+03 0.000000e+00 1.000000e+00 1.000000e-01
5.601350e+03 0.000000e+00 1.000000e+00 1.000000e-01
5.601360e+03 0.000000e+00 1.000000e+00 1.000000e-01
5.601370e+03 0.000000e+00 1.000000e+00 1.000000e-01
5.601380e+03 0.000000e+00 1.000000e+00 1.000000e-01
5.601390e+03 0.000000e+00 1.000000e+00 1.000000e-01
5.601400e+03 0.000000e+00 1.000000e+00 1.000000e-01
5.601410e+03 0.000000e+00 1.000000e+00 1.000000e-01
5.601420e+03 0.000000e+00 1.000000e+00 1.000000e-01
5.601430e+03 0.000000e+00 1.000000e+00 1.000000e-01
5.601440e+03 0.000000e+00 1.000000e+00 1.000000e-01
5.601450e+03 0.000000e+00 1.000000e+00 1.000000e-01
5.601460e+03 0.000000e+00 1.000000e+00 1.000000e-01
5.601470e+03 0.000000e+00 1.000000e+00 1.000000e-01
5.601480e+03 0.000000e+00 1.000000e+00 1.000000e-01
5.601490e+03 0.000000e+00 1.000000e+00 1.000000e-01
5.601500e+03 0.000000e+00 1.000000e+00 1.000000e-01
5.601510e+03 0.000000e+00 1.000000e+00 1.000000e-01
5.601520e+03 0.000000e+00 1.000000e+00 1.000000e-01
5.601530e+03 0.000000e+00 1.000000e+00 1.000000e-01
5.601540e+03 0.000000e+00 1.000000e+00 1.000000e-01
5.601550e+03 0.000000e+00 1.000000e+00 1.000000e-01
5.601560e+03 0.000000e+00 1.000000e+00 1.000000e-01
5.601570e+03 0.000000e+00 1.000000e+00 1.000000e-01
5.601580e+03 0.000000e+00 1.000000e+00 1.000000e-01
5.601590e+03 0.000000e+00 1.000000e+00 1.000000e-01
5.601600e+03 0.000000e+00 1.000000e+00 1.000000e-01
5.601610e+03 0.000000e+00 1.000000e+00 1.000000e-01
5.601620e+03 0.000000e+00 1.000000e+00 1.000000e-01
5.601630e+03 0.000000e+00 1.000000e+00 1.000000e-01
5.601640e+03 0.000000e+00 1.000000e+00 1.000000e-01
5.601650e+03 0.000000e+00 1.000000e+00 1.000000e-01
5.601660e+03 0.000000e+00 1.000000e+00 1.000000e-01
5.601670e+03 0.000000e+00 1.000000e+00 1.000000e-01
5.601680e+03 0.000000e+00 1.000000e+00 1.000000e-01
5.601690e+03 0.000000e+00 1.000000e+00 1.000000e-01
5.601700e+03 0.000000e+00 1.000000e+00 1.000000e-01
5.601710e+03 0.000000e+00 1.000000e+00 1.000000e-01
5.601720e+03 0.000000e+00 1.000000e+00 1.000000e-01
5.601730e+03 0.000000e+00 1.000000e+00 1.000000e-01
5.601740e+03 0.000000e+00 1.000000e+00 1.000000e-01
5.601750e+03 0.000000e+00 1.000000e+00 1.000000e-01
5.601760e+03 0.000000e+00 1.000000e+00 1.000000e-01
5.601770e+03 0.000000e+00 1.000000e+00 1.000000e-01
5.601780e+03 0.000000e+00 1.000000e+00 1.000000e-01
5.601790e+03 0.000000e+00 1.000000e+00 1.000000e-01
5.601800e+03 0.000000e+00 1.000000e+00 1.000000e-01
5.601810e+03 0.000000e+00 1.000000e+00 1.000000e-01
5.601820e+03 0.000000e+00 1.000000e+00 1.000000e-01
5.601830e+03 0.000000e+00 1.000000e+00 1.000000e-01
5.601840e+03 0.000000e+00 1.000000e+00 1.000000e-01
5.601850e+03 0.000000e+00 1.000000e+00 1.000000e-01
5.601860e+03 0.000000e+00 1.000000e+00 1.000000e-01
5.601870e+03 0.000000e+00 1.000000e+00 1.000000e-01
5.601880e+03 0.000000e+00 1.000000e+00 1.000000e-01
5.601890e+03 0.000000e+00 1.000000e+00 1.000000e-01
5.601900e+03 0.000000e+00 1.000000e+00 1.000000e-01
5.601910e+03 0.000000e+00 1.000000e+00 1.000000e-01
5.601920e+03 0.000000e+00 1.000000e+00 1.000000e-01
5.601930e+03 0.000000e+00 1.000000e+00 1.000000e-01
5.601940e+03 0.000000e+00 1.000000e+00 1.000000e-01
5.601950e+03 0.000000e+00 1.000000e+00 1.000000e-01
5.601960e+03 0.000000e+00 1.000000e+00 1.000000e-01
5.601970e+03 0.000000e+00 1.000000e+00 1.000000e-01
5.601980e+03 0.000000e+00 1.000000e+00 1.000000e-01
5.601990e+03 0.000000e+00 1.000000e+00 1.000000e-01
5.602000e+03 0.000000e+00 1.000000e+00 1.000000e-01
5.602010e+03 0.000000e+00 1.000000e+00 1.000000e-01
5.602020e+03 0.000000e+00 1.000000e+00 1.000000e-01
5.602030e+03 0.000000e+00 1.000000e+00 1.000000e-01
5.602040e+03 0.000000e+00 1.000000e+00 1.000000e-01
5.602050e+03 0.000000e+00 1.000000e+00 1.000000e-01
5.602060e+03 0.000000e+00 1.000000e+00 1.000000e-01
5.602070e+03 0.000000e+00 1.000000e+00 1.000000e-01
5.602080e+03 0.000000e+00 1.000000e+00 1.000000e-01
5.602090e+03 0.000000e+00 1.000000e+00 1.000000e-01
5.602100e+03 0.000000e+00 1.000000e+00 1.000000e-01
5.602110e+03 0.000000e+00 1.000000e+00 1.000000e-01
5.602120e+03 0.000000e+00 1.000000e+00 1.000000e-01
5.602130e+03 0.000000e+00 1.000000e+00 1.000000e-01
5.602140e+03 0.000000e+00 1.000000e+00 1.000000e-01
5.602150e+03 0.000000e+00 1.000000e+00 1.000000e-01
5.602160e+03 0.000000e+00 1.000000e+00 1.000000e-01
5.602170e+03 0.000000e+00 1.000000e+00 1.000000e-01
5.602180e+03 0.000000e+00 1.000000e+00 1.000000e-01
5.602190e+03 0.000000e+00 1.000000e+00 1.000000e-01
5.602200e+03 0.000000e+00 1.000000e+00 1.000000e-01
5.602210e+03 0.000000e+00 1.000000e+00 1.000000e-01
5.602220e+03 0.000000e+00 1.000000e+00 1.000000e-01
5.602230e+03 0.000000e+00 1.000000e+00 1.000000e-01
5.602240e+03 0.000000e+00 1.000000e+00 1.000000e-01
5.602250e+03 0.000000e+00 1.000000e+00 1.000000e-01
5.602260e+03 0.000000e+00 1.000000e+00 1.000000e-01
5.602270e+03 0.000000e+00 1.000000e+00 1.000000e-01
5.602280e+03 0.000000e+00 1.000000e+00 1.000000e-01
5.602290e+03 0.000000e+00 1.000000e+00 1.000000e-01
5.602300e+03 0.000000e+00 1.000000e+00 1.000000e-01
5.602310e+03 0.000000e+00 1.000000e+00 1.000000e-01
5.602320e+03 0.000000e+00 1.000000e+00 1.000000e-01
5.602330e+03 0.000000e+00 1.000000e+00 1.000000e-01
5.602340e+03 0.000000e+00 1.000000e+00 1.000000e-01
5.602350e+03 0.000000e+00 1.000000e+00 1.000000e-01
5.602360e+03 0.000000e+00 1.000000e+00 1.000000e-01
5.602370e+03 0.000000e+00 1.000000e+00 1.000000e-01
5.602380e+03 0.000000e+00 1.000000e+00 1.000000e-01
5.602390e+03 0.000000e+00 1.000000e+00 1.000000e-01
5.602400e+03 0.000000e+00 1.000000e+00 1.000000e-01
5.602410e+03 0.000000e+00 1.000000e+00 1.000000e-01
5.602420e+03 0.000000e+00 1.000000e+00 1.000000e-01
5.602430e+03 0.000000e+00 1.000000e+00 1.000000e-01
5.602440e+03 0.000000e+00 1.000000e+00 1.000000e-01
5.602450e+03 0.000000e+00 1.000000e+00 1.000000e-01
5.602460e+03 0.000000e+00 1.000000e+00 1.000000e-01
5.602470e+03 0.000000e+00 1.000000e+00 1.000000e-01
5.602480e+03 0.000000e+00 1.000000e+00 1.000000e-01
5.602490e+03 0.000000e+00 1.000000e+00 1.000000e-01
5.602500e+03 0.000000e+00 1.000000e+00 1.000000e-01
5.602510e+03 0.000000e+00 1.000000e+00 1.000000e-01
5.602520e+03 0.000000e+00 1.000000e+00 1.000000e-01
5.602530e+03 0.000000e+00 1.000000e+00 1.000000e-01
5.602540e+03 0.000000e+00 1.000000e+00 1.000000e-01
5.602550e+03 0.000000e+00 1.000000e+00 1.000000e-01
5.602560e+03 0.000000e+00 1.000000e+00 1.000000e-01
5.602570e+03 0.000000e+00 1.000000e+00 1.000000e-01
5.602580e+03 0.000000e+00 1.000000e+00 1.000000e-01
5.602590e+03 0.000000e+00 1.000000e+00 1.000000e-01
5.602600e+03 0.000000e+00 1.000000e+00 1.000000e-01
5.602610e+03 0.000000e+00 1.000000e+00 1.000000e-01
5.602620e+03 0.000000e+00 1.000000e+00 1.000000e-01
5.602630e+03 0.000000e+00 1.000000e+00 1.000000e-01
5.602640e+03 0.000000e+00 1.000000e+00 1.000000e-01
5.602650e+03 0.000000e+00 1.000000e+00 1.000000e-01
5.602660e+03 0.000000e+00 1.000000e+00 1.000000e-01
5.602670e+03 0.000000e+00 1.000000e+00 1.000000e-01
5.602680e+03 0.000000e+00 1.000000e+00 1.000000e-01
5.602690e+03 0.000000e+00 1.000000e+00 1.000000e-01
5.602700e+03 0.000000e+00 1.000000e+00 1.000000e-01
5.602710e+03 0.000000e+00 1.000000e+00 1.000000e-01
5.602720e+03 0.000000e+00 1.000000e+00 1.000000e-01
5.602730e+03 0.000000e+00 1.000000e+00 1.000000e-01
5.602740e+03 0.000000e+00 1.000000e+00 1.000000e-01
5.602750e+03 0.000000e+00 1.000000e+00 1.000000e-01
5.602760e+03 0.000000e+00 1.000000e+00 1.000000e-01
5.602770e+03 0.000000e+00 1.000000e+00 1.000000e-01
5.602780e+03 0.000000e+00 1.000000e+00 1.000000e-01
5.602790e+03 0.000000e+00 1.000000e+00 1.000000e-01
5.602800e+03 0.000000e+00 1.000000e+00 1.000000e-01
5.602810e+03 0.000000e+00 1.000000e+00 1.000000e-01
5.602820e+03 0.000000e+00 1.000000e+00 1.000000e-01
5.602830e+03 0.000000e+00 1.000000e+00 1.000000e-01
5.602840e+03 0.000000e+00 1.000000e+00 1.000000e-01
5.602850e+03 0.000000e+00 1.000000e+00 1.000000e-01
5.602860e+03 0.000000e+00 1.000000e+00 1.000000e-01
5.602870e+03 0.000000e+00 1.000000e+00 1.000000e-01
5.602880e+03 0.000000e+00 1.000000e+00 1.000000e-01
5.602890e+03 0.000000e+00 1.000000e+00 1.000000e-01
5.602900e+03 0.000000e+00 1.000000e+00 1.000000e-01
5.602910e+03 0.000000e+00 1.000000e+00 1.000000e-01
5.602920e+03 0.000000e+00 1.000000e+00 1.000000e-01
5.602930e+03 0.000000e+00 1.000000e+00 1.000000e-01
5.602940e+03 0.000000e+00 1.000000e+00 1.000000e-01
5.602950e+03 0.000000e+00 1.000000e+00 1.000000e-01
5.602960e+03 0.000000e+00 1.000000e+00 1.000000e-01
5.602970e+03 0.000000e+00 1.000000e+00 1.000000e-01
5.602980e+03 0.000000e+00 1.000000e+00 1.000000e-01
5.602990e+03 0.000000e+00 1.000000e+00 1.000000e-01
5.603000e+03 0.000000e+00 1.000000e+00 1.000000e-01
5.603010e+03 0.000000e+00 1.000000e+00 1.000000e-01
5.603020e+03 0.000000e+00 1.000000e+00 1.000000e-01
5.603030e+03 0.000000e+00 1.000000e+00 1.000000e-01
5.603040e+03 0.000000e+00 1.000000e+00 1.000000e-01
5.603050e+03 0.000000e+00 1.000000e+00 1.000000e-01
5.603060e+03 0.000000e+00 1.000000e+00 1.000000e-01
5.603070e+03 0.000000e+00 1.000000e+00 1.000000e-01
5.603080e+03 0.000000e+00 1.000000e+00 1.000000e-01
5.603090e+03 0.000000e+00 1.000000e+00 1.000000e-01
5.603100e+03 0.000000e+00 1.000000e+00 1.000000e-01
5.603110e+03 0.000000e+00 1.000000e+00 1.000000e-01
5.603120e+03 0.000000e+00 1.000000e+00 1.000000e-01
5.603130e+03 0.000000e+00 1.000000e+00 1.000000e-01
5.603140e+03 0.000000e+00 1.000000e+00 1.000000e-01
5.603150e+03 0.000000e+00 1.000000e+00 1.000000e-01
5.603160e+03 0.000000e+00 1.000000e+00 1.000000e-01
5.603170e+03 0.000000e+00 1.000000e+00 1.000000e-01
5.603180e+03 0.000000e+00 1.000000e+00 1.000000e-01
5.603190e+03 0.000000e+00 1.000000e+00 1.000000e-01
5.603200e+03 0.000000e+00 1.000000e+00 1.000000e-01
5.603210e+03 0.000000e+00 1.000000e+00 1.000000e-01
5.603220e+03 0.000000e+00 1.000000e+00 1.000000e-01
5.603230e+03 0.000000e+00 1.000000e+00 1.000000e-01
5.603240e+03 0.000000e+00 1.000000e+00 1.000000e-01
5.603250e+03 0.000000e+00 1.000000e+00 1.000000e-01
5.603260e+03 0.000000e+00 1.000000e+00 1.000000e-01
5.603270e+03 0.000000e+00 1.000000e+00 1.000000e-01
5.603280e+03 0.000000e+00 1.000000e+00 1.000000e-01
5.603290e+03 0.000000e+00 1.000000e+00 1.000000e-01
5.603300e+03 0.000000e+00 1.000000e+00 1.000000e-01
5.603310e+03 0.000000e+00 1.000000e+00 1.000000e-01
5.603320e+03 0.000000e+00 1.000000e+00 1.000000e-01
5.603330e+03 0.000000e+00 1.000000e+00 1.000000e-01
5.603340e+03 0.000000e+00 1.000000e+00 1.000000e-01
5.603350e+03 0.000000e+00 1.000000e+00 1.000000e-01
5.603360e+03 0.000000e+00 1.000000e+00 1.000000e-01
5.603370e+03 0.000000e+00 1.000000e+00 1.000000e-01
5.603380e+03 0.000000e+00 1.000000e+00 1.000000e-01
5.603390e+03 0.000000e+00 1.000000e+00 1.000000e-01
5.603400e+03 0.000000e+00 1.000000e+00 1.000000e-01
5.603410e+03 0.000000e+00 1.000000e+00 1.000000e-01
5.603420e+03 0.000000e+00 1.000000e+00 1.000000e-01
5.603430e+03 0.000000e+00 1.000000e+00 1.000000e-01
5.603440e+03 0.000000e+00 1.000000e+00 1.000000e-01
5.603450e+03 0.000000e+00 1.000000e+00 1.000000e-01
5.603460e+03 0.000000e+00 1.000000e+00 1.000000e-01
5.603470e+03 0.000000e+00 1.000000e+00 1.000000e-01
5.603480e+03 0.000000e+00 1.000000e+00 1.000000e-01
5.603490e+03 0.000000e+00 1.000000e+00 1.000000e-01
5.603500e+03 0.000000e+00 1.000000e+00 1.000000e-01
5.603510e+03 0.000000e+00 1.000000e+00 1.000000e-01
5.603520e+03 0.000000e+00 1.000000e+00 1.000000e-01
5.603530e+03 0.000000e+00 1.000000e+00 1.000000e-01
5.603540e+03 0.000000e+00 1.000000e+00 1.000000e-01
5.603550e+03 0.000000e+00 1.000000e+00 1.000000e-01
5.603560e+03 0.000000e+00 1.000000e+00 1.000000e-01
5.603570e+03 0.000000e+00 1.000000e+00 1.000000e-01
5.603580e+03 0.000000e+00 1.000000e+00 1.000000e-01
5.603590e+03 0.000000e+00 1.000000e+00 1.000000e-01
5.603600e+03 0.000000e+00 1.000000e+00 1.000000e-01
5.603610e+03 0.000000e+00 1.000000e+00 1.000000e-01
5.603620e+03 0.000000e+00 1.000000e+00 1.000000e-01
5.603630e+03 0.000000e+00 1.000000e+00 1.000000e-01
5.603640e+03 0.000000e+00 1.000000e+00 1.000000e-01
5.603650e+03 0.000000e+00 1.000000e+00 1.000000e-01
5.603660e+03 0.000000e+00 1.000000e+00 1.000000e-01
5.603670e+03 0.000000e+00 1.000000e+00 1.000000e-01
5.603680e+03 0.000000e+00 1.000000e+00 1.000000e-01
5.603690e+03 0.000000e+00 1.000000e+00 1.000000e-01
5.603700e+03 0.000000e+00 1.000000e+00 1.000000e-01
5.603710e+03 0.000000e+00 1.000000e+00 1.000000e-01
5.603720e+03 0.000000e+00 1.000000e+00 1.000000e-01
5.603730e+03 0.000000e+00 1.000000e+00 1.000000e-01
5.603740e+03 0.000000e+00 1.000000e+00 1.000000e-01
5.603750e+03 0.000000e+00 1.000000e+00 1.000000e-01
5.603760e+03 0.000000e+00 1.000000e+00 1.000000e-01
5.603770e+03 0.000000e+00 1.000000e+00 1.000000e-01
5.603780e+03 0.000000e+00 1.000000e+00 1.000000e-01
5.603790e+03 0.000000e+00 1.000000e+00 1.000000e-01
5.603800e+03 0.000000e+00 1.000000e+00 1.000000e-01
5.603810e+03 0.000000e+00 1.000000e+00 1.000000e-01
5.603820e+03 0.000000e+00 1.000000e+00 1.000000e-01
5.603830e+03 0.000000e+00 1.000000e+00 1.000000e-01
5.603840e+03 0.000000e+00 1.000000e+00 1.000000e-01
5.603850e+03 0.000000e+00 1.000000e+00 1.000000e-01
5.603860e+03 0.000000e+00 1.000000e+00 1.000000e-01
5.603870e+03 0.000000e+00 1.000000e+00 1.000000e-01
5.603880e+03 0.000000e+00 1.000000e+00 1.000000e-01
5.603890e+03 0.000000e+00 1.000000e+00 1.000000e-01
5.603900e+03 0.000000e+00 1.000000e+00 1.000000e-01
5.603910e+03 0.000000e+00 1.000000e+00 1.000000e-01
5.603920e+03 0.000000e+00 1.000000e+00 1.000000e-01
5.603930e+03 0.000000e+00 1.000000e+00 1.000000e-01
5.603940e+03 0.000000e+00 1.000000e+00 1.000000e-01
5.603950e+03 0.000000e+00 1.000000e+00 1.000000e-01
5.603960e+03 0.000000e+00 1.000000e+00 1.000000e-01
5.603970e+03 0.000000e+00 1.000000e+00 1.000000e-01
5.603980e+03 0.000000e+00 1.000000e+00 1.000000e-01
5.603990e+03 0.000000e+00 1.000000e+00 1.000000e-01
5.604000e+03 0.000000e+00 1.000000e+00 1.000000e-01
5.604010e+03 0.000000e+00 1.000000e+00 1.000000e-01
5.604020e+03 0.000000e+00 1.000000e+00 1.000000e-01
5.604030e+03 0.000000e+00 1.000000e+00 1.000000e-01
5.604040e+03 0.000000e+00 1.000000e+00 1.000000e-01
5.604050e+03 0.000000e+00 1.000000e+00 1.000000e-01
5.604060e+03 0.000000e+00 1.000000e+00 1.000000e-01
5.604070e+03 0.000000e+00 1.000000e+00 1.000000e-01
5.604080e+03 0.000000e+00 1.000000e+00 1.000000e-01
5.604090e+03 0.000000e+00 1.000000e+00 1.000000e-01
5.604100e+03 0.000000e+00 1.000000e+00 1.000000e-01
5.604110e+03 0.000000e+00 1.000000e+00 1.000000e-01
5.604120e+03 0.000000e+00 1.000000e+00 1.000000e-01
5.604130e+03 0.000000e+00 1.000000e+00 1.000000e-01
5.604140e+03 0.000000e+00 1.000000e+00 1.000000e-01
5.604150e+03 0.000000e+00 1.000000e+00 1.000000e-01
5.604160e+03 0.000000e+00 1.000000e+00 1.000000e-01
5.604170e+03 0.000000e+00 1.000000e+00 1.000000e-01
5.604180e+03 0.000000e+00 1.000000e+00 1.000000e-01
5.604190e+03 0.000000e+00 1.000000e+00 1.000000e-01
5.604200e+03 0.000000e+00 1.000000e+00 1.000000e-01
5.604210e+03 0.000000e+00 1.000000e+00 1.000000e-01
5.604220e+03 0.000000e+00 1.000000e+00 1.000000e-01
5.604230e+03 0.000000e+00 1.000000e+00 1.000000e-01
5.604240e+03 0.000000e+00 1.000000e+00 1.000000e-01
5.604250e+03 0.000000e+00 1.000000e+00 1.000000e-01
5.604260e+03 0.000000e+00 1.000000e+00 1.000000e-01
5.604270e+03 0.000000e+00 1.000000e+00 1.000000e-01
5.604280e+03 0.000000e+00 1.000000e+00 1.000000e-01
5.604290e+03 0.000000e+00 1.000000e+00 1.000000e-01
5.604300e+03 0.000000e+00 1.000000e+00 1.000000e-01
5.604310e+03 0.000000e+00 1.000000e+00 1.000000e-01
5.604320e+03 0.000000e+00 1.000000e+00 1.000000e-01
5.604330e+03 0.000000e+00 1.000000e+00 1.000000e-01
5.604340e+03 0.000000e+00 1.000000e+00 1.000000e-01
5.604350e+03 0.000000e+00 1.000000e+00 1.000000e-01
5.604360e+03 0.000000e+00 1.000000e+00 1.000000e-01
5.604370e+03 0.000000e+00 1.000000e+00 1.000000e-01
5.604380e+03 0.000000e+00 1.000000e+00 1.000000e-01
5.604390e+03 0.000000e+00 1.000000e+00 1.000000e-01
5.604400e+03 0.000000e+00 1.000000e+00 1.000000e-01
5.604410e+03 0.000000e+00 1.000000e+00 1.000000e-01
5.604420e+03 0.000000e+00 1.000000e+00 1.000000e-01
5.604430e+03 0.000000e+00 1.000000e+00 1.000000e-01
5.604440e+03 0.000000e+00 1.000000e+00 1.000000e-01
5.604450e+03 0.000000e+00 1.000000e+00 1.000000e-01
5.604460e+03 0.000000e+00 1.000000e+00 1.000000e-01
5.604470e+03 0.000000e+00 1.000000e+00 1.000000e-01
5.604480e+03 0.000000e+00 1.000000e+00 1.000000e-01
5.604490e+03 0.000000e+00 1.000000e+00 1.000000e-01
5.604500e+03 0.000000e+00 1.000000e+00 1.000000e-01
5.604510e+03 0.000000e+00 1.000000e+00 1.000000e-01
5.604520e+03 0.000000e+00 1.000000e+00 1.000000e-01
5.604530e+03 0.000000e+00 1.000000e+00 1.000000e-01
5.604540e+03 0.000000e+00 1.000000e+00 1.000000e-01
5.604550e+03 0.000000e+00 1.000000e+00 1.000000e-01
5.604560e+03 0.000000e+00 1.000000e+00 1.000000e-01
5.604570e+03 0.000000e+00 1.000000e+00 1.000000e-01
5.604580e+03 0.000000e+00 1.000000e+00 1.000000e-01
5.604590e+03 0.000000e+00 1.000000e+00 1.000000e-01
5.604600e+03 0.000000e+00 1.000000e+00 1.000000e-01
5.604610e+03 0.000000e+00 1.000000e+00 1.000000e-01
5.604620e+03 0.000000e+00 1.000000e+00 1.000000e-01
5.604630e+03 0.000000e+00 1.000000e+00 1.000000e-01
5.604640e+03 0.000000e+00 1.000000e+00 1.000000e-01
5.604650e+03 0.000000e+00 1.000000e+00 1.000000e-01
5.604660e+03 0.000000e+00 1.000000e+00 1.000000e-01
5.604670e+03 0.000000e+00 1.000000e+00 1.000000e-01
5.604680e+03 0.000000e+00 1.000000e+00 1.000000e-01
5.604690e+03 0.000000e+00 1.000000e+00 1.000000e-01
5.604700e+03 0.000000e+00 1.000000e+00 1.000000e-01
5.604710e+03 0.000000e+00 1.000000e+00 1.000000e-01
5.604720e+03 0.000000e+00 1.000000e+00 1.000000e-01
5.604730e+03 0.000000e+00 1.000000e+00 1.000000e-01
5.604740e+03 0.000000e+00 1.000000e+00 1.000000e-01
5.604750e+03 0.000000e+00 1.000000e+00 1.000000e-01
5.604760e+03 0.000000e+00 1.000000e+00 1.000000e-01
5.604770e+03 0.000000e+00 1.000000e+00 1.000000e-01
5.604780e+03 0.000000e+00 1.000000e+00 1.000000e-01
5.604790e+03 0.000000e+00 1.000000e+00 1.000000e-01
5.604800e+03 0.000000e+00 1.000000e+00 1.000000e-01
5.604810e+03 0.000000e+00 1.000000e+00 1.000000e-01
5.604820e+03 0.000000e+00 1.000000e+00 1.000000e-01
5.604830e+03 0.000000e+00 1.000000e+00 1.000000e-01
5.604840e+03 0.000000e+00 1.000000e+00 1.000000e-01
5.604850e+03 0.000000e+00 1.000000e+00 1.000000e-01
5.604860e+03 0.000000e+00 1.000000e+00 1.000000e-01
5.604870e+03 0.000000e+00 1.000000e+00 1.000000e-01
5.604880e+03 0.000000e+00 1.000000e+00 1.000000e-01
5.604890e+03 0.000000e+00 1.000000e+00 1.000000e-01
5.604900e+03 0.000000e+00 1.000000e+00 1.000000e-01
5.604910e+03 0.000000e+00 1.000000e+00 1.000000e-01
5.604920e+03 0.000000e+00 1.000000e+00 1.000000e-01
5.604930e+03 0.000000e+00 1.000000e+00 1.000000e-01
5.604940e+03 0.000000e+00 1.000000e+00 1.000000e-01
5.604950e+03 0.000000e+00 1.000000e+00 1.000000e-01
5.604960e+03 0.000000e+00 1.000000e+00 1.000000e-01
5.604970e+03 0.000000e+00 1.000000e+00 1.000000e-01
5.604980e+03 0.000000e+00 1.000000e+00 1.000000e-01
5.604990e+03 0.000000e+00 1.000000e+00 1.000000e-01
5.605000e+03 0.000000e+00 1.000000e+00 1.000000e-01
5.605010e+03 0.000000e+00 1.000000e+00 1.000000e-01
5.605020e+03 0.000000e+00 1.000000e+00 1.000000e-01
5.605030e+03 0.000000e+00 1.000000e+00 1.000000e-01
5.605040e+03 0.000000e+00 1.000000e+00 1.000000e-01
5.605050e+03 0.000000e+00 1.000000e+00 1.000000e-01
5.605060e+03 0.000000e+00 1.000000e+00 1.000000e-01
5.605070e+03 0.000000e+00 1.000000e+00 1.000000e-01
5.605080e+03 0.000000e+00 1.000000e+00 1.000000e-01
5.605090e+03 0.000000e+00 1.000000e+00 1.000000e-01
5.605100e+03 0.000000e+00 1.000000e+00 1.000000e-01
5.605110e+03 0.000000e+00 1.000000e+00 1.000000e-01
5.605120e+03 0.000000e+00 1.000000e+00 1.000000e-01
5.605130e+03 0.000000e+00 1.000000e+00 1.000000e-01
5.605140e+03 0.000000e+00 1.000000e+00 1.000000e-01
5.605150e+03 0.000000e+00 1.000000e+00 1.000000e-01
5.605160e+03 0.000000e+00 1.000000e+00 1.000000e-01
5.605170e+03 0.000000e+00 1.000000e+00 1.000000e-01
5.605180e+03 0.000000e+00 1.000000e+00 1.000000e-01
5.605190e+03 0.000000e+00 1.000000e+00 1.000000e-01
5.605200e+03 0.000000e+00 1.000000e+00 1.000000e-01
5.605210e+03 0.000000e+00 1.000000e+00 1.000000e-01
5.605220e+03 0.000000e+00 1.000000e+00 1.000000e-01
5.605230e+03 0.000000e+00 1.000000e+00 1.000000e-01
5.605240e+03 0.000000e+00 1.000000e+00 1.000000e-01
5.605250e+03 0.000000e+00 1.000000e+00 1.000000e-01
5.605260e+03 0.000000e+00 1.000000e+00 1.000000e-01
5.605270e+03 0.000000e+00 1.000000e+00 1.000000e-01
5.605280e+03 0.000000e+00 1.000000e+00 1.000000e-01
5.605290e+03 0.000000e+00 1.000000e+00 1.000000e-01
5.605300e+03 0.000000e+00 1.000000e+00 1.000000e-01
5.605310e+03 0.000000e+00 1.000000e+00 1.000000e-01
5.605320e+03 0.000000e+00 1.000000e+00 1.000000e-01
5.605330e+03 0.000000e+00 1.000000e+00 1.000000e-01
5.605340e+03 0.000000e+00 1.000000e+00 1.000000e-01
5.605350e+03 0.000000e+00 1.000000e+00 1.000000e-01
5.605360e+03 0.000000e+00 1.000000e+00 1.000000e-01
5.605370e+03 0.000000e+00 1.000000e+00 1.000000e-01
5.605380e+03 0.000000e+00 1.000000e+00 1.000000e-01
5.605390e+03 0.000000e+00 1.000000e+00 1.000000e-01
5.605400e+03 0.000000e+00 1.000000e+00 1.000000e-01
5.605410e+03 0.000000e+00 1.000000e+00 1.000000e-01
5.605420e+03 0.000000e+00 1.000000e+00 1.000000e-01
5.605430e+03 0.000000e+00 1.000000e+00 1.000000e-01
5.605440e+03 0.000000e+00 1.000000e+00 1.000000e-01
5.605450e+03 0.000000e+00 1.000000e+00 1.000000e-01
5.605460e+03 0.000000e+00 1.000000e+00 1.000000e-01
5.605470e+03 0.000000e+00 1.000000e+00 1.000000e-01
5.605480e+03 0.000000e+00 1.000000e+00 1.000000e-01
5.605490e+03 0.000000e+00 1.000000e+00 1.000000e-01
5.605500e+03 0.000000e+00 1.000000e+00 1.000000e-01
5.605510e+03 0.000000e+00 1.000000e+00 1.000000e-01
5.605520e+03 0.000000e+00 1.000000e+00 1.000000e-01
5.605530e+03 0.000000e+00 1.000000e+00 1.000000e-01
5.605540e+03 0.000000e+00 1.000000e+00 1.000000e-01
5.605550e+03 0.000000e+00 1.000000e+00 1.000000e-01
5.605560e+03 0.000000e+00 1.000000e+00 1.000000e-01
5.605570e+03 0.000000e+00 1.000000e+00 1.000000e-01
5.605580e+03 0.000000e+00 1.000000e+00 1.000000e-01
5.605590e+03 0.000000e+00 1.000000e+00 1.000000e-01
5.605600e+03 0.000000e+00 1.000000e+00 1.000000e-01
5.605610e+03 0.000000e+00 1.000000e+00 1.000000e-01
5.605620e+03 0.000000e+00 1.000000e+00 1.000000e-01
5.605630e+03 0.000000e+00 1.000000e+00 1.000000e-01
5.605640e+03 0.000000e+00 1.000000e+00 1.000000e-01
5.605650e+03 0.000000e+00 1.000000e+00 1.000000e-01
5.605660e+03 0.000000e+00 1.000000e+00 1.000000e-01
5.605670e+03 0.000000e+00 1.000000e+00 1.000000e-01
5.605680e+03 0.000000e+00 1.000000e+00 1.000000e-01
5.605690e+03 0.000000e+00 1.000000e+00 1.000000e-01
5.605700e+03 0.000000e+00 1.000000e+00 1.000000e-01
5.605710e+03 0.000000e+00 1.000000e+00 1.000000e-01
5.605720e+03 0.000000e+00 1.000000e+00 1.000000e-01
5.605730e+03 0.000000e+00 1.000000e+00 1.000000e-01
5.605740e+03 0.000000e+00 1.000000e+00 1.000000e-01
5.605750e+03 0.000000e+00 1.000000e+00 1.000000e-01
5.605760e+03 0.000000e+00 1.000000e+00 1.000000e-01
5.605770e+03 0.000000e+00 1.000000e+00 1.000000e-01
5.605780e+03 0.000000e+00 1.000000e+00 1.000000e-01
5.605790e+03 0.000000e+00 1.000000e+00 1.000000e-01
5.605800e+03 0.000000e+00 1.000000e+00 1.000000e-01
5.605810e+03 0.000000e+00 1.000000e+00 1.000000e-01
5.605820e+03 0.000000e+00 1.000000e+00 1.000000e-01
5.605830e+03 0.000000e+00 1.000000e+00 1.000000e-01
5.605840e+03 0.000000e+00 1.000000e+00 1.000000e-01
5.605850e+03 0.000000e+00 1.000000e+00 1.000000e-01
5.605860e+03 0.000000e+00 1.000000e+00 1.000000e-01
5.605870e+03 0.000000e+00 1.000000e+00 1.000000e-01
5.605880e+03 0.000000e+00 1.000000e+00 1.000000e-01
5.605890e+03 0.000000e+00 1.000000e+00 1.000000e-01
5.605900e+03 0.000000e+00 1.000000e+00 1.000000e-01
5.605910e+03 0.000000e+00 1.000000e+00 1.000000e-01
5.605920e+03 0.000000e+00 1.000000e+00 1.000000e-01
5.605930e+03 0.000000e+00 1.000000e+00 1.000000e-01
5.605940e+03 0.000000e+00 1.000000e+00 1.000000e-01
5.605950e+03 0.000000e+00 1.000000e+00 1.000000e-01
5.605960e+03 0.000000e+00 1.000000e+00 1.000000e-01
5.605970e+03 0.000000e+00 1.000000e+00 1.000000e-01
5.605980e+03 0.000000e+00 1.000000e+00 1.000000e-01
5.605990e+03 0.000000e+00 1.000000e+00 1.000000e-01
5.606000e+03 0.000000e+00 1.000000e+00 1.000000e-01
5.606010e+03 0.000000e+00 1.000000e+00 1.000000e-01
5.606020e+03 0.000000e+00 1.000000e+00 1.000000e-01
5.606030e+03 0.000000e+00 1.000000e+00 1.000000e-01
5.606040e+03 0.000000e+00 1.000000e+00 1.000000e-01
5.606050e+03 0.000000e+00 1.000000e+00 1.000000e-01
5.606060e+03 0.000000e+00 1.000000e+00 1.000000e-01
5.606070e+03 0.000000e+00 1.000000e+00 1.000000e-01
5.606080e+03 0.000000e+00 1.000000e+00 1.000000e-01
5.606090e+03 0.000000e+00 1.000000e+00 1.000000e-01
5.606100e+03 0.000000e+00 1.000000e+00 1.000000e-01
5.606110e+03 0.000000e+00 1.000000e+00 1.000000e-01
5.606120e+03 0.000000e+00 1.000000e+00 1.000000e-01
5.606130e+03 0.000000e+00 1.000000e+00 1.000000e-01
5.606140e+03 0.000000e+00 1.000000e+00 1.000000e-01
5.606150e+03 0.000000e+00 1.000000e+00 1.000000e-01
5.606160e+03 0.000000e+00 1.000000e+00 1.000000e-01
5.606170e+03 0.000000e+00 1.000000e+00 1.000000e-01
5.606180e+03 0.000000e+00 1.000000e+00 1.000000e-01
5.606190e+03 0.000000e+00 1.000000e+00 1.000000e-01
5.606200e+03 0.000000e+00 1.000000e+00 1.000000e-01
5.606210e+03 0.000000e+00 1.000000e+00 1.000000e-01
5.606220e+03 0.000000e+00 1.000000e+00 1.000000e-01
5.606230e+03 0.000000e+00 1.000000e+00 1.000000e-01
5.606240e+03 0.000000e+00 1.000000e+00 1.000000e-01
5.606250e+03 0.000000e+00 1.000000e+00 1.000000e-01
5.606260e+03 0.000000e+00 1.000000e+00 1.000000e-01
5.606270e+03 0.000000e+00 1.000000e+00 1.000000e-01
5.606280e+03 0.000000e+00 1.000000e+00 1.000000e-01
5.606290e+03 0.000000e+00 1.000000e+00 1.000000e-01
5.606300e+03 0.000000e+00 1.000000e+00 1.000000e-01
5.606310e+03 0.000000e+00 1.000000e+00 1.000000e-01
5.606320e+03 0.000000e+00 1.000000e+00 1.000000e-01
5.606330e+03 0.000000e+00 1.000000e+00 1.000000e-01
5.606340e+03 0.000000e+00 1.000000e+00 1.000000e-01
5.606350e+03 0.000000e+00 1.000000e+00 1.000000e-01
5.606360e+03 0.000000e+00 1.000000e+00 1.000000e-01
5.606370e+03 0.000000e+00 1.000000e+00 1.000000e-01
5.606380e+03 0.000000e+00 1.000000e+00 1.000000e-01
5.606390e+03 0.000000e+00 1.000000e+00 1.000000e-01
5.606400e+03 0.000000e+00 1.000000e+00 1.000000e-01
5.606410e+03 0.000000e+00 1.000000e+00 1.000000e-01
5.606420e+03 0.000000e+00 1.000000e+00 1.000000e-01
5.606430e+03 0.000000e+00 1.000000e+00 1.000000e-01
5.606440e+03 0.000000e+00 1.000000e+00 1.000000e-01
5.606450e+03 0.000000e+00 1.000000e+00 1.000000e-01
5.606460e+03 0.000000e+00 1.000000e+00 1.000000e-01
5.606470e+03 0.000000e+00 1.000000e+00 1.000000e-01
5.606480e+03 0.000000e+00 1.000000e+00 1.000000e-01
5.606490e+03 0.000000e+00 1.000000e+00 1.000000e-01
5.606500e+03 0.000000e+00 1.000000e+00 1.000000e-01
5.606510e+03 0.000000e+00 1.000000e+00 1.000000e-01
5.606520e+03 0.000000e+00 1.000000e+00 1.000000e-01
5.606530e+03 0.000000e+00 1.000000e+00 1.000000e-01
5.606540e+03 0.000000e+00 1.000000e+00 1.000000e-01
5.606550e+03 0.000000e+00 1.000000e+00 1.000000e-01
5.606560e+03 0.000000e+00 1.000000e+00 1.000000e-01
5.606570e+03 0.000000e+00 1.000000e+00 1.000000e-01
5.606580e+03 0.000000e+00 1.000000e+00 1.000000e-01
5.606590e+03 0.000000e+00 1.000000e+00 1.000000e-01
5.606600e+03 0.000000e+00 1.000000e+00 1.000000e-01
5.606610e+03 0.000000e+00 1.000000e+00 1.000000e-01
5.606620e+03 0.000000e+00 1.000000e+00 1.000000e-01
5.606630e+03 0.000000e+00 1.000000e+00 1.000000e-01
5.606640e+03 0.000000e+00 1.000000e+00 1.000000e-01
5.606650e+03 0.000000e+00 1.000000e+00 1.000000e-01
5.606660e+03 0.000000e+00 1.000000e+00 1.000000e-01
5.606670e+03 0.000000e+00 1.000000e+00 1.000000e-01
5.606680e+03 0.000000e+00 1.000000e+00 1.000000e-01
5.606690e+03 0.000000e+00 1.000000e+00 1.000000e-01
5.606700e+03 0.000000e+00 1.000000e+00 1.000000e-01
5.606710e+03 0.000000e+00 1.000000e+00 1.000000e-01
5.606720e+03 0.000000e+00 1.000000e+00 1.000000e-01
5.606730e+03 0.000000e+00 1.000000e+00 1.000000e-01
5.606740e+03 0.000000e+00 1.000000e+00 1.000000e-01
5.606750e+03 0.000000e+00 1.000000e+00 1.000000e-01
5.606760e+03 0.000000e+00 1.000000e+00 1.000000e-01
5.606770e+03 0.000000e+00 1.000000e+00 1.000000e-01
5.606780e+03 0.000000e+00 1.000000e+00 1.000000e-01
5.606790e+03 0.000000e+00 1.000000e+00 1.000000e-01
5.606800e+03 0.000000e+00 1.000000e+00 1.000000e-01
5.606810e+03 0.000000e+00 1.000000e+00 1.000000e-01
5.606820e+03 0.000000e+00 1.000000e+00 1.000000e-01
5.606830e+03 0.000000e+00 1.000000e+00 1.000000e-01
5.606840e+03 0.000000e+00 1.000000e+00 1.000000e-01
5.606850e+03 0.000000e+00 1.000000e+00 1.000000e-01
5.606860e+03 0.000000e+00 1.000000e+00 1.000000e-01
5.606870e+03 0.000000e+00 1.000000e+00 1.000000e-01
5.606880e+03 0.000000e+00 1.000000e+00 1.000000e-01
5.606890e+03 0.000000e+00 1.000000e+00 1.000000e-01
5.606900e+03 0.000000e+00 1.000000e+00 1.000000e-01
5.606910e+03 0.000000e+00 1.000000e+00 1.000000e-01
5.606920e+03 0.000000e+00 1.000000e+00 1.000000e-01
5.606930e+03 0.000000e+00 1.000000e+00 1.000000e-01
5.606940e+03 0.000000e+00 1.000000e+00 1.000000e-01
5.606950e+03 0.000000e+00 1.000000e+00 1.000000e-01
5.606960e+03 0.000000e+00 1.000000e+00 1.000000e-01
5.606970e+03 0.000000e+00 1.000000e+00 1.000000e-01
5.606980e+03 0.000000e+00 1.000000e+00 1.000000e-01
5.606990e+03 0.000000e+00 1.000000e+00 1.000000e-01
5.607000e+03 0.000000e+00 1.000000e+00 1.000000e-01
5.607010e+03 0.000000e+00 1.000000e+00 1.000000e-01
5.607020e+03 0.000000e+00 1.000000e+00 1.000000e-01
5.607030e+03 0.000000e+00 1.000000e+00 1.000000e-01
5.607040e+03 0.000000e+00 1.000000e+00 1.000000e-01
5.607050e+03 0.000000e+00 1.000000e+00 1.000000e-01
5.607060e+03 0.000000e+00 1.000000e+00 1.000000e-01
5.607070e+03 0.000000e+00 1.000000e+00 1.000000e-01
5.607080e+03 0.000000e+00 1.000000e+00 1.000000e-01
5.607090e+03 0.000000e+00 1.000000e+00 1.000000e-01
5.607100e+03 0.000000e+00 1.000000e+00 1.000000e-01
5.607110e+03 0.000000e+00 1.000000e+00 1.000000e-01
5.607120e+03 0.000000e+00 1.000000e+00 1.000000e-01
5.607130e+03 0.000000e+00 1.000000e+00 1.000000e-01
5.607140e+03 0.000000e+00 1.000000e+00 1.000000e-01
5.607150e+03 0.000000e+00 1.000000e+00 1.000000e-01
5.607160e+03 0.000000e+00 1.000000e+00 1.000000e-01
5.607170e+03 0.000000e+00 1.000000e+00 1.000000e-01
5.607180e+03 0.000000e+00 1.000000e+00 1.000000e-01
5.607190e+03 0.000000e+00 1.000000e+00 1.000000e-01
5.607200e+03 0.000000e+00 1.000000e+00 1.000000e-01
5.607210e+03 0.000000e+00 1.000000e+00 1.000000e-01
5.607220e+03 0.000000e+00 1.000000e+00 1.000000e-01
5.607230e+03 0.000000e+00 1.000000e+00 1.000000e-01
5.607240e+03 0.000000e+00 1.000000e+00 1.000000e-01
5.607250e+03 0.000000e+00 1.000000e+00 1.000000e-01
5.607260e+03 0.000000e+00 1.000000e+00 1.000000e-01
5.607270e+03 0.000000e+00 1.000000e+00 1.000000e-01
5.607280e+03 0.000000e+00 1.000000e+00 1.000000e-01
5.607290e+03 0.000000e+00 1.000000e+00 1.000000e-01
5.607300e+03 0.000000e+00 1.000000e+00 1.000000e-01
5.607310e+03 0.000000e+00 1.000000e+00 1.000000e-01
5.607320e+03 0.000000e+00 1.000000e+00 1.000000e-01
5.607330e+03 0.000000e+00 1.000000e+00 1.000000e-01
5.607340e+03 0.000000e+00 1.000000e+00 1.000000e-01
5.607350e+03 0.000000e+00 1.000000e+00 1.000000e-01
5.607360e+03 0.000000e+00 1.000000e+00 1.000000e-01
5.607370e+03 0.000000e+00 1.000000e+00 1.000000e-01
5.607380e+03 0.000000e+00 1.000000e+00 1.000000e-01
5.607390e+03 0.000000e+00 1.000000e+00 1.000000e-01
5.607400e+03 0.000000e+00 1.000000e+00 1.000000e-01
5.607410e+03 0.000000e+00 1.000000e+00 1.000000e-01
5.607420e+03 0.000000e+00 1.000000e+00 1.000000e-01
5.607430e+03 0.000000e+00 1.000000e+00 1.000000e-01
5.607440e+03 0.000000e+00 1.000000e+00 1.000000e-01
5.607450e+03 0.000000e+00 1.000000e+00 1.000000e-01
5.607460e+03 0.000000e+00 1.000000e+00 1.000000e-01
5.607470e+03 0.000000e+00 1.000000e+00 1.000000e-01
5.607480e+03 0.000000e+00 1.000000e+00 1.000000e-01
5.607490e+03 0.000000e+00 1.000000e+00 1.000000e-01
5.607500e+03 0.000000e+00 1.000000e+00 1.000000e-01
5.607510e+03 0.000000e+00 1.000000e+00 1.000000e-01
5.607520e+03 0.000000e+00 1.000000e+00 1.000000e-01
5.607530e+03 0.000000e+00 1.000000e+00 1.000000e-01
5.607540e+03 0.000000e+00 1.000000e+00 1.000000e-01
5.607550e+03 0.000000e+00 1.000000e+00 1.000000e-01
5.607560e+03 0.000000e+00 1.000000e+00 1.000000e-01
5.607570e+03 0.000000e+00 1.000000e+00 1.000000e-01
5.607580e+03 0.000000e+00 1.000000e+00 1.000000e-01
5.607590e+03 0.000000e+00 1.000000e+00 1.000000e-01
5.607600e+03 0.000000e+00 1.000000e+00 1.000000e-01
5.607610e+03 0.000000e+00 1.000000e+00 1.000000e-01
5.607620e+03 0.000000e+00 1.000000e+00 1.000000e-01
5.607630e+03 0.000000e+00 1.000000e+00 1.000000e-01
5.607640e+03 0.000000e+00 1.000000e+00 1.000000e-01
5.607650e+03 0.000000e+00 1.000000e+00 1.000000e-01
5.607660e+03 0.000000e+00 1.000000e+00 1.000000e-01
5.607670e+03 0.000000e+00 1.000000e+00 1.000000e-01
5.607680e+03 0.000000e+00 1.000000e+00 1.000000e-01
5.607690e+03 0.000000e+00 1.000000e+00 1.000000e-01
5.607700e+03 0.000000e+00 1.000000e+00 1.000000e-01
5.607710e+03 0.000000e+00 1.000000e+00 1.000000e-01
5.607720e+03 0.000000e+00 1.000000e+00 1.000000e-01
5.607730e+03 0.000000e+00 1.000000e+00 1.000000e-01
5.607740e+03 0.000000e+00 1.000000e+00 1.000000e-01
5.607750e+03 0.000000e+00 1.000000e+00 1.000000e-01
5.607760e+03 0.000000e+00 1.000000e+00 1.000000e-01
5.607770e+03 0.000000e+00 1.000000e+00 1.000000e-01
5.607780e+03 0.000000e+00 1.000000e+00 1.000000e-01
5.607790e+03 0.000000e+00 1.000000e+00 1.000000e-01
5.607800e+03 0.000000e+00 1.000000e+00 1.000000e-01
5.607810e+03 0.000000e+00 1.000000e+00 1.000000e-01
5.607820e+03 0.000000e+00 1.000000e+00 1.000000e-01
5.607830e+03 0.000000e+00 1.000000e+00 1.000000e-01
5.607840e+03 0.000000e+00 1.000000e+00 1.000000e-01
5.607850e+03 0.000000e+00 1.000000e+00 1.000000e-01
5.607860e+03 0.000000e+00 1.000000e+00 1.000000e-01
5.607870e+03 0.000000e+00 1.000000e+00 1.000000e-01
5.607880e+03 0.000000e+00 1.000000e+00 1.000000e-01
5.607890e+03 0.000000e+00 1.000000e+00 1.000000e-01
5.607900e+03 0.000000e+00 1.000000e+00 1.000000e-01
5.607910e+03 0.000000e+00 1.000000e+00 1.000000e-01
5.607920e+03 0.000000e+00 1.000000e+00 1.000000e-01
5.607930e+03 0.000000e+00 1.000000e+00 1.000000e-01
5.607940e+03 0.000000e+00 1.000000e+00 1.000000e-01
5.607950e+03 0.000000e+00 1.000000e+00 1.000000e-01
5.607960e+03 0.000000e+00 1.000000e+00 1.000000e-01
5.607970e+03 0.000000e+00 1.000000e+00 1.000000e-01
5.607980e+03 0.000000e+00 1.000000e+00 1.000000e-01
5.607990e+03 0.000000e+00 1.000000e+00 1.000000e-01
5.608000e+03 0.000000e+00 1.000000e+00 1.000000e-01
5.608010e+03 0.000000e+00 1.000000e+00 1.000000e-01
5.608020e+03 0.000000e+00 1.000000e+00 1.000000e-01
5.608030e+03 0.000000e+00 1.000000e+00 1.000000e-01
5.608040e+03 0.000000e+00 1.000000e+00 1.000000e-01
5.608050e+03 0.000000e+00 1.000000e+00 1.000000e-01
5.608060e+03 0.000000e+00 1.000000e+00 1.000000e-01
5.608070e+03 0.000000e+00 1.000000e+00 1.000000e-01
5.608080e+03 0.000000e+00 1.000000e+00 1.000000e-01
5.608090e+03 0.000000e+00 1.000000e+00 1.000000e-01
5.608100e+03 0.000000e+00 1.000000e+00 1.000000e-01
5.608110e+03 0.000000e+00 1.000000e+00 1.000000e-01
5.608120e+03 0.000000e+00 1.000000e+00 1.000000e-01
5.608130e+03 0.000000e+00 1.000000e+00 1.000000e-01
5.608140e+03 0.000000e+00 1.000000e+00 1.000000e-01
5.608150e+03 0.000000e+00 1.000000e+00 1.000000e-01
5.608160e+03 0.000000e+00 1.000000e+00 1.000000e-01
5.608170e+03 0.000000e+00 1.000000e+00 1.000000e-01
5.608180e+03 0.000000e+00 1.000000e+00 1.000000e-01
5.608190e+03 0.000000e+00 1.000000e+00 1.000000e-01
5.608200e+03 0.000000e+00 1.000000e+00 1.000000e-01
5.608210e+03 0.000000e+00 1.000000e+00 1.000000e-01
5.608220e+03 0.000000e+00 1.000000e+00 1.000000e-01
5.608230e+03 0.000000e+00 1.000000e+00 1.000000e-01
5.608240e+03 0.000000e+00 1.000000e+00 1.000000e-01
5.608250e+03 0.000000e+00 1.000000e+00 1.000000e-01
5.608260e+03 0.000000e+00 1.000000e+00 1.000000e-01
5.608270e+03 0.000000e+00 1.000000e+00 1.000000e-01
5.608280e+03 0.000000e+00 1.000000e+00 1.000000e-01
5.608290e+03 0.000000e+00 1.000000e+00 1.000000e-01
5.608300e+03 0.000000e+00 1.000000e+00 1.000000e-01
5.608310e+03 0.000000e+00 1.000000e+00 1.000000e-01
5.608320e+03 0.000000e+00 1.000000e+00 1.000000e-01
5.608330e+03 0.000000e+00 1.000000e+00 1.000000e-01
5.608340e+03 0.000000e+00 1.000000e+00 1.000000e-01
5.608350e+03 0.000000e+00 1.000000e+00 1.000000e-01
5.608360e+03 0.000000e+00 1.000000e+00 1.000000e-01
5.608370e+03 0.000000e+00 1.000000e+00 1.000000e-01
5.608380e+03 0.000000e+00 1.000000e+00 1.000000e-01
5.608390e+03 0.000000e+00 1.000000e+00 1.000000e-01
5.608400e+03 0.000000e+00 1.000000e+00 1.000000e-01
5.608410e+03 0.000000e+00 1.000000e+00 1.000000e-01
5.608420e+03 0.000000e+00 1.000000e+00 1.000000e-01
5.608430e+03 0.000000e+00 1.000000e+00 1.000000e-01
5.608440e+03 0.000000e+00 1.000000e+00 1.000000e-01
5.608450e+03 0.000000e+00 1.000000e+00 1.000000e-01
5.608460e+03 0.000000e+00 1.000000e+00 1.000000e-01
5.608470e+03 0.000000e+00 1.000000e+00 1.000000e-01
5.608480e+03 0.000000e+00 1.000000e+00 1.000000e-01
5.608490e+03 0.000000e+00 1.000000e+00 1.000000e-01
5.608500e+03 0.000000e+00 1.000000e+00 1.000000e-01
5.608510e+03 0.000000e+00 1.000000e+00 1.000000e-01
5.608520e+03 0.000000e+00 1.000000e+00 1.000000e-01
5.608530e+03 0.000000e+00 1.000000e+00 1.000000e-01
5.608540e+03 0.000000e+00 1.000000e+00 1.000000e-01
5.608550e+03 0.000000e+00 1.000000e+00 1.000000e-01
5.608560e+03 0.000000e+00 1.000000e+00 1.000000e-01
5.608570e+03 0.000000e+00 1.000000e+00 1.000000e-01
5.608580e+03 0.000000e+00 1.000000e+00 1.000000e-01
5.608590e+03 0.000000e+00 1.000000e+00 1.000000e-01
5.608600e+03 0.000000e+00 1.000000e+00 1.000000e-01
5.608610e+03 0.000000e+00 1.000000e+00 1.000000e-01
5.608620e+03 0.000000e+00 1.000000e+00 1.000000e-01
5.608630e+03 0.000000e+00 1.000000e+00 1.000000e-01
5.608640e+03 0.000000e+00 1.000000e+00 1.000000e-01
5.608650e+03 0.000000e+00 1.000000e+00 1.000000e-01
5.608660e+03 0.000000e+00 1.000000e+00 1.000000e-01
5.608670e+03 0.000000e+00 1.000000e+00 1.000000e-01
5.608680e+03 0.000000e+00 1.000000e+00 1.000000e-01
5.608690e+03 0.000000e+00 1.000000e+00 1.000000e-01
5.608700e+03 0.000000e+00 1.000000e+00 1.000000e-01
5.608710e+03 0.000000e+00 1.000000e+00 1.000000e-01
5.608720e+03 0.000000e+00 1.000000e+00 1.000000e-01
5.608730e+03 0.000000e+00 1.000000e+00 1.000000e-01
5.608740e+03 0.000000e+00 1.000000e+00 1.000000e-01
5.608750e+03 0.000000e+00 1.000000e+00 1.000000e-01
5.608760e+03 0.000000e+00 1.000000e+00 1.000000e-01
5.608770e+03 0.000000e+00 1.000000e+00 1.000000e-01
5.608780e+03 0.000000e+00 1.000000e+00 1.000000e-01
5.608790e+03 0.000000e+00 1.000000e+00 1.000000e-01
5.608800e+03 0.000000e+00 1.000000e+00 1.000000e-01
5.608810e+03 0.000000e+00 1.000000e+00 1.000000e-01
5.608820e+03 0.000000e+00 1.000000e+00 1.000000e-01
5.608830e+03 0.000000e+00 1.000000e+00 1.000000e-01
5.608840e+03 0.000000e+00 1.000000e+00 1.000000e-01
5.608850e+03 0.000000e+00 1.000000e+00 1.000000e-01
5.608860e+03 0.000000e+00 1.000000e+00 1.000000e-01
5.608870e+03 0.000000e+00 1.000000e+00 1.000000e-01
5.608880e+03 0.000000e+00 1.000000e+00 1.000000e-01
5.608890e+03 0.000000e+00 1.000000e+00 1.000000e-01
5.608900e+03 0.000000e+00 1.000000e+00 1.000000e-01
5.608910e+03 0.000000e+00 1.000000e+00 1.000000e-01
5.608920e+03 0.000000e+00 1.000000e+00 1.000000e-01
5.608930e+03 0.000000e+00 1.000000e+00 1.000000e-01
5.608940e+03 0.000000e+00 1.000000e+00 1.000000e-01
5.608950e+03 0.000000e+00 1.000000e+00 1.000000e-01
5.608960e+03 0.000000e+00 1.000000e+00 1.000000e-01
5.608970e+03 0.000000e+00 1.000000e+00 1.000000e-01
5.608980e+03 0.000000e+00 1.000000e+00 1.000000e-01
5.608990e+03 0.000000e+00 1.000000e+00 1.000000e-01
5.609000e+03 0.000000e+00 1.000000e+00 1.000000e-01
5.609010e+03 0.000000e+00 1.000000e+00 1.000000e-01
5.609020e+03 0.000000e+00 1.000000e+00 1.000000e-01
5.609030e+03 0.000000e+00 1.000000e+00 1.000000e-01
5.609040e+03 0.000000e+00 1.000000e+00 1.000000e-01
5.609050e+03 0.000000e+00 1.000000e+00 1.000000e-01
5.609060e+03 0.000000e+00 1.000000e+00 1.000000e-01
5.609070e+03 0.000000e+00 1.000000e+00 1.000000e-01
5.609080e+03 0.000000e+00 1.000000e+00 1.000000e-01
5.609090e+03 0.000000e+00 1.000000e+00 1.000000e-01
5.609100e+03 0.000000e+00 1.000000e+00 1.000000e-01
5.609110e+03 0.000000e+00 1.000000e+00 1.000000e-01
5.609120e+03 0.000000e+00 1.000000e+00 1.000000e-01
5.609130e+03 0.000000e+00 1.000000e+00 1.000000e-01
5.609140e+03 0.000000e+00 1.000000e+00 1.000000e-01
5.609150e+03 0.000000e+00 1.000000e+00 1.000000e-01
5.609160e+03 0.000000e+00 1.000000e+00 1.000000e-01
5.609170e+03 0.000000e+00 1.000000e+00 1.000000e-01
5.609180e+03 0.000000e+00 1.000000e+00 1.000000e-01
5.609190e+03 0.000000e+00 1.000000e+00 1.000000e-01
5.609200e+03 0.000000e+00 1.000000e+00 1.000000e-01
5.609210e+03 0.000000e+00 1.000000e+00 1.000000e-01
5.609220e+03 0.000000e+00 1.000000e+00 1.000000e-01
5.609230e+03 0.000000e+00 1.000000e+00 1.000000e-01
5.609240e+03 0.000000e+00 1.000000e+00 1.000000e-01
5.609250e+03 0.000000e+00 1.000000e+00 1.000000e-01
5.609260e+03 0.000000e+00 1.000000e+00 1.000000e-01
5.609270e+03 0.000000e+00 1.000000e+00 1.000000e-01
5.609280e+03 0.000000e+00 1.000000e+00 1.000000e-01
5.609290e+03 0.000000e+00 1.000000e+00 1.000000e-01
5.609300e+03 0.000000e+00 1.000000e+00 1.000000e-01
5.609310e+03 0.000000e+00 1.000000e+00 1.000000e-01
5.609320e+03 0.000000e+00 1.000000e+00 1.000000e-01
5.609330e+03 0.000000e+00 1.000000e+00 1.000000e-01
5.609340e+03 0.000000e+00 1.000000e+00 1.000000e-01
5.609350e+03 0.000000e+00 1.000000e+00 1.000000e-01
5.609360e+03 0.000000e+00 1.000000e+00 1.000000e-01
5.609370e+03 0.000000e+00 1.000000e+00 1.000000e-01
5.609380e+03 0.000000e+00 1.000000e+00 1.000000e-01
5.609390e+03 0.000000e+00 1.000000e+00 1.000000e-01
5.609400e+03 0.000000e+00 1.000000e+00 1.000000e-01
5.609410e+03 0.000000e+00 1.000000e+00 1.000000e-01
5.609420e+03 0.000000e+00 1.000000e+00 1.000000e-01
5.609430e+03 0.000000e+00 1.000000e+00 1.000000e-01
5.609440e+03 0.000000e+00 1.000000e+00 1.000000e-01
5.609450e+03 0.000000e+00 1.000000e+00 1.000000e-01
5.609460e+03 0.000000e+00 1.000000e+00 1.000000e-01
5.609470e+03 0.000000e+00 1.000000e+00 1.000000e-01
5.609480e+03 0.000000e+00 1.000000e+00 1.000000e-01
5.609490e+03 0.000000e+00 1.000000e+00 1.000000e-01
5.609500e+03 0.000000e+00 1.000000e+00 1.000000e-01
5.609510e+03 0.000000e+00 1.000000e+00 1.000000e-01
5.609520e+03 0.000000e+00 1.000000e+00 1.000000e-01
5.609530e+03 0.000000e+00 1.000000e+00 1.000000e-01
5.609540e+03 0.000000e+00 1.000000e+00 1.000000e-01
5.609550e+03 0.000000e+00 1.000000e+00 1.000000e-01
5.609560e+03 0.000000e+00 1.000000e+00 1.000000e-01
5.609570e+03 0.000000e+00 1.000000e+00 1.000000e-01
5.609580e+03 0.000000e+00 1.000000e+00 1.000000e-01
5.609590e+03 0.000000e+00 1.000000e+00 1.000000e-01
5.609600e+03 0.000000e+00 1.000000e+00 1.000000e-01
5.609610e+03 0.000000e+00 1.000000e+00 1.000000e-01
5.609620e+03 0.000000e+00 1.000000e+00 1.000000e-01
5.609630e+03 0.000000e+00 1.000000e+00 1.000000e-01
5.609640e+03 0.000000e+00 1.000000e+00 1.000000e-01
5.609650e+03 0.000000e+00 1.000000e+00 1.000000e-01
5.609660e+03 0.000000e+00 1.000000e+00 1.000000e-01
5.609670e+03 0.000000e+00 1.000000e+00 1.000000e-01
5.609680e+03 0.000000e+00 1.000000e+00 1.000000e-01
5.609690e+03 0.000000e+00 1.000000e+00 1.000000e-01
5.609700e+03 0.000000e+00 1.000000e+00 1.000000e-01
5.609710e+03 0.000000e+00 1.000000e+00 1.000000e-01
5.609720e+03 0.000000e+00 1.000000e+00 1.000000e-01
5.609730e+03 0.000000e+00 1.000000e+00 1.000000e-01
5.609740e+03 0.000000e+00 1.000000e+00 1.000000e-01
5.609750e+03 0.000000e+00 1.000000e+00 1.000000e-01
5.609760e+03 0.000000e+00 1.000000e+00 1.000000e-01
5.609770e+03 0.000000e+00 1.000000e+00 1.000000e-01
5.609780e+03 0.000000e+00 1.000000e+00 1.000000e-01
5.609790e+03 0.000000e+00 1.000000e+00 1.000000e-01
5.609800e+03 0.000000e+00 1.000000e+00 1.000000e-01
5.609810e+03 0.000000e+00 1.000000e+00 1.000000e-01
5.609820e+03 0.000000e+00 1.000000e+00 1.000000e-01
5.609830e+03 0.000000e+00 1.000000e+00 1.000000e-01
5.609840e+03 0.000000e+00 1.000000e+00 1.000000e-01
5.609850e+03 0.000000e+00 1.000000e+00 1.000000e-01
5.609860e+03 0.000000e+00 1.000000e+00 1.000000e-01
5.609870e+03 0.000000e+00 1.000000e+00 1.000000e-01
5.609880e+03 0.000000e+00 1.000000e+00 1.000000e-01
5.609890e+03 0.000000e+00 1.000000e+00 1.000000e-01
5.609900e+03 0.000000e+00 1.000000e+00 1.000000e-01
5.609910e+03 0.000000e+00 1.000000e+00 1.000000e-01
5.609920e+03 0.000000e+00 1.000000e+00 1.000000e-01
5.609930e+03 0.000000e+00 1.000000e+00 1.000000e-01
5.609940e+03 0.000000e+00 1.000000e+00 1.000000e-01
5.609950e+03 0.000000e+00 1.000000e+00 1.000000e-01
5.609960e+03 0.000000e+00 1.000000e+00 1.000000e-01
5.609970e+03 0.000000e+00 1.000000e+00 1.000000e-01
5.609980e+03 0.000000e+00 1.000000e+00 1.000000e-01
5.609990e+03 0.000000e+00 1.000000e+00 1.000000e-01
5.610000e+03 0.000000e+00 1.000000e+00 1.000000e-01
5.610010e+03 0.000000e+00 1.000000e+00 1.000000e-01
5.610020e+03 0.000000e+00 1.000000e+00 1.000000e-01
5.610030e+03 0.000000e+00 1.000000e+00 1.000000e-01
5.610040e+03 0.000000e+00 1.000000e+00 1.000000e-01
5.610050e+03 0.000000e+00 1.000000e+00 1.000000e-01
5.610060e+03 0.000000e+00 1.000000e+00 1.000000e-01
5.610070e+03 0.000000e+00 1.000000e+00 1.000000e-01
5.610080e+03 0.000000e+00 1.000000e+00 1.000000e-01
5.610090e+03 0.000000e+00 1.000000e+00 1.000000e-01
5.610100e+03 0.000000e+00 1.000000e+00 1.000000e-01
5.610110e+03 0.000000e+00 1.000000e+00 1.000000e-01
5.610120e+03 0.000000e+00 1.000000e+00 1.000000e-01
5.610130e+03 0.000000e+00 1.000000e+00 1.000000e-01
5.610140e+03 0.000000e+00 1.000000e+00 1.000000e-01
5.610150e+03 0.000000e+00 1.000000e+00 1.000000e-01
5.610160e+03 0.000000e+00 1.000000e+00 1.000000e-01
5.610170e+03 0.000000e+00 1.000000e+00 1.000000e-01
5.610180e+03 0.000000e+00 1.000000e+00 1.000000e-01
5.610190e+03 0.000000e+00 1.000000e+00 1.000000e-01
5.610200e+03 0.000000e+00 1.000000e+00 1.000000e-01
5.610210e+03 0.000000e+00 1.000000e+00 1.000000e-01
5.610220e+03 0.000000e+00 1.000000e+00 1.000000e-01
5.610230e+03 0.000000e+00 1.000000e+00 1.000000e-01
5.610240e+03 0.000000e+00 1.000000e+00 1.000000e-01
5.610250e+03 0.000000e+00 1.000000e+00 1.000000e-01
5.610260e+03 0.000000e+00 1.000000e+00 1.000000e-01
5.610270e+03 0.000000e+00 1.000000e+00 1.000000e-01
5.610280e+03 0.000000e+00 1.000000e+00 1.000000e-01
5.610290e+03 0.000000e+00 1.000000e+00 1.000000e-01
5.610300e+03 0.000000e+00 1.000000e+00 1.000000e-01
5.610310e+03 0.000000e+00 1.000000e+00 1.000000e-01
5.610320e+03 0.000000e+00 1.000000e+00 1.000000e-01
5.610330e+03 0.000000e+00 1.000000e+00 1.000000e-01
5.610340e+03 0.000000e+00 1.000000e+00 1.000000e-01
5.610350e+03 0.000000e+00 1.000000e+00 1.000000e-01
5.610360e+03 0.000000e+00 1.000000e+00 1.000000e-01
5.610370e+03 0.000000e+00 1.000000e+00 1.000000e-01
5.610380e+03 0.000000e+00 1.000000e+00 1.000000e-01
5.610390e+03 0.000000e+00 1.000000e+00 1.000000e-01
5.610400e+03 0.000000e+00 1.000000e+00 1.000000e-01
5.610410e+03 0.000000e+00 1.000000e+00 1.000000e-01
5.610420e+03 0.000000e+00 1.000000e+00 1.000000e-01
5.610430e+03 0.000000e+00 1.000000e+00 1.000000e-01
5.610440e+03 0.000000e+00 1.000000e+00 1.000000e-01
5.610450e+03 0.000000e+00 1.000000e+00 1.000000e-01
5.610460e+03 0.000000e+00 1.000000e+00 1.000000e-01
5.610470e+03 0.000000e+00 1.000000e+00 1.000000e-01
5.610480e+03 0.000000e+00 1.000000e+00 1.000000e-01
5.610490e+03 0.000000e+00 1.000000e+00 1.000000e-01
5.610500e+03 0.000000e+00 1.000000e+00 1.000000e-01
5.610510e+03 0.000000e+00 1.000000e+00 1.000000e-01
5.610520e+03 0.000000e+00 1.000000e+00 1.000000e-01
5.610530e+03 0.000000e+00 1.000000e+00 1.000000e-01
5.610540e+03 0.000000e+00 1.000000e+00 1.000000e-01
5.610550e+03 0.000000e+00 1.000000e+00 1.000000e-01
5.610560e+03 0.000000e+00 1.000000e+00 1.000000e-01
5.610570e+03 0.000000e+00 1.000000e+00 1.000000e-01
5.610580e+03 0.000000e+00 1.000000e+00 1.000000e-01
5.610590e+03 0.000000e+00 1.000000e+00 1.000000e-01
5.610600e+03 0.000000e+00 1.000000e+00 1.000000e-01
5.610610e+03 0.000000e+00 1.000000e+00 1.000000e-01
5.610620e+03 0.000000e+00 1.000000e+00 1.000000e-01
5.610630e+03 0.000000e+00 1.000000e+00 1.000000e-01
5.610640e+03 0.000000e+00 1.000000e+00 1.000000e-01
5.610650e+03 0.000000e+00 1.000000e+00 1.000000e-01
5.610660e+03 0.000000e+00 1.000000e+00 1.000000e-01
5.610670e+03 0.000000e+00 1.000000e+00 1.000000e-01
5.610680e+03 0.000000e+00 1.000000e+00 1.000000e-01
5.610690e+03 0.000000e+00 1.000000e+00 1.000000e-01
5.610700e+03 0.000000e+00 1.000000e+00 1.000000e-01
5.610710e+03 0.000000e+00 1.000000e+00 1.000000e-01
5.610720e+03 0.000000e+00 1.000000e+00 1.000000e-01
5.610730e+03 0.000000e+00 1.000000e+00 1.000000e-01
5.610740e+03 0.000000e+00 1.000000e+00 1.000000e-01
5.610750e+03 0.000000e+00 1.000000e+00 1.000000e-01
5.610760e+03 0.000000e+00 1.000000e+00 1.000000e-01
5.610770e+03 0.000000e+00 1.000000e+00 1.000000e-01
5.610780e+03 0.000000e+00 1.000000e+00 1.000000e-01
5.610790e+03 0.000000e+00 1.000000e+00 1.000000e-01
5.610800e+03 0.000000e+00 1.000000e+00 1.000000e-01
5.610810e+03 0.000000e+00 1.000000e+00 1.000000e-01
5.610820e+03 0.000000e+00 1.000000e+00 1.000000e-01
5.610830e+03 0.000000e+00 1.000000e+00 1.000000e-01
5.610840e+03 0.000000e+00 1.000000e+00 1.000000e-01
5.610850e+03 0.000000e+00 1.000000e+00 1.000000e-01
5.610860e+03 0.000000e+00 1.000000e+00 1.000000e-01
5.610870e+03 0.000000e+00 1.000000e+00 1.000000e-01
5.610880e+03 0.000000e+00 1.000000e+00 1.000000e-01
5.610890e+03 0.000000e+00 1.000000e+00 1.000000e-01
5.610900e+03 0.000000e+00 1.000000e+00 1.000000e-01
5.610910e+03 0.000000e+00 1.000000e+00 1.000000e-01
5.610920e+03 0.000000e+00 1.000000e+00 1.000000e-01
5.610930e+03 0.000000e+00 1.000000e+00 1.000000e-01
5.610940e+03 0.000000e+00 1.000000e+00 1.000000e-01
5.610950e+03 0.000000e+00 1.000000e+00 1.000000e-01
5.610960e+03 0.000000e+00 1.000000e+00 1.000000e-01
5.610970e+03 0.000000e+00 1.000000e+00 1.000000e-01
5.610980e+03 0.000000e+00 1.000000e+00 1.000000e-01
5.610990e+03 0.000000e+00 1.000000e+00 1.000000e-01
5.611000e+03 0.000000e+00 1.000000e+00 1.000000e-01
5.611010e+03 0.000000e+00 1.000000e+00 1.000000e-01
5.611020e+03 0.000000e+00 1.000000e+00 1.000000e-01
5.611030e+03 0.000000e+00 1.000000e+00 1.000000e-01
5.611040e+03 0.000000e+00 1.000000e+00 1.000000e-01
5.611050e+03 0.000000e+00 1.000000e+00 1.000000e-01
5.611060e+03 0.000000e+00 1.000000e+00 1.000000e-01
5.611070e+03 0.000000e+00 1.000000e+00 1.000000e-01
5.611080e+03 0.000000e+00 1.000000e+00 1.000000e-01
5.611090e+03 0.000000e+00 1.000000e+00 1.000000e-01
5.611100e+03 0.000000e+00 1.000000e+00 1.000000e-01
5.611110e+03 0.000000e+00 1.000000e+00 1.000000e-01
5.611120e+03 0.000000e+00 1.000000e+00 1.000000e-01
5.611130e+03 0.000000e+00 1.000000e+00 1.000000e-01
5.611140e+03 0.000000e+00 1.000000e+00 1.000000e-01
5.611150e+03 0.000000e+00 1.000000e+00 1.000000e-01
5.611160e+03 0.000000e+00 1.000000e+00 1.000000e-01
5.611170e+03 0.000000e+00 1.000000e+00 1.000000e-01
5.611180e+03 0.000000e+00 1.000000e+00 1.000000e-01
5.611190e+03 0.000000e+00 1.000000e+00 1.000000e-01
5.611200e+03 0.000000e+00 1.000000e+00 1.000000e-01
5.611210e+03 0.000000e+00 1.000000e+00 1.000000e-01
5.611220e+03 0.000000e+00 1.000000e+00 1.000000e-01
5.611230e+03 0.000000e+00 1.000000e+00 1.000000e-01
5.611240e+03 0.000000e+00 1.000000e+00 1.000000e-01
5.611250e+03 0.000000e+00 1.000000e+00 1.000000e-01
5.611260e+03 0.000000e+00 1.000000e+00 1.000000e-01
5.611270e+03 0.000000e+00 1.000000e+00 1.000000e-01
5.611280e+03 0.000000e+00 1.000000e+00 1.000000e-01
5.611290e+03 0.000000e+00 1.000000e+00 1.000000e-01
5.611300e+03 0.000000e+00 1.000000e+00 1.000000e-01
5.611310e+03 0.000000e+00 1.000000e+00 1.000000e-01
5.611320e+03 0.000000e+00 1.000000e+00 1.000000e-01
5.611330e+03 0.000000e+00 1.000000e+00 1.000000e-01
5.611340e+03 0.000000e+00 1.000000e+00 1.000000e-01
5.611350e+03 0.000000e+00 1.000000e+00 1.000000e-01
5.611360e+03 0.000000e+00 1.000000e+00 1.000000e-01
5.611370e+03 0.000000e+00 1.000000e+00 1.000000e-01
5.611380e+03 0.000000e+00 1.000000e+00 1.000000e-01
5.611390e+03 0.000000e+00 1.000000e+00 1.000000e-01
5.611400e+03 0.000000e+00 1.000000e+00 1.000000e-01
5.611410e+03 0.000000e+00 1.000000e+00 1.000000e-01
5.611420e+03 0.000000e+00 1.000000e+00 1.000000e-01
5.611430e+03 0.000000e+00 1.000000e+00 1.000000e-01
5.611440e+03 0.000000e+00 1.000000e+00 1.000000e-01
5.611450e+03 0.000000e+00 1.000000e+00 1.000000e-01
5.611460e+03 0.000000e+00 1.000000e+00 1.000000e-01
5.611470e+03 0.000000e+00 1.000000e+00 1.000000e-01
5.611480e+03 0.000000e+00 1.000000e+00 1.000000e-01
5.611490e+03 0.000000e+00 1.000000e+00 1.000000e-01
5.611500e+03 0.000000e+00 1.000000e+00 1.000000e-01
5.611510e+03 0.000000e+00 1.000000e+00 1.000000e-01
5.611520e+03 0.000000e+00 1.000000e+00 1.000000e-01
5.611530e+03 0.000000e+00 1.000000e+00 1.000000e-01
5.611540e+03 0.000000e+00 1.000000e+00 1.000000e-01
5.611550e+03 0.000000e+00 1.000000e+00 1.000000e-01
5.611560e+03 0.000000e+00 1.000000e+00 1.000000e-01
5.611570e+03 0.000000e+00 1.000000e+00 1.000000e-01
5.611580e+03 0.000000e+00 1.000000e+00 1.000000e-01
5.611590e+03 0.000000e+00 1.000000e+00 1.000000e-01
5.611600e+03 0.000000e+00 1.000000e+00 1.000000e-01
5.611610e+03 0.000000e+00 1.000000e+00 1.000000e-01
5.611620e+03 0.000000e+00 1.000000e+00 1.000000e-01
5.611630e+03 0.000000e+00 1.000000e+00 1.000000e-01
5.611640e+03 0.000000e+00 1.000000e+00 1.000000e-01
5.611650e+03 0.000000e+00 1.000000e+00 1.000000e-01
5.611660e+03 0.000000e+00 1.000000e+00 1.000000e-01
5.611670e+03 0.000000e+00 1.000000e+00 1.000000e-01
5.611680e+03 0.000000e+00 1.000000e+00 1.000000e-01
5.611690e+03 0.000000e+00 1.000000e+00 1.000000e-01
5.611700e+03 0.000000e+00 1.000000e+00 1.000000e-01
5.611710e+03 0.000000e+00 1.000000e+00 1.000000e-01
5.611720e+03 0.000000e+00 1.000000e+00 1.000000e-01
5.611730e+03 0.000000e+00 1.000000e+00 1.000000e-01
5.611740e+03 0.000000e+00 1.000000e+00 1.000000e-01
5.611750e+03 0.000000e+00 1.000000e+00 1.000000e-01
5.611760e+03 0.000000e+00 1.000000e+00 1.000000e-01
5.611770e+03 0.000000e+00 1.000000e+00 1.000000e-01
5.611780e+03 0.000000e+00 1.000000e+00 1.000000e-01
5.611790e+03 0.000000e+00 1.000000e+00 1.000000e-01
5.611800e+03 0.000000e+00 1.000000e+00 1.000000e-01
5.611810e+03 0.000000e+00 1.000000e+00 1.000000e-01
5.611820e+03 0.000000e+00 1.000000e+00 1.000000e-01
5.611830e+03 0.000000e+00 1.000000e+00 1.000000e-01
5.611840e+03 0.000000e+00 1.000000e+00 1.000000e-01
5.611850e+03 0.000000e+00 1.000000e+00 1.000000e-01
5.611860e+03 0.000000e+00 1.000000e+00 1.000000e-01
5.611870e+03 0.000000e+00 1.000000e+00 1.000000e-01
5.611880e+03 0.000000e+00 1.000000e+00 1.000000e-01
5.611890e+03 0.000000e+00 1.000000e+00 1.000000e-01
5.611900e+03 0.000000e+00 1.000000e+00 1.000000e-01
5.611910e+03 0.000000e+00 1.000000e+00 1.000000e-01
5.611920e+03 0.000000e+00 1.000000e+00 1.000000e-01
5.611930e+03 0.000000e+00 1.000000e+00 1.000000e-01
5.611940e+03 0.000000e+00 1.000000e+00 1.000000e-01
5.611950e+03 0.000000e+00 1.000000e+00 1.000000e-01
5.611960e+03 0.000000e+00 1.000000e+00 1.000000e-01
5.611970e+03 0.000000e+00 1.000000e+00 1.000000e-01
5.611980e+03 0.000000e+00 1.000000e+00 1.000000e-01
5.611990e+03 0.000000e+00 1.000000e+00 1.000000e-01
5.612000e+03 0.000000e+00 1.000000e+00 1.000000e-01
5.612010e+03 0.000000e+00 1.000000e+00 1.000000e-01
5.612020e+03 0.000000e+00 1.000000e+00 1.000000e-01
5.612030e+03 0.000000e+00 1.000000e+00 1.000000e-01
5.612040e+03 0.000000e+00 1.000000e+00 1.000000e-01
5.612050e+03 0.000000e+00 1.000000e+00 1.000000e-01
5.612060e+03 0.000000e+00 1.000000e+00 1.000000e-01
5.612070e+03 0.000000e+00 1.000000e+00 1.000000e-01
5.612080e+03 0.000000e+00 1.000000e+00 1.000000e-01
5.612090e+03 0.000000e+00 1.000000e+00 1.000000e-01
5.612100e+03 0.000000e+00 1.000000e+00 1.000000e-01
5.612110e+03 0.000000e+00 1.000000e+00 1.000000e-01
5.612120e+03 0.000000e+00 1.000000e+00 1.000000e-01
5.612130e+03 0.000000e+00 1.000000e+00 1.000000e-01
5.612140e+03 0.000000e+00 1.000000e+00 1.000000e-01
5.612150e+03 0.000000e+00 1.000000e+00 1.000000e-01
5.612160e+03 0.000000e+00 1.000000e+00 1.000000e-01
5.612170e+03 0.000000e+00 1.000000e+00 1.000000e-01
5.612180e+03 0.000000e+00 1.000000e+00 1.000000e-01
5.612190e+03 0.000000e+00 1.000000e+00 1.000000e-01
5.612200e+03 0.000000e+00 1.000000e+00 1.000000e-01
5.612210e+03 0.000000e+00 1.000000e+00 1.000000e-01
5.612220e+03 0.000000e+00 1.000000e+00 1.000000e-01
5.612230e+03 0.000000e+00 1.000000e+00 1.000000e-01
5.612240e+03 0.000000e+00 1.000000e+00 1.000000e-01
5.612250e+03 0.000000e+00 1.000000e+00 1.000000e-01
5.612260e+03 0.000000e+00 1.000000e+00 1.000000e-01
5.612270e+03 0.000000e+00 1.000000e+00 1.000000e-01
5.612280e+03 0.000000e+00 1.000000e+00 1.000000e-01
5.612290e+03 0.000000e+00 1.000000e+00 1.000000e-01
5.612300e+03 0.000000e+00 1.000000e+00 1.000000e-01
5.612310e+03 0.000000e+00 1.000000e+00 1.000000e-01
5.612320e+03 0.000000e+00 1.000000e+00 1.000000e-01
5.612330e+03 0.000000e+00 1.000000e+00 1.000000e-01
5.612340e+03 0.000000e+00 1.000000e+00 1.000000e-01
5.612350e+03 0.000000e+00 1.000000e+00 1.000000e-01
5.612360e+03 0.000000e+00 1.000000e+00 1.000000e-01
5.612370e+03 0.000000e+00 1.000000e+00 1.000000e-01
5.612380e+03 0.000000e+00 1.000000e+00 1.000000e-01
5.612390e+03 0.000000e+00 1.000000e+00 1.000000e-01
5.612400e+03 0.000000e+00 1.000000e+00 1.000000e-01
5.612410e+03 0.000000e+00 1.000000e+00 1.000000e-01
5.612420e+03 0.000000e+00 1.000000e+00 1.000000e-01
5.612430e+03 0.000000e+00 1.000000e+00 1.000000e-01
5.612440e+03 0.000000e+00 1.000000e+00 1.000000e-01
5.612450e+03 0.000000e+00 1.000000e+00 1.000000e-01
5.612460e+03 0.000000e+00 1.000000e+00 1.000000e-01
5.612470e+03 0.000000e+00 1.000000e+00 1.000000e-01
5.612480e+03 0.000000e+00 1.000000e+00 1.000000e-01
5.612490e+03 0.000000e+00 1.000000e+00 1.000000e-01
5.612500e+03 0.000000e+00 1.000000e+00 1.000000e-01
5.612510e+03 0.000000e+00 1.000000e+00 1.000000e-01
5.612520e+03 0.000000e+00 1.000000e+00 1.000000e-01
5.612530e+03 0.000000e+00 1.000000e+00 1.000000e-01
5.612540e+03 0.000000e+00 1.000000e+00 1.000000e-01
5.612550e+03 0.000000e+00 1.000000e+00 1.000000e-01
5.612560e+03 0.000000e+00 1.000000e+00 1.000000e-01
5.612570e+03 0.000000e+00 1.000000e+00 1.000000e-01
5.612580e+03 0.000000e+00 1.000000e+00 1.000000e-01
5.612590e+03 0.000000e+00 1.000000e+00 1.000000e-01
5.612600e+03 0.000000e+00 1.000000e+00 1.000000e-01
5.612610e+03 0.000000e+00 1.000000e+00 1.000000e-01
5.612620e+03 0.000000e+00 1.000000e+00 1.000000e-01
5.612630e+03 0.000000e+00 1.000000e+00 1.000000e-01
5.612640e+03 0.000000e+00 1.000000e+00 1.000000e-01
5.612650e+03 0.000000e+00 1.000000e+00 1.000000e-01
5.612660e+03 0.000000e+00 1.000000e+00 1.000000e-01
5.612670e+03 0.000000e+00 1.000000e+00 1.000000e-01
5.612680e+03 0.000000e+00 1.000000e+00 1.000000e-01
5.612690e+03 0.000000e+00 1.000000e+00 1.000000e-01
5.612700e+03 0.000000e+00 1.000000e+00 1.000000e-01
5.612710e+03 0.000000e+00 1.000000e+00 1.000000e-01
5.612720e+03 0.000000e+00 1.000000e+00 1.000000e-01
5.612730e+03 0.000000e+00 1.000000e+00 1.000000e-01
5.612740e+03 0.000000e+00 1.000000e+00 1.000000e-01
5.612750e+03 0.000000e+00 1.000000e+00 1.000000e-01
5.612760e+03 0.000000e+00 1.000000e+00 1.000000e-01
5.612770e+03 0.000000e+00 1.000000e+00 1.000000e-01
5.612780e+03 0.000000e+00 1.000000e+00 1.000000e-01
5.612790e+03 0.000000e+00 1.000000e+00 1.000000e-01
5.612800e+03 0.000000e+00 1.000000e+00 1.000000e-01
5.612810e+03 0.000000e+00 1.000000e+00 1.000000e-01
5.612820e+03 0.000000e+00 1.000000e+00 1.000000e-01
5.612830e+03 0.000000e+00 1.000000e+00 1.000000e-01
5.612840e+03 0.000000e+00 1.000000e+00 1.000000e-01
5.612850e+03 0.000000e+00 1.000000e+00 1.000000e-01
5.612860e+03 0.000000e+00 1.000000e+00 1.000000e-01
5.612870e+03 0.000000e+00 1.000000e+00 1.000000e-01
5.612880e+03 0.000000e+00 1.000000e+00 1.000000e-01
5.612890e+03 0.000000e+00 1.000000e+00 1.000000e-01
5.612900e+03 0.000000e+00 1.000000e+00 1.000000e-01
5.612910e+03 0.000000e+00 1.000000e+00 1.000000e-01
5.612920e+03 0.000000e+00 1.000000e+00 1.000000e-01
5.612930e+03 0.000000e+00 1.000000e+00 1.000000e-01
5.612940e+03 0.000000e+00 1.000000e+00 1.000000e-01
5.612950e+03 0.000000e+00 1.000000e+00 1.000000e-01
5.612960e+03 0.000000e+00 1.000000e+00 1.000000e-01
5.612970e+03 0.000000e+00 1.000000e+00 1.000000e-01
5.612980e+03 0.000000e+00 1.000000e+00 1.000000e-01
5.612990e+03 0.000000e+00 1.000000e+00 1.000000e-01
5.613000e+03 0.000000e+00 1.000000e+00 1.000000e-01
5.613010e+03 0.000000e+00 1.000000e+00 1.000000e-01
5.613020e+03 0.000000e+00 1.000000e+00 1.000000e-01
5.613030e+03 0.000000e+00 1.000000e+00 1.000000e-01
5.613040e+03 0.000000e+00 1.000000e+00 1.000000e-01
5.613050e+03 0.000000e+00 1.000000e+00 1.000000e-01
5.613060e+03 0.000000e+00 1.000000e+00 1.000000e-01
5.613070e+03 0.000000e+00 1.000000e+00 1.000000e-01
5.613080e+03 0.000000e+00 1.000000e+00 1.000000e-01
5.613090e+03 0.000000e+00 1.000000e+00 1.000000e-01
5.613100e+03 0.000000e+00 1.000000e+00 1.000000e-01
5.613110e+03 0.000000e+00 1.000000e+00 1.000000e-01
5.613120e+03 0.000000e+00 1.000000e+00 1.000000e-01
5.613130e+03 0.000000e+00 1.000000e+00 1.000000e-01
5.613140e+03 0.000000e+00 1.000000e+00 1.000000e-01
5.613150e+03 0.000000e+00 1.000000e+00 1.000000e-01
5.613160e+03 0.000000e+00 1.000000e+00 1.000000e-01
5.613170e+03 0.000000e+00 1.000000e+00 1.000000e-01
5.613180e+03 0.000000e+00 1.000000e+00 1.000000e-01
5.613190e+03 0.000000e+00 1.000000e+00 1.000000e-01
5.613200e+03 0.000000e+00 1.000000e+00 1.000000e-01
5.613210e+03 0.000000e+00 1.000000e+00 1.000000e-01
5.613220e+03 0.000000e+00 1.000000e+00 1.000000e-01
5.613230e+03 0.000000e+00 1.000000e+00 1.000000e-01
5.613240e+03 0.000000e+00 1.000000e+00 1.000000e-01
5.613250e+03 0.000000e+00 1.000000e+00 1.000000e-01
5.613260e+03 0.000000e+00 1.000000e+00 1.000000e-01
5.613270e+03 0.000000e+00 1.000000e+00 1.000000e-01
5.613280e+03 0.000000e+00 1.000000e+00 1.000000e-01
5.613290e+03 0.000000e+00 1.000000e+00 1.000000e-01
5.613300e+03 0.000000e+00 1.000000e+00 1.000000e-01
5.613310e+03 0.000000e+00 1.000000e+00 1.000000e-01
5.613320e+03 0.000000e+00 1.000000e+00 1.000000e-01
5.613330e+03 0.000000e+00 1.000000e+00 1.000000e-01
5.613340e+03 0.000000e+00 1.000000e+00 1.000000e-01
5.613350e+03 0.000000e+00 1.000000e+00 1.000000e-01
5.613360e+03 0.000000e+00 1.000000e+00 1.000000e-01
5.613370e+03 0.000000e+00 1.000000e+00 1.000000e-01
5.613380e+03 0.000000e+00 1.000000e+00 1.000000e-01
5.613390e+03 0.000000e+00 1.000000e+00 1.000000e-01
5.613400e+03 0.000000e+00 1.000000e+00 1.000000e-01
5.613410e+03 0.000000e+00 1.000000e+00 1.000000e-01
5.613420e+03 0.000000e+00 1.000000e+00 1.000000e-01
5.613430e+03 0.000000e+00 1.000000e+00 1.000000e-01
5.613440e+03 0.000000e+00 1.000000e+00 1.000000e-01
5.613450e+03 0.000000e+00 1.000000e+00 1.000000e-01
5.613460e+03 0.000000e+00 1.000000e+00 1.000000e-01
5.613470e+03 0.000000e+00 1.000000e+00 1.000000e-01
5.613480e+03 0.000000e+00 1.000000e+00 1.000000e-01
5.613490e+03 0.000000e+00 1.000000e+00 1.000000e-01
5.613500e+03 0.000000e+00 1.000000e+00 1.000000e-01
5.613510e+03 0.000000e+00 1.000000e+00 1.000000e-01
5.613520e+03 0.000000e+00 1.000000e+00 1.000000e-01
5.613530e+03 0.000000e+00 1.000000e+00 1.000000e-01
5.613540e+03 0.000000e+00 1.000000e+00 1.000000e-01
5.613550e+03 0.000000e+00 1.000000e+00 1.000000e-01
5.613560e+03 0.000000e+00 1.000000e+00 1.000000e-01
5.613570e+03 0.000000e+00 1.000000e+00 1.000000e-01
5.613580e+03 0.000000e+00 1.000000e+00 1.000000e-01
5.613590e+03 0.000000e+00 1.000000e+00 1.000000e-01
5.613600e+03 0.000000e+00 1.000000e+00 1.000000e-01
5.613610e+03 0.000000e+00 1.000000e+00 1.000000e-01
5.613620e+03 0.000000e+00 1.000000e+00 1.000000e-01
5.613630e+03 0.000000e+00 1.000000e+00 1.000000e-01
5.613640e+03 0.000000e+00 1.000000e+00 1.000000e-01
5.613650e+03 0.000000e+00 1.000000e+00 1.000000e-01
5.613660e+03 0.000000e+00 1.000000e+00 1.000000e-01
5.613670e+03 0.000000e+00 1.000000e+00 1.000000e-01
5.613680e+03 0.000000e+00 1.000000e+00 1.000000e-01
5.613690e+03 0.000000e+00 1.000000e+00 1.000000e-01
5.613700e+03 0.000000e+00 1.000000e+00 1.000000e-01
5.613710e+03 0.000000e+00 1.000000e+00 1.000000e-01
5.613720e+03 0.000000e+00 1.000000e+00 1.000000e-01
5.613730e+03 0.000000e+00 1.000000e+00 1.000000e-01
5.613740e+03 0.000000e+00 1.000000e+00 1.000000e-01
5.613750e+03 0.000000e+00 1.000000e+00 1.000000e-01
5.613760e+03 0.000000e+00 1.000000e+00 1.000000e-01
5.613770e+03 0.000000e+00 1.000000e+00 1.000000e-01
5.613780e+03 0.000000e+00 1.000000e+00 1.000000e-01
5.613790e+03 0.000000e+00 1.000000e+00 1.000000e-01
5.613800e+03 0.000000e+00 1.000000e+00 1.000000e-01
5.613810e+03 0.000000e+00 1.000000e+00 1.000000e-01
5.613820e+03 0.000000e+00 1.000000e+00 1.000000e-01
5.613830e+03 0.000000e+00 1.000000e+00 1.000000e-01
5.613840e+03 0.000000e+00 1.000000e+00 1.000000e-01
5.613850e+03 0.000000e+00 1.000000e+00 1.000000e-01
5.613860e+03 0.000000e+00 1.000000e+00 1.000000e-01
5.613870e+03 0.000000e+00 1.000000e+00 1.000000e-01
5.613880e+03 0.000000e+00 1.000000e+00 1.000000e-01
5.613890e+03 0.000000e+00 1.000000e+00 1.000000e-01
5.613900e+03 0.000000e+00 1.000000e+00 1.000000e-01
5.613910e+03 0.000000e+00 1.000000e+00 1.000000e-01
5.613920e+03 0.000000e+00 1.000000e+00 1.000000e-01
5.613930e+03 0.000000e+00 1.000000e+00 1.000000e-01
5.613940e+03 0.000000e+00 1.000000e+00 1.000000e-01
5.613950e+03 0.000000e+00 1.000000e+00 1.000000e-01
5.613960e+03 0.000000e+00 1.000000e+00 1.000000e-01
5.613970e+03 0.000000e+00 1.000000e+00 1.000000e-01
5.613980e+03 0.000000e+00 1.000000e+00 1.000000e-01
5.613990e+03 0.000000e+00 1.000000e+00 1.000000e-01
5.614000e+03 0.000000e+00 1.000000e+00 1.000000e-01
5.614010e+03 0.000000e+00 1.000000e+00 1.000000e-01
5.614020e+03 0.000000e+00 1.000000e+00 1.000000e-01
5.614030e+03 0.000000e+00 1.000000e+00 1.000000e-01
5.614040e+03 0.000000e+00 1.000000e+00 1.000000e-01
5.614050e+03 0.000000e+00 1.000000e+00 1.000000e-01
5.614060e+03 0.000000e+00 1.000000e+00 1.000000e-01
5.614070e+03 0.000000e+00 1.000000e+00 1.000000e-01
5.614080e+03 0.000000e+00 1.000000e+00 1.000000e-01
5.614090e+03 0.000000e+00 1.000000e+00 1.000000e-01
5.614100e+03 0.000000e+00 1.000000e+00 1.000000e-01
5.614110e+03 0.000000e+00 1.000000e+00 1.000000e-01
5.614120e+03 0.000000e+00 1.000000e+00 1.000000e-01
5.614130e+03 0.000000e+00 1.000000e+00 1.000000e-01
5.614140e+03 0.000000e+00 1.000000e+00 1.000000e-01
5.614150e+03 0.000000e+00 1.000000e+00 1.000000e-01
5.614160e+03 0.000000e+00 1.000000e+00 1.000000e-01
5.614170e+03 0.000000e+00 1.000000e+00 1.000000e-01
5.614180e+03 0.000000e+00 1.000000e+00 1.000000e-01
5.614190e+03 0.000000e+00 1.000000e+00 1.000000e-01
5.614200e+03 0.000000e+00 1.000000e+00 1.000000e-01
5.614210e+03 0.000000e+00 1.000000e+00 1.000000e-01
5.614220e+03 0.000000e+00 1.000000e+00 1.000000e-01
5.614230e+03 0.000000e+00 1.000000e+00 1.000000e-01
5.614240e+03 0.000000e+00 1.000000e+00 1.000000e-01
5.614250e+03 0.000000e+00 1.000000e+00 1.000000e-01
5.614260e+03 0.000000e+00 1.000000e+00 1.000000e-01
5.614270e+03 0.000000e+00 1.000000e+00 1.000000e-01
5.614280e+03 0.000000e+00 1.000000e+00 1.000000e-01
5.614290e+03 0.000000e+00 1.000000e+00 1.000000e-01
5.614300e+03 0.000000e+00 1.000000e+00 1.000000e-01
5.614310e+03 0.000000e+00 1.000000e+00 1.000000e-01
5.614320e+03 0.000000e+00 1.000000e+00 1.000000e-01
5.614330e+03 0.000000e+00 1.000000e+00 1.000000e-01
5.614340e+03 0.000000e+00 1.000000e+00 1.000000e-01
5.614350e+03 0.000000e+00 1.000000e+00 1.000000e-01
5.614360e+03 0.000000e+00 1.000000e+00 1.000000e-01
5.614370e+03 0.000000e+00 1.000000e+00 1.000000e-01
5.614380e+03 0.000000e+00 1.000000e+00 1.000000e-01
5.614390e+03 0.000000e+00 1.000000e+00 1.000000e-01
5.614400e+03 0.000000e+00 1.000000e+00 1.000000e-01
5.614410e+03 0.000000e+00 1.000000e+00 1.000000e-01
5.614420e+03 0.000000e+00 1.000000e+00 1.000000e-01
5.614430e+03 0.000000e+00 1.000000e+00 1.000000e-01
5.614440e+03 0.000000e+00 1.000000e+00 1.000000e-01
5.614450e+03 0.000000e+00 1.000000e+00 1.000000e-01
5.614460e+03 0.000000e+00 1.000000e+00 1.000000e-01
5.614470e+03 0.000000e+00 1.000000e+00 1.000000e-01
5.614480e+03 0.000000e+00 1.000000e+00 1.000000e-01
5.614490e+03 0.000000e+00 1.000000e+00 1.000000e-01
5.614500e+03 0.000000e+00 1.000000e+00 1.000000e-01
5.614510e+03 0.000000e+00 1.000000e+00 1.000000e-01
5.614520e+03 0.000000e+00 1.000000e+00 1.000000e-01
5.614530e+03 0.000000e+00 1.000000e+00 1.000000e-01
5.614540e+03 0.000000e+00 1.000000e+00 1.000000e-01
5.614550e+03 0.000000e+00 1.000000e+00 1.000000e-01
5.614560e+03 0.000000e+00 1.000000e+00 1.000000e-01
5.614570e+03 0.000000e+00 1.000000e+00 1.000000e-01
5.614580e+03 0.000000e+00 1.000000e+00 1.000000e-01
5.614590e+03 0.000000e+00 1.000000e+00 1.000000e-01
5.614600e+03 0.000000e+00 1.000000e+00 1.000000e-01
5.614610e+03 0.000000e+00 1.000000e+00 1.000000e-01
5.614620e+03 0.000000e+00 1.000000e+00 1.000000e-01
5.614630e+03 0.000000e+00 1.000000e+00 1.000000e-01
5.614640e+03 0.000000e+00 1.000000e+00 1.000000e-01
5.614650e+03 0.000000e+00 1.000000e+00 1.000000e-01
5.614660e+03 0.000000e+00 1.000000e+00 1.000000e-01
5.614670e+03 0.000000e+00 1.000000e+00 1.000000e-01
5.614680e+03 0.000000e+00 1.000000e+00 1.000000e-01
5.614690e+03 0.000000e+00 1.000000e+00 1.000000e-01
5.614700e+03 0.000000e+00 1.000000e+00 1.000000e-01
5.614710e+03 0.000000e+00 1.000000e+00 1.000000e-01
5.614720e+03 0.000000e+00 1.000000e+00 1.000000e-01
5.614730e+03 0.000000e+00 1.000000e+00 1.000000e-01
5.614740e+03 0.000000e+00 1.000000e+00 1.000000e-01
5.614750e+03 0.000000e+00 1.000000e+00 1.000000e-01
5.614760e+03 0.000000e+00 1.000000e+00 1.000000e-01
5.614770e+03 0.000000e+00 1.000000e+00 1.000000e-01
5.614780e+03 0.000000e+00 1.000000e+00 1.000000e-01
5.614790e+03 0.000000e+00 1.000000e+00 1.000000e-01
5.614800e+03 0.000000e+00 1.000000e+00 1.000000e-01
5.614810e+03 0.000000e+00 1.000000e+00 1.000000e-01
5.614820e+03 0.000000e+00 1.000000e+00 1.000000e-01
5.614830e+03 0.000000e+00 1.000000e+00 1.000000e-01
5.614840e+03 0.000000e+00 1.000000e+00 1.000000e-01
5.614850e+03 0.000000e+00 1.000000e+00 1.000000e-01
5.614860e+03 0.000000e+00 1.000000e+00 1.000000e-01
5.614870e+03 0.000000e+00 1.000000e+00 1.000000e-01
5.614880e+03 0.000000e+00 1.000000e+00 1.000000e-01
5.614890e+03 0.000000e+00 1.000000e+00 1.000000e-01
5.614900e+03 0.000000e+00 1.000000e+00 1.000000e-01
5.614910e+03 0.000000e+00 1.000000e+00 1.000000e-01
5.614920e+03 0.000000e+00 1.000000e+00 1.000000e-01
5.614930e+03 0.000000e+00 1.000000e+00 1.000000e-01
5.614940e+03 0.000000e+00 1.000000e+00 1.000000e-01
5.614950e+03 0.000000e+00 1.000000e+00 1.000000e-01
5.614960e+03 0.000000e+00 1.000000e+00 1.000000e-01
5.614970e+03 0.000000e+00 1.000000e+00 1.000000e-01
5.614980e+03 0.000000e+00 1.000000e+00 1.000000e-01
5.614990e+03 0.000000e+00 1.000000e+00 1.000000e-01
5.615000e+03 0.000000e+00 1.000000e+00 1.000000e-01
5.615010e+03 0.000000e+00 1.000000e+00 1.000000e-01
5.615020e+03 0.000000e+00 1.000000e+00 1.000000e-01
5.615030e+03 0.000000e+00 1.000000e+00 1.000000e-01
5.615040e+03 0.000000e+00 1.000000e+00 1.000000e-01
5.615050e+03 0.000000e+00 1.000000e+00 1.000000e-01
5.615060e+03 0.000000e+00 1.000000e+00 1.000000e-01
5.615070e+03 0.000000e+00 1.000000e+00 1.000000e-01
5.615080e+03 0.000000e+00 1.000000e+00 1.000000e-01
5.615090e+03 0.000000e+00 1.000000e+00 1.000000e-01
5.615100e+03 0.000000e+00 1.000000e+00 1.000000e-01
5.615110e+03 0.000000e+00 1.000000e+00 1.000000e-01
5.615120e+03 0.000000e+00 1.000000e+00 1.000000e-01
5.615130e+03 0.000000e+00 1.000000e+00 1.000000e-01
5.615140e+03 0.000000e+00 1.000000e+00 1.000000e-01
5.615150e+03 0.000000e+00 1.000000e+00 1.000000e-01
5.615160e+03 0.000000e+00 1.000000e+00 1.000000e-01
5.615170e+03 0.000000e+00 1.000000e+00 1.000000e-01
5.615180e+03 0.000000e+00 1.000000e+00 1.000000e-01
5.615190e+03 0.000000e+00 1.000000e+00 1.000000e-01
5.615200e+03 0.000000e+00 1.000000e+00 1.000000e-01
5.615210e+03 0.000000e+00 1.000000e+00 1.000000e-01
5.615220e+03 0.000000e+00 1.000000e+00 1.000000e-01
5.615230e+03 0.000000e+00 1.000000e+00 1.000000e-01
5.615240e+03 0.000000e+00 1.000000e+00 1.000000e-01
5.615250e+03 0.000000e+00 1.000000e+00 1.000000e-01
5.615260e+03 0.000000e+00 1.000000e+00 1.000000e-01
5.615270e+03 0.000000e+00 1.000000e+00 1.000000e-01
5.615280e+03 0.000000e+00 1.000000e+00 1.000000e-01
5.615290e+03 0.000000e+00 1.000000e+00 1.000000e-01
5.615300e+03 0.000000e+00 1.000000e+00 1.000000e-01
5.615310e+03 0.000000e+00 1.000000e+00 1.000000e-01
5.615320e+03 0.000000e+00 1.000000e+00 1.000000e-01
5.615330e+03 0.000000e+00 1.000000e+00 1.000000e-01
5.615340e+03 0.000000e+00 1.000000e+00 1.000000e-01
5.615350e+03 0.000000e+00 1.000000e+00 1.000000e-01
5.615360e+03 0.000000e+00 1.000000e+00 1.000000e-01
5.615370e+03 0.000000e+00 1.000000e+00 1.000000e-01
5.615380e+03 0.000000e+00 1.000000e+00 1.000000e-01
5.615390e+03 0.000000e+00 1.000000e+00 1.000000e-01
5.615400e+03 0.000000e+00 1.000000e+00 1.000000e-01
5.615410e+03 0.000000e+00 1.000000e+00 1.000000e-01
5.615420e+03 0.000000e+00 1.000000e+00 1.000000e-01
5.615430e+03 0.000000e+00 1.000000e+00 1.000000e-01
5.615440e+03 0.000000e+00 1.000000e+00 1.000000e-01
5.615450e+03 0.000000e+00 1.000000e+00 1.000000e-01
5.615460e+03 0.000000e+00 1.000000e+00 1.000000e-01
5.615470e+03 0.000000e+00 1.000000e+00 1.000000e-01
5.615480e+03 0.000000e+00 1.000000e+00 1.000000e-01
5.615490e+03 0.000000e+00 1.000000e+00 1.000000e-01
5.615500e+03 0.000000e+00 1.000000e+00 1.000000e-01
5.615510e+03 0.000000e+00 1.000000e+00 1.000000e-01
5.615520e+03 0.000000e+00 1.000000e+00 1.000000e-01
5.615530e+03 0.000000e+00 1.000000e+00 1.000000e-01
5.615540e+03 0.000000e+00 1.000000e+00 1.000000e-01
5.615550e+03 0.000000e+00 1.000000e+00 1.000000e-01
5.615560e+03 0.000000e+00 1.000000e+00 1.000000e-01
5.615570e+03 0.000000e+00 1.000000e+00 1.000000e-01
5.615580e+03 0.000000e+00 1.000000e+00 1.000000e-01
5.615590e+03 0.000000e+00 1.000000e+00 1.000000e-01
5.615600e+03 0.000000e+00 1.000000e+00 1.000000e-01
5.615610e+03 0.000000e+00 1.000000e+00 1.000000e-01
5.615620e+03 0.000000e+00 1.000000e+00 1.000000e-01
5.615630e+03 0.000000e+00 1.000000e+00 1.000000e-01
5.615640e+03 0.000000e+00 1.000000e+00 1.000000e-01
5.615650e+03 0.000000e+00 1.000000e+00 1.000000e-01
5.615660e+03 0.000000e+00 1.000000e+00 1.000000e-01
5.615670e+03 0.000000e+00 1.000000e+00 1.000000e-01
5.615680e+03 0.000000e+00 1.000000e+00 1.000000e-01
5.615690e+03 0.000000e+00 1.000000e+00 1.000000e-01
5.615700e+03 0.000000e+00 1.000000e+00 1.000000e-01
5.615710e+03 0.000000e+00 1.000000e+00 1.000000e-01
5.615720e+03 0.000000e+00 1.000000e+00 1.000000e-01
5.615730e+03 0.000000e+00 1.000000e+00 1.000000e-01
5.615740e+03 0.000000e+00 1.000000e+00 1.000000e-01
5.615750e+03 0.000000e+00 1.000000e+00 1.000000e-01
5.615760e+03 0.000000e+00 1.000000e+00 1.000000e-01
5.615770e+03 0.000000e+00 1.000000e+00 1.000000e-01
5.615780e+03 0.000000e+00 1.000000e+00 1.000000e-01
5.615790e+03 0.000000e+00 1.000000e+00 1.000000e-01
5.615800e+03 0.000000e+00 1.000000e+00 1.000000e-01
5.615810e+03 0.000000e+00 1.000000e+00 1.000000e-01
5.615820e+03 0.000000e+00 1.000000e+00 1.000000e-01
5.615830e+03 0.000000e+00 1.000000e+00 1.000000e-01
5.615840e+03 0.000000e+00 1.000000e+00 1.000000e-01
5.615850e+03 0.000000e+00 1.000000e+00 1.000000e-01
5.615860e+03 0.000000e+00 1.000000e+00 1.000000e-01
5.615870e+03 0.000000e+00 1.000000e+00 1.000000e-01
5.615880e+03 0.000000e+00 1.000000e+00 1.000000e-01
5.615890e+03 0.000000e+00 1.000000e+00 1.000000e-01
5.615900e+03 0.000000e+00 1.000000e+00 1.000000e-01
5.615910e+03 0.000000e+00 1.000000e+00 1.000000e-01
5.615920e+03 0.000000e+00 1.000000e+00 1.000000e-01
5.615930e+03 0.000000e+00 1.000000e+00 1.000000e-01
5.615940e+03 0.000000e+00 1.000000e+00 1.000000e-01
5.615950e+03 0.000000e+00 1.000000e+00 1.000000e-01
5.615960e+03 0.000000e+00 1.000000e+00 1.000000e-01
5.615970e+03 0.000000e+00 1.000000e+00 1.000000e-01
5.615980e+03 0.000000e+00 1.000000e+00 1.000000e-01
5.615990e+03 0.000000e+00 1.000000e+00 1.000000e-01
5.616000e+03 0.000000e+00 1.000000e+00 1.000000e-01
5.616010e+03 0.000000e+00 1.000000e+00 1.000000e-01
5.616020e+03 0.000000e+00 1.000000e+00 1.000000e-01
5.616030e+03 0.000000e+00 1.000000e+00 1.000000e-01
5.616040e+03 0.000000e+00 1.000000e+00 1.000000e-01
5.616050e+03 0.000000e+00 1.000000e+00 1.000000e-01
5.616060e+03 0.000000e+00 1.000000e+00 1.000000e-01
5.616070e+03 0.000000e+00 1.000000e+00 1.000000e-01
5.616080e+03 0.000000e+00 1.000000e+00 1.000000e-01
5.616090e+03 0.000000e+00 1.000000e+00 1.000000e-01
5.616100e+03 0.000000e+00 1.000000e+00 1.000000e-01
5.616110e+03 0.000000e+00 1.000000e+00 1.000000e-01
5.616120e+03 0.000000e+00 1.000000e+00 1.000000e-01
5.616130e+03 0.000000e+00 1.000000e+00 1.000000e-01
5.616140e+03 0.000000e+00 1.000000e+00 1.000000e-01
5.616150e+03 0.000000e+00 1.000000e+00 1.000000e-01
5.616160e+03 0.000000e+00 1.000000e+00 1.000000e-01
5.616170e+03 0.000000e+00 1.000000e+00 1.000000e-01
5.616180e+03 0.000000e+00 1.000000e+00 1.000000e-01
5.616190e+03 0.000000e+00 1.000000e+00 1.000000e-01
5.616200e+03 0.000000e+00 1.000000e+00 1.000000e-01
5.616210e+03 0.000000e+00 1.000000e+00 1.000000e-01
5.616220e+03 0.000000e+00 1.000000e+00 1.000000e-01
5.616230e+03 0.000000e+00 1.000000e+00 1.000000e-01
5.616240e+03 0.000000e+00 1.000000e+00 1.000000e-01
5.616250e+03 0.000000e+00 1.000000e+00 1.000000e-01
5.616260e+03 0.000000e+00 1.000000e+00 1.000000e-01
5.616270e+03 0.000000e+00 1.000000e+00 1.000000e-01
5.616280e+03 0.000000e+00 1.000000e+00 1.000000e-01
5.616290e+03 0.000000e+00 1.000000e+00 1.000000e-01
5.616300e+03 0.000000e+00 1.000000e+00 1.000000e-01
5.616310e+03 0.000000e+00 1.000000e+00 1.000000e-01
5.616320e+03 0.000000e+00 1.000000e+00 1.000000e-01
5.616330e+03 0.000000e+00 1.000000e+00 1.000000e-01
5.616340e+03 0.000000e+00 1.000000e+00 1.000000e-01
5.616350e+03 0.000000e+00 1.000000e+00 1.000000e-01
5.616360e+03 0.000000e+00 1.000000e+00 1.000000e-01
5.616370e+03 0.000000e+00 1.000000e+00 1.000000e-01
5.616380e+03 0.000000e+00 1.000000e+00 1.000000e-01
5.616390e+03 0.000000e+00 1.000000e+00 1.000000e-01
5.616400e+03 0.000000e+00 1.000000e+00 1.000000e-01
5.616410e+03 0.000000e+00 1.000000e+00 1.000000e-01
5.616420e+03 0.000000e+00 1.000000e+00 1.000000e-01
5.616430e+03 0.000000e+00 1.000000e+00 1.000000e-01
5.616440e+03 0.000000e+00 1.000000e+00 1.000000e-01
5.616450e+03 0.000000e+00 1.000000e+00 1.000000e-01
5.616460e+03 0.000000e+00 1.000000e+00 1.000000e-01
5.616470e+03 0.000000e+00 1.000000e+00 1.000000e-01
5.616480e+03 0.000000e+00 1.000000e+00 1.000000e-01
5.616490e+03 0.000000e+00 1.000000e+00 1.000000e-01
5.616500e+03 0.000000e+00 1.000000e+00 1.000000e-01
5.616510e+03 0.000000e+00 1.000000e+00 1.000000e-01
5.616520e+03 0.000000e+00 1.000000e+00 1.000000e-01
5.616530e+03 0.000000e+00 1.000000e+00 1.000000e-01
5.616540e+03 0.000000e+00 1.000000e+00 1.000000e-01
5.616550e+03 0.000000e+00 1.000000e+00 1.000000e-01
5.616560e+03 0.000000e+00 1.000000e+00 1.000000e-01
5.616570e+03 0.000000e+00 1.000000e+00 1.000000e-01
5.616580e+03 0.000000e+00 1.000000e+00 1.000000e-01
5.616590e+03 0.000000e+00 1.000000e+00 1.000000e-01
5.616600e+03 0.000000e+00 1.000000e+00 1.000000e-01
5.616610e+03 0.000000e+00 1.000000e+00 1.000000e-01
5.616620e+03 0.000000e+00 1.000000e+00 1.000000e-01
5.616630e+03 0.000000e+00 1.000000e+00 1.000000e-01
5.616640e+03 0.000000e+00 1.000000e+00 1.000000e-01
5.616650e+03 0.000000e+00 1.000000e+00 1.000000e-01
5.616660e+03 0.000000e+00 1.000000e+00 1.000000e-01
5.616670e+03 0.000000e+00 1.000000e+00 1.000000e-01
5.616680e+03 0.000000e+00 1.000000e+00 1.000000e-01
5.616690e+03 0.000000e+00 1.000000e+00 1.000000e-01
5.616700e+03 0.000000e+00 1.000000e+00 1.000000e-01
5.616710e+03 0.000000e+00 1.000000e+00 1.000000e-01
5.616720e+03 0.000000e+00 1.000000e+00 1.000000e-01
5.616730e+03 0.000000e+00 1.000000e+00 1.000000e-01
5.616740e+03 0.000000e+00 1.000000e+00 1.000000e-01
5.616750e+03 0.000000e+00 1.000000e+00 1.000000e-01
5.616760e+03 0.000000e+00 1.000000e+00 1.000000e-01
5.616770e+03 0.000000e+00 1.000000e+00 1.000000e-01
5.616780e+03 0.000000e+00 1.000000e+00 1.000000e-01
5.616790e+03 0.000000e+00 1.000000e+00 1.000000e-01
5.616800e+03 0.000000e+00 1.000000e+00 1.000000e-01
5.616810e+03 0.000000e+00 1.000000e+00 1.000000e-01
5.616820e+03 0.000000e+00 1.000000e+00 1.000000e-01
5.616830e+03 0.000000e+00 1.000000e+00 1.000000e-01
5.616840e+03 0.000000e+00 1.000000e+00 1.000000e-01
5.616850e+03 0.000000e+00 1.000000e+00 1.000000e-01
5.616860e+03 0.000000e+00 1.000000e+00 1.000000e-01
5.616870e+03 0.000000e+00 1.000000e+00 1.000000e-01
5.616880e+03 0.000000e+00 1.000000e+00 1.000000e-01
5.616890e+03 0.000000e+00 1.000000e+00 1.000000e-01
5.616900e+03 0.000000e+00 1.000000e+00 1.000000e-01
5.616910e+03 0.000000e+00 1.000000e+00 1.000000e-01
5.616920e+03 0.000000e+00 1.000000e+00 1.000000e-01
5.616930e+03 0.000000e+00 1.000000e+00 1.000000e-01
5.616940e+03 0.000000e+00 1.000000e+00 1.000000e-01
5.616950e+03 0.000000e+00 1.000000e+00 1.000000e-01
5.616960e+03 0.000000e+00 1.000000e+00 1.000000e-01
5.616970e+03 0.000000e+00 1.000000e+00 1.000000e-01
5.616980e+03 0.000000e+00 1.000000e+00 1.000000e-01
5.616990e+03 0.000000e+00 1.000000e+00 1.000000e-01
5.617000e+03 0.000000e+00 1.000000e+00 1.000000e-01
