# wavelength[A] tau flux flux_error
5.567000e+03 0.000000e+00 1.000000e+00 1.000000e-01
5.567010e+03 0.000000e+00 1.000000e+00 1.000000e-01
5.567020e+03 0.000000e+00 1.000000e+00 1.000000e-01
5.567030e+03 0.000000e+00 1.000000e+00 1.000000e-01
5.567040e+03 0.000000e+00 1.000000e+00 1.000000e-01
5.567050e+03 0.000000e+00 1.000000e+00 1.000000e-01
5.567060e+03 0.000000e+00 1.000000e+00 1.000000e-01
5.567070e+03 0.000000e+00 1.000000e+00 1.000000e-01
5.567080e+03 0.000000e+00 1.000000e+00 1.000000e-01
5.567090e+03 0.000000e+00 1.000000e+00 1.000000e-01
5.567100e+03 0.000000e+00 1.000000e+00 1.000000e-01
5.567110e+03 0.000000e+00 1.000000e+00 1.000000e-01
5.567120e+03 0.000000e+00 1.000000e+00 1.000000e-01
5.567130e+03 0.000000e+00 1.000000e+00 1.000000e-01
5.567140e+03 0.000000e+00 1.000000e+00 1.000000e-01
5.567150e+03 0.000000e+00 1.000000e+00 1.000000e-01
5.567160e+03 0.000000e+00 1.000000e+00 1.000000e-01
5.567170e+03 0.000000e+00 1.000000e+00 1.000000e-01
5.567180e+03 0.000000e+00 1.000000e+00 1.000000e-01
5.567190e+03 0.000000e+00 1.000000e+00 1.000000e-01
5.567200e+03 0.000000e+00 1.000000e+00 1.000000e-01
5.567210e+03 0.000000e+00 1.000000e+00 1.000000e-01
5.567220e+03 0.000000e+00 1.000000e+00 1.000000e-01
5.567230e+03 0.000000e+00 1.000000e+00 1.000000e-01
5.567240e+03 0.000000e+00 1.000000e+00 1.000000e-01
5.567250e+03 0.000000e+00 1.000000e+00 1.000000e-01
5.567260e+03 0.000000e+00 1.000000e+00 1.000000e-01
5.567270e+03 0.000000e+00 1.000000e+00 1.000000e-01
5.567280e+03 0.000000e+00 1.000000e+00 1.000000e-01
5.567290e+03 0.000000e+00 1.000000e+00 1.000000e-01
5.567300e+03 0.000000e+00 1.000000e+00 1.000000e-01
5.567310e+03 0.000000e+00 1.000000e+00 1.000000e-01
5.567320e+03 0.000000e+00 1.000000e+00 1.000000e-01
5.567330e+03 0.000000e+00 1.000000e+00 1.000000e-01
5.567340e+03 0.000000e+00 1.000000e+00 1.000000e-01
5.567350e+03 0.000000e+00 1.000000e+00 1.000000e-01
5.567360e+03 0.000000e+00 1.000000e+00 1.000000e-01
5.567370e+03 0.000000e+00 1.000000e+00 1.000000e-01
5.567380e+03 0.000000e+00 1.000000e+00 1.000000e-01
5.567390e+03 0.000000e+00 1.000000e+00 1.000000e-01
5.567400e+03 0.000000e+00 1.000000e+00 1.000000e-01
5.567410e+03 0.000000e+00 1.000000e+00 1.000000e-01
5.567420e+03 0.000000e+00 1.000000e+00 1.000000e-01
5.567430e+03 0.000000e+00 1.000000e+00 1.000000e-01
5.567440e+03 0.000000e+00 1.000000e+00 1.000000e-01
5.567450e+03 0.000000e+00 1.000000e+00 1.000000e-01
5.567460e+03 0.000000e+00 1.000000e+00 1.000000e-01
5.567470e+03 0.000000e+00 1.000000e+00 1.000000e-01
5.567480e+03 0.000000e+00 1.000000e+00 1.000000e-01
5.567490e+03 0.000000e+00 1.000000e+00 1.000000e-01
5.567500e+03 0.000000e+00 1.000000e+00 1.000000e-01
5.567510e+03 0.000000e+00 1.000000e+00 1.000000e-01
5.567520e+03 0.000000e+00 1.000000e+00 1.000000e-01
5.567530e+03 0.000000e+00 1.000000e+00 1.000000e-01
5.567540e+03 0.000000e+00 1.000000e+00 1.000000e-01
5.567550e+03 0.000000e+00 1.000000e+00 1.000000e-01
5.567560e+03 0.000000e+00 1.000000e+00 1.000000e-01
5.567570e+03 0.000000e+00 1.000000e+00 1.000000e-01
5.567580e+03 0.000000e+00 1.000000e+00 1.000000e-01
5.567590e+03 0.000000e+00 1.000000e+00 1.000000e-01
5.567600e+03 0.000000e+00 1.000000e+00 1.000000e-01
5.567610e+03 0.000000e+00 1.000000e+00 1.000000e-01
5.567620e+03 0.000000e+00 1.000000e+00 1.000000e-01
5.567630e+03 0.000000e+00 1.000000e+00 1.000000e-01
5.567640e+03 0.000000e+00 1.000000e+00 1.000000e-01
5.567650e+03 0.000000e+00 1.000000e+00 1.000000e-01
5.567660e+03 0.000000e+00 1.000000e+00 1.000000e-01
5.567670e+03 0.000000e+00 1.000000e+00 1.000000e-01
5.567680e+03 0.000000e+00 1.000000e+00 1.000000e-01
5.567690e+03 0.000000e+00 1.000000e+00 1.000000e-01
5.567700e+03 0.000000e+00 1.000000e+00 1.000000e-01
5.567710e+03 0.000000e+00 1.000000e+00 1.000000e-01
5.567720e+03 0.000000e+00 1.000000e+00 1.000000e-01
5.567730e+03 0.000000e+00 1.000000e+00 1.000000e-01
5.567740e+03 0.000000e+00 1.000000e+00 1.000000e-01
5.567750e+03 0.000000e+00 1.000000e+00 1.000000e-01
5.567760e+03 0.000000e+00 1.000000e+00 1.000000e-01
5.567770e+03 0.000000e+00 1.000000e+00 1.000000e-01
5.567780e+03 0.000000e+00 1.000000e+00 1.000000e-01
5.567790e+03 0.000000e+00 1.000000e+00 1.000000e-01
5.567800e+03 0.000000e+00 1.000000e+00 1.000000e-01
5.567810e+03 0.000000e+00 1.000000e+00 1.000000e-01
5.567820e+03 0.000000e+00 1.000000e+00 1.000000e-01
5.567830e+03 0.000000e+00 1.000000e+00 1.000000e-01
5.567840e+03 0.000000e+00 1.000000e+00 1.000000e-01
5.567850e+03 0.000000e+00 1.000000e+00 1.000000e-01
5.567860e+03 0.000000e+00 1.000000e+00 1.000000e-01
5.567870e+03 0.000000e+00 1.000000e+00 1.000000e-01
5.567880e+03 0.000000e+00 1.000000e+00 1.000000e-01
5.567890e+03 0.000000e+00 1.000000e+00 1.000000e-01
5.567900e+03 0.000000e+00 1.000000e+00 1.000000e-01
5.567910e+03 0.000000e+00 1.000000e+00 1.000000e-01
5.567920e+03 0.000000e+00 1.000000e+00 1.000000e-01
5.567930e+03 0.000000e+00 1.000000e+00 1.000000e-01
5.567940e+03 0.000000e+00 1.000000e+00 1.000000e-01
5.567950e+03 0.000000e+00 1.000000e+00 1.000000e-01
5.567960e+03 0.000000e+00 1.000000e+00 1.000000e-01
5.567970e+03 0.000000e+00 1.000000e+00 1.000000e-01
5.567980e+03 0.000000e+00 1.000000e+00 1.000000e-01
5.567990e+03 0.000000e+00 1.000000e+00 1.000000e-01
5.568000e+03 0.000000e+00 1.000000e+00 1.000000e-01
5.568010e+03 0.000000e+00 1.000000e+00 1.000000e-01
5.568020e+03 0.000000e+00 1.000000e+00 1.000000e-01
5.568030e+03 0.000000e+00 1.000000e+00 1.000000e-01
5.568040e+03 0.000000e+00 1.000000e+00 1.000000e-01
5.568050e+03 0.000000e+00 1.000000e+00 1.000000e-01
5.568060e+03 0.000000e+00 1.000000e+00 1.000000e-01
5.568070e+03 0.000000e+00 1.000000e+00 1.000000e-01
5.568080e+03 0.000000e+00 1.000000e+00 1.000000e-01
5.568090e+03 0.000000e+00 1.000000e+00 1.000000e-01
5.568100e+03 0.000000e+00 1.000000e+00 1.000000e-01
5.568110e+03 0.000000e+00 1.000000e+00 1.000000e-01
5.568120e+03 0.000000e+00 1.000000e+00 1.000000e-01
5.568130e+03 0.000000e+00 1.000000e+00 1.000000e-01
5.568140e+03 0.000000e+00 1.000000e+00 1.000000e-01
5.568150e+03 0.000000e+00 1.000000e+00 1.000000e-01
5.568160e+03 0.000000e+00 1.000000e+00 1.000000e-01
5.568170e+03 0.000000e+00 1.000000e+00 1.000000e-01
5.568180e+03 0.000000e+00 1.000000e+00 1.000000e-01
5.568190e+03 0.000000e+00 1.000000e+00 1.000000e-01
5.568200e+03 0.000000e+00 1.000000e+00 1.000000e-01
5.568210e+03 0.000000e+00 1.000000e+00 1.000000e-01
5.568220e+03 0.000000e+00 1.000000e+00 1.000000e-01
5.568230e+03 0.000000e+00 1.000000e+00 1.000000e-01
5.568240e+03 0.000000e+00 1.000000e+00 1.000000e-01
5.568250e+03 0.000000e+00 1.000000e+00 1.000000e-01
5.568260e+03 0.000000e+00 1.000000e+00 1.000000e-01
5.568270e+03 0.000000e+00 1.000000e+00 1.000000e-01
5.568280e+03 0.000000e+00 1.000000e+00 1.000000e-01
5.568290e+03 0.000000e+00 1.000000e+00 1.000000e-01
5.568300e+03 0.000000e+00 1.000000e+00 1.000000e-01
5.568310e+03 0.000000e+00 1.000000e+00 1.000000e-01
5.568320e+03 0.000000e+00 1.000000e+00 1.000000e-01
5.568330e+03 0.000000e+00 1.000000e+00 1.000000e-01
5.568340e+03 0.000000e+00 1.000000e+00 1.000000e-01
5.568350e+03 0.000000e+00 1.000000e+00 1.000000e-01
5.568360e+03 0.000000e+00 1.000000e+00 1.000000e-01
5.568370e+03 0.000000e+00 1.000000e+00 1.000000e-01
5.568380e+03 0.000000e+00 1.000000e+00 1.000000e-01
5.568390e+03 0.000000e+00 1.000000e+00 1.000000e-01
5.568400e+03 0.000000e+00 1.000000e+00 1.000000e-01
5.568410e+03 0.000000e+00 1.000000e+00 1.000000e-01
5.568420e+03 0.000000e+00 1.000000e+00 1.000000e-01
5.568430e+03 0.000000e+00 1.000000e+00 1.000000e-01
5.568440e+03 0.000000e+00 1.000000e+00 1.000000e-01
5.568450e+03 0.000000e+00 1.000000e+00 1.000000e-01
5.568460e+03 0.000000e+00 1.000000e+00 1.000000e-01
5.568470e+03 0.000000e+00 1.000000e+00 1.000000e-01
5.568480e+03 0.000000e+00 1.000000e+00 1.000000e-01
5.568490e+03 0.000000e+00 1.000000e+00 1.000000e-01
5.568500e+03 0.000000e+00 1.000000e+00 1.000000e-01
5.568510e+03 0.000000e+00 1.000000e+00 1.000000e-01
5.568520e+03 0.000000e+00 1.000000e+00 1.000000e-01
5.568530e+03 0.000000e+00 1.000000e+00 1.000000e-01
5.568540e+03 0.000000e+00 1.000000e+00 1.000000e-01
5.568550e+03 0.000000e+00 1.000000e+00 1.000000e-01
5.568560e+03 0.000000e+00 1.000000e+00 1.000000e-01
5.568570e+03 0.000000e+00 1.000000e+00 1.000000e-01
5.568580e+03 0.000000e+00 1.000000e+00 1.000000e-01
5.568590e+03 0.000000e+00 1.000000e+00 1.000000e-01
5.568600e+03 0.000000e+00 1.000000e+00 1.000000e-01
5.568610e+03 0.000000e+00 1.000000e+00 1.000000e-01
5.568620e+03 0.000000e+00 1.000000e+00 1.000000e-01
5.568630e+03 0.000000e+00 1.000000e+00 1.000000e-01
5.568640e+03 0.000000e+00 1.000000e+00 1.000000e-01
5.568650e+03 0.000000e+00 1.000000e+00 1.000000e-01
5.568660e+03 0.000000e+00 1.000000e+00 1.000000e-01
5.568670e+03 0.000000e+00 1.000000e+00 1.000000e-01
5.568680e+03 0.000000e+00 1.000000e+00 1.000000e-01
5.568690e+03 0.000000e+00 1.000000e+00 1.000000e-01
5.568700e+03 0.000000e+00 1.000000e+00 1.000000e-01
5.568710e+03 0.000000e+00 1.000000e+00 1.000000e-01
5.568720e+03 0.000000e+00 1.000000e+00 1.000000e-01
5.568730e+03 0.000000e+00 1.000000e+00 1.000000e-01
5.568740e+03 0.000000e+00 1.000000e+00 1.000000e-01
5.568750e+03 0.000000e+00 1.000000e+00 1.000000e-01
5.568760e+03 0.000000e+00 1.000000e+00 1.000000e-01
5.568770e+03 0.000000e+00 1.000000e+00 1.000000e-01
5.568780e+03 0.000000e+00 1.000000e+00 1.000000e-01
5.568790e+03 0.000000e+00 1.000000e+00 1.000000e-01
5.568800e+03 0.000000e+00 1.000000e+00 1.000000e-01
5.568810e+03 0.000000e+00 1.000000e+00 1.000000e-01
5.568820e+03 0.000000e+00 1.000000e+00 1.000000e-01
5.568830e+03 0.000000e+00 1.000000e+00 1.000000e-01
5.568840e+03 0.000000e+00 1.000000e+00 1.000000e-01
5.568850e+03 0.000000e+00 1.000000e+00 1.000000e-01
5.568860e+03 0.000000e+00 1.000000e+00 1.000000e-01
5.568870e+03 0.000000e+00 1.000000e+00 1.000000e-01
5.568880e+03 0.000000e+00 1.000000e+00 1.000000e-01
5.568890e+03 0.000000e+00 1.000000e+00 1.000000e-01
5.568900e+03 0.000000e+00 1.000000e+00 1.000000e-01
5.568910e+03 0.000000e+00 1.000000e+00 1.000000e-01
5.568920e+03 0.000000e+00 1.000000e+00 1.000000e-01
5.568930e+03 0.000000e+00 1.000000e+00 1.000000e-01
5.568940e+03 0.000000e+00 1.000000e+00 1.000000e-01
5.568950e+03 0.000000e+00 1.000000e+00 1.000000e-01
5.568960e+03 0.000000e+00 1.000000e+00 1.000000e-01
5.568970e+03 0.000000e+00 1.000000e+00 1.000000e-01
5.568980e+03 0.000000e+00 1.000000e+00 1.000000e-01
5.568990e+03 0.000000e+00 1.000000e+00 1.000000e-01
5.569000e+03 0.000000e+00 1.000000e+00 1.000000e-01
5.569010e+03 0.000000e+00 1.000000e+00 1.000000e-01
5.569020e+03 0.000000e+00 1.000000e+00 1.000000e-01
5.569030e+03 0.000000e+00 1.000000e+00 1.000000e-01
5.569040e+03 0.000000e+00 1.000000e+00 1.000000e-01
5.569050e+03 0.000000e+00 1.000000e+00 1.000000e-01
5.569060e+03 0.000000e+00 1.000000e+00 1.000000e-01
5.569070e+03 0.000000e+00 1.000000e+00 1.000000e-01
5.569080e+03 0.000000e+00 1.000000e+00 1.000000e-01
5.569090e+03 0.000000e+00 1.000000e+00 1.000000e-01
5.569100e+03 0.000000e+00 1.000000e+00 1.000000e-01
5.569110e+03 0.000000e+00 1.000000e+00 1.000000e-01
5.569120e+03 0.000000e+00 1.000000e+00 1.000000e-01
5.569130e+03 0.000000e+00 1.000000e+00 1.000000e-01
5.569140e+03 0.000000e+00 1.000000e+00 1.000000e-01
5.569150e+03 0.000000e+00 1.000000e+00 1.000000e-01
5.569160e+03 0.000000e+00 1.000000e+00 1.000000e-01
5.569170e+03 0.000000e+00 1.000000e+00 1.000000e-01
5.569180e+03 0.000000e+00 1.000000e+00 1.000000e-01
5.569190e+03 0.000000e+00 1.000000e+00 1.000000e-01
5.569200e+03 0.000000e+00 1.000000e+00 1.000000e-01
5.569210e+03 0.000000e+00 1.000000e+00 1.000000e-01
5.569220e+03 0.000000e+00 1.000000e+00 1.000000e-01
5.569230e+03 0.000000e+00 1.000000e+00 1.000000e-01
5.569240e+03 0.000000e+00 1.000000e+00 1.000000e-01
5.569250e+03 0.000000e+00 1.000000e+00 1.000000e-01
5.569260e+03 0.000000e+00 1.000000e+00 1.000000e-01
5.569270e+03 0.000000e+00 1.000000e+00 1.000000e-01
5.569280e+03 0.000000e+00 1.000000e+00 1.000000e-01
5.569290e+03 0.000000e+00 1.000000e+00 1.000000e-01
5.569300e+03 0.000000e+00 1.000000e+00 1.000000e-01
5.569310e+03 0.000000e+00 1.000000e+00 1.000000e-01
5.569320e+03 0.000000e+00 1.000000e+00 1.000000e-01
5.569330e+03 0.000000e+00 1.000000e+00 1.000000e-01
5.569340e+03 0.000000e+00 1.000000e+00 1.000000e-01
5.569350e+03 0.000000e+00 1.000000e+00 1.000000e-01
5.569360e+03 0.000000e+00 1.000000e+00 1.000000e-01
5.569370e+03 0.000000e+00 1.000000e+00 1.000000e-01
5.569380e+03 0.000000e+00 1.000000e+00 1.000000e-01
5.569390e+03 0.000000e+00 1.000000e+00 1.000000e-01
5.569400e+03 0.000000e+00 1.000000e+00 1.000000e-01
5.569410e+03 0.000000e+00 1.000000e+00 1.000000e-01
5.569420e+03 0.000000e+00 1.000000e+00 1.000000e-01
5.569430e+03 0.000000e+00 1.000000e+00 1.000000e-01
5.569440e+03 0.000000e+00 1.000000e+00 1.000000e-01
5.569450e+03 0.000000e+00 1.000000e+00 1.000000e-01
5.569460e+03 0.000000e+00 1.000000e+00 1.000000e-01
5.569470e+03 0.000000e+00 1.000000e+00 1.000000e-01
5.569480e+03 0.000000e+00 1.000000e+00 1.000000e-01
5.569490e+03 0.000000e+00 1.000000e+00 1.000000e-01
5.569500e+03 0.000000e+00 1.000000e+00 1.000000e-01
5.569510e+03 0.000000e+00 1.000000e+00 1.000000e-01
5.569520e+03 0.000000e+00 1.000000e+00 1.000000e-01
5.569530e+03 0.000000e+00 1.000000e+00 1.000000e-01
5.569540e+03 0.000000e+00 1.000000e+00 1.000000e-01
5.569550e+03 0.000000e+00 1.000000e+00 1.000000e-01
5.569560e+03 0.000000e+00 1.000000e+00 1.000000e-01
5.569570e+03 0.000000e+00 1.000000e+00 1.000000e-01
5.569580e+03 0.000000e+00 1.000000e+00 1.000000e-01
5.569590e+03 0.000000e+00 1.000000e+00 1.000000e-01
5.569600e+03 0.000000e+00 1.000000e+00 1.000000e-01
5.569610e+03 0.000000e+00 1.000000e+00 1.000000e-01
5.569620e+03 0.000000e+00 1.000000e+00 1.000000e-01
5.569630e+03 0.000000e+00 1.000000e+00 1.000000e-01
5.569640e+03 0.000000e+00 1.000000e+00 1.000000e-01
5.569650e+03 0.000000e+00 1.000000e+00 1.000000e-01
5.569660e+03 0.000000e+00 1.000000e+00 1.000000e-01
5.569670e+03 0.000000e+00 1.000000e+00 1.000000e-01
5.569680e+03 0.000000e+00 1.000000e+00 1.000000e-01
5.569690e+03 0.000000e+00 1.000000e+00 1.000000e-01
5.569700e+03 0.000000e+00 1.000000e+00 1.000000e-01
5.569710e+03 0.000000e+00 1.000000e+00 1.000000e-01
5.569720e+03 0.000000e+00 1.000000e+00 1.000000e-01
5.569730e+03 0.000000e+00 1.000000e+00 1.000000e-01
5.569740e+03 0.000000e+00 1.000000e+00 1.000000e-01
5.569750e+03 0.000000e+00 1.000000e+00 1.000000e-01
5.569760e+03 0.000000e+00 1.000000e+00 1.000000e-01
5.569770e+03 0.000000e+00 1.000000e+00 1.000000e-01
5.569780e+03 0.000000e+00 1.000000e+00 1.000000e-01
5.569790e+03 0.000000e+00 1.000000e+00 1.000000e-01
5.569800e+03 0.000000e+00 1.000000e+00 1.000000e-01
5.569810e+03 0.000000e+00 1.000000e+00 1.000000e-01
5.569820e+03 0.000000e+00 1.000000e+00 1.000000e-01
5.569830e+03 0.000000e+00 1.000000e+00 1.000000e-01
5.569840e+03 0.000000e+00 1.000000e+00 1.000000e-01
5.569850e+03 0.000000e+00 1.000000e+00 1.000000e-01
5.569860e+03 0.000000e+00 1.000000e+00 1.000000e-01
5.569870e+03 0.000000e+00 1.000000e+00 1.000000e-01
5.569880e+03 0.000000e+00 1.000000e+00 1.000000e-01
5.569890e+03 0.000000e+00 1.000000e+00 1.000000e-01
5.569900e+03 0.000000e+00 1.000000e+00 1.000000e-01
5.569910e+03 0.000000e+00 1.000000e+00 1.000000e-01
5.569920e+03 0.000000e+00 1.000000e+00 1.000000e-01
5.569930e+03 0.000000e+00 1.000000e+00 1.000000e-01
5.569940e+03 0.000000e+00 1.000000e+00 1.000000e-01
5.569950e+03 0.000000e+00 1.000000e+00 1.000000e-01
5.569960e+03 0.000000e+00 1.000000e+00 1.000000e-01
5.569970e+03 0.000000e+00 1.000000e+00 1.000000e-01
5.569980e+03 0.000000e+00 1.000000e+00 1.000000e-01
5.569990e+03 0.000000e+00 1.000000e+00 1.000000e-01
5.570000e+03 0.000000e+00 1.000000e+00 1.000000e-01
5.570010e+03 0.000000e+00 1.000000e+00 1.000000e-01
5.570020e+03 0.000000e+00 1.000000e+00 1.000000e-01
5.570030e+03 0.000000e+00 1.000000e+00 1.000000e-01
5.570040e+03 0.000000e+00 1.000000e+00 1.000000e-01
5.570050e+03 0.000000e+00 1.000000e+00 1.000000e-01
5.570060e+03 0.000000e+00 1.000000e+00 1.000000e-01
5.570070e+03 0.000000e+00 1.000000e+00 1.000000e-01
5.570080e+03 0.000000e+00 1.000000e+00 1.000000e-01
5.570090e+03 0.000000e+00 1.000000e+00 1.000000e-01
5.570100e+03 0.000000e+00 1.000000e+00 1.000000e-01
5.570110e+03 0.000000e+00 1.000000e+00 1.000000e-01
5.570120e+03 0.000000e+00 1.000000e+00 1.000000e-01
5.570130e+03 0.000000e+00 1.000000e+00 1.000000e-01
5.570140e+03 0.000000e+00 1.000000e+00 1.000000e-01
5.570150e+03 0.000000e+00 1.000000e+00 1.000000e-01
5.570160e+03 0.000000e+00 1.000000e+00 1.000000e-01
5.570170e+03 0.000000e+00 1.000000e+00 1.000000e-01
5.570180e+03 0.000000e+00 1.000000e+00 1.000000e-01
5.570190e+03 0.000000e+00 1.000000e+00 1.000000e-01
5.570200e+03 0.000000e+00 1.000000e+00 1.000000e-01
5.570210e+03 0.000000e+00 1.000000e+00 1.000000e-01
5.570220e+03 0.000000e+00 1.000000e+00 1.000000e-01
5.570230e+03 0.000000e+00 1.000000e+00 1.000000e-01
5.570240e+03 0.000000e+00 1.000000e+00 1.000000e-01
5.570250e+03 0.000000e+00 1.000000e+00 1.000000e-01
5.570260e+03 0.000000e+00 1.000000e+00 1.000000e-01
5.570270e+03 0.000000e+00 1.000000e+00 1.000000e-01
5.570280e+03 0.000000e+00 1.000000e+00 1.000000e-01
5.570290e+03 0.000000e+00 1.000000e+00 1.000000e-01
5.570300e+03 0.000000e+00 1.000000e+00 1.000000e-01
5.570310e+03 0.000000e+00 1.000000e+00 1.000000e-01
5.570320e+03 0.000000e+00 1.000000e+00 1.000000e-01
5.570330e+03 0.000000e+00 1.000000e+00 1.000000e-01
5.570340e+03 0.000000e+00 1.000000e+00 1.000000e-01
5.570350e+03 0.000000e+00 1.000000e+00 1.000000e-01
5.570360e+03 0.000000e+00 1.000000e+00 1.000000e-01
5.570370e+03 0.000000e+00 1.000000e+00 1.000000e-01
5.570380e+03 0.000000e+00 1.000000e+00 1.000000e-01
5.570390e+03 0.000000e+00 1.000000e+00 1.000000e-01
5.570400e+03 0.000000e+00 1.000000e+00 1.000000e-01
5.570410e+03 0.000000e+00 1.000000e+00 1.000000e-01
5.570420e+03 0.000000e+00 1.000000e+00 1.000000e-01
5.570430e+03 0.000000e+00 1.000000e+00 1.000000e-01
5.570440e+03 0.000000e+00 1.000000e+00 1.000000e-01
5.570450e+03 0.000000e+00 1.000000e+00 1.000000e-01
5.570460e+03 0.000000e+00 1.000000e+00 1.000000e-01
5.570470e+03 0.000000e+00 1.000000e+00 1.000000e-01
5.570480e+03 0.000000e+00 1.000000e+00 1.000000e-01
5.570490e+03 0.000000e+00 1.000000e+00 1.000000e-01
5.570500e+03 0.000000e+00 1.000000e+00 1.000000e-01
5.570510e+03 0.000000e+00 1.000000e+00 1.000000e-01
5.570520e+03 0.000000e+00 1.000000e+00 1.000000e-01
5.570530e+03 0.000000e+00 1.000000e+00 1.000000e-01
5.570540e+03 0.000000e+00 1.000000e+00 1.000000e-01
5.570550e+03 0.000000e+00 1.000000e+00 1.000000e-01
5.570560e+03 0.000000e+00 1.000000e+00 1.000000e-01
5.570570e+03 0.000000e+00 1.000000e+00 1.000000e-01
5.570580e+03 0.000000e+00 1.000000e+00 1.000000e-01
5.570590e+03 0.000000e+00 1.000000e+00 1.000000e-01
5.570600e+03 0.000000e+00 1.000000e+00 1.000000e-01
5.570610e+03 0.000000e+00 1.000000e+00 1.000000e-01
5.570620e+03 0.000000e+00 1.000000e+00 1.000000e-01
5.570630e+03 0.000000e+00 1.000000e+00 1.000000e-01
5.570640e+03 0.000000e+00 1.000000e+00 1.000000e-01
5.570650e+03 0.000000e+00 1.000000e+00 1.000000e-01
5.570660e+03 0.000000e+00 1.000000e+00 1.000000e-01
5.570670e+03 0.000000e+00 1.000000e+00 1.000000e-01
5.570680e+03 0.000000e+00 1.000000e+00 1.000000e-01
5.570690e+03 0.000000e+00 1.000000e+00 1.000000e-01
5.570700e+03 0.000000e+00 1.000000e+00 1.000000e-01
5.570710e+03 0.000000e+00 1.000000e+00 1.000000e-01
5.570720e+03 0.000000e+00 1.000000e+00 1.000000e-01
5.570730e+03 0.000000e+00 1.000000e+00 1.000000e-01
5.570740e+03 0.000000e+00 1.000000e+00 1.000000e-01
5.570750e+03 0.000000e+00 1.000000e+00 1.000000e-01
5.570760e+03 0.000000e+00 1.000000e+00 1.000000e-01
5.570770e+03 0.000000e+00 1.000000e+00 1.000000e-01
5.570780e+03 0.000000e+00 1.000000e+00 1.000000e-01
5.570790e+03 0.000000e+00 1.000000e+00 1.000000e-01
5.570800e+03 0.000000e+00 1.000000e+00 1.000000e-01
5.570810e+03 0.000000e+00 1.000000e+00 1.000000e-01
5.570820e+03 0.000000e+00 1.000000e+00 1.000000e-01
5.570830e+03 0.000000e+00 1.000000e+00 1.000000e-01
5.570840e+03 0.000000e+00 1.000000e+00 1.000000e-01
5.570850e+03 0.000000e+00 1.000000e+00 1.000000e-01
5.570860e+03 0.000000e+00 1.000000e+00 1.000000e-01
5.570870e+03 0.000000e+00 1.000000e+00 1.000000e-01
5.570880e+03 0.000000e+00 1.000000e+00 1.000000e-01
5.570890e+03 0.000000e+00 1.000000e+00 1.000000e-01
5.570900e+03 0.000000e+00 1.000000e+00 1.000000e-01
5.570910e+03 0.000000e+00 1.000000e+00 1.000000e-01
5.570920e+03 0.000000e+00 1.000000e+00 1.000000e-01
5.570930e+03 0.000000e+00 1.000000e+00 1.000000e-01
5.570940e+03 0.000000e+00 1.000000e+00 1.000000e-01
5.570950e+03 0.000000e+00 1.000000e+00 1.000000e-01
5.570960e+03 0.000000e+00 1.000000e+00 1.000000e-01
5.570970e+03 0.000000e+00 1.000000e+00 1.000000e-01
5.570980e+03 0.000000e+00 1.000000e+00 1.000000e-01
5.570990e+03 0.000000e+00 1.000000e+00 1.000000e-01
5.571000e+03 0.000000e+00 1.000000e+00 1.000000e-01
5.571010e+03 0.000000e+00 1.000000e+00 1.000000e-01
5.571020e+03 0.000000e+00 1.000000e+00 1.000000e-01
5.571030e+03 0.000000e+00 1.000000e+00 1.000000e-01
5.571040e+03 0.000000e+00 1.000000e+00 1.000000e-01
5.571050e+03 0.000000e+00 1.000000e+00 1.000000e-01
5.571060e+03 0.000000e+00 1.000000e+00 1.000000e-01
5.571070e+03 0.000000e+00 1.000000e+00 1.000000e-01
5.571080e+03 0.000000e+00 1.000000e+00 1.000000e-01
5.571090e+03 0.000000e+00 1.000000e+00 1.000000e-01
5.571100e+03 0.000000e+00 1.000000e+00 1.000000e-01
5.571110e+03 0.000000e+00 1.000000e+00 1.000000e-01
5.571120e+03 0.000000e+00 1.000000e+00 1.000000e-01
5.571130e+03 0.000000e+00 1.000000e+00 1.000000e-01
5.571140e+03 0.000000e+00 1.000000e+00 1.000000e-01
5.571150e+03 0.000000e+00 1.000000e+00 1.000000e-01
5.571160e+03 0.000000e+00 1.000000e+00 1.000000e-01
5.571170e+03 0.000000e+00 1.000000e+00 1.000000e-01
5.571180e+03 0.000000e+00 1.000000e+00 1.000000e-01
5.571190e+03 0.000000e+00 1.000000e+00 1.000000e-01
5.571200e+03 0.000000e+00 1.000000e+00 1.000000e-01
5.571210e+03 0.000000e+00 1.000000e+00 1.000000e-01
5.571220e+03 0.000000e+00 1.000000e+00 1.000000e-01
5.571230e+03 0.000000e+00 1.000000e+00 1.000000e-01
5.571240e+03 0.000000e+00 1.000000e+00 1.000000e-01
5.571250e+03 0.000000e+00 1.000000e+00 1.000000e-01
5.571260e+03 0.000000e+00 1.000000e+00 1.000000e-01
5.571270e+03 0.000000e+00 1.000000e+00 1.000000e-01
5.571280e+03 0.000000e+00 1.000000e+00 1.000000e-01
5.571290e+03 0.000000e+00 1.000000e+00 1.000000e-01
5.571300e+03 0.000000e+00 1.000000e+00 1.000000e-01
5.571310e+03 0.000000e+00 1.000000e+00 1.000000e-01
5.571320e+03 0.000000e+00 1.000000e+00 1.000000e-01
5.571330e+03 0.000000e+00 1.000000e+00 1.000000e-01
5.571340e+03 0.000000e+00 1.000000e+00 1.000000e-01
5.571350e+03 0.000000e+00 1.000000e+00 1.000000e-01
5.571360e+03 0.000000e+00 1.000000e+00 1.000000e-01
5.571370e+03 0.000000e+00 1.000000e+00 1.000000e-01
5.571380e+03 0.000000e+00 1.000000e+00 1.000000e-01
5.571390e+03 0.000000e+00 1.000000e+00 1.000000e-01
5.571400e+03 0.000000e+00 1.000000e+00 1.000000e-01
5.571410e+03 0.000000e+00 1.000000e+00 1.000000e-01
5.571420e+03 0.000000e+00 1.000000e+00 1.000000e-01
5.571430e+03 0.000000e+00 1.000000e+00 1.000000e-01
5.571440e+03 0.000000e+00 1.000000e+00 1.000000e-01
5.571450e+03 0.000000e+00 1.000000e+00 1.000000e-01
5.571460e+03 0.000000e+00 1.000000e+00 1.000000e-01
5.571470e+03 0.000000e+00 1.000000e+00 1.000000e-01
5.571480e+03 0.000000e+00 1.000000e+00 1.000000e-01
5.571490e+03 0.000000e+00 1.000000e+00 1.000000e-01
5.571500e+03 0.000000e+00 1.000000e+00 1.000000e-01
5.571510e+03 0.000000e+00 1.000000e+00 1.000000e-01
5.571520e+03 0.000000e+00 1.000000e+00 1.000000e-01
5.571530e+03 0.000000e+00 1.000000e+00 1.000000e-01
5.571540e+03 0.000000e+00 1.000000e+00 1.000000e-01
5.571550e+03 0.000000e+00 1.000000e+00 1.000000e-01
5.571560e+03 0.000000e+00 1.000000e+00 1.000000e-01
5.571570e+03 0.000000e+00 1.000000e+00 1.000000e-01
5.571580e+03 0.000000e+00 1.000000e+00 1.000000e-01
5.571590e+03 0.000000e+00 1.000000e+00 1.000000e-01
5.571600e+03 0.000000e+00 1.000000e+00 1.000000e-01
5.571610e+03 0.000000e+00 1.000000e+00 1.000000e-01
5.571620e+03 0.000000e+00 1.000000e+00 1.000000e-01
5.571630e+03 0.000000e+00 1.000000e+00 1.000000e-01
5.571640e+03 0.000000e+00 1.000000e+00 1.000000e-01
5.571650e+03 0.000000e+00 1.000000e+00 1.000000e-01
5.571660e+03 0.000000e+00 1.000000e+00 1.000000e-01
5.571670e+03 0.000000e+00 1.000000e+00 1.000000e-01
5.571680e+03 0.000000e+00 1.000000e+00 1.000000e-01
5.571690e+03 0.000000e+00 1.000000e+00 1.000000e-01
5.571700e+03 0.000000e+00 1.000000e+00 1.000000e-01
5.571710e+03 0.000000e+00 1.000000e+00 1.000000e-01
5.571720e+03 0.000000e+00 1.000000e+00 1.000000e-01
5.571730e+03 0.000000e+00 1.000000e+00 1.000000e-01
5.571740e+03 0.000000e+00 1.000000e+00 1.000000e-01
5.571750e+03 0.000000e+00 1.000000e+00 1.000000e-01
5.571760e+03 0.000000e+00 1.000000e+00 1.000000e-01
5.571770e+03 0.000000e+00 1.000000e+00 1.000000e-01
5.571780e+03 0.000000e+00 1.000000e+00 1.000000e-01
5.571790e+03 0.000000e+00 1.000000e+00 1.000000e-01
5.571800e+03 0.000000e+00 1.000000e+00 1.000000e-01
5.571810e+03 0.000000e+00 1.000000e+00 1.000000e-01
5.571820e+03 0.000000e+00 1.000000e+00 1.000000e-01
5.571830e+03 0.000000e+00 1.000000e+00 1.000000e-01
5.571840e+03 0.000000e+00 1.000000e+00 1.000000e-01
5.571850e+03 0.000000e+00 1.000000e+00 1.000000e-01
5.571860e+03 0.000000e+00 1.000000e+00 1.000000e-01
5.571870e+03 0.000000e+00 1.000000e+00 1.000000e-01
5.571880e+03 0.000000e+00 1.000000e+00 1.000000e-01
5.571890e+03 0.000000e+00 1.000000e+00 1.000000e-01
5.571900e+03 0.000000e+00 1.000000e+00 1.000000e-01
5.571910e+03 0.000000e+00 1.000000e+00 1.000000e-01
5.571920e+03 0.000000e+00 1.000000e+00 1.000000e-01
5.571930e+03 0.000000e+00 1.000000e+00 1.000000e-01
5.571940e+03 0.000000e+00 1.000000e+00 1.000000e-01
5.571950e+03 0.000000e+00 1.000000e+00 1.000000e-01
5.571960e+03 0.000000e+00 1.000000e+00 1.000000e-01
5.571970e+03 0.000000e+00 1.000000e+00 1.000000e-01
5.571980e+03 0.000000e+00 1.000000e+00 1.000000e-01
5.571990e+03 0.000000e+00 1.000000e+00 1.000000e-01
5.572000e+03 0.000000e+00 1.000000e+00 1.000000e-01
5.572010e+03 0.000000e+00 1.000000e+00 1.000000e-01
5.572020e+03 0.000000e+00 1.000000e+00 1.000000e-01
5.572030e+03 0.000000e+00 1.000000e+00 1.000000e-01
5.572040e+03 0.000000e+00 1.000000e+00 1.000000e-01
5.572050e+03 0.000000e+00 1.000000e+00 1.000000e-01
5.572060e+03 0.000000e+00 1.000000e+00 1.000000e-01
5.572070e+03 0.000000e+00 1.000000e+00 1.000000e-01
5.572080e+03 0.000000e+00 1.000000e+00 1.000000e-01
5.572090e+03 0.000000e+00 1.000000e+00 1.000000e-01
5.572100e+03 0.000000e+00 1.000000e+00 1.000000e-01
5.572110e+03 0.000000e+00 1.000000e+00 1.000000e-01
5.572120e+03 0.000000e+00 1.000000e+00 1.000000e-01
5.572130e+03 0.000000e+00 1.000000e+00 1.000000e-01
5.572140e+03 0.000000e+00 1.000000e+00 1.000000e-01
5.572150e+03 0.000000e+00 1.000000e+00 1.000000e-01
5.572160e+03 0.000000e+00 1.000000e+00 1.000000e-01
5.572170e+03 0.000000e+00 1.000000e+00 1.000000e-01
5.572180e+03 0.000000e+00 1.000000e+00 1.000000e-01
5.572190e+03 0.000000e+00 1.000000e+00 1.000000e-01
5.572200e+03 0.000000e+00 1.000000e+00 1.000000e-01
5.572210e+03 0.000000e+00 1.000000e+00 1.000000e-01
5.572220e+03 0.000000e+00 1.000000e+00 1.000000e-01
5.572230e+03 0.000000e+00 1.000000e+00 1.000000e-01
5.572240e+03 0.000000e+00 1.000000e+00 1.000000e-01
5.572250e+03 0.000000e+00 1.000000e+00 1.000000e-01
5.572260e+03 0.000000e+00 1.000000e+00 1.000000e-01
5.572270e+03 0.000000e+00 1.000000e+00 1.000000e-01
5.572280e+03 0.000000e+00 1.000000e+00 1.000000e-01
5.572290e+03 0.000000e+00 1.000000e+00 1.000000e-01
5.572300e+03 0.000000e+00 1.000000e+00 1.000000e-01
5.572310e+03 0.000000e+00 1.000000e+00 1.000000e-01
5.572320e+03 0.000000e+00 1.000000e+00 1.000000e-01
5.572330e+03 0.000000e+00 1.000000e+00 1.000000e-01
5.572340e+03 0.000000e+00 1.000000e+00 1.000000e-01
5.572350e+03 0.000000e+00 1.000000e+00 1.000000e-01
5.572360e+03 0.000000e+00 1.000000e+00 1.000000e-01
5.572370e+03 0.000000e+00 1.000000e+00 1.000000e-01
5.572380e+03 0.000000e+00 1.000000e+00 1.000000e-01
5.572390e+03 0.000000e+00 1.000000e+00 1.000000e-01
5.572400e+03 0.000000e+00 1.000000e+00 1.000000e-01
5.572410e+03 0.000000e+00 1.000000e+00 1.000000e-01
5.572420e+03 0.000000e+00 1.000000e+00 1.000000e-01
5.572430e+03 0.000000e+00 1.000000e+00 1.000000e-01
5.572440e+03 0.000000e+00 1.000000e+00 1.000000e-01
5.572450e+03 0.000000e+00 1.000000e+00 1.000000e-01
5.572460e+03 0.000000e+00 1.000000e+00 1.000000e-01
5.572470e+03 0.000000e+00 1.000000e+00 1.000000e-01
5.572480e+03 0.000000e+00 1.000000e+00 1.000000e-01
5.572490e+03 0.000000e+00 1.000000e+00 1.000000e-01
5.572500e+03 0.000000e+00 1.000000e+00 1.000000e-01
5.572510e+03 0.000000e+00 1.000000e+00 1.000000e-01
5.572520e+03 0.000000e+00 1.000000e+00 1.000000e-01
5.572530e+03 0.000000e+00 1.000000e+00 1.000000e-01
5.572540e+03 0.000000e+00 1.000000e+00 1.000000e-01
5.572550e+03 0.000000e+00 1.000000e+00 1.000000e-01
5.572560e+03 0.000000e+00 1.000000e+00 1.000000e-01
5.572570e+03 0.000000e+00 1.000000e+00 1.000000e-01
5.572580e+03 0.000000e+00 1.000000e+00 1.000000e-01
5.572590e+03 0.000000e+00 1.000000e+00 1.000000e-01
5.572600e+03 0.000000e+00 1.000000e+00 1.000000e-01
5.572610e+03 0.000000e+00 1.000000e+00 1.000000e-01
5.572620e+03 0.000000e+00 1.000000e+00 1.000000e-01
5.572630e+03 0.000000e+00 1.000000e+00 1.000000e-01
5.572640e+03 0.000000e+00 1.000000e+00 1.000000e-01
5.572650e+03 0.000000e+00 1.000000e+00 1.000000e-01
5.572660e+03 0.000000e+00 1.000000e+00 1.000000e-01
5.572670e+03 0.000000e+00 1.000000e+00 1.000000e-01
5.572680e+03 0.000000e+00 1.000000e+00 1.000000e-01
5.572690e+03 0.000000e+00 1.000000e+00 1.000000e-01
5.572700e+03 0.000000e+00 1.000000e+00 1.000000e-01
5.572710e+03 0.000000e+00 1.000000e+00 1.000000e-01
5.572720e+03 0.000000e+00 1.000000e+00 1.000000e-01
5.572730e+03 0.000000e+00 1.000000e+00 1.000000e-01
5.572740e+03 0.000000e+00 1.000000e+00 1.000000e-01
5.572750e+03 0.000000e+00 1.000000e+00 1.000000e-01
5.572760e+03 0.000000e+00 1.000000e+00 1.000000e-01
5.572770e+03 0.000000e+00 1.000000e+00 1.000000e-01
5.572780e+03 0.000000e+00 1.000000e+00 1.000000e-01
5.572790e+03 0.000000e+00 1.000000e+00 1.000000e-01
5.572800e+03 0.000000e+00 1.000000e+00 1.000000e-01
5.572810e+03 0.000000e+00 1.000000e+00 1.000000e-01
5.572820e+03 0.000000e+00 1.000000e+00 1.000000e-01
5.572830e+03 0.000000e+00 1.000000e+00 1.000000e-01
5.572840e+03 0.000000e+00 1.000000e+00 1.000000e-01
5.572850e+03 0.000000e+00 1.000000e+00 1.000000e-01
5.572860e+03 0.000000e+00 1.000000e+00 1.000000e-01
5.572870e+03 0.000000e+00 1.000000e+00 1.000000e-01
5.572880e+03 0.000000e+00 1.000000e+00 1.000000e-01
5.572890e+03 0.000000e+00 1.000000e+00 1.000000e-01
5.572900e+03 0.000000e+00 1.000000e+00 1.000000e-01
5.572910e+03 0.000000e+00 1.000000e+00 1.000000e-01
5.572920e+03 0.000000e+00 1.000000e+00 1.000000e-01
5.572930e+03 0.000000e+00 1.000000e+00 1.000000e-01
5.572940e+03 0.000000e+00 1.000000e+00 1.000000e-01
5.572950e+03 0.000000e+00 1.000000e+00 1.000000e-01
5.572960e+03 0.000000e+00 1.000000e+00 1.000000e-01
5.572970e+03 0.000000e+00 1.000000e+00 1.000000e-01
5.572980e+03 0.000000e+00 1.000000e+00 1.000000e-01
5.572990e+03 0.000000e+00 1.000000e+00 1.000000e-01
5.573000e+03 0.000000e+00 1.000000e+00 1.000000e-01
5.573010e+03 0.000000e+00 1.000000e+00 1.000000e-01
5.573020e+03 0.000000e+00 1.000000e+00 1.000000e-01
5.573030e+03 0.000000e+00 1.000000e+00 1.000000e-01
5.573040e+03 0.000000e+00 1.000000e+00 1.000000e-01
5.573050e+03 0.000000e+00 1.000000e+00 1.000000e-01
5.573060e+03 0.000000e+00 1.000000e+00 1.000000e-01
5.573070e+03 0.000000e+00 1.000000e+00 1.000000e-01
5.573080e+03 0.000000e+00 1.000000e+00 1.000000e-01
5.573090e+03 0.000000e+00 1.000000e+00 1.000000e-01
5.573100e+03 0.000000e+00 1.000000e+00 1.000000e-01
5.573110e+03 0.000000e+00 1.000000e+00 1.000000e-01
5.573120e+03 0.000000e+00 1.000000e+00 1.000000e-01
5.573130e+03 0.000000e+00 1.000000e+00 1.000000e-01
5.573140e+03 0.000000e+00 1.000000e+00 1.000000e-01
5.573150e+03 0.000000e+00 1.000000e+00 1.000000e-01
5.573160e+03 0.000000e+00 1.000000e+00 1.000000e-01
5.573170e+03 0.000000e+00 1.000000e+00 1.000000e-01
5.573180e+03 0.000000e+00 1.000000e+00 1.000000e-01
5.573190e+03 0.000000e+00 1.000000e+00 1.000000e-01
5.573200e+03 0.000000e+00 1.000000e+00 1.000000e-01
5.573210e+03 0.000000e+00 1.000000e+00 1.000000e-01
5.573220e+03 0.000000e+00 1.000000e+00 1.000000e-01
5.573230e+03 0.000000e+00 1.000000e+00 1.000000e-01
5.573240e+03 0.000000e+00 1.000000e+00 1.000000e-01
5.573250e+03 0.000000e+00 1.000000e+00 1.000000e-01
5.573260e+03 0.000000e+00 1.000000e+00 1.000000e-01
5.573270e+03 0.000000e+00 1.000000e+00 1.000000e-01
5.573280e+03 0.000000e+00 1.000000e+00 1.000000e-01
5.573290e+03 0.000000e+00 1.000000e+00 1.000000e-01
5.573300e+03 0.000000e+00 1.000000e+00 1.000000e-01
5.573310e+03 0.000000e+00 1.000000e+00 1.000000e-01
5.573320e+03 0.000000e+00 1.000000e+00 1.000000e-01
5.573330e+03 0.000000e+00 1.000000e+00 1.000000e-01
5.573340e+03 0.000000e+00 1.000000e+00 1.000000e-01
5.573350e+03 0.000000e+00 1.000000e+00 1.000000e-01
5.573360e+03 0.000000e+00 1.000000e+00 1.000000e-01
5.573370e+03 0.000000e+00 1.000000e+00 1.000000e-01
5.573380e+03 0.000000e+00 1.000000e+00 1.000000e-01
5.573390e+03 0.000000e+00 1.000000e+00 1.000000e-01
5.573400e+03 0.000000e+00 1.000000e+00 1.000000e-01
5.573410e+03 0.000000e+00 1.000000e+00 1.000000e-01
5.573420e+03 0.000000e+00 1.000000e+00 1.000000e-01
5.573430e+03 0.000000e+00 1.000000e+00 1.000000e-01
5.573440e+03 0.000000e+00 1.000000e+00 1.000000e-01
5.573450e+03 0.000000e+00 1.000000e+00 1.000000e-01
5.573460e+03 0.000000e+00 1.000000e+00 1.000000e-01
5.573470e+03 0.000000e+00 1.000000e+00 1.000000e-01
5.573480e+03 0.000000e+00 1.000000e+00 1.000000e-01
5.573490e+03 0.000000e+00 1.000000e+00 1.000000e-01
5.573500e+03 0.000000e+00 1.000000e+00 1.000000e-01
5.573510e+03 0.000000e+00 1.000000e+00 1.000000e-01
5.573520e+03 0.000000e+00 1.000000e+00 1.000000e-01
5.573530e+03 0.000000e+00 1.000000e+00 1.000000e-01
5.573540e+03 0.000000e+00 1.000000e+00 1.000000e-01
5.573550e+03 0.000000e+00 1.000000e+00 1.000000e-01
5.573560e+03 0.000000e+00 1.000000e+00 1.000000e-01
5.573570e+03 0.000000e+00 1.000000e+00 1.000000e-01
5.573580e+03 0.000000e+00 1.000000e+00 1.000000e-01
5.573590e+03 0.000000e+00 1.000000e+00 1.000000e-01
5.573600e+03 0.000000e+00 1.000000e+00 1.000000e-01
5.573610e+03 0.000000e+00 1.000000e+00 1.000000e-01
5.573620e+03 0.000000e+00 1.000000e+00 1.000000e-01
5.573630e+03 0.000000e+00 1.000000e+00 1.000000e-01
5.573640e+03 0.000000e+00 1.000000e+00 1.000000e-01
5.573650e+03 0.000000e+00 1.000000e+00 1.000000e-01
5.573660e+03 0.000000e+00 1.000000e+00 1.000000e-01
5.573670e+03 0.000000e+00 1.000000e+00 1.000000e-01
5.573680e+03 0.000000e+00 1.000000e+00 1.000000e-01
5.573690e+03 0.000000e+00 1.000000e+00 1.000000e-01
5.573700e+03 0.000000e+00 1.000000e+00 1.000000e-01
5.573710e+03 0.000000e+00 1.000000e+00 1.000000e-01
5.573720e+03 0.000000e+00 1.000000e+00 1.000000e-01
5.573730e+03 0.000000e+00 1.000000e+00 1.000000e-01
5.573740e+03 0.000000e+00 1.000000e+00 1.000000e-01
5.573750e+03 0.000000e+00 1.000000e+00 1.000000e-01
5.573760e+03 0.000000e+00 1.000000e+00 1.000000e-01
5.573770e+03 0.000000e+00 1.000000e+00 1.000000e-01
5.573780e+03 0.000000e+00 1.000000e+00 1.000000e-01
5.573790e+03 0.000000e+00 1.000000e+00 1.000000e-01
5.573800e+03 0.000000e+00 1.000000e+00 1.000000e-01
5.573810e+03 0.000000e+00 1.000000e+00 1.000000e-01
5.573820e+03 0.000000e+00 1.000000e+00 1.000000e-01
5.573830e+03 0.000000e+00 1.000000e+00 1.000000e-01
5.573840e+03 0.000000e+00 1.000000e+00 1.000000e-01
5.573850e+03 0.000000e+00 1.000000e+00 1.000000e-01
5.573860e+03 0.000000e+00 1.000000e+00 1.000000e-01
5.573870e+03 0.000000e+00 1.000000e+00 1.000000e-01
5.573880e+03 0.000000e+00 1.000000e+00 1.000000e-01
5.573890e+03 0.000000e+00 1.000000e+00 1.000000e-01
5.573900e+03 0.000000e+00 1.000000e+00 1.000000e-01
5.573910e+03 0.000000e+00 1.000000e+00 1.000000e-01
5.573920e+03 0.000000e+00 1.000000e+00 1.000000e-01
5.573930e+03 0.000000e+00 1.000000e+00 1.000000e-01
5.573940e+03 0.000000e+00 1.000000e+00 1.000000e-01
5.573950e+03 0.000000e+00 1.000000e+00 1.000000e-01
5.573960e+03 0.000000e+00 1.000000e+00 1.000000e-01
5.573970e+03 0.000000e+00 1.000000e+00 1.000000e-01
5.573980e+03 0.000000e+00 1.000000e+00 1.000000e-01
5.573990e+03 0.000000e+00 1.000000e+00 1.000000e-01
5.574000e+03 0.000000e+00 1.000000e+00 1.000000e-01
5.574010e+03 0.000000e+00 1.000000e+00 1.000000e-01
5.574020e+03 0.000000e+00 1.000000e+00 1.000000e-01
5.574030e+03 0.000000e+00 1.000000e+00 1.000000e-01
5.574040e+03 0.000000e+00 1.000000e+00 1.000000e-01
5.574050e+03 0.000000e+00 1.000000e+00 1.000000e-01
5.574060e+03 0.000000e+00 1.000000e+00 1.000000e-01
5.574070e+03 0.000000e+00 1.000000e+00 1.000000e-01
5.574080e+03 0.000000e+00 1.000000e+00 1.000000e-01
5.574090e+03 0.000000e+00 1.000000e+00 1.000000e-01
5.574100e+03 0.000000e+00 1.000000e+00 1.000000e-01
5.574110e+03 0.000000e+00 1.000000e+00 1.000000e-01
5.574120e+03 0.000000e+00 1.000000e+00 1.000000e-01
5.574130e+03 0.000000e+00 1.000000e+00 1.000000e-01
5.574140e+03 0.000000e+00 1.000000e+00 1.000000e-01
5.574150e+03 0.000000e+00 1.000000e+00 1.000000e-01
5.574160e+03 0.000000e+00 1.000000e+00 1.000000e-01
5.574170e+03 0.000000e+00 1.000000e+00 1.000000e-01
5.574180e+03 0.000000e+00 1.000000e+00 1.000000e-01
5.574190e+03 0.000000e+00 1.000000e+00 1.000000e-01
5.574200e+03 0.000000e+00 1.000000e+00 1.000000e-01
5.574210e+03 0.000000e+00 1.000000e+00 1.000000e-01
5.574220e+03 0.000000e+00 1.000000e+00 1.000000e-01
5.574230e+03 0.000000e+00 1.000000e+00 1.000000e-01
5.574240e+03 0.000000e+00 1.000000e+00 1.000000e-01
5.574250e+03 0.000000e+00 1.000000e+00 1.000000e-01
5.574260e+03 0.000000e+00 1.000000e+00 1.000000e-01
5.574270e+03 0.000000e+00 1.000000e+00 1.000000e-01
5.574280e+03 0.000000e+00 1.000000e+00 1.000000e-01
5.574290e+03 0.000000e+00 1.000000e+00 1.000000e-01
5.574300e+03 0.000000e+00 1.000000e+00 1.000000e-01
5.574310e+03 0.000000e+00 1.000000e+00 1.000000e-01
5.574320e+03 0.000000e+00 1.000000e+00 1.000000e-01
5.574330e+03 0.000000e+00 1.000000e+00 1.000000e-01
5.574340e+03 0.000000e+00 1.000000e+00 1.000000e-01
5.574350e+03 0.000000e+00 1.000000e+00 1.000000e-01
5.574360e+03 0.000000e+00 1.000000e+00 1.000000e-01
5.574370e+03 0.000000e+00 1.000000e+00 1.000000e-01
5.574380e+03 0.000000e+00 1.000000e+00 1.000000e-01
5.574390e+03 0.000000e+00 1.000000e+00 1.000000e-01
5.574400e+03 0.000000e+00 1.000000e+00 1.000000e-01
5.574410e+03 0.000000e+00 1.000000e+00 1.000000e-01
5.574420e+03 0.000000e+00 1.000000e+00 1.000000e-01
5.574430e+03 0.000000e+00 1.000000e+00 1.000000e-01
5.574440e+03 0.000000e+00 1.000000e+00 1.000000e-01
5.574450e+03 0.000000e+00 1.000000e+00 1.000000e-01
5.574460e+03 0.000000e+00 1.000000e+00 1.000000e-01
5.574470e+03 0.000000e+00 1.000000e+00 1.000000e-01
5.574480e+03 0.000000e+00 1.000000e+00 1.000000e-01
5.574490e+03 0.000000e+00 1.000000e+00 1.000000e-01
5.574500e+03 0.000000e+00 1.000000e+00 1.000000e-01
5.574510e+03 0.000000e+00 1.000000e+00 1.000000e-01
5.574520e+03 0.000000e+00 1.000000e+00 1.000000e-01
5.574530e+03 0.000000e+00 1.000000e+00 1.000000e-01
5.574540e+03 0.000000e+00 1.000000e+00 1.000000e-01
5.574550e+03 0.000000e+00 1.000000e+00 1.000000e-01
5.574560e+03 0.000000e+00 1.000000e+00 1.000000e-01
5.574570e+03 0.000000e+00 1.000000e+00 1.000000e-01
5.574580e+03 0.000000e+00 1.000000e+00 1.000000e-01
5.574590e+03 0.000000e+00 1.000000e+00 1.000000e-01
5.574600e+03 0.000000e+00 1.000000e+00 1.000000e-01
5.574610e+03 0.000000e+00 1.000000e+00 1.000000e-01
5.574620e+03 0.000000e+00 1.000000e+00 1.000000e-01
5.574630e+03 0.000000e+00 1.000000e+00 1.000000e-01
5.574640e+03 0.000000e+00 1.000000e+00 1.000000e-01
5.574650e+03 0.000000e+00 1.000000e+00 1.000000e-01
5.574660e+03 0.000000e+00 1.000000e+00 1.000000e-01
5.574670e+03 0.000000e+00 1.000000e+00 1.000000e-01
5.574680e+03 0.000000e+00 1.000000e+00 1.000000e-01
5.574690e+03 0.000000e+00 1.000000e+00 1.000000e-01
5.574700e+03 0.000000e+00 1.000000e+00 1.000000e-01
5.574710e+03 0.000000e+00 1.000000e+00 1.000000e-01
5.574720e+03 0.000000e+00 1.000000e+00 1.000000e-01
5.574730e+03 0.000000e+00 1.000000e+00 1.000000e-01
5.574740e+03 0.000000e+00 1.000000e+00 1.000000e-01
5.574750e+03 0.000000e+00 1.000000e+00 1.000000e-01
5.574760e+03 0.000000e+00 1.000000e+00 1.000000e-01
5.574770e+03 0.000000e+00 1.000000e+00 1.000000e-01
5.574780e+03 0.000000e+00 1.000000e+00 1.000000e-01
5.574790e+03 0.000000e+00 1.000000e+00 1.000000e-01
5.574800e+03 0.000000e+00 1.000000e+00 1.000000e-01
5.574810e+03 0.000000e+00 1.000000e+00 1.000000e-01
5.574820e+03 0.000000e+00 1.000000e+00 1.000000e-01
5.574830e+03 0.000000e+00 1.000000e+00 1.000000e-01
5.574840e+03 0.000000e+00 1.000000e+00 1.000000e-01
5.574850e+03 0.000000e+00 1.000000e+00 1.000000e-01
5.574860e+03 0.000000e+00 1.000000e+00 1.000000e-01
5.574870e+03 0.000000e+00 1.000000e+00 1.000000e-01
5.574880e+03 0.000000e+00 1.000000e+00 1.000000e-01
5.574890e+03 0.000000e+00 1.000000e+00 1.000000e-01
5.574900e+03 0.000000e+00 1.000000e+00 1.000000e-01
5.574910e+03 0.000000e+00 1.000000e+00 1.000000e-01
5.574920e+03 0.000000e+00 1.000000e+00 1.000000e-01
5.574930e+03 0.000000e+00 1.000000e+00 1.000000e-01
5.574940e+03 0.000000e+00 1.000000e+00 1.000000e-01
5.574950e+03 0.000000e+00 1.000000e+00 1.000000e-01
5.574960e+03 0.000000e+00 1.000000e+00 1.000000e-01
5.574970e+03 0.000000e+00 1.000000e+00 1.000000e-01
5.574980e+03 0.000000e+00 1.000000e+00 1.000000e-01
5.574990e+03 0.000000e+00 1.000000e+00 1.000000e-01
5.575000e+03 0.000000e+00 1.000000e+00 1.000000e-01
5.575010e+03 0.000000e+00 1.000000e+00 1.000000e-01
5.575020e+03 0.000000e+00 1.000000e+00 1.000000e-01
5.575030e+03 0.000000e+00 1.000000e+00 1.000000e-01
5.575040e+03 0.000000e+00 1.000000e+00 1.000000e-01
5.575050e+03 0.000000e+00 1.000000e+00 1.000000e-01
5.575060e+03 0.000000e+00 1.000000e+00 1.000000e-01
5.575070e+03 0.000000e+00 1.000000e+00 1.000000e-01
5.575080e+03 0.000000e+00 1.000000e+00 1.000000e-01
5.575090e+03 0.000000e+00 1.000000e+00 1.000000e-01
5.575100e+03 0.000000e+00 1.000000e+00 1.000000e-01
5.575110e+03 0.000000e+00 1.000000e+00 1.000000e-01
5.575120e+03 0.000000e+00 1.000000e+00 1.000000e-01
5.575130e+03 0.000000e+00 1.000000e+00 1.000000e-01
5.575140e+03 0.000000e+00 1.000000e+00 1.000000e-01
5.575150e+03 0.000000e+00 1.000000e+00 1.000000e-01
5.575160e+03 0.000000e+00 1.000000e+00 1.000000e-01
5.575170e+03 0.000000e+00 1.000000e+00 1.000000e-01
5.575180e+03 0.000000e+00 1.000000e+00 1.000000e-01
5.575190e+03 0.000000e+00 1.000000e+00 1.000000e-01
5.575200e+03 0.000000e+00 1.000000e+00 1.000000e-01
5.575210e+03 0.000000e+00 1.000000e+00 1.000000e-01
5.575220e+03 0.000000e+00 1.000000e+00 1.000000e-01
5.575230e+03 0.000000e+00 1.000000e+00 1.000000e-01
5.575240e+03 0.000000e+00 1.000000e+00 1.000000e-01
5.575250e+03 0.000000e+00 1.000000e+00 1.000000e-01
5.575260e+03 0.000000e+00 1.000000e+00 1.000000e-01
5.575270e+03 0.000000e+00 1.000000e+00 1.000000e-01
5.575280e+03 0.000000e+00 1.000000e+00 1.000000e-01
5.575290e+03 0.000000e+00 1.000000e+00 1.000000e-01
5.575300e+03 0.000000e+00 1.000000e+00 1.000000e-01
5.575310e+03 0.000000e+00 1.000000e+00 1.000000e-01
5.575320e+03 0.000000e+00 1.000000e+00 1.000000e-01
5.575330e+03 0.000000e+00 1.000000e+00 1.000000e-01
5.575340e+03 0.000000e+00 1.000000e+00 1.000000e-01
5.575350e+03 0.000000e+00 1.000000e+00 1.000000e-01
5.575360e+03 0.000000e+00 1.000000e+00 1.000000e-01
5.575370e+03 0.000000e+00 1.000000e+00 1.000000e-01
5.575380e+03 0.000000e+00 1.000000e+00 1.000000e-01
5.575390e+03 0.000000e+00 1.000000e+00 1.000000e-01
5.575400e+03 0.000000e+00 1.000000e+00 1.000000e-01
5.575410e+03 0.000000e+00 1.000000e+00 1.000000e-01
5.575420e+03 0.000000e+00 1.000000e+00 1.000000e-01
5.575430e+03 0.000000e+00 1.000000e+00 1.000000e-01
5.575440e+03 0.000000e+00 1.000000e+00 1.000000e-01
5.575450e+03 0.000000e+00 1.000000e+00 1.000000e-01
5.575460e+03 0.000000e+00 1.000000e+00 1.000000e-01
5.575470e+03 0.000000e+00 1.000000e+00 1.000000e-01
5.575480e+03 0.000000e+00 1.000000e+00 1.000000e-01
5.575490e+03 0.000000e+00 1.000000e+00 1.000000e-01
5.575500e+03 0.000000e+00 1.000000e+00 1.000000e-01
5.575510e+03 0.000000e+00 1.000000e+00 1.000000e-01
5.575520e+03 0.000000e+00 1.000000e+00 1.000000e-01
5.575530e+03 0.000000e+00 1.000000e+00 1.000000e-01
5.575540e+03 0.000000e+00 1.000000e+00 1.000000e-01
5.575550e+03 0.000000e+00 1.000000e+00 1.000000e-01
5.575560e+03 0.000000e+00 1.000000e+00 1.000000e-01
5.575570e+03 0.000000e+00 1.000000e+00 1.000000e-01
5.575580e+03 0.000000e+00 1.000000e+00 1.000000e-01
5.575590e+03 0.000000e+00 1.000000e+00 1.000000e-01
5.575600e+03 0.000000e+00 1.000000e+00 1.000000e-01
5.575610e+03 0.000000e+00 1.000000e+00 1.000000e-01
5.575620e+03 0.000000e+00 1.000000e+00 1.000000e-01
5.575630e+03 0.000000e+00 1.000000e+00 1.000000e-01
5.575640e+03 0.000000e+00 1.000000e+00 1.000000e-01
5.575650e+03 0.000000e+00 1.000000e+00 1.000000e-01
5.575660e+03 0.000000e+00 1.000000e+00 1.000000e-01
5.575670e+03 0.000000e+00 1.000000e+00 1.000000e-01
5.575680e+03 0.000000e+00 1.000000e+00 1.000000e-01
5.575690e+03 0.000000e+00 1.000000e+00 1.000000e-01
5.575700e+03 0.000000e+00 1.000000e+00 1.000000e-01
5.575710e+03 0.000000e+00 1.000000e+00 1.000000e-01
5.575720e+03 0.000000e+00 1.000000e+00 1.000000e-01
5.575730e+03 0.000000e+00 1.000000e+00 1.000000e-01
5.575740e+03 0.000000e+00 1.000000e+00 1.000000e-01
5.575750e+03 0.000000e+00 1.000000e+00 1.000000e-01
5.575760e+03 0.000000e+00 1.000000e+00 1.000000e-01
5.575770e+03 0.000000e+00 1.000000e+00 1.000000e-01
5.575780e+03 0.000000e+00 1.000000e+00 1.000000e-01
5.575790e+03 0.000000e+00 1.000000e+00 1.000000e-01
5.575800e+03 0.000000e+00 1.000000e+00 1.000000e-01
5.575810e+03 0.000000e+00 1.000000e+00 1.000000e-01
5.575820e+03 0.000000e+00 1.000000e+00 1.000000e-01
5.575830e+03 0.000000e+00 1.000000e+00 1.000000e-01
5.575840e+03 0.000000e+00 1.000000e+00 1.000000e-01
5.575850e+03 0.000000e+00 1.000000e+00 1.000000e-01
5.575860e+03 0.000000e+00 1.000000e+00 1.000000e-01
5.575870e+03 0.000000e+00 1.000000e+00 1.000000e-01
5.575880e+03 0.000000e+00 1.000000e+00 1.000000e-01
5.575890e+03 0.000000e+00 1.000000e+00 1.000000e-01
5.575900e+03 0.000000e+00 1.000000e+00 1.000000e-01
5.575910e+03 0.000000e+00 1.000000e+00 1.000000e-01
5.575920e+03 0.000000e+00 1.000000e+00 1.000000e-01
5.575930e+03 0.000000e+00 1.000000e+00 1.000000e-01
5.575940e+03 0.000000e+00 1.000000e+00 1.000000e-01
5.575950e+03 0.000000e+00 1.000000e+00 1.000000e-01
5.575960e+03 0.000000e+00 1.000000e+00 1.000000e-01
5.575970e+03 0.000000e+00 1.000000e+00 1.000000e-01
5.575980e+03 0.000000e+00 1.000000e+00 1.000000e-01
5.575990e+03 0.000000e+00 1.000000e+00 1.000000e-01
5.576000e+03 0.000000e+00 1.000000e+00 1.000000e-01
5.576010e+03 0.000000e+00 1.000000e+00 1.000000e-01
5.576020e+03 0.000000e+00 1.000000e+00 1.000000e-01
5.576030e+03 0.000000e+00 1.000000e+00 1.000000e-01
5.576040e+03 0.000000e+00 1.000000e+00 1.000000e-01
5.576050e+03 0.000000e+00 1.000000e+00 1.000000e-01
5.576060e+03 0.000000e+00 1.000000e+00 1.000000e-01
5.576070e+03 0.000000e+00 1.000000e+00 1.000000e-01
5.576080e+03 0.000000e+00 1.000000e+00 1.000000e-01
5.576090e+03 0.000000e+00 1.000000e+00 1.000000e-01
5.576100e+03 0.000000e+00 1.000000e+00 1.000000e-01
5.576110e+03 0.000000e+00 1.000000e+00 1.000000e-01
5.576120e+03 0.000000e+00 1.000000e+00 1.000000e-01
5.576130e+03 0.000000e+00 1.000000e+00 1.000000e-01
5.576140e+03 0.000000e+00 1.000000e+00 1.000000e-01
5.576150e+03 0.000000e+00 1.000000e+00 1.000000e-01
5.576160e+03 0.000000e+00 1.000000e+00 1.000000e-01
5.576170e+03 0.000000e+00 1.000000e+00 1.000000e-01
5.576180e+03 0.000000e+00 1.000000e+00 1.000000e-01
5.576190e+03 0.000000e+00 1.000000e+00 1.000000e-01
5.576200e+03 0.000000e+00 1.000000e+00 1.000000e-01
5.576210e+03 0.000000e+00 1.000000e+00 1.000000e-01
5.576220e+03 0.000000e+00 1.000000e+00 1.000000e-01
5.576230e+03 0.000000e+00 1.000000e+00 1.000000e-01
5.576240e+03 0.000000e+00 1.000000e+00 1.000000e-01
5.576250e+03 0.000000e+00 1.000000e+00 1.000000e-01
5.576260e+03 0.000000e+00 1.000000e+00 1.000000e-01
5.576270e+03 0.000000e+00 1.000000e+00 1.000000e-01
5.576280e+03 0.000000e+00 1.000000e+00 1.000000e-01
5.576290e+03 0.000000e+00 1.000000e+00 1.000000e-01
5.576300e+03 0.000000e+00 1.000000e+00 1.000000e-01
5.576310e+03 0.000000e+00 1.000000e+00 1.000000e-01
5.576320e+03 0.000000e+00 1.000000e+00 1.000000e-01
5.576330e+03 0.000000e+00 1.000000e+00 1.000000e-01
5.576340e+03 0.000000e+00 1.000000e+00 1.000000e-01
5.576350e+03 0.000000e+00 1.000000e+00 1.000000e-01
5.576360e+03 0.000000e+00 1.000000e+00 1.000000e-01
5.576370e+03 0.000000e+00 1.000000e+00 1.000000e-01
5.576380e+03 0.000000e+00 1.000000e+00 1.000000e-01
5.576390e+03 0.000000e+00 1.000000e+00 1.000000e-01
5.576400e+03 0.000000e+00 1.000000e+00 1.000000e-01
5.576410e+03 0.000000e+00 1.000000e+00 1.000000e-01
5.576420e+03 0.000000e+00 1.000000e+00 1.000000e-01
5.576430e+03 0.000000e+00 1.000000e+00 1.000000e-01
5.576440e+03 0.000000e+00 1.000000e+00 1.000000e-01
5.576450e+03 0.000000e+00 1.000000e+00 1.000000e-01
5.576460e+03 0.000000e+00 1.000000e+00 1.000000e-01
5.576470e+03 0.000000e+00 1.000000e+00 1.000000e-01
5.576480e+03 0.000000e+00 1.000000e+00 1.000000e-01
5.576490e+03 0.000000e+00 1.000000e+00 1.000000e-01
5.576500e+03 0.000000e+00 1.000000e+00 1.000000e-01
5.576510e+03 0.000000e+00 1.000000e+00 1.000000e-01
5.576520e+03 0.000000e+00 1.000000e+00 1.000000e-01
5.576530e+03 0.000000e+00 1.000000e+00 1.000000e-01
5.576540e+03 0.000000e+00 1.000000e+00 1.000000e-01
5.576550e+03 0.000000e+00 1.000000e+00 1.000000e-01
5.576560e+03 0.000000e+00 1.000000e+00 1.000000e-01
5.576570e+03 0.000000e+00 1.000000e+00 1.000000e-01
5.576580e+03 0.000000e+00 1.000000e+00 1.000000e-01
5.576590e+03 0.000000e+00 1.000000e+00 1.000000e-01
5.576600e+03 0.000000e+00 1.000000e+00 1.000000e-01
5.576610e+03 0.000000e+00 1.000000e+00 1.000000e-01
5.576620e+03 0.000000e+00 1.000000e+00 1.000000e-01
5.576630e+03 0.000000e+00 1.000000e+00 1.000000e-01
5.576640e+03 0.000000e+00 1.000000e+00 1.000000e-01
5.576650e+03 0.000000e+00 1.000000e+00 1.000000e-01
5.576660e+03 0.000000e+00 1.000000e+00 1.000000e-01
5.576670e+03 0.000000e+00 1.000000e+00 1.000000e-01
5.576680e+03 0.000000e+00 1.000000e+00 1.000000e-01
5.576690e+03 0.000000e+00 1.000000e+00 1.000000e-01
5.576700e+03 0.000000e+00 1.000000e+00 1.000000e-01
5.576710e+03 0.000000e+00 1.000000e+00 1.000000e-01
5.576720e+03 0.000000e+00 1.000000e+00 1.000000e-01
5.576730e+03 0.000000e+00 1.000000e+00 1.000000e-01
5.576740e+03 0.000000e+00 1.000000e+00 1.000000e-01
5.576750e+03 0.000000e+00 1.000000e+00 1.000000e-01
5.576760e+03 0.000000e+00 1.000000e+00 1.000000e-01
5.576770e+03 0.000000e+00 1.000000e+00 1.000000e-01
5.576780e+03 0.000000e+00 1.000000e+00 1.000000e-01
5.576790e+03 0.000000e+00 1.000000e+00 1.000000e-01
5.576800e+03 0.000000e+00 1.000000e+00 1.000000e-01
5.576810e+03 0.000000e+00 1.000000e+00 1.000000e-01
5.576820e+03 0.000000e+00 1.000000e+00 1.000000e-01
5.576830e+03 0.000000e+00 1.000000e+00 1.000000e-01
5.576840e+03 0.000000e+00 1.000000e+00 1.000000e-01
5.576850e+03 0.000000e+00 1.000000e+00 1.000000e-01
5.576860e+03 0.000000e+00 1.000000e+00 1.000000e-01
5.576870e+03 0.000000e+00 1.000000e+00 1.000000e-01
5.576880e+03 0.000000e+00 1.000000e+00 1.000000e-01
5.576890e+03 0.000000e+00 1.000000e+00 1.000000e-01
5.576900e+03 0.000000e+00 1.000000e+00 1.000000e-01
5.576910e+03 0.000000e+00 1.000000e+00 1.000000e-01
5.576920e+03 0.000000e+00 1.000000e+00 1.000000e-01
5.576930e+03 0.000000e+00 1.000000e+00 1.000000e-01
5.576940e+03 0.000000e+00 1.000000e+00 1.000000e-01
5.576950e+03 0.000000e+00 1.000000e+00 1.000000e-01
5.576960e+03 0.000000e+00 1.000000e+00 1.000000e-01
5.576970e+03 0.000000e+00 1.000000e+00 1.000000e-01
5.576980e+03 0.000000e+00 1.000000e+00 1.000000e-01
5.576990e+03 0.000000e+00 1.000000e+00 1.000000e-01
5.577000e+03 0.000000e+00 1.000000e+00 1.000000e-01
5.577010e+03 0.000000e+00 1.000000e+00 1.000000e-01
5.577020e+03 0.000000e+00 1.000000e+00 1.000000e-01
5.577030e+03 0.000000e+00 1.000000e+00 1.000000e-01
5.577040e+03 0.000000e+00 1.000000e+00 1.000000e-01
5.577050e+03 0.000000e+00 1.000000e+00 1.000000e-01
5.577060e+03 0.000000e+00 1.000000e+00 1.000000e-01
5.577070e+03 0.000000e+00 1.000000e+00 1.000000e-01
5.577080e+03 0.000000e+00 1.000000e+00 1.000000e-01
5.577090e+03 0.000000e+00 1.000000e+00 1.000000e-01
5.577100e+03 0.000000e+00 1.000000e+00 1.000000e-01
5.577110e+03 0.000000e+00 1.000000e+00 1.000000e-01
5.577120e+03 0.000000e+00 1.000000e+00 1.000000e-01
5.577130e+03 0.000000e+00 1.000000e+00 1.000000e-01
5.577140e+03 0.000000e+00 1.000000e+00 1.000000e-01
5.577150e+03 0.000000e+00 1.000000e+00 1.000000e-01
5.577160e+03 0.000000e+00 1.000000e+00 1.000000e-01
5.577170e+03 0.000000e+00 1.000000e+00 1.000000e-01
5.577180e+03 0.000000e+00 1.000000e+00 1.000000e-01
5.577190e+03 0.000000e+00 1.000000e+00 1.000000e-01
5.577200e+03 0.000000e+00 1.000000e+00 1.000000e-01
5.577210e+03 0.000000e+00 1.000000e+00 1.000000e-01
5.577220e+03 0.000000e+00 1.000000e+00 1.000000e-01
5.577230e+03 0.000000e+00 1.000000e+00 1.000000e-01
5.577240e+03 0.000000e+00 1.000000e+00 1.000000e-01
5.577250e+03 0.000000e+00 1.000000e+00 1.000000e-01
5.577260e+03 0.000000e+00 1.000000e+00 1.000000e-01
5.577270e+03 0.000000e+00 1.000000e+00 1.000000e-01
5.577280e+03 0.000000e+00 1.000000e+00 1.000000e-01
5.577290e+03 0.000000e+00 1.000000e+00 1.000000e-01
5.577300e+03 0.000000e+00 1.000000e+00 1.000000e-01
5.577310e+03 0.000000e+00 1.000000e+00 1.000000e-01
5.577320e+03 0.000000e+00 1.000000e+00 1.000000e-01
5.577330e+03 0.000000e+00 1.000000e+00 1.000000e-01
5.577340e+03 0.000000e+00 1.000000e+00 1.000000e-01
5.577350e+03 0.000000e+00 1.000000e+00 1.000000e-01
5.577360e+03 0.000000e+00 1.000000e+00 1.000000e-01
5.577370e+03 0.000000e+00 1.000000e+00 1.000000e-01
5.577380e+03 0.000000e+00 1.000000e+00 1.000000e-01
5.577390e+03 0.000000e+00 1.000000e+00 1.000000e-01
5.577400e+03 0.000000e+00 1.000000e+00 1.000000e-01
5.577410e+03 0.000000e+00 1.000000e+00 1.000000e-01
5.577420e+03 0.000000e+00 1.000000e+00 1.000000e-01
5.577430e+03 0.000000e+00 1.000000e+00 1.000000e-01
5.577440e+03 0.000000e+00 1.000000e+00 1.000000e-01
5.577450e+03 0.000000e+00 1.000000e+00 1.000000e-01
5.577460e+03 0.000000e+00 1.000000e+00 1.000000e-01
5.577470e+03 0.000000e+00 1.000000e+00 1.000000e-01
5.577480e+03 0.000000e+00 1.000000e+00 1.000000e-01
5.577490e+03 0.000000e+00 1.000000e+00 1.000000e-01
5.577500e+03 0.000000e+00 1.000000e+00 1.000000e-01
5.577510e+03 0.000000e+00 1.000000e+00 1.000000e-01
5.577520e+03 0.000000e+00 1.000000e+00 1.000000e-01
5.577530e+03 0.000000e+00 1.000000e+00 1.000000e-01
5.577540e+03 0.000000e+00 1.000000e+00 1.000000e-01
5.577550e+03 0.000000e+00 1.000000e+00 1.000000e-01
5.577560e+03 0.000000e+00 1.000000e+00 1.000000e-01
5.577570e+03 0.000000e+00 1.000000e+00 1.000000e-01
5.577580e+03 0.000000e+00 1.000000e+00 1.000000e-01
5.577590e+03 0.000000e+00 1.000000e+00 1.000000e-01
5.577600e+03 0.000000e+00 1.000000e+00 1.000000e-01
5.577610e+03 0.000000e+00 1.000000e+00 1.000000e-01
5.577620e+03 0.000000e+00 1.000000e+00 1.000000e-01
5.577630e+03 0.000000e+00 1.000000e+00 1.000000e-01
5.577640e+03 0.000000e+00 1.000000e+00 1.000000e-01
5.577650e+03 0.000000e+00 1.000000e+00 1.000000e-01
5.577660e+03 0.000000e+00 1.000000e+00 1.000000e-01
5.577670e+03 0.000000e+00 1.000000e+00 1.000000e-01
5.577680e+03 0.000000e+00 1.000000e+00 1.000000e-01
5.577690e+03 0.000000e+00 1.000000e+00 1.000000e-01
5.577700e+03 0.000000e+00 1.000000e+00 1.000000e-01
5.577710e+03 0.000000e+00 1.000000e+00 1.000000e-01
5.577720e+03 0.000000e+00 1.000000e+00 1.000000e-01
5.577730e+03 0.000000e+00 1.000000e+00 1.000000e-01
5.577740e+03 0.000000e+00 1.000000e+00 1.000000e-01
5.577750e+03 0.000000e+00 1.000000e+00 1.000000e-01
5.577760e+03 0.000000e+00 1.000000e+00 1.000000e-01
5.577770e+03 0.000000e+00 1.000000e+00 1.000000e-01
5.577780e+03 0.000000e+00 1.000000e+00 1.000000e-01
5.577790e+03 0.000000e+00 1.000000e+00 1.000000e-01
5.577800e+03 0.000000e+00 1.000000e+00 1.000000e-01
5.577810e+03 0.000000e+00 1.000000e+00 1.000000e-01
5.577820e+03 0.000000e+00 1.000000e+00 1.000000e-01
5.577830e+03 0.000000e+00 1.000000e+00 1.000000e-01
5.577840e+03 0.000000e+00 1.000000e+00 1.000000e-01
5.577850e+03 0.000000e+00 1.000000e+00 1.000000e-01
5.577860e+03 0.000000e+00 1.000000e+00 1.000000e-01
5.577870e+03 0.000000e+00 1.000000e+00 1.000000e-01
5.577880e+03 0.000000e+00 1.000000e+00 1.000000e-01
5.577890e+03 0.000000e+00 1.000000e+00 1.000000e-01
5.577900e+03 0.000000e+00 1.000000e+00 1.000000e-01
5.577910e+03 0.000000e+00 1.000000e+00 1.000000e-01
5.577920e+03 0.000000e+00 1.000000e+00 1.000000e-01
5.577930e+03 0.000000e+00 1.000000e+00 1.000000e-01
5.577940e+03 0.000000e+00 1.000000e+00 1.000000e-01
5.577950e+03 0.000000e+00 1.000000e+00 1.000000e-01
5.577960e+03 0.000000e+00 1.000000e+00 1.000000e-01
5.577970e+03 0.000000e+00 1.000000e+00 1.000000e-01
5.577980e+03 0.000000e+00 1.000000e+00 1.000000e-01
5.577990e+03 0.000000e+00 1.000000e+00 1.000000e-01
5.578000e+03 0.000000e+00 1.000000e+00 1.000000e-01
5.578010e+03 0.000000e+00 1.000000e+00 1.000000e-01
5.578020e+03 0.000000e+00 1.000000e+00 1.000000e-01
5.578030e+03 0.000000e+00 1.000000e+00 1.000000e-01
5.578040e+03 0.000000e+00 1.000000e+00 1.000000e-01
5.578050e+03 0.000000e+00 1.000000e+00 1.000000e-01
5.578060e+03 0.000000e+00 1.000000e+00 1.000000e-01
5.578070e+03 0.000000e+00 1.000000e+00 1.000000e-01
5.578080e+03 0.000000e+00 1.000000e+00 1.000000e-01
5.578090e+03 0.000000e+00 1.000000e+00 1.000000e-01
5.578100e+03 0.000000e+00 1.000000e+00 1.000000e-01
5.578110e+03 0.000000e+00 1.000000e+00 1.000000e-01
5.578120e+03 0.000000e+00 1.000000e+00 1.000000e-01
5.578130e+03 0.000000e+00 1.000000e+00 1.000000e-01
5.578140e+03 0.000000e+00 1.000000e+00 1.000000e-01
5.578150e+03 0.000000e+00 1.000000e+00 1.000000e-01
5.578160e+03 0.000000e+00 1.000000e+00 1.000000e-01
5.578170e+03 0.000000e+00 1.000000e+00 1.000000e-01
5.578180e+03 0.000000e+00 1.000000e+00 1.000000e-01
5.578190e+03 0.000000e+00 1.000000e+00 1.000000e-01
5.578200e+03 0.000000e+00 1.000000e+00 1.000000e-01
5.578210e+03 0.000000e+00 1.000000e+00 1.000000e-01
5.578220e+03 0.000000e+00 1.000000e+00 1.000000e-01
5.578230e+03 0.000000e+00 1.000000e+00 1.000000e-01
5.578240e+03 0.000000e+00 1.000000e+00 1.000000e-01
5.578250e+03 0.000000e+00 1.000000e+00 1.000000e-01
5.578260e+03 0.000000e+00 1.000000e+00 1.000000e-01
5.578270e+03 0.000000e+00 1.000000e+00 1.000000e-01
5.578280e+03 0.000000e+00 1.000000e+00 1.000000e-01
5.578290e+03 0.000000e+00 1.000000e+00 1.000000e-01
5.578300e+03 0.000000e+00 1.000000e+00 1.000000e-01
5.578310e+03 0.000000e+00 1.000000e+00 1.000000e-01
5.578320e+03 0.000000e+00 1.000000e+00 1.000000e-01
5.578330e+03 0.000000e+00 1.000000e+00 1.000000e-01
5.578340e+03 0.000000e+00 1.000000e+00 1.000000e-01
5.578350e+03 0.000000e+00 1.000000e+00 1.000000e-01
5.578360e+03 0.000000e+00 1.000000e+00 1.000000e-01
5.578370e+03 0.000000e+00 1.000000e+00 1.000000e-01
5.578380e+03 0.000000e+00 1.000000e+00 1.000000e-01
5.578390e+03 0.000000e+00 1.000000e+00 1.000000e-01
5.578400e+03 0.000000e+00 1.000000e+00 1.000000e-01
5.578410e+03 0.000000e+00 1.000000e+00 1.000000e-01
5.578420e+03 0.000000e+00 1.000000e+00 1.000000e-01
5.578430e+03 0.000000e+00 1.000000e+00 1.000000e-01
5.578440e+03 0.000000e+00 1.000000e+00 1.000000e-01
5.578450e+03 0.000000e+00 1.000000e+00 1.000000e-01
5.578460e+03 0.000000e+00 1.000000e+00 1.000000e-01
5.578470e+03 0.000000e+00 1.000000e+00 1.000000e-01
5.578480e+03 0.000000e+00 1.000000e+00 1.000000e-01
5.578490e+03 0.000000e+00 1.000000e+00 1.000000e-01
5.578500e+03 0.000000e+00 1.000000e+00 1.000000e-01
5.578510e+03 0.000000e+00 1.000000e+00 1.000000e-01
5.578520e+03 0.000000e+00 1.000000e+00 1.000000e-01
5.578530e+03 0.000000e+00 1.000000e+00 1.000000e-01
5.578540e+03 0.000000e+00 1.000000e+00 1.000000e-01
5.578550e+03 0.000000e+00 1.000000e+00 1.000000e-01
5.578560e+03 0.000000e+00 1.000000e+00 1.000000e-01
5.578570e+03 0.000000e+00 1.000000e+00 1.000000e-01
5.578580e+03 0.000000e+00 1.000000e+00 1.000000e-01
5.578590e+03 0.000000e+00 1.000000e+00 1.000000e-01
5.578600e+03 0.000000e+00 1.000000e+00 1.000000e-01
5.578610e+03 0.000000e+00 1.000000e+00 1.000000e-01
5.578620e+03 0.000000e+00 1.000000e+00 1.000000e-01
5.578630e+03 0.000000e+00 1.000000e+00 1.000000e-01
5.578640e+03 0.000000e+00 1.000000e+00 1.000000e-01
5.578650e+03 0.000000e+00 1.000000e+00 1.000000e-01
5.578660e+03 0.000000e+00 1.000000e+00 1.000000e-01
5.578670e+03 0.000000e+00 1.000000e+00 1.000000e-01
5.578680e+03 0.000000e+00 1.000000e+00 1.000000e-01
5.578690e+03 0.000000e+00 1.000000e+00 1.000000e-01
5.578700e+03 0.000000e+00 1.000000e+00 1.000000e-01
5.578710e+03 0.000000e+00 1.000000e+00 1.000000e-01
5.578720e+03 0.000000e+00 1.000000e+00 1.000000e-01
5.578730e+03 0.000000e+00 1.000000e+00 1.000000e-01
5.578740e+03 0.000000e+00 1.000000e+00 1.000000e-01
5.578750e+03 0.000000e+00 1.000000e+00 1.000000e-01
5.578760e+03 0.000000e+00 1.000000e+00 1.000000e-01
5.578770e+03 0.000000e+00 1.000000e+00 1.000000e-01
5.578780e+03 0.000000e+00 1.000000e+00 1.000000e-01
5.578790e+03 0.000000e+00 1.000000e+00 1.000000e-01
5.578800e+03 0.000000e+00 1.000000e+00 1.000000e-01
5.578810e+03 0.000000e+00 1.000000e+00 1.000000e-01
5.578820e+03 0.000000e+00 1.000000e+00 1.000000e-01
5.578830e+03 0.000000e+00 1.000000e+00 1.000000e-01
5.578840e+03 0.000000e+00 1.000000e+00 1.000000e-01
5.578850e+03 0.000000e+00 1.000000e+00 1.000000e-01
5.578860e+03 0.000000e+00 1.000000e+00 1.000000e-01
5.578870e+03 0.000000e+00 1.000000e+00 1.000000e-01
5.578880e+03 0.000000e+00 1.000000e+00 1.000000e-01
5.578890e+03 0.000000e+00 1.000000e+00 1.000000e-01
5.578900e+03 0.000000e+00 1.000000e+00 1.000000e-01
5.578910e+03 0.000000e+00 1.000000e+00 1.000000e-01
5.578920e+03 0.000000e+00 1.000000e+00 1.000000e-01
5.578930e+03 0.000000e+00 1.000000e+00 1.000000e-01
5.578940e+03 0.000000e+00 1.000000e+00 1.000000e-01
5.578950e+03 0.000000e+00 1.000000e+00 1.000000e-01
5.578960e+03 0.000000e+00 1.000000e+00 1.000000e-01
5.578970e+03 0.000000e+00 1.000000e+00 1.000000e-01
5.578980e+03 0.000000e+00 1.000000e+00 1.000000e-01
5.578990e+03 0.000000e+00 1.000000e+00 1.000000e-01
5.579000e+03 0.000000e+00 1.000000e+00 1.000000e-01
5.579010e+03 8.492704e-11 1.000000e+00 1.000000e-01
5.579020e+03 8.491171e-11 1.000000e+00 1.000000e-01
5.579030e+03 0.000000e+00 1.000000e+00 1.000000e-01
5.579040e+03 0.000000e+00 1.000000e+00 1.000000e-01
5.579050e+03 0.000000e+00 1.000000e+00 1.000000e-01
5.579060e+03 0.000000e+00 1.000000e+00 1.000000e-01
5.579070e+03 0.000000e+00 1.000000e+00 1.000000e-01
5.579080e+03 0.000000e+00 1.000000e+00 1.000000e-01
5.579090e+03 0.000000e+00 1.000000e+00 1.000000e-01
5.579100e+03 0.000000e+00 1.000000e+00 1.000000e-01
5.579110e+03 0.000000e+00 1.000000e+00 1.000000e-01
5.579120e+03 0.000000e+00 1.000000e+00 1.000000e-01
5.579130e+03 0.000000e+00 1.000000e+00 1.000000e-01
5.579140e+03 0.000000e+00 1.000000e+00 1.000000e-01
5.579150e+03 0.000000e+00 1.000000e+00 1.000000e-01
5.579160e+03 0.000000e+00 1.000000e+00 1.000000e-01
5.579170e+03 0.000000e+00 1.000000e+00 1.000000e-01
5.579180e+03 0.000000e+00 1.000000e+00 1.000000e-01
5.579190e+03 0.000000e+00 1.000000e+00 1.000000e-01
5.579200e+03 0.000000e+00 1.000000e+00 1.000000e-01
5.579210e+03 0.000000e+00 1.000000e+00 1.000000e-01
5.579220e+03 0.000000e+00 1.000000e+00 1.000000e-01
5.579230e+03 0.000000e+00 1.000000e+00 1.000000e-01
5.579240e+03 0.000000e+00 1.000000e+00 1.000000e-01
5.579250e+03 0.000000e+00 1.000000e+00 1.000000e-01
5.579260e+03 0.000000e+00 1.000000e+00 1.000000e-01
5.579270e+03 0.000000e+00 1.000000e+00 1.000000e-01
5.579280e+03 0.000000e+00 1.000000e+00 1.000000e-01
5.579290e+03 0.000000e+00 1.000000e+00 1.000000e-01
5.579300e+03 0.000000e+00 1.000000e+00 1.000000e-01
5.579310e+03 0.000000e+00 1.000000e+00 1.000000e-01
5.579320e+03 0.000000e+00 1.000000e+00 1.000000e-01
5.579330e+03 0.000000e+00 1.000000e+00 1.000000e-01
5.579340e+03 0.000000e+00 1.000000e+00 1.000000e-01
5.579350e+03 0.000000e+00 1.000000e+00 1.000000e-01
5.579360e+03 0.000000e+00 1.000000e+00 1.000000e-01
5.579370e+03 0.000000e+00 1.000000e+00 1.000000e-01
5.579380e+03 0.000000e+00 1.000000e+00 1.000000e-01
5.579390e+03 0.000000e+00 1.000000e+00 1.000000e-01
5.579400e+03 0.000000e+00 1.000000e+00 1.000000e-01
5.579410e+03 0.000000e+00 1.000000e+00 1.000000e-01
5.579420e+03 0.000000e+00 1.000000e+00 1.000000e-01
5.579430e+03 0.000000e+00 1.000000e+00 1.000000e-01
5.579440e+03 0.000000e+00 1.000000e+00 1.000000e-01
5.579450e+03 0.000000e+00 1.000000e+00 1.000000e-01
5.579460e+03 0.000000e+00 1.000000e+00 1.000000e-01
5.579470e+03 0.000000e+00 1.000000e+00 1.000000e-01
5.579480e+03 0.000000e+00 1.000000e+00 1.000000e-01
5.579490e+03 0.000000e+00 1.000000e+00 1.000000e-01
5.579500e+03 0.000000e+00 1.000000e+00 1.000000e-01
5.579510e+03 1.897934e-09 1.000000e+00 1.000000e-01
5.579520e+03 1.899843e-09 1.000000e+00 1.000000e-01
5.579530e+03 0.000000e+00 1.000000e+00 1.000000e-01
5.579540e+03 0.000000e+00 1.000000e+00 1.000000e-01
5.579550e+03 0.000000e+00 1.000000e+00 1.000000e-01
5.579560e+03 0.000000e+00 1.000000e+00 1.000000e-01
5.579570e+03 0.000000e+00 1.000000e+00 1.000000e-01
5.579580e+03 0.000000e+00 1.000000e+00 1.000000e-01
5.579590e+03 0.000000e+00 1.000000e+00 1.000000e-01
5.579600e+03 0.000000e+00 1.000000e+00 1.000000e-01
5.579610e+03 0.000000e+00 1.000000e+00 1.000000e-01
5.579620e+03 0.000000e+00 1.000000e+00 1.000000e-01
5.579630e+03 0.000000e+00 1.000000e+00 1.000000e-01
5.579640e+03 0.000000e+00 1.000000e+00 1.000000e-01
5.579650e+03 0.000000e+00 1.000000e+00 1.000000e-01
5.579660e+03 0.000000e+00 1.000000e+00 1.000000e-01
5.579670e+03 0.000000e+00 1.000000e+00 1.000000e-01
5.579680e+03 0.000000e+00 1.000000e+00 1.000000e-01
5.579690e+03 0.000000e+00 1.000000e+00 1.000000e-01
5.579700e+03 0.000000e+00 1.000000e+00 1.000000e-01
5.579710e+03 0.000000e+00 1.000000e+00 1.000000e-01
5.579720e+03 0.000000e+00 1.000000e+00 1.000000e-01
5.579730e+03 0.000000e+00 1.000000e+00 1.000000e-01
5.579740e+03 0.000000e+00 1.000000e+00 1.000000e-01
5.579750e+03 0.000000e+00 1.000000e+00 1.000000e-01
5.579760e+03 0.000000e+00 1.000000e+00 1.000000e-01
5.579770e+03 0.000000e+00 1.000000e+00 1.000000e-01
5.579780e+03 0.000000e+00 1.000000e+00 1.000000e-01
5.579790e+03 0.000000e+00 1.000000e+00 1.000000e-01
5.579800e+03 0.000000e+00 1.000000e+00 1.000000e-01
5.579810e+03 0.000000e+00 1.000000e+00 1.000000e-01
5.579820e+03 0.000000e+00 1.000000e+00 1.000000e-01
5.579830e+03 0.000000e+00 1.000000e+00 1.000000e-01
5.579840e+03 0.000000e+00 1.000000e+00 1.000000e-01
5.579850e+03 0.000000e+00 1.000000e+00 1.000000e-01
5.579860e+03 0.000000e+00 1.000000e+00 1.000000e-01
5.579870e+03 0.000000e+00 1.000000e+00 1.000000e-01
5.579880e+03 0.000000e+00 1.000000e+00 1.000000e-01
5.579890e+03 0.000000e+00 1.000000e+00 1.000000e-01
5.579900e+03 0.000000e+00 1.000000e+00 1.000000e-01
5.579910e+03 0.000000e+00 1.000000e+00 1.000000e-01
5.579920e+03 0.000000e+00 1.000000e+00 1.000000e-01
5.579930e+03 0.000000e+00 1.000000e+00 1.000000e-01
5.579940e+03 0.000000e+00 1.000000e+00 1.000000e-01
5.579950e+03 0.000000e+00 1.000000e+00 1.000000e-01
5.579960e+03 0.000000e+00 1.000000e+00 1.000000e-01
5.579970e+03 0.000000e+00 1.000000e+00 1.000000e-01
5.579980e+03 0.000000e+00 1.000000e+00 1.000000e-01
5.579990e+03 0.000000e+00 1.000000e+00 1.000000e-01
5.580000e+03 0.000000e+00 1.000000e+00 1.000000e-01
5.580010e+03 0.000000e+00 1.000000e+00 1.000000e-01
5.580020e+03 0.000000e+00 1.000000e+00 1.000000e-01
5.580030e+03 8.090373e-05 9.999191e-01 9.999595e-02
5.580040e+03 1.650257e-04 9.998350e-01 9.999175e-02
5.580050e+03 3.551672e-04 9.996449e-01 9.998224e-02
5.580060e+03 7.622605e-04 9.992380e-01 9.996189e-02
5.580070e+03 1.579972e-03 9.984213e-01 9.992103e-02
5.580080e+03 3.112870e-03 9.968920e-01 9.984448e-02
5.580090e+03 5.785296e-03 9.942314e-01 9.971115e-02
5.580100e+03 1.010499e-02 9.899459e-01 9.949602e-02
5.580110e+03 1.655716e-02 9.835792e-01 9.917556e-02
5.580120e+03 2.542460e-02 9.748959e-01 9.873682e-02
5.580130e+03 3.656880e-02 9.640918e-01 9.818817e-02
5.580140e+03 4.925238e-02 9.519409e-01 9.756746e-02
5.580150e+03 6.283399e-02 9.390994e-01 9.690714e-02
5.580160e+03 7.442619e-02 9.282760e-01 9.634708e-02
5.580170e+03 8.261116e-02 9.207091e-01 9.595359e-02
5.580180e+03 8.595454e-02 9.176359e-01 9.579332e-02
5.580190e+03 8.387080e-02 9.195501e-01 9.589317e-02
5.580200e+03 7.679453e-02 9.260801e-01 9.623306e-02
5.580210e+03 6.603628e-02 9.360969e-01 9.675210e-02
5.580220e+03 5.338693e-02 9.480131e-01 9.736597e-02
5.580230e+03 4.063437e-02 9.601801e-01 9.798878e-02
5.580240e+03 2.916972e-02 9.712516e-01 9.855210e-02
5.580250e+03 1.979342e-02 9.804012e-01 9.901521e-02
5.580260e+03 1.273054e-02 9.873502e-01 9.936549e-02
5.580270e+03 7.786271e-03 9.922440e-01 9.961144e-02
5.580280e+03 4.545991e-03 9.954643e-01 9.977296e-02
5.580290e+03 2.544897e-03 9.974583e-01 9.987284e-02
5.580300e+03 1.373273e-03 9.986277e-01 9.993136e-02
5.580310e+03 3.608733e-04 9.996392e-01 9.998196e-02
5.580320e+03 1.676182e-04 9.998324e-01 9.999162e-02
5.580330e+03 8.202915e-05 9.999180e-01 9.999590e-02
5.580340e+03 4.544358e-05 9.999546e-01 9.999773e-02
5.580350e+03 0.000000e+00 1.000000e+00 1.000000e-01
5.580360e+03 0.000000e+00 1.000000e+00 1.000000e-01
5.580370e+03 0.000000e+00 1.000000e+00 1.000000e-01
5.580380e+03 0.000000e+00 1.000000e+00 1.000000e-01
5.580390e+03 0.000000e+00 1.000000e+00 1.000000e-01
5.580400e+03 0.000000e+00 1.000000e+00 1.000000e-01
5.580410e+03 0.000000e+00 1.000000e+00 1.000000e-01
5.580420e+03 0.000000e+00 1.000000e+00 1.000000e-01
5.580430e+03 0.000000e+00 1.000000e+00 1.000000e-01
5.580440e+03 0.000000e+00 1.000000e+00 1.000000e-01
5.580450e+03 0.000000e+00 1.000000e+00 1.000000e-01
5.580460e+03 0.000000e+00 1.000000e+00 1.000000e-01
5.580470e+03 0.000000e+00 1.000000e+00 1.000000e-01
5.580480e+03 0.000000e+00 1.000000e+00 1.000000e-01
5.580490e+03 0.000000e+00 1.000000e+00 1.000000e-01
5.580500e+03 0.000000e+00 1.000000e+00 1.000000e-01
5.580510e+03 0.000000e+00 1.000000e+00 1.000000e-01
5.580520e+03 0.000000e+00 1.000000e+00 1.000000e-01
5.580530e+03 2.665733e-06 9.999973e-01 9.999987e-02
5.580540e+03 2.669976e-06 9.999973e-01 9.999987e-02
5.580550e+03 0.000000e+00 1.000000e+00 1.000000e-01
5.580560e+03 0.000000e+00 1.000000e+00 1.000000e-01
5.580570e+03 0.000000e+00 1.000000e+00 1.000000e-01
5.580580e+03 0.000000e+00 1.000000e+00 1.000000e-01
5.580590e+03 0.000000e+00 1.000000e+00 1.000000e-01
5.580600e+03 0.000000e+00 1.000000e+00 1.000000e-01
5.580610e+03 0.000000e+00 1.000000e+00 1.000000e-01
5.580620e+03 0.000000e+00 1.000000e+00 1.000000e-01
5.580630e+03 0.000000e+00 1.000000e+00 1.000000e-01
5.580640e+03 0.000000e+00 1.000000e+00 1.000000e-01
5.580650e+03 0.000000e+00 1.000000e+00 1.000000e-01
5.580660e+03 0.000000e+00 1.000000e+00 1.000000e-01
5.580670e+03 0.000000e+00 1.000000e+00 1.000000e-01
5.580680e+03 0.000000e+00 1.000000e+00 1.000000e-01
5.580690e+03 1.968432e-05 9.999803e-01 9.999902e-02
5.580700e+03 3.812261e-05 9.999619e-01 9.999809e-02
5.580710e+03 8.344327e-05 9.999166e-01 9.999583e-02
5.580720e+03 1.896042e-04 9.998104e-01 9.999052e-02
5.580730e+03 4.221179e-04 9.995780e-01 9.997890e-02
5.580740e+03 8.938673e-04 9.991065e-01 9.995532e-02
5.580750e+03 1.775812e-03 9.982258e-01 9.991125e-02
5.580760e+03 3.289039e-03 9.967164e-01 9.983568e-02
5.580770e+03 5.662371e-03 9.943536e-01 9.971728e-02
5.580780e+03 9.047908e-03 9.909929e-01 9.954863e-02
5.580790e+03 1.340877e-02 9.866807e-01 9.933180e-02
5.580800e+03 1.842224e-02 9.817464e-01 9.908312e-02
5.580810e+03 2.345893e-02 9.768141e-01 9.883391e-02
5.580820e+03 2.768400e-02 9.726957e-01 9.862534e-02
5.580830e+03 3.027422e-02 9.701795e-01 9.849769e-02
5.580840e+03 3.067791e-02 9.697879e-01 9.847781e-02
5.580850e+03 2.966369e-02 9.707720e-01 9.852776e-02
5.580860e+03 2.598630e-02 9.743484e-01 9.870909e-02
5.580870e+03 2.120057e-02 9.790226e-01 9.894557e-02
5.580880e+03 1.617044e-02 9.839596e-01 9.919474e-02
5.580890e+03 1.161651e-02 9.884507e-01 9.942086e-02
5.580900e+03 8.017609e-03 9.920144e-01 9.959992e-02
5.580910e+03 5.459784e-03 9.945551e-01 9.972738e-02
5.580920e+03 3.886847e-03 9.961207e-01 9.980585e-02
5.580930e+03 3.117068e-03 9.968878e-01 9.984427e-02
5.580940e+03 2.964784e-03 9.970396e-01 9.985187e-02
5.580950e+03 3.298034e-03 9.967074e-01 9.983523e-02
5.580960e+03 4.402435e-03 9.956072e-01 9.978012e-02
5.580970e+03 5.581304e-03 9.944342e-01 9.972132e-02
5.580980e+03 6.888518e-03 9.931352e-01 9.965617e-02
5.580990e+03 9.148484e-03 9.908932e-01 9.954362e-02
5.581000e+03 1.235937e-02 9.877167e-01 9.938394e-02
5.581010e+03 1.744575e-02 9.827055e-01 9.913151e-02
5.581020e+03 2.680001e-02 9.735559e-01 9.866894e-02
5.581030e+03 4.593016e-02 9.551087e-01 9.772966e-02
5.581040e+03 8.643727e-02 9.171931e-01 9.577020e-02
5.581050e+03 1.703444e-01 8.433743e-01 9.183541e-02
5.581060e+03 3.351966e-01 7.151975e-01 8.456935e-02
5.581070e+03 6.378348e-01 5.284353e-01 7.269356e-02
5.581080e+03 1.153012e+00 3.156846e-01 5.618582e-02
5.581090e+03 1.962144e+00 1.405568e-01 3.749090e-02
5.581100e+03 3.129194e+00 4.375306e-02 2.091723e-02
5.581110e+03 4.666076e+00 9.409117e-03 9.700060e-03
5.581120e+03 6.498063e+00 1.506354e-03 3.881178e-03
5.581130e+03 8.446239e+00 2.147064e-04 1.465286e-03
5.581140e+03 1.024348e+01 3.558882e-05 5.965637e-04
5.581150e+03 1.158935e+01 9.264267e-06 3.043726e-04
5.581160e+03 1.223088e+01 4.877502e-06 2.208507e-04
5.581170e+03 1.204004e+01 5.903063e-06 2.429622e-04
5.581180e+03 1.105535e+01 1.580239e-05 3.975222e-04
5.581190e+03 9.470321e+00 7.710667e-05 8.781041e-04
5.581200e+03 7.568364e+00 5.165366e-04 2.272744e-03
5.581210e+03 5.644925e+00 3.535415e-03 5.945935e-03
5.581220e+03 3.932512e+00 1.959439e-02 1.399800e-02
5.581230e+03 2.563944e+00 7.700044e-02 2.774895e-02
5.581240e+03 1.573152e+00 2.073904e-01 4.554014e-02
5.581250e+03 9.228017e-01 3.974041e-01 6.303999e-02
5.581260e+03 5.404115e-01 5.825085e-01 7.632224e-02
5.581270e+03 3.483604e-01 7.058444e-01 8.401455e-02
5.581280e+03 2.810739e-01 7.549725e-01 8.688915e-02
5.581290e+03 2.900850e-01 7.482000e-01 8.649855e-02
5.581300e+03 3.415553e-01 7.106642e-01 8.430090e-02
5.581310e+03 4.112691e-01 6.628085e-01 8.141305e-02
5.581320e+03 4.805457e-01 6.184458e-01 7.864133e-02
5.581330e+03 5.344592e-01 5.859861e-01 7.654973e-02
5.581340e+03 5.621146e-01 5.700024e-01 7.549851e-02
5.581350e+03 5.578306e-01 5.724496e-01 7.566040e-02
5.581360e+03 5.219369e-01 5.933701e-01 7.703052e-02
5.581370e+03 4.603433e-01 6.310670e-01 7.943972e-02
5.581380e+03 3.827465e-01 6.819858e-01 8.258243e-02
5.581390e+03 3.000674e-01 7.407683e-01 8.606790e-02
5.581400e+03 2.219430e-01 8.009610e-01 8.949642e-02
5.581410e+03 1.550193e-01 8.563987e-01 9.254181e-02
5.581420e+03 1.024174e-01 9.026527e-01 9.500804e-02
5.581430e+03 6.419319e-02 9.378238e-01 9.684130e-02
5.581440e+03 3.837430e-02 9.623527e-01 9.809958e-02
5.581450e+03 2.208941e-02 9.781528e-01 9.890161e-02
5.581460e+03 1.245137e-02 9.876258e-01 9.937937e-02
5.581470e+03 7.063658e-03 9.929612e-01 9.964744e-02
5.581480e+03 4.229704e-03 9.957792e-01 9.978874e-02
5.581490e+03 1.957006e-03 9.980449e-01 9.990220e-02
5.581500e+03 1.183708e-03 9.988170e-01 9.994083e-02
5.581510e+03 0.000000e+00 1.000000e+00 1.000000e-01
5.581520e+03 0.000000e+00 1.000000e+00 1.000000e-01
5.581530e+03 0.000000e+00 1.000000e+00 1.000000e-01
5.581540e+03 0.000000e+00 1.000000e+00 1.000000e-01
5.581550e+03 0.000000e+00 1.000000e+00 1.000000e-01
5.581560e+03 0.000000e+00 1.000000e+00 1.000000e-01
5.581570e+03 0.000000e+00 1.000000e+00 1.000000e-01
5.581580e+03 8.925444e-06 9.999911e-01 9.999955e-02
5.581590e+03 8.495955e-06 9.999915e-01 9.999958e-02
5.581600e+03 0.000000e+00 1.000000e+00 1.000000e-01
5.581610e+03 0.000000e+00 1.000000e+00 1.000000e-01
5.581620e+03 0.000000e+00 1.000000e+00 1.000000e-01
5.581630e+03 0.000000e+00 1.000000e+00 1.000000e-01
5.581640e+03 0.000000e+00 1.000000e+00 1.000000e-01
5.581650e+03 0.000000e+00 1.000000e+00 1.000000e-01
5.581660e+03 3.719395e-09 1.000000e+00 1.000000e-01
5.581670e+03 3.723606e-09 1.000000e+00 1.000000e-01
5.581680e+03 0.000000e+00 1.000000e+00 1.000000e-01
5.581690e+03 0.000000e+00 1.000000e+00 1.000000e-01
5.581700e+03 0.000000e+00 1.000000e+00 1.000000e-01
5.581710e+03 0.000000e+00 1.000000e+00 1.000000e-01
5.581720e+03 0.000000e+00 1.000000e+00 1.000000e-01
5.581730e+03 0.000000e+00 1.000000e+00 1.000000e-01
5.581740e+03 0.000000e+00 1.000000e+00 1.000000e-01
5.581750e+03 0.000000e+00 1.000000e+00 1.000000e-01
5.581760e+03 0.000000e+00 1.000000e+00 1.000000e-01
5.581770e+03 0.000000e+00 1.000000e+00 1.000000e-01
5.581780e+03 5.744759e-04 9.994257e-01 9.997128e-02
5.581790e+03 1.185925e-03 9.988148e-01 9.994072e-02
5.581800e+03 2.499353e-03 9.975038e-01 9.987511e-02
5.581810e+03 5.168591e-03 9.948447e-01 9.974190e-02
5.581820e+03 1.026839e-02 9.897842e-01 9.948790e-02
5.581830e+03 1.939361e-02 9.807932e-01 9.903501e-02
5.581840e+03 3.464189e-02 9.659513e-01 9.828282e-02
5.581850e+03 5.837235e-02 9.432986e-01 9.712356e-02
5.581860e+03 9.265979e-02 9.115036e-01 9.547270e-02
5.581870e+03 1.384645e-01 8.706942e-01 9.331099e-02
5.581880e+03 1.947025e-01 8.230795e-01 9.072373e-02
5.581890e+03 2.575647e-01 7.729316e-01 8.791653e-02
5.581900e+03 3.204951e-01 7.257896e-01 8.519329e-02
5.581910e+03 3.750937e-01 6.872249e-01 8.289903e-02
5.581920e+03 4.128756e-01 6.617446e-01 8.134769e-02
5.581930e+03 4.274131e-01 6.521941e-01 8.075854e-02
5.581940e+03 4.161231e-01 6.595991e-01 8.121570e-02
5.581950e+03 3.810174e-01 6.831660e-01 8.265386e-02
5.581960e+03 3.281163e-01 7.202793e-01 8.486927e-02
5.581970e+03 2.657614e-01 7.666220e-01 8.755695e-02
5.581980e+03 2.024757e-01 8.167064e-01 9.037181e-02
5.581990e+03 1.451206e-01 8.649180e-01 9.300097e-02
5.582000e+03 9.787185e-02 9.067651e-01 9.522421e-02
5.582010e+03 6.213335e-02 9.397576e-01 9.694109e-02
5.582020e+03 3.715550e-02 9.635263e-01 9.815938e-02
5.582030e+03 2.095521e-02 9.792628e-01 9.895771e-02
5.582040e+03 1.117282e-02 9.888894e-01 9.944292e-02
5.582050e+03 5.658264e-03 9.943577e-01 9.971749e-02
5.582060e+03 2.747971e-03 9.972558e-01 9.986270e-02
5.582070e+03 1.304869e-03 9.986960e-01 9.993478e-02
5.582080e+03 6.285624e-04 9.993716e-01 9.996858e-02
5.582090e+03 3.256764e-04 9.996744e-01 9.998372e-02
5.582100e+03 0.000000e+00 1.000000e+00 1.000000e-01
5.582110e+03 0.000000e+00 1.000000e+00 1.000000e-01
5.582120e+03 0.000000e+00 1.000000e+00 1.000000e-01
5.582130e+03 0.000000e+00 1.000000e+00 1.000000e-01
5.582140e+03 0.000000e+00 1.000000e+00 1.000000e-01
5.582150e+03 0.000000e+00 1.000000e+00 1.000000e-01
5.582160e+03 0.000000e+00 1.000000e+00 1.000000e-01
5.582170e+03 0.000000e+00 1.000000e+00 1.000000e-01
5.582180e+03 0.000000e+00 1.000000e+00 1.000000e-01
5.582190e+03 0.000000e+00 1.000000e+00 1.000000e-01
5.582200e+03 0.000000e+00 1.000000e+00 1.000000e-01
5.582210e+03 0.000000e+00 1.000000e+00 1.000000e-01
5.582220e+03 5.646674e-04 9.994355e-01 9.997177e-02
5.582230e+03 7.655286e-04 9.992348e-01 9.996173e-02
5.582240e+03 1.016953e-03 9.989836e-01 9.994917e-02
5.582250e+03 1.323627e-03 9.986772e-01 9.993384e-02
5.582260e+03 1.687811e-03 9.983136e-01 9.991565e-02
5.582270e+03 2.108397e-03 9.978938e-01 9.989464e-02
5.582280e+03 2.580092e-03 9.974232e-01 9.987108e-02
5.582290e+03 3.092856e-03 9.969119e-01 9.984548e-02
5.582300e+03 3.631761e-03 9.963748e-01 9.981858e-02
5.582310e+03 4.177351e-03 9.958314e-01 9.979135e-02
5.582320e+03 4.706587e-03 9.953045e-01 9.976495e-02
5.582330e+03 5.194322e-03 9.948191e-01 9.974062e-02
5.582340e+03 5.615216e-03 9.944005e-01 9.971963e-02
5.582350e+03 5.945894e-03 9.940717e-01 9.970315e-02
5.582360e+03 6.167078e-03 9.938519e-01 9.969212e-02
5.582370e+03 6.265457e-03 9.937541e-01 9.968722e-02
5.582380e+03 6.235003e-03 9.937844e-01 9.968874e-02
5.582390e+03 6.077591e-03 9.939408e-01 9.969658e-02
5.582400e+03 5.802804e-03 9.942140e-01 9.971028e-02
5.582410e+03 5.426965e-03 9.945877e-01 9.972902e-02
5.582420e+03 4.971537e-03 9.950408e-01 9.975173e-02
5.582430e+03 4.461094e-03 9.955488e-01 9.977719e-02
5.582440e+03 3.921140e-03 9.960865e-01 9.980414e-02
5.582450e+03 3.376044e-03 9.966296e-01 9.983134e-02
5.582460e+03 2.847309e-03 9.971567e-01 9.985774e-02
5.582470e+03 2.352337e-03 9.976504e-01 9.988245e-02
5.582480e+03 1.913570e-03 9.980883e-01 9.990437e-02
5.582490e+03 1.519160e-03 9.984820e-01 9.992407e-02
5.582500e+03 1.172331e-03 9.988284e-01 9.994140e-02
5.582510e+03 8.960894e-04 9.991043e-01 9.995521e-02
5.582520e+03 6.691506e-04 9.993311e-01 9.996655e-02
5.582530e+03 4.860192e-04 9.995141e-01 9.997570e-02
5.582540e+03 0.000000e+00 1.000000e+00 1.000000e-01
5.582550e+03 0.000000e+00 1.000000e+00 1.000000e-01
5.582560e+03 0.000000e+00 1.000000e+00 1.000000e-01
5.582570e+03 0.000000e+00 1.000000e+00 1.000000e-01
5.582580e+03 0.000000e+00 1.000000e+00 1.000000e-01
5.582590e+03 0.000000e+00 1.000000e+00 1.000000e-01
5.582600e+03 0.000000e+00 1.000000e+00 1.000000e-01
5.582610e+03 0.000000e+00 1.000000e+00 1.000000e-01
5.582620e+03 0.000000e+00 1.000000e+00 1.000000e-01
5.582630e+03 0.000000e+00 1.000000e+00 1.000000e-01
5.582640e+03 0.000000e+00 1.000000e+00 1.000000e-01
5.582650e+03 0.000000e+00 1.000000e+00 1.000000e-01
5.582660e+03 0.000000e+00 1.000000e+00 1.000000e-01
5.582670e+03 0.000000e+00 1.000000e+00 1.000000e-01
5.582680e+03 0.000000e+00 1.000000e+00 1.000000e-01
5.582690e+03 0.000000e+00 1.000000e+00 1.000000e-01
5.582700e+03 0.000000e+00 1.000000e+00 1.000000e-01
5.582710e+03 0.000000e+00 1.000000e+00 1.000000e-01
5.582720e+03 0.000000e+00 1.000000e+00 1.000000e-01
5.582730e+03 0.000000e+00 1.000000e+00 1.000000e-01
5.582740e+03 0.000000e+00 1.000000e+00 1.000000e-01
5.582750e+03 0.000000e+00 1.000000e+00 1.000000e-01
5.582760e+03 7.484612e-08 9.999999e-01 1.000000e-01
5.582770e+03 7.489339e-08 9.999999e-01 1.000000e-01
5.582780e+03 0.000000e+00 1.000000e+00 1.000000e-01
5.582790e+03 0.000000e+00 1.000000e+00 1.000000e-01
5.582800e+03 0.000000e+00 1.000000e+00 1.000000e-01
5.582810e+03 0.000000e+00 1.000000e+00 1.000000e-01
5.582820e+03 0.000000e+00 1.000000e+00 1.000000e-01
5.582830e+03 0.000000e+00 1.000000e+00 1.000000e-01
5.582840e+03 7.899381e-05 9.999210e-01 9.999605e-02
5.582850e+03 7.855226e-05 9.999215e-01 9.999607e-02
5.582860e+03 0.000000e+00 1.000000e+00 1.000000e-01
5.582870e+03 0.000000e+00 1.000000e+00 1.000000e-01
5.582880e+03 0.000000e+00 1.000000e+00 1.000000e-01
5.582890e+03 0.000000e+00 1.000000e+00 1.000000e-01
5.582900e+03 0.000000e+00 1.000000e+00 1.000000e-01
5.582910e+03 0.000000e+00 1.000000e+00 1.000000e-01
5.582920e+03 0.000000e+00 1.000000e+00 1.000000e-01
5.582930e+03 0.000000e+00 1.000000e+00 1.000000e-01
5.582940e+03 0.000000e+00 1.000000e+00 1.000000e-01
5.582950e+03 0.000000e+00 1.000000e+00 1.000000e-01
5.582960e+03 1.991452e-06 9.999980e-01 9.999990e-02
5.582970e+03 1.984683e-06 9.999980e-01 9.999990e-02
5.582980e+03 0.000000e+00 1.000000e+00 1.000000e-01
5.582990e+03 0.000000e+00 1.000000e+00 1.000000e-01
5.583000e+03 0.000000e+00 1.000000e+00 1.000000e-01
5.583010e+03 0.000000e+00 1.000000e+00 1.000000e-01
5.583020e+03 0.000000e+00 1.000000e+00 1.000000e-01
5.583030e+03 0.000000e+00 1.000000e+00 1.000000e-01
5.583040e+03 0.000000e+00 1.000000e+00 1.000000e-01
5.583050e+03 0.000000e+00 1.000000e+00 1.000000e-01
5.583060e+03 0.000000e+00 1.000000e+00 1.000000e-01
5.583070e+03 0.000000e+00 1.000000e+00 1.000000e-01
5.583080e+03 0.000000e+00 1.000000e+00 1.000000e-01
5.583090e+03 0.000000e+00 1.000000e+00 1.000000e-01
5.583100e+03 0.000000e+00 1.000000e+00 1.000000e-01
5.583110e+03 0.000000e+00 1.000000e+00 1.000000e-01
5.583120e+03 0.000000e+00 1.000000e+00 1.000000e-01
5.583130e+03 0.000000e+00 1.000000e+00 1.000000e-01
5.583140e+03 1.176711e-07 9.999999e-01 9.999999e-02
5.583150e+03 1.180637e-07 9.999999e-01 9.999999e-02
5.583160e+03 0.000000e+00 1.000000e+00 1.000000e-01
5.583170e+03 0.000000e+00 1.000000e+00 1.000000e-01
5.583180e+03 0.000000e+00 1.000000e+00 1.000000e-01
5.583190e+03 0.000000e+00 1.000000e+00 1.000000e-01
5.583200e+03 0.000000e+00 1.000000e+00 1.000000e-01
5.583210e+03 0.000000e+00 1.000000e+00 1.000000e-01
5.583220e+03 0.000000e+00 1.000000e+00 1.000000e-01
5.583230e+03 0.000000e+00 1.000000e+00 1.000000e-01
5.583240e+03 0.000000e+00 1.000000e+00 1.000000e-01
5.583250e+03 0.000000e+00 1.000000e+00 1.000000e-01
5.583260e+03 0.000000e+00 1.000000e+00 1.000000e-01
5.583270e+03 0.000000e+00 1.000000e+00 1.000000e-01
5.583280e+03 0.000000e+00 1.000000e+00 1.000000e-01
5.583290e+03 0.000000e+00 1.000000e+00 1.000000e-01
5.583300e+03 0.000000e+00 1.000000e+00 1.000000e-01
5.583310e+03 0.000000e+00 1.000000e+00 1.000000e-01
5.583320e+03 0.000000e+00 1.000000e+00 1.000000e-01
5.583330e+03 0.000000e+00 1.000000e+00 1.000000e-01
5.583340e+03 0.000000e+00 1.000000e+00 1.000000e-01
5.583350e+03 0.000000e+00 1.000000e+00 1.000000e-01
5.583360e+03 0.000000e+00 1.000000e+00 1.000000e-01
5.583370e+03 0.000000e+00 1.000000e+00 1.000000e-01
5.583380e+03 0.000000e+00 1.000000e+00 1.000000e-01
5.583390e+03 0.000000e+00 1.000000e+00 1.000000e-01
5.583400e+03 0.000000e+00 1.000000e+00 1.000000e-01
5.583410e+03 0.000000e+00 1.000000e+00 1.000000e-01
5.583420e+03 4.548582e-04 9.995452e-01 9.997726e-02
5.583430e+03 4.566459e-04 9.995435e-01 9.997717e-02
5.583440e+03 4.584441e-04 9.995417e-01 9.997708e-02
5.583450e+03 4.602530e-04 9.995399e-01 9.997699e-02
5.583460e+03 4.620725e-04 9.995380e-01 9.997690e-02
5.583470e+03 4.639029e-04 9.995362e-01 9.997681e-02
5.583480e+03 4.657442e-04 9.995344e-01 9.997672e-02
5.583490e+03 4.675965e-04 9.995325e-01 9.997662e-02
5.583500e+03 4.694598e-04 9.995307e-01 9.997653e-02
5.583510e+03 4.713343e-04 9.995288e-01 9.997644e-02
5.583520e+03 4.732200e-04 9.995269e-01 9.997634e-02
5.583530e+03 4.751171e-04 9.995250e-01 9.997625e-02
5.583540e+03 4.770255e-04 9.995231e-01 9.997615e-02
5.583550e+03 1.035241e-03 9.989653e-01 9.994825e-02
5.583560e+03 1.039357e-03 9.989612e-01 9.994805e-02
5.583570e+03 1.043497e-03 9.989570e-01 9.994784e-02
5.583580e+03 1.047663e-03 9.989529e-01 9.994763e-02
5.583590e+03 1.051853e-03 9.989487e-01 9.994742e-02
5.583600e+03 1.056069e-03 9.989445e-01 9.994721e-02
5.583610e+03 1.060310e-03 9.989403e-01 9.994700e-02
5.583620e+03 1.064576e-03 9.989360e-01 9.994679e-02
5.583630e+03 1.068869e-03 9.989317e-01 9.994657e-02
5.583640e+03 1.073187e-03 9.989274e-01 9.994636e-02
5.583650e+03 1.077532e-03 9.989230e-01 9.994614e-02
5.583660e+03 1.081903e-03 9.989187e-01 9.994592e-02
5.583670e+03 1.086301e-03 9.989143e-01 9.994570e-02
5.583680e+03 1.090725e-03 9.989099e-01 9.994548e-02
5.583690e+03 1.095177e-03 9.989054e-01 9.994526e-02
5.583700e+03 1.099656e-03 9.989009e-01 9.994503e-02
5.583710e+03 1.104162e-03 9.988964e-01 9.994481e-02
5.583720e+03 1.108696e-03 9.988919e-01 9.994458e-02
5.583730e+03 1.113258e-03 9.988874e-01 9.994435e-02
5.583740e+03 1.117849e-03 9.988828e-01 9.994412e-02
5.583750e+03 1.122468e-03 9.988782e-01 9.994389e-02
5.583760e+03 1.127115e-03 9.988735e-01 9.994366e-02
5.583770e+03 1.131791e-03 9.988688e-01 9.994343e-02
5.583780e+03 1.136497e-03 9.988641e-01 9.994319e-02
5.583790e+03 1.141232e-03 9.988594e-01 9.994295e-02
5.583800e+03 1.145997e-03 9.988547e-01 9.994272e-02
5.583810e+03 1.150791e-03 9.988499e-01 9.994248e-02
5.583820e+03 1.155616e-03 9.988451e-01 9.994224e-02
5.583830e+03 1.160471e-03 9.988402e-01 9.994199e-02
5.583840e+03 1.165356e-03 9.988353e-01 9.994175e-02
5.583850e+03 1.170273e-03 9.988304e-01 9.994150e-02
5.583860e+03 1.175221e-03 9.988255e-01 9.994126e-02
5.583870e+03 1.180200e-03 9.988205e-01 9.994101e-02
5.583880e+03 1.185211e-03 9.988155e-01 9.994076e-02
5.583890e+03 1.190254e-03 9.988105e-01 9.994051e-02
5.583900e+03 1.195329e-03 9.988054e-01 9.994025e-02
5.583910e+03 1.200436e-03 9.988003e-01 9.994000e-02
5.583920e+03 1.205577e-03 9.987951e-01 9.993974e-02
5.583930e+03 1.210750e-03 9.987900e-01 9.993948e-02
5.583940e+03 1.215957e-03 9.987848e-01 9.993922e-02
5.583950e+03 1.221198e-03 9.987795e-01 9.993896e-02
5.583960e+03 1.226472e-03 9.987743e-01 9.993870e-02
5.583970e+03 1.231781e-03 9.987690e-01 9.993843e-02
5.583980e+03 1.237124e-03 9.987636e-01 9.993816e-02
5.583990e+03 1.242502e-03 9.987583e-01 9.993789e-02
5.584000e+03 1.247915e-03 9.987529e-01 9.993762e-02
5.584010e+03 1.253364e-03 9.987474e-01 9.993735e-02
5.584020e+03 1.258848e-03 9.987419e-01 9.993708e-02
5.584030e+03 1.264369e-03 9.987364e-01 9.993680e-02
5.584040e+03 1.269925e-03 9.987309e-01 9.993652e-02
5.584050e+03 1.275519e-03 9.987253e-01 9.993624e-02
5.584060e+03 1.281149e-03 9.987197e-01 9.993596e-02
5.584070e+03 1.286817e-03 9.987140e-01 9.993568e-02
5.584080e+03 1.292523e-03 9.987083e-01 9.993539e-02
5.584090e+03 1.298267e-03 9.987026e-01 9.993511e-02
5.584100e+03 1.304049e-03 9.986968e-01 9.993482e-02
5.584110e+03 1.309869e-03 9.986910e-01 9.993453e-02
5.584120e+03 1.315729e-03 9.986851e-01 9.993424e-02
5.584130e+03 1.321628e-03 9.986792e-01 9.993394e-02
5.584140e+03 1.327567e-03 9.986733e-01 9.993364e-02
5.584150e+03 1.333546e-03 9.986673e-01 9.993334e-02
5.584160e+03 1.339566e-03 9.986613e-01 9.993304e-02
5.584170e+03 1.345626e-03 9.986553e-01 9.993274e-02
5.584180e+03 1.351727e-03 9.986492e-01 9.993244e-02
5.584190e+03 1.357870e-03 9.986431e-01 9.993213e-02
5.584200e+03 1.364055e-03 9.986369e-01 9.993182e-02
5.584210e+03 1.370283e-03 9.986307e-01 9.993151e-02
5.584220e+03 1.376553e-03 9.986244e-01 9.993120e-02
5.584230e+03 1.382866e-03 9.986181e-01 9.993088e-02
5.584240e+03 1.389223e-03 9.986117e-01 9.993056e-02
5.584250e+03 1.395624e-03 9.986053e-01 9.993024e-02
5.584260e+03 1.402069e-03 9.985989e-01 9.992992e-02
5.584270e+03 1.408559e-03 9.985924e-01 9.992960e-02
5.584280e+03 1.415094e-03 9.985859e-01 9.992927e-02
5.584290e+03 1.421674e-03 9.985793e-01 9.992894e-02
5.584300e+03 1.428301e-03 9.985727e-01 9.992861e-02
5.584310e+03 1.434973e-03 9.985661e-01 9.992828e-02
5.584320e+03 1.441693e-03 9.985593e-01 9.992794e-02
5.584330e+03 1.448460e-03 9.985526e-01 9.992760e-02
5.584340e+03 1.455275e-03 9.985458e-01 9.992726e-02
5.584350e+03 1.462138e-03 9.985389e-01 9.992692e-02
5.584360e+03 1.469050e-03 9.985320e-01 9.992657e-02
5.584370e+03 1.476011e-03 9.985251e-01 9.992623e-02
5.584380e+03 1.483021e-03 9.985181e-01 9.992588e-02
5.584390e+03 1.490082e-03 9.985110e-01 9.992552e-02
5.584400e+03 1.497193e-03 9.985039e-01 9.992517e-02
5.584410e+03 1.504355e-03 9.984968e-01 9.992481e-02
5.584420e+03 1.511568e-03 9.984896e-01 9.992445e-02
5.584430e+03 1.518834e-03 9.984823e-01 9.992409e-02
5.584440e+03 1.526152e-03 9.984750e-01 9.992372e-02
5.584450e+03 1.533523e-03 9.984677e-01 9.992335e-02
5.584460e+03 1.540947e-03 9.984602e-01 9.992298e-02
5.584470e+03 1.548426e-03 9.984528e-01 9.992261e-02
5.584480e+03 1.555959e-03 9.984453e-01 9.992223e-02
5.584490e+03 1.563547e-03 9.984377e-01 9.992185e-02
5.584500e+03 1.571191e-03 9.984300e-01 9.992147e-02
5.584510e+03 1.578891e-03 9.984224e-01 9.992109e-02
5.584520e+03 1.586648e-03 9.984146e-01 9.992070e-02
5.584530e+03 1.594462e-03 9.984068e-01 9.992031e-02
5.584540e+03 1.602334e-03 9.983989e-01 9.991992e-02
5.584550e+03 1.610264e-03 9.983910e-01 9.991952e-02
5.584560e+03 1.618254e-03 9.983831e-01 9.991912e-02
5.584570e+03 1.626303e-03 9.983750e-01 9.991872e-02
5.584580e+03 1.634412e-03 9.983669e-01 9.991831e-02
5.584590e+03 1.642582e-03 9.983588e-01 9.991790e-02
5.584600e+03 1.650813e-03 9.983505e-01 9.991749e-02
5.584610e+03 1.659107e-03 9.983423e-01 9.991708e-02
5.584620e+03 1.667463e-03 9.983339e-01 9.991666e-02
5.584630e+03 1.675882e-03 9.983255e-01 9.991624e-02
5.584640e+03 1.684365e-03 9.983171e-01 9.991582e-02
5.584650e+03 1.692913e-03 9.983085e-01 9.991539e-02
5.584660e+03 1.701526e-03 9.982999e-01 9.991496e-02
5.584670e+03 1.710205e-03 9.982913e-01 9.991453e-02
5.584680e+03 1.718951e-03 9.982825e-01 9.991409e-02
5.584690e+03 1.727763e-03 9.982737e-01 9.991365e-02
5.584700e+03 1.736644e-03 9.982649e-01 9.991321e-02
5.584710e+03 1.745593e-03 9.982559e-01 9.991276e-02
5.584720e+03 1.754612e-03 9.982469e-01 9.991231e-02
5.584730e+03 1.763701e-03 9.982379e-01 9.991185e-02
5.584740e+03 1.772860e-03 9.982287e-01 9.991140e-02
5.584750e+03 1.782092e-03 9.982195e-01 9.991094e-02
5.584760e+03 1.791395e-03 9.982102e-01 9.991047e-02
5.584770e+03 1.800771e-03 9.982008e-01 9.991000e-02
5.584780e+03 1.810222e-03 9.981914e-01 9.990953e-02
5.584790e+03 1.819746e-03 9.981819e-01 9.990905e-02
5.584800e+03 1.829346e-03 9.981723e-01 9.990857e-02
5.584810e+03 1.839023e-03 9.981627e-01 9.990809e-02
5.584820e+03 1.848776e-03 9.981529e-01 9.990760e-02
5.584830e+03 1.858607e-03 9.981431e-01 9.990711e-02
5.584840e+03 1.868517e-03 9.981332e-01 9.990662e-02
5.584850e+03 1.878506e-03 9.981233e-01 9.990612e-02
5.584860e+03 1.888576e-03 9.981132e-01 9.990562e-02
5.584870e+03 1.898726e-03 9.981031e-01 9.990511e-02
5.584880e+03 1.908959e-03 9.980929e-01 9.990460e-02
5.584890e+03 1.919275e-03 9.980826e-01 9.990408e-02
5.584900e+03 1.929674e-03 9.980722e-01 9.990356e-02
5.584910e+03 1.940158e-03 9.980617e-01 9.990304e-02
5.584920e+03 1.950728e-03 9.980512e-01 9.990251e-02
5.584930e+03 1.961385e-03 9.980405e-01 9.990198e-02
5.584940e+03 1.972129e-03 9.980298e-01 9.990144e-02
5.584950e+03 1.982962e-03 9.980190e-01 9.990090e-02
5.584960e+03 1.993884e-03 9.980081e-01 9.990036e-02
5.584970e+03 2.004896e-03 9.979971e-01 9.989981e-02
5.584980e+03 2.016000e-03 9.979860e-01 9.989925e-02
5.584990e+03 2.027197e-03 9.979749e-01 9.989869e-02
5.585000e+03 2.038487e-03 9.979636e-01 9.989813e-02
5.585010e+03 2.049872e-03 9.979522e-01 9.989756e-02
5.585020e+03 2.061352e-03 9.979408e-01 9.989699e-02
5.585030e+03 2.072929e-03 9.979292e-01 9.989641e-02
5.585040e+03 2.084604e-03 9.979176e-01 9.989582e-02
5.585050e+03 2.096378e-03 9.979058e-01 9.989524e-02
5.585060e+03 2.108252e-03 9.978940e-01 9.989464e-02
5.585070e+03 2.120227e-03 9.978820e-01 9.989404e-02
5.585080e+03 2.132304e-03 9.978700e-01 9.989344e-02
5.585090e+03 2.144485e-03 9.978578e-01 9.989283e-02
5.585100e+03 2.156771e-03 9.978456e-01 9.989222e-02
5.585110e+03 2.169162e-03 9.978332e-01 9.989160e-02
5.585120e+03 2.181661e-03 9.978207e-01 9.989098e-02
5.585130e+03 2.194267e-03 9.978081e-01 9.989035e-02
5.585140e+03 2.206984e-03 9.977954e-01 9.988971e-02
5.585150e+03 2.219811e-03 9.977827e-01 9.988907e-02
5.585160e+03 2.232751e-03 9.977697e-01 9.988842e-02
5.585170e+03 2.245803e-03 9.977567e-01 9.988777e-02
5.585180e+03 2.258971e-03 9.977436e-01 9.988712e-02
5.585190e+03 2.272255e-03 9.977303e-01 9.988645e-02
5.585200e+03 2.285657e-03 9.977170e-01 9.988578e-02
5.585210e+03 2.299177e-03 9.977035e-01 9.988511e-02
5.585220e+03 2.312818e-03 9.976899e-01 9.988443e-02
5.585230e+03 2.326580e-03 9.976761e-01 9.988374e-02
5.585240e+03 2.340466e-03 9.976623e-01 9.988305e-02
5.585250e+03 2.354476e-03 9.976483e-01 9.988235e-02
5.585260e+03 2.368613e-03 9.976342e-01 9.988164e-02
5.585270e+03 2.382877e-03 9.976200e-01 9.988093e-02
5.585280e+03 2.397271e-03 9.976056e-01 9.988021e-02
5.585290e+03 2.411795e-03 9.975911e-01 9.987948e-02
5.585300e+03 2.426452e-03 9.975765e-01 9.987875e-02
5.585310e+03 2.441242e-03 9.975617e-01 9.987801e-02
5.585320e+03 2.456169e-03 9.975468e-01 9.987727e-02
5.585330e+03 2.471233e-03 9.975318e-01 9.987651e-02
5.585340e+03 2.486436e-03 9.975167e-01 9.987576e-02
5.585350e+03 2.501779e-03 9.975013e-01 9.987499e-02
5.585360e+03 2.517265e-03 9.974859e-01 9.987422e-02
5.585370e+03 2.532896e-03 9.974703e-01 9.987344e-02
5.585380e+03 2.548672e-03 9.974546e-01 9.987265e-02
5.585390e+03 2.564596e-03 9.974387e-01 9.987185e-02
5.585400e+03 2.580670e-03 9.974227e-01 9.987105e-02
5.585410e+03 2.596896e-03 9.974065e-01 9.987024e-02
5.585420e+03 2.613275e-03 9.973901e-01 9.986942e-02
5.585430e+03 2.629810e-03 9.973736e-01 9.986860e-02
5.585440e+03 2.646502e-03 9.973570e-01 9.986776e-02
5.585450e+03 2.663353e-03 9.973402e-01 9.986692e-02
5.585460e+03 2.680366e-03 9.973232e-01 9.986607e-02
5.585470e+03 2.697543e-03 9.973061e-01 9.986521e-02
5.585480e+03 2.714885e-03 9.972888e-01 9.986435e-02
5.585490e+03 2.732396e-03 9.972713e-01 9.986347e-02
5.585500e+03 2.750076e-03 9.972537e-01 9.986259e-02
5.585510e+03 2.767928e-03 9.972359e-01 9.986170e-02
5.585520e+03 2.785955e-03 9.972179e-01 9.986080e-02
5.585530e+03 2.804158e-03 9.971998e-01 9.985989e-02
5.585540e+03 2.822541e-03 9.971814e-01 9.985897e-02
5.585550e+03 2.841105e-03 9.971629e-01 9.985805e-02
5.585560e+03 2.859852e-03 9.971442e-01 9.985711e-02
5.585570e+03 2.878786e-03 9.971254e-01 9.985616e-02
5.585580e+03 2.897909e-03 9.971063e-01 9.985521e-02
5.585590e+03 3.363128e-03 9.966425e-01 9.983198e-02
5.585600e+03 4.047170e-03 9.959610e-01 9.979785e-02
5.585610e+03 4.071241e-03 9.959370e-01 9.979664e-02
5.585620e+03 4.756781e-03 9.952545e-01 9.976244e-02
5.585630e+03 5.233945e-03 9.947797e-01 9.973864e-02
5.585640e+03 5.263079e-03 9.947507e-01 9.973719e-02
5.585650e+03 5.292473e-03 9.947215e-01 9.973573e-02
5.585660e+03 5.322130e-03 9.946920e-01 9.973425e-02
5.585670e+03 5.352052e-03 9.946622e-01 9.973276e-02
5.585680e+03 6.037100e-03 9.939811e-01 9.969860e-02
5.585690e+03 6.070139e-03 9.939482e-01 9.969695e-02
5.585700e+03 6.103470e-03 9.939151e-01 9.969529e-02
5.585710e+03 6.137097e-03 9.938817e-01 9.969362e-02
5.585720e+03 6.171022e-03 9.938480e-01 9.969192e-02
5.585730e+03 6.205249e-03 9.938140e-01 9.969022e-02
5.585740e+03 6.239783e-03 9.937796e-01 9.968850e-02
5.585750e+03 6.274628e-03 9.937450e-01 9.968676e-02
5.585760e+03 6.309786e-03 9.937101e-01 9.968501e-02
5.585770e+03 6.345263e-03 9.936748e-01 9.968324e-02
5.585780e+03 6.381062e-03 9.936393e-01 9.968146e-02
5.585790e+03 6.417188e-03 9.936034e-01 9.967965e-02
5.585800e+03 6.708235e-03 9.933142e-01 9.966515e-02
5.585810e+03 6.746027e-03 9.932767e-01 9.966327e-02
5.585820e+03 7.088768e-03 9.929363e-01 9.964619e-02
5.585830e+03 7.649180e-03 9.923800e-01 9.961827e-02
5.585840e+03 7.692497e-03 9.923370e-01 9.961611e-02
5.585850e+03 7.736215e-03 9.922936e-01 9.961394e-02
5.585860e+03 8.078890e-03 9.919537e-01 9.959687e-02
5.585870e+03 8.124597e-03 9.919083e-01 9.959459e-02
5.585880e+03 8.560490e-03 9.914760e-01 9.957289e-02
5.585890e+03 8.608581e-03 9.914284e-01 9.957050e-02
5.585900e+03 8.657114e-03 9.913803e-01 9.956808e-02
5.585910e+03 8.706098e-03 9.913317e-01 9.956564e-02
5.585920e+03 8.755536e-03 9.912827e-01 9.956318e-02
5.585930e+03 8.805436e-03 9.912332e-01 9.956070e-02
5.585940e+03 9.326236e-03 9.907171e-01 9.953477e-02
5.585950e+03 9.378927e-03 9.906649e-01 9.953215e-02
5.585960e+03 9.432110e-03 9.906122e-01 9.952950e-02
5.585970e+03 9.485790e-03 9.905591e-01 9.952683e-02
5.585980e+03 9.539975e-03 9.905054e-01 9.952414e-02
5.585990e+03 9.594671e-03 9.904512e-01 9.952142e-02
5.586000e+03 9.649886e-03 9.903965e-01 9.951867e-02
5.586010e+03 9.705627e-03 9.903413e-01 9.951589e-02
5.586020e+03 9.761900e-03 9.902856e-01 9.951309e-02
5.586030e+03 9.818713e-03 9.902293e-01 9.951027e-02
5.586040e+03 9.876074e-03 9.901725e-01 9.950741e-02
5.586050e+03 9.933991e-03 9.901152e-01 9.950453e-02
5.586060e+03 9.992471e-03 9.900573e-01 9.950162e-02
5.586070e+03 1.005152e-02 9.899988e-01 9.949868e-02
5.586080e+03 1.011115e-02 9.899398e-01 9.949572e-02
5.586090e+03 1.017137e-02 9.898802e-01 9.949272e-02
5.586100e+03 1.023218e-02 9.898200e-01 9.948970e-02
5.586110e+03 1.029360e-02 9.897592e-01 9.948664e-02
5.586120e+03 1.035563e-02 9.896978e-01 9.948356e-02
5.586130e+03 1.041828e-02 9.896358e-01 9.948044e-02
5.586140e+03 1.048156e-02 9.895732e-01 9.947729e-02
5.586150e+03 1.054549e-02 9.895099e-01 9.947411e-02
5.586160e+03 1.061006e-02 9.894460e-01 9.947090e-02
5.586170e+03 1.102000e-02 9.890405e-01 9.945051e-02
5.586180e+03 1.108863e-02 9.889726e-01 9.944710e-02
5.586190e+03 1.115797e-02 9.889040e-01 9.944365e-02
5.586200e+03 1.152978e-02 9.885364e-01 9.942517e-02
5.586210e+03 1.198573e-02 9.880858e-01 9.940251e-02
5.586220e+03 1.233089e-02 9.877448e-01 9.938535e-02
5.586230e+03 1.240803e-02 9.876686e-01 9.938152e-02
5.586240e+03 1.248599e-02 9.875916e-01 9.937765e-02
5.586250e+03 1.256477e-02 9.875138e-01 9.937373e-02
5.586260e+03 1.264438e-02 9.874352e-01 9.936978e-02
5.586270e+03 1.330922e-02 9.867790e-01 9.933675e-02
5.586280e+03 1.339515e-02 9.866942e-01 9.933248e-02
5.586290e+03 1.348201e-02 9.866085e-01 9.932817e-02
5.586300e+03 1.356980e-02 9.865219e-01 9.932381e-02
5.586310e+03 1.365856e-02 9.864343e-01 9.931940e-02
5.586320e+03 1.374828e-02 9.863458e-01 9.931494e-02
5.586330e+03 1.383900e-02 9.862563e-01 9.931044e-02
5.586340e+03 1.393071e-02 9.861659e-01 9.930588e-02
5.586350e+03 1.402345e-02 9.860744e-01 9.930128e-02
5.586360e+03 1.411722e-02 9.859820e-01 9.929662e-02
5.586370e+03 1.421205e-02 9.858885e-01 9.929192e-02
5.586380e+03 1.430794e-02 9.857939e-01 9.928716e-02
5.586390e+03 1.440492e-02 9.856983e-01 9.928234e-02
5.586400e+03 1.450300e-02 9.856017e-01 9.927747e-02
5.586410e+03 1.513069e-02 9.849832e-01 9.924632e-02
5.586420e+03 1.523521e-02 9.848803e-01 9.924113e-02
5.586430e+03 1.534094e-02 9.847761e-01 9.923589e-02
5.586440e+03 1.544790e-02 9.846708e-01 9.923058e-02
5.586450e+03 1.555612e-02 9.845643e-01 9.922521e-02
5.586460e+03 1.566561e-02 9.844565e-01 9.921978e-02
5.586470e+03 1.577639e-02 9.843474e-01 9.921428e-02
5.586480e+03 1.588848e-02 9.842371e-01 9.920872e-02
5.586490e+03 1.600192e-02 9.841254e-01 9.920310e-02
5.586500e+03 1.611672e-02 9.840125e-01 9.919740e-02
5.586510e+03 1.623291e-02 9.838981e-01 9.919164e-02
5.586520e+03 1.635050e-02 9.837824e-01 9.918581e-02
5.586530e+03 1.697117e-02 9.831720e-01 9.915503e-02
5.586540e+03 1.709562e-02 9.830497e-01 9.914886e-02
5.586550e+03 1.762282e-02 9.825316e-01 9.912273e-02
5.586560e+03 1.775353e-02 9.824031e-01 9.911625e-02
5.586570e+03 1.788588e-02 9.822731e-01 9.910969e-02
5.586580e+03 1.801987e-02 9.821415e-01 9.910305e-02
5.586590e+03 1.815556e-02 9.820083e-01 9.909633e-02
5.586600e+03 1.829296e-02 9.818733e-01 9.908952e-02
5.586610e+03 1.843211e-02 9.817367e-01 9.908263e-02
5.586620e+03 1.857303e-02 9.815984e-01 9.907565e-02
5.586630e+03 1.871578e-02 9.814583e-01 9.906858e-02
5.586640e+03 1.927126e-02 9.809132e-01 9.904106e-02
5.586650e+03 1.942428e-02 9.807632e-01 9.903349e-02
5.586660e+03 1.957937e-02 9.806111e-01 9.902581e-02
5.586670e+03 1.973658e-02 9.804569e-01 9.901802e-02
5.586680e+03 1.989594e-02 9.803007e-01 9.901013e-02
5.586690e+03 2.060294e-02 9.796078e-01 9.897514e-02
5.586700e+03 2.077106e-02 9.794432e-01 9.896682e-02
5.586710e+03 2.094152e-02 9.792762e-01 9.895839e-02
5.586720e+03 2.111437e-02 9.791070e-01 9.894983e-02
5.586730e+03 2.128967e-02 9.789354e-01 9.894116e-02
5.586740e+03 2.146745e-02 9.787613e-01 9.893237e-02
5.586750e+03 2.164779e-02 9.785848e-01 9.892345e-02
5.586760e+03 2.183072e-02 9.784058e-01 9.891440e-02
5.586770e+03 2.201630e-02 9.782243e-01 9.890522e-02
5.586780e+03 2.220460e-02 9.780401e-01 9.889591e-02
5.586790e+03 2.239566e-02 9.778533e-01 9.888646e-02
5.586800e+03 2.258956e-02 9.776637e-01 9.887688e-02
5.586810e+03 2.278635e-02 9.774713e-01 9.886715e-02
5.586820e+03 2.298610e-02 9.772761e-01 9.885727e-02
5.586830e+03 2.371956e-02 9.765595e-01 9.882103e-02
5.586840e+03 2.392961e-02 9.763544e-01 9.881065e-02
5.586850e+03 2.440543e-02 9.758900e-01 9.878714e-02
5.586860e+03 2.468815e-02 9.756141e-01 9.877318e-02
5.586870e+03 2.498497e-02 9.753246e-01 9.875852e-02
5.586880e+03 2.529600e-02 9.750213e-01 9.874317e-02
5.586890e+03 2.562083e-02 9.747046e-01 9.872713e-02
5.586900e+03 2.595848e-02 9.743755e-01 9.871046e-02
5.586910e+03 2.630729e-02 9.740357e-01 9.869325e-02
5.586920e+03 2.666499e-02 9.736874e-01 9.867560e-02
5.586930e+03 2.782534e-02 9.725582e-01 9.861837e-02
5.586940e+03 2.900373e-02 9.714128e-01 9.856028e-02
5.586950e+03 2.938371e-02 9.710438e-01 9.854155e-02
5.586960e+03 3.000847e-02 9.704373e-01 9.851078e-02
5.586970e+03 3.122241e-02 9.692600e-01 9.845100e-02
5.586980e+03 3.158521e-02 9.689084e-01 9.843314e-02
5.586990e+03 3.193282e-02 9.685717e-01 9.841604e-02
5.587000e+03 3.226300e-02 9.682519e-01 9.839979e-02
5.587010e+03 3.257442e-02 9.679504e-01 9.838447e-02
5.587020e+03 3.363169e-02 9.669276e-01 9.833248e-02
5.587030e+03 3.426877e-02 9.663118e-01 9.830116e-02
5.587040e+03 3.518223e-02 9.654295e-01 9.825627e-02
5.587050e+03 3.544016e-02 9.651805e-01 9.824360e-02
5.587060e+03 3.568785e-02 9.649415e-01 9.823143e-02
5.587070e+03 3.592919e-02 9.647086e-01 9.821958e-02
5.587080e+03 3.616836e-02 9.644779e-01 9.820784e-02
5.587090e+03 3.640955e-02 9.642453e-01 9.819599e-02
5.587100e+03 3.665672e-02 9.640070e-01 9.818386e-02
5.587110e+03 3.734941e-02 9.633395e-01 9.814986e-02
5.587120e+03 3.802857e-02 9.626854e-01 9.811653e-02
5.587130e+03 3.860039e-02 9.621351e-01 9.808849e-02
5.587140e+03 3.894326e-02 9.618053e-01 9.807167e-02
5.587150e+03 3.930828e-02 9.614543e-01 9.805377e-02
5.587160e+03 3.969676e-02 9.610808e-01 9.803473e-02
5.587170e+03 3.985877e-02 9.609251e-01 9.802679e-02
5.587180e+03 4.035092e-02 9.604523e-01 9.800267e-02
5.587190e+03 4.086011e-02 9.599634e-01 9.797772e-02
5.587200e+03 4.176147e-02 9.590985e-01 9.793358e-02
5.587210e+03 4.232350e-02 9.585596e-01 9.790606e-02
5.587220e+03 4.286347e-02 9.580422e-01 9.787963e-02
5.587230e+03 4.352273e-02 9.574108e-01 9.784737e-02
5.587240e+03 4.474913e-02 9.562373e-01 9.778739e-02
5.587250e+03 4.758291e-02 9.535314e-01 9.764893e-02
5.587260e+03 4.945218e-02 9.517507e-01 9.755771e-02
5.587270e+03 5.276729e-02 9.486007e-01 9.739614e-02
5.587280e+03 5.958986e-02 9.421509e-01 9.706446e-02
5.587290e+03 7.192822e-02 9.305977e-01 9.646749e-02
5.587300e+03 9.499306e-02 9.093792e-01 9.536138e-02
5.587310e+03 1.382567e-01 8.708751e-01 9.332069e-02
5.587320e+03 2.139288e-01 8.074059e-01 8.985577e-02
5.587330e+03 3.396646e-01 7.120091e-01 8.438063e-02
5.587340e+03 5.355822e-01 5.853284e-01 7.650676e-02
5.587350e+03 8.235309e-01 4.388793e-01 6.624796e-02
5.587360e+03 1.220447e+00 2.950983e-01 5.432295e-02
5.587370e+03 1.731641e+00 1.769937e-01 4.207062e-02
5.587380e+03 2.344025e+00 9.594075e-02 3.097430e-02
5.587390e+03 3.019510e+00 4.882513e-02 2.209641e-02
5.587400e+03 3.697976e+00 2.477361e-02 1.573963e-02
5.587410e+03 4.302110e+00 1.353996e-02 1.163613e-02
5.587420e+03 4.753912e+00 8.617914e-03 9.283272e-03
5.587430e+03 4.987745e+00 6.821031e-03 8.258954e-03
5.587440e+03 4.968319e+00 6.954833e-03 8.339564e-03
5.587450e+03 4.698773e+00 9.106443e-03 9.542768e-03
5.587460e+03 4.219883e+00 1.470037e-02 1.212451e-02
5.587470e+03 3.600420e+00 2.731224e-02 1.652642e-02
5.587480e+03 2.920177e+00 5.392412e-02 2.322157e-02
5.587490e+03 2.253171e+00 1.050655e-01 3.241381e-02
5.587500e+03 1.657206e+00 1.906709e-01 4.366588e-02
5.587510e+03 1.165615e+00 3.117309e-01 5.583287e-02
5.587520e+03 7.885485e-01 4.545040e-01 6.741691e-02
5.587530e+03 5.183941e-01 5.954761e-01 7.716709e-02
5.587540e+03 3.378482e-01 7.133036e-01 8.445730e-02
5.587550e+03 2.236313e-01 7.996099e-01 8.942091e-02
5.587560e+03 1.561484e-01 8.554322e-01 9.248958e-02
5.587570e+03 1.188616e-01 8.879307e-01 9.423007e-02
5.587580e+03 1.008984e-01 9.040249e-01 9.508022e-02
5.587590e+03 9.237205e-02 9.117659e-01 9.548643e-02
5.587600e+03 8.975345e-02 9.141565e-01 9.561153e-02
5.587610e+03 9.087578e-02 9.131311e-01 9.555790e-02
5.587620e+03 9.544977e-02 9.089640e-01 9.533960e-02
5.587630e+03 1.056150e-01 8.997710e-01 9.485626e-02
5.587640e+03 1.245425e-01 8.829007e-01 9.396280e-02
5.587650e+03 1.595996e-01 8.524851e-01 9.233012e-02
5.587660e+03 2.236103e-01 7.996266e-01 8.942185e-02
5.587670e+03 3.347374e-01 7.155260e-01 8.458877e-02
5.587680e+03 5.154119e-01 5.972545e-01 7.728224e-02
5.587690e+03 7.940384e-01 4.520157e-01 6.723211e-02
5.587700e+03 1.201027e+00 3.008849e-01 5.485298e-02
5.587710e+03 1.754861e+00 1.729313e-01 4.158501e-02
5.587720e+03 2.458242e+00 8.558532e-02 2.925497e-02
5.587730e+03 3.283989e+00 3.747846e-02 1.935935e-02
5.587740e+03 4.172597e+00 1.541217e-02 1.241458e-02
5.587750e+03 5.036050e+00 6.499370e-03 8.061867e-03
5.587760e+03 5.775783e+00 3.101767e-03 5.569351e-03
5.587770e+03 6.315639e+00 1.807810e-03 4.251834e-03
5.587780e+03 6.639990e+00 1.307041e-03 3.615302e-03
5.587790e+03 6.838829e+00 1.071357e-03 3.273159e-03
5.587800e+03 7.141668e+00 7.914312e-04 2.813239e-03
5.587810e+03 7.942587e+00 3.552863e-04 1.884904e-03
5.587820e+03 9.788321e+00 5.610299e-05 7.490193e-04
5.587830e+03 1.332863e+01 1.627231e-06 1.275630e-04
5.587840e+03 1.919919e+01 4.590879e-09 6.775603e-06
5.587850e+03 2.783843e+01 8.126842e-13 9.014900e-08
5.587860e+03 3.926591e+01 8.851779e-18 2.975194e-10
5.587870e+03 5.288591e+01 1.076324e-23 3.280737e-13
5.587880e+03 6.741339e+01 5.281225e-30 2.298091e-16
5.587890e+03 8.100589e+01 6.600716e-36 2.569186e-19
5.587900e+03 9.163088e+01 1.604041e-40 1.266507e-21
5.587910e+03 9.757392e+01 4.209053e-43 6.487721e-23
5.587920e+03 9.793671e+01 2.928385e-43 5.411456e-23
5.587930e+03 9.291864e+01 4.425345e-41 6.652327e-22
5.587940e+03 8.376542e+01 4.179638e-37 6.465012e-20
5.587950e+03 7.239820e+01 3.612939e-32 1.900773e-17
5.587960e+03 6.085702e+01 3.716474e-27 6.096289e-15
5.587970e+03 5.076908e+01 8.938554e-23 9.454392e-13
5.587980e+03 4.301816e+01 2.077076e-19 4.557495e-11
5.587990e+03 3.769590e+01 4.254781e-17 6.522868e-10
5.588000e+03 3.430782e+01 1.259810e-15 3.549380e-09
5.588010e+03 3.212890e+01 1.113260e-14 1.055111e-08
5.588020e+03 3.056491e+01 5.319000e-14 2.306296e-08
5.588030e+03 2.941570e+01 1.678516e-13 4.096969e-08
5.588040e+03 2.895765e+01 2.653694e-13 5.151402e-08
5.588050e+03 2.983173e+01 1.107242e-13 3.327524e-08
5.588060e+03 3.276034e+01 5.920594e-15 7.694540e-09
5.588070e+03 3.818450e+01 2.610244e-17 5.109055e-10
5.588080e+03 4.597542e+01 1.079266e-20 1.038877e-11
5.588090e+03 5.536733e+01 9.000645e-25 9.487173e-14
5.588100e+03 6.520852e+01 4.789622e-29 6.920709e-16
5.588110e+03 7.446955e+01 4.552873e-33 6.747498e-18
5.588120e+03 8.279304e+01 1.105193e-36 1.051282e-19
5.588130e+03 9.075689e+01 3.844012e-40 1.960615e-21
5.588140e+03 9.964795e+01 5.289893e-44 2.299977e-23
5.588150e+03 1.107501e+02 7.977346e-49 8.931599e-26
5.588160e+03 1.244424e+02 9.022853e-55 9.498870e-29
5.588170e+03 1.395590e+02 2.456367e-61 4.956175e-32
5.588180e+03 1.533968e+02 2.402171e-67 4.901194e-35
5.588190e+03 1.624813e+02 2.724311e-71 5.219494e-37
5.588200e+03 1.638020e+02 7.272555e-72 2.696768e-37
5.588210e+03 1.559828e+02 1.809345e-68 1.345119e-35
5.588220e+03 1.398129e+02 1.905578e-61 4.365292e-32
5.588230e+03 1.179562e+02 5.919147e-52 2.432930e-27
5.588240e+03 9.402165e+01 1.468642e-41 3.832287e-22
5.588250e+03 7.153470e+01 8.567862e-32 2.927091e-17
5.588260e+03 5.330247e+01 7.096262e-24 2.663881e-13
5.588270e+03 4.140167e+01 1.045882e-18 1.022684e-10
5.588280e+03 3.766898e+01 4.370906e-17 6.611282e-10
5.588290e+03 4.430197e+01 5.753069e-20 2.398556e-11
5.588300e+03 6.407551e+01 1.487172e-28 1.219497e-15
5.588310e+03 9.976254e+01 4.717165e-44 2.171903e-23
5.588320e+03 1.526828e+02 4.905767e-67 7.004118e-35
5.588330e+03 2.207643e+02 1.328205e-96 1.152478e-49
5.588340e+03 2.970998e+02 9.358238e-130 3.059124e-66
5.588350e+03 3.701333e+02 1.791159e-161 4.232209e-82
5.588360e+03 4.261162e+02 8.711605e-186 2.951543e-94
5.588370e+03 4.533561e+02 1.288103e-197 3.589015e-100
5.588380e+03 4.465414e+02 1.173633e-194 1.083344e-98
5.588390e+03 4.091613e+02 2.011522e-178 1.418281e-90
5.588400e+03 3.528529e+02 5.726804e-154 2.393074e-78
5.588410e+03 2.942010e+02 1.698720e-128 1.303350e-65
5.588420e+03 2.508304e+02 1.163375e-109 3.410829e-56
5.588430e+03 2.388118e+02 1.929133e-104 1.388932e-53
5.588440e+03 2.722810e+02 5.621848e-119 7.497898e-61
5.588450e+03 3.644160e+02 5.447027e-159 7.380397e-81
5.588460e+03 5.275395e+02 7.807102e-230 2.794119e-116
5.588470e+03 7.700226e+02 0.000000e+00 0.000000e+00
5.588480e+03 1.089375e+03 0.000000e+00 0.000000e+00
5.588490e+03 1.463978e+03 0.000000e+00 0.000000e+00
5.588500e+03 1.848667e+03 0.000000e+00 0.000000e+00
5.588510e+03 2.179595e+03 0.000000e+00 0.000000e+00
5.588520e+03 2.389979e+03 0.000000e+00 0.000000e+00
5.588530e+03 2.431933e+03 0.000000e+00 0.000000e+00
5.588540e+03 2.294784e+03 0.000000e+00 0.000000e+00
5.588550e+03 2.010781e+03 0.000000e+00 0.000000e+00
5.588560e+03 1.645571e+03 0.000000e+00 0.000000e+00
5.588570e+03 1.278731e+03 0.000000e+00 0.000000e+00
5.588580e+03 9.838992e+02 0.000000e+00 0.000000e+00
5.588590e+03 8.157293e+02 0.000000e+00 0.000000e+00
5.588600e+03 8.047614e+02 0.000000e+00 0.000000e+00
5.588610e+03 9.562577e+02 0.000000e+00 0.000000e+00
5.588620e+03 1.248915e+03 0.000000e+00 0.000000e+00
5.588630e+03 1.633568e+03 0.000000e+00 0.000000e+00
5.588640e+03 2.036482e+03 0.000000e+00 0.000000e+00
5.588650e+03 2.372052e+03 0.000000e+00 0.000000e+00
5.588660e+03 2.564621e+03 0.000000e+00 0.000000e+00
5.588670e+03 2.571828e+03 0.000000e+00 0.000000e+00
5.588680e+03 2.398407e+03 0.000000e+00 0.000000e+00
5.588690e+03 2.092921e+03 0.000000e+00 0.000000e+00
5.588700e+03 1.728728e+03 0.000000e+00 0.000000e+00
5.588710e+03 1.378553e+03 0.000000e+00 0.000000e+00
5.588720e+03 1.094100e+03 0.000000e+00 0.000000e+00
5.588730e+03 8.976567e+02 0.000000e+00 0.000000e+00
5.588740e+03 7.855372e+02 0.000000e+00 0.000000e+00
5.588750e+03 7.382265e+02 2.465388e-321 4.965267e-162
5.588760e+03 7.312366e+02 2.678962e-318 1.636754e-160
5.588770e+03 7.428430e+02 2.470328e-323 4.970240e-163
5.588780e+03 7.576637e+02 0.000000e+00 0.000000e+00
5.588790e+03 7.668892e+02 0.000000e+00 0.000000e+00
5.588800e+03 7.665919e+02 0.000000e+00 0.000000e+00
5.588810e+03 7.554997e+02 0.000000e+00 0.000000e+00
5.588820e+03 7.332631e+02 3.530791e-319 5.942046e-161
5.588830e+03 6.997523e+02 1.263095e-304 1.123875e-153
5.588840e+03 6.553909e+02 2.329955e-285 4.826961e-144
5.588850e+03 6.020427e+02 3.436948e-262 1.853901e-132
5.588860e+03 5.437639e+02 7.019849e-237 8.378454e-120
5.588870e+03 4.868303e+02 3.734821e-212 1.932568e-107
5.588880e+03 4.388068e+02 2.683138e-191 5.179901e-97
5.588890e+03 4.068889e+02 1.951603e-177 4.417695e-90
5.588900e+03 3.960550e+02 9.897161e-173 9.948448e-88
5.588910e+03 4.076414e+02 9.195513e-178 3.032410e-90
5.588920e+03 4.388150e+02 2.661126e-191 5.158610e-97
5.588930e+03 4.831138e+02 1.535780e-210 1.239266e-106
5.588940e+03 5.318962e+02 1.000957e-231 3.163791e-117
5.588950e+03 5.763258e+02 5.068376e-251 7.119253e-127
5.588960e+03 6.094359e+02 2.115100e-265 4.599022e-134
5.588970e+03 6.277953e+02 2.248780e-273 4.742131e-138
5.588980e+03 6.324220e+02 2.200893e-275 4.691367e-139
5.588990e+03 6.286927e+02 9.167230e-274 3.027743e-138
5.589000e+03 6.251278e+02 3.239104e-272 1.799751e-137
5.589010e+03 6.312127e+02 7.375894e-275 8.588303e-139
5.589020e+03 6.547086e+02 4.609614e-285 6.789414e-144
5.589030e+03 6.991787e+02 2.241509e-304 1.497167e-153
5.589040e+03 7.625584e+02 0.000000e+00 0.000000e+00
5.589050e+03 8.372538e+02 0.000000e+00 0.000000e+00
5.589060e+03 9.117891e+02 0.000000e+00 0.000000e+00
5.589070e+03 9.733935e+02 0.000000e+00 0.000000e+00
5.589080e+03 1.010741e+03 0.000000e+00 0.000000e+00
5.589090e+03 1.016134e+03 0.000000e+00 0.000000e+00
5.589100e+03 9.868121e+02 0.000000e+00 0.000000e+00
5.589110e+03 9.253094e+02 0.000000e+00 0.000000e+00
5.589120e+03 8.389865e+02 0.000000e+00 0.000000e+00
5.589130e+03 7.388071e+02 1.378443e-321 3.712739e-162
5.589140e+03 6.375660e+02 1.284160e-277 3.583517e-140
5.589150e+03 5.478678e+02 1.158883e-238 1.076514e-120
5.589160e+03 4.802334e+02 2.737091e-209 5.231721e-106
5.589170e+03 4.416836e+02 1.510993e-192 1.229225e-97
5.589180e+03 4.349307e+02 1.294146e-189 3.597425e-96
5.589190e+03 4.581722e+02 1.043139e-199 3.229766e-101
5.589200e+03 5.053770e+02 3.292762e-220 1.814597e-111
5.589210e+03 5.670753e+02 5.276201e-247 7.263746e-125
5.589220e+03 6.317398e+02 4.353827e-275 6.598353e-139
5.589230e+03 6.877674e+02 2.025006e-299 4.500007e-151
5.589240e+03 7.258543e+02 5.827315e-316 2.413983e-159
5.589250e+03 7.411863e+02 1.284571e-322 1.133389e-162
5.589260e+03 7.347086e+02 8.319571e-320 2.884367e-161
5.589270e+03 7.128648e+02 2.551258e-310 1.597266e-156
5.589280e+03 6.857464e+02 1.528029e-298 1.236135e-150
5.589290e+03 6.641688e+02 3.590422e-289 5.992013e-146
5.589300e+03 6.566487e+02 6.623340e-286 2.573585e-144
5.589310e+03 6.672570e+02 1.636754e-290 1.279357e-146
5.589320e+03 6.949161e+02 1.591425e-302 1.261517e-152
5.589330e+03 7.341492e+02 1.455567e-319 3.815189e-161
5.589340e+03 7.768757e+02 0.000000e+00 0.000000e+00
5.589350e+03 8.146345e+02 0.000000e+00 0.000000e+00
5.589360e+03 8.407509e+02 0.000000e+00 0.000000e+00
5.589370e+03 8.521218e+02 0.000000e+00 0.000000e+00
5.589380e+03 8.504376e+02 0.000000e+00 0.000000e+00
5.589390e+03 8.426534e+02 0.000000e+00 0.000000e+00
5.589400e+03 8.405041e+02 0.000000e+00 0.000000e+00
5.589410e+03 8.588455e+02 0.000000e+00 0.000000e+00
5.589420e+03 9.128396e+02 0.000000e+00 0.000000e+00
5.589430e+03 1.014358e+03 0.000000e+00 0.000000e+00
5.589440e+03 1.168436e+03 0.000000e+00 0.000000e+00
5.589450e+03 1.370934e+03 0.000000e+00 0.000000e+00
5.589460e+03 1.608449e+03 0.000000e+00 0.000000e+00
5.589470e+03 1.860934e+03 0.000000e+00 0.000000e+00
5.589480e+03 2.106492e+03 0.000000e+00 0.000000e+00
5.589490e+03 2.326806e+03 0.000000e+00 0.000000e+00
5.589500e+03 2.511138e+03 0.000000e+00 0.000000e+00
5.589510e+03 2.657197e+03 0.000000e+00 0.000000e+00
5.589520e+03 2.768451e+03 0.000000e+00 0.000000e+00
5.589530e+03 2.849013e+03 0.000000e+00 0.000000e+00
5.589540e+03 2.898613e+03 0.000000e+00 0.000000e+00
5.589550e+03 2.910272e+03 0.000000e+00 0.000000e+00
5.589560e+03 2.872153e+03 0.000000e+00 0.000000e+00
5.589570e+03 2.772947e+03 0.000000e+00 0.000000e+00
5.589580e+03 2.608271e+03 0.000000e+00 0.000000e+00
5.589590e+03 2.384905e+03 0.000000e+00 0.000000e+00
5.589600e+03 2.120729e+03 0.000000e+00 0.000000e+00
5.589610e+03 1.840381e+03 0.000000e+00 0.000000e+00
5.589620e+03 1.568638e+03 0.000000e+00 0.000000e+00
5.589630e+03 1.324376e+03 0.000000e+00 0.000000e+00
5.589640e+03 1.117287e+03 0.000000e+00 0.000000e+00
5.589650e+03 9.479757e+02 0.000000e+00 0.000000e+00
5.589660e+03 8.105594e+02 0.000000e+00 0.000000e+00
5.589670e+03 6.962043e+02 4.388486e-303 6.624565e-153
5.589680e+03 5.962791e+02 1.094608e-259 3.308486e-131
5.589690e+03 5.044494e+02 8.325437e-220 2.885383e-111
5.589700e+03 4.175666e+02 4.499248e-182 2.121143e-92
5.589710e+03 3.355015e+02 1.965871e-146 1.402095e-74
5.589720e+03 2.601846e+02 1.007504e-113 3.174121e-58
5.589730e+03 1.942654e+02 4.281718e-85 6.543484e-44
5.589740e+03 1.398440e+02 1.847232e-61 4.297944e-32
5.589750e+03 9.771600e+01 3.651592e-43 6.042840e-23
5.589760e+03 6.723197e+01 6.331774e-30 2.516302e-16
5.589770e+03 4.667584e+01 5.357235e-21 7.319314e-12
5.589780e+03 3.384016e+01 2.010965e-15 4.484379e-09
5.589790e+03 2.655179e+01 2.942427e-12 1.715350e-07
5.589800e+03 2.299658e+01 1.029706e-10 1.014744e-06
5.589810e+03 2.185789e+01 3.215418e-10 1.793159e-06
5.589820e+03 2.231833e+01 2.028962e-10 1.424416e-06
5.589830e+03 2.400143e+01 3.769751e-11 6.139830e-07
5.589840e+03 2.688701e+01 2.104370e-12 1.450645e-07
5.589850e+03 3.122726e+01 2.742679e-14 1.656104e-08
5.589860e+03 3.743843e+01 5.504246e-17 7.419061e-10
5.589870e+03 4.598441e+01 1.069610e-20 1.034219e-11
5.589880e+03 5.725749e+01 1.359532e-25 3.687183e-14
5.589890e+03 7.148088e+01 9.041668e-32 3.006937e-17
5.589900e+03 8.867249e+01 3.090494e-39 5.559221e-21
5.589910e+03 1.086583e+02 6.460785e-48 2.541807e-25
5.589920e+03 1.310958e+02 1.163600e-57 3.411159e-30
5.589930e+03 1.554422e+02 3.106627e-68 1.762563e-35
5.589940e+03 1.808255e+02 2.940902e-79 5.423009e-41
5.589950e+03 2.058725e+02 3.896716e-90 1.974010e-46
5.589960e+03 2.286463e+02 5.013810e-100 2.239154e-51
5.589970e+03 2.468704e+02 6.102982e-108 2.470421e-55
5.589980e+03 2.584386e+02 5.775117e-113 7.599419e-58
5.589990e+03 2.620460e+02 1.566328e-114 1.251530e-58
5.590000e+03 2.576124e+02 1.319386e-112 1.148645e-57
5.590010e+03 2.462562e+02 1.128006e-107 3.358580e-55
5.590020e+03 2.298308e+02 1.533788e-100 1.238462e-51
5.590030e+03 2.102859e+02 4.720757e-92 2.172730e-47
5.590040e+03 1.891683e+02 7.002577e-83 8.368140e-43
5.590050e+03 1.674489e+02 1.896108e-73 4.354432e-38
5.590060e+03 1.456507e+02 5.555175e-64 2.356942e-33
5.590070e+03 1.240990e+02 1.271985e-54 1.127823e-28
5.590080e+03 1.031253e+02 1.633967e-45 4.042236e-24
5.590090e+03 8.316829e+01 7.594024e-37 8.714370e-20
5.590100e+03 6.475859e+01 7.511047e-29 8.666630e-16
5.590110e+03 4.843855e+01 9.191866e-22 3.031809e-12
5.590120e+03 3.464824e+01 8.963142e-16 2.993851e-09
5.590130e+03 2.362441e+01 5.496029e-11 7.413521e-07
5.590140e+03 1.533897e+01 2.179574e-07 4.668591e-05
5.590150e+03 9.516710e+00 7.361147e-05 8.579712e-04
5.590160e+03 5.706566e+00 3.324068e-03 5.765473e-03
5.590170e+03 3.396457e+00 3.349171e-02 1.830074e-02
5.590180e+03 2.110022e+00 1.212352e-01 3.481885e-02
5.590190e+03 1.470699e+00 2.297649e-01 4.793379e-02
5.590200e+03 1.227007e+00 2.931688e-01 5.414506e-02
5.590210e+03 1.243831e+00 2.882777e-01 5.369149e-02
5.590220e+03 1.485788e+00 2.263239e-01 4.757351e-02
5.590230e+03 2.012529e+00 1.336503e-01 3.655821e-02
5.590240e+03 2.976227e+00 5.098485e-02 2.257982e-02
5.590250e+03 4.631856e+00 9.736674e-03 9.867458e-03
5.590260e+03 7.324615e+00 6.591132e-04 2.567320e-03
5.590270e+03 1.143082e+01 1.085568e-05 3.294795e-04
5.590280e+03 1.724093e+01 3.253549e-08 1.803760e-05
5.590290e+03 2.480522e+01 1.687453e-11 4.107861e-07
5.590300e+03 3.378846e+01 2.117661e-15 4.601805e-09
5.590310e+03 4.343841e+01 1.364385e-19 3.693758e-11
5.590320e+03 5.268492e+01 1.315924e-23 3.627567e-13
5.590330e+03 6.035954e+01 6.112023e-27 7.817943e-15
5.590340e+03 6.546490e+01 3.706429e-29 6.088045e-16
5.590350e+03 6.737828e+01 5.469978e-30 2.338798e-16
5.590360e+03 6.596522e+01 2.247349e-29 4.740622e-16
5.590370e+03 6.157245e+01 1.817290e-27 4.262968e-15
5.590380e+03 5.494466e+01 1.373521e-24 1.171973e-13
5.590390e+03 4.706521e+01 3.629421e-21 6.024468e-12
5.590400e+03 3.894921e+01 1.214988e-17 3.485668e-10
5.590410e+03 3.144679e+01 2.202069e-14 1.483937e-08
5.590420e+03 2.511108e+01 1.242784e-11 3.525314e-07
5.590430e+03 2.018568e+01 1.711868e-09 4.137472e-06
5.590440e+03 1.671320e+01 5.515041e-08 2.348412e-05
5.590450e+03 1.471863e+01 4.053014e-07 6.366329e-05
5.590460e+03 1.437609e+01 5.708804e-07 7.555663e-05
5.590470e+03 1.611922e+01 9.988793e-08 3.160505e-05
5.590480e+03 2.066719e+01 1.057681e-09 3.252200e-06
5.590490e+03 2.896482e+01 2.634734e-13 5.132966e-08
5.590500e+03 4.206771e+01 5.373130e-19 7.330164e-11
5.590510e+03 6.101845e+01 3.162467e-27 5.623581e-15
5.590520e+03 8.680375e+01 2.002675e-38 1.415159e-20
5.590530e+03 1.204684e+02 4.800032e-53 6.928226e-28
5.590540e+03 1.634486e+02 1.035607e-71 3.218086e-37
5.590550e+03 2.180758e+02 1.953844e-95 4.420231e-49
5.590560e+03 2.880716e+02 7.799595e-126 2.792775e-64
5.590570e+03 3.788133e+02 3.044180e-165 5.517408e-84
5.590580e+03 4.973034e+02 1.056471e-216 1.027848e-109
5.590590e+03 6.521061e+02 6.221721e-284 2.494338e-143
5.590600e+03 8.539760e+02 0.000000e+00 0.000000e+00
5.590610e+03 1.117888e+03 0.000000e+00 0.000000e+00
5.590620e+03 1.466357e+03 0.000000e+00 0.000000e+00
5.590630e+03 1.932144e+03 0.000000e+00 0.000000e+00
5.590640e+03 2.556568e+03 0.000000e+00 0.000000e+00
5.590650e+03 3.379632e+03 0.000000e+00 0.000000e+00
5.590660e+03 4.421361e+03 0.000000e+00 0.000000e+00
5.590670e+03 5.659960e+03 0.000000e+00 0.000000e+00
5.590680e+03 7.017951e+03 0.000000e+00 0.000000e+00
5.590690e+03 8.367419e+03 0.000000e+00 0.000000e+00
5.590700e+03 9.557583e+03 0.000000e+00 0.000000e+00
5.590710e+03 1.045556e+04 0.000000e+00 0.000000e+00
5.590720e+03 1.098245e+04 0.000000e+00 0.000000e+00
5.590730e+03 1.112816e+04 0.000000e+00 0.000000e+00
5.590740e+03 1.093939e+04 0.000000e+00 0.000000e+00
5.590750e+03 1.048928e+04 0.000000e+00 0.000000e+00
5.590760e+03 9.845308e+03 0.000000e+00 0.000000e+00
5.590770e+03 9.051112e+03 0.000000e+00 0.000000e+00
5.590780e+03 8.128876e+03 0.000000e+00 0.000000e+00
5.590790e+03 7.097360e+03 0.000000e+00 0.000000e+00
5.590800e+03 5.992606e+03 0.000000e+00 0.000000e+00
5.590810e+03 4.877843e+03 0.000000e+00 0.000000e+00
5.590820e+03 3.836588e+03 0.000000e+00 0.000000e+00
5.590830e+03 2.953478e+03 0.000000e+00 0.000000e+00
5.590840e+03 2.294135e+03 0.000000e+00 0.000000e+00
5.590850e+03 1.894352e+03 0.000000e+00 0.000000e+00
5.590860e+03 1.761595e+03 0.000000e+00 0.000000e+00
5.590870e+03 1.884046e+03 0.000000e+00 0.000000e+00
5.590880e+03 2.238827e+03 0.000000e+00 0.000000e+00
5.590890e+03 2.793351e+03 0.000000e+00 0.000000e+00
5.590900e+03 3.499750e+03 0.000000e+00 0.000000e+00
5.590910e+03 4.288424e+03 0.000000e+00 0.000000e+00
5.590920e+03 5.069171e+03 0.000000e+00 0.000000e+00
5.590930e+03 5.744886e+03 0.000000e+00 0.000000e+00
5.590940e+03 6.234825e+03 0.000000e+00 0.000000e+00
5.590950e+03 6.496869e+03 0.000000e+00 0.000000e+00
5.590960e+03 6.536903e+03 0.000000e+00 0.000000e+00
5.590970e+03 6.400192e+03 0.000000e+00 0.000000e+00
5.590980e+03 6.149789e+03 0.000000e+00 0.000000e+00
5.590990e+03 5.843283e+03 0.000000e+00 0.000000e+00
5.591000e+03 5.517772e+03 0.000000e+00 0.000000e+00
5.591010e+03 5.186275e+03 0.000000e+00 0.000000e+00
5.591020e+03 4.842932e+03 0.000000e+00 0.000000e+00
5.591030e+03 4.472371e+03 0.000000e+00 0.000000e+00
5.591040e+03 4.059856e+03 0.000000e+00 0.000000e+00
5.591050e+03 3.600155e+03 0.000000e+00 0.000000e+00
5.591060e+03 3.103340e+03 0.000000e+00 0.000000e+00
5.591070e+03 2.595838e+03 0.000000e+00 0.000000e+00
5.591080e+03 2.116170e+03 0.000000e+00 0.000000e+00
5.591090e+03 1.706607e+03 0.000000e+00 0.000000e+00
5.591100e+03 1.403417e+03 0.000000e+00 0.000000e+00
5.591110e+03 1.228522e+03 0.000000e+00 0.000000e+00
5.591120e+03 1.184583e+03 0.000000e+00 0.000000e+00
5.591130e+03 1.254601e+03 0.000000e+00 0.000000e+00
5.591140e+03 1.406174e+03 0.000000e+00 0.000000e+00
5.591150e+03 1.599534e+03 0.000000e+00 0.000000e+00
5.591160e+03 1.797075e+03 0.000000e+00 0.000000e+00
5.591170e+03 1.971245e+03 0.000000e+00 0.000000e+00
5.591180e+03 2.108218e+03 0.000000e+00 0.000000e+00
5.591190e+03 2.207168e+03 0.000000e+00 0.000000e+00
5.591200e+03 2.277334e+03 0.000000e+00 0.000000e+00
5.591210e+03 2.335892e+03 0.000000e+00 0.000000e+00
5.591220e+03 2.407916e+03 0.000000e+00 0.000000e+00
5.591230e+03 2.526858e+03 0.000000e+00 0.000000e+00
5.591240e+03 2.732114e+03 0.000000e+00 0.000000e+00
5.591250e+03 3.060670e+03 0.000000e+00 0.000000e+00
5.591260e+03 3.532638e+03 0.000000e+00 0.000000e+00
5.591270e+03 4.134278e+03 0.000000e+00 0.000000e+00
5.591280e+03 4.805719e+03 0.000000e+00 0.000000e+00
5.591290e+03 5.441737e+03 0.000000e+00 0.000000e+00
5.591300e+03 5.911044e+03 0.000000e+00 0.000000e+00
5.591310e+03 6.091928e+03 0.000000e+00 0.000000e+00
5.591320e+03 5.912683e+03 0.000000e+00 0.000000e+00
5.591330e+03 5.379693e+03 0.000000e+00 0.000000e+00
5.591340e+03 4.579256e+03 0.000000e+00 0.000000e+00
5.591350e+03 3.651046e+03 0.000000e+00 0.000000e+00
5.591360e+03 2.744791e+03 0.000000e+00 0.000000e+00
5.591370e+03 1.978873e+03 0.000000e+00 0.000000e+00
5.591380e+03 1.416200e+03 0.000000e+00 0.000000e+00
5.591390e+03 1.062248e+03 0.000000e+00 0.000000e+00
5.591400e+03 8.799871e+02 0.000000e+00 0.000000e+00
5.591410e+03 8.118176e+02 0.000000e+00 0.000000e+00
5.591420e+03 8.000304e+02 0.000000e+00 0.000000e+00
5.591430e+03 8.011630e+02 0.000000e+00 0.000000e+00
5.591440e+03 7.929656e+02 0.000000e+00 0.000000e+00
5.591450e+03 7.742382e+02 0.000000e+00 0.000000e+00
5.591460e+03 7.585913e+02 0.000000e+00 0.000000e+00
5.591470e+03 7.641386e+02 0.000000e+00 0.000000e+00
5.591480e+03 8.023585e+02 0.000000e+00 0.000000e+00
5.591490e+03 8.701001e+02 0.000000e+00 0.000000e+00
5.591500e+03 9.481138e+02 0.000000e+00 0.000000e+00
5.591510e+03 1.007064e+03 0.000000e+00 0.000000e+00
5.591520e+03 1.018667e+03 0.000000e+00 0.000000e+00
5.591530e+03 9.669373e+02 0.000000e+00 0.000000e+00
5.591540e+03 8.543219e+02 0.000000e+00 0.000000e+00
5.591550e+03 7.001465e+02 8.516150e-305 9.228299e-154
5.591560e+03 5.328591e+02 3.821476e-232 1.954859e-117
5.591570e+03 3.804526e+02 5.909304e-166 2.430906e-84
5.591580e+03 2.635801e+02 3.377676e-115 5.811778e-59
5.591590e+03 1.934992e+02 9.212443e-85 9.598147e-44
5.591600e+03 1.740205e+02 2.653681e-76 1.629012e-39
5.591610e+03 2.048740e+02 1.057717e-89 3.252257e-46
5.591620e+03 2.840117e+02 4.521352e-124 2.126347e-63
5.591630e+03 4.077710e+02 8.077753e-178 2.842139e-90
5.591640e+03 5.692442e+02 6.030711e-248 2.455751e-125
5.591650e+03 7.561824e+02 0.000000e+00 0.000000e+00
5.591660e+03 9.498800e+02 0.000000e+00 0.000000e+00
5.591670e+03 1.126207e+03 0.000000e+00 0.000000e+00
5.591680e+03 1.259248e+03 0.000000e+00 0.000000e+00
5.591690e+03 1.327075e+03 0.000000e+00 0.000000e+00
5.591700e+03 1.318092e+03 0.000000e+00 0.000000e+00
5.591710e+03 1.235715e+03 0.000000e+00 0.000000e+00
5.591720e+03 1.099302e+03 0.000000e+00 0.000000e+00
5.591730e+03 9.405700e+02 0.000000e+00 0.000000e+00
5.591740e+03 7.963618e+02 0.000000e+00 0.000000e+00
5.591750e+03 6.997988e+02 1.205770e-304 1.098075e-153
5.591760e+03 6.721198e+02 1.264976e-292 1.124711e-147
5.591770e+03 7.171413e+02 3.543812e-312 1.882502e-157
5.591780e+03 8.198741e+02 0.000000e+00 0.000000e+00
5.591790e+03 9.502696e+02 0.000000e+00 0.000000e+00
5.591800e+03 1.071792e+03 0.000000e+00 0.000000e+00
5.591810e+03 1.152427e+03 0.000000e+00 0.000000e+00
5.591820e+03 1.173940e+03 0.000000e+00 0.000000e+00
5.591830e+03 1.135398e+03 0.000000e+00 0.000000e+00
5.591840e+03 1.049659e+03 0.000000e+00 0.000000e+00
5.591850e+03 9.353604e+02 0.000000e+00 0.000000e+00
5.591860e+03 8.090907e+02 0.000000e+00 0.000000e+00
5.591870e+03 6.816119e+02 9.543352e-297 9.769008e-150
5.591880e+03 5.587427e+02 2.193563e-243 4.683548e-123
5.591890e+03 4.446249e+02 7.977259e-194 2.824404e-98
5.591900e+03 3.442677e+02 3.065136e-150 1.750753e-76
5.591910e+03 2.636943e+02 3.013231e-115 5.489290e-59
5.591920e+03 2.080807e+02 4.282507e-91 6.544087e-47
5.591930e+03 1.794175e+02 1.202130e-78 1.096417e-40
5.591940e+03 1.751316e+02 8.735870e-77 9.346588e-40
5.591950e+03 1.882743e+02 1.712011e-82 1.308438e-42
5.591960e+03 2.091076e+02 1.533636e-91 3.916167e-47
5.591970e+03 2.275188e+02 1.548306e-99 3.934852e-51
5.591980e+03 2.355217e+02 5.178749e-103 7.196352e-53
5.591990e+03 2.290902e+02 3.216392e-100 1.793430e-51
5.592000e+03 2.087262e+02 2.245715e-91 4.738897e-47
5.592010e+03 1.785860e+02 2.761079e-78 1.661649e-40
5.592020e+03 1.445635e+02 1.647653e-63 4.059130e-33
5.592030e+03 1.121514e+02 1.964631e-49 4.432416e-26
5.592040e+03 8.491195e+01 1.328036e-37 3.644223e-20
5.592050e+03 6.402337e+01 1.566759e-28 1.251702e-15
5.592060e+03 4.878863e+01 6.476887e-22 2.544973e-12
5.592070e+03 3.764040e+01 4.497603e-17 6.706417e-10
5.592080e+03 2.905144e+01 2.416120e-13 4.915404e-08
5.592090e+03 2.202893e+01 2.709923e-10 1.646185e-06
5.592100e+03 1.615579e+01 9.630094e-08 3.103239e-05
5.592110e+03 1.135922e+01 1.166146e-05 3.414888e-04
5.592120e+03 7.650582e+00 4.757670e-04 2.181208e-03
5.592130e+03 4.967935e+00 6.957500e-03 8.341163e-03
5.592140e+03 3.151792e+00 4.277540e-02 2.068221e-02
5.592150e+03 1.991015e+00 1.365567e-01 3.695358e-02
5.592160e+03 1.280644e+00 2.778584e-01 5.271228e-02
5.592170e+03 8.588415e-01 4.236526e-01 6.508860e-02
5.592180e+03 6.149292e-01 5.406792e-01 7.353089e-02
5.592190e+03 4.769815e-01 6.206540e-01 7.878160e-02
5.592200e+03 4.022225e-01 6.688319e-01 8.178214e-02
5.592210e+03 3.653939e-01 6.939233e-01 8.330206e-02
5.592220e+03 3.515345e-01 7.036076e-01 8.388132e-02
5.592230e+03 3.508019e-01 7.041232e-01 8.391205e-02
5.592240e+03 3.567593e-01 6.999410e-01 8.366247e-02
5.592250e+03 3.649520e-01 6.942300e-01 8.332046e-02
5.592260e+03 3.701226e-01 6.906497e-01 8.310533e-02
5.592270e+03 3.677070e-01 6.923200e-01 8.320577e-02
5.592280e+03 3.569720e-01 6.997921e-01 8.365358e-02
5.592290e+03 3.384645e-01 7.128641e-01 8.443128e-02
5.592300e+03 3.144042e-01 7.302238e-01 8.545314e-02
5.592310e+03 2.883380e-01 7.495082e-01 8.657414e-02
5.592320e+03 2.632881e-01 7.685205e-01 8.766530e-02
5.592330e+03 2.420829e-01 7.849911e-01 8.859972e-02
5.592340e+03 2.252811e-01 7.982918e-01 8.934717e-02
5.592350e+03 2.126315e-01 8.084540e-01 8.991407e-02
5.592360e+03 2.032721e-01 8.160562e-01 9.033583e-02
5.592370e+03 1.962025e-01 8.218458e-01 9.065571e-02
5.592380e+03 1.905764e-01 8.264826e-01 9.091109e-02
5.592390e+03 1.858029e-01 8.304372e-01 9.112833e-02
5.592400e+03 1.815252e-01 8.339973e-01 9.132345e-02
5.592410e+03 1.775509e-01 8.373183e-01 9.150510e-02
5.592420e+03 1.737853e-01 8.404773e-01 9.167755e-02
5.592430e+03 1.701833e-01 8.435102e-01 9.184281e-02
5.592440e+03 1.658169e-01 8.472013e-01 9.204354e-02
5.592450e+03 1.625027e-01 8.500138e-01 9.219619e-02
5.592460e+03 1.593068e-01 8.527347e-01 9.234363e-02
5.592470e+03 1.562227e-01 8.553687e-01 9.248614e-02
5.592480e+03 1.532443e-01 8.579201e-01 9.262398e-02
5.592490e+03 1.503660e-01 8.603931e-01 9.275737e-02
5.592500e+03 1.475825e-01 8.627912e-01 9.288656e-02
5.592510e+03 1.441301e-01 8.657751e-01 9.304704e-02
5.592520e+03 1.406649e-01 8.687804e-01 9.320839e-02
5.592530e+03 1.381766e-01 8.709449e-01 9.332443e-02
5.592540e+03 1.353251e-01 8.734319e-01 9.345758e-02
5.592550e+03 1.321434e-01 8.762154e-01 9.360638e-02
5.592560e+03 1.298927e-01 8.781897e-01 9.371178e-02
5.592570e+03 1.270297e-01 8.807075e-01 9.384602e-02
5.592580e+03 1.249179e-01 8.825694e-01 9.394516e-02
5.592590e+03 1.228659e-01 8.843822e-01 9.404160e-02
5.592600e+03 1.208713e-01 8.861480e-01 9.413544e-02
5.592610e+03 1.182161e-01 8.885041e-01 9.426049e-02
5.592620e+03 1.163400e-01 8.901725e-01 9.434895e-02
5.592630e+03 1.145142e-01 8.917993e-01 9.443513e-02
5.592640e+03 1.127366e-01 8.933860e-01 9.451910e-02
5.592650e+03 1.110054e-01 8.949340e-01 9.460095e-02
5.592660e+03 1.093187e-01 8.964447e-01 9.468076e-02
5.592670e+03 1.076749e-01 8.979195e-01 9.475861e-02
5.592680e+03 1.060723e-01 8.993596e-01 9.483457e-02
5.592690e+03 1.045095e-01 9.007663e-01 9.490871e-02
5.592700e+03 1.029849e-01 9.021406e-01 9.498108e-02
5.592710e+03 1.011228e-01 9.038220e-01 9.506956e-02
5.592720e+03 9.941854e-02 9.053637e-01 9.515060e-02
5.592730e+03 9.801564e-02 9.066347e-01 9.521737e-02
5.592740e+03 9.664530e-02 9.078780e-01 9.528263e-02
5.592750e+03 9.530643e-02 9.090943e-01 9.534644e-02
5.592760e+03 9.399797e-02 9.102846e-01 9.540884e-02
5.592770e+03 9.271892e-02 9.114497e-01 9.546987e-02
5.592780e+03 9.146832e-02 9.125902e-01 9.552959e-02
5.592790e+03 9.024525e-02 9.137071e-01 9.558803e-02
5.592800e+03 8.904883e-02 9.148009e-01 9.564522e-02
5.592810e+03 8.787823e-02 9.158724e-01 9.570122e-02
5.592820e+03 8.673264e-02 9.169222e-01 9.575606e-02
5.592830e+03 8.561129e-02 9.179510e-01 9.580976e-02
5.592840e+03 8.451345e-02 9.189593e-01 9.586236e-02
5.592850e+03 8.343839e-02 9.199478e-01 9.591391e-02
5.592860e+03 8.238545e-02 9.209169e-01 9.596442e-02
5.592870e+03 8.135397e-02 9.218673e-01 9.601392e-02
5.592880e+03 8.034332e-02 9.227995e-01 9.606245e-02
5.592890e+03 7.935291e-02 9.237139e-01 9.611003e-02
5.592900e+03 7.838215e-02 9.246110e-01 9.615670e-02
5.592910e+03 7.743048e-02 9.254914e-01 9.620246e-02
5.592920e+03 7.649737e-02 9.263554e-01 9.624736e-02
5.592930e+03 7.558230e-02 9.272034e-01 9.629140e-02
5.592940e+03 7.468478e-02 9.280360e-01 9.633462e-02
5.592950e+03 7.331698e-02 9.293062e-01 9.640053e-02
5.592960e+03 7.246059e-02 9.301024e-01 9.644182e-02
5.592970e+03 7.162019e-02 9.308844e-01 9.648235e-02
5.592980e+03 7.079535e-02 9.316525e-01 9.652215e-02
5.592990e+03 6.922317e-02 9.331184e-01 9.659805e-02
5.593000e+03 6.843995e-02 9.338495e-01 9.663589e-02
5.593010e+03 6.767084e-02 9.345680e-01 9.667306e-02
5.593020e+03 6.631880e-02 9.358325e-01 9.673843e-02
5.593030e+03 6.558601e-02 9.365185e-01 9.677389e-02
5.593040e+03 6.486608e-02 9.371930e-01 9.680873e-02
5.593050e+03 6.415869e-02 9.378562e-01 9.684297e-02
5.593060e+03 6.346354e-02 9.385083e-01 9.687664e-02
5.593070e+03 6.278032e-02 9.391498e-01 9.690974e-02
5.593080e+03 6.210875e-02 9.397807e-01 9.694229e-02
5.593090e+03 6.144855e-02 9.404013e-01 9.697429e-02
5.593100e+03 6.079944e-02 9.410120e-01 9.700577e-02
5.593110e+03 6.016117e-02 9.416128e-01 9.703673e-02
5.593120e+03 5.922578e-02 9.424939e-01 9.708213e-02
5.593130e+03 5.861315e-02 9.430715e-01 9.711187e-02
5.593140e+03 5.801051e-02 9.436400e-01 9.714114e-02
5.593150e+03 5.741763e-02 9.441997e-01 9.716994e-02
5.593160e+03 5.683428e-02 9.447506e-01 9.719828e-02
5.593170e+03 5.626026e-02 9.452931e-01 9.722618e-02
5.593180e+03 5.569535e-02 9.458272e-01 9.725365e-02
5.593190e+03 5.513936e-02 9.463533e-01 9.728069e-02
5.593200e+03 5.459208e-02 9.468713e-01 9.730731e-02
5.593210e+03 5.405332e-02 9.473816e-01 9.733353e-02
5.593220e+03 5.326429e-02 9.481294e-01 9.737194e-02
5.593230e+03 5.274404e-02 9.486228e-01 9.739727e-02
5.593240e+03 5.223175e-02 9.491089e-01 9.742222e-02
5.593250e+03 5.172725e-02 9.495878e-01 9.744680e-02
5.593260e+03 5.075844e-02 9.505082e-01 9.749401e-02
5.593270e+03 5.027630e-02 9.509666e-01 9.751752e-02
5.593280e+03 4.939905e-02 9.518012e-01 9.756030e-02
5.593290e+03 4.893724e-02 9.522409e-01 9.758283e-02
5.593300e+03 4.821054e-02 9.529331e-01 9.761829e-02
5.593310e+03 4.665621e-02 9.544155e-01 9.769419e-02
5.593320e+03 4.622480e-02 9.548273e-01 9.771526e-02
5.593330e+03 4.579958e-02 9.552334e-01 9.773604e-02
5.593340e+03 4.513276e-02 9.558706e-01 9.776863e-02
5.593350e+03 4.472149e-02 9.562638e-01 9.778874e-02
5.593360e+03 4.388309e-02 9.570658e-01 9.782974e-02
5.593370e+03 4.348669e-02 9.574453e-01 9.784913e-02
5.593380e+03 4.309585e-02 9.578196e-01 9.786826e-02
5.593390e+03 4.229945e-02 9.585827e-01 9.790724e-02
5.593400e+03 4.192257e-02 9.589440e-01 9.792569e-02
5.593410e+03 4.155089e-02 9.593005e-01 9.794389e-02
5.593420e+03 4.118432e-02 9.596522e-01 9.796184e-02
5.593430e+03 4.082276e-02 9.599993e-01 9.797955e-02
5.593440e+03 4.046611e-02 9.603417e-01 9.799703e-02
5.593450e+03 4.011429e-02 9.606796e-01 9.801427e-02
5.593460e+03 3.976719e-02 9.610131e-01 9.803128e-02
5.593470e+03 3.942474e-02 9.613423e-01 9.804806e-02
5.593480e+03 3.908686e-02 9.616672e-01 9.806463e-02
5.593490e+03 3.875344e-02 9.619879e-01 9.808098e-02
5.593500e+03 3.842443e-02 9.623044e-01 9.809712e-02
5.593510e+03 3.752727e-02 9.631682e-01 9.814113e-02
5.593520e+03 3.667204e-02 9.639922e-01 9.818311e-02
5.593530e+03 3.636429e-02 9.642889e-01 9.819822e-02
5.593540e+03 3.606053e-02 9.645819e-01 9.821313e-02
5.593550e+03 3.576069e-02 9.648712e-01 9.822786e-02
5.593560e+03 3.546470e-02 9.651568e-01 9.824239e-02
5.593570e+03 3.517250e-02 9.654389e-01 9.825675e-02
5.593580e+03 3.488401e-02 9.657174e-01 9.827092e-02
5.593590e+03 3.401821e-02 9.665539e-01 9.831347e-02
5.593600e+03 3.341936e-02 9.671329e-01 9.834292e-02
5.593610e+03 3.314857e-02 9.673948e-01 9.835623e-02
5.593620e+03 3.288117e-02 9.676535e-01 9.836938e-02
5.593630e+03 3.261710e-02 9.679091e-01 9.838237e-02
5.593640e+03 3.210955e-02 9.684005e-01 9.840734e-02
5.593650e+03 3.185388e-02 9.686481e-01 9.841992e-02
5.593660e+03 3.114865e-02 9.693315e-01 9.845463e-02
5.593670e+03 3.090096e-02 9.695716e-01 9.846683e-02
5.593680e+03 3.065629e-02 9.698088e-01 9.847887e-02
5.593690e+03 3.041460e-02 9.700433e-01 9.849077e-02
5.593700e+03 3.017583e-02 9.702749e-01 9.850253e-02
5.593710e+03 2.993994e-02 9.705038e-01 9.851415e-02
5.593720e+03 2.970689e-02 9.707300e-01 9.852563e-02
5.593730e+03 2.862565e-02 9.717802e-01 9.857891e-02
5.593740e+03 2.840470e-02 9.719949e-01 9.858980e-02
5.593750e+03 2.818638e-02 9.722072e-01 9.860057e-02
5.593760e+03 2.797062e-02 9.724169e-01 9.861120e-02
5.593770e+03 2.725730e-02 9.731108e-01 9.864638e-02
5.593780e+03 2.705045e-02 9.733121e-01 9.865658e-02
5.593790e+03 2.557475e-02 9.747495e-01 9.872940e-02
5.593800e+03 2.538038e-02 9.749390e-01 9.873900e-02
5.593810e+03 2.518827e-02 9.751263e-01 9.874848e-02
5.593820e+03 2.499838e-02 9.753115e-01 9.875786e-02
5.593830e+03 2.481067e-02 9.754946e-01 9.876713e-02
5.593840e+03 2.462511e-02 9.756756e-01 9.877629e-02
5.593850e+03 2.410061e-02 9.761875e-01 9.880220e-02
5.593860e+03 2.338261e-02 9.768886e-01 9.883768e-02
5.593870e+03 2.262531e-02 9.776287e-01 9.887511e-02
5.593880e+03 2.177992e-02 9.784556e-01 9.891691e-02
5.593890e+03 2.102763e-02 9.791919e-01 9.895413e-02
5.593900e+03 2.087507e-02 9.793413e-01 9.896167e-02
5.593910e+03 2.072419e-02 9.794891e-01 9.896914e-02
5.593920e+03 2.057498e-02 9.796352e-01 9.897652e-02
5.593930e+03 2.042742e-02 9.797798e-01 9.898383e-02
5.593940e+03 2.028147e-02 9.799228e-01 9.899105e-02
5.593950e+03 2.013711e-02 9.800643e-01 9.899820e-02
5.593960e+03 1.999433e-02 9.802042e-01 9.900526e-02
5.593970e+03 1.985308e-02 9.803427e-01 9.901226e-02
5.593980e+03 1.971337e-02 9.804797e-01 9.901917e-02
5.593990e+03 1.957515e-02 9.806152e-01 9.902602e-02
5.594000e+03 1.886225e-02 9.813145e-01 9.906132e-02
5.594010e+03 1.873143e-02 9.814429e-01 9.906780e-02
5.594020e+03 1.860200e-02 9.815700e-01 9.907421e-02
5.594030e+03 1.847393e-02 9.816957e-01 9.908056e-02
5.594040e+03 1.834720e-02 9.818201e-01 9.908683e-02
5.594050e+03 1.822180e-02 9.819432e-01 9.909305e-02
5.594060e+03 1.809771e-02 9.820651e-01 9.909920e-02
5.594070e+03 1.797491e-02 9.821857e-01 9.910528e-02
5.594080e+03 1.785337e-02 9.823051e-01 9.911130e-02
5.594090e+03 1.688385e-02 9.832579e-01 9.915936e-02
5.594100e+03 1.677138e-02 9.833685e-01 9.916494e-02
5.594110e+03 1.666005e-02 9.834780e-01 9.917046e-02
5.594120e+03 1.654985e-02 9.835863e-01 9.917592e-02
5.594130e+03 1.644076e-02 9.836937e-01 9.918133e-02
5.594140e+03 1.633277e-02 9.837999e-01 9.918669e-02
5.594150e+03 1.622585e-02 9.839051e-01 9.919199e-02
5.594160e+03 1.612001e-02 9.840092e-01 9.919724e-02
5.594170e+03 1.601521e-02 9.841124e-01 9.920244e-02
5.594180e+03 1.591145e-02 9.842145e-01 9.920758e-02
5.594190e+03 1.580872e-02 9.843156e-01 9.921268e-02
5.594200e+03 1.570699e-02 9.844157e-01 9.921773e-02
5.594210e+03 1.560626e-02 9.845149e-01 9.922272e-02
5.594220e+03 1.550652e-02 9.846131e-01 9.922767e-02
5.594230e+03 1.540774e-02 9.847104e-01 9.923257e-02
5.594240e+03 1.499833e-02 9.851136e-01 9.925289e-02
5.594250e+03 1.490387e-02 9.852066e-01 9.925758e-02
5.594260e+03 1.481031e-02 9.852988e-01 9.926222e-02
5.594270e+03 1.409875e-02 9.860002e-01 9.929754e-02
5.594280e+03 1.401176e-02 9.860859e-01 9.930186e-02
5.594290e+03 1.392558e-02 9.861709e-01 9.930614e-02
5.594300e+03 1.384020e-02 9.862551e-01 9.931038e-02
5.594310e+03 1.375562e-02 9.863386e-01 9.931458e-02
5.594320e+03 1.367182e-02 9.864212e-01 9.931874e-02
5.594330e+03 1.358880e-02 9.865031e-01 9.932286e-02
5.594340e+03 1.350654e-02 9.865843e-01 9.932695e-02
5.594350e+03 1.342504e-02 9.866647e-01 9.933100e-02
5.594360e+03 1.334428e-02 9.867444e-01 9.933501e-02
5.594370e+03 1.326426e-02 9.868233e-01 9.933898e-02
5.594380e+03 1.229753e-02 9.877778e-01 9.938701e-02
5.594390e+03 1.222582e-02 9.878486e-01 9.939057e-02
5.594400e+03 1.215475e-02 9.879188e-01 9.939411e-02
5.594410e+03 1.208429e-02 9.879884e-01 9.939761e-02
5.594420e+03 1.201446e-02 9.880574e-01 9.940108e-02
5.594430e+03 1.194523e-02 9.881258e-01 9.940452e-02
5.594440e+03 1.156268e-02 9.885039e-01 9.942353e-02
5.594450e+03 1.149707e-02 9.885688e-01 9.942680e-02
5.594460e+03 1.143202e-02 9.886331e-01 9.943003e-02
5.594470e+03 1.136753e-02 9.886968e-01 9.943324e-02
5.594480e+03 1.130358e-02 9.887601e-01 9.943641e-02
5.594490e+03 1.124018e-02 9.888228e-01 9.943957e-02
5.594500e+03 1.117731e-02 9.888849e-01 9.944269e-02
5.594510e+03 1.111496e-02 9.889466e-01 9.944579e-02
5.594520e+03 1.105314e-02 9.890077e-01 9.944887e-02
5.594530e+03 1.099184e-02 9.890684e-01 9.945192e-02
5.594540e+03 1.093104e-02 9.891285e-01 9.945494e-02
5.594550e+03 1.087076e-02 9.891881e-01 9.945794e-02
5.594560e+03 1.081097e-02 9.892473e-01 9.946091e-02
5.594570e+03 1.075167e-02 9.893059e-01 9.946386e-02
5.594580e+03 1.069286e-02 9.893641e-01 9.946678e-02
5.594590e+03 1.063454e-02 9.894218e-01 9.946968e-02
5.594600e+03 1.057669e-02 9.894790e-01 9.947256e-02
5.594610e+03 1.051932e-02 9.895358e-01 9.947541e-02
5.594620e+03 1.046242e-02 9.895921e-01 9.947825e-02
5.594630e+03 1.040597e-02 9.896480e-01 9.948105e-02
5.594640e+03 1.034999e-02 9.897034e-01 9.948384e-02
5.594650e+03 1.029445e-02 9.897584e-01 9.948660e-02
5.594660e+03 1.023937e-02 9.898129e-01 9.948934e-02
5.594670e+03 1.018472e-02 9.898670e-01 9.949206e-02
5.594680e+03 1.013052e-02 9.899206e-01 9.949475e-02
5.594690e+03 1.007675e-02 9.899739e-01 9.949743e-02
5.594700e+03 1.002340e-02 9.900267e-01 9.950008e-02
5.594710e+03 9.970484e-03 9.900791e-01 9.950272e-02
5.594720e+03 9.917984e-03 9.901310e-01 9.950533e-02
5.594730e+03 9.865900e-03 9.901826e-01 9.950792e-02
5.594740e+03 9.814226e-03 9.902338e-01 9.951049e-02
5.594750e+03 9.762959e-03 9.902845e-01 9.951304e-02
5.594760e+03 9.712094e-03 9.903349e-01 9.951557e-02
5.594770e+03 9.661627e-03 9.903849e-01 9.951808e-02
5.594780e+03 9.611553e-03 9.904345e-01 9.952058e-02
5.594790e+03 9.561870e-03 9.904837e-01 9.952305e-02
5.594800e+03 9.512572e-03 9.905325e-01 9.952550e-02
5.594810e+03 9.463656e-03 9.905810e-01 9.952793e-02
5.594820e+03 9.415117e-03 9.906291e-01 9.953035e-02
5.594830e+03 9.366953e-03 9.906768e-01 9.953275e-02
5.594840e+03 9.319158e-03 9.907241e-01 9.953513e-02
5.594850e+03 9.271730e-03 9.907711e-01 9.953749e-02
5.594860e+03 9.224664e-03 9.908178e-01 9.953983e-02
5.594870e+03 9.177957e-03 9.908640e-01 9.954215e-02
5.594880e+03 9.131605e-03 9.909100e-01 9.954446e-02
5.594890e+03 9.085604e-03 9.909555e-01 9.954675e-02
5.594900e+03 9.039951e-03 9.910008e-01 9.954902e-02
5.594910e+03 8.994643e-03 9.910457e-01 9.955128e-02
5.594920e+03 8.949676e-03 9.910903e-01 9.955352e-02
5.594930e+03 8.905047e-03 9.911345e-01 9.955574e-02
5.594940e+03 8.860751e-03 9.911784e-01 9.955794e-02
5.594950e+03 8.816787e-03 9.912220e-01 9.956013e-02
5.594960e+03 8.773149e-03 9.912652e-01 9.956230e-02
5.594970e+03 8.729837e-03 9.913082e-01 9.956446e-02
5.594980e+03 8.686845e-03 9.913508e-01 9.956660e-02
5.594990e+03 8.644171e-03 9.913931e-01 9.956872e-02
5.595000e+03 8.601812e-03 9.914351e-01 9.957083e-02
5.595010e+03 8.559765e-03 9.914768e-01 9.957293e-02
5.595020e+03 8.518026e-03 9.915181e-01 9.957500e-02
5.595030e+03 8.476592e-03 9.915592e-01 9.957707e-02
5.595040e+03 8.435462e-03 9.916000e-01 9.957912e-02
5.595050e+03 8.394631e-03 9.916405e-01 9.958115e-02
5.595060e+03 8.354096e-03 9.916807e-01 9.958317e-02
5.595070e+03 8.313856e-03 9.917206e-01 9.958517e-02
5.595080e+03 8.273907e-03 9.917602e-01 9.958716e-02
5.595090e+03 8.234245e-03 9.917996e-01 9.958913e-02
5.595100e+03 8.194869e-03 9.918386e-01 9.959109e-02
5.595110e+03 8.155776e-03 9.918774e-01 9.959304e-02
5.595120e+03 8.116963e-03 9.919159e-01 9.959497e-02
5.595130e+03 8.078427e-03 9.919541e-01 9.959689e-02
5.595140e+03 8.040166e-03 9.919921e-01 9.959880e-02
5.595150e+03 8.002177e-03 9.920298e-01 9.960069e-02
5.595160e+03 7.964457e-03 9.920672e-01 9.960257e-02
5.595170e+03 7.927004e-03 9.921043e-01 9.960443e-02
5.595180e+03 7.889816e-03 9.921412e-01 9.960629e-02
5.595190e+03 7.852890e-03 9.921779e-01 9.960813e-02
5.595200e+03 7.816223e-03 9.922142e-01 9.960995e-02
5.595210e+03 7.779813e-03 9.922504e-01 9.961176e-02
5.595220e+03 7.743657e-03 9.922862e-01 9.961357e-02
5.595230e+03 7.707754e-03 9.923219e-01 9.961535e-02
5.595240e+03 7.672101e-03 9.923573e-01 9.961713e-02
5.595250e+03 7.636695e-03 9.923924e-01 9.961889e-02
5.595260e+03 7.601535e-03 9.924273e-01 9.962064e-02
5.595270e+03 7.566617e-03 9.924619e-01 9.962238e-02
5.595280e+03 7.531941e-03 9.924964e-01 9.962411e-02
5.595290e+03 7.497503e-03 9.925305e-01 9.962583e-02
5.595300e+03 7.463301e-03 9.925645e-01 9.962753e-02
5.595310e+03 7.429334e-03 9.925982e-01 9.962922e-02
5.595320e+03 7.395598e-03 9.926317e-01 9.963090e-02
5.595330e+03 7.362093e-03 9.926649e-01 9.963257e-02
5.595340e+03 7.328815e-03 9.926980e-01 9.963423e-02
5.595350e+03 7.295763e-03 9.927308e-01 9.963588e-02
5.595360e+03 7.262935e-03 9.927634e-01 9.963751e-02
5.595370e+03 7.230329e-03 9.927957e-01 9.963914e-02
5.595380e+03 7.197942e-03 9.928279e-01 9.964075e-02
5.595390e+03 7.165773e-03 9.928598e-01 9.964235e-02
5.595400e+03 7.133820e-03 9.928916e-01 9.964394e-02
5.595410e+03 7.102081e-03 9.929231e-01 9.964553e-02
5.595420e+03 7.070554e-03 9.929544e-01 9.964710e-02
5.595430e+03 7.039236e-03 9.929855e-01 9.964866e-02
5.595440e+03 7.008127e-03 9.930164e-01 9.965021e-02
5.595450e+03 6.977225e-03 9.930471e-01 9.965175e-02
5.595460e+03 6.946527e-03 9.930775e-01 9.965328e-02
5.595470e+03 6.916031e-03 9.931078e-01 9.965480e-02
5.595480e+03 6.885737e-03 9.931379e-01 9.965631e-02
5.595490e+03 6.855642e-03 9.931678e-01 9.965780e-02
5.595500e+03 6.825744e-03 9.931975e-01 9.965929e-02
5.595510e+03 6.796042e-03 9.932270e-01 9.966077e-02
5.595520e+03 6.766534e-03 9.932563e-01 9.966224e-02
5.595530e+03 6.737218e-03 9.932854e-01 9.966371e-02
5.595540e+03 6.708093e-03 9.933144e-01 9.966516e-02
5.595550e+03 6.679156e-03 9.933431e-01 9.966660e-02
5.595560e+03 6.650408e-03 9.933717e-01 9.966803e-02
5.595570e+03 6.621844e-03 9.934000e-01 9.966946e-02
5.595580e+03 6.593465e-03 9.934282e-01 9.967087e-02
5.595590e+03 6.565269e-03 9.934562e-01 9.967227e-02
5.595600e+03 6.537253e-03 9.934841e-01 9.967367e-02
5.595610e+03 6.509417e-03 9.935117e-01 9.967506e-02
5.595620e+03 6.481759e-03 9.935392e-01 9.967644e-02
5.595630e+03 6.454278e-03 9.935665e-01 9.967781e-02
5.595640e+03 6.426971e-03 9.935936e-01 9.967917e-02
5.595650e+03 6.399837e-03 9.936206e-01 9.968052e-02
5.595660e+03 6.372876e-03 9.936474e-01 9.968186e-02
5.595670e+03 6.346084e-03 9.936740e-01 9.968320e-02
5.595680e+03 6.319462e-03 9.937005e-01 9.968453e-02
5.595690e+03 6.293008e-03 9.937268e-01 9.968584e-02
5.595700e+03 6.266720e-03 9.937529e-01 9.968715e-02
5.595710e+03 6.240596e-03 9.937788e-01 9.968846e-02
5.595720e+03 6.214636e-03 9.938046e-01 9.968975e-02
5.595730e+03 6.188838e-03 9.938303e-01 9.969104e-02
5.595740e+03 6.163201e-03 9.938558e-01 9.969231e-02
5.595750e+03 6.137723e-03 9.938811e-01 9.969358e-02
5.595760e+03 6.112403e-03 9.939062e-01 9.969485e-02
5.595770e+03 6.087240e-03 9.939312e-01 9.969610e-02
5.595780e+03 6.062233e-03 9.939561e-01 9.969735e-02
5.595790e+03 6.037380e-03 9.939808e-01 9.969859e-02
5.595800e+03 6.012679e-03 9.940054e-01 9.969982e-02
5.595810e+03 5.988130e-03 9.940298e-01 9.970104e-02
5.595820e+03 5.963732e-03 9.940540e-01 9.970226e-02
5.595830e+03 5.495545e-03 9.945195e-01 9.972560e-02
5.595840e+03 4.812967e-03 9.951986e-01 9.975964e-02
5.595850e+03 4.793291e-03 9.952182e-01 9.976062e-02
5.595860e+03 4.114499e-03 9.958940e-01 9.979449e-02
5.595870e+03 3.647780e-03 9.963589e-01 9.981778e-02
5.595880e+03 3.632759e-03 9.963738e-01 9.981853e-02
5.595890e+03 3.617831e-03 9.963887e-01 9.981927e-02
5.595900e+03 3.602995e-03 9.964035e-01 9.982001e-02
5.595910e+03 3.588250e-03 9.964182e-01 9.982075e-02
5.595920e+03 2.922882e-03 9.970814e-01 9.985396e-02
5.595930e+03 2.910844e-03 9.970934e-01 9.985456e-02
5.595940e+03 2.898880e-03 9.971053e-01 9.985516e-02
5.595950e+03 2.886989e-03 9.971172e-01 9.985575e-02
5.595960e+03 2.875172e-03 9.971290e-01 9.985634e-02
5.595970e+03 2.863427e-03 9.971407e-01 9.985693e-02
5.595980e+03 2.851755e-03 9.971523e-01 9.985751e-02
5.595990e+03 2.840153e-03 9.971639e-01 9.985809e-02
5.596000e+03 2.828623e-03 9.971754e-01 9.985867e-02
5.596010e+03 2.817162e-03 9.971868e-01 9.985924e-02
5.596020e+03 2.805772e-03 9.971982e-01 9.985981e-02
5.596030e+03 2.794450e-03 9.972095e-01 9.986038e-02
5.596040e+03 2.530236e-03 9.974730e-01 9.987357e-02
5.596050e+03 2.520033e-03 9.974831e-01 9.987408e-02
5.596060e+03 2.509891e-03 9.974933e-01 9.987458e-02
5.596070e+03 1.982087e-03 9.980199e-01 9.990094e-02
5.596080e+03 1.974079e-03 9.980279e-01 9.990134e-02
5.596090e+03 1.966119e-03 9.980358e-01 9.990174e-02
5.596100e+03 1.661118e-03 9.983403e-01 9.991698e-02
5.596110e+03 1.654408e-03 9.983470e-01 9.991731e-02
5.596120e+03 1.259555e-03 9.987412e-01 9.993704e-02
5.596130e+03 1.254434e-03 9.987464e-01 9.993730e-02
5.596140e+03 1.249344e-03 9.987514e-01 9.993755e-02
5.596150e+03 1.244285e-03 9.987565e-01 9.993781e-02
5.596160e+03 1.239256e-03 9.987615e-01 9.993806e-02
5.596170e+03 1.234258e-03 9.987665e-01 9.993831e-02
5.596180e+03 7.619568e-04 9.992383e-01 9.996191e-02
5.596190e+03 7.588333e-04 9.992415e-01 9.996207e-02
5.596200e+03 7.557289e-04 9.992446e-01 9.996222e-02
5.596210e+03 7.526435e-04 9.992476e-01 9.996237e-02
5.596220e+03 7.495770e-04 9.992507e-01 9.996253e-02
5.596230e+03 7.465292e-04 9.992537e-01 9.996268e-02
5.596240e+03 7.435000e-04 9.992568e-01 9.996283e-02
5.596250e+03 7.404892e-04 9.992598e-01 9.996298e-02
5.596260e+03 7.374966e-04 9.992628e-01 9.996313e-02
5.596270e+03 7.345222e-04 9.992657e-01 9.996328e-02
5.596280e+03 7.315657e-04 9.992687e-01 9.996343e-02
5.596290e+03 7.286271e-04 9.992716e-01 9.996358e-02
5.596300e+03 7.257061e-04 9.992746e-01 9.996372e-02
5.596310e+03 7.228027e-04 9.992775e-01 9.996387e-02
5.596320e+03 7.199167e-04 9.992803e-01 9.996401e-02
5.596330e+03 7.170479e-04 9.992832e-01 9.996415e-02
5.596340e+03 7.141963e-04 9.992861e-01 9.996430e-02
5.596350e+03 7.113617e-04 9.992889e-01 9.996444e-02
5.596360e+03 7.085439e-04 9.992917e-01 9.996458e-02
5.596370e+03 7.057428e-04 9.992945e-01 9.996472e-02
5.596380e+03 7.029583e-04 9.992973e-01 9.996486e-02
5.596390e+03 7.001903e-04 9.993001e-01 9.996500e-02
5.596400e+03 6.974386e-04 9.993028e-01 9.996513e-02
5.596410e+03 6.947031e-04 9.993055e-01 9.996527e-02
5.596420e+03 6.919837e-04 9.993083e-01 9.996541e-02
5.596430e+03 6.892802e-04 9.993110e-01 9.996554e-02
5.596440e+03 3.851500e-04 9.996149e-01 9.998074e-02
5.596450e+03 0.000000e+00 1.000000e+00 1.000000e-01
5.596460e+03 0.000000e+00 1.000000e+00 1.000000e-01
5.596470e+03 0.000000e+00 1.000000e+00 1.000000e-01
5.596480e+03 0.000000e+00 1.000000e+00 1.000000e-01
5.596490e+03 0.000000e+00 1.000000e+00 1.000000e-01
5.596500e+03 0.000000e+00 1.000000e+00 1.000000e-01
5.596510e+03 0.000000e+00 1.000000e+00 1.000000e-01
5.596520e+03 0.000000e+00 1.000000e+00 1.000000e-01
5.596530e+03 0.000000e+00 1.000000e+00 1.000000e-01
5.596540e+03 0.000000e+00 1.000000e+00 1.000000e-01
5.596550e+03 0.000000e+00 1.000000e+00 1.000000e-01
5.596560e+03 0.000000e+00 1.000000e+00 1.000000e-01
5.596570e+03 0.000000e+00 1.000000e+00 1.000000e-01
5.596580e+03 0.000000e+00 1.000000e+00 1.000000e-01
5.596590e+03 0.000000e+00 1.000000e+00 1.000000e-01
5.596600e+03 0.000000e+00 1.000000e+00 1.000000e-01
5.596610e+03 0.000000e+00 1.000000e+00 1.000000e-01
5.596620e+03 0.000000e+00 1.000000e+00 1.000000e-01
5.596630e+03 0.000000e+00 1.000000e+00 1.000000e-01
5.596640e+03 0.000000e+00 1.000000e+00 1.000000e-01
5.596650e+03 0.000000e+00 1.000000e+00 1.000000e-01
5.596660e+03 0.000000e+00 1.000000e+00 1.000000e-01
5.596670e+03 0.000000e+00 1.000000e+00 1.000000e-01
5.596680e+03 0.000000e+00 1.000000e+00 1.000000e-01
5.596690e+03 0.000000e+00 1.000000e+00 1.000000e-01
5.596700e+03 0.000000e+00 1.000000e+00 1.000000e-01
5.596710e+03 0.000000e+00 1.000000e+00 1.000000e-01
5.596720e+03 0.000000e+00 1.000000e+00 1.000000e-01
5.596730e+03 0.000000e+00 1.000000e+00 1.000000e-01
5.596740e+03 0.000000e+00 1.000000e+00 1.000000e-01
5.596750e+03 0.000000e+00 1.000000e+00 1.000000e-01
5.596760e+03 0.000000e+00 1.000000e+00 1.000000e-01
5.596770e+03 0.000000e+00 1.000000e+00 1.000000e-01
5.596780e+03 0.000000e+00 1.000000e+00 1.000000e-01
5.596790e+03 0.000000e+00 1.000000e+00 1.000000e-01
5.596800e+03 0.000000e+00 1.000000e+00 1.000000e-01
5.596810e+03 0.000000e+00 1.000000e+00 1.000000e-01
5.596820e+03 0.000000e+00 1.000000e+00 1.000000e-01
5.596830e+03 0.000000e+00 1.000000e+00 1.000000e-01
5.596840e+03 0.000000e+00 1.000000e+00 1.000000e-01
5.596850e+03 0.000000e+00 1.000000e+00 1.000000e-01
5.596860e+03 0.000000e+00 1.000000e+00 1.000000e-01
5.596870e+03 0.000000e+00 1.000000e+00 1.000000e-01
5.596880e+03 0.000000e+00 1.000000e+00 1.000000e-01
5.596890e+03 0.000000e+00 1.000000e+00 1.000000e-01
5.596900e+03 0.000000e+00 1.000000e+00 1.000000e-01
5.596910e+03 0.000000e+00 1.000000e+00 1.000000e-01
5.596920e+03 0.000000e+00 1.000000e+00 1.000000e-01
5.596930e+03 0.000000e+00 1.000000e+00 1.000000e-01
5.596940e+03 0.000000e+00 1.000000e+00 1.000000e-01
5.596950e+03 0.000000e+00 1.000000e+00 1.000000e-01
5.596960e+03 0.000000e+00 1.000000e+00 1.000000e-01
5.596970e+03 0.000000e+00 1.000000e+00 1.000000e-01
5.596980e+03 0.000000e+00 1.000000e+00 1.000000e-01
5.596990e+03 0.000000e+00 1.000000e+00 1.000000e-01
5.597000e+03 0.000000e+00 1.000000e+00 1.000000e-01
5.597010e+03 0.000000e+00 1.000000e+00 1.000000e-01
5.597020e+03 0.000000e+00 1.000000e+00 1.000000e-01
5.597030e+03 0.000000e+00 1.000000e+00 1.000000e-01
5.597040e+03 0.000000e+00 1.000000e+00 1.000000e-01
5.597050e+03 0.000000e+00 1.000000e+00 1.000000e-01
5.597060e+03 0.000000e+00 1.000000e+00 1.000000e-01
5.597070e+03 0.000000e+00 1.000000e+00 1.000000e-01
5.597080e+03 0.000000e+00 1.000000e+00 1.000000e-01
5.597090e+03 0.000000e+00 1.000000e+00 1.000000e-01
5.597100e+03 0.000000e+00 1.000000e+00 1.000000e-01
5.597110e+03 0.000000e+00 1.000000e+00 1.000000e-01
5.597120e+03 0.000000e+00 1.000000e+00 1.000000e-01
5.597130e+03 0.000000e+00 1.000000e+00 1.000000e-01
5.597140e+03 0.000000e+00 1.000000e+00 1.000000e-01
5.597150e+03 0.000000e+00 1.000000e+00 1.000000e-01
5.597160e+03 0.000000e+00 1.000000e+00 1.000000e-01
5.597170e+03 0.000000e+00 1.000000e+00 1.000000e-01
5.597180e+03 0.000000e+00 1.000000e+00 1.000000e-01
5.597190e+03 0.000000e+00 1.000000e+00 1.000000e-01
5.597200e+03 0.000000e+00 1.000000e+00 1.000000e-01
5.597210e+03 0.000000e+00 1.000000e+00 1.000000e-01
5.597220e+03 0.000000e+00 1.000000e+00 1.000000e-01
5.597230e+03 0.000000e+00 1.000000e+00 1.000000e-01
5.597240e+03 0.000000e+00 1.000000e+00 1.000000e-01
5.597250e+03 0.000000e+00 1.000000e+00 1.000000e-01
5.597260e+03 0.000000e+00 1.000000e+00 1.000000e-01
5.597270e+03 0.000000e+00 1.000000e+00 1.000000e-01
5.597280e+03 0.000000e+00 1.000000e+00 1.000000e-01
5.597290e+03 0.000000e+00 1.000000e+00 1.000000e-01
5.597300e+03 0.000000e+00 1.000000e+00 1.000000e-01
5.597310e+03 0.000000e+00 1.000000e+00 1.000000e-01
5.597320e+03 0.000000e+00 1.000000e+00 1.000000e-01
5.597330e+03 0.000000e+00 1.000000e+00 1.000000e-01
5.597340e+03 0.000000e+00 1.000000e+00 1.000000e-01
5.597350e+03 0.000000e+00 1.000000e+00 1.000000e-01
5.597360e+03 0.000000e+00 1.000000e+00 1.000000e-01
5.597370e+03 0.000000e+00 1.000000e+00 1.000000e-01
5.597380e+03 0.000000e+00 1.000000e+00 1.000000e-01
5.597390e+03 0.000000e+00 1.000000e+00 1.000000e-01
5.597400e+03 0.000000e+00 1.000000e+00 1.000000e-01
5.597410e+03 0.000000e+00 1.000000e+00 1.000000e-01
5.597420e+03 0.000000e+00 1.000000e+00 1.000000e-01
5.597430e+03 0.000000e+00 1.000000e+00 1.000000e-01
5.597440e+03 0.000000e+00 1.000000e+00 1.000000e-01
5.597450e+03 0.000000e+00 1.000000e+00 1.000000e-01
5.597460e+03 0.000000e+00 1.000000e+00 1.000000e-01
5.597470e+03 0.000000e+00 1.000000e+00 1.000000e-01
5.597480e+03 0.000000e+00 1.000000e+00 1.000000e-01
5.597490e+03 0.000000e+00 1.000000e+00 1.000000e-01
5.597500e+03 0.000000e+00 1.000000e+00 1.000000e-01
5.597510e+03 0.000000e+00 1.000000e+00 1.000000e-01
5.597520e+03 0.000000e+00 1.000000e+00 1.000000e-01
5.597530e+03 0.000000e+00 1.000000e+00 1.000000e-01
5.597540e+03 0.000000e+00 1.000000e+00 1.000000e-01
5.597550e+03 0.000000e+00 1.000000e+00 1.000000e-01
5.597560e+03 0.000000e+00 1.000000e+00 1.000000e-01
5.597570e+03 0.000000e+00 1.000000e+00 1.000000e-01
5.597580e+03 0.000000e+00 1.000000e+00 1.000000e-01
5.597590e+03 0.000000e+00 1.000000e+00 1.000000e-01
5.597600e+03 0.000000e+00 1.000000e+00 1.000000e-01
5.597610e+03 0.000000e+00 1.000000e+00 1.000000e-01
5.597620e+03 0.000000e+00 1.000000e+00 1.000000e-01
5.597630e+03 0.000000e+00 1.000000e+00 1.000000e-01
5.597640e+03 0.000000e+00 1.000000e+00 1.000000e-01
5.597650e+03 0.000000e+00 1.000000e+00 1.000000e-01
5.597660e+03 0.000000e+00 1.000000e+00 1.000000e-01
5.597670e+03 0.000000e+00 1.000000e+00 1.000000e-01
5.597680e+03 0.000000e+00 1.000000e+00 1.000000e-01
5.597690e+03 0.000000e+00 1.000000e+00 1.000000e-01
5.597700e+03 0.000000e+00 1.000000e+00 1.000000e-01
5.597710e+03 0.000000e+00 1.000000e+00 1.000000e-01
5.597720e+03 0.000000e+00 1.000000e+00 1.000000e-01
5.597730e+03 0.000000e+00 1.000000e+00 1.000000e-01
5.597740e+03 0.000000e+00 1.000000e+00 1.000000e-01
5.597750e+03 0.000000e+00 1.000000e+00 1.000000e-01
5.597760e+03 0.000000e+00 1.000000e+00 1.000000e-01
5.597770e+03 0.000000e+00 1.000000e+00 1.000000e-01
5.597780e+03 0.000000e+00 1.000000e+00 1.000000e-01
5.597790e+03 0.000000e+00 1.000000e+00 1.000000e-01
5.597800e+03 0.000000e+00 1.000000e+00 1.000000e-01
5.597810e+03 0.000000e+00 1.000000e+00 1.000000e-01
5.597820e+03 0.000000e+00 1.000000e+00 1.000000e-01
5.597830e+03 0.000000e+00 1.000000e+00 1.000000e-01
5.597840e+03 0.000000e+00 1.000000e+00 1.000000e-01
5.597850e+03 0.000000e+00 1.000000e+00 1.000000e-01
5.597860e+03 0.000000e+00 1.000000e+00 1.000000e-01
5.597870e+03 0.000000e+00 1.000000e+00 1.000000e-01
5.597880e+03 0.000000e+00 1.000000e+00 1.000000e-01
5.597890e+03 0.000000e+00 1.000000e+00 1.000000e-01
5.597900e+03 0.000000e+00 1.000000e+00 1.000000e-01
5.597910e+03 0.000000e+00 1.000000e+00 1.000000e-01
5.597920e+03 0.000000e+00 1.000000e+00 1.000000e-01
5.597930e+03 0.000000e+00 1.000000e+00 1.000000e-01
5.597940e+03 0.000000e+00 1.000000e+00 1.000000e-01
5.597950e+03 0.000000e+00 1.000000e+00 1.000000e-01
5.597960e+03 0.000000e+00 1.000000e+00 1.000000e-01
5.597970e+03 0.000000e+00 1.000000e+00 1.000000e-01
5.597980e+03 0.000000e+00 1.000000e+00 1.000000e-01
5.597990e+03 0.000000e+00 1.000000e+00 1.000000e-01
5.598000e+03 0.000000e+00 1.000000e+00 1.000000e-01
5.598010e+03 0.000000e+00 1.000000e+00 1.000000e-01
5.598020e+03 0.000000e+00 1.000000e+00 1.000000e-01
5.598030e+03 0.000000e+00 1.000000e+00 1.000000e-01
5.598040e+03 0.000000e+00 1.000000e+00 1.000000e-01
5.598050e+03 0.000000e+00 1.000000e+00 1.000000e-01
5.598060e+03 0.000000e+00 1.000000e+00 1.000000e-01
5.598070e+03 0.000000e+00 1.000000e+00 1.000000e-01
5.598080e+03 0.000000e+00 1.000000e+00 1.000000e-01
5.598090e+03 0.000000e+00 1.000000e+00 1.000000e-01
5.598100e+03 0.000000e+00 1.000000e+00 1.000000e-01
5.598110e+03 0.000000e+00 1.000000e+00 1.000000e-01
5.598120e+03 0.000000e+00 1.000000e+00 1.000000e-01
5.598130e+03 0.000000e+00 1.000000e+00 1.000000e-01
5.598140e+03 0.000000e+00 1.000000e+00 1.000000e-01
5.598150e+03 0.000000e+00 1.000000e+00 1.000000e-01
5.598160e+03 0.000000e+00 1.000000e+00 1.000000e-01
5.598170e+03 0.000000e+00 1.000000e+00 1.000000e-01
5.598180e+03 0.000000e+00 1.000000e+00 1.000000e-01
5.598190e+03 0.000000e+00 1.000000e+00 1.000000e-01
5.598200e+03 0.000000e+00 1.000000e+00 1.000000e-01
5.598210e+03 0.000000e+00 1.000000e+00 1.000000e-01
5.598220e+03 0.000000e+00 1.000000e+00 1.000000e-01
5.598230e+03 0.000000e+00 1.000000e+00 1.000000e-01
5.598240e+03 0.000000e+00 1.000000e+00 1.000000e-01
5.598250e+03 0.000000e+00 1.000000e+00 1.000000e-01
5.598260e+03 0.000000e+00 1.000000e+00 1.000000e-01
5.598270e+03 0.000000e+00 1.000000e+00 1.000000e-01
5.598280e+03 0.000000e+00 1.000000e+00 1.000000e-01
5.598290e+03 0.000000e+00 1.000000e+00 1.000000e-01
5.598300e+03 0.000000e+00 1.000000e+00 1.000000e-01
5.598310e+03 0.000000e+00 1.000000e+00 1.000000e-01
5.598320e+03 0.000000e+00 1.000000e+00 1.000000e-01
5.598330e+03 0.000000e+00 1.000000e+00 1.000000e-01
5.598340e+03 0.000000e+00 1.000000e+00 1.000000e-01
5.598350e+03 0.000000e+00 1.000000e+00 1.000000e-01
5.598360e+03 0.000000e+00 1.000000e+00 1.000000e-01
5.598370e+03 0.000000e+00 1.000000e+00 1.000000e-01
5.598380e+03 0.000000e+00 1.000000e+00 1.000000e-01
5.598390e+03 0.000000e+00 1.000000e+00 1.000000e-01
5.598400e+03 0.000000e+00 1.000000e+00 1.000000e-01
5.598410e+03 0.000000e+00 1.000000e+00 1.000000e-01
5.598420e+03 0.000000e+00 1.000000e+00 1.000000e-01
5.598430e+03 0.000000e+00 1.000000e+00 1.000000e-01
5.598440e+03 0.000000e+00 1.000000e+00 1.000000e-01
5.598450e+03 0.000000e+00 1.000000e+00 1.000000e-01
5.598460e+03 0.000000e+00 1.000000e+00 1.000000e-01
5.598470e+03 0.000000e+00 1.000000e+00 1.000000e-01
5.598480e+03 0.000000e+00 1.000000e+00 1.000000e-01
5.598490e+03 0.000000e+00 1.000000e+00 1.000000e-01
5.598500e+03 0.000000e+00 1.000000e+00 1.000000e-01
5.598510e+03 0.000000e+00 1.000000e+00 1.000000e-01
5.598520e+03 0.000000e+00 1.000000e+00 1.000000e-01
5.598530e+03 0.000000e+00 1.000000e+00 1.000000e-01
5.598540e+03 0.000000e+00 1.000000e+00 1.000000e-01
5.598550e+03 0.000000e+00 1.000000e+00 1.000000e-01
5.598560e+03 0.000000e+00 1.000000e+00 1.000000e-01
5.598570e+03 0.000000e+00 1.000000e+00 1.000000e-01
5.598580e+03 0.000000e+00 1.000000e+00 1.000000e-01
5.598590e+03 0.000000e+00 1.000000e+00 1.000000e-01
5.598600e+03 0.000000e+00 1.000000e+00 1.000000e-01
5.598610e+03 0.000000e+00 1.000000e+00 1.000000e-01
5.598620e+03 0.000000e+00 1.000000e+00 1.000000e-01
5.598630e+03 0.000000e+00 1.000000e+00 1.000000e-01
5.598640e+03 0.000000e+00 1.000000e+00 1.000000e-01
5.598650e+03 0.000000e+00 1.000000e+00 1.000000e-01
5.598660e+03 0.000000e+00 1.000000e+00 1.000000e-01
5.598670e+03 0.000000e+00 1.000000e+00 1.000000e-01
5.598680e+03 0.000000e+00 1.000000e+00 1.000000e-01
5.598690e+03 0.000000e+00 1.000000e+00 1.000000e-01
5.598700e+03 0.000000e+00 1.000000e+00 1.000000e-01
5.598710e+03 0.000000e+00 1.000000e+00 1.000000e-01
5.598720e+03 0.000000e+00 1.000000e+00 1.000000e-01
5.598730e+03 0.000000e+00 1.000000e+00 1.000000e-01
5.598740e+03 0.000000e+00 1.000000e+00 1.000000e-01
5.598750e+03 0.000000e+00 1.000000e+00 1.000000e-01
5.598760e+03 0.000000e+00 1.000000e+00 1.000000e-01
5.598770e+03 0.000000e+00 1.000000e+00 1.000000e-01
5.598780e+03 0.000000e+00 1.000000e+00 1.000000e-01
5.598790e+03 0.000000e+00 1.000000e+00 1.000000e-01
5.598800e+03 0.000000e+00 1.000000e+00 1.000000e-01
5.598810e+03 0.000000e+00 1.000000e+00 1.000000e-01
5.598820e+03 0.000000e+00 1.000000e+00 1.000000e-01
5.598830e+03 0.000000e+00 1.000000e+00 1.000000e-01
5.598840e+03 0.000000e+00 1.000000e+00 1.000000e-01
5.598850e+03 0.000000e+00 1.000000e+00 1.000000e-01
5.598860e+03 0.000000e+00 1.000000e+00 1.000000e-01
5.598870e+03 0.000000e+00 1.000000e+00 1.000000e-01
5.598880e+03 0.000000e+00 1.000000e+00 1.000000e-01
5.598890e+03 0.000000e+00 1.000000e+00 1.000000e-01
5.598900e+03 0.000000e+00 1.000000e+00 1.000000e-01
5.598910e+03 0.000000e+00 1.000000e+00 1.000000e-01
5.598920e+03 0.000000e+00 1.000000e+00 1.000000e-01
5.598930e+03 0.000000e+00 1.000000e+00 1.000000e-01
5.598940e+03 0.000000e+00 1.000000e+00 1.000000e-01
5.598950e+03 0.000000e+00 1.000000e+00 1.000000e-01
5.598960e+03 0.000000e+00 1.000000e+00 1.000000e-01
5.598970e+03 0.000000e+00 1.000000e+00 1.000000e-01
5.598980e+03 0.000000e+00 1.000000e+00 1.000000e-01
5.598990e+03 0.000000e+00 1.000000e+00 1.000000e-01
5.599000e+03 0.000000e+00 1.000000e+00 1.000000e-01
5.599010e+03 0.000000e+00 1.000000e+00 1.000000e-01
5.599020e+03 0.000000e+00 1.000000e+00 1.000000e-01
5.599030e+03 0.000000e+00 1.000000e+00 1.000000e-01
5.599040e+03 0.000000e+00 1.000000e+00 1.000000e-01
5.599050e+03 0.000000e+00 1.000000e+00 1.000000e-01
5.599060e+03 0.000000e+00 1.000000e+00 1.000000e-01
5.599070e+03 0.000000e+00 1.000000e+00 1.000000e-01
5.599080e+03 0.000000e+00 1.000000e+00 1.000000e-01
5.599090e+03 0.000000e+00 1.000000e+00 1.000000e-01
5.599100e+03 0.000000e+00 1.000000e+00 1.000000e-01
5.599110e+03 0.000000e+00 1.000000e+00 1.000000e-01
5.599120e+03 0.000000e+00 1.000000e+00 1.000000e-01
5.599130e+03 0.000000e+00 1.000000e+00 1.000000e-01
5.599140e+03 0.000000e+00 1.000000e+00 1.000000e-01
5.599150e+03 0.000000e+00 1.000000e+00 1.000000e-01
5.599160e+03 0.000000e+00 1.000000e+00 1.000000e-01
5.599170e+03 0.000000e+00 1.000000e+00 1.000000e-01
5.599180e+03 0.000000e+00 1.000000e+00 1.000000e-01
5.599190e+03 0.000000e+00 1.000000e+00 1.000000e-01
5.599200e+03 0.000000e+00 1.000000e+00 1.000000e-01
5.599210e+03 0.000000e+00 1.000000e+00 1.000000e-01
5.599220e+03 0.000000e+00 1.000000e+00 1.000000e-01
5.599230e+03 0.000000e+00 1.000000e+00 1.000000e-01
5.599240e+03 0.000000e+00 1.000000e+00 1.000000e-01
5.599250e+03 0.000000e+00 1.000000e+00 1.000000e-01
5.599260e+03 0.000000e+00 1.000000e+00 1.000000e-01
5.599270e+03 0.000000e+00 1.000000e+00 1.000000e-01
5.599280e+03 0.000000e+00 1.000000e+00 1.000000e-01
5.599290e+03 0.000000e+00 1.000000e+00 1.000000e-01
5.599300e+03 0.000000e+00 1.000000e+00 1.000000e-01
5.599310e+03 0.000000e+00 1.000000e+00 1.000000e-01
5.599320e+03 0.000000e+00 1.000000e+00 1.000000e-01
5.599330e+03 0.000000e+00 1.000000e+00 1.000000e-01
5.599340e+03 0.000000e+00 1.000000e+00 1.000000e-01
5.599350e+03 0.000000e+00 1.000000e+00 1.000000e-01
5.599360e+03 0.000000e+00 1.000000e+00 1.000000e-01
5.599370e+03 0.000000e+00 1.000000e+00 1.000000e-01
5.599380e+03 0.000000e+00 1.000000e+00 1.000000e-01
5.599390e+03 0.000000e+00 1.000000e+00 1.000000e-01
5.599400e+03 0.000000e+00 1.000000e+00 1.000000e-01
5.599410e+03 0.000000e+00 1.000000e+00 1.000000e-01
5.599420e+03 0.000000e+00 1.000000e+00 1.000000e-01
5.599430e+03 0.000000e+00 1.000000e+00 1.000000e-01
5.599440e+03 0.000000e+00 1.000000e+00 1.000000e-01
5.599450e+03 0.000000e+00 1.000000e+00 1.000000e-01
5.599460e+03 0.000000e+00 1.000000e+00 1.000000e-01
5.599470e+03 0.000000e+00 1.000000e+00 1.000000e-01
5.599480e+03 0.000000e+00 1.000000e+00 1.000000e-01
5.599490e+03 0.000000e+00 1.000000e+00 1.000000e-01
5.599500e+03 0.000000e+00 1.000000e+00 1.000000e-01
5.599510e+03 0.000000e+00 1.000000e+00 1.000000e-01
5.599520e+03 0.000000e+00 1.000000e+00 1.000000e-01
5.599530e+03 0.000000e+00 1.000000e+00 1.000000e-01
5.599540e+03 0.000000e+00 1.000000e+00 1.000000e-01
5.599550e+03 0.000000e+00 1.000000e+00 1.000000e-01
5.599560e+03 0.000000e+00 1.000000e+00 1.000000e-01
5.599570e+03 0.000000e+00 1.000000e+00 1.000000e-01
5.599580e+03 0.000000e+00 1.000000e+00 1.000000e-01
5.599590e+03 0.000000e+00 1.000000e+00 1.000000e-01
5.599600e+03 0.000000e+00 1.000000e+00 1.000000e-01
5.599610e+03 0.000000e+00 1.000000e+00 1.000000e-01
5.599620e+03 0.000000e+00 1.000000e+00 1.000000e-01
5.599630e+03 0.000000e+00 1.000000e+00 1.000000e-01
5.599640e+03 0.000000e+00 1.000000e+00 1.000000e-01
5.599650e+03 0.000000e+00 1.000000e+00 1.000000e-01
5.599660e+03 0.000000e+00 1.000000e+00 1.000000e-01
5.599670e+03 0.000000e+00 1.000000e+00 1.000000e-01
5.599680e+03 0.000000e+00 1.000000e+00 1.000000e-01
5.599690e+03 0.000000e+00 1.000000e+00 1.000000e-01
5.599700e+03 0.000000e+00 1.000000e+00 1.000000e-01
5.599710e+03 0.000000e+00 1.000000e+00 1.000000e-01
5.599720e+03 0.000000e+00 1.000000e+00 1.000000e-01
5.599730e+03 0.000000e+00 1.000000e+00 1.000000e-01
5.599740e+03 0.000000e+00 1.000000e+00 1.000000e-01
5.599750e+03 0.000000e+00 1.000000e+00 1.000000e-01
5.599760e+03 0.000000e+00 1.000000e+00 1.000000e-01
5.599770e+03 0.000000e+00 1.000000e+00 1.000000e-01
5.599780e+03 0.000000e+00 1.000000e+00 1.000000e-01
5.599790e+03 0.000000e+00 1.000000e+00 1.000000e-01
5.599800e+03 0.000000e+00 1.000000e+00 1.000000e-01
5.599810e+03 0.000000e+00 1.000000e+00 1.000000e-01
5.599820e+03 0.000000e+00 1.000000e+00 1.000000e-01
5.599830e+03 0.000000e+00 1.000000e+00 1.000000e-01
5.599840e+03 0.000000e+00 1.000000e+00 1.000000e-01
5.599850e+03 0.000000e+00 1.000000e+00 1.000000e-01
5.599860e+03 0.000000e+00 1.000000e+00 1.000000e-01
5.599870e+03 0.000000e+00 1.000000e+00 1.000000e-01
5.599880e+03 0.000000e+00 1.000000e+00 1.000000e-01
5.599890e+03 0.000000e+00 1.000000e+00 1.000000e-01
5.599900e+03 0.000000e+00 1.000000e+00 1.000000e-01
5.599910e+03 0.000000e+00 1.000000e+00 1.000000e-01
5.599920e+03 0.000000e+00 1.000000e+00 1.000000e-01
5.599930e+03 0.000000e+00 1.000000e+00 1.000000e-01
5.599940e+03 0.000000e+00 1.000000e+00 1.000000e-01
5.599950e+03 0.000000e+00 1.000000e+00 1.000000e-01
5.599960e+03 0.000000e+00 1.000000e+00 1.000000e-01
5.599970e+03 0.000000e+00 1.000000e+00 1.000000e-01
5.599980e+03 0.000000e+00 1.000000e+00 1.000000e-01
5.599990e+03 0.000000e+00 1.000000e+00 1.000000e-01
5.600000e+03 0.000000e+00 1.000000e+00 1.000000e-01
5.600010e+03 0.000000e+00 1.000000e+00 1.000000e-01
5.600020e+03 0.000000e+00 1.000000e+00 1.000000e-01
5.600030e+03 0.000000e+00 1.000000e+00 1.000000e-01
5.600040e+03 0.000000e+00 1.000000e+00 1.000000e-01
5.600050e+03 0.000000e+00 1.000000e+00 1.000000e-01
5.600060e+03 0.000000e+00 1.000000e+00 1.000000e-01
5.600070e+03 0.000000e+00 1.000000e+00 1.000000e-01
5.600080e+03 0.000000e+00 1.000000e+00 1.000000e-01
5.600090e+03 0.000000e+00 1.000000e+00 1.000000e-01
5.600100e+03 0.000000e+00 1.000000e+00 1.000000e-01
5.600110e+03 0.000000e+00 1.000000e+00 1.000000e-01
5.600120e+03 0.000000e+00 1.000000e+00 1.000000e-01
5.600130e+03 0.000000e+00 1.000000e+00 1.000000e-01
5.600140e+03 0.000000e+00 1.000000e+00 1.000000e-01
5.600150e+03 0.000000e+00 1.000000e+00 1.000000e-01
5.600160e+03 0.000000e+00 1.000000e+00 1.000000e-01
5.600170e+03 0.000000e+00 1.000000e+00 1.000000e-01
5.600180e+03 0.000000e+00 1.000000e+00 1.000000e-01
5.600190e+03 0.000000e+00 1.000000e+00 1.000000e-01
5.600200e+03 0.000000e+00 1.000000e+00 1.000000e-01
5.600210e+03 0.000000e+00 1.000000e+00 1.000000e-01
5.600220e+03 0.000000e+00 1.000000e+00 1.000000e-01
5.600230e+03 0.000000e+00 1.000000e+00 1.000000e-01
5.600240e+03 0.000000e+00 1.000000e+00 1.000000e-01
5.600250e+03 0.000000e+00 1.000000e+00 1.000000e-01
5.600260e+03 0.000000e+00 1.000000e+00 1.000000e-01
5.600270e+03 0.000000e+00 1.000000e+00 1.000000e-01
5.600280e+03 0.000000e+00 1.000000e+00 1.000000e-01
5.600290e+03 0.000000e+00 1.000000e+00 1.000000e-01
5.600300e+03 0.000000e+00 1.000000e+00 1.000000e-01
5.600310e+03 0.000000e+00 1.000000e+00 1.000000e-01
5.600320e+03 0.000000e+00 1.000000e+00 1.000000e-01
5.600330e+03 0.000000e+00 1.000000e+00 1.000000e-01
5.600340e+03 0.000000e+00 1.000000e+00 1.000000e-01
5.600350e+03 0.000000e+00 1.000000e+00 1.000000e-01
5.600360e+03 0.000000e+00 1.000000e+00 1.000000e-01
5.600370e+03 0.000000e+00 1.000000e+00 1.000000e-01
5.600380e+03 0.000000e+00 1.000000e+00 1.000000e-01
5.600390e+03 0.000000e+00 1.000000e+00 1.000000e-01
5.600400e+03 0.000000e+00 1.000000e+00 1.000000e-01
5.600410e+03 0.000000e+00 1.000000e+00 1.000000e-01
5.600420e+03 0.000000e+00 1.000000e+00 1.000000e-01
5.600430e+03 0.000000e+00 1.000000e+00 1.000000e-01
5.600440e+03 0.000000e+00 1.000000e+00 1.000000e-01
5.600450e+03 0.000000e+00 1.000000e+00 1.000000e-01
5.600460e+03 0.000000e+00 1.000000e+00 1.000000e-01
5.600470e+03 0.000000e+00 1.000000e+00 1.000000e-01
5.600480e+03 0.000000e+00 1.000000e+00 1.000000e-01
5.600490e+03 0.000000e+00 1.000000e+00 1.000000e-01
5.600500e+03 0.000000e+00 1.000000e+00 1.000000e-01
5.600510e+03 0.000000e+00 1.000000e+00 1.000000e-01
5.600520e+03 0.000000e+00 1.000000e+00 1.000000e-01
5.600530e+03 0.000000e+00 1.000000e+00 1.000000e-01
5.600540e+03 0.000000e+00 1.000000e+00 1.000000e-01
5.600550e+03 0.000000e+00 1.000000e+00 1.000000e-01
5.600560e+03 0.000000e+00 1.000000e+00 1.000000e-01
5.600570e+03 0.000000e+00 1.000000e+00 1.000000e-01
5.600580e+03 0.000000e+00 1.000000e+00 1.000000e-01
5.600590e+03 0.000000e+00 1.000000e+00 1.000000e-01
5.600600e+03 0.000000e+00 1.000000e+00 1.000000e-01
5.600610e+03 0.000000e+00 1.000000e+00 1.000000e-01
5.600620e+03 0.000000e+00 1.000000e+00 1.000000e-01
5.600630e+03 0.000000e+00 1.000000e+00 1.000000e-01
5.600640e+03 0.000000e+00 1.000000e+00 1.000000e-01
5.600650e+03 0.000000e+00 1.000000e+00 1.000000e-01
5.600660e+03 0.000000e+00 1.000000e+00 1.000000e-01
5.600670e+03 0.000000e+00 1.000000e+00 1.000000e-01
5.600680e+03 0.000000e+00 1.000000e+00 1.000000e-01
5.600690e+03 0.000000e+00 1.000000e+00 1.000000e-01
5.600700e+03 0.000000e+00 1.000000e+00 1.000000e-01
5.600710e+03 0.000000e+00 1.000000e+00 1.000000e-01
5.600720e+03 0.000000e+00 1.000000e+00 1.000000e-01
5.600730e+03 0.000000e+00 1.000000e+00 1.000000e-01
5.600740e+03 0.000000e+00 1.000000e+00 1.000000e-01
5.600750e+03 0.000000e+00 1.000000e+00 1.000000e-01
5.600760e+03 0.000000e+00 1.000000e+00 1.000000e-01
5.600770e+03 0.000000e+00 1.000000e+00 1.000000e-01
5.600780e+03 0.000000e+00 1.000000e+00 1.000000e-01
5.600790e+03 0.000000e+00 1.000000e+00 1.000000e-01
5.600800e+03 0.000000e+00 1.000000e+00 1.000000e-01
5.600810e+03 0.000000e+00 1.000000e+00 1.000000e-01
5.600820e+03 0.000000e+00 1.000000e+00 1.000000e-01
5.600830e+03 0.000000e+00 1.000000e+00 1.000000e-01
5.600840e+03 0.000000e+00 1.000000e+00 1.000000e-01
5.600850e+03 0.000000e+00 1.000000e+00 1.000000e-01
5.600860e+03 0.000000e+00 1.000000e+00 1.000000e-01
5.600870e+03 0.000000e+00 1.000000e+00 1.000000e-01
5.600880e+03 0.000000e+00 1.000000e+00 1.000000e-01
5.600890e+03 0.000000e+00 1.000000e+00 1.000000e-01
5.600900e+03 0.000000e+00 1.000000e+00 1.000000e-01
5.600910e+03 0.000000e+00 1.000000e+00 1.000000e-01
5.600920e+03 0.000000e+00 1.000000e+00 1.000000e-01
5.600930e+03 0.000000e+00 1.000000e+00 1.000000e-01
5.600940e+03 0.000000e+00 1.000000e+00 1.000000e-01
5.600950e+03 0.000000e+00 1.000000e+00 1.000000e-01
5.600960e+03 0.000000e+00 1.000000e+00 1.000000e-01
5.600970e+03 0.000000e+00 1.000000e+00 1.000000e-01
5.600980e+03 0.000000e+00 1.000000e+00 1.000000e-01
5.600990e+03 0.000000e+00 1.000000e+00 1.000000e-01
5.601000e+03 0.000000e+00 1.000000e+00 1.000000e-01
5.601010e+03 0.000000e+00 1.000000e+00 1.000000e-01
5.601020e+03 0.000000e+00 1.000000e+00 1.000000e-01
5.601030e+03 0.000000e+00 1.000000e+00 1.000000e-01
5.601040e+03 0.000000e+00 1.000000e+00 1.000000e-01
5.601050e+03 0.000000e+00 1.000000e+00 1.000000e-01
5.601060e+03 0.000000e+00 1.000000e+00 1.000000e-01
5.601070e+03 0.000000e+00 1.000000e+00 1.000000e-01
5.601080e+03 0.000000e+00 1.000000e+00 1.000000e-01
5.601090e+03 0.000000e+00 1.000000e+00 1.000000e-01
5.601100e+03 0.000000e+00 1.000000e+00 1.000000e-01
5.601110e+03 0.000000e+00 1.000000e+00 1.000000e-01
5.601120e+03 0.000000e+00 1.000000e+00 1.000000e-01
5.601130e+03 0.000000e+00 1.000000e+00 1.000000e-01
5.601140e+03 0.000000e+00 1.000000e+00 1.000000e-01
5.601150e+03 0.000000e+00 1.000000e+00 1.000000e-01
5.601160e+03 0.000000e+00 1.000000e+00 1.000000e-01
5.601170e+03 0.000000e+00 1.000000e+00 1.000000e-01
5.601180e+03 0.000000e+00 1.000000e+00 1.000000e-01
5.601190e+03 0.000000e+00 1.000000e+00 1.000000e-01
5.601200e+03 0.000000e+00 1.000000e+00 1.000000e-01
5.601210e+03 0.000000e+00 1.000000e+00 1.000000e-01
5.601220e+03 0.000000e+00 1.000000e+00 1.000000e-01
5.601230e+03 0.000000e+00 1.000000e+00 1.000000e-01
5.601240e+03 0.000000e+00 1.000000e+00 1.000000e-01
5.601250e+03 0.000000e+00 1.000000e+00 1.000000e-01
5.601260e+03 0.000000e+00 1.000000e+00 1.000000e-01
5.601270e+03 0.000000e+00 1.000000e+00 1.000000e-01
5.601280e+03 0.000000e+00 1.000000e+00 1.000000e-01
5.601290e+03 0.000000e+00 1.000000e+00 1.000000e-01
5.601300e+03 0.000000e+00 1.000000e+00 1.000000e-01
5.601310e+03 0.000000e+00 1.000000e+00 1.000000e-01
5.601320e+03 0.000000e+00 1.000000e+00 1.000000e-01
5.601330e+03 0.000000e+00 1.000000e+00 1.000000e-01
5.601340e+03 0.000000e+00 1.000000e+00 1.000000e-01
5.601350e+03 0.000000e+00 1.000000e+00 1.000000e-01
5.601360e+03 0.000000e+00 1.000000e+00 1.000000e-01
5.601370e+03 0.000000e+00 1.000000e+00 1.000000e-01
5.601380e+03 0.000000e+00 1.000000e+00 1.000000e-01
5.601390e+03 0.000000e+00 1.000000e+00 1.000000e-01
5.601400e+03 0.000000e+00 1.000000e+00 1.000000e-01
5.601410e+03 0.000000e+00 1.000000e+00 1.000000e-01
5.601420e+03 0.000000e+00 1.000000e+00 1.000000e-01
5.601430e+03 0.000000e+00 1.000000e+00 1.000000e-01
5.601440e+03 0.000000e+00 1.000000e+00 1.000000e-01
5.601450e+03 0.000000e+00 1.000000e+00 1.000000e-01
5.601460e+03 0.000000e+00 1.000000e+00 1.000000e-01
5.601470e+03 0.000000e+00 1.000000e+00 1.000000e-01
5.601480e+03 0.000000e+00 1.000000e+00 1.000000e-01
5.601490e+03 0.000000e+00 1.000000e+00 1.000000e-01
5.601500e+03 0.000000e+00 1.000000e+00 1.000000e-01
5.601510e+03 0.000000e+00 1.000000e+00 1.000000e-01
5.601520e+03 0.000000e+00 1.000000e+00 1.000000e-01
5.601530e+03 0.000000e+00 1.000000e+00 1.000000e-01
5.601540e+03 0.000000e+00 1.000000e+00 1.000000e-01
5.601550e+03 0.000000e+00 1.000000e+00 1.000000e-01
5.601560e+03 0.000000e+00 1.000000e+00 1.000000e-01
5.601570e+03 0.000000e+00 1.000000e+00 1.000000e-01
5.601580e+03 0.000000e+00 1.000000e+00 1.000000e-01
5.601590e+03 0.000000e+00 1.000000e+00 1.000000e-01
5.601600e+03 0.000000e+00 1.000000e+00 1.000000e-01
5.601610e+03 0.000000e+00 1.000000e+00 1.000000e-01
5.601620e+03 0.000000e+00 1.000000e+00 1.000000e-01
5.601630e+03 0.000000e+00 1.000000e+00 1.000000e-01
5.601640e+03 0.000000e+00 1.000000e+00 1.000000e-01
5.601650e+03 0.000000e+00 1.000000e+00 1.000000e-01
5.601660e+03 0.000000e+00 1.000000e+00 1.000000e-01
5.601670e+03 0.000000e+00 1.000000e+00 1.000000e-01
5.601680e+03 0.000000e+00 1.000000e+00 1.000000e-01
5.601690e+03 0.000000e+00 1.000000e+00 1.000000e-01
5.601700e+03 0.000000e+00 1.000000e+00 1.000000e-01
5.601710e+03 0.000000e+00 1.000000e+00 1.000000e-01
5.601720e+03 0.000000e+00 1.000000e+00 1.000000e-01
5.601730e+03 0.000000e+00 1.000000e+00 1.000000e-01
5.601740e+03 0.000000e+00 1.000000e+00 1.000000e-01
5.601750e+03 0.000000e+00 1.000000e+00 1.000000e-01
5.601760e+03 0.000000e+00 1.000000e+00 1.000000e-01
5.601770e+03 0.000000e+00 1.000000e+00 1.000000e-01
5.601780e+03 0.000000e+00 1.000000e+00 1.000000e-01
5.601790e+03 0.000000e+00 1.000000e+00 1.000000e-01
5.601800e+03 0.000000e+00 1.000000e+00 1.000000e-01
5.601810e+03 0.000000e+00 1.000000e+00 1.000000e-01
5.601820e+03 0.000000e+00 1.000000e+00 1.000000e-01
5.601830e+03 0.000000e+00 1.000000e+00 1.000000e-01
5.601840e+03 0.000000e+00 1.000000e+00 1.000000e-01
5.601850e+03 0.000000e+00 1.000000e+00 1.000000e-01
5.601860e+03 0.000000e+00 1.000000e+00 1.000000e-01
5.601870e+03 0.000000e+00 1.000000e+00 1.000000e-01
5.601880e+03 0.000000e+00 1.000000e+00 1.000000e-01
5.601890e+03 0.000000e+00 1.000000e+00 1.000000e-01
5.601900e+03 0.000000e+00 1.000000e+00 1.000000e-01
5.601910e+03 0.000000e+00 1.000000e+00 1.000000e-01
5.601920e+03 0.000000e+00 1.000000e+00 1.000000e-01
5.601930e+03 0.000000e+00 1.000000e+00 1.000000e-01
5.601940e+03 0.000000e+00 1.000000e+00 1.000000e-01
5.601950e+03 0.000000e+00 1.000000e+00 1.000000e-01
5.601960e+03 0.000000e+00 1.000000e+00 1.000000e-01
5.601970e+03 0.000000e+00 1.000000e+00 1.000000e-01
5.601980e+03 0.000000e+00 1.000000e+00 1.000000e-01
5.601990e+03 0.000000e+00 1.000000e+00 1.000000e-01
5.602000e+03 0.000000e+00 1.000000e+00 1.000000e-01
5.602010e+03 0.000000e+00 1.000000e+00 1.000000e-01
5.602020e+03 0.000000e+00 1.000000e+00 1.000000e-01
5.602030e+03 0.000000e+00 1.000000e+00 1.000000e-01
5.602040e+03 0.000000e+00 1.000000e+00 1.000000e-01
5.602050e+03 0.000000e+00 1.000000e+00 1.000000e-01
5.602060e+03 0.000000e+00 1.000000e+00 1.000000e-01
5.602070e+03 0.000000e+00 1.000000e+00 1.000000e-01
5.602080e+03 0.000000e+00 1.000000e+00 1.000000e-01
5.602090e+03 0.000000e+00 1.000000e+00 1.000000e-01
5.602100e+03 0.000000e+00 1.000000e+00 1.000000e-01
5.602110e+03 0.000000e+00 1.000000e+00 1.000000e-01
5.602120e+03 0.000000e+00 1.000000e+00 1.000000e-01
5.602130e+03 0.000000e+00 1.000000e+00 1.000000e-01
5.602140e+03 0.000000e+00 1.000000e+00 1.000000e-01
5.602150e+03 0.000000e+00 1.000000e+00 1.000000e-01
5.602160e+03 0.000000e+00 1.000000e+00 1.000000e-01
5.602170e+03 0.000000e+00 1.000000e+00 1.000000e-01
5.602180e+03 0.000000e+00 1.000000e+00 1.000000e-01
5.602190e+03 0.000000e+00 1.000000e+00 1.000000e-01
5.602200e+03 0.000000e+00 1.000000e+00 1.000000e-01
5.602210e+03 0.000000e+00 1.000000e+00 1.000000e-01
5.602220e+03 0.000000e+00 1.000000e+00 1.000000e-01
5.602230e+03 0.000000e+00 1.000000e+00 1.000000e-01
5.602240e+03 0.000000e+00 1.000000e+00 1.000000e-01
5.602250e+03 0.000000e+00 1.000000e+00 1.000000e-01
5.602260e+03 0.000000e+00 1.000000e+00 1.000000e-01
5.602270e+03 0.000000e+00 1.000000e+00 1.000000e-01
5.602280e+03 0.000000e+00 1.000000e+00 1.000000e-01
5.602290e+03 0.000000e+00 1.000000e+00 1.000000e-01
5.602300e+03 0.000000e+00 1.000000e+00 1.000000e-01
5.602310e+03 0.000000e+00 1.000000e+00 1.000000e-01
5.602320e+03 0.000000e+00 1.000000e+00 1.000000e-01
5.602330e+03 0.000000e+00 1.000000e+00 1.000000e-01
5.602340e+03 0.000000e+00 1.000000e+00 1.000000e-01
5.602350e+03 0.000000e+00 1.000000e+00 1.000000e-01
5.602360e+03 0.000000e+00 1.000000e+00 1.000000e-01
5.602370e+03 0.000000e+00 1.000000e+00 1.000000e-01
5.602380e+03 0.000000e+00 1.000000e+00 1.000000e-01
5.602390e+03 0.000000e+00 1.000000e+00 1.000000e-01
5.602400e+03 0.000000e+00 1.000000e+00 1.000000e-01
5.602410e+03 0.000000e+00 1.000000e+00 1.000000e-01
5.602420e+03 0.000000e+00 1.000000e+00 1.000000e-01
5.602430e+03 0.000000e+00 1.000000e+00 1.000000e-01
5.602440e+03 0.000000e+00 1.000000e+00 1.000000e-01
5.602450e+03 0.000000e+00 1.000000e+00 1.000000e-01
5.602460e+03 0.000000e+00 1.000000e+00 1.000000e-01
5.602470e+03 0.000000e+00 1.000000e+00 1.000000e-01
5.602480e+03 0.000000e+00 1.000000e+00 1.000000e-01
5.602490e+03 0.000000e+00 1.000000e+00 1.000000e-01
5.602500e+03 0.000000e+00 1.000000e+00 1.000000e-01
5.602510e+03 0.000000e+00 1.000000e+00 1.000000e-01
5.602520e+03 0.000000e+00 1.000000e+00 1.000000e-01
5.602530e+03 0.000000e+00 1.000000e+00 1.000000e-01
5.602540e+03 0.000000e+00 1.000000e+00 1.000000e-01
5.602550e+03 0.000000e+00 1.000000e+00 1.000000e-01
5.602560e+03 0.000000e+00 1.000000e+00 1.000000e-01
5.602570e+03 0.000000e+00 1.000000e+00 1.000000e-01
5.602580e+03 0.000000e+00 1.000000e+00 1.000000e-01
5.602590e+03 0.000000e+00 1.000000e+00 1.000000e-01
5.602600e+03 0.000000e+00 1.000000e+00 1.000000e-01
5.602610e+03 0.000000e+00 1.000000e+00 1.000000e-01
5.602620e+03 0.000000e+00 1.000000e+00 1.000000e-01
5.602630e+03 0.000000e+00 1.000000e+00 1.000000e-01
5.602640e+03 0.000000e+00 1.000000e+00 1.000000e-01
5.602650e+03 0.000000e+00 1.000000e+00 1.000000e-01
5.602660e+03 0.000000e+00 1.000000e+00 1.000000e-01
5.602670e+03 0.000000e+00 1.000000e+00 1.000000e-01
5.602680e+03 0.000000e+00 1.000000e+00 1.000000e-01
5.602690e+03 0.000000e+00 1.000000e+00 1.000000e-01
5.602700e+03 0.000000e+00 1.000000e+00 1.000000e-01
5.602710e+03 0.000000e+00 1.000000e+00 1.000000e-01
5.602720e+03 0.000000e+00 1.000000e+00 1.000000e-01
5.602730e+03 0.000000e+00 1.000000e+00 1.000000e-01
5.602740e+03 0.000000e+00 1.000000e+00 1.000000e-01
5.602750e+03 0.000000e+00 1.000000e+00 1.000000e-01
5.602760e+03 0.000000e+00 1.000000e+00 1.000000e-01
5.602770e+03 0.000000e+00 1.000000e+00 1.000000e-01
5.602780e+03 0.000000e+00 1.000000e+00 1.000000e-01
5.602790e+03 0.000000e+00 1.000000e+00 1.000000e-01
5.602800e+03 0.000000e+00 1.000000e+00 1.000000e-01
5.602810e+03 0.000000e+00 1.000000e+00 1.000000e-01
5.602820e+03 0.000000e+00 1.000000e+00 1.000000e-01
5.602830e+03 0.000000e+00 1.000000e+00 1.000000e-01
5.602840e+03 0.000000e+00 1.000000e+00 1.000000e-01
5.602850e+03 0.000000e+00 1.000000e+00 1.000000e-01
5.602860e+03 0.000000e+00 1.000000e+00 1.000000e-01
5.602870e+03 0.000000e+00 1.000000e+00 1.000000e-01
5.602880e+03 0.000000e+00 1.000000e+00 1.000000e-01
5.602890e+03 0.000000e+00 1.000000e+00 1.000000e-01
5.602900e+03 0.000000e+00 1.000000e+00 1.000000e-01
5.602910e+03 0.000000e+00 1.000000e+00 1.000000e-01
5.602920e+03 0.000000e+00 1.000000e+00 1.000000e-01
5.602930e+03 0.000000e+00 1.000000e+00 1.000000e-01
5.602940e+03 0.000000e+00 1.000000e+00 1.000000e-01
5.602950e+03 0.000000e+00 1.000000e+00 1.000000e-01
5.602960e+03 0.000000e+00 1.000000e+00 1.000000e-01
5.602970e+03 0.000000e+00 1.000000e+00 1.000000e-01
5.602980e+03 0.000000e+00 1.000000e+00 1.000000e-01
5.602990e+03 0.000000e+00 1.000000e+00 1.000000e-01
5.603000e+03 0.000000e+00 1.000000e+00 1.000000e-01
5.603010e+03 0.000000e+00 1.000000e+00 1.000000e-01
5.603020e+03 0.000000e+00 1.000000e+00 1.000000e-01
5.603030e+03 0.000000e+00 1.000000e+00 1.000000e-01
5.603040e+03 0.000000e+00 1.000000e+00 1.000000e-01
5.603050e+03 0.000000e+00 1.000000e+00 1.000000e-01
5.603060e+03 0.000000e+00 1.000000e+00 1.000000e-01
5.603070e+03 0.000000e+00 1.000000e+00 1.000000e-01
5.603080e+03 0.000000e+00 1.000000e+00 1.000000e-01
5.603090e+03 0.000000e+00 1.000000e+00 1.000000e-01
5.603100e+03 0.000000e+00 1.000000e+00 1.000000e-01
5.603110e+03 0.000000e+00 1.000000e+00 1.000000e-01
5.603120e+03 0.000000e+00 1.000000e+00 1.000000e-01
5.603130e+03 0.000000e+00 1.000000e+00 1.000000e-01
5.603140e+03 0.000000e+00 1.000000e+00 1.000000e-01
5.603150e+03 0.000000e+00 1.000000e+00 1.000000e-01
5.603160e+03 0.000000e+00 1.000000e+00 1.000000e-01
5.603170e+03 0.000000e+00 1.000000e+00 1.000000e-01
5.603180e+03 0.000000e+00 1.000000e+00 1.000000e-01
5.603190e+03 0.000000e+00 1.000000e+00 1.000000e-01
5.603200e+03 0.000000e+00 1.000000e+00 1.000000e-01
5.603210e+03 0.000000e+00 1.000000e+00 1.000000e-01
5.603220e+03 0.000000e+00 1.000000e+00 1.000000e-01
5.603230e+03 0.000000e+00 1.000000e+00 1.000000e-01
5.603240e+03 0.000000e+00 1.000000e+00 1.000000e-01
5.603250e+03 0.000000e+00 1.000000e+00 1.000000e-01
5.603260e+03 0.000000e+00 1.000000e+00 1.000000e-01
5.603270e+03 0.000000e+00 1.000000e+00 1.000000e-01
5.603280e+03 0.000000e+00 1.000000e+00 1.000000e-01
5.603290e+03 0.000000e+00 1.000000e+00 1.000000e-01
5.603300e+03 0.000000e+00 1.000000e+00 1.000000e-01
5.603310e+03 0.000000e+00 1.000000e+00 1.000000e-01
5.603320e+03 0.000000e+00 1.000000e+00 1.000000e-01
5.603330e+03 0.000000e+00 1.000000e+00 1.000000e-01
5.603340e+03 0.000000e+00 1.000000e+00 1.000000e-01
5.603350e+03 0.000000e+00 1.000000e+00 1.000000e-01
5.603360e+03 0.000000e+00 1.000000e+00 1.000000e-01
5.603370e+03 0.000000e+00 1.000000e+00 1.000000e-01
5.603380e+03 0.000000e+00 1.000000e+00 1.000000e-01
5.603390e+03 0.000000e+00 1.000000e+00 1.000000e-01
5.603400e+03 0.000000e+00 1.000000e+00 1.000000e-01
5.603410e+03 0.000000e+00 1.000000e+00 1.000000e-01
5.603420e+03 0.000000e+00 1.000000e+00 1.000000e-01
5.603430e+03 0.000000e+00 1.000000e+00 1.000000e-01
5.603440e+03 0.000000e+00 1.000000e+00 1.000000e-01
5.603450e+03 0.000000e+00 1.000000e+00 1.000000e-01
5.603460e+03 0.000000e+00 1.000000e+00 1.000000e-01
5.603470e+03 0.000000e+00 1.000000e+00 1.000000e-01
5.603480e+03 0.000000e+00 1.000000e+00 1.000000e-01
5.603490e+03 0.000000e+00 1.000000e+00 1.000000e-01
5.603500e+03 0.000000e+00 1.000000e+00 1.000000e-01
5.603510e+03 0.000000e+00 1.000000e+00 1.000000e-01
5.603520e+03 0.000000e+00 1.000000e+00 1.000000e-01
5.603530e+03 0.000000e+00 1.000000e+00 1.000000e-01
5.603540e+03 0.000000e+00 1.000000e+00 1.000000e-01
5.603550e+03 0.000000e+00 1.000000e+00 1.000000e-01
5.603560e+03 0.000000e+00 1.000000e+00 1.000000e-01
5.603570e+03 0.000000e+00 1.000000e+00 1.000000e-01
5.603580e+03 0.000000e+00 1.000000e+00 1.000000e-01
5.603590e+03 0.000000e+00 1.000000e+00 1.000000e-01
5.603600e+03 0.000000e+00 1.000000e+00 1.000000e-01
5.603610e+03 0.000000e+00 1.000000e+00 1.000000e-01
5.603620e+03 0.000000e+00 1.000000e+00 1.000000e-01
5.603630e+03 0.000000e+00 1.000000e+00 1.000000e-01
5.603640e+03 0.000000e+00 1.000000e+00 1.000000e-01
5.603650e+03 0.000000e+00 1.000000e+00 1.000000e-01
5.603660e+03 0.000000e+00 1.000000e+00 1.000000e-01
5.603670e+03 0.000000e+00 1.000000e+00 1.000000e-01
5.603680e+03 0.000000e+00 1.000000e+00 1.000000e-01
5.603690e+03 0.000000e+00 1.000000e+00 1.000000e-01
5.603700e+03 0.000000e+00 1.000000e+00 1.000000e-01
5.603710e+03 0.000000e+00 1.000000e+00 1.000000e-01
5.603720e+03 0.000000e+00 1.000000e+00 1.000000e-01
5.603730e+03 0.000000e+00 1.000000e+00 1.000000e-01
5.603740e+03 0.000000e+00 1.000000e+00 1.000000e-01
5.603750e+03 0.000000e+00 1.000000e+00 1.000000e-01
5.603760e+03 0.000000e+00 1.000000e+00 1.000000e-01
5.603770e+03 0.000000e+00 1.000000e+00 1.000000e-01
5.603780e+03 0.000000e+00 1.000000e+00 1.000000e-01
5.603790e+03 0.000000e+00 1.000000e+00 1.000000e-01
5.603800e+03 0.000000e+00 1.000000e+00 1.000000e-01
5.603810e+03 0.000000e+00 1.000000e+00 1.000000e-01
5.603820e+03 0.000000e+00 1.000000e+00 1.000000e-01
5.603830e+03 0.000000e+00 1.000000e+00 1.000000e-01
5.603840e+03 0.000000e+00 1.000000e+00 1.000000e-01
5.603850e+03 0.000000e+00 1.000000e+00 1.000000e-01
5.603860e+03 0.000000e+00 1.000000e+00 1.000000e-01
5.603870e+03 0.000000e+00 1.000000e+00 1.000000e-01
5.603880e+03 0.000000e+00 1.000000e+00 1.000000e-01
5.603890e+03 0.000000e+00 1.000000e+00 1.000000e-01
5.603900e+03 0.000000e+00 1.000000e+00 1.000000e-01
5.603910e+03 0.000000e+00 1.000000e+00 1.000000e-01
5.603920e+03 0.000000e+00 1.000000e+00 1.000000e-01
5.603930e+03 0.000000e+00 1.000000e+00 1.000000e-01
5.603940e+03 0.000000e+00 1.000000e+00 1.000000e-01
5.603950e+03 0.000000e+00 1.000000e+00 1.000000e-01
5.603960e+03 0.000000e+00 1.000000e+00 1.000000e-01
5.603970e+03 0.000000e+00 1.000000e+00 1.000000e-01
5.603980e+03 0.000000e+00 1.000000e+00 1.000000e-01
5.603990e+03 0.000000e+00 1.000000e+00 1.000000e-01
5.604000e+03 0.000000e+00 1.000000e+00 1.000000e-01
5.604010e+03 0.000000e+00 1.000000e+00 1.000000e-01
5.604020e+03 0.000000e+00 1.000000e+00 1.000000e-01
5.604030e+03 0.000000e+00 1.000000e+00 1.000000e-01
5.604040e+03 0.000000e+00 1.000000e+00 1.000000e-01
5.604050e+03 0.000000e+00 1.000000e+00 1.000000e-01
5.604060e+03 0.000000e+00 1.000000e+00 1.000000e-01
5.604070e+03 0.000000e+00 1.000000e+00 1.000000e-01
5.604080e+03 0.000000e+00 1.000000e+00 1.000000e-01
5.604090e+03 0.000000e+00 1.000000e+00 1.000000e-01
5.604100e+03 0.000000e+00 1.000000e+00 1.000000e-01
5.604110e+03 0.000000e+00 1.000000e+00 1.000000e-01
5.604120e+03 0.000000e+00 1.000000e+00 1.000000e-01
5.604130e+03 0.000000e+00 1.000000e+00 1.000000e-01
5.604140e+03 0.000000e+00 1.000000e+00 1.000000e-01
5.604150e+03 0.000000e+00 1.000000e+00 1.000000e-01
5.604160e+03 0.000000e+00 1.000000e+00 1.000000e-01
5.604170e+03 0.000000e+00 1.000000e+00 1.000000e-01
5.604180e+03 0.000000e+00 1.000000e+00 1.000000e-01
5.604190e+03 0.000000e+00 1.000000e+00 1.000000e-01
5.604200e+03 0.000000e+00 1.000000e+00 1.000000e-01
5.604210e+03 0.000000e+00 1.000000e+00 1.000000e-01
5.604220e+03 0.000000e+00 1.000000e+00 1.000000e-01
5.604230e+03 0.000000e+00 1.000000e+00 1.000000e-01
5.604240e+03 0.000000e+00 1.000000e+00 1.000000e-01
5.604250e+03 0.000000e+00 1.000000e+00 1.000000e-01
5.604260e+03 0.000000e+00 1.000000e+00 1.000000e-01
5.604270e+03 0.000000e+00 1.000000e+00 1.000000e-01
5.604280e+03 0.000000e+00 1.000000e+00 1.000000e-01
5.604290e+03 0.000000e+00 1.000000e+00 1.000000e-01
5.604300e+03 0.000000e+00 1.000000e+00 1.000000e-01
5.604310e+03 0.000000e+00 1.000000e+00 1.000000e-01
5.604320e+03 0.000000e+00 1.000000e+00 1.000000e-01
5.604330e+03 0.000000e+00 1.000000e+00 1.000000e-01
5.604340e+03 0.000000e+00 1.000000e+00 1.000000e-01
5.604350e+03 0.000000e+00 1.000000e+00 1.000000e-01
5.604360e+03 0.000000e+00 1.000000e+00 1.000000e-01
5.604370e+03 0.000000e+00 1.000000e+00 1.000000e-01
5.604380e+03 0.000000e+00 1.000000e+00 1.000000e-01
5.604390e+03 0.000000e+00 1.000000e+00 1.000000e-01
5.604400e+03 0.000000e+00 1.000000e+00 1.000000e-01
5.604410e+03 0.000000e+00 1.000000e+00 1.000000e-01
5.604420e+03 0.000000e+00 1.000000e+00 1.000000e-01
5.604430e+03 0.000000e+00 1.000000e+00 1.000000e-01
5.604440e+03 0.000000e+00 1.000000e+00 1.000000e-01
5.604450e+03 0.000000e+00 1.000000e+00 1.000000e-01
5.604460e+03 0.000000e+00 1.000000e+00 1.000000e-01
5.604470e+03 0.000000e+00 1.000000e+00 1.000000e-01
5.604480e+03 0.000000e+00 1.000000e+00 1.000000e-01
5.604490e+03 0.000000e+00 1.000000e+00 1.000000e-01
5.604500e+03 0.000000e+00 1.000000e+00 1.000000e-01
5.604510e+03 0.000000e+00 1.000000e+00 1.000000e-01
5.604520e+03 0.000000e+00 1.000000e+00 1.000000e-01
5.604530e+03 0.000000e+00 1.000000e+00 1.000000e-01
5.604540e+03 0.000000e+00 1.000000e+00 1.000000e-01
5.604550e+03 0.000000e+00 1.000000e+00 1.000000e-01
5.604560e+03 0.000000e+00 1.000000e+00 1.000000e-01
5.604570e+03 0.000000e+00 1.000000e+00 1.000000e-01
5.604580e+03 0.000000e+00 1.000000e+00 1.000000e-01
5.604590e+03 0.000000e+00 1.000000e+00 1.000000e-01
5.604600e+03 0.000000e+00 1.000000e+00 1.000000e-01
5.604610e+03 0.000000e+00 1.000000e+00 1.000000e-01
5.604620e+03 0.000000e+00 1.000000e+00 1.000000e-01
5.604630e+03 0.000000e+00 1.000000e+00 1.000000e-01
5.604640e+03 0.000000e+00 1.000000e+00 1.000000e-01
5.604650e+03 0.000000e+00 1.000000e+00 1.000000e-01
5.604660e+03 0.000000e+00 1.000000e+00 1.000000e-01
5.604670e+03 0.000000e+00 1.000000e+00 1.000000e-01
5.604680e+03 0.000000e+00 1.000000e+00 1.000000e-01
5.604690e+03 0.000000e+00 1.000000e+00 1.000000e-01
5.604700e+03 0.000000e+00 1.000000e+00 1.000000e-01
5.604710e+03 0.000000e+00 1.000000e+00 1.000000e-01
5.604720e+03 0.000000e+00 1.000000e+00 1.000000e-01
5.604730e+03 0.000000e+00 1.000000e+00 1.000000e-01
5.604740e+03 0.000000e+00 1.000000e+00 1.000000e-01
5.604750e+03 0.000000e+00 1.000000e+00 1.000000e-01
5.604760e+03 0.000000e+00 1.000000e+00 1.000000e-01
5.604770e+03 0.000000e+00 1.000000e+00 1.000000e-01
5.604780e+03 0.000000e+00 1.000000e+00 1.000000e-01
5.604790e+03 0.000000e+00 1.000000e+00 1.000000e-01
5.604800e+03 0.000000e+00 1.000000e+00 1.000000e-01
5.604810e+03 0.000000e+00 1.000000e+00 1.000000e-01
5.604820e+03 0.000000e+00 1.000000e+00 1.000000e-01
5.604830e+03 0.000000e+00 1.000000e+00 1.000000e-01
5.604840e+03 0.000000e+00 1.000000e+00 1.000000e-01
5.604850e+03 0.000000e+00 1.000000e+00 1.000000e-01
5.604860e+03 0.000000e+00 1.000000e+00 1.000000e-01
5.604870e+03 0.000000e+00 1.000000e+00 1.000000e-01
5.604880e+03 0.000000e+00 1.000000e+00 1.000000e-01
5.604890e+03 0.000000e+00 1.000000e+00 1.000000e-01
5.604900e+03 0.000000e+00 1.000000e+00 1.000000e-01
5.604910e+03 0.000000e+00 1.000000e+00 1.000000e-01
5.604920e+03 0.000000e+00 1.000000e+00 1.000000e-01
5.604930e+03 0.000000e+00 1.000000e+00 1.000000e-01
5.604940e+03 0.000000e+00 1.000000e+00 1.000000e-01
5.604950e+03 0.000000e+00 1.000000e+00 1.000000e-01
5.604960e+03 0.000000e+00 1.000000e+00 1.000000e-01
5.604970e+03 0.000000e+00 1.000000e+00 1.000000e-01
5.604980e+03 0.000000e+00 1.000000e+00 1.000000e-01
5.604990e+03 0.000000e+00 1.000000e+00 1.000000e-01
5.605000e+03 0.000000e+00 1.000000e+00 1.000000e-01
5.605010e+03 0.000000e+00 1.000000e+00 1.000000e-01
5.605020e+03 0.000000e+00 1.000000e+00 1.000000e-01
5.605030e+03 0.000000e+00 1.000000e+00 1.000000e-01
5.605040e+03 0.000000e+00 1.000000e+00 1.000000e-01
5.605050e+03 0.000000e+00 1.000000e+00 1.000000e-01
5.605060e+03 0.000000e+00 1.000000e+00 1.000000e-01
5.605070e+03 0.000000e+00 1.000000e+00 1.000000e-01
5.605080e+03 0.000000e+00 1.000000e+00 1.000000e-01
5.605090e+03 0.000000e+00 1.000000e+00 1.000000e-01
5.605100e+03 0.000000e+00 1.000000e+00 1.000000e-01
5.605110e+03 0.000000e+00 1.000000e+00 1.000000e-01
5.605120e+03 0.000000e+00 1.000000e+00 1.000000e-01
5.605130e+03 0.000000e+00 1.000000e+00 1.000000e-01
5.605140e+03 0.000000e+00 1.000000e+00 1.000000e-01
5.605150e+03 0.000000e+00 1.000000e+00 1.000000e-01
5.605160e+03 0.000000e+00 1.000000e+00 1.000000e-01
5.605170e+03 0.000000e+00 1.000000e+00 1.000000e-01
5.605180e+03 0.000000e+00 1.000000e+00 1.000000e-01
5.605190e+03 0.000000e+00 1.000000e+00 1.000000e-01
5.605200e+03 0.000000e+00 1.000000e+00 1.000000e-01
5.605210e+03 0.000000e+00 1.000000e+00 1.000000e-01
5.605220e+03 0.000000e+00 1.000000e+00 1.000000e-01
5.605230e+03 0.000000e+00 1.000000e+00 1.000000e-01
5.605240e+03 0.000000e+00 1.000000e+00 1.000000e-01
5.605250e+03 0.000000e+00 1.000000e+00 1.000000e-01
5.605260e+03 0.000000e+00 1.000000e+00 1.000000e-01
5.605270e+03 0.000000e+00 1.000000e+00 1.000000e-01
5.605280e+03 0.000000e+00 1.000000e+00 1.000000e-01
5.605290e+03 0.000000e+00 1.000000e+00 1.000000e-01
5.605300e+03 0.000000e+00 1.000000e+00 1.000000e-01
5.605310e+03 0.000000e+00 1.000000e+00 1.000000e-01
5.605320e+03 0.000000e+00 1.000000e+00 1.000000e-01
5.605330e+03 0.000000e+00 1.000000e+00 1.000000e-01
5.605340e+03 0.000000e+00 1.000000e+00 1.000000e-01
5.605350e+03 0.000000e+00 1.000000e+00 1.000000e-01
5.605360e+03 0.000000e+00 1.000000e+00 1.000000e-01
5.605370e+03 0.000000e+00 1.000000e+00 1.000000e-01
5.605380e+03 0.000000e+00 1.000000e+00 1.000000e-01
5.605390e+03 0.000000e+00 1.000000e+00 1.000000e-01
5.605400e+03 0.000000e+00 1.000000e+00 1.000000e-01
5.605410e+03 0.000000e+00 1.000000e+00 1.000000e-01
5.605420e+03 0.000000e+00 1.000000e+00 1.000000e-01
5.605430e+03 0.000000e+00 1.000000e+00 1.000000e-01
5.605440e+03 0.000000e+00 1.000000e+00 1.000000e-01
5.605450e+03 0.000000e+00 1.000000e+00 1.000000e-01
5.605460e+03 0.000000e+00 1.000000e+00 1.000000e-01
5.605470e+03 0.000000e+00 1.000000e+00 1.000000e-01
5.605480e+03 0.000000e+00 1.000000e+00 1.000000e-01
5.605490e+03 0.000000e+00 1.000000e+00 1.000000e-01
5.605500e+03 0.000000e+00 1.000000e+00 1.000000e-01
5.605510e+03 0.000000e+00 1.000000e+00 1.000000e-01
5.605520e+03 0.000000e+00 1.000000e+00 1.000000e-01
5.605530e+03 0.000000e+00 1.000000e+00 1.000000e-01
5.605540e+03 0.000000e+00 1.000000e+00 1.000000e-01
5.605550e+03 0.000000e+00 1.000000e+00 1.000000e-01
5.605560e+03 0.000000e+00 1.000000e+00 1.000000e-01
5.605570e+03 0.000000e+00 1.000000e+00 1.000000e-01
5.605580e+03 0.000000e+00 1.000000e+00 1.000000e-01
5.605590e+03 0.000000e+00 1.000000e+00 1.000000e-01
5.605600e+03 0.000000e+00 1.000000e+00 1.000000e-01
5.605610e+03 0.000000e+00 1.000000e+00 1.000000e-01
5.605620e+03 0.000000e+00 1.000000e+00 1.000000e-01
5.605630e+03 0.000000e+00 1.000000e+00 1.000000e-01
5.605640e+03 0.000000e+00 1.000000e+00 1.000000e-01
5.605650e+03 0.000000e+00 1.000000e+00 1.000000e-01
5.605660e+03 0.000000e+00 1.000000e+00 1.000000e-01
5.605670e+03 0.000000e+00 1.000000e+00 1.000000e-01
5.605680e+03 0.000000e+00 1.000000e+00 1.000000e-01
5.605690e+03 0.000000e+00 1.000000e+00 1.000000e-01
5.605700e+03 0.000000e+00 1.000000e+00 1.000000e-01
5.605710e+03 0.000000e+00 1.000000e+00 1.000000e-01
5.605720e+03 0.000000e+00 1.000000e+00 1.000000e-01
5.605730e+03 0.000000e+00 1.000000e+00 1.000000e-01
5.605740e+03 0.000000e+00 1.000000e+00 1.000000e-01
5.605750e+03 0.000000e+00 1.000000e+00 1.000000e-01
5.605760e+03 0.000000e+00 1.000000e+00 1.000000e-01
5.605770e+03 0.000000e+00 1.000000e+00 1.000000e-01
5.605780e+03 0.000000e+00 1.000000e+00 1.000000e-01
5.605790e+03 0.000000e+00 1.000000e+00 1.000000e-01
5.605800e+03 0.000000e+00 1.000000e+00 1.000000e-01
5.605810e+03 0.000000e+00 1.000000e+00 1.000000e-01
5.605820e+03 0.000000e+00 1.000000e+00 1.000000e-01
5.605830e+03 0.000000e+00 1.000000e+00 1.000000e-01
5.605840e+03 0.000000e+00 1.000000e+00 1.000000e-01
5.605850e+03 0.000000e+00 1.000000e+00 1.000000e-01
5.605860e+03 0.000000e+00 1.000000e+00 1.000000e-01
5.605870e+03 0.000000e+00 1.000000e+00 1.000000e-01
5.605880e+03 0.000000e+00 1.000000e+00 1.000000e-01
5.605890e+03 0.000000e+00 1.000000e+00 1.000000e-01
5.605900e+03 0.000000e+00 1.000000e+00 1.000000e-01
5.605910e+03 0.000000e+00 1.000000e+00 1.000000e-01
5.605920e+03 0.000000e+00 1.000000e+00 1.000000e-01
5.605930e+03 0.000000e+00 1.000000e+00 1.000000e-01
5.605940e+03 0.000000e+00 1.000000e+00 1.000000e-01
5.605950e+03 0.000000e+00 1.000000e+00 1.000000e-01
5.605960e+03 0.000000e+00 1.000000e+00 1.000000e-01
5.605970e+03 0.000000e+00 1.000000e+00 1.000000e-01
5.605980e+03 0.000000e+00 1.000000e+00 1.000000e-01
5.605990e+03 0.000000e+00 1.000000e+00 1.000000e-01
5.606000e+03 0.000000e+00 1.000000e+00 1.000000e-01
5.606010e+03 0.000000e+00 1.000000e+00 1.000000e-01
5.606020e+03 0.000000e+00 1.000000e+00 1.000000e-01
5.606030e+03 0.000000e+00 1.000000e+00 1.000000e-01
5.606040e+03 0.000000e+00 1.000000e+00 1.000000e-01
5.606050e+03 0.000000e+00 1.000000e+00 1.000000e-01
5.606060e+03 0.000000e+00 1.000000e+00 1.000000e-01
5.606070e+03 0.000000e+00 1.000000e+00 1.000000e-01
5.606080e+03 0.000000e+00 1.000000e+00 1.000000e-01
5.606090e+03 0.000000e+00 1.000000e+00 1.000000e-01
5.606100e+03 0.000000e+00 1.000000e+00 1.000000e-01
5.606110e+03 0.000000e+00 1.000000e+00 1.000000e-01
5.606120e+03 0.000000e+00 1.000000e+00 1.000000e-01
5.606130e+03 0.000000e+00 1.000000e+00 1.000000e-01
5.606140e+03 0.000000e+00 1.000000e+00 1.000000e-01
5.606150e+03 0.000000e+00 1.000000e+00 1.000000e-01
5.606160e+03 0.000000e+00 1.000000e+00 1.000000e-01
5.606170e+03 0.000000e+00 1.000000e+00 1.000000e-01
5.606180e+03 0.000000e+00 1.000000e+00 1.000000e-01
5.606190e+03 0.000000e+00 1.000000e+00 1.000000e-01
5.606200e+03 0.000000e+00 1.000000e+00 1.000000e-01
5.606210e+03 0.000000e+00 1.000000e+00 1.000000e-01
5.606220e+03 0.000000e+00 1.000000e+00 1.000000e-01
5.606230e+03 0.000000e+00 1.000000e+00 1.000000e-01
5.606240e+03 0.000000e+00 1.000000e+00 1.000000e-01
5.606250e+03 0.000000e+00 1.000000e+00 1.000000e-01
5.606260e+03 0.000000e+00 1.000000e+00 1.000000e-01
5.606270e+03 0.000000e+00 1.000000e+00 1.000000e-01
5.606280e+03 0.000000e+00 1.000000e+00 1.000000e-01
5.606290e+03 0.000000e+00 1.000000e+00 1.000000e-01
5.606300e+03 0.000000e+00 1.000000e+00 1.000000e-01
5.606310e+03 0.000000e+00 1.000000e+00 1.000000e-01
5.606320e+03 0.000000e+00 1.000000e+00 1.000000e-01
5.606330e+03 0.000000e+00 1.000000e+00 1.000000e-01
5.606340e+03 0.000000e+00 1.000000e+00 1.000000e-01
5.606350e+03 0.000000e+00 1.000000e+00 1.000000e-01
5.606360e+03 0.000000e+00 1.000000e+00 1.000000e-01
5.606370e+03 0.000000e+00 1.000000e+00 1.000000e-01
5.606380e+03 0.000000e+00 1.000000e+00 1.000000e-01
5.606390e+03 0.000000e+00 1.000000e+00 1.000000e-01
5.606400e+03 0.000000e+00 1.000000e+00 1.000000e-01
5.606410e+03 0.000000e+00 1.000000e+00 1.000000e-01
5.606420e+03 0.000000e+00 1.000000e+00 1.000000e-01
5.606430e+03 0.000000e+00 1.000000e+00 1.000000e-01
5.606440e+03 0.000000e+00 1.000000e+00 1.000000e-01
5.606450e+03 0.000000e+00 1.000000e+00 1.000000e-01
5.606460e+03 0.000000e+00 1.000000e+00 1.000000e-01
5.606470e+03 0.000000e+00 1.000000e+00 1.000000e-01
5.606480e+03 0.000000e+00 1.000000e+00 1.000000e-01
5.606490e+03 0.000000e+00 1.000000e+00 1.000000e-01
5.606500e+03 0.000000e+00 1.000000e+00 1.000000e-01
5.606510e+03 0.000000e+00 1.000000e+00 1.000000e-01
5.606520e+03 0.000000e+00 1.000000e+00 1.000000e-01
5.606530e+03 0.000000e+00 1.000000e+00 1.000000e-01
5.606540e+03 0.000000e+00 1.000000e+00 1.000000e-01
5.606550e+03 0.000000e+00 1.000000e+00 1.000000e-01
5.606560e+03 0.000000e+00 1.000000e+00 1.000000e-01
5.606570e+03 0.000000e+00 1.000000e+00 1.000000e-01
5.606580e+03 0.000000e+00 1.000000e+00 1.000000e-01
5.606590e+03 0.000000e+00 1.000000e+00 1.000000e-01
5.606600e+03 0.000000e+00 1.000000e+00 1.000000e-01
5.606610e+03 0.000000e+00 1.000000e+00 1.000000e-01
5.606620e+03 0.000000e+00 1.000000e+00 1.000000e-01
5.606630e+03 0.000000e+00 1.000000e+00 1.000000e-01
5.606640e+03 0.000000e+00 1.000000e+00 1.000000e-01
5.606650e+03 0.000000e+00 1.000000e+00 1.000000e-01
5.606660e+03 0.000000e+00 1.000000e+00 1.000000e-01
5.606670e+03 0.000000e+00 1.000000e+00 1.000000e-01
5.606680e+03 0.000000e+00 1.000000e+00 1.000000e-01
5.606690e+03 0.000000e+00 1.000000e+00 1.000000e-01
5.606700e+03 0.000000e+00 1.000000e+00 1.000000e-01
5.606710e+03 0.000000e+00 1.000000e+00 1.000000e-01
5.606720e+03 0.000000e+00 1.000000e+00 1.000000e-01
5.606730e+03 0.000000e+00 1.000000e+00 1.000000e-01
5.606740e+03 0.000000e+00 1.000000e+00 1.000000e-01
5.606750e+03 0.000000e+00 1.000000e+00 1.000000e-01
5.606760e+03 0.000000e+00 1.000000e+00 1.000000e-01
5.606770e+03 0.000000e+00 1.000000e+00 1.000000e-01
5.606780e+03 0.000000e+00 1.000000e+00 1.000000e-01
5.606790e+03 0.000000e+00 1.000000e+00 1.000000e-01
5.606800e+03 0.000000e+00 1.000000e+00 1.000000e-01
5.606810e+03 0.000000e+00 1.000000e+00 1.000000e-01
5.606820e+03 0.000000e+00 1.000000e+00 1.000000e-01
5.606830e+03 0.000000e+00 1.000000e+00 1.000000e-01
5.606840e+03 0.000000e+00 1.000000e+00 1.000000e-01
5.606850e+03 0.000000e+00 1.000000e+00 1.000000e-01
5.606860e+03 0.000000e+00 1.000000e+00 1.000000e-01
5.606870e+03 0.000000e+00 1.000000e+00 1.000000e-01
5.606880e+03 0.000000e+00 1.000000e+00 1.000000e-01
5.606890e+03 0.000000e+00 1.000000e+00 1.000000e-01
5.606900e+03 0.000000e+00 1.000000e+00 1.000000e-01
5.606910e+03 0.000000e+00 1.000000e+00 1.000000e-01
5.606920e+03 0.000000e+00 1.000000e+00 1.000000e-01
5.606930e+03 0.000000e+00 1.000000e+00 1.000000e-01
5.606940e+03 0.000000e+00 1.000000e+00 1.000000e-01
5.606950e+03 0.000000e+00 1.000000e+00 1.000000e-01
5.606960e+03 0.000000e+00 1.000000e+00 1.000000e-01
5.606970e+03 0.000000e+00 1.000000e+00 1.000000e-01
5.606980e+03 0.000000e+00 1.000000e+00 1.000000e-01
5.606990e+03 0.000000e+00 1.000000e+00 1.000000e-01
5.607000e+03 0.000000e+00 1.000000e+00 1.000000e-01
5.607010e+03 0.000000e+00 1.000000e+00 1.000000e-01
5.607020e+03 0.000000e+00 1.000000e+00 1.000000e-01
5.607030e+03 0.000000e+00 1.000000e+00 1.000000e-01
5.607040e+03 0.000000e+00 1.000000e+00 1.000000e-01
5.607050e+03 0.000000e+00 1.000000e+00 1.000000e-01
5.607060e+03 0.000000e+00 1.000000e+00 1.000000e-01
5.607070e+03 0.000000e+00 1.000000e+00 1.000000e-01
5.607080e+03 0.000000e+00 1.000000e+00 1.000000e-01
5.607090e+03 0.000000e+00 1.000000e+00 1.000000e-01
5.607100e+03 0.000000e+00 1.000000e+00 1.000000e-01
5.607110e+03 0.000000e+00 1.000000e+00 1.000000e-01
5.607120e+03 0.000000e+00 1.000000e+00 1.000000e-01
5.607130e+03 0.000000e+00 1.000000e+00 1.000000e-01
5.607140e+03 0.000000e+00 1.000000e+00 1.000000e-01
5.607150e+03 0.000000e+00 1.000000e+00 1.000000e-01
5.607160e+03 0.000000e+00 1.000000e+00 1.000000e-01
5.607170e+03 0.000000e+00 1.000000e+00 1.000000e-01
5.607180e+03 0.000000e+00 1.000000e+00 1.000000e-01
5.607190e+03 0.000000e+00 1.000000e+00 1.000000e-01
5.607200e+03 0.000000e+00 1.000000e+00 1.000000e-01
5.607210e+03 0.000000e+00 1.000000e+00 1.000000e-01
5.607220e+03 0.000000e+00 1.000000e+00 1.000000e-01
5.607230e+03 0.000000e+00 1.000000e+00 1.000000e-01
5.607240e+03 0.000000e+00 1.000000e+00 1.000000e-01
5.607250e+03 0.000000e+00 1.000000e+00 1.000000e-01
5.607260e+03 0.000000e+00 1.000000e+00 1.000000e-01
5.607270e+03 0.000000e+00 1.000000e+00 1.000000e-01
5.607280e+03 0.000000e+00 1.000000e+00 1.000000e-01
5.607290e+03 0.000000e+00 1.000000e+00 1.000000e-01
5.607300e+03 0.000000e+00 1.000000e+00 1.000000e-01
5.607310e+03 0.000000e+00 1.000000e+00 1.000000e-01
5.607320e+03 0.000000e+00 1.000000e+00 1.000000e-01
5.607330e+03 0.000000e+00 1.000000e+00 1.000000e-01
5.607340e+03 0.000000e+00 1.000000e+00 1.000000e-01
5.607350e+03 0.000000e+00 1.000000e+00 1.000000e-01
5.607360e+03 0.000000e+00 1.000000e+00 1.000000e-01
5.607370e+03 0.000000e+00 1.000000e+00 1.000000e-01
5.607380e+03 0.000000e+00 1.000000e+00 1.000000e-01
5.607390e+03 0.000000e+00 1.000000e+00 1.000000e-01
5.607400e+03 0.000000e+00 1.000000e+00 1.000000e-01
5.607410e+03 0.000000e+00 1.000000e+00 1.000000e-01
5.607420e+03 0.000000e+00 1.000000e+00 1.000000e-01
5.607430e+03 0.000000e+00 1.000000e+00 1.000000e-01
5.607440e+03 0.000000e+00 1.000000e+00 1.000000e-01
5.607450e+03 0.000000e+00 1.000000e+00 1.000000e-01
5.607460e+03 0.000000e+00 1.000000e+00 1.000000e-01
5.607470e+03 0.000000e+00 1.000000e+00 1.000000e-01
5.607480e+03 0.000000e+00 1.000000e+00 1.000000e-01
5.607490e+03 0.000000e+00 1.000000e+00 1.000000e-01
5.607500e+03 0.000000e+00 1.000000e+00 1.000000e-01
5.607510e+03 0.000000e+00 1.000000e+00 1.000000e-01
5.607520e+03 0.000000e+00 1.000000e+00 1.000000e-01
5.607530e+03 0.000000e+00 1.000000e+00 1.000000e-01
5.607540e+03 0.000000e+00 1.000000e+00 1.000000e-01
5.607550e+03 0.000000e+00 1.000000e+00 1.000000e-01
5.607560e+03 0.000000e+00 1.000000e+00 1.000000e-01
5.607570e+03 0.000000e+00 1.000000e+00 1.000000e-01
5.607580e+03 0.000000e+00 1.000000e+00 1.000000e-01
5.607590e+03 0.000000e+00 1.000000e+00 1.000000e-01
5.607600e+03 0.000000e+00 1.000000e+00 1.000000e-01
5.607610e+03 0.000000e+00 1.000000e+00 1.000000e-01
5.607620e+03 0.000000e+00 1.000000e+00 1.000000e-01
5.607630e+03 0.000000e+00 1.000000e+00 1.000000e-01
5.607640e+03 0.000000e+00 1.000000e+00 1.000000e-01
5.607650e+03 0.000000e+00 1.000000e+00 1.000000e-01
5.607660e+03 0.000000e+00 1.000000e+00 1.000000e-01
5.607670e+03 0.000000e+00 1.000000e+00 1.000000e-01
5.607680e+03 0.000000e+00 1.000000e+00 1.000000e-01
5.607690e+03 0.000000e+00 1.000000e+00 1.000000e-01
5.607700e+03 0.000000e+00 1.000000e+00 1.000000e-01
5.607710e+03 0.000000e+00 1.000000e+00 1.000000e-01
5.607720e+03 0.000000e+00 1.000000e+00 1.000000e-01
5.607730e+03 0.000000e+00 1.000000e+00 1.000000e-01
5.607740e+03 0.000000e+00 1.000000e+00 1.000000e-01
5.607750e+03 0.000000e+00 1.000000e+00 1.000000e-01
5.607760e+03 0.000000e+00 1.000000e+00 1.000000e-01
5.607770e+03 0.000000e+00 1.000000e+00 1.000000e-01
5.607780e+03 0.000000e+00 1.000000e+00 1.000000e-01
5.607790e+03 0.000000e+00 1.000000e+00 1.000000e-01
5.607800e+03 0.000000e+00 1.000000e+00 1.000000e-01
5.607810e+03 0.000000e+00 1.000000e+00 1.000000e-01
5.607820e+03 0.000000e+00 1.000000e+00 1.000000e-01
5.607830e+03 0.000000e+00 1.000000e+00 1.000000e-01
5.607840e+03 0.000000e+00 1.000000e+00 1.000000e-01
5.607850e+03 0.000000e+00 1.000000e+00 1.000000e-01
5.607860e+03 0.000000e+00 1.000000e+00 1.000000e-01
5.607870e+03 0.000000e+00 1.000000e+00 1.000000e-01
5.607880e+03 0.000000e+00 1.000000e+00 1.000000e-01
5.607890e+03 0.000000e+00 1.000000e+00 1.000000e-01
5.607900e+03 0.000000e+00 1.000000e+00 1.000000e-01
5.607910e+03 0.000000e+00 1.000000e+00 1.000000e-01
5.607920e+03 0.000000e+00 1.000000e+00 1.000000e-01
5.607930e+03 0.000000e+00 1.000000e+00 1.000000e-01
5.607940e+03 0.000000e+00 1.000000e+00 1.000000e-01
5.607950e+03 0.000000e+00 1.000000e+00 1.000000e-01
5.607960e+03 0.000000e+00 1.000000e+00 1.000000e-01
5.607970e+03 0.000000e+00 1.000000e+00 1.000000e-01
5.607980e+03 0.000000e+00 1.000000e+00 1.000000e-01
5.607990e+03 0.000000e+00 1.000000e+00 1.000000e-01
5.608000e+03 0.000000e+00 1.000000e+00 1.000000e-01
5.608010e+03 0.000000e+00 1.000000e+00 1.000000e-01
5.608020e+03 0.000000e+00 1.000000e+00 1.000000e-01
5.608030e+03 0.000000e+00 1.000000e+00 1.000000e-01
5.608040e+03 0.000000e+00 1.000000e+00 1.000000e-01
5.608050e+03 0.000000e+00 1.000000e+00 1.000000e-01
5.608060e+03 0.000000e+00 1.000000e+00 1.000000e-01
5.608070e+03 0.000000e+00 1.000000e+00 1.000000e-01
5.608080e+03 0.000000e+00 1.000000e+00 1.000000e-01
5.608090e+03 0.000000e+00 1.000000e+00 1.000000e-01
5.608100e+03 0.000000e+00 1.000000e+00 1.000000e-01
5.608110e+03 0.000000e+00 1.000000e+00 1.000000e-01
5.608120e+03 0.000000e+00 1.000000e+00 1.000000e-01
5.608130e+03 0.000000e+00 1.000000e+00 1.000000e-01
5.608140e+03 0.000000e+00 1.000000e+00 1.000000e-01
5.608150e+03 0.000000e+00 1.000000e+00 1.000000e-01
5.608160e+03 0.000000e+00 1.000000e+00 1.000000e-01
5.608170e+03 0.000000e+00 1.000000e+00 1.000000e-01
5.608180e+03 0.000000e+00 1.000000e+00 1.000000e-01
5.608190e+03 0.000000e+00 1.000000e+00 1.000000e-01
5.608200e+03 0.000000e+00 1.000000e+00 1.000000e-01
5.608210e+03 0.000000e+00 1.000000e+00 1.000000e-01
5.608220e+03 0.000000e+00 1.000000e+00 1.000000e-01
5.608230e+03 0.000000e+00 1.000000e+00 1.000000e-01
5.608240e+03 0.000000e+00 1.000000e+00 1.000000e-01
5.608250e+03 0.000000e+00 1.000000e+00 1.000000e-01
5.608260e+03 0.000000e+00 1.000000e+00 1.000000e-01
5.608270e+03 0.000000e+00 1.000000e+00 1.000000e-01
5.608280e+03 0.000000e+00 1.000000e+00 1.000000e-01
5.608290e+03 0.000000e+00 1.000000e+00 1.000000e-01
5.608300e+03 0.000000e+00 1.000000e+00 1.000000e-01
5.608310e+03 0.000000e+00 1.000000e+00 1.000000e-01
5.608320e+03 0.000000e+00 1.000000e+00 1.000000e-01
5.608330e+03 0.000000e+00 1.000000e+00 1.000000e-01
5.608340e+03 0.000000e+00 1.000000e+00 1.000000e-01
5.608350e+03 0.000000e+00 1.000000e+00 1.000000e-01
5.608360e+03 0.000000e+00 1.000000e+00 1.000000e-01
5.608370e+03 0.000000e+00 1.000000e+00 1.000000e-01
5.608380e+03 0.000000e+00 1.000000e+00 1.000000e-01
5.608390e+03 0.000000e+00 1.000000e+00 1.000000e-01
5.608400e+03 0.000000e+00 1.000000e+00 1.000000e-01
5.608410e+03 0.000000e+00 1.000000e+00 1.000000e-01
5.608420e+03 0.000000e+00 1.000000e+00 1.000000e-01
5.608430e+03 0.000000e+00 1.000000e+00 1.000000e-01
5.608440e+03 0.000000e+00 1.000000e+00 1.000000e-01
5.608450e+03 0.000000e+00 1.000000e+00 1.000000e-01
5.608460e+03 0.000000e+00 1.000000e+00 1.000000e-01
5.608470e+03 0.000000e+00 1.000000e+00 1.000000e-01
5.608480e+03 0.000000e+00 1.000000e+00 1.000000e-01
5.608490e+03 0.000000e+00 1.000000e+00 1.000000e-01
5.608500e+03 0.000000e+00 1.000000e+00 1.000000e-01
5.608510e+03 0.000000e+00 1.000000e+00 1.000000e-01
5.608520e+03 0.000000e+00 1.000000e+00 1.000000e-01
5.608530e+03 0.000000e+00 1.000000e+00 1.000000e-01
5.608540e+03 0.000000e+00 1.000000e+00 1.000000e-01
5.608550e+03 0.000000e+00 1.000000e+00 1.000000e-01
5.608560e+03 0.000000e+00 1.000000e+00 1.000000e-01
5.608570e+03 0.000000e+00 1.000000e+00 1.000000e-01
5.608580e+03 0.000000e+00 1.000000e+00 1.000000e-01
5.608590e+03 0.000000e+00 1.000000e+00 1.000000e-01
5.608600e+03 0.000000e+00 1.000000e+00 1.000000e-01
5.608610e+03 0.000000e+00 1.000000e+00 1.000000e-01
5.608620e+03 0.000000e+00 1.000000e+00 1.000000e-01
5.608630e+03 0.000000e+00 1.000000e+00 1.000000e-01
5.608640e+03 0.000000e+00 1.000000e+00 1.000000e-01
5.608650e+03 0.000000e+00 1.000000e+00 1.000000e-01
5.608660e+03 0.000000e+00 1.000000e+00 1.000000e-01
5.608670e+03 0.000000e+00 1.000000e+00 1.000000e-01
5.608680e+03 0.000000e+00 1.000000e+00 1.000000e-01
5.608690e+03 0.000000e+00 1.000000e+00 1.000000e-01
5.608700e+03 0.000000e+00 1.000000e+00 1.000000e-01
5.608710e+03 0.000000e+00 1.000000e+00 1.000000e-01
5.608720e+03 0.000000e+00 1.000000e+00 1.000000e-01
5.608730e+03 0.000000e+00 1.000000e+00 1.000000e-01
5.608740e+03 0.000000e+00 1.000000e+00 1.000000e-01
5.608750e+03 0.000000e+00 1.000000e+00 1.000000e-01
5.608760e+03 0.000000e+00 1.000000e+00 1.000000e-01
5.608770e+03 0.000000e+00 1.000000e+00 1.000000e-01
5.608780e+03 0.000000e+00 1.000000e+00 1.000000e-01
5.608790e+03 0.000000e+00 1.000000e+00 1.000000e-01
5.608800e+03 0.000000e+00 1.000000e+00 1.000000e-01
5.608810e+03 0.000000e+00 1.000000e+00 1.000000e-01
5.608820e+03 0.000000e+00 1.000000e+00 1.000000e-01
5.608830e+03 0.000000e+00 1.000000e+00 1.000000e-01
5.608840e+03 0.000000e+00 1.000000e+00 1.000000e-01
5.608850e+03 0.000000e+00 1.000000e+00 1.000000e-01
5.608860e+03 0.000000e+00 1.000000e+00 1.000000e-01
5.608870e+03 0.000000e+00 1.000000e+00 1.000000e-01
5.608880e+03 0.000000e+00 1.000000e+00 1.000000e-01
5.608890e+03 0.000000e+00 1.000000e+00 1.000000e-01
5.608900e+03 0.000000e+00 1.000000e+00 1.000000e-01
5.608910e+03 0.000000e+00 1.000000e+00 1.000000e-01
5.608920e+03 0.000000e+00 1.000000e+00 1.000000e-01
5.608930e+03 0.000000e+00 1.000000e+00 1.000000e-01
5.608940e+03 0.000000e+00 1.000000e+00 1.000000e-01
5.608950e+03 0.000000e+00 1.000000e+00 1.000000e-01
5.608960e+03 0.000000e+00 1.000000e+00 1.000000e-01
5.608970e+03 0.000000e+00 1.000000e+00 1.000000e-01
5.608980e+03 0.000000e+00 1.000000e+00 1.000000e-01
5.608990e+03 0.000000e+00 1.000000e+00 1.000000e-01
5.609000e+03 0.000000e+00 1.000000e+00 1.000000e-01
5.609010e+03 0.000000e+00 1.000000e+00 1.000000e-01
5.609020e+03 0.000000e+00 1.000000e+00 1.000000e-01
5.609030e+03 0.000000e+00 1.000000e+00 1.000000e-01
5.609040e+03 0.000000e+00 1.000000e+00 1.000000e-01
5.609050e+03 0.000000e+00 1.000000e+00 1.000000e-01
5.609060e+03 0.000000e+00 1.000000e+00 1.000000e-01
5.609070e+03 0.000000e+00 1.000000e+00 1.000000e-01
5.609080e+03 0.000000e+00 1.000000e+00 1.000000e-01
5.609090e+03 0.000000e+00 1.000000e+00 1.000000e-01
5.609100e+03 0.000000e+00 1.000000e+00 1.000000e-01
5.609110e+03 0.000000e+00 1.000000e+00 1.000000e-01
5.609120e+03 0.000000e+00 1.000000e+00 1.000000e-01
5.609130e+03 0.000000e+00 1.000000e+00 1.000000e-01
5.609140e+03 0.000000e+00 1.000000e+00 1.000000e-01
5.609150e+03 0.000000e+00 1.000000e+00 1.000000e-01
5.609160e+03 0.000000e+00 1.000000e+00 1.000000e-01
5.609170e+03 0.000000e+00 1.000000e+00 1.000000e-01
5.609180e+03 0.000000e+00 1.000000e+00 1.000000e-01
5.609190e+03 0.000000e+00 1.000000e+00 1.000000e-01
5.609200e+03 0.000000e+00 1.000000e+00 1.000000e-01
5.609210e+03 0.000000e+00 1.000000e+00 1.000000e-01
5.609220e+03 0.000000e+00 1.000000e+00 1.000000e-01
5.609230e+03 0.000000e+00 1.000000e+00 1.000000e-01
5.609240e+03 0.000000e+00 1.000000e+00 1.000000e-01
5.609250e+03 0.000000e+00 1.000000e+00 1.000000e-01
5.609260e+03 0.000000e+00 1.000000e+00 1.000000e-01
5.609270e+03 0.000000e+00 1.000000e+00 1.000000e-01
5.609280e+03 0.000000e+00 1.000000e+00 1.000000e-01
5.609290e+03 0.000000e+00 1.000000e+00 1.000000e-01
5.609300e+03 0.000000e+00 1.000000e+00 1.000000e-01
5.609310e+03 0.000000e+00 1.000000e+00 1.000000e-01
5.609320e+03 0.000000e+00 1.000000e+00 1.000000e-01
5.609330e+03 0.000000e+00 1.000000e+00 1.000000e-01
5.609340e+03 0.000000e+00 1.000000e+00 1.000000e-01
5.609350e+03 0.000000e+00 1.000000e+00 1.000000e-01
5.609360e+03 0.000000e+00 1.000000e+00 1.000000e-01
5.609370e+03 0.000000e+00 1.000000e+00 1.000000e-01
5.609380e+03 0.000000e+00 1.000000e+00 1.000000e-01
5.609390e+03 0.000000e+00 1.000000e+00 1.000000e-01
5.609400e+03 0.000000e+00 1.000000e+00 1.000000e-01
5.609410e+03 0.000000e+00 1.000000e+00 1.000000e-01
5.609420e+03 0.000000e+00 1.000000e+00 1.000000e-01
5.609430e+03 0.000000e+00 1.000000e+00 1.000000e-01
5.609440e+03 0.000000e+00 1.000000e+00 1.000000e-01
5.609450e+03 0.000000e+00 1.000000e+00 1.000000e-01
5.609460e+03 0.000000e+00 1.000000e+00 1.000000e-01
5.609470e+03 0.000000e+00 1.000000e+00 1.000000e-01
5.609480e+03 0.000000e+00 1.000000e+00 1.000000e-01
5.609490e+03 0.000000e+00 1.000000e+00 1.000000e-01
5.609500e+03 0.000000e+00 1.000000e+00 1.000000e-01
5.609510e+03 0.000000e+00 1.000000e+00 1.000000e-01
5.609520e+03 0.000000e+00 1.000000e+00 1.000000e-01
5.609530e+03 0.000000e+00 1.000000e+00 1.000000e-01
5.609540e+03 0.000000e+00 1.000000e+00 1.000000e-01
5.609550e+03 0.000000e+00 1.000000e+00 1.000000e-01
5.609560e+03 0.000000e+00 1.000000e+00 1.000000e-01
5.609570e+03 0.000000e+00 1.000000e+00 1.000000e-01
5.609580e+03 0.000000e+00 1.000000e+00 1.000000e-01
5.609590e+03 0.000000e+00 1.000000e+00 1.000000e-01
5.609600e+03 0.000000e+00 1.000000e+00 1.000000e-01
5.609610e+03 0.000000e+00 1.000000e+00 1.000000e-01
5.609620e+03 0.000000e+00 1.000000e+00 1.000000e-01
5.609630e+03 0.000000e+00 1.000000e+00 1.000000e-01
5.609640e+03 0.000000e+00 1.000000e+00 1.000000e-01
5.609650e+03 0.000000e+00 1.000000e+00 1.000000e-01
5.609660e+03 0.000000e+00 1.000000e+00 1.000000e-01
5.609670e+03 0.000000e+00 1.000000e+00 1.000000e-01
5.609680e+03 0.000000e+00 1.000000e+00 1.000000e-01
5.609690e+03 0.000000e+00 1.000000e+00 1.000000e-01
5.609700e+03 0.000000e+00 1.000000e+00 1.000000e-01
5.609710e+03 0.000000e+00 1.000000e+00 1.000000e-01
5.609720e+03 0.000000e+00 1.000000e+00 1.000000e-01
5.609730e+03 0.000000e+00 1.000000e+00 1.000000e-01
5.609740e+03 0.000000e+00 1.000000e+00 1.000000e-01
5.609750e+03 0.000000e+00 1.000000e+00 1.000000e-01
5.609760e+03 0.000000e+00 1.000000e+00 1.000000e-01
5.609770e+03 0.000000e+00 1.000000e+00 1.000000e-01
5.609780e+03 0.000000e+00 1.000000e+00 1.000000e-01
5.609790e+03 0.000000e+00 1.000000e+00 1.000000e-01
5.609800e+03 0.000000e+00 1.000000e+00 1.000000e-01
5.609810e+03 0.000000e+00 1.000000e+00 1.000000e-01
5.609820e+03 0.000000e+00 1.000000e+00 1.000000e-01
5.609830e+03 0.000000e+00 1.000000e+00 1.000000e-01
5.609840e+03 0.000000e+00 1.000000e+00 1.000000e-01
5.609850e+03 0.000000e+00 1.000000e+00 1.000000e-01
5.609860e+03 0.000000e+00 1.000000e+00 1.000000e-01
5.609870e+03 0.000000e+00 1.000000e+00 1.000000e-01
5.609880e+03 0.000000e+00 1.000000e+00 1.000000e-01
5.609890e+03 0.000000e+00 1.000000e+00 1.000000e-01
5.609900e+03 0.000000e+00 1.000000e+00 1.000000e-01
5.609910e+03 0.000000e+00 1.000000e+00 1.000000e-01
5.609920e+03 0.000000e+00 1.000000e+00 1.000000e-01
5.609930e+03 0.000000e+00 1.000000e+00 1.000000e-01
5.609940e+03 0.000000e+00 1.000000e+00 1.000000e-01
5.609950e+03 0.000000e+00 1.000000e+00 1.000000e-01
5.609960e+03 0.000000e+00 1.000000e+00 1.000000e-01
5.609970e+03 0.000000e+00 1.000000e+00 1.000000e-01
5.609980e+03 0.000000e+00 1.000000e+00 1.000000e-01
5.609990e+03 0.000000e+00 1.000000e+00 1.000000e-01
5.610000e+03 0.000000e+00 1.000000e+00 1.000000e-01
5.610010e+03 0.000000e+00 1.000000e+00 1.000000e-01
5.610020e+03 0.000000e+00 1.000000e+00 1.000000e-01
5.610030e+03 0.000000e+00 1.000000e+00 1.000000e-01
5.610040e+03 0.000000e+00 1.000000e+00 1.000000e-01
5.610050e+03 0.000000e+00 1.000000e+00 1.000000e-01
5.610060e+03 0.000000e+00 1.000000e+00 1.000000e-01
5.610070e+03 0.000000e+00 1.000000e+00 1.000000e-01
5.610080e+03 0.000000e+00 1.000000e+00 1.000000e-01
5.610090e+03 0.000000e+00 1.000000e+00 1.000000e-01
5.610100e+03 0.000000e+00 1.000000e+00 1.000000e-01
5.610110e+03 0.000000e+00 1.000000e+00 1.000000e-01
5.610120e+03 0.000000e+00 1.000000e+00 1.000000e-01
5.610130e+03 0.000000e+00 1.000000e+00 1.000000e-01
5.610140e+03 0.000000e+00 1.000000e+00 1.000000e-01
5.610150e+03 0.000000e+00 1.000000e+00 1.000000e-01
5.610160e+03 0.000000e+00 1.000000e+00 1.000000e-01
5.610170e+03 0.000000e+00 1.000000e+00 1.000000e-01
5.610180e+03 0.000000e+00 1.000000e+00 1.000000e-01
5.610190e+03 0.000000e+00 1.000000e+00 1.000000e-01
5.610200e+03 0.000000e+00 1.000000e+00 1.000000e-01
5.610210e+03 0.000000e+00 1.000000e+00 1.000000e-01
5.610220e+03 0.000000e+00 1.000000e+00 1.000000e-01
5.610230e+03 0.000000e+00 1.000000e+00 1.000000e-01
5.610240e+03 0.000000e+00 1.000000e+00 1.000000e-01
5.610250e+03 0.000000e+00 1.000000e+00 1.000000e-01
5.610260e+03 0.000000e+00 1.000000e+00 1.000000e-01
5.610270e+03 0.000000e+00 1.000000e+00 1.000000e-01
5.610280e+03 0.000000e+00 1.000000e+00 1.000000e-01
5.610290e+03 0.000000e+00 1.000000e+00 1.000000e-01
5.610300e+03 0.000000e+00 1.000000e+00 1.000000e-01
5.610310e+03 0.000000e+00 1.000000e+00 1.000000e-01
5.610320e+03 0.000000e+00 1.000000e+00 1.000000e-01
5.610330e+03 0.000000e+00 1.000000e+00 1.000000e-01
5.610340e+03 0.000000e+00 1.000000e+00 1.000000e-01
5.610350e+03 0.000000e+00 1.000000e+00 1.000000e-01
5.610360e+03 0.000000e+00 1.000000e+00 1.000000e-01
5.610370e+03 0.000000e+00 1.000000e+00 1.000000e-01
5.610380e+03 0.000000e+00 1.000000e+00 1.000000e-01
5.610390e+03 0.000000e+00 1.000000e+00 1.000000e-01
5.610400e+03 0.000000e+00 1.000000e+00 1.000000e-01
5.610410e+03 0.000000e+00 1.000000e+00 1.000000e-01
5.610420e+03 0.000000e+00 1.000000e+00 1.000000e-01
5.610430e+03 0.000000e+00 1.000000e+00 1.000000e-01
5.610440e+03 0.000000e+00 1.000000e+00 1.000000e-01
5.610450e+03 0.000000e+00 1.000000e+00 1.000000e-01
5.610460e+03 0.000000e+00 1.000000e+00 1.000000e-01
5.610470e+03 0.000000e+00 1.000000e+00 1.000000e-01
5.610480e+03 0.000000e+00 1.000000e+00 1.000000e-01
5.610490e+03 0.000000e+00 1.000000e+00 1.000000e-01
5.610500e+03 0.000000e+00 1.000000e+00 1.000000e-01
5.610510e+03 0.000000e+00 1.000000e+00 1.000000e-01
5.610520e+03 0.000000e+00 1.000000e+00 1.000000e-01
5.610530e+03 0.000000e+00 1.000000e+00 1.000000e-01
5.610540e+03 0.000000e+00 1.000000e+00 1.000000e-01
5.610550e+03 0.000000e+00 1.000000e+00 1.000000e-01
5.610560e+03 0.000000e+00 1.000000e+00 1.000000e-01
5.610570e+03 0.000000e+00 1.000000e+00 1.000000e-01
5.610580e+03 0.000000e+00 1.000000e+00 1.000000e-01
5.610590e+03 0.000000e+00 1.000000e+00 1.000000e-01
5.610600e+03 0.000000e+00 1.000000e+00 1.000000e-01
5.610610e+03 0.000000e+00 1.000000e+00 1.000000e-01
5.610620e+03 0.000000e+00 1.000000e+00 1.000000e-01
5.610630e+03 0.000000e+00 1.000000e+00 1.000000e-01
5.610640e+03 0.000000e+00 1.000000e+00 1.000000e-01
5.610650e+03 0.000000e+00 1.000000e+00 1.000000e-01
5.610660e+03 0.000000e+00 1.000000e+00 1.000000e-01
5.610670e+03 0.000000e+00 1.000000e+00 1.000000e-01
5.610680e+03 0.000000e+00 1.000000e+00 1.000000e-01
5.610690e+03 0.000000e+00 1.000000e+00 1.000000e-01
5.610700e+03 0.000000e+00 1.000000e+00 1.000000e-01
5.610710e+03 0.000000e+00 1.000000e+00 1.000000e-01
5.610720e+03 0.000000e+00 1.000000e+00 1.000000e-01
5.610730e+03 0.000000e+00 1.000000e+00 1.000000e-01
5.610740e+03 0.000000e+00 1.000000e+00 1.000000e-01
5.610750e+03 0.000000e+00 1.000000e+00 1.000000e-01
5.610760e+03 0.000000e+00 1.000000e+00 1.000000e-01
5.610770e+03 0.000000e+00 1.000000e+00 1.000000e-01
5.610780e+03 0.000000e+00 1.000000e+00 1.000000e-01
5.610790e+03 0.000000e+00 1.000000e+00 1.000000e-01
5.610800e+03 0.000000e+00 1.000000e+00 1.000000e-01
5.610810e+03 0.000000e+00 1.000000e+00 1.000000e-01
5.610820e+03 0.000000e+00 1.000000e+00 1.000000e-01
5.610830e+03 0.000000e+00 1.000000e+00 1.000000e-01
5.610840e+03 0.000000e+00 1.000000e+00 1.000000e-01
5.610850e+03 0.000000e+00 1.000000e+00 1.000000e-01
5.610860e+03 0.000000e+00 1.000000e+00 1.000000e-01
5.610870e+03 0.000000e+00 1.000000e+00 1.000000e-01
5.610880e+03 0.000000e+00 1.000000e+00 1.000000e-01
5.610890e+03 0.000000e+00 1.000000e+00 1.000000e-01
5.610900e+03 0.000000e+00 1.000000e+00 1.000000e-01
5.610910e+03 0.000000e+00 1.000000e+00 1.000000e-01
5.610920e+03 0.000000e+00 1.000000e+00 1.000000e-01
5.610930e+03 0.000000e+00 1.000000e+00 1.000000e-01
5.610940e+03 0.000000e+00 1.000000e+00 1.000000e-01
5.610950e+03 0.000000e+00 1.000000e+00 1.000000e-01
5.610960e+03 0.000000e+00 1.000000e+00 1.000000e-01
5.610970e+03 0.000000e+00 1.000000e+00 1.000000e-01
5.610980e+03 0.000000e+00 1.000000e+00 1.000000e-01
5.610990e+03 0.000000e+00 1.000000e+00 1.000000e-01
5.611000e+03 0.000000e+00 1.000000e+00 1.000000e-01
5.611010e+03 0.000000e+00 1.000000e+00 1.000000e-01
5.611020e+03 0.000000e+00 1.000000e+00 1.000000e-01
5.611030e+03 0.000000e+00 1.000000e+00 1.000000e-01
5.611040e+03 0.000000e+00 1.000000e+00 1.000000e-01
5.611050e+03 0.000000e+00 1.000000e+00 1.000000e-01
5.611060e+03 0.000000e+00 1.000000e+00 1.000000e-01
5.611070e+03 0.000000e+00 1.000000e+00 1.000000e-01
5.611080e+03 0.000000e+00 1.000000e+00 1.000000e-01
5.611090e+03 0.000000e+00 1.000000e+00 1.000000e-01
5.611100e+03 0.000000e+00 1.000000e+00 1.000000e-01
5.611110e+03 0.000000e+00 1.000000e+00 1.000000e-01
5.611120e+03 0.000000e+00 1.000000e+00 1.000000e-01
5.611130e+03 0.000000e+00 1.000000e+00 1.000000e-01
5.611140e+03 0.000000e+00 1.000000e+00 1.000000e-01
5.611150e+03 0.000000e+00 1.000000e+00 1.000000e-01
5.611160e+03 0.000000e+00 1.000000e+00 1.000000e-01
5.611170e+03 0.000000e+00 1.000000e+00 1.000000e-01
5.611180e+03 0.000000e+00 1.000000e+00 1.000000e-01
5.611190e+03 0.000000e+00 1.000000e+00 1.000000e-01
5.611200e+03 0.000000e+00 1.000000e+00 1.000000e-01
5.611210e+03 0.000000e+00 1.000000e+00 1.000000e-01
5.611220e+03 0.000000e+00 1.000000e+00 1.000000e-01
5.611230e+03 0.000000e+00 1.000000e+00 1.000000e-01
5.611240e+03 0.000000e+00 1.000000e+00 1.000000e-01
5.611250e+03 0.000000e+00 1.000000e+00 1.000000e-01
5.611260e+03 0.000000e+00 1.000000e+00 1.000000e-01
5.611270e+03 0.000000e+00 1.000000e+00 1.000000e-01
5.611280e+03 0.000000e+00 1.000000e+00 1.000000e-01
5.611290e+03 0.000000e+00 1.000000e+00 1.000000e-01
5.611300e+03 0.000000e+00 1.000000e+00 1.000000e-01
5.611310e+03 0.000000e+00 1.000000e+00 1.000000e-01
5.611320e+03 0.000000e+00 1.000000e+00 1.000000e-01
5.611330e+03 0.000000e+00 1.000000e+00 1.000000e-01
5.611340e+03 0.000000e+00 1.000000e+00 1.000000e-01
5.611350e+03 0.000000e+00 1.000000e+00 1.000000e-01
5.611360e+03 0.000000e+00 1.000000e+00 1.000000e-01
5.611370e+03 0.000000e+00 1.000000e+00 1.000000e-01
5.611380e+03 0.000000e+00 1.000000e+00 1.000000e-01
5.611390e+03 0.000000e+00 1.000000e+00 1.000000e-01
5.611400e+03 0.000000e+00 1.000000e+00 1.000000e-01
5.611410e+03 0.000000e+00 1.000000e+00 1.000000e-01
5.611420e+03 0.000000e+00 1.000000e+00 1.000000e-01
5.611430e+03 0.000000e+00 1.000000e+00 1.000000e-01
5.611440e+03 0.000000e+00 1.000000e+00 1.000000e-01
5.611450e+03 0.000000e+00 1.000000e+00 1.000000e-01
5.611460e+03 0.000000e+00 1.000000e+00 1.000000e-01
5.611470e+03 0.000000e+00 1.000000e+00 1.000000e-01
5.611480e+03 0.000000e+00 1.000000e+00 1.000000e-01
5.611490e+03 0.000000e+00 1.000000e+00 1.000000e-01
5.611500e+03 0.000000e+00 1.000000e+00 1.000000e-01
5.611510e+03 0.000000e+00 1.000000e+00 1.000000e-01
5.611520e+03 0.000000e+00 1.000000e+00 1.000000e-01
5.611530e+03 0.000000e+00 1.000000e+00 1.000000e-01
5.611540e+03 0.000000e+00 1.000000e+00 1.000000e-01
5.611550e+03 0.000000e+00 1.000000e+00 1.000000e-01
5.611560e+03 0.000000e+00 1.000000e+00 1.000000e-01
5.611570e+03 0.000000e+00 1.000000e+00 1.000000e-01
5.611580e+03 0.000000e+00 1.000000e+00 1.000000e-01
5.611590e+03 0.000000e+00 1.000000e+00 1.000000e-01
5.611600e+03 0.000000e+00 1.000000e+00 1.000000e-01
5.611610e+03 0.000000e+00 1.000000e+00 1.000000e-01
5.611620e+03 0.000000e+00 1.000000e+00 1.000000e-01
5.611630e+03 0.000000e+00 1.000000e+00 1.000000e-01
5.611640e+03 0.000000e+00 1.000000e+00 1.000000e-01
5.611650e+03 0.000000e+00 1.000000e+00 1.000000e-01
5.611660e+03 0.000000e+00 1.000000e+00 1.000000e-01
5.611670e+03 0.000000e+00 1.000000e+00 1.000000e-01
5.611680e+03 0.000000e+00 1.000000e+00 1.000000e-01
5.611690e+03 0.000000e+00 1.000000e+00 1.000000e-01
5.611700e+03 0.000000e+00 1.000000e+00 1.000000e-01
5.611710e+03 0.000000e+00 1.000000e+00 1.000000e-01
5.611720e+03 0.000000e+00 1.000000e+00 1.000000e-01
5.611730e+03 0.000000e+00 1.000000e+00 1.000000e-01
5.611740e+03 0.000000e+00 1.000000e+00 1.000000e-01
5.611750e+03 0.000000e+00 1.000000e+00 1.000000e-01
5.611760e+03 0.000000e+00 1.000000e+00 1.000000e-01
5.611770e+03 0.000000e+00 1.000000e+00 1.000000e-01
5.611780e+03 0.000000e+00 1.000000e+00 1.000000e-01
5.611790e+03 0.000000e+00 1.000000e+00 1.000000e-01
5.611800e+03 0.000000e+00 1.000000e+00 1.000000e-01
5.611810e+03 0.000000e+00 1.000000e+00 1.000000e-01
5.611820e+03 0.000000e+00 1.000000e+00 1.000000e-01
5.611830e+03 0.000000e+00 1.000000e+00 1.000000e-01
5.611840e+03 0.000000e+00 1.000000e+00 1.000000e-01
5.611850e+03 0.000000e+00 1.000000e+00 1.000000e-01
5.611860e+03 0.000000e+00 1.000000e+00 1.000000e-01
5.611870e+03 0.000000e+00 1.000000e+00 1.000000e-01
5.611880e+03 0.000000e+00 1.000000e+00 1.000000e-01
5.611890e+03 0.000000e+00 1.000000e+00 1.000000e-01
5.611900e+03 0.000000e+00 1.000000e+00 1.000000e-01
5.611910e+03 0.000000e+00 1.000000e+00 1.000000e-01
5.611920e+03 0.000000e+00 1.000000e+00 1.000000e-01
5.611930e+03 0.000000e+00 1.000000e+00 1.000000e-01
5.611940e+03 0.000000e+00 1.000000e+00 1.000000e-01
5.611950e+03 0.000000e+00 1.000000e+00 1.000000e-01
5.611960e+03 0.000000e+00 1.000000e+00 1.000000e-01
5.611970e+03 0.000000e+00 1.000000e+00 1.000000e-01
5.611980e+03 0.000000e+00 1.000000e+00 1.000000e-01
5.611990e+03 0.000000e+00 1.000000e+00 1.000000e-01
5.612000e+03 0.000000e+00 1.000000e+00 1.000000e-01
5.612010e+03 0.000000e+00 1.000000e+00 1.000000e-01
5.612020e+03 0.000000e+00 1.000000e+00 1.000000e-01
5.612030e+03 0.000000e+00 1.000000e+00 1.000000e-01
5.612040e+03 0.000000e+00 1.000000e+00 1.000000e-01
5.612050e+03 0.000000e+00 1.000000e+00 1.000000e-01
5.612060e+03 0.000000e+00 1.000000e+00 1.000000e-01
5.612070e+03 0.000000e+00 1.000000e+00 1.000000e-01
5.612080e+03 0.000000e+00 1.000000e+00 1.000000e-01
5.612090e+03 0.000000e+00 1.000000e+00 1.000000e-01
5.612100e+03 0.000000e+00 1.000000e+00 1.000000e-01
5.612110e+03 0.000000e+00 1.000000e+00 1.000000e-01
5.612120e+03 0.000000e+00 1.000000e+00 1.000000e-01
5.612130e+03 0.000000e+00 1.000000e+00 1.000000e-01
5.612140e+03 0.000000e+00 1.000000e+00 1.000000e-01
5.612150e+03 0.000000e+00 1.000000e+00 1.000000e-01
5.612160e+03 0.000000e+00 1.000000e+00 1.000000e-01
5.612170e+03 0.000000e+00 1.000000e+00 1.000000e-01
5.612180e+03 0.000000e+00 1.000000e+00 1.000000e-01
5.612190e+03 0.000000e+00 1.000000e+00 1.000000e-01
5.612200e+03 0.000000e+00 1.000000e+00 1.000000e-01
5.612210e+03 0.000000e+00 1.000000e+00 1.000000e-01
5.612220e+03 0.000000e+00 1.000000e+00 1.000000e-01
5.612230e+03 0.000000e+00 1.000000e+00 1.000000e-01
5.612240e+03 0.000000e+00 1.000000e+00 1.000000e-01
5.612250e+03 0.000000e+00 1.000000e+00 1.000000e-01
5.612260e+03 0.000000e+00 1.000000e+00 1.000000e-01
5.612270e+03 0.000000e+00 1.000000e+00 1.000000e-01
5.612280e+03 0.000000e+00 1.000000e+00 1.000000e-01
5.612290e+03 0.000000e+00 1.000000e+00 1.000000e-01
5.612300e+03 0.000000e+00 1.000000e+00 1.000000e-01
5.612310e+03 0.000000e+00 1.000000e+00 1.000000e-01
5.612320e+03 0.000000e+00 1.000000e+00 1.000000e-01
5.612330e+03 0.000000e+00 1.000000e+00 1.000000e-01
5.612340e+03 0.000000e+00 1.000000e+00 1.000000e-01
5.612350e+03 0.000000e+00 1.000000e+00 1.000000e-01
5.612360e+03 0.000000e+00 1.000000e+00 1.000000e-01
5.612370e+03 0.000000e+00 1.000000e+00 1.000000e-01
5.612380e+03 0.000000e+00 1.000000e+00 1.000000e-01
5.612390e+03 0.000000e+00 1.000000e+00 1.000000e-01
5.612400e+03 0.000000e+00 1.000000e+00 1.000000e-01
5.612410e+03 0.000000e+00 1.000000e+00 1.000000e-01
5.612420e+03 0.000000e+00 1.000000e+00 1.000000e-01
5.612430e+03 0.000000e+00 1.000000e+00 1.000000e-01
5.612440e+03 0.000000e+00 1.000000e+00 1.000000e-01
5.612450e+03 0.000000e+00 1.000000e+00 1.000000e-01
5.612460e+03 0.000000e+00 1.000000e+00 1.000000e-01
5.612470e+03 0.000000e+00 1.000000e+00 1.000000e-01
5.612480e+03 0.000000e+00 1.000000e+00 1.000000e-01
5.612490e+03 0.000000e+00 1.000000e+00 1.000000e-01
5.612500e+03 0.000000e+00 1.000000e+00 1.000000e-01
5.612510e+03 0.000000e+00 1.000000e+00 1.000000e-01
5.612520e+03 0.000000e+00 1.000000e+00 1.000000e-01
5.612530e+03 0.000000e+00 1.000000e+00 1.000000e-01
5.612540e+03 0.000000e+00 1.000000e+00 1.000000e-01
5.612550e+03 0.000000e+00 1.000000e+00 1.000000e-01
5.612560e+03 0.000000e+00 1.000000e+00 1.000000e-01
5.612570e+03 0.000000e+00 1.000000e+00 1.000000e-01
5.612580e+03 0.000000e+00 1.000000e+00 1.000000e-01
5.612590e+03 0.000000e+00 1.000000e+00 1.000000e-01
5.612600e+03 0.000000e+00 1.000000e+00 1.000000e-01
5.612610e+03 0.000000e+00 1.000000e+00 1.000000e-01
5.612620e+03 0.000000e+00 1.000000e+00 1.000000e-01
5.612630e+03 0.000000e+00 1.000000e+00 1.000000e-01
5.612640e+03 0.000000e+00 1.000000e+00 1.000000e-01
5.612650e+03 0.000000e+00 1.000000e+00 1.000000e-01
5.612660e+03 0.000000e+00 1.000000e+00 1.000000e-01
5.612670e+03 0.000000e+00 1.000000e+00 1.000000e-01
5.612680e+03 0.000000e+00 1.000000e+00 1.000000e-01
5.612690e+03 0.000000e+00 1.000000e+00 1.000000e-01
5.612700e+03 0.000000e+00 1.000000e+00 1.000000e-01
5.612710e+03 0.000000e+00 1.000000e+00 1.000000e-01
5.612720e+03 0.000000e+00 1.000000e+00 1.000000e-01
5.612730e+03 0.000000e+00 1.000000e+00 1.000000e-01
5.612740e+03 0.000000e+00 1.000000e+00 1.000000e-01
5.612750e+03 0.000000e+00 1.000000e+00 1.000000e-01
5.612760e+03 0.000000e+00 1.000000e+00 1.000000e-01
5.612770e+03 0.000000e+00 1.000000e+00 1.000000e-01
5.612780e+03 0.000000e+00 1.000000e+00 1.000000e-01
5.612790e+03 0.000000e+00 1.000000e+00 1.000000e-01
5.612800e+03 0.000000e+00 1.000000e+00 1.000000e-01
5.612810e+03 0.000000e+00 1.000000e+00 1.000000e-01
5.612820e+03 0.000000e+00 1.000000e+00 1.000000e-01
5.612830e+03 0.000000e+00 1.000000e+00 1.000000e-01
5.612840e+03 0.000000e+00 1.000000e+00 1.000000e-01
5.612850e+03 0.000000e+00 1.000000e+00 1.000000e-01
5.612860e+03 0.000000e+00 1.000000e+00 1.000000e-01
5.612870e+03 0.000000e+00 1.000000e+00 1.000000e-01
5.612880e+03 0.000000e+00 1.000000e+00 1.000000e-01
5.612890e+03 0.000000e+00 1.000000e+00 1.000000e-01
5.612900e+03 0.000000e+00 1.000000e+00 1.000000e-01
5.612910e+03 0.000000e+00 1.000000e+00 1.000000e-01
5.612920e+03 0.000000e+00 1.000000e+00 1.000000e-01
5.612930e+03 0.000000e+00 1.000000e+00 1.000000e-01
5.612940e+03 0.000000e+00 1.000000e+00 1.000000e-01
5.612950e+03 0.000000e+00 1.000000e+00 1.000000e-01
5.612960e+03 0.000000e+00 1.000000e+00 1.000000e-01
5.612970e+03 0.000000e+00 1.000000e+00 1.000000e-01
5.612980e+03 0.000000e+00 1.000000e+00 1.000000e-01
5.612990e+03 0.000000e+00 1.000000e+00 1.000000e-01
5.613000e+03 0.000000e+00 1.000000e+00 1.000000e-01
5.613010e+03 0.000000e+00 1.000000e+00 1.000000e-01
5.613020e+03 0.000000e+00 1.000000e+00 1.000000e-01
5.613030e+03 0.000000e+00 1.000000e+00 1.000000e-01
5.613040e+03 0.000000e+00 1.000000e+00 1.000000e-01
5.613050e+03 0.000000e+00 1.000000e+00 1.000000e-01
5.613060e+03 0.000000e+00 1.000000e+00 1.000000e-01
5.613070e+03 0.000000e+00 1.000000e+00 1.000000e-01
5.613080e+03 0.000000e+00 1.000000e+00 1.000000e-01
5.613090e+03 0.000000e+00 1.000000e+00 1.000000e-01
5.613100e+03 0.000000e+00 1.000000e+00 1.000000e-01
5.613110e+03 0.000000e+00 1.000000e+00 1.000000e-01
5.613120e+03 0.000000e+00 1.000000e+00 1.000000e-01
5.613130e+03 0.000000e+00 1.000000e+00 1.000000e-01
5.613140e+03 0.000000e+00 1.000000e+00 1.000000e-01
5.613150e+03 0.000000e+00 1.000000e+00 1.000000e-01
5.613160e+03 0.000000e+00 1.000000e+00 1.000000e-01
5.613170e+03 0.000000e+00 1.000000e+00 1.000000e-01
5.613180e+03 0.000000e+00 1.000000e+00 1.000000e-01
5.613190e+03 0.000000e+00 1.000000e+00 1.000000e-01
5.613200e+03 0.000000e+00 1.000000e+00 1.000000e-01
5.613210e+03 0.000000e+00 1.000000e+00 1.000000e-01
5.613220e+03 0.000000e+00 1.000000e+00 1.000000e-01
5.613230e+03 0.000000e+00 1.000000e+00 1.000000e-01
5.613240e+03 0.000000e+00 1.000000e+00 1.000000e-01
5.613250e+03 0.000000e+00 1.000000e+00 1.000000e-01
5.613260e+03 0.000000e+00 1.000000e+00 1.000000e-01
5.613270e+03 0.000000e+00 1.000000e+00 1.000000e-01
5.613280e+03 0.000000e+00 1.000000e+00 1.000000e-01
5.613290e+03 0.000000e+00 1.000000e+00 1.000000e-01
5.613300e+03 0.000000e+00 1.000000e+00 1.000000e-01
5.613310e+03 0.000000e+00 1.000000e+00 1.000000e-01
5.613320e+03 0.000000e+00 1.000000e+00 1.000000e-01
5.613330e+03 0.000000e+00 1.000000e+00 1.000000e-01
5.613340e+03 0.000000e+00 1.000000e+00 1.000000e-01
5.613350e+03 0.000000e+00 1.000000e+00 1.000000e-01
5.613360e+03 0.000000e+00 1.000000e+00 1.000000e-01
5.613370e+03 0.000000e+00 1.000000e+00 1.000000e-01
5.613380e+03 0.000000e+00 1.000000e+00 1.000000e-01
5.613390e+03 0.000000e+00 1.000000e+00 1.000000e-01
5.613400e+03 0.000000e+00 1.000000e+00 1.000000e-01
5.613410e+03 0.000000e+00 1.000000e+00 1.000000e-01
5.613420e+03 0.000000e+00 1.000000e+00 1.000000e-01
5.613430e+03 0.000000e+00 1.000000e+00 1.000000e-01
5.613440e+03 0.000000e+00 1.000000e+00 1.000000e-01
5.613450e+03 0.000000e+00 1.000000e+00 1.000000e-01
5.613460e+03 0.000000e+00 1.000000e+00 1.000000e-01
5.613470e+03 0.000000e+00 1.000000e+00 1.000000e-01
5.613480e+03 0.000000e+00 1.000000e+00 1.000000e-01
5.613490e+03 0.000000e+00 1.000000e+00 1.000000e-01
5.613500e+03 0.000000e+00 1.000000e+00 1.000000e-01
5.613510e+03 0.000000e+00 1.000000e+00 1.000000e-01
5.613520e+03 0.000000e+00 1.000000e+00 1.000000e-01
5.613530e+03 0.000000e+00 1.000000e+00 1.000000e-01
5.613540e+03 0.000000e+00 1.000000e+00 1.000000e-01
5.613550e+03 0.000000e+00 1.000000e+00 1.000000e-01
5.613560e+03 0.000000e+00 1.000000e+00 1.000000e-01
5.613570e+03 0.000000e+00 1.000000e+00 1.000000e-01
5.613580e+03 0.000000e+00 1.000000e+00 1.000000e-01
5.613590e+03 0.000000e+00 1.000000e+00 1.000000e-01
5.613600e+03 0.000000e+00 1.000000e+00 1.000000e-01
5.613610e+03 0.000000e+00 1.000000e+00 1.000000e-01
5.613620e+03 0.000000e+00 1.000000e+00 1.000000e-01
5.613630e+03 0.000000e+00 1.000000e+00 1.000000e-01
5.613640e+03 0.000000e+00 1.000000e+00 1.000000e-01
5.613650e+03 0.000000e+00 1.000000e+00 1.000000e-01
5.613660e+03 0.000000e+00 1.000000e+00 1.000000e-01
5.613670e+03 0.000000e+00 1.000000e+00 1.000000e-01
5.613680e+03 0.000000e+00 1.000000e+00 1.000000e-01
5.613690e+03 0.000000e+00 1.000000e+00 1.000000e-01
5.613700e+03 0.000000e+00 1.000000e+00 1.000000e-01
5.613710e+03 0.000000e+00 1.000000e+00 1.000000e-01
5.613720e+03 0.000000e+00 1.000000e+00 1.000000e-01
5.613730e+03 0.000000e+00 1.000000e+00 1.000000e-01
5.613740e+03 0.000000e+00 1.000000e+00 1.000000e-01
5.613750e+03 0.000000e+00 1.000000e+00 1.000000e-01
5.613760e+03 0.000000e+00 1.000000e+00 1.000000e-01
5.613770e+03 0.000000e+00 1.000000e+00 1.000000e-01
5.613780e+03 0.000000e+00 1.000000e+00 1.000000e-01
5.613790e+03 0.000000e+00 1.000000e+00 1.000000e-01
5.613800e+03 0.000000e+00 1.000000e+00 1.000000e-01
5.613810e+03 0.000000e+00 1.000000e+00 1.000000e-01
5.613820e+03 0.000000e+00 1.000000e+00 1.000000e-01
5.613830e+03 0.000000e+00 1.000000e+00 1.000000e-01
5.613840e+03 0.000000e+00 1.000000e+00 1.000000e-01
5.613850e+03 0.000000e+00 1.000000e+00 1.000000e-01
5.613860e+03 0.000000e+00 1.000000e+00 1.000000e-01
5.613870e+03 0.000000e+00 1.000000e+00 1.000000e-01
5.613880e+03 0.000000e+00 1.000000e+00 1.000000e-01
5.613890e+03 0.000000e+00 1.000000e+00 1.000000e-01
5.613900e+03 0.000000e+00 1.000000e+00 1.000000e-01
5.613910e+03 0.000000e+00 1.000000e+00 1.000000e-01
5.613920e+03 0.000000e+00 1.000000e+00 1.000000e-01
5.613930e+03 0.000000e+00 1.000000e+00 1.000000e-01
5.613940e+03 0.000000e+00 1.000000e+00 1.000000e-01
5.613950e+03 0.000000e+00 1.000000e+00 1.000000e-01
5.613960e+03 0.000000e+00 1.000000e+00 1.000000e-01
5.613970e+03 0.000000e+00 1.000000e+00 1.000000e-01
5.613980e+03 0.000000e+00 1.000000e+00 1.000000e-01
5.613990e+03 0.000000e+00 1.000000e+00 1.000000e-01
5.614000e+03 0.000000e+00 1.000000e+00 1.000000e-01
5.614010e+03 0.000000e+00 1.000000e+00 1.000000e-01
5.614020e+03 0.000000e+00 1.000000e+00 1.000000e-01
5.614030e+03 0.000000e+00 1.000000e+00 1.000000e-01
5.614040e+03 0.000000e+00 1.000000e+00 1.000000e-01
5.614050e+03 0.000000e+00 1.000000e+00 1.000000e-01
5.614060e+03 0.000000e+00 1.000000e+00 1.000000e-01
5.614070e+03 0.000000e+00 1.000000e+00 1.000000e-01
5.614080e+03 0.000000e+00 1.000000e+00 1.000000e-01
5.614090e+03 0.000000e+00 1.000000e+00 1.000000e-01
5.614100e+03 0.000000e+00 1.000000e+00 1.000000e-01
5.614110e+03 0.000000e+00 1.000000e+00 1.000000e-01
5.614120e+03 0.000000e+00 1.000000e+00 1.000000e-01
5.614130e+03 0.000000e+00 1.000000e+00 1.000000e-01
5.614140e+03 0.000000e+00 1.000000e+00 1.000000e-01
5.614150e+03 0.000000e+00 1.000000e+00 1.000000e-01
5.614160e+03 0.000000e+00 1.000000e+00 1.000000e-01
5.614170e+03 0.000000e+00 1.000000e+00 1.000000e-01
5.614180e+03 0.000000e+00 1.000000e+00 1.000000e-01
5.614190e+03 0.000000e+00 1.000000e+00 1.000000e-01
5.614200e+03 0.000000e+00 1.000000e+00 1.000000e-01
5.614210e+03 0.000000e+00 1.000000e+00 1.000000e-01
5.614220e+03 0.000000e+00 1.000000e+00 1.000000e-01
5.614230e+03 0.000000e+00 1.000000e+00 1.000000e-01
5.614240e+03 0.000000e+00 1.000000e+00 1.000000e-01
5.614250e+03 0.000000e+00 1.000000e+00 1.000000e-01
5.614260e+03 0.000000e+00 1.000000e+00 1.000000e-01
5.614270e+03 0.000000e+00 1.000000e+00 1.000000e-01
5.614280e+03 0.000000e+00 1.000000e+00 1.000000e-01
5.614290e+03 0.000000e+00 1.000000e+00 1.000000e-01
5.614300e+03 0.000000e+00 1.000000e+00 1.000000e-01
5.614310e+03 0.000000e+00 1.000000e+00 1.000000e-01
5.614320e+03 0.000000e+00 1.000000e+00 1.000000e-01
5.614330e+03 0.000000e+00 1.000000e+00 1.000000e-01
5.614340e+03 0.000000e+00 1.000000e+00 1.000000e-01
5.614350e+03 0.000000e+00 1.000000e+00 1.000000e-01
5.614360e+03 0.000000e+00 1.000000e+00 1.000000e-01
5.614370e+03 0.000000e+00 1.000000e+00 1.000000e-01
5.614380e+03 0.000000e+00 1.000000e+00 1.000000e-01
5.614390e+03 0.000000e+00 1.000000e+00 1.000000e-01
5.614400e+03 0.000000e+00 1.000000e+00 1.000000e-01
5.614410e+03 0.000000e+00 1.000000e+00 1.000000e-01
5.614420e+03 0.000000e+00 1.000000e+00 1.000000e-01
5.614430e+03 0.000000e+00 1.000000e+00 1.000000e-01
5.614440e+03 0.000000e+00 1.000000e+00 1.000000e-01
5.614450e+03 0.000000e+00 1.000000e+00 1.000000e-01
5.614460e+03 0.000000e+00 1.000000e+00 1.000000e-01
5.614470e+03 0.000000e+00 1.000000e+00 1.000000e-01
5.614480e+03 0.000000e+00 1.000000e+00 1.000000e-01
5.614490e+03 0.000000e+00 1.000000e+00 1.000000e-01
5.614500e+03 0.000000e+00 1.000000e+00 1.000000e-01
5.614510e+03 0.000000e+00 1.000000e+00 1.000000e-01
5.614520e+03 0.000000e+00 1.000000e+00 1.000000e-01
5.614530e+03 0.000000e+00 1.000000e+00 1.000000e-01
5.614540e+03 0.000000e+00 1.000000e+00 1.000000e-01
5.614550e+03 0.000000e+00 1.000000e+00 1.000000e-01
5.614560e+03 0.000000e+00 1.000000e+00 1.000000e-01
5.614570e+03 0.000000e+00 1.000000e+00 1.000000e-01
5.614580e+03 0.000000e+00 1.000000e+00 1.000000e-01
5.614590e+03 0.000000e+00 1.000000e+00 1.000000e-01
5.614600e+03 0.000000e+00 1.000000e+00 1.000000e-01
5.614610e+03 0.000000e+00 1.000000e+00 1.000000e-01
5.614620e+03 0.000000e+00 1.000000e+00 1.000000e-01
5.614630e+03 0.000000e+00 1.000000e+00 1.000000e-01
5.614640e+03 0.000000e+00 1.000000e+00 1.000000e-01
5.614650e+03 0.000000e+00 1.000000e+00 1.000000e-01
5.614660e+03 0.000000e+00 1.000000e+00 1.000000e-01
5.614670e+03 0.000000e+00 1.000000e+00 1.000000e-01
5.614680e+03 0.000000e+00 1.000000e+00 1.000000e-01
5.614690e+03 0.000000e+00 1.000000e+00 1.000000e-01
5.614700e+03 0.000000e+00 1.000000e+00 1.000000e-01
5.614710e+03 0.000000e+00 1.000000e+00 1.000000e-01
5.614720e+03 0.000000e+00 1.000000e+00 1.000000e-01
5.614730e+03 0.000000e+00 1.000000e+00 1.000000e-01
5.614740e+03 0.000000e+00 1.000000e+00 1.000000e-01
5.614750e+03 0.000000e+00 1.000000e+00 1.000000e-01
5.614760e+03 0.000000e+00 1.000000e+00 1.000000e-01
5.614770e+03 0.000000e+00 1.000000e+00 1.000000e-01
5.614780e+03 0.000000e+00 1.000000e+00 1.000000e-01
5.614790e+03 0.000000e+00 1.000000e+00 1.000000e-01
5.614800e+03 0.000000e+00 1.000000e+00 1.000000e-01
5.614810e+03 0.000000e+00 1.000000e+00 1.000000e-01
5.614820e+03 0.000000e+00 1.000000e+00 1.000000e-01
5.614830e+03 0.000000e+00 1.000000e+00 1.000000e-01
5.614840e+03 0.000000e+00 1.000000e+00 1.000000e-01
5.614850e+03 0.000000e+00 1.000000e+00 1.000000e-01
5.614860e+03 0.000000e+00 1.000000e+00 1.000000e-01
5.614870e+03 0.000000e+00 1.000000e+00 1.000000e-01
5.614880e+03 0.000000e+00 1.000000e+00 1.000000e-01
5.614890e+03 0.000000e+00 1.000000e+00 1.000000e-01
5.614900e+03 0.000000e+00 1.000000e+00 1.000000e-01
5.614910e+03 0.000000e+00 1.000000e+00 1.000000e-01
5.614920e+03 0.000000e+00 1.000000e+00 1.000000e-01
5.614930e+03 0.000000e+00 1.000000e+00 1.000000e-01
5.614940e+03 0.000000e+00 1.000000e+00 1.000000e-01
5.614950e+03 0.000000e+00 1.000000e+00 1.000000e-01
5.614960e+03 0.000000e+00 1.000000e+00 1.000000e-01
5.614970e+03 0.000000e+00 1.000000e+00 1.000000e-01
5.614980e+03 0.000000e+00 1.000000e+00 1.000000e-01
5.614990e+03 0.000000e+00 1.000000e+00 1.000000e-01
5.615000e+03 0.000000e+00 1.000000e+00 1.000000e-01
5.615010e+03 0.000000e+00 1.000000e+00 1.000000e-01
5.615020e+03 0.000000e+00 1.000000e+00 1.000000e-01
5.615030e+03 0.000000e+00 1.000000e+00 1.000000e-01
5.615040e+03 0.000000e+00 1.000000e+00 1.000000e-01
5.615050e+03 0.000000e+00 1.000000e+00 1.000000e-01
5.615060e+03 0.000000e+00 1.000000e+00 1.000000e-01
5.615070e+03 0.000000e+00 1.000000e+00 1.000000e-01
5.615080e+03 0.000000e+00 1.000000e+00 1.000000e-01
5.615090e+03 0.000000e+00 1.000000e+00 1.000000e-01
5.615100e+03 0.000000e+00 1.000000e+00 1.000000e-01
5.615110e+03 0.000000e+00 1.000000e+00 1.000000e-01
5.615120e+03 0.000000e+00 1.000000e+00 1.000000e-01
5.615130e+03 0.000000e+00 1.000000e+00 1.000000e-01
5.615140e+03 0.000000e+00 1.000000e+00 1.000000e-01
5.615150e+03 0.000000e+00 1.000000e+00 1.000000e-01
5.615160e+03 0.000000e+00 1.000000e+00 1.000000e-01
5.615170e+03 0.000000e+00 1.000000e+00 1.000000e-01
5.615180e+03 0.000000e+00 1.000000e+00 1.000000e-01
5.615190e+03 0.000000e+00 1.000000e+00 1.000000e-01
5.615200e+03 0.000000e+00 1.000000e+00 1.000000e-01
5.615210e+03 0.000000e+00 1.000000e+00 1.000000e-01
5.615220e+03 0.000000e+00 1.000000e+00 1.000000e-01
5.615230e+03 0.000000e+00 1.000000e+00 1.000000e-01
5.615240e+03 0.000000e+00 1.000000e+00 1.000000e-01
5.615250e+03 0.000000e+00 1.000000e+00 1.000000e-01
5.615260e+03 0.000000e+00 1.000000e+00 1.000000e-01
5.615270e+03 0.000000e+00 1.000000e+00 1.000000e-01
5.615280e+03 0.000000e+00 1.000000e+00 1.000000e-01
5.615290e+03 0.000000e+00 1.000000e+00 1.000000e-01
5.615300e+03 0.000000e+00 1.000000e+00 1.000000e-01
5.615310e+03 0.000000e+00 1.000000e+00 1.000000e-01
5.615320e+03 0.000000e+00 1.000000e+00 1.000000e-01
5.615330e+03 0.000000e+00 1.000000e+00 1.000000e-01
5.615340e+03 0.000000e+00 1.000000e+00 1.000000e-01
5.615350e+03 0.000000e+00 1.000000e+00 1.000000e-01
5.615360e+03 0.000000e+00 1.000000e+00 1.000000e-01
5.615370e+03 0.000000e+00 1.000000e+00 1.000000e-01
5.615380e+03 0.000000e+00 1.000000e+00 1.000000e-01
5.615390e+03 0.000000e+00 1.000000e+00 1.000000e-01
5.615400e+03 0.000000e+00 1.000000e+00 1.000000e-01
5.615410e+03 0.000000e+00 1.000000e+00 1.000000e-01
5.615420e+03 0.000000e+00 1.000000e+00 1.000000e-01
5.615430e+03 0.000000e+00 1.000000e+00 1.000000e-01
5.615440e+03 0.000000e+00 1.000000e+00 1.000000e-01
5.615450e+03 0.000000e+00 1.000000e+00 1.000000e-01
5.615460e+03 0.000000e+00 1.000000e+00 1.000000e-01
5.615470e+03 0.000000e+00 1.000000e+00 1.000000e-01
5.615480e+03 0.000000e+00 1.000000e+00 1.000000e-01
5.615490e+03 0.000000e+00 1.000000e+00 1.000000e-01
5.615500e+03 0.000000e+00 1.000000e+00 1.000000e-01
5.615510e+03 0.000000e+00 1.000000e+00 1.000000e-01
5.615520e+03 0.000000e+00 1.000000e+00 1.000000e-01
5.615530e+03 0.000000e+00 1.000000e+00 1.000000e-01
5.615540e+03 0.000000e+00 1.000000e+00 1.000000e-01
5.615550e+03 0.000000e+00 1.000000e+00 1.000000e-01
5.615560e+03 0.000000e+00 1.000000e+00 1.000000e-01
5.615570e+03 0.000000e+00 1.000000e+00 1.000000e-01
5.615580e+03 0.000000e+00 1.000000e+00 1.000000e-01
5.615590e+03 0.000000e+00 1.000000e+00 1.000000e-01
5.615600e+03 0.000000e+00 1.000000e+00 1.000000e-01
5.615610e+03 0.000000e+00 1.000000e+00 1.000000e-01
5.615620e+03 0.000000e+00 1.000000e+00 1.000000e-01
5.615630e+03 0.000000e+00 1.000000e+00 1.000000e-01
5.615640e+03 0.000000e+00 1.000000e+00 1.000000e-01
5.615650e+03 0.000000e+00 1.000000e+00 1.000000e-01
5.615660e+03 0.000000e+00 1.000000e+00 1.000000e-01
5.615670e+03 0.000000e+00 1.000000e+00 1.000000e-01
5.615680e+03 0.000000e+00 1.000000e+00 1.000000e-01
5.615690e+03 0.000000e+00 1.000000e+00 1.000000e-01
5.615700e+03 0.000000e+00 1.000000e+00 1.000000e-01
5.615710e+03 0.000000e+00 1.000000e+00 1.000000e-01
5.615720e+03 0.000000e+00 1.000000e+00 1.000000e-01
5.615730e+03 0.000000e+00 1.000000e+00 1.000000e-01
5.615740e+03 0.000000e+00 1.000000e+00 1.000000e-01
5.615750e+03 0.000000e+00 1.000000e+00 1.000000e-01
5.615760e+03 0.000000e+00 1.000000e+00 1.000000e-01
5.615770e+03 0.000000e+00 1.000000e+00 1.000000e-01
5.615780e+03 0.000000e+00 1.000000e+00 1.000000e-01
5.615790e+03 0.000000e+00 1.000000e+00 1.000000e-01
5.615800e+03 0.000000e+00 1.000000e+00 1.000000e-01
5.615810e+03 0.000000e+00 1.000000e+00 1.000000e-01
5.615820e+03 0.000000e+00 1.000000e+00 1.000000e-01
5.615830e+03 0.000000e+00 1.000000e+00 1.000000e-01
5.615840e+03 0.000000e+00 1.000000e+00 1.000000e-01
5.615850e+03 0.000000e+00 1.000000e+00 1.000000e-01
5.615860e+03 0.000000e+00 1.000000e+00 1.000000e-01
5.615870e+03 0.000000e+00 1.000000e+00 1.000000e-01
5.615880e+03 0.000000e+00 1.000000e+00 1.000000e-01
5.615890e+03 0.000000e+00 1.000000e+00 1.000000e-01
5.615900e+03 0.000000e+00 1.000000e+00 1.000000e-01
5.615910e+03 0.000000e+00 1.000000e+00 1.000000e-01
5.615920e+03 0.000000e+00 1.000000e+00 1.000000e-01
5.615930e+03 0.000000e+00 1.000000e+00 1.000000e-01
5.615940e+03 0.000000e+00 1.000000e+00 1.000000e-01
5.615950e+03 0.000000e+00 1.000000e+00 1.000000e-01
5.615960e+03 0.000000e+00 1.000000e+00 1.000000e-01
5.615970e+03 0.000000e+00 1.000000e+00 1.000000e-01
5.615980e+03 0.000000e+00 1.000000e+00 1.000000e-01
5.615990e+03 0.000000e+00 1.000000e+00 1.000000e-01
5.616000e+03 0.000000e+00 1.000000e+00 1.000000e-01
5.616010e+03 0.000000e+00 1.000000e+00 1.000000e-01
5.616020e+03 0.000000e+00 1.000000e+00 1.000000e-01
5.616030e+03 0.000000e+00 1.000000e+00 1.000000e-01
5.616040e+03 0.000000e+00 1.000000e+00 1.000000e-01
5.616050e+03 0.000000e+00 1.000000e+00 1.000000e-01
5.616060e+03 0.000000e+00 1.000000e+00 1.000000e-01
5.616070e+03 0.000000e+00 1.000000e+00 1.000000e-01
5.616080e+03 0.000000e+00 1.000000e+00 1.000000e-01
5.616090e+03 0.000000e+00 1.000000e+00 1.000000e-01
5.616100e+03 0.000000e+00 1.000000e+00 1.000000e-01
5.616110e+03 0.000000e+00 1.000000e+00 1.000000e-01
5.616120e+03 0.000000e+00 1.000000e+00 1.000000e-01
5.616130e+03 0.000000e+00 1.000000e+00 1.000000e-01
5.616140e+03 0.000000e+00 1.000000e+00 1.000000e-01
5.616150e+03 0.000000e+00 1.000000e+00 1.000000e-01
5.616160e+03 0.000000e+00 1.000000e+00 1.000000e-01
5.616170e+03 0.000000e+00 1.000000e+00 1.000000e-01
5.616180e+03 0.000000e+00 1.000000e+00 1.000000e-01
5.616190e+03 0.000000e+00 1.000000e+00 1.000000e-01
5.616200e+03 0.000000e+00 1.000000e+00 1.000000e-01
5.616210e+03 0.000000e+00 1.000000e+00 1.000000e-01
5.616220e+03 0.000000e+00 1.000000e+00 1.000000e-01
5.616230e+03 0.000000e+00 1.000000e+00 1.000000e-01
5.616240e+03 0.000000e+00 1.000000e+00 1.000000e-01
5.616250e+03 0.000000e+00 1.000000e+00 1.000000e-01
5.616260e+03 0.000000e+00 1.000000e+00 1.000000e-01
5.616270e+03 0.000000e+00 1.000000e+00 1.000000e-01
5.616280e+03 0.000000e+00 1.000000e+00 1.000000e-01
5.616290e+03 0.000000e+00 1.000000e+00 1.000000e-01
5.616300e+03 0.000000e+00 1.000000e+00 1.000000e-01
5.616310e+03 0.000000e+00 1.000000e+00 1.000000e-01
5.616320e+03 0.000000e+00 1.000000e+00 1.000000e-01
5.616330e+03 0.000000e+00 1.000000e+00 1.000000e-01
5.616340e+03 0.000000e+00 1.000000e+00 1.000000e-01
5.616350e+03 0.000000e+00 1.000000e+00 1.000000e-01
5.616360e+03 0.000000e+00 1.000000e+00 1.000000e-01
5.616370e+03 0.000000e+00 1.000000e+00 1.000000e-01
5.616380e+03 0.000000e+00 1.000000e+00 1.000000e-01
5.616390e+03 0.000000e+00 1.000000e+00 1.000000e-01
5.616400e+03 0.000000e+00 1.000000e+00 1.000000e-01
5.616410e+03 0.000000e+00 1.000000e+00 1.000000e-01
5.616420e+03 0.000000e+00 1.000000e+00 1.000000e-01
5.616430e+03 0.000000e+00 1.000000e+00 1.000000e-01
5.616440e+03 0.000000e+00 1.000000e+00 1.000000e-01
5.616450e+03 0.000000e+00 1.000000e+00 1.000000e-01
5.616460e+03 0.000000e+00 1.000000e+00 1.000000e-01
5.616470e+03 0.000000e+00 1.000000e+00 1.000000e-01
5.616480e+03 0.000000e+00 1.000000e+00 1.000000e-01
5.616490e+03 0.000000e+00 1.000000e+00 1.000000e-01
5.616500e+03 0.000000e+00 1.000000e+00 1.000000e-01
5.616510e+03 0.000000e+00 1.000000e+00 1.000000e-01
5.616520e+03 0.000000e+00 1.000000e+00 1.000000e-01
5.616530e+03 0.000000e+00 1.000000e+00 1.000000e-01
5.616540e+03 0.000000e+00 1.000000e+00 1.000000e-01
5.616550e+03 0.000000e+00 1.000000e+00 1.000000e-01
5.616560e+03 0.000000e+00 1.000000e+00 1.000000e-01
5.616570e+03 0.000000e+00 1.000000e+00 1.000000e-01
5.616580e+03 0.000000e+00 1.000000e+00 1.000000e-01
5.616590e+03 0.000000e+00 1.000000e+00 1.000000e-01
5.616600e+03 0.000000e+00 1.000000e+00 1.000000e-01
5.616610e+03 0.000000e+00 1.000000e+00 1.000000e-01
5.616620e+03 0.000000e+00 1.000000e+00 1.000000e-01
5.616630e+03 0.000000e+00 1.000000e+00 1.000000e-01
5.616640e+03 0.000000e+00 1.000000e+00 1.000000e-01
5.616650e+03 0.000000e+00 1.000000e+00 1.000000e-01
5.616660e+03 0.000000e+00 1.000000e+00 1.000000e-01
5.616670e+03 0.000000e+00 1.000000e+00 1.000000e-01
5.616680e+03 0.000000e+00 1.000000e+00 1.000000e-01
5.616690e+03 0.000000e+00 1.000000e+00 1.000000e-01
5.616700e+03 0.000000e+00 1.000000e+00 1.000000e-01
5.616710e+03 0.000000e+00 1.000000e+00 1.000000e-01
5.616720e+03 0.000000e+00 1.000000e+00 1.000000e-01
5.616730e+03 0.000000e+00 1.000000e+00 1.000000e-01
5.616740e+03 0.000000e+00 1.000000e+00 1.000000e-01
5.616750e+03 0.000000e+00 1.000000e+00 1.000000e-01
5.616760e+03 0.000000e+00 1.000000e+00 1.000000e-01
5.616770e+03 0.000000e+00 1.000000e+00 1.000000e-01
5.616780e+03 0.000000e+00 1.000000e+00 1.000000e-01
5.616790e+03 0.000000e+00 1.000000e+00 1.000000e-01
5.616800e+03 0.000000e+00 1.000000e+00 1.000000e-01
5.616810e+03 0.000000e+00 1.000000e+00 1.000000e-01
5.616820e+03 0.000000e+00 1.000000e+00 1.000000e-01
5.616830e+03 0.000000e+00 1.000000e+00 1.000000e-01
5.616840e+03 0.000000e+00 1.000000e+00 1.000000e-01
5.616850e+03 0.000000e+00 1.000000e+00 1.000000e-01
5.616860e+03 0.000000e+00 1.000000e+00 1.000000e-01
5.616870e+03 0.000000e+00 1.000000e+00 1.000000e-01
5.616880e+03 0.000000e+00 1.000000e+00 1.000000e-01
5.616890e+03 0.000000e+00 1.000000e+00 1.000000e-01
5.616900e+03 0.000000e+00 1.000000e+00 1.000000e-01
5.616910e+03 0.000000e+00 1.000000e+00 1.000000e-01
5.616920e+03 0.000000e+00 1.000000e+00 1.000000e-01
5.616930e+03 0.000000e+00 1.000000e+00 1.000000e-01
5.616940e+03 0.000000e+00 1.000000e+00 1.000000e-01
5.616950e+03 0.000000e+00 1.000000e+00 1.000000e-01
5.616960e+03 0.000000e+00 1.000000e+00 1.000000e-01
5.616970e+03 0.000000e+00 1.000000e+00 1.000000e-01
5.616980e+03 0.000000e+00 1.000000e+00 1.000000e-01
5.616990e+03 0.000000e+00 1.000000e+00 1.000000e-01
5.617000e+03 0.000000e+00 1.000000e+00 1.000000e-01
