# wavelength[A] tau flux flux_error
5.567000e+03 0.000000e+00 1.000000e+00 1.000000e-01
5.567010e+03 0.000000e+00 1.000000e+00 1.000000e-01
5.567020e+03 0.000000e+00 1.000000e+00 1.000000e-01
5.567030e+03 0.000000e+00 1.000000e+00 1.000000e-01
5.567040e+03 0.000000e+00 1.000000e+00 1.000000e-01
5.567050e+03 0.000000e+00 1.000000e+00 1.000000e-01
5.567060e+03 0.000000e+00 1.000000e+00 1.000000e-01
5.567070e+03 0.000000e+00 1.000000e+00 1.000000e-01
5.567080e+03 0.000000e+00 1.000000e+00 1.000000e-01
5.567090e+03 0.000000e+00 1.000000e+00 1.000000e-01
5.567100e+03 0.000000e+00 1.000000e+00 1.000000e-01
5.567110e+03 0.000000e+00 1.000000e+00 1.000000e-01
5.567120e+03 0.000000e+00 1.000000e+00 1.000000e-01
5.567130e+03 0.000000e+00 1.000000e+00 1.000000e-01
5.567140e+03 0.000000e+00 1.000000e+00 1.000000e-01
5.567150e+03 0.000000e+00 1.000000e+00 1.000000e-01
5.567160e+03 0.000000e+00 1.000000e+00 1.000000e-01
5.567170e+03 0.000000e+00 1.000000e+00 1.000000e-01
5.567180e+03 0.000000e+00 1.000000e+00 1.000000e-01
5.567190e+03 0.000000e+00 1.000000e+00 1.000000e-01
5.567200e+03 0.000000e+00 1.000000e+00 1.000000e-01
5.567210e+03 0.000000e+00 1.000000e+00 1.000000e-01
5.567220e+03 0.000000e+00 1.000000e+00 1.000000e-01
5.567230e+03 0.000000e+00 1.000000e+00 1.000000e-01
5.567240e+03 0.000000e+00 1.000000e+00 1.000000e-01
5.567250e+03 0.000000e+00 1.000000e+00 1.000000e-01
5.567260e+03 0.000000e+00 1.000000e+00 1.000000e-01
5.567270e+03 0.000000e+00 1.000000e+00 1.000000e-01
5.567280e+03 0.000000e+00 1.000000e+00 1.000000e-01
5.567290e+03 0.000000e+00 1.000000e+00 1.000000e-01
5.567300e+03 0.000000e+00 1.000000e+00 1.000000e-01
5.567310e+03 0.000000e+00 1.000000e+00 1.000000e-01
5.567320e+03 0.000000e+00 1.000000e+00 1.000000e-01
5.567330e+03 0.000000e+00 1.000000e+00 1.000000e-01
5.567340e+03 0.000000e+00 1.000000e+00 1.000000e-01
5.567350e+03 0.000000e+00 1.000000e+00 1.000000e-01
5.567360e+03 0.000000e+00 1.000000e+00 1.000000e-01
5.567370e+03 0.000000e+00 1.000000e+00 1.000000e-01
5.567380e+03 0.000000e+00 1.000000e+00 1.000000e-01
5.567390e+03 0.000000e+00 1.000000e+00 1.000000e-01
5.567400e+03 0.000000e+00 1.000000e+00 1.000000e-01
5.567410e+03 0.000000e+00 1.000000e+00 1.000000e-01
5.567420e+03 0.000000e+00 1.000000e+00 1.000000e-01
5.567430e+03 0.000000e+00 1.000000e+00 1.000000e-01
5.567440e+03 0.000000e+00 1.000000e+00 1.000000e-01
5.567450e+03 0.000000e+00 1.000000e+00 1.000000e-01
5.567460e+03 0.000000e+00 1.000000e+00 1.000000e-01
5.567470e+03 0.000000e+00 1.000000e+00 1.000000e-01
5.567480e+03 0.000000e+00 1.000000e+00 1.000000e-01
5.567490e+03 0.000000e+00 1.000000e+00 1.000000e-01
5.567500e+03 0.000000e+00 1.000000e+00 1.000000e-01
5.567510e+03 0.000000e+00 1.000000e+00 1.000000e-01
5.567520e+03 0.000000e+00 1.000000e+00 1.000000e-01
5.567530e+03 0.000000e+00 1.000000e+00 1.000000e-01
5.567540e+03 0.000000e+00 1.000000e+00 1.000000e-01
5.567550e+03 0.000000e+00 1.000000e+00 1.000000e-01
5.567560e+03 0.000000e+00 1.000000e+00 1.000000e-01
5.567570e+03 0.000000e+00 1.000000e+00 1.000000e-01
5.567580e+03 0.000000e+00 1.000000e+00 1.000000e-01
5.567590e+03 0.000000e+00 1.000000e+00 1.000000e-01
5.567600e+03 0.000000e+00 1.000000e+00 1.000000e-01
5.567610e+03 0.000000e+00 1.000000e+00 1.000000e-01
5.567620e+03 0.000000e+00 1.000000e+00 1.000000e-01
5.567630e+03 0.000000e+00 1.000000e+00 1.000000e-01
5.567640e+03 0.000000e+00 1.000000e+00 1.000000e-01
5.567650e+03 0.000000e+00 1.000000e+00 1.000000e-01
5.567660e+03 0.000000e+00 1.000000e+00 1.000000e-01
5.567670e+03 0.000000e+00 1.000000e+00 1.000000e-01
5.567680e+03 0.000000e+00 1.000000e+00 1.000000e-01
5.567690e+03 0.000000e+00 1.000000e+00 1.000000e-01
5.567700e+03 0.000000e+00 1.000000e+00 1.000000e-01
5.567710e+03 0.000000e+00 1.000000e+00 1.000000e-01
5.567720e+03 0.000000e+00 1.000000e+00 1.000000e-01
5.567730e+03 0.000000e+00 1.000000e+00 1.000000e-01
5.567740e+03 0.000000e+00 1.000000e+00 1.000000e-01
5.567750e+03 0.000000e+00 1.000000e+00 1.000000e-01
5.567760e+03 0.000000e+00 1.000000e+00 1.000000e-01
5.567770e+03 0.000000e+00 1.000000e+00 1.000000e-01
5.567780e+03 0.000000e+00 1.000000e+00 1.000000e-01
5.567790e+03 0.000000e+00 1.000000e+00 1.000000e-01
5.567800e+03 0.000000e+00 1.000000e+00 1.000000e-01
5.567810e+03 0.000000e+00 1.000000e+00 1.000000e-01
5.567820e+03 0.000000e+00 1.000000e+00 1.000000e-01
5.567830e+03 0.000000e+00 1.000000e+00 1.000000e-01
5.567840e+03 0.000000e+00 1.000000e+00 1.000000e-01
5.567850e+03 0.000000e+00 1.000000e+00 1.000000e-01
5.567860e+03 0.000000e+00 1.000000e+00 1.000000e-01
5.567870e+03 0.000000e+00 1.000000e+00 1.000000e-01
5.567880e+03 0.000000e+00 1.000000e+00 1.000000e-01
5.567890e+03 0.000000e+00 1.000000e+00 1.000000e-01
5.567900e+03 0.000000e+00 1.000000e+00 1.000000e-01
5.567910e+03 0.000000e+00 1.000000e+00 1.000000e-01
5.567920e+03 0.000000e+00 1.000000e+00 1.000000e-01
5.567930e+03 0.000000e+00 1.000000e+00 1.000000e-01
5.567940e+03 0.000000e+00 1.000000e+00 1.000000e-01
5.567950e+03 0.000000e+00 1.000000e+00 1.000000e-01
5.567960e+03 0.000000e+00 1.000000e+00 1.000000e-01
5.567970e+03 0.000000e+00 1.000000e+00 1.000000e-01
5.567980e+03 0.000000e+00 1.000000e+00 1.000000e-01
5.567990e+03 0.000000e+00 1.000000e+00 1.000000e-01
5.568000e+03 0.000000e+00 1.000000e+00 1.000000e-01
5.568010e+03 0.000000e+00 1.000000e+00 1.000000e-01
5.568020e+03 0.000000e+00 1.000000e+00 1.000000e-01
5.568030e+03 0.000000e+00 1.000000e+00 1.000000e-01
5.568040e+03 0.000000e+00 1.000000e+00 1.000000e-01
5.568050e+03 0.000000e+00 1.000000e+00 1.000000e-01
5.568060e+03 0.000000e+00 1.000000e+00 1.000000e-01
5.568070e+03 0.000000e+00 1.000000e+00 1.000000e-01
5.568080e+03 0.000000e+00 1.000000e+00 1.000000e-01
5.568090e+03 0.000000e+00 1.000000e+00 1.000000e-01
5.568100e+03 0.000000e+00 1.000000e+00 1.000000e-01
5.568110e+03 0.000000e+00 1.000000e+00 1.000000e-01
5.568120e+03 0.000000e+00 1.000000e+00 1.000000e-01
5.568130e+03 0.000000e+00 1.000000e+00 1.000000e-01
5.568140e+03 0.000000e+00 1.000000e+00 1.000000e-01
5.568150e+03 0.000000e+00 1.000000e+00 1.000000e-01
5.568160e+03 0.000000e+00 1.000000e+00 1.000000e-01
5.568170e+03 0.000000e+00 1.000000e+00 1.000000e-01
5.568180e+03 0.000000e+00 1.000000e+00 1.000000e-01
5.568190e+03 0.000000e+00 1.000000e+00 1.000000e-01
5.568200e+03 0.000000e+00 1.000000e+00 1.000000e-01
5.568210e+03 0.000000e+00 1.000000e+00 1.000000e-01
5.568220e+03 0.000000e+00 1.000000e+00 1.000000e-01
5.568230e+03 0.000000e+00 1.000000e+00 1.000000e-01
5.568240e+03 0.000000e+00 1.000000e+00 1.000000e-01
5.568250e+03 0.000000e+00 1.000000e+00 1.000000e-01
5.568260e+03 0.000000e+00 1.000000e+00 1.000000e-01
5.568270e+03 0.000000e+00 1.000000e+00 1.000000e-01
5.568280e+03 0.000000e+00 1.000000e+00 1.000000e-01
5.568290e+03 0.000000e+00 1.000000e+00 1.000000e-01
5.568300e+03 0.000000e+00 1.000000e+00 1.000000e-01
5.568310e+03 0.000000e+00 1.000000e+00 1.000000e-01
5.568320e+03 0.000000e+00 1.000000e+00 1.000000e-01
5.568330e+03 0.000000e+00 1.000000e+00 1.000000e-01
5.568340e+03 0.000000e+00 1.000000e+00 1.000000e-01
5.568350e+03 0.000000e+00 1.000000e+00 1.000000e-01
5.568360e+03 0.000000e+00 1.000000e+00 1.000000e-01
5.568370e+03 0.000000e+00 1.000000e+00 1.000000e-01
5.568380e+03 0.000000e+00 1.000000e+00 1.000000e-01
5.568390e+03 0.000000e+00 1.000000e+00 1.000000e-01
5.568400e+03 0.000000e+00 1.000000e+00 1.000000e-01
5.568410e+03 0.000000e+00 1.000000e+00 1.000000e-01
5.568420e+03 0.000000e+00 1.000000e+00 1.000000e-01
5.568430e+03 0.000000e+00 1.000000e+00 1.000000e-01
5.568440e+03 0.000000e+00 1.000000e+00 1.000000e-01
5.568450e+03 0.000000e+00 1.000000e+00 1.000000e-01
5.568460e+03 0.000000e+00 1.000000e+00 1.000000e-01
5.568470e+03 0.000000e+00 1.000000e+00 1.000000e-01
5.568480e+03 0.000000e+00 1.000000e+00 1.000000e-01
5.568490e+03 0.000000e+00 1.000000e+00 1.000000e-01
5.568500e+03 0.000000e+00 1.000000e+00 1.000000e-01
5.568510e+03 0.000000e+00 1.000000e+00 1.000000e-01
5.568520e+03 0.000000e+00 1.000000e+00 1.000000e-01
5.568530e+03 0.000000e+00 1.000000e+00 1.000000e-01
5.568540e+03 0.000000e+00 1.000000e+00 1.000000e-01
5.568550e+03 0.000000e+00 1.000000e+00 1.000000e-01
5.568560e+03 0.000000e+00 1.000000e+00 1.000000e-01
5.568570e+03 0.000000e+00 1.000000e+00 1.000000e-01
5.568580e+03 0.000000e+00 1.000000e+00 1.000000e-01
5.568590e+03 0.000000e+00 1.000000e+00 1.000000e-01
5.568600e+03 0.000000e+00 1.000000e+00 1.000000e-01
5.568610e+03 0.000000e+00 1.000000e+00 1.000000e-01
5.568620e+03 0.000000e+00 1.000000e+00 1.000000e-01
5.568630e+03 0.000000e+00 1.000000e+00 1.000000e-01
5.568640e+03 0.000000e+00 1.000000e+00 1.000000e-01
5.568650e+03 0.000000e+00 1.000000e+00 1.000000e-01
5.568660e+03 0.000000e+00 1.000000e+00 1.000000e-01
5.568670e+03 0.000000e+00 1.000000e+00 1.000000e-01
5.568680e+03 0.000000e+00 1.000000e+00 1.000000e-01
5.568690e+03 0.000000e+00 1.000000e+00 1.000000e-01
5.568700e+03 0.000000e+00 1.000000e+00 1.000000e-01
5.568710e+03 0.000000e+00 1.000000e+00 1.000000e-01
5.568720e+03 0.000000e+00 1.000000e+00 1.000000e-01
5.568730e+03 0.000000e+00 1.000000e+00 1.000000e-01
5.568740e+03 0.000000e+00 1.000000e+00 1.000000e-01
5.568750e+03 0.000000e+00 1.000000e+00 1.000000e-01
5.568760e+03 0.000000e+00 1.000000e+00 1.000000e-01
5.568770e+03 0.000000e+00 1.000000e+00 1.000000e-01
5.568780e+03 0.000000e+00 1.000000e+00 1.000000e-01
5.568790e+03 0.000000e+00 1.000000e+00 1.000000e-01
5.568800e+03 0.000000e+00 1.000000e+00 1.000000e-01
5.568810e+03 0.000000e+00 1.000000e+00 1.000000e-01
5.568820e+03 0.000000e+00 1.000000e+00 1.000000e-01
5.568830e+03 0.000000e+00 1.000000e+00 1.000000e-01
5.568840e+03 0.000000e+00 1.000000e+00 1.000000e-01
5.568850e+03 0.000000e+00 1.000000e+00 1.000000e-01
5.568860e+03 0.000000e+00 1.000000e+00 1.000000e-01
5.568870e+03 0.000000e+00 1.000000e+00 1.000000e-01
5.568880e+03 0.000000e+00 1.000000e+00 1.000000e-01
5.568890e+03 0.000000e+00 1.000000e+00 1.000000e-01
5.568900e+03 0.000000e+00 1.000000e+00 1.000000e-01
5.568910e+03 0.000000e+00 1.000000e+00 1.000000e-01
5.568920e+03 0.000000e+00 1.000000e+00 1.000000e-01
5.568930e+03 0.000000e+00 1.000000e+00 1.000000e-01
5.568940e+03 0.000000e+00 1.000000e+00 1.000000e-01
5.568950e+03 0.000000e+00 1.000000e+00 1.000000e-01
5.568960e+03 0.000000e+00 1.000000e+00 1.000000e-01
5.568970e+03 0.000000e+00 1.000000e+00 1.000000e-01
5.568980e+03 0.000000e+00 1.000000e+00 1.000000e-01
5.568990e+03 0.000000e+00 1.000000e+00 1.000000e-01
5.569000e+03 0.000000e+00 1.000000e+00 1.000000e-01
5.569010e+03 0.000000e+00 1.000000e+00 1.000000e-01
5.569020e+03 0.000000e+00 1.000000e+00 1.000000e-01
5.569030e+03 0.000000e+00 1.000000e+00 1.000000e-01
5.569040e+03 0.000000e+00 1.000000e+00 1.000000e-01
5.569050e+03 0.000000e+00 1.000000e+00 1.000000e-01
5.569060e+03 0.000000e+00 1.000000e+00 1.000000e-01
5.569070e+03 0.000000e+00 1.000000e+00 1.000000e-01
5.569080e+03 0.000000e+00 1.000000e+00 1.000000e-01
5.569090e+03 0.000000e+00 1.000000e+00 1.000000e-01
5.569100e+03 0.000000e+00 1.000000e+00 1.000000e-01
5.569110e+03 0.000000e+00 1.000000e+00 1.000000e-01
5.569120e+03 0.000000e+00 1.000000e+00 1.000000e-01
5.569130e+03 0.000000e+00 1.000000e+00 1.000000e-01
5.569140e+03 0.000000e+00 1.000000e+00 1.000000e-01
5.569150e+03 0.000000e+00 1.000000e+00 1.000000e-01
5.569160e+03 0.000000e+00 1.000000e+00 1.000000e-01
5.569170e+03 0.000000e+00 1.000000e+00 1.000000e-01
5.569180e+03 0.000000e+00 1.000000e+00 1.000000e-01
5.569190e+03 0.000000e+00 1.000000e+00 1.000000e-01
5.569200e+03 0.000000e+00 1.000000e+00 1.000000e-01
5.569210e+03 0.000000e+00 1.000000e+00 1.000000e-01
5.569220e+03 0.000000e+00 1.000000e+00 1.000000e-01
5.569230e+03 0.000000e+00 1.000000e+00 1.000000e-01
5.569240e+03 0.000000e+00 1.000000e+00 1.000000e-01
5.569250e+03 0.000000e+00 1.000000e+00 1.000000e-01
5.569260e+03 0.000000e+00 1.000000e+00 1.000000e-01
5.569270e+03 0.000000e+00 1.000000e+00 1.000000e-01
5.569280e+03 0.000000e+00 1.000000e+00 1.000000e-01
5.569290e+03 0.000000e+00 1.000000e+00 1.000000e-01
5.569300e+03 0.000000e+00 1.000000e+00 1.000000e-01
5.569310e+03 0.000000e+00 1.000000e+00 1.000000e-01
5.569320e+03 0.000000e+00 1.000000e+00 1.000000e-01
5.569330e+03 0.000000e+00 1.000000e+00 1.000000e-01
5.569340e+03 0.000000e+00 1.000000e+00 1.000000e-01
5.569350e+03 0.000000e+00 1.000000e+00 1.000000e-01
5.569360e+03 0.000000e+00 1.000000e+00 1.000000e-01
5.569370e+03 0.000000e+00 1.000000e+00 1.000000e-01
5.569380e+03 0.000000e+00 1.000000e+00 1.000000e-01
5.569390e+03 0.000000e+00 1.000000e+00 1.000000e-01
5.569400e+03 0.000000e+00 1.000000e+00 1.000000e-01
5.569410e+03 0.000000e+00 1.000000e+00 1.000000e-01
5.569420e+03 0.000000e+00 1.000000e+00 1.000000e-01
5.569430e+03 0.000000e+00 1.000000e+00 1.000000e-01
5.569440e+03 0.000000e+00 1.000000e+00 1.000000e-01
5.569450e+03 0.000000e+00 1.000000e+00 1.000000e-01
5.569460e+03 0.000000e+00 1.000000e+00 1.000000e-01
5.569470e+03 0.000000e+00 1.000000e+00 1.000000e-01
5.569480e+03 0.000000e+00 1.000000e+00 1.000000e-01
5.569490e+03 0.000000e+00 1.000000e+00 1.000000e-01
5.569500e+03 0.000000e+00 1.000000e+00 1.000000e-01
5.569510e+03 0.000000e+00 1.000000e+00 1.000000e-01
5.569520e+03 0.000000e+00 1.000000e+00 1.000000e-01
5.569530e+03 0.000000e+00 1.000000e+00 1.000000e-01
5.569540e+03 0.000000e+00 1.000000e+00 1.000000e-01
5.569550e+03 0.000000e+00 1.000000e+00 1.000000e-01
5.569560e+03 0.000000e+00 1.000000e+00 1.000000e-01
5.569570e+03 0.000000e+00 1.000000e+00 1.000000e-01
5.569580e+03 0.000000e+00 1.000000e+00 1.000000e-01
5.569590e+03 0.000000e+00 1.000000e+00 1.000000e-01
5.569600e+03 0.000000e+00 1.000000e+00 1.000000e-01
5.569610e+03 0.000000e+00 1.000000e+00 1.000000e-01
5.569620e+03 0.000000e+00 1.000000e+00 1.000000e-01
5.569630e+03 0.000000e+00 1.000000e+00 1.000000e-01
5.569640e+03 0.000000e+00 1.000000e+00 1.000000e-01
5.569650e+03 0.000000e+00 1.000000e+00 1.000000e-01
5.569660e+03 0.000000e+00 1.000000e+00 1.000000e-01
5.569670e+03 0.000000e+00 1.000000e+00 1.000000e-01
5.569680e+03 0.000000e+00 1.000000e+00 1.000000e-01
5.569690e+03 0.000000e+00 1.000000e+00 1.000000e-01
5.569700e+03 0.000000e+00 1.000000e+00 1.000000e-01
5.569710e+03 0.000000e+00 1.000000e+00 1.000000e-01
5.569720e+03 0.000000e+00 1.000000e+00 1.000000e-01
5.569730e+03 0.000000e+00 1.000000e+00 1.000000e-01
5.569740e+03 0.000000e+00 1.000000e+00 1.000000e-01
5.569750e+03 0.000000e+00 1.000000e+00 1.000000e-01
5.569760e+03 0.000000e+00 1.000000e+00 1.000000e-01
5.569770e+03 0.000000e+00 1.000000e+00 1.000000e-01
5.569780e+03 0.000000e+00 1.000000e+00 1.000000e-01
5.569790e+03 0.000000e+00 1.000000e+00 1.000000e-01
5.569800e+03 0.000000e+00 1.000000e+00 1.000000e-01
5.569810e+03 0.000000e+00 1.000000e+00 1.000000e-01
5.569820e+03 0.000000e+00 1.000000e+00 1.000000e-01
5.569830e+03 0.000000e+00 1.000000e+00 1.000000e-01
5.569840e+03 0.000000e+00 1.000000e+00 1.000000e-01
5.569850e+03 0.000000e+00 1.000000e+00 1.000000e-01
5.569860e+03 0.000000e+00 1.000000e+00 1.000000e-01
5.569870e+03 0.000000e+00 1.000000e+00 1.000000e-01
5.569880e+03 0.000000e+00 1.000000e+00 1.000000e-01
5.569890e+03 0.000000e+00 1.000000e+00 1.000000e-01
5.569900e+03 0.000000e+00 1.000000e+00 1.000000e-01
5.569910e+03 0.000000e+00 1.000000e+00 1.000000e-01
5.569920e+03 0.000000e+00 1.000000e+00 1.000000e-01
5.569930e+03 0.000000e+00 1.000000e+00 1.000000e-01
5.569940e+03 0.000000e+00 1.000000e+00 1.000000e-01
5.569950e+03 0.000000e+00 1.000000e+00 1.000000e-01
5.569960e+03 0.000000e+00 1.000000e+00 1.000000e-01
5.569970e+03 0.000000e+00 1.000000e+00 1.000000e-01
5.569980e+03 0.000000e+00 1.000000e+00 1.000000e-01
5.569990e+03 0.000000e+00 1.000000e+00 1.000000e-01
5.570000e+03 0.000000e+00 1.000000e+00 1.000000e-01
5.570010e+03 0.000000e+00 1.000000e+00 1.000000e-01
5.570020e+03 0.000000e+00 1.000000e+00 1.000000e-01
5.570030e+03 0.000000e+00 1.000000e+00 1.000000e-01
5.570040e+03 0.000000e+00 1.000000e+00 1.000000e-01
5.570050e+03 0.000000e+00 1.000000e+00 1.000000e-01
5.570060e+03 0.000000e+00 1.000000e+00 1.000000e-01
5.570070e+03 0.000000e+00 1.000000e+00 1.000000e-01
5.570080e+03 0.000000e+00 1.000000e+00 1.000000e-01
5.570090e+03 0.000000e+00 1.000000e+00 1.000000e-01
5.570100e+03 0.000000e+00 1.000000e+00 1.000000e-01
5.570110e+03 0.000000e+00 1.000000e+00 1.000000e-01
5.570120e+03 0.000000e+00 1.000000e+00 1.000000e-01
5.570130e+03 0.000000e+00 1.000000e+00 1.000000e-01
5.570140e+03 0.000000e+00 1.000000e+00 1.000000e-01
5.570150e+03 0.000000e+00 1.000000e+00 1.000000e-01
5.570160e+03 0.000000e+00 1.000000e+00 1.000000e-01
5.570170e+03 0.000000e+00 1.000000e+00 1.000000e-01
5.570180e+03 0.000000e+00 1.000000e+00 1.000000e-01
5.570190e+03 0.000000e+00 1.000000e+00 1.000000e-01
5.570200e+03 0.000000e+00 1.000000e+00 1.000000e-01
5.570210e+03 0.000000e+00 1.000000e+00 1.000000e-01
5.570220e+03 0.000000e+00 1.000000e+00 1.000000e-01
5.570230e+03 0.000000e+00 1.000000e+00 1.000000e-01
5.570240e+03 0.000000e+00 1.000000e+00 1.000000e-01
5.570250e+03 0.000000e+00 1.000000e+00 1.000000e-01
5.570260e+03 0.000000e+00 1.000000e+00 1.000000e-01
5.570270e+03 0.000000e+00 1.000000e+00 1.000000e-01
5.570280e+03 0.000000e+00 1.000000e+00 1.000000e-01
5.570290e+03 0.000000e+00 1.000000e+00 1.000000e-01
5.570300e+03 0.000000e+00 1.000000e+00 1.000000e-01
5.570310e+03 0.000000e+00 1.000000e+00 1.000000e-01
5.570320e+03 0.000000e+00 1.000000e+00 1.000000e-01
5.570330e+03 0.000000e+00 1.000000e+00 1.000000e-01
5.570340e+03 0.000000e+00 1.000000e+00 1.000000e-01
5.570350e+03 0.000000e+00 1.000000e+00 1.000000e-01
5.570360e+03 0.000000e+00 1.000000e+00 1.000000e-01
5.570370e+03 0.000000e+00 1.000000e+00 1.000000e-01
5.570380e+03 0.000000e+00 1.000000e+00 1.000000e-01
5.570390e+03 0.000000e+00 1.000000e+00 1.000000e-01
5.570400e+03 0.000000e+00 1.000000e+00 1.000000e-01
5.570410e+03 0.000000e+00 1.000000e+00 1.000000e-01
5.570420e+03 0.000000e+00 1.000000e+00 1.000000e-01
5.570430e+03 0.000000e+00 1.000000e+00 1.000000e-01
5.570440e+03 0.000000e+00 1.000000e+00 1.000000e-01
5.570450e+03 0.000000e+00 1.000000e+00 1.000000e-01
5.570460e+03 0.000000e+00 1.000000e+00 1.000000e-01
5.570470e+03 0.000000e+00 1.000000e+00 1.000000e-01
5.570480e+03 0.000000e+00 1.000000e+00 1.000000e-01
5.570490e+03 0.000000e+00 1.000000e+00 1.000000e-01
5.570500e+03 0.000000e+00 1.000000e+00 1.000000e-01
5.570510e+03 0.000000e+00 1.000000e+00 1.000000e-01
5.570520e+03 0.000000e+00 1.000000e+00 1.000000e-01
5.570530e+03 0.000000e+00 1.000000e+00 1.000000e-01
5.570540e+03 0.000000e+00 1.000000e+00 1.000000e-01
5.570550e+03 0.000000e+00 1.000000e+00 1.000000e-01
5.570560e+03 0.000000e+00 1.000000e+00 1.000000e-01
5.570570e+03 0.000000e+00 1.000000e+00 1.000000e-01
5.570580e+03 0.000000e+00 1.000000e+00 1.000000e-01
5.570590e+03 0.000000e+00 1.000000e+00 1.000000e-01
5.570600e+03 0.000000e+00 1.000000e+00 1.000000e-01
5.570610e+03 0.000000e+00 1.000000e+00 1.000000e-01
5.570620e+03 0.000000e+00 1.000000e+00 1.000000e-01
5.570630e+03 0.000000e+00 1.000000e+00 1.000000e-01
5.570640e+03 0.000000e+00 1.000000e+00 1.000000e-01
5.570650e+03 0.000000e+00 1.000000e+00 1.000000e-01
5.570660e+03 0.000000e+00 1.000000e+00 1.000000e-01
5.570670e+03 0.000000e+00 1.000000e+00 1.000000e-01
5.570680e+03 0.000000e+00 1.000000e+00 1.000000e-01
5.570690e+03 0.000000e+00 1.000000e+00 1.000000e-01
5.570700e+03 0.000000e+00 1.000000e+00 1.000000e-01
5.570710e+03 0.000000e+00 1.000000e+00 1.000000e-01
5.570720e+03 0.000000e+00 1.000000e+00 1.000000e-01
5.570730e+03 0.000000e+00 1.000000e+00 1.000000e-01
5.570740e+03 0.000000e+00 1.000000e+00 1.000000e-01
5.570750e+03 0.000000e+00 1.000000e+00 1.000000e-01
5.570760e+03 0.000000e+00 1.000000e+00 1.000000e-01
5.570770e+03 0.000000e+00 1.000000e+00 1.000000e-01
5.570780e+03 0.000000e+00 1.000000e+00 1.000000e-01
5.570790e+03 0.000000e+00 1.000000e+00 1.000000e-01
5.570800e+03 0.000000e+00 1.000000e+00 1.000000e-01
5.570810e+03 0.000000e+00 1.000000e+00 1.000000e-01
5.570820e+03 0.000000e+00 1.000000e+00 1.000000e-01
5.570830e+03 0.000000e+00 1.000000e+00 1.000000e-01
5.570840e+03 0.000000e+00 1.000000e+00 1.000000e-01
5.570850e+03 0.000000e+00 1.000000e+00 1.000000e-01
5.570860e+03 0.000000e+00 1.000000e+00 1.000000e-01
5.570870e+03 0.000000e+00 1.000000e+00 1.000000e-01
5.570880e+03 0.000000e+00 1.000000e+00 1.000000e-01
5.570890e+03 0.000000e+00 1.000000e+00 1.000000e-01
5.570900e+03 0.000000e+00 1.000000e+00 1.000000e-01
5.570910e+03 0.000000e+00 1.000000e+00 1.000000e-01
5.570920e+03 0.000000e+00 1.000000e+00 1.000000e-01
5.570930e+03 0.000000e+00 1.000000e+00 1.000000e-01
5.570940e+03 0.000000e+00 1.000000e+00 1.000000e-01
5.570950e+03 0.000000e+00 1.000000e+00 1.000000e-01
5.570960e+03 0.000000e+00 1.000000e+00 1.000000e-01
5.570970e+03 0.000000e+00 1.000000e+00 1.000000e-01
5.570980e+03 0.000000e+00 1.000000e+00 1.000000e-01
5.570990e+03 0.000000e+00 1.000000e+00 1.000000e-01
5.571000e+03 0.000000e+00 1.000000e+00 1.000000e-01
5.571010e+03 0.000000e+00 1.000000e+00 1.000000e-01
5.571020e+03 0.000000e+00 1.000000e+00 1.000000e-01
5.571030e+03 0.000000e+00 1.000000e+00 1.000000e-01
5.571040e+03 0.000000e+00 1.000000e+00 1.000000e-01
5.571050e+03 0.000000e+00 1.000000e+00 1.000000e-01
5.571060e+03 0.000000e+00 1.000000e+00 1.000000e-01
5.571070e+03 0.000000e+00 1.000000e+00 1.000000e-01
5.571080e+03 0.000000e+00 1.000000e+00 1.000000e-01
5.571090e+03 0.000000e+00 1.000000e+00 1.000000e-01
5.571100e+03 0.000000e+00 1.000000e+00 1.000000e-01
5.571110e+03 0.000000e+00 1.000000e+00 1.000000e-01
5.571120e+03 0.000000e+00 1.000000e+00 1.000000e-01
5.571130e+03 0.000000e+00 1.000000e+00 1.000000e-01
5.571140e+03 0.000000e+00 1.000000e+00 1.000000e-01
5.571150e+03 0.000000e+00 1.000000e+00 1.000000e-01
5.571160e+03 0.000000e+00 1.000000e+00 1.000000e-01
5.571170e+03 0.000000e+00 1.000000e+00 1.000000e-01
5.571180e+03 0.000000e+00 1.000000e+00 1.000000e-01
5.571190e+03 0.000000e+00 1.000000e+00 1.000000e-01
5.571200e+03 0.000000e+00 1.000000e+00 1.000000e-01
5.571210e+03 0.000000e+00 1.000000e+00 1.000000e-01
5.571220e+03 0.000000e+00 1.000000e+00 1.000000e-01
5.571230e+03 0.000000e+00 1.000000e+00 1.000000e-01
5.571240e+03 0.000000e+00 1.000000e+00 1.000000e-01
5.571250e+03 0.000000e+00 1.000000e+00 1.000000e-01
5.571260e+03 0.000000e+00 1.000000e+00 1.000000e-01
5.571270e+03 0.000000e+00 1.000000e+00 1.000000e-01
5.571280e+03 0.000000e+00 1.000000e+00 1.000000e-01
5.571290e+03 0.000000e+00 1.000000e+00 1.000000e-01
5.571300e+03 0.000000e+00 1.000000e+00 1.000000e-01
5.571310e+03 0.000000e+00 1.000000e+00 1.000000e-01
5.571320e+03 0.000000e+00 1.000000e+00 1.000000e-01
5.571330e+03 0.000000e+00 1.000000e+00 1.000000e-01
5.571340e+03 0.000000e+00 1.000000e+00 1.000000e-01
5.571350e+03 0.000000e+00 1.000000e+00 1.000000e-01
5.571360e+03 0.000000e+00 1.000000e+00 1.000000e-01
5.571370e+03 0.000000e+00 1.000000e+00 1.000000e-01
5.571380e+03 0.000000e+00 1.000000e+00 1.000000e-01
5.571390e+03 0.000000e+00 1.000000e+00 1.000000e-01
5.571400e+03 0.000000e+00 1.000000e+00 1.000000e-01
5.571410e+03 0.000000e+00 1.000000e+00 1.000000e-01
5.571420e+03 0.000000e+00 1.000000e+00 1.000000e-01
5.571430e+03 0.000000e+00 1.000000e+00 1.000000e-01
5.571440e+03 0.000000e+00 1.000000e+00 1.000000e-01
5.571450e+03 0.000000e+00 1.000000e+00 1.000000e-01
5.571460e+03 0.000000e+00 1.000000e+00 1.000000e-01
5.571470e+03 0.000000e+00 1.000000e+00 1.000000e-01
5.571480e+03 0.000000e+00 1.000000e+00 1.000000e-01
5.571490e+03 0.000000e+00 1.000000e+00 1.000000e-01
5.571500e+03 0.000000e+00 1.000000e+00 1.000000e-01
5.571510e+03 0.000000e+00 1.000000e+00 1.000000e-01
5.571520e+03 0.000000e+00 1.000000e+00 1.000000e-01
5.571530e+03 0.000000e+00 1.000000e+00 1.000000e-01
5.571540e+03 0.000000e+00 1.000000e+00 1.000000e-01
5.571550e+03 0.000000e+00 1.000000e+00 1.000000e-01
5.571560e+03 0.000000e+00 1.000000e+00 1.000000e-01
5.571570e+03 0.000000e+00 1.000000e+00 1.000000e-01
5.571580e+03 0.000000e+00 1.000000e+00 1.000000e-01
5.571590e+03 0.000000e+00 1.000000e+00 1.000000e-01
5.571600e+03 0.000000e+00 1.000000e+00 1.000000e-01
5.571610e+03 0.000000e+00 1.000000e+00 1.000000e-01
5.571620e+03 0.000000e+00 1.000000e+00 1.000000e-01
5.571630e+03 0.000000e+00 1.000000e+00 1.000000e-01
5.571640e+03 0.000000e+00 1.000000e+00 1.000000e-01
5.571650e+03 0.000000e+00 1.000000e+00 1.000000e-01
5.571660e+03 0.000000e+00 1.000000e+00 1.000000e-01
5.571670e+03 0.000000e+00 1.000000e+00 1.000000e-01
5.571680e+03 0.000000e+00 1.000000e+00 1.000000e-01
5.571690e+03 0.000000e+00 1.000000e+00 1.000000e-01
5.571700e+03 0.000000e+00 1.000000e+00 1.000000e-01
5.571710e+03 0.000000e+00 1.000000e+00 1.000000e-01
5.571720e+03 0.000000e+00 1.000000e+00 1.000000e-01
5.571730e+03 0.000000e+00 1.000000e+00 1.000000e-01
5.571740e+03 0.000000e+00 1.000000e+00 1.000000e-01
5.571750e+03 0.000000e+00 1.000000e+00 1.000000e-01
5.571760e+03 0.000000e+00 1.000000e+00 1.000000e-01
5.571770e+03 0.000000e+00 1.000000e+00 1.000000e-01
5.571780e+03 0.000000e+00 1.000000e+00 1.000000e-01
5.571790e+03 0.000000e+00 1.000000e+00 1.000000e-01
5.571800e+03 0.000000e+00 1.000000e+00 1.000000e-01
5.571810e+03 0.000000e+00 1.000000e+00 1.000000e-01
5.571820e+03 0.000000e+00 1.000000e+00 1.000000e-01
5.571830e+03 0.000000e+00 1.000000e+00 1.000000e-01
5.571840e+03 0.000000e+00 1.000000e+00 1.000000e-01
5.571850e+03 0.000000e+00 1.000000e+00 1.000000e-01
5.571860e+03 0.000000e+00 1.000000e+00 1.000000e-01
5.571870e+03 0.000000e+00 1.000000e+00 1.000000e-01
5.571880e+03 0.000000e+00 1.000000e+00 1.000000e-01
5.571890e+03 0.000000e+00 1.000000e+00 1.000000e-01
5.571900e+03 0.000000e+00 1.000000e+00 1.000000e-01
5.571910e+03 0.000000e+00 1.000000e+00 1.000000e-01
5.571920e+03 0.000000e+00 1.000000e+00 1.000000e-01
5.571930e+03 0.000000e+00 1.000000e+00 1.000000e-01
5.571940e+03 0.000000e+00 1.000000e+00 1.000000e-01
5.571950e+03 0.000000e+00 1.000000e+00 1.000000e-01
5.571960e+03 0.000000e+00 1.000000e+00 1.000000e-01
5.571970e+03 0.000000e+00 1.000000e+00 1.000000e-01
5.571980e+03 0.000000e+00 1.000000e+00 1.000000e-01
5.571990e+03 0.000000e+00 1.000000e+00 1.000000e-01
5.572000e+03 0.000000e+00 1.000000e+00 1.000000e-01
5.572010e+03 0.000000e+00 1.000000e+00 1.000000e-01
5.572020e+03 0.000000e+00 1.000000e+00 1.000000e-01
5.572030e+03 0.000000e+00 1.000000e+00 1.000000e-01
5.572040e+03 0.000000e+00 1.000000e+00 1.000000e-01
5.572050e+03 0.000000e+00 1.000000e+00 1.000000e-01
5.572060e+03 0.000000e+00 1.000000e+00 1.000000e-01
5.572070e+03 0.000000e+00 1.000000e+00 1.000000e-01
5.572080e+03 0.000000e+00 1.000000e+00 1.000000e-01
5.572090e+03 0.000000e+00 1.000000e+00 1.000000e-01
5.572100e+03 0.000000e+00 1.000000e+00 1.000000e-01
5.572110e+03 0.000000e+00 1.000000e+00 1.000000e-01
5.572120e+03 0.000000e+00 1.000000e+00 1.000000e-01
5.572130e+03 0.000000e+00 1.000000e+00 1.000000e-01
5.572140e+03 0.000000e+00 1.000000e+00 1.000000e-01
5.572150e+03 0.000000e+00 1.000000e+00 1.000000e-01
5.572160e+03 0.000000e+00 1.000000e+00 1.000000e-01
5.572170e+03 0.000000e+00 1.000000e+00 1.000000e-01
5.572180e+03 0.000000e+00 1.000000e+00 1.000000e-01
5.572190e+03 0.000000e+00 1.000000e+00 1.000000e-01
5.572200e+03 0.000000e+00 1.000000e+00 1.000000e-01
5.572210e+03 0.000000e+00 1.000000e+00 1.000000e-01
5.572220e+03 0.000000e+00 1.000000e+00 1.000000e-01
5.572230e+03 0.000000e+00 1.000000e+00 1.000000e-01
5.572240e+03 0.000000e+00 1.000000e+00 1.000000e-01
5.572250e+03 0.000000e+00 1.000000e+00 1.000000e-01
5.572260e+03 0.000000e+00 1.000000e+00 1.000000e-01
5.572270e+03 0.000000e+00 1.000000e+00 1.000000e-01
5.572280e+03 0.000000e+00 1.000000e+00 1.000000e-01
5.572290e+03 0.000000e+00 1.000000e+00 1.000000e-01
5.572300e+03 0.000000e+00 1.000000e+00 1.000000e-01
5.572310e+03 0.000000e+00 1.000000e+00 1.000000e-01
5.572320e+03 0.000000e+00 1.000000e+00 1.000000e-01
5.572330e+03 0.000000e+00 1.000000e+00 1.000000e-01
5.572340e+03 0.000000e+00 1.000000e+00 1.000000e-01
5.572350e+03 0.000000e+00 1.000000e+00 1.000000e-01
5.572360e+03 0.000000e+00 1.000000e+00 1.000000e-01
5.572370e+03 0.000000e+00 1.000000e+00 1.000000e-01
5.572380e+03 0.000000e+00 1.000000e+00 1.000000e-01
5.572390e+03 0.000000e+00 1.000000e+00 1.000000e-01
5.572400e+03 0.000000e+00 1.000000e+00 1.000000e-01
5.572410e+03 0.000000e+00 1.000000e+00 1.000000e-01
5.572420e+03 0.000000e+00 1.000000e+00 1.000000e-01
5.572430e+03 0.000000e+00 1.000000e+00 1.000000e-01
5.572440e+03 0.000000e+00 1.000000e+00 1.000000e-01
5.572450e+03 0.000000e+00 1.000000e+00 1.000000e-01
5.572460e+03 0.000000e+00 1.000000e+00 1.000000e-01
5.572470e+03 0.000000e+00 1.000000e+00 1.000000e-01
5.572480e+03 0.000000e+00 1.000000e+00 1.000000e-01
5.572490e+03 0.000000e+00 1.000000e+00 1.000000e-01
5.572500e+03 0.000000e+00 1.000000e+00 1.000000e-01
5.572510e+03 0.000000e+00 1.000000e+00 1.000000e-01
5.572520e+03 0.000000e+00 1.000000e+00 1.000000e-01
5.572530e+03 0.000000e+00 1.000000e+00 1.000000e-01
5.572540e+03 0.000000e+00 1.000000e+00 1.000000e-01
5.572550e+03 0.000000e+00 1.000000e+00 1.000000e-01
5.572560e+03 0.000000e+00 1.000000e+00 1.000000e-01
5.572570e+03 0.000000e+00 1.000000e+00 1.000000e-01
5.572580e+03 0.000000e+00 1.000000e+00 1.000000e-01
5.572590e+03 0.000000e+00 1.000000e+00 1.000000e-01
5.572600e+03 0.000000e+00 1.000000e+00 1.000000e-01
5.572610e+03 0.000000e+00 1.000000e+00 1.000000e-01
5.572620e+03 0.000000e+00 1.000000e+00 1.000000e-01
5.572630e+03 0.000000e+00 1.000000e+00 1.000000e-01
5.572640e+03 0.000000e+00 1.000000e+00 1.000000e-01
5.572650e+03 0.000000e+00 1.000000e+00 1.000000e-01
5.572660e+03 0.000000e+00 1.000000e+00 1.000000e-01
5.572670e+03 0.000000e+00 1.000000e+00 1.000000e-01
5.572680e+03 0.000000e+00 1.000000e+00 1.000000e-01
5.572690e+03 0.000000e+00 1.000000e+00 1.000000e-01
5.572700e+03 0.000000e+00 1.000000e+00 1.000000e-01
5.572710e+03 0.000000e+00 1.000000e+00 1.000000e-01
5.572720e+03 0.000000e+00 1.000000e+00 1.000000e-01
5.572730e+03 0.000000e+00 1.000000e+00 1.000000e-01
5.572740e+03 0.000000e+00 1.000000e+00 1.000000e-01
5.572750e+03 0.000000e+00 1.000000e+00 1.000000e-01
5.572760e+03 0.000000e+00 1.000000e+00 1.000000e-01
5.572770e+03 0.000000e+00 1.000000e+00 1.000000e-01
5.572780e+03 0.000000e+00 1.000000e+00 1.000000e-01
5.572790e+03 0.000000e+00 1.000000e+00 1.000000e-01
5.572800e+03 0.000000e+00 1.000000e+00 1.000000e-01
5.572810e+03 0.000000e+00 1.000000e+00 1.000000e-01
5.572820e+03 0.000000e+00 1.000000e+00 1.000000e-01
5.572830e+03 0.000000e+00 1.000000e+00 1.000000e-01
5.572840e+03 0.000000e+00 1.000000e+00 1.000000e-01
5.572850e+03 0.000000e+00 1.000000e+00 1.000000e-01
5.572860e+03 0.000000e+00 1.000000e+00 1.000000e-01
5.572870e+03 0.000000e+00 1.000000e+00 1.000000e-01
5.572880e+03 0.000000e+00 1.000000e+00 1.000000e-01
5.572890e+03 0.000000e+00 1.000000e+00 1.000000e-01
5.572900e+03 0.000000e+00 1.000000e+00 1.000000e-01
5.572910e+03 0.000000e+00 1.000000e+00 1.000000e-01
5.572920e+03 0.000000e+00 1.000000e+00 1.000000e-01
5.572930e+03 0.000000e+00 1.000000e+00 1.000000e-01
5.572940e+03 0.000000e+00 1.000000e+00 1.000000e-01
5.572950e+03 0.000000e+00 1.000000e+00 1.000000e-01
5.572960e+03 0.000000e+00 1.000000e+00 1.000000e-01
5.572970e+03 0.000000e+00 1.000000e+00 1.000000e-01
5.572980e+03 0.000000e+00 1.000000e+00 1.000000e-01
5.572990e+03 0.000000e+00 1.000000e+00 1.000000e-01
5.573000e+03 0.000000e+00 1.000000e+00 1.000000e-01
5.573010e+03 0.000000e+00 1.000000e+00 1.000000e-01
5.573020e+03 0.000000e+00 1.000000e+00 1.000000e-01
5.573030e+03 0.000000e+00 1.000000e+00 1.000000e-01
5.573040e+03 0.000000e+00 1.000000e+00 1.000000e-01
5.573050e+03 0.000000e+00 1.000000e+00 1.000000e-01
5.573060e+03 0.000000e+00 1.000000e+00 1.000000e-01
5.573070e+03 0.000000e+00 1.000000e+00 1.000000e-01
5.573080e+03 0.000000e+00 1.000000e+00 1.000000e-01
5.573090e+03 0.000000e+00 1.000000e+00 1.000000e-01
5.573100e+03 0.000000e+00 1.000000e+00 1.000000e-01
5.573110e+03 0.000000e+00 1.000000e+00 1.000000e-01
5.573120e+03 0.000000e+00 1.000000e+00 1.000000e-01
5.573130e+03 0.000000e+00 1.000000e+00 1.000000e-01
5.573140e+03 0.000000e+00 1.000000e+00 1.000000e-01
5.573150e+03 0.000000e+00 1.000000e+00 1.000000e-01
5.573160e+03 0.000000e+00 1.000000e+00 1.000000e-01
5.573170e+03 0.000000e+00 1.000000e+00 1.000000e-01
5.573180e+03 0.000000e+00 1.000000e+00 1.000000e-01
5.573190e+03 0.000000e+00 1.000000e+00 1.000000e-01
5.573200e+03 0.000000e+00 1.000000e+00 1.000000e-01
5.573210e+03 0.000000e+00 1.000000e+00 1.000000e-01
5.573220e+03 0.000000e+00 1.000000e+00 1.000000e-01
5.573230e+03 0.000000e+00 1.000000e+00 1.000000e-01
5.573240e+03 0.000000e+00 1.000000e+00 1.000000e-01
5.573250e+03 0.000000e+00 1.000000e+00 1.000000e-01
5.573260e+03 0.000000e+00 1.000000e+00 1.000000e-01
5.573270e+03 0.000000e+00 1.000000e+00 1.000000e-01
5.573280e+03 0.000000e+00 1.000000e+00 1.000000e-01
5.573290e+03 0.000000e+00 1.000000e+00 1.000000e-01
5.573300e+03 0.000000e+00 1.000000e+00 1.000000e-01
5.573310e+03 0.000000e+00 1.000000e+00 1.000000e-01
5.573320e+03 0.000000e+00 1.000000e+00 1.000000e-01
5.573330e+03 0.000000e+00 1.000000e+00 1.000000e-01
5.573340e+03 0.000000e+00 1.000000e+00 1.000000e-01
5.573350e+03 0.000000e+00 1.000000e+00 1.000000e-01
5.573360e+03 0.000000e+00 1.000000e+00 1.000000e-01
5.573370e+03 0.000000e+00 1.000000e+00 1.000000e-01
5.573380e+03 0.000000e+00 1.000000e+00 1.000000e-01
5.573390e+03 0.000000e+00 1.000000e+00 1.000000e-01
5.573400e+03 0.000000e+00 1.000000e+00 1.000000e-01
5.573410e+03 0.000000e+00 1.000000e+00 1.000000e-01
5.573420e+03 0.000000e+00 1.000000e+00 1.000000e-01
5.573430e+03 0.000000e+00 1.000000e+00 1.000000e-01
5.573440e+03 0.000000e+00 1.000000e+00 1.000000e-01
5.573450e+03 0.000000e+00 1.000000e+00 1.000000e-01
5.573460e+03 0.000000e+00 1.000000e+00 1.000000e-01
5.573470e+03 0.000000e+00 1.000000e+00 1.000000e-01
5.573480e+03 0.000000e+00 1.000000e+00 1.000000e-01
5.573490e+03 0.000000e+00 1.000000e+00 1.000000e-01
5.573500e+03 0.000000e+00 1.000000e+00 1.000000e-01
5.573510e+03 0.000000e+00 1.000000e+00 1.000000e-01
5.573520e+03 0.000000e+00 1.000000e+00 1.000000e-01
5.573530e+03 0.000000e+00 1.000000e+00 1.000000e-01
5.573540e+03 0.000000e+00 1.000000e+00 1.000000e-01
5.573550e+03 0.000000e+00 1.000000e+00 1.000000e-01
5.573560e+03 0.000000e+00 1.000000e+00 1.000000e-01
5.573570e+03 0.000000e+00 1.000000e+00 1.000000e-01
5.573580e+03 0.000000e+00 1.000000e+00 1.000000e-01
5.573590e+03 0.000000e+00 1.000000e+00 1.000000e-01
5.573600e+03 0.000000e+00 1.000000e+00 1.000000e-01
5.573610e+03 0.000000e+00 1.000000e+00 1.000000e-01
5.573620e+03 0.000000e+00 1.000000e+00 1.000000e-01
5.573630e+03 0.000000e+00 1.000000e+00 1.000000e-01
5.573640e+03 0.000000e+00 1.000000e+00 1.000000e-01
5.573650e+03 0.000000e+00 1.000000e+00 1.000000e-01
5.573660e+03 0.000000e+00 1.000000e+00 1.000000e-01
5.573670e+03 0.000000e+00 1.000000e+00 1.000000e-01
5.573680e+03 0.000000e+00 1.000000e+00 1.000000e-01
5.573690e+03 0.000000e+00 1.000000e+00 1.000000e-01
5.573700e+03 0.000000e+00 1.000000e+00 1.000000e-01
5.573710e+03 0.000000e+00 1.000000e+00 1.000000e-01
5.573720e+03 0.000000e+00 1.000000e+00 1.000000e-01
5.573730e+03 0.000000e+00 1.000000e+00 1.000000e-01
5.573740e+03 0.000000e+00 1.000000e+00 1.000000e-01
5.573750e+03 0.000000e+00 1.000000e+00 1.000000e-01
5.573760e+03 0.000000e+00 1.000000e+00 1.000000e-01
5.573770e+03 0.000000e+00 1.000000e+00 1.000000e-01
5.573780e+03 0.000000e+00 1.000000e+00 1.000000e-01
5.573790e+03 0.000000e+00 1.000000e+00 1.000000e-01
5.573800e+03 0.000000e+00 1.000000e+00 1.000000e-01
5.573810e+03 0.000000e+00 1.000000e+00 1.000000e-01
5.573820e+03 0.000000e+00 1.000000e+00 1.000000e-01
5.573830e+03 0.000000e+00 1.000000e+00 1.000000e-01
5.573840e+03 0.000000e+00 1.000000e+00 1.000000e-01
5.573850e+03 0.000000e+00 1.000000e+00 1.000000e-01
5.573860e+03 0.000000e+00 1.000000e+00 1.000000e-01
5.573870e+03 0.000000e+00 1.000000e+00 1.000000e-01
5.573880e+03 0.000000e+00 1.000000e+00 1.000000e-01
5.573890e+03 0.000000e+00 1.000000e+00 1.000000e-01
5.573900e+03 0.000000e+00 1.000000e+00 1.000000e-01
5.573910e+03 0.000000e+00 1.000000e+00 1.000000e-01
5.573920e+03 0.000000e+00 1.000000e+00 1.000000e-01
5.573930e+03 0.000000e+00 1.000000e+00 1.000000e-01
5.573940e+03 0.000000e+00 1.000000e+00 1.000000e-01
5.573950e+03 0.000000e+00 1.000000e+00 1.000000e-01
5.573960e+03 0.000000e+00 1.000000e+00 1.000000e-01
5.573970e+03 0.000000e+00 1.000000e+00 1.000000e-01
5.573980e+03 0.000000e+00 1.000000e+00 1.000000e-01
5.573990e+03 0.000000e+00 1.000000e+00 1.000000e-01
5.574000e+03 0.000000e+00 1.000000e+00 1.000000e-01
5.574010e+03 0.000000e+00 1.000000e+00 1.000000e-01
5.574020e+03 0.000000e+00 1.000000e+00 1.000000e-01
5.574030e+03 0.000000e+00 1.000000e+00 1.000000e-01
5.574040e+03 0.000000e+00 1.000000e+00 1.000000e-01
5.574050e+03 0.000000e+00 1.000000e+00 1.000000e-01
5.574060e+03 0.000000e+00 1.000000e+00 1.000000e-01
5.574070e+03 0.000000e+00 1.000000e+00 1.000000e-01
5.574080e+03 0.000000e+00 1.000000e+00 1.000000e-01
5.574090e+03 0.000000e+00 1.000000e+00 1.000000e-01
5.574100e+03 0.000000e+00 1.000000e+00 1.000000e-01
5.574110e+03 0.000000e+00 1.000000e+00 1.000000e-01
5.574120e+03 0.000000e+00 1.000000e+00 1.000000e-01
5.574130e+03 0.000000e+00 1.000000e+00 1.000000e-01
5.574140e+03 0.000000e+00 1.000000e+00 1.000000e-01
5.574150e+03 0.000000e+00 1.000000e+00 1.000000e-01
5.574160e+03 0.000000e+00 1.000000e+00 1.000000e-01
5.574170e+03 0.000000e+00 1.000000e+00 1.000000e-01
5.574180e+03 0.000000e+00 1.000000e+00 1.000000e-01
5.574190e+03 0.000000e+00 1.000000e+00 1.000000e-01
5.574200e+03 0.000000e+00 1.000000e+00 1.000000e-01
5.574210e+03 0.000000e+00 1.000000e+00 1.000000e-01
5.574220e+03 0.000000e+00 1.000000e+00 1.000000e-01
5.574230e+03 0.000000e+00 1.000000e+00 1.000000e-01
5.574240e+03 0.000000e+00 1.000000e+00 1.000000e-01
5.574250e+03 0.000000e+00 1.000000e+00 1.000000e-01
5.574260e+03 0.000000e+00 1.000000e+00 1.000000e-01
5.574270e+03 0.000000e+00 1.000000e+00 1.000000e-01
5.574280e+03 0.000000e+00 1.000000e+00 1.000000e-01
5.574290e+03 0.000000e+00 1.000000e+00 1.000000e-01
5.574300e+03 0.000000e+00 1.000000e+00 1.000000e-01
5.574310e+03 0.000000e+00 1.000000e+00 1.000000e-01
5.574320e+03 0.000000e+00 1.000000e+00 1.000000e-01
5.574330e+03 0.000000e+00 1.000000e+00 1.000000e-01
5.574340e+03 0.000000e+00 1.000000e+00 1.000000e-01
5.574350e+03 0.000000e+00 1.000000e+00 1.000000e-01
5.574360e+03 0.000000e+00 1.000000e+00 1.000000e-01
5.574370e+03 0.000000e+00 1.000000e+00 1.000000e-01
5.574380e+03 0.000000e+00 1.000000e+00 1.000000e-01
5.574390e+03 0.000000e+00 1.000000e+00 1.000000e-01
5.574400e+03 0.000000e+00 1.000000e+00 1.000000e-01
5.574410e+03 0.000000e+00 1.000000e+00 1.000000e-01
5.574420e+03 0.000000e+00 1.000000e+00 1.000000e-01
5.574430e+03 0.000000e+00 1.000000e+00 1.000000e-01
5.574440e+03 0.000000e+00 1.000000e+00 1.000000e-01
5.574450e+03 0.000000e+00 1.000000e+00 1.000000e-01
5.574460e+03 0.000000e+00 1.000000e+00 1.000000e-01
5.574470e+03 0.000000e+00 1.000000e+00 1.000000e-01
5.574480e+03 0.000000e+00 1.000000e+00 1.000000e-01
5.574490e+03 0.000000e+00 1.000000e+00 1.000000e-01
5.574500e+03 0.000000e+00 1.000000e+00 1.000000e-01
5.574510e+03 0.000000e+00 1.000000e+00 1.000000e-01
5.574520e+03 0.000000e+00 1.000000e+00 1.000000e-01
5.574530e+03 0.000000e+00 1.000000e+00 1.000000e-01
5.574540e+03 0.000000e+00 1.000000e+00 1.000000e-01
5.574550e+03 0.000000e+00 1.000000e+00 1.000000e-01
5.574560e+03 0.000000e+00 1.000000e+00 1.000000e-01
5.574570e+03 0.000000e+00 1.000000e+00 1.000000e-01
5.574580e+03 0.000000e+00 1.000000e+00 1.000000e-01
5.574590e+03 0.000000e+00 1.000000e+00 1.000000e-01
5.574600e+03 0.000000e+00 1.000000e+00 1.000000e-01
5.574610e+03 0.000000e+00 1.000000e+00 1.000000e-01
5.574620e+03 0.000000e+00 1.000000e+00 1.000000e-01
5.574630e+03 0.000000e+00 1.000000e+00 1.000000e-01
5.574640e+03 0.000000e+00 1.000000e+00 1.000000e-01
5.574650e+03 0.000000e+00 1.000000e+00 1.000000e-01
5.574660e+03 0.000000e+00 1.000000e+00 1.000000e-01
5.574670e+03 0.000000e+00 1.000000e+00 1.000000e-01
5.574680e+03 0.000000e+00 1.000000e+00 1.000000e-01
5.574690e+03 0.000000e+00 1.000000e+00 1.000000e-01
5.574700e+03 0.000000e+00 1.000000e+00 1.000000e-01
5.574710e+03 0.000000e+00 1.000000e+00 1.000000e-01
5.574720e+03 0.000000e+00 1.000000e+00 1.000000e-01
5.574730e+03 0.000000e+00 1.000000e+00 1.000000e-01
5.574740e+03 0.000000e+00 1.000000e+00 1.000000e-01
5.574750e+03 0.000000e+00 1.000000e+00 1.000000e-01
5.574760e+03 0.000000e+00 1.000000e+00 1.000000e-01
5.574770e+03 0.000000e+00 1.000000e+00 1.000000e-01
5.574780e+03 0.000000e+00 1.000000e+00 1.000000e-01
5.574790e+03 0.000000e+00 1.000000e+00 1.000000e-01
5.574800e+03 0.000000e+00 1.000000e+00 1.000000e-01
5.574810e+03 0.000000e+00 1.000000e+00 1.000000e-01
5.574820e+03 0.000000e+00 1.000000e+00 1.000000e-01
5.574830e+03 0.000000e+00 1.000000e+00 1.000000e-01
5.574840e+03 0.000000e+00 1.000000e+00 1.000000e-01
5.574850e+03 0.000000e+00 1.000000e+00 1.000000e-01
5.574860e+03 0.000000e+00 1.000000e+00 1.000000e-01
5.574870e+03 0.000000e+00 1.000000e+00 1.000000e-01
5.574880e+03 0.000000e+00 1.000000e+00 1.000000e-01
5.574890e+03 0.000000e+00 1.000000e+00 1.000000e-01
5.574900e+03 0.000000e+00 1.000000e+00 1.000000e-01
5.574910e+03 0.000000e+00 1.000000e+00 1.000000e-01
5.574920e+03 0.000000e+00 1.000000e+00 1.000000e-01
5.574930e+03 0.000000e+00 1.000000e+00 1.000000e-01
5.574940e+03 0.000000e+00 1.000000e+00 1.000000e-01
5.574950e+03 0.000000e+00 1.000000e+00 1.000000e-01
5.574960e+03 0.000000e+00 1.000000e+00 1.000000e-01
5.574970e+03 0.000000e+00 1.000000e+00 1.000000e-01
5.574980e+03 0.000000e+00 1.000000e+00 1.000000e-01
5.574990e+03 0.000000e+00 1.000000e+00 1.000000e-01
5.575000e+03 0.000000e+00 1.000000e+00 1.000000e-01
5.575010e+03 0.000000e+00 1.000000e+00 1.000000e-01
5.575020e+03 0.000000e+00 1.000000e+00 1.000000e-01
5.575030e+03 0.000000e+00 1.000000e+00 1.000000e-01
5.575040e+03 0.000000e+00 1.000000e+00 1.000000e-01
5.575050e+03 0.000000e+00 1.000000e+00 1.000000e-01
5.575060e+03 0.000000e+00 1.000000e+00 1.000000e-01
5.575070e+03 0.000000e+00 1.000000e+00 1.000000e-01
5.575080e+03 0.000000e+00 1.000000e+00 1.000000e-01
5.575090e+03 0.000000e+00 1.000000e+00 1.000000e-01
5.575100e+03 0.000000e+00 1.000000e+00 1.000000e-01
5.575110e+03 0.000000e+00 1.000000e+00 1.000000e-01
5.575120e+03 0.000000e+00 1.000000e+00 1.000000e-01
5.575130e+03 0.000000e+00 1.000000e+00 1.000000e-01
5.575140e+03 0.000000e+00 1.000000e+00 1.000000e-01
5.575150e+03 0.000000e+00 1.000000e+00 1.000000e-01
5.575160e+03 0.000000e+00 1.000000e+00 1.000000e-01
5.575170e+03 0.000000e+00 1.000000e+00 1.000000e-01
5.575180e+03 0.000000e+00 1.000000e+00 1.000000e-01
5.575190e+03 0.000000e+00 1.000000e+00 1.000000e-01
5.575200e+03 0.000000e+00 1.000000e+00 1.000000e-01
5.575210e+03 0.000000e+00 1.000000e+00 1.000000e-01
5.575220e+03 0.000000e+00 1.000000e+00 1.000000e-01
5.575230e+03 0.000000e+00 1.000000e+00 1.000000e-01
5.575240e+03 0.000000e+00 1.000000e+00 1.000000e-01
5.575250e+03 0.000000e+00 1.000000e+00 1.000000e-01
5.575260e+03 0.000000e+00 1.000000e+00 1.000000e-01
5.575270e+03 0.000000e+00 1.000000e+00 1.000000e-01
5.575280e+03 0.000000e+00 1.000000e+00 1.000000e-01
5.575290e+03 0.000000e+00 1.000000e+00 1.000000e-01
5.575300e+03 0.000000e+00 1.000000e+00 1.000000e-01
5.575310e+03 0.000000e+00 1.000000e+00 1.000000e-01
5.575320e+03 0.000000e+00 1.000000e+00 1.000000e-01
5.575330e+03 0.000000e+00 1.000000e+00 1.000000e-01
5.575340e+03 0.000000e+00 1.000000e+00 1.000000e-01
5.575350e+03 0.000000e+00 1.000000e+00 1.000000e-01
5.575360e+03 0.000000e+00 1.000000e+00 1.000000e-01
5.575370e+03 0.000000e+00 1.000000e+00 1.000000e-01
5.575380e+03 0.000000e+00 1.000000e+00 1.000000e-01
5.575390e+03 0.000000e+00 1.000000e+00 1.000000e-01
5.575400e+03 0.000000e+00 1.000000e+00 1.000000e-01
5.575410e+03 0.000000e+00 1.000000e+00 1.000000e-01
5.575420e+03 0.000000e+00 1.000000e+00 1.000000e-01
5.575430e+03 0.000000e+00 1.000000e+00 1.000000e-01
5.575440e+03 0.000000e+00 1.000000e+00 1.000000e-01
5.575450e+03 0.000000e+00 1.000000e+00 1.000000e-01
5.575460e+03 0.000000e+00 1.000000e+00 1.000000e-01
5.575470e+03 0.000000e+00 1.000000e+00 1.000000e-01
5.575480e+03 0.000000e+00 1.000000e+00 1.000000e-01
5.575490e+03 0.000000e+00 1.000000e+00 1.000000e-01
5.575500e+03 0.000000e+00 1.000000e+00 1.000000e-01
5.575510e+03 0.000000e+00 1.000000e+00 1.000000e-01
5.575520e+03 0.000000e+00 1.000000e+00 1.000000e-01
5.575530e+03 0.000000e+00 1.000000e+00 1.000000e-01
5.575540e+03 0.000000e+00 1.000000e+00 1.000000e-01
5.575550e+03 0.000000e+00 1.000000e+00 1.000000e-01
5.575560e+03 0.000000e+00 1.000000e+00 1.000000e-01
5.575570e+03 0.000000e+00 1.000000e+00 1.000000e-01
5.575580e+03 0.000000e+00 1.000000e+00 1.000000e-01
5.575590e+03 0.000000e+00 1.000000e+00 1.000000e-01
5.575600e+03 0.000000e+00 1.000000e+00 1.000000e-01
5.575610e+03 0.000000e+00 1.000000e+00 1.000000e-01
5.575620e+03 0.000000e+00 1.000000e+00 1.000000e-01
5.575630e+03 0.000000e+00 1.000000e+00 1.000000e-01
5.575640e+03 0.000000e+00 1.000000e+00 1.000000e-01
5.575650e+03 0.000000e+00 1.000000e+00 1.000000e-01
5.575660e+03 0.000000e+00 1.000000e+00 1.000000e-01
5.575670e+03 0.000000e+00 1.000000e+00 1.000000e-01
5.575680e+03 0.000000e+00 1.000000e+00 1.000000e-01
5.575690e+03 0.000000e+00 1.000000e+00 1.000000e-01
5.575700e+03 0.000000e+00 1.000000e+00 1.000000e-01
5.575710e+03 0.000000e+00 1.000000e+00 1.000000e-01
5.575720e+03 0.000000e+00 1.000000e+00 1.000000e-01
5.575730e+03 0.000000e+00 1.000000e+00 1.000000e-01
5.575740e+03 0.000000e+00 1.000000e+00 1.000000e-01
5.575750e+03 0.000000e+00 1.000000e+00 1.000000e-01
5.575760e+03 0.000000e+00 1.000000e+00 1.000000e-01
5.575770e+03 0.000000e+00 1.000000e+00 1.000000e-01
5.575780e+03 0.000000e+00 1.000000e+00 1.000000e-01
5.575790e+03 0.000000e+00 1.000000e+00 1.000000e-01
5.575800e+03 0.000000e+00 1.000000e+00 1.000000e-01
5.575810e+03 0.000000e+00 1.000000e+00 1.000000e-01
5.575820e+03 0.000000e+00 1.000000e+00 1.000000e-01
5.575830e+03 0.000000e+00 1.000000e+00 1.000000e-01
5.575840e+03 0.000000e+00 1.000000e+00 1.000000e-01
5.575850e+03 0.000000e+00 1.000000e+00 1.000000e-01
5.575860e+03 0.000000e+00 1.000000e+00 1.000000e-01
5.575870e+03 0.000000e+00 1.000000e+00 1.000000e-01
5.575880e+03 0.000000e+00 1.000000e+00 1.000000e-01
5.575890e+03 0.000000e+00 1.000000e+00 1.000000e-01
5.575900e+03 0.000000e+00 1.000000e+00 1.000000e-01
5.575910e+03 0.000000e+00 1.000000e+00 1.000000e-01
5.575920e+03 0.000000e+00 1.000000e+00 1.000000e-01
5.575930e+03 0.000000e+00 1.000000e+00 1.000000e-01
5.575940e+03 0.000000e+00 1.000000e+00 1.000000e-01
5.575950e+03 0.000000e+00 1.000000e+00 1.000000e-01
5.575960e+03 0.000000e+00 1.000000e+00 1.000000e-01
5.575970e+03 0.000000e+00 1.000000e+00 1.000000e-01
5.575980e+03 0.000000e+00 1.000000e+00 1.000000e-01
5.575990e+03 0.000000e+00 1.000000e+00 1.000000e-01
5.576000e+03 0.000000e+00 1.000000e+00 1.000000e-01
5.576010e+03 0.000000e+00 1.000000e+00 1.000000e-01
5.576020e+03 0.000000e+00 1.000000e+00 1.000000e-01
5.576030e+03 0.000000e+00 1.000000e+00 1.000000e-01
5.576040e+03 0.000000e+00 1.000000e+00 1.000000e-01
5.576050e+03 0.000000e+00 1.000000e+00 1.000000e-01
5.576060e+03 0.000000e+00 1.000000e+00 1.000000e-01
5.576070e+03 0.000000e+00 1.000000e+00 1.000000e-01
5.576080e+03 0.000000e+00 1.000000e+00 1.000000e-01
5.576090e+03 0.000000e+00 1.000000e+00 1.000000e-01
5.576100e+03 0.000000e+00 1.000000e+00 1.000000e-01
5.576110e+03 0.000000e+00 1.000000e+00 1.000000e-01
5.576120e+03 0.000000e+00 1.000000e+00 1.000000e-01
5.576130e+03 0.000000e+00 1.000000e+00 1.000000e-01
5.576140e+03 0.000000e+00 1.000000e+00 1.000000e-01
5.576150e+03 0.000000e+00 1.000000e+00 1.000000e-01
5.576160e+03 0.000000e+00 1.000000e+00 1.000000e-01
5.576170e+03 0.000000e+00 1.000000e+00 1.000000e-01
5.576180e+03 0.000000e+00 1.000000e+00 1.000000e-01
5.576190e+03 0.000000e+00 1.000000e+00 1.000000e-01
5.576200e+03 0.000000e+00 1.000000e+00 1.000000e-01
5.576210e+03 0.000000e+00 1.000000e+00 1.000000e-01
5.576220e+03 0.000000e+00 1.000000e+00 1.000000e-01
5.576230e+03 0.000000e+00 1.000000e+00 1.000000e-01
5.576240e+03 0.000000e+00 1.000000e+00 1.000000e-01
5.576250e+03 0.000000e+00 1.000000e+00 1.000000e-01
5.576260e+03 0.000000e+00 1.000000e+00 1.000000e-01
5.576270e+03 0.000000e+00 1.000000e+00 1.000000e-01
5.576280e+03 0.000000e+00 1.000000e+00 1.000000e-01
5.576290e+03 0.000000e+00 1.000000e+00 1.000000e-01
5.576300e+03 0.000000e+00 1.000000e+00 1.000000e-01
5.576310e+03 0.000000e+00 1.000000e+00 1.000000e-01
5.576320e+03 0.000000e+00 1.000000e+00 1.000000e-01
5.576330e+03 0.000000e+00 1.000000e+00 1.000000e-01
5.576340e+03 0.000000e+00 1.000000e+00 1.000000e-01
5.576350e+03 0.000000e+00 1.000000e+00 1.000000e-01
5.576360e+03 0.000000e+00 1.000000e+00 1.000000e-01
5.576370e+03 0.000000e+00 1.000000e+00 1.000000e-01
5.576380e+03 0.000000e+00 1.000000e+00 1.000000e-01
5.576390e+03 0.000000e+00 1.000000e+00 1.000000e-01
5.576400e+03 0.000000e+00 1.000000e+00 1.000000e-01
5.576410e+03 0.000000e+00 1.000000e+00 1.000000e-01
5.576420e+03 0.000000e+00 1.000000e+00 1.000000e-01
5.576430e+03 0.000000e+00 1.000000e+00 1.000000e-01
5.576440e+03 0.000000e+00 1.000000e+00 1.000000e-01
5.576450e+03 0.000000e+00 1.000000e+00 1.000000e-01
5.576460e+03 0.000000e+00 1.000000e+00 1.000000e-01
5.576470e+03 0.000000e+00 1.000000e+00 1.000000e-01
5.576480e+03 0.000000e+00 1.000000e+00 1.000000e-01
5.576490e+03 0.000000e+00 1.000000e+00 1.000000e-01
5.576500e+03 0.000000e+00 1.000000e+00 1.000000e-01
5.576510e+03 0.000000e+00 1.000000e+00 1.000000e-01
5.576520e+03 0.000000e+00 1.000000e+00 1.000000e-01
5.576530e+03 0.000000e+00 1.000000e+00 1.000000e-01
5.576540e+03 0.000000e+00 1.000000e+00 1.000000e-01
5.576550e+03 0.000000e+00 1.000000e+00 1.000000e-01
5.576560e+03 0.000000e+00 1.000000e+00 1.000000e-01
5.576570e+03 0.000000e+00 1.000000e+00 1.000000e-01
5.576580e+03 0.000000e+00 1.000000e+00 1.000000e-01
5.576590e+03 0.000000e+00 1.000000e+00 1.000000e-01
5.576600e+03 0.000000e+00 1.000000e+00 1.000000e-01
5.576610e+03 0.000000e+00 1.000000e+00 1.000000e-01
5.576620e+03 0.000000e+00 1.000000e+00 1.000000e-01
5.576630e+03 0.000000e+00 1.000000e+00 1.000000e-01
5.576640e+03 0.000000e+00 1.000000e+00 1.000000e-01
5.576650e+03 0.000000e+00 1.000000e+00 1.000000e-01
5.576660e+03 0.000000e+00 1.000000e+00 1.000000e-01
5.576670e+03 0.000000e+00 1.000000e+00 1.000000e-01
5.576680e+03 0.000000e+00 1.000000e+00 1.000000e-01
5.576690e+03 0.000000e+00 1.000000e+00 1.000000e-01
5.576700e+03 0.000000e+00 1.000000e+00 1.000000e-01
5.576710e+03 0.000000e+00 1.000000e+00 1.000000e-01
5.576720e+03 0.000000e+00 1.000000e+00 1.000000e-01
5.576730e+03 0.000000e+00 1.000000e+00 1.000000e-01
5.576740e+03 0.000000e+00 1.000000e+00 1.000000e-01
5.576750e+03 0.000000e+00 1.000000e+00 1.000000e-01
5.576760e+03 0.000000e+00 1.000000e+00 1.000000e-01
5.576770e+03 0.000000e+00 1.000000e+00 1.000000e-01
5.576780e+03 0.000000e+00 1.000000e+00 1.000000e-01
5.576790e+03 0.000000e+00 1.000000e+00 1.000000e-01
5.576800e+03 0.000000e+00 1.000000e+00 1.000000e-01
5.576810e+03 0.000000e+00 1.000000e+00 1.000000e-01
5.576820e+03 0.000000e+00 1.000000e+00 1.000000e-01
5.576830e+03 0.000000e+00 1.000000e+00 1.000000e-01
5.576840e+03 0.000000e+00 1.000000e+00 1.000000e-01
5.576850e+03 0.000000e+00 1.000000e+00 1.000000e-01
5.576860e+03 0.000000e+00 1.000000e+00 1.000000e-01
5.576870e+03 0.000000e+00 1.000000e+00 1.000000e-01
5.576880e+03 0.000000e+00 1.000000e+00 1.000000e-01
5.576890e+03 0.000000e+00 1.000000e+00 1.000000e-01
5.576900e+03 0.000000e+00 1.000000e+00 1.000000e-01
5.576910e+03 0.000000e+00 1.000000e+00 1.000000e-01
5.576920e+03 0.000000e+00 1.000000e+00 1.000000e-01
5.576930e+03 0.000000e+00 1.000000e+00 1.000000e-01
5.576940e+03 0.000000e+00 1.000000e+00 1.000000e-01
5.576950e+03 0.000000e+00 1.000000e+00 1.000000e-01
5.576960e+03 0.000000e+00 1.000000e+00 1.000000e-01
5.576970e+03 0.000000e+00 1.000000e+00 1.000000e-01
5.576980e+03 0.000000e+00 1.000000e+00 1.000000e-01
5.576990e+03 0.000000e+00 1.000000e+00 1.000000e-01
5.577000e+03 0.000000e+00 1.000000e+00 1.000000e-01
5.577010e+03 0.000000e+00 1.000000e+00 1.000000e-01
5.577020e+03 0.000000e+00 1.000000e+00 1.000000e-01
5.577030e+03 0.000000e+00 1.000000e+00 1.000000e-01
5.577040e+03 0.000000e+00 1.000000e+00 1.000000e-01
5.577050e+03 0.000000e+00 1.000000e+00 1.000000e-01
5.577060e+03 0.000000e+00 1.000000e+00 1.000000e-01
5.577070e+03 0.000000e+00 1.000000e+00 1.000000e-01
5.577080e+03 0.000000e+00 1.000000e+00 1.000000e-01
5.577090e+03 0.000000e+00 1.000000e+00 1.000000e-01
5.577100e+03 0.000000e+00 1.000000e+00 1.000000e-01
5.577110e+03 0.000000e+00 1.000000e+00 1.000000e-01
5.577120e+03 0.000000e+00 1.000000e+00 1.000000e-01
5.577130e+03 0.000000e+00 1.000000e+00 1.000000e-01
5.577140e+03 0.000000e+00 1.000000e+00 1.000000e-01
5.577150e+03 0.000000e+00 1.000000e+00 1.000000e-01
5.577160e+03 0.000000e+00 1.000000e+00 1.000000e-01
5.577170e+03 0.000000e+00 1.000000e+00 1.000000e-01
5.577180e+03 0.000000e+00 1.000000e+00 1.000000e-01
5.577190e+03 0.000000e+00 1.000000e+00 1.000000e-01
5.577200e+03 0.000000e+00 1.000000e+00 1.000000e-01
5.577210e+03 0.000000e+00 1.000000e+00 1.000000e-01
5.577220e+03 0.000000e+00 1.000000e+00 1.000000e-01
5.577230e+03 0.000000e+00 1.000000e+00 1.000000e-01
5.577240e+03 0.000000e+00 1.000000e+00 1.000000e-01
5.577250e+03 0.000000e+00 1.000000e+00 1.000000e-01
5.577260e+03 0.000000e+00 1.000000e+00 1.000000e-01
5.577270e+03 0.000000e+00 1.000000e+00 1.000000e-01
5.577280e+03 0.000000e+00 1.000000e+00 1.000000e-01
5.577290e+03 0.000000e+00 1.000000e+00 1.000000e-01
5.577300e+03 0.000000e+00 1.000000e+00 1.000000e-01
5.577310e+03 0.000000e+00 1.000000e+00 1.000000e-01
5.577320e+03 0.000000e+00 1.000000e+00 1.000000e-01
5.577330e+03 0.000000e+00 1.000000e+00 1.000000e-01
5.577340e+03 0.000000e+00 1.000000e+00 1.000000e-01
5.577350e+03 0.000000e+00 1.000000e+00 1.000000e-01
5.577360e+03 0.000000e+00 1.000000e+00 1.000000e-01
5.577370e+03 0.000000e+00 1.000000e+00 1.000000e-01
5.577380e+03 0.000000e+00 1.000000e+00 1.000000e-01
5.577390e+03 0.000000e+00 1.000000e+00 1.000000e-01
5.577400e+03 0.000000e+00 1.000000e+00 1.000000e-01
5.577410e+03 0.000000e+00 1.000000e+00 1.000000e-01
5.577420e+03 0.000000e+00 1.000000e+00 1.000000e-01
5.577430e+03 0.000000e+00 1.000000e+00 1.000000e-01
5.577440e+03 0.000000e+00 1.000000e+00 1.000000e-01
5.577450e+03 0.000000e+00 1.000000e+00 1.000000e-01
5.577460e+03 0.000000e+00 1.000000e+00 1.000000e-01
5.577470e+03 0.000000e+00 1.000000e+00 1.000000e-01
5.577480e+03 0.000000e+00 1.000000e+00 1.000000e-01
5.577490e+03 0.000000e+00 1.000000e+00 1.000000e-01
5.577500e+03 0.000000e+00 1.000000e+00 1.000000e-01
5.577510e+03 0.000000e+00 1.000000e+00 1.000000e-01
5.577520e+03 0.000000e+00 1.000000e+00 1.000000e-01
5.577530e+03 0.000000e+00 1.000000e+00 1.000000e-01
5.577540e+03 0.000000e+00 1.000000e+00 1.000000e-01
5.577550e+03 0.000000e+00 1.000000e+00 1.000000e-01
5.577560e+03 0.000000e+00 1.000000e+00 1.000000e-01
5.577570e+03 0.000000e+00 1.000000e+00 1.000000e-01
5.577580e+03 0.000000e+00 1.000000e+00 1.000000e-01
5.577590e+03 0.000000e+00 1.000000e+00 1.000000e-01
5.577600e+03 0.000000e+00 1.000000e+00 1.000000e-01
5.577610e+03 0.000000e+00 1.000000e+00 1.000000e-01
5.577620e+03 0.000000e+00 1.000000e+00 1.000000e-01
5.577630e+03 0.000000e+00 1.000000e+00 1.000000e-01
5.577640e+03 0.000000e+00 1.000000e+00 1.000000e-01
5.577650e+03 0.000000e+00 1.000000e+00 1.000000e-01
5.577660e+03 0.000000e+00 1.000000e+00 1.000000e-01
5.577670e+03 0.000000e+00 1.000000e+00 1.000000e-01
5.577680e+03 0.000000e+00 1.000000e+00 1.000000e-01
5.577690e+03 0.000000e+00 1.000000e+00 1.000000e-01
5.577700e+03 0.000000e+00 1.000000e+00 1.000000e-01
5.577710e+03 0.000000e+00 1.000000e+00 1.000000e-01
5.577720e+03 0.000000e+00 1.000000e+00 1.000000e-01
5.577730e+03 0.000000e+00 1.000000e+00 1.000000e-01
5.577740e+03 0.000000e+00 1.000000e+00 1.000000e-01
5.577750e+03 0.000000e+00 1.000000e+00 1.000000e-01
5.577760e+03 0.000000e+00 1.000000e+00 1.000000e-01
5.577770e+03 0.000000e+00 1.000000e+00 1.000000e-01
5.577780e+03 0.000000e+00 1.000000e+00 1.000000e-01
5.577790e+03 0.000000e+00 1.000000e+00 1.000000e-01
5.577800e+03 0.000000e+00 1.000000e+00 1.000000e-01
5.577810e+03 0.000000e+00 1.000000e+00 1.000000e-01
5.577820e+03 0.000000e+00 1.000000e+00 1.000000e-01
5.577830e+03 0.000000e+00 1.000000e+00 1.000000e-01
5.577840e+03 0.000000e+00 1.000000e+00 1.000000e-01
5.577850e+03 0.000000e+00 1.000000e+00 1.000000e-01
5.577860e+03 0.000000e+00 1.000000e+00 1.000000e-01
5.577870e+03 0.000000e+00 1.000000e+00 1.000000e-01
5.577880e+03 0.000000e+00 1.000000e+00 1.000000e-01
5.577890e+03 0.000000e+00 1.000000e+00 1.000000e-01
5.577900e+03 0.000000e+00 1.000000e+00 1.000000e-01
5.577910e+03 0.000000e+00 1.000000e+00 1.000000e-01
5.577920e+03 0.000000e+00 1.000000e+00 1.000000e-01
5.577930e+03 0.000000e+00 1.000000e+00 1.000000e-01
5.577940e+03 0.000000e+00 1.000000e+00 1.000000e-01
5.577950e+03 0.000000e+00 1.000000e+00 1.000000e-01
5.577960e+03 0.000000e+00 1.000000e+00 1.000000e-01
5.577970e+03 0.000000e+00 1.000000e+00 1.000000e-01
5.577980e+03 0.000000e+00 1.000000e+00 1.000000e-01
5.577990e+03 0.000000e+00 1.000000e+00 1.000000e-01
5.578000e+03 0.000000e+00 1.000000e+00 1.000000e-01
5.578010e+03 0.000000e+00 1.000000e+00 1.000000e-01
5.578020e+03 0.000000e+00 1.000000e+00 1.000000e-01
5.578030e+03 0.000000e+00 1.000000e+00 1.000000e-01
5.578040e+03 0.000000e+00 1.000000e+00 1.000000e-01
5.578050e+03 0.000000e+00 1.000000e+00 1.000000e-01
5.578060e+03 0.000000e+00 1.000000e+00 1.000000e-01
5.578070e+03 0.000000e+00 1.000000e+00 1.000000e-01
5.578080e+03 0.000000e+00 1.000000e+00 1.000000e-01
5.578090e+03 0.000000e+00 1.000000e+00 1.000000e-01
5.578100e+03 0.000000e+00 1.000000e+00 1.000000e-01
5.578110e+03 0.000000e+00 1.000000e+00 1.000000e-01
5.578120e+03 0.000000e+00 1.000000e+00 1.000000e-01
5.578130e+03 0.000000e+00 1.000000e+00 1.000000e-01
5.578140e+03 0.000000e+00 1.000000e+00 1.000000e-01
5.578150e+03 0.000000e+00 1.000000e+00 1.000000e-01
5.578160e+03 0.000000e+00 1.000000e+00 1.000000e-01
5.578170e+03 0.000000e+00 1.000000e+00 1.000000e-01
5.578180e+03 0.000000e+00 1.000000e+00 1.000000e-01
5.578190e+03 0.000000e+00 1.000000e+00 1.000000e-01
5.578200e+03 0.000000e+00 1.000000e+00 1.000000e-01
5.578210e+03 0.000000e+00 1.000000e+00 1.000000e-01
5.578220e+03 0.000000e+00 1.000000e+00 1.000000e-01
5.578230e+03 0.000000e+00 1.000000e+00 1.000000e-01
5.578240e+03 0.000000e+00 1.000000e+00 1.000000e-01
5.578250e+03 0.000000e+00 1.000000e+00 1.000000e-01
5.578260e+03 0.000000e+00 1.000000e+00 1.000000e-01
5.578270e+03 0.000000e+00 1.000000e+00 1.000000e-01
5.578280e+03 0.000000e+00 1.000000e+00 1.000000e-01
5.578290e+03 0.000000e+00 1.000000e+00 1.000000e-01
5.578300e+03 0.000000e+00 1.000000e+00 1.000000e-01
5.578310e+03 0.000000e+00 1.000000e+00 1.000000e-01
5.578320e+03 0.000000e+00 1.000000e+00 1.000000e-01
5.578330e+03 0.000000e+00 1.000000e+00 1.000000e-01
5.578340e+03 0.000000e+00 1.000000e+00 1.000000e-01
5.578350e+03 0.000000e+00 1.000000e+00 1.000000e-01
5.578360e+03 0.000000e+00 1.000000e+00 1.000000e-01
5.578370e+03 0.000000e+00 1.000000e+00 1.000000e-01
5.578380e+03 0.000000e+00 1.000000e+00 1.000000e-01
5.578390e+03 0.000000e+00 1.000000e+00 1.000000e-01
5.578400e+03 0.000000e+00 1.000000e+00 1.000000e-01
5.578410e+03 0.000000e+00 1.000000e+00 1.000000e-01
5.578420e+03 0.000000e+00 1.000000e+00 1.000000e-01
5.578430e+03 0.000000e+00 1.000000e+00 1.000000e-01
5.578440e+03 0.000000e+00 1.000000e+00 1.000000e-01
5.578450e+03 0.000000e+00 1.000000e+00 1.000000e-01
5.578460e+03 0.000000e+00 1.000000e+00 1.000000e-01
5.578470e+03 0.000000e+00 1.000000e+00 1.000000e-01
5.578480e+03 0.000000e+00 1.000000e+00 1.000000e-01
5.578490e+03 0.000000e+00 1.000000e+00 1.000000e-01
5.578500e+03 0.000000e+00 1.000000e+00 1.000000e-01
5.578510e+03 0.000000e+00 1.000000e+00 1.000000e-01
5.578520e+03 0.000000e+00 1.000000e+00 1.000000e-01
5.578530e+03 0.000000e+00 1.000000e+00 1.000000e-01
5.578540e+03 0.000000e+00 1.000000e+00 1.000000e-01
5.578550e+03 0.000000e+00 1.000000e+00 1.000000e-01
5.578560e+03 0.000000e+00 1.000000e+00 1.000000e-01
5.578570e+03 0.000000e+00 1.000000e+00 1.000000e-01
5.578580e+03 0.000000e+00 1.000000e+00 1.000000e-01
5.578590e+03 0.000000e+00 1.000000e+00 1.000000e-01
5.578600e+03 0.000000e+00 1.000000e+00 1.000000e-01
5.578610e+03 0.000000e+00 1.000000e+00 1.000000e-01
5.578620e+03 0.000000e+00 1.000000e+00 1.000000e-01
5.578630e+03 0.000000e+00 1.000000e+00 1.000000e-01
5.578640e+03 0.000000e+00 1.000000e+00 1.000000e-01
5.578650e+03 0.000000e+00 1.000000e+00 1.000000e-01
5.578660e+03 0.000000e+00 1.000000e+00 1.000000e-01
5.578670e+03 0.000000e+00 1.000000e+00 1.000000e-01
5.578680e+03 0.000000e+00 1.000000e+00 1.000000e-01
5.578690e+03 0.000000e+00 1.000000e+00 1.000000e-01
5.578700e+03 0.000000e+00 1.000000e+00 1.000000e-01
5.578710e+03 0.000000e+00 1.000000e+00 1.000000e-01
5.578720e+03 0.000000e+00 1.000000e+00 1.000000e-01
5.578730e+03 0.000000e+00 1.000000e+00 1.000000e-01
5.578740e+03 0.000000e+00 1.000000e+00 1.000000e-01
5.578750e+03 0.000000e+00 1.000000e+00 1.000000e-01
5.578760e+03 0.000000e+00 1.000000e+00 1.000000e-01
5.578770e+03 0.000000e+00 1.000000e+00 1.000000e-01
5.578780e+03 0.000000e+00 1.000000e+00 1.000000e-01
5.578790e+03 0.000000e+00 1.000000e+00 1.000000e-01
5.578800e+03 0.000000e+00 1.000000e+00 1.000000e-01
5.578810e+03 0.000000e+00 1.000000e+00 1.000000e-01
5.578820e+03 0.000000e+00 1.000000e+00 1.000000e-01
5.578830e+03 0.000000e+00 1.000000e+00 1.000000e-01
5.578840e+03 0.000000e+00 1.000000e+00 1.000000e-01
5.578850e+03 0.000000e+00 1.000000e+00 1.000000e-01
5.578860e+03 0.000000e+00 1.000000e+00 1.000000e-01
5.578870e+03 0.000000e+00 1.000000e+00 1.000000e-01
5.578880e+03 0.000000e+00 1.000000e+00 1.000000e-01
5.578890e+03 0.000000e+00 1.000000e+00 1.000000e-01
5.578900e+03 0.000000e+00 1.000000e+00 1.000000e-01
5.578910e+03 0.000000e+00 1.000000e+00 1.000000e-01
5.578920e+03 0.000000e+00 1.000000e+00 1.000000e-01
5.578930e+03 0.000000e+00 1.000000e+00 1.000000e-01
5.578940e+03 0.000000e+00 1.000000e+00 1.000000e-01
5.578950e+03 0.000000e+00 1.000000e+00 1.000000e-01
5.578960e+03 0.000000e+00 1.000000e+00 1.000000e-01
5.578970e+03 0.000000e+00 1.000000e+00 1.000000e-01
5.578980e+03 0.000000e+00 1.000000e+00 1.000000e-01
5.578990e+03 0.000000e+00 1.000000e+00 1.000000e-01
5.579000e+03 0.000000e+00 1.000000e+00 1.000000e-01
5.579010e+03 0.000000e+00 1.000000e+00 1.000000e-01
5.579020e+03 0.000000e+00 1.000000e+00 1.000000e-01
5.579030e+03 0.000000e+00 1.000000e+00 1.000000e-01
5.579040e+03 0.000000e+00 1.000000e+00 1.000000e-01
5.579050e+03 0.000000e+00 1.000000e+00 1.000000e-01
5.579060e+03 0.000000e+00 1.000000e+00 1.000000e-01
5.579070e+03 0.000000e+00 1.000000e+00 1.000000e-01
5.579080e+03 0.000000e+00 1.000000e+00 1.000000e-01
5.579090e+03 0.000000e+00 1.000000e+00 1.000000e-01
5.579100e+03 0.000000e+00 1.000000e+00 1.000000e-01
5.579110e+03 0.000000e+00 1.000000e+00 1.000000e-01
5.579120e+03 0.000000e+00 1.000000e+00 1.000000e-01
5.579130e+03 0.000000e+00 1.000000e+00 1.000000e-01
5.579140e+03 0.000000e+00 1.000000e+00 1.000000e-01
5.579150e+03 0.000000e+00 1.000000e+00 1.000000e-01
5.579160e+03 0.000000e+00 1.000000e+00 1.000000e-01
5.579170e+03 0.000000e+00 1.000000e+00 1.000000e-01
5.579180e+03 0.000000e+00 1.000000e+00 1.000000e-01
5.579190e+03 0.000000e+00 1.000000e+00 1.000000e-01
5.579200e+03 0.000000e+00 1.000000e+00 1.000000e-01
5.579210e+03 0.000000e+00 1.000000e+00 1.000000e-01
5.579220e+03 0.000000e+00 1.000000e+00 1.000000e-01
5.579230e+03 0.000000e+00 1.000000e+00 1.000000e-01
5.579240e+03 0.000000e+00 1.000000e+00 1.000000e-01
5.579250e+03 0.000000e+00 1.000000e+00 1.000000e-01
5.579260e+03 0.000000e+00 1.000000e+00 1.000000e-01
5.579270e+03 0.000000e+00 1.000000e+00 1.000000e-01
5.579280e+03 0.000000e+00 1.000000e+00 1.000000e-01
5.579290e+03 0.000000e+00 1.000000e+00 1.000000e-01
5.579300e+03 0.000000e+00 1.000000e+00 1.000000e-01
5.579310e+03 0.000000e+00 1.000000e+00 1.000000e-01
5.579320e+03 0.000000e+00 1.000000e+00 1.000000e-01
5.579330e+03 0.000000e+00 1.000000e+00 1.000000e-01
5.579340e+03 0.000000e+00 1.000000e+00 1.000000e-01
5.579350e+03 0.000000e+00 1.000000e+00 1.000000e-01
5.579360e+03 0.000000e+00 1.000000e+00 1.000000e-01
5.579370e+03 0.000000e+00 1.000000e+00 1.000000e-01
5.579380e+03 0.000000e+00 1.000000e+00 1.000000e-01
5.579390e+03 0.000000e+00 1.000000e+00 1.000000e-01
5.579400e+03 0.000000e+00 1.000000e+00 1.000000e-01
5.579410e+03 0.000000e+00 1.000000e+00 1.000000e-01
5.579420e+03 0.000000e+00 1.000000e+00 1.000000e-01
5.579430e+03 0.000000e+00 1.000000e+00 1.000000e-01
5.579440e+03 0.000000e+00 1.000000e+00 1.000000e-01
5.579450e+03 0.000000e+00 1.000000e+00 1.000000e-01
5.579460e+03 0.000000e+00 1.000000e+00 1.000000e-01
5.579470e+03 0.000000e+00 1.000000e+00 1.000000e-01
5.579480e+03 0.000000e+00 1.000000e+00 1.000000e-01
5.579490e+03 0.000000e+00 1.000000e+00 1.000000e-01
5.579500e+03 0.000000e+00 1.000000e+00 1.000000e-01
5.579510e+03 0.000000e+00 1.000000e+00 1.000000e-01
5.579520e+03 0.000000e+00 1.000000e+00 1.000000e-01
5.579530e+03 0.000000e+00 1.000000e+00 1.000000e-01
5.579540e+03 0.000000e+00 1.000000e+00 1.000000e-01
5.579550e+03 0.000000e+00 1.000000e+00 1.000000e-01
5.579560e+03 0.000000e+00 1.000000e+00 1.000000e-01
5.579570e+03 0.000000e+00 1.000000e+00 1.000000e-01
5.579580e+03 0.000000e+00 1.000000e+00 1.000000e-01
5.579590e+03 0.000000e+00 1.000000e+00 1.000000e-01
5.579600e+03 0.000000e+00 1.000000e+00 1.000000e-01
5.579610e+03 0.000000e+00 1.000000e+00 1.000000e-01
5.579620e+03 0.000000e+00 1.000000e+00 1.000000e-01
5.579630e+03 0.000000e+00 1.000000e+00 1.000000e-01
5.579640e+03 0.000000e+00 1.000000e+00 1.000000e-01
5.579650e+03 0.000000e+00 1.000000e+00 1.000000e-01
5.579660e+03 0.000000e+00 1.000000e+00 1.000000e-01
5.579670e+03 0.000000e+00 1.000000e+00 1.000000e-01
5.579680e+03 0.000000e+00 1.000000e+00 1.000000e-01
5.579690e+03 0.000000e+00 1.000000e+00 1.000000e-01
5.579700e+03 0.000000e+00 1.000000e+00 1.000000e-01
5.579710e+03 0.000000e+00 1.000000e+00 1.000000e-01
5.579720e+03 0.000000e+00 1.000000e+00 1.000000e-01
5.579730e+03 0.000000e+00 1.000000e+00 1.000000e-01
5.579740e+03 0.000000e+00 1.000000e+00 1.000000e-01
5.579750e+03 0.000000e+00 1.000000e+00 1.000000e-01
5.579760e+03 0.000000e+00 1.000000e+00 1.000000e-01
5.579770e+03 0.000000e+00 1.000000e+00 1.000000e-01
5.579780e+03 0.000000e+00 1.000000e+00 1.000000e-01
5.579790e+03 0.000000e+00 1.000000e+00 1.000000e-01
5.579800e+03 0.000000e+00 1.000000e+00 1.000000e-01
5.579810e+03 0.000000e+00 1.000000e+00 1.000000e-01
5.579820e+03 0.000000e+00 1.000000e+00 1.000000e-01
5.579830e+03 0.000000e+00 1.000000e+00 1.000000e-01
5.579840e+03 0.000000e+00 1.000000e+00 1.000000e-01
5.579850e+03 0.000000e+00 1.000000e+00 1.000000e-01
5.579860e+03 0.000000e+00 1.000000e+00 1.000000e-01
5.579870e+03 0.000000e+00 1.000000e+00 1.000000e-01
5.579880e+03 0.000000e+00 1.000000e+00 1.000000e-01
5.579890e+03 0.000000e+00 1.000000e+00 1.000000e-01
5.579900e+03 0.000000e+00 1.000000e+00 1.000000e-01
5.579910e+03 0.000000e+00 1.000000e+00 1.000000e-01
5.579920e+03 0.000000e+00 1.000000e+00 1.000000e-01
5.579930e+03 0.000000e+00 1.000000e+00 1.000000e-01
5.579940e+03 0.000000e+00 1.000000e+00 1.000000e-01
5.579950e+03 5.977740e-04 9.994024e-01 9.997012e-02
5.579960e+03 1.024993e-03 9.989755e-01 9.994876e-02
5.579970e+03 1.694032e-03 9.983074e-01 9.991533e-02
5.579980e+03 2.705130e-03 9.972985e-01 9.986483e-02
5.579990e+03 4.156479e-03 9.958521e-01 9.979239e-02
5.580000e+03 6.185142e-03 9.938339e-01 9.969122e-02
5.580010e+03 8.899046e-03 9.911404e-01 9.955604e-02
5.580020e+03 1.239751e-02 9.876790e-01 9.938204e-02
5.580030e+03 1.675991e-02 9.833798e-01 9.916551e-02
5.580040e+03 2.204906e-02 9.781922e-01 9.890360e-02
5.580050e+03 2.846455e-02 9.719368e-01 9.858685e-02
5.580060e+03 3.571851e-02 9.649119e-01 9.822993e-02
5.580070e+03 4.373751e-02 9.572052e-01 9.783686e-02
5.580080e+03 5.254496e-02 9.488117e-01 9.740696e-02
5.580090e+03 6.139448e-02 9.404522e-01 9.697691e-02
5.580100e+03 6.934444e-02 9.330053e-01 9.659220e-02
5.580110e+03 7.511139e-02 9.276402e-01 9.631408e-02
5.580120e+03 7.750843e-02 9.254192e-01 9.619871e-02
5.580130e+03 7.590863e-02 9.269009e-01 9.627569e-02
5.580140e+03 7.047773e-02 9.319485e-01 9.653748e-02
5.580150e+03 6.127432e-02 9.405652e-01 9.698274e-02
5.580160e+03 5.034317e-02 9.509030e-01 9.751426e-02
5.580170e+03 3.983571e-02 9.609473e-01 9.802792e-02
5.580180e+03 2.994058e-02 9.705032e-01 9.851412e-02
5.580190e+03 2.200832e-02 9.782321e-01 9.890562e-02
5.580200e+03 1.636705e-02 9.837662e-01 9.918499e-02
5.580210e+03 1.302054e-02 9.870639e-01 9.935109e-02
5.580220e+03 1.190896e-02 9.881617e-01 9.940632e-02
5.580230e+03 1.310451e-02 9.869810e-01 9.934692e-02
5.580240e+03 1.684209e-02 9.832989e-01 9.916143e-02
5.580250e+03 2.336171e-02 9.769091e-01 9.883871e-02
5.580260e+03 3.256095e-02 9.679635e-01 9.838513e-02
5.580270e+03 4.346353e-02 9.574675e-01 9.785027e-02
5.580280e+03 5.628793e-02 9.452669e-01 9.722484e-02
5.580290e+03 6.702825e-02 9.351688e-01 9.670413e-02
5.580300e+03 7.416451e-02 9.285189e-01 9.635969e-02
5.580310e+03 7.714830e-02 9.257526e-01 9.621604e-02
5.580320e+03 7.561194e-02 9.271759e-01 9.628998e-02
5.580330e+03 7.079944e-02 9.316487e-01 9.652195e-02
5.580340e+03 6.580962e-02 9.363091e-01 9.676307e-02
5.580350e+03 6.260020e-02 9.393189e-01 9.691847e-02
5.580360e+03 6.290512e-02 9.390326e-01 9.690369e-02
5.580370e+03 6.734663e-02 9.348711e-01 9.668873e-02
5.580380e+03 7.541873e-02 9.273551e-01 9.629928e-02
5.580390e+03 8.576950e-02 9.178058e-01 9.580218e-02
5.580400e+03 9.660841e-02 9.079115e-01 9.528439e-02
5.580410e+03 1.063348e-01 8.991235e-01 9.482213e-02
5.580420e+03 1.129116e-01 8.932296e-01 9.451083e-02
5.580430e+03 1.152598e-01 8.911346e-01 9.439992e-02
5.580440e+03 1.133646e-01 8.928251e-01 9.448942e-02
5.580450e+03 1.071340e-01 8.984053e-01 9.478424e-02
5.580460e+03 9.765954e-02 9.069576e-01 9.523432e-02
5.580470e+03 8.519731e-02 9.183311e-01 9.582959e-02
5.580480e+03 7.099628e-02 9.314654e-01 9.651245e-02
5.580490e+03 5.710593e-02 9.444940e-01 9.718508e-02
5.580500e+03 4.412045e-02 9.568387e-01 9.781813e-02
5.580510e+03 3.274525e-02 9.677851e-01 9.837607e-02
5.580520e+03 2.334870e-02 9.769218e-01 9.883935e-02
5.580530e+03 1.599817e-02 9.841291e-01 9.920328e-02
5.580540e+03 1.056995e-02 9.894857e-01 9.947290e-02
5.580550e+03 6.707501e-03 9.933149e-01 9.966519e-02
5.580560e+03 4.069783e-03 9.959385e-01 9.979672e-02
5.580570e+03 2.392510e-03 9.976103e-01 9.988045e-02
5.580580e+03 1.359753e-03 9.986412e-01 9.993204e-02
5.580590e+03 7.508446e-04 9.992494e-01 9.996246e-02
5.580600e+03 0.000000e+00 1.000000e+00 1.000000e-01
5.580610e+03 0.000000e+00 1.000000e+00 1.000000e-01
5.580620e+03 0.000000e+00 1.000000e+00 1.000000e-01
5.580630e+03 2.086236e-08 1.000000e+00 1.000000e-01
5.580640e+03 2.086010e-08 1.000000e+00 1.000000e-01
5.580650e+03 4.898718e-04 9.995102e-01 9.997551e-02
5.580660e+03 5.251041e-04 9.994750e-01 9.997375e-02
5.580670e+03 7.210020e-04 9.992793e-01 9.996396e-02
5.580680e+03 7.915703e-04 9.992087e-01 9.996043e-02
5.580690e+03 1.071762e-03 9.989288e-01 9.994643e-02
5.580700e+03 1.291239e-03 9.987096e-01 9.993546e-02
5.580710e+03 1.162155e-03 9.988385e-01 9.994191e-02
5.580720e+03 1.079154e-03 9.989214e-01 9.994606e-02
5.580730e+03 1.183844e-03 9.988169e-01 9.994083e-02
5.580740e+03 1.305503e-03 9.986953e-01 9.993475e-02
5.580750e+03 1.448724e-03 9.985523e-01 9.992759e-02
5.580760e+03 1.621171e-03 9.983801e-01 9.991897e-02
5.580770e+03 2.148533e-03 9.978538e-01 9.989263e-02
5.580780e+03 2.731582e-03 9.972721e-01 9.986351e-02
5.580790e+03 3.843580e-03 9.961638e-01 9.980801e-02
5.580800e+03 5.757504e-03 9.942590e-01 9.971254e-02
5.580810e+03 9.577584e-03 9.904681e-01 9.952227e-02
5.580820e+03 1.759612e-02 9.825578e-01 9.912405e-02
5.580830e+03 3.476227e-02 9.658350e-01 9.827690e-02
5.580840e+03 7.108676e-02 9.313811e-01 9.650809e-02
5.580850e+03 1.451665e-01 8.648783e-01 9.299883e-02
5.580860e+03 2.881944e-01 7.496158e-01 8.658036e-02
5.580870e+03 5.465047e-01 5.789700e-01 7.609008e-02
5.580880e+03 9.792426e-01 3.755955e-01 6.128585e-02
5.580890e+03 1.647311e+00 1.925669e-01 4.388245e-02
5.580900e+03 2.591868e+00 7.488001e-02 2.736421e-02
5.580910e+03 3.806000e+00 2.223695e-02 1.491206e-02
5.580920e+03 5.210087e+00 5.461197e-03 7.389991e-03
5.580930e+03 6.645544e+00 1.299801e-03 3.605275e-03
5.580940e+03 7.898051e+00 3.714668e-04 1.927348e-03
5.580950e+03 8.749302e+00 1.585720e-04 1.259254e-03
5.580960e+03 9.040785e+00 1.184778e-04 1.088475e-03
5.580970e+03 8.723546e+00 1.627092e-04 1.275575e-03
5.580980e+03 7.872001e+00 3.812708e-04 1.952616e-03
5.580990e+03 6.656277e+00 1.285925e-03 3.585979e-03
5.581000e+03 5.286888e+00 5.057475e-03 7.111592e-03
5.581010e+03 3.956293e+00 1.913390e-02 1.383254e-02
5.581020e+03 2.799045e+00 6.086817e-02 2.467148e-02
5.581030e+03 1.879498e+00 1.526668e-01 3.907259e-02
5.581040e+03 1.202637e+00 3.004010e-01 5.480885e-02
5.581050e+03 7.361896e-01 4.789354e-01 6.920516e-02
5.581060e+03 4.326571e-01 6.487829e-01 8.054706e-02
5.581070e+03 2.448782e-01 7.827999e-01 8.847598e-02
5.581080e+03 1.338922e-01 8.746844e-01 9.352456e-02
5.581090e+03 7.090957e-02 9.315461e-01 9.651664e-02
5.581100e+03 3.678038e-02 9.638878e-01 9.817779e-02
5.581110e+03 1.887284e-02 9.813041e-01 9.906080e-02
5.581120e+03 9.902375e-03 9.901465e-01 9.950610e-02
5.581130e+03 6.107865e-03 9.939108e-01 9.969507e-02
5.581140e+03 4.412631e-03 9.955971e-01 9.977961e-02
5.581150e+03 4.433089e-03 9.955767e-01 9.977859e-02
5.581160e+03 6.531599e-03 9.934897e-01 9.967395e-02
5.581170e+03 1.247351e-02 9.876040e-01 9.937827e-02
5.581180e+03 2.604101e-02 9.742951e-01 9.870639e-02
5.581190e+03 5.375723e-02 9.476621e-01 9.734794e-02
5.581200e+03 1.051269e-01 9.002103e-01 9.487941e-02
5.581210e+03 1.914926e-01 8.257257e-01 9.086945e-02
5.581220e+03 3.227006e-01 7.241906e-01 8.509939e-02
5.581230e+03 5.016508e-01 6.055302e-01 7.781582e-02
5.581240e+03 7.184334e-01 4.875154e-01 6.982230e-02
5.581250e+03 9.472814e-01 3.877939e-01 6.227310e-02
5.581260e+03 1.149579e+00 3.167701e-01 5.628233e-02
5.581270e+03 1.283789e+00 2.769859e-01 5.262945e-02
5.581280e+03 1.319198e+00 2.673496e-01 5.170586e-02
5.581290e+03 1.246902e+00 2.873938e-01 5.360912e-02
5.581300e+03 1.085110e+00 3.378648e-01 5.812613e-02
5.581310e+03 8.686663e-01 4.195107e-01 6.476965e-02
5.581320e+03 6.401643e-01 5.272058e-01 7.260894e-02
5.581330e+03 4.344348e-01 6.476306e-01 8.047550e-02
5.581340e+03 2.717965e-01 7.620093e-01 8.729315e-02
5.581350e+03 1.572663e-01 8.544765e-01 9.243790e-02
5.581360e+03 8.491749e-02 9.185881e-01 9.584300e-02
5.581370e+03 4.392539e-02 9.570254e-01 9.782767e-02
5.581380e+03 2.332771e-02 9.769423e-01 9.884039e-02
5.581390e+03 1.449657e-02 9.856080e-01 9.927779e-02
5.581400e+03 1.166152e-02 9.884062e-01 9.941862e-02
5.581410e+03 1.140801e-02 9.886568e-01 9.943122e-02
5.581420e+03 1.195296e-02 9.881182e-01 9.940413e-02
5.581430e+03 1.261172e-02 9.874675e-01 9.937140e-02
5.581440e+03 1.354789e-02 9.865435e-01 9.932489e-02
5.581450e+03 1.544024e-02 9.846784e-01 9.923096e-02
5.581460e+03 2.146687e-02 9.787619e-01 9.893240e-02
5.581470e+03 3.358248e-02 9.669752e-01 9.833489e-02
5.581480e+03 5.737891e-02 9.442362e-01 9.717182e-02
5.581490e+03 1.002797e-01 9.045843e-01 9.510964e-02
5.581500e+03 1.723482e-01 8.416861e-01 9.174345e-02
5.581510e+03 2.860536e-01 7.512223e-01 8.667308e-02
5.581520e+03 4.550601e-01 6.344098e-01 7.964985e-02
5.581530e+03 6.917491e-01 5.006995e-01 7.076013e-02
5.581540e+03 1.003538e+00 3.665801e-01 6.054586e-02
5.581550e+03 1.388595e+00 2.494254e-01 4.994251e-02
5.581560e+03 1.832104e+00 1.600764e-01 4.000955e-02
5.581570e+03 2.304574e+00 9.980135e-02 3.159135e-02
5.581580e+03 2.763510e+00 6.307001e-02 2.511374e-02
5.581590e+03 3.158985e+00 4.246881e-02 2.060796e-02
5.581600e+03 3.442414e+00 3.198736e-02 1.788501e-02
5.581610e+03 3.576621e+00 2.797004e-02 1.672425e-02
5.581620e+03 3.544560e+00 2.888134e-02 1.699451e-02
5.581630e+03 3.354395e+00 3.493048e-02 1.868970e-02
5.581640e+03 3.039765e+00 4.784613e-02 2.187376e-02
5.581650e+03 2.655654e+00 7.025289e-02 2.650526e-02
5.581660e+03 2.271520e+00 1.031553e-01 3.211779e-02
5.581670e+03 1.963440e+00 1.403747e-01 3.746661e-02
5.581680e+03 1.806071e+00 1.642984e-01 4.053374e-02
5.581690e+03 1.863803e+00 1.550817e-01 3.938042e-02
5.581700e+03 2.179788e+00 1.130655e-01 3.362522e-02
5.581710e+03 2.762665e+00 6.312334e-02 2.512436e-02
5.581720e+03 3.573751e+00 2.805043e-02 1.674826e-02
5.581730e+03 4.520637e+00 1.088209e-02 1.043172e-02
5.581740e+03 5.464057e+00 4.236336e-03 6.508714e-03
5.581750e+03 6.241618e+00 1.946703e-03 4.412146e-03
5.581760e+03 6.704787e+00 1.225034e-03 3.500049e-03
5.581770e+03 6.757949e+00 1.161609e-03 3.408239e-03
5.581780e+03 6.384984e+00 1.686696e-03 4.106941e-03
5.581790e+03 5.652426e+00 3.508993e-03 5.923676e-03
5.581800e+03 4.687816e+00 9.206767e-03 9.595190e-03
5.581810e+03 3.642163e+00 2.619563e-02 1.618506e-02
5.581820e+03 2.651521e+00 7.054382e-02 2.656009e-02
5.581830e+03 1.808743e+00 1.638600e-01 4.047963e-02
5.581840e+03 1.156660e+00 3.145351e-01 5.608343e-02
5.581850e+03 6.939156e-01 4.996159e-01 7.068351e-02
5.581860e+03 3.907667e-01 6.765379e-01 8.225193e-02
5.581870e+03 2.072895e-01 8.127843e-01 9.015455e-02
5.581880e+03 1.040539e-01 9.011767e-01 9.493033e-02
5.581890e+03 4.994091e-02 9.512856e-01 9.753387e-02
5.581900e+03 2.376713e-02 9.765131e-01 9.881868e-02
5.581910e+03 1.224504e-02 9.878296e-01 9.938962e-02
5.581920e+03 7.759384e-03 9.922706e-01 9.961278e-02
5.581930e+03 7.285727e-03 9.927407e-01 9.963638e-02
5.581940e+03 9.615084e-03 9.904310e-01 9.952040e-02
5.581950e+03 1.591774e-02 9.842083e-01 9.920727e-02
5.581960e+03 2.753186e-02 9.728437e-01 9.863284e-02
5.581970e+03 4.688683e-02 9.541954e-01 9.768292e-02
5.581980e+03 7.626495e-02 9.265707e-01 9.625854e-02
5.581990e+03 1.175572e-01 8.890896e-01 9.429155e-02
5.582000e+03 1.709151e-01 8.428931e-01 9.180921e-02
5.582010e+03 2.339699e-01 7.913856e-01 8.895986e-02
5.582020e+03 3.015724e-01 7.396543e-01 8.600315e-02
5.582030e+03 3.665092e-01 6.931497e-01 8.325561e-02
5.582040e+03 4.211870e-01 6.562674e-01 8.101033e-02
5.582050e+03 4.597376e-01 6.314493e-01 7.946379e-02
5.582060e+03 4.796249e-01 6.190156e-01 7.867754e-02
5.582070e+03 4.819325e-01 6.175887e-01 7.858681e-02
5.582080e+03 4.701511e-01 6.249079e-01 7.905111e-02
5.582090e+03 4.481275e-01 6.388232e-01 7.992642e-02
5.582100e+03 4.179206e-01 6.584145e-01 8.114275e-02
5.582110e+03 3.811144e-01 6.830998e-01 8.264985e-02
5.582120e+03 3.371292e-01 7.138166e-01 8.448767e-02
5.582130e+03 2.867064e-01 7.507321e-01 8.664480e-02
5.582140e+03 2.321303e-01 7.928428e-01 8.904172e-02
5.582150e+03 1.776718e-01 8.372172e-01 9.149957e-02
5.582160e+03 1.281394e-01 8.797307e-01 9.379396e-02
5.582170e+03 8.761389e-02 9.161145e-01 9.571387e-02
5.582180e+03 5.865103e-02 9.430358e-01 9.711003e-02
5.582190e+03 4.235326e-02 9.585311e-01 9.790460e-02
5.582200e+03 3.888431e-02 9.618620e-01 9.807456e-02
5.582210e+03 4.813201e-02 9.530080e-01 9.762213e-02
5.582220e+03 6.951418e-02 9.328469e-01 9.658400e-02
5.582230e+03 1.016097e-01 9.033820e-01 9.504641e-02
5.582240e+03 1.413565e-01 8.681797e-01 9.317616e-02
5.582250e+03 1.824564e-01 8.332209e-01 9.128094e-02
5.582260e+03 2.172258e-01 8.047483e-01 8.970776e-02
5.582270e+03 2.381361e-01 7.880954e-01 8.877474e-02
5.582280e+03 2.402590e-01 7.864241e-01 8.868056e-02
5.582290e+03 2.229973e-01 8.001170e-01 8.944926e-02
5.582300e+03 1.905066e-01 8.265403e-01 9.091426e-02
5.582310e+03 1.497666e-01 8.609089e-01 9.278518e-02
5.582320e+03 1.083622e-01 8.973025e-01 9.472605e-02
5.582330e+03 7.217937e-02 9.303640e-01 9.645538e-02
5.582340e+03 4.428202e-02 9.566841e-01 9.781023e-02
5.582350e+03 2.504455e-02 9.752665e-01 9.875558e-02
5.582360e+03 1.308129e-02 9.870039e-01 9.934807e-02
5.582370e+03 6.333963e-03 9.936861e-01 9.968380e-02
5.582380e+03 2.866715e-03 9.971374e-01 9.985677e-02
5.582390e+03 1.235606e-03 9.987652e-01 9.993824e-02
5.582400e+03 5.283056e-04 9.994718e-01 9.997359e-02
5.582410e+03 2.419151e-04 9.997581e-01 9.998790e-02
5.582420e+03 1.305744e-04 9.998694e-01 9.999347e-02
5.582430e+03 8.647862e-05 9.999135e-01 9.999568e-02
5.582440e+03 6.681076e-05 9.999332e-01 9.999666e-02
5.582450e+03 0.000000e+00 1.000000e+00 1.000000e-01
5.582460e+03 2.639023e-05 9.999736e-01 9.999868e-02
5.582470e+03 2.643381e-05 9.999736e-01 9.999868e-02
5.582480e+03 0.000000e+00 1.000000e+00 1.000000e-01
5.582490e+03 0.000000e+00 1.000000e+00 1.000000e-01
5.582500e+03 0.000000e+00 1.000000e+00 1.000000e-01
5.582510e+03 0.000000e+00 1.000000e+00 1.000000e-01
5.582520e+03 0.000000e+00 1.000000e+00 1.000000e-01
5.582530e+03 0.000000e+00 1.000000e+00 1.000000e-01
5.582540e+03 0.000000e+00 1.000000e+00 1.000000e-01
5.582550e+03 0.000000e+00 1.000000e+00 1.000000e-01
5.582560e+03 0.000000e+00 1.000000e+00 1.000000e-01
5.582570e+03 0.000000e+00 1.000000e+00 1.000000e-01
5.582580e+03 0.000000e+00 1.000000e+00 1.000000e-01
5.582590e+03 0.000000e+00 1.000000e+00 1.000000e-01
5.582600e+03 0.000000e+00 1.000000e+00 1.000000e-01
5.582610e+03 0.000000e+00 1.000000e+00 1.000000e-01
5.582620e+03 0.000000e+00 1.000000e+00 1.000000e-01
5.582630e+03 0.000000e+00 1.000000e+00 1.000000e-01
5.582640e+03 0.000000e+00 1.000000e+00 1.000000e-01
5.582650e+03 0.000000e+00 1.000000e+00 1.000000e-01
5.582660e+03 0.000000e+00 1.000000e+00 1.000000e-01
5.582670e+03 0.000000e+00 1.000000e+00 1.000000e-01
5.582680e+03 0.000000e+00 1.000000e+00 1.000000e-01
5.582690e+03 0.000000e+00 1.000000e+00 1.000000e-01
5.582700e+03 0.000000e+00 1.000000e+00 1.000000e-01
5.582710e+03 0.000000e+00 1.000000e+00 1.000000e-01
5.582720e+03 0.000000e+00 1.000000e+00 1.000000e-01
5.582730e+03 0.000000e+00 1.000000e+00 1.000000e-01
5.582740e+03 0.000000e+00 1.000000e+00 1.000000e-01
5.582750e+03 0.000000e+00 1.000000e+00 1.000000e-01
5.582760e+03 0.000000e+00 1.000000e+00 1.000000e-01
5.582770e+03 0.000000e+00 1.000000e+00 1.000000e-01
5.582780e+03 0.000000e+00 1.000000e+00 1.000000e-01
5.582790e+03 0.000000e+00 1.000000e+00 1.000000e-01
5.582800e+03 0.000000e+00 1.000000e+00 1.000000e-01
5.582810e+03 0.000000e+00 1.000000e+00 1.000000e-01
5.582820e+03 0.000000e+00 1.000000e+00 1.000000e-01
5.582830e+03 0.000000e+00 1.000000e+00 1.000000e-01
5.582840e+03 0.000000e+00 1.000000e+00 1.000000e-01
5.582850e+03 0.000000e+00 1.000000e+00 1.000000e-01
5.582860e+03 0.000000e+00 1.000000e+00 1.000000e-01
5.582870e+03 0.000000e+00 1.000000e+00 1.000000e-01
5.582880e+03 0.000000e+00 1.000000e+00 1.000000e-01
5.582890e+03 0.000000e+00 1.000000e+00 1.000000e-01
5.582900e+03 0.000000e+00 1.000000e+00 1.000000e-01
5.582910e+03 0.000000e+00 1.000000e+00 1.000000e-01
5.582920e+03 0.000000e+00 1.000000e+00 1.000000e-01
5.582930e+03 0.000000e+00 1.000000e+00 1.000000e-01
5.582940e+03 0.000000e+00 1.000000e+00 1.000000e-01
5.582950e+03 0.000000e+00 1.000000e+00 1.000000e-01
5.582960e+03 0.000000e+00 1.000000e+00 1.000000e-01
5.582970e+03 0.000000e+00 1.000000e+00 1.000000e-01
5.582980e+03 0.000000e+00 1.000000e+00 1.000000e-01
5.582990e+03 0.000000e+00 1.000000e+00 1.000000e-01
5.583000e+03 0.000000e+00 1.000000e+00 1.000000e-01
5.583010e+03 0.000000e+00 1.000000e+00 1.000000e-01
5.583020e+03 0.000000e+00 1.000000e+00 1.000000e-01
5.583030e+03 0.000000e+00 1.000000e+00 1.000000e-01
5.583040e+03 0.000000e+00 1.000000e+00 1.000000e-01
5.583050e+03 0.000000e+00 1.000000e+00 1.000000e-01
5.583060e+03 0.000000e+00 1.000000e+00 1.000000e-01
5.583070e+03 0.000000e+00 1.000000e+00 1.000000e-01
5.583080e+03 1.531626e-08 1.000000e+00 1.000000e-01
5.583090e+03 1.531957e-08 1.000000e+00 1.000000e-01
5.583100e+03 0.000000e+00 1.000000e+00 1.000000e-01
5.583110e+03 0.000000e+00 1.000000e+00 1.000000e-01
5.583120e+03 0.000000e+00 1.000000e+00 1.000000e-01
5.583130e+03 0.000000e+00 1.000000e+00 1.000000e-01
5.583140e+03 0.000000e+00 1.000000e+00 1.000000e-01
5.583150e+03 0.000000e+00 1.000000e+00 1.000000e-01
5.583160e+03 0.000000e+00 1.000000e+00 1.000000e-01
5.583170e+03 0.000000e+00 1.000000e+00 1.000000e-01
5.583180e+03 0.000000e+00 1.000000e+00 1.000000e-01
5.583190e+03 0.000000e+00 1.000000e+00 1.000000e-01
5.583200e+03 0.000000e+00 1.000000e+00 1.000000e-01
5.583210e+03 0.000000e+00 1.000000e+00 1.000000e-01
5.583220e+03 0.000000e+00 1.000000e+00 1.000000e-01
5.583230e+03 0.000000e+00 1.000000e+00 1.000000e-01
5.583240e+03 0.000000e+00 1.000000e+00 1.000000e-01
5.583250e+03 0.000000e+00 1.000000e+00 1.000000e-01
5.583260e+03 0.000000e+00 1.000000e+00 1.000000e-01
5.583270e+03 0.000000e+00 1.000000e+00 1.000000e-01
5.583280e+03 0.000000e+00 1.000000e+00 1.000000e-01
5.583290e+03 0.000000e+00 1.000000e+00 1.000000e-01
5.583300e+03 0.000000e+00 1.000000e+00 1.000000e-01
5.583310e+03 0.000000e+00 1.000000e+00 1.000000e-01
5.583320e+03 0.000000e+00 1.000000e+00 1.000000e-01
5.583330e+03 0.000000e+00 1.000000e+00 1.000000e-01
5.583340e+03 0.000000e+00 1.000000e+00 1.000000e-01
5.583350e+03 0.000000e+00 1.000000e+00 1.000000e-01
5.583360e+03 0.000000e+00 1.000000e+00 1.000000e-01
5.583370e+03 0.000000e+00 1.000000e+00 1.000000e-01
5.583380e+03 0.000000e+00 1.000000e+00 1.000000e-01
5.583390e+03 0.000000e+00 1.000000e+00 1.000000e-01
5.583400e+03 0.000000e+00 1.000000e+00 1.000000e-01
5.583410e+03 0.000000e+00 1.000000e+00 1.000000e-01
5.583420e+03 0.000000e+00 1.000000e+00 1.000000e-01
5.583430e+03 0.000000e+00 1.000000e+00 1.000000e-01
5.583440e+03 0.000000e+00 1.000000e+00 1.000000e-01
5.583450e+03 0.000000e+00 1.000000e+00 1.000000e-01
5.583460e+03 0.000000e+00 1.000000e+00 1.000000e-01
5.583470e+03 0.000000e+00 1.000000e+00 1.000000e-01
5.583480e+03 0.000000e+00 1.000000e+00 1.000000e-01
5.583490e+03 0.000000e+00 1.000000e+00 1.000000e-01
5.583500e+03 0.000000e+00 1.000000e+00 1.000000e-01
5.583510e+03 0.000000e+00 1.000000e+00 1.000000e-01
5.583520e+03 0.000000e+00 1.000000e+00 1.000000e-01
5.583530e+03 0.000000e+00 1.000000e+00 1.000000e-01
5.583540e+03 0.000000e+00 1.000000e+00 1.000000e-01
5.583550e+03 0.000000e+00 1.000000e+00 1.000000e-01
5.583560e+03 0.000000e+00 1.000000e+00 1.000000e-01
5.583570e+03 0.000000e+00 1.000000e+00 1.000000e-01
5.583580e+03 0.000000e+00 1.000000e+00 1.000000e-01
5.583590e+03 0.000000e+00 1.000000e+00 1.000000e-01
5.583600e+03 0.000000e+00 1.000000e+00 1.000000e-01
5.583610e+03 0.000000e+00 1.000000e+00 1.000000e-01
5.583620e+03 0.000000e+00 1.000000e+00 1.000000e-01
5.583630e+03 0.000000e+00 1.000000e+00 1.000000e-01
5.583640e+03 0.000000e+00 1.000000e+00 1.000000e-01
5.583650e+03 0.000000e+00 1.000000e+00 1.000000e-01
5.583660e+03 0.000000e+00 1.000000e+00 1.000000e-01
5.583670e+03 0.000000e+00 1.000000e+00 1.000000e-01
5.583680e+03 0.000000e+00 1.000000e+00 1.000000e-01
5.583690e+03 0.000000e+00 1.000000e+00 1.000000e-01
5.583700e+03 0.000000e+00 1.000000e+00 1.000000e-01
5.583710e+03 0.000000e+00 1.000000e+00 1.000000e-01
5.583720e+03 0.000000e+00 1.000000e+00 1.000000e-01
5.583730e+03 0.000000e+00 1.000000e+00 1.000000e-01
5.583740e+03 0.000000e+00 1.000000e+00 1.000000e-01
5.583750e+03 2.565827e-04 9.997435e-01 9.998717e-02
5.583760e+03 2.586066e-04 9.997414e-01 9.998707e-02
5.583770e+03 2.606545e-04 9.997394e-01 9.998697e-02
5.583780e+03 2.627268e-04 9.997373e-01 9.998686e-02
5.583790e+03 2.648239e-04 9.997352e-01 9.998676e-02
5.583800e+03 2.669463e-04 9.997331e-01 9.998665e-02
5.583810e+03 2.690942e-04 9.997309e-01 9.998655e-02
5.583820e+03 2.712682e-04 9.997288e-01 9.998644e-02
5.583830e+03 2.734686e-04 9.997266e-01 9.998633e-02
5.583840e+03 2.756959e-04 9.997243e-01 9.998622e-02
5.583850e+03 2.779506e-04 9.997221e-01 9.998610e-02
5.583860e+03 2.802330e-04 9.997198e-01 9.998599e-02
5.583870e+03 2.825436e-04 9.997175e-01 9.998587e-02
5.583880e+03 2.848829e-04 9.997152e-01 9.998576e-02
5.583890e+03 2.872514e-04 9.997128e-01 9.998564e-02
5.583900e+03 2.896495e-04 9.997104e-01 9.998552e-02
5.583910e+03 2.920778e-04 9.997080e-01 9.998540e-02
5.583920e+03 2.945367e-04 9.997055e-01 9.998527e-02
5.583930e+03 2.970269e-04 9.997030e-01 9.998515e-02
5.583940e+03 2.995487e-04 9.997005e-01 9.998502e-02
5.583950e+03 3.021028e-04 9.996979e-01 9.998490e-02
5.583960e+03 3.046897e-04 9.996954e-01 9.998477e-02
5.583970e+03 3.073100e-04 9.996927e-01 9.998464e-02
5.583980e+03 3.099642e-04 9.996901e-01 9.998450e-02
5.583990e+03 3.126529e-04 9.996874e-01 9.998437e-02
5.584000e+03 3.153768e-04 9.996847e-01 9.998423e-02
5.584010e+03 3.181364e-04 9.996819e-01 9.998409e-02
5.584020e+03 3.209324e-04 9.996791e-01 9.998395e-02
5.584030e+03 3.237654e-04 9.996763e-01 9.998381e-02
5.584040e+03 3.266361e-04 9.996734e-01 9.998367e-02
5.584050e+03 3.295452e-04 9.996705e-01 9.998352e-02
5.584060e+03 3.324933e-04 9.996676e-01 9.998338e-02
5.584070e+03 3.354811e-04 9.996646e-01 9.998323e-02
5.584080e+03 3.385094e-04 9.996615e-01 9.998308e-02
5.584090e+03 3.415788e-04 9.996585e-01 9.998292e-02
5.584100e+03 3.446902e-04 9.996554e-01 9.998277e-02
5.584110e+03 3.478443e-04 9.996522e-01 9.998261e-02
5.584120e+03 3.510419e-04 9.996490e-01 9.998245e-02
5.584130e+03 3.542838e-04 9.996458e-01 9.998229e-02
5.584140e+03 3.575708e-04 9.996425e-01 9.998212e-02
5.584150e+03 3.609037e-04 9.996392e-01 9.998196e-02
5.584160e+03 3.642835e-04 9.996358e-01 9.998179e-02
5.584170e+03 3.677109e-04 9.996324e-01 9.998162e-02
5.584180e+03 3.711870e-04 9.996289e-01 9.998144e-02
5.584190e+03 3.747126e-04 9.996254e-01 9.998127e-02
5.584200e+03 3.782887e-04 9.996218e-01 9.998109e-02
5.584210e+03 3.819162e-04 9.996182e-01 9.998091e-02
5.584220e+03 3.855961e-04 9.996145e-01 9.998072e-02
5.584230e+03 3.893295e-04 9.996107e-01 9.998054e-02
5.584240e+03 3.931173e-04 9.996070e-01 9.998035e-02
5.584250e+03 3.969607e-04 9.996031e-01 9.998015e-02
5.584260e+03 4.008608e-04 9.995992e-01 9.997996e-02
5.584270e+03 4.048186e-04 9.995953e-01 9.997976e-02
5.584280e+03 4.088353e-04 9.995912e-01 9.997956e-02
5.584290e+03 4.129121e-04 9.995872e-01 9.997936e-02
5.584300e+03 4.170501e-04 9.995830e-01 9.997915e-02
5.584310e+03 4.212507e-04 9.995788e-01 9.997894e-02
5.584320e+03 4.255151e-04 9.995746e-01 9.997873e-02
5.584330e+03 4.298446e-04 9.995702e-01 9.997851e-02
5.584340e+03 4.342405e-04 9.995659e-01 9.997829e-02
5.584350e+03 4.387042e-04 9.995614e-01 9.997807e-02
5.584360e+03 4.432370e-04 9.995569e-01 9.997784e-02
5.584370e+03 4.478405e-04 9.995523e-01 9.997761e-02
5.584380e+03 4.525161e-04 9.995476e-01 9.997738e-02
5.584390e+03 4.572653e-04 9.995428e-01 9.997714e-02
5.584400e+03 4.620896e-04 9.995380e-01 9.997690e-02
5.584410e+03 4.669907e-04 9.995331e-01 9.997665e-02
5.584420e+03 4.719702e-04 9.995281e-01 9.997640e-02
5.584430e+03 4.770298e-04 9.995231e-01 9.997615e-02
5.584440e+03 4.821712e-04 9.995179e-01 9.997589e-02
5.584450e+03 4.873962e-04 9.995127e-01 9.997563e-02
5.584460e+03 4.927065e-04 9.995074e-01 9.997537e-02
5.584470e+03 4.981042e-04 9.995020e-01 9.997510e-02
5.584480e+03 5.035910e-04 9.994965e-01 9.997482e-02
5.584490e+03 5.091690e-04 9.994910e-01 9.997454e-02
5.584500e+03 5.148402e-04 9.994853e-01 9.997426e-02
5.584510e+03 5.206067e-04 9.994795e-01 9.997397e-02
5.584520e+03 5.264706e-04 9.994737e-01 9.997368e-02
5.584530e+03 5.324342e-04 9.994677e-01 9.997338e-02
5.584540e+03 5.384997e-04 9.994616e-01 9.997308e-02
5.584550e+03 5.446695e-04 9.994555e-01 9.997277e-02
5.584560e+03 5.509459e-04 9.994492e-01 9.997246e-02
5.584570e+03 5.573315e-04 9.994428e-01 9.997214e-02
5.584580e+03 5.638287e-04 9.994363e-01 9.997181e-02
5.584590e+03 5.704402e-04 9.994297e-01 9.997148e-02
5.584600e+03 5.771688e-04 9.994230e-01 9.997115e-02
5.584610e+03 5.840171e-04 9.994162e-01 9.997080e-02
5.584620e+03 5.909880e-04 9.994092e-01 9.997045e-02
5.584630e+03 5.980845e-04 9.994021e-01 9.997010e-02
5.584640e+03 6.053097e-04 9.993949e-01 9.996974e-02
5.584650e+03 6.126666e-04 9.993875e-01 9.996937e-02
5.584660e+03 6.201584e-04 9.993800e-01 9.996900e-02
5.584670e+03 6.277886e-04 9.993724e-01 9.996862e-02
5.584680e+03 6.355604e-04 9.993646e-01 9.996823e-02
5.584690e+03 6.434776e-04 9.993567e-01 9.996783e-02
5.584700e+03 6.515436e-04 9.993487e-01 9.996743e-02
5.584710e+03 6.597623e-04 9.993405e-01 9.996702e-02
5.584720e+03 6.681375e-04 9.993321e-01 9.996660e-02
5.584730e+03 6.766732e-04 9.993236e-01 9.996617e-02
5.584740e+03 6.853736e-04 9.993149e-01 9.996574e-02
5.584750e+03 6.942429e-04 9.993060e-01 9.996529e-02
5.584760e+03 7.032856e-04 9.992970e-01 9.996484e-02
5.584770e+03 7.125061e-04 9.992877e-01 9.996438e-02
5.584780e+03 7.219093e-04 9.992784e-01 9.996391e-02
5.584790e+03 7.314998e-04 9.992688e-01 9.996343e-02
5.584800e+03 7.412828e-04 9.992590e-01 9.996294e-02
5.584810e+03 7.512635e-04 9.992490e-01 9.996244e-02
5.584820e+03 7.614471e-04 9.992388e-01 9.996193e-02
5.584830e+03 7.718393e-04 9.992285e-01 9.996142e-02
5.584840e+03 7.824458e-04 9.992179e-01 9.996089e-02
5.584850e+03 7.932725e-04 9.992070e-01 9.996034e-02
5.584860e+03 8.043255e-04 9.991960e-01 9.995979e-02
5.584870e+03 8.156113e-04 9.991847e-01 9.995923e-02
5.584880e+03 8.271363e-04 9.991732e-01 9.995865e-02
5.584890e+03 8.389075e-04 9.991614e-01 9.995806e-02
5.584900e+03 8.509318e-04 9.991494e-01 9.995746e-02
5.584910e+03 8.632167e-04 9.991372e-01 9.995685e-02
5.584920e+03 8.757696e-04 9.991246e-01 9.995622e-02
5.584930e+03 8.885984e-04 9.991118e-01 9.995558e-02
5.584940e+03 9.017113e-04 9.990987e-01 9.995492e-02
5.584950e+03 9.151168e-04 9.990853e-01 9.995425e-02
5.584960e+03 9.288236e-04 9.990716e-01 9.995357e-02
5.584970e+03 9.428408e-04 9.990576e-01 9.995287e-02
5.584980e+03 9.571779e-04 9.990433e-01 9.995215e-02
5.584990e+03 9.718446e-04 9.990286e-01 9.995142e-02
5.585000e+03 9.868513e-04 9.990136e-01 9.995067e-02
5.585010e+03 1.002208e-03 9.989983e-01 9.994990e-02
5.585020e+03 1.017927e-03 9.989826e-01 9.994912e-02
5.585030e+03 1.034018e-03 9.989665e-01 9.994831e-02
5.585040e+03 1.050495e-03 9.989501e-01 9.994749e-02
5.585050e+03 1.067368e-03 9.989332e-01 9.994665e-02
5.585060e+03 1.084652e-03 9.989159e-01 9.994578e-02
5.585070e+03 1.102359e-03 9.988982e-01 9.994490e-02
5.585080e+03 1.120503e-03 9.988801e-01 9.994399e-02
5.585090e+03 1.139099e-03 9.988615e-01 9.994306e-02
5.585100e+03 1.158163e-03 9.988425e-01 9.994211e-02
5.585110e+03 1.177709e-03 9.988230e-01 9.994113e-02
5.585120e+03 1.197755e-03 9.988030e-01 9.994013e-02
5.585130e+03 1.218317e-03 9.987824e-01 9.993910e-02
5.585140e+03 1.239414e-03 9.987614e-01 9.993805e-02
5.585150e+03 1.261064e-03 9.987397e-01 9.993697e-02
5.585160e+03 1.283286e-03 9.987175e-01 9.993586e-02
5.585170e+03 1.306102e-03 9.986948e-01 9.993472e-02
5.585180e+03 1.736282e-03 9.982652e-01 9.991322e-02
5.585190e+03 1.761948e-03 9.982396e-01 9.991194e-02
5.585200e+03 1.788283e-03 9.982133e-01 9.991063e-02
5.585210e+03 1.815312e-03 9.981863e-01 9.990928e-02
5.585220e+03 1.843060e-03 9.981586e-01 9.990789e-02
5.585230e+03 1.871554e-03 9.981302e-01 9.990647e-02
5.585240e+03 1.900823e-03 9.981010e-01 9.990500e-02
5.585250e+03 1.930896e-03 9.980710e-01 9.990350e-02
5.585260e+03 1.961802e-03 9.980401e-01 9.990196e-02
5.585270e+03 1.993576e-03 9.980084e-01 9.990037e-02
5.585280e+03 2.026251e-03 9.979758e-01 9.989874e-02
5.585290e+03 2.059861e-03 9.979423e-01 9.989706e-02
5.585300e+03 2.094446e-03 9.979077e-01 9.989533e-02
5.585310e+03 2.130043e-03 9.978722e-01 9.989355e-02
5.585320e+03 2.166695e-03 9.978357e-01 9.989172e-02
5.585330e+03 2.204445e-03 9.977980e-01 9.988984e-02
5.585340e+03 2.243338e-03 9.977592e-01 9.988790e-02
5.585350e+03 2.283423e-03 9.977192e-01 9.988589e-02
5.585360e+03 2.324751e-03 9.976779e-01 9.988383e-02
5.585370e+03 2.367374e-03 9.976354e-01 9.988170e-02
5.585380e+03 2.411351e-03 9.975916e-01 9.987951e-02
5.585390e+03 2.456739e-03 9.975463e-01 9.987724e-02
5.585400e+03 2.503602e-03 9.974995e-01 9.987490e-02
5.585410e+03 2.552006e-03 9.974512e-01 9.987248e-02
5.585420e+03 2.602023e-03 9.974014e-01 9.986998e-02
5.585430e+03 2.653725e-03 9.973498e-01 9.986740e-02
5.585440e+03 2.707193e-03 9.972965e-01 9.986473e-02
5.585450e+03 2.762508e-03 9.972413e-01 9.986197e-02
5.585460e+03 2.819761e-03 9.971842e-01 9.985911e-02
5.585470e+03 2.879043e-03 9.971251e-01 9.985615e-02
5.585480e+03 2.940456e-03 9.970639e-01 9.985309e-02
5.585490e+03 3.004105e-03 9.970004e-01 9.984991e-02
5.585500e+03 3.070103e-03 9.969346e-01 9.984661e-02
5.585510e+03 3.138569e-03 9.968664e-01 9.984319e-02
5.585520e+03 3.209630e-03 9.967955e-01 9.983965e-02
5.585530e+03 3.283423e-03 9.967220e-01 9.983596e-02
5.585540e+03 3.360093e-03 9.966455e-01 9.983214e-02
5.585550e+03 3.439793e-03 9.965661e-01 9.982816e-02
5.585560e+03 3.522691e-03 9.964835e-01 9.982402e-02
5.585570e+03 3.608962e-03 9.963975e-01 9.981971e-02
5.585580e+03 4.035868e-03 9.959723e-01 9.979841e-02
5.585590e+03 4.140517e-03 9.958680e-01 9.979319e-02
5.585600e+03 4.249704e-03 9.957593e-01 9.978774e-02
5.585610e+03 4.363700e-03 9.956458e-01 9.978205e-02
5.585620e+03 4.482797e-03 9.955272e-01 9.977611e-02
5.585630e+03 4.607311e-03 9.954033e-01 9.976990e-02
5.585640e+03 4.737581e-03 9.952736e-01 9.976340e-02
5.585650e+03 4.873974e-03 9.951379e-01 9.975660e-02
5.585660e+03 5.016887e-03 9.949957e-01 9.974947e-02
5.585670e+03 5.166751e-03 9.948466e-01 9.974200e-02
5.585680e+03 5.324031e-03 9.946901e-01 9.973415e-02
5.585690e+03 5.489235e-03 9.945258e-01 9.972591e-02
5.585700e+03 5.662914e-03 9.943531e-01 9.971725e-02
5.585710e+03 5.845667e-03 9.941714e-01 9.970814e-02
5.585720e+03 6.038150e-03 9.939800e-01 9.969855e-02
5.585730e+03 6.241078e-03 9.937784e-01 9.968843e-02
5.585740e+03 6.455236e-03 9.935656e-01 9.967776e-02
5.585750e+03 6.681481e-03 9.933408e-01 9.966648e-02
5.585760e+03 6.920758e-03 9.931031e-01 9.965456e-02
5.585770e+03 7.174106e-03 9.928516e-01 9.964194e-02
5.585780e+03 7.442670e-03 9.925850e-01 9.962856e-02
5.585790e+03 7.727718e-03 9.923021e-01 9.961436e-02
5.585800e+03 8.030653e-03 9.920015e-01 9.959927e-02
5.585810e+03 8.353031e-03 9.916818e-01 9.958322e-02
5.585820e+03 8.696589e-03 9.913411e-01 9.956611e-02
5.585830e+03 9.063259e-03 9.909777e-01 9.954786e-02
5.585840e+03 9.455209e-03 9.905894e-01 9.952836e-02
5.585850e+03 9.874866e-03 9.901737e-01 9.950747e-02
5.585860e+03 1.032497e-02 9.897282e-01 9.948508e-02
5.585870e+03 1.080860e-02 9.892496e-01 9.946103e-02
5.585880e+03 1.132927e-02 9.887347e-01 9.943514e-02
5.585890e+03 1.189095e-02 9.881795e-01 9.940722e-02
5.585900e+03 1.249819e-02 9.875796e-01 9.937704e-02
5.585910e+03 1.315621e-02 9.869300e-01 9.934435e-02
5.585920e+03 1.387101e-02 9.862247e-01 9.930885e-02
5.585930e+03 1.464956e-02 9.854572e-01 9.927020e-02
5.585940e+03 1.571648e-02 9.844064e-01 9.921726e-02
5.585950e+03 1.666390e-02 9.834742e-01 9.917027e-02
5.585960e+03 1.770569e-02 9.824501e-01 9.911862e-02
5.585970e+03 1.885552e-02 9.813211e-01 9.906165e-02
5.585980e+03 2.012985e-02 9.800714e-01 9.899856e-02
5.585990e+03 2.154893e-02 9.786816e-01 9.892834e-02
5.586000e+03 2.313872e-02 9.771269e-01 9.884973e-02
5.586010e+03 2.496336e-02 9.753456e-01 9.875959e-02
5.586020e+03 2.702781e-02 9.733342e-01 9.865770e-02
5.586030e+03 2.945564e-02 9.709740e-01 9.853801e-02
5.586040e+03 3.298398e-02 9.675541e-01 9.836433e-02
5.586050e+03 3.759841e-02 9.630996e-01 9.813764e-02
5.586060e+03 4.586549e-02 9.551704e-01 9.773282e-02
5.586070e+03 6.177650e-02 9.400930e-01 9.695839e-02
5.586080e+03 9.576963e-02 9.086733e-01 9.532436e-02
5.586090e+03 1.686523e-01 8.448026e-01 9.191314e-02
5.586100e+03 3.192921e-01 7.266632e-01 8.524454e-02
5.586110e+03 6.139569e-01 5.412052e-01 7.356665e-02
5.586120e+03 1.150539e+00 3.164661e-01 5.625532e-02
5.586130e+03 2.059572e+00 1.275086e-01 3.570834e-02
5.586140e+03 3.484479e+00 3.066973e-02 1.751278e-02
5.586150e+03 5.544088e+00 3.910508e-03 6.253405e-03
5.586160e+03 8.281372e+00 2.531895e-04 1.591193e-03
5.586170e+03 1.162155e+01 8.970714e-06 2.995115e-04
5.586180e+03 1.537704e+01 2.098153e-07 4.580560e-05
5.586190e+03 1.934902e+01 3.952109e-09 6.286580e-06
5.586200e+03 2.355198e+01 5.908899e-11 7.686936e-07
5.586210e+03 2.855010e+01 3.988868e-13 6.315749e-08
5.586220e+03 3.580127e+01 2.829466e-16 1.682102e-09
5.586230e+03 4.778744e+01 1.762700e-21 4.198452e-12
5.586240e+03 6.764356e+01 4.195411e-30 2.048270e-16
5.586250e+03 9.805506e+01 2.601539e-43 5.100529e-23
5.586260e+03 1.395556e+02 2.464638e-61 4.964512e-32
5.586270e+03 1.888905e+02 9.244815e-83 9.614996e-43
5.586280e+03 2.385226e+02 2.576074e-104 1.605015e-53
5.586290e+03 2.781289e+02 1.622323e-121 4.027807e-62
5.586300e+03 2.979508e+02 3.995725e-130 1.998931e-66
5.586310e+03 2.925883e+02 8.521303e-128 2.919127e-65
5.586320e+03 2.632538e+02 4.680659e-115 6.841534e-59
5.586330e+03 2.172139e+02 4.625996e-95 6.801468e-49
5.586340e+03 1.647622e+02 2.784203e-72 1.668593e-37
5.586350e+03 1.154299e+02 7.403058e-51 8.604102e-27
5.586360e+03 7.530461e+01 1.975264e-33 4.444394e-18
5.586370e+03 4.637074e+01 7.268486e-21 8.525541e-12
5.586380e+03 2.751545e+01 1.122520e-12 1.059490e-07
5.586390e+03 1.618032e+01 9.396758e-08 3.065413e-05
5.586400e+03 9.737492e+00 5.902840e-05 7.682994e-04
5.586410e+03 6.198549e+00 2.032377e-03 4.508190e-03
5.586420e+03 4.337710e+00 1.306641e-02 1.143084e-02
5.586430e+03 3.504703e+00 3.005571e-02 1.733658e-02
5.586440e+03 3.368954e+00 3.442564e-02 1.855415e-02
5.586450e+03 3.713963e+00 2.438071e-02 1.561432e-02
5.586460e+03 4.327200e+00 1.320447e-02 1.149107e-02
5.586470e+03 4.967547e+00 6.960198e-03 8.342780e-03
5.586480e+03 5.403791e+00 4.499493e-03 6.707826e-03
5.586490e+03 5.473472e+00 4.196634e-03 6.478143e-03
5.586500e+03 5.127449e+00 5.931675e-03 7.701737e-03
5.586510e+03 4.437373e+00 1.182697e-02 1.087519e-02
5.586520e+03 3.554465e+00 2.859667e-02 1.691055e-02
5.586530e+03 2.646094e+00 7.092773e-02 2.663226e-02
5.586540e+03 1.841838e+00 1.585258e-01 3.981530e-02
5.586550e+03 1.207691e+00 2.988867e-01 5.467053e-02
5.586560e+03 7.532109e-01 4.708522e-01 6.861867e-02
5.586570e+03 4.525424e-01 6.360091e-01 7.975018e-02
5.586580e+03 2.657981e-01 7.665939e-01 8.755535e-02
5.586590e+03 1.560198e-01 8.555422e-01 9.249553e-02
5.586600e+03 9.499974e-02 9.093732e-01 9.536106e-02
5.586610e+03 6.466450e-02 9.373819e-01 9.681848e-02
5.586620e+03 5.190774e-02 9.494165e-01 9.743800e-02
5.586630e+03 5.229536e-02 9.490485e-01 9.741912e-02
5.586640e+03 6.533531e-02 9.367533e-01 9.678602e-02
5.586650e+03 9.514202e-02 9.092438e-01 9.535428e-02
5.586660e+03 1.509298e-01 8.599080e-01 9.273123e-02
5.586670e+03 2.472770e-01 7.809243e-01 8.836992e-02
5.586680e+03 4.058739e-01 6.663942e-01 8.163297e-02
5.586690e+03 6.519472e-01 5.210303e-01 7.218243e-02
5.586700e+03 1.010509e+00 3.640338e-01 6.033521e-02
5.586710e+03 1.496799e+00 2.238455e-01 4.731232e-02
5.586720e+03 2.108147e+00 1.214628e-01 3.485151e-02
5.586730e+03 2.813479e+00 5.999587e-02 2.449406e-02
5.586740e+03 3.550079e+00 2.872238e-02 1.694768e-02
5.586750e+03 4.229665e+00 1.455727e-02 1.206535e-02
5.586760e+03 4.755277e+00 8.606162e-03 9.276940e-03
5.586770e+03 5.043206e+00 6.453029e-03 8.033075e-03
5.586780e+03 5.047518e+00 6.425261e-03 8.015772e-03
5.586790e+03 4.771919e+00 8.464118e-03 9.200064e-03
5.586800e+03 4.268737e+00 1.399945e-02 1.183193e-02
5.586810e+03 3.623244e+00 2.669593e-02 1.633889e-02
5.586820e+03 2.931636e+00 5.330973e-02 2.308890e-02
5.586830e+03 2.275192e+00 1.027772e-01 3.205888e-02
5.586840e+03 1.709065e+00 1.810351e-01 4.254821e-02
5.586850e+03 1.256609e+00 2.846176e-01 5.334956e-02
5.586860e+03 9.150108e-01 4.005123e-01 6.328604e-02
5.586870e+03 6.669076e-01 5.132934e-01 7.164450e-02
5.586880e+03 4.887536e-01 6.133905e-01 7.831925e-02
5.586890e+03 3.595257e-01 6.980073e-01 8.354683e-02
5.586900e+03 2.637337e-01 7.681781e-01 8.764577e-02
5.586910e+03 1.911979e-01 8.259691e-01 9.088284e-02
5.586920e+03 1.360523e-01 8.727970e-01 9.342361e-02
5.586930e+03 9.474481e-02 9.096050e-01 9.537322e-02
5.586940e+03 6.484235e-02 9.372152e-01 9.680988e-02
5.586950e+03 4.407935e-02 9.568780e-01 9.782014e-02
5.586960e+03 3.066028e-02 9.698050e-01 9.847868e-02
5.586970e+03 2.204911e-02 9.781922e-01 9.890360e-02
5.586980e+03 1.692021e-02 9.832221e-01 9.915756e-02
5.586990e+03 1.401829e-02 9.860795e-01 9.930154e-02
5.587000e+03 1.245719e-02 9.876201e-01 9.937908e-02
5.587010e+03 1.166182e-02 9.884059e-01 9.941861e-02
5.587020e+03 1.089643e-02 9.891627e-01 9.945666e-02
5.587030e+03 1.092784e-02 9.891317e-01 9.945510e-02
5.587040e+03 1.100973e-02 9.890507e-01 9.945103e-02
5.587050e+03 1.115703e-02 9.889050e-01 9.944370e-02
5.587060e+03 1.139003e-02 9.886746e-01 9.943212e-02
5.587070e+03 1.211889e-02 9.879542e-01 9.939589e-02
5.587080e+03 1.261494e-02 9.874643e-01 9.937124e-02
5.587090e+03 1.331092e-02 9.867773e-01 9.933666e-02
5.587100e+03 1.388090e-02 9.862150e-01 9.930836e-02
5.587110e+03 1.507266e-02 9.850404e-01 9.924920e-02
5.587120e+03 1.758248e-02 9.825712e-01 9.912473e-02
5.587130e+03 1.950074e-02 9.806882e-01 9.902970e-02
5.587140e+03 2.230046e-02 9.779464e-01 9.889117e-02
5.587150e+03 2.506132e-02 9.752501e-01 9.875475e-02
5.587160e+03 2.825410e-02 9.721413e-01 9.859723e-02
5.587170e+03 3.185302e-02 9.686489e-01 9.841996e-02
5.587180e+03 3.580075e-02 9.648325e-01 9.822589e-02
5.587190e+03 4.000622e-02 9.607835e-01 9.801956e-02
5.587200e+03 4.434545e-02 9.566234e-01 9.780713e-02
5.587210e+03 4.914123e-02 9.520467e-01 9.757288e-02
5.587220e+03 5.328594e-02 9.481089e-01 9.737088e-02
5.587230e+03 5.705790e-02 9.445394e-01 9.718742e-02
5.587240e+03 6.027975e-02 9.415011e-01 9.703098e-02
5.587250e+03 6.279321e-02 9.391377e-01 9.690911e-02
5.587260e+03 6.474387e-02 9.373075e-01 9.681464e-02
5.587270e+03 6.551340e-02 9.365865e-01 9.677740e-02
5.587280e+03 6.533963e-02 9.367493e-01 9.678581e-02
5.587290e+03 6.424859e-02 9.377718e-01 9.683862e-02
5.587300e+03 6.231881e-02 9.395833e-01 9.693210e-02
5.587310e+03 5.967399e-02 9.420716e-01 9.706037e-02
5.587320e+03 5.647184e-02 9.450931e-01 9.721590e-02
5.587330e+03 5.290280e-02 9.484722e-01 9.738954e-02
5.587340e+03 4.953030e-02 9.516763e-01 9.755390e-02
5.587350e+03 4.572385e-02 9.553057e-01 9.773974e-02
5.587360e+03 4.206621e-02 9.588063e-01 9.791865e-02
5.587370e+03 3.888608e-02 9.618603e-01 9.807448e-02
5.587380e+03 3.585234e-02 9.647827e-01 9.822335e-02
5.587390e+03 3.329756e-02 9.672507e-01 9.834890e-02
5.587400e+03 3.114474e-02 9.693353e-01 9.845483e-02
5.587410e+03 2.944846e-02 9.709809e-01 9.853836e-02
5.587420e+03 2.819071e-02 9.722029e-01 9.860035e-02
5.587430e+03 2.733845e-02 9.730319e-01 9.864238e-02
5.587440e+03 2.684983e-02 9.735074e-01 9.866648e-02
5.587450e+03 2.667957e-02 9.736732e-01 9.867488e-02
5.587460e+03 2.678332e-02 9.735722e-01 9.866976e-02
5.587470e+03 2.712077e-02 9.732437e-01 9.865311e-02
5.587480e+03 2.765767e-02 9.727213e-01 9.862663e-02
5.587490e+03 2.847057e-02 9.719309e-01 9.858656e-02
5.587500e+03 2.933963e-02 9.710866e-01 9.854373e-02
5.587510e+03 3.059882e-02 9.698646e-01 9.848170e-02
5.587520e+03 3.229597e-02 9.682200e-01 9.839817e-02
5.587530e+03 3.409609e-02 9.664786e-01 9.830965e-02
5.587540e+03 3.530616e-02 9.653098e-01 9.825018e-02
5.587550e+03 3.690591e-02 9.637668e-01 9.817163e-02
5.587560e+03 3.867385e-02 9.620644e-01 9.808488e-02
5.587570e+03 4.064236e-02 9.601725e-01 9.798839e-02
5.587580e+03 4.281972e-02 9.580841e-01 9.788177e-02
5.587590e+03 4.552828e-02 9.554926e-01 9.774930e-02
5.587600e+03 4.827137e-02 9.528752e-01 9.761532e-02
5.587610e+03 5.114074e-02 9.501449e-01 9.747538e-02
5.587620e+03 5.486461e-02 9.466133e-01 9.729405e-02
5.587630e+03 5.936204e-02 9.423655e-01 9.707551e-02
5.587640e+03 6.510647e-02 9.369677e-01 9.679709e-02
5.587650e+03 7.305213e-02 9.295524e-01 9.641330e-02
5.587660e+03 8.492975e-02 9.185768e-01 9.584241e-02
5.587670e+03 1.045329e-01 9.007452e-01 9.490760e-02
5.587680e+03 1.385938e-01 8.705815e-01 9.330496e-02
5.587690e+03 2.021628e-01 8.169619e-01 9.038595e-02
5.587700e+03 3.261871e-01 7.216702e-01 8.495117e-02
5.587710e+03 5.732760e-01 5.636758e-01 7.507835e-02
5.587720e+03 1.065306e+00 3.446224e-01 5.870455e-02
5.587730e+03 2.022276e+00 1.323539e-01 3.638048e-02
5.587740e+03 3.821527e+00 2.189435e-02 1.479674e-02
5.587750e+03 7.054123e+00 8.638396e-04 2.939115e-03
5.587760e+03 1.256694e+01 3.485358e-06 1.866911e-04
5.587770e+03 2.144773e+01 4.845856e-10 2.201330e-06
5.587780e+03 3.492132e+01 6.821241e-16 2.611751e-09
5.587790e+03 5.412591e+01 3.114712e-24 1.764855e-13
5.587800e+03 7.977244e+01 2.266056e-35 4.760311e-19
5.587810e+03 1.117479e+02 2.941025e-49 5.423122e-26
5.587820e+03 1.487649e+02 2.467211e-65 4.967103e-34
5.587830e+03 1.881921e+02 1.858724e-82 1.363350e-42
5.587840e+03 2.261934e+02 5.826962e-99 7.633454e-51
5.587850e+03 2.582305e+02 7.110856e-113 8.432589e-58
5.587860e+03 2.798877e+02 2.794619e-122 1.671711e-62
5.587870e+03 2.878337e+02 9.895026e-126 3.145636e-64
5.587880e+03 2.806535e+02 1.299383e-122 1.139905e-62
5.587890e+03 2.592701e+02 2.514468e-113 5.014447e-58
5.587900e+03 2.267886e+02 3.213344e-99 5.668637e-51
5.587910e+03 1.877798e+02 2.807120e-82 1.675446e-42
5.587920e+03 1.472325e+02 1.142202e-64 1.068738e-33
5.587930e+03 1.095022e+02 2.778458e-48 1.666871e-25
5.587940e+03 7.757047e+01 2.049145e-34 1.431483e-18
5.587950e+03 5.277811e+01 1.198828e-23 3.462409e-13
5.587960e+03 3.501056e+01 6.238872e-16 2.497773e-09
5.587970e+03 2.317292e+01 8.632327e-11 9.291032e-07
5.587980e+03 1.575392e+01 1.439330e-07 3.793850e-05
5.587990e+03 1.128254e+01 1.259091e-05 3.548368e-04
5.588000e+03 8.604611e+00 1.832588e-04 1.353731e-03
5.588010e+03 6.966844e+00 9.426232e-04 3.070217e-03
5.588020e+03 5.962087e+00 2.574534e-03 5.073987e-03
5.588030e+03 5.426166e+00 4.399931e-03 6.633198e-03
5.588040e+03 5.336325e+00 4.813526e-03 6.937958e-03
5.588050e+03 5.759164e+00 3.153747e-03 5.615823e-03
5.588060e+03 6.838852e+00 1.071332e-03 3.273121e-03
5.588070e+03 8.799064e+00 1.508742e-04 1.228309e-03
5.588080e+03 1.192115e+01 6.648292e-06 2.578428e-04
5.588090e+03 1.648117e+01 6.955339e-08 2.637298e-05
5.588100e+03 2.261055e+01 1.514833e-10 1.230786e-06
5.588110e+03 3.013809e+01 8.150655e-14 2.854935e-08
5.588120e+03 3.846549e+01 1.970837e-17 4.439411e-10
5.588130e+03 4.656936e+01 5.959116e-21 7.719531e-12
5.588140e+03 5.317349e+01 8.073183e-24 2.841335e-13
5.588150e+03 5.708637e+01 1.613267e-25 4.016549e-14
5.588160e+03 5.756252e+01 1.002112e-25 3.165616e-14
5.588170e+03 5.454453e+01 2.049332e-24 1.431549e-13
5.588180e+03 4.867150e+01 7.281757e-22 2.698473e-12
5.588190e+03 4.104963e+01 1.487211e-18 1.219512e-10
5.588200e+03 3.290997e+01 5.097780e-15 7.139874e-09
5.588210e+03 2.531174e+01 1.016838e-11 3.188790e-07
5.588220e+03 1.899989e+01 5.603429e-09 7.485605e-06
5.588230e+03 1.443395e+01 5.387823e-07 7.340179e-05
5.588240e+03 1.193008e+01 6.589191e-06 2.566942e-04
5.588250e+03 1.180874e+01 7.439252e-06 2.727499e-04
5.588260e+03 1.451513e+01 4.967743e-07 7.048222e-05
5.588270e+03 2.064576e+01 1.080593e-09 3.287237e-06
5.588280e+03 3.089571e+01 3.820895e-14 1.954711e-08
5.588290e+03 4.592251e+01 1.137907e-20 1.066727e-11
5.588300e+03 6.617617e+01 1.819933e-29 4.266067e-16
5.588310e+03 9.173058e+01 1.451827e-40 1.204918e-21
5.588320e+03 1.221452e+02 8.974443e-54 2.995738e-28
5.588330e+03 1.563544e+02 1.247745e-68 1.117025e-35
5.588340e+03 1.925521e+02 2.375050e-84 1.541120e-43
5.588350e+03 2.280819e+02 8.816352e-100 2.969234e-51
5.588360e+03 2.594385e+02 2.124685e-113 4.609431e-58
5.588370e+03 2.825726e+02 1.906735e-123 4.366617e-63
5.588380e+03 2.936287e+02 3.010905e-128 1.735196e-65
5.588390e+03 2.900107e+02 1.121934e-126 1.059214e-64
5.588400e+03 2.713824e+02 1.380729e-118 1.175044e-60
5.588410e+03 2.401269e+02 5.178763e-105 7.196362e-54
5.588420e+03 2.009387e+02 5.412950e-88 2.326575e-45
5.588430e+03 1.596576e+02 4.587433e-70 2.141829e-36
5.588440e+03 1.217984e+02 1.269458e-53 3.562945e-28
5.588450e+03 9.133760e+01 2.150723e-40 1.466534e-21
5.588460e+03 7.014879e+01 3.425840e-31 5.853068e-17
5.588470e+03 5.811166e+01 5.786671e-26 2.405550e-14
5.588480e+03 5.367728e+01 4.878140e-24 2.208651e-13
5.588490e+03 5.457623e+01 1.985382e-24 1.409036e-13
5.588500e+03 5.843031e+01 4.207627e-26 2.051250e-14
5.588510e+03 6.318388e+01 3.627362e-28 1.904564e-15
5.588520e+03 6.734524e+01 5.653692e-30 2.377749e-16
5.588530e+03 7.008544e+01 3.649883e-31 6.041426e-17
5.588540e+03 7.122701e+01 1.165475e-31 3.413905e-17
5.588550e+03 7.115226e+01 1.255930e-31 3.543910e-17
5.588560e+03 7.066854e+01 2.037250e-31 4.513590e-17
5.588570e+03 7.085771e+01 1.686120e-31 4.106240e-17
5.588580e+03 7.290326e+01 2.180294e-32 1.476582e-17
5.588590e+03 7.786712e+01 1.523131e-34 1.234152e-18
5.588600e+03 8.638379e+01 3.047872e-38 1.745815e-20
5.588610e+03 9.831729e+01 2.001453e-43 4.473760e-23
5.588620e+03 1.125162e+02 1.364109e-49 3.693384e-26
5.588630e+03 1.268239e+02 8.338447e-56 2.887637e-29
5.588640e+03 1.384966e+02 7.107095e-61 8.430359e-32
5.588650e+03 1.449485e+02 1.121139e-63 3.348341e-33
5.588660e+03 1.446243e+02 1.550542e-63 3.937693e-33
5.588670e+03 1.376459e+02 1.664012e-60 1.289966e-31
5.588680e+03 1.259902e+02 1.919248e-55 4.380922e-29
5.588690e+03 1.131315e+02 7.372642e-50 2.715261e-26
5.588700e+03 1.032666e+02 1.418637e-45 3.766480e-24
5.588710e+03 1.004237e+02 2.435305e-44 1.560546e-23
5.588720e+03 1.077114e+02 1.665457e-47 4.081001e-25
5.588730e+03 1.268650e+02 8.002899e-56 2.828940e-29
5.588740e+03 1.580961e+02 2.186335e-69 4.675826e-36
5.588750e+03 2.000951e+02 1.258379e-87 3.547363e-45
5.588760e+03 2.500558e+02 2.524415e-109 5.024355e-56
5.588770e+03 3.036687e+02 1.313324e-132 1.146004e-67
5.588780e+03 3.552292e+02 5.319968e-155 7.293811e-79
5.588790e+03 3.981057e+02 1.273127e-173 3.568091e-88
5.588800e+03 4.257517e+02 1.254209e-185 3.541482e-94
5.588810e+03 4.331635e+02 7.576477e-189 8.704296e-96
5.588820e+03 4.183297e+02 2.097540e-182 1.448289e-92
5.588830e+03 3.830575e+02 4.367538e-167 6.608735e-85
5.588840e+03 3.327028e+02 3.228721e-145 5.682183e-74
5.588850e+03 2.748324e+02 4.383189e-120 2.093607e-61
5.588860e+03 2.173009e+02 4.240449e-95 6.511873e-49
5.588870e+03 1.665016e+02 4.889603e-73 6.992569e-38
5.588880e+03 1.263995e+02 1.274632e-55 3.570199e-29
5.588890e+03 9.854195e+01 1.598728e-43 3.998409e-23
5.588900e+03 8.281920e+01 1.076655e-36 1.037620e-19
5.588910e+03 7.846468e+01 8.379555e-35 9.153991e-19
5.588920e+03 8.478415e+01 1.509073e-37 3.884678e-20
5.588930e+03 1.013180e+02 9.957833e-45 9.978894e-24
5.588940e+03 1.274323e+02 4.537900e-56 2.130235e-29
5.588950e+03 1.616960e+02 5.974458e-71 7.729462e-37
5.588960e+03 2.015370e+02 2.975666e-88 1.725012e-45
5.588970e+03 2.435824e+02 1.634908e-106 1.278635e-54
5.588980e+03 2.846895e+02 2.295729e-124 1.515166e-63
5.588990e+03 3.231959e+02 4.343338e-141 6.590401e-72
5.589000e+03 3.596675e+02 6.286483e-157 7.928734e-80
5.589010e+03 3.966206e+02 5.621465e-173 7.497643e-88
5.589020e+03 4.372594e+02 1.260871e-190 1.122885e-96
5.589030e+03 4.837765e+02 7.916762e-211 8.897619e-107
5.589040e+03 5.359591e+02 1.721573e-233 4.149184e-118
5.589050e+03 5.905768e+02 3.279092e-257 5.726336e-130
5.589060e+03 6.416418e+02 2.180166e-279 4.669225e-141
5.589070e+03 6.814043e+02 1.174577e-296 1.083779e-149
5.589080e+03 7.018901e+02 1.489400e-305 3.859275e-154
5.589090e+03 6.967580e+02 2.522667e-303 5.022616e-153
5.589100e+03 6.630933e+02 1.052560e-288 1.025944e-145
5.589110e+03 6.025781e+02 2.012119e-262 1.418492e-132
5.589120e+03 5.215519e+02 3.110922e-227 5.577564e-115
5.589130e+03 4.298366e+02 2.110230e-187 4.593724e-95
5.589140e+03 3.386869e+02 8.130895e-148 2.851472e-75
5.589150e+03 2.585902e+02 4.962574e-113 7.044554e-58
5.589160e+03 1.975516e+02 1.601166e-86 1.265372e-44
5.589170e+03 1.601989e+02 2.670037e-70 1.634025e-36
5.589180e+03 1.476315e+02 7.663726e-65 8.754271e-34
5.589190e+03 1.577891e+02 2.972126e-69 5.451721e-36
5.589200e+03 1.861843e+02 1.384122e-81 3.720379e-42
5.589210e+03 2.269733e+02 2.671518e-99 5.168673e-51
5.589220e+03 2.743282e+02 7.257217e-120 2.693922e-61
5.589230e+03 3.238110e+02 2.347786e-141 4.845396e-72
5.589240e+03 3.732148e+02 8.220287e-163 9.066580e-83
5.589250e+03 4.224115e+02 3.540117e-184 1.881520e-93
5.589260e+03 4.722186e+02 8.280936e-206 2.877662e-104
5.589270e+03 5.229489e+02 7.694108e-228 2.773825e-115
5.589280e+03 5.735304e+02 8.296419e-250 2.880350e-126
5.589290e+03 6.218022e+02 9.010535e-271 9.492384e-137
5.589300e+03 6.657036e+02 7.737713e-290 2.781675e-146
5.589310e+03 7.043891e+02 1.223756e-306 1.106235e-154
5.589320e+03 7.382621e+02 2.381396e-321 4.879955e-162
5.589330e+03 7.676717e+02 0.000000e+00 0.000000e+00
5.589340e+03 7.912353e+02 0.000000e+00 0.000000e+00
5.589350e+03 8.052619e+02 0.000000e+00 0.000000e+00
5.589360e+03 8.052745e+02 0.000000e+00 0.000000e+00
5.589370e+03 7.890821e+02 0.000000e+00 0.000000e+00
5.589380e+03 7.594382e+02 0.000000e+00 0.000000e+00
5.589390e+03 7.241238e+02 3.288869e-315 5.734866e-159
5.589400e+03 6.928056e+02 1.313197e-301 3.623806e-152
5.589410e+03 6.721976e+02 1.170319e-292 1.081813e-147
5.589420e+03 6.624475e+02 2.007700e-288 1.416933e-145
5.589430e+03 6.570881e+02 4.268190e-286 2.065960e-144
5.589440e+03 6.466913e+02 1.398083e-281 3.739095e-142
5.589450e+03 6.240653e+02 9.373303e-272 3.061585e-137
5.589460e+03 5.879638e+02 4.472768e-256 2.114892e-129
5.589470e+03 5.433869e+02 1.023404e-236 1.011634e-119
5.589480e+03 4.986912e+02 2.637281e-217 5.135446e-110
5.589490e+03 4.614284e+02 4.019757e-201 6.340156e-102
5.589500e+03 4.351534e+02 1.035796e-189 3.218379e-96
5.589510e+03 4.184663e+02 1.829804e-182 1.352702e-92
5.589520e+03 4.062031e+02 3.874684e-177 6.224696e-90
5.589530e+03 3.918294e+02 6.771224e-171 8.228745e-87
5.589540e+03 3.699013e+02 2.258925e-161 4.752815e-82
5.589550e+03 3.377986e+02 1.976728e-147 4.446041e-75
5.589560e+03 2.963697e+02 1.942067e-129 4.406889e-66
5.589570e+03 2.495213e+02 4.307965e-109 6.563509e-56
5.589580e+03 2.030936e+02 6.274078e-89 7.920907e-46
5.589590e+03 1.635504e+02 9.353203e-72 3.058301e-37
5.589600e+03 1.370023e+02 3.167091e-60 1.779632e-31
5.589610e+03 1.287792e+02 1.180100e-56 1.086324e-29
5.589620e+03 1.433536e+02 5.524925e-63 7.432984e-33
5.589630e+03 1.840548e+02 1.164162e-80 1.078963e-41
5.589640e+03 2.521177e+02 3.211180e-110 1.791977e-56
5.589650e+03 3.450960e+02 1.338821e-150 1.157075e-76
5.589660e+03 4.554010e+02 1.666636e-198 1.290983e-100
5.589670e+03 5.701392e+02 2.464166e-248 1.569766e-125
5.589680e+03 6.730675e+02 4.903176e-293 7.002268e-148
5.589690e+03 7.484285e+02 0.000000e+00 0.000000e+00
5.589700e+03 7.852749e+02 0.000000e+00 0.000000e+00
5.589710e+03 7.804344e+02 0.000000e+00 0.000000e+00
5.589720e+03 7.389069e+02 1.249986e-321 3.535514e-162
5.589730e+03 6.717903e+02 1.758621e-292 1.326130e-147
5.589740e+03 5.929940e+02 2.924016e-258 1.709976e-130
5.589750e+03 5.161759e+02 6.724378e-225 8.200231e-114
5.589760e+03 4.528214e+02 2.198584e-197 4.688906e-100
5.589770e+03 4.115314e+02 1.880117e-179 4.336031e-91
5.589780e+03 3.980566e+02 1.337313e-173 3.656929e-88
5.589790e+03 4.155321e+02 3.441291e-181 5.866251e-92
5.589800e+03 4.645909e+02 1.701062e-202 1.304248e-102
5.589810e+03 5.432601e+02 1.161810e-236 1.077873e-119
5.589820e+03 6.466997e+02 1.386350e-281 3.723371e-142
5.589830e+03 7.669217e+02 0.000000e+00 0.000000e+00
5.589840e+03 8.926956e+02 0.000000e+00 0.000000e+00
5.589850e+03 1.009945e+03 0.000000e+00 0.000000e+00
5.589860e+03 1.103013e+03 0.000000e+00 0.000000e+00
5.589870e+03 1.156985e+03 0.000000e+00 0.000000e+00
5.589880e+03 1.160802e+03 0.000000e+00 0.000000e+00
5.589890e+03 1.110318e+03 0.000000e+00 0.000000e+00
5.589900e+03 1.010083e+03 0.000000e+00 0.000000e+00
5.589910e+03 8.728607e+02 0.000000e+00 0.000000e+00
5.589920e+03 7.167846e+02 5.062838e-312 2.250075e-157
5.589930e+03 5.610628e+02 2.155388e-244 1.468124e-123
5.589940e+03 4.218194e+02 6.399990e-184 2.529820e-93
5.589950e+03 3.095080e+02 3.822844e-135 6.182915e-69
5.589960e+03 2.285078e+02 5.758620e-100 2.399712e-51
5.589970e+03 1.784878e+02 3.045954e-78 1.745266e-40
5.589980e+03 1.564536e+02 1.129912e-68 1.062973e-35
5.589990e+03 1.584057e+02 1.604201e-69 4.005247e-36
5.590000e+03 1.800092e+02 6.652512e-79 8.156293e-41
5.590010e+03 2.163726e+02 1.072953e-94 1.035835e-48
5.590020e+03 2.615483e+02 2.576396e-114 1.605116e-58
5.590030e+03 3.084631e+02 1.086906e-134 1.042548e-68
5.590040e+03 3.496409e+02 1.421941e-152 1.192452e-77
5.590050e+03 3.785998e+02 3.768886e-165 6.139125e-84
5.590060e+03 3.913594e+02 1.083340e-170 1.040836e-86
5.590070e+03 3.873880e+02 5.748369e-169 7.581800e-86
5.590080e+03 3.695463e+02 3.221541e-161 5.675862e-82
5.590090e+03 3.430092e+02 1.078930e-149 3.284707e-76
5.590100e+03 3.135773e+02 6.532855e-137 8.082608e-70
5.590110e+03 2.860164e+02 6.090694e-125 7.804290e-64
5.590120e+03 2.630320e+02 5.843013e-115 7.643960e-59
5.590130e+03 2.451819e+02 3.302486e-107 5.746726e-55
5.590140e+03 2.316692e+02 2.439665e-101 4.939297e-52
5.590150e+03 2.216346e+02 5.563133e-97 7.458641e-50
5.590160e+03 2.154614e+02 2.668659e-94 1.633603e-48
5.590170e+03 2.156726e+02 2.160606e-94 1.469900e-48
5.590180e+03 2.271627e+02 2.210566e-99 4.701666e-51
5.590190e+03 2.567153e+02 3.235540e-112 1.798761e-57
5.590200e+03 3.118311e+02 3.745158e-136 1.935241e-69
5.590210e+03 3.990229e+02 5.087902e-174 2.255638e-88
5.590220e+03 5.217654e+02 2.512920e-227 5.012903e-115
5.590230e+03 6.784720e+02 2.204727e-295 4.695452e-149
5.590240e+03 8.610151e+02 0.000000e+00 0.000000e+00
5.590250e+03 1.054420e+03 0.000000e+00 0.000000e+00
5.590260e+03 1.238236e+03 0.000000e+00 0.000000e+00
5.590270e+03 1.389671e+03 0.000000e+00 0.000000e+00
5.590280e+03 1.487940e+03 0.000000e+00 0.000000e+00
5.590290e+03 1.518757e+03 0.000000e+00 0.000000e+00
5.590300e+03 1.477621e+03 0.000000e+00 0.000000e+00
5.590310e+03 1.370848e+03 0.000000e+00 0.000000e+00
5.590320e+03 1.213989e+03 0.000000e+00 0.000000e+00
5.590330e+03 1.028151e+03 0.000000e+00 0.000000e+00
5.590340e+03 8.353643e+02 0.000000e+00 0.000000e+00
5.590350e+03 6.543826e+02 6.386151e-285 7.991340e-144
5.590360e+03 4.979551e+02 5.506363e-217 7.420487e-110
5.590370e+03 3.720214e+02 2.711266e-162 1.646592e-82
5.590380e+03 2.765945e+02 7.525421e-121 8.674918e-62
5.590390e+03 2.076606e+02 6.518240e-91 8.073562e-47
5.590400e+03 1.593238e+02 6.405238e-70 2.530857e-36
5.590410e+03 1.255774e+02 2.900139e-55 5.385294e-29
5.590420e+03 1.014106e+02 9.076630e-45 9.527135e-24
5.590430e+03 8.323707e+01 7.089271e-37 8.419781e-20
5.590440e+03 6.882872e+01 1.282532e-30 1.132489e-16
5.590450e+03 5.698573e+01 1.784074e-25 4.223830e-14
5.590460e+03 4.714127e+01 3.363612e-21 5.799666e-12
5.590470e+03 3.903026e+01 1.120400e-17 3.347238e-10
5.590480e+03 3.247062e+01 7.910255e-15 8.893961e-09
5.590490e+03 2.725612e+01 1.454853e-12 1.206173e-07
5.590500e+03 2.313281e+01 8.985585e-11 9.479232e-07
5.590510e+03 1.982301e+01 2.460229e-09 4.960070e-06
5.590520e+03 1.706694e+01 3.871884e-08 1.967710e-05
5.590530e+03 1.465808e+01 4.306029e-07 6.562034e-05
5.590540e+03 1.245798e+01 3.886588e-06 1.971443e-04
5.590550e+03 1.040364e+01 3.032200e-05 5.506542e-04
5.590560e+03 8.486140e+00 2.063080e-04 1.436343e-03
5.590570e+03 6.734364e+00 1.189331e-03 3.448668e-03
5.590580e+03 5.185665e+00 5.596213e-03 7.480784e-03
5.590590e+03 3.870402e+00 2.084998e-02 1.443952e-02
5.590600e+03 2.803176e+00 6.061724e-02 2.462057e-02
5.590610e+03 1.976496e+00 1.385539e-01 3.722283e-02
5.590620e+03 1.364516e+00 2.555042e-01 5.054743e-02
5.590630e+03 9.311669e-01 3.940936e-01 6.277687e-02
5.590640e+03 6.367441e-01 5.290120e-01 7.273321e-02
5.590650e+03 4.438152e-01 6.415840e-01 8.009894e-02
5.590660e+03 3.208564e-01 7.255274e-01 8.517790e-02
5.590670e+03 2.437396e-01 7.836917e-01 8.852636e-02
5.590680e+03 1.950752e-01 8.227728e-01 9.070682e-02
5.590690e+03 1.641003e-01 8.486569e-01 9.212258e-02
5.590700e+03 1.435355e-01 8.662901e-01 9.307470e-02
5.590710e+03 1.288444e-01 8.791108e-01 9.376091e-02
5.590720e+03 1.173926e-01 8.892360e-01 9.429931e-02
5.590730e+03 1.089446e-01 8.967801e-01 9.469847e-02
5.590740e+03 1.022900e-01 9.027677e-01 9.501409e-02
5.590750e+03 9.695666e-02 9.075953e-01 9.526780e-02
5.590760e+03 9.269478e-02 9.114717e-01 9.547102e-02
5.590770e+03 8.823680e-02 9.155440e-01 9.568407e-02
5.590780e+03 8.489233e-02 9.186112e-01 9.584421e-02
5.590790e+03 8.182863e-02 9.214299e-01 9.599114e-02
5.590800e+03 7.928413e-02 9.237774e-01 9.611334e-02
5.590810e+03 7.603081e-02 9.267876e-01 9.626981e-02
5.590820e+03 7.298866e-02 9.296114e-01 9.641636e-02
5.590830e+03 7.067156e-02 9.317679e-01 9.652812e-02
5.590840e+03 6.813830e-02 9.341313e-01 9.665047e-02
5.590850e+03 6.541777e-02 9.366761e-01 9.678203e-02
5.590860e+03 6.305625e-02 9.388907e-01 9.689637e-02
5.590870e+03 6.122632e-02 9.406103e-01 9.698507e-02
5.590880e+03 5.948221e-02 9.422523e-01 9.706968e-02
5.590890e+03 5.781832e-02 9.438214e-01 9.715047e-02
5.590900e+03 5.622953e-02 9.453221e-01 9.722768e-02
5.590910e+03 5.471113e-02 9.467586e-01 9.730152e-02
5.590920e+03 5.325878e-02 9.481346e-01 9.737220e-02
5.590930e+03 5.186849e-02 9.494537e-01 9.743992e-02
5.590940e+03 5.053658e-02 9.507192e-01 9.750483e-02
5.590950e+03 4.925963e-02 9.519339e-01 9.756710e-02
5.590960e+03 4.803451e-02 9.531009e-01 9.762689e-02
5.590970e+03 4.577686e-02 9.552551e-01 9.773715e-02
5.590980e+03 4.467542e-02 9.563078e-01 9.779099e-02
5.590990e+03 4.361645e-02 9.573211e-01 9.784279e-02
5.591000e+03 4.259770e-02 9.582968e-01 9.789264e-02
5.591010e+03 4.161704e-02 9.592371e-01 9.794065e-02
5.591020e+03 4.015790e-02 9.606377e-01 9.801213e-02
5.591030e+03 3.864188e-02 9.620952e-01 9.808645e-02
5.591040e+03 3.778127e-02 9.629235e-01 9.812867e-02
5.591050e+03 3.643994e-02 9.642160e-01 9.819450e-02
5.591060e+03 3.565460e-02 9.649735e-01 9.823307e-02
5.591070e+03 3.489619e-02 9.657057e-01 9.827032e-02
5.591080e+03 3.416342e-02 9.664136e-01 9.830634e-02
5.591090e+03 3.345510e-02 9.670983e-01 9.834116e-02
5.591100e+03 3.241902e-02 9.681008e-01 9.839212e-02
5.591110e+03 3.119656e-02 9.692850e-01 9.845227e-02
5.591120e+03 3.021785e-02 9.702341e-01 9.850046e-02
5.591130e+03 2.961575e-02 9.708185e-01 9.853012e-02
5.591140e+03 2.903265e-02 9.713847e-01 9.855885e-02
5.591150e+03 2.777999e-02 9.726023e-01 9.862060e-02
5.591160e+03 2.565685e-02 9.746695e-01 9.872535e-02
5.591170e+03 2.516067e-02 9.751532e-01 9.874985e-02
5.591180e+03 2.467965e-02 9.756224e-01 9.877360e-02
5.591190e+03 2.421315e-02 9.760776e-01 9.879664e-02
5.591200e+03 2.335595e-02 9.769147e-01 9.883899e-02
5.591210e+03 2.292294e-02 9.773378e-01 9.886040e-02
5.591220e+03 2.250259e-02 9.777487e-01 9.888118e-02
5.591230e+03 2.209440e-02 9.781479e-01 9.890136e-02
5.591240e+03 2.169789e-02 9.785358e-01 9.892097e-02
5.591250e+03 2.131258e-02 9.789129e-01 9.894003e-02
5.591260e+03 2.093806e-02 9.792796e-01 9.895856e-02
5.591270e+03 2.057390e-02 9.796363e-01 9.897658e-02
5.591280e+03 2.021972e-02 9.799833e-01 9.899411e-02
5.591290e+03 1.987513e-02 9.803211e-01 9.901116e-02
5.591300e+03 1.953978e-02 9.806499e-01 9.902777e-02
5.591310e+03 1.921333e-02 9.809701e-01 9.904393e-02
5.591320e+03 1.889546e-02 9.812819e-01 9.905968e-02
5.591330e+03 1.858585e-02 9.815858e-01 9.907501e-02
5.591340e+03 1.828421e-02 9.818819e-01 9.908996e-02
5.591350e+03 1.799027e-02 9.821706e-01 9.910452e-02
5.591360e+03 1.770374e-02 9.824520e-01 9.911872e-02
5.591370e+03 1.708040e-02 9.830646e-01 9.914962e-02
5.591380e+03 1.643905e-02 9.836953e-01 9.918142e-02
5.591390e+03 1.618135e-02 9.839489e-01 9.919420e-02
5.591400e+03 1.592997e-02 9.841962e-01 9.920667e-02
5.591410e+03 1.568467e-02 9.844377e-01 9.921883e-02
5.591420e+03 1.544528e-02 9.846734e-01 9.923071e-02
5.591430e+03 1.521158e-02 9.849035e-01 9.924231e-02
5.591440e+03 1.458240e-02 9.855234e-01 9.927353e-02
5.591450e+03 1.436573e-02 9.857370e-01 9.928429e-02
5.591460e+03 1.415408e-02 9.859456e-01 9.929479e-02
5.591470e+03 1.394729e-02 9.861495e-01 9.930506e-02
5.591480e+03 1.374522e-02 9.863488e-01 9.931510e-02
5.591490e+03 1.354771e-02 9.865436e-01 9.932490e-02
5.591500e+03 1.335462e-02 9.867342e-01 9.933449e-02
5.591510e+03 1.316582e-02 9.869205e-01 9.934387e-02
5.591520e+03 1.298118e-02 9.871027e-01 9.935304e-02
5.591530e+03 1.280057e-02 9.872810e-01 9.936202e-02
5.591540e+03 1.262387e-02 9.874555e-01 9.937079e-02
5.591550e+03 1.245097e-02 9.876262e-01 9.937939e-02
5.591560e+03 1.228175e-02 9.877934e-01 9.938779e-02
5.591570e+03 1.211611e-02 9.879570e-01 9.939603e-02
5.591580e+03 1.195395e-02 9.881172e-01 9.940409e-02
5.591590e+03 1.152817e-02 9.885380e-01 9.942525e-02
5.591600e+03 1.137676e-02 9.886877e-01 9.943278e-02
5.591610e+03 1.122844e-02 9.888344e-01 9.944015e-02
5.591620e+03 1.108312e-02 9.889781e-01 9.944738e-02
5.591630e+03 1.094072e-02 9.891189e-01 9.945446e-02
5.591640e+03 1.080117e-02 9.892570e-01 9.946140e-02
5.591650e+03 1.066438e-02 9.893923e-01 9.946820e-02
5.591660e+03 1.000711e-02 9.900428e-01 9.950089e-02
5.591670e+03 9.604960e-03 9.904410e-01 9.952090e-02
5.591680e+03 9.484246e-03 9.905606e-01 9.952691e-02
5.591690e+03 9.365868e-03 9.906779e-01 9.953280e-02
5.591700e+03 9.249767e-03 9.907929e-01 9.953858e-02
5.591710e+03 9.135881e-03 9.909057e-01 9.954425e-02
5.591720e+03 9.024153e-03 9.910164e-01 9.954981e-02
5.591730e+03 8.914529e-03 9.911251e-01 9.955527e-02
5.591740e+03 8.806954e-03 9.912317e-01 9.956062e-02
5.591750e+03 8.701376e-03 9.913364e-01 9.956588e-02
5.591760e+03 8.597745e-03 9.914391e-01 9.957104e-02
5.591770e+03 8.496012e-03 9.915400e-01 9.957610e-02
5.591780e+03 8.396129e-03 9.916390e-01 9.958107e-02
5.591790e+03 8.298052e-03 9.917363e-01 9.958596e-02
5.591800e+03 8.201736e-03 9.918318e-01 9.959075e-02
5.591810e+03 8.107137e-03 9.919256e-01 9.959546e-02
5.591820e+03 8.014214e-03 9.920178e-01 9.960009e-02
5.591830e+03 7.922928e-03 9.921084e-01 9.960464e-02
5.591840e+03 7.833238e-03 9.921974e-01 9.960910e-02
5.591850e+03 7.745107e-03 9.922848e-01 9.961349e-02
5.591860e+03 7.658498e-03 9.923708e-01 9.961781e-02
5.591870e+03 7.573376e-03 9.924552e-01 9.962205e-02
5.591880e+03 7.153321e-03 9.928722e-01 9.964297e-02
5.591890e+03 7.073671e-03 9.929513e-01 9.964694e-02
5.591900e+03 6.995377e-03 9.930290e-01 9.965084e-02
5.591910e+03 6.918407e-03 9.931055e-01 9.965468e-02
5.591920e+03 6.842731e-03 9.931806e-01 9.965845e-02
5.591930e+03 6.768320e-03 9.932545e-01 9.966216e-02
5.591940e+03 6.281203e-03 9.937385e-01 9.968643e-02
5.591950e+03 6.212441e-03 9.938068e-01 9.968986e-02
5.591960e+03 6.144823e-03 9.938740e-01 9.969323e-02
5.591970e+03 6.078323e-03 9.939401e-01 9.969655e-02
5.591980e+03 6.012918e-03 9.940051e-01 9.969981e-02
5.591990e+03 5.948581e-03 9.940691e-01 9.970301e-02
5.592000e+03 5.885291e-03 9.941320e-01 9.970617e-02
5.592010e+03 5.496200e-03 9.945189e-01 9.972557e-02
5.592020e+03 5.437465e-03 9.945773e-01 9.972850e-02
5.592030e+03 5.379680e-03 9.946348e-01 9.973138e-02
5.592040e+03 5.322824e-03 9.946913e-01 9.973421e-02
5.592050e+03 5.266877e-03 9.947470e-01 9.973700e-02
5.592060e+03 5.211819e-03 9.948017e-01 9.973975e-02
5.592070e+03 5.157633e-03 9.948556e-01 9.974245e-02
5.592080e+03 4.811355e-03 9.952002e-01 9.975972e-02
5.592090e+03 4.761127e-03 9.952502e-01 9.976223e-02
5.592100e+03 4.711689e-03 9.952994e-01 9.976469e-02
5.592110e+03 4.663024e-03 9.953478e-01 9.976712e-02
5.592120e+03 4.615117e-03 9.953955e-01 9.976951e-02
5.592130e+03 4.567952e-03 9.954425e-01 9.977186e-02
5.592140e+03 4.521514e-03 9.954887e-01 9.977418e-02
5.592150e+03 4.475786e-03 9.955342e-01 9.977646e-02
5.592160e+03 4.430756e-03 9.955790e-01 9.977871e-02
5.592170e+03 4.386408e-03 9.956232e-01 9.978092e-02
5.592180e+03 4.342729e-03 9.956667e-01 9.978310e-02
5.592190e+03 4.299705e-03 9.957095e-01 9.978525e-02
5.592200e+03 4.257323e-03 9.957517e-01 9.978736e-02
5.592210e+03 4.215571e-03 9.957933e-01 9.978944e-02
5.592220e+03 4.174435e-03 9.958343e-01 9.979150e-02
5.592230e+03 4.133905e-03 9.958746e-01 9.979352e-02
5.592240e+03 4.093966e-03 9.959144e-01 9.979551e-02
5.592250e+03 4.054610e-03 9.959536e-01 9.979747e-02
5.592260e+03 3.546650e-03 9.964596e-01 9.982282e-02
5.592270e+03 3.512056e-03 9.964941e-01 9.982455e-02
5.592280e+03 3.477969e-03 9.965281e-01 9.982625e-02
5.592290e+03 3.444378e-03 9.965615e-01 9.982793e-02
5.592300e+03 3.411273e-03 9.965945e-01 9.982958e-02
5.592310e+03 3.378645e-03 9.966271e-01 9.983121e-02
5.592320e+03 3.346486e-03 9.966591e-01 9.983282e-02
5.592330e+03 3.314785e-03 9.966907e-01 9.983440e-02
5.592340e+03 3.283535e-03 9.967219e-01 9.983596e-02
5.592350e+03 3.252726e-03 9.967526e-01 9.983750e-02
5.592360e+03 3.222351e-03 9.967828e-01 9.983901e-02
5.592370e+03 3.192401e-03 9.968127e-01 9.984051e-02
5.592380e+03 3.162869e-03 9.968421e-01 9.984198e-02
5.592390e+03 3.133746e-03 9.968712e-01 9.984344e-02
5.592400e+03 3.105025e-03 9.968998e-01 9.984487e-02
5.592410e+03 3.076699e-03 9.969280e-01 9.984628e-02
5.592420e+03 3.048760e-03 9.969559e-01 9.984768e-02
5.592430e+03 3.021202e-03 9.969834e-01 9.984905e-02
5.592440e+03 2.994017e-03 9.970105e-01 9.985041e-02
5.592450e+03 2.967199e-03 9.970372e-01 9.985175e-02
5.592460e+03 2.538713e-03 9.974645e-01 9.987314e-02
5.592470e+03 2.515725e-03 9.974874e-01 9.987429e-02
5.592480e+03 2.493049e-03 9.975101e-01 9.987543e-02
5.592490e+03 2.470679e-03 9.975324e-01 9.987654e-02
5.592500e+03 2.448609e-03 9.975544e-01 9.987764e-02
5.592510e+03 2.426833e-03 9.975761e-01 9.987873e-02
5.592520e+03 2.405347e-03 9.975975e-01 9.987980e-02
5.592530e+03 2.384146e-03 9.976187e-01 9.988086e-02
5.592540e+03 2.363224e-03 9.976396e-01 9.988191e-02
5.592550e+03 2.342577e-03 9.976602e-01 9.988294e-02
5.592560e+03 2.322200e-03 9.976805e-01 9.988396e-02
5.592570e+03 2.302087e-03 9.977006e-01 9.988496e-02
5.592580e+03 2.282236e-03 9.977204e-01 9.988595e-02
5.592590e+03 2.262640e-03 9.977399e-01 9.988693e-02
5.592600e+03 2.243296e-03 9.977592e-01 9.988790e-02
5.592610e+03 2.224199e-03 9.977783e-01 9.988885e-02
5.592620e+03 2.205346e-03 9.977971e-01 9.988979e-02
5.592630e+03 1.941279e-03 9.980606e-01 9.990298e-02
5.592640e+03 1.924798e-03 9.980771e-01 9.990381e-02
5.592650e+03 1.908525e-03 9.980933e-01 9.990462e-02
5.592660e+03 1.892458e-03 9.981093e-01 9.990542e-02
5.592670e+03 1.876594e-03 9.981252e-01 9.990621e-02
5.592680e+03 1.860928e-03 9.981408e-01 9.990700e-02
5.592690e+03 1.845457e-03 9.981562e-01 9.990777e-02
5.592700e+03 1.830179e-03 9.981715e-01 9.990853e-02
5.592710e+03 1.815090e-03 9.981866e-01 9.990929e-02
5.592720e+03 1.800187e-03 9.982014e-01 9.991003e-02
5.592730e+03 1.785467e-03 9.982161e-01 9.991077e-02
5.592740e+03 1.770926e-03 9.982306e-01 9.991149e-02
5.592750e+03 1.756563e-03 9.982450e-01 9.991221e-02
5.592760e+03 1.742374e-03 9.982591e-01 9.991292e-02
5.592770e+03 1.728356e-03 9.982731e-01 9.991362e-02
5.592780e+03 1.714507e-03 9.982870e-01 9.991431e-02
5.592790e+03 1.700823e-03 9.983006e-01 9.991499e-02
5.592800e+03 1.687303e-03 9.983141e-01 9.991567e-02
5.592810e+03 1.673944e-03 9.983275e-01 9.991634e-02
5.592820e+03 1.660742e-03 9.983406e-01 9.991700e-02
5.592830e+03 1.647697e-03 9.983537e-01 9.991765e-02
5.592840e+03 1.634804e-03 9.983665e-01 9.991829e-02
5.592850e+03 1.622063e-03 9.983793e-01 9.991893e-02
5.592860e+03 1.609469e-03 9.983918e-01 9.991956e-02
5.592870e+03 1.597022e-03 9.984043e-01 9.992018e-02
5.592880e+03 1.584719e-03 9.984165e-01 9.992080e-02
5.592890e+03 1.572558e-03 9.984287e-01 9.992140e-02
5.592900e+03 1.560536e-03 9.984407e-01 9.992200e-02
5.592910e+03 1.548652e-03 9.984525e-01 9.992260e-02
5.592920e+03 1.536903e-03 9.984643e-01 9.992318e-02
5.592930e+03 1.525287e-03 9.984759e-01 9.992376e-02
5.592940e+03 1.513802e-03 9.984873e-01 9.992434e-02
5.592950e+03 1.502447e-03 9.984987e-01 9.992491e-02
5.592960e+03 1.491219e-03 9.985099e-01 9.992547e-02
5.592970e+03 1.480117e-03 9.985210e-01 9.992602e-02
5.592980e+03 1.469138e-03 9.985319e-01 9.992657e-02
5.592990e+03 1.458281e-03 9.985428e-01 9.992711e-02
5.593000e+03 1.447544e-03 9.985535e-01 9.992765e-02
5.593010e+03 1.436925e-03 9.985641e-01 9.992818e-02
5.593020e+03 1.426423e-03 9.985746e-01 9.992870e-02
5.593030e+03 1.416035e-03 9.985850e-01 9.992922e-02
5.593040e+03 1.405761e-03 9.985952e-01 9.992974e-02
5.593050e+03 1.395598e-03 9.986054e-01 9.993024e-02
5.593060e+03 1.385544e-03 9.986154e-01 9.993075e-02
5.593070e+03 1.375600e-03 9.986253e-01 9.993124e-02
5.593080e+03 1.365762e-03 9.986352e-01 9.993174e-02
5.593090e+03 1.356029e-03 9.986449e-01 9.993222e-02
5.593100e+03 1.346400e-03 9.986545e-01 9.993270e-02
5.593110e+03 1.336873e-03 9.986640e-01 9.993318e-02
5.593120e+03 1.327447e-03 9.986734e-01 9.993365e-02
5.593130e+03 1.318120e-03 9.986827e-01 9.993412e-02
5.593140e+03 1.308892e-03 9.986920e-01 9.993458e-02
5.593150e+03 1.299760e-03 9.987011e-01 9.993503e-02
5.593160e+03 1.290723e-03 9.987101e-01 9.993548e-02
5.593170e+03 1.281780e-03 9.987190e-01 9.993593e-02
5.593180e+03 1.272930e-03 9.987279e-01 9.993637e-02
5.593190e+03 1.264171e-03 9.987366e-01 9.993681e-02
5.593200e+03 1.255503e-03 9.987453e-01 9.993724e-02
5.593210e+03 1.246923e-03 9.987539e-01 9.993767e-02
5.593220e+03 1.238431e-03 9.987623e-01 9.993810e-02
5.593230e+03 1.230026e-03 9.987707e-01 9.993852e-02
5.593240e+03 1.221706e-03 9.987790e-01 9.993893e-02
5.593250e+03 1.213470e-03 9.987873e-01 9.993934e-02
5.593260e+03 1.205317e-03 9.987954e-01 9.993975e-02
5.593270e+03 1.197246e-03 9.988035e-01 9.994016e-02
5.593280e+03 1.189256e-03 9.988115e-01 9.994055e-02
5.593290e+03 1.181346e-03 9.988194e-01 9.994095e-02
5.593300e+03 1.173514e-03 9.988272e-01 9.994134e-02
5.593310e+03 1.165760e-03 9.988349e-01 9.994173e-02
5.593320e+03 1.158083e-03 9.988426e-01 9.994211e-02
5.593330e+03 1.150481e-03 9.988502e-01 9.994249e-02
5.593340e+03 1.142954e-03 9.988577e-01 9.994287e-02
5.593350e+03 1.135501e-03 9.988651e-01 9.994324e-02
5.593360e+03 1.128120e-03 9.988725e-01 9.994361e-02
5.593370e+03 1.120811e-03 9.988798e-01 9.994398e-02
5.593380e+03 1.113573e-03 9.988870e-01 9.994434e-02
5.593390e+03 1.106405e-03 9.988942e-01 9.994470e-02
5.593400e+03 1.099306e-03 9.989013e-01 9.994505e-02
5.593410e+03 1.092275e-03 9.989083e-01 9.994540e-02
5.593420e+03 1.085312e-03 9.989153e-01 9.994575e-02
5.593430e+03 1.078414e-03 9.989222e-01 9.994609e-02
5.593440e+03 1.071583e-03 9.989290e-01 9.994644e-02
5.593450e+03 1.064816e-03 9.989358e-01 9.994677e-02
5.593460e+03 1.058113e-03 9.989424e-01 9.994711e-02
5.593470e+03 1.051473e-03 9.989491e-01 9.994744e-02
5.593480e+03 1.044895e-03 9.989557e-01 9.994777e-02
5.593490e+03 1.038379e-03 9.989622e-01 9.994809e-02
5.593500e+03 1.031924e-03 9.989686e-01 9.994842e-02
5.593510e+03 1.025529e-03 9.989750e-01 9.994874e-02
5.593520e+03 1.019193e-03 9.989813e-01 9.994905e-02
5.593530e+03 1.012916e-03 9.989876e-01 9.994937e-02
5.593540e+03 1.006697e-03 9.989938e-01 9.994968e-02
5.593550e+03 1.000534e-03 9.990000e-01 9.994999e-02
5.593560e+03 9.944285e-04 9.990061e-01 9.995029e-02
5.593570e+03 9.883785e-04 9.990121e-01 9.995059e-02
5.593580e+03 9.823835e-04 9.990181e-01 9.995089e-02
5.593590e+03 9.764429e-04 9.990240e-01 9.995119e-02
5.593600e+03 9.705560e-04 9.990299e-01 9.995148e-02
5.593610e+03 9.647223e-04 9.990357e-01 9.995178e-02
5.593620e+03 9.589411e-04 9.990415e-01 9.995206e-02
5.593630e+03 9.532116e-04 9.990472e-01 9.995235e-02
5.593640e+03 9.475334e-04 9.990529e-01 9.995263e-02
5.593650e+03 9.419059e-04 9.990585e-01 9.995292e-02
5.593660e+03 9.363283e-04 9.990641e-01 9.995319e-02
5.593670e+03 9.308002e-04 9.990696e-01 9.995347e-02
5.593680e+03 9.253209e-04 9.990751e-01 9.995374e-02
5.593690e+03 9.198898e-04 9.990805e-01 9.995402e-02
5.593700e+03 9.145065e-04 9.990859e-01 9.995429e-02
5.593710e+03 9.091703e-04 9.990912e-01 9.995455e-02
5.593720e+03 9.038807e-04 9.990965e-01 9.995482e-02
5.593730e+03 8.986372e-04 9.991018e-01 9.995508e-02
5.593740e+03 8.934392e-04 9.991070e-01 9.995534e-02
5.593750e+03 8.882862e-04 9.991121e-01 9.995560e-02
5.593760e+03 8.831776e-04 9.991172e-01 9.995585e-02
5.593770e+03 8.781130e-04 9.991223e-01 9.995610e-02
5.593780e+03 8.730919e-04 9.991273e-01 9.995635e-02
5.593790e+03 8.681138e-04 9.991323e-01 9.995660e-02
5.593800e+03 8.631781e-04 9.991372e-01 9.995685e-02
5.593810e+03 8.582845e-04 9.991421e-01 9.995709e-02
5.593820e+03 8.534323e-04 9.991469e-01 9.995734e-02
5.593830e+03 8.486212e-04 9.991517e-01 9.995758e-02
5.593840e+03 8.438508e-04 9.991565e-01 9.995782e-02
5.593850e+03 8.391204e-04 9.991612e-01 9.995805e-02
5.593860e+03 8.344297e-04 9.991659e-01 9.995829e-02
5.593870e+03 8.297783e-04 9.991706e-01 9.995852e-02
5.593880e+03 8.251657e-04 9.991752e-01 9.995875e-02
5.593890e+03 8.205914e-04 9.991797e-01 9.995898e-02
5.593900e+03 8.160551e-04 9.991843e-01 9.995921e-02
5.593910e+03 8.115564e-04 9.991888e-01 9.995943e-02
5.593920e+03 8.070947e-04 9.991932e-01 9.995965e-02
5.593930e+03 8.026698e-04 9.991977e-01 9.995987e-02
5.593940e+03 7.982812e-04 9.992020e-01 9.996009e-02
5.593950e+03 7.939285e-04 9.992064e-01 9.996031e-02
5.593960e+03 7.896113e-04 9.992107e-01 9.996053e-02
5.593970e+03 7.853293e-04 9.992150e-01 9.996074e-02
5.593980e+03 7.810820e-04 9.992192e-01 9.996095e-02
5.593990e+03 7.768691e-04 9.992234e-01 9.996116e-02
5.594000e+03 7.726902e-04 9.992276e-01 9.996137e-02
5.594010e+03 7.685450e-04 9.992318e-01 9.996158e-02
5.594020e+03 7.644330e-04 9.992359e-01 9.996179e-02
5.594030e+03 7.603540e-04 9.992399e-01 9.996199e-02
5.594040e+03 7.563076e-04 9.992440e-01 9.996219e-02
5.594050e+03 7.522933e-04 9.992480e-01 9.996239e-02
5.594060e+03 7.483110e-04 9.992520e-01 9.996259e-02
5.594070e+03 7.443603e-04 9.992559e-01 9.996279e-02
5.594080e+03 7.404407e-04 9.992598e-01 9.996298e-02
5.594090e+03 7.365521e-04 9.992637e-01 9.996318e-02
5.594100e+03 7.326940e-04 9.992676e-01 9.996337e-02
5.594110e+03 7.288662e-04 9.992714e-01 9.996356e-02
5.594120e+03 7.250683e-04 9.992752e-01 9.996375e-02
5.594130e+03 7.213001e-04 9.992790e-01 9.996394e-02
5.594140e+03 7.175611e-04 9.992827e-01 9.996413e-02
5.594150e+03 7.138512e-04 9.992864e-01 9.996431e-02
5.594160e+03 7.101700e-04 9.992901e-01 9.996450e-02
5.594170e+03 7.065172e-04 9.992937e-01 9.996468e-02
5.594180e+03 7.028925e-04 9.992974e-01 9.996486e-02
5.594190e+03 6.992957e-04 9.993009e-01 9.996504e-02
5.594200e+03 6.957264e-04 9.993045e-01 9.996522e-02
5.594210e+03 6.921844e-04 9.993081e-01 9.996540e-02
5.594220e+03 6.886694e-04 9.993116e-01 9.996557e-02
5.594230e+03 6.851811e-04 9.993151e-01 9.996575e-02
5.594240e+03 6.817193e-04 9.993185e-01 9.996592e-02
5.594250e+03 6.782837e-04 9.993219e-01 9.996609e-02
5.594260e+03 6.748739e-04 9.993254e-01 9.996626e-02
5.594270e+03 6.714899e-04 9.993287e-01 9.996643e-02
5.594280e+03 6.681312e-04 9.993321e-01 9.996660e-02
5.594290e+03 6.647977e-04 9.993354e-01 9.996677e-02
5.594300e+03 6.614891e-04 9.993387e-01 9.996693e-02
5.594310e+03 6.582052e-04 9.993420e-01 9.996710e-02
5.594320e+03 6.549456e-04 9.993453e-01 9.996726e-02
5.594330e+03 6.517102e-04 9.993485e-01 9.996742e-02
5.594340e+03 6.484988e-04 9.993517e-01 9.996758e-02
5.594350e+03 6.453110e-04 9.993549e-01 9.996774e-02
5.594360e+03 6.421468e-04 9.993581e-01 9.996790e-02
5.594370e+03 6.390057e-04 9.993612e-01 9.996805e-02
5.594380e+03 6.358876e-04 9.993643e-01 9.996821e-02
5.594390e+03 6.327924e-04 9.993674e-01 9.996837e-02
5.594400e+03 6.297196e-04 9.993705e-01 9.996852e-02
5.594410e+03 6.266693e-04 9.993735e-01 9.996867e-02
5.594420e+03 6.236410e-04 9.993766e-01 9.996882e-02
5.594430e+03 6.206347e-04 9.993796e-01 9.996897e-02
5.594440e+03 6.176500e-04 9.993825e-01 9.996912e-02
5.594450e+03 6.146869e-04 9.993855e-01 9.996927e-02
5.594460e+03 6.117450e-04 9.993884e-01 9.996942e-02
5.594470e+03 6.088242e-04 9.993914e-01 9.996956e-02
5.594480e+03 6.059243e-04 9.993943e-01 9.996971e-02
5.594490e+03 6.030451e-04 9.993971e-01 9.996985e-02
5.594500e+03 6.001863e-04 9.994000e-01 9.997000e-02
5.594510e+03 5.973479e-04 9.994028e-01 9.997014e-02
5.594520e+03 5.945295e-04 9.994056e-01 9.997028e-02
5.594530e+03 5.917311e-04 9.994084e-01 9.997042e-02
5.594540e+03 5.889524e-04 9.994112e-01 9.997056e-02
5.594550e+03 5.861932e-04 9.994140e-01 9.997069e-02
5.594560e+03 5.834534e-04 9.994167e-01 9.997083e-02
5.594570e+03 5.807328e-04 9.994194e-01 9.997097e-02
5.594580e+03 5.780311e-04 9.994221e-01 9.997110e-02
5.594590e+03 5.753483e-04 9.994248e-01 9.997124e-02
5.594600e+03 5.726841e-04 9.994275e-01 9.997137e-02
5.594610e+03 5.700384e-04 9.994301e-01 9.997150e-02
5.594620e+03 5.674110e-04 9.994327e-01 9.997163e-02
5.594630e+03 5.648018e-04 9.994354e-01 9.997176e-02
5.594640e+03 5.622105e-04 9.994379e-01 9.997189e-02
5.594650e+03 5.596370e-04 9.994405e-01 9.997202e-02
5.594660e+03 5.570811e-04 9.994431e-01 9.997215e-02
5.594670e+03 5.545427e-04 9.994456e-01 9.997228e-02
5.594680e+03 5.520217e-04 9.994481e-01 9.997240e-02
5.594690e+03 5.495178e-04 9.994506e-01 9.997253e-02
5.594700e+03 5.470309e-04 9.994531e-01 9.997265e-02
5.594710e+03 5.445609e-04 9.994556e-01 9.997278e-02
5.594720e+03 5.421075e-04 9.994580e-01 9.997290e-02
5.594730e+03 5.396708e-04 9.994605e-01 9.997302e-02
5.594740e+03 5.372504e-04 9.994629e-01 9.997314e-02
5.594750e+03 5.348463e-04 9.994653e-01 9.997326e-02
5.594760e+03 5.324583e-04 9.994677e-01 9.997338e-02
5.594770e+03 5.300862e-04 9.994701e-01 9.997350e-02
5.594780e+03 5.277300e-04 9.994724e-01 9.997362e-02
5.594790e+03 5.253895e-04 9.994747e-01 9.997373e-02
5.594800e+03 5.230645e-04 9.994771e-01 9.997385e-02
5.594810e+03 5.207550e-04 9.994794e-01 9.997397e-02
5.594820e+03 5.184607e-04 9.994817e-01 9.997408e-02
5.594830e+03 5.161815e-04 9.994840e-01 9.997419e-02
5.594840e+03 5.139173e-04 9.994862e-01 9.997431e-02
5.594850e+03 5.116681e-04 9.994885e-01 9.997442e-02
5.594860e+03 5.094335e-04 9.994907e-01 9.997453e-02
5.594870e+03 5.072136e-04 9.994929e-01 9.997464e-02
5.594880e+03 5.050082e-04 9.994951e-01 9.997475e-02
5.594890e+03 5.028171e-04 9.994973e-01 9.997486e-02
5.594900e+03 5.006403e-04 9.994995e-01 9.997497e-02
5.594910e+03 4.984775e-04 9.995016e-01 9.997508e-02
5.594920e+03 4.963288e-04 9.995038e-01 9.997519e-02
5.594930e+03 4.941940e-04 9.995059e-01 9.997529e-02
5.594940e+03 4.920729e-04 9.995080e-01 9.997540e-02
5.594950e+03 4.899654e-04 9.995102e-01 9.997550e-02
5.594960e+03 4.878714e-04 9.995122e-01 9.997561e-02
5.594970e+03 4.857909e-04 9.995143e-01 9.997571e-02
5.594980e+03 4.837236e-04 9.995164e-01 9.997582e-02
5.594990e+03 4.816696e-04 9.995184e-01 9.997592e-02
5.595000e+03 4.796286e-04 9.995205e-01 9.997602e-02
5.595010e+03 4.776005e-04 9.995225e-01 9.997612e-02
5.595020e+03 4.755853e-04 9.995245e-01 9.997622e-02
5.595030e+03 4.735828e-04 9.995265e-01 9.997632e-02
5.595040e+03 4.715929e-04 9.995285e-01 9.997642e-02
5.595050e+03 4.696156e-04 9.995305e-01 9.997652e-02
5.595060e+03 4.676507e-04 9.995325e-01 9.997662e-02
5.595070e+03 4.656981e-04 9.995344e-01 9.997672e-02
5.595080e+03 4.637577e-04 9.995363e-01 9.997681e-02
5.595090e+03 4.618294e-04 9.995383e-01 9.997691e-02
5.595100e+03 4.599132e-04 9.995402e-01 9.997701e-02
5.595110e+03 4.580088e-04 9.995421e-01 9.997710e-02
5.595120e+03 4.561163e-04 9.995440e-01 9.997720e-02
5.595130e+03 4.542354e-04 9.995459e-01 9.997729e-02
5.595140e+03 4.523662e-04 9.995477e-01 9.997738e-02
5.595150e+03 4.505085e-04 9.995496e-01 9.997748e-02
5.595160e+03 4.486623e-04 9.995514e-01 9.997757e-02
5.595170e+03 4.468273e-04 9.995533e-01 9.997766e-02
5.595180e+03 4.450037e-04 9.995551e-01 9.997775e-02
5.595190e+03 4.431911e-04 9.995569e-01 9.997784e-02
5.595200e+03 4.413896e-04 9.995587e-01 9.997793e-02
5.595210e+03 4.395991e-04 9.995605e-01 9.997802e-02
5.595220e+03 4.378195e-04 9.995623e-01 9.997811e-02
5.595230e+03 4.360506e-04 9.995640e-01 9.997820e-02
5.595240e+03 4.342925e-04 9.995658e-01 9.997829e-02
5.595250e+03 4.325450e-04 9.995675e-01 9.997838e-02
5.595260e+03 4.308080e-04 9.995693e-01 9.997846e-02
5.595270e+03 4.290815e-04 9.995710e-01 9.997855e-02
5.595280e+03 4.273653e-04 9.995727e-01 9.997863e-02
5.595290e+03 4.256594e-04 9.995744e-01 9.997872e-02
5.595300e+03 4.239637e-04 9.995761e-01 9.997880e-02
5.595310e+03 4.222782e-04 9.995778e-01 9.997889e-02
5.595320e+03 4.206026e-04 9.995795e-01 9.997897e-02
5.595330e+03 4.189371e-04 9.995812e-01 9.997906e-02
5.595340e+03 4.172814e-04 9.995828e-01 9.997914e-02
5.595350e+03 4.156355e-04 9.995845e-01 9.997922e-02
5.595360e+03 4.139993e-04 9.995861e-01 9.997930e-02
5.595370e+03 4.123728e-04 9.995877e-01 9.997938e-02
5.595380e+03 4.107559e-04 9.995893e-01 9.997946e-02
5.595390e+03 4.091484e-04 9.995909e-01 9.997954e-02
5.595400e+03 4.075504e-04 9.995925e-01 9.997962e-02
5.595410e+03 4.059618e-04 9.995941e-01 9.997970e-02
5.595420e+03 0.000000e+00 1.000000e+00 1.000000e-01
5.595430e+03 0.000000e+00 1.000000e+00 1.000000e-01
5.595440e+03 0.000000e+00 1.000000e+00 1.000000e-01
5.595450e+03 0.000000e+00 1.000000e+00 1.000000e-01
5.595460e+03 0.000000e+00 1.000000e+00 1.000000e-01
5.595470e+03 0.000000e+00 1.000000e+00 1.000000e-01
5.595480e+03 0.000000e+00 1.000000e+00 1.000000e-01
5.595490e+03 0.000000e+00 1.000000e+00 1.000000e-01
5.595500e+03 0.000000e+00 1.000000e+00 1.000000e-01
5.595510e+03 0.000000e+00 1.000000e+00 1.000000e-01
5.595520e+03 0.000000e+00 1.000000e+00 1.000000e-01
5.595530e+03 0.000000e+00 1.000000e+00 1.000000e-01
5.595540e+03 0.000000e+00 1.000000e+00 1.000000e-01
5.595550e+03 0.000000e+00 1.000000e+00 1.000000e-01
5.595560e+03 0.000000e+00 1.000000e+00 1.000000e-01
5.595570e+03 0.000000e+00 1.000000e+00 1.000000e-01
5.595580e+03 0.000000e+00 1.000000e+00 1.000000e-01
5.595590e+03 0.000000e+00 1.000000e+00 1.000000e-01
5.595600e+03 0.000000e+00 1.000000e+00 1.000000e-01
5.595610e+03 0.000000e+00 1.000000e+00 1.000000e-01
5.595620e+03 0.000000e+00 1.000000e+00 1.000000e-01
5.595630e+03 0.000000e+00 1.000000e+00 1.000000e-01
5.595640e+03 0.000000e+00 1.000000e+00 1.000000e-01
5.595650e+03 0.000000e+00 1.000000e+00 1.000000e-01
5.595660e+03 0.000000e+00 1.000000e+00 1.000000e-01
5.595670e+03 0.000000e+00 1.000000e+00 1.000000e-01
5.595680e+03 0.000000e+00 1.000000e+00 1.000000e-01
5.595690e+03 0.000000e+00 1.000000e+00 1.000000e-01
5.595700e+03 0.000000e+00 1.000000e+00 1.000000e-01
5.595710e+03 0.000000e+00 1.000000e+00 1.000000e-01
5.595720e+03 0.000000e+00 1.000000e+00 1.000000e-01
5.595730e+03 0.000000e+00 1.000000e+00 1.000000e-01
5.595740e+03 0.000000e+00 1.000000e+00 1.000000e-01
5.595750e+03 0.000000e+00 1.000000e+00 1.000000e-01
5.595760e+03 0.000000e+00 1.000000e+00 1.000000e-01
5.595770e+03 0.000000e+00 1.000000e+00 1.000000e-01
5.595780e+03 0.000000e+00 1.000000e+00 1.000000e-01
5.595790e+03 0.000000e+00 1.000000e+00 1.000000e-01
5.595800e+03 0.000000e+00 1.000000e+00 1.000000e-01
5.595810e+03 0.000000e+00 1.000000e+00 1.000000e-01
5.595820e+03 0.000000e+00 1.000000e+00 1.000000e-01
5.595830e+03 0.000000e+00 1.000000e+00 1.000000e-01
5.595840e+03 0.000000e+00 1.000000e+00 1.000000e-01
5.595850e+03 0.000000e+00 1.000000e+00 1.000000e-01
5.595860e+03 0.000000e+00 1.000000e+00 1.000000e-01
5.595870e+03 0.000000e+00 1.000000e+00 1.000000e-01
5.595880e+03 0.000000e+00 1.000000e+00 1.000000e-01
5.595890e+03 0.000000e+00 1.000000e+00 1.000000e-01
5.595900e+03 0.000000e+00 1.000000e+00 1.000000e-01
5.595910e+03 0.000000e+00 1.000000e+00 1.000000e-01
5.595920e+03 0.000000e+00 1.000000e+00 1.000000e-01
5.595930e+03 0.000000e+00 1.000000e+00 1.000000e-01
5.595940e+03 0.000000e+00 1.000000e+00 1.000000e-01
5.595950e+03 0.000000e+00 1.000000e+00 1.000000e-01
5.595960e+03 0.000000e+00 1.000000e+00 1.000000e-01
5.595970e+03 0.000000e+00 1.000000e+00 1.000000e-01
5.595980e+03 0.000000e+00 1.000000e+00 1.000000e-01
5.595990e+03 0.000000e+00 1.000000e+00 1.000000e-01
5.596000e+03 0.000000e+00 1.000000e+00 1.000000e-01
5.596010e+03 0.000000e+00 1.000000e+00 1.000000e-01
5.596020e+03 0.000000e+00 1.000000e+00 1.000000e-01
5.596030e+03 0.000000e+00 1.000000e+00 1.000000e-01
5.596040e+03 0.000000e+00 1.000000e+00 1.000000e-01
5.596050e+03 0.000000e+00 1.000000e+00 1.000000e-01
5.596060e+03 0.000000e+00 1.000000e+00 1.000000e-01
5.596070e+03 0.000000e+00 1.000000e+00 1.000000e-01
5.596080e+03 0.000000e+00 1.000000e+00 1.000000e-01
5.596090e+03 0.000000e+00 1.000000e+00 1.000000e-01
5.596100e+03 0.000000e+00 1.000000e+00 1.000000e-01
5.596110e+03 0.000000e+00 1.000000e+00 1.000000e-01
5.596120e+03 0.000000e+00 1.000000e+00 1.000000e-01
5.596130e+03 0.000000e+00 1.000000e+00 1.000000e-01
5.596140e+03 0.000000e+00 1.000000e+00 1.000000e-01
5.596150e+03 0.000000e+00 1.000000e+00 1.000000e-01
5.596160e+03 0.000000e+00 1.000000e+00 1.000000e-01
5.596170e+03 0.000000e+00 1.000000e+00 1.000000e-01
5.596180e+03 0.000000e+00 1.000000e+00 1.000000e-01
5.596190e+03 0.000000e+00 1.000000e+00 1.000000e-01
5.596200e+03 0.000000e+00 1.000000e+00 1.000000e-01
5.596210e+03 0.000000e+00 1.000000e+00 1.000000e-01
5.596220e+03 0.000000e+00 1.000000e+00 1.000000e-01
5.596230e+03 0.000000e+00 1.000000e+00 1.000000e-01
5.596240e+03 0.000000e+00 1.000000e+00 1.000000e-01
5.596250e+03 0.000000e+00 1.000000e+00 1.000000e-01
5.596260e+03 0.000000e+00 1.000000e+00 1.000000e-01
5.596270e+03 0.000000e+00 1.000000e+00 1.000000e-01
5.596280e+03 0.000000e+00 1.000000e+00 1.000000e-01
5.596290e+03 0.000000e+00 1.000000e+00 1.000000e-01
5.596300e+03 0.000000e+00 1.000000e+00 1.000000e-01
5.596310e+03 0.000000e+00 1.000000e+00 1.000000e-01
5.596320e+03 0.000000e+00 1.000000e+00 1.000000e-01
5.596330e+03 0.000000e+00 1.000000e+00 1.000000e-01
5.596340e+03 0.000000e+00 1.000000e+00 1.000000e-01
5.596350e+03 0.000000e+00 1.000000e+00 1.000000e-01
5.596360e+03 0.000000e+00 1.000000e+00 1.000000e-01
5.596370e+03 0.000000e+00 1.000000e+00 1.000000e-01
5.596380e+03 0.000000e+00 1.000000e+00 1.000000e-01
5.596390e+03 0.000000e+00 1.000000e+00 1.000000e-01
5.596400e+03 0.000000e+00 1.000000e+00 1.000000e-01
5.596410e+03 0.000000e+00 1.000000e+00 1.000000e-01
5.596420e+03 0.000000e+00 1.000000e+00 1.000000e-01
5.596430e+03 0.000000e+00 1.000000e+00 1.000000e-01
5.596440e+03 0.000000e+00 1.000000e+00 1.000000e-01
5.596450e+03 0.000000e+00 1.000000e+00 1.000000e-01
5.596460e+03 0.000000e+00 1.000000e+00 1.000000e-01
5.596470e+03 0.000000e+00 1.000000e+00 1.000000e-01
5.596480e+03 0.000000e+00 1.000000e+00 1.000000e-01
5.596490e+03 0.000000e+00 1.000000e+00 1.000000e-01
5.596500e+03 0.000000e+00 1.000000e+00 1.000000e-01
5.596510e+03 0.000000e+00 1.000000e+00 1.000000e-01
5.596520e+03 0.000000e+00 1.000000e+00 1.000000e-01
5.596530e+03 0.000000e+00 1.000000e+00 1.000000e-01
5.596540e+03 0.000000e+00 1.000000e+00 1.000000e-01
5.596550e+03 0.000000e+00 1.000000e+00 1.000000e-01
5.596560e+03 0.000000e+00 1.000000e+00 1.000000e-01
5.596570e+03 0.000000e+00 1.000000e+00 1.000000e-01
5.596580e+03 0.000000e+00 1.000000e+00 1.000000e-01
5.596590e+03 0.000000e+00 1.000000e+00 1.000000e-01
5.596600e+03 0.000000e+00 1.000000e+00 1.000000e-01
5.596610e+03 0.000000e+00 1.000000e+00 1.000000e-01
5.596620e+03 0.000000e+00 1.000000e+00 1.000000e-01
5.596630e+03 0.000000e+00 1.000000e+00 1.000000e-01
5.596640e+03 0.000000e+00 1.000000e+00 1.000000e-01
5.596650e+03 0.000000e+00 1.000000e+00 1.000000e-01
5.596660e+03 0.000000e+00 1.000000e+00 1.000000e-01
5.596670e+03 0.000000e+00 1.000000e+00 1.000000e-01
5.596680e+03 0.000000e+00 1.000000e+00 1.000000e-01
5.596690e+03 0.000000e+00 1.000000e+00 1.000000e-01
5.596700e+03 0.000000e+00 1.000000e+00 1.000000e-01
5.596710e+03 0.000000e+00 1.000000e+00 1.000000e-01
5.596720e+03 0.000000e+00 1.000000e+00 1.000000e-01
5.596730e+03 0.000000e+00 1.000000e+00 1.000000e-01
5.596740e+03 0.000000e+00 1.000000e+00 1.000000e-01
5.596750e+03 0.000000e+00 1.000000e+00 1.000000e-01
5.596760e+03 0.000000e+00 1.000000e+00 1.000000e-01
5.596770e+03 0.000000e+00 1.000000e+00 1.000000e-01
5.596780e+03 0.000000e+00 1.000000e+00 1.000000e-01
5.596790e+03 0.000000e+00 1.000000e+00 1.000000e-01
5.596800e+03 0.000000e+00 1.000000e+00 1.000000e-01
5.596810e+03 0.000000e+00 1.000000e+00 1.000000e-01
5.596820e+03 0.000000e+00 1.000000e+00 1.000000e-01
5.596830e+03 0.000000e+00 1.000000e+00 1.000000e-01
5.596840e+03 0.000000e+00 1.000000e+00 1.000000e-01
5.596850e+03 0.000000e+00 1.000000e+00 1.000000e-01
5.596860e+03 0.000000e+00 1.000000e+00 1.000000e-01
5.596870e+03 0.000000e+00 1.000000e+00 1.000000e-01
5.596880e+03 0.000000e+00 1.000000e+00 1.000000e-01
5.596890e+03 0.000000e+00 1.000000e+00 1.000000e-01
5.596900e+03 0.000000e+00 1.000000e+00 1.000000e-01
5.596910e+03 0.000000e+00 1.000000e+00 1.000000e-01
5.596920e+03 0.000000e+00 1.000000e+00 1.000000e-01
5.596930e+03 0.000000e+00 1.000000e+00 1.000000e-01
5.596940e+03 0.000000e+00 1.000000e+00 1.000000e-01
5.596950e+03 0.000000e+00 1.000000e+00 1.000000e-01
5.596960e+03 0.000000e+00 1.000000e+00 1.000000e-01
5.596970e+03 0.000000e+00 1.000000e+00 1.000000e-01
5.596980e+03 0.000000e+00 1.000000e+00 1.000000e-01
5.596990e+03 0.000000e+00 1.000000e+00 1.000000e-01
5.597000e+03 0.000000e+00 1.000000e+00 1.000000e-01
5.597010e+03 0.000000e+00 1.000000e+00 1.000000e-01
5.597020e+03 0.000000e+00 1.000000e+00 1.000000e-01
5.597030e+03 0.000000e+00 1.000000e+00 1.000000e-01
5.597040e+03 0.000000e+00 1.000000e+00 1.000000e-01
5.597050e+03 0.000000e+00 1.000000e+00 1.000000e-01
5.597060e+03 0.000000e+00 1.000000e+00 1.000000e-01
5.597070e+03 0.000000e+00 1.000000e+00 1.000000e-01
5.597080e+03 0.000000e+00 1.000000e+00 1.000000e-01
5.597090e+03 0.000000e+00 1.000000e+00 1.000000e-01
5.597100e+03 0.000000e+00 1.000000e+00 1.000000e-01
5.597110e+03 0.000000e+00 1.000000e+00 1.000000e-01
5.597120e+03 0.000000e+00 1.000000e+00 1.000000e-01
5.597130e+03 0.000000e+00 1.000000e+00 1.000000e-01
5.597140e+03 0.000000e+00 1.000000e+00 1.000000e-01
5.597150e+03 0.000000e+00 1.000000e+00 1.000000e-01
5.597160e+03 0.000000e+00 1.000000e+00 1.000000e-01
5.597170e+03 0.000000e+00 1.000000e+00 1.000000e-01
5.597180e+03 0.000000e+00 1.000000e+00 1.000000e-01
5.597190e+03 0.000000e+00 1.000000e+00 1.000000e-01
5.597200e+03 0.000000e+00 1.000000e+00 1.000000e-01
5.597210e+03 0.000000e+00 1.000000e+00 1.000000e-01
5.597220e+03 0.000000e+00 1.000000e+00 1.000000e-01
5.597230e+03 0.000000e+00 1.000000e+00 1.000000e-01
5.597240e+03 0.000000e+00 1.000000e+00 1.000000e-01
5.597250e+03 0.000000e+00 1.000000e+00 1.000000e-01
5.597260e+03 0.000000e+00 1.000000e+00 1.000000e-01
5.597270e+03 0.000000e+00 1.000000e+00 1.000000e-01
5.597280e+03 0.000000e+00 1.000000e+00 1.000000e-01
5.597290e+03 0.000000e+00 1.000000e+00 1.000000e-01
5.597300e+03 0.000000e+00 1.000000e+00 1.000000e-01
5.597310e+03 0.000000e+00 1.000000e+00 1.000000e-01
5.597320e+03 0.000000e+00 1.000000e+00 1.000000e-01
5.597330e+03 0.000000e+00 1.000000e+00 1.000000e-01
5.597340e+03 0.000000e+00 1.000000e+00 1.000000e-01
5.597350e+03 0.000000e+00 1.000000e+00 1.000000e-01
5.597360e+03 0.000000e+00 1.000000e+00 1.000000e-01
5.597370e+03 0.000000e+00 1.000000e+00 1.000000e-01
5.597380e+03 0.000000e+00 1.000000e+00 1.000000e-01
5.597390e+03 0.000000e+00 1.000000e+00 1.000000e-01
5.597400e+03 0.000000e+00 1.000000e+00 1.000000e-01
5.597410e+03 0.000000e+00 1.000000e+00 1.000000e-01
5.597420e+03 0.000000e+00 1.000000e+00 1.000000e-01
5.597430e+03 0.000000e+00 1.000000e+00 1.000000e-01
5.597440e+03 0.000000e+00 1.000000e+00 1.000000e-01
5.597450e+03 0.000000e+00 1.000000e+00 1.000000e-01
5.597460e+03 0.000000e+00 1.000000e+00 1.000000e-01
5.597470e+03 0.000000e+00 1.000000e+00 1.000000e-01
5.597480e+03 0.000000e+00 1.000000e+00 1.000000e-01
5.597490e+03 0.000000e+00 1.000000e+00 1.000000e-01
5.597500e+03 0.000000e+00 1.000000e+00 1.000000e-01
5.597510e+03 0.000000e+00 1.000000e+00 1.000000e-01
5.597520e+03 0.000000e+00 1.000000e+00 1.000000e-01
5.597530e+03 0.000000e+00 1.000000e+00 1.000000e-01
5.597540e+03 0.000000e+00 1.000000e+00 1.000000e-01
5.597550e+03 0.000000e+00 1.000000e+00 1.000000e-01
5.597560e+03 0.000000e+00 1.000000e+00 1.000000e-01
5.597570e+03 0.000000e+00 1.000000e+00 1.000000e-01
5.597580e+03 0.000000e+00 1.000000e+00 1.000000e-01
5.597590e+03 0.000000e+00 1.000000e+00 1.000000e-01
5.597600e+03 0.000000e+00 1.000000e+00 1.000000e-01
5.597610e+03 0.000000e+00 1.000000e+00 1.000000e-01
5.597620e+03 0.000000e+00 1.000000e+00 1.000000e-01
5.597630e+03 0.000000e+00 1.000000e+00 1.000000e-01
5.597640e+03 0.000000e+00 1.000000e+00 1.000000e-01
5.597650e+03 0.000000e+00 1.000000e+00 1.000000e-01
5.597660e+03 0.000000e+00 1.000000e+00 1.000000e-01
5.597670e+03 0.000000e+00 1.000000e+00 1.000000e-01
5.597680e+03 0.000000e+00 1.000000e+00 1.000000e-01
5.597690e+03 0.000000e+00 1.000000e+00 1.000000e-01
5.597700e+03 0.000000e+00 1.000000e+00 1.000000e-01
5.597710e+03 0.000000e+00 1.000000e+00 1.000000e-01
5.597720e+03 0.000000e+00 1.000000e+00 1.000000e-01
5.597730e+03 0.000000e+00 1.000000e+00 1.000000e-01
5.597740e+03 0.000000e+00 1.000000e+00 1.000000e-01
5.597750e+03 0.000000e+00 1.000000e+00 1.000000e-01
5.597760e+03 0.000000e+00 1.000000e+00 1.000000e-01
5.597770e+03 0.000000e+00 1.000000e+00 1.000000e-01
5.597780e+03 0.000000e+00 1.000000e+00 1.000000e-01
5.597790e+03 0.000000e+00 1.000000e+00 1.000000e-01
5.597800e+03 0.000000e+00 1.000000e+00 1.000000e-01
5.597810e+03 0.000000e+00 1.000000e+00 1.000000e-01
5.597820e+03 0.000000e+00 1.000000e+00 1.000000e-01
5.597830e+03 0.000000e+00 1.000000e+00 1.000000e-01
5.597840e+03 0.000000e+00 1.000000e+00 1.000000e-01
5.597850e+03 0.000000e+00 1.000000e+00 1.000000e-01
5.597860e+03 0.000000e+00 1.000000e+00 1.000000e-01
5.597870e+03 0.000000e+00 1.000000e+00 1.000000e-01
5.597880e+03 0.000000e+00 1.000000e+00 1.000000e-01
5.597890e+03 0.000000e+00 1.000000e+00 1.000000e-01
5.597900e+03 0.000000e+00 1.000000e+00 1.000000e-01
5.597910e+03 0.000000e+00 1.000000e+00 1.000000e-01
5.597920e+03 0.000000e+00 1.000000e+00 1.000000e-01
5.597930e+03 0.000000e+00 1.000000e+00 1.000000e-01
5.597940e+03 0.000000e+00 1.000000e+00 1.000000e-01
5.597950e+03 0.000000e+00 1.000000e+00 1.000000e-01
5.597960e+03 0.000000e+00 1.000000e+00 1.000000e-01
5.597970e+03 0.000000e+00 1.000000e+00 1.000000e-01
5.597980e+03 0.000000e+00 1.000000e+00 1.000000e-01
5.597990e+03 0.000000e+00 1.000000e+00 1.000000e-01
5.598000e+03 0.000000e+00 1.000000e+00 1.000000e-01
5.598010e+03 0.000000e+00 1.000000e+00 1.000000e-01
5.598020e+03 0.000000e+00 1.000000e+00 1.000000e-01
5.598030e+03 0.000000e+00 1.000000e+00 1.000000e-01
5.598040e+03 0.000000e+00 1.000000e+00 1.000000e-01
5.598050e+03 0.000000e+00 1.000000e+00 1.000000e-01
5.598060e+03 0.000000e+00 1.000000e+00 1.000000e-01
5.598070e+03 0.000000e+00 1.000000e+00 1.000000e-01
5.598080e+03 0.000000e+00 1.000000e+00 1.000000e-01
5.598090e+03 0.000000e+00 1.000000e+00 1.000000e-01
5.598100e+03 0.000000e+00 1.000000e+00 1.000000e-01
5.598110e+03 0.000000e+00 1.000000e+00 1.000000e-01
5.598120e+03 0.000000e+00 1.000000e+00 1.000000e-01
5.598130e+03 0.000000e+00 1.000000e+00 1.000000e-01
5.598140e+03 0.000000e+00 1.000000e+00 1.000000e-01
5.598150e+03 0.000000e+00 1.000000e+00 1.000000e-01
5.598160e+03 0.000000e+00 1.000000e+00 1.000000e-01
5.598170e+03 0.000000e+00 1.000000e+00 1.000000e-01
5.598180e+03 0.000000e+00 1.000000e+00 1.000000e-01
5.598190e+03 0.000000e+00 1.000000e+00 1.000000e-01
5.598200e+03 0.000000e+00 1.000000e+00 1.000000e-01
5.598210e+03 0.000000e+00 1.000000e+00 1.000000e-01
5.598220e+03 0.000000e+00 1.000000e+00 1.000000e-01
5.598230e+03 0.000000e+00 1.000000e+00 1.000000e-01
5.598240e+03 0.000000e+00 1.000000e+00 1.000000e-01
5.598250e+03 0.000000e+00 1.000000e+00 1.000000e-01
5.598260e+03 0.000000e+00 1.000000e+00 1.000000e-01
5.598270e+03 0.000000e+00 1.000000e+00 1.000000e-01
5.598280e+03 0.000000e+00 1.000000e+00 1.000000e-01
5.598290e+03 0.000000e+00 1.000000e+00 1.000000e-01
5.598300e+03 0.000000e+00 1.000000e+00 1.000000e-01
5.598310e+03 0.000000e+00 1.000000e+00 1.000000e-01
5.598320e+03 0.000000e+00 1.000000e+00 1.000000e-01
5.598330e+03 0.000000e+00 1.000000e+00 1.000000e-01
5.598340e+03 0.000000e+00 1.000000e+00 1.000000e-01
5.598350e+03 0.000000e+00 1.000000e+00 1.000000e-01
5.598360e+03 0.000000e+00 1.000000e+00 1.000000e-01
5.598370e+03 0.000000e+00 1.000000e+00 1.000000e-01
5.598380e+03 0.000000e+00 1.000000e+00 1.000000e-01
5.598390e+03 0.000000e+00 1.000000e+00 1.000000e-01
5.598400e+03 0.000000e+00 1.000000e+00 1.000000e-01
5.598410e+03 0.000000e+00 1.000000e+00 1.000000e-01
5.598420e+03 0.000000e+00 1.000000e+00 1.000000e-01
5.598430e+03 0.000000e+00 1.000000e+00 1.000000e-01
5.598440e+03 0.000000e+00 1.000000e+00 1.000000e-01
5.598450e+03 0.000000e+00 1.000000e+00 1.000000e-01
5.598460e+03 0.000000e+00 1.000000e+00 1.000000e-01
5.598470e+03 0.000000e+00 1.000000e+00 1.000000e-01
5.598480e+03 0.000000e+00 1.000000e+00 1.000000e-01
5.598490e+03 0.000000e+00 1.000000e+00 1.000000e-01
5.598500e+03 0.000000e+00 1.000000e+00 1.000000e-01
5.598510e+03 0.000000e+00 1.000000e+00 1.000000e-01
5.598520e+03 0.000000e+00 1.000000e+00 1.000000e-01
5.598530e+03 0.000000e+00 1.000000e+00 1.000000e-01
5.598540e+03 0.000000e+00 1.000000e+00 1.000000e-01
5.598550e+03 0.000000e+00 1.000000e+00 1.000000e-01
5.598560e+03 0.000000e+00 1.000000e+00 1.000000e-01
5.598570e+03 0.000000e+00 1.000000e+00 1.000000e-01
5.598580e+03 0.000000e+00 1.000000e+00 1.000000e-01
5.598590e+03 0.000000e+00 1.000000e+00 1.000000e-01
5.598600e+03 0.000000e+00 1.000000e+00 1.000000e-01
5.598610e+03 0.000000e+00 1.000000e+00 1.000000e-01
5.598620e+03 0.000000e+00 1.000000e+00 1.000000e-01
5.598630e+03 0.000000e+00 1.000000e+00 1.000000e-01
5.598640e+03 0.000000e+00 1.000000e+00 1.000000e-01
5.598650e+03 0.000000e+00 1.000000e+00 1.000000e-01
5.598660e+03 0.000000e+00 1.000000e+00 1.000000e-01
5.598670e+03 0.000000e+00 1.000000e+00 1.000000e-01
5.598680e+03 0.000000e+00 1.000000e+00 1.000000e-01
5.598690e+03 0.000000e+00 1.000000e+00 1.000000e-01
5.598700e+03 0.000000e+00 1.000000e+00 1.000000e-01
5.598710e+03 0.000000e+00 1.000000e+00 1.000000e-01
5.598720e+03 0.000000e+00 1.000000e+00 1.000000e-01
5.598730e+03 0.000000e+00 1.000000e+00 1.000000e-01
5.598740e+03 0.000000e+00 1.000000e+00 1.000000e-01
5.598750e+03 0.000000e+00 1.000000e+00 1.000000e-01
5.598760e+03 0.000000e+00 1.000000e+00 1.000000e-01
5.598770e+03 0.000000e+00 1.000000e+00 1.000000e-01
5.598780e+03 0.000000e+00 1.000000e+00 1.000000e-01
5.598790e+03 0.000000e+00 1.000000e+00 1.000000e-01
5.598800e+03 0.000000e+00 1.000000e+00 1.000000e-01
5.598810e+03 0.000000e+00 1.000000e+00 1.000000e-01
5.598820e+03 0.000000e+00 1.000000e+00 1.000000e-01
5.598830e+03 0.000000e+00 1.000000e+00 1.000000e-01
5.598840e+03 0.000000e+00 1.000000e+00 1.000000e-01
5.598850e+03 0.000000e+00 1.000000e+00 1.000000e-01
5.598860e+03 0.000000e+00 1.000000e+00 1.000000e-01
5.598870e+03 0.000000e+00 1.000000e+00 1.000000e-01
5.598880e+03 0.000000e+00 1.000000e+00 1.000000e-01
5.598890e+03 0.000000e+00 1.000000e+00 1.000000e-01
5.598900e+03 0.000000e+00 1.000000e+00 1.000000e-01
5.598910e+03 0.000000e+00 1.000000e+00 1.000000e-01
5.598920e+03 0.000000e+00 1.000000e+00 1.000000e-01
5.598930e+03 0.000000e+00 1.000000e+00 1.000000e-01
5.598940e+03 0.000000e+00 1.000000e+00 1.000000e-01
5.598950e+03 0.000000e+00 1.000000e+00 1.000000e-01
5.598960e+03 0.000000e+00 1.000000e+00 1.000000e-01
5.598970e+03 0.000000e+00 1.000000e+00 1.000000e-01
5.598980e+03 0.000000e+00 1.000000e+00 1.000000e-01
5.598990e+03 0.000000e+00 1.000000e+00 1.000000e-01
5.599000e+03 0.000000e+00 1.000000e+00 1.000000e-01
5.599010e+03 0.000000e+00 1.000000e+00 1.000000e-01
5.599020e+03 0.000000e+00 1.000000e+00 1.000000e-01
5.599030e+03 0.000000e+00 1.000000e+00 1.000000e-01
5.599040e+03 0.000000e+00 1.000000e+00 1.000000e-01
5.599050e+03 0.000000e+00 1.000000e+00 1.000000e-01
5.599060e+03 0.000000e+00 1.000000e+00 1.000000e-01
5.599070e+03 0.000000e+00 1.000000e+00 1.000000e-01
5.599080e+03 0.000000e+00 1.000000e+00 1.000000e-01
5.599090e+03 0.000000e+00 1.000000e+00 1.000000e-01
5.599100e+03 0.000000e+00 1.000000e+00 1.000000e-01
5.599110e+03 0.000000e+00 1.000000e+00 1.000000e-01
5.599120e+03 0.000000e+00 1.000000e+00 1.000000e-01
5.599130e+03 0.000000e+00 1.000000e+00 1.000000e-01
5.599140e+03 0.000000e+00 1.000000e+00 1.000000e-01
5.599150e+03 0.000000e+00 1.000000e+00 1.000000e-01
5.599160e+03 0.000000e+00 1.000000e+00 1.000000e-01
5.599170e+03 0.000000e+00 1.000000e+00 1.000000e-01
5.599180e+03 0.000000e+00 1.000000e+00 1.000000e-01
5.599190e+03 0.000000e+00 1.000000e+00 1.000000e-01
5.599200e+03 0.000000e+00 1.000000e+00 1.000000e-01
5.599210e+03 0.000000e+00 1.000000e+00 1.000000e-01
5.599220e+03 0.000000e+00 1.000000e+00 1.000000e-01
5.599230e+03 0.000000e+00 1.000000e+00 1.000000e-01
5.599240e+03 0.000000e+00 1.000000e+00 1.000000e-01
5.599250e+03 0.000000e+00 1.000000e+00 1.000000e-01
5.599260e+03 0.000000e+00 1.000000e+00 1.000000e-01
5.599270e+03 0.000000e+00 1.000000e+00 1.000000e-01
5.599280e+03 0.000000e+00 1.000000e+00 1.000000e-01
5.599290e+03 0.000000e+00 1.000000e+00 1.000000e-01
5.599300e+03 0.000000e+00 1.000000e+00 1.000000e-01
5.599310e+03 0.000000e+00 1.000000e+00 1.000000e-01
5.599320e+03 0.000000e+00 1.000000e+00 1.000000e-01
5.599330e+03 0.000000e+00 1.000000e+00 1.000000e-01
5.599340e+03 0.000000e+00 1.000000e+00 1.000000e-01
5.599350e+03 0.000000e+00 1.000000e+00 1.000000e-01
5.599360e+03 0.000000e+00 1.000000e+00 1.000000e-01
5.599370e+03 0.000000e+00 1.000000e+00 1.000000e-01
5.599380e+03 0.000000e+00 1.000000e+00 1.000000e-01
5.599390e+03 0.000000e+00 1.000000e+00 1.000000e-01
5.599400e+03 0.000000e+00 1.000000e+00 1.000000e-01
5.599410e+03 0.000000e+00 1.000000e+00 1.000000e-01
5.599420e+03 0.000000e+00 1.000000e+00 1.000000e-01
5.599430e+03 0.000000e+00 1.000000e+00 1.000000e-01
5.599440e+03 0.000000e+00 1.000000e+00 1.000000e-01
5.599450e+03 0.000000e+00 1.000000e+00 1.000000e-01
5.599460e+03 0.000000e+00 1.000000e+00 1.000000e-01
5.599470e+03 0.000000e+00 1.000000e+00 1.000000e-01
5.599480e+03 0.000000e+00 1.000000e+00 1.000000e-01
5.599490e+03 0.000000e+00 1.000000e+00 1.000000e-01
5.599500e+03 0.000000e+00 1.000000e+00 1.000000e-01
5.599510e+03 0.000000e+00 1.000000e+00 1.000000e-01
5.599520e+03 0.000000e+00 1.000000e+00 1.000000e-01
5.599530e+03 0.000000e+00 1.000000e+00 1.000000e-01
5.599540e+03 0.000000e+00 1.000000e+00 1.000000e-01
5.599550e+03 0.000000e+00 1.000000e+00 1.000000e-01
5.599560e+03 0.000000e+00 1.000000e+00 1.000000e-01
5.599570e+03 0.000000e+00 1.000000e+00 1.000000e-01
5.599580e+03 0.000000e+00 1.000000e+00 1.000000e-01
5.599590e+03 0.000000e+00 1.000000e+00 1.000000e-01
5.599600e+03 0.000000e+00 1.000000e+00 1.000000e-01
5.599610e+03 0.000000e+00 1.000000e+00 1.000000e-01
5.599620e+03 0.000000e+00 1.000000e+00 1.000000e-01
5.599630e+03 0.000000e+00 1.000000e+00 1.000000e-01
5.599640e+03 0.000000e+00 1.000000e+00 1.000000e-01
5.599650e+03 0.000000e+00 1.000000e+00 1.000000e-01
5.599660e+03 0.000000e+00 1.000000e+00 1.000000e-01
5.599670e+03 0.000000e+00 1.000000e+00 1.000000e-01
5.599680e+03 0.000000e+00 1.000000e+00 1.000000e-01
5.599690e+03 0.000000e+00 1.000000e+00 1.000000e-01
5.599700e+03 0.000000e+00 1.000000e+00 1.000000e-01
5.599710e+03 0.000000e+00 1.000000e+00 1.000000e-01
5.599720e+03 0.000000e+00 1.000000e+00 1.000000e-01
5.599730e+03 0.000000e+00 1.000000e+00 1.000000e-01
5.599740e+03 0.000000e+00 1.000000e+00 1.000000e-01
5.599750e+03 0.000000e+00 1.000000e+00 1.000000e-01
5.599760e+03 0.000000e+00 1.000000e+00 1.000000e-01
5.599770e+03 0.000000e+00 1.000000e+00 1.000000e-01
5.599780e+03 0.000000e+00 1.000000e+00 1.000000e-01
5.599790e+03 0.000000e+00 1.000000e+00 1.000000e-01
5.599800e+03 0.000000e+00 1.000000e+00 1.000000e-01
5.599810e+03 0.000000e+00 1.000000e+00 1.000000e-01
5.599820e+03 0.000000e+00 1.000000e+00 1.000000e-01
5.599830e+03 0.000000e+00 1.000000e+00 1.000000e-01
5.599840e+03 0.000000e+00 1.000000e+00 1.000000e-01
5.599850e+03 0.000000e+00 1.000000e+00 1.000000e-01
5.599860e+03 0.000000e+00 1.000000e+00 1.000000e-01
5.599870e+03 0.000000e+00 1.000000e+00 1.000000e-01
5.599880e+03 0.000000e+00 1.000000e+00 1.000000e-01
5.599890e+03 0.000000e+00 1.000000e+00 1.000000e-01
5.599900e+03 0.000000e+00 1.000000e+00 1.000000e-01
5.599910e+03 0.000000e+00 1.000000e+00 1.000000e-01
5.599920e+03 0.000000e+00 1.000000e+00 1.000000e-01
5.599930e+03 0.000000e+00 1.000000e+00 1.000000e-01
5.599940e+03 0.000000e+00 1.000000e+00 1.000000e-01
5.599950e+03 0.000000e+00 1.000000e+00 1.000000e-01
5.599960e+03 0.000000e+00 1.000000e+00 1.000000e-01
5.599970e+03 0.000000e+00 1.000000e+00 1.000000e-01
5.599980e+03 0.000000e+00 1.000000e+00 1.000000e-01
5.599990e+03 0.000000e+00 1.000000e+00 1.000000e-01
5.600000e+03 0.000000e+00 1.000000e+00 1.000000e-01
5.600010e+03 0.000000e+00 1.000000e+00 1.000000e-01
5.600020e+03 0.000000e+00 1.000000e+00 1.000000e-01
5.600030e+03 0.000000e+00 1.000000e+00 1.000000e-01
5.600040e+03 0.000000e+00 1.000000e+00 1.000000e-01
5.600050e+03 0.000000e+00 1.000000e+00 1.000000e-01
5.600060e+03 0.000000e+00 1.000000e+00 1.000000e-01
5.600070e+03 0.000000e+00 1.000000e+00 1.000000e-01
5.600080e+03 0.000000e+00 1.000000e+00 1.000000e-01
5.600090e+03 0.000000e+00 1.000000e+00 1.000000e-01
5.600100e+03 0.000000e+00 1.000000e+00 1.000000e-01
5.600110e+03 0.000000e+00 1.000000e+00 1.000000e-01
5.600120e+03 0.000000e+00 1.000000e+00 1.000000e-01
5.600130e+03 0.000000e+00 1.000000e+00 1.000000e-01
5.600140e+03 0.000000e+00 1.000000e+00 1.000000e-01
5.600150e+03 0.000000e+00 1.000000e+00 1.000000e-01
5.600160e+03 0.000000e+00 1.000000e+00 1.000000e-01
5.600170e+03 0.000000e+00 1.000000e+00 1.000000e-01
5.600180e+03 0.000000e+00 1.000000e+00 1.000000e-01
5.600190e+03 0.000000e+00 1.000000e+00 1.000000e-01
5.600200e+03 0.000000e+00 1.000000e+00 1.000000e-01
5.600210e+03 0.000000e+00 1.000000e+00 1.000000e-01
5.600220e+03 0.000000e+00 1.000000e+00 1.000000e-01
5.600230e+03 0.000000e+00 1.000000e+00 1.000000e-01
5.600240e+03 0.000000e+00 1.000000e+00 1.000000e-01
5.600250e+03 0.000000e+00 1.000000e+00 1.000000e-01
5.600260e+03 0.000000e+00 1.000000e+00 1.000000e-01
5.600270e+03 0.000000e+00 1.000000e+00 1.000000e-01
5.600280e+03 0.000000e+00 1.000000e+00 1.000000e-01
5.600290e+03 0.000000e+00 1.000000e+00 1.000000e-01
5.600300e+03 0.000000e+00 1.000000e+00 1.000000e-01
5.600310e+03 0.000000e+00 1.000000e+00 1.000000e-01
5.600320e+03 0.000000e+00 1.000000e+00 1.000000e-01
5.600330e+03 0.000000e+00 1.000000e+00 1.000000e-01
5.600340e+03 0.000000e+00 1.000000e+00 1.000000e-01
5.600350e+03 0.000000e+00 1.000000e+00 1.000000e-01
5.600360e+03 0.000000e+00 1.000000e+00 1.000000e-01
5.600370e+03 0.000000e+00 1.000000e+00 1.000000e-01
5.600380e+03 0.000000e+00 1.000000e+00 1.000000e-01
5.600390e+03 0.000000e+00 1.000000e+00 1.000000e-01
5.600400e+03 0.000000e+00 1.000000e+00 1.000000e-01
5.600410e+03 0.000000e+00 1.000000e+00 1.000000e-01
5.600420e+03 0.000000e+00 1.000000e+00 1.000000e-01
5.600430e+03 0.000000e+00 1.000000e+00 1.000000e-01
5.600440e+03 0.000000e+00 1.000000e+00 1.000000e-01
5.600450e+03 0.000000e+00 1.000000e+00 1.000000e-01
5.600460e+03 0.000000e+00 1.000000e+00 1.000000e-01
5.600470e+03 0.000000e+00 1.000000e+00 1.000000e-01
5.600480e+03 0.000000e+00 1.000000e+00 1.000000e-01
5.600490e+03 0.000000e+00 1.000000e+00 1.000000e-01
5.600500e+03 0.000000e+00 1.000000e+00 1.000000e-01
5.600510e+03 0.000000e+00 1.000000e+00 1.000000e-01
5.600520e+03 0.000000e+00 1.000000e+00 1.000000e-01
5.600530e+03 0.000000e+00 1.000000e+00 1.000000e-01
5.600540e+03 0.000000e+00 1.000000e+00 1.000000e-01
5.600550e+03 0.000000e+00 1.000000e+00 1.000000e-01
5.600560e+03 0.000000e+00 1.000000e+00 1.000000e-01
5.600570e+03 0.000000e+00 1.000000e+00 1.000000e-01
5.600580e+03 0.000000e+00 1.000000e+00 1.000000e-01
5.600590e+03 0.000000e+00 1.000000e+00 1.000000e-01
5.600600e+03 0.000000e+00 1.000000e+00 1.000000e-01
5.600610e+03 0.000000e+00 1.000000e+00 1.000000e-01
5.600620e+03 0.000000e+00 1.000000e+00 1.000000e-01
5.600630e+03 0.000000e+00 1.000000e+00 1.000000e-01
5.600640e+03 0.000000e+00 1.000000e+00 1.000000e-01
5.600650e+03 0.000000e+00 1.000000e+00 1.000000e-01
5.600660e+03 0.000000e+00 1.000000e+00 1.000000e-01
5.600670e+03 0.000000e+00 1.000000e+00 1.000000e-01
5.600680e+03 0.000000e+00 1.000000e+00 1.000000e-01
5.600690e+03 0.000000e+00 1.000000e+00 1.000000e-01
5.600700e+03 0.000000e+00 1.000000e+00 1.000000e-01
5.600710e+03 0.000000e+00 1.000000e+00 1.000000e-01
5.600720e+03 0.000000e+00 1.000000e+00 1.000000e-01
5.600730e+03 0.000000e+00 1.000000e+00 1.000000e-01
5.600740e+03 0.000000e+00 1.000000e+00 1.000000e-01
5.600750e+03 0.000000e+00 1.000000e+00 1.000000e-01
5.600760e+03 0.000000e+00 1.000000e+00 1.000000e-01
5.600770e+03 0.000000e+00 1.000000e+00 1.000000e-01
5.600780e+03 0.000000e+00 1.000000e+00 1.000000e-01
5.600790e+03 0.000000e+00 1.000000e+00 1.000000e-01
5.600800e+03 0.000000e+00 1.000000e+00 1.000000e-01
5.600810e+03 0.000000e+00 1.000000e+00 1.000000e-01
5.600820e+03 0.000000e+00 1.000000e+00 1.000000e-01
5.600830e+03 0.000000e+00 1.000000e+00 1.000000e-01
5.600840e+03 0.000000e+00 1.000000e+00 1.000000e-01
5.600850e+03 0.000000e+00 1.000000e+00 1.000000e-01
5.600860e+03 0.000000e+00 1.000000e+00 1.000000e-01
5.600870e+03 0.000000e+00 1.000000e+00 1.000000e-01
5.600880e+03 0.000000e+00 1.000000e+00 1.000000e-01
5.600890e+03 0.000000e+00 1.000000e+00 1.000000e-01
5.600900e+03 0.000000e+00 1.000000e+00 1.000000e-01
5.600910e+03 0.000000e+00 1.000000e+00 1.000000e-01
5.600920e+03 0.000000e+00 1.000000e+00 1.000000e-01
5.600930e+03 0.000000e+00 1.000000e+00 1.000000e-01
5.600940e+03 0.000000e+00 1.000000e+00 1.000000e-01
5.600950e+03 0.000000e+00 1.000000e+00 1.000000e-01
5.600960e+03 0.000000e+00 1.000000e+00 1.000000e-01
5.600970e+03 0.000000e+00 1.000000e+00 1.000000e-01
5.600980e+03 0.000000e+00 1.000000e+00 1.000000e-01
5.600990e+03 0.000000e+00 1.000000e+00 1.000000e-01
5.601000e+03 0.000000e+00 1.000000e+00 1.000000e-01
5.601010e+03 0.000000e+00 1.000000e+00 1.000000e-01
5.601020e+03 0.000000e+00 1.000000e+00 1.000000e-01
5.601030e+03 0.000000e+00 1.000000e+00 1.000000e-01
5.601040e+03 0.000000e+00 1.000000e+00 1.000000e-01
5.601050e+03 0.000000e+00 1.000000e+00 1.000000e-01
5.601060e+03 0.000000e+00 1.000000e+00 1.000000e-01
5.601070e+03 0.000000e+00 1.000000e+00 1.000000e-01
5.601080e+03 0.000000e+00 1.000000e+00 1.000000e-01
5.601090e+03 0.000000e+00 1.000000e+00 1.000000e-01
5.601100e+03 0.000000e+00 1.000000e+00 1.000000e-01
5.601110e+03 0.000000e+00 1.000000e+00 1.000000e-01
5.601120e+03 0.000000e+00 1.000000e+00 1.000000e-01
5.601130e+03 0.000000e+00 1.000000e+00 1.000000e-01
5.601140e+03 0.000000e+00 1.000000e+00 1.000000e-01
5.601150e+03 0.000000e+00 1.000000e+00 1.000000e-01
5.601160e+03 0.000000e+00 1.000000e+00 1.000000e-01
5.601170e+03 0.000000e+00 1.000000e+00 1.000000e-01
5.601180e+03 0.000000e+00 1.000000e+00 1.000000e-01
5.601190e+03 0.000000e+00 1.000000e+00 1.000000e-01
5.601200e+03 0.000000e+00 1.000000e+00 1.000000e-01
5.601210e+03 0.000000e+00 1.000000e+00 1.000000e-01
5.601220e+03 0.000000e+00 1.000000e+00 1.000000e-01
5.601230e+03 0.000000e+00 1.000000e+00 1.000000e-01
5.601240e+03 0.000000e+00 1.000000e+00 1.000000e-01
5.601250e+03 0.000000e+00 1.000000e+00 1.000000e-01
5.601260e+03 0.000000e+00 1.000000e+00 1.000000e-01
5.601270e+03 0.000000e+00 1.000000e+00 1.000000e-01
5.601280e+03 0.000000e+00 1.000000e+00 1.000000e-01
5.601290e+03 0.000000e+00 1.000000e+00 1.000000e-01
5.601300e+03 0.000000e+00 1.000000e+00 1.000000e-01
5.601310e+03 0.000000e+00 1.000000e+00 1.000000e-01
5.601320e+03 0.000000e+00 1.000000e+00 1.000000e-01
5.601330e+03 0.000000e+00 1.000000e+00 1.000000e-01
5.601340e+03 0.000000e+00 1.000000e+00 1.000000e-01
5.601350e+03 0.000000e+00 1.000000e+00 1.000000e-01
5.601360e+03 0.000000e+00 1.000000e+00 1.000000e-01
5.601370e+03 0.000000e+00 1.000000e+00 1.000000e-01
5.601380e+03 0.000000e+00 1.000000e+00 1.000000e-01
5.601390e+03 0.000000e+00 1.000000e+00 1.000000e-01
5.601400e+03 0.000000e+00 1.000000e+00 1.000000e-01
5.601410e+03 0.000000e+00 1.000000e+00 1.000000e-01
5.601420e+03 0.000000e+00 1.000000e+00 1.000000e-01
5.601430e+03 0.000000e+00 1.000000e+00 1.000000e-01
5.601440e+03 0.000000e+00 1.000000e+00 1.000000e-01
5.601450e+03 0.000000e+00 1.000000e+00 1.000000e-01
5.601460e+03 0.000000e+00 1.000000e+00 1.000000e-01
5.601470e+03 0.000000e+00 1.000000e+00 1.000000e-01
5.601480e+03 0.000000e+00 1.000000e+00 1.000000e-01
5.601490e+03 0.000000e+00 1.000000e+00 1.000000e-01
5.601500e+03 0.000000e+00 1.000000e+00 1.000000e-01
5.601510e+03 0.000000e+00 1.000000e+00 1.000000e-01
5.601520e+03 0.000000e+00 1.000000e+00 1.000000e-01
5.601530e+03 0.000000e+00 1.000000e+00 1.000000e-01
5.601540e+03 0.000000e+00 1.000000e+00 1.000000e-01
5.601550e+03 0.000000e+00 1.000000e+00 1.000000e-01
5.601560e+03 0.000000e+00 1.000000e+00 1.000000e-01
5.601570e+03 0.000000e+00 1.000000e+00 1.000000e-01
5.601580e+03 0.000000e+00 1.000000e+00 1.000000e-01
5.601590e+03 0.000000e+00 1.000000e+00 1.000000e-01
5.601600e+03 0.000000e+00 1.000000e+00 1.000000e-01
5.601610e+03 0.000000e+00 1.000000e+00 1.000000e-01
5.601620e+03 0.000000e+00 1.000000e+00 1.000000e-01
5.601630e+03 0.000000e+00 1.000000e+00 1.000000e-01
5.601640e+03 0.000000e+00 1.000000e+00 1.000000e-01
5.601650e+03 0.000000e+00 1.000000e+00 1.000000e-01
5.601660e+03 0.000000e+00 1.000000e+00 1.000000e-01
5.601670e+03 0.000000e+00 1.000000e+00 1.000000e-01
5.601680e+03 0.000000e+00 1.000000e+00 1.000000e-01
5.601690e+03 0.000000e+00 1.000000e+00 1.000000e-01
5.601700e+03 0.000000e+00 1.000000e+00 1.000000e-01
5.601710e+03 0.000000e+00 1.000000e+00 1.000000e-01
5.601720e+03 0.000000e+00 1.000000e+00 1.000000e-01
5.601730e+03 0.000000e+00 1.000000e+00 1.000000e-01
5.601740e+03 0.000000e+00 1.000000e+00 1.000000e-01
5.601750e+03 0.000000e+00 1.000000e+00 1.000000e-01
5.601760e+03 0.000000e+00 1.000000e+00 1.000000e-01
5.601770e+03 0.000000e+00 1.000000e+00 1.000000e-01
5.601780e+03 0.000000e+00 1.000000e+00 1.000000e-01
5.601790e+03 0.000000e+00 1.000000e+00 1.000000e-01
5.601800e+03 0.000000e+00 1.000000e+00 1.000000e-01
5.601810e+03 0.000000e+00 1.000000e+00 1.000000e-01
5.601820e+03 0.000000e+00 1.000000e+00 1.000000e-01
5.601830e+03 0.000000e+00 1.000000e+00 1.000000e-01
5.601840e+03 0.000000e+00 1.000000e+00 1.000000e-01
5.601850e+03 0.000000e+00 1.000000e+00 1.000000e-01
5.601860e+03 0.000000e+00 1.000000e+00 1.000000e-01
5.601870e+03 0.000000e+00 1.000000e+00 1.000000e-01
5.601880e+03 0.000000e+00 1.000000e+00 1.000000e-01
5.601890e+03 0.000000e+00 1.000000e+00 1.000000e-01
5.601900e+03 0.000000e+00 1.000000e+00 1.000000e-01
5.601910e+03 0.000000e+00 1.000000e+00 1.000000e-01
5.601920e+03 0.000000e+00 1.000000e+00 1.000000e-01
5.601930e+03 0.000000e+00 1.000000e+00 1.000000e-01
5.601940e+03 0.000000e+00 1.000000e+00 1.000000e-01
5.601950e+03 0.000000e+00 1.000000e+00 1.000000e-01
5.601960e+03 0.000000e+00 1.000000e+00 1.000000e-01
5.601970e+03 0.000000e+00 1.000000e+00 1.000000e-01
5.601980e+03 0.000000e+00 1.000000e+00 1.000000e-01
5.601990e+03 0.000000e+00 1.000000e+00 1.000000e-01
5.602000e+03 0.000000e+00 1.000000e+00 1.000000e-01
5.602010e+03 0.000000e+00 1.000000e+00 1.000000e-01
5.602020e+03 0.000000e+00 1.000000e+00 1.000000e-01
5.602030e+03 0.000000e+00 1.000000e+00 1.000000e-01
5.602040e+03 0.000000e+00 1.000000e+00 1.000000e-01
5.602050e+03 0.000000e+00 1.000000e+00 1.000000e-01
5.602060e+03 0.000000e+00 1.000000e+00 1.000000e-01
5.602070e+03 0.000000e+00 1.000000e+00 1.000000e-01
5.602080e+03 0.000000e+00 1.000000e+00 1.000000e-01
5.602090e+03 0.000000e+00 1.000000e+00 1.000000e-01
5.602100e+03 0.000000e+00 1.000000e+00 1.000000e-01
5.602110e+03 0.000000e+00 1.000000e+00 1.000000e-01
5.602120e+03 0.000000e+00 1.000000e+00 1.000000e-01
5.602130e+03 0.000000e+00 1.000000e+00 1.000000e-01
5.602140e+03 0.000000e+00 1.000000e+00 1.000000e-01
5.602150e+03 0.000000e+00 1.000000e+00 1.000000e-01
5.602160e+03 0.000000e+00 1.000000e+00 1.000000e-01
5.602170e+03 0.000000e+00 1.000000e+00 1.000000e-01
5.602180e+03 0.000000e+00 1.000000e+00 1.000000e-01
5.602190e+03 0.000000e+00 1.000000e+00 1.000000e-01
5.602200e+03 0.000000e+00 1.000000e+00 1.000000e-01
5.602210e+03 0.000000e+00 1.000000e+00 1.000000e-01
5.602220e+03 0.000000e+00 1.000000e+00 1.000000e-01
5.602230e+03 0.000000e+00 1.000000e+00 1.000000e-01
5.602240e+03 0.000000e+00 1.000000e+00 1.000000e-01
5.602250e+03 0.000000e+00 1.000000e+00 1.000000e-01
5.602260e+03 0.000000e+00 1.000000e+00 1.000000e-01
5.602270e+03 0.000000e+00 1.000000e+00 1.000000e-01
5.602280e+03 0.000000e+00 1.000000e+00 1.000000e-01
5.602290e+03 0.000000e+00 1.000000e+00 1.000000e-01
5.602300e+03 0.000000e+00 1.000000e+00 1.000000e-01
5.602310e+03 0.000000e+00 1.000000e+00 1.000000e-01
5.602320e+03 0.000000e+00 1.000000e+00 1.000000e-01
5.602330e+03 0.000000e+00 1.000000e+00 1.000000e-01
5.602340e+03 0.000000e+00 1.000000e+00 1.000000e-01
5.602350e+03 0.000000e+00 1.000000e+00 1.000000e-01
5.602360e+03 0.000000e+00 1.000000e+00 1.000000e-01
5.602370e+03 0.000000e+00 1.000000e+00 1.000000e-01
5.602380e+03 0.000000e+00 1.000000e+00 1.000000e-01
5.602390e+03 0.000000e+00 1.000000e+00 1.000000e-01
5.602400e+03 0.000000e+00 1.000000e+00 1.000000e-01
5.602410e+03 0.000000e+00 1.000000e+00 1.000000e-01
5.602420e+03 0.000000e+00 1.000000e+00 1.000000e-01
5.602430e+03 0.000000e+00 1.000000e+00 1.000000e-01
5.602440e+03 0.000000e+00 1.000000e+00 1.000000e-01
5.602450e+03 0.000000e+00 1.000000e+00 1.000000e-01
5.602460e+03 0.000000e+00 1.000000e+00 1.000000e-01
5.602470e+03 0.000000e+00 1.000000e+00 1.000000e-01
5.602480e+03 0.000000e+00 1.000000e+00 1.000000e-01
5.602490e+03 0.000000e+00 1.000000e+00 1.000000e-01
5.602500e+03 0.000000e+00 1.000000e+00 1.000000e-01
5.602510e+03 0.000000e+00 1.000000e+00 1.000000e-01
5.602520e+03 0.000000e+00 1.000000e+00 1.000000e-01
5.602530e+03 0.000000e+00 1.000000e+00 1.000000e-01
5.602540e+03 0.000000e+00 1.000000e+00 1.000000e-01
5.602550e+03 0.000000e+00 1.000000e+00 1.000000e-01
5.602560e+03 0.000000e+00 1.000000e+00 1.000000e-01
5.602570e+03 0.000000e+00 1.000000e+00 1.000000e-01
5.602580e+03 0.000000e+00 1.000000e+00 1.000000e-01
5.602590e+03 0.000000e+00 1.000000e+00 1.000000e-01
5.602600e+03 0.000000e+00 1.000000e+00 1.000000e-01
5.602610e+03 0.000000e+00 1.000000e+00 1.000000e-01
5.602620e+03 0.000000e+00 1.000000e+00 1.000000e-01
5.602630e+03 0.000000e+00 1.000000e+00 1.000000e-01
5.602640e+03 0.000000e+00 1.000000e+00 1.000000e-01
5.602650e+03 0.000000e+00 1.000000e+00 1.000000e-01
5.602660e+03 0.000000e+00 1.000000e+00 1.000000e-01
5.602670e+03 0.000000e+00 1.000000e+00 1.000000e-01
5.602680e+03 0.000000e+00 1.000000e+00 1.000000e-01
5.602690e+03 0.000000e+00 1.000000e+00 1.000000e-01
5.602700e+03 0.000000e+00 1.000000e+00 1.000000e-01
5.602710e+03 0.000000e+00 1.000000e+00 1.000000e-01
5.602720e+03 0.000000e+00 1.000000e+00 1.000000e-01
5.602730e+03 0.000000e+00 1.000000e+00 1.000000e-01
5.602740e+03 0.000000e+00 1.000000e+00 1.000000e-01
5.602750e+03 0.000000e+00 1.000000e+00 1.000000e-01
5.602760e+03 0.000000e+00 1.000000e+00 1.000000e-01
5.602770e+03 0.000000e+00 1.000000e+00 1.000000e-01
5.602780e+03 0.000000e+00 1.000000e+00 1.000000e-01
5.602790e+03 0.000000e+00 1.000000e+00 1.000000e-01
5.602800e+03 0.000000e+00 1.000000e+00 1.000000e-01
5.602810e+03 0.000000e+00 1.000000e+00 1.000000e-01
5.602820e+03 0.000000e+00 1.000000e+00 1.000000e-01
5.602830e+03 0.000000e+00 1.000000e+00 1.000000e-01
5.602840e+03 0.000000e+00 1.000000e+00 1.000000e-01
5.602850e+03 0.000000e+00 1.000000e+00 1.000000e-01
5.602860e+03 0.000000e+00 1.000000e+00 1.000000e-01
5.602870e+03 0.000000e+00 1.000000e+00 1.000000e-01
5.602880e+03 0.000000e+00 1.000000e+00 1.000000e-01
5.602890e+03 0.000000e+00 1.000000e+00 1.000000e-01
5.602900e+03 0.000000e+00 1.000000e+00 1.000000e-01
5.602910e+03 0.000000e+00 1.000000e+00 1.000000e-01
5.602920e+03 0.000000e+00 1.000000e+00 1.000000e-01
5.602930e+03 0.000000e+00 1.000000e+00 1.000000e-01
5.602940e+03 0.000000e+00 1.000000e+00 1.000000e-01
5.602950e+03 0.000000e+00 1.000000e+00 1.000000e-01
5.602960e+03 0.000000e+00 1.000000e+00 1.000000e-01
5.602970e+03 0.000000e+00 1.000000e+00 1.000000e-01
5.602980e+03 0.000000e+00 1.000000e+00 1.000000e-01
5.602990e+03 0.000000e+00 1.000000e+00 1.000000e-01
5.603000e+03 0.000000e+00 1.000000e+00 1.000000e-01
5.603010e+03 0.000000e+00 1.000000e+00 1.000000e-01
5.603020e+03 0.000000e+00 1.000000e+00 1.000000e-01
5.603030e+03 0.000000e+00 1.000000e+00 1.000000e-01
5.603040e+03 0.000000e+00 1.000000e+00 1.000000e-01
5.603050e+03 0.000000e+00 1.000000e+00 1.000000e-01
5.603060e+03 0.000000e+00 1.000000e+00 1.000000e-01
5.603070e+03 0.000000e+00 1.000000e+00 1.000000e-01
5.603080e+03 0.000000e+00 1.000000e+00 1.000000e-01
5.603090e+03 0.000000e+00 1.000000e+00 1.000000e-01
5.603100e+03 0.000000e+00 1.000000e+00 1.000000e-01
5.603110e+03 0.000000e+00 1.000000e+00 1.000000e-01
5.603120e+03 0.000000e+00 1.000000e+00 1.000000e-01
5.603130e+03 0.000000e+00 1.000000e+00 1.000000e-01
5.603140e+03 0.000000e+00 1.000000e+00 1.000000e-01
5.603150e+03 0.000000e+00 1.000000e+00 1.000000e-01
5.603160e+03 0.000000e+00 1.000000e+00 1.000000e-01
5.603170e+03 0.000000e+00 1.000000e+00 1.000000e-01
5.603180e+03 0.000000e+00 1.000000e+00 1.000000e-01
5.603190e+03 0.000000e+00 1.000000e+00 1.000000e-01
5.603200e+03 0.000000e+00 1.000000e+00 1.000000e-01
5.603210e+03 0.000000e+00 1.000000e+00 1.000000e-01
5.603220e+03 0.000000e+00 1.000000e+00 1.000000e-01
5.603230e+03 0.000000e+00 1.000000e+00 1.000000e-01
5.603240e+03 0.000000e+00 1.000000e+00 1.000000e-01
5.603250e+03 0.000000e+00 1.000000e+00 1.000000e-01
5.603260e+03 0.000000e+00 1.000000e+00 1.000000e-01
5.603270e+03 0.000000e+00 1.000000e+00 1.000000e-01
5.603280e+03 0.000000e+00 1.000000e+00 1.000000e-01
5.603290e+03 0.000000e+00 1.000000e+00 1.000000e-01
5.603300e+03 0.000000e+00 1.000000e+00 1.000000e-01
5.603310e+03 0.000000e+00 1.000000e+00 1.000000e-01
5.603320e+03 0.000000e+00 1.000000e+00 1.000000e-01
5.603330e+03 0.000000e+00 1.000000e+00 1.000000e-01
5.603340e+03 0.000000e+00 1.000000e+00 1.000000e-01
5.603350e+03 0.000000e+00 1.000000e+00 1.000000e-01
5.603360e+03 0.000000e+00 1.000000e+00 1.000000e-01
5.603370e+03 0.000000e+00 1.000000e+00 1.000000e-01
5.603380e+03 0.000000e+00 1.000000e+00 1.000000e-01
5.603390e+03 0.000000e+00 1.000000e+00 1.000000e-01
5.603400e+03 0.000000e+00 1.000000e+00 1.000000e-01
5.603410e+03 0.000000e+00 1.000000e+00 1.000000e-01
5.603420e+03 0.000000e+00 1.000000e+00 1.000000e-01
5.603430e+03 0.000000e+00 1.000000e+00 1.000000e-01
5.603440e+03 0.000000e+00 1.000000e+00 1.000000e-01
5.603450e+03 0.000000e+00 1.000000e+00 1.000000e-01
5.603460e+03 0.000000e+00 1.000000e+00 1.000000e-01
5.603470e+03 0.000000e+00 1.000000e+00 1.000000e-01
5.603480e+03 0.000000e+00 1.000000e+00 1.000000e-01
5.603490e+03 0.000000e+00 1.000000e+00 1.000000e-01
5.603500e+03 0.000000e+00 1.000000e+00 1.000000e-01
5.603510e+03 0.000000e+00 1.000000e+00 1.000000e-01
5.603520e+03 0.000000e+00 1.000000e+00 1.000000e-01
5.603530e+03 0.000000e+00 1.000000e+00 1.000000e-01
5.603540e+03 0.000000e+00 1.000000e+00 1.000000e-01
5.603550e+03 0.000000e+00 1.000000e+00 1.000000e-01
5.603560e+03 0.000000e+00 1.000000e+00 1.000000e-01
5.603570e+03 0.000000e+00 1.000000e+00 1.000000e-01
5.603580e+03 0.000000e+00 1.000000e+00 1.000000e-01
5.603590e+03 0.000000e+00 1.000000e+00 1.000000e-01
5.603600e+03 0.000000e+00 1.000000e+00 1.000000e-01
5.603610e+03 0.000000e+00 1.000000e+00 1.000000e-01
5.603620e+03 0.000000e+00 1.000000e+00 1.000000e-01
5.603630e+03 0.000000e+00 1.000000e+00 1.000000e-01
5.603640e+03 0.000000e+00 1.000000e+00 1.000000e-01
5.603650e+03 0.000000e+00 1.000000e+00 1.000000e-01
5.603660e+03 0.000000e+00 1.000000e+00 1.000000e-01
5.603670e+03 0.000000e+00 1.000000e+00 1.000000e-01
5.603680e+03 0.000000e+00 1.000000e+00 1.000000e-01
5.603690e+03 0.000000e+00 1.000000e+00 1.000000e-01
5.603700e+03 0.000000e+00 1.000000e+00 1.000000e-01
5.603710e+03 0.000000e+00 1.000000e+00 1.000000e-01
5.603720e+03 0.000000e+00 1.000000e+00 1.000000e-01
5.603730e+03 0.000000e+00 1.000000e+00 1.000000e-01
5.603740e+03 0.000000e+00 1.000000e+00 1.000000e-01
5.603750e+03 0.000000e+00 1.000000e+00 1.000000e-01
5.603760e+03 0.000000e+00 1.000000e+00 1.000000e-01
5.603770e+03 0.000000e+00 1.000000e+00 1.000000e-01
5.603780e+03 0.000000e+00 1.000000e+00 1.000000e-01
5.603790e+03 0.000000e+00 1.000000e+00 1.000000e-01
5.603800e+03 0.000000e+00 1.000000e+00 1.000000e-01
5.603810e+03 0.000000e+00 1.000000e+00 1.000000e-01
5.603820e+03 0.000000e+00 1.000000e+00 1.000000e-01
5.603830e+03 0.000000e+00 1.000000e+00 1.000000e-01
5.603840e+03 0.000000e+00 1.000000e+00 1.000000e-01
5.603850e+03 0.000000e+00 1.000000e+00 1.000000e-01
5.603860e+03 0.000000e+00 1.000000e+00 1.000000e-01
5.603870e+03 0.000000e+00 1.000000e+00 1.000000e-01
5.603880e+03 0.000000e+00 1.000000e+00 1.000000e-01
5.603890e+03 0.000000e+00 1.000000e+00 1.000000e-01
5.603900e+03 0.000000e+00 1.000000e+00 1.000000e-01
5.603910e+03 0.000000e+00 1.000000e+00 1.000000e-01
5.603920e+03 0.000000e+00 1.000000e+00 1.000000e-01
5.603930e+03 0.000000e+00 1.000000e+00 1.000000e-01
5.603940e+03 0.000000e+00 1.000000e+00 1.000000e-01
5.603950e+03 0.000000e+00 1.000000e+00 1.000000e-01
5.603960e+03 0.000000e+00 1.000000e+00 1.000000e-01
5.603970e+03 0.000000e+00 1.000000e+00 1.000000e-01
5.603980e+03 0.000000e+00 1.000000e+00 1.000000e-01
5.603990e+03 0.000000e+00 1.000000e+00 1.000000e-01
5.604000e+03 0.000000e+00 1.000000e+00 1.000000e-01
5.604010e+03 0.000000e+00 1.000000e+00 1.000000e-01
5.604020e+03 0.000000e+00 1.000000e+00 1.000000e-01
5.604030e+03 0.000000e+00 1.000000e+00 1.000000e-01
5.604040e+03 0.000000e+00 1.000000e+00 1.000000e-01
5.604050e+03 0.000000e+00 1.000000e+00 1.000000e-01
5.604060e+03 0.000000e+00 1.000000e+00 1.000000e-01
5.604070e+03 0.000000e+00 1.000000e+00 1.000000e-01
5.604080e+03 0.000000e+00 1.000000e+00 1.000000e-01
5.604090e+03 0.000000e+00 1.000000e+00 1.000000e-01
5.604100e+03 0.000000e+00 1.000000e+00 1.000000e-01
5.604110e+03 0.000000e+00 1.000000e+00 1.000000e-01
5.604120e+03 0.000000e+00 1.000000e+00 1.000000e-01
5.604130e+03 0.000000e+00 1.000000e+00 1.000000e-01
5.604140e+03 0.000000e+00 1.000000e+00 1.000000e-01
5.604150e+03 0.000000e+00 1.000000e+00 1.000000e-01
5.604160e+03 0.000000e+00 1.000000e+00 1.000000e-01
5.604170e+03 0.000000e+00 1.000000e+00 1.000000e-01
5.604180e+03 0.000000e+00 1.000000e+00 1.000000e-01
5.604190e+03 0.000000e+00 1.000000e+00 1.000000e-01
5.604200e+03 0.000000e+00 1.000000e+00 1.000000e-01
5.604210e+03 0.000000e+00 1.000000e+00 1.000000e-01
5.604220e+03 0.000000e+00 1.000000e+00 1.000000e-01
5.604230e+03 0.000000e+00 1.000000e+00 1.000000e-01
5.604240e+03 0.000000e+00 1.000000e+00 1.000000e-01
5.604250e+03 0.000000e+00 1.000000e+00 1.000000e-01
5.604260e+03 0.000000e+00 1.000000e+00 1.000000e-01
5.604270e+03 0.000000e+00 1.000000e+00 1.000000e-01
5.604280e+03 0.000000e+00 1.000000e+00 1.000000e-01
5.604290e+03 0.000000e+00 1.000000e+00 1.000000e-01
5.604300e+03 0.000000e+00 1.000000e+00 1.000000e-01
5.604310e+03 0.000000e+00 1.000000e+00 1.000000e-01
5.604320e+03 0.000000e+00 1.000000e+00 1.000000e-01
5.604330e+03 0.000000e+00 1.000000e+00 1.000000e-01
5.604340e+03 0.000000e+00 1.000000e+00 1.000000e-01
5.604350e+03 0.000000e+00 1.000000e+00 1.000000e-01
5.604360e+03 0.000000e+00 1.000000e+00 1.000000e-01
5.604370e+03 0.000000e+00 1.000000e+00 1.000000e-01
5.604380e+03 0.000000e+00 1.000000e+00 1.000000e-01
5.604390e+03 0.000000e+00 1.000000e+00 1.000000e-01
5.604400e+03 0.000000e+00 1.000000e+00 1.000000e-01
5.604410e+03 0.000000e+00 1.000000e+00 1.000000e-01
5.604420e+03 0.000000e+00 1.000000e+00 1.000000e-01
5.604430e+03 0.000000e+00 1.000000e+00 1.000000e-01
5.604440e+03 0.000000e+00 1.000000e+00 1.000000e-01
5.604450e+03 0.000000e+00 1.000000e+00 1.000000e-01
5.604460e+03 0.000000e+00 1.000000e+00 1.000000e-01
5.604470e+03 0.000000e+00 1.000000e+00 1.000000e-01
5.604480e+03 0.000000e+00 1.000000e+00 1.000000e-01
5.604490e+03 0.000000e+00 1.000000e+00 1.000000e-01
5.604500e+03 0.000000e+00 1.000000e+00 1.000000e-01
5.604510e+03 0.000000e+00 1.000000e+00 1.000000e-01
5.604520e+03 0.000000e+00 1.000000e+00 1.000000e-01
5.604530e+03 0.000000e+00 1.000000e+00 1.000000e-01
5.604540e+03 0.000000e+00 1.000000e+00 1.000000e-01
5.604550e+03 0.000000e+00 1.000000e+00 1.000000e-01
5.604560e+03 0.000000e+00 1.000000e+00 1.000000e-01
5.604570e+03 0.000000e+00 1.000000e+00 1.000000e-01
5.604580e+03 0.000000e+00 1.000000e+00 1.000000e-01
5.604590e+03 0.000000e+00 1.000000e+00 1.000000e-01
5.604600e+03 0.000000e+00 1.000000e+00 1.000000e-01
5.604610e+03 0.000000e+00 1.000000e+00 1.000000e-01
5.604620e+03 0.000000e+00 1.000000e+00 1.000000e-01
5.604630e+03 0.000000e+00 1.000000e+00 1.000000e-01
5.604640e+03 0.000000e+00 1.000000e+00 1.000000e-01
5.604650e+03 0.000000e+00 1.000000e+00 1.000000e-01
5.604660e+03 0.000000e+00 1.000000e+00 1.000000e-01
5.604670e+03 0.000000e+00 1.000000e+00 1.000000e-01
5.604680e+03 0.000000e+00 1.000000e+00 1.000000e-01
5.604690e+03 0.000000e+00 1.000000e+00 1.000000e-01
5.604700e+03 0.000000e+00 1.000000e+00 1.000000e-01
5.604710e+03 0.000000e+00 1.000000e+00 1.000000e-01
5.604720e+03 0.000000e+00 1.000000e+00 1.000000e-01
5.604730e+03 0.000000e+00 1.000000e+00 1.000000e-01
5.604740e+03 0.000000e+00 1.000000e+00 1.000000e-01
5.604750e+03 0.000000e+00 1.000000e+00 1.000000e-01
5.604760e+03 0.000000e+00 1.000000e+00 1.000000e-01
5.604770e+03 0.000000e+00 1.000000e+00 1.000000e-01
5.604780e+03 0.000000e+00 1.000000e+00 1.000000e-01
5.604790e+03 0.000000e+00 1.000000e+00 1.000000e-01
5.604800e+03 0.000000e+00 1.000000e+00 1.000000e-01
5.604810e+03 0.000000e+00 1.000000e+00 1.000000e-01
5.604820e+03 0.000000e+00 1.000000e+00 1.000000e-01
5.604830e+03 0.000000e+00 1.000000e+00 1.000000e-01
5.604840e+03 0.000000e+00 1.000000e+00 1.000000e-01
5.604850e+03 0.000000e+00 1.000000e+00 1.000000e-01
5.604860e+03 0.000000e+00 1.000000e+00 1.000000e-01
5.604870e+03 0.000000e+00 1.000000e+00 1.000000e-01
5.604880e+03 0.000000e+00 1.000000e+00 1.000000e-01
5.604890e+03 0.000000e+00 1.000000e+00 1.000000e-01
5.604900e+03 0.000000e+00 1.000000e+00 1.000000e-01
5.604910e+03 0.000000e+00 1.000000e+00 1.000000e-01
5.604920e+03 0.000000e+00 1.000000e+00 1.000000e-01
5.604930e+03 0.000000e+00 1.000000e+00 1.000000e-01
5.604940e+03 0.000000e+00 1.000000e+00 1.000000e-01
5.604950e+03 0.000000e+00 1.000000e+00 1.000000e-01
5.604960e+03 0.000000e+00 1.000000e+00 1.000000e-01
5.604970e+03 0.000000e+00 1.000000e+00 1.000000e-01
5.604980e+03 0.000000e+00 1.000000e+00 1.000000e-01
5.604990e+03 0.000000e+00 1.000000e+00 1.000000e-01
5.605000e+03 0.000000e+00 1.000000e+00 1.000000e-01
5.605010e+03 0.000000e+00 1.000000e+00 1.000000e-01
5.605020e+03 0.000000e+00 1.000000e+00 1.000000e-01
5.605030e+03 0.000000e+00 1.000000e+00 1.000000e-01
5.605040e+03 0.000000e+00 1.000000e+00 1.000000e-01
5.605050e+03 0.000000e+00 1.000000e+00 1.000000e-01
5.605060e+03 0.000000e+00 1.000000e+00 1.000000e-01
5.605070e+03 0.000000e+00 1.000000e+00 1.000000e-01
5.605080e+03 0.000000e+00 1.000000e+00 1.000000e-01
5.605090e+03 0.000000e+00 1.000000e+00 1.000000e-01
5.605100e+03 0.000000e+00 1.000000e+00 1.000000e-01
5.605110e+03 0.000000e+00 1.000000e+00 1.000000e-01
5.605120e+03 0.000000e+00 1.000000e+00 1.000000e-01
5.605130e+03 0.000000e+00 1.000000e+00 1.000000e-01
5.605140e+03 0.000000e+00 1.000000e+00 1.000000e-01
5.605150e+03 0.000000e+00 1.000000e+00 1.000000e-01
5.605160e+03 0.000000e+00 1.000000e+00 1.000000e-01
5.605170e+03 0.000000e+00 1.000000e+00 1.000000e-01
5.605180e+03 0.000000e+00 1.000000e+00 1.000000e-01
5.605190e+03 0.000000e+00 1.000000e+00 1.000000e-01
5.605200e+03 0.000000e+00 1.000000e+00 1.000000e-01
5.605210e+03 0.000000e+00 1.000000e+00 1.000000e-01
5.605220e+03 0.000000e+00 1.000000e+00 1.000000e-01
5.605230e+03 0.000000e+00 1.000000e+00 1.000000e-01
5.605240e+03 0.000000e+00 1.000000e+00 1.000000e-01
5.605250e+03 0.000000e+00 1.000000e+00 1.000000e-01
5.605260e+03 0.000000e+00 1.000000e+00 1.000000e-01
5.605270e+03 0.000000e+00 1.000000e+00 1.000000e-01
5.605280e+03 0.000000e+00 1.000000e+00 1.000000e-01
5.605290e+03 0.000000e+00 1.000000e+00 1.000000e-01
5.605300e+03 0.000000e+00 1.000000e+00 1.000000e-01
5.605310e+03 0.000000e+00 1.000000e+00 1.000000e-01
5.605320e+03 0.000000e+00 1.000000e+00 1.000000e-01
5.605330e+03 0.000000e+00 1.000000e+00 1.000000e-01
5.605340e+03 0.000000e+00 1.000000e+00 1.000000e-01
5.605350e+03 0.000000e+00 1.000000e+00 1.000000e-01
5.605360e+03 0.000000e+00 1.000000e+00 1.000000e-01
5.605370e+03 0.000000e+00 1.000000e+00 1.000000e-01
5.605380e+03 0.000000e+00 1.000000e+00 1.000000e-01
5.605390e+03 0.000000e+00 1.000000e+00 1.000000e-01
5.605400e+03 0.000000e+00 1.000000e+00 1.000000e-01
5.605410e+03 0.000000e+00 1.000000e+00 1.000000e-01
5.605420e+03 0.000000e+00 1.000000e+00 1.000000e-01
5.605430e+03 0.000000e+00 1.000000e+00 1.000000e-01
5.605440e+03 0.000000e+00 1.000000e+00 1.000000e-01
5.605450e+03 0.000000e+00 1.000000e+00 1.000000e-01
5.605460e+03 0.000000e+00 1.000000e+00 1.000000e-01
5.605470e+03 0.000000e+00 1.000000e+00 1.000000e-01
5.605480e+03 0.000000e+00 1.000000e+00 1.000000e-01
5.605490e+03 0.000000e+00 1.000000e+00 1.000000e-01
5.605500e+03 0.000000e+00 1.000000e+00 1.000000e-01
5.605510e+03 0.000000e+00 1.000000e+00 1.000000e-01
5.605520e+03 0.000000e+00 1.000000e+00 1.000000e-01
5.605530e+03 0.000000e+00 1.000000e+00 1.000000e-01
5.605540e+03 0.000000e+00 1.000000e+00 1.000000e-01
5.605550e+03 0.000000e+00 1.000000e+00 1.000000e-01
5.605560e+03 0.000000e+00 1.000000e+00 1.000000e-01
5.605570e+03 0.000000e+00 1.000000e+00 1.000000e-01
5.605580e+03 0.000000e+00 1.000000e+00 1.000000e-01
5.605590e+03 0.000000e+00 1.000000e+00 1.000000e-01
5.605600e+03 0.000000e+00 1.000000e+00 1.000000e-01
5.605610e+03 0.000000e+00 1.000000e+00 1.000000e-01
5.605620e+03 0.000000e+00 1.000000e+00 1.000000e-01
5.605630e+03 0.000000e+00 1.000000e+00 1.000000e-01
5.605640e+03 0.000000e+00 1.000000e+00 1.000000e-01
5.605650e+03 0.000000e+00 1.000000e+00 1.000000e-01
5.605660e+03 0.000000e+00 1.000000e+00 1.000000e-01
5.605670e+03 0.000000e+00 1.000000e+00 1.000000e-01
5.605680e+03 0.000000e+00 1.000000e+00 1.000000e-01
5.605690e+03 0.000000e+00 1.000000e+00 1.000000e-01
5.605700e+03 0.000000e+00 1.000000e+00 1.000000e-01
5.605710e+03 0.000000e+00 1.000000e+00 1.000000e-01
5.605720e+03 0.000000e+00 1.000000e+00 1.000000e-01
5.605730e+03 0.000000e+00 1.000000e+00 1.000000e-01
5.605740e+03 0.000000e+00 1.000000e+00 1.000000e-01
5.605750e+03 0.000000e+00 1.000000e+00 1.000000e-01
5.605760e+03 0.000000e+00 1.000000e+00 1.000000e-01
5.605770e+03 0.000000e+00 1.000000e+00 1.000000e-01
5.605780e+03 0.000000e+00 1.000000e+00 1.000000e-01
5.605790e+03 0.000000e+00 1.000000e+00 1.000000e-01
5.605800e+03 0.000000e+00 1.000000e+00 1.000000e-01
5.605810e+03 0.000000e+00 1.000000e+00 1.000000e-01
5.605820e+03 0.000000e+00 1.000000e+00 1.000000e-01
5.605830e+03 0.000000e+00 1.000000e+00 1.000000e-01
5.605840e+03 0.000000e+00 1.000000e+00 1.000000e-01
5.605850e+03 0.000000e+00 1.000000e+00 1.000000e-01
5.605860e+03 0.000000e+00 1.000000e+00 1.000000e-01
5.605870e+03 0.000000e+00 1.000000e+00 1.000000e-01
5.605880e+03 0.000000e+00 1.000000e+00 1.000000e-01
5.605890e+03 0.000000e+00 1.000000e+00 1.000000e-01
5.605900e+03 0.000000e+00 1.000000e+00 1.000000e-01
5.605910e+03 0.000000e+00 1.000000e+00 1.000000e-01
5.605920e+03 0.000000e+00 1.000000e+00 1.000000e-01
5.605930e+03 0.000000e+00 1.000000e+00 1.000000e-01
5.605940e+03 0.000000e+00 1.000000e+00 1.000000e-01
5.605950e+03 0.000000e+00 1.000000e+00 1.000000e-01
5.605960e+03 0.000000e+00 1.000000e+00 1.000000e-01
5.605970e+03 0.000000e+00 1.000000e+00 1.000000e-01
5.605980e+03 0.000000e+00 1.000000e+00 1.000000e-01
5.605990e+03 0.000000e+00 1.000000e+00 1.000000e-01
5.606000e+03 0.000000e+00 1.000000e+00 1.000000e-01
5.606010e+03 0.000000e+00 1.000000e+00 1.000000e-01
5.606020e+03 0.000000e+00 1.000000e+00 1.000000e-01
5.606030e+03 0.000000e+00 1.000000e+00 1.000000e-01
5.606040e+03 0.000000e+00 1.000000e+00 1.000000e-01
5.606050e+03 0.000000e+00 1.000000e+00 1.000000e-01
5.606060e+03 0.000000e+00 1.000000e+00 1.000000e-01
5.606070e+03 0.000000e+00 1.000000e+00 1.000000e-01
5.606080e+03 0.000000e+00 1.000000e+00 1.000000e-01
5.606090e+03 0.000000e+00 1.000000e+00 1.000000e-01
5.606100e+03 0.000000e+00 1.000000e+00 1.000000e-01
5.606110e+03 0.000000e+00 1.000000e+00 1.000000e-01
5.606120e+03 0.000000e+00 1.000000e+00 1.000000e-01
5.606130e+03 0.000000e+00 1.000000e+00 1.000000e-01
5.606140e+03 0.000000e+00 1.000000e+00 1.000000e-01
5.606150e+03 0.000000e+00 1.000000e+00 1.000000e-01
5.606160e+03 0.000000e+00 1.000000e+00 1.000000e-01
5.606170e+03 0.000000e+00 1.000000e+00 1.000000e-01
5.606180e+03 0.000000e+00 1.000000e+00 1.000000e-01
5.606190e+03 0.000000e+00 1.000000e+00 1.000000e-01
5.606200e+03 0.000000e+00 1.000000e+00 1.000000e-01
5.606210e+03 0.000000e+00 1.000000e+00 1.000000e-01
5.606220e+03 0.000000e+00 1.000000e+00 1.000000e-01
5.606230e+03 0.000000e+00 1.000000e+00 1.000000e-01
5.606240e+03 0.000000e+00 1.000000e+00 1.000000e-01
5.606250e+03 0.000000e+00 1.000000e+00 1.000000e-01
5.606260e+03 0.000000e+00 1.000000e+00 1.000000e-01
5.606270e+03 0.000000e+00 1.000000e+00 1.000000e-01
5.606280e+03 0.000000e+00 1.000000e+00 1.000000e-01
5.606290e+03 0.000000e+00 1.000000e+00 1.000000e-01
5.606300e+03 0.000000e+00 1.000000e+00 1.000000e-01
5.606310e+03 0.000000e+00 1.000000e+00 1.000000e-01
5.606320e+03 0.000000e+00 1.000000e+00 1.000000e-01
5.606330e+03 0.000000e+00 1.000000e+00 1.000000e-01
5.606340e+03 0.000000e+00 1.000000e+00 1.000000e-01
5.606350e+03 0.000000e+00 1.000000e+00 1.000000e-01
5.606360e+03 0.000000e+00 1.000000e+00 1.000000e-01
5.606370e+03 0.000000e+00 1.000000e+00 1.000000e-01
5.606380e+03 0.000000e+00 1.000000e+00 1.000000e-01
5.606390e+03 0.000000e+00 1.000000e+00 1.000000e-01
5.606400e+03 0.000000e+00 1.000000e+00 1.000000e-01
5.606410e+03 0.000000e+00 1.000000e+00 1.000000e-01
5.606420e+03 0.000000e+00 1.000000e+00 1.000000e-01
5.606430e+03 0.000000e+00 1.000000e+00 1.000000e-01
5.606440e+03 0.000000e+00 1.000000e+00 1.000000e-01
5.606450e+03 0.000000e+00 1.000000e+00 1.000000e-01
5.606460e+03 0.000000e+00 1.000000e+00 1.000000e-01
5.606470e+03 0.000000e+00 1.000000e+00 1.000000e-01
5.606480e+03 0.000000e+00 1.000000e+00 1.000000e-01
5.606490e+03 0.000000e+00 1.000000e+00 1.000000e-01
5.606500e+03 0.000000e+00 1.000000e+00 1.000000e-01
5.606510e+03 0.000000e+00 1.000000e+00 1.000000e-01
5.606520e+03 0.000000e+00 1.000000e+00 1.000000e-01
5.606530e+03 0.000000e+00 1.000000e+00 1.000000e-01
5.606540e+03 0.000000e+00 1.000000e+00 1.000000e-01
5.606550e+03 0.000000e+00 1.000000e+00 1.000000e-01
5.606560e+03 0.000000e+00 1.000000e+00 1.000000e-01
5.606570e+03 0.000000e+00 1.000000e+00 1.000000e-01
5.606580e+03 0.000000e+00 1.000000e+00 1.000000e-01
5.606590e+03 0.000000e+00 1.000000e+00 1.000000e-01
5.606600e+03 0.000000e+00 1.000000e+00 1.000000e-01
5.606610e+03 0.000000e+00 1.000000e+00 1.000000e-01
5.606620e+03 0.000000e+00 1.000000e+00 1.000000e-01
5.606630e+03 0.000000e+00 1.000000e+00 1.000000e-01
5.606640e+03 0.000000e+00 1.000000e+00 1.000000e-01
5.606650e+03 0.000000e+00 1.000000e+00 1.000000e-01
5.606660e+03 0.000000e+00 1.000000e+00 1.000000e-01
5.606670e+03 0.000000e+00 1.000000e+00 1.000000e-01
5.606680e+03 0.000000e+00 1.000000e+00 1.000000e-01
5.606690e+03 0.000000e+00 1.000000e+00 1.000000e-01
5.606700e+03 0.000000e+00 1.000000e+00 1.000000e-01
5.606710e+03 0.000000e+00 1.000000e+00 1.000000e-01
5.606720e+03 0.000000e+00 1.000000e+00 1.000000e-01
5.606730e+03 0.000000e+00 1.000000e+00 1.000000e-01
5.606740e+03 0.000000e+00 1.000000e+00 1.000000e-01
5.606750e+03 0.000000e+00 1.000000e+00 1.000000e-01
5.606760e+03 0.000000e+00 1.000000e+00 1.000000e-01
5.606770e+03 0.000000e+00 1.000000e+00 1.000000e-01
5.606780e+03 0.000000e+00 1.000000e+00 1.000000e-01
5.606790e+03 0.000000e+00 1.000000e+00 1.000000e-01
5.606800e+03 0.000000e+00 1.000000e+00 1.000000e-01
5.606810e+03 0.000000e+00 1.000000e+00 1.000000e-01
5.606820e+03 0.000000e+00 1.000000e+00 1.000000e-01
5.606830e+03 0.000000e+00 1.000000e+00 1.000000e-01
5.606840e+03 0.000000e+00 1.000000e+00 1.000000e-01
5.606850e+03 0.000000e+00 1.000000e+00 1.000000e-01
5.606860e+03 0.000000e+00 1.000000e+00 1.000000e-01
5.606870e+03 0.000000e+00 1.000000e+00 1.000000e-01
5.606880e+03 0.000000e+00 1.000000e+00 1.000000e-01
5.606890e+03 0.000000e+00 1.000000e+00 1.000000e-01
5.606900e+03 0.000000e+00 1.000000e+00 1.000000e-01
5.606910e+03 0.000000e+00 1.000000e+00 1.000000e-01
5.606920e+03 0.000000e+00 1.000000e+00 1.000000e-01
5.606930e+03 0.000000e+00 1.000000e+00 1.000000e-01
5.606940e+03 0.000000e+00 1.000000e+00 1.000000e-01
5.606950e+03 0.000000e+00 1.000000e+00 1.000000e-01
5.606960e+03 0.000000e+00 1.000000e+00 1.000000e-01
5.606970e+03 0.000000e+00 1.000000e+00 1.000000e-01
5.606980e+03 0.000000e+00 1.000000e+00 1.000000e-01
5.606990e+03 0.000000e+00 1.000000e+00 1.000000e-01
5.607000e+03 0.000000e+00 1.000000e+00 1.000000e-01
5.607010e+03 0.000000e+00 1.000000e+00 1.000000e-01
5.607020e+03 0.000000e+00 1.000000e+00 1.000000e-01
5.607030e+03 0.000000e+00 1.000000e+00 1.000000e-01
5.607040e+03 0.000000e+00 1.000000e+00 1.000000e-01
5.607050e+03 0.000000e+00 1.000000e+00 1.000000e-01
5.607060e+03 0.000000e+00 1.000000e+00 1.000000e-01
5.607070e+03 0.000000e+00 1.000000e+00 1.000000e-01
5.607080e+03 0.000000e+00 1.000000e+00 1.000000e-01
5.607090e+03 0.000000e+00 1.000000e+00 1.000000e-01
5.607100e+03 0.000000e+00 1.000000e+00 1.000000e-01
5.607110e+03 0.000000e+00 1.000000e+00 1.000000e-01
5.607120e+03 0.000000e+00 1.000000e+00 1.000000e-01
5.607130e+03 0.000000e+00 1.000000e+00 1.000000e-01
5.607140e+03 0.000000e+00 1.000000e+00 1.000000e-01
5.607150e+03 0.000000e+00 1.000000e+00 1.000000e-01
5.607160e+03 0.000000e+00 1.000000e+00 1.000000e-01
5.607170e+03 0.000000e+00 1.000000e+00 1.000000e-01
5.607180e+03 0.000000e+00 1.000000e+00 1.000000e-01
5.607190e+03 0.000000e+00 1.000000e+00 1.000000e-01
5.607200e+03 0.000000e+00 1.000000e+00 1.000000e-01
5.607210e+03 0.000000e+00 1.000000e+00 1.000000e-01
5.607220e+03 0.000000e+00 1.000000e+00 1.000000e-01
5.607230e+03 0.000000e+00 1.000000e+00 1.000000e-01
5.607240e+03 0.000000e+00 1.000000e+00 1.000000e-01
5.607250e+03 0.000000e+00 1.000000e+00 1.000000e-01
5.607260e+03 0.000000e+00 1.000000e+00 1.000000e-01
5.607270e+03 0.000000e+00 1.000000e+00 1.000000e-01
5.607280e+03 0.000000e+00 1.000000e+00 1.000000e-01
5.607290e+03 0.000000e+00 1.000000e+00 1.000000e-01
5.607300e+03 0.000000e+00 1.000000e+00 1.000000e-01
5.607310e+03 0.000000e+00 1.000000e+00 1.000000e-01
5.607320e+03 0.000000e+00 1.000000e+00 1.000000e-01
5.607330e+03 0.000000e+00 1.000000e+00 1.000000e-01
5.607340e+03 0.000000e+00 1.000000e+00 1.000000e-01
5.607350e+03 0.000000e+00 1.000000e+00 1.000000e-01
5.607360e+03 0.000000e+00 1.000000e+00 1.000000e-01
5.607370e+03 0.000000e+00 1.000000e+00 1.000000e-01
5.607380e+03 0.000000e+00 1.000000e+00 1.000000e-01
5.607390e+03 0.000000e+00 1.000000e+00 1.000000e-01
5.607400e+03 0.000000e+00 1.000000e+00 1.000000e-01
5.607410e+03 0.000000e+00 1.000000e+00 1.000000e-01
5.607420e+03 0.000000e+00 1.000000e+00 1.000000e-01
5.607430e+03 0.000000e+00 1.000000e+00 1.000000e-01
5.607440e+03 0.000000e+00 1.000000e+00 1.000000e-01
5.607450e+03 0.000000e+00 1.000000e+00 1.000000e-01
5.607460e+03 0.000000e+00 1.000000e+00 1.000000e-01
5.607470e+03 0.000000e+00 1.000000e+00 1.000000e-01
5.607480e+03 0.000000e+00 1.000000e+00 1.000000e-01
5.607490e+03 0.000000e+00 1.000000e+00 1.000000e-01
5.607500e+03 0.000000e+00 1.000000e+00 1.000000e-01
5.607510e+03 0.000000e+00 1.000000e+00 1.000000e-01
5.607520e+03 0.000000e+00 1.000000e+00 1.000000e-01
5.607530e+03 0.000000e+00 1.000000e+00 1.000000e-01
5.607540e+03 0.000000e+00 1.000000e+00 1.000000e-01
5.607550e+03 0.000000e+00 1.000000e+00 1.000000e-01
5.607560e+03 0.000000e+00 1.000000e+00 1.000000e-01
5.607570e+03 0.000000e+00 1.000000e+00 1.000000e-01
5.607580e+03 0.000000e+00 1.000000e+00 1.000000e-01
5.607590e+03 0.000000e+00 1.000000e+00 1.000000e-01
5.607600e+03 0.000000e+00 1.000000e+00 1.000000e-01
5.607610e+03 0.000000e+00 1.000000e+00 1.000000e-01
5.607620e+03 0.000000e+00 1.000000e+00 1.000000e-01
5.607630e+03 0.000000e+00 1.000000e+00 1.000000e-01
5.607640e+03 0.000000e+00 1.000000e+00 1.000000e-01
5.607650e+03 0.000000e+00 1.000000e+00 1.000000e-01
5.607660e+03 0.000000e+00 1.000000e+00 1.000000e-01
5.607670e+03 0.000000e+00 1.000000e+00 1.000000e-01
5.607680e+03 0.000000e+00 1.000000e+00 1.000000e-01
5.607690e+03 0.000000e+00 1.000000e+00 1.000000e-01
5.607700e+03 0.000000e+00 1.000000e+00 1.000000e-01
5.607710e+03 0.000000e+00 1.000000e+00 1.000000e-01
5.607720e+03 0.000000e+00 1.000000e+00 1.000000e-01
5.607730e+03 0.000000e+00 1.000000e+00 1.000000e-01
5.607740e+03 0.000000e+00 1.000000e+00 1.000000e-01
5.607750e+03 0.000000e+00 1.000000e+00 1.000000e-01
5.607760e+03 0.000000e+00 1.000000e+00 1.000000e-01
5.607770e+03 0.000000e+00 1.000000e+00 1.000000e-01
5.607780e+03 0.000000e+00 1.000000e+00 1.000000e-01
5.607790e+03 0.000000e+00 1.000000e+00 1.000000e-01
5.607800e+03 0.000000e+00 1.000000e+00 1.000000e-01
5.607810e+03 0.000000e+00 1.000000e+00 1.000000e-01
5.607820e+03 0.000000e+00 1.000000e+00 1.000000e-01
5.607830e+03 0.000000e+00 1.000000e+00 1.000000e-01
5.607840e+03 0.000000e+00 1.000000e+00 1.000000e-01
5.607850e+03 0.000000e+00 1.000000e+00 1.000000e-01
5.607860e+03 0.000000e+00 1.000000e+00 1.000000e-01
5.607870e+03 0.000000e+00 1.000000e+00 1.000000e-01
5.607880e+03 0.000000e+00 1.000000e+00 1.000000e-01
5.607890e+03 0.000000e+00 1.000000e+00 1.000000e-01
5.607900e+03 0.000000e+00 1.000000e+00 1.000000e-01
5.607910e+03 0.000000e+00 1.000000e+00 1.000000e-01
5.607920e+03 0.000000e+00 1.000000e+00 1.000000e-01
5.607930e+03 0.000000e+00 1.000000e+00 1.000000e-01
5.607940e+03 0.000000e+00 1.000000e+00 1.000000e-01
5.607950e+03 0.000000e+00 1.000000e+00 1.000000e-01
5.607960e+03 0.000000e+00 1.000000e+00 1.000000e-01
5.607970e+03 0.000000e+00 1.000000e+00 1.000000e-01
5.607980e+03 0.000000e+00 1.000000e+00 1.000000e-01
5.607990e+03 0.000000e+00 1.000000e+00 1.000000e-01
5.608000e+03 0.000000e+00 1.000000e+00 1.000000e-01
5.608010e+03 0.000000e+00 1.000000e+00 1.000000e-01
5.608020e+03 0.000000e+00 1.000000e+00 1.000000e-01
5.608030e+03 0.000000e+00 1.000000e+00 1.000000e-01
5.608040e+03 0.000000e+00 1.000000e+00 1.000000e-01
5.608050e+03 0.000000e+00 1.000000e+00 1.000000e-01
5.608060e+03 0.000000e+00 1.000000e+00 1.000000e-01
5.608070e+03 0.000000e+00 1.000000e+00 1.000000e-01
5.608080e+03 0.000000e+00 1.000000e+00 1.000000e-01
5.608090e+03 0.000000e+00 1.000000e+00 1.000000e-01
5.608100e+03 0.000000e+00 1.000000e+00 1.000000e-01
5.608110e+03 0.000000e+00 1.000000e+00 1.000000e-01
5.608120e+03 0.000000e+00 1.000000e+00 1.000000e-01
5.608130e+03 0.000000e+00 1.000000e+00 1.000000e-01
5.608140e+03 0.000000e+00 1.000000e+00 1.000000e-01
5.608150e+03 0.000000e+00 1.000000e+00 1.000000e-01
5.608160e+03 0.000000e+00 1.000000e+00 1.000000e-01
5.608170e+03 0.000000e+00 1.000000e+00 1.000000e-01
5.608180e+03 0.000000e+00 1.000000e+00 1.000000e-01
5.608190e+03 0.000000e+00 1.000000e+00 1.000000e-01
5.608200e+03 0.000000e+00 1.000000e+00 1.000000e-01
5.608210e+03 0.000000e+00 1.000000e+00 1.000000e-01
5.608220e+03 0.000000e+00 1.000000e+00 1.000000e-01
5.608230e+03 0.000000e+00 1.000000e+00 1.000000e-01
5.608240e+03 0.000000e+00 1.000000e+00 1.000000e-01
5.608250e+03 0.000000e+00 1.000000e+00 1.000000e-01
5.608260e+03 0.000000e+00 1.000000e+00 1.000000e-01
5.608270e+03 0.000000e+00 1.000000e+00 1.000000e-01
5.608280e+03 0.000000e+00 1.000000e+00 1.000000e-01
5.608290e+03 0.000000e+00 1.000000e+00 1.000000e-01
5.608300e+03 0.000000e+00 1.000000e+00 1.000000e-01
5.608310e+03 0.000000e+00 1.000000e+00 1.000000e-01
5.608320e+03 0.000000e+00 1.000000e+00 1.000000e-01
5.608330e+03 0.000000e+00 1.000000e+00 1.000000e-01
5.608340e+03 0.000000e+00 1.000000e+00 1.000000e-01
5.608350e+03 0.000000e+00 1.000000e+00 1.000000e-01
5.608360e+03 0.000000e+00 1.000000e+00 1.000000e-01
5.608370e+03 0.000000e+00 1.000000e+00 1.000000e-01
5.608380e+03 0.000000e+00 1.000000e+00 1.000000e-01
5.608390e+03 0.000000e+00 1.000000e+00 1.000000e-01
5.608400e+03 0.000000e+00 1.000000e+00 1.000000e-01
5.608410e+03 0.000000e+00 1.000000e+00 1.000000e-01
5.608420e+03 0.000000e+00 1.000000e+00 1.000000e-01
5.608430e+03 0.000000e+00 1.000000e+00 1.000000e-01
5.608440e+03 0.000000e+00 1.000000e+00 1.000000e-01
5.608450e+03 0.000000e+00 1.000000e+00 1.000000e-01
5.608460e+03 0.000000e+00 1.000000e+00 1.000000e-01
5.608470e+03 0.000000e+00 1.000000e+00 1.000000e-01
5.608480e+03 0.000000e+00 1.000000e+00 1.000000e-01
5.608490e+03 0.000000e+00 1.000000e+00 1.000000e-01
5.608500e+03 0.000000e+00 1.000000e+00 1.000000e-01
5.608510e+03 0.000000e+00 1.000000e+00 1.000000e-01
5.608520e+03 0.000000e+00 1.000000e+00 1.000000e-01
5.608530e+03 0.000000e+00 1.000000e+00 1.000000e-01
5.608540e+03 0.000000e+00 1.000000e+00 1.000000e-01
5.608550e+03 0.000000e+00 1.000000e+00 1.000000e-01
5.608560e+03 0.000000e+00 1.000000e+00 1.000000e-01
5.608570e+03 0.000000e+00 1.000000e+00 1.000000e-01
5.608580e+03 0.000000e+00 1.000000e+00 1.000000e-01
5.608590e+03 0.000000e+00 1.000000e+00 1.000000e-01
5.608600e+03 0.000000e+00 1.000000e+00 1.000000e-01
5.608610e+03 0.000000e+00 1.000000e+00 1.000000e-01
5.608620e+03 0.000000e+00 1.000000e+00 1.000000e-01
5.608630e+03 0.000000e+00 1.000000e+00 1.000000e-01
5.608640e+03 0.000000e+00 1.000000e+00 1.000000e-01
5.608650e+03 0.000000e+00 1.000000e+00 1.000000e-01
5.608660e+03 0.000000e+00 1.000000e+00 1.000000e-01
5.608670e+03 0.000000e+00 1.000000e+00 1.000000e-01
5.608680e+03 0.000000e+00 1.000000e+00 1.000000e-01
5.608690e+03 0.000000e+00 1.000000e+00 1.000000e-01
5.608700e+03 0.000000e+00 1.000000e+00 1.000000e-01
5.608710e+03 0.000000e+00 1.000000e+00 1.000000e-01
5.608720e+03 0.000000e+00 1.000000e+00 1.000000e-01
5.608730e+03 0.000000e+00 1.000000e+00 1.000000e-01
5.608740e+03 0.000000e+00 1.000000e+00 1.000000e-01
5.608750e+03 0.000000e+00 1.000000e+00 1.000000e-01
5.608760e+03 0.000000e+00 1.000000e+00 1.000000e-01
5.608770e+03 0.000000e+00 1.000000e+00 1.000000e-01
5.608780e+03 0.000000e+00 1.000000e+00 1.000000e-01
5.608790e+03 0.000000e+00 1.000000e+00 1.000000e-01
5.608800e+03 0.000000e+00 1.000000e+00 1.000000e-01
5.608810e+03 0.000000e+00 1.000000e+00 1.000000e-01
5.608820e+03 0.000000e+00 1.000000e+00 1.000000e-01
5.608830e+03 0.000000e+00 1.000000e+00 1.000000e-01
5.608840e+03 0.000000e+00 1.000000e+00 1.000000e-01
5.608850e+03 0.000000e+00 1.000000e+00 1.000000e-01
5.608860e+03 0.000000e+00 1.000000e+00 1.000000e-01
5.608870e+03 0.000000e+00 1.000000e+00 1.000000e-01
5.608880e+03 0.000000e+00 1.000000e+00 1.000000e-01
5.608890e+03 0.000000e+00 1.000000e+00 1.000000e-01
5.608900e+03 0.000000e+00 1.000000e+00 1.000000e-01
5.608910e+03 0.000000e+00 1.000000e+00 1.000000e-01
5.608920e+03 0.000000e+00 1.000000e+00 1.000000e-01
5.608930e+03 0.000000e+00 1.000000e+00 1.000000e-01
5.608940e+03 0.000000e+00 1.000000e+00 1.000000e-01
5.608950e+03 0.000000e+00 1.000000e+00 1.000000e-01
5.608960e+03 0.000000e+00 1.000000e+00 1.000000e-01
5.608970e+03 0.000000e+00 1.000000e+00 1.000000e-01
5.608980e+03 0.000000e+00 1.000000e+00 1.000000e-01
5.608990e+03 0.000000e+00 1.000000e+00 1.000000e-01
5.609000e+03 0.000000e+00 1.000000e+00 1.000000e-01
5.609010e+03 0.000000e+00 1.000000e+00 1.000000e-01
5.609020e+03 0.000000e+00 1.000000e+00 1.000000e-01
5.609030e+03 0.000000e+00 1.000000e+00 1.000000e-01
5.609040e+03 0.000000e+00 1.000000e+00 1.000000e-01
5.609050e+03 0.000000e+00 1.000000e+00 1.000000e-01
5.609060e+03 0.000000e+00 1.000000e+00 1.000000e-01
5.609070e+03 0.000000e+00 1.000000e+00 1.000000e-01
5.609080e+03 0.000000e+00 1.000000e+00 1.000000e-01
5.609090e+03 0.000000e+00 1.000000e+00 1.000000e-01
5.609100e+03 0.000000e+00 1.000000e+00 1.000000e-01
5.609110e+03 0.000000e+00 1.000000e+00 1.000000e-01
5.609120e+03 0.000000e+00 1.000000e+00 1.000000e-01
5.609130e+03 0.000000e+00 1.000000e+00 1.000000e-01
5.609140e+03 0.000000e+00 1.000000e+00 1.000000e-01
5.609150e+03 0.000000e+00 1.000000e+00 1.000000e-01
5.609160e+03 0.000000e+00 1.000000e+00 1.000000e-01
5.609170e+03 0.000000e+00 1.000000e+00 1.000000e-01
5.609180e+03 0.000000e+00 1.000000e+00 1.000000e-01
5.609190e+03 0.000000e+00 1.000000e+00 1.000000e-01
5.609200e+03 0.000000e+00 1.000000e+00 1.000000e-01
5.609210e+03 0.000000e+00 1.000000e+00 1.000000e-01
5.609220e+03 0.000000e+00 1.000000e+00 1.000000e-01
5.609230e+03 0.000000e+00 1.000000e+00 1.000000e-01
5.609240e+03 0.000000e+00 1.000000e+00 1.000000e-01
5.609250e+03 0.000000e+00 1.000000e+00 1.000000e-01
5.609260e+03 0.000000e+00 1.000000e+00 1.000000e-01
5.609270e+03 0.000000e+00 1.000000e+00 1.000000e-01
5.609280e+03 0.000000e+00 1.000000e+00 1.000000e-01
5.609290e+03 0.000000e+00 1.000000e+00 1.000000e-01
5.609300e+03 0.000000e+00 1.000000e+00 1.000000e-01
5.609310e+03 0.000000e+00 1.000000e+00 1.000000e-01
5.609320e+03 0.000000e+00 1.000000e+00 1.000000e-01
5.609330e+03 0.000000e+00 1.000000e+00 1.000000e-01
5.609340e+03 0.000000e+00 1.000000e+00 1.000000e-01
5.609350e+03 0.000000e+00 1.000000e+00 1.000000e-01
5.609360e+03 0.000000e+00 1.000000e+00 1.000000e-01
5.609370e+03 0.000000e+00 1.000000e+00 1.000000e-01
5.609380e+03 0.000000e+00 1.000000e+00 1.000000e-01
5.609390e+03 0.000000e+00 1.000000e+00 1.000000e-01
5.609400e+03 0.000000e+00 1.000000e+00 1.000000e-01
5.609410e+03 0.000000e+00 1.000000e+00 1.000000e-01
5.609420e+03 0.000000e+00 1.000000e+00 1.000000e-01
5.609430e+03 0.000000e+00 1.000000e+00 1.000000e-01
5.609440e+03 0.000000e+00 1.000000e+00 1.000000e-01
5.609450e+03 0.000000e+00 1.000000e+00 1.000000e-01
5.609460e+03 0.000000e+00 1.000000e+00 1.000000e-01
5.609470e+03 0.000000e+00 1.000000e+00 1.000000e-01
5.609480e+03 0.000000e+00 1.000000e+00 1.000000e-01
5.609490e+03 0.000000e+00 1.000000e+00 1.000000e-01
5.609500e+03 0.000000e+00 1.000000e+00 1.000000e-01
5.609510e+03 0.000000e+00 1.000000e+00 1.000000e-01
5.609520e+03 0.000000e+00 1.000000e+00 1.000000e-01
5.609530e+03 0.000000e+00 1.000000e+00 1.000000e-01
5.609540e+03 0.000000e+00 1.000000e+00 1.000000e-01
5.609550e+03 0.000000e+00 1.000000e+00 1.000000e-01
5.609560e+03 0.000000e+00 1.000000e+00 1.000000e-01
5.609570e+03 0.000000e+00 1.000000e+00 1.000000e-01
5.609580e+03 0.000000e+00 1.000000e+00 1.000000e-01
5.609590e+03 0.000000e+00 1.000000e+00 1.000000e-01
5.609600e+03 0.000000e+00 1.000000e+00 1.000000e-01
5.609610e+03 0.000000e+00 1.000000e+00 1.000000e-01
5.609620e+03 0.000000e+00 1.000000e+00 1.000000e-01
5.609630e+03 0.000000e+00 1.000000e+00 1.000000e-01
5.609640e+03 0.000000e+00 1.000000e+00 1.000000e-01
5.609650e+03 0.000000e+00 1.000000e+00 1.000000e-01
5.609660e+03 0.000000e+00 1.000000e+00 1.000000e-01
5.609670e+03 0.000000e+00 1.000000e+00 1.000000e-01
5.609680e+03 0.000000e+00 1.000000e+00 1.000000e-01
5.609690e+03 0.000000e+00 1.000000e+00 1.000000e-01
5.609700e+03 0.000000e+00 1.000000e+00 1.000000e-01
5.609710e+03 0.000000e+00 1.000000e+00 1.000000e-01
5.609720e+03 0.000000e+00 1.000000e+00 1.000000e-01
5.609730e+03 0.000000e+00 1.000000e+00 1.000000e-01
5.609740e+03 0.000000e+00 1.000000e+00 1.000000e-01
5.609750e+03 0.000000e+00 1.000000e+00 1.000000e-01
5.609760e+03 0.000000e+00 1.000000e+00 1.000000e-01
5.609770e+03 0.000000e+00 1.000000e+00 1.000000e-01
5.609780e+03 0.000000e+00 1.000000e+00 1.000000e-01
5.609790e+03 0.000000e+00 1.000000e+00 1.000000e-01
5.609800e+03 0.000000e+00 1.000000e+00 1.000000e-01
5.609810e+03 0.000000e+00 1.000000e+00 1.000000e-01
5.609820e+03 0.000000e+00 1.000000e+00 1.000000e-01
5.609830e+03 0.000000e+00 1.000000e+00 1.000000e-01
5.609840e+03 0.000000e+00 1.000000e+00 1.000000e-01
5.609850e+03 0.000000e+00 1.000000e+00 1.000000e-01
5.609860e+03 0.000000e+00 1.000000e+00 1.000000e-01
5.609870e+03 0.000000e+00 1.000000e+00 1.000000e-01
5.609880e+03 0.000000e+00 1.000000e+00 1.000000e-01
5.609890e+03 0.000000e+00 1.000000e+00 1.000000e-01
5.609900e+03 0.000000e+00 1.000000e+00 1.000000e-01
5.609910e+03 0.000000e+00 1.000000e+00 1.000000e-01
5.609920e+03 0.000000e+00 1.000000e+00 1.000000e-01
5.609930e+03 0.000000e+00 1.000000e+00 1.000000e-01
5.609940e+03 0.000000e+00 1.000000e+00 1.000000e-01
5.609950e+03 0.000000e+00 1.000000e+00 1.000000e-01
5.609960e+03 0.000000e+00 1.000000e+00 1.000000e-01
5.609970e+03 0.000000e+00 1.000000e+00 1.000000e-01
5.609980e+03 0.000000e+00 1.000000e+00 1.000000e-01
5.609990e+03 0.000000e+00 1.000000e+00 1.000000e-01
5.610000e+03 0.000000e+00 1.000000e+00 1.000000e-01
5.610010e+03 0.000000e+00 1.000000e+00 1.000000e-01
5.610020e+03 0.000000e+00 1.000000e+00 1.000000e-01
5.610030e+03 0.000000e+00 1.000000e+00 1.000000e-01
5.610040e+03 0.000000e+00 1.000000e+00 1.000000e-01
5.610050e+03 0.000000e+00 1.000000e+00 1.000000e-01
5.610060e+03 0.000000e+00 1.000000e+00 1.000000e-01
5.610070e+03 0.000000e+00 1.000000e+00 1.000000e-01
5.610080e+03 0.000000e+00 1.000000e+00 1.000000e-01
5.610090e+03 0.000000e+00 1.000000e+00 1.000000e-01
5.610100e+03 0.000000e+00 1.000000e+00 1.000000e-01
5.610110e+03 0.000000e+00 1.000000e+00 1.000000e-01
5.610120e+03 0.000000e+00 1.000000e+00 1.000000e-01
5.610130e+03 0.000000e+00 1.000000e+00 1.000000e-01
5.610140e+03 0.000000e+00 1.000000e+00 1.000000e-01
5.610150e+03 0.000000e+00 1.000000e+00 1.000000e-01
5.610160e+03 0.000000e+00 1.000000e+00 1.000000e-01
5.610170e+03 0.000000e+00 1.000000e+00 1.000000e-01
5.610180e+03 0.000000e+00 1.000000e+00 1.000000e-01
5.610190e+03 0.000000e+00 1.000000e+00 1.000000e-01
5.610200e+03 0.000000e+00 1.000000e+00 1.000000e-01
5.610210e+03 0.000000e+00 1.000000e+00 1.000000e-01
5.610220e+03 0.000000e+00 1.000000e+00 1.000000e-01
5.610230e+03 0.000000e+00 1.000000e+00 1.000000e-01
5.610240e+03 0.000000e+00 1.000000e+00 1.000000e-01
5.610250e+03 0.000000e+00 1.000000e+00 1.000000e-01
5.610260e+03 0.000000e+00 1.000000e+00 1.000000e-01
5.610270e+03 0.000000e+00 1.000000e+00 1.000000e-01
5.610280e+03 0.000000e+00 1.000000e+00 1.000000e-01
5.610290e+03 0.000000e+00 1.000000e+00 1.000000e-01
5.610300e+03 0.000000e+00 1.000000e+00 1.000000e-01
5.610310e+03 0.000000e+00 1.000000e+00 1.000000e-01
5.610320e+03 0.000000e+00 1.000000e+00 1.000000e-01
5.610330e+03 0.000000e+00 1.000000e+00 1.000000e-01
5.610340e+03 0.000000e+00 1.000000e+00 1.000000e-01
5.610350e+03 0.000000e+00 1.000000e+00 1.000000e-01
5.610360e+03 0.000000e+00 1.000000e+00 1.000000e-01
5.610370e+03 0.000000e+00 1.000000e+00 1.000000e-01
5.610380e+03 0.000000e+00 1.000000e+00 1.000000e-01
5.610390e+03 0.000000e+00 1.000000e+00 1.000000e-01
5.610400e+03 0.000000e+00 1.000000e+00 1.000000e-01
5.610410e+03 0.000000e+00 1.000000e+00 1.000000e-01
5.610420e+03 0.000000e+00 1.000000e+00 1.000000e-01
5.610430e+03 0.000000e+00 1.000000e+00 1.000000e-01
5.610440e+03 0.000000e+00 1.000000e+00 1.000000e-01
5.610450e+03 0.000000e+00 1.000000e+00 1.000000e-01
5.610460e+03 0.000000e+00 1.000000e+00 1.000000e-01
5.610470e+03 0.000000e+00 1.000000e+00 1.000000e-01
5.610480e+03 0.000000e+00 1.000000e+00 1.000000e-01
5.610490e+03 0.000000e+00 1.000000e+00 1.000000e-01
5.610500e+03 0.000000e+00 1.000000e+00 1.000000e-01
5.610510e+03 0.000000e+00 1.000000e+00 1.000000e-01
5.610520e+03 0.000000e+00 1.000000e+00 1.000000e-01
5.610530e+03 0.000000e+00 1.000000e+00 1.000000e-01
5.610540e+03 0.000000e+00 1.000000e+00 1.000000e-01
5.610550e+03 0.000000e+00 1.000000e+00 1.000000e-01
5.610560e+03 0.000000e+00 1.000000e+00 1.000000e-01
5.610570e+03 0.000000e+00 1.000000e+00 1.000000e-01
5.610580e+03 0.000000e+00 1.000000e+00 1.000000e-01
5.610590e+03 0.000000e+00 1.000000e+00 1.000000e-01
5.610600e+03 0.000000e+00 1.000000e+00 1.000000e-01
5.610610e+03 0.000000e+00 1.000000e+00 1.000000e-01
5.610620e+03 0.000000e+00 1.000000e+00 1.000000e-01
5.610630e+03 0.000000e+00 1.000000e+00 1.000000e-01
5.610640e+03 0.000000e+00 1.000000e+00 1.000000e-01
5.610650e+03 0.000000e+00 1.000000e+00 1.000000e-01
5.610660e+03 0.000000e+00 1.000000e+00 1.000000e-01
5.610670e+03 0.000000e+00 1.000000e+00 1.000000e-01
5.610680e+03 0.000000e+00 1.000000e+00 1.000000e-01
5.610690e+03 0.000000e+00 1.000000e+00 1.000000e-01
5.610700e+03 0.000000e+00 1.000000e+00 1.000000e-01
5.610710e+03 0.000000e+00 1.000000e+00 1.000000e-01
5.610720e+03 0.000000e+00 1.000000e+00 1.000000e-01
5.610730e+03 0.000000e+00 1.000000e+00 1.000000e-01
5.610740e+03 0.000000e+00 1.000000e+00 1.000000e-01
5.610750e+03 0.000000e+00 1.000000e+00 1.000000e-01
5.610760e+03 0.000000e+00 1.000000e+00 1.000000e-01
5.610770e+03 0.000000e+00 1.000000e+00 1.000000e-01
5.610780e+03 0.000000e+00 1.000000e+00 1.000000e-01
5.610790e+03 0.000000e+00 1.000000e+00 1.000000e-01
5.610800e+03 0.000000e+00 1.000000e+00 1.000000e-01
5.610810e+03 0.000000e+00 1.000000e+00 1.000000e-01
5.610820e+03 0.000000e+00 1.000000e+00 1.000000e-01
5.610830e+03 0.000000e+00 1.000000e+00 1.000000e-01
5.610840e+03 0.000000e+00 1.000000e+00 1.000000e-01
5.610850e+03 0.000000e+00 1.000000e+00 1.000000e-01
5.610860e+03 0.000000e+00 1.000000e+00 1.000000e-01
5.610870e+03 0.000000e+00 1.000000e+00 1.000000e-01
5.610880e+03 0.000000e+00 1.000000e+00 1.000000e-01
5.610890e+03 0.000000e+00 1.000000e+00 1.000000e-01
5.610900e+03 0.000000e+00 1.000000e+00 1.000000e-01
5.610910e+03 0.000000e+00 1.000000e+00 1.000000e-01
5.610920e+03 0.000000e+00 1.000000e+00 1.000000e-01
5.610930e+03 0.000000e+00 1.000000e+00 1.000000e-01
5.610940e+03 0.000000e+00 1.000000e+00 1.000000e-01
5.610950e+03 0.000000e+00 1.000000e+00 1.000000e-01
5.610960e+03 0.000000e+00 1.000000e+00 1.000000e-01
5.610970e+03 0.000000e+00 1.000000e+00 1.000000e-01
5.610980e+03 0.000000e+00 1.000000e+00 1.000000e-01
5.610990e+03 0.000000e+00 1.000000e+00 1.000000e-01
5.611000e+03 0.000000e+00 1.000000e+00 1.000000e-01
5.611010e+03 0.000000e+00 1.000000e+00 1.000000e-01
5.611020e+03 0.000000e+00 1.000000e+00 1.000000e-01
5.611030e+03 0.000000e+00 1.000000e+00 1.000000e-01
5.611040e+03 0.000000e+00 1.000000e+00 1.000000e-01
5.611050e+03 0.000000e+00 1.000000e+00 1.000000e-01
5.611060e+03 0.000000e+00 1.000000e+00 1.000000e-01
5.611070e+03 0.000000e+00 1.000000e+00 1.000000e-01
5.611080e+03 0.000000e+00 1.000000e+00 1.000000e-01
5.611090e+03 0.000000e+00 1.000000e+00 1.000000e-01
5.611100e+03 0.000000e+00 1.000000e+00 1.000000e-01
5.611110e+03 0.000000e+00 1.000000e+00 1.000000e-01
5.611120e+03 0.000000e+00 1.000000e+00 1.000000e-01
5.611130e+03 0.000000e+00 1.000000e+00 1.000000e-01
5.611140e+03 0.000000e+00 1.000000e+00 1.000000e-01
5.611150e+03 0.000000e+00 1.000000e+00 1.000000e-01
5.611160e+03 0.000000e+00 1.000000e+00 1.000000e-01
5.611170e+03 0.000000e+00 1.000000e+00 1.000000e-01
5.611180e+03 0.000000e+00 1.000000e+00 1.000000e-01
5.611190e+03 0.000000e+00 1.000000e+00 1.000000e-01
5.611200e+03 0.000000e+00 1.000000e+00 1.000000e-01
5.611210e+03 0.000000e+00 1.000000e+00 1.000000e-01
5.611220e+03 0.000000e+00 1.000000e+00 1.000000e-01
5.611230e+03 0.000000e+00 1.000000e+00 1.000000e-01
5.611240e+03 0.000000e+00 1.000000e+00 1.000000e-01
5.611250e+03 0.000000e+00 1.000000e+00 1.000000e-01
5.611260e+03 0.000000e+00 1.000000e+00 1.000000e-01
5.611270e+03 0.000000e+00 1.000000e+00 1.000000e-01
5.611280e+03 0.000000e+00 1.000000e+00 1.000000e-01
5.611290e+03 0.000000e+00 1.000000e+00 1.000000e-01
5.611300e+03 0.000000e+00 1.000000e+00 1.000000e-01
5.611310e+03 0.000000e+00 1.000000e+00 1.000000e-01
5.611320e+03 0.000000e+00 1.000000e+00 1.000000e-01
5.611330e+03 0.000000e+00 1.000000e+00 1.000000e-01
5.611340e+03 0.000000e+00 1.000000e+00 1.000000e-01
5.611350e+03 0.000000e+00 1.000000e+00 1.000000e-01
5.611360e+03 0.000000e+00 1.000000e+00 1.000000e-01
5.611370e+03 0.000000e+00 1.000000e+00 1.000000e-01
5.611380e+03 0.000000e+00 1.000000e+00 1.000000e-01
5.611390e+03 0.000000e+00 1.000000e+00 1.000000e-01
5.611400e+03 0.000000e+00 1.000000e+00 1.000000e-01
5.611410e+03 0.000000e+00 1.000000e+00 1.000000e-01
5.611420e+03 0.000000e+00 1.000000e+00 1.000000e-01
5.611430e+03 0.000000e+00 1.000000e+00 1.000000e-01
5.611440e+03 0.000000e+00 1.000000e+00 1.000000e-01
5.611450e+03 0.000000e+00 1.000000e+00 1.000000e-01
5.611460e+03 0.000000e+00 1.000000e+00 1.000000e-01
5.611470e+03 0.000000e+00 1.000000e+00 1.000000e-01
5.611480e+03 0.000000e+00 1.000000e+00 1.000000e-01
5.611490e+03 0.000000e+00 1.000000e+00 1.000000e-01
5.611500e+03 0.000000e+00 1.000000e+00 1.000000e-01
5.611510e+03 0.000000e+00 1.000000e+00 1.000000e-01
5.611520e+03 0.000000e+00 1.000000e+00 1.000000e-01
5.611530e+03 0.000000e+00 1.000000e+00 1.000000e-01
5.611540e+03 0.000000e+00 1.000000e+00 1.000000e-01
5.611550e+03 0.000000e+00 1.000000e+00 1.000000e-01
5.611560e+03 0.000000e+00 1.000000e+00 1.000000e-01
5.611570e+03 0.000000e+00 1.000000e+00 1.000000e-01
5.611580e+03 0.000000e+00 1.000000e+00 1.000000e-01
5.611590e+03 0.000000e+00 1.000000e+00 1.000000e-01
5.611600e+03 0.000000e+00 1.000000e+00 1.000000e-01
5.611610e+03 0.000000e+00 1.000000e+00 1.000000e-01
5.611620e+03 0.000000e+00 1.000000e+00 1.000000e-01
5.611630e+03 0.000000e+00 1.000000e+00 1.000000e-01
5.611640e+03 0.000000e+00 1.000000e+00 1.000000e-01
5.611650e+03 0.000000e+00 1.000000e+00 1.000000e-01
5.611660e+03 0.000000e+00 1.000000e+00 1.000000e-01
5.611670e+03 0.000000e+00 1.000000e+00 1.000000e-01
5.611680e+03 0.000000e+00 1.000000e+00 1.000000e-01
5.611690e+03 0.000000e+00 1.000000e+00 1.000000e-01
5.611700e+03 0.000000e+00 1.000000e+00 1.000000e-01
5.611710e+03 0.000000e+00 1.000000e+00 1.000000e-01
5.611720e+03 0.000000e+00 1.000000e+00 1.000000e-01
5.611730e+03 0.000000e+00 1.000000e+00 1.000000e-01
5.611740e+03 0.000000e+00 1.000000e+00 1.000000e-01
5.611750e+03 0.000000e+00 1.000000e+00 1.000000e-01
5.611760e+03 0.000000e+00 1.000000e+00 1.000000e-01
5.611770e+03 0.000000e+00 1.000000e+00 1.000000e-01
5.611780e+03 0.000000e+00 1.000000e+00 1.000000e-01
5.611790e+03 0.000000e+00 1.000000e+00 1.000000e-01
5.611800e+03 0.000000e+00 1.000000e+00 1.000000e-01
5.611810e+03 0.000000e+00 1.000000e+00 1.000000e-01
5.611820e+03 0.000000e+00 1.000000e+00 1.000000e-01
5.611830e+03 0.000000e+00 1.000000e+00 1.000000e-01
5.611840e+03 0.000000e+00 1.000000e+00 1.000000e-01
5.611850e+03 0.000000e+00 1.000000e+00 1.000000e-01
5.611860e+03 0.000000e+00 1.000000e+00 1.000000e-01
5.611870e+03 0.000000e+00 1.000000e+00 1.000000e-01
5.611880e+03 0.000000e+00 1.000000e+00 1.000000e-01
5.611890e+03 0.000000e+00 1.000000e+00 1.000000e-01
5.611900e+03 0.000000e+00 1.000000e+00 1.000000e-01
5.611910e+03 0.000000e+00 1.000000e+00 1.000000e-01
5.611920e+03 0.000000e+00 1.000000e+00 1.000000e-01
5.611930e+03 0.000000e+00 1.000000e+00 1.000000e-01
5.611940e+03 0.000000e+00 1.000000e+00 1.000000e-01
5.611950e+03 0.000000e+00 1.000000e+00 1.000000e-01
5.611960e+03 0.000000e+00 1.000000e+00 1.000000e-01
5.611970e+03 0.000000e+00 1.000000e+00 1.000000e-01
5.611980e+03 0.000000e+00 1.000000e+00 1.000000e-01
5.611990e+03 0.000000e+00 1.000000e+00 1.000000e-01
5.612000e+03 0.000000e+00 1.000000e+00 1.000000e-01
5.612010e+03 0.000000e+00 1.000000e+00 1.000000e-01
5.612020e+03 0.000000e+00 1.000000e+00 1.000000e-01
5.612030e+03 0.000000e+00 1.000000e+00 1.000000e-01
5.612040e+03 0.000000e+00 1.000000e+00 1.000000e-01
5.612050e+03 0.000000e+00 1.000000e+00 1.000000e-01
5.612060e+03 0.000000e+00 1.000000e+00 1.000000e-01
5.612070e+03 0.000000e+00 1.000000e+00 1.000000e-01
5.612080e+03 0.000000e+00 1.000000e+00 1.000000e-01
5.612090e+03 0.000000e+00 1.000000e+00 1.000000e-01
5.612100e+03 0.000000e+00 1.000000e+00 1.000000e-01
5.612110e+03 0.000000e+00 1.000000e+00 1.000000e-01
5.612120e+03 0.000000e+00 1.000000e+00 1.000000e-01
5.612130e+03 0.000000e+00 1.000000e+00 1.000000e-01
5.612140e+03 0.000000e+00 1.000000e+00 1.000000e-01
5.612150e+03 0.000000e+00 1.000000e+00 1.000000e-01
5.612160e+03 0.000000e+00 1.000000e+00 1.000000e-01
5.612170e+03 0.000000e+00 1.000000e+00 1.000000e-01
5.612180e+03 0.000000e+00 1.000000e+00 1.000000e-01
5.612190e+03 0.000000e+00 1.000000e+00 1.000000e-01
5.612200e+03 0.000000e+00 1.000000e+00 1.000000e-01
5.612210e+03 0.000000e+00 1.000000e+00 1.000000e-01
5.612220e+03 0.000000e+00 1.000000e+00 1.000000e-01
5.612230e+03 0.000000e+00 1.000000e+00 1.000000e-01
5.612240e+03 0.000000e+00 1.000000e+00 1.000000e-01
5.612250e+03 0.000000e+00 1.000000e+00 1.000000e-01
5.612260e+03 0.000000e+00 1.000000e+00 1.000000e-01
5.612270e+03 0.000000e+00 1.000000e+00 1.000000e-01
5.612280e+03 0.000000e+00 1.000000e+00 1.000000e-01
5.612290e+03 0.000000e+00 1.000000e+00 1.000000e-01
5.612300e+03 0.000000e+00 1.000000e+00 1.000000e-01
5.612310e+03 0.000000e+00 1.000000e+00 1.000000e-01
5.612320e+03 0.000000e+00 1.000000e+00 1.000000e-01
5.612330e+03 0.000000e+00 1.000000e+00 1.000000e-01
5.612340e+03 0.000000e+00 1.000000e+00 1.000000e-01
5.612350e+03 0.000000e+00 1.000000e+00 1.000000e-01
5.612360e+03 0.000000e+00 1.000000e+00 1.000000e-01
5.612370e+03 0.000000e+00 1.000000e+00 1.000000e-01
5.612380e+03 0.000000e+00 1.000000e+00 1.000000e-01
5.612390e+03 0.000000e+00 1.000000e+00 1.000000e-01
5.612400e+03 0.000000e+00 1.000000e+00 1.000000e-01
5.612410e+03 0.000000e+00 1.000000e+00 1.000000e-01
5.612420e+03 0.000000e+00 1.000000e+00 1.000000e-01
5.612430e+03 0.000000e+00 1.000000e+00 1.000000e-01
5.612440e+03 0.000000e+00 1.000000e+00 1.000000e-01
5.612450e+03 0.000000e+00 1.000000e+00 1.000000e-01
5.612460e+03 0.000000e+00 1.000000e+00 1.000000e-01
5.612470e+03 0.000000e+00 1.000000e+00 1.000000e-01
5.612480e+03 0.000000e+00 1.000000e+00 1.000000e-01
5.612490e+03 0.000000e+00 1.000000e+00 1.000000e-01
5.612500e+03 0.000000e+00 1.000000e+00 1.000000e-01
5.612510e+03 0.000000e+00 1.000000e+00 1.000000e-01
5.612520e+03 0.000000e+00 1.000000e+00 1.000000e-01
5.612530e+03 0.000000e+00 1.000000e+00 1.000000e-01
5.612540e+03 0.000000e+00 1.000000e+00 1.000000e-01
5.612550e+03 0.000000e+00 1.000000e+00 1.000000e-01
5.612560e+03 0.000000e+00 1.000000e+00 1.000000e-01
5.612570e+03 0.000000e+00 1.000000e+00 1.000000e-01
5.612580e+03 0.000000e+00 1.000000e+00 1.000000e-01
5.612590e+03 0.000000e+00 1.000000e+00 1.000000e-01
5.612600e+03 0.000000e+00 1.000000e+00 1.000000e-01
5.612610e+03 0.000000e+00 1.000000e+00 1.000000e-01
5.612620e+03 0.000000e+00 1.000000e+00 1.000000e-01
5.612630e+03 0.000000e+00 1.000000e+00 1.000000e-01
5.612640e+03 0.000000e+00 1.000000e+00 1.000000e-01
5.612650e+03 0.000000e+00 1.000000e+00 1.000000e-01
5.612660e+03 0.000000e+00 1.000000e+00 1.000000e-01
5.612670e+03 0.000000e+00 1.000000e+00 1.000000e-01
5.612680e+03 0.000000e+00 1.000000e+00 1.000000e-01
5.612690e+03 0.000000e+00 1.000000e+00 1.000000e-01
5.612700e+03 0.000000e+00 1.000000e+00 1.000000e-01
5.612710e+03 0.000000e+00 1.000000e+00 1.000000e-01
5.612720e+03 0.000000e+00 1.000000e+00 1.000000e-01
5.612730e+03 0.000000e+00 1.000000e+00 1.000000e-01
5.612740e+03 0.000000e+00 1.000000e+00 1.000000e-01
5.612750e+03 0.000000e+00 1.000000e+00 1.000000e-01
5.612760e+03 0.000000e+00 1.000000e+00 1.000000e-01
5.612770e+03 0.000000e+00 1.000000e+00 1.000000e-01
5.612780e+03 0.000000e+00 1.000000e+00 1.000000e-01
5.612790e+03 0.000000e+00 1.000000e+00 1.000000e-01
5.612800e+03 0.000000e+00 1.000000e+00 1.000000e-01
5.612810e+03 0.000000e+00 1.000000e+00 1.000000e-01
5.612820e+03 0.000000e+00 1.000000e+00 1.000000e-01
5.612830e+03 0.000000e+00 1.000000e+00 1.000000e-01
5.612840e+03 0.000000e+00 1.000000e+00 1.000000e-01
5.612850e+03 0.000000e+00 1.000000e+00 1.000000e-01
5.612860e+03 0.000000e+00 1.000000e+00 1.000000e-01
5.612870e+03 0.000000e+00 1.000000e+00 1.000000e-01
5.612880e+03 0.000000e+00 1.000000e+00 1.000000e-01
5.612890e+03 0.000000e+00 1.000000e+00 1.000000e-01
5.612900e+03 0.000000e+00 1.000000e+00 1.000000e-01
5.612910e+03 0.000000e+00 1.000000e+00 1.000000e-01
5.612920e+03 0.000000e+00 1.000000e+00 1.000000e-01
5.612930e+03 0.000000e+00 1.000000e+00 1.000000e-01
5.612940e+03 0.000000e+00 1.000000e+00 1.000000e-01
5.612950e+03 0.000000e+00 1.000000e+00 1.000000e-01
5.612960e+03 0.000000e+00 1.000000e+00 1.000000e-01
5.612970e+03 0.000000e+00 1.000000e+00 1.000000e-01
5.612980e+03 0.000000e+00 1.000000e+00 1.000000e-01
5.612990e+03 0.000000e+00 1.000000e+00 1.000000e-01
5.613000e+03 0.000000e+00 1.000000e+00 1.000000e-01
5.613010e+03 0.000000e+00 1.000000e+00 1.000000e-01
5.613020e+03 0.000000e+00 1.000000e+00 1.000000e-01
5.613030e+03 0.000000e+00 1.000000e+00 1.000000e-01
5.613040e+03 0.000000e+00 1.000000e+00 1.000000e-01
5.613050e+03 0.000000e+00 1.000000e+00 1.000000e-01
5.613060e+03 0.000000e+00 1.000000e+00 1.000000e-01
5.613070e+03 0.000000e+00 1.000000e+00 1.000000e-01
5.613080e+03 0.000000e+00 1.000000e+00 1.000000e-01
5.613090e+03 0.000000e+00 1.000000e+00 1.000000e-01
5.613100e+03 0.000000e+00 1.000000e+00 1.000000e-01
5.613110e+03 0.000000e+00 1.000000e+00 1.000000e-01
5.613120e+03 0.000000e+00 1.000000e+00 1.000000e-01
5.613130e+03 0.000000e+00 1.000000e+00 1.000000e-01
5.613140e+03 0.000000e+00 1.000000e+00 1.000000e-01
5.613150e+03 0.000000e+00 1.000000e+00 1.000000e-01
5.613160e+03 0.000000e+00 1.000000e+00 1.000000e-01
5.613170e+03 0.000000e+00 1.000000e+00 1.000000e-01
5.613180e+03 0.000000e+00 1.000000e+00 1.000000e-01
5.613190e+03 0.000000e+00 1.000000e+00 1.000000e-01
5.613200e+03 0.000000e+00 1.000000e+00 1.000000e-01
5.613210e+03 0.000000e+00 1.000000e+00 1.000000e-01
5.613220e+03 0.000000e+00 1.000000e+00 1.000000e-01
5.613230e+03 0.000000e+00 1.000000e+00 1.000000e-01
5.613240e+03 0.000000e+00 1.000000e+00 1.000000e-01
5.613250e+03 0.000000e+00 1.000000e+00 1.000000e-01
5.613260e+03 0.000000e+00 1.000000e+00 1.000000e-01
5.613270e+03 0.000000e+00 1.000000e+00 1.000000e-01
5.613280e+03 0.000000e+00 1.000000e+00 1.000000e-01
5.613290e+03 0.000000e+00 1.000000e+00 1.000000e-01
5.613300e+03 0.000000e+00 1.000000e+00 1.000000e-01
5.613310e+03 0.000000e+00 1.000000e+00 1.000000e-01
5.613320e+03 0.000000e+00 1.000000e+00 1.000000e-01
5.613330e+03 0.000000e+00 1.000000e+00 1.000000e-01
5.613340e+03 0.000000e+00 1.000000e+00 1.000000e-01
5.613350e+03 0.000000e+00 1.000000e+00 1.000000e-01
5.613360e+03 0.000000e+00 1.000000e+00 1.000000e-01
5.613370e+03 0.000000e+00 1.000000e+00 1.000000e-01
5.613380e+03 0.000000e+00 1.000000e+00 1.000000e-01
5.613390e+03 0.000000e+00 1.000000e+00 1.000000e-01
5.613400e+03 0.000000e+00 1.000000e+00 1.000000e-01
5.613410e+03 0.000000e+00 1.000000e+00 1.000000e-01
5.613420e+03 0.000000e+00 1.000000e+00 1.000000e-01
5.613430e+03 0.000000e+00 1.000000e+00 1.000000e-01
5.613440e+03 0.000000e+00 1.000000e+00 1.000000e-01
5.613450e+03 0.000000e+00 1.000000e+00 1.000000e-01
5.613460e+03 0.000000e+00 1.000000e+00 1.000000e-01
5.613470e+03 0.000000e+00 1.000000e+00 1.000000e-01
5.613480e+03 0.000000e+00 1.000000e+00 1.000000e-01
5.613490e+03 0.000000e+00 1.000000e+00 1.000000e-01
5.613500e+03 0.000000e+00 1.000000e+00 1.000000e-01
5.613510e+03 0.000000e+00 1.000000e+00 1.000000e-01
5.613520e+03 0.000000e+00 1.000000e+00 1.000000e-01
5.613530e+03 0.000000e+00 1.000000e+00 1.000000e-01
5.613540e+03 0.000000e+00 1.000000e+00 1.000000e-01
5.613550e+03 0.000000e+00 1.000000e+00 1.000000e-01
5.613560e+03 0.000000e+00 1.000000e+00 1.000000e-01
5.613570e+03 0.000000e+00 1.000000e+00 1.000000e-01
5.613580e+03 0.000000e+00 1.000000e+00 1.000000e-01
5.613590e+03 0.000000e+00 1.000000e+00 1.000000e-01
5.613600e+03 0.000000e+00 1.000000e+00 1.000000e-01
5.613610e+03 0.000000e+00 1.000000e+00 1.000000e-01
5.613620e+03 0.000000e+00 1.000000e+00 1.000000e-01
5.613630e+03 0.000000e+00 1.000000e+00 1.000000e-01
5.613640e+03 0.000000e+00 1.000000e+00 1.000000e-01
5.613650e+03 0.000000e+00 1.000000e+00 1.000000e-01
5.613660e+03 0.000000e+00 1.000000e+00 1.000000e-01
5.613670e+03 0.000000e+00 1.000000e+00 1.000000e-01
5.613680e+03 0.000000e+00 1.000000e+00 1.000000e-01
5.613690e+03 0.000000e+00 1.000000e+00 1.000000e-01
5.613700e+03 0.000000e+00 1.000000e+00 1.000000e-01
5.613710e+03 0.000000e+00 1.000000e+00 1.000000e-01
5.613720e+03 0.000000e+00 1.000000e+00 1.000000e-01
5.613730e+03 0.000000e+00 1.000000e+00 1.000000e-01
5.613740e+03 0.000000e+00 1.000000e+00 1.000000e-01
5.613750e+03 0.000000e+00 1.000000e+00 1.000000e-01
5.613760e+03 0.000000e+00 1.000000e+00 1.000000e-01
5.613770e+03 0.000000e+00 1.000000e+00 1.000000e-01
5.613780e+03 0.000000e+00 1.000000e+00 1.000000e-01
5.613790e+03 0.000000e+00 1.000000e+00 1.000000e-01
5.613800e+03 0.000000e+00 1.000000e+00 1.000000e-01
5.613810e+03 0.000000e+00 1.000000e+00 1.000000e-01
5.613820e+03 0.000000e+00 1.000000e+00 1.000000e-01
5.613830e+03 0.000000e+00 1.000000e+00 1.000000e-01
5.613840e+03 0.000000e+00 1.000000e+00 1.000000e-01
5.613850e+03 0.000000e+00 1.000000e+00 1.000000e-01
5.613860e+03 0.000000e+00 1.000000e+00 1.000000e-01
5.613870e+03 0.000000e+00 1.000000e+00 1.000000e-01
5.613880e+03 0.000000e+00 1.000000e+00 1.000000e-01
5.613890e+03 0.000000e+00 1.000000e+00 1.000000e-01
5.613900e+03 0.000000e+00 1.000000e+00 1.000000e-01
5.613910e+03 0.000000e+00 1.000000e+00 1.000000e-01
5.613920e+03 0.000000e+00 1.000000e+00 1.000000e-01
5.613930e+03 0.000000e+00 1.000000e+00 1.000000e-01
5.613940e+03 0.000000e+00 1.000000e+00 1.000000e-01
5.613950e+03 0.000000e+00 1.000000e+00 1.000000e-01
5.613960e+03 0.000000e+00 1.000000e+00 1.000000e-01
5.613970e+03 0.000000e+00 1.000000e+00 1.000000e-01
5.613980e+03 0.000000e+00 1.000000e+00 1.000000e-01
5.613990e+03 0.000000e+00 1.000000e+00 1.000000e-01
5.614000e+03 0.000000e+00 1.000000e+00 1.000000e-01
5.614010e+03 0.000000e+00 1.000000e+00 1.000000e-01
5.614020e+03 0.000000e+00 1.000000e+00 1.000000e-01
5.614030e+03 0.000000e+00 1.000000e+00 1.000000e-01
5.614040e+03 0.000000e+00 1.000000e+00 1.000000e-01
5.614050e+03 0.000000e+00 1.000000e+00 1.000000e-01
5.614060e+03 0.000000e+00 1.000000e+00 1.000000e-01
5.614070e+03 0.000000e+00 1.000000e+00 1.000000e-01
5.614080e+03 0.000000e+00 1.000000e+00 1.000000e-01
5.614090e+03 0.000000e+00 1.000000e+00 1.000000e-01
5.614100e+03 0.000000e+00 1.000000e+00 1.000000e-01
5.614110e+03 0.000000e+00 1.000000e+00 1.000000e-01
5.614120e+03 0.000000e+00 1.000000e+00 1.000000e-01
5.614130e+03 0.000000e+00 1.000000e+00 1.000000e-01
5.614140e+03 0.000000e+00 1.000000e+00 1.000000e-01
5.614150e+03 0.000000e+00 1.000000e+00 1.000000e-01
5.614160e+03 0.000000e+00 1.000000e+00 1.000000e-01
5.614170e+03 0.000000e+00 1.000000e+00 1.000000e-01
5.614180e+03 0.000000e+00 1.000000e+00 1.000000e-01
5.614190e+03 0.000000e+00 1.000000e+00 1.000000e-01
5.614200e+03 0.000000e+00 1.000000e+00 1.000000e-01
5.614210e+03 0.000000e+00 1.000000e+00 1.000000e-01
5.614220e+03 0.000000e+00 1.000000e+00 1.000000e-01
5.614230e+03 0.000000e+00 1.000000e+00 1.000000e-01
5.614240e+03 0.000000e+00 1.000000e+00 1.000000e-01
5.614250e+03 0.000000e+00 1.000000e+00 1.000000e-01
5.614260e+03 0.000000e+00 1.000000e+00 1.000000e-01
5.614270e+03 0.000000e+00 1.000000e+00 1.000000e-01
5.614280e+03 0.000000e+00 1.000000e+00 1.000000e-01
5.614290e+03 0.000000e+00 1.000000e+00 1.000000e-01
5.614300e+03 0.000000e+00 1.000000e+00 1.000000e-01
5.614310e+03 0.000000e+00 1.000000e+00 1.000000e-01
5.614320e+03 0.000000e+00 1.000000e+00 1.000000e-01
5.614330e+03 0.000000e+00 1.000000e+00 1.000000e-01
5.614340e+03 0.000000e+00 1.000000e+00 1.000000e-01
5.614350e+03 0.000000e+00 1.000000e+00 1.000000e-01
5.614360e+03 0.000000e+00 1.000000e+00 1.000000e-01
5.614370e+03 0.000000e+00 1.000000e+00 1.000000e-01
5.614380e+03 0.000000e+00 1.000000e+00 1.000000e-01
5.614390e+03 0.000000e+00 1.000000e+00 1.000000e-01
5.614400e+03 0.000000e+00 1.000000e+00 1.000000e-01
5.614410e+03 0.000000e+00 1.000000e+00 1.000000e-01
5.614420e+03 0.000000e+00 1.000000e+00 1.000000e-01
5.614430e+03 0.000000e+00 1.000000e+00 1.000000e-01
5.614440e+03 0.000000e+00 1.000000e+00 1.000000e-01
5.614450e+03 0.000000e+00 1.000000e+00 1.000000e-01
5.614460e+03 0.000000e+00 1.000000e+00 1.000000e-01
5.614470e+03 0.000000e+00 1.000000e+00 1.000000e-01
5.614480e+03 0.000000e+00 1.000000e+00 1.000000e-01
5.614490e+03 0.000000e+00 1.000000e+00 1.000000e-01
5.614500e+03 0.000000e+00 1.000000e+00 1.000000e-01
5.614510e+03 0.000000e+00 1.000000e+00 1.000000e-01
5.614520e+03 0.000000e+00 1.000000e+00 1.000000e-01
5.614530e+03 0.000000e+00 1.000000e+00 1.000000e-01
5.614540e+03 0.000000e+00 1.000000e+00 1.000000e-01
5.614550e+03 0.000000e+00 1.000000e+00 1.000000e-01
5.614560e+03 0.000000e+00 1.000000e+00 1.000000e-01
5.614570e+03 0.000000e+00 1.000000e+00 1.000000e-01
5.614580e+03 0.000000e+00 1.000000e+00 1.000000e-01
5.614590e+03 0.000000e+00 1.000000e+00 1.000000e-01
5.614600e+03 0.000000e+00 1.000000e+00 1.000000e-01
5.614610e+03 0.000000e+00 1.000000e+00 1.000000e-01
5.614620e+03 0.000000e+00 1.000000e+00 1.000000e-01
5.614630e+03 0.000000e+00 1.000000e+00 1.000000e-01
5.614640e+03 0.000000e+00 1.000000e+00 1.000000e-01
5.614650e+03 0.000000e+00 1.000000e+00 1.000000e-01
5.614660e+03 0.000000e+00 1.000000e+00 1.000000e-01
5.614670e+03 0.000000e+00 1.000000e+00 1.000000e-01
5.614680e+03 0.000000e+00 1.000000e+00 1.000000e-01
5.614690e+03 0.000000e+00 1.000000e+00 1.000000e-01
5.614700e+03 0.000000e+00 1.000000e+00 1.000000e-01
5.614710e+03 0.000000e+00 1.000000e+00 1.000000e-01
5.614720e+03 0.000000e+00 1.000000e+00 1.000000e-01
5.614730e+03 0.000000e+00 1.000000e+00 1.000000e-01
5.614740e+03 0.000000e+00 1.000000e+00 1.000000e-01
5.614750e+03 0.000000e+00 1.000000e+00 1.000000e-01
5.614760e+03 0.000000e+00 1.000000e+00 1.000000e-01
5.614770e+03 0.000000e+00 1.000000e+00 1.000000e-01
5.614780e+03 0.000000e+00 1.000000e+00 1.000000e-01
5.614790e+03 0.000000e+00 1.000000e+00 1.000000e-01
5.614800e+03 0.000000e+00 1.000000e+00 1.000000e-01
5.614810e+03 0.000000e+00 1.000000e+00 1.000000e-01
5.614820e+03 0.000000e+00 1.000000e+00 1.000000e-01
5.614830e+03 0.000000e+00 1.000000e+00 1.000000e-01
5.614840e+03 0.000000e+00 1.000000e+00 1.000000e-01
5.614850e+03 0.000000e+00 1.000000e+00 1.000000e-01
5.614860e+03 0.000000e+00 1.000000e+00 1.000000e-01
5.614870e+03 0.000000e+00 1.000000e+00 1.000000e-01
5.614880e+03 0.000000e+00 1.000000e+00 1.000000e-01
5.614890e+03 0.000000e+00 1.000000e+00 1.000000e-01
5.614900e+03 0.000000e+00 1.000000e+00 1.000000e-01
5.614910e+03 0.000000e+00 1.000000e+00 1.000000e-01
5.614920e+03 0.000000e+00 1.000000e+00 1.000000e-01
5.614930e+03 0.000000e+00 1.000000e+00 1.000000e-01
5.614940e+03 0.000000e+00 1.000000e+00 1.000000e-01
5.614950e+03 0.000000e+00 1.000000e+00 1.000000e-01
5.614960e+03 0.000000e+00 1.000000e+00 1.000000e-01
5.614970e+03 0.000000e+00 1.000000e+00 1.000000e-01
5.614980e+03 0.000000e+00 1.000000e+00 1.000000e-01
5.614990e+03 0.000000e+00 1.000000e+00 1.000000e-01
5.615000e+03 0.000000e+00 1.000000e+00 1.000000e-01
5.615010e+03 0.000000e+00 1.000000e+00 1.000000e-01
5.615020e+03 0.000000e+00 1.000000e+00 1.000000e-01
5.615030e+03 0.000000e+00 1.000000e+00 1.000000e-01
5.615040e+03 0.000000e+00 1.000000e+00 1.000000e-01
5.615050e+03 0.000000e+00 1.000000e+00 1.000000e-01
5.615060e+03 0.000000e+00 1.000000e+00 1.000000e-01
5.615070e+03 0.000000e+00 1.000000e+00 1.000000e-01
5.615080e+03 0.000000e+00 1.000000e+00 1.000000e-01
5.615090e+03 0.000000e+00 1.000000e+00 1.000000e-01
5.615100e+03 0.000000e+00 1.000000e+00 1.000000e-01
5.615110e+03 0.000000e+00 1.000000e+00 1.000000e-01
5.615120e+03 0.000000e+00 1.000000e+00 1.000000e-01
5.615130e+03 0.000000e+00 1.000000e+00 1.000000e-01
5.615140e+03 0.000000e+00 1.000000e+00 1.000000e-01
5.615150e+03 0.000000e+00 1.000000e+00 1.000000e-01
5.615160e+03 0.000000e+00 1.000000e+00 1.000000e-01
5.615170e+03 0.000000e+00 1.000000e+00 1.000000e-01
5.615180e+03 0.000000e+00 1.000000e+00 1.000000e-01
5.615190e+03 0.000000e+00 1.000000e+00 1.000000e-01
5.615200e+03 0.000000e+00 1.000000e+00 1.000000e-01
5.615210e+03 0.000000e+00 1.000000e+00 1.000000e-01
5.615220e+03 0.000000e+00 1.000000e+00 1.000000e-01
5.615230e+03 0.000000e+00 1.000000e+00 1.000000e-01
5.615240e+03 0.000000e+00 1.000000e+00 1.000000e-01
5.615250e+03 0.000000e+00 1.000000e+00 1.000000e-01
5.615260e+03 0.000000e+00 1.000000e+00 1.000000e-01
5.615270e+03 0.000000e+00 1.000000e+00 1.000000e-01
5.615280e+03 0.000000e+00 1.000000e+00 1.000000e-01
5.615290e+03 0.000000e+00 1.000000e+00 1.000000e-01
5.615300e+03 0.000000e+00 1.000000e+00 1.000000e-01
5.615310e+03 0.000000e+00 1.000000e+00 1.000000e-01
5.615320e+03 0.000000e+00 1.000000e+00 1.000000e-01
5.615330e+03 0.000000e+00 1.000000e+00 1.000000e-01
5.615340e+03 0.000000e+00 1.000000e+00 1.000000e-01
5.615350e+03 0.000000e+00 1.000000e+00 1.000000e-01
5.615360e+03 0.000000e+00 1.000000e+00 1.000000e-01
5.615370e+03 0.000000e+00 1.000000e+00 1.000000e-01
5.615380e+03 0.000000e+00 1.000000e+00 1.000000e-01
5.615390e+03 0.000000e+00 1.000000e+00 1.000000e-01
5.615400e+03 0.000000e+00 1.000000e+00 1.000000e-01
5.615410e+03 0.000000e+00 1.000000e+00 1.000000e-01
5.615420e+03 0.000000e+00 1.000000e+00 1.000000e-01
5.615430e+03 0.000000e+00 1.000000e+00 1.000000e-01
5.615440e+03 0.000000e+00 1.000000e+00 1.000000e-01
5.615450e+03 0.000000e+00 1.000000e+00 1.000000e-01
5.615460e+03 0.000000e+00 1.000000e+00 1.000000e-01
5.615470e+03 0.000000e+00 1.000000e+00 1.000000e-01
5.615480e+03 0.000000e+00 1.000000e+00 1.000000e-01
5.615490e+03 0.000000e+00 1.000000e+00 1.000000e-01
5.615500e+03 0.000000e+00 1.000000e+00 1.000000e-01
5.615510e+03 0.000000e+00 1.000000e+00 1.000000e-01
5.615520e+03 0.000000e+00 1.000000e+00 1.000000e-01
5.615530e+03 0.000000e+00 1.000000e+00 1.000000e-01
5.615540e+03 0.000000e+00 1.000000e+00 1.000000e-01
5.615550e+03 0.000000e+00 1.000000e+00 1.000000e-01
5.615560e+03 0.000000e+00 1.000000e+00 1.000000e-01
5.615570e+03 0.000000e+00 1.000000e+00 1.000000e-01
5.615580e+03 0.000000e+00 1.000000e+00 1.000000e-01
5.615590e+03 0.000000e+00 1.000000e+00 1.000000e-01
5.615600e+03 0.000000e+00 1.000000e+00 1.000000e-01
5.615610e+03 0.000000e+00 1.000000e+00 1.000000e-01
5.615620e+03 0.000000e+00 1.000000e+00 1.000000e-01
5.615630e+03 0.000000e+00 1.000000e+00 1.000000e-01
5.615640e+03 0.000000e+00 1.000000e+00 1.000000e-01
5.615650e+03 0.000000e+00 1.000000e+00 1.000000e-01
5.615660e+03 0.000000e+00 1.000000e+00 1.000000e-01
5.615670e+03 0.000000e+00 1.000000e+00 1.000000e-01
5.615680e+03 0.000000e+00 1.000000e+00 1.000000e-01
5.615690e+03 0.000000e+00 1.000000e+00 1.000000e-01
5.615700e+03 0.000000e+00 1.000000e+00 1.000000e-01
5.615710e+03 0.000000e+00 1.000000e+00 1.000000e-01
5.615720e+03 0.000000e+00 1.000000e+00 1.000000e-01
5.615730e+03 0.000000e+00 1.000000e+00 1.000000e-01
5.615740e+03 0.000000e+00 1.000000e+00 1.000000e-01
5.615750e+03 0.000000e+00 1.000000e+00 1.000000e-01
5.615760e+03 0.000000e+00 1.000000e+00 1.000000e-01
5.615770e+03 0.000000e+00 1.000000e+00 1.000000e-01
5.615780e+03 0.000000e+00 1.000000e+00 1.000000e-01
5.615790e+03 0.000000e+00 1.000000e+00 1.000000e-01
5.615800e+03 0.000000e+00 1.000000e+00 1.000000e-01
5.615810e+03 0.000000e+00 1.000000e+00 1.000000e-01
5.615820e+03 0.000000e+00 1.000000e+00 1.000000e-01
5.615830e+03 0.000000e+00 1.000000e+00 1.000000e-01
5.615840e+03 0.000000e+00 1.000000e+00 1.000000e-01
5.615850e+03 0.000000e+00 1.000000e+00 1.000000e-01
5.615860e+03 0.000000e+00 1.000000e+00 1.000000e-01
5.615870e+03 0.000000e+00 1.000000e+00 1.000000e-01
5.615880e+03 0.000000e+00 1.000000e+00 1.000000e-01
5.615890e+03 0.000000e+00 1.000000e+00 1.000000e-01
5.615900e+03 0.000000e+00 1.000000e+00 1.000000e-01
5.615910e+03 0.000000e+00 1.000000e+00 1.000000e-01
5.615920e+03 0.000000e+00 1.000000e+00 1.000000e-01
5.615930e+03 0.000000e+00 1.000000e+00 1.000000e-01
5.615940e+03 0.000000e+00 1.000000e+00 1.000000e-01
5.615950e+03 0.000000e+00 1.000000e+00 1.000000e-01
5.615960e+03 0.000000e+00 1.000000e+00 1.000000e-01
5.615970e+03 0.000000e+00 1.000000e+00 1.000000e-01
5.615980e+03 0.000000e+00 1.000000e+00 1.000000e-01
5.615990e+03 0.000000e+00 1.000000e+00 1.000000e-01
5.616000e+03 0.000000e+00 1.000000e+00 1.000000e-01
5.616010e+03 0.000000e+00 1.000000e+00 1.000000e-01
5.616020e+03 0.000000e+00 1.000000e+00 1.000000e-01
5.616030e+03 0.000000e+00 1.000000e+00 1.000000e-01
5.616040e+03 0.000000e+00 1.000000e+00 1.000000e-01
5.616050e+03 0.000000e+00 1.000000e+00 1.000000e-01
5.616060e+03 0.000000e+00 1.000000e+00 1.000000e-01
5.616070e+03 0.000000e+00 1.000000e+00 1.000000e-01
5.616080e+03 0.000000e+00 1.000000e+00 1.000000e-01
5.616090e+03 0.000000e+00 1.000000e+00 1.000000e-01
5.616100e+03 0.000000e+00 1.000000e+00 1.000000e-01
5.616110e+03 0.000000e+00 1.000000e+00 1.000000e-01
5.616120e+03 0.000000e+00 1.000000e+00 1.000000e-01
5.616130e+03 0.000000e+00 1.000000e+00 1.000000e-01
5.616140e+03 0.000000e+00 1.000000e+00 1.000000e-01
5.616150e+03 0.000000e+00 1.000000e+00 1.000000e-01
5.616160e+03 0.000000e+00 1.000000e+00 1.000000e-01
5.616170e+03 0.000000e+00 1.000000e+00 1.000000e-01
5.616180e+03 0.000000e+00 1.000000e+00 1.000000e-01
5.616190e+03 0.000000e+00 1.000000e+00 1.000000e-01
5.616200e+03 0.000000e+00 1.000000e+00 1.000000e-01
5.616210e+03 0.000000e+00 1.000000e+00 1.000000e-01
5.616220e+03 0.000000e+00 1.000000e+00 1.000000e-01
5.616230e+03 0.000000e+00 1.000000e+00 1.000000e-01
5.616240e+03 0.000000e+00 1.000000e+00 1.000000e-01
5.616250e+03 0.000000e+00 1.000000e+00 1.000000e-01
5.616260e+03 0.000000e+00 1.000000e+00 1.000000e-01
5.616270e+03 0.000000e+00 1.000000e+00 1.000000e-01
5.616280e+03 0.000000e+00 1.000000e+00 1.000000e-01
5.616290e+03 0.000000e+00 1.000000e+00 1.000000e-01
5.616300e+03 0.000000e+00 1.000000e+00 1.000000e-01
5.616310e+03 0.000000e+00 1.000000e+00 1.000000e-01
5.616320e+03 0.000000e+00 1.000000e+00 1.000000e-01
5.616330e+03 0.000000e+00 1.000000e+00 1.000000e-01
5.616340e+03 0.000000e+00 1.000000e+00 1.000000e-01
5.616350e+03 0.000000e+00 1.000000e+00 1.000000e-01
5.616360e+03 0.000000e+00 1.000000e+00 1.000000e-01
5.616370e+03 0.000000e+00 1.000000e+00 1.000000e-01
5.616380e+03 0.000000e+00 1.000000e+00 1.000000e-01
5.616390e+03 0.000000e+00 1.000000e+00 1.000000e-01
5.616400e+03 0.000000e+00 1.000000e+00 1.000000e-01
5.616410e+03 0.000000e+00 1.000000e+00 1.000000e-01
5.616420e+03 0.000000e+00 1.000000e+00 1.000000e-01
5.616430e+03 0.000000e+00 1.000000e+00 1.000000e-01
5.616440e+03 0.000000e+00 1.000000e+00 1.000000e-01
5.616450e+03 0.000000e+00 1.000000e+00 1.000000e-01
5.616460e+03 0.000000e+00 1.000000e+00 1.000000e-01
5.616470e+03 0.000000e+00 1.000000e+00 1.000000e-01
5.616480e+03 0.000000e+00 1.000000e+00 1.000000e-01
5.616490e+03 0.000000e+00 1.000000e+00 1.000000e-01
5.616500e+03 0.000000e+00 1.000000e+00 1.000000e-01
5.616510e+03 0.000000e+00 1.000000e+00 1.000000e-01
5.616520e+03 0.000000e+00 1.000000e+00 1.000000e-01
5.616530e+03 0.000000e+00 1.000000e+00 1.000000e-01
5.616540e+03 0.000000e+00 1.000000e+00 1.000000e-01
5.616550e+03 0.000000e+00 1.000000e+00 1.000000e-01
5.616560e+03 0.000000e+00 1.000000e+00 1.000000e-01
5.616570e+03 0.000000e+00 1.000000e+00 1.000000e-01
5.616580e+03 0.000000e+00 1.000000e+00 1.000000e-01
5.616590e+03 0.000000e+00 1.000000e+00 1.000000e-01
5.616600e+03 0.000000e+00 1.000000e+00 1.000000e-01
5.616610e+03 0.000000e+00 1.000000e+00 1.000000e-01
5.616620e+03 0.000000e+00 1.000000e+00 1.000000e-01
5.616630e+03 0.000000e+00 1.000000e+00 1.000000e-01
5.616640e+03 0.000000e+00 1.000000e+00 1.000000e-01
5.616650e+03 0.000000e+00 1.000000e+00 1.000000e-01
5.616660e+03 0.000000e+00 1.000000e+00 1.000000e-01
5.616670e+03 0.000000e+00 1.000000e+00 1.000000e-01
5.616680e+03 0.000000e+00 1.000000e+00 1.000000e-01
5.616690e+03 0.000000e+00 1.000000e+00 1.000000e-01
5.616700e+03 0.000000e+00 1.000000e+00 1.000000e-01
5.616710e+03 0.000000e+00 1.000000e+00 1.000000e-01
5.616720e+03 0.000000e+00 1.000000e+00 1.000000e-01
5.616730e+03 0.000000e+00 1.000000e+00 1.000000e-01
5.616740e+03 0.000000e+00 1.000000e+00 1.000000e-01
5.616750e+03 0.000000e+00 1.000000e+00 1.000000e-01
5.616760e+03 0.000000e+00 1.000000e+00 1.000000e-01
5.616770e+03 0.000000e+00 1.000000e+00 1.000000e-01
5.616780e+03 0.000000e+00 1.000000e+00 1.000000e-01
5.616790e+03 0.000000e+00 1.000000e+00 1.000000e-01
5.616800e+03 0.000000e+00 1.000000e+00 1.000000e-01
5.616810e+03 0.000000e+00 1.000000e+00 1.000000e-01
5.616820e+03 0.000000e+00 1.000000e+00 1.000000e-01
5.616830e+03 0.000000e+00 1.000000e+00 1.000000e-01
5.616840e+03 0.000000e+00 1.000000e+00 1.000000e-01
5.616850e+03 0.000000e+00 1.000000e+00 1.000000e-01
5.616860e+03 0.000000e+00 1.000000e+00 1.000000e-01
5.616870e+03 0.000000e+00 1.000000e+00 1.000000e-01
5.616880e+03 0.000000e+00 1.000000e+00 1.000000e-01
5.616890e+03 0.000000e+00 1.000000e+00 1.000000e-01
5.616900e+03 0.000000e+00 1.000000e+00 1.000000e-01
5.616910e+03 0.000000e+00 1.000000e+00 1.000000e-01
5.616920e+03 0.000000e+00 1.000000e+00 1.000000e-01
5.616930e+03 0.000000e+00 1.000000e+00 1.000000e-01
5.616940e+03 0.000000e+00 1.000000e+00 1.000000e-01
5.616950e+03 0.000000e+00 1.000000e+00 1.000000e-01
5.616960e+03 0.000000e+00 1.000000e+00 1.000000e-01
5.616970e+03 0.000000e+00 1.000000e+00 1.000000e-01
5.616980e+03 0.000000e+00 1.000000e+00 1.000000e-01
5.616990e+03 0.000000e+00 1.000000e+00 1.000000e-01
5.617000e+03 0.000000e+00 1.000000e+00 1.000000e-01
